
=== 002180-2026-04-15-纳思达-2025年年度报告.pdf ===
【模块一】
[
  {
    "JZRQ": "2025-12-31",
    "JBMGSY": "-0.5096",
    "XSMGSY": "-0.5096",
    "JLRJZCSYLJQ": "-7.68",
    "JLR": "-718214555.46",
    "JLRTBZZ": "-195.86",
    "KCFJYXSYHDJLR": "-580352778.99",
    "KCFJYXSYHDJLRTBZZ": "-164.47",
    "JYXJLLJE": "1197775402.98",
    "YYSR": "16514960934.81",
    "YYSRTBZZ": "-37.48",
    "YYSRKCJE": "268884302.02",
    "KCHYYSR": "16246076632.79",
    "ZCZE": "17067641161.18",
    "GDQY": "9049149944.65",
    "FJCXSY": "-137861776.47"
  },
  {
    "JZRQ": "2024-12-31",
    "JBMGSY": "0.5342",
    "XSMGSY": "0.5318",
    "JLRJZCSYLJQ": "7.67",
    "JLR": "749196224.77",
    "JLRTBZZ": "",
    "KCFJYXSYHDJLR": "352859887.76",
    "KCFJYXSYHDJLRTBZZ": "",
    "JYXJLLJE": "2733251471.23",
    "YYSR": "26414800571.28",
    "YYSRTBZZ": "",
    "YYSRKCJE": "463161848.88",
    "KCHYYSR": "25951638722.40",
    "ZCZE": "37350137925.42",
    "GDQY": "10034636740.49",
    "FJCXSY": "396336337.01"
  },
  {
    "JZRQ": "2023-12-31",
    "JBMGSY": "-4.3950",
    "XSMGSY": "-4.3950",
    "JLRJZCSYLJQ": "-48.99",
    "JLR": "-6185109897.95",
    "JLRTBZZ": "",
    "KCFJYXSYHDJLR": "-6297276391.31",
    "KCFJYXSYHDJLRTBZZ": "",
    "JYXJLLJE": "2868553317.52",
    "YYSR": "24062010361.56",
    "YYSRTBZZ": "",
    "YYSRKCJE": "",
    "KCHYYSR": "",
    "ZCZE": "38273224134.63",
    "GDQY": "9487570567.53",
    "FJCXSY": "112166493.36"
  }
]

【模块二】
[
  {
    "JZRQ": "2025-12-31",
    "JBMGSY": "-0.5096",
    "XSMGSY": "-0.5096",
    "JBMGSYKC": "-0.4118",
    "XSMGSYKC": "-0.4118",
    "PTGJZCSYLJQ": "-7.68",
    "KCPTGJZCSYLJQ": "-6.20"
  }
]

=== 000533-2026-04-16-顺钠股份-2025年年度报告.pdf ===
【模块一】
[
  {
    "JZRQ": "2025-12-31",
    "JBMGSY": "0.1476",
    "XSMGSY": "0.1476",
    "JBMGSYKC": "",
    "XSMGSYKC": "",
    "JLRJZCSYLJQ": "11.10",
    "KCHJLRJZCSYLJQ": "",
    "PTGJZCSYLJQ": "",
    "KCPTGJZCSYLJQ": "",
    "YYZSR": "",
    "YYZSRTBZZ": "",
    "YYSR": "2239041047.27",
    "YYSRTBZZ": "-7.46",
    "YYSRKCJE": "",
    "KCHYYSR": "",
    "KCHYYSRTBZZ": "",
    "JLRHJ": "",
    "JLRHJTBZZ": "",
    "JLR": "101949448.12",
    "JLRTBZZ": "8.40",
    "FJCXSY": "7566202.96",
    "KCFJYXSYHDJLR": "94383245.16",
    "KCFJYXSYHDJLRTBZZ": "4.01",
    "PTGJLR": "",
    "PTGJLRTBZZ": "",
    "KCFJCXSYHPTGJLR": "",
    "KCFJCXSYHPTGJLRTBZZ": "",
    "JYXJLLJE": "349617284.60",
    "MGJYXJLLJE": "",
    "ZCZE": "2942752206.80",
    "GDQY": "968840275.99",
    "MGJZCPL": "",
    "PTGMGJZC": "",
    "GJKJZEJLR": "",
    "GJKJZZJZC": ""
  },
  {
    "JZRQ": "2024-12-31",
    "JBMGSY": "0.1361",
    "XSMGSY": "0.1361",
    "JBMGSYKC": "",
    "XSMGSYKC": "",
    "JLRJZCSYLJQ": "11.43",
    "KCHJLRJZCSYLJQ": "",
    "PTGJZCSYLJQ": "",
    "KCPTGJZCSYLJQ": "",
    "YYZSR": "",
    "YYZSRTBZZ": "",
    "YYSR": "2419568784.32",
    "YYSRTBZZ": "",
    "YYSRKCJE": "",
    "KCHYYSR": "",
    "KCHYYSRTBZZ": "",
    "JLRHJ": "",
    "JLRHJTBZZ": "",
    "JLR": "94052453.42",
    "JLRTBZZ": "",
    "FJCXSY": "3305192.36",
    "KCFJYXSYHDJLR": "90747261.06",
    "KCFJYXSYHDJLRTBZZ": "",
    "PTGJLR": "",
    "PTGJLRTBZZ": "",
    "KCFJCXSYHPTGJLR": "",
    "KCFJCXSYHPTGJLRTBZZ": "",
    "JYXJLLJE": "142228208.83",
    "MGJYXJLLJE": "",
    "ZCZE": "2972985220.64",
    "GDQY": "868404314.28",
    "MGJZCPL": "",
    "PTGMGJZC": "",
    "GJKJZEJLR": "",
    "GJKJZZJZC": ""
  },
  {
    "JZRQ": "2023-12-31",
    "JBMGSY": "0.0932",
    "XSMGSY": "0.0932",
    "JBMGSYKC": "",
    "XSMGSYKC": "",
    "JLRJZCSYLJQ": "8.64",
    "KCHJLRJZCSYLJQ": "",
    "PTGJZCSYLJQ": "",
    "KCPTGJZCSYLJQ": "",
    "YYZSR": "",
    "YYZSRTBZZ": "",
    "YYSR": "2066922966.26",
    "YYSRTBZZ": "",
    "YYSRKCJE": "",
    "KCHYYSR": "",
    "KCHYYSRTBZZ": "",
    "JLRHJ": "",
    "JLRHJTBZZ": "",
    "JLR": "64374051.97",
    "JLRTBZZ": "",
    "FJCXSY": "-7739522.16",
    "KCFJYXSYHDJLR": "72113574.13",
    "KCFJYXSYHDJLRTBZZ": "",
    "PTGJLR": "",
    "PTGJLRTBZZ": "",
    "KCFJCXSYHPTGJLR": "",
    "KCFJCXSYHPTGJLRTBZZ": "",
    "JYXJLLJE": "198011931.91",
    "MGJYXJLLJE": "",
    "ZCZE": "2659756143.67",
    "GDQY": "775389325.18",
    "MGJZCPL": "",
    "PTGMGJZC": "",
    "GJKJZEJLR": "",
    "GJKJZZJZC": ""
  }
]

【模块二】
[
  {
    "JZRQ": "2025-12-31",
    "JBMGSY": "0.1476",
    "XSMGSY": "0.1476",
    "JBMGSYKC": "0.1366",
    "XSMGSYKC": "0.1366",
    "PTGJZCSYLJQ": "11.10",
    "KCPTGJZCSYLJQ": "10.27"
  }
]

=== 002344-2026-04-16-海宁皮城-2025年年度报告.pdf ===
【模块一】
[
  {
    "JZRQ": "2025-12-31",
    "JBMGSY": "0.06",
    "XSMGSY": "0.06",
    "JBMGSYKC": "",
    "XSMGSYKC": "",
    "JLRJZCSYLJQ": "0.84",
    "KCHJLRJZCSYLJQ": "",
    "PTGJZCSYLJQ": "",
    "KCPTGJZCSYLJQ": "",
    "YYZSR": "",
    "YYZSRTBZZ": "",
    "YYSR": "1020704904.13",
    "YYSRTBZZ": "-1.61",
    "YYSRKCJE": "",
    "KCHYYSR": "",
    "KCHYYSRTBZZ": "",
    "JLRHJ": "",
    "JLRHJTBZZ": "",
    "JLR": "70608731.75",
    "JLRTBZZ": "-20.52",
    "FJCXSY": "23108632.36",
    "KCFJYXSYHDJLR": "47500099.39",
    "KCFJYXSYHDJLRTBZZ": "-14.50",
    "PTGJLR": "",
    "PTGJLRTBZZ": "",
    "KCFJCXSYHPTGJLR": "",
    "KCFJCXSYHPTGJLRTBZZ": "",
    "JYXJLLJE": "30311666.42",
    "MGJYXJLLJE": "",
    "ZCZE": "13182947069.89",
    "GDQY": "8410587768.63",
    "MGJZCPL": "",
    "PTGMGJZC": "",
    "GJKJZEJLR": "",
    "GJKJZZJZC": ""
  },
  {
    "JZRQ": "2024-12-31",
    "JBMGSY": "0.07",
    "XSMGSY": "0.07",
    "JBMGSYKC": "",
    "XSMGSYKC": "",
    "JLRJZCSYLJQ": "1.06",
    "KCHJLRJZCSYLJQ": "",
    "PTGJZCSYLJQ": "",
    "KCPTGJZCSYLJQ": "",
    "YYZSR": "",
    "YYZSRTBZZ": "",
    "YYSR": "1037357525.14",
    "YYSRTBZZ": "",
    "YYSRKCJE": "",
    "KCHYYSR": "",
    "KCHYYSRTBZZ": "",
    "JLRHJ": "",
    "JLRHJTBZZ": "",
    "JLR": "88840021.31",
    "JLRTBZZ": "",
    "FJCXSY": "33284151.70",
    "KCFJYXSYHDJLR": "55555869.61",
    "KCFJYXSYHDJLRTBZZ": "",
    "PTGJLR": "",
    "PTGJLRTBZZ": "",
    "KCFJCXSYHPTGJLR": "",
    "KCFJCXSYHPTGJLRTBZZ": "",
    "JYXJLLJE": "394242622.62",
    "MGJYXJLLJE": "",
    "ZCZE": "13280806368.13",
    "GDQY": "8438077424.12",
    "MGJZCPL": "",
    "PTGMGJZC": "",
    "GJKJZEJLR": "",
    "GJKJZZJZC": ""
  },
  {
    "JZRQ": "2023-12-31",
    "JBMGSY": "0.14",
    "XSMGSY": "0.14",
    "JBMGSYKC": "",
    "XSMGSYKC": "",
    "JLRJZCSYLJQ": "2.14",
    "KCHJLRJZCSYLJQ": "",
    "PTGJZCSYLJQ": "",
    "KCPTGJZCSYLJQ": "",
    "YYZSR": "",
    "YYZSRTBZZ": "",
    "YYSR": "1220149858.02",
    "YYSRTBZZ": "",
    "YYSRKCJE": "",
    "KCHYYSR": "",
    "KCHYYSRTBZZ": "",
    "JLRHJ": "",
    "JLRHJTBZZ": "",
    "JLR": "177496216.55",
    "JLRTBZZ": "",
    "FJCXSY": "53194031.48",
    "KCFJYXSYHDJLR": "124302185.07",
    "KCFJYXSYHDJLRTBZZ": "",
    "PTGJLR": "",
    "PTGJLRTBZZ": "",
    "KCFJCXSYHPTGJLR": "",
    "KCFJCXSYHPTGJLRTBZZ": "",
    "JYXJLLJE": "32998406.86",
    "MGJYXJLLJE": "",
    "ZCZE": "12964217215.48",
    "GDQY": "8370362073.57",
    "MGJZCPL": "",
    "PTGMGJZC": "",
    "GJKJZEJLR": "",
    "GJKJZZJZC": ""
  }
]

【模块二】
[
  {
    "JZRQ": "2025-12-31",
    "JBMGSY": "0.06",
    "XSMGSY": "0.06",
    "JBMGSYKC": "0.04",
    "XSMGSYKC": "0.04",
    "PTGJZCSYLJQ": "0.84",
    "KCPTGJZCSYLJQ": "0.56"
  }
]

=== 002001-2026-04-16-新和成-2025年年度报告.pdf ===
【模块一】
[
  {
    "JZRQ": "2025-12-31",
    "JBMGSY": "2.21",
    "XSMGSY": "2.21",
    "JBMGSYKC": "",
    "XSMGSYKC": "",
    "JLRJZCSYLJQ": "21.87",
    "KCHJLRJZCSYLJQ": "",
    "PTGJZCSYLJQ": "",
    "KCPTGJZCSYLJQ": "",
    "YYZSR": "",
    "YYZSRTBZZ": "",
    "YYSR": "22251361880.58",
    "YYSRTBZZ": "2.97",
    "YYSRKCJE": "",
    "KCHYYSR": "6737938475.03",
    "KCHYYSRTBZZ": "",
    "JLRHJ": "",
    "JLRHJTBZZ": "",
    "JLR": "6764199225.29",
    "JLRTBZZ": "15.26",
    "FJCXSY": "26260750.26",
    "KCFJYXSYHDJLR": "6737938475.03",
    "KCFJYXSYHDJLRTBZZ": "15.59",
    "PTGJLR": "",
    "PTGJLRTBZZ": "",
    "KCFJCXSYHPTGJLR": "",
    "KCFJCXSYHPTGJLRTBZZ": "",
    "JYXJLLJE": "8797431340.92",
    "MGJYXJLLJE": "",
    "ZCZE": "45606449805.48",
    "GDQY": "32805654181.90",
    "MGJZCPL": "",
    "PTGMGJZC": "",
    "GJKJZEJLR": "",
    "GJKJZZJZC": ""
  },
  {
    "JZRQ": "2024-12-31",
    "JBMGSY": "1.91",
    "XSMGSY": "1.91",
    "JBMGSYKC": "",
    "XSMGSYKC": "",
    "JLRJZCSYLJQ": "21.78",
    "KCHJLRJZCSYLJQ": "",
    "PTGJZCSYLJQ": "",
    "KCPTGJZCSYLJQ": "",
    "YYZSR": "",
    "YYZSRTBZZ": "",
    "YYSR": "21609592228.45",
    "YYSRTBZZ": "",
    "YYSRKCJE": "",
    "KCHYYSR": "5828938494.33",
    "KCHYYSRTBZZ": "",
    "JLRHJ": "",
    "JLRHJTBZZ": "",
    "JLR": "5868545988.62",
    "JLRTBZZ": "",
    "FJCXSY": "39607494.29",
    "KCFJYXSYHDJLR": "5828938494.33",
    "KCFJYXSYHDJLRTBZZ": "",
    "PTGJLR": "",
    "PTGJLRTBZZ": "",
    "KCFJCXSYHPTGJLR": "",
    "KCFJCXSYHPTGJLRTBZZ": "",
    "JYXJLLJE": "7073064183.33",
    "MGJYXJLLJE": "",
    "ZCZE": "42989132470.97",
    "GDQY": "29324997728.95",
    "MGJZCPL": "",
    "PTGMGJZC": "",
    "GJKJZEJLR": "",
    "GJKJZZJZC": ""
  },
  {
    "JZRQ": "2023-12-31",
    "JBMGSY": "0.87",
    "XSMGSY": "0.87",
    "JBMGSYKC": "",
    "XSMGSYKC": "",
    "JLRJZCSYLJQ": "11.24",
    "KCHJLRJZCSYLJQ": "",
    "PTGJZCSYLJQ": "",
    "KCPTGJZCSYLJQ": "",
    "YYZSR": "",
    "YYZSRTBZZ": "",
    "YYSR": "15116537003.30",
    "YYSRTBZZ": "",
    "YYSRKCJE": "",
    "KCHYYSR": "2614210640.58",
    "KCHYYSRTBZZ": "",
    "JLRHJ": "",
    "JLRHJTBZZ": "",
    "JLR": "2704238767.54",
    "JLRTBZZ": "",
    "FJCXSY": "90028126.96",
    "KCFJYXSYHDJLR": "2614210640.58",
    "KCFJYXSYHDJLRTBZZ": "",
    "PTGJLR": "",
    "PTGJLRTBZZ": "",
    "KCFJCXSYHPTGJLR": "",
    "KCFJCXSYHPTGJLRTBZZ": "",
    "JYXJLLJE": "5119370863.32",
    "MGJYXJLLJE": "",
    "ZCZE": "39156246864.67",
    "GDQY": "24804662320.99",
    "MGJZCPL": "",
    "PTGMGJZC": "",
    "GJKJZEJLR": "",
    "GJKJZZJZC": ""
  }
]

【模块二】
[
  {
    "JZRQ": "2025-12-31",
    "JBMGSY": "2.21",
    "XSMGSY": "2.21",
    "JBMGSYKC": "2.20",
    "XSMGSYKC": "2.20",
    "PTGJZCSYLJQ": "21.87",
    "KCPTGJZCSYLJQ": "21.79"
  }
]

=== 002896-2026-04-16-中大力德-2025年年度报告.pdf ===
【模块一】
[
  {
    "JZRQ": "2025-12-31",
    "JBMGSY": "0.32",
    "XSMGSY": "0.32",
    "JLRJZCSYLJQ": "5.29",
    "JLR": "62705997.34",
    "JLRTBZZ": "-13.57",
    "FJCXSY": "16230352.37",
    "KCFJYXSYHDJLR": "46475644.97",
    "KCFJYXSYHDJLRTBZZ": "-20.27",
    "JYXJLLJE": "30722942.52",
    "ZCZE": "1853118582.24",
    "GDQY": "1201800983.24",
    "YYSR": "1040892337.85",
    "YYSRTBZZ": "6.61"
  },
  {
    "JZRQ": "2024-12-31",
    "JBMGSY": "0.37",
    "XSMGSY": "0.37",
    "JLRJZCSYLJQ": "6.35",
    "JLR": "72550353.38",
    "JLRTBZZ": "",
    "FJCXSY": "14258625.48",
    "KCFJYXSYHDJLR": "58291727.90",
    "KCFJYXSYHDJLRTBZZ": "",
    "JYXJLLJE": "208959218.87",
    "ZCZE": "1638539883.13",
    "GDQY": "1174199831.48",
    "YYSR": "976342989.09",
    "YYSRTBZZ": ""
  },
  {
    "JZRQ": "2023-12-31",
    "JBMGSY": "0.37",
    "XSMGSY": "0.37",
    "JLRJZCSYLJQ": "6.77",
    "JLR": "73147951.97",
    "JLRTBZZ": "",
    "FJCXSY": "16697885.45",
    "KCFJYXSYHDJLR": "56450066.52",
    "KCFJYXSYHDJLRTBZZ": "",
    "JYXJLLJE": "176909793.93",
    "ZCZE": "1621249851.61",
    "GDQY": "1112402744.18",
    "YYSR": "1085984622.01",
    "YYSRTBZZ": ""
  }
]

【模块二】
[
  {
    "JZRQ": "2025-12-31",
    "JBMGSY": "0.32",
    "XSMGSY": "0.32",
    "JBMGSYKC": "0.24",
    "XSMGSYKC": "0.24",
    "PTGJZCSYLJQ": "5.29",
    "KCPTGJZCSYLJQ": "3.92"
  }
]

=== 002407-2026-04-16-多氟多-2025年年度报告.pdf ===
【模块一】
[
  {
    "JZRQ": "2025-12-31",
    "JBMGSY": "0.18",
    "XSMGSY": "0.18",
    "JBMGSYKC": "",
    "XSMGSYKC": "",
    "JLRJZCSYLJQ": "2.53",
    "KCHJLRJZCSYLJQ": "",
    "PTGJZCSYLJQ": "",
    "KCPTGJZCSYLJQ": "",
    "YYZSR": "",
    "YYZSRTBZZ": "",
    "YYSR": "9434247610.47",
    "YYSRTBZZ": "14.37",
    "YYSRKCJE": "",
    "KCHYYSR": "",
    "KCHYYSRTBZZ": "",
    "JLRHJ": "",
    "JLRHJTBZZ": "",
    "JLR": "212784849.40",
    "JLRTBZZ": "168.97",
    "FJCXSY": "114053953.96",
    "KCFJYXSYHDJLR": "98730895.44",
    "KCFJYXSYHDJLRTBZZ": "124.45",
    "PTGJLR": "",
    "PTGJLRTBZZ": "",
    "KCFJCXSYHPTGJLR": "",
    "KCFJCXSYHPTGJLRTBZZ": "",
    "JYXJLLJE": "199089470.35",
    "MGJYXJLLJE": "",
    "ZCZE": "24915031356.85",
    "GDQY": "8397199298.83",
    "MGJZCPL": "",
    "PTGMGJZC": "",
    "GJKJZEJLR": "",
    "GJKJZZJZC": ""
  },
  {
    "JZRQ": "2024-12-31",
    "JBMGSY": "-0.26",
    "XSMGSY": "-0.26",
    "JBMGSYKC": "",
    "XSMGSYKC": "",
    "JLRJZCSYLJQ": "-3.46",
    "KCHJLRJZCSYLJQ": "",
    "PTGJZCSYLJQ": "",
    "KCPTGJZCSYLJQ": "",
    "YYZSR": "",
    "YYZSRTBZZ": "",
    "YYSR": "8249239821.75",
    "YYSRTBZZ": "",
    "YYSRKCJE": "",
    "KCHYYSR": "",
    "KCHYYSRTBZZ": "",
    "JLRHJ": "",
    "JLRHJTBZZ": "",
    "JLR": "-308498770.03",
    "JLRTBZZ": "",
    "FJCXSY": "95262591.77",
    "KCFJYXSYHDJLR": "-403761361.80",
    "KCFJYXSYHDJLRTBZZ": "",
    "PTGJLR": "",
    "PTGJLRTBZZ": "",
    "KCFJCXSYHPTGJLR": "",
    "KCFJCXSYHPTGJLRTBZZ": "",
    "JYXJLLJE": "-313283511.10",
    "MGJYXJLLJE": "",
    "ZCZE": "23446342865.76",
    "GDQY": "8549004773.19",
    "MGJZCPL": "",
    "PTGMGJZC": "",
    "GJKJZEJLR": "",
    "GJKJZZJZC": ""
  },
  {
    "JZRQ": "2023-12-31",
    "JBMGSY": "0.4600",
    "XSMGSY": "0.4600",
    "JBMGSYKC": "",
    "XSMGSYKC": "",
    "JLRJZCSYLJQ": "6.79",
    "KCHJLRJZCSYLJQ": "",
    "PTGJZCSYLJQ": "",
    "KCPTGJZCSYLJQ": "",
    "YYZSR": "",
    "YYZSRTBZZ": "",
    "YYSR": "11991656540.48",
    "YYSRTBZZ": "",
    "YYSRKCJE": "",
    "KCHYYSR": "",
    "KCHYYSRTBZZ": "",
    "JLRHJ": "",
    "JLRHJTBZZ": "",
    "JLR": "511635456.30",
    "JLRTBZZ": "",
    "FJCXSY": "40584441.45",
    "KCFJYXSYHDJLR": "471051014.85",
    "KCFJYXSYHDJLRTBZZ": "",
    "PTGJLR": "",
    "PTGJLRTBZZ": "",
    "KCFJCXSYHPTGJLR": "",
    "KCFJCXSYHPTGJLRTBZZ": "",
    "JYXJLLJE": "316881791.06",
    "MGJYXJLLJE": "",
    "ZCZE": "22910003808.35",
    "GDQY": "9376780437.08",
    "MGJZCPL": "",
    "PTGMGJZC": "",
    "GJKJZEJLR": "",
    "GJKJZZJZC": ""
  }
]

【模块二】
[
  {
    "JZRQ": "2025-12-31",
    "JBMGSY": "0.18",
    "XSMGSY": "0.18",
    "JBMGSYKC": "0.08",
    "XSMGSYKC": "0.08",
    "PTGJZCSYLJQ": "2.53",
    "KCPTGJZCSYLJQ": "1.17"
  }
]

=== 002628-2026-04-16-成都路桥-2025年年度报告.pdf ===
【模块一】
[
  {
    "JZRQ": "2025-12-31",
    "JBMGSY": "-0.10",
    "XSMGSY": "-0.10",
    "JBMGSYKC": "",
    "XSMGSYKC": "",
    "JLRJZCSYLJQ": "-2.75",
    "KCHJLRJZCSYLJQ": "",
    "PTGJZCSYLJQ": "",
    "KCPTGJZCSYLJQ": "",
    "YYZSR": "",
    "YYZSRTBZZ": "",
    "YYSR": "898599350.88",
    "YYSRTBZZ": "10.87",
    "YYSRKCJE": "480906.23",
    "KCHYYSR": "898118444.65",
    "KCHYYSRTBZZ": "",
    "JLRHJ": "",
    "JLRHJTBZZ": "",
    "JLR": "-78598944.16",
    "JLRTBZZ": "14.73",
    "FJCXSY": "8082558.80",
    "KCFJYXSYHDJLR": "-86681502.96",
    "KCFJYXSYHDJLRTBZZ": "-32.93",
    "PTGJLR": "",
    "PTGJLRTBZZ": "",
    "KCFJCXSYHPTGJLR": "",
    "KCFJCXSYHPTGJLRTBZZ": "",
    "JYXJLLJE": "-207411449.21",
    "MGJYXJLLJE": "",
    "ZCZE": "6700766367.56",
    "GDQY": "2814606204.68",
    "MGJZCPL": "",
    "PTGMGJZC": "",
    "GJKJZEJLR": "",
    "GJKJZZJZC": ""
  },
  {
    "JZRQ": "2024-12-31",
    "JBMGSY": "-0.12",
    "XSMGSY": "-0.12",
    "JBMGSYKC": "",
    "XSMGSYKC": "",
    "JLRJZCSYLJQ": "-3.13",
    "KCHJLRJZCSYLJQ": "",
    "PTGJZCSYLJQ": "",
    "KCPTGJZCSYLJQ": "",
    "YYZSR": "",
    "YYZSRTBZZ": "",
    "YYSR": "810482461.90",
    "YYSRTBZZ": "",
    "YYSRKCJE": "782870.96",
    "KCHYYSR": "809699590.94",
    "KCHYYSRTBZZ": "",
    "JLRHJ": "",
    "JLRHJTBZZ": "",
    "JLR": "-92172063.39",
    "JLRTBZZ": "",
    "FJCXSY": "-26965567.50",
    "KCFJYXSYHDJLR": "-65206495.89",
    "KCFJYXSYHDJLRTBZZ": "",
    "PTGJLR": "",
    "PTGJLRTBZZ": "",
    "KCFJCXSYHPTGJLR": "",
    "KCFJCXSYHPTGJLRTBZZ": "",
    "JYXJLLJE": "-34606921.92",
    "MGJYXJLLJE": "",
    "ZCZE": "6968300700.84",
    "GDQY": "2896174213.44",
    "MGJZCPL": "",
    "PTGMGJZC": "",
    "GJKJZEJLR": "",
    "GJKJZZJZC": ""
  },
  {
    "JZRQ": "2023-12-31",
    "JBMGSY": "0.01",
    "XSMGSY": "0.01",
    "JBMGSYKC": "",
    "XSMGSYKC": "",
    "JLRJZCSYLJQ": "0.15",
    "KCHJLRJZCSYLJQ": "",
    "PTGJZCSYLJQ": "",
    "KCPTGJZCSYLJQ": "",
    "YYZSR": "",
    "YYZSRTBZZ": "",
    "YYSR": "1166587291.98",
    "YYSRTBZZ": "",
    "YYSRKCJE": "",
    "KCHYYSR": "",
    "KCHYYSRTBZZ": "",
    "JLRHJ": "",
    "JLRHJTBZZ": "",
    "JLR": "4492976.64",
    "JLRTBZZ": "",
    "FJCXSY": "-7937060.68",
    "KCFJYXSYHDJLR": "12430037.32",
    "KCFJYXSYHDJLRTBZZ": "",
    "PTGJLR": "",
    "PTGJLRTBZZ": "",
    "KCFJCXSYHPTGJLR": "",
    "KCFJCXSYHPTGJLRTBZZ": "",
    "JYXJLLJE": "113474075.00",
    "MGJYXJLLJE": "",
    "ZCZE": "7325656772.86",
    "GDQY": "2987327618.19",
    "MGJZCPL": "",
    "PTGMGJZC": "",
    "GJKJZEJLR": "",
    "GJKJZZJZC": ""
  }
]

【模块二】
[
  {
    "JZRQ": "2025-12-31",
    "JBMGSY": "-0.10",
    "XSMGSY": "-0.10",
    "JBMGSYKC": "-0.11",
    "XSMGSYKC": "-0.11",
    "PTGJZCSYLJQ": "-2.75",
    "KCPTGJZCSYLJQ": "-3.04"
  }
]

=== 002629-2026-04-16-仁智股份-2025年年度报告.pdf ===
【模块一】
[
  {
    "JZRQ": "2025-12-31",
    "JBMGSY": "0.022",
    "XSMGSY": "0.022",
    "JBMGSYKC": "",
    "XSMGSYKC": "",
    "JLRJZCSYLJQ": "15.26",
    "KCHJLRJZCSYLJQ": "",
    "PTGJZCSYLJQ": "",
    "KCPTGJZCSYLJQ": "",
    "YYZSR": "",
    "YYZSRTBZZ": "",
    "YYSR": "293751680.83",
    "YYSRTBZZ": "-8.00",
    "YYSRKCJE": "",
    "KCHYYSR": "",
    "KCHYYSRTBZZ": "",
    "JLRHJ": "",
    "JLRHJTBZZ": "",
    "JLR": "9392794.95",
    "JLRTBZZ": "-34.89",
    "FJCXSY": "3420365.24",
    "KCFJYXSYHDJLR": "5972429.71",
    "KCFJYXSYHDJLRTBZZ": "-50.49",
    "PTGJLR": "",
    "PTGJLRTBZZ": "",
    "KCFJCXSYHPTGJLR": "",
    "KCFJCXSYHPTGJLRTBZZ": "",
    "JYXJLLJE": "-6018427.55",
    "MGJYXJLLJE": "",
    "ZCZE": "396817607.13",
    "GDQY": "66776007.56",
    "MGJZCPL": "",
    "PTGMGJZC": "",
    "GJKJZEJLR": "",
    "GJKJZZJZC": ""
  },
  {
    "JZRQ": "2024-12-31",
    "JBMGSY": "0.034",
    "XSMGSY": "0.033",
    "JBMGSYKC": "",
    "XSMGSYKC": "",
    "JLRJZCSYLJQ": "25.06",
    "KCHJLRJZCSYLJQ": "",
    "PTGJZCSYLJQ": "",
    "KCPTGJZCSYLJQ": "",
    "YYZSR": "",
    "YYZSRTBZZ": "",
    "YYSR": "319304051.79",
    "YYSRTBZZ": "",
    "YYSRKCJE": "",
    "KCHYYSR": "",
    "KCHYYSRTBZZ": "",
    "JLRHJ": "",
    "JLRHJTBZZ": "",
    "JLR": "14425232.83",
    "JLRTBZZ": "",
    "FJCXSY": "2360971.30",
    "KCFJYXSYHDJLR": "12064261.53",
    "KCFJYXSYHDJLRTBZZ": "",
    "PTGJLR": "",
    "PTGJLRTBZZ": "",
    "KCFJCXSYHPTGJLR": "",
    "KCFJCXSYHPTGJLRTBZZ": "",
    "JYXJLLJE": "-22925747.55",
    "MGJYXJLLJE": "",
    "ZCZE": "367428347.16",
    "GDQY": "56481899.58",
    "MGJZCPL": "",
    "PTGMGJZC": "",
    "GJKJZEJLR": "",
    "GJKJZZJZC": ""
  },
  {
    "JZRQ": "2023-12-31",
    "JBMGSY": "-0.084",
    "XSMGSY": "-0.084",
    "JBMGSYKC": "",
    "XSMGSYKC": "",
    "JLRJZCSYLJQ": "-90.22",
    "KCHJLRJZCSYLJQ": "",
    "PTGJZCSYLJQ": "",
    "KCPTGJZCSYLJQ": "",
    "YYZSR": "",
    "YYZSRTBZZ": "",
    "YYSR": "208241979.68",
    "YYSRTBZZ": "",
    "YYSRKCJE": "",
    "KCHYYSR": "",
    "KCHYYSRTBZZ": "",
    "JLRHJ": "",
    "JLRHJTBZZ": "",
    "JLR": "-34945903.65",
    "JLRTBZZ": "",
    "FJCXSY": "18787766.33",
    "KCFJYXSYHDJLR": "-53733669.98",
    "KCFJYXSYHDJLRTBZZ": "",
    "PTGJLR": "",
    "PTGJLRTBZZ": "",
    "KCFJCXSYHPTGJLR": "",
    "KCFJCXSYHPTGJLRTBZZ": "",
    "JYXJLLJE": "-31584439.21",
    "MGJYXJLLJE": "",
    "ZCZE": "202301215.99",
    "GDQY": "49249235.61",
    "MGJZCPL": "",
    "PTGMGJZC": "",
    "GJKJZEJLR": "",
    "GJKJZZJZC": ""
  }
]

【模块二】
[
  {
    "JZRQ": "2025-12-31",
    "JBMGSY": "0.022",
    "XSMGSY": "0.022",
    "JBMGSYKC": "0.014",
    "XSMGSYKC": "0.014",
    "PTGJZCSYLJQ": "15.26",
    "KCPTGJJZCSYLJQ": "9.70"
  }
]

=== 002823-2026-04-16-凯中精密-2025年年度报告.pdf ===
【模块一】
[
  {
    "JZRQ": "2025-12-31",
    "JBMGSY": "0.72",
    "XSMGSY": "0.72",
    "JBMGSYKC": "",
    "XSMGSYKC": "",
    "JLRJZCSYLJQ": "11.61",
    "KCHJLRJZCSYLJQ": "",
    "PTGJZCSYLJQ": "",
    "KCPTGJZCSYLJQ": "",
    "YYZSR": "",
    "YYZSRTBZZ": "",
    "YYSR": "2928353785.81",
    "YYSRTBZZ": "-3.98",
    "YYSRKCJE": "",
    "KCHYYSR": "",
    "KCHYYSRTBZZ": "",
    "JLRHJ": "",
    "JLRHJTBZZ": "",
    "JLR": "233598490.52",
    "JLRTBZZ": "37.32",
    "FJCXSY": "7762729.87",
    "KCFJYXSYHDJLR": "225835760.65",
    "KCFJYXSYHDJLRTBZZ": "46.64",
    "PTGJLR": "",
    "PTGJLRTBZZ": "",
    "KCFJCXSYHPTGJLR": "",
    "KCFJCXSYHPTGJLRTBZZ": "",
    "JYXJLLJE": "468387028.11",
    "MGJYXJLLJE": "",
    "ZCZE": "3626712177.00",
    "GDQY": "2070452380.16",
    "MGJZCPL": "",
    "PTGMGJZC": "",
    "GJKJZEJLR": "",
    "GJKJZZJZC": ""
  },
  {
    "JZRQ": "2024-12-31",
    "JBMGSY": "0.61",
    "XSMGSY": "0.61",
    "JBMGSYKC": "",
    "XSMGSYKC": "",
    "JLRJZCSYLJQ": "9.84",
    "KCHJLRJZCSYLJQ": "",
    "PTGJZCSYLJQ": "",
    "KCPTGJZCSYLJQ": "",
    "YYZSR": "",
    "YYZSRTBZZ": "",
    "YYSR": "3049607578.11",
    "YYSRTBZZ": "",
    "YYSRKCJE": "",
    "KCHYYSR": "",
    "KCHYYSRTBZZ": "",
    "JLRHJ": "",
    "JLRHJTBZZ": "",
    "JLR": "170110812.62",
    "JLRTBZZ": "",
    "FJCXSY": "16104300.95",
    "KCFJYXSYHDJLR": "154006511.67",
    "KCFJYXSYHDJLRTBZZ": "",
    "PTGJLR": "",
    "PTGJLRTBZZ": "",
    "KCFJCXSYHPTGJLR": "",
    "KCFJCXSYHPTGJLRTBZZ": "",
    "JYXJLLJE": "386248715.45",
    "MGJYXJLLJE": "",
    "ZCZE": "3563923727.47",
    "GDQY": "1923685465.88",
    "MGJZCPL": "",
    "PTGMGJZC": "",
    "GJKJZEJLR": "",
    "GJKJZZJZC": ""
  },
  {
    "JZRQ": "2023-12-31",
    "JBMGSY": "0.27",
    "XSMGSY": "0.27",
    "JBMGSYKC": "",
    "XSMGSYKC": "",
    "JLRJZCSYLJQ": "5.31",
    "KCHJLRJZCSYLJQ": "",
    "PTGJZCSYLJQ": "",
    "KCPTGJZCSYLJQ": "",
    "YYZSR": "",
    "YYZSRTBZZ": "",
    "YYSR": "3023976968.88",
    "YYSRTBZZ": "",
    "YYSRKCJE": "",
    "KCHYYSR": "",
    "KCHYYSRTBZZ": "",
    "JLRHJ": "",
    "JLRHJTBZZ": "",
    "JLR": "76718600.89",
    "JLRTBZZ": "",
    "FJCXSY": "-4535323.05",
    "KCFJYXSYHDJLR": "81253923.94",
    "KCFJYXSYHDJLRTBZZ": "",
    "PTGJLR": "",
    "PTGJLRTBZZ": "",
    "KCFJCXSYHPTGJLR": "",
    "KCFJCXSYHPTGJLRTBZZ": "",
    "JYXJLLJE": "257445909.36",
    "MGJYXJLLJE": "",
    "ZCZE": "3828235619.02",
    "GDQY": "1473749037.29",
    "MGJZCPL": "",
    "PTGMGJZC": "",
    "GJKJZEJLR": "",
    "GJKJZZJZC": ""
  }
]

【模块二】
[
  {
    "JZRQ": "2025-12-31",
    "JBMGSY": "0.72",
    "XSMGSY": "0.72",
    "JBMGSYKC": "0.69",
    "XSMGSYKC": "0.69",
    "PTGJZCSYLJQ": "11.61",
    "KCPTGJZCSYLJQ": "11.23"
  }
]

=== 002762-2026-04-16-ST金比-2025年年度报告.pdf ===
【模块一】
[
  {
    "JZRQ": "2025-12-31",
    "JBMGSY": "-0.53",
    "XSMGSY": "-0.53",
    "JBMGSYKC": "",
    "XSMGSYKC": "",
    "JLRJZCSYLJQ": "-24.33",
    "KCHJLRJZCSYLJQ": "",
    "PTGJZCSYLJQ": "",
    "KCPTGJZCSYLJQ": "",
    "YYZSR": "386156476.61",
    "YYZSRTBZZ": "71.86",
    "YYSR": "386156476.61",
    "YYSRTBZZ": "71.86",
    "YYSRKCJE": "4082479.13",
    "KCHYYSR": "382073997.48",
    "KCHYYSRTBZZ": "",
    "JLRHJ": "",
    "JLRHJTBZZ": "",
    "JLR": "-186959356.48",
    "JLRTBZZ": "-458.50",
    "FJCXSY": "-53906427.49",
    "KCFJYXSYHDJLR": "-133052928.99",
    "KCFJYXSYHDJLRTBZZ": "-193.61",
    "PTGJLR": "",
    "PTGJLRTBZZ": "",
    "KCFJCXSYHPTGJLR": "",
    "KCFJCXSYHPTGJLRTBZZ": "",
    "JYXJLLJE": "-37418196.52",
    "MGJYXJLLJE": "",
    "ZCZE": "765917692.57",
    "GDQY": "668380353.86",
    "MGJZCPL": "",
    "PTGMGJZC": "",
    "GJKJZEJLR": "",
    "GJKJZZJZC": ""
  },
  {
    "JZRQ": "2024-12-31",
    "JBMGSY": "0.15",
    "XSMGSY": "0.15",
    "JBMGSYKC": "",
    "XSMGSYKC": "",
    "JLRJZCSYLJQ": "6.14",
    "KCHJLRJZCSYLJQ": "",
    "PTGJZCSYLJQ": "",
    "KCPTGJZCSYLJQ": "",
    "YYZSR": "224688481.76",
    "YYZSRTBZZ": "",
    "YYSR": "224688481.76",
    "YYSRTBZZ": "",
    "YYSRKCJE": "13688202.97",
    "KCHYYSR": "211000278.79",
    "KCHYYSRTBZZ": "",
    "JLRHJ": "",
    "JLRHJTBZZ": "",
    "JLR": "52150600.60",
    "JLRTBZZ": "",
    "FJCXSY": "97467387.31",
    "KCFJYXSYHDJLR": "-45316786.71",
    "KCFJYXSYHDJLRTBZZ": "",
    "PTGJLR": "",
    "PTGJLRTBZZ": "",
    "KCFJCXSYHPTGJLR": "",
    "KCFJCXSYHPTGJLRTBZZ": "",
    "JYXJLLJE": "-6496371.62",
    "MGJYXJLLJE": "",
    "ZCZE": "955565325.08",
    "GDQY": "868419465.55",
    "MGJZCPL": "",
    "PTGMGJZC": "",
    "GJKJZEJLR": "",
    "GJKJZZJZC": ""
  },
  {
    "JZRQ": "2023-12-31",
    "JBMGSY": "-0.07",
    "XSMGSY": "-0.07",
    "JBMGSYKC": "",
    "XSMGSYKC": "",
    "JLRJZCSYLJQ": "-0.03",
    "KCHJLRJZCSYLJQ": "",
    "PTGJZCSYLJQ": "",
    "KCPTGJZCSYLJQ": "",
    "YYZSR": "204174512.52",
    "YYZSRTBZZ": "",
    "YYSR": "204174512.52",
    "YYSRTBZZ": "",
    "YYSRKCJE": "",
    "KCHYYSR": "",
    "KCHYYSRTBZZ": "",
    "JLRHJ": "",
    "JLRHJTBZZ": "",
    "JLR": "-23494800.85",
    "JLRTBZZ": "",
    "FJCXSY": "2206100.68",
    "KCFJYXSYHDJLR": "-25700901.53",
    "KCFJYXSYHDJLRTBZZ": "",
    "PTGJLR": "",
    "PTGJLRTBZZ": "",
    "KCFJCXSYHPTGJLR": "",
    "KCFJCXSYHPTGJLRTBZZ": "",
    "JYXJLLJE": "19911049.20",
    "MGJYXJLLJE": "",
    "ZCZE": "891791823.92",
    "GDQY": "833914838.91",
    "MGJZCPL": "",
    "PTGMGJZC": "",
    "GJKJZEJLR": "",
    "GJKJZZJZC": ""
  }
]

【模块二】
[
  {
    "JZRQ": "2025-12-31",
    "JBMGSY": "-0.53",
    "XSMGSY": "-0.53",
    "JBMGSYKC": "-0.38",
    "XSMGSYKC": "-0.38",
    "PTGJZCSYLJQ": "-24.45",
    "KCPTGJZCSYLJQ": "-17.40"
  }
]

=== 002949-2026-04-16-华阳国际-2025年年度报告.pdf ===
【模块一】
[
  {
    "JZRQ": "2025-12-31",
    "JBMGSY": "0.4621",
    "XSMGSY": "0.5088",
    "JBMGSYKC": "",
    "XSMGSYKC": "",
    "JLRJZCSYLJQ": "5.80",
    "KCHJLRJZCSYLJQ": "",
    "PTGJZCSYLJQ": "",
    "KCPTGJZCSYLJQ": "",
    "YYZSR": "",
    "YYZSRTBZZ": "",
    "YYSR": "1203151918.60",
    "YYSRTBZZ": "3.10",
    "YYSRKCJE": "",
    "KCHYYSR": "",
    "KCHYYSRTBZZ": "",
    "JLRHJ": "",
    "JLRHJTBZZ": "",
    "JLR": "90590330.99",
    "JLRTBZZ": "-27.70",
    "FJCXSY": "28521811.17",
    "KCFJYXSYHDJLR": "62068519.82",
    "KCFJYXSYHDJLRTBZZ": "-44.92",
    "PTGJLR": "",
    "PTGJLRTBZZ": "",
    "KCFJCXSYHPTGJLR": "",
    "KCFJCXSYHPTGJLRTBZZ": "",
    "JYXJLLJE": "157088949.82",
    "MGJYXJLLJE": "",
    "ZCZE": "2928398581.05",
    "GDQY": "1579320687.97",
    "MGJZCPL": "",
    "PTGMGJZC": "",
    "GJKJZEJLR": "",
    "GJKJZZJZC": ""
  },
  {
    "JZRQ": "2024-12-31",
    "JBMGSY": "0.6392",
    "XSMGSY": "0.6284",
    "JBMGSYKC": "",
    "XSMGSYKC": "",
    "JLRJZCSYLJQ": "8.09",
    "KCHJLRJZCSYLJQ": "",
    "PTGJZCSYLJQ": "",
    "KCPTGJZCSYLJQ": "",
    "YYZSR": "",
    "YYZSRTBZZ": "",
    "YYSR": "1166933522.37",
    "YYSRTBZZ": "",
    "YYSRKCJE": "",
    "KCHYYSR": "",
    "KCHYYSRTBZZ": "",
    "JLRHJ": "",
    "JLRHJTBZZ": "",
    "JLR": "125301190.48",
    "JLRTBZZ": "",
    "FJCXSY": "12616806.57",
    "KCFJYXSYHDJLR": "112684383.91",
    "KCFJYXSYHDJLRTBZZ": "",
    "PTGJLR": "",
    "PTGJLRTBZZ": "",
    "KCFJCXSYHPTGJLR": "",
    "KCFJCXSYHPTGJLRTBZZ": "",
    "JYXJLLJE": "174360267.25",
    "MGJYXJLLJE": "",
    "ZCZE": "3062404048.15",
    "GDQY": "1557644624.53",
    "MGJZCPL": "",
    "PTGMGJZC": "",
    "GJKJZEJLR": "",
    "GJKJZZJZC": ""
  },
  {
    "JZRQ": "2023-12-31",
    "JBMGSY": "0.8229",
    "XSMGSY": "0.7759",
    "JBMGSYKC": "",
    "XSMGSYKC": "",
    "JLRJZCSYLJQ": "10.57",
    "KCHJLRJZCSYLJQ": "",
    "PTGJZCSYLJQ": "",
    "KCPTGJZCSYLJQ": "",
    "YYZSR": "",
    "YYZSRTBZZ": "",
    "YYSR": "1506747619.49",
    "YYSRTBZZ": "",
    "YYSRKCJE": "",
    "KCHYYSR": "",
    "KCHYYSRTBZZ": "",
    "JLRHJ": "",
    "JLRHJTBZZ": "",
    "JLR": "161330258.28",
    "JLRTBZZ": "",
    "FJCXSY": "32206121.83",
    "KCFJYXSYHDJLR": "129124136.45",
    "KCFJYXSYHDJLRTBZZ": "",
    "PTGJLR": "",
    "PTGJLRTBZZ": "",
    "KCFJCXSYHPTGJLR": "",
    "KCFJCXSYHPTGJLRTBZZ": "",
    "JYXJLLJE": "287091989.44",
    "MGJYXJLLJE": "",
    "ZCZE": "3263496438.88",
    "GDQY": "1583155160.93",
    "MGJZCPL": "",
    "PTGMGJZC": "",
    "GJKJZEJLR": "",
    "GJKJZZJZC": ""
  }
]

【模块二】
[
  {
    "JZRQ": "2025-12-31",
    "JBMGSY": "0.4621",
    "XSMGSY": "0.5088",
    "JBMGSYKC": "0.3166",
    "XSMGSYKC": "0.3833",
    "PTGJZCSYLJQ": "5.80",
    "KCPTGJZCSYLJQ": "3.97"
  }
]

=== 002971-2026-04-16-和远气体-2025年年度报告.pdf ===
【模块一】
[
  {
    "JZRQ": "2025-12-31",
    "JBMGSY": "0.29",
    "XSMGSY": "0.29",
    "JBMGSYKC": "",
    "XSMGSYKC": "",
    "JLRJZCSYLJQ": "3.82",
    "KCHJLRJZCSYLJQ": "",
    "PTGJZCSYLJQ": "",
    "KCPTGJZCSYLJQ": "",
    "YYZSR": "",
    "YYZSRTBZZ": "",
    "YYSR": "1664034894.59",
    "YYSRTBZZ": "8.55",
    "YYSRKCJE": "",
    "KCHYYSR": "",
    "KCHYYSRTBZZ": "",
    "JLRHJ": "",
    "JLRHJTBZZ": "",
    "JLR": "60330708.57",
    "JLRTBZZ": "-17.55",
    "FJCXSY": "16823077.27",
    "KCFJYXSYHDJLR": "43507631.30",
    "KCFJYXSYHDJLRTBZZ": "-35.70",
    "PTGJLR": "",
    "PTGJLRTBZZ": "",
    "KCFJCXSYHPTGJLR": "",
    "KCFJCXSYHPTGJLRTBZZ": "",
    "JYXJLLJE": "227758678.74",
    "MGJYXJLLJE": "",
    "ZCZE": "6358671808.74",
    "GDQY": "1589485531.25",
    "MGJZCPL": "",
    "PTGMGJZC": "",
    "GJKJZEJLR": "",
    "GJKJZZJZC": ""
  },
  {
    "JZRQ": "2024-12-31",
    "JBMGSY": "0.35",
    "XSMGSY": "0.35",
    "JBMGSYKC": "",
    "XSMGSYKC": "",
    "JLRJZCSYLJQ": "5.54",
    "KCHJLRJZCSYLJQ": "",
    "PTGJZCSYLJQ": "",
    "KCPTGJZCSYLJQ": "",
    "YYZSR": "",
    "YYZSRTBZZ": "",
    "YYSR": "1532992802.96",
    "YYSRTBZZ": "",
    "YYSRKCJE": "",
    "KCHYYSR": "",
    "KCHYYSRTBZZ": "",
    "JLRHJ": "",
    "JLRHJTBZZ": "",
    "JLR": "73172120.06",
    "JLRTBZZ": "",
    "FJCXSY": "5506363.65",
    "KCFJYXSYHDJLR": "67665756.41",
    "KCFJYXSYHDJLRTBZZ": "",
    "PTGJLR": "",
    "PTGJLRTBZZ": "",
    "KCFJCXSYHPTGJLR": "",
    "KCFJCXSYHPTGJLRTBZZ": "",
    "JYXJLLJE": "165058892.33",
    "MGJYXJLLJE": "",
    "ZCZE": "5723197074.14",
    "GDQY": "1566262167.00",
    "MGJZCPL": "",
    "PTGMGJZC": "",
    "GJKJZEJLR": "",
    "GJKJZZJZC": ""
  },
  {
    "JZRQ": "2023-12-31",
    "JBMGSY": "0.40",
    "XSMGSY": "0.40",
    "JBMGSYKC": "",
    "XSMGSYKC": "",
    "JLRJZCSYLJQ": "6.70",
    "KCHJLRJZCSYLJQ": "",
    "PTGJZCSYLJQ": "",
    "KCPTGJZCSYLJQ": "",
    "YYZSR": "",
    "YYZSRTBZZ": "",
    "YYSR": "1654555352.66",
    "YYSRTBZZ": "",
    "YYSRKCJE": "",
    "KCHYYSR": "",
    "KCHYYSRTBZZ": "",
    "JLRHJ": "",
    "JLRHJTBZZ": "",
    "JLR": "83767211.12",
    "JLRTBZZ": "",
    "FJCXSY": "3557613.90",
    "KCFJYXSYHDJLR": "80209597.22",
    "KCFJYXSYHDJLRTBZZ": "",
    "PTGJLR": "",
    "PTGJLRTBZZ": "",
    "KCFJCXSYHPTGJLR": "",
    "KCFJCXSYHPTGJLRTBZZ": "",
    "JYXJLLJE": "20880799.47",
    "MGJYXJLLJE": "",
    "ZCZE": "4074554778.02",
    "GDQY": "1292318847.63",
    "MGJZCPL": "",
    "PTGMGJZC": "",
    "GJKJZEJLR": "",
    "GJKJZZJZC": ""
  }
]

【模块二】
[
  {
    "JZRQ": "2025-12-31",
    "JBMGSY": "0.29",
    "XSMGSY": "0.29",
    "JBMGSYKC": "0.21",
    "XSMGSYKC": "0.21",
    "PTGJZCSYLJQ": "3.82",
    "KCPTGJZCSYLJQ": "2.76"
  }
]

=== 003027-2026-04-16-同兴科技-2025年年度报告.pdf ===
【模块一】
[
  {
    "JZRQ": "2025-12-31",
    "JBMGSY": "0.57",
    "XSMGSY": "0.56",
    "JBMGSYKC": "",
    "XSMGSYKC": "",
    "JLRJZCSYLJQ": "4.31",
    "KCHJLRJZCSYLJQ": "",
    "PTGJZCSYLJQ": "",
    "KCPTGJZCSYLJQ": "",
    "YYZSR": "",
    "YYZSRTBZZ": "",
    "YYSR": "723671132.52",
    "YYSRTBZZ": "-0.09",
    "YYSRKCJE": "",
    "KCHYYSR": "",
    "KCHYYSRTBZZ": "",
    "JLRHJ": "",
    "JLRHJTBZZ": "",
    "JLR": "73979357.68",
    "JLRTBZZ": "89.52",
    "FJCXSY": "7932714.2",
    "KCFJYXSYHDJLR": "66046643.48",
    "KCFJYXSYHDJLRTBZZ": "196.94",
    "PTGJLR": "",
    "PTGJLRTBZZ": "",
    "KCFJCXSYHPTGJLR": "",
    "KCFJCXSYHPTGJLRTBZZ": "",
    "JYXJLLJE": "164039187.09",
    "MGJYXJLLJE": "",
    "ZCZE": "2486671616.26",
    "GDQY": "1723867328.75",
    "MGJZCPL": "",
    "PTGMGJZC": "",
    "GJKJZEJLR": "",
    "GJKJZZJZC": ""
  },
  {
    "JZRQ": "2024-12-31",
    "JBMGSY": "0.48",
    "XSMGSY": "0.30",
    "JBMGSYKC": "",
    "XSMGSYKC": "",
    "JLRJZCSYLJQ": "2.30",
    "KCHJLRJZCSYLJQ": "",
    "PTGJZCSYLJQ": "",
    "KCPTGJZCSYLJQ": "",
    "YYZSR": "",
    "YYZSRTBZZ": "",
    "YYSR": "724307976.87",
    "YYSRTBZZ": "",
    "YYSRKCJE": "",
    "KCHYYSR": "",
    "KCHYYSRTBZZ": "",
    "JLRHJ": "",
    "JLRHJTBZZ": "",
    "JLR": "39035310.51",
    "JLRTBZZ": "",
    "FJCXSY": "16792881.38",
    "KCFJYXSYHDJLR": "22242429.13",
    "KCFJYXSYHDJLRTBZZ": "",
    "PTGJLR": "",
    "PTGJLRTBZZ": "",
    "KCFJCXSYHPTGJLR": "",
    "KCFJCXSYHPTGJLRTBZZ": "",
    "JYXJLLJE": "107496371.64",
    "MGJYXJLLJE": "",
    "ZCZE": "2464184463.02",
    "GDQY": "1702933654.76",
    "MGJZCPL": "",
    "PTGMGJZC": "",
    "GJKJZEJLR": "",
    "GJKJZZJZC": ""
  },
  {
    "JZRQ": "2023-12-31",
    "JBMGSY": "0.19",
    "XSMGSY": "0.19",
    "JBMGSYKC": "",
    "XSMGSYKC": "",
    "JLRJZCSYLJQ": "1.51",
    "KCHJLRJZCSYLJQ": "",
    "PTGJZCSYLJQ": "",
    "KCPTGJZCSYLJQ": "",
    "YYZSR": "",
    "YYZSRTBZZ": "",
    "YYSR": "775192044.84",
    "YYSRTBZZ": "",
    "YYSRKCJE": "",
    "KCHYYSR": "",
    "KCHYYSRTBZZ": "",
    "JLRHJ": "",
    "JLRHJTBZZ": "",
    "JLR": "25543725.72",
    "JLRTBZZ": "",
    "FJCXSY": "14880660.24",
    "KCFJYXSYHDJLR": "10663065.48",
    "KCFJYXSYHDJLRTBZZ": "",
    "PTGJLR": "",
    "PTGJLRTBZZ": "",
    "KCFJCXSYHPTGJLR": "",
    "KCFJCXSYHPTGJLRTBZZ": "",
    "JYXJLLJE": "82205738.66",
    "MGJYXJLLJE": "",
    "ZCZE": "2730476421.88",
    "GDQY": "1690612915.67",
    "MGJZCPL": "",
    "PTGMGJZC": "",
    "GJKJZEJLR": "",
    "GJKJZZJZC": ""
  }
]

【模块二】
[
  {
    "JZRQ": "2025-12-31",
    "JBMGSY": "0.57",
    "XSMGSY": "0.56",
    "JBMGSYKC": "0.51",
    "XSMGSYKC": "0.50",
    "PTGJZCSYLJQ": "4.31",
    "KCPTGJZCSYLJQ": "3.84"
  }
]

=== 300281-2026-04-16-金明精机-2025年年度报告.pdf ===
【模块一】
[
  {
    "JZRQ": "2025-12-31",
    "JBMGSY": "-0.008",
    "XSMGSY": "-0.008",
    "JLRJZCSYLJQ": "-0.28",
    "JLR": "-3487087.28",
    "JLRTBZZ": "-149.02",
    "KCFJYXSYHDJLR": "-23642281.33",
    "KCFJYXSYHDJLRTBZZ": "-70.84",
    "YYSR": "437933436.65",
    "YYSRTBZZ": "-7.68",
    "YYSRKCJE": "13709076.16",
    "KCHYYSR": "424224360.49",
    "KCHYYSRTBZZ": "",
    "JYXJLLJE": "27592442.76",
    "ZCZE": "1503318496.79",
    "GDQY": "1242335153.34",
    "FJCXSY": "20155194.05"
  },
  {
    "JZRQ": "2024-12-31",
    "JBMGSY": "0.017",
    "XSMGSY": "0.017",
    "JLRJZCSYLJQ": "0.56",
    "JLR": "7114024.47",
    "JLRTBZZ": "",
    "KCFJYXSYHDJLR": "-13838659.55",
    "KCFJYXSYHDJLRTBZZ": "",
    "YYSR": "474370371.11",
    "YYSRTBZZ": "",
    "YYSRKCJE": "13340397.70",
    "KCHYYSR": "461029973.41",
    "KCHYYSRTBZZ": "",
    "JYXJLLJE": "51686420.04",
    "ZCZE": "1524653603.77",
    "GDQY": "1262116374.99",
    "FJCXSY": "20952684.02"
  },
  {
    "JZRQ": "2023-12-31",
    "JBMGSY": "0.016",
    "XSMGSY": "0.016",
    "JLRJZCSYLJQ": "0.53",
    "JLR": "6715535.37",
    "JLRTBZZ": "",
    "KCFJYXSYHDJLR": "-14453112.77",
    "KCFJYXSYHDJLRTBZZ": "",
    "YYSR": "454491061.92",
    "YYSRTBZZ": "",
    "YYSRKCJE": "",
    "KCHYYSR": "",
    "KCHYYSRTBZZ": "",
    "JYXJLLJE": "23677675.61",
    "ZCZE": "1500073355.98",
    "GDQY": "1276797548.45",
    "FJCXSY": "21168648.14"
  }
]

【模块二】
[
  {
    "JZRQ": "2025-12-31",
    "JBMGSY": "-0.008",
    "XSMGSY": "-0.008",
    "JBMGSYKC": "-0.056",
    "XSMGSYKC": "-0.056",
    "PTGJZCSYLJQ": "-0.28",
    "KCPTGJZCSYLJQ": "-1.88"
  }
]

=== 300058-2026-04-16-蓝色光标-2025年年度报告.pdf ===
【模块一】
[
  {
    "JZRQ": "2025-12-31",
    "JBMGSY": "0.063",
    "XSMGSY": "0.063",
    "JBMGSYKC": "",
    "XSMGSYKC": "",
    "JLRJZCSYLJQ": "2.92",
    "KCHJLRJZCSYLJQ": "",
    "PTGJZCSYLJQ": "",
    "KCPTGJZCSYLJQ": "",
    "YYZSR": "",
    "YYZSRTBZZ": "",
    "YYSR": "68692672430.48",
    "YYSRTBZZ": "12.99",
    "YYSRKCJE": "",
    "KCHYYSR": "",
    "KCHYYSRTBZZ": "",
    "JLRHJ": "",
    "JLRHJTBZZ": "",
    "JLR": "224665777.93",
    "JLRTBZZ": "177.29",
    "FJCXSY": "-47064584.08",
    "KCFJYXSYHDJLR": "271730362.01",
    "KCFJYXSYHDJLRTBZZ": "182.09",
    "PTGJLR": "",
    "PTGJLRTBZZ": "",
    "KCFJCXSYHPTGJLR": "",
    "KCFJCXSYHPTGJLRTBZZ": "",
    "JYXJLLJE": "631571513.56",
    "MGJYXJLLJE": "",
    "ZCZE": "25139551030.28",
    "GDQY": "7892369448.23",
    "MGJZCPL": "",
    "PTGMGJZC": "",
    "GJKJZEJLR": "",
    "GJKJZZJZC": ""
  },
  {
    "JZRQ": "2024-12-31",
    "JBMGSY": "-0.083",
    "XSMGSY": "-0.083",
    "JBMGSYKC": "",
    "XSMGSYKC": "",
    "JLRJZCSYLJQ": "-3.85",
    "KCHJLRJZCSYLJQ": "",
    "PTGJZCSYLJQ": "",
    "KCPTGJZCSYLJQ": "",
    "YYZSR": "",
    "YYZSRTBZZ": "",
    "YYSR": "60796916156.95",
    "YYSRTBZZ": "",
    "YYSRKCJE": "",
    "KCHYYSR": "",
    "KCHYYSRTBZZ": "",
    "JLRHJ": "",
    "JLRHJTBZZ": "",
    "JLR": "-290675602.27",
    "JLRTBZZ": "",
    "FJCXSY": "40351637.95",
    "KCFJYXSYHDJLR": "-331027240.22",
    "KCFJYXSYHDJLRTBZZ": "",
    "PTGJLR": "",
    "PTGJLRTBZZ": "",
    "KCFJCXSYHPTGJLR": "",
    "KCFJCXSYHPTGJLRTBZZ": "",
    "JYXJLLJE": "89667486.85",
    "MGJYXJLLJE": "",
    "ZCZE": "22371124234.60",
    "GDQY": "7590329971.13",
    "MGJZCPL": "",
    "PTGMGJZC": "",
    "GJKJZEJLR": "",
    "GJKJZZJZC": ""
  },
  {
    "JZRQ": "2023-12-31",
    "JBMGSY": "0.033",
    "XSMGSY": "0.033",
    "JBMGSYKC": "",
    "XSMGSYKC": "",
    "JLRJZCSYLJQ": "1.56",
    "KCHJLRJZCSYLJQ": "",
    "PTGJZCSYLJQ": "",
    "KCPTGJZCSYLJQ": "",
    "YYZSR": "",
    "YYZSRTBZZ": "",
    "YYSR": "52615933748.15",
    "YYSRTBZZ": "",
    "YYSRKCJE": "",
    "KCHYYSR": "",
    "KCHYYSRTBZZ": "",
    "JLRHJ": "",
    "JLRHJTBZZ": "",
    "JLR": "116588008.53",
    "JLRTBZZ": "",
    "FJCXSY": "-33549060.17",
    "KCFJYXSYHDJLR": "150137068.70",
    "KCFJYXSYHDJLRTBZZ": "",
    "PTGJLR": "",
    "PTGJLRTBZZ": "",
    "KCFJCXSYHPTGJLR": "",
    "KCFJCXSYHPTGJLRTBZZ": "",
    "JYXJLLJE": "633335194.71",
    "MGJYXJLLJE": "",
    "ZCZE": "21720993741.47",
    "GDQY": "7583052793.05",
    "MGJZCPL": "",
    "PTGMGJZC": "",
    "GJKJZEJLR": "",
    "GJKJZZJZC": ""
  }
]

【模块二】
[
  {
    "JZRQ": "2025-12-31",
    "JBMGSY": "0.063",
    "XSMGSY": "0.063",
    "JBMGSYKC": "0.077",
    "XSMGSYKC": "0.077",
    "PTGJZCSYLJQ": "2.92",
    "KCPTGJZCSYLJQ": "3.53"
  }
]

=== 300174-2026-04-16-元力股份-2025年年度报告.pdf ===
【模块一】
[
  {
    "JZRQ": "2025-12-31",
    "JBMGSY": "0.6319",
    "XSMGSY": "0.6319",
    "JBMGSYKC": "",
    "XSMGSYKC": "",
    "JLRJZCSYLJQ": "6.69",
    "KCHJLRJZCSYLJQ": "",
    "PTGJZCSYLJQ": "",
    "KCPTGJZCSYLJQ": "",
    "YYZSR": "",
    "YYZSRTBZZ": "",
    "YYSR": "1904279005.37",
    "YYSRTBZZ": "1.13",
    "YYSRKCJE": "",
    "KCHYYSR": "",
    "KCHYYSRTBZZ": "",
    "JLRHJ": "",
    "JLRHJTBZZ": "",
    "JLR": "228195368.96",
    "JLRTBZZ": "-19.78",
    "FJCXSY": "-2430282.42",
    "KCFJYXSYHDJLR": "230625651.38",
    "KCFJYXSYHDJLRTBZZ": "-9.50",
    "PTGJLR": "",
    "PTGJLRTBZZ": "",
    "KCFJCXSYHPTGJLR": "",
    "KCFJCXSYHPTGJLRTBZZ": "",
    "JYXJLLJE": "235677711.12",
    "MGJYXJLLJE": "",
    "ZCZE": "4356798043.81",
    "GDQY": "3480592825.17",
    "MGJZCPL": "",
    "PTGMGJZC": "",
    "GJKJZEJLR": "",
    "GJKJZZJZC": ""
  },
  {
    "JZRQ": "2024-12-31",
    "JBMGSY": "0.7863",
    "XSMGSY": "0.7863",
    "JBMGSYKC": "",
    "XSMGSYKC": "",
    "JLRJZCSYLJQ": "8.80",
    "KCHJLRJZCSYLJQ": "",
    "PTGJZCSYLJQ": "",
    "KCPTGJZCSYLJQ": "",
    "YYZSR": "",
    "YYZSRTBZZ": "",
    "YYSR": "1882968563.55",
    "YYSRTBZZ": "",
    "YYSRKCJE": "",
    "KCHYYSR": "",
    "KCHYYSRTBZZ": "",
    "JLRHJ": "",
    "JLRHJTBZZ": "",
    "JLR": "284450452.67",
    "JLRTBZZ": "",
    "FJCXSY": "29626425.19",
    "KCFJYXSYHDJLR": "254824027.48",
    "KCFJYXSYHDJLRTBZZ": "",
    "PTGJLR": "",
    "PTGJLRTBZZ": "",
    "KCFJCXSYHPTGJLR": "",
    "KCFJCXSYHPTGJLRTBZZ": "",
    "JYXJLLJE": "230695964.48",
    "MGJYXJLLJE": "",
    "ZCZE": "4006636502.21",
    "GDQY": "3306823843.78",
    "MGJZCPL": "",
    "PTGMGJZC": "",
    "GJKJZEJLR": "",
    "GJKJZZJZC": ""
  },
  {
    "JZRQ": "2023-12-31",
    "JBMGSY": "0.6586",
    "XSMGSY": "0.6586",
    "JBMGSYKC": "",
    "XSMGSYKC": "",
    "JLRJZCSYLJQ": "7.92",
    "KCHJLRJZCSYLJQ": "",
    "PTGJZCSYLJQ": "",
    "KCPTGJZCSYLJQ": "",
    "YYZSR": "",
    "YYZSRTBZZ": "",
    "YYSR": "2015453297.86",
    "YYSRTBZZ": "",
    "YYSRKCJE": "",
    "KCHYYSR": "",
    "KCHYYSRTBZZ": "",
    "JLRHJ": "",
    "JLRHJTBZZ": "",
    "JLR": "237145288.03",
    "JLRTBZZ": "",
    "FJCXSY": "418113.38",
    "KCFJYXSYHDJLR": "236727174.65",
    "KCFJYXSYHDJLRTBZZ": "",
    "PTGJLR": "",
    "PTGJLRTBZZ": "",
    "KCFJCXSYHPTGJLR": "",
    "KCFJCXSYHPTGJLRTBZZ": "",
    "JYXJLLJE": "270640269.93",
    "MGJYXJLLJE": "",
    "ZCZE": "3951679262.57",
    "GDQY": "3110908734.36",
    "MGJZCPL": "",
    "PTGMGJZC": "",
    "GJKJZEJLR": "",
    "GJKJZZJZC": ""
  }
]

【模块二】
[
  {
    "JZRQ": "2025-12-31",
    "JBMGSY": "0.6319",
    "XSMGSY": "0.6319",
    "JBMGSYKC": "0.6386",
    "XSMGSYKC": "0.6386",
    "PTGJZCSYLJQ": "6.69",
    "KCPTGJJZCSYLJQ": "6.76"
  }
]

=== 300075-2026-04-16-数字政通-2025年年度报告.pdf ===
【模块一】
[
  {
    "JZRQ": "2025-12-31",
    "JBMGSY": "-0.61",
    "XSMGSY": "-0.61",
    "JBMGSYKC": "",
    "XSMGSYKC": "",
    "JLRJZCSYLJQ": "-11.34",
    "KCHJLRJZCSYLJQ": "",
    "PTGJZCSYLJQ": "",
    "KCPTGJZCSYLJQ": "",
    "YYZSR": "",
    "YYZSRTBZZ": "",
    "YYSR": "601737836.14",
    "YYSRTBZZ": "-15.64",
    "YYSRKCJE": "8916100.00",
    "KCHYYSR": "592821736.14",
    "KCHYYSRTBZZ": "",
    "JLRHJ": "",
    "JLRHJTBZZ": "",
    "JLR": "-378834022.20",
    "JLRTBZZ": "4.26",
    "FJCXSY": "60508284.93",
    "KCFJYXSYHDJLR": "-439342307.13",
    "KCFJYXSYHDJLRTBZZ": "-4.04",
    "PTGJLR": "",
    "PTGJLRTBZZ": "",
    "KCFJCXSYHPTGJLR": "",
    "KCFJCXSYHPTGJLRTBZZ": "",
    "JYXJLLJE": "45704117.70",
    "MGJYXJLLJE": "",
    "ZCZE": "3823640536.46",
    "GDQY": "3158845854.14",
    "MGJZCPL": "",
    "PTGMGJZC": "",
    "GJKJZEJLR": "",
    "GJKJZZJZC": ""
  },
  {
    "JZRQ": "2024-12-31",
    "JBMGSY": "-0.64",
    "XSMGSY": "-0.64",
    "JBMGSYKC": "",
    "XSMGSYKC": "",
    "JLRJZCSYLJQ": "-10.48",
    "KCHJLRJZCSYLJQ": "",
    "PTGJZCSYLJQ": "",
    "KCPTGJZCSYLJQ": "",
    "YYZSR": "",
    "YYZSRTBZZ": "",
    "YYSR": "713334334.94",
    "YYSRTBZZ": "",
    "YYSRKCJE": "13024989.59",
    "KCHYYSR": "700309345.35",
    "KCHYYSRTBZZ": "",
    "JLRHJ": "",
    "JLRHJTBZZ": "",
    "JLR": "-395700518.18",
    "JLRTBZZ": "",
    "FJCXSY": "26599575.99",
    "KCFJYXSYHDJLR": "-422300094.17",
    "KCFJYXSYHDJLRTBZZ": "",
    "PTGJLR": "",
    "PTGJLRTBZZ": "",
    "KCFJCXSYHPTGJLR": "",
    "KCFJCXSYHPTGJLRTBZZ": "",
    "JYXJLLJE": "8629425.73",
    "MGJYXJLLJE": "",
    "ZCZE": "4359134803.69",
    "GDQY": "3524914817.98",
    "MGJZCPL": "",
    "PTGMGJZC": "",
    "GJKJZEJLR": "",
    "GJKJZZJZC": ""
  },
  {
    "JZRQ": "2023-12-31",
    "JBMGSY": "0.22",
    "XSMGSY": "0.22",
    "JBMGSYKC": "",
    "XSMGSYKC": "",
    "JLRJZCSYLJQ": "3.41",
    "KCHJLRJZCSYLJQ": "",
    "PTGJZCSYLJQ": "",
    "KCPTGJZCSYLJQ": "",
    "YYZSR": "",
    "YYZSRTBZZ": "",
    "YYSR": "1213117380.29",
    "YYSRTBZZ": "",
    "YYSRKCJE": "",
    "KCHYYSR": "",
    "KCHYYSRTBZZ": "",
    "JLRHJ": "",
    "JLRHJTBZZ": "",
    "JLR": "134384220.22",
    "JLRTBZZ": "",
    "FJCXSY": "39271790.08",
    "KCFJYXSYHDJLR": "95112430.14",
    "KCFJYXSYHDJLRTBZZ": "",
    "PTGJLR": "",
    "PTGJLRTBZZ": "",
    "KCFJCXSYHPTGJLR": "",
    "KCFJCXSYHPTGJLRTBZZ": "",
    "JYXJLLJE": "132314696.47",
    "MGJYXJLLJE": "",
    "ZCZE": "4877066555.65",
    "GDQY": "4060360924.03",
    "MGJZCPL": "",
    "PTGMGJZC": "",
    "GJKJZEJLR": "",
    "GJKJZZJZC": ""
  }
]

【模块二】
[
  {
    "JZRQ": "2025-12-31",
    "JBMGSY": "-0.61",
    "XSMGSY": "-0.61",
    "JBMGSYKC": "-0.71",
    "XSMGSYKC": "-0.71",
    "PTGJZCSYLJQ": "-11.34",
    "KCPTGJZCSYLJQ": "-13.15"
  }
]

=== 300296-2026-04-16-利亚德-2025年年度报告.pdf ===
【模块一】
[
  {
    "JZRQ": "2025-12-31",
    "JBMGSY": "0.11",
    "XSMGSY": "0.11",
    "JBMGSYKC": "",
    "XSMGSYKC": "",
    "JLRJZCSYLJQ": "3.73",
    "KCHJLRJZCSYLJQ": "",
    "PTGJZCSYLJQ": "",
    "KCPTGJZCSYLJQ": "",
    "YYZSR": "",
    "YYZSRTBZZ": "",
    "YYSR": "7063687182.58",
    "YYSRTBZZ": "-1.20",
    "YYSRKCJE": "",
    "KCHYYSR": "",
    "KCHYYSRTBZZ": "",
    "JLRHJ": "",
    "JLRHJTBZZ": "",
    "JLR": "307211098.94",
    "JLRTBZZ": "134.54",
    "FJCXSY": "71155256.81",
    "KCFJYXSYHDJLR": "236055842.13",
    "KCFJYXSYHDJLRTBZZ": "125.23",
    "PTGJLR": "",
    "PTGJLRTBZZ": "",
    "KCFJCXSYHPTGJLR": "",
    "KCFJCXSYHPTGJLRTBZZ": "",
    "JYXJLLJE": "1065542052.17",
    "MGJYXJLLJE": "",
    "ZCZE": "13904544921.08",
    "GDQY": "8111173513.29",
    "MGJZCPL": "",
    "PTGMGJZC": "",
    "GJKJZEJLR": "",
    "GJKJZZJZC": ""
  },
  {
    "JZRQ": "2024-12-31",
    "JBMGSY": "-0.35",
    "XSMGSY": "-0.32",
    "JBMGSYKC": "",
    "XSMGSYKC": "",
    "JLRJZCSYLJQ": "-11.27",
    "KCHJLRJZCSYLJQ": "",
    "PTGJZCSYLJQ": "",
    "KCPTGJZCSYLJQ": "",
    "YYZSR": "",
    "YYZSRTBZZ": "",
    "YYSR": "7149676055.03",
    "YYSRTBZZ": "",
    "YYSRKCJE": "",
    "KCHYYSR": "",
    "KCHYYSRTBZZ": "",
    "JLRHJ": "",
    "JLRHJTBZZ": "",
    "JLR": "-889307916.12",
    "JLRTBZZ": "",
    "FJCXSY": "46450837.91",
    "KCFJYXSYHDJLR": "-935758754.03",
    "KCFJYXSYHDJLRTBZZ": "",
    "PTGJLR": "",
    "PTGJLRTBZZ": "",
    "KCFJCXSYHPTGJLR": "",
    "KCFJCXSYHPTGJLRTBZZ": "",
    "JYXJLLJE": "667663213.17",
    "MGJYXJLLJE": "",
    "ZCZE": "13712893523.87",
    "GDQY": "7901743921.69",
    "MGJZCPL": "",
    "PTGMGJZC": "",
    "GJKJZEJLR": "",
    "GJKJZZJZC": ""
  },
  {
    "JZRQ": "2023-12-31",
    "JBMGSY": "0.11",
    "XSMGSY": "0.12",
    "JBMGSYKC": "",
    "XSMGSYKC": "",
    "JLRJZCSYLJQ": "3.51",
    "KCHJLRJZCSYLJQ": "",
    "PTGJZCSYLJQ": "",
    "KCPTGJZCSYLJQ": "",
    "YYZSR": "",
    "YYZSRTBZZ": "",
    "YYSR": "7614999952.95",
    "YYSRTBZZ": "",
    "YYSRKCJE": "",
    "KCHYYSR": "",
    "KCHYYSRTBZZ": "",
    "JLRHJ": "",
    "JLRHJTBZZ": "",
    "JLR": "285710819.57",
    "JLRTBZZ": "",
    "FJCXSY": "96085233.32",
    "KCFJYXSYHDJLR": "189625586.25",
    "KCFJYXSYHDJLRTBZZ": "",
    "PTGJLR": "",
    "PTGJLRTBZZ": "",
    "KCFJCXSYHPTGJLR": "",
    "KCFJCXSYHPTGJLRTBZZ": "",
    "JYXJLLJE": "894046888.14",
    "MGJYXJLLJE": "",
    "ZCZE": "15036909318.21",
    "GDQY": "8263093891.76",
    "MGJZCPL": "",
    "PTGMGJZC": "",
    "GJKJZEJLR": "",
    "GJKJZZJZC": ""
  }
]

【模块二】
[
  {
    "JZRQ": "2025-12-31",
    "JBMGSY": "0.11",
    "XSMGSY": "0.11",
    "JBMGSYKC": "0.09",
    "XSMGSYKC": "0.09",
    "PTGJZCSYLJQ": "3.73",
    "KCPTGJZCSYLJQ": "2.86"
  }
]

=== 300440-2026-04-16-运达科技-2025年年度报告.pdf ===
【模块一】
[
  {
    "JZRQ": "2025-12-31",
    "JBMGSY": "0.20",
    "XSMGSY": "0.20",
    "JBMGSYKC": "",
    "XSMGSYKC": "",
    "JLRJZCSYLJQ": "5.31",
    "KCHJLRJZCSYLJQ": "",
    "PTGJZCSYLJQ": "",
    "KCPTGJZCSYLJQ": "",
    "YYZSR": "",
    "YYZSRTBZZ": "",
    "YYSR": "1195897962.90",
    "YYSRTBZZ": "21.42",
    "YYSRKCJE": "",
    "KCHYYSR": "",
    "KCHYYSRTBZZ": "",
    "JLRHJ": "",
    "JLRHJTBZZ": "",
    "JLR": "87050226.32",
    "JLRTBZZ": "78.36",
    "FJCXSY": "11942530.22",
    "KCFJYXSYHDJLR": "75107696.10",
    "KCFJYXSYHDJLRTBZZ": "75.05",
    "PTGJLR": "",
    "PTGJLRTBZZ": "",
    "KCFJCXSYHPTGJLR": "",
    "KCFJCXSYHPTGJLRTBZZ": "",
    "JYXJLLJE": "128767414.68",
    "MGJYXJLLJE": "",
    "ZCZE": "2441660766.57",
    "GDQY": "1675811382.21",
    "MGJZCPL": "",
    "PTGMGJZC": "",
    "GJKJZEJLR": "",
    "GJKJZZJZC": ""
  },
  {
    "JZRQ": "2024-12-31",
    "JBMGSY": "0.13",
    "XSMGSY": "0.13",
    "JBMGSYKC": "",
    "XSMGSYKC": "",
    "JLRJZCSYLJQ": "3.08",
    "KCHJLRJZCSYLJQ": "",
    "PTGJZCSYLJQ": "",
    "KCPTGJZCSYLJQ": "",
    "YYZSR": "",
    "YYZSRTBZZ": "",
    "YYSR": "984941214.10",
    "YYSRTBZZ": "",
    "YYSRKCJE": "",
    "KCHYYSR": "",
    "KCHYYSRTBZZ": "",
    "JLRHJ": "",
    "JLRHJTBZZ": "",
    "JLR": "48807121.80",
    "JLRTBZZ": "",
    "FJCXSY": "5900613.76",
    "KCFJYXSYHDJLR": "42906508.04",
    "KCFJYXSYHDJLRTBZZ": "",
    "PTGJLR": "",
    "PTGJLRTBZZ": "",
    "KCFJCXSYHPTGJLR": "",
    "KCFJCXSYHPTGJLRTBZZ": "",
    "JYXJLLJE": "161660569.22",
    "MGJYXJLLJE": "",
    "ZCZE": "2500664167.60",
    "GDQY": "1609653523.37",
    "MGJZCPL": "",
    "PTGMGJZC": "",
    "GJKJZEJLR": "",
    "GJKJZZJZC": ""
  },
  {
    "JZRQ": "2023-12-31",
    "JBMGSY": "0.22",
    "XSMGSY": "0.22",
    "JBMGSYKC": "",
    "XSMGSYKC": "",
    "JLRJZCSYLJQ": "6.81",
    "KCHJLRJZCSYLJQ": "",
    "PTGJZCSYLJQ": "",
    "KCPTGJZCSYLJQ": "",
    "YYZSR": "",
    "YYZSRTBZZ": "",
    "YYSR": "1184966267.88",
    "YYSRTBZZ": "",
    "YYSRKCJE": "",
    "KCHYYSR": "",
    "KCHYYSRTBZZ": "",
    "JLRHJ": "",
    "JLRHJTBZZ": "",
    "JLR": "96871841.81",
    "JLRTBZZ": "",
    "FJCXSY": "59632768.34",
    "KCFJYXSYHDJLR": "37239073.47",
    "KCFJYXSYHDJLRTBZZ": "",
    "PTGJLR": "",
    "PTGJLRTBZZ": "",
    "KCFJCXSYHPTGJLR": "",
    "KCFJCXSYHPTGJLRTBZZ": "",
    "JYXJLLJE": "145848136.17",
    "MGJYXJLLJE": "",
    "ZCZE": "2601012195.39",
    "GDQY": "1583635334.43",
    "MGJZCPL": "",
    "PTGMGJZC": "",
    "GJKJZEJLR": "",
    "GJKJZZJZC": ""
  }
]

【模块二】
[
  {
    "JZRQ": "2025-12-31",
    "JBMGSY": "0.20",
    "XSMGSY": "0.20",
    "JBMGSYKC": "0.18",
    "XSMGSYKC": "0.18",
    "PTGJZCSYLJQ": "5.31",
    "KCPTGJZCSYLJQ": "4.58"
  }
]

=== 300305-2026-04-16-裕兴股份-2025年年度报告.pdf ===
【模块一】
[
  {
    "JZRQ": "2025-12-31",
    "JBMGSY": "-0.6808",
    "XSMGSY": "-0.6808",
    "JBMGSYKC": "",
    "XSMGSYKC": "",
    "JLRJZCSYLJQ": "-12.24",
    "KCHJLRJZCSYLJQ": "",
    "PTGJZCSYLJQ": "",
    "KCPTGJZCSYLJQ": "",
    "YYZSR": "",
    "YYZSRTBZZ": "",
    "YYSR": "890356650.66",
    "YYSRTBZZ": "-19.04",
    "YYSRKCJE": "91701384.85",
    "KCHYYSR": "798655265.81",
    "KCHYYSRTBZZ": "",
    "JLRHJ": "",
    "JLRHJTBZZ": "",
    "JLR": "-255563968.82",
    "JLRTBZZ": "28.50",
    "FJCXSY": "12903500.37",
    "KCFJYXSYHDJLR": "-268467469.19",
    "KCFJYXSYHDJLRTBZZ": "27.49",
    "PTGJLR": "",
    "PTGJLRTBZZ": "",
    "KCFJCXSYHPTGJLR": "",
    "KCFJCXSYHPTGJLRTBZZ": "",
    "JYXJLLJE": "-102022653.90",
    "MGJYXJLLJE": "",
    "ZCZE": "3323937262.39",
    "GDQY": "2055322116.14",
    "MGJZCPL": "",
    "PTGMGJZC": "",
    "GJKJZEJLR": "",
    "GJKJZZJZC": ""
  },
  {
    "JZRQ": "2024-12-31",
    "JBMGSY": "-0.9789",
    "XSMGSY": "-0.9789",
    "JBMGSYKC": "",
    "XSMGSYKC": "",
    "JLRJZCSYLJQ": "-15.88",
    "KCHJLRJZCSYLJQ": "",
    "PTGJZCSYLJQ": "",
    "KCPTGJZCSYLJQ": "",
    "YYZSR": "",
    "YYZSRTBZZ": "",
    "YYSR": "1099807418.77",
    "YYSRTBZZ": "",
    "YYSRKCJE": "92198064.75",
    "KCHYYSR": "1007609354.02",
    "KCHYYSRTBZZ": "",
    "JLRHJ": "",
    "JLRHJTBZZ": "",
    "JLR": "-357408503.91",
    "JLRTBZZ": "",
    "FJCXSY": "12842931.55",
    "KCFJYXSYHDJLR": "-370251435.46",
    "KCFJYXSYHDJLRTBZZ": "",
    "PTGJLR": "",
    "PTGJLRTBZZ": "",
    "KCFJCXSYHPTGJLR": "",
    "KCFJCXSYHPTGJLRTBZZ": "",
    "JYXJLLJE": "-108966307.73",
    "MGJYXJLLJE": "",
    "ZCZE": "3632313958.14",
    "GDQY": "2279839265.11",
    "MGJZCPL": "",
    "PTGMGJZC": "",
    "GJKJZEJLR": "",
    "GJKJZZJZC": ""
  },
  {
    "JZRQ": "2023-12-31",
    "JBMGSY": "0.0306",
    "XSMGSY": "0.0306",
    "JBMGSYKC": "",
    "XSMGSYKC": "",
    "JLRJZCSYLJQ": "0.46",
    "KCHJLRJZCSYLJQ": "",
    "PTGJZCSYLJQ": "",
    "KCPTGJZCSYLJQ": "",
    "YYZSR": "",
    "YYZSRTBZZ": "",
    "YYSR": "1685557356.16",
    "YYSRTBZZ": "",
    "YYSRKCJE": "",
    "KCHYYSR": "",
    "KCHYYSRTBZZ": "",
    "JLRHJ": "",
    "JLRHJTBZZ": "",
    "JLR": "8705821.68",
    "JLRTBZZ": "",
    "FJCXSY": "7318141.42",
    "KCFJYXSYHDJLR": "1387680.26",
    "KCFJYXSYHDJLRTBZZ": "",
    "PTGJLR": "",
    "PTGJLRTBZZ": "",
    "KCFJCXSYHPTGJLR": "",
    "KCFJCXSYHPTGJLRTBZZ": "",
    "JYXJLLJE": "-158480050.54",
    "MGJYXJLLJE": "",
    "ZCZE": "3460313990.38",
    "GDQY": "1955717284.11",
    "MGJZCPL": "",
    "PTGMGJZC": "",
    "GJKJZEJLR": "",
    "GJKJZZJZC": ""
  }
]

【模块二】
[
  {
    "JZRQ": "2025-12-31",
    "JBMGSY": "-0.6808",
    "XSMGSY": "-0.6808",
    "JBMGSYKC": "-0.7151",
    "XSMGSYKC": "-0.7151",
    "PTGJZCSYLJQ": "-12.24",
    "KCPTGJZCSYLJQ": "-12.90"
  }
]

=== 300618-2026-04-16-寒锐钴业-2025年年度报告.pdf ===
【模块一】
[
  {
    "JZRQ": "2025-12-31",
    "JBMGSY": "0.82",
    "XSMGSY": "0.82",
    "JBMGSYKC": "",
    "XSMGSYKC": "",
    "JLRJZCSYLJQ": "4.65",
    "KCHJLRJZCSYLJQ": "",
    "PTGJZCSYLJQ": "",
    "KCPTGJZCSYLJQ": "",
    "YYZSR": "",
    "YYZSRTBZZ": "",
    "YYSR": "6694831736.42",
    "YYSRTBZZ": "12.52",
    "YYSRKCJE": "",
    "KCHYYSR": "",
    "KCHYYSRTBZZ": "",
    "JLRHJ": "",
    "JLRHJTBZZ": "",
    "JLR": "254521184.80",
    "JLRTBZZ": "26.24",
    "FJCXSY": "4447039.11",
    "KCFJYXSYHDJLR": "250074145.69",
    "KCFJYXSYHDJLRTBZZ": "8.39",
    "PTGJLR": "",
    "PTGJLRTBZZ": "",
    "KCFJCXSYHPTGJLR": "",
    "KCFJCXSYHPTGJLRTBZZ": "",
    "JYXJLLJE": "-462305854.66",
    "MGJYXJLLJE": "",
    "ZCZE": "10068877818.56",
    "GDQY": "5394565286.23",
    "MGJZCPL": "",
    "PTGMGJZC": "",
    "GJKJZEJLR": "",
    "GJKJZZJZC": ""
  },
  {
    "JZRQ": "2024-12-31",
    "JBMGSY": "0.65",
    "XSMGSY": "0.65",
    "JBMGSYKC": "",
    "XSMGSYKC": "",
    "JLRJZCSYLJQ": "3.74",
    "KCHJLRJZCSYLJQ": "",
    "PTGJZCSYLJQ": "",
    "KCPTGJZCSYLJQ": "",
    "YYZSR": "",
    "YYZSRTBZZ": "",
    "YYSR": "5949911320.05",
    "YYSRTBZZ": "",
    "YYSRKCJE": "",
    "KCHYYSR": "",
    "KCHYYSRTBZZ": "",
    "JLRHJ": "",
    "JLRHJTBZZ": "",
    "JLR": "201623397.32",
    "JLRTBZZ": "",
    "FJCXSY": "-29091644.00",
    "KCFJYXSYHDJLR": "230715041.32",
    "KCFJYXSYHDJLRTBZZ": "",
    "PTGJLR": "",
    "PTGJLRTBZZ": "",
    "KCFJCXSYHPTGJLR": "",
    "KCFJCXSYHPTGJLRTBZZ": "",
    "JYXJLLJE": "571127283.77",
    "MGJYXJLLJE": "",
    "ZCZE": "8627837495.98",
    "GDQY": "5542375599.71",
    "MGJZCPL": "",
    "PTGMGJZC": "",
    "GJKJZEJLR": "",
    "GJKJZZJZC": ""
  },
  {
    "JZRQ": "2023-12-31",
    "JBMGSY": "0.45",
    "XSMGSY": "0.45",
    "JBMGSYKC": "",
    "XSMGSYKC": "",
    "JLRJZCSYLJQ": "2.69",
    "KCHJLRJZCSYLJQ": "",
    "PTGJZCSYLJQ": "",
    "KCPTGJZCSYLJQ": "",
    "YYZSR": "",
    "YYZSRTBZZ": "",
    "YYSR": "4788752338.57",
    "YYSRTBZZ": "",
    "YYSRKCJE": "",
    "KCHYYSR": "",
    "KCHYYSRTBZZ": "",
    "JLRHJ": "",
    "JLRHJTBZZ": "",
    "JLR": "138239712.26",
    "JLRTBZZ": "",
    "FJCXSY": "-53775695.85",
    "KCFJYXSYHDJLR": "192015408.11",
    "KCFJYXSYHDJLRTBZZ": "",
    "PTGJLR": "",
    "PTGJLRTBZZ": "",
    "KCFJCXSYHPTGJLR": "",
    "KCFJCXSYHPTGJLRTBZZ": "",
    "JYXJLLJE": "176144636.05",
    "MGJYXJLLJE": "",
    "ZCZE": "7773138536.14",
    "GDQY": "5205507380.40",
    "MGJZCPL": "",
    "PTGMGJZC": "",
    "GJKJZEJLR": "",
    "GJKJZZJZC": ""
  }
]

【模块二】
[
  {
    "JZRQ": "2025-12-31",
    "JBMGSY": "0.82",
    "XSMGSY": "0.82",
    "JBMGSYKC": "0.81",
    "XSMGSYKC": "0.81",
    "PTGJZCSYLJQ": "4.65",
    "KCPTGJZCSYLJQ": "4.57"
  }
]

=== 300623-2026-04-16-捷捷微电-2025年年度报告.pdf ===
【模块一】
[
  {
    "JZRQ": "2025-12-31",
    "JBMGSY": "0.57",
    "XSMGSY": "0.57",
    "JBMGSYKC": "",
    "XSMGSYKC": "",
    "JLRJZCSYLJQ": "8.10",
    "KCHJLRJZCSYLJQ": "",
    "PTGJZCSYLJQ": "",
    "KCPTGJZCSYLJQ": "",
    "YYZSR": "",
    "YYZSRTBZZ": "",
    "YYSR": "3494134538.24",
    "YYSRTBZZ": "22.83",
    "YYSRKCJE": "",
    "KCHYYSR": "",
    "KCHYYSRTBZZ": "",
    "JLRHJ": "",
    "JLRHJTBZZ": "",
    "JLR": "476689147.89",
    "JLRTBZZ": "0.77",
    "FJCXSY": "212843.42",
    "KCFJYXSYHDJLR": "476476304.47",
    "KCFJYXSYHDJLRTBZZ": "14.61",
    "PTGJLR": "",
    "PTGJLRTBZZ": "",
    "KCFJCXSYHPTGJLR": "",
    "KCFJCXSYHPTGJLRTBZZ": "",
    "JYXJLLJE": "773502841.62",
    "MGJYXJLLJE": "",
    "ZCZE": "8257946298.77",
    "GDQY": "6031310372.71",
    "MGJZCPL": "",
    "PTGMGJZC": "",
    "GJKJZEJLR": "",
    "GJKJZZJZC": ""
  },
  {
    "JZRQ": "2024-12-31",
    "JBMGSY": "0.63",
    "XSMGSY": "0.60",
    "JBMGSYKC": "",
    "XSMGSYKC": "",
    "JLRJZCSYLJQ": "11.33",
    "KCHJLRJZCSYLJQ": "",
    "PTGJZCSYLJQ": "",
    "KCPTGJZCSYLJQ": "",
    "YYZSR": "",
    "YYZSRTBZZ": "",
    "YYSR": "2844685043.17",
    "YYSRTBZZ": "",
    "YYSRKCJE": "",
    "KCHYYSR": "",
    "KCHYYSRTBZZ": "",
    "JLRHJ": "",
    "JLRHJTBZZ": "",
    "JLR": "473038235.82",
    "JLRTBZZ": "",
    "FJCXSY": "57308685.56",
    "KCFJYXSYHDJLR": "415729550.26",
    "KCFJYXSYHDJLRTBZZ": "",
    "PTGJLR": "",
    "PTGJLRTBZZ": "",
    "KCFJCXSYHPTGJLR": "",
    "KCFJCXSYHPTGJLRTBZZ": "",
    "JYXJLLJE": "719940537.36",
    "MGJYXJLLJE": "",
    "ZCZE": "8051941895.96",
    "GDQY": "5810732305.93",
    "MGJZCPL": "",
    "PTGMGJZC": "",
    "GJKJZEJLR": "",
    "GJKJZZJZC": ""
  },
  {
    "JZRQ": "2023-12-31",
    "JBMGSY": "0.30",
    "XSMGSY": "0.28",
    "JBMGSYKC": "",
    "XSMGSYKC": "",
    "JLRJZCSYLJQ": "5.97",
    "KCHJLRJZCSYLJQ": "",
    "PTGJZCSYLJQ": "",
    "KCPTGJZCSYLJQ": "",
    "YYZSR": "",
    "YYZSRTBZZ": "",
    "YYSR": "2106360178.68",
    "YYSRTBZZ": "",
    "YYSRKCJE": "",
    "KCHYYSR": "",
    "KCHYYSRTBZZ": "",
    "JLRHJ": "",
    "JLRHJTBZZ": "",
    "JLR": "219129187.55",
    "JLRTBZZ": "",
    "FJCXSY": "14867614.43",
    "KCFJYXSYHDJLR": "204261573.12",
    "KCFJYXSYHDJLRTBZZ": "",
    "PTGJLR": "",
    "PTGJLRTBZZ": "",
    "KCFJCXSYHPTGJLR": "",
    "KCFJCXSYHPTGJLRTBZZ": "",
    "JYXJLLJE": "934614802.10",
    "MGJYXJLLJE": "",
    "ZCZE": "7721873336.43",
    "GDQY": "3758525074.69",
    "MGJZCPL": "",
    "PTGMGJZC": "",
    "GJKJZEJLR": "",
    "GJKJZZJZC": ""
  }
]

【模块二】
[
  {
    "JZRQ": "2025-12-31",
    "JBMGSY": "0.57",
    "XSMGSY": "0.57",
    "JBMGSYKC": "0.57",
    "XSMGSYKC": "0.57",
    "PTGJZCSYLJQ": "8.10",
    "KCPTGJZCSYLJQ": "8.09"
  }
]

=== 300666-2026-04-16-江丰电子-2025年年度报告.pdf ===
【模块一】
[
  {
    "JZRQ": "2025-12-31",
    "JBMGSY": "1.89",
    "XSMGSY": "1.89",
    "JBMGSYKC": "",
    "XSMGSYKC": "",
    "JLRJZCSYLJQ": "10.58",
    "KCHJLRJZCSYLJQ": "",
    "PTGJZCSYLJQ": "",
    "KCPTGJZCSYLJQ": "",
    "YYZSR": "",
    "YYZSRTBZZ": "",
    "YYSR": "4604100743.12",
    "YYSRTBZZ": "27.72",
    "YYSRKCJE": "",
    "KCHYYSR": "",
    "KCHYYSRTBZZ": "",
    "JLRHJ": "",
    "JLRHJTBZZ": "",
    "JLR": "499503040.66",
    "JLRTBZZ": "24.70",
    "FJCXSY": "139108192.39",
    "KCFJYXSYHDJLR": "360394848.27",
    "KCFJYXSYHDJLRTBZZ": "18.74",
    "PTGJLR": "",
    "PTGJLRTBZZ": "",
    "KCFJCXSYHPTGJLR": "",
    "KCFJCXSYHPTGJLRTBZZ": "",
    "JYXJLLJE": "470016208.29",
    "MGJYXJLLJE": "",
    "ZCZE": "10582798046.07",
    "GDQY": "4968925631.42",
    "MGJZCPL": "",
    "PTGMGJZC": "",
    "GJKJZEJLR": "",
    "GJKJZZJZC": ""
  },
  {
    "JZRQ": "2024-12-31",
    "JBMGSY": "1.51",
    "XSMGSY": "1.51",
    "JBMGSYKC": "",
    "XSMGSYKC": "",
    "JLRJZCSYLJQ": "9.24",
    "KCHJLRJZCSYLJQ": "",
    "PTGJZCSYLJQ": "",
    "KCPTGJZCSYLJQ": "",
    "YYZSR": "",
    "YYZSRTBZZ": "",
    "YYSR": "3604962847.84",
    "YYSRTBZZ": "",
    "YYSRKCJE": "",
    "KCHYYSR": "",
    "KCHYYSRTBZZ": "",
    "JLRHJ": "",
    "JLRHJTBZZ": "",
    "JLR": "400564027.03",
    "JLRTBZZ": "",
    "FJCXSY": "97058286.37",
    "KCFJYXSYHDJLR": "303505740.66",
    "KCFJYXSYHDJLRTBZZ": "",
    "PTGJLR": "",
    "PTGJLRTBZZ": "",
    "KCFJCXSYHPTGJLR": "",
    "KCFJCXSYHPTGJLRTBZZ": "",
    "JYXJLLJE": "-96329842.68",
    "MGJYXJLLJE": "",
    "ZCZE": "8689443785.51",
    "GDQY": "4501834620.36",
    "MGJZCPL": "",
    "PTGMGJZC": "",
    "GJKJZEJLR": "",
    "GJKJZZJZC": ""
  },
  {
    "JZRQ": "2023-12-31",
    "JBMGSY": "0.96",
    "XSMGSY": "0.96",
    "JBMGSYKC": "",
    "XSMGSYKC": "",
    "JLRJZCSYLJQ": "6.25",
    "KCHJLRJZCSYLJQ": "",
    "PTGJZCSYLJQ": "",
    "KCPTGJZCSYLJQ": "",
    "YYZSR": "",
    "YYZSRTBZZ": "",
    "YYSR": "2601608568.67",
    "YYSRTBZZ": "",
    "YYSRKCJE": "",
    "KCHYYSR": "",
    "KCHYYSRTBZZ": "",
    "JLRHJ": "",
    "JLRHJTBZZ": "",
    "JLR": "255474568.79",
    "JLRTBZZ": "",
    "FJCXSY": "99768376.88",
    "KCFJYXSYHDJLR": "155706191.91",
    "KCFJYXSYHDJLRTBZZ": "",
    "PTGJLR": "",
    "PTGJLRTBZZ": "",
    "KCFJCXSYHPTGJLR": "",
    "KCFJCXSYHPTGJLRTBZZ": "",
    "JYXJLLJE": "251025634.23",
    "MGJYXJLLJE": "",
    "ZCZE": "6271647079.35",
    "GDQY": "4174314633.25",
    "MGJZCPL": "",
    "PTGMGJZC": "",
    "GJKJZEJLR": "",
    "GJKJZZJZC": ""
  }
]

【模块二】
[
  {
    "JZRQ": "2025-12-31",
    "JBMGSY": "1.89",
    "XSMGSY": "1.89",
    "JBMGSYKC": "1.36",
    "XSMGSYKC": "1.36",
    "PTGJZCSYLJQ": "10.58",
    "KCPTGJZCSYLJQ": "7.62"
  }
]

=== 300732-2026-04-16-设研院-2025年年度报告.pdf ===
【模块一】
[
  {
    "JZRQ": "2025-12-31",
    "JBMGSY": "-0.49",
    "XSMGSY": "-0.49",
    "JLRJZCSYLJQ": "-6.44",
    "KCHJLRJZCSYLJQ": "",
    "YYSR": "1688293193.29",
    "YYSRTBZZ": "12.50",
    "YYSRKCJE": "69776072.39",
    "KCHYYSR": "1618517120.90",
    "KCHYYSRTBZZ": "",
    "JLR": "-163194899.95",
    "JLRTBZZ": "26.35",
    "FJCXSY": "7137036.20",
    "KCFJYXSYHDJLR": "-170331936.15",
    "KCFJYXSYHDJLRTBZZ": "27.15",
    "JYXJLLJE": "179654261.95",
    "ZCZE": "6134020837.74",
    "GDQY": "2805767713.62",
    "MGJZCPL": "",
    "PTGMGJZC": ""
  },
  {
    "JZRQ": "2024-12-31",
    "JBMGSY": "-0.68",
    "XSMGSY": "-0.68",
    "JLRJZCSYLJQ": "-7.94",
    "KCHJLRJZCSYLJQ": "",
    "YYSR": "1500757368.70",
    "YYSRTBZZ": "",
    "YYSRKCJE": "62322154.55",
    "KCHYYSR": "1438435214.15",
    "KCHYYSRTBZZ": "",
    "JLR": "-221578841.97",
    "JLRTBZZ": "",
    "FJCXSY": "12218877.37",
    "KCFJYXSYHDJLR": "-233797719.34",
    "KCFJYXSYHDJLRTBZZ": "",
    "JYXJLLJE": "61157308.20",
    "ZCZE": "6507741073.54",
    "GDQY": "2614631725.90",
    "MGJZCPL": "",
    "PTGMGJZC": ""
  },
  {
    "JZRQ": "2023-12-31",
    "JBMGSY": "0.37",
    "XSMGSY": "0.36",
    "JLRJZCSYLJQ": "4.11",
    "KCHJLRJZCSYLJQ": "",
    "YYSR": "2307927505.84",
    "YYSRTBZZ": "",
    "YYSRKCJE": "",
    "KCHYYSR": "",
    "KCHYYSRTBZZ": "",
    "JLR": "120429580.48",
    "JLRTBZZ": "",
    "FJCXSY": "11588177.96",
    "KCFJYXSYHDJLR": "108841402.52",
    "KCFJYXSYHDJLRTBZZ": "",
    "JYXJLLJE": "-140670201.60",
    "ZCZE": "6749975226.84",
    "GDQY": "2901053599.38",
    "MGJZCPL": "",
    "PTGMGJZC": ""
  }
]

【模块二】
[
  {
    "JZRQ": "2025-12-31",
    "JBMGSY": "-0.49",
    "XSMGSY": "-0.49",
    "JBMGSYKC": "-0.51",
    "XSMGSYKC": "-0.51",
    "PTGJZCSYLJQ": "-6.44",
    "KCPTGJZCSYLJQ": "-6.72"
  }
]

=== 300685-2026-04-16-艾德生物-2025年年度报告.pdf ===
【模块一】
[
  {
    "JZRQ": "2025-12-31",
    "JBMGSY": "0.91",
    "XSMGSY": "0.90",
    "JBMGSYKC": "",
    "XSMGSYKC": "",
    "JLRJZCSYLJQ": "18.55",
    "KCHJLRJZCSYLJQ": "",
    "PTGJZCSYLJQ": "",
    "KCPTGJZCSYLJQ": "",
    "YYZSR": "",
    "YYZSRTBZZ": "",
    "YYSR": "1197733641.14",
    "YYSRTBZZ": "8.01",
    "YYSRKCJE": "",
    "KCHYYSR": "",
    "KCHYYSRTBZZ": "",
    "JLRHJ": "",
    "JLRHJTBZZ": "",
    "JLR": "361255321.05",
    "JLRTBZZ": "41.74",
    "FJCXSY": "17853822.73",
    "KCFJYXSYHDJLR": "343401498.32",
    "KCFJYXSYHDJLRTBZZ": "47.33",
    "PTGJLR": "",
    "PTGJLRTBZZ": "",
    "KCFJCXSYHPTGJLR": "",
    "KCFJCXSYHPTGJLRTBZZ": "",
    "JYXJLLJE": "364824059.51",
    "MGJYXJLLJE": "",
    "ZCZE": "2347635386.33",
    "GDQY": "2055946404.27",
    "MGJZCPL": "",
    "PTGMGJZC": "",
    "GJKJZEJLR": "",
    "GJKJZZJZC": ""
  },
  {
    "JZRQ": "2024-12-31",
    "JBMGSY": "0.64",
    "XSMGSY": "0.64",
    "JBMGSYKC": "",
    "XSMGSYKC": "",
    "JLRJZCSYLJQ": "14.37",
    "KCHJLRJZCSYLJQ": "",
    "PTGJZCSYLJQ": "",
    "KCPTGJZCSYLJQ": "",
    "YYZSR": "",
    "YYZSRTBZZ": "",
    "YYSR": "1108948700.11",
    "YYSRTBZZ": "",
    "YYSRKCJE": "",
    "KCHYYSR": "",
    "KCHYYSRTBZZ": "",
    "JLRHJ": "",
    "JLRHJTBZZ": "",
    "JLR": "254863444.95",
    "JLRTBZZ": "",
    "FJCXSY": "21775494.68",
    "KCFJYXSYHDJLR": "233087950.27",
    "KCFJYXSYHDJLRTBZZ": "",
    "PTGJLR": "",
    "PTGJLRTBZZ": "",
    "KCFJCXSYHPTGJLR": "",
    "KCFJCXSYHPTGJLRTBZZ": "",
    "JYXJLLJE": "341845598.08",
    "MGJYXJLLJE": "",
    "ZCZE": "2064801711.06",
    "GDQY": "1843264757.86",
    "MGJZCPL": "",
    "PTGMGJZC": "",
    "GJKJZEJLR": "",
    "GJKJZZJZC": ""
  },
  {
    "JZRQ": "2023-12-31",
    "JBMGSY": "0.66",
    "XSMGSY": "0.66",
    "JBMGSYKC": "",
    "XSMGSYKC": "",
    "JLRJZCSYLJQ": "16.33",
    "KCHJLRJZCSYLJQ": "",
    "PTGJZCSYLJQ": "",
    "KCPTGJZCSYLJQ": "",
    "YYZSR": "",
    "YYZSRTBZZ": "",
    "YYSR": "1043506694.32",
    "YYSRTBZZ": "",
    "YYSRKCJE": "",
    "KCHYYSR": "",
    "KCHYYSRTBZZ": "",
    "JLRHJ": "",
    "JLRHJTBZZ": "",
    "JLR": "261484433.37",
    "JLRTBZZ": "",
    "FJCXSY": "22531882.88",
    "KCFJYXSYHDJLR": "238952550.49",
    "KCFJYXSYHDJLRTBZZ": "",
    "PTGJLR": "",
    "PTGJLRTBZZ": "",
    "KCFJCXSYHPTGJLR": "",
    "KCFJCXSYHPTGJLRTBZZ": "",
    "JYXJLLJE": "298715870.41",
    "MGJYXJLLJE": "",
    "ZCZE": "1934881553.02",
    "GDQY": "1703320906.08",
    "MGJZCPL": "",
    "PTGMGJZC": "",
    "GJKJZEJLR": "",
    "GJKJZZJZC": ""
  }
]

【模块二】
[
  {
    "JZRQ": "2025-12-31",
    "JBMGSY": "0.91",
    "XSMGSY": "0.90",
    "JBMGSYKC": "0.86",
    "XSMGSYKC": "0.86",
    "PTGJZCSYLJQ": "18.55",
    "KCPTGJZCSYLJQ": "17.63"
  }
]

=== 300886-2026-04-16-华业香料-2025年年度报告.pdf ===
【模块一】
[
  {
    "JZRQ": "2025-12-31",
    "JBMGSY": "0.4045",
    "XSMGSY": "0.4045",
    "JBMGSYKC": "",
    "XSMGSYKC": "",
    "JLRJZCSYLJQ": "5.22",
    "KCHJLRJZCSYLJQ": "",
    "PTGJZCSYLJQ": "",
    "KCPTGJZCSYLJQ": "",
    "YYZSR": "",
    "YYZSRTBZZ": "",
    "YYSR": "372190909.33",
    "YYSRTBZZ": "7.83",
    "YYSRKCJE": "",
    "KCHYYSR": "",
    "KCHYYSRTBZZ": "",
    "JLRHJ": "",
    "JLRHJTBZZ": "",
    "JLR": "30217289.20",
    "JLRTBZZ": "36.79",
    "FJCXSY": "897013.80",
    "KCFJYXSYHDJLR": "29320275.40",
    "KCFJYXSYHDJLRTBZZ": "53.10",
    "PTGJLR": "",
    "PTGJLRTBZZ": "",
    "KCFJCXSYHPTGJLR": "",
    "KCFJCXSYHPTGJLRTBZZ": "",
    "JYXJLLJE": "16262987.75",
    "MGJYXJLLJE": "",
    "ZCZE": "721176263.30",
    "GDQY": "590200294.97",
    "MGJZCPL": "",
    "PTGMGJZC": "",
    "GJKJZEJLR": "",
    "GJKJZZJZC": ""
  },
  {
    "JZRQ": "2024-12-31",
    "JBMGSY": "0.2963",
    "XSMGSY": "0.2963",
    "JBMGSYKC": "",
    "XSMGSYKC": "",
    "JLRJZCSYLJQ": "4.01",
    "KCHJLRJZCSYLJQ": "",
    "PTGJZCSYLJQ": "",
    "KCPTGJZCSYLJQ": "",
    "YYZSR": "",
    "YYZSRTBZZ": "",
    "YYSR": "345180521.41",
    "YYSRTBZZ": "",
    "YYSRKCJE": "",
    "KCHYYSR": "",
    "KCHYYSRTBZZ": "",
    "JLRHJ": "",
    "JLRHJTBZZ": "",
    "JLR": "22089850.23",
    "JLRTBZZ": "",
    "FJCXSY": "2938620.20",
    "KCFJYXSYHDJLR": "19151230.03",
    "KCFJYXSYHDJLRTBZZ": "",
    "PTGJLR": "",
    "PTGJLRTBZZ": "",
    "KCFJCXSYHPTGJLR": "",
    "KCFJCXSYHPTGJLRTBZZ": "",
    "JYXJLLJE": "20420665.16",
    "MGJYXJLLJE": "",
    "ZCZE": "631737498.02",
    "GDQY": "565479417.63",
    "MGJZCPL": "",
    "PTGMGJZC": "",
    "GJKJZEJLR": "",
    "GJKJZZJZC": ""
  },
  {
    "JZRQ": "2023-12-31",
    "JBMGSY": "-0.0529",
    "XSMGSY": "-0.0529",
    "JBMGSYKC": "",
    "XSMGSYKC": "",
    "JLRJZCSYLJQ": "-0.73",
    "KCHJLRJZCSYLJQ": "",
    "PTGJZCSYLJQ": "",
    "KCPTGJZCSYLJQ": "",
    "YYZSR": "",
    "YYZSRTBZZ": "",
    "YYSR": "269418412.06",
    "YYSRTBZZ": "",
    "YYSRKCJE": "",
    "KCHYYSR": "",
    "KCHYYSRTBZZ": "",
    "JLRHJ": "",
    "JLRHJTBZZ": "",
    "JLR": "-3945839.45",
    "JLRTBZZ": "",
    "FJCXSY": "3302075.95",
    "KCFJYXSYHDJLR": "-7247915.40",
    "KCFJYXSYHDJLRTBZZ": "",
    "PTGJLR": "",
    "PTGJLRTBZZ": "",
    "KCFJCXSYHPTGJLR": "",
    "KCFJCXSYHPTGJLRTBZZ": "",
    "JYXJLLJE": "39419395.19",
    "MGJYXJLLJE": "",
    "ZCZE": "602320218.77",
    "GDQY": "538554722.60",
    "MGJZCPL": "",
    "PTGMGJZC": "",
    "GJKJZEJLR": "",
    "GJKJZZJZC": ""
  }
]

【模块二】
[
  {
    "JZRQ": "2025-12-31",
    "JBMGSY": "0.4045",
    "XSMGSY": "0.4045",
    "JBMGSYKC": "0.39",
    "XSMGSYKC": "0.39",
    "PTGJZCSYLJQ": "5.22",
    "KCPTGJZCSYLJQ": "5.06"
  }
]

=== 300717-2026-04-16-华信新材-2025年年度报告.pdf ===
【模块一】
[
  {
    "JZRQ": "2025-12-31",
    "JBMGSY": "0.54",
    "XSMGSY": "0.54",
    "JBMGSYKC": "",
    "XSMGSYKC": "",
    "JLRJZCSYLJQ": "7.64",
    "KCHJLRJZCSYLJQ": "",
    "PTGJZCSYLJQ": "",
    "KCPTGJZCSYLJQ": "",
    "YYZSR": "",
    "YYZSRTBZZ": "",
    "YYSR": "359745842.59",
    "YYSRTBZZ": "12.87",
    "YYSRKCJE": "",
    "KCHYYSR": "",
    "KCHYYSRTBZZ": "",
    "JLRHJ": "",
    "JLRHJTBZZ": "",
    "JLR": "55040473.45",
    "JLRTBZZ": "8.78",
    "FJCXSY": "697474.33",
    "KCFJYXSYHDJLR": "54342999.12",
    "KCFJYXSYHDJLRTBZZ": "10.71",
    "PTGJLR": "",
    "PTGJLRTBZZ": "",
    "KCFJCXSYHPTGJLR": "",
    "KCFJCXSYHPTGJLRTBZZ": "",
    "JYXJLLJE": "82298034.70",
    "MGJYXJLLJE": "",
    "ZCZE": "1002381620.57",
    "GDQY": "728482760.47",
    "MGJZCPL": "",
    "PTGMGJZC": "",
    "GJKJZEJLR": "",
    "GJKJZZJZC": ""
  },
  {
    "JZRQ": "2024-12-31",
    "JBMGSY": "0.49",
    "XSMGSY": "0.49",
    "JBMGSYKC": "",
    "XSMGSYKC": "",
    "JLRJZCSYLJQ": "7.36",
    "KCHJLRJZCSYLJQ": "",
    "PTGJZCSYLJQ": "",
    "KCPTGJZCSYLJQ": "",
    "YYZSR": "",
    "YYZSRTBZZ": "",
    "YYSR": "318734146.26",
    "YYSRTBZZ": "",
    "YYSRKCJE": "",
    "KCHYYSR": "",
    "KCHYYSRTBZZ": "",
    "JLRHJ": "",
    "JLRHJTBZZ": "",
    "JLR": "50597407.05",
    "JLRTBZZ": "",
    "FJCXSY": "1509638.65",
    "KCFJYXSYHDJLR": "49087768.40",
    "KCFJYXSYHDJLRTBZZ": "",
    "PTGJLR": "",
    "PTGJLRTBZZ": "",
    "KCFJCXSYHPTGJLR": "",
    "KCFJCXSYHPTGJLRTBZZ": "",
    "JYXJLLJE": "48358875.93",
    "MGJYXJLLJE": "",
    "ZCZE": "928557596.01",
    "GDQY": "704534917.22",
    "MGJZCPL": "",
    "PTGMGJZC": "",
    "GJKJZEJLR": "",
    "GJKJZZJZC": ""
  },
  {
    "JZRQ": "2023-12-31",
    "JBMGSY": "0.40",
    "XSMGSY": "0.40",
    "JBMGSYKC": "",
    "XSMGSYKC": "",
    "JLRJZCSYLJQ": "6.19",
    "KCHJLRJZCSYLJQ": "",
    "PTGJZCSYLJQ": "",
    "KCPTGJZCSYLJQ": "",
    "YYZSR": "",
    "YYZSRTBZZ": "",
    "YYSR": "327052453.92",
    "YYSRTBZZ": "",
    "YYSRKCJE": "",
    "KCHYYSR": "",
    "KCHYYSRTBZZ": "",
    "JLRHJ": "",
    "JLRHJTBZZ": "",
    "JLR": "40981207.51",
    "JLRTBZZ": "",
    "FJCXSY": "1696520.70",
    "KCFJYXSYHDJLR": "39284686.81",
    "KCFJYXSYHDJLRTBZZ": "",
    "PTGJLR": "",
    "PTGJLRTBZZ": "",
    "KCFJCXSYHPTGJLR": "",
    "KCFJCXSYHPTGJLRTBZZ": "",
    "JYXJLLJE": "86471790.51",
    "MGJYXJLLJE": "",
    "ZCZE": "768807672.25",
    "GDQY": "673762824.97",
    "MGJZCPL": "",
    "PTGMGJZC": "",
    "GJKJZEJLR": "",
    "GJKJZZJZC": ""
  }
]

【模块二】
[
  {
    "JZRQ": "2025-12-31",
    "JBMGSY": "0.54",
    "XSMGSY": "0.54",
    "JBMGSYKC": "0.53",
    "XSMGSYKC": "0.53",
    "PTGJZCSYLJQ": "7.64",
    "KCPTGJZCSYLJQ": "7.55"
  }
]

=== 300918-2026-04-16-南山智尚-2025年年度报告.pdf ===
【模块一】
[
  {
    "JZRQ": "2025-12-31",
    "JBMGSY": "0.28",
    "XSMGSY": "0.28",
    "JBMGSYKC": "",
    "XSMGSYKC": "",
    "JLRJZCSYLJQ": "3.93",
    "KCHJLRJZCSYLJQ": "",
    "PTGJZCSYLJQ": "",
    "KCPTGJZCSYLJQ": "",
    "YYZSR": "",
    "YYZSRTBZZ": "",
    "YYSR": "1792922240.79",
    "YYSRTBZZ": "10.96",
    "YYSRKCJE": "",
    "KCHYYSR": "",
    "KCHYYSRTBZZ": "",
    "JLRHJ": "",
    "JLRHJTBZZ": "",
    "JLR": "128083538.38",
    "JLRTBZZ": "-32.89",
    "FJCXSY": "6881676.71",
    "KCFJYXSYHDJLR": "121201861.67",
    "KCFJYXSYHDJLRTBZZ": "-33.59",
    "PTGJLR": "",
    "PTGJLRTBZZ": "",
    "KCFJCXSYHPTGJLR": "",
    "KCFJCXSYHPTGJLRTBZZ": "",
    "JYXJLLJE": "22116449.33",
    "MGJYXJLLJE": "",
    "ZCZE": "5310582540.84",
    "GDQY": "3794009446.04",
    "MGJZCPL": "",
    "PTGMGJZC": "",
    "GJKJZEJLR": "",
    "GJKJZZJZC": ""
  },
  {
    "JZRQ": "2024-12-31",
    "JBMGSY": "0.54",
    "XSMGSY": "0.50",
    "JBMGSYKC": "",
    "XSMGSYKC": "",
    "JLRJZCSYLJQ": "9.14",
    "KCHJLRJZCSYLJQ": "",
    "PTGJZCSYLJQ": "",
    "KCPTGJZCSYLJQ": "",
    "YYZSR": "",
    "YYZSRTBZZ": "",
    "YYSR": "1615844690.04",
    "YYSRTBZZ": "",
    "YYSRKCJE": "",
    "KCHYYSR": "",
    "KCHYYSRTBZZ": "",
    "JLRHJ": "",
    "JLRHJTBZZ": "",
    "JLR": "190843571.38",
    "JLRTBZZ": "",
    "FJCXSY": "8325950.51",
    "KCFJYXSYHDJLR": "182517620.87",
    "KCFJYXSYHDJLRTBZZ": "",
    "PTGJLR": "",
    "PTGJLRTBZZ": "",
    "KCFJCXSYHPTGJLR": "",
    "KCFJCXSYHPTGJLRTBZZ": "",
    "JYXJLLJE": "242880830.91",
    "MGJYXJLLJE": "",
    "ZCZE": "4622464777.81",
    "GDQY": "2195352569.40",
    "MGJZCPL": "",
    "PTGMGJZC": "",
    "GJKJZEJLR": "",
    "GJKJZZJZC": ""
  },
  {
    "JZRQ": "2023-12-31",
    "JBMGSY": "0.56",
    "XSMGSY": "0.50",
    "JBMGSYKC": "",
    "XSMGSYKC": "",
    "JLRJZCSYLJQ": "10.39",
    "KCHJLRJZCSYLJQ": "",
    "PTGJZCSYLJQ": "",
    "KCPTGJZCSYLJQ": "",
    "YYZSR": "",
    "YYZSRTBZZ": "",
    "YYSR": "1600227822.34",
    "YYSRTBZZ": "",
    "YYSRKCJE": "",
    "KCHYYSR": "",
    "KCHYYSRTBZZ": "",
    "JLRHJ": "",
    "JLRHJTBZZ": "",
    "JLR": "202647712.55",
    "JLRTBZZ": "",
    "FJCXSY": "4698982.25",
    "KCFJYXSYHDJLR": "197948730.30",
    "KCFJYXSYHDJLRTBZZ": "",
    "PTGJLR": "",
    "PTGJLRTBZZ": "",
    "KCFJCXSYHPTGJLR": "",
    "KCFJCXSYHPTGJLRTBZZ": "",
    "JYXJLLJE": "217105197.93",
    "MGJYXJLLJE": "",
    "ZCZE": "3679193853.76",
    "GDQY": "2021971057.31",
    "MGJZCPL": "",
    "PTGMGJZC": "",
    "GJKJZEJLR": "",
    "GJKJZZJZC": ""
  }
]

【模块二】
[
  {
    "JZRQ": "2025-12-31",
    "JBMGSY": "0.28",
    "XSMGSY": "0.28",
    "JBMGSYKC": "0.27",
    "XSMGSYKC": "0.27",
    "PTGJZCSYLJQ": "3.93",
    "KCPTGJZCSYLJQ": "3.72"
  }
]

=== 300967-2026-04-16-晓鸣股份-2025年年度报告.pdf ===
【模块一】
[
  {
    "JZRQ": "2025-12-31",
    "JBMGSY": "0.46",
    "XSMGSY": "0.46",
    "JBMGSYKC": "",
    "XSMGSYKC": "",
    "JLRJZCSYLJQ": "10.82",
    "KCHJLRJZCSYLJQ": "",
    "PTGJZCSYLJQ": "",
    "KCPTGJZCSYLJQ": "",
    "YYZSR": "",
    "YYZSRTBZZ": "",
    "YYSR": "1221298874.40",
    "YYSRTBZZ": "25.82",
    "YYSRKCJE": "",
    "KCHYYSR": "",
    "KCHYYSRTBZZ": "",
    "JLRHJ": "",
    "JLRHJTBZZ": "",
    "JLR": "84716532.54",
    "JLRTBZZ": "89.04",
    "FJCXSY": "6222637.51",
    "KCFJYXSYHDJLR": "78493895.03",
    "KCFJYXSYHDJLRTBZZ": "129.91",
    "PTGJLR": "",
    "PTGJLRTBZZ": "",
    "KCFJCXSYHPTGJLR": "",
    "KCFJCXSYHPTGJLRTBZZ": "",
    "JYXJLLJE": "239594092.83",
    "MGJYXJLLJE": "",
    "ZCZE": "1580914908.49",
    "GDQY": "807915669.53",
    "MGJZCPL": "",
    "PTGMGJZC": "",
    "GJKJZEJLR": "",
    "GJKJZZJZC": ""
  },
  {
    "JZRQ": "2024-12-31",
    "JBMGSY": "0.24",
    "XSMGSY": "0.24",
    "JBMGSYKC": "",
    "XSMGSYKC": "",
    "JLRJZCSYLJQ": "5.90",
    "KCHJLRJZCSYLJQ": "",
    "PTGJZCSYLJQ": "",
    "KCPTGJZCSYLJQ": "",
    "YYZSR": "",
    "YYZSRTBZZ": "",
    "YYSR": "970647168.81",
    "YYSRTBZZ": "",
    "YYSRKCJE": "",
    "KCHYYSR": "",
    "KCHYYSRTBZZ": "",
    "JLRHJ": "",
    "JLRHJTBZZ": "",
    "JLR": "44813371.22",
    "JLRTBZZ": "",
    "FJCXSY": "10672939.61",
    "KCFJYXSYHDJLR": "34140431.61",
    "KCFJYXSYHDJLRTBZZ": "",
    "PTGJLR": "",
    "PTGJLRTBZZ": "",
    "KCFJCXSYHPTGJLR": "",
    "KCFJCXSYHPTGJLRTBZZ": "",
    "JYXJLLJE": "306022954.15",
    "MGJYXJLLJE": "",
    "ZCZE": "1686677493.36",
    "GDQY": "782163919.49",
    "MGJZCPL": "",
    "PTGMGJZC": "",
    "GJKJZEJLR": "",
    "GJKJZZJZC": ""
  },
  {
    "JZRQ": "2023-12-31",
    "JBMGSY": "-0.8300",
    "XSMGSY": "-0.8300",
    "JBMGSYKC": "",
    "XSMGSYKC": "",
    "JLRJZCSYLJQ": "-0.20",
    "KCHJLRJZCSYLJQ": "",
    "PTGJZCSYLJQ": "",
    "KCPTGJZCSYLJQ": "",
    "YYZSR": "",
    "YYZSRTBZZ": "",
    "YYSR": "830815831.80",
    "YYSRTBZZ": "",
    "YYSRKCJE": "",
    "KCHYYSR": "",
    "KCHYYSRTBZZ": "",
    "JLRHJ": "",
    "JLRHJTBZZ": "",
    "JLR": "-154770978.30",
    "JLRTBZZ": "",
    "FJCXSY": "-5296070.53",
    "KCFJYXSYHDJLR": "-149474907.77",
    "KCFJYXSYHDJLRTBZZ": "",
    "PTGJLR": "",
    "PTGJLRTBZZ": "",
    "KCFJCXSYHPTGJLR": "",
    "KCFJCXSYHPTGJLRTBZZ": "",
    "JYXJLLJE": "61128477.28",
    "MGJYXJLLJE": "",
    "ZCZE": "1616847603.10",
    "GDQY": "737280348.51",
    "MGJZCPL": "",
    "PTGMGJZC": "",
    "GJKJZEJLR": "",
    "GJKJZZJZC": ""
  }
]

【模块二】
[
  {
    "JZRQ": "2025-12-31",
    "JBMGSY": "0.46",
    "XSMGSY": "0.46",
    "JBMGSYKC": "0.42",
    "XSMGSYKC": "0.42",
    "PTGJZCSYLJQ": "10.82",
    "KCPTGJZCSYLJQ": "10.02"
  }
]

=== 301128-2026-04-16-强瑞技术-2025年年度报告.pdf ===
【模块一】
[
  {
    "JZRQ": "2025-12-31",
    "JBMGSY": "1.3694",
    "XSMGSY": "1.3694",
    "JBMGSYKC": "",
    "XSMGSYKC": "",
    "JLRJZCSYLJQ": "15.02",
    "KCHJLRJZCSYLJQ": "",
    "PTGJZCSYLJQ": "",
    "KCPTGJZCSYLJQ": "",
    "YYZSR": "",
    "YYZSRTBZZ": "",
    "YYSR": "1818941785.65",
    "YYSRTBZZ": "61.46",
    "YYSRKCJE": "",
    "KCHYYSR": "",
    "KCHYYSRTBZZ": "",
    "JLRHJ": "",
    "JLRHJTBZZ": "",
    "JLR": "141650740.75",
    "JLRTBZZ": "45.21",
    "FJCXSY": "7018609.77",
    "KCFJYXSYHDJLR": "134632130.98",
    "KCFJYXSYHDJLRTBZZ": "46.10",
    "PTGJLR": "",
    "PTGJLRTBZZ": "",
    "KCFJCXSYHPTGJLR": "",
    "KCFJCXSYHPTGJLRTBZZ": "",
    "JYXJLLJE": "133145313.66",
    "MGJYXJLLJE": "",
    "ZCZE": "2112641021.78",
    "GDQY": "916857525.96",
    "MGJZCPL": "",
    "PTGMGJZC": "",
    "GJKJZEJLR": "",
    "GJKJZZJZC": ""
  },
  {
    "JZRQ": "2024-12-31",
    "JBMGSY": "0.9430",
    "XSMGSY": "0.9430",
    "JBMGSYKC": "",
    "XSMGSYKC": "",
    "JLRJZCSYLJQ": "10.97",
    "KCHJLRJZCSYLJQ": "",
    "PTGJZCSYLJQ": "",
    "KCPTGJZCSYLJQ": "",
    "YYZSR": "",
    "YYZSRTBZZ": "",
    "YYSR": "1126529989.82",
    "YYSRTBZZ": "",
    "YYSRKCJE": "",
    "KCHYYSR": "",
    "KCHYYSRTBZZ": "",
    "JLRHJ": "",
    "JLRHJTBZZ": "",
    "JLR": "97547736.74",
    "JLRTBZZ": "",
    "FJCXSY": "5398990.52",
    "KCFJYXSYHDJLR": "92148746.22",
    "KCFJYXSYHDJLRTBZZ": "",
    "PTGJLR": "",
    "PTGJLRTBZZ": "",
    "KCFJCXSYHPTGJLR": "",
    "KCFJCXSYHPTGJLRTBZZ": "",
    "JYXJLLJE": "47399889.39",
    "MGJYXJLLJE": "",
    "ZCZE": "1585192431.52",
    "GDQY": "871954214.90",
    "MGJZCPL": "",
    "PTGMGJZC": "",
    "GJKJZEJLR": "",
    "GJKJZZJZC": ""
  },
  {
    "JZRQ": "2023-12-31",
    "JBMGSY": "0.5389",
    "XSMGSY": "0.5389",
    "JBMGSYKC": "",
    "XSMGSYKC": "",
    "JLRJZCSYLJQ": "6.73",
    "KCHJLRJZCSYLJQ": "",
    "PTGJZCSYLJQ": "",
    "KCPTGJZCSYLJQ": "",
    "YYZSR": "",
    "YYZSRTBZZ": "",
    "YYSR": "674219987.56",
    "YYSRTBZZ": "",
    "YYSRKCJE": "",
    "KCHYYSR": "",
    "KCHYYSRTBZZ": "",
    "JLRHJ": "",
    "JLRHJTBZZ": "",
    "JLR": "55745037.73",
    "JLRTBZZ": "",
    "FJCXSY": "17804212.37",
    "KCFJYXSYHDJLR": "37940825.36",
    "KCFJYXSYHDJLRTBZZ": "",
    "PTGJLR": "",
    "PTGJLRTBZZ": "",
    "KCFJCXSYHPTGJLR": "",
    "KCFJCXSYHPTGJLRTBZZ": "",
    "JYXJLLJE": "10679997.82",
    "MGJYXJLLJE": "",
    "ZCZE": "1188335785.71",
    "GDQY": "840281013.56",
    "MGJZCPL": "",
    "PTGMGJZC": "",
    "GJKJZEJLR": "",
    "GJKJZZJZC": ""
  }
]

【模块二】
[
  {
    "JZRQ": "2025-12-31",
    "JBMGSY": "1.3694",
    "XSMGSY": "1.3694",
    "JBMGSYKC": "1.3015",
    "XSMGSYKC": "1.3015",
    "PTGJZCSYLJQ": "15.02",
    "KCPTGJZCSYLJQ": "14.28"
  }
]

=== 301283-2026-04-16-聚胶股份-2025年年度报告.pdf ===
【模块一】
[
  {
    "JZRQ": "2025-12-31",
    "JBMGSY": "2.41",
    "XSMGSY": "2.39",
    "JBMGSYKC": "",
    "XSMGSYKC": "",
    "JLRJZCSYLJQ": "11.93",
    "KCHJLRJZCSYLJQ": "",
    "PTGJZCSYLJQ": "",
    "KCPTGJZCSYLJQ": "",
    "YYZSR": "",
    "YYZSRTBZZ": "",
    "YYSR": "2151738555.75",
    "YYSRTBZZ": "7.24",
    "YYSRKCJE": "",
    "KCHYYSR": "",
    "KCHYYSRTBZZ": "",
    "JLRHJ": "",
    "JLRHJTBZZ": "",
    "JLR": "191197597.60",
    "JLRTBZZ": "144.63",
    "FJCXSY": "5584389.14",
    "KCFJYXSYHDJLR": "185613208.46",
    "KCFJYXSYHDJLRTBZZ": "161.91",
    "PTGJLR": "",
    "PTGJLRTBZZ": "",
    "KCFJCXSYHPTGJLR": "",
    "KCFJCXSYHPTGJLRTBZZ": "",
    "JYXJLLJE": "785065942.18",
    "MGJYXJLLJE": "",
    "ZCZE": "2618203958.41",
    "GDQY": "1693053868.12",
    "MGJZCPL": "",
    "PTGMGJZC": "",
    "GJKJZEJLR": "",
    "GJKJZZJZC": ""
  },
  {
    "JZRQ": "2024-12-31",
    "JBMGSY": "0.99",
    "XSMGSY": "0.98",
    "JBMGSYKC": "",
    "XSMGSYKC": "",
    "JLRJZCSYLJQ": "5.12",
    "KCHJLRJZCSYLJQ": "",
    "PTGJZCSYLJQ": "",
    "KCPTGJZCSYLJQ": "",
    "YYZSR": "",
    "YYZSRTBZZ": "",
    "YYSR": "2006411685.37",
    "YYSRTBZZ": "",
    "YYSRKCJE": "",
    "KCHYYSR": "",
    "KCHYYSRTBZZ": "",
    "JLRHJ": "",
    "JLRHJTBZZ": "",
    "JLR": "78156940.56",
    "JLRTBZZ": "",
    "FJCXSY": "7288859.98",
    "KCFJYXSYHDJLR": "70868080.58",
    "KCFJYXSYHDJLRTBZZ": "",
    "PTGJLR": "",
    "PTGJLRTBZZ": "",
    "KCFJCXSYHPTGJLR": "",
    "KCFJCXSYHPTGJLRTBZZ": "",
    "JYXJLLJE": "-84263412.28",
    "MGJYXJLLJE": "",
    "ZCZE": "1928268495.97",
    "GDQY": "1498818924.72",
    "MGJZCPL": "",
    "PTGMGJZC": "",
    "GJKJZEJLR": "",
    "GJKJZZJZC": ""
  },
  {
    "JZRQ": "2023-12-31",
    "JBMGSY": "1.35",
    "XSMGSY": "1.34",
    "JBMGSYKC": "",
    "XSMGSYKC": "",
    "JLRJZCSYLJQ": "7.34",
    "KCHJLRJZCSYLJQ": "",
    "PTGJZCSYLJQ": "",
    "KCPTGJZCSYLJQ": "",
    "YYZSR": "",
    "YYZSRTBZZ": "",
    "YYSR": "1627660331.22",
    "YYSRTBZZ": "",
    "YYSRKCJE": "",
    "KCHYYSR": "",
    "KCHYYSRTBZZ": "",
    "JLRHJ": "",
    "JLRHJTBZZ": "",
    "JLR": "108099109.54",
    "JLRTBZZ": "",
    "FJCXSY": "15310486.00",
    "KCFJYXSYHDJLR": "92788623.54",
    "KCFJYXSYHDJLRTBZZ": "",
    "PTGJLR": "",
    "PTGJLRTBZZ": "",
    "KCFJCXSYHPTGJLR": "",
    "KCFJCXSYHPTGJLRTBZZ": "",
    "JYXJLLJE": "-39975262.21",
    "MGJYXJLLJE": "",
    "ZCZE": "1802100301.09",
    "GDQY": "1537129299.74",
    "MGJZCPL": "",
    "PTGMGJZC": "",
    "GJKJZEJLR": "",
    "GJKJZZJZC": ""
  }
]

【模块二】
[
  {
    "JZRQ": "2025-12-31",
    "JBMGSY": "2.41",
    "XSMGSY": "2.39",
    "JBMGSYKC": "2.34",
    "XSMGSYKC": "2.32",
    "PTGJZCSYLJQ": "11.93",
    "KCPTGJZCSYLJQ": "11.58"
  }
]

=== 301281-2026-04-16-科源制药-2025年年度报告.pdf ===
【模块一】
[
  {
    "JZRQ": "2025-12-31",
    "JBMGSY": "0.15",
    "XSMGSY": "0.15",
    "JBMGSYKC": "",
    "XSMGSYKC": "",
    "JLRJZCSYLJQ": "1.22",
    "KCHJLRJZCSYLJQ": "",
    "PTGJZCSYLJQ": "",
    "KCPTGJZCSYLJQ": "",
    "YYZSR": "",
    "YYZSRTBZZ": "",
    "YYSR": "398227849.61",
    "YYSRTBZZ": "-14.12",
    "YYSRKCJE": "",
    "KCHYYSR": "",
    "KCHYYSRTBZZ": "",
    "JLRHJ": "",
    "JLRHJTBZZ": "",
    "JLR": "16552986.82",
    "JLRTBZZ": "-72.62",
    "FJCXSY": "-4420773.57",
    "KCFJYXSYHDJLR": "20973760.39",
    "KCFJYXSYHDJLRTBZZ": "-53.08",
    "PTGJLR": "",
    "PTGJLRTBZZ": "",
    "KCFJCXSYHPTGJLR": "",
    "KCFJCXSYHPTGJLRTBZZ": "",
    "JYXJLLJE": "43469077.69",
    "MGJYXJLLJE": "",
    "ZCZE": "1687665029.78",
    "GDQY": "1355550280.60",
    "MGJZCPL": "",
    "PTGMGJZC": "",
    "GJKJZEJLR": "",
    "GJKJZZJZC": ""
  },
  {
    "JZRQ": "2024-12-31",
    "JBMGSY": "0.56",
    "XSMGSY": "0.56",
    "JBMGSYKC": "",
    "XSMGSYKC": "",
    "JLRJZCSYLJQ": "4.51",
    "KCHJLRJZCSYLJQ": "",
    "PTGJZCSYLJQ": "",
    "KCPTGJZCSYLJQ": "",
    "YYZSR": "",
    "YYZSRTBZZ": "",
    "YYSR": "463716804.91",
    "YYSRTBZZ": "",
    "YYSRKCJE": "",
    "KCHYYSR": "",
    "KCHYYSRTBZZ": "",
    "JLRHJ": "",
    "JLRHJTBZZ": "",
    "JLR": "60448711.82",
    "JLRTBZZ": "",
    "FJCXSY": "15744057.31",
    "KCFJYXSYHDJLR": "44704654.51",
    "KCFJYXSYHDJLRTBZZ": "",
    "PTGJLR": "",
    "PTGJLRTBZZ": "",
    "KCFJCXSYHPTGJLR": "",
    "KCFJCXSYHPTGJLRTBZZ": "",
    "JYXJLLJE": "-60515783.95",
    "MGJYXJLLJE": "",
    "ZCZE": "1552474271.14",
    "GDQY": "1358795634.77",
    "MGJZCPL": "",
    "PTGMGJZC": "",
    "GJKJZEJLR": "",
    "GJKJZZJZC": ""
  },
  {
    "JZRQ": "2023-12-31",
    "JBMGSY": "0.76",
    "XSMGSY": "0.76",
    "JBMGSYKC": "",
    "XSMGSYKC": "",
    "JLRJZCSYLJQ": "6.92",
    "KCHJLRJZCSYLJQ": "",
    "PTGJZCSYLJQ": "",
    "KCPTGJZCSYLJQ": "",
    "YYZSR": "",
    "YYZSRTBZZ": "",
    "YYSR": "447583620.32",
    "YYSRTBZZ": "",
    "YYSRKCJE": "",
    "KCHYYSR": "",
    "KCHYYSRTBZZ": "",
    "JLRHJ": "",
    "JLRHJTBZZ": "",
    "JLR": "77039439.15",
    "JLRTBZZ": "",
    "FJCXSY": "11588706.32",
    "KCFJYXSYHDJLR": "65450732.83",
    "KCFJYXSYHDJLRTBZZ": "",
    "PTGJLR": "",
    "PTGJLRTBZZ": "",
    "KCFJCXSYHPTGJLR": "",
    "KCFJCXSYHPTGJLRTBZZ": "",
    "JYXJLLJE": "37030989.82",
    "MGJYXJLLJE": "",
    "ZCZE": "1469967974.01",
    "GDQY": "1331040247.54",
    "MGJZCPL": "",
    "PTGMGJZC": "",
    "GJKJZEJLR": "",
    "GJKJZZJZC": ""
  }
]

【模块二】
[
  {
    "JZRQ": "2025-12-31",
    "JBMGSY": "0.15",
    "XSMGSY": "0.15",
    "JBMGSYKC": "0.19",
    "XSMGSYKC": "0.19",
    "PTGJZCSYLJQ": "1.22",
    "KCPTGJZCSYLJQ": "1.55"
  }
]

=== 301286-2026-04-16-侨源股份-2025年年度报告.pdf ===
【模块一】
[
  {
    "JZRQ": "2025-12-31",
    "JBMGSY": "0.5860",
    "XSMGSY": "0.5860",
    "JBMGSYKC": "",
    "XSMGSYKC": "",
    "JLRJZCSYLJQ": "12.52",
    "KCHJLRJZCSYLJQ": "",
    "PTGJZCSYLJQ": "",
    "KCPTGJZCSYLJQ": "",
    "YYZSR": "",
    "YYZSRTBZZ": "",
    "YYSR": "1077418057.85",
    "YYSRTBZZ": "5.24",
    "YYSRKCJE": "",
    "KCHYYSR": "",
    "KCHYYSRTBZZ": "",
    "JLRHJ": "",
    "JLRHJTBZZ": "",
    "JLR": "232397326.44",
    "JLRTBZZ": "55.80",
    "FJCXSY": "11467007.30",
    "KCFJYXSYHDJLR": "220930319.14",
    "KCFJYXSYHDJLRTBZZ": "53.93",
    "PTGJLR": "",
    "PTGJLRTBZZ": "",
    "KCFJCXSYHPTGJLR": "",
    "KCFJCXSYHPTGJLRTBZZ": "",
    "JYXJLLJE": "231504254.27",
    "MGJYXJLLJE": "",
    "ZCZE": "2106104967.98",
    "GDQY": "1963753255.93",
    "MGJZCPL": "",
    "PTGMGJZC": "",
    "GJKJZEJLR": "",
    "GJKJZZJZC": ""
  },
  {
    "JZRQ": "2024-12-31",
    "JBMGSY": "0.3748",
    "XSMGSY": "0.3748",
    "JBMGSYKC": "",
    "XSMGSYKC": "",
    "JLRJZCSYLJQ": "8.63",
    "KCHJLRJZCSYLJQ": "",
    "PTGJZCSYLJQ": "",
    "KCPTGJZCSYLJQ": "",
    "YYZSR": "",
    "YYZSRTBZZ": "",
    "YYSR": "1023759023.35",
    "YYSRTBZZ": "",
    "YYSRKCJE": "",
    "KCHYYSR": "",
    "KCHYYSRTBZZ": "",
    "JLRHJ": "",
    "JLRHJTBZZ": "",
    "JLR": "149165552.13",
    "JLRTBZZ": "",
    "FJCXSY": "5643285.77",
    "KCFJYXSYHDJLR": "143522266.36",
    "KCFJYXSYHDJLRTBZZ": "",
    "PTGJLR": "",
    "PTGJLRTBZZ": "",
    "KCFJCXSYHPTGJLR": "",
    "KCFJCXSYHPTGJLRTBZZ": "",
    "JYXJLLJE": "214266904.09",
    "MGJYXJLLJE": "",
    "ZCZE": "1996863826.20",
    "GDQY": "1753088859.98",
    "MGJZCPL": "",
    "PTGMGJZC": "",
    "GJKJZEJLR": "",
    "GJKJZZJZC": ""
  },
  {
    "JZRQ": "2023-12-31",
    "JBMGSY": "0.5067",
    "XSMGSY": "0.5067",
    "JBMGSYKC": "",
    "XSMGSYKC": "",
    "JLRJZCSYLJQ": "12.43",
    "KCHJLRJZCSYLJQ": "",
    "PTGJZCSYLJQ": "",
    "KCPTGJZCSYLJQ": "",
    "YYZSR": "",
    "YYZSRTBZZ": "",
    "YYSR": "1021681665.65",
    "YYSRTBZZ": "",
    "YYSRKCJE": "",
    "KCHYYSR": "",
    "KCHYYSRTBZZ": "",
    "JLRHJ": "",
    "JLRHJTBZZ": "",
    "JLR": "202750057.77",
    "JLRTBZZ": "",
    "FJCXSY": "6413558.62",
    "KCFJYXSYHDJLR": "196336499.15",
    "KCFJYXSYHDJLRTBZZ": "",
    "PTGJLR": "",
    "PTGJLRTBZZ": "",
    "KCFJCXSYHPTGJLR": "",
    "KCFJCXSYHPTGJLRTBZZ": "",
    "JYXJLLJE": "150410191.89",
    "MGJYXJLLJE": "",
    "ZCZE": "2001804287.77",
    "GDQY": "1722207998.34",
    "MGJZCPL": "",
    "PTGMGJZC": "",
    "GJKJZEJLR": "",
    "GJKJZZJZC": ""
  }
]

【模块二】
[
  {
    "JZRQ": "2025-12-31",
    "JBMGSY": "0.5860",
    "XSMGSY": "0.5860",
    "JBMGSYKC": "0.5571",
    "XSMGSYKC": "0.5571",
    "PTGJZCSYLJQ": "12.52",
    "KCPTGJZCSYLJQ": "11.90"
  }
]

=== 301366-2026-04-16-一博科技-2025年年度报告.pdf ===
【模块一】
[
  {
    "JZRQ": "2025-12-31",
    "JBMGSY": "0.1401",
    "XSMGSY": "0.1401",
    "JBMGSYKC": "",
    "XSMGSYKC": "",
    "JLRJZCSYLJQ": "1.35",
    "KCHJLRJZCSYLJQ": "",
    "PTGJZCSYLJQ": "",
    "KCPTGJZCSYLJQ": "",
    "YYZSR": "",
    "YYZSRTBZZ": "",
    "YYSR": "1127140792.20",
    "YYSRTBZZ": "26.98",
    "YYSRKCJE": "",
    "KCHYYSR": "",
    "KCHYYSRTBZZ": "",
    "JLRHJ": "",
    "JLRHJTBZZ": "",
    "JLR": "29188661.65",
    "JLRTBZZ": "-67.05",
    "FJCXSY": "14239793.52",
    "KCFJYXSYHDJLR": "14948868.13",
    "KCFJYXSYHDJLRTBZZ": "-78.08",
    "PTGJLR": "",
    "PTGJLRTBZZ": "",
    "KCFJCXSYHPTGJLR": "",
    "KCFJCXSYHPTGJLRTBZZ": "",
    "JYXJLLJE": "41046474.34",
    "MGJYXJLLJE": "",
    "ZCZE": "2891894819.34",
    "GDQY": "2151860117.15",
    "MGJZCPL": "",
    "PTGMGJZC": "",
    "GJKJZEJLR": "",
    "GJKJZZJZC": ""
  },
  {
    "JZRQ": "2024-12-31",
    "JBMGSY": "0.4237",
    "XSMGSY": "0.4237",
    "JBMGSYKC": "",
    "XSMGSYKC": "",
    "JLRJZCSYLJQ": "4.07",
    "KCHJLRJZCSYLJQ": "",
    "PTGJZCSYLJQ": "",
    "KCPTGJZCSYLJQ": "",
    "YYZSR": "",
    "YYZSRTBZZ": "",
    "YYSR": "887649645.67",
    "YYSRTBZZ": "",
    "YYSRKCJE": "",
    "KCHYYSR": "",
    "KCHYYSRTBZZ": "",
    "JLRHJ": "",
    "JLRHJTBZZ": "",
    "JLR": "88580223.71",
    "JLRTBZZ": "",
    "FJCXSY": "20383594.97",
    "KCFJYXSYHDJLR": "68196628.74",
    "KCFJYXSYHDJLRTBZZ": "",
    "PTGJLR": "",
    "PTGJLRTBZZ": "",
    "KCFJCXSYHPTGJLR": "",
    "KCFJCXSYHPTGJLRTBZZ": "",
    "JYXJLLJE": "135881801.03",
    "MGJYXJLLJE": "",
    "ZCZE": "2804779153.00",
    "GDQY": "2182723916.65",
    "MGJZCPL": "",
    "PTGMGJZC": "",
    "GJKJZEJLR": "",
    "GJKJZZJZC": ""
  },
  {
    "JZRQ": "2023-12-31",
    "JBMGSY": "0.4706",
    "XSMGSY": "0.4706",
    "JBMGSYKC": "",
    "XSMGSYKC": "",
    "JLRJZCSYLJQ": "4.64",
    "KCHJLRJZCSYLJQ": "",
    "PTGJZCSYLJQ": "",
    "KCPTGJZCSYLJQ": "",
    "YYZSR": "",
    "YYZSRTBZZ": "",
    "YYSR": "786135392.44",
    "YYSRTBZZ": "",
    "YYSRKCJE": "",
    "KCHYYSR": "",
    "KCHYYSRTBZZ": "",
    "JLRHJ": "",
    "JLRHJTBZZ": "",
    "JLR": "98841046.16",
    "JLRTBZZ": "",
    "FJCXSY": "27615890.23",
    "KCFJYXSYHDJLR": "71225155.93",
    "KCFJYXSYHDJLRTBZZ": "",
    "PTGJLR": "",
    "PTGJLRTBZZ": "",
    "KCFJCXSYHPTGJLR": "",
    "KCFJCXSYHPTGJLRTBZZ": "",
    "JYXJLLJE": "161580688.60",
    "MGJYXJLLJE": "",
    "ZCZE": "2711265961.30",
    "GDQY": "2176978563.46",
    "MGJZCPL": "",
    "PTGMGJZC": "",
    "GJKJZEJLR": "",
    "GJKJZZJZC": ""
  }
]

【模块二】
[
  {
    "JZRQ": "2025-12-31",
    "JBMGSY": "0.1401",
    "XSMGSY": "0.1401",
    "JBMGSYKC": "0.0717",
    "XSMGSYKC": "0.0717",
    "PTGJZCSYLJQ": "1.35",
    "KCPTGJZCSYLJQ": "0.69"
  }
]

=== 600089-2026-04-16-特变电工-特变电工股份有限公司2025年年度报告.pdf ===
【模块一】
[
  {
    "JZRQ": "2025-12-31",
    "JBMGSY": "1.1610",
    "XSMGSY": "1.1610",
    "JBMGSYKC": "0.8821",
    "XSMGSYKC": "",
    "JLRJZCSYLJQ": "8.7546",
    "KCHJLRJZCSYLJQ": "6.6516",
    "PTGJZCSYLJQ": "",
    "KCPTGJZCSYLJQ": "",
    "YYZSR": "",
    "YYZSRTBZZ": "",
    "YYSR": "97226538400",
    "YYSRTBZZ": "-0.61",
    "YYSRKCJE": "",
    "KCHYYSR": "",
    "KCHYYSRTBZZ": "",
    "JLRHJ": "",
    "JLRHJTBZZ": "",
    "JLR": "5954295000",
    "JLRTBZZ": "43.69",
    "FJCXSY": "1400045483.81",
    "KCFJYXSYHDJLR": "4554249500",
    "KCFJYXSYHDJLRTBZZ": "15.64",
    "PTGJLR": "",
    "PTGJLRTBZZ": "",
    "KCFJCXSYHPTGJLR": "",
    "KCFJCXSYHPTGJLRTBZZ": "",
    "JYXJLLJE": "9330631000",
    "MGJYXJLLJE": "",
    "ZCZE": "227150381600",
    "GDQY": "74391821600",
    "MGJZCPL": "",
    "PTGMGJZC": "",
    "GJKJZEJLR": "",
    "GJKJZZJZC": ""
  },
  {
    "JZRQ": "2024-12-31",
    "JBMGSY": "0.7980",
    "XSMGSY": "0.7980",
    "JBMGSYKC": "0.7571",
    "XSMGSYKC": "",
    "JLRJZCSYLJQ": "6.4511",
    "KCHJLRJZCSYLJQ": "6.1201",
    "PTGJZCSYLJQ": "",
    "KCPTGJZCSYLJQ": "",
    "YYZSR": "",
    "YYZSRTBZZ": "",
    "YYSR": "97821953100",
    "YYSRTBZZ": "",
    "YYSRKCJE": "",
    "KCHYYSR": "",
    "KCHYYSRTBZZ": "",
    "JLRHJ": "",
    "JLRHJTBZZ": "",
    "JLR": "4143924900",
    "JLRTBZZ": "",
    "FJCXSY": "205515074.61",
    "KCFJYXSYHDJLR": "3938409800",
    "KCFJYXSYHDJLRTBZZ": "",
    "PTGJLR": "",
    "PTGJLRTBZZ": "",
    "KCFJCXSYHPTGJLR": "",
    "KCFJCXSYHPTGJLRTBZZ": "",
    "JYXJLLJE": "12913589000",
    "MGJYXJLLJE": "",
    "ZCZE": "207957323700",
    "GDQY": "67496588800",
    "MGJZCPL": "",
    "PTGMGJZC": "",
    "GJKJZEJLR": "",
    "GJKJZZJZC": ""
  },
  {
    "JZRQ": "2023-12-31",
    "JBMGSY": "2.3908",
    "XSMGSY": "2.3908",
    "JBMGSYKC": "2.3175",
    "XSMGSYKC": "",
    "JLRJZCSYLJQ": "18.4207",
    "KCHJLRJZCSYLJQ": "17.8562",
    "PTGJZCSYLJQ": "",
    "KCPTGJZCSYLJQ": "",
    "YYZSR": "",
    "YYZSRTBZZ": "",
    "YYSR": "98155578800",
    "YYSRTBZZ": "",
    "YYSRKCJE": "",
    "KCHYYSR": "",
    "KCHYYSRTBZZ": "",
    "JLRHJ": "",
    "JLRHJTBZZ": "",
    "JLR": "10711332200",
    "JLRTBZZ": "",
    "FJCXSY": "325636033.87",
    "KCFJYXSYHDJLR": "10385696200",
    "KCFJYXSYHDJLRTBZZ": "",
    "PTGJLR": "",
    "PTGJLRTBZZ": "",
    "KCFJCXSYHPTGJLR": "",
    "KCFJCXSYHPTGJLRTBZZ": "",
    "JYXJLLJE": "25828841800",
    "MGJYXJLLJE": "",
    "ZCZE": "192046245200",
    "GDQY": "62592923500",
    "MGJZCPL": "",
    "PTGMGJZC": "",
    "GJKJZEJLR": "",
    "GJKJZZJZC": ""
  }
]

【模块二】
[
  {
    "JZRQ": "2025-12-31",
    "JBMGSY": "1.1610",
    "XSMGSY": "1.1610",
    "JBMGSYKC": "0.8821",
    "XSMGSYKC": "0.8821",
    "PTGJZCSYLJQ": "8.7546",
    "KCPTGJZCSYLJQ": "6.6516"
  }
]

=== 301373-2026-04-16-凌玮科技-2025年年度报告.pdf ===
【模块一】
[
  {
    "JZRQ": "2025-12-31",
    "JBMGSY": "1.27",
    "XSMGSY": "1.27",
    "JBMGSYKC": "",
    "XSMGSYKC": "",
    "JLRJZCSYLJQ": "8.41",
    "KCHJLRJZCSYLJQ": "",
    "PTGJZCSYLJQ": "",
    "KCPTGJZCSYLJQ": "",
    "YYZSR": "",
    "YYZSRTBZZ": "",
    "YYSR": "500277861.91",
    "YYSRTBZZ": "4.46",
    "YYSRKCJE": "",
    "KCHYYSR": "",
    "KCHYYSRTBZZ": "",
    "JLRHJ": "",
    "JLRHJTBZZ": "",
    "JLR": "137244916.66",
    "JLRTBZZ": "1.75",
    "FJCXSY": "12826589.00",
    "KCFJYXSYHDJLR": "124418327.66",
    "KCFJYXSYHDJLRTBZZ": "1.46",
    "PTGJLR": "",
    "PTGJLRTBZZ": "",
    "KCFJCXSYHPTGJLR": "",
    "KCFJCXSYHPTGJLRTBZZ": "",
    "JYXJLLJE": "118368490.48",
    "MGJYXJLLJE": "",
    "ZCZE": "1872728531.90",
    "GDQY": "1661408702.20",
    "MGJZCPL": "",
    "PTGMGJZC": "",
    "GJKJZEJLR": "",
    "GJKJZZJZC": ""
  },
  {
    "JZRQ": "2024-12-31",
    "JBMGSY": "1.24",
    "XSMGSY": "1.24",
    "JBMGSYKC": "",
    "XSMGSYKC": "",
    "JLRJZCSYLJQ": "8.72",
    "KCHJLRJZCSYLJQ": "",
    "PTGJZCSYLJQ": "",
    "KCPTGJZCSYLJQ": "",
    "YYZSR": "",
    "YYZSRTBZZ": "",
    "YYSR": "478902336.91",
    "YYSRTBZZ": "",
    "YYSRKCJE": "",
    "KCHYYSR": "",
    "KCHYYSRTBZZ": "",
    "JLRHJ": "",
    "JLRHJTBZZ": "",
    "JLR": "134885495.70",
    "JLRTBZZ": "",
    "FJCXSY": "12260115.58",
    "KCFJYXSYHDJLR": "122625380.12",
    "KCFJYXSYHDJLRTBZZ": "",
    "PTGJLR": "",
    "PTGJLRTBZZ": "",
    "KCFJCXSYHPTGJLR": "",
    "KCFJCXSYHPTGJLRTBZZ": "",
    "JYXJLLJE": "149406864.90",
    "MGJYXJLLJE": "",
    "ZCZE": "1762572068.68",
    "GDQY": "1600094249.24",
    "MGJZCPL": "",
    "PTGMGJZC": "",
    "GJKJZEJLR": "",
    "GJKJZZJZC": ""
  },
  {
    "JZRQ": "2023-12-31",
    "JBMGSY": "1.18",
    "XSMGSY": "1.18",
    "JBMGSYKC": "",
    "XSMGSYKC": "",
    "JLRJZCSYLJQ": "8.89",
    "KCHJLRJZCSYLJQ": "",
    "PTGJZCSYLJQ": "",
    "KCPTGJZCSYLJQ": "",
    "YYZSR": "",
    "YYZSRTBZZ": "",
    "YYSR": "465896868.30",
    "YYSRTBZZ": "",
    "YYSRKCJE": "",
    "KCHYYSR": "",
    "KCHYYSRTBZZ": "",
    "JLRHJ": "",
    "JLRHJTBZZ": "",
    "JLR": "124873687.63",
    "JLRTBZZ": "",
    "FJCXSY": "13065984.14",
    "KCFJYXSYHDJLR": "111807703.49",
    "KCFJYXSYHDJLRTBZZ": "",
    "PTGJLR": "",
    "PTGJLRTBZZ": "",
    "KCFJCXSYHPTGJLR": "",
    "KCFJCXSYHPTGJLRTBZZ": "",
    "JYXJLLJE": "104045772.23",
    "MGJYXJLLJE": "",
    "ZCZE": "1688819110.47",
    "GDQY": "1497750380.84",
    "MGJZCPL": "",
    "PTGMGJZC": "",
    "GJKJZEJLR": "",
    "GJKJZZJZC": ""
  }
]

【模块二】
[
  {
    "JZRQ": "2025-12-31",
    "JBMGSY": "1.27",
    "XSMGSY": "1.27",
    "JBMGSYKC": "1.15",
    "XSMGSYKC": "1.15",
    "PTGJZCSYLJQ": "8.41",
    "KCPTGJZCSYLJQ": "7.63"
  }
]

=== 600283-2026-04-16-钱江水利-钱江水利2025年年度报告.pdf ===
【模块一】
[
  {
    "JZRQ": "2025-12-31",
    "JBMGSY": "0.43",
    "XSMGSY": "0.43",
    "JBMGSYKC": "0.35",
    "XSMGSYKC": "",
    "JLRJZCSYLJQ": "6.94",
    "KCHJLRJZCSYLJQ": "5.58",
    "PTGJZCSYLJQ": "",
    "KCPTGJZCSYLJQ": "",
    "YYZSR": "",
    "YYZSRTBZZ": "",
    "YYSR": "2554403101.90",
    "YYSRTBZZ": "10.01",
    "YYSRKCJE": "",
    "KCHYYSR": "",
    "KCHYYSRTBZZ": "",
    "JLRHJ": "",
    "JLRHJTBZZ": "",
    "JLR": "216072345.95",
    "JLRTBZZ": "0.39",
    "FJCXSY": "42345594.61",
    "KCFJYXSYHDJLR": "173726751.34",
    "KCFJYXSYHDJLRTBZZ": "-2.98",
    "PTGJLR": "",
    "PTGJLRTBZZ": "",
    "KCFJCXSYHPTGJLR": "",
    "KCFJCXSYHPTGJLRTBZZ": "",
    "JYXJLLJE": "279729279.59",
    "MGJYXJLLJE": "",
    "ZCZE": "9572264473.61",
    "GDQY": "3140904828.34",
    "MGJZCPL": "",
    "PTGMGJZC": "",
    "GJKJZEJLR": "",
    "GJKJZZJZC": ""
  },
  {
    "JZRQ": "2024-12-31",
    "JBMGSY": "0.43",
    "XSMGSY": "0.43",
    "JBMGSYKC": "0.36",
    "XSMGSYKC": "",
    "JLRJZCSYLJQ": "8.87",
    "KCHJLRJZCSYLJQ": "7.38",
    "PTGJZCSYLJQ": "",
    "KCPTGJZCSYLJQ": "",
    "YYZSR": "",
    "YYZSRTBZZ": "",
    "YYSR": "2322028069.74",
    "YYSRTBZZ": "",
    "YYSRKCJE": "",
    "KCHYYSR": "",
    "KCHYYSRTBZZ": "",
    "JLRHJ": "",
    "JLRHJTBZZ": "",
    "JLR": "215243068.51",
    "JLRTBZZ": "",
    "FJCXSY": "36185430.31",
    "KCFJYXSYHDJLR": "179057638.20",
    "KCFJYXSYHDJLRTBZZ": "",
    "PTGJLR": "",
    "PTGJLRTBZZ": "",
    "KCFJCXSYHPTGJLR": "",
    "KCFJCXSYHPTGJLRTBZZ": "",
    "JYXJLLJE": "583450090.59",
    "MGJYXJLLJE": "",
    "ZCZE": "10310454146.74",
    "GDQY": "3062157342.88",
    "MGJZCPL": "",
    "PTGMGJZC": "",
    "GJKJZEJLR": "",
    "GJKJZZJZC": ""
  },
  {
    "JZRQ": "2023-12-31",
    "JBMGSY": "0.58",
    "XSMGSY": "0.58",
    "JBMGSYKC": "0.36",
    "XSMGSYKC": "",
    "JLRJZCSYLJQ": "9.03",
    "KCHJLRJZCSYLJQ": "5.53",
    "PTGJZCSYLJQ": "",
    "KCPTGJZCSYLJQ": "",
    "YYZSR": "",
    "YYZSRTBZZ": "",
    "YYSR": "2222195215.35",
    "YYSRTBZZ": "",
    "YYSRKCJE": "",
    "KCHYYSR": "",
    "KCHYYSRTBZZ": "",
    "JLRHJ": "",
    "JLRHJTBZZ": "",
    "JLR": "205561836.10",
    "JLRTBZZ": "",
    "FJCXSY": "79589099.89",
    "KCFJYXSYHDJLR": "125972736.21",
    "KCFJYXSYHDJLRTBZZ": "",
    "PTGJLR": "",
    "PTGJLRTBZZ": "",
    "KCFJCXSYHPTGJLR": "",
    "KCFJCXSYHPTGJLRTBZZ": "",
    "JYXJLLJE": "398263281.11",
    "MGJYXJLLJE": "",
    "ZCZE": "7654619297.98",
    "GDQY": "2353343390.60",
    "MGJZCPL": "",
    "PTGMGJZC": "",
    "GJKJZEJLR": "",
    "GJKJZZJZC": ""
  }
]

【模块二】
[
  {
    "JZRQ": "2025-12-31",
    "JBMGSY": "0.43",
    "XSMGSY": "0.43",
    "JBMGSYKC": "0.35",
    "XSMGSYKC": "0.35",
    "PTGJZCSYLJQ": "6.94",
    "KCPTGJZCSYLJQ": "5.58"
  }
]

=== 600371-2026-04-16-万向德农-万向德农股份有限公司2025年年度报告.pdf ===
【模块一】
[
  {
    "JZRQ": "2025-12-31",
    "JBMGSY": "0.02",
    "XSMGSY": "0.02",
    "JBMGSYKC": "0.01",
    "XSMGSYKC": "",
    "JLRJZCSYLJQ": "1.00",
    "KCHJLRJZCSYLJQ": "0.60",
    "PTGJZCSYLJQ": "",
    "KCPTGJZCSYLJQ": "",
    "YYZSR": "",
    "YYZSRTBZZ": "",
    "YYSR": "197795013.57",
    "YYSRTBZZ": "-42.30",
    "YYSRKCJE": "",
    "KCHYYSR": "3318573.43",
    "KCHYYSRTBZZ": "-93.37",
    "JLRHJ": "",
    "JLRHJTBZZ": "",
    "JLR": "5542904.66",
    "JLRTBZZ": "-89.47",
    "FJCXSY": "2224331.23",
    "KCFJYXSYHDJLR": "3318573.43",
    "KCFJYXSYHDJLRTBZZ": "-93.37",
    "PTGJLR": "",
    "PTGJLRTBZZ": "",
    "KCFJCXSYHPTGJLR": "",
    "KCFJCXSYHPTGJLRTBZZ": "",
    "JYXJLLJE": "-38260061.22",
    "MGJYXJLLJE": "",
    "ZCZE": "738703717.72",
    "GDQY": "535496721.29",
    "MGJZCPL": "",
    "PTGMGJZC": "",
    "GJKJZEJLR": "",
    "GJKJZZJZC": ""
  },
  {
    "JZRQ": "2024-12-31",
    "JBMGSY": "0.18",
    "XSMGSY": "0.18",
    "JBMGSYKC": "0.17",
    "XSMGSYKC": "",
    "JLRJZCSYLJQ": "9.12",
    "KCHJLRJZCSYLJQ": "8.68",
    "PTGJZCSYLJQ": "",
    "KCPTGJZCSYLJQ": "",
    "YYZSR": "",
    "YYZSRTBZZ": "",
    "YYSR": "342781221.60",
    "YYSRTBZZ": "",
    "YYSRKCJE": "",
    "KCHYYSR": "50074321.05",
    "KCHYYSRTBZZ": "",
    "JLRHJ": "",
    "JLRHJTBZZ": "",
    "JLR": "52628214.09",
    "JLRTBZZ": "",
    "FJCXSY": "2553893.04",
    "KCFJYXSYHDJLR": "50074321.05",
    "KCFJYXSYHDJLRTBZZ": "",
    "PTGJLR": "",
    "PTGJLRTBZZ": "",
    "KCFJCXSYHPTGJLR": "",
    "KCFJCXSYHPTGJLRTBZZ": "",
    "JYXJLLJE": "-73137827.57",
    "MGJYXJLLJE": "",
    "ZCZE": "809366114.51",
    "GDQY": "573840516.63",
    "MGJZCPL": "",
    "PTGMGJZC": "",
    "GJKJZEJLR": "",
    "GJKJZZJZC": ""
  },
  {
    "JZRQ": "2023-12-31",
    "JBMGSY": "0.22",
    "XSMGSY": "0.22",
    "JBMGSYKC": "0.21",
    "XSMGSYKC": "",
    "JLRJZCSYLJQ": "11.33",
    "KCHJLRJZCSYLJQ": "10.83",
    "PTGJZCSYLJQ": "",
    "KCPTGJZCSYLJQ": "",
    "YYZSR": "",
    "YYZSRTBZZ": "",
    "YYSR": "319298968.77",
    "YYSRTBZZ": "",
    "YYSRKCJE": "",
    "KCHYYSR": "62418492.80",
    "KCHYYSRTBZZ": "",
    "JLRHJ": "",
    "JLRHJTBZZ": "",
    "JLR": "65290445.10",
    "JLRTBZZ": "",
    "FJCXSY": "2871952.30",
    "KCFJYXSYHDJLR": "62418492.80",
    "KCFJYXSYHDJLRTBZZ": "",
    "PTGJLR": "",
    "PTGJLRTBZZ": "",
    "KCFJCXSYHPTGJLR": "",
    "KCFJCXSYHPTGJLRTBZZ": "",
    "JYXJLLJE": "55002978.43",
    "MGJYXJLLJE": "",
    "ZCZE": "937875209.93",
    "GDQY": "579727902.54",
    "MGJZCPL": "",
    "PTGMGJZC": "",
    "GJKJZEJLR": "",
    "GJKJZZJZC": ""
  }
]

【模块二】
[
  {
    "JZRQ": "2025-12-31",
    "JBMGSY": "0.02",
    "XSMGSY": "0.02",
    "JBMGSYKC": "0.01",
    "XSMGSYKC": "0.01",
    "PTGJZCSYLJQ": "1.00",
    "KCPTGJZCSYLJQ": "0.60"
  }
]

=== 600386-2026-04-16-北巴传媒-北京巴士传媒股份有限公司2025年年度报告.pdf ===
【模块一】
[
  {
    "JZRQ": "2025-12-31",
    "JBMGSY": "-0.013",
    "XSMGSY": "",
    "JBMGSYKC": "-0.033",
    "XSMGSYKC": "",
    "JLRJZCSYLJQ": "-0.60",
    "KCHJLRJZCSYLJQ": "-1.54",
    "PTGJZCSYLJQ": "",
    "KCPTGJZCSYLJQ": "",
    "YYZSR": "",
    "YYZSRTBZZ": "",
    "YYSR": "3909046628.84",
    "YYSRTBZZ": "-8.26",
    "YYSRKCJE": "",
    "KCHYYSR": "3675244514.51",
    "KCHYYSRTBZZ": "-6.84",
    "JLRHJ": "",
    "JLRHJTBZZ": "",
    "JLR": "-10401471.44",
    "JLRTBZZ": "-150.22",
    "FJCXSY": "16189082.16",
    "KCFJYXSYHDJLR": "-26590553.60",
    "KCFJYXSYHDJLRTBZZ": "-201.43",
    "PTGJLR": "",
    "PTGJLRTBZZ": "",
    "KCFJCXSYHPTGJLR": "",
    "KCFJCXSYHPTGJLRTBZZ": "",
    "JYXJLLJE": "602706686.94",
    "MGJYXJLLJE": "",
    "ZCZE": "4244559082.57",
    "GDQY": "1688930012.51",
    "MGJZCPL": "",
    "PTGMGJZC": "",
    "GJKJZEJLR": "",
    "GJKJZZJZC": ""
  },
  {
    "JZRQ": "2024-12-31",
    "JBMGSY": "0.026",
    "XSMGSY": "",
    "JBMGSYKC": "0.033",
    "XSMGSYKC": "",
    "JLRJZCSYLJQ": "1.17",
    "KCHJLRJZCSYLJQ": "1.48",
    "PTGJZCSYLJQ": "",
    "KCPTGJZCSYLJQ": "",
    "YYZSR": "",
    "YYZSRTBZZ": "",
    "YYSR": "4261197814.45",
    "YYSRTBZZ": "",
    "YYSRKCJE": "",
    "KCHYYSR": "3945199739.79",
    "KCHYYSRTBZZ": "",
    "JLRHJ": "",
    "JLRHJTBZZ": "",
    "JLR": "20711138.29",
    "JLRTBZZ": "",
    "FJCXSY": "-5503610.63",
    "KCFJYXSYHDJLR": "26214748.92",
    "KCFJYXSYHDJLRTBZZ": "",
    "PTGJLR": "",
    "PTGJLRTBZZ": "",
    "KCFJCXSYHPTGJLR": "",
    "KCFJCXSYHPTGJLRTBZZ": "",
    "JYXJLLJE": "457472501.93",
    "MGJYXJLLJE": "",
    "ZCZE": "4601200214.63",
    "GDQY": "1767983051.84",
    "MGJZCPL": "",
    "PTGMGJZC": "",
    "GJKJZEJLR": "",
    "GJKJZZJZC": ""
  },
  {
    "JZRQ": "2023-12-31",
    "JBMGSY": "0.021",
    "XSMGSY": "",
    "JBMGSYKC": "0.011",
    "XSMGSYKC": "",
    "JLRJZCSYLJQ": "0.93",
    "KCHJLRJZCSYLJQ": "0.49",
    "PTGJZCSYLJQ": "",
    "KCPTGJZCSYLJQ": "",
    "YYZSR": "",
    "YYZSRTBZZ": "",
    "YYSR": "4832713329.55",
    "YYSRTBZZ": "",
    "YYSRKCJE": "",
    "KCHYYSR": "4626905490.29",
    "KCHYYSRTBZZ": "",
    "JLRHJ": "",
    "JLRHJTBZZ": "",
    "JLR": "16975212.98",
    "JLRTBZZ": "",
    "FJCXSY": "7986773.67",
    "KCFJYXSYHDJLR": "8988439.31",
    "KCFJYXSYHDJLRTBZZ": "",
    "PTGJLR": "",
    "PTGJLRTBZZ": "",
    "KCFJCXSYHPTGJLR": "",
    "KCFJCXSYHPTGJLRTBZZ": "",
    "JYXJLLJE": "440633346.84",
    "MGJYXJLLJE": "",
    "ZCZE": "4770048839.13",
    "GDQY": "1782829066.78",
    "MGJZCPL": "",
    "PTGMGJZC": "",
    "GJKJZEJLR": "",
    "GJKJZZJZC": ""
  }
]

【模块二】
[
  {
    "JZRQ": "2025-12-31",
    "JBMGSY": "-0.013",
    "XSMGSY": "",
    "JBMGSYKC": "-0.033",
    "XSMGSYKC": "",
    "PTGJZCSYLJQ": "-0.60",
    "KCPTGJZCSYLJQ": "-1.54"
  }
]

=== 600461-2026-04-16-洪城环境-江西洪城环境股份有限公司2025年年度报告.pdf ===
【模块一】
[
  {
    "JZRQ": "2025-12-31",
    "JBMGSY": "0.93",
    "XSMGSY": "0.82",
    "JBMGSYKC": "0.92",
    "XSMGSYKC": "",
    "JLRJZCSYLJQ": "12.44",
    "KCHJLRJZCSYLJQ": "12.25",
    "PTGJZCSYLJQ": "",
    "KCPTGJZCSYLJQ": "",
    "YYZSR": "",
    "YYZSRTBZZ": "",
    "YYSR": "7486062467.65",
    "YYSRTBZZ": "-9.00",
    "YYSRKCJE": "",
    "KCHYYSR": "",
    "KCHYYSRTBZZ": "",
    "JLRHJ": "",
    "JLRHJTBZZ": "",
    "JLR": "1193215598.06",
    "JLRTBZZ": "0.27",
    "FJCXSY": "17880793.22",
    "KCFJYXSYHDJLR": "1175334804.84",
    "KCFJYXSYHDJLRTBZZ": "1.53",
    "PTGJLR": "",
    "PTGJLRTBZZ": "",
    "KCFJCXSYHPTGJLR": "",
    "KCFJCXSYHPTGJLRTBZZ": "",
    "JYXJLLJE": "1910179414.92",
    "MGJYXJLLJE": "",
    "ZCZE": "25130966394.63",
    "GDQY": "9991856183.70",
    "MGJZCPL": "",
    "PTGMGJZC": "",
    "GJKJZEJLR": "",
    "GJKJZZJZC": ""
  },
  {
    "JZRQ": "2024-12-31",
    "JBMGSY": "0.97",
    "XSMGSY": "0.87",
    "JBMGSYKC": "0.94",
    "XSMGSYKC": "",
    "JLRJZCSYLJQ": "13.63",
    "KCHJLRJZCSYLJQ": "13.26",
    "PTGJZCSYLJQ": "",
    "KCPTGJZCSYLJQ": "",
    "YYZSR": "",
    "YYZSRTBZZ": "",
    "YYSR": "8226716564.40",
    "YYSRTBZZ": "",
    "YYSRKCJE": "",
    "KCHYYSR": "",
    "KCHYYSRTBZZ": "",
    "JLRHJ": "",
    "JLRHJTBZZ": "",
    "JLR": "1189979284.26",
    "JLRTBZZ": "",
    "FJCXSY": "32351047.16",
    "KCFJYXSYHDJLR": "1157628237.10",
    "KCFJYXSYHDJLRTBZZ": "",
    "PTGJLR": "",
    "PTGJLRTBZZ": "",
    "KCFJCXSYHPTGJLR": "",
    "KCFJCXSYHPTGJLRTBZZ": "",
    "JYXJLLJE": "1974147662.11",
    "MGJYXJLLJE": "",
    "ZCZE": "24737421971.94",
    "GDQY": "9393686969.51",
    "MGJZCPL": "",
    "PTGMGJZC": "",
    "GJKJZEJLR": "",
    "GJKJZZJZC": ""
  },
  {
    "JZRQ": "2023-12-31",
    "JBMGSY": "0.99",
    "XSMGSY": "0.84",
    "JBMGSYKC": "0.94",
    "XSMGSYKC": "",
    "JLRJZCSYLJQ": "14.44",
    "KCHJLRJZCSYLJQ": "13.72",
    "PTGJZCSYLJQ": "",
    "KCPTGJZCSYLJQ": "",
    "YYZSR": "",
    "YYZSRTBZZ": "",
    "YYSR": "8048268332.00",
    "YYSRTBZZ": "",
    "YYSRKCJE": "",
    "KCHYYSR": "",
    "KCHYYSRTBZZ": "",
    "JLRHJ": "",
    "JLRHJTBZZ": "",
    "JLR": "1082874185.39",
    "JLRTBZZ": "",
    "FJCXSY": "55883522.20",
    "KCFJYXSYHDJLR": "1026990663.19",
    "KCFJYXSYHDJLRTBZZ": "",
    "PTGJLR": "",
    "PTGJLRTBZZ": "",
    "KCFJCXSYHPTGJLR": "",
    "KCFJCXSYHPTGJLRTBZZ": "",
    "JYXJLLJE": "1728828540.45",
    "MGJYXJLLJE": "",
    "ZCZE": "22906128732.77",
    "GDQY": "7937573950.64",
    "MGJZCPL": "",
    "PTGMGJZC": "",
    "GJKJZEJLR": "",
    "GJKJZZJZC": ""
  }
]

【模块二】
[
  {
    "JZRQ": "2025-12-31",
    "JBMGSY": "0.93",
    "XSMGSY": "0.82",
    "JBMGSYKC": "0.92",
    "XSMGSYKC": "0.8",
    "PTGJZCSYLJQ": "12.44",
    "KCPTGJZCSYLJQ": "12.25"
  }
]

=== 600666-2026-04-16-奥瑞德-奥瑞德2025年年度报告.pdf ===
【模块一】
[
  {
    "JZRQ": "2025-12-31",
    "JBMGSY": "0.0519",
    "XSMGSY": "0.0519",
    "JBMGSYKC": "-0.0562",
    "XSMGSYKC": "",
    "JLRJZCSYLJQ": "15.50",
    "KCHJLRJZCSYLJQ": "-16.80",
    "PTGJZCSYLJQ": "",
    "KCPTGJZCSYLJQ": "",
    "YYZSR": "",
    "YYZSRTBZZ": "",
    "YYSR": "465123411.91",
    "YYSRTBZZ": "27.09",
    "YYSRKCJE": "",
    "KCHYYSR": "434173871.64",
    "KCHYYSRTBZZ": "26.26",
    "JLRHJ": "",
    "JLRHJTBZZ": "",
    "JLR": "141392796.19",
    "JLRTBZZ": "",
    "FJCXSY": "294670964.50",
    "KCFJYXSYHDJLR": "-153278168.31",
    "KCFJYXSYHDJLRTBZZ": "",
    "PTGJLR": "",
    "PTGJLRTBZZ": "",
    "KCFJCXSYHPTGJLR": "",
    "KCFJCXSYHPTGJLRTBZZ": "",
    "JYXJLLJE": "34649401.17",
    "MGJYXJLLJE": "",
    "ZCZE": "2135420434.77",
    "GDQY": "999754033.26",
    "MGJZCPL": "",
    "PTGMGJZC": "",
    "GJKJZEJLR": "",
    "GJKJZZJZC": ""
  },
  {
    "JZRQ": "2024-12-31",
    "JBMGSY": "-0.0623",
    "XSMGSY": "-0.0623",
    "JBMGSYKC": "-0.0762",
    "XSMGSYKC": "",
    "JLRJZCSYLJQ": "-17.86",
    "KCHJLRJZCSYLJQ": "-21.85",
    "PTGJZCSYLJQ": "",
    "KCPTGJZCSYLJQ": "",
    "YYZSR": "",
    "YYZSRTBZZ": "",
    "YYSR": "365966196.31",
    "YYSRTBZZ": "",
    "YYSRKCJE": "",
    "KCHYYSR": "343870358.79",
    "KCHYYSRTBZZ": "",
    "JLRHJ": "",
    "JLRHJTBZZ": "",
    "JLR": "-171418216.23",
    "JLRTBZZ": "",
    "FJCXSY": "38303143.98",
    "KCFJYXSYHDJLR": "-209721360.21",
    "KCFJYXSYHDJLRTBZZ": "",
    "PTGJLR": "",
    "PTGJLRTBZZ": "",
    "KCFJCXSYHPTGJLR": "",
    "KCFJCXSYHPTGJLRTBZZ": "",
    "JYXJLLJE": "-71554884.58",
    "MGJYXJLLJE": "",
    "ZCZE": "1821394514.16",
    "GDQY": "838945173.64",
    "MGJZCPL": "",
    "PTGMGJZC": "",
    "GJKJZEJLR": "",
    "GJKJZZJZC": ""
  },
  {
    "JZRQ": "2023-12-31",
    "JBMGSY": "-0.2444",
    "XSMGSY": "-0.2444",
    "JBMGSYKC": "-0.211",
    "XSMGSYKC": "",
    "JLRJZCSYLJQ": "-48.30",
    "KCHJLRJZCSYLJQ": "-41.71",
    "PTGJZCSYLJQ": "",
    "KCPTGJZCSYLJQ": "",
    "YYZSR": "",
    "YYZSRTBZZ": "",
    "YYSR": "327908511.84",
    "YYSRTBZZ": "",
    "YYSRKCJE": "",
    "KCHYYSR": "236856296.16",
    "KCHYYSRTBZZ": "",
    "JLRHJ": "",
    "JLRHJTBZZ": "",
    "JLR": "-675277796.22",
    "JLRTBZZ": "",
    "FJCXSY": "-92178033.24",
    "KCFJYXSYHDJLR": "-583099762.98",
    "KCFJYXSYHDJLRTBZZ": "",
    "PTGJLR": "",
    "PTGJLRTBZZ": "",
    "KCFJCXSYHPTGJLR": "",
    "KCFJCXSYHPTGJLRTBZZ": "",
    "JYXJLLJE": "-343313227.83",
    "MGJYXJLLJE": "",
    "ZCZE": "2173922897.17",
    "GDQY": "1060393359.41",
    "MGJZCPL": "",
    "PTGMGJZC": "",
    "GJKJZEJLR": "",
    "GJKJZZJZC": ""
  }
]

【模块二】
[
  {
    "JZRQ": "2025-12-31",
    "JBMGSY": "0.0519",
    "XSMGSY": "0.0519",
    "JBMGSYKC": "-0.0562",
    "XSMGSYKC": "-0.0562",
    "PTGJZCSYLJQ": "15.50",
    "KCPTGJZCSYLJQ": "-16.80"
  }
]

=== 600757-2026-04-16-长江传媒-长江传媒2025年年度报告.pdf ===
【模块一】
[
  {
    "JZRQ": "2025-12-31",
    "JBMGSY": "0.84",
    "XSMGSY": "0.84",
    "JBMGSYKC": "0.78",
    "XSMGSYKC": "",
    "JLRJZCSYLJQ": "10.44",
    "KCHJLRJZCSYLJQ": "9.71",
    "PTGJZCSYLJQ": "",
    "KCPTGJZCSYLJQ": "",
    "YYZSR": "",
    "YYZSRTBZZ": "",
    "YYSR": "7081780024.22",
    "YYSRTBZZ": "0.14",
    "YYSRKCJE": "",
    "KCHYYSR": "",
    "KCHYYSRTBZZ": "",
    "JLRHJ": "",
    "JLRHJTBZZ": "",
    "JLR": "1013952836.30",
    "JLRTBZZ": "7.39",
    "FJCXSY": "71448045.24",
    "KCFJYXSYHDJLR": "942504791.06",
    "KCFJYXSYHDJLRTBZZ": "-5.62",
    "PTGJLR": "",
    "PTGJLRTBZZ": "",
    "KCFJCXSYHPTGJLR": "",
    "KCFJCXSYHPTGJLRTBZZ": "",
    "JYXJLLJE": "619867391.38",
    "MGJYXJLLJE": "",
    "ZCZE": "14152538020.32",
    "GDQY": "10010666907.03",
    "MGJZCPL": "",
    "PTGMGJZC": "",
    "GJKJZEJLR": "",
    "GJKJZZJZC": ""
  },
  {
    "JZRQ": "2024-12-31",
    "JBMGSY": "0.78",
    "XSMGSY": "0.78",
    "JBMGSYKC": "0.82",
    "XSMGSYKC": "",
    "JLRJZCSYLJQ": "10.19",
    "KCHJLRJZCSYLJQ": "10.78",
    "PTGJZCSYLJQ": "",
    "KCPTGJZCSYLJQ": "",
    "YYZSR": "",
    "YYZSRTBZZ": "",
    "YYSR": "7072166247.06",
    "YYSRTBZZ": "",
    "YYSRKCJE": "",
    "KCHYYSR": "",
    "KCHYYSRTBZZ": "",
    "JLRHJ": "",
    "JLRHJTBZZ": "",
    "JLR": "944164041.99",
    "JLRTBZZ": "",
    "FJCXSY": "-54432196.37",
    "KCFJYXSYHDJLR": "998596238.36",
    "KCFJYXSYHDJLRTBZZ": "",
    "PTGJLR": "",
    "PTGJLRTBZZ": "",
    "KCFJCXSYHPTGJLR": "",
    "KCFJCXSYHPTGJLRTBZZ": "",
    "JYXJLLJE": "568565628.45",
    "MGJYXJLLJE": "",
    "ZCZE": "13762868082.90",
    "GDQY": "9494890660.44",
    "MGJZCPL": "",
    "PTGMGJZC": "",
    "GJKJZEJLR": "",
    "GJKJZZJZC": ""
  },
  {
    "JZRQ": "2023-12-31",
    "JBMGSY": "0.84",
    "XSMGSY": "0.84",
    "JBMGSYKC": "0.73",
    "XSMGSYKC": "",
    "JLRJZCSYLJQ": "11.64",
    "KCHJLRJZCSYLJQ": "10.18",
    "PTGJZCSYLJQ": "",
    "KCPTGJZCSYLJQ": "",
    "YYZSR": "",
    "YYZSRTBZZ": "",
    "YYSR": "6758802951.73",
    "YYSRTBZZ": "",
    "YYSRKCJE": "",
    "KCHYYSR": "",
    "KCHYYSRTBZZ": "",
    "JLRHJ": "",
    "JLRHJTBZZ": "",
    "JLR": "1015022183.91",
    "JLRTBZZ": "",
    "FJCXSY": "126937296.80",
    "KCFJYXSYHDJLR": "888084887.11",
    "KCFJYXSYHDJLRTBZZ": "",
    "PTGJLR": "",
    "PTGJLRTBZZ": "",
    "KCFJCXSYHPTGJLR": "",
    "KCFJCXSYHPTGJLRTBZZ": "",
    "JYXJLLJE": "1185831606.30",
    "MGJYXJLLJE": "",
    "ZCZE": "13193872646.33",
    "GDQY": "9034985458.19",
    "MGJZCPL": "",
    "PTGMGJZC": "",
    "GJKJZEJLR": "",
    "GJKJZZJZC": ""
  }
]

【模块二】
[
  {
    "JZRQ": "2025-12-31",
    "JBMGSY": "0.84",
    "XSMGSY": "0.84",
    "JBMGSYKC": "0.78",
    "XSMGSYKC": "0.78",
    "PTGJZCSYLJQ": "10.44",
    "KCPTGJZCSYLJQ": "9.71"
  }
]

=== 600707-2026-04-16-彩虹股份-彩虹股份2025年年度报告.pdf ===
【模块一】
[
  {
    "JZRQ": "2025-12-31",
    "JBMGSY": "0.104",
    "XSMGSY": "0.104",
    "JBMGSYKC": "0.065",
    "XSMGSYKC": "",
    "JLRJZCSYLJQ": "1.744",
    "KCHJLRJZCSYLJQ": "1.079",
    "PTGJZCSYLJQ": "",
    "KCPTGJZCSYLJQ": "",
    "YYZSR": "",
    "YYZSRTBZZ": "",
    "YYSR": "11293298979.36",
    "YYSRTBZZ": "-3.18",
    "YYSRKCJE": "",
    "KCHYYSR": "",
    "KCHYYSRTBZZ": "",
    "JLRHJ": "",
    "JLRHJTBZZ": "",
    "JLR": "374238081.74",
    "JLRTBZZ": "-69.82",
    "FJCXSY": "142636972.90",
    "KCFJYXSYHDJLR": "231601108.84",
    "KCFJYXSYHDJLRTBZZ": "-77.67",
    "PTGJLR": "",
    "PTGJLRTBZZ": "",
    "KCFJCXSYHPTGJLR": "",
    "KCFJCXSYHPTGJLRTBZZ": "",
    "JYXJLLJE": "4193512092.14",
    "MGJYXJLLJE": "",
    "ZCZE": "43926705637.49",
    "GDQY": "21792543116.10",
    "MGJZCPL": "",
    "PTGMGJZC": "",
    "GJKJZEJLR": "",
    "GJKJZZJZC": ""
  },
  {
    "JZRQ": "2024-12-31",
    "JBMGSY": "0.346",
    "XSMGSY": "0.346",
    "JBMGSYKC": "0.289",
    "XSMGSYKC": "",
    "JLRJZCSYLJQ": "5.933",
    "KCHJLRJZCSYLJQ": "4.963",
    "PTGJZCSYLJQ": "",
    "KCPTGJZCSYLJQ": "",
    "YYZSR": "",
    "YYZSRTBZZ": "",
    "YYSR": "11663843592.66",
    "YYSRTBZZ": "",
    "YYSRKCJE": "",
    "KCHYYSR": "",
    "KCHYYSRTBZZ": "",
    "JLRHJ": "",
    "JLRHJTBZZ": "",
    "JLR": "1239873680.68",
    "JLRTBZZ": "",
    "FJCXSY": "202839567.34",
    "KCFJYXSYHDJLR": "1037034113.34",
    "KCFJYXSYHDJLRTBZZ": "",
    "PTGJLR": "",
    "PTGJLRTBZZ": "",
    "KCFJCXSYHPTGJLR": "",
    "KCFJCXSYHPTGJLRTBZZ": "",
    "JYXJLLJE": "4341938530.82",
    "MGJYXJLLJE": "",
    "ZCZE": "39873002623.07",
    "GDQY": "21516742105.64",
    "MGJZCPL": "",
    "PTGMGJZC": "",
    "GJKJZEJLR": "",
    "GJKJZZJZC": ""
  },
  {
    "JZRQ": "2023-12-31",
    "JBMGSY": "0.18",
    "XSMGSY": "0.18",
    "JBMGSYKC": "0.10",
    "XSMGSYKC": "",
    "JLRJZCSYLJQ": "3.31",
    "KCHJLRJZCSYLJQ": "1.81",
    "PTGJZCSYLJQ": "",
    "KCPTGJZCSYLJQ": "",
    "YYZSR": "",
    "YYZSRTBZZ": "",
    "YYSR": "11465453377.95",
    "YYSRTBZZ": "",
    "YYSRKCJE": "",
    "KCHYYSR": "",
    "KCHYYSRTBZZ": "",
    "JLRHJ": "",
    "JLRHJTBZZ": "",
    "JLR": "661076918.42",
    "JLRTBZZ": "",
    "FJCXSY": "300101621.31",
    "KCFJYXSYHDJLR": "360975297.11",
    "KCFJYXSYHDJLRTBZZ": "",
    "PTGJLR": "",
    "PTGJLRTBZZ": "",
    "KCFJCXSYHPTGJLR": "",
    "KCFJCXSYHPTGJLRTBZZ": "",
    "JYXJLLJE": "3020295947.77",
    "MGJYXJLLJE": "",
    "ZCZE": "38943520372.45",
    "GDQY": "20276868424.96",
    "MGJZCPL": "",
    "PTGMGJZC": "",
    "GJKJZEJLR": "",
    "GJKJZZJZC": ""
  }
]

【模块二】
[
  {
    "JZRQ": "2025-12-31",
    "JBMGSY": "0.104",
    "XSMGSY": "0.104",
    "JBMGSYKC": "0.065",
    "XSMGSYKC": "0.065",
    "PTGJZCSYLJQ": "1.744",
    "KCPTGJZCSYLJQ": "1.079"
  }
]

=== 600935-2026-04-16-华塑股份-安徽华塑股份有限公司2025年年度报告.pdf ===
【模块一】
[
  {
    "JZRQ": "2025-12-31",
    "JBMGSY": "-0.04",
    "XSMGSY": "-0.04",
    "JBMGSYKC": "-0.05",
    "XSMGSYKC": "",
    "JLRJZCSYLJQ": "-2.64",
    "KCHJLRJZCSYLJQ": "-2.95",
    "PTGJZCSYLJQ": "",
    "KCPTGJZCSYLJQ": "",
    "YYZSR": "",
    "YYZSRTBZZ": "",
    "YYSR": "4661086547.07",
    "YYSRTBZZ": "-8.86",
    "YYSRKCJE": "",
    "KCHYYSR": "4658286824.19",
    "KCHYYSRTBZZ": "-8.88",
    "JLRHJ": "",
    "JLRHJTBZZ": "",
    "JLR": "-153657788.74",
    "JLRTBZZ": "",
    "FJCXSY": "18350063.95",
    "KCFJYXSYHDJLR": "-172007852.69",
    "KCFJYXSYHDJLRTBZZ": "",
    "PTGJLR": "",
    "PTGJLRTBZZ": "",
    "KCFJCXSYHPTGJLR": "",
    "KCFJCXSYHPTGJLRTBZZ": "",
    "JYXJLLJE": "240674517.89",
    "MGJYXJLLJE": "",
    "ZCZE": "9520575957.69",
    "GDQY": "5950709980.79",
    "MGJZCPL": "",
    "PTGMGJZC": "",
    "GJKJZEJLR": "",
    "GJKJZZJZC": ""
  },
  {
    "JZRQ": "2024-12-31",
    "JBMGSY": "-0.1222",
    "XSMGSY": "-0.1222",
    "JBMGSYKC": "-0.1269",
    "XSMGSYKC": "",
    "JLRJZCSYLJQ": "-6.97",
    "KCHJLRJZCSYLJQ": "-7.23",
    "PTGJZCSYLJQ": "",
    "KCPTGJZCSYLJQ": "",
    "YYZSR": "",
    "YYZSRTBZZ": "",
    "YYSR": "5114383725.95",
    "YYSRTBZZ": "",
    "YYSRKCJE": "",
    "KCHYYSR": "5112146032.62",
    "KCHYYSRTBZZ": "",
    "JLRHJ": "",
    "JLRHJTBZZ": "",
    "JLR": "-428760177.74",
    "JLRTBZZ": "",
    "FJCXSY": "16361921.45",
    "KCFJYXSYHDJLR": "-445122099.19",
    "KCFJYXSYHDJLRTBZZ": "",
    "PTGJLR": "",
    "PTGJLRTBZZ": "",
    "KCFJCXSYHPTGJLR": "",
    "KCFJCXSYHPTGJLRTBZZ": "",
    "JYXJLLJE": "261643905.77",
    "MGJYXJLLJE": "",
    "ZCZE": "10296235529.17",
    "GDQY": "5908035523.21",
    "MGJZCPL": "",
    "PTGMGJZC": "",
    "GJKJZEJLR": "",
    "GJKJZZJZC": ""
  },
  {
    "JZRQ": "2023-12-31",
    "JBMGSY": "0.0086",
    "XSMGSY": "0.0086",
    "JBMGSYKC": "0.0046",
    "XSMGSYKC": "",
    "JLRJZCSYLJQ": "0.46",
    "KCHJLRJZCSYLJQ": "0.25",
    "PTGJZCSYLJQ": "",
    "KCPTGJZCSYLJQ": "",
    "YYZSR": "",
    "YYZSRTBZZ": "",
    "YYSR": "5563227197.32",
    "YYSRTBZZ": "",
    "YYSRKCJE": "",
    "KCHYYSR": "5560485068.60",
    "KCHYYSRTBZZ": "",
    "JLRHJ": "",
    "JLRHJTBZZ": "",
    "JLR": "30171867.53",
    "JLRTBZZ": "",
    "FJCXSY": "13864111.46",
    "KCFJYXSYHDJLR": "16307756.07",
    "KCFJYXSYHDJLRTBZZ": "",
    "PTGJLR": "",
    "PTGJLRTBZZ": "",
    "KCFJCXSYHPTGJLR": "",
    "KCFJCXSYHPTGJLRTBZZ": "",
    "JYXJLLJE": "583541959.46",
    "MGJYXJLLJE": "",
    "ZCZE": "9314205577.86",
    "GDQY": "6367247474.85",
    "MGJZCPL": "",
    "PTGMGJZC": "",
    "GJKJZEJLR": "",
    "GJKJZZJZC": ""
  }
]

【模块二】
[
  {
    "JZRQ": "2025-12-31",
    "JBMGSY": "-0.04",
    "XSMGSY": "-0.04",
    "JBMGSYKC": "-0.05",
    "XSMGSYKC": "-0.05",
    "PTGJZCSYLJQ": "-2.64",
    "KCPTGJZCSYLJQ": "-2.95"
  }
]

=== 600854-2026-04-16-春兰股份-600854_春兰股份_2025年_年度报告.pdf ===
【模块一】
[
  {
    "JZRQ": "2025-12-31",
    "JBMGSY": "0.2457",
    "XSMGSY": "0.2457",
    "JBMGSYKC": "0.2364",
    "XSMGSYKC": "",
    "JLRJZCSYLJQ": "5.2420",
    "KCHJLRJZCSYLJQ": "5.0443",
    "PTGJZCSYLJQ": "",
    "KCPTGJZCSYLJQ": "",
    "YYZSR": "",
    "YYZSRTBZZ": "",
    "YYSR": "94858629.00",
    "YYSRTBZZ": "3.13",
    "YYSRKCJE": "",
    "KCHYYSR": "86291069.44",
    "KCHYYSRTBZZ": "3.18",
    "JLRHJ": "",
    "JLRHJTBZZ": "",
    "JLR": "127630651.23",
    "JLRTBZZ": "-4.28",
    "FJCXSY": "4814917.00",
    "KCFJYXSYHDJLR": "122815734.23",
    "KCFJYXSYHDJLRTBZZ": "-6.18",
    "PTGJLR": "",
    "PTGJLRTBZZ": "",
    "KCFJCXSYHPTGJLR": "",
    "KCFJCXSYHPTGJLRTBZZ": "",
    "JYXJLLJE": "17869436.68",
    "MGJYXJLLJE": "",
    "ZCZE": "2476803901.14",
    "GDQY": "2466117975.33",
    "MGJZCPL": "",
    "PTGMGJZC": "",
    "GJKJZEJLR": "",
    "GJKJZZJZC": ""
  },
  {
    "JZRQ": "2024-12-31",
    "JBMGSY": "0.2567",
    "XSMGSY": "0.2567",
    "JBMGSYKC": "0.2520",
    "XSMGSYKC": "",
    "JLRJZCSYLJQ": "5.6198",
    "KCHJLRJZCSYLJQ": "5.5173",
    "PTGJZCSYLJQ": "",
    "KCPTGJZCSYLJQ": "",
    "YYZSR": "",
    "YYZSRTBZZ": "",
    "YYSR": "91979899.86",
    "YYSRTBZZ": "",
    "YYSRKCJE": "",
    "KCHYYSR": "83634488.39",
    "KCHYYSRTBZZ": "",
    "JLRHJ": "",
    "JLRHJTBZZ": "",
    "JLR": "133335163.96",
    "JLRTBZZ": "",
    "FJCXSY": "2430978.38",
    "KCFJYXSYHDJLR": "130904185.58",
    "KCFJYXSYHDJLRTBZZ": "",
    "PTGJLR": "",
    "PTGJLRTBZZ": "",
    "KCFJCXSYHPTGJLR": "",
    "KCFJCXSYHPTGJLRTBZZ": "",
    "JYXJLLJE": "62545507.23",
    "MGJYXJLLJE": "",
    "ZCZE": "2453883662.77",
    "GDQY": "2413777799.87",
    "MGJZCPL": "",
    "PTGMGJZC": "",
    "GJKJZEJLR": "",
    "GJKJZZJZC": ""
  },
  {
    "JZRQ": "2023-12-31",
    "JBMGSY": "0.2851",
    "XSMGSY": "0.2851",
    "JBMGSYKC": "0.2767",
    "XSMGSYKC": "",
    "JLRJZCSYLJQ": "6.4924",
    "KCHJLRJZCSYLJQ": "6.3012",
    "PTGJZCSYLJQ": "",
    "KCPTGJZCSYLJQ": "",
    "YYZSR": "",
    "YYZSRTBZZ": "",
    "YYSR": "172989651.31",
    "YYSRTBZZ": "",
    "YYSRKCJE": "",
    "KCHYYSR": "163588090.04",
    "KCHYYSRTBZZ": "",
    "JLRHJ": "",
    "JLRHJTBZZ": "",
    "JLR": "148103614.20",
    "JLRTBZZ": "",
    "FJCXSY": "4363130.23",
    "KCFJYXSYHDJLR": "143740483.97",
    "KCFJYXSYHDJLRTBZZ": "",
    "PTGJLR": "",
    "PTGJLRTBZZ": "",
    "KCFJCXSYHPTGJLR": "",
    "KCFJCXSYHPTGJLRTBZZ": "",
    "JYXJLLJE": "-17819896.45",
    "MGJYXJLLJE": "",
    "ZCZE": "2395415369.14",
    "GDQY": "2343559357.15",
    "MGJZCPL": "",
    "PTGMGJZC": "",
    "GJKJZEJLR": "",
    "GJKJZZJZC": ""
  }
]

【模块二】
[
  {
    "JZRQ": "2025-12-31",
    "JBMGSY": "0.2457",
    "XSMGSY": "0.2457",
    "JBMGSYKC": "0.2364",
    "XSMGSYKC": "0.2364",
    "PTGJZCSYLJQ": "5.2420",
    "KCPTGJZCSYLJQ": "5.0443"
  }
]

=== 601339-2026-04-16-百隆东方-百隆东方2025年度报告.pdf ===
【模块一】
[
  {
    "JZRQ": "2025-12-31",
    "JBMGSY": "0.44",
    "XSMGSY": "0.44",
    "JBMGSYKC": "0.41",
    "XSMGSYKC": "",
    "JLRJZCSYLJQ": "6.99",
    "KCHJLRJZCSYLJQ": "6.52",
    "PTGJZCSYLJQ": "",
    "KCPTGJZCSYLJQ": "",
    "YYZSR": "",
    "YYZSRTBZZ": "",
    "YYSR": "7860604375.02",
    "YYSRTBZZ": "-1.02",
    "YYSRKCJE": "",
    "KCHYYSR": "",
    "KCHYYSRTBZZ": "",
    "JLRHJ": "",
    "JLRHJTBZZ": "",
    "JLR": "656131927.81",
    "JLRTBZZ": "59.96",
    "FJCXSY": "43684324.03",
    "KCFJYXSYHDJLR": "612447603.78",
    "KCFJYXSYHDJLRTBZZ": "178.99",
    "PTGJLR": "",
    "PTGJLRTBZZ": "",
    "KCFJCXSYHPTGJLR": "",
    "KCFJCXSYHPTGJLRTBZZ": "",
    "JYXJLLJE": "1087885412.50",
    "MGJYXJLLJE": "",
    "ZCZE": "13391880470.53",
    "GDQY": "9200940140.23",
    "MGJZCPL": "",
    "PTGMGJZC": "",
    "GJKJZEJLR": "",
    "GJKJZZJZC": ""
  },
  {
    "JZRQ": "2024-12-31",
    "JBMGSY": "0.27",
    "XSMGSY": "0.27",
    "JBMGSYKC": "0.15",
    "XSMGSYKC": "",
    "JLRJZCSYLJQ": "4.25",
    "KCHJLRJZCSYLJQ": "2.27",
    "PTGJZCSYLJQ": "",
    "KCPTGJZCSYLJQ": "",
    "YYZSR": "",
    "YYZSRTBZZ": "",
    "YYSR": "7941494455.03",
    "YYSRTBZZ": "",
    "YYSRKCJE": "",
    "KCHYYSR": "",
    "KCHYYSRTBZZ": "",
    "JLRHJ": "",
    "JLRHJTBZZ": "",
    "JLR": "410175632.21",
    "JLRTBZZ": "",
    "FJCXSY": "190656011.26",
    "KCFJYXSYHDJLR": "219519620.95",
    "KCFJYXSYHDJLRTBZZ": "",
    "PTGJLR": "",
    "PTGJLRTBZZ": "",
    "KCFJCXSYHPTGJLR": "",
    "KCFJCXSYHPTGJLRTBZZ": "",
    "JYXJLLJE": "1382934630.94",
    "MGJYXJLLJE": "",
    "ZCZE": "14390143929.11",
    "GDQY": "9599565279.83",
    "MGJZCPL": "",
    "PTGMGJZC": "",
    "GJKJZEJLR": "",
    "GJKJZZJZC": ""
  },
  {
    "JZRQ": "2023-12-31",
    "JBMGSY": "0.34",
    "XSMGSY": "0.34",
    "JBMGSYKC": "-0.01",
    "XSMGSYKC": "",
    "JLRJZCSYLJQ": "5.08",
    "KCHJLRJZCSYLJQ": "-0.22",
    "PTGJZCSYLJQ": "",
    "KCPTGJZCSYLJQ": "",
    "YYZSR": "",
    "YYZSRTBZZ": "",
    "YYSR": "6913888269.68",
    "YYSRTBZZ": "",
    "YYSRKCJE": "",
    "KCHYYSR": "",
    "KCHYYSRTBZZ": "",
    "JLRHJ": "",
    "JLRHJTBZZ": "",
    "JLR": "504043563.74",
    "JLRTBZZ": "",
    "FJCXSY": "525396991.92",
    "KCFJYXSYHDJLR": "-21353428.18",
    "KCFJYXSYHDJLRTBZZ": "",
    "PTGJLR": "",
    "PTGJLRTBZZ": "",
    "KCFJCXSYHPTGJLR": "",
    "KCFJCXSYHPTGJLRTBZZ": "",
    "JYXJLLJE": "808845090.15",
    "MGJYXJLLJE": "",
    "ZCZE": "16084452219.32",
    "GDQY": "9793645263.65",
    "MGJZCPL": "",
    "PTGMGJZC": "",
    "GJKJZEJLR": "",
    "GJKJZZJZC": ""
  }
]

【模块二】
[
  {
    "JZRQ": "2025-12-31",
    "JBMGSY": "0.44",
    "XSMGSY": "0.44",
    "JBMGSYKC": "0.41",
    "XSMGSYKC": "0.41",
    "PTGJZCSYLJQ": "6.99",
    "KCPTGJZCSYLJQ": "6.52"
  }
]

=== 601877-2026-04-16-正泰电器-正泰电器2025年年度报告.pdf ===
【模块一】
[
  {
    "JZRQ": "2025-12-31",
    "JBMGSY": "2.10",
    "XSMGSY": "2.10",
    "JBMGSYKC": "1.88",
    "XSMGSYKC": "",
    "JLRJZCSYLJQ": "10.35",
    "KCHJLRJZCSYLJQ": "9.26",
    "PTGJZCSYLJQ": "",
    "KCPTGJZCSYLJQ": "",
    "YYZSR": "",
    "YYZSRTBZZ": "",
    "YYSR": "59144847908.43",
    "YYSRTBZZ": "-8.33",
    "YYSRKCJE": "",
    "KCHYYSR": "",
    "KCHYYSRTBZZ": "",
    "JLRHJ": "",
    "JLRHJTBZZ": "",
    "JLR": "4501407070.08",
    "JLRTBZZ": "16.19",
    "FJCXSY": "475778272.93",
    "KCFJYXSYHDJLR": "4025628797.15",
    "KCFJYXSYHDJLRTBZZ": "9.44",
    "PTGJLR": "",
    "PTGJLRTBZZ": "",
    "KCFJCXSYHPTGJLR": "",
    "KCFJCXSYHPTGJLRTBZZ": "",
    "JYXJLLJE": "23090219257.31",
    "MGJYXJLLJE": "",
    "ZCZE": "158643189137.54",
    "GDQY": "44503399751.49",
    "MGJZCPL": "",
    "PTGMGJZC": "",
    "GJKJZEJLR": "",
    "GJKJZZJZC": ""
  },
  {
    "JZRQ": "2024-12-31",
    "JBMGSY": "1.81",
    "XSMGSY": "1.81",
    "JBMGSYKC": "1.72",
    "XSMGSYKC": "",
    "JLRJZCSYLJQ": "9.53",
    "KCHJLRJZCSYLJQ": "9.05",
    "PTGJZCSYLJQ": "",
    "KCPTGJZCSYLJQ": "",
    "YYZSR": "",
    "YYZSRTBZZ": "",
    "YYSR": "64519386988.41",
    "YYSRTBZZ": "",
    "YYSRKCJE": "",
    "KCHYYSR": "",
    "KCHYYSRTBZZ": "",
    "JLRHJ": "",
    "JLRHJTBZZ": "",
    "JLR": "3874293018.80",
    "JLRTBZZ": "",
    "FJCXSY": "195809285.43",
    "KCFJYXSYHDJLR": "3678483733.37",
    "KCFJYXSYHDJLRTBZZ": "",
    "PTGJLR": "",
    "PTGJLRTBZZ": "",
    "KCFJCXSYHPTGJLR": "",
    "KCFJCXSYHPTGJLRTBZZ": "",
    "JYXJLLJE": "15201987662.12",
    "MGJYXJLLJE": "",
    "ZCZE": "138081167945.54",
    "GDQY": "42105511015.95",
    "MGJZCPL": "",
    "PTGMGJZC": "",
    "GJKJZEJLR": "",
    "GJKJZZJZC": ""
  },
  {
    "JZRQ": "2023-12-31",
    "JBMGSY": "1.73",
    "XSMGSY": "1.73",
    "JBMGSYKC": "1.80",
    "XSMGSYKC": "",
    "JLRJZCSYLJQ": "9.76",
    "KCHJLRJZCSYLJQ": "10.14",
    "PTGJZCSYLJQ": "",
    "KCPTGJZCSYLJQ": "",
    "YYZSR": "",
    "YYZSRTBZZ": "",
    "YYSR": "57250814312.46",
    "YYSRTBZZ": "",
    "YYSRKCJE": "",
    "KCHYYSR": "",
    "KCHYYSRTBZZ": "",
    "JLRHJ": "",
    "JLRHJTBZZ": "",
    "JLR": "3686138258.34",
    "JLRTBZZ": "",
    "FJCXSY": "-143234115.92",
    "KCFJYXSYHDJLR": "3829372374.26",
    "KCFJYXSYHDJLRTBZZ": "",
    "PTGJLR": "",
    "PTGJLRTBZZ": "",
    "KCFJCXSYHPTGJLR": "",
    "KCFJCXSYHPTGJLRTBZZ": "",
    "JYXJLLJE": "4140356000.61",
    "MGJYXJLLJE": "",
    "ZCZE": "120804656034.59",
    "GDQY": "39091476592.74",
    "MGJZCPL": "",
    "PTGMGJZC": "",
    "GJKJZEJLR": "",
    "GJKJZZJZC": ""
  }
]

【模块二】
[
  {
    "JZRQ": "2025-12-31",
    "JBMGSY": "2.10",
    "XSMGSY": "2.10",
    "JBMGSYKC": "1.88",
    "XSMGSYKC": "1.88",
    "PTGJZCSYLJQ": "10.35",
    "KCPTGJZCSYLJQ": "9.26"
  }
]

=== 603075-2026-04-16-热威股份-2025年年度报告.pdf ===
【模块一】
[
  {
    "JZRQ": "2025-12-31",
    "JBMGSY": "0.81",
    "XSMGSY": "0.81",
    "JBMGSYKC": "0.79",
    "XSMGSYKC": "",
    "JLRJZCSYLJQ": "15.33",
    "KCHJLRJZCSYLJQ": "14.92",
    "PTGJZCSYLJQ": "",
    "KCPTGJZCSYLJQ": "",
    "YYZSR": "",
    "YYZSRTBZZ": "",
    "YYSR": "2125938403.04",
    "YYSRTBZZ": "10.49",
    "YYSRKCJE": "",
    "KCHYYSR": "",
    "KCHYYSRTBZZ": "",
    "JLRHJ": "",
    "JLRHJTBZZ": "",
    "JLR": "323116643.48",
    "JLRTBZZ": "7.80",
    "FJCXSY": "8752376.65",
    "KCFJYXSYHDJLR": "314364266.83",
    "KCFJYXSYHDJLRTBZZ": "9.82",
    "PTGJLR": "",
    "PTGJLRTBZZ": "",
    "KCFJCXSYHPTGJLR": "",
    "KCFJCXSYHPTGJLRTBZZ": "",
    "JYXJLLJE": "350966816.63",
    "MGJYXJLLJE": "",
    "ZCZE": "3038277705.50",
    "GDQY": "2174923081.69",
    "MGJZCPL": "",
    "PTGMGJZC": "",
    "GJKJZEJLR": "",
    "GJKJZZJZC": ""
  },
  {
    "JZRQ": "2024-12-31",
    "JBMGSY": "0.75",
    "XSMGSY": "0.75",
    "JBMGSYKC": "0.72",
    "XSMGSYKC": "",
    "JLRJZCSYLJQ": "14.75",
    "KCHJLRJZCSYLJQ": "14.09",
    "PTGJZCSYLJQ": "",
    "KCPTGJZCSYLJQ": "",
    "YYZSR": "",
    "YYZSRTBZZ": "",
    "YYSR": "1924122995.56",
    "YYSRTBZZ": "",
    "YYSRKCJE": "",
    "KCHYYSR": "",
    "KCHYYSRTBZZ": "",
    "JLRHJ": "",
    "JLRHJTBZZ": "",
    "JLR": "299737167.79",
    "JLRTBZZ": "",
    "FJCXSY": "13477939.57",
    "KCFJYXSYHDJLR": "286259228.22",
    "KCFJYXSYHDJLRTBZZ": "",
    "PTGJLR": "",
    "PTGJLRTBZZ": "",
    "KCFJCXSYHPTGJLR": "",
    "KCFJCXSYHPTGJLRTBZZ": "",
    "JYXJLLJE": "259916085.99",
    "MGJYXJLLJE": "",
    "ZCZE": "2985132899.64",
    "GDQY": "2103209107.78",
    "MGJZCPL": "",
    "PTGMGJZC": "",
    "GJKJZEJLR": "",
    "GJKJZZJZC": ""
  },
  {
    "JZRQ": "2023-12-31",
    "JBMGSY": "0.68",
    "XSMGSY": "0.68",
    "JBMGSYKC": "0.65",
    "XSMGSYKC": "",
    "JLRJZCSYLJQ": "19.43",
    "KCHJLRJZCSYLJQ": "18.81",
    "PTGJZCSYLJQ": "",
    "KCPTGJZCSYLJQ": "",
    "YYZSR": "",
    "YYZSRTBZZ": "",
    "YYSR": "1676034936.91",
    "YYSRTBZZ": "",
    "YYSRKCJE": "",
    "KCHYYSR": "",
    "KCHYYSRTBZZ": "",
    "JLRHJ": "",
    "JLRHJTBZZ": "",
    "JLR": "249999490.25",
    "JLRTBZZ": "",
    "FJCXSY": "8028025.29",
    "KCFJYXSYHDJLR": "241971464.96",
    "KCFJYXSYHDJLRTBZZ": "",
    "PTGJLR": "",
    "PTGJLRTBZZ": "",
    "KCFJCXSYHPTGJLR": "",
    "KCFJCXSYHPTGJLRTBZZ": "",
    "JYXJLLJE": "393141859.91",
    "MGJYXJLLJE": "",
    "ZCZE": "2762477421.42",
    "GDQY": "1993273209.69",
    "MGJZCPL": "",
    "PTGMGJZC": "",
    "GJKJZEJLR": "",
    "GJKJZZJZC": ""
  }
]

【模块二】
[
  {
    "JZRQ": "2025-12-31",
    "JBMGSY": "0.81",
    "XSMGSY": "0.81",
    "JBMGSYKC": "0.79",
    "XSMGSYKC": "0.78",
    "PTGJZCSYLJQ": "15.33",
    "KCPTGJZCSYLJQ": "14.92"
  }
]

=== 603102-2026-04-16-百合股份-威海百合生物技术股份有限公司2025年年度报告.pdf ===
【模块一】
[
  {
    "JZRQ": "2025-12-31",
    "JBMGSY": "2.05",
    "XSMGSY": "2.05",
    "JBMGSYKC": "1.96",
    "XSMGSYKC": "",
    "JLRJZCSYLJQ": "7.72",
    "KCHJLRJZCSYLJQ": "7.37",
    "PTGJZCSYLJQ": "",
    "KCPTGJZCSYLJQ": "",
    "YYZSR": "",
    "YYZSRTBZZ": "",
    "YYSR": "910926738.19",
    "YYSRTBZZ": "13.67",
    "YYSRKCJE": "",
    "KCHYYSR": "",
    "KCHYYSRTBZZ": "",
    "JLRHJ": "",
    "JLRHJTBZZ": "",
    "JLR": "128434924.35",
    "JLRTBZZ": "-7.81",
    "FJCXSY": "5874159.63",
    "KCFJYXSYHDJLR": "122560764.72",
    "KCFJYXSYHDJLRTBZZ": "-6.63",
    "PTGJLR": "",
    "PTGJLRTBZZ": "",
    "KCFJCXSYHPTGJLR": "",
    "KCFJCXSYHPTGJLRTBZZ": "",
    "JYXJLLJE": "186024462.31",
    "MGJYXJLLJE": "",
    "ZCZE": "1955523389.13",
    "GDQY": "1655435277.13",
    "MGJZCPL": "",
    "PTGMGJZC": "",
    "GJKJZEJLR": "",
    "GJKJZZJZC": ""
  },
  {
    "JZRQ": "2024-12-31",
    "JBMGSY": "2.18",
    "XSMGSY": "2.18",
    "JBMGSYKC": "2.05",
    "XSMGSYKC": "",
    "JLRJZCSYLJQ": "8.95",
    "KCHJLRJZCSYLJQ": "8.43",
    "PTGJZCSYLJQ": "",
    "KCPTGJZCSYLJQ": "",
    "YYZSR": "",
    "YYZSRTBZZ": "",
    "YYSR": "801399192.56",
    "YYSRTBZZ": "",
    "YYSRKCJE": "",
    "KCHYYSR": "",
    "KCHYYSRTBZZ": "",
    "JLRHJ": "",
    "JLRHJTBZZ": "",
    "JLR": "139309114.98",
    "JLRTBZZ": "",
    "FJCXSY": "8051123.87",
    "KCFJYXSYHDJLR": "131257991.11",
    "KCFJYXSYHDJLRTBZZ": "",
    "PTGJLR": "",
    "PTGJLRTBZZ": "",
    "KCFJCXSYHPTGJLR": "",
    "KCFJCXSYHPTGJLRTBZZ": "",
    "JYXJLLJE": "127647807.89",
    "MGJYXJLLJE": "",
    "ZCZE": "1815740918.83",
    "GDQY": "1605932193.78",
    "MGJZCPL": "",
    "PTGMGJZC": "",
    "GJKJZEJLR": "",
    "GJKJZZJZC": ""
  },
  {
    "JZRQ": "2023-12-31",
    "JBMGSY": "2.64",
    "XSMGSY": "2.64",
    "JBMGSYKC": "2.54",
    "XSMGSYKC": "",
    "JLRJZCSYLJQ": "11.39",
    "KCHJLRJZCSYLJQ": "10.95",
    "PTGJZCSYLJQ": "",
    "KCPTGJZCSYLJQ": "",
    "YYZSR": "",
    "YYZSRTBZZ": "",
    "YYSR": "871251536.54",
    "YYSRTBZZ": "",
    "YYSRKCJE": "",
    "KCHYYSR": "",
    "KCHYYSRTBZZ": "",
    "JLRHJ": "",
    "JLRHJTBZZ": "",
    "JLR": "169065646.64",
    "JLRTBZZ": "",
    "FJCXSY": "6504584.96",
    "KCFJYXSYHDJLR": "162561061.68",
    "KCFJYXSYHDJLRTBZZ": "",
    "PTGJLR": "",
    "PTGJLRTBZZ": "",
    "KCFJCXSYHPTGJLR": "",
    "KCFJCXSYHPTGJLRTBZZ": "",
    "JYXJLLJE": "193851041.12",
    "MGJYXJLLJE": "",
    "ZCZE": "1736159386.58",
    "GDQY": "1514464171.80",
    "MGJZCPL": "",
    "PTGMGJZC": "",
    "GJKJZEJLR": "",
    "GJKJZZJZC": ""
  }
]

【模块二】
[
  {
    "JZRQ": "2025-12-31",
    "JBMGSY": "2.05",
    "XSMGSY": "2.05",
    "JBMGSYKC": "1.96",
    "XSMGSYKC": "1.96",
    "PTGJZCSYLJQ": "7.72",
    "KCPTGJZCSYLJQ": "7.37"
  }
]

=== 603129-2026-04-16-春风动力-春风动力2025年年度报告.pdf ===
【模块一】
[
  {
    "JZRQ": "2025-12-31",
    "JBMGSY": "10.99",
    "XSMGSY": "10.88",
    "JBMGSYKC": "10.38",
    "XSMGSYKC": "",
    "JLRJZCSYLJQ": "24.49",
    "KCHJLRJZCSYLJQ": "23.12",
    "PTGJZCSYLJQ": "",
    "KCPTGJZCSYLJQ": "",
    "YYZSR": "",
    "YYZSRTBZZ": "",
    "YYSR": "19745576117.94",
    "YYSRTBZZ": "31.30",
    "YYSRKCJE": "",
    "KCHYYSR": "",
    "KCHYYSRTBZZ": "",
    "JLRHJ": "",
    "JLRHJTBZZ": "",
    "JLR": "1675371241.24",
    "JLRTBZZ": "13.83",
    "FJCXSY": "94024291.53",
    "KCFJYXSYHDJLR": "1581346949.71",
    "KCFJYXSYHDJLRTBZZ": "9.70",
    "PTGJLR": "",
    "PTGJLRTBZZ": "",
    "KCFJCXSYHPTGJLR": "",
    "KCFJCXSYHPTGJLRTBZZ": "",
    "JYXJLLJE": "3966268556.28",
    "MGJYXJLLJE": "",
    "ZCZE": "19270085851.43",
    "GDQY": "7502093531.63",
    "MGJZCPL": "",
    "PTGMGJZC": "",
    "GJKJZEJLR": "",
    "GJKJZZJZC": ""
  },
  {
    "JZRQ": "2024-12-31",
    "JBMGSY": "9.74",
    "XSMGSY": "9.67",
    "JBMGSYKC": "9.54",
    "XSMGSYKC": "",
    "JLRJZCSYLJQ": "26.25",
    "KCHJLRJZCSYLJQ": "25.71",
    "PTGJZCSYLJQ": "",
    "KCPTGJZCSYLJQ": "",
    "YYZSR": "",
    "YYZSRTBZZ": "",
    "YYSR": "15038060145.03",
    "YYSRTBZZ": "",
    "YYSRKCJE": "",
    "KCHYYSR": "",
    "KCHYYSRTBZZ": "",
    "JLRHJ": "",
    "JLRHJTBZZ": "",
    "JLR": "1471761328.04",
    "JLRTBZZ": "",
    "FJCXSY": "30191926.29",
    "KCFJYXSYHDJLR": "1441569401.75",
    "KCFJYXSYHDJLRTBZZ": "",
    "PTGJLR": "",
    "PTGJLRTBZZ": "",
    "KCFJCXSYHPTGJLR": "",
    "KCFJCXSYHPTGJLRTBZZ": "",
    "JYXJLLJE": "2972746094.55",
    "MGJYXJLLJE": "",
    "ZCZE": "14900162628.85",
    "GDQY": "6194046198.66",
    "MGJZCPL": "",
    "PTGMGJZC": "",
    "GJKJZEJLR": "",
    "GJKJZZJZC": ""
  },
  {
    "JZRQ": "2023-12-31",
    "JBMGSY": "6.70",
    "XSMGSY": "6.69",
    "JBMGSYKC": "6.46",
    "XSMGSYKC": "",
    "JLRJZCSYLJQ": "21.67",
    "KCHJLRJZCSYLJQ": "20.88",
    "PTGJZCSYLJQ": "",
    "KCPTGJZCSYLJQ": "",
    "YYZSR": "",
    "YYZSRTBZZ": "",
    "YYSR": "12110347152.11",
    "YYSRTBZZ": "",
    "YYSRKCJE": "",
    "KCHYYSR": "",
    "KCHYYSRTBZZ": "",
    "JLRHJ": "",
    "JLRHJTBZZ": "",
    "JLR": "1007519139.18",
    "JLRTBZZ": "",
    "FJCXSY": "36981964.52",
    "KCFJYXSYHDJLR": "970537174.66",
    "KCFJYXSYHDJLRTBZZ": "",
    "PTGJLR": "",
    "PTGJLRTBZZ": "",
    "KCFJCXSYHPTGJLR": "",
    "KCFJCXSYHPTGJLRTBZZ": "",
    "JYXJLLJE": "1384697207.14",
    "MGJYXJLLJE": "",
    "ZCZE": "10313748347.15",
    "GDQY": "5038823536.91",
    "MGJZCPL": "",
    "PTGMGJZC": "",
    "GJKJZEJLR": "",
    "GJKJZZJZC": ""
  }
]

【模块二】
[
  {
    "JZRQ": "2025-12-31",
    "JBMGSY": "10.99",
    "XSMGSY": "10.88",
    "JBMGSYKC": "10.38",
    "XSMGSYKC": "10.27",
    "PTGJZCSYLJQ": "24.49",
    "KCPTGJZCSYLJQ": "23.12"
  }
]

=== 603186-2026-04-16-华正新材-浙江华正新材料股份有限公司2025年年度报告（修订版）.pdf ===
【模块一】
[
  {
    "JZRQ": "2025-12-31",
    "JBMGSY": "1.95",
    "XSMGSY": "1.90",
    "JBMGSYKC": "0.46",
    "XSMGSYKC": "",
    "JLRJZCSYLJQ": "17.37",
    "KCHJLRJZCSYLJQ": "4.12",
    "PTGJZCSYLJQ": "",
    "KCPTGJZCSYLJQ": "",
    "YYZSR": "",
    "YYZSRTBZZ": "",
    "YYSR": "4369207731.02",
    "YYSRTBZZ": "13.05",
    "YYSRKCJE": "",
    "KCHYYSR": "",
    "KCHYYSRTBZZ": "",
    "JLRHJ": "",
    "JLRHJTBZZ": "",
    "JLR": "276713420.07",
    "JLRTBZZ": "",
    "FJCXSY": "211042612.22",
    "KCFJYXSYHDJLR": "65670807.85",
    "KCFJYXSYHDJLRTBZZ": "109.65",
    "PTGJLR": "",
    "PTGJLRTBZZ": "",
    "KCFJCXSYHPTGJLR": "",
    "KCFJCXSYHPTGJLRTBZZ": "",
    "JYXJLLJE": "354053504.44",
    "MGJYXJLLJE": "",
    "ZCZE": "6334546346.93",
    "GDQY": "1730823263.62",
    "MGJZCPL": "",
    "PTGMGJZC": "",
    "GJKJZEJLR": "",
    "GJKJZZJZC": ""
  },
  {
    "JZRQ": "2024-12-31",
    "JBMGSY": "-0.69",
    "XSMGSY": "-0.69",
    "JBMGSYKC": "-0.84",
    "XSMGSYKC": "",
    "JLRJZCSYLJQ": "-6.48",
    "KCHJLRJZCSYLJQ": "-7.89",
    "PTGJZCSYLJQ": "",
    "KCPTGJZCSYLJQ": "",
    "YYZSR": "",
    "YYZSRTBZZ": "",
    "YYSR": "3864746361.04",
    "YYSRTBZZ": "",
    "YYSRKCJE": "",
    "KCHYYSR": "",
    "KCHYYSRTBZZ": "",
    "JLRHJ": "",
    "JLRHJTBZZ": "",
    "JLR": "-97430334.61",
    "JLRTBZZ": "",
    "FJCXSY": "21178420.25",
    "KCFJYXSYHDJLR": "-118608754.86",
    "KCFJYXSYHDJLRTBZZ": "",
    "PTGJLR": "",
    "PTGJLRTBZZ": "",
    "KCFJCXSYHPTGJLR": "",
    "KCFJCXSYHPTGJLRTBZZ": "",
    "JYXJLLJE": "168880342.75",
    "MGJYXJLLJE": "",
    "ZCZE": "6112559946.57",
    "GDQY": "1455270701.47",
    "MGJZCPL": "",
    "PTGMGJZC": "",
    "GJKJZEJLR": "",
    "GJKJZZJZC": ""
  },
  {
    "JZRQ": "2023-12-31",
    "JBMGSY": "-0.85",
    "XSMGSY": "-0.85",
    "JBMGSYKC": "-0.92",
    "XSMGSYKC": "",
    "JLRJZCSYLJQ": "-7.46",
    "KCHJLRJZCSYLJQ": "-8.06",
    "PTGJZCSYLJQ": "",
    "KCPTGJZCSYLJQ": "",
    "YYZSR": "",
    "YYZSRTBZZ": "",
    "YYSR": "3361517062.05",
    "YYSRTBZZ": "",
    "YYSRKCJE": "",
    "KCHYYSR": "",
    "KCHYYSRTBZZ": "",
    "JLRHJ": "",
    "JLRHJTBZZ": "",
    "JLR": "-120518795.21",
    "JLRTBZZ": "",
    "FJCXSY": "9680231.54",
    "KCFJYXSYHDJLR": "-130199026.75",
    "KCFJYXSYHDJLRTBZZ": "",
    "PTGJLR": "",
    "PTGJLRTBZZ": "",
    "KCFJCXSYHPTGJLR": "",
    "KCFJCXSYHPTGJLRTBZZ": "",
    "JYXJLLJE": "243895297.94",
    "MGJYXJLLJE": "",
    "ZCZE": "5792327848.49",
    "GDQY": "1550966280.22",
    "MGJZCPL": "",
    "PTGMGJZC": "",
    "GJKJZEJLR": "",
    "GJKJZZJZC": ""
  }
]

【模块二】
[
  {
    "JZRQ": "2025-12-31",
    "JBMGSY": "1.95",
    "XSMGSY": "1.90",
    "JBMGSYKC": "0.46",
    "XSMGSYKC": "",
    "PTGJZCSYLJQ": "17.37",
    "KCPTGJJZCSYLJQ": "4.12"
  }
]

=== 603213-2026-04-16-镇洋发展-浙江镇洋发展股份有限公司2025年年度报告.pdf ===
【模块一】
[
  {
    "JZRQ": "2025-12-31",
    "JBMGSY": "0.17",
    "XSMGSY": "0.17",
    "JBMGSYKC": "0.17",
    "XSMGSYKC": "",
    "JLRJZCSYLJQ": "3.95",
    "KCHJLRJZCSYLJQ": "3.81",
    "PTGJZCSYLJQ": "",
    "KCPTGJZCSYLJQ": "",
    "YYZSR": "",
    "YYZSRTBZZ": "",
    "YYSR": "2625047328.00",
    "YYSRTBZZ": "-9.45",
    "YYSRKCJE": "",
    "KCHYYSR": "",
    "KCHYYSRTBZZ": "",
    "JLRHJ": "",
    "JLRHJTBZZ": "",
    "JLR": "75618067.89",
    "JLRTBZZ": "-60.43",
    "FJCXSY": "2557762.21",
    "KCFJYXSYHDJLR": "73060305.68",
    "KCFJYXSYHDJLRTBZZ": "-60.39",
    "PTGJLR": "",
    "PTGJLRTBZZ": "",
    "KCFJCXSYHPTGJLR": "",
    "KCFJCXSYHPTGJLRTBZZ": "",
    "JYXJLLJE": "320198641.52",
    "MGJYXJLLJE": "",
    "ZCZE": "3400308481.20",
    "GDQY": "1940317261.22",
    "MGJZCPL": "",
    "PTGMGJZC": "",
    "GJKJZEJLR": "",
    "GJKJZZJZC": ""
  },
  {
    "JZRQ": "2024-12-31",
    "JBMGSY": "0.44",
    "XSMGSY": "0.41",
    "JBMGSYKC": "0.42",
    "XSMGSYKC": "",
    "JLRJZCSYLJQ": "10.62",
    "KCHJLRJZCSYLJQ": "10.25",
    "PTGJZCSYLJQ": "",
    "KCPTGJZCSYLJQ": "",
    "YYZSR": "",
    "YYZSRTBZZ": "",
    "YYSR": "2899124680.92",
    "YYSRTBZZ": "",
    "YYSRKCJE": "",
    "KCHYYSR": "",
    "KCHYYSRTBZZ": "",
    "JLRHJ": "",
    "JLRHJTBZZ": "",
    "JLR": "191082639.48",
    "JLRTBZZ": "",
    "FJCXSY": "6631154.03",
    "KCFJYXSYHDJLR": "184451485.45",
    "KCFJYXSYHDJLRTBZZ": "",
    "PTGJLR": "",
    "PTGJLRTBZZ": "",
    "KCFJCXSYHPTGJLR": "",
    "KCFJCXSYHPTGJLRTBZZ": "",
    "JYXJLLJE": "-19018357.49",
    "MGJYXJLLJE": "",
    "ZCZE": "3270584123.39",
    "GDQY": "1926789470.19",
    "MGJZCPL": "",
    "PTGMGJZC": "",
    "GJKJZEJLR": "",
    "GJKJZZJZC": ""
  },
  {
    "JZRQ": "2023-12-31",
    "JBMGSY": "0.57",
    "XSMGSY": "0.57",
    "JBMGSYKC": "0.53",
    "XSMGSYKC": "",
    "JLRJZCSYLJQ": "14.39",
    "KCHJLRJZCSYLJQ": "13.45",
    "PTGJZCSYLJQ": "",
    "KCPTGJZCSYLJQ": "",
    "YYZSR": "",
    "YYZSRTBZZ": "",
    "YYSR": "2114638756.34",
    "YYSRTBZZ": "",
    "YYSRKCJE": "",
    "KCHYYSR": "",
    "KCHYYSRTBZZ": "",
    "JLRHJ": "",
    "JLRHJTBZZ": "",
    "JLR": "248832193.78",
    "JLRTBZZ": "",
    "FJCXSY": "16312893.72",
    "KCFJYXSYHDJLR": "232519300.06",
    "KCFJYXSYHDJLRTBZZ": "",
    "PTGJLR": "",
    "PTGJLRTBZZ": "",
    "KCFJCXSYHPTGJLR": "",
    "KCFJCXSYHPTGJLRTBZZ": "",
    "JYXJLLJE": "47272019.28",
    "MGJYXJLLJE": "",
    "ZCZE": "2970757579.74",
    "GDQY": "1775055112.56",
    "MGJZCPL": "",
    "PTGMGJZC": "",
    "GJKJZEJLR": "",
    "GJKJZZJZC": ""
  }
]

【模块二】
[
  {
    "JZRQ": "2025-12-31",
    "JBMGSY": "0.17",
    "XSMGSY": "0.17",
    "JBMGSYKC": "0.17",
    "XSMGSYKC": "0.16",
    "PTGJZCSYLJQ": "3.95",
    "KCPTGJJZCSYLJQ": "3.81"
  }
]

=== 603355-2026-04-16-莱克电气-莱克电气2025年年度报告.pdf ===
【模块一】
[
  {
    "JZRQ": "2025-12-31",
    "JBMGSY": "1.39",
    "XSMGSY": "1.39",
    "JBMGSYKC": "1.27",
    "XSMGSYKC": "",
    "JLRJZCSYLJQ": "14.92",
    "KCHJLRJZCSYLJQ": "13.59",
    "PTGJZCSYLJQ": "",
    "KCPTGJZCSYLJQ": "",
    "YYZSR": "",
    "YYZSRTBZZ": "",
    "YYSR": "9867112643.75",
    "YYSRTBZZ": "1.05",
    "YYSRKCJE": "",
    "KCHYYSR": "",
    "KCHYYSRTBZZ": "",
    "JLRHJ": "",
    "JLRHJTBZZ": "",
    "JLR": "799338230.94",
    "JLRTBZZ": "-35.04",
    "FJCXSY": "71589566.64",
    "KCFJYXSYHDJLR": "727748664.30",
    "KCFJYXSYHDJLRTBZZ": "-37.24",
    "PTGJLR": "",
    "PTGJLRTBZZ": "",
    "KCFJCXSYHPTGJLR": "",
    "KCFJCXSYHPTGJLRTBZZ": "",
    "JYXJLLJE": "1476050042.84",
    "MGJYXJLLJE": "",
    "ZCZE": "17244508139.15",
    "GDQY": "5728041171.58",
    "MGJZCPL": "",
    "PTGMGJZC": "",
    "GJKJZEJLR": "",
    "GJKJZZJZC": ""
  },
  {
    "JZRQ": "2024-12-31",
    "JBMGSY": "2.14",
    "XSMGSY": "2.14",
    "JBMGSYKC": "2.02",
    "XSMGSYKC": "",
    "JLRJZCSYLJQ": "24.81",
    "KCHJLRJZCSYLJQ": "23.38",
    "PTGJZCSYLJQ": "",
    "KCPTGJZCSYLJQ": "",
    "YYZSR": "",
    "YYZSRTBZZ": "",
    "YYSR": "9764926067.85",
    "YYSRTBZZ": "",
    "YYSRKCJE": "",
    "KCHYYSR": "",
    "KCHYYSRTBZZ": "",
    "JLRHJ": "",
    "JLRHJTBZZ": "",
    "JLR": "1230443304.18",
    "JLRTBZZ": "",
    "FJCXSY": "70791977.79",
    "KCFJYXSYHDJLR": "1159651326.39",
    "KCFJYXSYHDJLRTBZZ": "",
    "PTGJLR": "",
    "PTGJLRTBZZ": "",
    "KCFJCXSYHPTGJLR": "",
    "KCFJCXSYHPTGJLRTBZZ": "",
    "JYXJLLJE": "1610771651.97",
    "MGJYXJLLJE": "",
    "ZCZE": "13623000705.96",
    "GDQY": "4954518127.24",
    "MGJZCPL": "",
    "PTGMGJZC": "",
    "GJKJZEJLR": "",
    "GJKJZZJZC": ""
  },
  {
    "JZRQ": "2023-12-31",
    "JBMGSY": "1.95",
    "XSMGSY": "1.95",
    "JBMGSYKC": "1.71",
    "XSMGSYKC": "",
    "JLRJZCSYLJQ": "25.60",
    "KCHJLRJZCSYLJQ": "22.52",
    "PTGJZCSYLJQ": "",
    "KCPTGJZCSYLJQ": "",
    "YYZSR": "",
    "YYZSRTBZZ": "",
    "YYSR": "8792205800.04",
    "YYSRTBZZ": "",
    "YYSRKCJE": "",
    "KCHYYSR": "",
    "KCHYYSRTBZZ": "",
    "JLRHJ": "",
    "JLRHJTBZZ": "",
    "JLR": "1116885327.69",
    "JLRTBZZ": "",
    "FJCXSY": "134157302.64",
    "KCFJYXSYHDJLR": "982728025.05",
    "KCFJYXSYHDJLRTBZZ": "",
    "PTGJLR": "",
    "PTGJLRTBZZ": "",
    "KCFJCXSYHPTGJLR": "",
    "KCFJCXSYHPTGJLRTBZZ": "",
    "JYXJLLJE": "840159419.85",
    "MGJYXJLLJE": "",
    "ZCZE": "12562360441.64",
    "GDQY": "4374405871.94",
    "MGJZCPL": "",
    "PTGMGJZC": "",
    "GJKJZEJLR": "",
    "GJKJZZJZC": ""
  }
]

【模块二】
[
  {
    "JZRQ": "2025-12-31",
    "JBMGSY": "1.39",
    "XSMGSY": "1.39",
    "JBMGSYKC": "1.27",
    "XSMGSYKC": "1.27",
    "PTGJZCSYLJQ": "14.92",
    "KCPTGJZCSYLJQ": "13.59"
  }
]

=== 603536-2026-04-16-惠发食品-惠发食品2025年年度报告.pdf ===
【模块一】
[
  {
    "JZRQ": "2025-12-31",
    "JBMGSY": "-0.28",
    "XSMGSY": "-0.28",
    "JBMGSYKC": "-0.32",
    "XSMGSYKC": "",
    "JLRJZCSYLJQ": "-16.78",
    "KCHJLRJZCSYLJQ": "-18.63",
    "PTGJZCSYLJQ": "",
    "KCPTGJZCSYLJQ": "",
    "YYZSR": "",
    "YYZSRTBZZ": "",
    "YYSR": "1409589241.88",
    "YYSRTBZZ": "-26.78",
    "YYSRKCJE": "",
    "KCHYYSR": "1383793264.84",
    "KCHYYSRTBZZ": "-27.16",
    "JLRHJ": "",
    "JLRHJTBZZ": "",
    "JLR": "-69551909.48",
    "JLRTBZZ": "-319.34",
    "FJCXSY": "7682699.64",
    "KCFJYXSYHDJLR": "-77234609.12",
    "KCFJYXSYHDJLRTBZZ": "-280.15",
    "PTGJLR": "",
    "PTGJLRTBZZ": "",
    "KCFJCXSYHPTGJLR": "",
    "KCFJCXSYHPTGJLRTBZZ": "",
    "JYXJLLJE": "49178071.05",
    "MGJYXJLLJE": "",
    "ZCZE": "1214829352.91",
    "GDQY": "379359502.76",
    "MGJZCPL": "",
    "PTGMGJZC": "",
    "GJKJZEJLR": "",
    "GJKJZZJZC": ""
  },
  {
    "JZRQ": "2024-12-31",
    "JBMGSY": "-0.07",
    "XSMGSY": "-0.07",
    "JBMGSYKC": "-0.08",
    "XSMGSYKC": "",
    "JLRJZCSYLJQ": "-3.46",
    "KCHJLRJZCSYLJQ": "-4.24",
    "PTGJZCSYLJQ": "",
    "KCPTGJZCSYLJQ": "",
    "YYZSR": "",
    "YYZSRTBZZ": "",
    "YYSR": "1925035103.92",
    "YYSRTBZZ": "",
    "YYSRKCJE": "",
    "KCHYYSR": "1899851207.54",
    "KCHYYSRTBZZ": "",
    "JLRHJ": "",
    "JLRHJTBZZ": "",
    "JLR": "-16585881.31",
    "JLRTBZZ": "",
    "FJCXSY": "3730780.34",
    "KCFJYXSYHDJLR": "-20316661.65",
    "KCFJYXSYHDJLRTBZZ": "",
    "PTGJLR": "",
    "PTGJLRTBZZ": "",
    "KCFJCXSYHPTGJLR": "",
    "KCFJCXSYHPTGJLRTBZZ": "",
    "JYXJLLJE": "64619299.48",
    "MGJYXJLLJE": "",
    "ZCZE": "1432383524.94",
    "GDQY": "449752491.39",
    "MGJZCPL": "",
    "PTGMGJZC": "",
    "GJKJZEJLR": "",
    "GJKJZZJZC": ""
  },
  {
    "JZRQ": "2023-12-31",
    "JBMGSY": "0.03",
    "XSMGSY": "0.03",
    "JBMGSYKC": "-0.01",
    "XSMGSYKC": "",
    "JLRJZCSYLJQ": "1.51",
    "KCHJLRJZCSYLJQ": "-0.55",
    "PTGJZCSYLJQ": "",
    "KCPTGJZCSYLJQ": "",
    "YYZSR": "",
    "YYZSRTBZZ": "",
    "YYSR": "1997127917.44",
    "YYSRTBZZ": "",
    "YYSRKCJE": "",
    "KCHYYSR": "1976112671.80",
    "KCHYYSRTBZZ": "",
    "JLRHJ": "",
    "JLRHJTBZZ": "",
    "JLR": "7515873.55",
    "JLRTBZZ": "",
    "FJCXSY": "10243745.05",
    "KCFJYXSYHDJLR": "-2727871.50",
    "KCFJYXSYHDJLRTBZZ": "",
    "PTGJLR": "",
    "PTGJLRTBZZ": "",
    "KCFJCXSYHPTGJLR": "",
    "KCFJCXSYHPTGJLRTBZZ": "",
    "JYXJLLJE": "89830113.67",
    "MGJYXJLLJE": "",
    "ZCZE": "1419779913.91",
    "GDQY": "503001503.32",
    "MGJZCPL": "",
    "PTGMGJZC": "",
    "GJKJZEJLR": "",
    "GJKJZZJZC": ""
  }
]

【模块二】
[
  {
    "JZRQ": "2025-12-31",
    "JBMGSY": "-0.28",
    "XSMGSY": "-0.28",
    "JBMGSYKC": "-0.32",
    "XSMGSYKC": "-0.32",
    "PTGJZCSYLJQ": "-16.78",
    "KCPTGJZCSYLJQ": "-18.63"
  }
]

=== 603383-2026-04-16-顶点软件-顶点软件2025年年度报告.pdf ===
【模块一】
[
  {
    "JZRQ": "2025-12-31",
    "JBMGSY": "0.87",
    "XSMGSY": "0.87",
    "JBMGSYKC": "0.75",
    "XSMGSYKC": "",
    "JLRJZCSYLJQ": "11.92",
    "KCHJLRJZCSYLJQ": "10.33",
    "PTGJZCSYLJQ": "",
    "KCPTGJZCSYLJQ": "",
    "YYZSR": "",
    "YYZSRTBZZ": "",
    "YYSR": "581538830.83",
    "YYSRTBZZ": "-12.38",
    "YYSRKCJE": "",
    "KCHYYSR": "",
    "KCHYYSRTBZZ": "",
    "JLRHJ": "",
    "JLRHJTBZZ": "",
    "JLR": "178203042.56",
    "JLRTBZZ": "-8.14",
    "FJCXSY": "23778824.74",
    "KCFJYXSYHDJLR": "154424217.82",
    "KCFJYXSYHDJLRTBZZ": "-13.49",
    "PTGJLR": "",
    "PTGJLRTBZZ": "",
    "KCFJCXSYHPTGJLR": "",
    "KCFJCXSYHPTGJLRTBZZ": "",
    "JYXJLLJE": "225149200.56",
    "MGJYXJLLJE": "",
    "ZCZE": "1898766580.29",
    "GDQY": "1502401837.70",
    "MGJZCPL": "",
    "PTGMGJZC": "",
    "GJKJZEJLR": "",
    "GJKJZZJZC": ""
  },
  {
    "JZRQ": "2024-12-31",
    "JBMGSY": "0.95",
    "XSMGSY": "0.95",
    "JBMGSYKC": "0.88",
    "XSMGSYKC": "",
    "JLRJZCSYLJQ": "13.09",
    "KCHJLRJZCSYLJQ": "12.05",
    "PTGJZCSYLJQ": "",
    "KCPTGJZCSYLJQ": "",
    "YYZSR": "",
    "YYZSRTBZZ": "",
    "YYSR": "663730731.56",
    "YYSRTBZZ": "",
    "YYSRKCJE": "",
    "KCHYYSR": "",
    "KCHYYSRTBZZ": "",
    "JLRHJ": "",
    "JLRHJTBZZ": "",
    "JLR": "193990061.18",
    "JLRTBZZ": "",
    "FJCXSY": "15494764.49",
    "KCFJYXSYHDJLR": "178495296.69",
    "KCFJYXSYHDJLRTBZZ": "",
    "PTGJLR": "",
    "PTGJLRTBZZ": "",
    "KCFJCXSYHPTGJLR": "",
    "KCFJCXSYHPTGJLRTBZZ": "",
    "JYXJLLJE": "193025697.73",
    "MGJYXJLLJE": "",
    "ZCZE": "1821027155.68",
    "GDQY": "1475797329.24",
    "MGJZCPL": "",
    "PTGMGJZC": "",
    "GJKJZEJLR": "",
    "GJKJZZJZC": ""
  },
  {
    "JZRQ": "2023-12-31",
    "JBMGSY": "1.15",
    "XSMGSY": "1.15",
    "JBMGSYKC": "1.10",
    "XSMGSYKC": "",
    "JLRJZCSYLJQ": "16.53",
    "KCHJLRJZCSYLJQ": "15.40",
    "PTGJZCSYLJQ": "",
    "KCPTGJZCSYLJQ": "",
    "YYZSR": "",
    "YYZSRTBZZ": "",
    "YYSR": "743909348.44",
    "YYSRTBZZ": "",
    "YYSRKCJE": "",
    "KCHYYSR": "",
    "KCHYYSRTBZZ": "",
    "JLRHJ": "",
    "JLRHJTBZZ": "",
    "JLR": "233261248.25",
    "JLRTBZZ": "",
    "FJCXSY": "15898113.27",
    "KCFJYXSYHDJLR": "217363134.98",
    "KCFJYXSYHDJLRTBZZ": "",
    "PTGJLR": "",
    "PTGJLRTBZZ": "",
    "KCFJCXSYHPTGJLR": "",
    "KCFJCXSYHPTGJLRTBZZ": "",
    "JYXJLLJE": "231219653.87",
    "MGJYXJLLJE": "",
    "ZCZE": "1886086098.63",
    "GDQY": "1492840901.36",
    "MGJZCPL": "",
    "PTGMGJZC": "",
    "GJKJZEJLR": "",
    "GJKJZZJZC": ""
  }
]

【模块二】
[
  {
    "JZRQ": "2025-12-31",
    "JBMGSY": "0.87",
    "XSMGSY": "0.87",
    "JBMGSYKC": "0.75",
    "XSMGSYKC": "0.75",
    "PTGJZCSYLJQ": "11.92",
    "KCPTGJZCSYLJQ": "10.33"
  }
]

=== 603916-2026-04-16-苏博特-2025年年度报告.pdf ===
【模块一】
[
  {
    "JZRQ": "2025-12-31",
    "JBMGSY": "0.29",
    "XSMGSY": "0.28",
    "JBMGSYKC": "0.24",
    "XSMGSYKC": "",
    "JLRJZCSYLJQ": "2.81",
    "KCHJLRJZCSYLJQ": "2.37",
    "PTGJZCSYLJQ": "",
    "KCPTGJZCSYLJQ": "",
    "YYZSR": "",
    "YYZSRTBZZ": "",
    "YYSR": "3555932448.23",
    "YYSRTBZZ": "0.02",
    "YYSRKCJE": "",
    "KCHYYSR": "",
    "KCHYYSRTBZZ": "",
    "JLRHJ": "",
    "JLRHJTBZZ": "",
    "JLR": "120993508.49",
    "JLRTBZZ": "26.19",
    "FJCXSY": "18806718.41",
    "KCFJYXSYHDJLR": "102186790.08",
    "KCFJYXSYHDJLRTBZZ": "25.54",
    "PTGJLR": "",
    "PTGJLRTBZZ": "",
    "KCFJCXSYHPTGJLR": "",
    "KCFJCXSYHPTGJLRTBZZ": "",
    "JYXJLLJE": "370680129.63",
    "MGJYXJLLJE": "",
    "ZCZE": "8377981811.77",
    "GDQY": "4338493966.44",
    "MGJZCPL": "",
    "PTGMGJZC": "",
    "GJKJZEJLR": "",
    "GJKJZZJZC": ""
  },
  {
    "JZRQ": "2024-12-31",
    "JBMGSY": "0.23",
    "XSMGSY": "0.22",
    "JBMGSYKC": "0.19",
    "XSMGSYKC": "",
    "JLRJZCSYLJQ": "2.26",
    "KCHJLRJZCSYLJQ": "1.92",
    "PTGJZCSYLJQ": "",
    "KCPTGJZCSYLJQ": "",
    "YYZSR": "",
    "YYZSRTBZZ": "",
    "YYSR": "3555391485.80",
    "YYSRTBZZ": "",
    "YYSRKCJE": "",
    "KCHYYSR": "",
    "KCHYYSRTBZZ": "",
    "JLRHJ": "",
    "JLRHJTBZZ": "",
    "JLR": "95881061.35",
    "JLRTBZZ": "",
    "FJCXSY": "14483033.13",
    "KCFJYXSYHDJLR": "81398028.22",
    "KCFJYXSYHDJLRTBZZ": "",
    "PTGJLR": "",
    "PTGJLRTBZZ": "",
    "KCFJCXSYHPTGJLR": "",
    "KCFJCXSYHPTGJLRTBZZ": "",
    "JYXJLLJE": "580686921.96",
    "MGJYXJLLJE": "",
    "ZCZE": "7884944325.28",
    "GDQY": "4268493715.29",
    "MGJZCPL": "",
    "PTGMGJZC": "",
    "GJKJZEJLR": "",
    "GJKJZZJZC": ""
  },
  {
    "JZRQ": "2023-12-31",
    "JBMGSY": "0.38",
    "XSMGSY": "0.39",
    "JBMGSYKC": "0.35",
    "XSMGSYKC": "",
    "JLRJZCSYLJQ": "3.82",
    "KCHJLRJZCSYLJQ": "3.48",
    "PTGJZCSYLJQ": "",
    "KCPTGJZCSYLJQ": "",
    "YYZSR": "",
    "YYZSRTBZZ": "",
    "YYSR": "3582118618.81",
    "YYSRTBZZ": "",
    "YYSRKCJE": "",
    "KCHYYSR": "",
    "KCHYYSRTBZZ": "",
    "JLRHJ": "",
    "JLRHJTBZZ": "",
    "JLR": "160446563.40",
    "JLRTBZZ": "",
    "FJCXSY": "14293435.87",
    "KCFJYXSYHDJLR": "146153127.53",
    "KCFJYXSYHDJLRTBZZ": "",
    "PTGJLR": "",
    "PTGJLRTBZZ": "",
    "KCFJCXSYHPTGJLR": "",
    "KCFJCXSYHPTGJLRTBZZ": "",
    "JYXJLLJE": "369929715.06",
    "MGJYXJLLJE": "",
    "ZCZE": "7960202591.74",
    "GDQY": "4229171053.83",
    "MGJZCPL": "",
    "PTGMGJZC": "",
    "GJKJZEJLR": "",
    "GJKJZZJZC": ""
  }
]

【模块二】
[
  {
    "JZRQ": "2025-12-31",
    "JBMGSY": "0.29",
    "XSMGSY": "0.28",
    "JBMGSYKC": "0.24",
    "XSMGSYKC": "0.24",
    "PTGJZCSYLJQ": "2.81",
    "KCPTGJZCSYLJQ": "2.37"
  }
]

=== 603938-2026-04-16-三孚股份-2025年年度报告.pdf ===
【模块一】
[
  {
    "JZRQ": "2025-12-31",
    "JBMGSY": "0.21",
    "XSMGSY": "0.21",
    "JBMGSYKC": "0.18",
    "XSMGSYKC": "",
    "JLRJZCSYLJQ": "3.26",
    "KCHJLRJZCSYLJQ": "2.80",
    "PTGJZCSYLJQ": "",
    "KCPTGJZCSYLJQ": "",
    "YYZSR": "",
    "YYZSRTBZZ": "",
    "YYSR": "2096968236.83",
    "YYSRTBZZ": "18.49",
    "YYSRKCJE": "",
    "KCHYYSR": "",
    "KCHYYSRTBZZ": "",
    "JLRHJ": "",
    "JLRHJTBZZ": "",
    "JLR": "80299009.38",
    "JLRTBZZ": "25.90",
    "FJCXSY": "11250861.43",
    "KCFJYXSYHDJLR": "69048147.95",
    "KCFJYXSYHDJLRTBZZ": "72.96",
    "PTGJLR": "",
    "PTGJLRTBZZ": "",
    "KCFJCXSYHPTGJLR": "",
    "KCFJCXSYHPTGJLRTBZZ": "",
    "JYXJLLJE": "78279524.10",
    "MGJYXJLLJE": "",
    "ZCZE": "3273342577.73",
    "GDQY": "2500800734.97",
    "MGJZCPL": "",
    "PTGMGJZC": "",
    "GJKJZEJLR": "",
    "GJKJZZJZC": ""
  },
  {
    "JZRQ": "2024-12-31",
    "JBMGSY": "0.17",
    "XSMGSY": "0.17",
    "JBMGSYKC": "0.10",
    "XSMGSYKC": "",
    "JLRJZCSYLJQ": "2.65",
    "KCHJLRJZCSYLJQ": "1.66",
    "PTGJZCSYLJQ": "",
    "KCPTGJZCSYLJQ": "",
    "YYZSR": "",
    "YYZSRTBZZ": "",
    "YYSR": "1769763442.04",
    "YYSRTBZZ": "",
    "YYSRKCJE": "",
    "KCHYYSR": "",
    "KCHYYSRTBZZ": "",
    "JLRHJ": "",
    "JLRHJTBZZ": "",
    "JLR": "63778928.19",
    "JLRTBZZ": "",
    "FJCXSY": "23857269.58",
    "KCFJYXSYHDJLR": "39921658.61",
    "KCFJYXSYHDJLRTBZZ": "",
    "PTGJLR": "",
    "PTGJLRTBZZ": "",
    "KCFJCXSYHPTGJLR": "",
    "KCFJCXSYHPTGJLRTBZZ": "",
    "JYXJLLJE": "162677596.86",
    "MGJYXJLLJE": "",
    "ZCZE": "3105380127.91",
    "GDQY": "2426616338.97",
    "MGJZCPL": "",
    "PTGMGJZC": "",
    "GJKJZEJLR": "",
    "GJKJZZJZC": ""
  },
  {
    "JZRQ": "2023-12-31",
    "JBMGSY": "0.51",
    "XSMGSY": "0.51",
    "JBMGSYKC": "0.48",
    "XSMGSYKC": "",
    "JLRJZCSYLJQ": "8.39",
    "KCHJLRJZCSYLJQ": "7.84",
    "PTGJZCSYLJQ": "",
    "KCPTGJZCSYLJQ": "",
    "YYZSR": "",
    "YYZSRTBZZ": "",
    "YYSR": "2128988328.43",
    "YYSRTBZZ": "",
    "YYSRKCJE": "",
    "KCHYYSR": "",
    "KCHYYSRTBZZ": "",
    "JLRHJ": "",
    "JLRHJTBZZ": "",
    "JLR": "195442003.85",
    "JLRTBZZ": "",
    "FJCXSY": "12814493.83",
    "KCFJYXSYHDJLR": "182627510.02",
    "KCFJYXSYHDJLRTBZZ": "",
    "PTGJLR": "",
    "PTGJLRTBZZ": "",
    "KCFJCXSYHPTGJLR": "",
    "KCFJCXSYHPTGJLRTBZZ": "",
    "JYXJLLJE": "400460979.97",
    "MGJYXJLLJE": "",
    "ZCZE": "3296198238.69",
    "GDQY": "2396537904.65",
    "MGJZCPL": "",
    "PTGMGJZC": "",
    "GJKJZEJLR": "",
    "GJKJZZJZC": ""
  }
]

【模块二】
[
  {
    "JZRQ": "2025-12-31",
    "JBMGSY": "0.21",
    "XSMGSY": "0.21",
    "JBMGSYKC": "0.18",
    "XSMGSYKC": "0.18",
    "PTGJZCSYLJQ": "3.26",
    "KCPTGJZCSYLJQ": "2.80"
  }
]

=== 603977-2026-04-16-国泰集团-江西国泰集团股份有限公司2025年年度报告.pdf ===
【模块一】
[
  {
    "JZRQ": "2025-12-31",
    "JBMGSY": "0.41",
    "XSMGSY": "0.41",
    "JBMGSYKC": "0.35",
    "XSMGSYKC": "",
    "JLRJZCSYLJQ": "7.62",
    "KCHJLRJZCSYLJQ": "6.65",
    "PTGJZCSYLJQ": "",
    "KCPTGJZCSYLJQ": "",
    "YYZSR": "",
    "YYZSRTBZZ": "",
    "YYSR": "2360639807.24",
    "YYSRTBZZ": "0.26",
    "YYSRKCJE": "",
    "KCHYYSR": "",
    "KCHYYSRTBZZ": "",
    "JLRHJ": "",
    "JLRHJTBZZ": "",
    "JLR": "252224399.49",
    "JLRTBZZ": "39.55",
    "FJCXSY": "32061522.63",
    "KCFJYXSYHDJLR": "220162876.86",
    "KCFJYXSYHDJLRTBZZ": "55.60",
    "PTGJLR": "",
    "PTGJLRTBZZ": "",
    "KCFJCXSYHPTGJLR": "",
    "KCFJCXSYHPTGJLRTBZZ": "",
    "JYXJLLJE": "194137173.79",
    "MGJYXJLLJE": "",
    "ZCZE": "6736331722.89",
    "GDQY": "3414526306.90",
    "MGJZCPL": "",
    "PTGMGJZC": "",
    "GJKJZEJLR": "",
    "GJKJZZJZC": ""
  },
  {
    "JZRQ": "2024-12-31",
    "JBMGSY": "0.29",
    "XSMGSY": "0.29",
    "JBMGSYKC": "0.23",
    "XSMGSYKC": "",
    "JLRJZCSYLJQ": "5.71",
    "KCHJLRJZCSYLJQ": "4.47",
    "PTGJZCSYLJQ": "",
    "KCPTGJZCSYLJQ": "",
    "YYZSR": "",
    "YYZSRTBZZ": "",
    "YYSR": "2354492849.08",
    "YYSRTBZZ": "",
    "YYSRKCJE": "",
    "KCHYYSR": "",
    "KCHYYSRTBZZ": "",
    "JLRHJ": "",
    "JLRHJTBZZ": "",
    "JLR": "180745654.89",
    "JLRTBZZ": "",
    "FJCXSY": "39256999.46",
    "KCFJYXSYHDJLR": "141488655.43",
    "KCFJYXSYHDJLRTBZZ": "",
    "PTGJLR": "",
    "PTGJLRTBZZ": "",
    "KCFJCXSYHPTGJLR": "",
    "KCFJCXSYHPTGJLRTBZZ": "",
    "JYXJLLJE": "266933220.89",
    "MGJYXJLLJE": "",
    "ZCZE": "5686552636.81",
    "GDQY": "3213751547.26",
    "MGJZCPL": "",
    "PTGMGJZC": "",
    "GJKJZEJLR": "",
    "GJKJZZJZC": ""
  },
  {
    "JZRQ": "2023-12-31",
    "JBMGSY": "0.49",
    "XSMGSY": "0.49",
    "JBMGSYKC": "0.44",
    "XSMGSYKC": "",
    "JLRJZCSYLJQ": "10.23",
    "KCHJLRJZCSYLJQ": "9.21",
    "PTGJZCSYLJQ": "",
    "KCPTGJZCSYLJQ": "",
    "YYZSR": "",
    "YYZSRTBZZ": "",
    "YYSR": "2541006874.75",
    "YYSRTBZZ": "",
    "YYSRKCJE": "",
    "KCHYYSR": "",
    "KCHYYSRTBZZ": "",
    "JLRHJ": "",
    "JLRHJTBZZ": "",
    "JLR": "305540173.72",
    "JLRTBZZ": "",
    "FJCXSY": "30441783.00",
    "KCFJYXSYHDJLR": "275098390.72",
    "KCFJYXSYHDJLRTBZZ": "",
    "PTGJLR": "",
    "PTGJLRTBZZ": "",
    "KCFJCXSYHPTGJLR": "",
    "KCFJCXSYHPTGJLRTBZZ": "",
    "JYXJLLJE": "371538216.51",
    "MGJYXJLLJE": "",
    "ZCZE": "5406373578.47",
    "GDQY": "3119364593.02",
    "MGJZCPL": "",
    "PTGMGJZC": "",
    "GJKJZEJLR": "",
    "GJKJZZJZC": ""
  }
]

【模块二】
[
  {
    "JZRQ": "2025-12-31",
    "JBMGSY": "0.41",
    "XSMGSY": "0.41",
    "JBMGSYKC": "0.35",
    "XSMGSYKC": "0.35",
    "PTGJZCSYLJQ": "7.62",
    "KCPTGJZCSYLJQ": "6.65"
  }
]

=== 605058-2026-04-16-澳弘电子-澳弘电子2025年年度报告.pdf ===
【模块一】
[
  {
    "JZRQ": "2025-12-31",
    "JBMGSY": "1.07",
    "XSMGSY": "0.96",
    "JBMGSYKC": "0.97",
    "XSMGSYKC": "",
    "JLRJZCSYLJQ": "8.68",
    "KCHJLRJZCSYLJQ": "7.89",
    "PTGJZCSYLJQ": "",
    "KCPTGJZCSYLJQ": "",
    "YYZSR": "",
    "YYZSRTBZZ": "",
    "YYSR": "1348017173.99",
    "YYSRTBZZ": "4.25",
    "YYSRKCJE": "",
    "KCHYYSR": "138637892.39",
    "KCHYYSRTBZZ": "12.27",
    "JLRHJ": "",
    "JLRHJTBZZ": "",
    "JLR": "152445949.05",
    "JLRTBZZ": "7.74",
    "FJCXSY": "13808056.66",
    "KCFJYXSYHDJLR": "138637892.39",
    "KCFJYXSYHDJLRTBZZ": "12.27",
    "PTGJLR": "",
    "PTGJLRTBZZ": "",
    "KCFJCXSYHPTGJLR": "",
    "KCFJCXSYHPTGJLRTBZZ": "",
    "JYXJLLJE": "414817803.27",
    "MGJYXJLLJE": "",
    "ZCZE": "3668059731.68",
    "GDQY": "1815972444.41",
    "MGJZCPL": "",
    "PTGMGJZC": "",
    "GJKJZEJLR": "",
    "GJKJZZJZC": ""
  },
  {
    "JZRQ": "2024-12-31",
    "JBMGSY": "0.99",
    "XSMGSY": "0.99",
    "JBMGSYKC": "0.86",
    "XSMGSYKC": "",
    "JLRJZCSYLJQ": "8.47",
    "KCHJLRJZCSYLJQ": "7.40",
    "PTGJZCSYLJQ": "",
    "KCPTGJZCSYLJQ": "",
    "YYZSR": "",
    "YYZSRTBZZ": "",
    "YYSR": "1293004000.87",
    "YYSRTBZZ": "",
    "YYSRKCJE": "",
    "KCHYYSR": "123484029.39",
    "KCHYYSRTBZZ": "",
    "JLRHJ": "",
    "JLRHJTBZZ": "",
    "JLR": "141498579.04",
    "JLRTBZZ": "",
    "FJCXSY": "18014549.65",
    "KCFJYXSYHDJLR": "123484029.39",
    "KCFJYXSYHDJLRTBZZ": "",
    "PTGJLR": "",
    "PTGJLRTBZZ": "",
    "KCFJCXSYHPTGJLR": "",
    "KCFJCXSYHPTGJLRTBZZ": "",
    "JYXJLLJE": "273299638.91",
    "MGJYXJLLJE": "",
    "ZCZE": "2612591069.24",
    "GDQY": "1720038616.51",
    "MGJZCPL": "",
    "PTGMGJZC": "",
    "GJKJZEJLR": "",
    "GJKJZZJZC": ""
  },
  {
    "JZRQ": "2023-12-31",
    "JBMGSY": "0.93",
    "XSMGSY": "0.93",
    "JBMGSYKC": "0.80",
    "XSMGSYKC": "",
    "JLRJZCSYLJQ": "8.45",
    "KCHJLRJZCSYLJQ": "7.27",
    "PTGJZCSYLJQ": "",
    "KCPTGJZCSYLJQ": "",
    "YYZSR": "",
    "YYZSRTBZZ": "",
    "YYSR": "1082448590.25",
    "YYSRTBZZ": "",
    "YYSRKCJE": "",
    "KCHYYSR": "114439758.39",
    "KCHYYSRTBZZ": "",
    "JLRHJ": "",
    "JLRHJTBZZ": "",
    "JLR": "132924571.94",
    "JLRTBZZ": "",
    "FJCXSY": "18484813.55",
    "KCFJYXSYHDJLR": "114439758.39",
    "KCFJYXSYHDJLRTBZZ": "",
    "PTGJLR": "",
    "PTGJLRTBZZ": "",
    "KCFJCXSYHPTGJLR": "",
    "KCFJCXSYHPTGJLRTBZZ": "",
    "JYXJLLJE": "186814325.84",
    "MGJYXJLLJE": "",
    "ZCZE": "2282675677.12",
    "GDQY": "1619300574.47",
    "MGJZCPL": "",
    "PTGMGJZC": "",
    "GJKJZEJLR": "",
    "GJKJZZJZC": ""
  }
]

【模块二】
[
  {
    "JZRQ": "2025-12-31",
    "JBMGSY": "1.07",
    "XSMGSY": "0.96",
    "JBMGSYKC": "0.97",
    "XSMGSYKC": "0.87",
    "PTGJZCSYLJQ": "8.68",
    "KCPTGJJZCSYLJQ": "7.89"
  }
]

=== 605166-2026-04-16-聚合顺-聚合顺新材料股份有限公司2025年年度报告.pdf ===
【模块一】
[
  {
    "JZRQ": "2025-12-31",
    "JBMGSY": "0.46",
    "XSMGSY": "0.44",
    "JBMGSYKC": "0.45",
    "XSMGSYKC": "",
    "JLRJZCSYLJQ": "7.46",
    "KCHJLRJZCSYLJQ": "7.32",
    "PTGJZCSYLJQ": "",
    "KCPTGJZCSYLJQ": "",
    "YYZSR": "",
    "YYZSRTBZZ": "",
    "YYSR": "5523664445.89",
    "YYSRTBZZ": "-22.94",
    "YYSRKCJE": "",
    "KCHYYSR": "",
    "KCHYYSRTBZZ": "",
    "JLRHJ": "",
    "JLRHJTBZZ": "",
    "JLR": "144844316.67",
    "JLRTBZZ": "-51.77",
    "FJCXSY": "2763164.12",
    "KCFJYXSYHDJLR": "142081152.55",
    "KCFJYXSYHDJLRTBZZ": "-51.19",
    "PTGJLR": "",
    "PTGJLRTBZZ": "",
    "KCFJCXSYHPTGJLR": "",
    "KCFJCXSYHPTGJLRTBZZ": "",
    "JYXJLLJE": "90681890.15",
    "MGJYXJLLJE": "",
    "ZCZE": "5696686061.64",
    "GDQY": "1977048806.78",
    "MGJZCPL": "",
    "PTGMGJZC": "",
    "GJKJZEJLR": "",
    "GJKJZZJZC": ""
  },
  {
    "JZRQ": "2024-12-31",
    "JBMGSY": "0.95",
    "XSMGSY": "0.86",
    "JBMGSYKC": "0.92",
    "XSMGSYKC": "",
    "JLRJZCSYLJQ": "16.53",
    "KCHJLRJZCSYLJQ": "16.02",
    "PTGJZCSYLJQ": "",
    "KCPTGJZCSYLJQ": "",
    "YYZSR": "",
    "YYZSRTBZZ": "",
    "YYSR": "7168215581.80",
    "YYSRTBZZ": "",
    "YYSRKCJE": "",
    "KCHYYSR": "",
    "KCHYYSRTBZZ": "",
    "JLRHJ": "",
    "JLRHJTBZZ": "",
    "JLR": "300304358.60",
    "JLRTBZZ": "",
    "FJCXSY": "9188061.10",
    "KCFJYXSYHDJLR": "291116297.50",
    "KCFJYXSYHDJLRTBZZ": "",
    "PTGJLR": "",
    "PTGJLRTBZZ": "",
    "KCFJCXSYHPTGJLR": "",
    "KCFJCXSYHPTGJLRTBZZ": "",
    "JYXJLLJE": "38683316.28",
    "MGJYXJLLJE": "",
    "ZCZE": "6097471153.33",
    "GDQY": "1923464729.53",
    "MGJZCPL": "",
    "PTGMGJZC": "",
    "GJKJZEJLR": "",
    "GJKJZZJZC": ""
  },
  {
    "JZRQ": "2023-12-31",
    "JBMGSY": "0.62",
    "XSMGSY": "0.62",
    "JBMGSYKC": "0.61",
    "XSMGSYKC": "",
    "JLRJZCSYLJQ": "11.99",
    "KCHJLRJZCSYLJQ": "11.70",
    "PTGJZCSYLJQ": "",
    "KCPTGJZCSYLJQ": "",
    "YYZSR": "",
    "YYZSRTBZZ": "",
    "YYSR": "6018365269.53",
    "YYSRTBZZ": "",
    "YYSRKCJE": "",
    "KCHYYSR": "",
    "KCHYYSRTBZZ": "",
    "JLRHJ": "",
    "JLRHJTBZZ": "",
    "JLR": "196716755.34",
    "JLRTBZZ": "",
    "FJCXSY": "4718006.62",
    "KCFJYXSYHDJLR": "191998748.72",
    "KCFJYXSYHDJLRTBZZ": "",
    "PTGJLR": "",
    "PTGJLRTBZZ": "",
    "KCFJCXSYHPTGJLR": "",
    "KCFJCXSYHPTGJLRTBZZ": "",
    "JYXJLLJE": "519720113.01",
    "MGJYXJLLJE": "",
    "ZCZE": "4685223564.06",
    "GDQY": "1711254116.30",
    "MGJZCPL": "",
    "PTGMGJZC": "",
    "GJKJZEJLR": "",
    "GJKJZZJZC": ""
  }
]

【模块二】
[
  {
    "JZRQ": "2025-12-31",
    "JBMGSY": "0.46",
    "XSMGSY": "0.44",
    "JBMGSYKC": "0.45",
    "XSMGSYKC": "0.43",
    "PTGJZCSYLJQ": "7.46",
    "KCPTGJZCSYLJQ": "7.32"
  }
]

=== 605580-2026-04-16-恒盛能源-恒盛能源股份有限公司2025年年度报告全文.pdf ===
【模块一】
[
  {
    "JZRQ": "2025-12-31",
    "JBMGSY": "0.56",
    "XSMGSY": "0.56",
    "JBMGSYKC": "0.50",
    "XSMGSYKC": "",
    "JLRJZCSYLJQ": "15.98",
    "KCHJLRJZCSYLJQ": "14.32",
    "PTGJZCSYLJQ": "",
    "KCPTGJZCSYLJQ": "",
    "YYZSR": "",
    "YYZSRTBZZ": "",
    "YYSR": "1020842833.00",
    "YYSRTBZZ": "25.39",
    "YYSRKCJE": "",
    "KCHYYSR": "",
    "KCHYYSRTBZZ": "",
    "JLRHJ": "",
    "JLRHJTBZZ": "",
    "JLR": "155997196.12",
    "JLRTBZZ": "14.20",
    "FJCXSY": "16178097.61",
    "KCFJYXSYHDJLR": "139819098.51",
    "KCFJYXSYHDJLRTBZZ": "37.68",
    "PTGJLR": "",
    "PTGJLRTBZZ": "",
    "KCFJCXSYHPTGJLR": "",
    "KCFJCXSYHPTGJLRTBZZ": "",
    "JYXJLLJE": "358417075.95",
    "MGJYXJLLJE": "",
    "ZCZE": "2295558637.27",
    "GDQY": "1024857088.20",
    "MGJZCPL": "",
    "PTGMGJZC": "",
    "GJKJZEJLR": "",
    "GJKJZZJZC": ""
  },
  {
    "JZRQ": "2024-12-31",
    "JBMGSY": "0.49",
    "XSMGSY": "0.49",
    "JBMGSYKC": "0.36",
    "XSMGSYKC": "",
    "JLRJZCSYLJQ": "14.97",
    "KCHJLRJZCSYLJQ": "11.13",
    "PTGJZCSYLJQ": "",
    "KCPTGJZCSYLJQ": "",
    "YYZSR": "",
    "YYZSRTBZZ": "",
    "YYSR": "814165072.97",
    "YYSRTBZZ": "",
    "YYSRKCJE": "",
    "KCHYYSR": "",
    "KCHYYSRTBZZ": "",
    "JLRHJ": "",
    "JLRHJTBZZ": "",
    "JLR": "136594984.22",
    "JLRTBZZ": "",
    "FJCXSY": "35042728.20",
    "KCFJYXSYHDJLR": "101552256.02",
    "KCFJYXSYHDJLRTBZZ": "",
    "PTGJLR": "",
    "PTGJLRTBZZ": "",
    "KCFJCXSYHPTGJLR": "",
    "KCFJCXSYHPTGJLRTBZZ": "",
    "JYXJLLJE": "91113236.72",
    "MGJYXJLLJE": "",
    "ZCZE": "1444164983.63",
    "GDQY": "939539085.28",
    "MGJZCPL": "",
    "PTGMGJZC": "",
    "GJKJZEJLR": "",
    "GJKJZZJZC": ""
  },
  {
    "JZRQ": "2023-12-31",
    "JBMGSY": "0.49",
    "XSMGSY": "0.49",
    "JBMGSYKC": "0.43",
    "XSMGSYKC": "",
    "JLRJZCSYLJQ": "15.56",
    "KCHJLRJZCSYLJQ": "13.85",
    "PTGJZCSYLJQ": "",
    "KCPTGJZCSYLJQ": "",
    "YYZSR": "",
    "YYZSRTBZZ": "",
    "YYSR": "788835427.78",
    "YYSRTBZZ": "",
    "YYSRKCJE": "",
    "KCHYYSR": "",
    "KCHYYSRTBZZ": "",
    "JLRHJ": "",
    "JLRHJTBZZ": "",
    "JLR": "135813065.44",
    "JLRTBZZ": "",
    "FJCXSY": "14938565.05",
    "KCFJYXSYHDJLR": "120874500.39",
    "KCFJYXSYHDJLRTBZZ": "",
    "PTGJLR": "",
    "PTGJLRTBZZ": "",
    "KCFJCXSYHPTGJLR": "",
    "KCFJCXSYHPTGJLRTBZZ": "",
    "JYXJLLJE": "202550094.12",
    "MGJYXJLLJE": "",
    "ZCZE": "1368276363.34",
    "GDQY": "901587975.20",
    "MGJZCPL": "",
    "PTGMGJZC": "",
    "GJKJZEJLR": "",
    "GJKJZZJZC": ""
  }
]

【模块二】
[
  {
    "JZRQ": "2025-12-31",
    "JBMGSY": "0.56",
    "XSMGSY": "0.56",
    "JBMGSYKC": "0.50",
    "XSMGSYKC": "0.50",
    "PTGJZCSYLJQ": "15.98",
    "KCPTGJZCSYLJQ": "14.32"
  }
]

=== 688019-2026-04-16-安集科技-2025年年度报告.pdf ===
【模块一】
[
  {
    "JZRQ": "2025-12-31",
    "JBMGSY": "4.66",
    "XSMGSY": "4.63",
    "JBMGSYKC": "4.14",
    "XSMGSYKC": "",
    "JLRJZCSYLJQ": "25.18",
    "KCHJLRJZCSYLJQ": "22.38",
    "PTGJZCSYLJQ": "",
    "KCPTGJZCSYLJQ": "",
    "YYZSR": "",
    "YYZSRTBZZ": "",
    "YYSR": "2504217940.48",
    "YYSRTBZZ": "36.47",
    "YYSRKCJE": "",
    "KCHYYSR": "",
    "KCHYYSRTBZZ": "",
    "JLRHJ": "",
    "JLRHJTBZZ": "",
    "JLR": "783648337.86",
    "JLRTBZZ": "46.85",
    "FJCXSY": "87094872.37",
    "KCFJYXSYHDJLR": "696553465.49",
    "KCFJYXSYHDJLRTBZZ": "32.36",
    "PTGJLR": "",
    "PTGJLRTBZZ": "",
    "KCFJCXSYHPTGJLR": "",
    "KCFJCXSYHPTGJLRTBZZ": "",
    "JYXJLLJE": "439774055.91",
    "MGJYXJLLJE": "",
    "ZCZE": "5038433221.10",
    "GDQY": "3530948564.12",
    "MGJZCPL": "",
    "PTGMGJZC": "",
    "GJKJZEJLR": "",
    "GJKJZZJZC": ""
  },
  {
    "JZRQ": "2024-12-31",
    "JBMGSY": "3.18",
    "XSMGSY": "3.18",
    "JBMGSYKC": "3.14",
    "XSMGSYKC": "",
    "JLRJZCSYLJQ": "22.18",
    "KCHJLRJZCSYLJQ": "21.87",
    "PTGJZCSYLJQ": "",
    "KCPTGJZCSYLJQ": "",
    "YYZSR": "",
    "YYZSRTBZZ": "",
    "YYSR": "1835015178.35",
    "YYSRTBZZ": "",
    "YYSRKCJE": "",
    "KCHYYSR": "",
    "KCHYYSRTBZZ": "",
    "JLRHJ": "",
    "JLRHJTBZZ": "",
    "JLR": "533643641.69",
    "JLRTBZZ": "",
    "FJCXSY": "7373610.09",
    "KCFJYXSYHDJLR": "526270031.60",
    "KCFJYXSYHDJLRTBZZ": "",
    "PTGJLR": "",
    "PTGJLRTBZZ": "",
    "KCFJCXSYHPTGJLR": "",
    "KCFJCXSYHPTGJLRTBZZ": "",
    "JYXJLLJE": "493210493.99",
    "MGJYXJLLJE": "",
    "ZCZE": "3451756060.58",
    "GDQY": "2700956681.01",
    "MGJZCPL": "",
    "PTGMGJZC": "",
    "GJKJZEJLR": "",
    "GJKJZZJZC": ""
  },
  {
    "JZRQ": "2023-12-31",
    "JBMGSY": "2.42",
    "XSMGSY": "2.42",
    "JBMGSYKC": "1.94",
    "XSMGSYKC": "",
    "JLRJZCSYLJQ": "21.47",
    "KCHJLRJZCSYLJQ": "17.16",
    "PTGJZCSYLJQ": "",
    "KCPTGJZCSYLJQ": "",
    "YYZSR": "",
    "YYZSRTBZZ": "",
    "YYSR": "1237871129.22",
    "YYSRTBZZ": "",
    "YYSRKCJE": "",
    "KCHYYSR": "",
    "KCHYYSRTBZZ": "",
    "JLRHJ": "",
    "JLRHJTBZZ": "",
    "JLR": "402733766.50",
    "JLRTBZZ": "",
    "FJCXSY": "80732845.42",
    "KCFJYXSYHDJLR": "322000921.08",
    "KCFJYXSYHDJLRTBZZ": "",
    "PTGJLR": "",
    "PTGJLRTBZZ": "",
    "KCFJCXSYHPTGJLR": "",
    "KCFJCXSYHPTGJLRTBZZ": "",
    "JYXJLLJE": "336234683.53",
    "MGJYXJLLJE": "",
    "ZCZE": "2603401095.73",
    "GDQY": "2124045086.38",
    "MGJZCPL": "",
    "PTGMGJZC": "",
    "GJKJZEJLR": "",
    "GJKJZZJZC": ""
  }
]

【模块二】
[
  {
    "JZRQ": "2025-12-31",
    "JBMGSY": "4.66",
    "XSMGSY": "4.63",
    "JBMGSYKC": "4.14",
    "XSMGSYKC": "4.13",
    "PTGJZCSYLJQ": "25.18",
    "KCPTGJZCSYLJQ": "22.38"
  }
]

=== 688206-2026-04-16-概伦电子-2025年年度报告.pdf ===
【模块一】
[
  {
    "JZRQ": "2025-12-31",
    "JBMGSY": "0.08",
    "XSMGSY": "0.08",
    "JBMGSYKC": "-0.14",
    "XSMGSYKC": "",
    "JLRJZCSYLJQ": "1.74",
    "KCHJLRJZCSYLJQ": "-3.03",
    "PTGJZCSYLJQ": "",
    "KCPTGJZCSYLJQ": "",
    "YYZSR": "",
    "YYZSRTBZZ": "",
    "YYSR": "483670553.41",
    "YYSRTBZZ": "15.41",
    "YYSRKCJE": "",
    "KCHYYSR": "476338730.67",
    "KCHYYSRTBZZ": "14.19",
    "JLRHJ": "",
    "JLRHJTBZZ": "",
    "JLR": "34243200.13",
    "JLRTBZZ": "",
    "FJCXSY": "93810786.84",
    "KCFJYXSYHDJLR": "-59567586.71",
    "KCFJYXSYHDJLRTBZZ": "",
    "PTGJLR": "",
    "PTGJLRTBZZ": "",
    "KCFJCXSYHPTGJLR": "",
    "KCFJCXSYHPTGJLRTBZZ": "",
    "JYXJLLJE": "137764379.04",
    "MGJYXJLLJE": "",
    "ZCZE": "2568264966.17",
    "GDQY": "2004024768.14",
    "MGJZCPL": "",
    "PTGMGJZC": "",
    "GJKJZEJLR": "",
    "GJKJZZJZC": ""
  },
  {
    "JZRQ": "2024-12-31",
    "JBMGSY": "-0.22",
    "XSMGSY": "-0.22",
    "JBMGSYKC": "-0.21",
    "XSMGSYKC": "",
    "JLRJZCSYLJQ": "-4.78",
    "KCHJLRJZCSYLJQ": "-4.46",
    "PTGJZCSYLJQ": "",
    "KCPTGJZCSYLJQ": "",
    "YYZSR": "",
    "YYZSRTBZZ": "",
    "YYSR": "419080178.55",
    "YYSRTBZZ": "",
    "YYSRKCJE": "",
    "KCHYYSR": "417131879.18",
    "KCHYYSRTBZZ": "",
    "JLRHJ": "",
    "JLRHJTBZZ": "",
    "JLR": "-95970755.94",
    "JLRTBZZ": "",
    "FJCXSY": "-6484041.64",
    "KCFJYXSYHDJLR": "-89486714.30",
    "KCFJYXSYHDJLRTBZZ": "",
    "PTGJLR": "",
    "PTGJLRTBZZ": "",
    "KCFJCXSYHPTGJLR": "",
    "KCFJCXSYHPTGJLRTBZZ": "",
    "JYXJLLJE": "-46515613.62",
    "MGJYXJLLJE": "",
    "ZCZE": "2465703479.40",
    "GDQY": "1951619806.64",
    "MGJZCPL": "",
    "PTGMGJZC": "",
    "GJKJZEJLR": "",
    "GJKJZZJZC": ""
  },
  {
    "JZRQ": "2023-12-31",
    "JBMGSY": "-0.13",
    "XSMGSY": "-0.13",
    "JBMGSYKC": "-0.15",
    "XSMGSYKC": "",
    "JLRJZCSYLJQ": "-2.65",
    "KCHJLRJZCSYLJQ": "-3.14",
    "PTGJZCSYLJQ": "",
    "KCPTGJZCSYLJQ": "",
    "YYZSR": "",
    "YYZSRTBZZ": "",
    "YYSR": "328896154.28",
    "YYSRTBZZ": "",
    "YYSRKCJE": "",
    "KCHYYSR": "327711855.84",
    "KCHYYSRTBZZ": "",
    "JLRHJ": "",
    "JLRHJTBZZ": "",
    "JLR": "-56315589.64",
    "JLRTBZZ": "",
    "FJCXSY": "10340022.63",
    "KCFJYXSYHDJLR": "-66655612.27",
    "KCFJYXSYHDJLRTBZZ": "",
    "PTGJLR": "",
    "PTGJLRTBZZ": "",
    "KCFJCXSYHPTGJLR": "",
    "KCFJCXSYHPTGJLRTBZZ": "",
    "JYXJLLJE": "51030263.22",
    "MGJYXJLLJE": "",
    "ZCZE": "2518818229.77",
    "GDQY": "2094705214.65",
    "MGJZCPL": "",
    "PTGMGJZC": "",
    "GJKJZEJLR": "",
    "GJKJZZJZC": ""
  }
]

【模块二】
[
  {
    "JZRQ": "2025-12-31",
    "JBMGSY": "0.08",
    "XSMGSY": "0.08",
    "JBMGSYKC": "-0.14",
    "XSMGSYKC": "-0.14",
    "PTGJZCSYLJQ": "1.74",
    "KCPTGJZCSYLJQ": "-3.03"
  }
]

=== 688273-2026-04-16-麦澜德-2025年年度报告.pdf ===
【模块一】
[
  {
    "JZRQ": "2025-12-31",
    "JBMGSY": "1.0492",
    "XSMGSY": "1.0492",
    "JBMGSYKC": "0.8218",
    "XSMGSYKC": "",
    "JLRJZCSYLJQ": "7.66",
    "KCHJLRJZCSYLJQ": "6.00",
    "PTGJZCSYLJQ": "",
    "KCPTGJZCSYLJQ": "",
    "YYZSR": "",
    "YYZSRTBZZ": "",
    "YYSR": "431594355.06",
    "YYSRTBZZ": "1.66",
    "YYSRKCJE": "",
    "KCHYYSR": "",
    "KCHYYSRTBZZ": "",
    "JLRHJ": "",
    "JLRHJTBZZ": "",
    "JLR": "102629768.87",
    "JLRTBZZ": "1.03",
    "FJCXSY": "22247284.32",
    "KCFJYXSYHDJLR": "80382484.55",
    "KCFJYXSYHDJLRTBZZ": "-1.98",
    "PTGJLR": "",
    "PTGJLRTBZZ": "",
    "KCFJCXSYHPTGJLR": "",
    "KCFJCXSYHPTGJLRTBZZ": "",
    "JYXJLLJE": "105426133.27",
    "MGJYXJLLJE": "",
    "ZCZE": "1629266541.91",
    "GDQY": "1345154247.05",
    "MGJZCPL": "",
    "PTGMGJZC": "",
    "GJKJZEJLR": "",
    "GJKJZZJZC": ""
  },
  {
    "JZRQ": "2024-12-31",
    "JBMGSY": "1.0309",
    "XSMGSY": "1.0309",
    "JBMGSYKC": "0.8322",
    "XSMGSYKC": "",
    "JLRJZCSYLJQ": "7.59",
    "KCHJLRJZCSYLJQ": "6.13",
    "PTGJZCSYLJQ": "",
    "KCPTGJZCSYLJQ": "",
    "YYZSR": "",
    "YYZSRTBZZ": "",
    "YYSR": "424549436.34",
    "YYSRTBZZ": "",
    "YYSRKCJE": "",
    "KCHYYSR": "",
    "KCHYYSRTBZZ": "",
    "JLRHJ": "",
    "JLRHJTBZZ": "",
    "JLR": "101581195.08",
    "JLRTBZZ": "",
    "FJCXSY": "19578200.51",
    "KCFJYXSYHDJLR": "82002994.57",
    "KCFJYXSYHDJLRTBZZ": "",
    "PTGJLR": "",
    "PTGJLRTBZZ": "",
    "KCFJCXSYHPTGJLR": "",
    "KCFJCXSYHPTGJLRTBZZ": "",
    "JYXJLLJE": "122508138.42",
    "MGJYXJLLJE": "",
    "ZCZE": "1546621500.61",
    "GDQY": "1312201919.94",
    "MGJZCPL": "",
    "PTGMGJZC": "",
    "GJKJZEJLR": "",
    "GJKJZZJZC": ""
  },
  {
    "JZRQ": "2023-12-31",
    "JBMGSY": "0.8982",
    "XSMGSY": "0.8982",
    "JBMGSYKC": "0.7154",
    "XSMGSYKC": "",
    "JLRJZCSYLJQ": "6.63",
    "KCHJLRJZCSYLJQ": "5.28",
    "PTGJZCSYLJQ": "",
    "KCPTGJZCSYLJQ": "",
    "YYZSR": "",
    "YYZSRTBZZ": "",
    "YYSR": "340824682.52",
    "YYSRTBZZ": "",
    "YYSRKCJE": "",
    "KCHYYSR": "",
    "KCHYYSRTBZZ": "",
    "JLRHJ": "",
    "JLRHJTBZZ": "",
    "JLR": "89817910.06",
    "JLRTBZZ": "",
    "FJCXSY": "18280046.30",
    "KCFJYXSYHDJLR": "71537863.76",
    "KCFJYXSYHDJLRTBZZ": "",
    "PTGJLR": "",
    "PTGJLRTBZZ": "",
    "KCFJCXSYHPTGJLR": "",
    "KCFJCXSYHPTGJLRTBZZ": "",
    "JYXJLLJE": "136908370.75",
    "MGJYXJLLJE": "",
    "ZCZE": "1533923915.26",
    "GDQY": "1345778874.02",
    "MGJZCPL": "",
    "PTGMGJZC": "",
    "GJKJZEJLR": "",
    "GJKJZZJZC": ""
  }
]

【模块二】
[
  {
    "JZRQ": "2025-12-31",
    "JBMGSY": "1.0492",
    "XSMGSY": "1.0492",
    "JBMGSYKC": "0.8218",
    "XSMGSYKC": "0.8218",
    "PTGJZCSYLJQ": "7.6552",
    "KCPTGJZCSYLJQ": "5.9957"
  }
]

=== 688612-2026-04-16-威迈斯-2025年年度报告.pdf ===
【模块一】
[
  {
    "JZRQ": "2025-12-31",
    "JBMGSY": "1.33",
    "XSMGSY": "1.33",
    "JBMGSYKC": "1.25",
    "XSMGSYKC": "",
    "JLRJZCSYLJQ": "16.30",
    "KCHJLRJZCSYLJQ": "15.30",
    "PTGJZCSYLJQ": "",
    "KCPTGJZCSYLJQ": "",
    "YYZSR": "",
    "YYZSRTBZZ": "",
    "YYSR": "6341768700",
    "YYSRTBZZ": "-0.48",
    "YYSRKCJE": "",
    "KCHYYSR": "",
    "KCHYYSRTBZZ": "",
    "JLRHJ": "",
    "JLRHJTBZZ": "",
    "JLR": "558315300",
    "JLRTBZZ": "39.51",
    "FJCXSY": "34303800",
    "KCFJYXSYHDJLR": "524011500",
    "KCFJYXSYHDJLRTBZZ": "47.42",
    "PTGJLR": "",
    "PTGJLRTBZZ": "",
    "KCFJCXSYHPTGJLR": "",
    "KCFJCXSYHPTGJLRTBZZ": "",
    "JYXJLLJE": "831253300",
    "MGJYXJLLJE": "",
    "ZCZE": "8150392600",
    "GDQY": "3627463800",
    "MGJZCPL": "",
    "PTGMGJZC": "",
    "GJKJZEJLR": "",
    "GJKJZZJZC": ""
  },
  {
    "JZRQ": "2024-12-31",
    "JBMGSY": "0.95",
    "XSMGSY": "0.95",
    "JBMGSYKC": "0.84",
    "XSMGSYKC": "",
    "JLRJZCSYLJQ": "11.75",
    "KCHJLRJZCSYLJQ": "10.44",
    "PTGJZCSYLJQ": "",
    "KCPTGJZCSYLJQ": "",
    "YYZSR": "",
    "YYZSRTBZZ": "",
    "YYSR": "6372419600",
    "YYSRTBZZ": "",
    "YYSRKCJE": "",
    "KCHYYSR": "",
    "KCHYYSRTBZZ": "",
    "JLRHJ": "",
    "JLRHJTBZZ": "",
    "JLR": "400183900",
    "JLRTBZZ": "",
    "FJCXSY": "44729200",
    "KCFJYXSYHDJLR": "355454800",
    "KCFJYXSYHDJLRTBZZ": "",
    "PTGJLR": "",
    "PTGJLRTBZZ": "",
    "KCFJCXSYHPTGJLR": "",
    "KCFJCXSYHPTGJLRTBZZ": "",
    "JYXJLLJE": "1027335600",
    "MGJYXJLLJE": "",
    "ZCZE": "7690718300",
    "GDQY": "3269865600",
    "MGJZCPL": "",
    "PTGMGJZC": "",
    "GJKJZEJLR": "",
    "GJKJZZJZC": ""
  },
  {
    "JZRQ": "2023-12-31",
    "JBMGSY": "1.27",
    "XSMGSY": "1.27",
    "JBMGSYKC": "1.21",
    "XSMGSYKC": "",
    "JLRJZCSYLJQ": "24.48",
    "KCHJLRJZCSYLJQ": "23.29",
    "PTGJZCSYLJQ": "",
    "KCPTGJZCSYLJQ": "",
    "YYZSR": "",
    "YYZSRTBZZ": "",
    "YYSR": "5522663000",
    "YYSRTBZZ": "",
    "YYSRKCJE": "",
    "KCHYYSR": "",
    "KCHYYSRTBZZ": "",
    "JLRHJ": "",
    "JLRHJTBZZ": "",
    "JLR": "502395400",
    "JLRTBZZ": "",
    "FJCXSY": "24484100",
    "KCFJYXSYHDJLR": "477911300",
    "KCFJYXSYHDJLRTBZZ": "",
    "PTGJLR": "",
    "PTGJLRTBZZ": "",
    "KCFJCXSYHPTGJLR": "",
    "KCFJCXSYHPTGJLRTBZZ": "",
    "JYXJLLJE": "727390800",
    "MGJYXJLLJE": "",
    "ZCZE": "7230785600",
    "GDQY": "3378478200",
    "MGJZCPL": "",
    "PTGMGJZC": "",
    "GJKJZEJLR": "",
    "GJKJZZJZC": ""
  }
]

【模块二】
[
  {
    "JZRQ": "2025-12-31",
    "JBMGSY": "1.33",
    "XSMGSY": "1.33",
    "JBMGSYKC": "1.25",
    "XSMGSYKC": "1.25",
    "PTGJZCSYLJQ": "16.30",
    "KCPTGJZCSYLJQ": "15.30"
  }
]

=== 688499-2026-04-16-利元亨-广东利元亨智能装备股份有限公司2025年年度报告.pdf ===
【模块一】
[
  {
    "JZRQ": "2025-12-31",
    "JBMGSY": "0.31",
    "XSMGSY": "0.30",
    "JBMGSYKC": "0.21",
    "XSMGSYKC": "",
    "JLRJZCSYLJQ": "2.26",
    "KCHJLRJZCSYLJQ": "1.54",
    "PTGJZCSYLJQ": "",
    "KCPTGJZCSYLJQ": "",
    "YYZSR": "",
    "YYZSRTBZZ": "",
    "YYSR": "3077349409.66",
    "YYSRTBZZ": "23.98",
    "YYSRKCJE": "",
    "KCHYYSR": "",
    "KCHYYSRTBZZ": "",
    "JLRHJ": "",
    "JLRHJTBZZ": "",
    "JLR": "51506112.05",
    "JLRTBZZ": "不适用",
    "FJCXSY": "16458863.65",
    "KCFJYXSYHDJLR": "35047248.40",
    "KCFJYXSYHDJLRTBZZ": "不适用",
    "PTGJLR": "",
    "PTGJLRTBZZ": "",
    "KCFJCXSYHPTGJLR": "",
    "KCFJCXSYHPTGJLRTBZZ": "",
    "JYXJLLJE": "525682268.86",
    "MGJYXJLLJE": "",
    "ZCZE": "8455288546.44",
    "GDQY": "2309035709.70",
    "MGJZCPL": "",
    "PTGMGJZC": "",
    "GJKJZEJLR": "",
    "GJKJZZJZC": ""
  },
  {
    "JZRQ": "2024-12-31",
    "JBMGSY": "-8.12",
    "XSMGSY": "-8.12",
    "JBMGSYKC": "-8.10",
    "XSMGSYKC": "",
    "JLRJZCSYLJQ": "-51.89",
    "KCHJLRJZCSYLJQ": "-51.78",
    "PTGJZCSYLJQ": "",
    "KCPTGJZCSYLJQ": "",
    "YYZSR": "",
    "YYZSRTBZZ": "",
    "YYSR": "2482135940.85",
    "YYSRTBZZ": "",
    "YYSRKCJE": "",
    "KCHYYSR": "",
    "KCHYYSRTBZZ": "",
    "JLRHJ": "",
    "JLRHJTBZZ": "",
    "JLR": "-1044132434.11",
    "JLRTBZZ": "",
    "FJCXSY": "-2270891.03",
    "KCFJYXSYHDJLR": "-1041861543.08",
    "KCFJYXSYHDJLRTBZZ": "",
    "PTGJLR": "",
    "PTGJLRTBZZ": "",
    "KCFJCXSYHPTGJLR": "",
    "KCFJCXSYHPTGJLRTBZZ": "",
    "JYXJLLJE": "68723951.58",
    "MGJYXJLLJE": "",
    "ZCZE": "8793513269.67",
    "GDQY": "2269239055.68",
    "MGJZCPL": "",
    "PTGMGJZC": "",
    "GJKJZEJLR": "",
    "GJKJZZJZC": ""
  },
  {
    "JZRQ": "2023-12-31",
    "JBMGSY": "-1.70",
    "XSMGSY": "-1.70",
    "JBMGSYKC": "-1.76",
    "XSMGSYKC": "",
    "JLRJZCSYLJQ": "-7.49",
    "KCHJLRJZCSYLJQ": "-7.76",
    "PTGJZCSYLJQ": "",
    "KCPTGJZCSYLJQ": "",
    "YYZSR": "",
    "YYZSRTBZZ": "",
    "YYSR": "4994380197.68",
    "YYSRTBZZ": "",
    "YYSRKCJE": "",
    "KCHYYSR": "",
    "KCHYYSRTBZZ": "",
    "JLRHJ": "",
    "JLRHJTBZZ": "",
    "JLR": "-188015289.09",
    "JLRTBZZ": "",
    "FJCXSY": "6680988.23",
    "KCFJYXSYHDJLR": "-194696277.32",
    "KCFJYXSYHDJLRTBZZ": "",
    "PTGJLR": "",
    "PTGJLRTBZZ": "",
    "KCFJCXSYHPTGJLR": "",
    "KCFJCXSYHPTGJLRTBZZ": "",
    "JYXJLLJE": "-1263691185.67",
    "MGJYXJLLJE": "",
    "ZCZE": "9951615972.15",
    "GDQY": "2426118833.69",
    "MGJZCPL": "",
    "PTGMGJZC": "",
    "GJKJZEJLR": "",
    "GJKJZZJZC": ""
  }
]

【模块二】
[
  {
    "JZRQ": "2025-12-31",
    "JBMGSY": "0.31",
    "XSMGSY": "0.30",
    "JBMGSYKC": "0.21",
    "XSMGSYKC": "0.21",
    "PTGJZCSYLJQ": "2.26",
    "KCPTGJJZCSYLJQ": "1.54"
  }
]

=== 688681-2026-04-16-科汇股份-2025年年度报告.pdf ===
【模块一】
[
  {
    "JZRQ": "2025-12-31",
    "JBMGSY": "0.45",
    "XSMGSY": "0.45",
    "JBMGSYKC": "0.44",
    "XSMGSYKC": "",
    "JLRJZCSYLJQ": "7.90",
    "KCHJLRJZCSYLJQ": "7.60",
    "PTGJZCSYLJQ": "",
    "KCPTGJZCSYLJQ": "",
    "YYZSR": "",
    "YYZSRTBZZ": "",
    "YYSR": "505493645.02",
    "YYSRTBZZ": "20.31",
    "YYSRKCJE": "",
    "KCHYYSR": "",
    "KCHYYSRTBZZ": "",
    "JLRHJ": "",
    "JLRHJTBZZ": "",
    "JLR": "46877978.55",
    "JLRTBZZ": "53.71",
    "FJCXSY": "1771728.21",
    "KCFJYXSYHDJLR": "45106250.34",
    "KCFJYXSYHDJLRTBZZ": "69.87",
    "PTGJLR": "",
    "PTGJLRTBZZ": "",
    "KCFJCXSYHPTGJLR": "",
    "KCFJCXSYHPTGJLRTBZZ": "",
    "JYXJLLJE": "62917494.16",
    "MGJYXJLLJE": "",
    "ZCZE": "894648436.35",
    "GDQY": "617676751.14",
    "MGJZCPL": "",
    "PTGMGJZC": "",
    "GJKJZEJLR": "",
    "GJKJZZJZC": ""
  },
  {
    "JZRQ": "2024-12-31",
    "JBMGSY": "0.29",
    "XSMGSY": "0.29",
    "JBMGSYKC": "0.26",
    "XSMGSYKC": "",
    "JLRJZCSYLJQ": "5.27",
    "KCHJLRJZCSYLJQ": "4.59",
    "PTGJZCSYLJQ": "",
    "KCPTGJZCSYLJQ": "",
    "YYZSR": "",
    "YYZSRTBZZ": "",
    "YYSR": "420152275.28",
    "YYSRTBZZ": "",
    "YYSRKCJE": "",
    "KCHYYSR": "",
    "KCHYYSRTBZZ": "",
    "JLRHJ": "",
    "JLRHJTBZZ": "",
    "JLR": "30497298.08",
    "JLRTBZZ": "",
    "FJCXSY": "3944009.63",
    "KCFJYXSYHDJLR": "26553288.45",
    "KCFJYXSYHDJLRTBZZ": "",
    "PTGJLR": "",
    "PTGJLRTBZZ": "",
    "KCFJCXSYHPTGJLR": "",
    "KCFJCXSYHPTGJLRTBZZ": "",
    "JYXJLLJE": "49785661.28",
    "MGJYXJLLJE": "",
    "ZCZE": "805335980.50",
    "GDQY": "575997075.01",
    "MGJZCPL": "",
    "PTGMGJZC": "",
    "GJKJZEJLR": "",
    "GJKJZZJZC": ""
  },
  {
    "JZRQ": "2023-12-31",
    "JBMGSY": "0.12",
    "XSMGSY": "0.12",
    "JBMGSYKC": "0.07",
    "XSMGSYKC": "",
    "JLRJZCSYLJQ": "2.24",
    "KCHJLRJZCSYLJQ": "1.25",
    "PTGJZCSYLJQ": "",
    "KCPTGJZCSYLJQ": "",
    "YYZSR": "",
    "YYZSRTBZZ": "",
    "YYSR": "344010240.67",
    "YYSRTBZZ": "",
    "YYSRKCJE": "",
    "KCHYYSR": "",
    "KCHYYSRTBZZ": "",
    "JLRHJ": "",
    "JLRHJTBZZ": "",
    "JLR": "12718498.38",
    "JLRTBZZ": "",
    "FJCXSY": "5640988.74",
    "KCFJYXSYHDJLR": "7077509.64",
    "KCFJYXSYHDJLRTBZZ": "",
    "PTGJLR": "",
    "PTGJLRTBZZ": "",
    "KCFJCXSYHPTGJLR": "",
    "KCFJCXSYHPTGJLRTBZZ": "",
    "JYXJLLJE": "43841695.05",
    "MGJYXJLLJE": "",
    "ZCZE": "743854675.53",
    "GDQY": "569803333.31",
    "MGJZCPL": "",
    "PTGMGJZC": "",
    "GJKJZEJLR": "",
    "GJKJZZJZC": ""
  }
]

【模块二】
[
  {
    "JZRQ": "2025-12-31",
    "JBMGSY": "0.45",
    "XSMGSY": "0.45",
    "JBMGSYKC": "0.44",
    "XSMGSYKC": "0.44",
    "PTGJZCSYLJQ": "7.90",
    "KCPTGJJZCSYLJQ": "7.60"
  }
]

=== 688698-2026-04-16-伟创电气-2025年年度报告.pdf ===
【模块一】
[
  {
    "JZRQ": "2025-12-31",
    "JBMGSY": "1.24",
    "XSMGSY": "1.24",
    "JBMGSYKC": "1.18",
    "XSMGSYKC": "",
    "JLRJZCSYLJQ": "11.79",
    "KCHJLRJZCSYLJQ": "11.19",
    "PTGJZCSYLJQ": "",
    "KCPTGJZCSYLJQ": "",
    "YYZSR": "",
    "YYZSRTBZZ": "",
    "YYSR": "1946203477.89",
    "YYSRTBZZ": "18.66",
    "YYSRKCJE": "",
    "KCHYYSR": "",
    "KCHYYSRTBZZ": "",
    "JLRHJ": "",
    "JLRHJTBZZ": "",
    "JLR": "262774139.01",
    "JLRTBZZ": "7.24",
    "FJCXSY": "13495112.46",
    "KCFJYXSYHDJLR": "249279026.55",
    "KCFJYXSYHDJLRTBZZ": "4.04",
    "PTGJLR": "",
    "PTGJLRTBZZ": "",
    "KCFJCXSYHPTGJLR": "",
    "KCFJCXSYHPTGJLRTBZZ": "",
    "JYXJLLJE": "83619239.25",
    "MGJYXJLLJE": "",
    "ZCZE": "3794410929.27",
    "GDQY": "2349372297.47",
    "MGJZCPL": "",
    "PTGMGJZC": "",
    "GJKJZEJLR": "",
    "GJKJZZJZC": ""
  },
  {
    "JZRQ": "2024-12-31",
    "JBMGSY": "1.16",
    "XSMGSY": "1.16",
    "JBMGSYKC": "1.14",
    "XSMGSYKC": "",
    "JLRJZCSYLJQ": "12.12",
    "KCHJLRJZCSYLJQ": "11.86",
    "PTGJZCSYLJQ": "",
    "KCPTGJZCSYLJQ": "",
    "YYZSR": "",
    "YYZSRTBZZ": "",
    "YYSR": "1640174010.89",
    "YYSRTBZZ": "",
    "YYSRKCJE": "",
    "KCHYYSR": "",
    "KCHYYSRTBZZ": "",
    "JLRHJ": "",
    "JLRHJTBZZ": "",
    "JLR": "245027269.43",
    "JLRTBZZ": "",
    "FJCXSY": "5435255.12",
    "KCFJYXSYHDJLR": "239592014.31",
    "KCFJYXSYHDJLRTBZZ": "",
    "PTGJLR": "",
    "PTGJLRTBZZ": "",
    "KCFJCXSYHPTGJLR": "",
    "KCFJCXSYHPTGJLRTBZZ": "",
    "JYXJLLJE": "201027309.26",
    "MGJYXJLLJE": "",
    "ZCZE": "3073967764.61",
    "GDQY": "2092499008.86",
    "MGJZCPL": "",
    "PTGMGJZC": "",
    "GJKJZEJLR": "",
    "GJKJZZJZC": ""
  },
  {
    "JZRQ": "2023-12-31",
    "JBMGSY": "1.02",
    "XSMGSY": "1.01",
    "JBMGSYKC": "0.97",
    "XSMGSYKC": "",
    "JLRJZCSYLJQ": "15.12",
    "KCHJLRJZCSYLJQ": "14.44",
    "PTGJZCSYLJQ": "",
    "KCPTGJZCSYLJQ": "",
    "YYZSR": "",
    "YYZSRTBZZ": "",
    "YYSR": "1304882452.80",
    "YYSRTBZZ": "",
    "YYSRKCJE": "",
    "KCHYYSR": "",
    "KCHYYSRTBZZ": "",
    "JLRHJ": "",
    "JLRHJTBZZ": "",
    "JLR": "190801582.92",
    "JLRTBZZ": "",
    "FJCXSY": "8550799.45",
    "KCFJYXSYHDJLR": "182250783.47",
    "KCFJYXSYHDJLRTBZZ": "",
    "PTGJLR": "",
    "PTGJLRTBZZ": "",
    "KCFJCXSYHPTGJLR": "",
    "KCFJCXSYHPTGJLRTBZZ": "",
    "JYXJLLJE": "5282134.27",
    "MGJYXJLLJE": "",
    "ZCZE": "2544181035.50",
    "GDQY": "1929831123.26",
    "MGJZCPL": "",
    "PTGMGJZC": "",
    "GJKJZEJLR": "",
    "GJKJZZJZC": ""
  }
]

【模块二】
[
  {
    "JZRQ": "2025-12-31",
    "JBMGSY": "1.24",
    "XSMGSY": "1.24",
    "JBMGSYKC": "1.18",
    "XSMGSYKC": "1.17",
    "PTGJZCSYLJQ": "11.79",
    "KCPTGJZCSYLJQ": "11.19"
  }
]

=== 920007-2026-04-15-酉立智能-2025年年度报告.pdf ===
【模块一】
[
  {
    "JZRQ": "2025-12-31",
    "JBMGSY": "2.45",
    "XSMGSY": "",
    "JBMGSYKC": "",
    "XSMGSYKC": "",
    "JLRJZCSYLJQ": "19.31",
    "KCHJLRJZCSYLJQ": "18.75",
    "PTGJZCSYLJQ": "",
    "KCPTGJZCSYLJQ": "",
    "YYZSR": "",
    "YYZSRTBZZ": "",
    "YYSR": "1031109601.89",
    "YYSRTBZZ": "41.47",
    "YYSRKCJE": "",
    "KCHYYSR": "",
    "KCHYYSRTBZZ": "",
    "JLRHJ": "",
    "JLRHJTBZZ": "",
    "JLR": "91410670.55",
    "JLRTBZZ": "1.51",
    "FJCXSY": "2667483.57",
    "KCFJYXSYHDJLR": "88743186.98",
    "KCFJYXSYHDJLRTBZZ": "-0.53",
    "PTGJLR": "",
    "PTGJLRTBZZ": "",
    "KCFJCXSYHPTGJLR": "",
    "KCFJCXSYHPTGJLRTBZZ": "",
    "JYXJLLJE": "49444907.10",
    "MGJYXJLLJE": "",
    "ZCZE": "1062256755.12",
    "GDQY": "630624608.36",
    "MGJZCPL": "14.19",
    "PTGMGJZC": "",
    "GJKJZEJLR": "",
    "GJKJZZJZC": ""
  },
  {
    "JZRQ": "2024-12-31",
    "JBMGSY": "2.92",
    "XSMGSY": "",
    "JBMGSYKC": "",
    "XSMGSYKC": "",
    "JLRJZCSYLJQ": "36.04",
    "KCHJLRJZCSYLJQ": "35.71",
    "PTGJZCSYLJQ": "",
    "KCPTGJZCSYLJQ": "",
    "YYZSR": "",
    "YYZSRTBZZ": "",
    "YYSR": "728842577.03",
    "YYSRTBZZ": "",
    "YYSRKCJE": "",
    "KCHYYSR": "",
    "KCHYYSRTBZZ": "",
    "JLRHJ": "",
    "JLRHJTBZZ": "",
    "JLR": "90047789.54",
    "JLRTBZZ": "",
    "FJCXSY": "829943.96",
    "KCFJYXSYHDJLR": "89217845.58",
    "KCFJYXSYHDJLRTBZZ": "",
    "PTGJLR": "",
    "PTGJLRTBZZ": "",
    "KCFJCXSYHPTGJLR": "",
    "KCFJCXSYHPTGJLRTBZZ": "",
    "JYXJLLJE": "35742934.10",
    "MGJYXJLLJE": "",
    "ZCZE": "570004562.03",
    "GDQY": "298751678.69",
    "MGJZCPL": "9.70",
    "PTGMGJZC": "",
    "GJKJZEJLR": "",
    "GJKJZZJZC": ""
  },
  {
    "JZRQ": "2023-12-31",
    "JBMGSY": "2.56",
    "XSMGSY": "",
    "JBMGSYKC": "",
    "XSMGSYKC": "",
    "JLRJZCSYLJQ": "45.70",
    "KCHJLRJZCSYLJQ": "44.61",
    "PTGJZCSYLJQ": "",
    "KCPTGJZCSYLJQ": "",
    "YYZSR": "",
    "YYZSRTBZZ": "",
    "YYSR": "657585651.47",
    "YYSRTBZZ": "",
    "YYSRKCJE": "",
    "KCHYYSR": "",
    "KCHYYSRTBZZ": "",
    "JLRHJ": "",
    "JLRHJTBZZ": "",
    "JLR": "78172691.37",
    "JLRTBZZ": "",
    "FJCXSY": "1857446.34",
    "KCFJYXSYHDJLR": "76315245.03",
    "KCFJYXSYHDJLRTBZZ": "",
    "PTGJLR": "",
    "PTGJLRTBZZ": "",
    "KCFJCXSYHPTGJLR": "",
    "KCFJCXSYHPTGJLRTBZZ": "",
    "JYXJLLJE": "-5315843.75",
    "MGJYXJLLJE": "",
    "ZCZE": "469325312.47",
    "GDQY": "204808966.25",
    "MGJZCPL": "6.65",
    "PTGMGJZC": "",
    "GJKJZEJLR": "",
    "GJKJZZJZC": ""
  }
]

【模块二】
[
  {
    "JZRQ": "2025-12-31",
    "JBMGSY": "2.45",
    "XSMGSY": "2.45",
    "JBMGSYKC": "2.38",
    "XSMGSYKC": "2.38",
    "PTGJZCSYLJQ": "19.31",
    "KCPTGJZCSYLJQ": "18.75"
  }
]

=== 688690-2026-04-16-纳微科技-苏州纳微科技股份有限公司2025年年度报告.pdf ===
【模块一】
[
  {
    "JZRQ": "2025-12-31",
    "JBMGSY": "0.3394",
    "XSMGSY": "0.3394",
    "JBMGSYKC": "0.2935",
    "XSMGSYKC": "",
    "JLRJZCSYLJQ": "7.45",
    "KCHJLRJZCSYLJQ": "6.44",
    "PTGJZCSYLJQ": "",
    "KCPTGJZCSYLJQ": "",
    "YYZSR": "",
    "YYZSRTBZZ": "",
    "YYSR": "924689600",
    "YYSRTBZZ": "18.18",
    "YYSRKCJE": "",
    "KCHYYSR": "",
    "KCHYYSRTBZZ": "",
    "JLRHJ": "",
    "JLRHJTBZZ": "",
    "JLR": "136009100",
    "JLRTBZZ": "64.18",
    "FJCXSY": "18394300",
    "KCFJYXSYHDJLR": "117614800",
    "KCFJYXSYHDJLRTBZZ": "78.55",
    "PTGJLR": "",
    "PTGJLRTBZZ": "",
    "KCFJCXSYHPTGJLR": "",
    "KCFJCXSYHPTGJLRTBZZ": "",
    "JYXJLLJE": "168329100",
    "MGJYXJLLJE": "",
    "ZCZE": "2415665500",
    "GDQY": "1907053400",
    "MGJZCPL": "",
    "PTGMGJZC": "",
    "GJKJZEJLR": "",
    "GJKJZZJZC": ""
  },
  {
    "JZRQ": "2024-12-31",
    "JBMGSY": "0.2063",
    "XSMGSY": "0.2063",
    "JBMGSYKC": "0.1640",
    "XSMGSYKC": "",
    "JLRJZCSYLJQ": "4.84",
    "KCHJLRJZCSYLJQ": "3.85",
    "PTGJZCSYLJQ": "",
    "KCPTGJZCSYLJQ": "",
    "YYZSR": "",
    "YYZSRTBZZ": "",
    "YYSR": "782456700",
    "YYSRTBZZ": "",
    "YYSRKCJE": "",
    "KCHYYSR": "",
    "KCHYYSRTBZZ": "",
    "JLRHJ": "",
    "JLRHJTBZZ": "",
    "JLR": "82843400",
    "JLRTBZZ": "",
    "FJCXSY": "16969700",
    "KCFJYXSYHDJLR": "65873700",
    "KCFJYXSYHDJLRTBZZ": "",
    "PTGJLR": "",
    "PTGJLRTBZZ": "",
    "KCFJCXSYHPTGJLR": "",
    "KCFJCXSYHPTGJLRTBZZ": "",
    "JYXJLLJE": "133055200",
    "MGJYXJLLJE": "",
    "ZCZE": "2309597000",
    "GDQY": "1748425900",
    "MGJZCPL": "",
    "PTGMGJZC": "",
    "GJKJZEJLR": "",
    "GJKJZZJZC": ""
  },
  {
    "JZRQ": "2023-12-31",
    "JBMGSY": "0.1699",
    "XSMGSY": "0.1699",
    "JBMGSYKC": "0.0783",
    "XSMGSYKC": "",
    "JLRJZCSYLJQ": "4.23",
    "KCHJLRJZCSYLJQ": "1.95",
    "PTGJZCSYLJQ": "",
    "KCPTGJZCSYLJQ": "",
    "YYZSR": "",
    "YYZSRTBZZ": "",
    "YYSR": "586865100",
    "YYSRTBZZ": "",
    "YYSRKCJE": "",
    "KCHYYSR": "",
    "KCHYYSRTBZZ": "",
    "JLRHJ": "",
    "JLRHJTBZZ": "",
    "JLR": "68566300",
    "JLRTBZZ": "",
    "FJCXSY": "36979900",
    "KCFJYXSYHDJLR": "31586500",
    "KCFJYXSYHDJLRTBZZ": "",
    "PTGJLR": "",
    "PTGJLRTBZZ": "",
    "KCFJCXSYHPTGJLR": "",
    "KCFJCXSYHPTGJLRTBZZ": "",
    "JYXJLLJE": "125530500",
    "MGJYXJLLJE": "",
    "ZCZE": "2126568300",
    "GDQY": "1703527900",
    "MGJZCPL": "",
    "PTGMGJZC": "",
    "GJKJZEJLR": "",
    "GJKJZZJZC": ""
  }
]

【模块二】
[
  {
    "JZRQ": "2025-12-31",
    "JBMGSY": "0.3394",
    "XSMGSY": "0.3394",
    "JBMGSYKC": "0.2935",
    "XSMGSYKC": "0.2935",
    "PTGJZCSYLJQ": "7.45",
    "KCPTGJZCSYLJQ": "6.44"
  }
]

=== 920020-2026-04-15-泰凯英-2025年年度报告.pdf ===
【模块一】
[
  {
    "JZRQ": "2025-12-31",
    "JBMGSY": "0.9435",
    "XSMGSY": "",
    "JBMGSYKC": "",
    "XSMGSYKC": "",
    "JLRJZCSYLJQ": "21.02",
    "KCHJLRJZCSYLJQ": "20.05",
    "PTGJZCSYLJQ": "",
    "KCPTGJZCSYLJQ": "",
    "YYZSR": "",
    "YYZSRTBZZ": "",
    "YYSR": "2580843470.20",
    "YYSRTBZZ": "12.44",
    "YYSRKCJE": "",
    "KCHYYSR": "",
    "KCHYYSRTBZZ": "",
    "JLRHJ": "",
    "JLRHJTBZZ": "",
    "JLR": "173950497.47",
    "JLRTBZZ": "11.04",
    "FJCXSY": "8068480.02",
    "KCFJYXSYHDJLR": "165882017.45",
    "KCFJYXSYHDJLRTBZZ": "10.15",
    "PTGJLR": "",
    "PTGJLRTBZZ": "",
    "KCFJCXSYHPTGJLR": "",
    "KCFJCXSYHPTGJLRTBZZ": "",
    "JYXJLLJE": "153425909.05",
    "MGJYXJLLJE": "",
    "ZCZE": "2254948245.64",
    "GDQY": "1155221146.79",
    "MGJZCPL": "5.22",
    "PTGMGJZC": "",
    "GJKJZEJLR": "",
    "GJKJZZJZC": ""
  },
  {
    "JZRQ": "2024-12-31",
    "JBMGSY": "0.8851",
    "XSMGSY": "",
    "JBMGSYKC": "",
    "XSMGSYKC": "",
    "JLRJZCSYLJQ": "25.56",
    "KCHJLRJZCSYLJQ": "24.57",
    "PTGJZCSYLJQ": "",
    "KCPTGJZCSYLJQ": "",
    "YYZSR": "",
    "YYZSRTBZZ": "",
    "YYSR": "2295313210.77",
    "YYSRTBZZ": "",
    "YYSRKCJE": "",
    "KCHYYSR": "",
    "KCHYYSRTBZZ": "",
    "JLRHJ": "",
    "JLRHJTBZZ": "",
    "JLR": "156654819.58",
    "JLRTBZZ": "",
    "FJCXSY": "6052641.58",
    "KCFJYXSYHDJLR": "150602178.00",
    "KCFJYXSYHDJLRTBZZ": "",
    "PTGJLR": "",
    "PTGJLRTBZZ": "",
    "KCFJCXSYHPTGJLR": "",
    "KCFJCXSYHPTGJLRTBZZ": "",
    "JYXJLLJE": "145235233.29",
    "MGJYXJLLJE": "",
    "ZCZE": "1646954376.54",
    "GDQY": "693366402.31",
    "MGJZCPL": "3.92",
    "PTGMGJZC": "",
    "GJKJZEJLR": "",
    "GJKJZZJZC": ""
  },
  {
    "JZRQ": "2023-12-31",
    "JBMGSY": "0.7793",
    "XSMGSY": "",
    "JBMGSYKC": "",
    "XSMGSYKC": "",
    "JLRJZCSYLJQ": "28.40",
    "KCHJLRJZCSYLJQ": "28.01",
    "PTGJZCSYLJQ": "",
    "KCPTGJZCSYLJQ": "",
    "YYZSR": "",
    "YYZSRTBZZ": "",
    "YYSR": "2031377120.27",
    "YYSRTBZZ": "",
    "YYSRKCJE": "",
    "KCHYYSR": "",
    "KCHYYSRTBZZ": "",
    "JLRHJ": "",
    "JLRHJTBZZ": "",
    "JLR": "137928922.30",
    "JLRTBZZ": "",
    "FJCXSY": "1883160.09",
    "KCFJYXSYHDJLR": "136045762.21",
    "KCFJYXSYHDJLRTBZZ": "",
    "PTGJLR": "",
    "PTGJLRTBZZ": "",
    "KCFJCXSYHPTGJLR": "",
    "KCFJCXSYHPTGJLRTBZZ": "",
    "JYXJLLJE": "161610051.16",
    "MGJYXJLLJE": "",
    "ZCZE": "1205205341.63",
    "GDQY": "532570308.66",
    "MGJZCPL": "3.01",
    "PTGMGJZC": "",
    "GJKJZEJLR": "",
    "GJKJZZJZC": ""
  }
]

【模块二】
[
  {
    "JZRQ": "2025-12-31",
    "JBMGSY": "0.9435",
    "XSMGSY": "0.9435",
    "JBMGSYKC": "0.8997",
    "XSMGSYKC": "0.8997",
    "PTGJZCSYLJQ": "21.02",
    "KCPTGJZCSYLJQ": "20.05"
  }
]

=== 920149-2026-04-15-旭杰科技-2025年年度报告.pdf ===
【模块一】
[
  {
    "JZRQ": "2025-12-31",
    "JBMGSY": "-0.53",
    "XSMGSY": "",
    "JBMGSYKC": "",
    "XSMGSYKC": "",
    "JLRJZCSYLJQ": "-28.97",
    "KCHJLRJZCSYLJQ": "-34.99",
    "PTGJZCSYLJQ": "",
    "KCPTGJZCSYLJQ": "",
    "YYZSR": "",
    "YYZSRTBZZ": "",
    "YYSR": "465781920.62",
    "YYSRTBZZ": "-16.35",
    "YYSRKCJE": "3418771.63",
    "KCHYYSR": "462363148.99",
    "KCHYYSRTBZZ": "-16.68",
    "JLRHJ": "",
    "JLRHJTBZZ": "",
    "JLR": "-39893575.52",
    "JLRTBZZ": "-32.22",
    "FJCXSY": "8292095.43",
    "KCFJYXSYHDJLR": "-48185670.95",
    "KCFJYXSYHDJLRTBZZ": "-55.12",
    "PTGJLR": "",
    "PTGJLRTBZZ": "",
    "KCFJCXSYHPTGJLR": "",
    "KCFJCXSYHPTGJLRTBZZ": "",
    "JYXJLLJE": "6072973.55",
    "MGJYXJLLJE": "",
    "ZCZE": "892739254.03",
    "GDQY": "119280663.23",
    "MGJZCPL": "1.56",
    "PTGMGJZC": "",
    "GJKJZEJLR": "",
    "GJKJZZJZC": ""
  },
  {
    "JZRQ": "2024-12-31",
    "JBMGSY": "-0.41",
    "XSMGSY": "",
    "JBMGSYKC": "",
    "XSMGSYKC": "",
    "JLRJZCSYLJQ": "-18.22",
    "KCHJLRJZCSYLJQ": "-18.76",
    "PTGJZCSYLJQ": "",
    "KCPTGJZCSYLJQ": "",
    "YYZSR": "",
    "YYZSRTBZZ": "",
    "YYSR": "556815820.64",
    "YYSRTBZZ": "",
    "YYSRKCJE": "1920627.68",
    "KCHYYSR": "554895192.96",
    "KCHYYSRTBZZ": "",
    "JLRHJ": "",
    "JLRHJTBZZ": "",
    "JLR": "-30172101.35",
    "JLRTBZZ": "",
    "FJCXSY": "891756.24",
    "KCFJYXSYHDJLR": "-31063857.59",
    "KCFJYXSYHDJLRTBZZ": "",
    "PTGJLR": "",
    "PTGJLRTBZZ": "",
    "KCFJCXSYHPTGJLR": "",
    "KCFJCXSYHPTGJLRTBZZ": "",
    "JYXJLLJE": "19927090.95",
    "MGJYXJLLJE": "",
    "ZCZE": "774948815.82",
    "GDQY": "154054492.41",
    "MGJZCPL": "2.05",
    "PTGMGJZC": "",
    "GJKJZEJLR": "",
    "GJKJZZJZC": ""
  },
  {
    "JZRQ": "2023-12-31",
    "JBMGSY": "0.15",
    "XSMGSY": "",
    "JBMGSYKC": "",
    "XSMGSYKC": "",
    "JLRJZCSYLJQ": "6.07",
    "KCHJLRJZCSYLJQ": "3.25",
    "PTGJZCSYLJQ": "",
    "KCPTGJZCSYLJQ": "",
    "YYZSR": "",
    "YYZSRTBZZ": "",
    "YYSR": "782101851.40",
    "YYSRTBZZ": "",
    "YYSRKCJE": "1465726.43",
    "KCHYYSR": "780636124.97",
    "KCHYYSRTBZZ": "",
    "JLRHJ": "",
    "JLRHJTBZZ": "",
    "JLR": "10701368.04",
    "JLRTBZZ": "",
    "FJCXSY": "4973560.42",
    "KCFJYXSYHDJLR": "5727807.62",
    "KCFJYXSYHDJLRTBZZ": "",
    "PTGJLR": "",
    "PTGJLRTBZZ": "",
    "KCFJCXSYHPTGJLR": "",
    "KCFJCXSYHPTGJLRTBZZ": "",
    "JYXJLLJE": "-32398235.22",
    "MGJYXJLLJE": "",
    "ZCZE": "941481181.35",
    "GDQY": "182485785.52",
    "MGJZCPL": "2.47",
    "PTGMGJZC": "",
    "GJKJZEJLR": "",
    "GJKJZZJZC": ""
  }
]

【模块二】
[
  {
    "JZRQ": "2025-12-31",
    "JBMGSY": "-0.53",
    "XSMGSY": "-0.52",
    "JBMGSYKC": "-0.64",
    "XSMGSYKC": "-0.63",
    "PTGJZCSYLJQ": "-28.97",
    "KCPTGJZCSYLJQ": "-34.99"
  },
  {
    "JZRQ": "2024-12-31",
    "JBMGSY": "-0.41",
    "XSMGSY": "-0.39",
    "JBMGSYKC": "-0.42",
    "XSMGSYKC": "-0.40",
    "PTGJZCSYLJQ": "-18.22",
    "KCPTGJZCSYLJQ": "-18.76"
  }
]

=== 920199-2026-04-15-倍益康-2025年年度报告.pdf ===
【模块一】
[
  {
    "JZRQ": "2025-12-31",
    "JBMGSY": "0.0583",
    "XSMGSY": "",
    "JBMGSYKC": "",
    "XSMGSYKC": "",
    "JLRJZCSYLJQ": "0.76",
    "KCHJLRJZCSYLJQ": "0.17",
    "PTGJZCSYLJQ": "",
    "KCPTGJZCSYLJQ": "",
    "YYZSR": "",
    "YYZSRTBZZ": "",
    "YYSR": "273101254.76",
    "YYSRTBZZ": "-6.22",
    "YYSRKCJE": "",
    "KCHYYSR": "",
    "KCHYYSRTBZZ": "",
    "JLRHJ": "",
    "JLRHJTBZZ": "",
    "JLR": "3972077.86",
    "JLRTBZZ": "-85.70",
    "FJCXSY": "3094551.54",
    "KCFJYXSYHDJLR": "877526.32",
    "KCFJYXSYHDJLRTBZZ": "-95.93",
    "PTGJLR": "",
    "PTGJLRTBZZ": "",
    "KCFJCXSYHPTGJLR": "",
    "KCFJCXSYHPTGJLRTBZZ": "",
    "JYXJLLJE": "1119935.93",
    "MGJYXJLLJE": "",
    "ZCZE": "709638563.78",
    "GDQY": "526073290.36",
    "MGJZCPL": "7.72",
    "PTGMGJZC": "",
    "GJKJZEJLR": "",
    "GJKJZZJZC": ""
  },
  {
    "JZRQ": "2024-12-31",
    "JBMGSY": "0.4079",
    "XSMGSY": "",
    "JBMGSYKC": "",
    "XSMGSYKC": "",
    "JLRJZCSYLJQ": "5.33",
    "KCHJLRJZCSYLJQ": "4.14",
    "PTGJZCSYLJQ": "",
    "KCPTGJZCSYLJQ": "",
    "YYZSR": "",
    "YYZSRTBZZ": "",
    "YYSR": "291228708.87",
    "YYSRTBZZ": "",
    "YYSRKCJE": "",
    "KCHYYSR": "",
    "KCHYYSRTBZZ": "",
    "JLRHJ": "",
    "JLRHJTBZZ": "",
    "JLR": "27781140.47",
    "JLRTBZZ": "",
    "FJCXSY": "6196759.00",
    "KCFJYXSYHDJLR": "21584381.47",
    "KCFJYXSYHDJLRTBZZ": "",
    "PTGJLR": "",
    "PTGJLRTBZZ": "",
    "KCFJCXSYHPTGJLR": "",
    "KCFJCXSYHPTGJLRTBZZ": "",
    "JYXJLLJE": "29985257.05",
    "MGJYXJLLJE": "",
    "ZCZE": "690471403.90",
    "GDQY": "522101212.50",
    "MGJZCPL": "7.67",
    "PTGMGJZC": "",
    "GJKJZEJLR": "",
    "GJKJZZJZC": ""
  },
  {
    "JZRQ": "2023-12-31",
    "JBMGSY": "0.6444",
    "XSMGSY": "",
    "JBMGSYKC": "",
    "XSMGSYKC": "",
    "JLRJZCSYLJQ": "8.49",
    "KCHJLRJZCSYLJQ": "6.43",
    "PTGJZCSYLJQ": "",
    "KCPTGJZCSYLJQ": "",
    "YYZSR": "",
    "YYZSRTBZZ": "",
    "YYSR": "333892962.54",
    "YYSRTBZZ": "",
    "YYSRKCJE": "",
    "KCHYYSR": "",
    "KCHYYSRTBZZ": "",
    "JLRHJ": "",
    "JLRHJTBZZ": "",
    "JLR": "43886869.03",
    "JLRTBZZ": "",
    "FJCXSY": "10630375.82",
    "KCFJYXSYHDJLR": "33256493.21",
    "KCFJYXSYHDJLRTBZZ": "",
    "PTGJLR": "",
    "PTGJLRTBZZ": "",
    "KCFJCXSYHPTGJLR": "",
    "KCFJCXSYHPTGJLRTBZZ": "",
    "JYXJLLJE": "56580298.86",
    "MGJYXJLLJE": "",
    "ZCZE": "659431950.89",
    "GDQY": "513779362.03",
    "MGJZCPL": "7.54",
    "PTGMGJZC": "",
    "GJKJZEJLR": "",
    "GJKJZZJZC": ""
  }
]

【模块二】
[
  {
    "JZRQ": "2025-12-31",
    "JBMGSY": "0.0583",
    "XSMGSY": "0.0583",
    "JBMGSYKC": "0.0129",
    "XSMGSYKC": "0.0129",
    "PTGJZCSYLJQ": "0.76",
    "KCPTGJZCSYLJQ": "0.17"
  }
]

=== 920223-2026-04-15-荣亿精密-2025年年度报告.pdf ===
【模块一】
[
  {
    "JZRQ": "2025-12-31",
    "JBMGSY": "-0.13",
    "XSMGSY": "",
    "JBMGSYKC": "",
    "XSMGSYKC": "",
    "JLRJZCSYLJQ": "-7.81",
    "KCHJLRJZCSYLJQ": "-8.29",
    "PTGJZCSYLJQ": "",
    "KCPTGJZCSYLJQ": "",
    "YYZSR": "",
    "YYZSRTBZZ": "",
    "YYSR": "434732075.87",
    "YYSRTBZZ": "50.84",
    "YYSRKCJE": "16043249.59",
    "KCHYYSR": "418688826.28",
    "KCHYYSRTBZZ": "51.22",
    "JLRHJ": "",
    "JLRHJTBZZ": "",
    "JLR": "-19708965.55",
    "JLRTBZZ": "35.85",
    "FJCXSY": "1226697.44",
    "KCFJYXSYHDJLR": "-20935662.99",
    "KCFJYXSYHDJLRTBZZ": "36.70",
    "PTGJLR": "",
    "PTGJLRTBZZ": "",
    "KCFJCXSYHPTGJLR": "",
    "KCFJCXSYHPTGJLRTBZZ": "",
    "JYXJLLJE": "-59653584.44",
    "MGJYXJLLJE": "",
    "ZCZE": "637648005.75",
    "GDQY": "242642780.13",
    "MGJZCPL": "1.54",
    "PTGMGJZC": "",
    "GJKJZEJLR": "",
    "GJKJZZJZC": ""
  },
  {
    "JZRQ": "2024-12-31",
    "JBMGSY": "-0.20",
    "XSMGSY": "",
    "JBMGSYKC": "",
    "XSMGSYKC": "",
    "JLRJZCSYLJQ": "-11.06",
    "KCHJLRJZCSYLJQ": "-11.91",
    "PTGJZCSYLJQ": "",
    "KCPTGJZCSYLJQ": "",
    "YYZSR": "",
    "YYZSRTBZZ": "",
    "YYSR": "288206549.38",
    "YYSRTBZZ": "",
    "YYSRKCJE": "11325109.88",
    "KCHYYSR": "276881439.50",
    "KCHYYSRTBZZ": "",
    "JLRHJ": "",
    "JLRHJTBZZ": "",
    "JLR": "-30723539.81",
    "JLRTBZZ": "",
    "FJCXSY": "2350845.14",
    "KCFJYXSYHDJLR": "-33074384.95",
    "KCFJYXSYHDJLRTBZZ": "",
    "PTGJLR": "",
    "PTGJLRTBZZ": "",
    "KCFJCXSYHPTGJLR": "",
    "KCFJCXSYHPTGJLRTBZZ": "",
    "JYXJLLJE": "-38317313.28",
    "MGJYXJLLJE": "",
    "ZCZE": "498289521.38",
    "GDQY": "262359410.68",
    "MGJZCPL": "1.67",
    "PTGMGJZC": "",
    "GJKJZEJLR": "",
    "GJKJZZJZC": ""
  },
  {
    "JZRQ": "2023-12-31",
    "JBMGSY": "-0.20",
    "XSMGSY": "",
    "JBMGSYKC": "",
    "XSMGSYKC": "",
    "JLRJZCSYLJQ": "-10.10",
    "KCHJLRJZCSYLJQ": "-10.73",
    "PTGJZCSYLJQ": "",
    "KCPTGJZCSYLJQ": "",
    "YYZSR": "",
    "YYZSRTBZZ": "",
    "YYSR": "248078406.16",
    "YYSRTBZZ": "",
    "YYSRKCJE": "8959780.63",
    "KCHYYSR": "239118625.53",
    "KCHYYSRTBZZ": "",
    "JLRHJ": "",
    "JLRHJTBZZ": "",
    "JLR": "-31183166.00",
    "JLRTBZZ": "",
    "FJCXSY": "1956393.55",
    "KCFJYXSYHDJLR": "-33139559.55",
    "KCFJYXSYHDJLRTBZZ": "",
    "PTGJLR": "",
    "PTGJLRTBZZ": "",
    "KCFJCXSYHPTGJLR": "",
    "KCFJCXSYHPTGJLRTBZZ": "",
    "JYXJLLJE": "1656482.34",
    "MGJYXJLLJE": "",
    "ZCZE": "473861570.23",
    "GDQY": "293222077.78",
    "MGJZCPL": "1.86",
    "PTGMGJZC": "",
    "GJKJZEJLR": "",
    "GJKJZZJZC": ""
  }
]

【模块二】
[
  {
    "JZRQ": "2025-12-31",
    "JBMGSY": "-0.13",
    "XSMGSY": "-0.13",
    "JBMGSYKC": "-0.13",
    "XSMGSYKC": "-0.13",
    "PTGJZCSYLJQ": "-7.81",
    "KCPTGJZCSYLJQ": "-8.29"
  }
]

=== 920230-2026-04-15-欧康医药-2025年年度报告.pdf ===
【模块一】
[
  {
    "JZRQ": "2025-12-31",
    "JBMGSY": "0.12",
    "XSMGSY": "",
    "JBMGSYKC": "",
    "XSMGSYKC": "",
    "JLRJZCSYLJQ": "2.80",
    "KCHJLRJZCSYLJQ": "2.30",
    "PTGJZCSYLJQ": "",
    "KCPTGJZCSYLJQ": "",
    "YYZSR": "",
    "YYZSRTBZZ": "",
    "YYSR": "331737234.49",
    "YYSRTBZZ": "6.92",
    "YYSRKCJE": "",
    "KCHYYSR": "",
    "KCHYYSRTBZZ": "",
    "JLRHJ": "",
    "JLRHJTBZZ": "",
    "JLR": "11493326.37",
    "JLRTBZZ": "-48.79",
    "FJCXSY": "2046621.73",
    "KCFJYXSYHDJLR": "9446704.64",
    "KCFJYXSYHDJLRTBZZ": "-54.18",
    "PTGJLR": "",
    "PTGJLRTBZZ": "",
    "KCFJCXSYHPTGJLR": "",
    "KCFJCXSYHPTGJLRTBZZ": "",
    "JYXJLLJE": "6998887.30",
    "MGJYXJLLJE": "",
    "ZCZE": "531583296.95",
    "GDQY": "417987664.98",
    "MGJZCPL": "4.15",
    "PTGMGJZC": "",
    "GJKJZEJLR": "",
    "GJKJZZJZC": ""
  },
  {
    "JZRQ": "2024-12-31",
    "JBMGSY": "0.30",
    "XSMGSY": "",
    "JBMGSYKC": "",
    "XSMGSYKC": "",
    "JLRJZCSYLJQ": "5.61",
    "KCHJLRJZCSYLJQ": "5.15",
    "PTGJZCSYLJQ": "",
    "KCPTGJZCSYLJQ": "",
    "YYZSR": "",
    "YYZSRTBZZ": "",
    "YYSR": "310268218.29",
    "YYSRTBZZ": "",
    "YYSRKCJE": "",
    "KCHYYSR": "",
    "KCHYYSRTBZZ": "",
    "JLRHJ": "",
    "JLRHJTBZZ": "",
    "JLR": "22442322.98",
    "JLRTBZZ": "",
    "FJCXSY": "1827048.92",
    "KCFJYXSYHDJLR": "20615274.06",
    "KCFJYXSYHDJLRTBZZ": "",
    "PTGJLR": "",
    "PTGJLRTBZZ": "",
    "KCFJCXSYHPTGJLR": "",
    "KCFJCXSYHPTGJLRTBZZ": "",
    "JYXJLLJE": "14448215.52",
    "MGJYXJLLJE": "",
    "ZCZE": "529211958.10",
    "GDQY": "404809662.05",
    "MGJZCPL": "5.24",
    "PTGMGJZC": "",
    "GJKJZEJLR": "",
    "GJKJZZJZC": ""
  },
  {
    "JZRQ": "2023-12-31",
    "JBMGSY": "0.22",
    "XSMGSY": "",
    "JBMGSYKC": "",
    "XSMGSYKC": "",
    "JLRJZCSYLJQ": "4.27",
    "KCHJLRJZCSYLJQ": "3.53",
    "PTGJZCSYLJQ": "",
    "KCPTGJZCSYLJQ": "",
    "YYZSR": "",
    "YYZSRTBZZ": "",
    "YYSR": "242810197.99",
    "YYSRTBZZ": "",
    "YYSRKCJE": "",
    "KCHYYSR": "",
    "KCHYYSRTBZZ": "",
    "JLRHJ": "",
    "JLRHJTBZZ": "",
    "JLR": "16670309.28",
    "JLRTBZZ": "",
    "FJCXSY": "2894285.79",
    "KCFJYXSYHDJLR": "13776023.49",
    "KCFJYXSYHDJLRTBZZ": "",
    "PTGJLR": "",
    "PTGJLRTBZZ": "",
    "KCFJCXSYHPTGJLR": "",
    "KCFJCXSYHPTGJLRTBZZ": "",
    "JYXJLLJE": "36134039.20",
    "MGJYXJLLJE": "",
    "ZCZE": "453093129.65",
    "GDQY": "393209412.92",
    "MGJZCPL": "5.20",
    "PTGMGJZC": "",
    "GJKJZEJLR": "",
    "GJKJZZJZC": ""
  }
]

【模块二】
[
  {
    "JZRQ": "2025-12-31",
    "JBMGSY": "0.12",
    "XSMGSY": "0.11",
    "JBMGSYKC": "0.09",
    "XSMGSYKC": "0.09",
    "PTGJZCSYLJQ": "2.80",
    "KCPTGJZCSYLJQ": "2.30"
  }
]

=== 920249-2026-04-15-利尔达-2025年年度报告.pdf ===
【模块一】
[
  {
    "JZRQ": "2025-12-31",
    "JBMGSY": "0.10",
    "XSMGSY": "",
    "JBMGSYKC": "",
    "XSMGSYKC": "",
    "JLRJZCSYLJQ": "5.87",
    "KCHJLRJZCSYLJQ": "3.38",
    "PTGJZCSYLJQ": "",
    "KCPTGJZCSYLJQ": "",
    "YYZSR": "",
    "YYZSRTBZZ": "",
    "YYSR": "2431802095.91",
    "YYSRTBZZ": "24.18",
    "YYSRKCJE": "2015358.76",
    "KCHYYSR": "2429786737.15",
    "KCHYYSRTBZZ": "24.12",
    "JLRHJ": "",
    "JLRHJTBZZ": "",
    "JLR": "42327542.22",
    "JLRTBZZ": "139.25",
    "FJCXSY": "17928201.47",
    "KCFJYXSYHDJLR": "24399340.75",
    "KCFJYXSYHDJLRTBZZ": "121.10",
    "PTGJLR": "",
    "PTGJLRTBZZ": "",
    "KCFJCXSYHPTGJLR": "",
    "KCFJCXSYHPTGJLRTBZZ": "",
    "JYXJLLJE": "131624733.25",
    "MGJYXJLLJE": "",
    "ZCZE": "2002661777.81",
    "GDQY": "762368573.92",
    "MGJZCPL": "1.81",
    "PTGMGJZC": "",
    "GJKJZEJLR": "",
    "GJKJZZJZC": ""
  },
  {
    "JZRQ": "2024-12-31",
    "JBMGSY": "-0.26",
    "XSMGSY": "",
    "JBMGSYKC": "",
    "XSMGSYKC": "",
    "JLRJZCSYLJQ": "-14.64",
    "KCHJLRJZCSYLJQ": "-15.70",
    "PTGJZCSYLJQ": "",
    "KCPTGJZCSYLJQ": "",
    "YYZSR": "",
    "YYZSRTBZZ": "",
    "YYSR": "1958363348.93",
    "YYSRTBZZ": "",
    "YYSRKCJE": "817360.41",
    "KCHYYSR": "1957545988.52",
    "KCHYYSRTBZZ": "",
    "JLRHJ": "",
    "JLRHJTBZZ": "",
    "JLR": "-107833423.59",
    "JLRTBZZ": "",
    "FJCXSY": "7822708.56",
    "KCFJYXSYHDJLR": "-115656132.15",
    "KCFJYXSYHDJLRTBZZ": "",
    "PTGJLR": "",
    "PTGJLRTBZZ": "",
    "KCFJCXSYHPTGJLR": "",
    "KCFJCXSYHPTGJLRTBZZ": "",
    "JYXJLLJE": "57578871.21",
    "MGJYXJLLJE": "",
    "ZCZE": "1856857536.13",
    "GDQY": "690778606.31",
    "MGJZCPL": "1.64",
    "PTGMGJZC": "",
    "GJKJZEJLR": "",
    "GJKJZZJZC": ""
  },
  {
    "JZRQ": "2023-12-31",
    "JBMGSY": "-0.03",
    "XSMGSY": "",
    "JBMGSYKC": "",
    "XSMGSYKC": "",
    "JLRJZCSYLJQ": "-1.66",
    "KCHJLRJZCSYLJQ": "-3.48",
    "PTGJZCSYLJQ": "",
    "KCPTGJZCSYLJQ": "",
    "YYZSR": "",
    "YYZSRTBZZ": "",
    "YYSR": "2426958490.03",
    "YYSRTBZZ": "",
    "YYSRKCJE": "1373755.10",
    "KCHYYSR": "2425584734.93",
    "KCHYYSRTBZZ": "",
    "JLRHJ": "",
    "JLRHJTBZZ": "",
    "JLR": "-12809487.85",
    "JLRTBZZ": "",
    "FJCXSY": "14101048.93",
    "KCFJYXSYHDJLR": "-26910536.78",
    "KCFJYXSYHDJLRTBZZ": "",
    "PTGJLR": "",
    "PTGJLRTBZZ": "",
    "KCFJCXSYHPTGJLR": "",
    "KCFJCXSYHPTGJLRTBZZ": "",
    "JYXJLLJE": "-49013383.67",
    "MGJYXJLLJE": "",
    "ZCZE": "2168093806.64",
    "GDQY": "780037109.78",
    "MGJZCPL": "1.85",
    "PTGMGJZC": "",
    "GJKJZEJLR": "",
    "GJKJZZJZC": ""
  }
]

【模块二】
[
  {
    "JZRQ": "2025-12-31",
    "JBMGSY": "0.10",
    "XSMGSY": "0.10",
    "JBMGSYKC": "0.06",
    "XSMGSYKC": "0.06",
    "PTGJZCSYLJQ": "5.87",
    "KCPTGJZCSYLJQ": "3.38"
  }
]

=== 920357-2026-04-15-雅葆轩-2025年年度报告.pdf ===
【模块一】
[
  {
    "JZRQ": "2025-12-31",
    "JBMGSY": "0.82",
    "XSMGSY": "",
    "JBMGSYKC": "",
    "XSMGSYKC": "",
    "JLRJZCSYLJQ": "17.01",
    "KCHJLRJZCSYLJQ": "16.21",
    "PTGJZCSYLJQ": "",
    "KCPTGJZCSYLJQ": "",
    "YYZSR": "",
    "YYZSRTBZZ": "",
    "YYSR": "598707833.29",
    "YYSRTBZZ": "58.88",
    "YYSRKCJE": "",
    "KCHYYSR": "",
    "KCHYYSRTBZZ": "",
    "JLRHJ": "",
    "JLRHJTBZZ": "",
    "JLR": "65831108.19",
    "JLRTBZZ": "36.39",
    "FJCXSY": "3089949.06",
    "KCFJYXSYHDJLR": "62741159.13",
    "KCFJYXSYHDJLRTBZZ": "49.63",
    "PTGJLR": "",
    "PTGJLRTBZZ": "",
    "KCFJCXSYHPTGJLR": "",
    "KCFJCXSYHPTGJLRTBZZ": "",
    "JYXJLLJE": "2554996.98",
    "MGJYXJLLJE": "",
    "ZCZE": "708709656.72",
    "GDQY": "403293459.35",
    "MGJZCPL": "5.04",
    "PTGMGJZC": "",
    "GJKJZEJLR": "",
    "GJKJZZJZC": ""
  },
  {
    "JZRQ": "2024-12-31",
    "JBMGSY": "0.60",
    "XSMGSY": "",
    "JBMGSYKC": "",
    "XSMGSYKC": "",
    "JLRJZCSYLJQ": "12.52",
    "KCHJLRJZCSYLJQ": "10.88",
    "PTGJZCSYLJQ": "",
    "KCPTGJZCSYLJQ": "",
    "YYZSR": "",
    "YYZSRTBZZ": "",
    "YYSR": "376834740.01",
    "YYSRTBZZ": "",
    "YYSRKCJE": "",
    "KCHYYSR": "",
    "KCHYYSRTBZZ": "",
    "JLRHJ": "",
    "JLRHJTBZZ": "",
    "JLR": "48265721.61",
    "JLRTBZZ": "",
    "FJCXSY": "6335623.67",
    "KCFJYXSYHDJLR": "41930097.94",
    "KCFJYXSYHDJLRTBZZ": "",
    "PTGJLR": "",
    "PTGJLRTBZZ": "",
    "KCFJCXSYHPTGJLR": "",
    "KCFJCXSYHPTGJLRTBZZ": "",
    "JYXJLLJE": "59044667.53",
    "MGJYXJLLJE": "",
    "ZCZE": "543280764.61",
    "GDQY": "377502351.16",
    "MGJZCPL": "4.71",
    "PTGMGJZC": "",
    "GJKJZEJLR": "",
    "GJKJZZJZC": ""
  },
  {
    "JZRQ": "2023-12-31",
    "JBMGSY": "0.54",
    "XSMGSY": "",
    "JBMGSYKC": "",
    "XSMGSYKC": "",
    "JLRJZCSYLJQ": "12.12",
    "KCHJLRJZCSYLJQ": "7.96",
    "PTGJZCSYLJQ": "",
    "KCPTGJZCSYLJQ": "",
    "YYZSR": "",
    "YYZSRTBZZ": "",
    "YYSR": "353678514.13",
    "YYSRTBZZ": "",
    "YYSRKCJE": "",
    "KCHYYSR": "",
    "KCHYYSRTBZZ": "",
    "JLRHJ": "",
    "JLRHJTBZZ": "",
    "JLR": "43056850.34",
    "JLRTBZZ": "",
    "FJCXSY": "14802483.41",
    "KCFJYXSYHDJLR": "28254366.93",
    "KCFJYXSYHDJLRTBZZ": "",
    "PTGJLR": "",
    "PTGJLRTBZZ": "",
    "KCFJCXSYHPTGJLR": "",
    "KCFJCXSYHPTGJLRTBZZ": "",
    "JYXJLLJE": "24859998.94",
    "MGJYXJLLJE": "",
    "ZCZE": "464506037.69",
    "GDQY": "361268629.55",
    "MGJZCPL": "4.51",
    "PTGMGJZC": "",
    "GJKJZEJLR": "",
    "GJKJZZJZC": ""
  }
]

【模块二】
[
  {
    "JZRQ": "2025-12-31",
    "JBMGSY": "0.82",
    "XSMGSY": "0.82",
    "JBMGSYKC": "0.78",
    "XSMGSYKC": "0.78",
    "PTGJZCSYLJQ": "17.01",
    "KCPTGJZCSYLJQ": "16.21"
  }
]

=== 920367-2026-04-15-新赣江-2025年年度报告.pdf ===
【模块一】
[
  {
    "JZRQ": "2025-12-31",
    "JBMGSY": "0.21",
    "XSMGSY": "",
    "JBMGSYKC": "",
    "XSMGSYKC": "",
    "JLRJZCSYLJQ": "3.06",
    "KCHJLRJZCSYLJQ": "2.08",
    "PTGJZCSYLJQ": "",
    "KCPTGJZCSYLJQ": "",
    "YYZSR": "",
    "YYZSRTBZZ": "",
    "YYSR": "141034848.68",
    "YYSRTBZZ": "-8.28",
    "YYSRKCJE": "",
    "KCHYYSR": "",
    "KCHYYSRTBZZ": "",
    "JLRHJ": "",
    "JLRHJTBZZ": "",
    "JLR": "14594450.37",
    "JLRTBZZ": "-34.88",
    "FJCXSY": "4674963.58",
    "KCFJYXSYHDJLR": "9919486.79",
    "KCFJYXSYHDJLRTBZZ": "-9.10",
    "PTGJLR": "",
    "PTGJLRTBZZ": "",
    "KCFJCXSYHPTGJLR": "",
    "KCFJCXSYHPTGJLRTBZZ": "",
    "JYXJLLJE": "21102892.54",
    "MGJYXJLLJE": "",
    "ZCZE": "574139268.15",
    "GDQY": "481158701.73",
    "MGJZCPL": "6.79",
    "PTGMGJZC": "",
    "GJKJZEJLR": "",
    "GJKJZZJC": ""
  },
  {
    "JZRQ": "2024-12-31",
    "JBMGSY": "0.32",
    "XSMGSY": "",
    "JBMGSYKC": "",
    "XSMGSYKC": "",
    "JLRJZCSYLJQ": "4.71",
    "KCHJLRJZCSYLJQ": "2.29",
    "PTGJZCSYLJQ": "",
    "KCPTGJZCSYLJQ": "",
    "YYZSR": "",
    "YYZSRTBZZ": "",
    "YYSR": "153763382.65",
    "YYSRTBZZ": "-28.97",
    "YYSRKCJE": "",
    "KCHYYSR": "",
    "KCHYYSRTBZZ": "",
    "JLRHJ": "",
    "JLRHJTBZZ": "",
    "JLR": "22410984.75",
    "JLRTBZZ": "",
    "FJCXSY": "11498880.37",
    "KCFJYXSYHDJLR": "10912104.38",
    "KCFJYXSYHDJLRTBZZ": "",
    "PTGJLR": "",
    "PTGJLRTBZZ": "",
    "KCFJCXSYHPTGJLR": "",
    "KCFJCXSYHPTGJLRTBZZ": "",
    "JYXJLLJE": "46103728.85",
    "MGJYXJLLJE": "",
    "ZCZE": "554443804.35",
    "GDQY": "473928501.53",
    "MGJZCPL": "6.69",
    "PTGMGJZC": "",
    "GJKJZEJLR": "",
    "GJKJZZJC": ""
  },
  {
    "JZRQ": "2023-12-31",
    "JBMGSY": "0.68",
    "XSMGSY": "",
    "JBMGSYKC": "",
    "XSMGSYKC": "",
    "JLRJZCSYLJQ": "10.70",
    "KCHJLRJZCSYLJQ": "8.82",
    "PTGJZCSYLJQ": "",
    "KCPTGJZCSYLJQ": "",
    "YYZSR": "",
    "YYZSRTBZZ": "",
    "YYSR": "216483936.65",
    "YYSRTBZZ": "2.53",
    "YYSRKCJE": "",
    "KCHYYSR": "",
    "KCHYYSRTBZZ": "",
    "JLRHJ": "",
    "JLRHJTBZZ": "",
    "JLR": "45565550.51",
    "JLRTBZZ": "",
    "FJCXSY": "8008658.69",
    "KCFJYXSYHDJLR": "37556891.83",
    "KCFJYXSYHDJLRTBZZ": "",
    "PTGJLR": "",
    "PTGJLRTBZZ": "",
    "KCFJCXSYHPTGJLR": "",
    "KCFJCXSYHPTGJLRTBZZ": "",
    "JYXJLLJE": "40429251.96",
    "MGJYXJLLJE": "",
    "ZCZE": "521932618.59",
    "GDQY": "470584914.14",
    "MGJZCPL": "6.64",
    "PTGMGJZC": "",
    "GJKJZEJLR": "",
    "GJKJZZJC": ""
  }
]

【模块二】
[
  {
    "JZRQ": "2025-12-31",
    "JBMGSY": "0.21",
    "XSMGSY": "0.21",
    "JBMGSYKC": "0.14",
    "XSMGSYKC": "0.14",
    "PTGJZCSYLJQ": "3.06",
    "KCPTGJZCSYLJQ": "2.08"
  }
]

=== 920526-2026-04-15-凯华材料-2025年年度报告.pdf ===
【模块一】
[
  {
    "JZRQ": "2025-12-31",
    "JBMGSY": "0.17",
    "XSMGSY": "",
    "JBMGSYKC": "",
    "XSMGSYKC": "",
    "JLRJZCSYLJQ": "6.40",
    "KCHJLRJZCSYLJQ": "6.19",
    "PTGJZCSYLJQ": "",
    "KCPTGJZCSYLJQ": "",
    "YYZSR": "",
    "YYZSRTBZZ": "",
    "YYSR": "114688239.18",
    "YYSRTBZZ": "-0.29",
    "YYSRKCJE": "",
    "KCHYYSR": "",
    "KCHYYSRTBZZ": "",
    "JLRHJ": "",
    "JLRHJTBZZ": "",
    "JLR": "14408588.19",
    "JLRTBZZ": "-38.23",
    "FJCXSY": "460834.00",
    "KCFJYXSYHDJLR": "13947754.19",
    "KCFJYXSYHDJLRTBZZ": "-9.51",
    "PTGJLR": "",
    "PTGJLRTBZZ": "",
    "KCFJCXSYHPTGJLR": "",
    "KCFJCXSYHPTGJLRTBZZ": "",
    "JYXJLLJE": "15350162.09",
    "MGJYXJLLJE": "",
    "ZCZE": "261372380.15",
    "GDQY": "228928288.02",
    "MGJZCPL": "2.77",
    "PTGMGJZC": "",
    "GJKJZEJLR": "",
    "GJKJZZJZC": ""
  },
  {
    "JZRQ": "2024-12-31",
    "JBMGSY": "0.28",
    "XSMGSY": "",
    "JBMGSYKC": "",
    "XSMGSYKC": "",
    "JLRJZCSYLJQ": "10.87",
    "KCHJLRJZCSYLJQ": "7.18",
    "PTGJZCSYLJQ": "",
    "KCPTGJZCSYLJQ": "",
    "YYZSR": "",
    "YYZSRTBZZ": "",
    "YYSR": "115027469.10",
    "YYSRTBZZ": "",
    "YYSRKCJE": "",
    "KCHYYSR": "",
    "KCHYYSRTBZZ": "",
    "JLRHJ": "",
    "JLRHJTBZZ": "",
    "JLR": "23326186.73",
    "JLRTBZZ": "",
    "FJCXSY": "7912307.15",
    "KCFJYXSYHDJLR": "15413879.58",
    "KCFJYXSYHDJLRTBZZ": "",
    "PTGJLR": "",
    "PTGJLRTBZZ": "",
    "KCFJCXSYHPTGJLR": "",
    "KCFJCXSYHPTGJLRTBZZ": "",
    "JYXJLLJE": "20889836.88",
    "MGJYXJLLJE": "",
    "ZCZE": "250787830.80",
    "GDQY": "222789699.83",
    "MGJZCPL": "2.69",
    "PTGMGJZC": "",
    "GJKJZEJLR": "",
    "GJKJZZJZC": ""
  },
  {
    "JZRQ": "2023-12-31",
    "JBMGSY": "0.20",
    "XSMGSY": "",
    "JBMGSYKC": "",
    "XSMGSYKC": "",
    "JLRJZCSYLJQ": "8.12",
    "KCHJLRJZCSYLJQ": "7.81",
    "PTGJZCSYLJQ": "",
    "KCPTGJZCSYLJQ": "",
    "YYZSR": "",
    "YYZSRTBZZ": "",
    "YYSR": "104628386.52",
    "YYSRTBZZ": "",
    "YYSRKCJE": "",
    "KCHYYSR": "",
    "KCHYYSRTBZZ": "",
    "JLRHJ": "",
    "JLRHJTBZZ": "",
    "JLR": "16271072.67",
    "JLRTBZZ": "",
    "FJCXSY": "624479.45",
    "KCFJYXSYHDJLR": "15646593.22",
    "KCFJYXSYHDJLRTBZZ": "",
    "PTGJLR": "",
    "PTGJLRTBZZ": "",
    "KCFJCXSYHPTGJLR": "",
    "KCFJCXSYHPTGJLRTBZZ": "",
    "JYXJLLJE": "15791822.11",
    "MGJYXJLLJE": "",
    "ZCZE": "223706145.42",
    "GDQY": "207733513.10",
    "MGJZCPL": "2.51",
    "PTGMGJZC": "",
    "GJKJZEJLR": "",
    "GJKJZZJZC": ""
  }
]

【模块二】
[
  {
    "JZRQ": "2025-12-31",
    "JBMGSY": "0.17",
    "XSMGSY": "0.17",
    "JBMGSYKC": "0.17",
    "XSMGSYKC": "0.17",
    "PTGJZCSYLJQ": "6.40",
    "KCPTGJZCSYLJQ": "6.19"
  }
]

=== 920693-2026-04-15-阿为特-2025年年度报告.pdf ===
【模块一】
[
  {
    "JZRQ": "2025-12-31",
    "JBMGSY": "0.05",
    "XSMGSY": "",
    "JBMGSYKC": "",
    "XSMGSYKC": "",
    "JLRJZCSYLJQ": "1.07",
    "KCHJLRJZCSYLJQ": "0.56",
    "PTGJZCSYLJQ": "",
    "KCPTGJZCSYLJQ": "",
    "YYZSR": "",
    "YYZSRTBZZ": "",
    "YYSR": "292344753.74",
    "YYSRTBZZ": "18.42",
    "YYSRKCJE": "",
    "KCHYYSR": "",
    "KCHYYSRTBZZ": "",
    "JLRHJ": "",
    "JLRHJTBZZ": "",
    "JLR": "3726917.09",
    "JLRTBZZ": "-78.29",
    "FJCXSY": "1792361.29",
    "KCFJYXSYHDJLR": "1934555.80",
    "KCFJYXSYHDJLRTBZZ": "-86.67",
    "PTGJLR": "",
    "PTGJLRTBZZ": "",
    "KCFJCXSYHPTGJLR": "",
    "KCFJCXSYHPTGJLRTBZZ": "",
    "JYXJLLJE": "54062625.91",
    "MGJYXJLLJE": "",
    "ZCZE": "478485016.49",
    "GDQY": "350515297.93",
    "MGJZCPL": "4.82",
    "PTGMGJZC": "",
    "GJKJZEJLR": "",
    "GJKJZZJZC": ""
  },
  {
    "JZRQ": "2024-12-31",
    "JBMGSY": "0.24",
    "XSMGSY": "",
    "JBMGSYKC": "",
    "XSMGSYKC": "",
    "JLRJZCSYLJQ": "5.04",
    "KCHJLRJZCSYLJQ": "4.26",
    "PTGJZCSYLJQ": "",
    "KCPTGJZCSYLJQ": "",
    "YYZSR": "",
    "YYZSRTBZZ": "",
    "YYSR": "246879870.49",
    "YYSRTBZZ": "",
    "YYSRKCJE": "",
    "KCHYYSR": "",
    "KCHYYSRTBZZ": "",
    "JLRHJ": "",
    "JLRHJTBZZ": "",
    "JLR": "17166856.46",
    "JLRTBZZ": "",
    "FJCXSY": "2653596.94",
    "KCFJYXSYHDJLR": "14513259.52",
    "KCFJYXSYHDJLRTBZZ": "",
    "PTGJLR": "",
    "PTGJLRTBZZ": "",
    "KCFJCXSYHPTGJLR": "",
    "KCFJCXSYHPTGJLRTBZZ": "",
    "JYXJLLJE": "17800858.29",
    "MGJYXJLLJE": "",
    "ZCZE": "453623059.23",
    "GDQY": "348894786.30",
    "MGJZCPL": "4.80",
    "PTGMGJZC": "",
    "GJKJZEJLR": "",
    "GJKJZZJZC": ""
  },
  {
    "JZRQ": "2023-12-31",
    "JBMGSY": "0.36",
    "XSMGSY": "",
    "JBMGSYKC": "",
    "XSMGSYKC": "",
    "JLRJZCSYLJQ": "7.84",
    "KCHJLRJZCSYLJQ": "6.59",
    "PTGJZCSYLJQ": "",
    "KCPTGJZCSYLJQ": "",
    "YYZSR": "",
    "YYZSRTBZZ": "",
    "YYSR": "207384721.35",
    "YYSRTBZZ": "",
    "YYSRKCJE": "",
    "KCHYYSR": "",
    "KCHYYSRTBZZ": "",
    "JLRHJ": "",
    "JLRHJTBZZ": "",
    "JLR": "22954231.93",
    "JLRTBZZ": "",
    "FJCXSY": "3658924.72",
    "KCFJYXSYHDJLR": "19295307.21",
    "KCFJYXSYHDJLRTBZZ": "",
    "PTGJLR": "",
    "PTGJLRTBZZ": "",
    "KCFJCXSYHPTGJLR": "",
    "KCFJCXSYHPTGJLRTBZZ": "",
    "JYXJLLJE": "54723893.23",
    "MGJYXJLLJE": "",
    "ZCZE": "407240317.35",
    "GDQY": "332986461.97",
    "MGJZCPL": "4.58",
    "PTGMGJZC": "",
    "GJKJZEJLR": "",
    "GJKJZZJZC": ""
  }
]

【模块二】
[
  {
    "JZRQ": "2025-12-31",
    "JBMGSY": "0.05",
    "XSMGSY": "0.05",
    "JBMGSYKC": "0.03",
    "XSMGSYKC": "0.03",
    "PTGJZCSYLJQ": "1.07",
    "KCPTGJZCSYLJQ": "0.56"
  }
]

=== 920689-2026-04-15-克莱特-2025年年度报告.pdf ===
【模块一】
[
  {
    "JZRQ": "2025-12-31",
    "JBMGSY": "0.75",
    "XSMGSY": "",
    "JBMGSYKC": "",
    "XSMGSYKC": "",
    "JLRJZCSYLJQ": "11.53",
    "KCHJLRJZCSYLJQ": "10.94",
    "PTGJZCSYLJQ": "",
    "KCPTGJZCSYLJQ": "",
    "YYZSR": "",
    "YYZSRTBZZ": "",
    "YYSR": "586707595.34",
    "YYSRTBZZ": "10.97",
    "YYSRKCJE": "",
    "KCHYYSR": "",
    "KCHYYSRTBZZ": "",
    "JLRHJ": "",
    "JLRHJTBZZ": "",
    "JLR": "55093315.36",
    "JLRTBZZ": "0.80",
    "FJCXSY": "2826743.93",
    "KCFJYXSYHDJLR": "52266571.43",
    "KCFJYXSYHDJLRTBZZ": "0.86",
    "PTGJLR": "",
    "PTGJLRTBZZ": "",
    "KCFJCXSYHPTGJLR": "",
    "KCFJCXSYHPTGJLRTBZZ": "",
    "JYXJLLJE": "54649272.20",
    "MGJYXJLLJE": "",
    "ZCZE": "863962419.28",
    "GDQY": "493136773.35",
    "MGJZCPL": "6.72",
    "PTGMGJZC": "",
    "GJKJZEJLR": "",
    "GJKJZZJZC": ""
  },
  {
    "JZRQ": "2024-12-31",
    "JBMGSY": "0.7446",
    "XSMGSY": "",
    "JBMGSYKC": "",
    "XSMGSYKC": "",
    "JLRJZCSYLJQ": "12.03",
    "KCHJLRJZCSYLJQ": "11.40",
    "PTGJZCSYLJQ": "",
    "KCPTGJZCSYLJQ": "",
    "YYZSR": "",
    "YYZSRTBZZ": "",
    "YYSR": "528730342.10",
    "YYSRTBZZ": "",
    "YYSRKCJE": "",
    "KCHYYSR": "",
    "KCHYYSRTBZZ": "",
    "JLRHJ": "",
    "JLRHJTBZZ": "",
    "JLR": "54655421.93",
    "JLRTBZZ": "",
    "FJCXSY": "2833043.46",
    "KCFJYXSYHDJLR": "51822378.47",
    "KCFJYXSYHDJLRTBZZ": "",
    "PTGJLR": "",
    "PTGJLRTBZZ": "",
    "KCFJCXSYHPTGJLR": "",
    "KCFJCXSYHPTGJLRTBZZ": "",
    "JYXJLLJE": "92924855.63",
    "MGJYXJLLJE": "",
    "ZCZE": "788872877.41",
    "GDQY": "466444202.84",
    "MGJZCPL": "6.35",
    "PTGMGJZC": "",
    "GJKJZEJLR": "",
    "GJKJZZJZC": ""
  },
  {
    "JZRQ": "2023-12-31",
    "JBMGSY": "0.8252",
    "XSMGSY": "",
    "JBMGSYKC": "",
    "XSMGSYKC": "",
    "JLRJZCSYLJQ": "14.13",
    "KCHJLRJZCSYLJQ": "12.91",
    "PTGJZCSYLJQ": "",
    "KCPTGJZCSYLJQ": "",
    "YYZSR": "",
    "YYZSRTBZZ": "",
    "YYSR": "508099652.81",
    "YYSRTBZZ": "",
    "YYSRKCJE": "",
    "KCHYYSR": "",
    "KCHYYSRTBZZ": "",
    "JLRHJ": "",
    "JLRHJTBZZ": "",
    "JLR": "60569147.15",
    "JLRTBZZ": "",
    "FJCXSY": "5225761.90",
    "KCFJYXSYHDJLR": "55343385.25",
    "KCFJYXSYHDJLRTBZZ": "",
    "PTGJLR": "",
    "PTGJLRTBZZ": "",
    "KCFJCXSYHPTGJLR": "",
    "KCFJCXSYHPTGJLRTBZZ": "",
    "JYXJLLJE": "31465441.24",
    "MGJYXJLLJE": "",
    "ZCZE": "697038272.88",
    "GDQY": "449797585.18",
    "MGJZCPL": "6.13",
    "PTGMGJZC": "",
    "GJKJZEJLR": "",
    "GJKJZZJZC": ""
  }
]

【模块二】
[
  {
    "JZRQ": "2025-12-31",
    "JBMGSY": "0.75",
    "XSMGSY": "0.75",
    "JBMGSYKC": "0.71",
    "XSMGSYKC": "0.71",
    "PTGJZCSYLJQ": "11.53",
    "KCPTGJZCSYLJQ": "10.94"
  }
]

=== 920768-2026-04-15-拾比佰-2025年年度报告.pdf ===
【模块一】
[
  {
    "JZRQ": "2025-12-31",
    "JBMGSY": "0.49",
    "XSMGSY": "",
    "JBMGSYKC": "",
    "XSMGSYKC": "",
    "JLRJZCSYLJQ": "7.94",
    "KCHJLRJZCSYLJQ": "7.80",
    "PTGJZCSYLJQ": "",
    "KCPTGJZCSYLJQ": "",
    "YYZSR": "",
    "YYZSRTBZZ": "",
    "YYSR": "1825720059.91",
    "YYSRTBZZ": "12.21",
    "YYSRKCJE": "",
    "KCHYYSR": "",
    "KCHYYSRTBZZ": "",
    "JLRHJ": "",
    "JLRHJTBZZ": "",
    "JLR": "54014281.33",
    "JLRTBZZ": "1569.76",
    "FJCXSY": "952270.17",
    "KCFJYXSYHDJLR": "53062011.16",
    "KCFJYXSYHDJLRTBZZ": "1170.46",
    "PTGJLR": "",
    "PTGJLRTBZZ": "",
    "KCFJCXSYHPTGJLR": "",
    "KCFJCXSYHPTGJLRTBZZ": "",
    "JYXJLLJE": "95935017.07",
    "MGJYXJLLJE": "",
    "ZCZE": "1495442096.90",
    "GDQY": "707050231.08",
    "MGJZCPL": "6.37",
    "PTGMGJZC": "",
    "GJKJZEJLR": "",
    "GJKJZZJZC": ""
  },
  {
    "JZRQ": "2024-12-31",
    "JBMGSY": "-0.03",
    "XSMGSY": "",
    "JBMGSYKC": "",
    "XSMGSYKC": "",
    "JLRJZCSYLJQ": "-0.56",
    "KCHJLRJZCSYLJQ": "-0.76",
    "PTGJZCSYLJQ": "",
    "KCPTGJZCSYLJQ": "",
    "YYZSR": "",
    "YYZSRTBZZ": "",
    "YYSR": "1627042617.95",
    "YYSRTBZZ": "",
    "YYSRKCJE": "",
    "KCHYYSR": "",
    "KCHYYSRTBZZ": "",
    "JLRHJ": "",
    "JLRHJTBZZ": "",
    "JLR": "-3675045.78",
    "JLRTBZZ": "",
    "FJCXSY": "1281888.99",
    "KCFJYXSYHDJLR": "-4956934.77",
    "KCFJYXSYHDJLRTBZZ": "",
    "PTGJLR": "",
    "PTGJLRTBZZ": "",
    "KCFJCXSYHPTGJLR": "",
    "KCFJCXSYHPTGJLRTBZZ": "",
    "JYXJLLJE": "-13178267.38",
    "MGJYXJLLJE": "",
    "ZCZE": "1335218410.83",
    "GDQY": "653035949.75",
    "MGJZCPL": "5.88",
    "PTGMGJZC": "",
    "GJKJZEJLR": "",
    "GJKJZZJZC": ""
  },
  {
    "JZRQ": "2023-12-31",
    "JBMGSY": "-0.36",
    "XSMGSY": "",
    "JBMGSYKC": "",
    "XSMGSYKC": "",
    "JLRJZCSYLJQ": "-5.83",
    "KCHJLRJZCSYLJQ": "-6.01",
    "PTGJZCSYLJQ": "",
    "KCPTGJZCSYLJQ": "",
    "YYZSR": "",
    "YYZSRTBZZ": "",
    "YYSR": "1135890917.63",
    "YYSRTBZZ": "",
    "YYSRKCJE": "",
    "KCHYYSR": "",
    "KCHYYSRTBZZ": "",
    "JLRHJ": "",
    "JLRHJTBZZ": "",
    "JLR": "-39555815.53",
    "JLRTBZZ": "",
    "FJCXSY": "1210865.56",
    "KCFJYXSYHDJLR": "-40766681.09",
    "KCFJYXSYHDJLRTBZZ": "",
    "PTGJLR": "",
    "PTGJLRTBZZ": "",
    "KCFJCXSYHPTGJLR": "",
    "KCFJCXSYHPTGJLRTBZZ": "",
    "JYXJLLJE": "-95563967.16",
    "MGJYXJLLJE": "",
    "ZCZE": "1223451673.40",
    "GDQY": "656710995.53",
    "MGJZCPL": "5.92",
    "PTGMGJZC": "",
    "GJKJZEJLR": "",
    "GJKJZZJZC": ""
  }
]

【模块二】
[
  {
    "JZRQ": "2025-12-31",
    "JBMGSY": "0.49",
    "XSMGSY": "0.49",
    "JBMGSYKC": "0.48",
    "XSMGSYKC": "0.48",
    "PTGJZCSYLJQ": "7.94",
    "KCPTGJZCSYLJQ": "7.80"
  },
  {
    "JZRQ": "2024-12-31",
    "JBMGSY": "-0.03",
    "XSMGSY": "-0.03",
    "JBMGSYKC": "-0.04",
    "XSMGSYKC": "-0.04",
    "PTGJZCSYLJQ": "-0.56",
    "KCPTGJZCSYLJQ": "-0.76"
  }
]
