
=== 000027-2026-04-17-深圳能源-2025年年度报告.pdf ===
【模块一】
[
  {
    "JZRQ": "2025-12-31",
    "JBMGSY": "0.31",
    "XSMGSY": "0.31",
    "JBMGSYKC": "",
    "XSMGSYKC": "",
    "JLRJZCSYLJQ": "4.66",
    "KCHJLRJZCSYLJQ": "",
    "PTGJZCSYLJQ": "",
    "KCPTGJZCSYLJQ": "",
    "YYZSR": "",
    "YYZSRTBZZ": "",
    "YYSR": "43429622180.48",
    "YYSRTBZZ": "5.38",
    "YYSRKCJE": "",
    "KCHYYSR": "",
    "KCHYYSRTBZZ": "",
    "JLRHJ": "",
    "JLRHJTBZZ": "",
    "JLR": "2103342043.54",
    "JLRTBZZ": "4.90",
    "FJCXSY": "230629490.92",
    "KCFJYXSYHDJLR": "1872712552.62",
    "KCFJYXSYHDJLRTBZZ": "11.03",
    "PTGJLR": "",
    "PTGJLRTBZZ": "",
    "KCFJCXSYHPTGJLR": "",
    "KCFJCXSYHPTGJLRTBZZ": "",
    "JYXJLLJE": "11817010849.29",
    "MGJYXJLLJE": "",
    "ZCZE": "171946254277.20",
    "GDQY": "50329404718.02",
    "MGJZCPL": "6.90",
    "PTGMGJZC": "",
    "GJKJZEJLR": "",
    "GJKJZZJZC": ""
  },
  {
    "JZRQ": "2024-12-31",
    "JBMGSY": "0.28",
    "XSMGSY": "0.28",
    "JBMGSYKC": "",
    "XSMGSYKC": "",
    "JLRJZCSYLJQ": "4.47",
    "KCHJLRJZCSYLJQ": "",
    "PTGJZCSYLJQ": "",
    "KCPTGJZCSYLJQ": "",
    "YYZSR": "",
    "YYZSRTBZZ": "",
    "YYSR": "41213608804.88",
    "YYSRTBZZ": "",
    "YYSRKCJE": "",
    "KCHYYSR": "",
    "KCHYYSRTBZZ": "",
    "JLRHJ": "",
    "JLRHJTBZZ": "",
    "JLR": "2005148708.38",
    "JLRTBZZ": "",
    "FJCXSY": "318482708.81",
    "KCFJYXSYHDJLR": "1686665999.57",
    "KCFJYXSYHDJLRTBZZ": "",
    "PTGJLR": "",
    "PTGJLRTBZZ": "",
    "KCFJCXSYHPTGJLR": "",
    "KCFJCXSYHPTGJLRTBZZ": "",
    "JYXJLLJE": "9611803315.56",
    "MGJYXJLLJE": "",
    "ZCZE": "161370866988.46",
    "GDQY": "48415711184.88",
    "MGJZCPL": "6.50",
    "PTGMGJZC": "",
    "GJKJZEJLR": "",
    "GJKJZZJZC": ""
  },
  {
    "JZRQ": "2023-12-31",
    "JBMGSY": "0.2700",
    "XSMGSY": "0.2700",
    "JBMGSYKC": "",
    "XSMGSYKC": "",
    "JLRJZCSYLJQ": "4.52",
    "KCHJLRJZCSYLJQ": "",
    "PTGJZCSYLJQ": "",
    "KCPTGJZCSYLJQ": "",
    "YYZSR": "",
    "YYZSRTBZZ": "",
    "YYSR": "40504495415.84",
    "YYSRTBZZ": "",
    "YYSRKCJE": "",
    "KCHYYSR": "",
    "KCHYYSRTBZZ": "",
    "JLRHJ": "",
    "JLRHJTBZZ": "",
    "JLR": "2045935089.00",
    "JLRTBZZ": "",
    "FJCXSY": "-116669801.10",
    "KCFJYXSYHDJLR": "2162604890.10",
    "KCFJYXSYHDJLRTBZZ": "",
    "PTGJLR": "",
    "PTGJLRTBZZ": "",
    "KCFJCXSYHPTGJLR": "",
    "KCFJCXSYHPTGJLRTBZZ": "",
    "JYXJLLJE": "11929946803.92",
    "MGJYXJLLJE": "",
    "ZCZE": "153459468291.52",
    "GDQY": "46716611042.08",
    "MGJZCPL": "6.14",
    "PTGMGJZC": "",
    "GJKJZEJLR": "",
    "GJKJZZJZC": ""
  }
]

【模块二】
[
  {
    "JZRQ": "2025-12-31",
    "JBMGSY": "0.31",
    "XSMGSY": "0.31",
    "JBMGSYKC": "0.26",
    "XSMGSYKC": "0.26",
    "PTGJZCSYLJQ": "4.66",
    "KCPTGJZCSYLJQ": "3.93"
  }
]

=== 000151-2026-04-17-中成股份-2025年年度报告.pdf ===
【模块一】
[
  {
    "JZRQ": "2025-12-31",
    "JBMGSY": "1.07",
    "XSMGSY": "1.07",
    "JBMGSYKC": "",
    "XSMGSYKC": "",
    "JLRJZCSYLJQ": "65.49",
    "KCHJLRJZCSYLJQ": "",
    "PTGJZCSYLJQ": "",
    "KCPTGJZCSYLJQ": "",
    "YYZSR": "",
    "YYZSRTBZZ": "",
    "YYSR": "1129409272.70",
    "YYSRTBZZ": "-7.90",
    "YYSRKCJE": "3375851.46",
    "KCHYYSR": "1126033421.24",
    "KCHYYSRTBZZ": "",
    "JLRHJ": "",
    "JLRHJTBZZ": "",
    "JLR": "359573390.29",
    "JLRTBZZ": "217.68",
    "FJCXSY": "417014221.70",
    "KCFJYXSYHDJLR": "-57440831.41",
    "KCFJYXSYHDJLRTBZZ": "81.01",
    "PTGJLR": "",
    "PTGJLRTBZZ": "",
    "KCFJCXSYHPTGJLR": "",
    "KCFJCXSYHPTGJLRTBZZ": "",
    "JYXJLLJE": "-248826771.00",
    "MGJYXJLLJE": "",
    "ZCZE": "2252018932.22",
    "GDQY": "719801150.24",
    "MGJZCPL": "",
    "PTGMGJZC": "",
    "GJKJZEJLR": "",
    "GJKJZZJZC": ""
  },
  {
    "JZRQ": "2024-12-31",
    "JBMGSY": "-0.9057",
    "XSMGSY": "-0.9057",
    "JBMGSYKC": "",
    "XSMGSYKC": "",
    "JLRJZCSYLJQ": "-59.13",
    "KCHJLRJZCSYLJQ": "",
    "PTGJZCSYLJQ": "",
    "KCPTGJZCSYLJQ": "",
    "YYZSR": "",
    "YYZSRTBZZ": "",
    "YYSR": "1226342450.19",
    "YYSRTBZZ": "",
    "YYSRKCJE": "3376932.66",
    "KCHYYSR": "1222965517.53",
    "KCHYYSRTBZZ": "",
    "JLRHJ": "",
    "JLRHJTBZZ": "",
    "JLR": "-305544211.46",
    "JLRTBZZ": "",
    "FJCXSY": "-3111864.29",
    "KCFJYXSYHDJLR": "-302432347.17",
    "KCFJYXSYHDJLRTBZZ": "",
    "PTGJLR": "",
    "PTGJLRTBZZ": "",
    "KCFJCXSYHPTGJLR": "",
    "KCFJCXSYHPTGJLRTBZZ": "",
    "JYXJLLJE": "-15434233.58",
    "MGJYXJLLJE": "",
    "ZCZE": "2349431779.83",
    "GDQY": "370041081.38",
    "MGJZCPL": "",
    "PTGMGJZC": "",
    "GJKJZEJLR": "",
    "GJKJZZJZC": ""
  },
  {
    "JZRQ": "2023-12-31",
    "JBMGSY": "-0.7785",
    "XSMGSY": "-0.7785",
    "JBMGSYKC": "",
    "XSMGSYKC": "",
    "JLRJZCSYLJQ": "-40.37",
    "KCHJLRJZCSYLJQ": "",
    "PTGJZCSYLJQ": "",
    "KCPTGJZCSYLJQ": "",
    "YYZSR": "",
    "YYZSRTBZZ": "",
    "YYSR": "3067328627.17",
    "YYSRTBZZ": "",
    "YYSRKCJE": "",
    "KCHYYSR": "",
    "KCHYYSRTBZZ": "",
    "JLRHJ": "",
    "JLRHJTBZZ": "",
    "JLR": "-262659022.14",
    "JLRTBZZ": "",
    "FJCXSY": "54619426.17",
    "KCFJYXSYHDJLR": "-317278448.31",
    "KCFJYXSYHDJLRTBZZ": "",
    "PTGJLR": "",
    "PTGJLRTBZZ": "",
    "KCFJCXSYHPTGJLR": "",
    "KCFJCXSYHPTGJLRTBZZ": "",
    "JYXJLLJE": "599459359.85",
    "MGJYXJLLJE": "",
    "ZCZE": "3301727453.14",
    "GDQY": "663479141.52",
    "MGJZCPL": "",
    "PTGMGJZC": "",
    "GJKJZEJLR": "",
    "GJKJZZJZC": ""
  }
]

【模块二】
[
  {
    "JZRQ": "2025-12-31",
    "JBMGSY": "1.07",
    "XSMGSY": "1.07",
    "JBMGSYKC": "-0.17",
    "XSMGSYKC": "-0.17",
    "PTGJZCSYLJQ": "65.49",
    "KCPTGJZCSYLJQ": "-10.46"
  }
]

=== 000541-2026-04-17-佛山照明-2025年年度报告.pdf ===
【模块一】
[
  {
    "JZRQ": "2025-12-31",
    "JBMGSY": "0.1399",
    "XSMGSY": "0.1398",
    "JBMGSYKC": "",
    "XSMGSYKC": "",
    "JLRJZCSYLJQ": "3.21",
    "KCHJLRJZCSYLJQ": "",
    "PTGJZCSYLJQ": "",
    "KCPTGJZCSYLJQ": "",
    "YYZSR": "",
    "YYZSRTBZZ": "",
    "YYSR": "8796808970.58",
    "YYSRTBZZ": "-2.78",
    "YYSRKCJE": "",
    "KCHYYSR": "",
    "KCHYYSRTBZZ": "",
    "JLRHJ": "",
    "JLRHJTBZZ": "",
    "JLR": "214845871.24",
    "JLRTBZZ": "-51.85",
    "FJCXSY": "130942230.55",
    "KCFJYXSYHDJLR": "83903640.69",
    "KCFJYXSYHDJLRTBZZ": "-14.17",
    "PTGJLR": "",
    "PTGJLRTBZZ": "",
    "KCFJCXSYHPTGJLR": "",
    "KCFJCXSYHPTGJLRTBZZ": "",
    "JYXJLLJE": "297149393.01",
    "MGJYXJLLJE": "",
    "ZCZE": "17167245635.67",
    "GDQY": "6834820501.84",
    "MGJZCPL": "",
    "PTGMGJZC": "",
    "GJKJZEJLR": "",
    "GJKJZZJZC": ""
  },
  {
    "JZRQ": "2024-12-31",
    "JBMGSY": "0.2905",
    "XSMGSY": "0.2881",
    "JBMGSYKC": "",
    "XSMGSYKC": "",
    "JLRJZCSYLJQ": "6.94",
    "KCHJLRJZCSYLJQ": "",
    "PTGJZCSYLJQ": "",
    "KCPTGJZCSYLJQ": "",
    "YYZSR": "",
    "YYZSRTBZZ": "",
    "YYSR": "9048237647.14",
    "YYSRTBZZ": "",
    "YYSRKCJE": "",
    "KCHYYSR": "",
    "KCHYYSRTBZZ": "",
    "JLRHJ": "",
    "JLRHJTBZZ": "",
    "JLR": "446184021.97",
    "JLRTBZZ": "",
    "FJCXSY": "348430714.74",
    "KCFJYXSYHDJLR": "97753307.23",
    "KCFJYXSYHDJLRTBZZ": "",
    "PTGJLR": "",
    "PTGJLRTBZZ": "",
    "KCFJCXSYHPTGJLR": "",
    "KCFJCXSYHPTGJLRTBZZ": "",
    "JYXJLLJE": "598115335.88",
    "MGJYXJLLJE": "",
    "ZCZE": "17159763456.64",
    "GDQY": "6574304305.27",
    "MGJZCPL": "",
    "PTGMGJZC": "",
    "GJKJZEJLR": "",
    "GJKJZZJZC": ""
  },
  {
    "JZRQ": "2023-12-31",
    "JBMGSY": "0.2128",
    "XSMGSY": "0.2108",
    "JBMGSYKC": "",
    "XSMGSYKC": "",
    "JLRJZCSYLJQ": "5.51",
    "KCHJLRJZCSYLJQ": "",
    "PTGJZCSYLJQ": "",
    "KCPTGJZCSYLJQ": "",
    "YYZSR": "",
    "YYZSRTBZZ": "",
    "YYSR": "9057292003.90",
    "YYSRTBZZ": "",
    "YYSRKCJE": "",
    "KCHYYSR": "",
    "KCHYYSRTBZZ": "",
    "JLRHJ": "",
    "JLRHJTBZZ": "",
    "JLR": "290357652.22",
    "JLRTBZZ": "",
    "FJCXSY": "15518883.59",
    "KCFJYXSYHDJLR": "274838768.63",
    "KCFJYXSYHDJLRTBZZ": "",
    "PTGJLR": "",
    "PTGJLRTBZZ": "",
    "KCFJCXSYHPTGJLR": "",
    "KCFJCXSYHPTGJLRTBZZ": "",
    "JYXJLLJE": "1174389978.98",
    "MGJYXJLLJE": "",
    "ZCZE": "16934439915.02",
    "GDQY": "6285442808.19",
    "MGJZCPL": "",
    "PTGMGJZC": "",
    "GJKJZEJLR": "",
    "GJKJZZJZC": ""
  }
]

【模块二】
[
  {
    "JZRQ": "2025-12-31",
    "JBMGSY": "0.1399",
    "XSMGSY": "0.1398",
    "JBMGSYKC": "0.0546",
    "XSMGSYKC": "0.0546",
    "PTGJZCSYLJQ": "3.21",
    "KCPTGJZCSYLJQ": "1.25"
  }
]

=== 000532-2026-04-17-华金资本-2025年年度报告.pdf ===
【模块一】
[
  {
    "JZRQ": "2025-12-31",
    "JBMGSY": "0.4741",
    "XSMGSY": "0.4741",
    "JBMGSYKC": "",
    "XSMGSYKC": "",
    "JLRJZCSYLJQ": "10.50",
    "KCHJLRJZCSYLJQ": "",
    "PTGJZCSYLJQ": "",
    "KCPTGJZCSYLJQ": "",
    "YYZSR": "",
    "YYZSRTBZZ": "",
    "YYSR": "494710500.67",
    "YYSRTBZZ": "1.82",
    "YYSRKCJE": "",
    "KCHYYSR": "",
    "KCHYYSRTBZZ": "",
    "JLRHJ": "",
    "JLRHJTBZZ": "",
    "JLR": "163442574.75",
    "JLRTBZZ": "4.41",
    "FJCXSY": "2892296.04",
    "KCFJYXSYHDJLR": "160550278.71",
    "KCFJYXSYHDJLRTBZZ": "7.06",
    "PTGJLR": "",
    "PTGJLRTBZZ": "",
    "KCFJCXSYHPTGJLR": "",
    "KCFJCXSYHPTGJLRTBZZ": "",
    "JYXJLLJE": "174802632.84",
    "MGJYXJLLJE": "",
    "ZCZE": "2319981558.75",
    "GDQY": "1627991994.96",
    "MGJZCPL": "",
    "PTGMGJZC": "",
    "GJKJZEJLR": "",
    "GJKJZZJZC": ""
  },
  {
    "JZRQ": "2024-12-31",
    "JBMGSY": "0.4541",
    "XSMGSY": "0.4541",
    "JBMGSYKC": "",
    "XSMGSYKC": "",
    "JLRJZCSYLJQ": "11.04",
    "KCHJLRJZCSYLJQ": "",
    "PTGJZCSYLJQ": "",
    "KCPTGJZCSYLJQ": "",
    "YYZSR": "",
    "YYZSRTBZZ": "",
    "YYSR": "485864823.94",
    "YYSRTBZZ": "",
    "YYSRKCJE": "",
    "KCHYYSR": "",
    "KCHYYSRTBZZ": "",
    "JLRHJ": "",
    "JLRHJTBZZ": "",
    "JLR": "156536688.43",
    "JLRTBZZ": "",
    "FJCXSY": "6568343.75",
    "KCFJYXSYHDJLR": "149968344.68",
    "KCFJYXSYHDJLRTBZZ": "",
    "PTGJLR": "",
    "PTGJLRTBZZ": "",
    "KCFJCXSYHPTGJLR": "",
    "KCFJCXSYHPTGJLRTBZZ": "",
    "JYXJLLJE": "179011386.27",
    "MGJYXJLLJE": "",
    "ZCZE": "2367476003.93",
    "GDQY": "1485564129.33",
    "MGJZCPL": "",
    "PTGMGJZC": "",
    "GJKJZEJLR": "",
    "GJKJZZJZC": ""
  },
  {
    "JZRQ": "2023-12-31",
    "JBMGSY": "0.2147",
    "XSMGSY": "0.2147",
    "JBMGSYKC": "",
    "XSMGSYKC": "",
    "JLRJZCSYLJQ": "5.59",
    "KCHJLRJZCSYLJQ": "",
    "PTGJZCSYLJQ": "",
    "KCPTGJZCSYLJQ": "",
    "YYZSR": "",
    "YYZSRTBZZ": "",
    "YYSR": "400958114.90",
    "YYSRTBZZ": "",
    "YYSRKCJE": "",
    "KCHYYSR": "",
    "KCHYYSRTBZZ": "",
    "JLRHJ": "",
    "JLRHJTBZZ": "",
    "JLR": "74002913.76",
    "JLRTBZZ": "",
    "FJCXSY": "8341040.04",
    "KCFJYXSYHDJLR": "65661873.72",
    "KCFJYXSYHDJLRTBZZ": "",
    "PTGJLR": "",
    "PTGJLRTBZZ": "",
    "KCFJCXSYHPTGJLR": "",
    "KCFJCXSYHPTGJLRTBZZ": "",
    "JYXJLLJE": "122174966.50",
    "MGJYXJLLJE": "",
    "ZCZE": "2316546741.85",
    "GDQY": "1351115006.48",
    "MGJZCPL": "",
    "PTGMGJZC": "",
    "GJKJZEJLR": "",
    "GJKJZZJZC": ""
  }
]

【模块二】
[
  {
    "JZRQ": "2025-12-31",
    "JBMGSY": "0.4741",
    "XSMGSY": "0.4741",
    "JBMGSYKC": "0.4658",
    "XSMGSYKC": "0.4658",
    "PTGJZCSYLJQ": "10.50",
    "KCPTGJZCSYLJQ": "10.31"
  }
]

=== 000581-2026-04-17-威孚高科-2025年年度报告.pdf ===
【模块一】
[
  {
    "JZRQ": "2025-12-31",
    "JBMGSY": "1.10",
    "XSMGSY": "1.10",
    "JBMGSYKC": "",
    "XSMGSYKC": "",
    "JLRJZCSYLJQ": "5.39",
    "KCHJLRJZCSYLJQ": "",
    "PTGJZCSYLJQ": "",
    "KCPTGJZCSYLJQ": "",
    "YYZSR": "",
    "YYZSRTBZZ": "",
    "YYSR": "12023879058.27",
    "YYSRTBZZ": "7.67",
    "YYSRKCJE": "",
    "KCHYYSR": "",
    "KCHYYSRTBZZ": "",
    "JLRHJ": "",
    "JLRHJTBZZ": "",
    "JLR": "1068167498.05",
    "JLRTBZZ": "-35.63",
    "FJCXSY": "400328274.20",
    "KCFJYXSYHDJLR": "667839223.85",
    "KCFJYXSYHDJLRTBZZ": "-57.71",
    "PTGJLR": "",
    "PTGJLRTBZZ": "",
    "KCFJCXSYHPTGJLR": "",
    "KCFJCXSYHPTGJLRTBZZ": "",
    "JYXJLLJE": "992727022.87",
    "MGJYXJLLJE": "",
    "ZCZE": "29667727447.65",
    "GDQY": "19917552613.16",
    "MGJZCPL": "",
    "PTGMGJZC": "",
    "GJKJZEJLR": "",
    "GJKJZZJZC": ""
  },
  {
    "JZRQ": "2024-12-31",
    "JBMGSY": "1.71",
    "XSMGSY": "1.71",
    "JBMGSYKC": "",
    "XSMGSYKC": "",
    "JLRJZCSYLJQ": "8.47",
    "KCHJLRJZCSYLJQ": "",
    "PTGJZCSYLJQ": "",
    "KCPTGJZCSYLJQ": "",
    "YYZSR": "",
    "YYZSRTBZZ": "",
    "YYSR": "11167263155.85",
    "YYSRTBZZ": "",
    "YYSRKCJE": "",
    "KCHYYSR": "",
    "KCHYYSRTBZZ": "",
    "JLRHJ": "",
    "JLRHJTBZZ": "",
    "JLR": "1659533740.63",
    "JLRTBZZ": "",
    "FJCXSY": "80424264.46",
    "KCFJYXSYHDJLR": "1579109476.17",
    "KCFJYXSYHDJLRTBZZ": "",
    "PTGJLR": "",
    "PTGJLRTBZZ": "",
    "KCFJCXSYHPTGJLR": "",
    "KCFJCXSYHPTGJLRTBZZ": "",
    "JYXJLLJE": "1582332648.74",
    "MGJYXJLLJE": "",
    "ZCZE": "28404900411.22",
    "GDQY": "19840528176.64",
    "MGJZCPL": "",
    "PTGMGJZC": "",
    "GJKJZEJLR": "",
    "GJKJZZJZC": ""
  },
  {
    "JZRQ": "2023-12-31",
    "JBMGSY": "1.88",
    "XSMGSY": "1.88",
    "JBMGSYKC": "",
    "XSMGSYKC": "",
    "JLRJZCSYLJQ": "9.92",
    "KCHJLRJZCSYLJQ": "",
    "PTGJZCSYLJQ": "",
    "KCPTGJZCSYLJQ": "",
    "YYZSR": "",
    "YYZSRTBZZ": "",
    "YYSR": "11093141950.98",
    "YYSRTBZZ": "",
    "YYSRKCJE": "",
    "KCHYYSR": "",
    "KCHYYSRTBZZ": "",
    "JLRHJ": "",
    "JLRHJTBZZ": "",
    "JLR": "1837291259.68",
    "JLRTBZZ": "",
    "FJCXSY": "239970019.82",
    "KCFJYXSYHDJLR": "1597321239.86",
    "KCFJYXSYHDJLRTBZZ": "",
    "PTGJLR": "",
    "PTGJLRTBZZ": "",
    "KCFJCXSYHPTGJLR": "",
    "KCFJCXSYHPTGJLRTBZZ": "",
    "JYXJLLJE": "1626249911.90",
    "MGJYXJLLJE": "",
    "ZCZE": "28081087791.81",
    "GDQY": "19399892671.78",
    "MGJZCPL": "",
    "PTGMGJZC": "",
    "GJKJZEJLR": "",
    "GJKJZZJZC": ""
  }
]

【模块二】
[
  {
    "JZRQ": "2025-12-31",
    "JBMGSY": "1.10",
    "XSMGSY": "1.10",
    "JBMGSYKC": "0.69",
    "XSMGSYKC": "0.69",
    "PTGJZCSYLJQ": "5.39",
    "KCPTGJZCSYLJQ": "3.37"
  }
]

=== 000652-2026-04-17-泰达股份-2025年年度报告.pdf ===
【模块一】
[
  {
    "JZRQ": "2025-12-31",
    "JBMGSY": "-0.1941",
    "XSMGSY": "-0.1941",
    "JBMGSYKC": "",
    "XSMGSYKC": "",
    "JLRJZCSYLJQ": "-5.14",
    "KCHJLRJZCSYLJQ": "",
    "PTGJZCSYLJQ": "",
    "KCPTGJZCSYLJQ": "",
    "YYZSR": "",
    "YYZSRTBZZ": "",
    "YYSR": "17867333108.61",
    "YYSRTBZZ": "-6.29",
    "YYSRKCJE": "54453167.85",
    "KCHYYSR": "17812879940.76",
    "KCHYYSRTBZZ": "",
    "JLRHJ": "",
    "JLRHJTBZZ": "",
    "JLR": "-286113727.16",
    "JLRTBZZ": "-350.74",
    "FJCXSY": "-145753460.80",
    "KCFJYXSYHDJLR": "-140360266.36",
    "KCFJYXSYHDJLRTBZZ": "-616.13",
    "PTGJLR": "",
    "PTGJLRTBZZ": "",
    "KCFJCXSYHPTGJLR": "",
    "KCFJCXSYHPTGJLRTBZZ": "",
    "JYXJLLJE": "-166471264.32",
    "MGJYXJLLJE": "",
    "ZCZE": "43010115397.28",
    "GDQY": "5412629371.90",
    "MGJZCPL": "",
    "PTGMGJZC": "",
    "GJKJZEJLR": "",
    "GJKJZZJZC": ""
  },
  {
    "JZRQ": "2024-12-31",
    "JBMGSY": "0.0773",
    "XSMGSY": "0.0773",
    "JBMGSYKC": "",
    "XSMGSYKC": "",
    "JLRJZCSYLJQ": "2.01",
    "KCHJLRJZCSYLJQ": "",
    "PTGJZCSYLJQ": "",
    "KCPTGJZCSYLJQ": "",
    "YYZSR": "",
    "YYZSRTBZZ": "",
    "YYSR": "19065984414.48",
    "YYSRTBZZ": "",
    "YYSRKCJE": "143315253.87",
    "KCHYYSR": "18922669160.61",
    "KCHYYSRTBZZ": "",
    "JLRHJ": "",
    "JLRHJTBZZ": "",
    "JLR": "114109814.71",
    "JLRTBZZ": "",
    "FJCXSY": "86914872.01",
    "KCFJYXSYHDJLR": "27194942.70",
    "KCFJYXSYHDJLRTBZZ": "",
    "PTGJLR": "",
    "PTGJLRTBZZ": "",
    "KCFJCXSYHPTGJLR": "",
    "KCFJCXSYHPTGJLRTBZZ": "",
    "JYXJLLJE": "-143891608.72",
    "MGJYXJLLJE": "",
    "ZCZE": "45382439119.80",
    "GDQY": "5735527402.92",
    "MGJZCPL": "",
    "PTGMGJZC": "",
    "GJKJZEJLR": "",
    "GJKJZZJZC": ""
  },
  {
    "JZRQ": "2023-12-31",
    "JBMGSY": "0.1239",
    "XSMGSY": "0.1239",
    "JBMGSYKC": "",
    "XSMGSYKC": "",
    "JLRJZCSYLJQ": "3.31",
    "KCHJLRJZCSYLJQ": "",
    "PTGJZCSYLJQ": "",
    "KCPTGJZCSYLJQ": "",
    "YYZSR": "",
    "YYZSRTBZZ": "",
    "YYSR": "21067935417.73",
    "YYSRTBZZ": "",
    "YYSRKCJE": "",
    "KCHYYSR": "",
    "KCHYYSRTBZZ": "",
    "JLRHJ": "",
    "JLRHJTBZZ": "",
    "JLR": "182838149.83",
    "JLRTBZZ": "",
    "FJCXSY": "126315591.07",
    "KCFJYXSYHDJLR": "56522558.76",
    "KCFJYXSYHDJLRTBZZ": "",
    "PTGJLR": "",
    "PTGJLRTBZZ": "",
    "KCFJCXSYHPTGJLR": "",
    "KCFJCXSYHPTGJLRTBZZ": "",
    "JYXJLLJE": "562921594.63",
    "MGJYXJLLJE": "",
    "ZCZE": "41195092863.99",
    "GDQY": "5665334622.39",
    "MGJZCPL": "",
    "PTGMGJZC": "",
    "GJKJZEJLR": "",
    "GJKJZZJZC": ""
  }
]

【模块二】
[
  {
    "JZRQ": "2025-12-31",
    "JBMGSY": "-0.1941",
    "XSMGSY": "-0.1941",
    "JBMGSYKC": "-0.0952",
    "XSMGSYKC": "-0.0952",
    "PTGJZCSYLJQ": "-5.14",
    "KCPTGJZCSYLJQ": "-2.52"
  }
]

=== 000668-2026-04-17-ST荣控-2025年年度报告.pdf ===
【模块一】
[
  {
    "JZRQ": "2025-12-31",
    "JBMGSY": "0.18",
    "XSMGSY": "0.18",
    "JBMGSYKC": "",
    "XSMGSYKC": "",
    "JLRJZCSYLJQ": "3.50",
    "KCHJLRJZCSYLJQ": "",
    "PTGJZCSYLJQ": "",
    "KCPTGJZCSYLJQ": "",
    "YYZSR": "",
    "YYZSRTBZZ": "",
    "YYSR": "406228473.90",
    "YYSRTBZZ": "204.38",
    "YYSRKCJE": "3954996.15",
    "KCHYYSR": "402273477.75",
    "KCHYYSRTBZZ": "",
    "JLRHJ": "",
    "JLRHJTBZZ": "",
    "JLR": "26146847.58",
    "JLRTBZZ": "107.11",
    "FJCXSY": "1122127.88",
    "KCFJYXSYHDJLR": "25024719.70",
    "KCFJYXSYHDJLRTBZZ": "106.63",
    "PTGJLR": "",
    "PTGJLRTBZZ": "",
    "KCFJCXSYHPTGJLR": "",
    "KCFJCXSYHPTGJLRTBZZ": "",
    "JYXJLLJE": "261866253.95",
    "MGJYXJLLJE": "",
    "ZCZE": "1268626339.44",
    "GDQY": "759919643.50",
    "MGJZCPL": "",
    "PTGMGJZC": "",
    "GJKJZEJLR": "",
    "GJKJZZJZC": ""
  },
  {
    "JZRQ": "2024-12-31",
    "JBMGSY": "-2.50",
    "XSMGSY": "-2.50",
    "JBMGSYKC": "",
    "XSMGSYKC": "",
    "JLRJZCSYLJQ": "-40.08",
    "KCHJLRJZCSYLJQ": "",
    "PTGJZCSYLJQ": "",
    "KCPTGJZCSYLJQ": "",
    "YYZSR": "",
    "YYZSRTBZZ": "",
    "YYSR": "133460373.40",
    "YYSRTBZZ": "",
    "YYSRKCJE": "51588490.80",
    "KCHYYSR": "81871882.60",
    "KCHYYSRTBZZ": "",
    "JLRHJ": "",
    "JLRHJTBZZ": "",
    "JLR": "-367775213.90",
    "JLRTBZZ": "",
    "FJCXSY": "9509056.52",
    "KCFJYXSYHDJLR": "-377284270.42",
    "KCFJYXSYHDJLRTBZZ": "",
    "PTGJLR": "",
    "PTGJLRTBZZ": "",
    "KCFJCXSYHPTGJLR": "",
    "KCFJCXSYHPTGJLRTBZZ": "",
    "JYXJLLJE": "14509971.74",
    "MGJYXJLLJE": "",
    "ZCZE": "1377642987.08",
    "GDQY": "733772795.92",
    "MGJZCPL": "",
    "PTGMGJZC": "",
    "GJKJZEJLR": "",
    "GJKJZZJZC": ""
  },
  {
    "JZRQ": "2023-12-31",
    "JBMGSY": "-0.34",
    "XSMGSY": "-0.34",
    "JBMGSYKC": "",
    "XSMGSYKC": "",
    "JLRJZCSYLJQ": "-4.16",
    "KCHJLRJZCSYLJQ": "",
    "PTGJZCSYLJQ": "",
    "KCPTGJZCSYLJQ": "",
    "YYZSR": "",
    "YYZSRTBZZ": "",
    "YYSR": "117206660.22",
    "YYSRTBZZ": "",
    "YYSRKCJE": "",
    "KCHYYSR": "",
    "KCHYYSRTBZZ": "",
    "JLRHJ": "",
    "JLRHJTBZZ": "",
    "JLR": "-49634038.33",
    "JLRTBZZ": "",
    "FJCXSY": "10890199.37",
    "KCFJYXSYHDJLR": "-60524237.70",
    "KCFJYXSYHDJLRTBZZ": "",
    "PTGJLR": "",
    "PTGJLRTBZZ": "",
    "KCFJCXSYHPTGJLR": "",
    "KCFJCXSYHPTGJLRTBZZ": "",
    "JYXJLLJE": "3611557.51",
    "MGJYXJLLJE": "",
    "ZCZE": "1851477014.77",
    "GDQY": "1101548009.82",
    "MGJZCPL": "",
    "PTGMGJZC": "",
    "GJKJZEJLR": "",
    "GJKJZZJZC": ""
  }
]

【模块二】
[
  {
    "JZRQ": "2025-12-31",
    "JBMGSY": "0.18",
    "XSMGSY": "0.18",
    "JBMGSYKC": "0.17",
    "XSMGSYKC": "0.17",
    "PTGJZCSYLJQ": "3.50",
    "KCPTGJZCSYLJQ": "3.35"
  }
]

=== 000719-2026-04-17-中原传媒-2025年年度报告.pdf ===
【模块一】
[
  {
    "JZRQ": "2025-12-31",
    "JBMGSY": "1.34",
    "XSMGSY": "1.34",
    "JBMGSYKC": "",
    "XSMGSYKC": "",
    "JLRJZCSYLJQ": "11.58",
    "KCHJLRJZCSYLJQ": "",
    "PTGJZCSYLJQ": "",
    "KCPTGJZCSYLJQ": "",
    "YYZSR": "",
    "YYZSRTBZZ": "",
    "YYSR": "9351938909.62",
    "YYSRTBZZ": "-5.12",
    "YYSRKCJE": "",
    "KCHYYSR": "",
    "KCHYYSRTBZZ": "",
    "JLRHJ": "",
    "JLRHJTBZZ": "",
    "JLR": "1375648060.55",
    "JLRTBZZ": "33.57",
    "FJCXSY": "32772457.22",
    "KCFJYXSYHDJLR": "1342875603.33",
    "KCFJYXSYHDJLRTBZZ": "7.44",
    "PTGJLR": "",
    "PTGJLRTBZZ": "",
    "KCFJCXSYHPTGJLR": "",
    "KCFJCXSYHPTGJLRTBZZ": "",
    "JYXJLLJE": "2085222521.73",
    "MGJYXJLLJE": "",
    "ZCZE": "19123981461.49",
    "GDQY": "12265552041.61",
    "MGJZCPL": "",
    "PTGMGJZC": "",
    "GJKJZEJLR": "",
    "GJKJZZJZC": ""
  },
  {
    "JZRQ": "2024-12-31",
    "JBMGSY": "1.01",
    "XSMGSY": "1.01",
    "JBMGSYKC": "",
    "XSMGSYKC": "",
    "JLRJZCSYLJQ": "9.19",
    "KCHJLRJZCSYLJQ": "",
    "PTGJZCSYLJQ": "",
    "KCPTGJZCSYLJQ": "",
    "YYZSR": "",
    "YYZSRTBZZ": "",
    "YYSR": "9856912090.72",
    "YYSRTBZZ": "",
    "YYSRKCJE": "",
    "KCHYYSR": "",
    "KCHYYSRTBZZ": "",
    "JLRHJ": "",
    "JLRHJTBZZ": "",
    "JLR": "1029908315.98",
    "JLRTBZZ": "",
    "FJCXSY": "-220011952.25",
    "KCFJYXSYHDJLR": "1249920268.23",
    "KCFJYXSYHDJLRTBZZ": "",
    "PTGJLR": "",
    "PTGJLRTBZZ": "",
    "KCFJCXSYHPTGJLR": "",
    "KCFJCXSYHPTGJLRTBZZ": "",
    "JYXJLLJE": "1369248028.16",
    "MGJYXJLLJE": "",
    "ZCZE": "18178764890.58",
    "GDQY": "11491269147.95",
    "MGJZCPL": "",
    "PTGMGJZC": "",
    "GJKJZEJLR": "",
    "GJKJZZJZC": ""
  },
  {
    "JZRQ": "2023-12-31",
    "JBMGSY": "1.36",
    "XSMGSY": "1.36",
    "JBMGSYKC": "",
    "XSMGSYKC": "",
    "JLRJZCSYLJQ": "13.37",
    "KCHJLRJZCSYLJQ": "",
    "PTGJZCSYLJQ": "",
    "KCPTGJZCSYLJQ": "",
    "YYZSR": "",
    "YYZSRTBZZ": "",
    "YYSR": "9833398879.24",
    "YYSRTBZZ": "",
    "YYSRKCJE": "",
    "KCHYYSR": "",
    "KCHYYSRTBZZ": "",
    "JLRHJ": "",
    "JLRHJTBZZ": "",
    "JLR": "1388835038.10",
    "JLRTBZZ": "",
    "FJCXSY": "273918859.72",
    "KCFJYXSYHDJLR": "1114916178.38",
    "KCFJYXSYHDJLRTBZZ": "",
    "PTGJLR": "",
    "PTGJLRTBZZ": "",
    "KCFJCXSYHPTGJLR": "",
    "KCFJCXSYHPTGJLRTBZZ": "",
    "JYXJLLJE": "2189814228.41",
    "MGJYXJLLJE": "",
    "ZCZE": "17486831251.00",
    "GDQY": "10924547103.71",
    "MGJZCPL": "",
    "PTGMGJZC": "",
    "GJKJZEJLR": "",
    "GJKJZZJZC": ""
  }
]

【模块二】
[
  {
    "JZRQ": "2025-12-31",
    "JBMGSY": "1.34",
    "XSMGSY": "1.34",
    "JBMGSYKC": "1.31",
    "XSMGSYKC": "1.31",
    "PTGJZCSYLJQ": "11.58",
    "KCPTGJZCSYLJQ": "11.31"
  }
]

=== 001202-2026-04-17-炬申股份-2025年年度报告.pdf ===
【模块一】
[
  {
    "JZRQ": "2025-12-31",
    "JBMGSY": "0.44",
    "XSMGSY": "0.44",
    "JBMGSYKC": "",
    "XSMGSYKC": "",
    "JLRJZCSYLJQ": "9.12",
    "KCHJLRJZCSYLJQ": "",
    "PTGJZCSYLJQ": "",
    "KCPTGJZCSYLJQ": "",
    "YYZSR": "",
    "YYZSRTBZZ": "",
    "YYSR": "1889171867.96",
    "YYSRTBZZ": "81.65",
    "YYSRKCJE": "",
    "KCHYYSR": "",
    "KCHYYSRTBZZ": "",
    "JLRHJ": "",
    "JLRHJTBZZ": "",
    "JLR": "72479380.98",
    "JLRTBZZ": "-11.15",
    "FJCXSY": "4304527.92",
    "KCFJYXSYHDJLR": "68174853.06",
    "KCFJYXSYHDJLRTBZZ": "-11.88",
    "PTGJLR": "",
    "PTGJLRTBZZ": "",
    "KCFJCXSYHPTGJLR": "",
    "KCFJCXSYHPTGJLRTBZZ": "",
    "JYXJLLJE": "-43071408.19",
    "MGJYXJLLJE": "",
    "ZCZE": "2033425509.69",
    "GDQY": "849594828.97",
    "MGJZCPL": "",
    "PTGMGJZC": "",
    "GJKJZEJLR": "",
    "GJKJZZJZC": ""
  },
  {
    "JZRQ": "2024-12-31",
    "JBMGSY": "0.50",
    "XSMGSY": "0.50",
    "JBMGSYKC": "",
    "XSMGSYKC": "",
    "JLRJZCSYLJQ": "11.09",
    "KCHJLRJZCSYLJQ": "",
    "PTGJZCSYLJQ": "",
    "KCPTGJZCSYLJQ": "",
    "YYZSR": "",
    "YYZSRTBZZ": "",
    "YYSR": "1040020753.38",
    "YYSRTBZZ": "",
    "YYSRKCJE": "",
    "KCHYYSR": "",
    "KCHYYSRTBZZ": "",
    "JLRHJ": "",
    "JLRHJTBZZ": "",
    "JLR": "81571133.83",
    "JLRTBZZ": "",
    "FJCXSY": "4208571.06",
    "KCFJYXSYHDJLR": "77362562.77",
    "KCFJYXSYHDJLRTBZZ": "",
    "PTGJLR": "",
    "PTGJLRTBZZ": "",
    "KCFJCXSYHPTGJLR": "",
    "KCFJCXSYHPTGJLRTBZZ": "",
    "JYXJLLJE": "158695590.88",
    "MGJYXJLLJE": "",
    "ZCZE": "1473259357.57",
    "GDQY": "752211074.93",
    "MGJZCPL": "",
    "PTGMGJZC": "",
    "GJKJZEJLR": "",
    "GJKJZZJZC": ""
  },
  {
    "JZRQ": "2023-12-31",
    "JBMGSY": "0.37",
    "XSMGSY": "0.37",
    "JBMGSYKC": "",
    "XSMGSYKC": "",
    "JLRJZCSYLJQ": "8.69",
    "KCHJLRJZCSYLJQ": "",
    "PTGJZCSYLJQ": "",
    "KCPTGJZCSYLJQ": "",
    "YYZSR": "",
    "YYZSRTBZZ": "",
    "YYSR": "994343254.18",
    "YYSRTBZZ": "",
    "YYSRKCJE": "",
    "KCHYYSR": "",
    "KCHYYSRTBZZ": "",
    "JLRHJ": "",
    "JLRHJTBZZ": "",
    "JLR": "62187178.67",
    "JLRTBZZ": "",
    "FJCXSY": "9826415.20",
    "KCFJYXSYHDJLR": "52360763.47",
    "KCFJYXSYHDJLRTBZZ": "",
    "PTGJLR": "",
    "PTGJLRTBZZ": "",
    "KCFJCXSYHPTGJLR": "",
    "KCFJCXSYHPTGJLRTBZZ": "",
    "JYXJLLJE": "160714225.28",
    "MGJYXJLLJE": "",
    "ZCZE": "1286566275.02",
    "GDQY": "738656827.77",
    "MGJZCPL": "",
    "PTGMGJZC": "",
    "GJKJZEJLR": "",
    "GJKJZZJZC": ""
  }
]

【模块二】
[
  {
    "JZRQ": "2025-12-31",
    "JBMGSY": "0.44",
    "XSMGSY": "0.44",
    "JBMGSYKC": "0.41",
    "XSMGSYKC": "0.41",
    "PTGJZCSYLJQ": "9.12",
    "KCPTGJZCSYLJQ": "8.58"
  }
]

=== 000726-2026-04-17-鲁泰A-2025年年度报告.pdf ===
【模块一】
[
  {
    "JZRQ": "2025-12-31",
    "JBMGSY": "0.73",
    "XSMGSY": "0.66",
    "JBMGSYKC": "",
    "XSMGSYKC": "",
    "JLRJZCSYLJQ": "6.16",
    "KCHJLRJZCSYLJQ": "",
    "PTGJZCSYLJQ": "",
    "KCPTGJZCSYLJQ": "",
    "YYZSR": "",
    "YYZSRTBZZ": "",
    "YYSR": "5904308724.88",
    "YYSRTBZZ": "-3.06",
    "YYSRKCJE": "",
    "KCHYYSR": "",
    "KCHYYSRTBZZ": "",
    "JLRHJ": "",
    "JLRHJTBZZ": "",
    "JLR": "593586067.81",
    "JLRTBZZ": "44.66",
    "FJCXSY": "205412530.72",
    "KCFJYXSYHDJLR": "388173537.09",
    "KCFJYXSYHDJLRTBZZ": "-19.52",
    "PTGJLR": "",
    "PTGJLRTBZZ": "",
    "KCFJCXSYHPTGJLR": "",
    "KCFJCXSYHPTGJLRTBZZ": "",
    "JYXJLLJE": "712497388.09",
    "MGJYXJLLJE": "",
    "ZCZE": "14106762900.07",
    "GDQY": "9811054187.05",
    "MGJZCPL": "",
    "PTGMGJZC": "",
    "GJKJZEJLR": "",
    "GJKJZZJZC": ""
  },
  {
    "JZRQ": "2024-12-31",
    "JBMGSY": "0.50",
    "XSMGSY": "0.47",
    "JBMGSYKC": "",
    "XSMGSYKC": "",
    "JLRJZCSYLJQ": "4.39",
    "KCHJLRJZCSYLJQ": "",
    "PTGJZCSYLJQ": "",
    "KCPTGJZCSYLJQ": "",
    "YYZSR": "",
    "YYZSRTBZZ": "",
    "YYSR": "6090615025.20",
    "YYSRTBZZ": "",
    "YYSRKCJE": "",
    "KCHYYSR": "",
    "KCHYYSRTBZZ": "",
    "JLRHJ": "",
    "JLRHJTBZZ": "",
    "JLR": "410321398.17",
    "JLRTBZZ": "",
    "FJCXSY": "-72017343.46",
    "KCFJYXSYHDJLR": "482338741.63",
    "KCFJYXSYHDJLRTBZZ": "",
    "PTGJLR": "",
    "PTGJLRTBZZ": "",
    "KCFJCXSYHPTGJLR": "",
    "KCFJCXSYHPTGJLRTBZZ": "",
    "JYXJLLJE": "1244212151.94",
    "MGJYXJLLJE": "",
    "ZCZE": "13929715649.21",
    "GDQY": "9438728389.28",
    "MGJZCPL": "",
    "PTGMGJZC": "",
    "GJKJZEJLR": "",
    "GJKJZZJZC": ""
  },
  {
    "JZRQ": "2023-12-31",
    "JBMGSY": "0.4700",
    "XSMGSY": "0.4200",
    "JBMGSYKC": "",
    "XSMGSYKC": "",
    "JLRJZCSYLJQ": "4.40",
    "KCHJLRJZCSYLJQ": "",
    "PTGJZCSYLJQ": "",
    "KCPTGJZCSYLJQ": "",
    "YYZSR": "",
    "YYZSRTBZZ": "",
    "YYSR": "5961477252.98",
    "YYSRTBZZ": "",
    "YYSRKCJE": "",
    "KCHYYSR": "",
    "KCHYYSRTBZZ": "",
    "JLRHJ": "",
    "JLRHJTBZZ": "",
    "JLR": "403444254.42",
    "JLRTBZZ": "",
    "FJCXSY": "17308817.42",
    "KCFJYXSYHDJLR": "386135437.00",
    "KCFJYXSYHDJLRTBZZ": "",
    "PTGJLR": "",
    "PTGJLRTBZZ": "",
    "KCFJCXSYHPTGJLR": "",
    "KCFJCXSYHPTGJLRTBZZ": "",
    "JYXJLLJE": "854864537.42",
    "MGJYXJLLJE": "",
    "ZCZE": "13430286222.94",
    "GDQY": "9230806905.80",
    "MGJZCPL": "",
    "PTGMGJZC": "",
    "GJKJZEJLR": "",
    "GJKJZZJZC": ""
  }
]

【模块二】
[
  {
    "JZRQ": "2025-12-31",
    "JBMGSY": "0.73",
    "XSMGSY": "0.66",
    "JBMGSYKC": "0.47",
    "XSMGSYKC": "0.45",
    "PTGJZCSYLJQ": "6.16",
    "KCPTGJZCSYLJQ": "4.03"
  }
]

=== 000972-2026-04-17-ST中基-2025年年度报告.pdf ===
【模块一】
[
  {
    "JZRQ": "2025-12-31",
    "JBMGSY": "-0.0599",
    "XSMGSY": "-0.0599",
    "JBMGSYKC": "",
    "XSMGSYKC": "",
    "JLRJZCSYLJQ": "",
    "KCHJLRJZCSYLJQ": "",
    "PTGJZCSYLJQ": "",
    "KCPTGJZCSYLJQ": "",
    "YYZSR": "",
    "YYZSRTBZZ": "",
    "YYSR": "492115607.53",
    "YYSRTBZZ": "59.70",
    "YYSRKCJE": "4609663.05",
    "KCHYYSR": "487505944.48",
    "KCHYYSRTBZZ": "",
    "JLRHJ": "",
    "JLRHJTBZZ": "",
    "JLR": "-46231823.92",
    "JLRTBZZ": "",
    "FJCXSY": "246971635.11",
    "KCFJYXSYHDJLR": "-293203459.03",
    "KCFJYXSYHDJLRTBZZ": "",
    "PTGJLR": "",
    "PTGJLRTBZZ": "",
    "KCFJCXSYHPTGJLR": "",
    "KCFJCXSYHPTGJLRTBZZ": "",
    "JYXJLLJE": "246689254.24",
    "MGJYXJLLJE": "",
    "ZCZE": "1221981043.28",
    "GDQY": "26122298.88",
    "MGJZCPL": "",
    "PTGMGJZC": "",
    "GJKJZEJLR": "",
    "GJKJZZJZC": ""
  },
  {
    "JZRQ": "2024-12-31",
    "JBMGSY": "-0.2992",
    "XSMGSY": "-0.2992",
    "JBMGSYKC": "",
    "XSMGSYKC": "",
    "JLRJZCSYLJQ": "-261.79",
    "KCHJLRJZCSYLJQ": "",
    "PTGJZCSYLJQ": "",
    "KCPTGJZCSYLJQ": "",
    "YYZSR": "",
    "YYZSRTBZZ": "",
    "YYSR": "308153878.02",
    "YYSRTBZZ": "",
    "YYSRKCJE": "13922415.85",
    "KCHYYSR": "294231462.17",
    "KCHYYSRTBZZ": "",
    "JLRHJ": "",
    "JLRHJTBZZ": "",
    "JLR": "-230776352.35",
    "JLRTBZZ": "",
    "FJCXSY": "77004015.79",
    "KCFJYXSYHDJLR": "-307780368.14",
    "KCFJYXSYHDJLRTBZZ": "",
    "PTGJLR": "",
    "PTGJLRTBZZ": "",
    "KCFJCXSYHPTGJLR": "",
    "KCFJCXSYHPTGJLRTBZZ": "",
    "JYXJLLJE": "-97598627.43",
    "MGJYXJLLJE": "",
    "ZCZE": "1739625960.93",
    "GDQY": "-27368045.66",
    "MGJZCPL": "",
    "PTGMGJZC": "",
    "GJKJZEJLR": "",
    "GJKJZZJZC": ""
  },
  {
    "JZRQ": "2023-12-31",
    "JBMGSY": "0.1403",
    "XSMGSY": "0.1403",
    "JBMGSYKC": "",
    "XSMGSYKC": "",
    "JLRJZCSYLJQ": "72.43",
    "KCHJLRJZCSYLJQ": "",
    "PTGJZCSYLJQ": "",
    "KCPTGJZCSYLJQ": "",
    "YYZSR": "",
    "YYZSRTBZZ": "",
    "YYSR": "575779449.91",
    "YYSRTBZZ": "",
    "YYSRKCJE": "",
    "KCHYYSR": "",
    "KCHYYSRTBZZ": "",
    "JLRHJ": "",
    "JLRHJTBZZ": "",
    "JLR": "108237777.85",
    "JLRTBZZ": "",
    "FJCXSY": "69677587.83",
    "KCFJYXSYHDJLR": "38560190.02",
    "KCFJYXSYHDJLRTBZZ": "",
    "PTGJLR": "",
    "PTGJLRTBZZ": "",
    "KCFJCXSYHPTGJLR": "",
    "KCFJCXSYHPTGJLRTBZZ": "",
    "JYXJLLJE": "-182233893.41",
    "MGJYXJLLJE": "",
    "ZCZE": "1224071923.98",
    "GDQY": "203541954.43",
    "MGJZCPL": "",
    "PTGMGJZC": "",
    "GJKJZEJLR": "",
    "GJKJZZJZC": ""
  }
]

【模块二】
[
  {
    "JZRQ": "2025-12-31",
    "JBMGSY": "-0.0599",
    "XSMGSY": "-0.0599",
    "JBMGSYKC": "-0.3802",
    "XSMGSYKC": "-0.3802",
    "PTGJZCSYLJQ": "",
    "KCPTGJZCSYLJQ": ""
  }
]

=== 001205-2026-04-17-盛航股份-2025年年度报告.pdf ===
【模块一】
[
  {
    "JZRQ": "2025-12-31",
    "JBMGSY": "0.5778",
    "XSMGSY": "0.5778",
    "JBMGSYKC": "",
    "XSMGSYKC": "",
    "JLRJZCSYLJQ": "5.11",
    "KCHJLRJZCSYLJQ": "",
    "PTGJZCSYLJQ": "",
    "KCPTGJZCSYLJQ": "",
    "YYZSR": "",
    "YYZSRTBZZ": "",
    "YYSR": "1442793985.42",
    "YYSRTBZZ": "-3.79",
    "YYSRKCJE": "",
    "KCHYYSR": "",
    "KCHYYSRTBZZ": "",
    "JLRHJ": "",
    "JLRHJTBZZ": "",
    "JLR": "108623530.82",
    "JLRTBZZ": "-20.80",
    "FJCXSY": "3992095.14",
    "KCFJYXSYHDJLR": "104631435.68",
    "KCFJYXSYHDJLRTBZZ": "-12.48",
    "PTGJLR": "",
    "PTGJLRTBZZ": "",
    "KCFJCXSYHPTGJLR": "",
    "KCFJCXSYHPTGJLRTBZZ": "",
    "JYXJLLJE": "468095570.56",
    "MGJYXJLLJE": "",
    "ZCZE": "4678385687.71",
    "GDQY": "2164341295.28",
    "MGJZCPL": "",
    "PTGMGJZC": "",
    "GJKJZEJLR": "",
    "GJKJZZJZC": ""
  },
  {
    "JZRQ": "2024-12-31",
    "JBMGSY": "0.7947",
    "XSMGSY": "0.7887",
    "JBMGSYKC": "",
    "XSMGSYKC": "",
    "JLRJZCSYLJQ": "7.58",
    "KCHJLRJZCSYLJQ": "",
    "PTGJZCSYLJQ": "",
    "KCPTGJZCSYLJQ": "",
    "YYZSR": "",
    "YYZSRTBZZ": "",
    "YYSR": "1499612411.64",
    "YYSRTBZZ": "",
    "YYSRKCJE": "",
    "KCHYYSR": "",
    "KCHYYSRTBZZ": "",
    "JLRHJ": "",
    "JLRHJTBZZ": "",
    "JLR": "137151234.79",
    "JLRTBZZ": "",
    "FJCXSY": "17598863.71",
    "KCFJYXSYHDJLR": "119552371.08",
    "KCFJYXSYHDJLRTBZZ": "",
    "PTGJLR": "",
    "PTGJLRTBZZ": "",
    "KCFJCXSYHPTGJLR": "",
    "KCFJCXSYHPTGJLRTBZZ": "",
    "JYXJLLJE": "441660478.81",
    "MGJYXJLLJE": "",
    "ZCZE": "4883276696.25",
    "GDQY": "2069088799.59",
    "MGJZCPL": "",
    "PTGMGJZC": "",
    "GJKJZEJLR": "",
    "GJKJZZJZC": ""
  },
  {
    "JZRQ": "2023-12-31",
    "JBMGSY": "1.0794",
    "XSMGSY": "1.0789",
    "JBMGSYKC": "",
    "XSMGSYKC": "",
    "JLRJZCSYLJQ": "11.63",
    "KCHJLRJZCSYLJQ": "",
    "PTGJZCSYLJQ": "",
    "KCPTGJZCSYLJQ": "",
    "YYZSR": "",
    "YYZSRTBZZ": "",
    "YYSR": "1261492480.92",
    "YYSRTBZZ": "",
    "YYSRKCJE": "",
    "KCHYYSR": "",
    "KCHYYSRTBZZ": "",
    "JLRHJ": "",
    "JLRHJTBZZ": "",
    "JLR": "182057088.36",
    "JLRTBZZ": "",
    "FJCXSY": "7105381.45",
    "KCFJYXSYHDJLR": "174951706.91",
    "KCFJYXSYHDJLRTBZZ": "",
    "PTGJLR": "",
    "PTGJLRTBZZ": "",
    "KCFJCXSYHPTGJLR": "",
    "KCFJCXSYHPTGJLRTBZZ": "",
    "JYXJLLJE": "441139037.14",
    "MGJYXJLLJE": "",
    "ZCZE": "4314804959.98",
    "GDQY": "1720544010.83",
    "MGJZCPL": "",
    "PTGMGJZC": "",
    "GJKJZEJLR": "",
    "GJKJZZJZC": ""
  }
]

【模块二】
[
  {
    "JZRQ": "2025-12-31",
    "JBMGSY": "0.5778",
    "XSMGSY": "0.5778",
    "JBMGSYKC": "0.5565",
    "XSMGSYKC": "0.5565",
    "PTGJZCSYLJQ": "5.11",
    "KCPTGJZCSYLJQ": "4.93"
  }
]

=== 001206-2026-04-17-依依股份-2025年年度报告.pdf ===
【模块一】
[
  {
    "JZRQ": "2025-12-31",
    "JBMGSY": "1.00",
    "XSMGSY": "0.99",
    "JBMGSYKC": "",
    "XSMGSYKC": "",
    "JLRJZCSYLJQ": "9.79",
    "KCHJLRJZCSYLJQ": "",
    "PTGJZCSYLJQ": "",
    "KCPTGJZCSYLJQ": "",
    "YYZSR": "",
    "YYZSRTBZZ": "",
    "YYSR": "1677403154.86",
    "YYSRTBZZ": "-6.69",
    "YYSRKCJE": "",
    "KCHYYSR": "",
    "KCHYYSRTBZZ": "",
    "JLRHJ": "",
    "JLRHJTBZZ": "",
    "JLR": "183019300.42",
    "JLRTBZZ": "-14.92",
    "FJCXSY": "22692352.68",
    "KCFJYXSYHDJLR": "160326947.74",
    "KCFJYXSYHDJLRTBZZ": "-16.25",
    "PTGJLR": "",
    "PTGJLRTBZZ": "",
    "KCFJCXSYHPTGJLR": "",
    "KCFJCXSYHPTGJLRTBZZ": "",
    "JYXJLLJE": "284266675.20",
    "MGJYXJLLJE": "",
    "ZCZE": "2247478571.93",
    "GDQY": "1895928230.11",
    "MGJZCPL": "",
    "PTGMGJZC": "",
    "GJKJZEJLR": "",
    "GJKJZZJZC": ""
  },
  {
    "JZRQ": "2024-12-31",
    "JBMGSY": "1.18",
    "XSMGSY": "1.17",
    "JBMGSYKC": "",
    "XSMGSYKC": "",
    "JLRJZCSYLJQ": "11.76",
    "KCHJLRJZCSYLJQ": "",
    "PTGJZCSYLJQ": "",
    "KCPTGJZCSYLJQ": "",
    "YYZSR": "",
    "YYZSRTBZZ": "",
    "YYSR": "1797586628.90",
    "YYSRTBZZ": "",
    "YYSRKCJE": "",
    "KCHYYSR": "",
    "KCHYYSRTBZZ": "",
    "JLRHJ": "",
    "JLRHJTBZZ": "",
    "JLR": "215118666.29",
    "JLRTBZZ": "",
    "FJCXSY": "23684378.29",
    "KCFJYXSYHDJLR": "191434288.00",
    "KCFJYXSYHDJLRTBZZ": "",
    "PTGJLR": "",
    "PTGJLRTBZZ": "",
    "KCFJCXSYHPTGJLR": "",
    "KCFJCXSYHPTGJLRTBZZ": "",
    "JYXJLLJE": "222938812.79",
    "MGJYXJLLJE": "",
    "ZCZE": "2195357433.26",
    "GDQY": "1833197774.10",
    "MGJZCPL": "",
    "PTGMGJZC": "",
    "GJKJZEJLR": "",
    "GJKJZZJZC": ""
  },
  {
    "JZRQ": "2023-12-31",
    "JBMGSY": "0.56",
    "XSMGSY": "0.56",
    "JBMGSYKC": "",
    "XSMGSYKC": "",
    "JLRJZCSYLJQ": "5.70",
    "KCHJLRJZCSYLJQ": "",
    "PTGJZCSYLJQ": "",
    "KCPTGJZCSYLJQ": "",
    "YYZSR": "",
    "YYZSRTBZZ": "",
    "YYSR": "1337363156.74",
    "YYSRTBZZ": "",
    "YYSRKCJE": "",
    "KCHYYSR": "",
    "KCHYYSRTBZZ": "",
    "JLRHJ": "",
    "JLRHJTBZZ": "",
    "JLR": "103255134.65",
    "JLRTBZZ": "",
    "FJCXSY": "-6077309.47",
    "KCFJYXSYHDJLR": "109332444.12",
    "KCFJYXSYHDJLRTBZZ": "",
    "PTGJLR": "",
    "PTGJLRTBZZ": "",
    "KCFJCXSYHPTGJLR": "",
    "KCFJCXSYHPTGJLRTBZZ": "",
    "JYXJLLJE": "202442650.52",
    "MGJYXJLLJE": "",
    "ZCZE": "1981188593.76",
    "GDQY": "1771182301.71",
    "MGJZCPL": "",
    "PTGMGJZC": "",
    "GJKJZEJLR": "",
    "GJKJZZJZC": ""
  }
]

【模块二】
[
  {
    "JZRQ": "2025-12-31",
    "JBMGSY": "1.00",
    "XSMGSY": "0.99",
    "JBMGSYKC": "0.87",
    "XSMGSYKC": "0.87",
    "PTGJZCSYLJQ": "9.79",
    "KCPTGJZCSYLJQ": "8.58"
  }
]

=== 001219-2026-04-17-青岛食品-2025年年度报告.pdf ===
【模块一】
[
  {
    "JZRQ": "2025-12-31",
    "JBMGSY": "0.57",
    "XSMGSY": "0.57",
    "JBMGSYKC": "",
    "XSMGSYKC": "",
    "JLRJZCSYLJQ": "10.56",
    "KCHJLRJZCSYLJQ": "",
    "PTGJZCSYLJQ": "",
    "KCPTGJZCSYLJQ": "",
    "YYZSR": "",
    "YYZSRTBZZ": "",
    "YYSR": "545143326.86",
    "YYSRTBZZ": "3.67",
    "YYSRKCJE": "",
    "KCHYYSR": "",
    "KCHYYSRTBZZ": "",
    "JLRHJ": "",
    "JLRHJTBZZ": "",
    "JLR": "110870965.80",
    "JLRTBZZ": "13.74",
    "FJCXSY": "13497126.73",
    "KCFJYXSYHDJLR": "97373839.07",
    "KCFJYXSYHDJLRTBZZ": "23.80",
    "PTGJLR": "",
    "PTGJLRTBZZ": "",
    "KCFJCXSYHPTGJLR": "",
    "KCFJCXSYHPTGJLRTBZZ": "",
    "JYXJLLJE": "104386584.04",
    "MGJYXJLLJE": "",
    "ZCZE": "1328566317.43",
    "GDQY": "1060419407.90",
    "MGJZCPL": "",
    "PTGMGJZC": "",
    "GJKJZEJLR": "",
    "GJKJZZJZC": ""
  },
  {
    "JZRQ": "2024-12-31",
    "JBMGSY": "0.50",
    "XSMGSY": "0.50",
    "JBMGSYKC": "",
    "XSMGSYKC": "",
    "JLRJZCSYLJQ": "9.78",
    "KCHJLRJZCSYLJQ": "",
    "PTGJZCSYLJQ": "",
    "KCPTGJZCSYLJQ": "",
    "YYZSR": "",
    "YYZSRTBZZ": "",
    "YYSR": "525860467.86",
    "YYSRTBZZ": "",
    "YYSRKCJE": "",
    "KCHYYSR": "",
    "KCHYYSRTBZZ": "",
    "JLRHJ": "",
    "JLRHJTBZZ": "",
    "JLR": "97476965.08",
    "JLRTBZZ": "",
    "FJCXSY": "18819830.51",
    "KCFJYXSYHDJLR": "78657134.57",
    "KCFJYXSYHDJLRTBZZ": "",
    "PTGJLR": "",
    "PTGJLRTBZZ": "",
    "KCFJCXSYHPTGJLR": "",
    "KCFJCXSYHPTGJLRTBZZ": "",
    "JYXJLLJE": "93069170.87",
    "MGJYXJLLJE": "",
    "ZCZE": "1153157818.30",
    "GDQY": "1027310209.84",
    "MGJZCPL": "",
    "PTGMGJZC": "",
    "GJKJZEJLR": "",
    "GJKJZZJZC": ""
  },
  {
    "JZRQ": "2023-12-31",
    "JBMGSY": "0.44",
    "XSMGSY": "0.44",
    "JBMGSYKC": "",
    "XSMGSYKC": "",
    "JLRJZCSYLJQ": "9.10",
    "KCHJLRJZCSYLJQ": "",
    "PTGJZCSYLJQ": "",
    "KCPTGJZCSYLJQ": "",
    "YYZSR": "",
    "YYZSRTBZZ": "",
    "YYSR": "489309790.89",
    "YYSRTBZZ": "",
    "YYSRKCJE": "",
    "KCHYYSR": "",
    "KCHYYSRTBZZ": "",
    "JLRHJ": "",
    "JLRHJTBZZ": "",
    "JLR": "86107370.63",
    "JLRTBZZ": "",
    "FJCXSY": "17107082.00",
    "KCFJYXSYHDJLR": "69000288.63",
    "KCFJYXSYHDJLRTBZZ": "",
    "PTGJLR": "",
    "PTGJLRTBZZ": "",
    "KCFJCXSYHPTGJLR": "",
    "KCFJCXSYHPTGJLRTBZZ": "",
    "JYXJLLJE": "73305594.02",
    "MGJYXJLLJE": "",
    "ZCZE": "1074440453.60",
    "GDQY": "974634181.91",
    "MGJZCPL": "",
    "PTGMGJZC": "",
    "GJKJZEJLR": "",
    "GJKJZZJZC": ""
  }
]

【模块二】
[
  {
    "JZRQ": "2025-12-31",
    "JBMGSY": "0.57",
    "XSMGSY": "0.57",
    "JBMGSYKC": "0.50",
    "XSMGSYKC": "0.50",
    "PTGJZCSYLJQ": "10.56",
    "KCPTGJZCSYLJQ": "9.27"
  }
]

=== 002003-2026-04-17-伟星股份-2025年年度报告.pdf ===
【模块一】
[
  {
    "JZRQ": "2025-12-31",
    "JBMGSY": "0.55",
    "XSMGSY": "0.55",
    "JBMGSYKC": "",
    "XSMGSYKC": "",
    "JLRJZCSYLJQ": "14.41",
    "KCHJLRJZCSYLJQ": "",
    "PTGJZCSYLJQ": "",
    "KCPTGJZCSYLJQ": "",
    "YYZSR": "",
    "YYZSRTBZZ": "",
    "YYSR": "4800314902.13",
    "YYSRTBZZ": "2.69",
    "YYSRKCJE": "",
    "KCHYYSR": "",
    "KCHYYSRTBZZ": "",
    "JLRHJ": "",
    "JLRHJTBZZ": "",
    "JLR": "644598106.67",
    "JLRTBZZ": "-7.96",
    "FJCXSY": "16026726.63",
    "KCFJYXSYHDJLR": "628571380.04",
    "KCFJYXSYHDJLRTBZZ": "-8.70",
    "PTGJLR": "",
    "PTGJLRTBZZ": "",
    "KCFJCXSYHPTGJLR": "",
    "KCFJCXSYHPTGJLRTBZZ": "",
    "JYXJLLJE": "1134512903.69",
    "MGJYXJLLJE": "",
    "ZCZE": "6820266089.90",
    "GDQY": "4563184659.40",
    "MGJZCPL": "",
    "PTGMGJZC": "",
    "GJKJZEJLR": "",
    "GJKJZZJZC": ""
  },
  {
    "JZRQ": "2024-12-31",
    "JBMGSY": "0.60",
    "XSMGSY": "0.60",
    "JBMGSYKC": "",
    "XSMGSYKC": "",
    "JLRJZCSYLJQ": "16.02",
    "KCHJLRJZCSYLJQ": "",
    "PTGJZCSYLJQ": "",
    "KCPTGJZCSYLJQ": "",
    "YYZSR": "",
    "YYZSRTBZZ": "",
    "YYSR": "4674423150.74",
    "YYSRTBZZ": "",
    "YYSRKCJE": "",
    "KCHYYSR": "",
    "KCHYYSRTBZZ": "",
    "JLRHJ": "",
    "JLRHJTBZZ": "",
    "JLR": "700334527.42",
    "JLRTBZZ": "",
    "FJCXSY": "11839614.63",
    "KCFJYXSYHDJLR": "688494912.79",
    "KCFJYXSYHDJLRTBZZ": "",
    "PTGJLR": "",
    "PTGJLRTBZZ": "",
    "KCFJCXSYHPTGJLR": "",
    "KCFJCXSYHPTGJLRTBZZ": "",
    "JYXJLLJE": "1089909099.97",
    "MGJYXJLLJE": "",
    "ZCZE": "6290303928.28",
    "GDQY": "4354358631.63",
    "MGJZCPL": "",
    "PTGMGJZC": "",
    "GJKJZEJLR": "",
    "GJKJZZJZC": ""
  },
  {
    "JZRQ": "2023-12-31",
    "JBMGSY": "0.53",
    "XSMGSY": "0.53",
    "JBMGSYKC": "",
    "XSMGSYKC": "",
    "JLRJZCSYLJQ": "16.90",
    "KCHJLRJZCSYLJQ": "",
    "PTGJZCSYLJQ": "",
    "KCPTGJZCSYLJQ": "",
    "YYZSR": "",
    "YYZSRTBZZ": "",
    "YYSR": "3906516069.15",
    "YYSRTBZZ": "",
    "YYSRKCJE": "",
    "KCHYYSR": "",
    "KCHYYSRTBZZ": "",
    "JLRHJ": "",
    "JLRHJTBZZ": "",
    "JLR": "558105046.28",
    "JLRTBZZ": "",
    "FJCXSY": "24780144.51",
    "KCFJYXSYHDJLR": "533324901.77",
    "KCFJYXSYHDJLRTBZZ": "",
    "PTGJLR": "",
    "PTGJLRTBZZ": "",
    "KCFJCXSYHPTGJLR": "",
    "KCFJCXSYHPTGJLRTBZZ": "",
    "JYXJLLJE": "687641862.72",
    "MGJYXJLLJE": "",
    "ZCZE": "6029679625.58",
    "GDQY": "4349140948.63",
    "MGJZCPL": "",
    "PTGMGJZC": "",
    "GJKJZEJLR": "",
    "GJKJZZJZC": ""
  }
]

【模块二】
[
  {
    "JZRQ": "2025-12-31",
    "JBMGSY": "0.55",
    "XSMGSY": "0.55",
    "JBMGSYKC": "0.54",
    "XSMGSYKC": "0.54",
    "PTGJZCSYLJQ": "14.41",
    "KCPTGJZCSYLJQ": "14.05"
  }
]

=== 001270-2026-04-17-ST铖昌-2025年年度报告.pdf ===
【模块一】
[
  {
    "JZRQ": "2025-12-31",
    "JBMGSY": "0.5755",
    "XSMGSY": "0.5638",
    "JBMGSYKC": "",
    "XSMGSYKC": "",
    "JLRJZCSYLJQ": "8.14",
    "KCHJLRJZCSYLJQ": "",
    "PTGJZCSYLJQ": "",
    "KCPTGJZCSYLJQ": "",
    "YYZSR": "",
    "YYZSRTBZZ": "",
    "YYSR": "404622960.22",
    "YYSRTBZZ": "91.28",
    "YYSRKCJE": "",
    "KCHYYSR": "",
    "KCHYYSRTBZZ": "",
    "JLRHJ": "",
    "JLRHJTBZZ": "",
    "JLR": "117109847.25",
    "JLRTBZZ": "476.34",
    "FJCXSY": "13773180.54",
    "KCFJYXSYHDJLR": "103336666.71",
    "KCFJYXSYHDJLRTBZZ": "336.93",
    "PTGJLR": "",
    "PTGJLRTBZZ": "",
    "KCFJCXSYHPTGJLR": "",
    "KCFJCXSYHPTGJLRTBZZ": "",
    "JYXJLLJE": "-47363636.15",
    "MGJYXJLLJE": "",
    "ZCZE": "1635065202.76",
    "GDQY": "1509807402.04",
    "MGJZCPL": "",
    "PTGMGJZC": "",
    "GJKJZEJLR": "",
    "GJKJZZJZC": ""
  },
  {
    "JZRQ": "2024-12-31",
    "JBMGSY": "-0.1529",
    "XSMGSY": "-0.1529",
    "JBMGSYKC": "",
    "XSMGSYKC": "",
    "JLRJZCSYLJQ": "-2.26",
    "KCHJLRJZCSYLJQ": "",
    "PTGJZCSYLJQ": "",
    "KCPTGJZCSYLJQ": "",
    "YYZSR": "",
    "YYZSRTBZZ": "",
    "YYSR": "211539009.02",
    "YYSRTBZZ": "",
    "YYSRKCJE": "",
    "KCHYYSR": "",
    "KCHYYSRTBZZ": "",
    "JLRHJ": "",
    "JLRHJTBZZ": "",
    "JLR": "-31117893.52",
    "JLRTBZZ": "",
    "FJCXSY": "12496071.98",
    "KCFJYXSYHDJLR": "-43613965.50",
    "KCFJYXSYHDJLRTBZZ": "",
    "PTGJLR": "",
    "PTGJLRTBZZ": "",
    "KCFJCXSYHPTGJLR": "",
    "KCFJCXSYHPTGJLRTBZZ": "",
    "JYXJLLJE": "-47571089.62",
    "MGJYXJLLJE": "",
    "ZCZE": "1504087689.14",
    "GDQY": "1366695580.72",
    "MGJZCPL": "",
    "PTGMGJZC": "",
    "GJKJZEJLR": "",
    "GJKJZZJZC": ""
  },
  {
    "JZRQ": "2023-12-31",
    "JBMGSY": "0.3917",
    "XSMGSY": "0.3917",
    "JBMGSYKC": "",
    "XSMGSYKC": "",
    "JLRJZCSYLJQ": "5.76",
    "KCHJLRJZCSYLJQ": "",
    "PTGJZCSYLJQ": "",
    "KCPTGJZCSYLJQ": "",
    "YYZSR": "",
    "YYZSRTBZZ": "",
    "YYSR": "287353971.81",
    "YYSRTBZZ": "",
    "YYSRKCJE": "",
    "KCHYYSR": "",
    "KCHYYSRTBZZ": "",
    "JLRHJ": "",
    "JLRHJTBZZ": "",
    "JLR": "79707857.22",
    "JLRTBZZ": "",
    "FJCXSY": "9796741.16",
    "KCFJYXSYHDJLR": "69911116.06",
    "KCFJYXSYHDJLRTBZZ": "",
    "PTGJLR": "",
    "PTGJLRTBZZ": "",
    "KCFJCXSYHPTGJLR": "",
    "KCFJCXSYHPTGJLRTBZZ": "",
    "JYXJLLJE": "-14482731.41",
    "MGJYXJLLJE": "",
    "ZCZE": "1480571926.51",
    "GDQY": "1408183808.65",
    "MGJZCPL": "",
    "PTGMGJZC": "",
    "GJKJZEJLR": "",
    "GJKJZZJZC": ""
  }
]

【模块二】
[
  {
    "JZRQ": "2025-12-31",
    "JBMGSY": "0.5755",
    "XSMGSY": "0.5638",
    "JBMGSYKC": "0.5078",
    "XSMGSYKC": "0.4975",
    "PTGJZCSYLJQ": "8.14",
    "KCPTGJZCSYLJQ": "7.18"
  }
]

=== 002008-2026-04-17-大族激光-2025年年度报告.pdf ===
【模块一】
[
  {
    "JZRQ": "2025-12-31",
    "JBMGSY": "1.15",
    "XSMGSY": "1.15",
    "JBMGSYKC": "",
    "XSMGSYKC": "",
    "JLRJZCSYLJQ": "7.19",
    "KCHJLRJZCSYLJQ": "",
    "PTGJZCSYLJQ": "",
    "KCPTGJZCSYLJQ": "",
    "YYZSR": "",
    "YYZSRTBZZ": "",
    "YYSR": "18758866083.94",
    "YYSRTBZZ": "27.00",
    "YYSRKCJE": "",
    "KCHYYSR": "",
    "KCHYYSRTBZZ": "",
    "JLRHJ": "",
    "JLRHJTBZZ": "",
    "JLR": "1189684341.25",
    "JLRTBZZ": "-29.77",
    "FJCXSY": "379205255.46",
    "KCFJYXSYHDJLR": "810479085.79",
    "KCFJYXSYHDJLRTBZZ": "82.28",
    "PTGJLR": "",
    "PTGJLRTBZZ": "",
    "KCFJCXSYHPTGJLR": "",
    "KCFJCXSYHPTGJLRTBZZ": "",
    "JYXJLLJE": "1469219991.65",
    "MGJYXJLLJE": "",
    "ZCZE": "38248456805.92",
    "GDQY": "17283032015.02",
    "MGJZCPL": "",
    "PTGMGJZC": "",
    "GJKJZEJLR": "",
    "GJKJZZJZC": ""
  },
  {
    "JZRQ": "2024-12-31",
    "JBMGSY": "1.62",
    "XSMGSY": "1.62",
    "JBMGSYKC": "",
    "XSMGSYKC": "",
    "JLRJZCSYLJQ": "10.95",
    "KCHJLRJZCSYLJQ": "",
    "PTGJZCSYLJQ": "",
    "KCPTGJZCSYLJQ": "",
    "YYZSR": "",
    "YYZSRTBZZ": "",
    "YYSR": "14771215354.04",
    "YYSRTBZZ": "",
    "YYSRKCJE": "",
    "KCHYYSR": "",
    "KCHYYSRTBZZ": "",
    "JLRHJ": "",
    "JLRHJTBZZ": "",
    "JLR": "1693900253.05",
    "JLRTBZZ": "",
    "FJCXSY": "1249266262.87",
    "KCFJYXSYHDJLR": "444633990.18",
    "KCFJYXSYHDJLRTBZZ": "",
    "PTGJLR": "",
    "PTGJLRTBZZ": "",
    "KCFJCXSYHPTGJLR": "",
    "KCFJCXSYHPTGJLRTBZZ": "",
    "JYXJLLJE": "1126050737.62",
    "MGJYXJLLJE": "",
    "ZCZE": "34227059742.80",
    "GDQY": "16138927404.74",
    "MGJZCPL": "",
    "PTGMGJZC": "",
    "GJKJZEJLR": "",
    "GJKJZZJZC": ""
  },
  {
    "JZRQ": "2023-12-31",
    "JBMGSY": "0.78",
    "XSMGSY": "0.78",
    "JBMGSYKC": "",
    "XSMGSYKC": "",
    "JLRJZCSYLJQ": "5.61",
    "KCHJLRJZCSYLJQ": "",
    "PTGJZCSYLJQ": "",
    "KCPTGJZCSYLJQ": "",
    "YYZSR": "",
    "YYZSRTBZZ": "",
    "YYSR": "14091101814.42",
    "YYSRTBZZ": "",
    "YYSRKCJE": "",
    "KCHYYSR": "",
    "KCHYYSRTBZZ": "",
    "JLRHJ": "",
    "JLRHJTBZZ": "",
    "JLR": "820218770.84",
    "JLRTBZZ": "",
    "FJCXSY": "355170446.32",
    "KCFJYXSYHDJLR": "465048324.52",
    "KCFJYXSYHDJLRTBZZ": "",
    "PTGJLR": "",
    "PTGJLRTBZZ": "",
    "KCFJCXSYHPTGJLR": "",
    "KCFJCXSYHPTGJLRTBZZ": "",
    "JYXJLLJE": "1362628841.47",
    "MGJYXJLLJE": "",
    "ZCZE": "34200363737.11",
    "GDQY": "15000349121.49",
    "MGJZCPL": "",
    "PTGMGJZC": "",
    "GJKJZEJLR": "",
    "GJKJZZJZC": ""
  }
]

【模块二】
[
  {
    "JZRQ": "2025-12-31",
    "JBMGSY": "1.15",
    "XSMGSY": "1.15",
    "JBMGSYKC": "0.79",
    "XSMGSYKC": "0.79",
    "PTGJZCSYLJQ": "7.19",
    "KCPTGJZCSYLJQ": "4.90"
  }
]

=== 002090-2026-04-17-金智科技-2025年年度报告.pdf ===
【模块一】
[
  {
    "JZRQ": "2025-12-31",
    "JBMGSY": "0.1648",
    "XSMGSY": "0.1648",
    "JBMGSYKC": "",
    "XSMGSYKC": "",
    "JLRJZCSYLJQ": "4.32",
    "KCHJLRJZCSYLJQ": "",
    "PTGJZCSYLJQ": "",
    "KCPTGJZCSYLJQ": "",
    "YYZSR": "",
    "YYZSRTBZZ": "",
    "YYSR": "1561005197.03",
    "YYSRTBZZ": "-11.97",
    "YYSRKCJE": "",
    "KCHYYSR": "",
    "KCHYYSRTBZZ": "",
    "JLRHJ": "",
    "JLRHJTBZZ": "",
    "JLR": "66021369.77",
    "JLRTBZZ": "-8.64",
    "FJCXSY": "21175076.05",
    "KCFJYXSYHDJLR": "44846293.72",
    "KCFJYXSYHDJLRTBZZ": "-16.14",
    "PTGJLR": "",
    "PTGJLRTBZZ": "",
    "KCFJCXSYHPTGJLR": "",
    "KCFJCXSYHPTGJLRTBZZ": "",
    "JYXJLLJE": "130709667.82",
    "MGJYXJLLJE": "",
    "ZCZE": "3169092641.41",
    "GDQY": "1544823145.92",
    "MGJZCPL": "",
    "PTGMGJZC": "",
    "GJKJZEJLR": "",
    "GJKJZZJZC": ""
  },
  {
    "JZRQ": "2024-12-31",
    "JBMGSY": "0.1796",
    "XSMGSY": "0.1796",
    "JBMGSYKC": "",
    "XSMGSYKC": "",
    "JLRJZCSYLJQ": "4.86",
    "KCHJLRJZCSYLJQ": "",
    "PTGJZCSYLJQ": "",
    "KCPTGJZCSYLJQ": "",
    "YYZSR": "",
    "YYZSRTBZZ": "",
    "YYSR": "1773243656.60",
    "YYSRTBZZ": "",
    "YYSRKCJE": "",
    "KCHYYSR": "",
    "KCHYYSRTBZZ": "",
    "JLRHJ": "",
    "JLRHJTBZZ": "",
    "JLR": "72267226.43",
    "JLRTBZZ": "",
    "FJCXSY": "18791497.50",
    "KCFJYXSYHDJLR": "53475728.93",
    "KCFJYXSYHDJLRTBZZ": "",
    "PTGJLR": "",
    "PTGJLRTBZZ": "",
    "KCFJCXSYHPTGJLR": "",
    "KCFJCXSYHPTGJLRTBZZ": "",
    "JYXJLLJE": "301599505.23",
    "MGJYXJLLJE": "",
    "ZCZE": "3028875591.74",
    "GDQY": "1503887028.22",
    "MGJZCPL": "",
    "PTGMGJZC": "",
    "GJKJZEJLR": "",
    "GJKJZZJZC": ""
  },
  {
    "JZRQ": "2023-12-31",
    "JBMGSY": "0.1523",
    "XSMGSY": "0.1523",
    "JBMGSYKC": "",
    "XSMGSYKC": "",
    "JLRJZCSYLJQ": "4.29",
    "KCHJLRJZCSYLJQ": "",
    "PTGJZCSYLJQ": "",
    "KCPTGJZCSYLJQ": "",
    "YYZSR": "",
    "YYZSRTBZZ": "",
    "YYSR": "1616426090.92",
    "YYSRTBZZ": "",
    "YYSRKCJE": "",
    "KCHYYSR": "",
    "KCHYYSRTBZZ": "",
    "JLRHJ": "",
    "JLRHJTBZZ": "",
    "JLR": "60495925.63",
    "JLRTBZZ": "",
    "FJCXSY": "15352611.48",
    "KCFJYXSYHDJLR": "45143314.15",
    "KCFJYXSYHDJLRTBZZ": "",
    "PTGJLR": "",
    "PTGJLRTBZZ": "",
    "KCFJCXSYHPTGJLR": "",
    "KCFJCXSYHPTGJLRTBZZ": "",
    "JYXJLLJE": "303237200.34",
    "MGJYXJLLJE": "",
    "ZCZE": "2920945042.51",
    "GDQY": "1461663080.89",
    "MGJZCPL": "",
    "PTGMGJZC": "",
    "GJKJZEJLR": "",
    "GJKJZZJZC": ""
  }
]

【模块二】
[
  {
    "JZRQ": "2025-12-31",
    "JBMGSY": "0.1648",
    "XSMGSY": "0.1648",
    "JBMGSYKC": "0.1120",
    "XSMGSYKC": "0.1120",
    "PTGJZCSYLJQ": "4.32",
    "KCPTGJZCSYLJQ": "2.94"
  }
]

=== 002022-2026-04-17-科华生物-2025年年度报告.pdf ===
【模块一】
[
  {
    "JZRQ": "2025-12-31",
    "JBMGSY": "-1.4235",
    "XSMGSY": "-1.4235",
    "JBMGSYKC": "",
    "XSMGSYKC": "",
    "JLRJZCSYLJQ": "-24.46",
    "KCHJLRJZCSYLJQ": "",
    "PTGJZCSYLJQ": "",
    "KCPTGJZCSYLJQ": "",
    "YYZSR": "",
    "YYZSRTBZZ": "",
    "YYSR": "1642485860.08",
    "YYSRTBZZ": "-6.63",
    "YYSRKCJE": "542354.84",
    "KCHYYSR": "1641943505.24",
    "KCHYYSRTBZZ": "",
    "JLRHJ": "",
    "JLRHJTBZZ": "",
    "JLR": "-732140993.54",
    "JLRTBZZ": "-14.29",
    "FJCXSY": "13311325.19",
    "KCFJYXSYHDJLR": "-745452318.73",
    "KCFJYXSYHDJLRTBZZ": "-11.47",
    "PTGJLR": "",
    "PTGJLRTBZZ": "",
    "KCFJCXSYHPTGJLR": "",
    "KCFJCXSYHPTGJLRTBZZ": "",
    "JYXJLLJE": "22438665.38",
    "MGJYXJLLJE": "",
    "ZCZE": "4641435221.85",
    "GDQY": "2637914841.01",
    "MGJZCPL": "",
    "PTGMGJZC": "",
    "GJKJZEJLR": "",
    "GJKJZZJZC": ""
  },
  {
    "JZRQ": "2024-12-31",
    "JBMGSY": "-1.2687",
    "XSMGSY": "-1.2687",
    "JBMGSYKC": "",
    "XSMGSYKC": "",
    "JLRJZCSYLJQ": "-17.02",
    "KCHJLRJZCSYLJQ": "",
    "PTGJZCSYLJQ": "",
    "KCPTGJZCSYLJQ": "",
    "YYZSR": "",
    "YYZSRTBZZ": "",
    "YYSR": "1759197330.48",
    "YYSRTBZZ": "",
    "YYSRKCJE": "310232.27",
    "KCHYYSR": "1758887098.21",
    "KCHYYSRTBZZ": "",
    "JLRHJ": "",
    "JLRHJTBZZ": "",
    "JLR": "-640601876.82",
    "JLRTBZZ": "",
    "FJCXSY": "28118976.06",
    "KCFJYXSYHDJLR": "-668720852.88",
    "KCFJYXSYHDJLRTBZZ": "",
    "PTGJLR": "",
    "PTGJLRTBZZ": "",
    "KCFJCXSYHPTGJLR": "",
    "KCFJCXSYHPTGJLRTBZZ": "",
    "JYXJLLJE": "-50115999.67",
    "MGJYXJLLJE": "",
    "ZCZE": "5236128052.84",
    "GDQY": "3349826403.95",
    "MGJZCPL": "",
    "PTGMGJZC": "",
    "GJKJZEJLR": "",
    "GJKJZZJZC": ""
  },
  {
    "JZRQ": "2023-12-31",
    "JBMGSY": "-0.4550",
    "XSMGSY": "-0.4550",
    "JBMGSYKC": "",
    "XSMGSYKC": "",
    "JLRJZCSYLJQ": "-5.24",
    "KCHJLRJZCSYLJQ": "",
    "PTGJZCSYLJQ": "",
    "KCPTGJZCSYLJQ": "",
    "YYZSR": "",
    "YYZSRTBZZ": "",
    "YYSR": "2428075213.95",
    "YYSRTBZZ": "",
    "YYSRKCJE": "",
    "KCHYYSR": "",
    "KCHYYSRTBZZ": "",
    "JLRHJ": "",
    "JLRHJTBZZ": "",
    "JLR": "-234014886.40",
    "JLRTBZZ": "",
    "FJCXSY": "45998114.94",
    "KCFJYXSYHDJLR": "-280013001.34",
    "KCFJYXSYHDJLRTBZZ": "",
    "PTGJLR": "",
    "PTGJLRTBZZ": "",
    "KCFJCXSYHPTGJLR": "",
    "KCFJCXSYHPTGJLRTBZZ": "",
    "JYXJLLJE": "-474894786.47",
    "MGJYXJLLJE": "",
    "ZCZE": "6807739866.34",
    "GDQY": "4172116724.60",
    "MGJZCPL": "",
    "PTGMGJZC": "",
    "GJKJZEJLR": "",
    "GJKJZZJZC": ""
  }
]

【模块二】
[
  {
    "JZRQ": "2025-12-31",
    "JBMGSY": "-1.4235",
    "XSMGSY": "-1.4235",
    "JBMGSYKC": "-1.4494",
    "XSMGSYKC": "-1.4494",
    "PTGJZCSYLJQ": "-24.46",
    "KCPTGJZCSYLJQ": "-24.90"
  }
]

=== 002156-2026-04-17-通富微电-2025年年度报告.pdf ===
【模块一】
[
  {
    "JZRQ": "2025-12-31",
    "JBMGSY": "0.80",
    "XSMGSY": "0.80",
    "JBMGSYKC": "",
    "XSMGSYKC": "",
    "JLRJZCSYLJQ": "8.08",
    "KCHJLRJZCSYLJQ": "",
    "PTGJZCSYLJQ": "",
    "KCPTGJZCSYLJQ": "",
    "YYZSR": "",
    "YYZSRTBZZ": "",
    "YYSR": "27921424656.15",
    "YYSRTBZZ": "16.92",
    "YYSRKCJE": "",
    "KCHYYSR": "",
    "KCHYYSRTBZZ": "",
    "JLRHJ": "",
    "JLRHJTBZZ": "",
    "JLR": "1218708143.38",
    "JLRTBZZ": "79.86",
    "FJCXSY": "378133925.59",
    "KCFJYXSYHDJLR": "840574217.79",
    "KCFJYXSYHDJLRTBZZ": "35.34",
    "PTGJLR": "",
    "PTGJLRTBZZ": "",
    "KCFJCXSYHPTGJLR": "",
    "KCFJCXSYHPTGJLRTBZZ": "",
    "JYXJLLJE": "6965701919.01",
    "MGJYXJLLJE": "",
    "ZCZE": "47266459661.25",
    "GDQY": "15493795234.49",
    "MGJZCPL": "",
    "PTGMGJZC": "",
    "GJKJZEJLR": "",
    "GJKJZZJZC": ""
  },
  {
    "JZRQ": "2024-12-31",
    "JBMGSY": "0.45",
    "XSMGSY": "0.45",
    "JBMGSYKC": "",
    "XSMGSYKC": "",
    "JLRJZCSYLJQ": "4.75",
    "KCHJLRJZCSYLJQ": "",
    "PTGJZCSYLJQ": "",
    "KCPTGJZCSYLJQ": "",
    "YYZSR": "",
    "YYZSRTBZZ": "",
    "YYSR": "23881680710.28",
    "YYSRTBZZ": "",
    "YYSRKCJE": "",
    "KCHYYSR": "",
    "KCHYYSRTBZZ": "",
    "JLRHJ": "",
    "JLRHJTBZZ": "",
    "JLR": "677588312.75",
    "JLRTBZZ": "",
    "FJCXSY": "56501098.93",
    "KCFJYXSYHDJLR": "621087213.82",
    "KCFJYXSYHDJLRTBZZ": "",
    "PTGJLR": "",
    "PTGJLRTBZZ": "",
    "KCFJCXSYHPTGJLR": "",
    "KCFJCXSYHPTGJLRTBZZ": "",
    "JYXJLLJE": "3877209658.23",
    "MGJYXJLLJE": "",
    "ZCZE": "39340187388.18",
    "GDQY": "14690833021.88",
    "MGJZCPL": "",
    "PTGMGJZC": "",
    "GJKJZEJLR": "",
    "GJKJZZJZC": ""
  },
  {
    "JZRQ": "2023-12-31",
    "JBMGSY": "0.11",
    "XSMGSY": "0.11",
    "JBMGSYKC": "",
    "XSMGSYKC": "",
    "JLRJZCSYLJQ": "1.22",
    "KCHJLRJZCSYLJQ": "",
    "PTGJZCSYLJQ": "",
    "KCPTGJZCSYLJQ": "",
    "YYZSR": "",
    "YYZSRTBZZ": "",
    "YYSR": "22269283210.86",
    "YYSRTBZZ": "",
    "YYSRKCJE": "",
    "KCHYYSR": "",
    "KCHYYSRTBZZ": "",
    "JLRHJ": "",
    "JLRHJTBZZ": "",
    "JLR": "169438510.85",
    "JLRTBZZ": "",
    "FJCXSY": "109955021.62",
    "KCFJYXSYHDJLR": "59483489.23",
    "KCFJYXSYHDJLRTBZZ": "",
    "PTGJLR": "",
    "PTGJLRTBZZ": "",
    "KCFJCXSYHPTGJLR": "",
    "KCFJCXSYHPTGJLRTBZZ": "",
    "JYXJLLJE": "4292652175.28",
    "MGJYXJLLJE": "",
    "ZCZE": "34877709853.20",
    "GDQY": "13917141774.57",
    "MGJZCPL": "",
    "PTGMGJZC": "",
    "GJKJZEJLR": "",
    "GJKJZZJZC": ""
  }
]

【模块二】
[
  {
    "JZRQ": "2025-12-31",
    "JBMGSY": "0.80",
    "XSMGSY": "0.80",
    "JBMGSYKC": "0.55",
    "XSMGSYKC": "0.55",
    "PTGJZCSYLJQ": "8.08",
    "KCPTGJZCSYLJQ": "5.57"
  }
]

=== 002183-2026-04-17-怡亚通-2025年年度报告.pdf ===
【模块一】
[
  {
    "JZRQ": "2025-12-31",
    "JBMGSY": "-0.12",
    "XSMGSY": "-0.12",
    "JBMGSYKC": "",
    "XSMGSYKC": "",
    "JLRJZCSYLJQ": "-3.48",
    "KCHJLRJZCSYLJQ": "",
    "PTGJZCSYLJQ": "",
    "KCPTGJZCSYLJQ": "",
    "YYZSR": "",
    "YYZSRTBZZ": "",
    "YYSR": "68194270159.00",
    "YYSRTBZZ": "-12.14",
    "YYSRKCJE": "0.00",
    "KCHYYSR": "68194270159.00",
    "KCHYYSRTBZZ": "",
    "JLRHJ": "",
    "JLRHJTBZZ": "",
    "JLR": "-319090133.00",
    "JLRTBZZ": "-401.43",
    "FJCXSY": "106757890.00",
    "KCFJYXSYHDJLR": "-425848023.00",
    "KCFJYXSYHDJLRTBZZ": "-563.05",
    "PTGJLR": "",
    "PTGJLRTBZZ": "",
    "KCFJCXSYHPTGJLR": "",
    "KCFJCXSYHPTGJLRTBZZ": "",
    "JYXJLLJE": "899621678.00",
    "MGJYXJLLJE": "",
    "ZCZE": "58038793923.00",
    "GDQY": "9113603781.00",
    "MGJZCPL": "",
    "PTGMGJZC": "",
    "GJKJZEJLR": "",
    "GJKJZZJZC": ""
  },
  {
    "JZRQ": "2024-12-31",
    "JBMGSY": "0.04",
    "XSMGSY": "0.04",
    "JBMGSYKC": "",
    "XSMGSYKC": "",
    "JLRJZCSYLJQ": "1.16",
    "KCHJLRJZCSYLJQ": "",
    "PTGJZCSYLJQ": "",
    "KCPTGJZCSYLJQ": "",
    "YYZSR": "",
    "YYZSRTBZZ": "",
    "YYSR": "77616298804.00",
    "YYSRTBZZ": "",
    "YYSRKCJE": "0.00",
    "KCHYYSR": "77616298804.00",
    "KCHYYSRTBZZ": "",
    "JLRHJ": "",
    "JLRHJTBZZ": "",
    "JLR": "105858827.00",
    "JLRTBZZ": "",
    "FJCXSY": "13893443.00",
    "KCFJYXSYHDJLR": "91965384.00",
    "KCFJYXSYHDJLRTBZZ": "",
    "PTGJLR": "",
    "PTGJLRTBZZ": "",
    "KCFJCXSYHPTGJLR": "",
    "KCFJCXSYHPTGJLRTBZZ": "",
    "JYXJLLJE": "338392700.00",
    "MGJYXJLLJE": "",
    "ZCZE": "57547310743.00",
    "GDQY": "9234702315.00",
    "MGJZCPL": "",
    "PTGMGJZC": "",
    "GJKJZEJLR": "",
    "GJKJZZJZC": ""
  },
  {
    "JZRQ": "2023-12-31",
    "JBMGSY": "0.05",
    "XSMGSY": "0.05",
    "JBMGSYKC": "",
    "XSMGSYKC": "",
    "JLRJZCSYLJQ": "0.02",
    "KCHJLRJZCSYLJQ": "",
    "PTGJZCSYLJQ": "",
    "KCPTGJZCSYLJQ": "",
    "YYZSR": "",
    "YYZSRTBZZ": "",
    "YYSR": "94422370411.00",
    "YYSRTBZZ": "",
    "YYSRKCJE": "",
    "KCHYYSR": "",
    "KCHYYSRTBZZ": "",
    "JLRHJ": "",
    "JLRHJTBZZ": "",
    "JLR": "140986700.00",
    "JLRTBZZ": "",
    "FJCXSY": "60958028.00",
    "KCFJYXSYHDJLR": "80028672.00",
    "KCFJYXSYHDJLRTBZZ": "",
    "PTGJLR": "",
    "PTGJLRTBZZ": "",
    "KCFJCXSYHPTGJLR": "",
    "KCFJCXSYHPTGJLRTBZZ": "",
    "JYXJLLJE": "116118558.00",
    "MGJYXJLLJE": "",
    "ZCZE": "54209592372.00",
    "GDQY": "9014103709.00",
    "MGJZCPL": "",
    "PTGMGJZC": "",
    "GJKJZEJLR": "",
    "GJKJZZJZC": ""
  }
]

【模块二】
[
  {
    "JZRQ": "2025-12-31",
    "JBMGSY": "-0.12",
    "XSMGSY": "-0.12",
    "JBMGSYKC": "-0.16",
    "XSMGSYKC": "-0.16",
    "PTGJZCSYLJQ": "-3.48",
    "KCPTGJZCSYLJQ": "-4.64"
  }
]

=== 002343-2026-04-17-慈文传媒-2025年年度报告.pdf ===
【模块一】
[
  {
    "JZRQ": "2025-12-31",
    "JBMGSY": "-0.04",
    "XSMGSY": "-0.04",
    "JBMGSYKC": "",
    "XSMGSYKC": "",
    "JLRJZCSYLJQ": "-1.83",
    "KCHJLRJZCSYLJQ": "",
    "PTGJZCSYLJQ": "",
    "KCPTGJZCSYLJQ": "",
    "YYZSR": "",
    "YYZSRTBZZ": "",
    "YYSR": "397859700.85",
    "YYSRTBZZ": "8.69",
    "YYSRKCJE": "574496.12",
    "KCHYYSR": "397285204.73",
    "KCHYYSRTBZZ": "",
    "JLRHJ": "",
    "JLRHJTBZZ": "",
    "JLR": "-18077598.28",
    "JLRTBZZ": "-159.57",
    "FJCXSY": "60064437.18",
    "KCFJYXSYHDJLR": "-78142035.46",
    "KCFJYXSYHDJLRTBZZ": "-708.04",
    "PTGJLR": "",
    "PTGJLRTBZZ": "",
    "KCFJCXSYHPTGJLR": "",
    "KCFJCXSYHPTGJLRTBZZ": "",
    "JYXJLLJE": "-52994421.76",
    "MGJYXJLLJE": "",
    "ZCZE": "1715940658.34",
    "GDQY": "968468364.91",
    "MGJZCPL": "",
    "PTGMGJZC": "",
    "GJKJZEJLR": "",
    "GJKJZZJZC": ""
  },
  {
    "JZRQ": "2024-12-31",
    "JBMGSY": "0.06",
    "XSMGSY": "0.06",
    "JBMGSYKC": "",
    "XSMGSYKC": "",
    "JLRJZCSYLJQ": "3.09",
    "KCHJLRJZCSYLJQ": "",
    "PTGJZCSYLJQ": "",
    "KCPTGJZCSYLJQ": "",
    "YYZSR": "",
    "YYZSRTBZZ": "",
    "YYSR": "366050649.79",
    "YYSRTBZZ": "",
    "YYSRKCJE": "713168.54",
    "KCHYYSR": "365337481.25",
    "KCHYYSRTBZZ": "",
    "JLRHJ": "",
    "JLRHJTBZZ": "",
    "JLR": "30347806.20",
    "JLRTBZZ": "",
    "FJCXSY": "17496369.81",
    "KCFJYXSYHDJLR": "12851436.39",
    "KCFJYXSYHDJLRTBZZ": "",
    "PTGJLR": "",
    "PTGJLRTBZZ": "",
    "KCFJCXSYHPTGJLR": "",
    "KCFJCXSYHPTGJLRTBZZ": "",
    "JYXJLLJE": "-234746773.51",
    "MGJYXJLLJE": "",
    "ZCZE": "1618479482.46",
    "GDQY": "996940946.02",
    "MGJZCPL": "",
    "PTGMGJZC": "",
    "GJKJZEJLR": "",
    "GJKJZZJZC": ""
  },
  {
    "JZRQ": "2023-12-31",
    "JBMGSY": "0.06",
    "XSMGSY": "0.06",
    "JBMGSYKC": "",
    "XSMGSYKC": "",
    "JLRJZCSYLJQ": "2.90",
    "KCHJLRJZCSYLJQ": "",
    "PTGJZCSYLJQ": "",
    "KCPTGJZCSYLJQ": "",
    "YYZSR": "",
    "YYZSRTBZZ": "",
    "YYSR": "461189422.61",
    "YYSRTBZZ": "",
    "YYSRKCJE": "",
    "KCHYYSR": "",
    "KCHYYSRTBZZ": "",
    "JLRHJ": "",
    "JLRHJTBZZ": "",
    "JLR": "27627755.99",
    "JLRTBZZ": "",
    "FJCXSY": "67283995.90",
    "KCFJYXSYHDJLR": "-39656239.91",
    "KCFJYXSYHDJLRTBZZ": "",
    "PTGJLR": "",
    "PTGJLRTBZZ": "",
    "KCFJCXSYHPTGJLR": "",
    "KCFJCXSYHPTGJLRTBZZ": "",
    "JYXJLLJE": "12275078.45",
    "MGJYXJLLJE": "",
    "ZCZE": "1267676001.29",
    "GDQY": "966917919.58",
    "MGJZCPL": "",
    "PTGMGJZC": "",
    "GJKJZEJLR": "",
    "GJKJZZJZC": ""
  }
]

【模块二】
[
  {
    "JZRQ": "2025-12-31",
    "JBMGSY": "-0.04",
    "XSMGSY": "-0.04",
    "JBMGSYKC": "-0.1646",
    "XSMGSYKC": "-0.1646",
    "PTGJZCSYLJQ": "-1.83",
    "KCPTGJZCSYLJQ": "-7.93"
  }
]

=== 002204-2026-04-17-大连重工-2025年年度报告.pdf ===
【模块一】
[
  {
    "JZRQ": "2025-12-31",
    "JBMGSY": "0.3049",
    "XSMGSY": "0.3049",
    "JBMGSYKC": "",
    "XSMGSYKC": "",
    "JLRJZCSYLJQ": "7.65",
    "KCHJLRJZCSYLJQ": "",
    "PTGJZCSYLJQ": "",
    "KCPTGJZCSYLJQ": "",
    "YYZSR": "",
    "YYZSRTBZZ": "",
    "YYSR": "15517282463.43",
    "YYSRTBZZ": "8.66",
    "YYSRKCJE": "",
    "KCHYYSR": "",
    "KCHYYSRTBZZ": "",
    "JLRHJ": "",
    "JLRHJTBZZ": "",
    "JLR": "583079439.56",
    "JLRTBZZ": "17.11",
    "FJCXSY": "174959068.29",
    "KCFJYXSYHDJLR": "408120371.27",
    "KCFJYXSYHDJLRTBZZ": "20.28",
    "PTGJLR": "",
    "PTGJLRTBZZ": "",
    "KCFJCXSYHPTGJLR": "",
    "KCFJCXSYHPTGJLRTBZZ": "",
    "JYXJLLJE": "774491495.11",
    "MGJYXJLLJE": "",
    "ZCZE": "27029293206.54",
    "GDQY": "7826660862.43",
    "MGJZCPL": "",
    "PTGMGJZC": "",
    "GJKJZEJLR": "",
    "GJKJZZJZC": ""
  },
  {
    "JZRQ": "2024-12-31",
    "JBMGSY": "0.2591",
    "XSMGSY": "0.2591",
    "JBMGSYKC": "",
    "XSMGSYKC": "",
    "JLRJZCSYLJQ": "6.89",
    "KCHJLRJZCSYLJQ": "",
    "PTGJZCSYLJQ": "",
    "KCPTGJZCSYLJQ": "",
    "YYZSR": "",
    "YYZSRTBZZ": "",
    "YYSR": "14280698386.36",
    "YYSRTBZZ": "",
    "YYSRKCJE": "",
    "KCHYYSR": "",
    "KCHYYSRTBZZ": "",
    "JLRHJ": "",
    "JLRHJTBZZ": "",
    "JLR": "497874357.37",
    "JLRTBZZ": "",
    "FJCXSY": "158572377.50",
    "KCFJYXSYHDJLR": "339301979.87",
    "KCFJYXSYHDJLRTBZZ": "",
    "PTGJLR": "",
    "PTGJLRTBZZ": "",
    "KCFJCXSYHPTGJLR": "",
    "KCFJCXSYHPTGJLRTBZZ": "",
    "JYXJLLJE": "579781599.20",
    "MGJYXJLLJE": "",
    "ZCZE": "26326228649.29",
    "GDQY": "7328856634.90",
    "MGJZCPL": "",
    "PTGMGJZC": "",
    "GJKJZEJLR": "",
    "GJKJZZJZC": ""
  },
  {
    "JZRQ": "2023-12-31",
    "JBMGSY": "0.1880",
    "XSMGSY": "0.1880",
    "JBMGSYKC": "",
    "XSMGSYKC": "",
    "JLRJZCSYLJQ": "5.30",
    "KCHJLRJZCSYLJQ": "",
    "PTGJZCSYLJQ": "",
    "KCPTGJZCSYLJQ": "",
    "YYZSR": "",
    "YYZSRTBZZ": "",
    "YYSR": "12003144757.85",
    "YYSRTBZZ": "",
    "YYSRKCJE": "",
    "KCHYYSR": "",
    "KCHYYSRTBZZ": "",
    "JLRHJ": "",
    "JLRHJTBZZ": "",
    "JLR": "363104519.62",
    "JLRTBZZ": "",
    "FJCXSY": "159918272.73",
    "KCFJYXSYHDJLR": "203186246.89",
    "KCFJYXSYHDJLRTBZZ": "",
    "PTGJLR": "",
    "PTGJLRTBZZ": "",
    "KCFJCXSYHPTGJLR": "",
    "KCFJCXSYHPTGJLRTBZZ": "",
    "JYXJLLJE": "-157295201.36",
    "MGJYXJLLJE": "",
    "ZCZE": "24283008913.28",
    "GDQY": "6978281153.03",
    "MGJZCPL": "",
    "PTGMGJZC": "",
    "GJKJZEJLR": "",
    "GJKJZZJZC": ""
  }
]

【模块二】
[
  {
    "JZRQ": "2025-12-31",
    "JBMGSY": "0.3049",
    "XSMGSY": "0.3049",
    "JBMGSYKC": "0.2134",
    "XSMGSYKC": "0.2134",
    "PTGJZCSYLJQ": "7.65",
    "KCPTGJZCSYLJQ": "5.35"
  }
]

=== 002271-2026-04-17-东方雨虹-2025年年度报告.pdf ===
【模块一】
[
  {
    "JZRQ": "2025-12-31",
    "JBMGSY": "0.05",
    "XSMGSY": "0.05",
    "JBMGSYKC": "",
    "XSMGSYKC": "",
    "JLRJZCSYLJQ": "0.50",
    "KCHJLRJZCSYLJQ": "",
    "PTGJZCSYLJQ": "",
    "KCPTGJZCSYLJQ": "",
    "YYZSR": "",
    "YYZSRTBZZ": "",
    "YYSR": "27578652775.30",
    "YYSRTBZZ": "-1.70",
    "YYSRKCJE": "",
    "KCHYYSR": "",
    "KCHYYSRTBZZ": "",
    "JLRHJ": "",
    "JLRHJTBZZ": "",
    "JLR": "113267071.15",
    "JLRTBZZ": "4.71",
    "FJCXSY": "-122529910.18",
    "KCFJYXSYHDJLR": "235796981.33",
    "KCFJYXSYHDJLRTBZZ": "90.74",
    "PTGJLR": "",
    "PTGJLRTBZZ": "",
    "KCFJCXSYHPTGJLR": "",
    "KCFJCXSYHPTGJLRTBZZ": "",
    "JYXJLLJE": "3554185742.99",
    "MGJYXJLLJE": "",
    "ZCZE": "41743678666.63",
    "GDQY": "20134510617.56",
    "MGJZCPL": "",
    "PTGMGJZC": "",
    "GJKJZEJLR": "",
    "GJKJZZJZC": ""
  },
  {
    "JZRQ": "2024-12-31",
    "JBMGSY": "0.04",
    "XSMGSY": "0.04",
    "JBMGSYKC": "",
    "XSMGSYKC": "",
    "JLRJZCSYLJQ": "0.41",
    "KCHJLRJZCSYLJQ": "",
    "PTGJZCSYLJQ": "",
    "KCPTGJZCSYLJQ": "",
    "YYZSR": "",
    "YYZSRTBZZ": "",
    "YYSR": "28055609124.88",
    "YYSRTBZZ": "",
    "YYSRKCJE": "",
    "KCHYYSR": "",
    "KCHYYSRTBZZ": "",
    "JLRHJ": "",
    "JLRHJTBZZ": "",
    "JLR": "108173220.94",
    "JLRTBZZ": "",
    "FJCXSY": "-15446410.77",
    "KCFJYXSYHDJLR": "123619631.71",
    "KCFJYXSYHDJLRTBZZ": "",
    "PTGJLR": "",
    "PTGJLRTBZZ": "",
    "KCFJCXSYHPTGJLR": "",
    "KCFJCXSYHPTGJLRTBZZ": "",
    "JYXJLLJE": "3457444253.01",
    "MGJYXJLLJE": "",
    "ZCZE": "44715448811.80",
    "GDQY": "24934259584.77",
    "MGJZCPL": "",
    "PTGMGJZC": "",
    "GJKJZEJLR": "",
    "GJKJZZJZC": ""
  },
  {
    "JZRQ": "2023-12-31",
    "JBMGSY": "0.91",
    "XSMGSY": "0.9",
    "JBMGSYKC": "",
    "XSMGSYKC": "",
    "JLRJZCSYLJQ": "8.24",
    "KCHJLRJZCSYLJQ": "",
    "PTGJZCSYLJQ": "",
    "KCPTGJZCSYLJQ": "",
    "YYZSR": "",
    "YYZSRTBZZ": "",
    "YYSR": "32822528108.42",
    "YYSRTBZZ": "",
    "YYSRKCJE": "",
    "KCHYYSR": "",
    "KCHYYSRTBZZ": "",
    "JLRHJ": "",
    "JLRHJTBZZ": "",
    "JLR": "2273331266.86",
    "JLRTBZZ": "",
    "FJCXSY": "432607072.84",
    "KCFJYXSYHDJLR": "1840724194.02",
    "KCFJYXSYHDJLRTBZZ": "",
    "PTGJLR": "",
    "PTGJLRTBZZ": "",
    "KCFJCXSYHPTGJLR": "",
    "KCFJCXSYHPTGJLRTBZZ": "",
    "JYXJLLJE": "2103197639.61",
    "MGJYXJLLJE": "",
    "ZCZE": "51173993594.77",
    "GDQY": "28374014507.51",
    "MGJZCPL": "",
    "PTGMGJZC": "",
    "GJKJZEJLR": "",
    "GJKJZZJZC": ""
  }
]

【模块二】
[
  {
    "JZRQ": "2025-12-31",
    "JBMGSY": "0.05",
    "XSMGSY": "0.05",
    "JBMGSYKC": "0.10",
    "XSMGSYKC": "0.10",
    "PTGJZCSYLJQ": "0.50",
    "KCPTGJZCSYLJQ": "1.04"
  }
]

=== 002467-2026-04-17-二六三-2025年年度报告.pdf ===
【模块一】
[
  {
    "JZRQ": "2025-12-31",
    "JBMGSY": "-0.21",
    "XSMGSY": "-0.21",
    "JLRJZCSYLJQ": "-16.34",
    "KCHJLRJZCSYLJQ": "",
    "YYSR": "797234606.03",
    "YYSRTBZZ": "-8.12",
    "YYSRKCJE": "135185.47",
    "KCHYYSR": "797099420.56",
    "KCHYYSRTBZZ": "",
    "JLR": "-284429823.52",
    "JLRTBZZ": "-515.01",
    "FJCXSY": "8868037.81",
    "KCFJYXSYHDJLR": "-293297861.33",
    "KCFJYXSYHDJLRTBZZ": "-610.21",
    "JYXJLLJE": "103286814.53",
    "ZCZE": "2071364773.01",
    "GDQY": "1587699932.64"
  },
  {
    "JZRQ": "2024-12-31",
    "JBMGSY": "0.05",
    "XSMGSY": "0.05",
    "JLRJZCSYLJQ": "3.69",
    "KCHJLRJZCSYLJQ": "",
    "YYSR": "867664313.11",
    "YYSRTBZZ": "",
    "YYSRKCJE": "48417631.33",
    "KCHYYSR": "819246681.78",
    "KCHYYSRTBZZ": "",
    "JLR": "68536273.56",
    "JLRTBZZ": "",
    "FJCXSY": "11050654.22",
    "KCFJYXSYHDJLR": "57485619.34",
    "KCFJYXSYHDJLRTBZZ": "",
    "JYXJLLJE": "160776822.97",
    "ZCZE": "2368902284.30",
    "GDQY": "1896778552.95"
  },
  {
    "JZRQ": "2023-12-31",
    "JBMGSY": "-0.19",
    "XSMGSY": "-0.19",
    "JLRJZCSYLJQ": "-12.80",
    "KCHJLRJZCSYLJQ": "",
    "YYSR": "889901133.90",
    "YYSRTBZZ": "",
    "YYSRKCJE": "",
    "KCHYYSR": "",
    "KCHYYSRTBZZ": "",
    "JLR": "-255397817.99",
    "JLRTBZZ": "",
    "FJCXSY": "-122734228.24",
    "KCFJYXSYHDJLR": "-132663589.75",
    "KCFJYXSYHDJLRTBZZ": "",
    "JYXJLLJE": "139802492.82",
    "ZCZE": "2323257306.73",
    "GDQY": "1816365631.27"
  }
]

【模块二】
[
  {
    "JZRQ": "2025-12-31",
    "JBMGSY": "-0.21",
    "XSMGSY": "-0.21",
    "JBMGSYKC": "-0.21",
    "XSMGSYKC": "-0.21",
    "PTGJZCSYLJQ": "-16.34",
    "KCPTGJZCSYLJQ": "-16.85"
  }
]

=== 002365-2026-04-17-永安药业-2025年年度报告.pdf ===
【模块一】
[
  {
    "JZRQ": "2025-12-31",
    "JBMGSY": "0.0777",
    "XSMGSY": "0.0777",
    "JBMGSYKC": "",
    "XSMGSYKC": "",
    "JLRJZCSYLJQ": "1.13",
    "KCHJLRJZCSYLJQ": "",
    "PTGJZCSYLJQ": "",
    "KCPTGJZCSYLJQ": "",
    "YYZSR": "",
    "YYZSRTBZZ": "",
    "YYSR": "783167007.89",
    "YYSRTBZZ": "-6.63",
    "YYSRKCJE": "4879981.78",
    "KCHYYSR": "778287026.11",
    "KCHYYSRTBZZ": "",
    "JLRHJ": "",
    "JLRHJTBZZ": "",
    "JLR": "22493429.92",
    "JLRTBZZ": "-63.58",
    "FJCXSY": "24935353.70",
    "KCFJYXSYHDJLR": "-2441923.78",
    "KCFJYXSYHDJLRTBZZ": "-109.13",
    "PTGJLR": "",
    "PTGJLRTBZZ": "",
    "KCFJCXSYHPTGJLR": "",
    "KCFJCXSYHPTGJLRTBZZ": "",
    "JYXJLLJE": "139083418.94",
    "MGJYXJLLJE": "",
    "ZCZE": "2200661591.10",
    "GDQY": "1987008294.36",
    "MGJZCPL": "",
    "PTGMGJZC": "",
    "GJKJZEJLR": "",
    "GJKJZZJZC": ""
  },
  {
    "JZRQ": "2024-12-31",
    "JBMGSY": "0.2107",
    "XSMGSY": "0.2096",
    "JBMGSYKC": "",
    "XSMGSYKC": "",
    "JLRJZCSYLJQ": "3.11",
    "KCHJLRJZCSYLJQ": "",
    "PTGJZCSYLJQ": "",
    "KCPTGJZCSYLJQ": "",
    "YYZSR": "",
    "YYZSRTBZZ": "",
    "YYSR": "838814941.70",
    "YYSRTBZZ": "",
    "YYSRKCJE": "5471693.35",
    "KCHYYSR": "833343248.35",
    "KCHYYSRTBZZ": "",
    "JLRHJ": "",
    "JLRHJTBZZ": "",
    "JLR": "61766022.21",
    "JLRTBZZ": "",
    "FJCXSY": "35007950.46",
    "KCFJYXSYHDJLR": "26758071.75",
    "KCFJYXSYHDJLRTBZZ": "",
    "PTGJLR": "",
    "PTGJLRTBZZ": "",
    "KCFJCXSYHPTGJLR": "",
    "KCFJCXSYHPTGJLRTBZZ": "",
    "JYXJLLJE": "105712681.54",
    "MGJYXJLLJE": "",
    "ZCZE": "2308602905.85",
    "GDQY": "1993780889.08",
    "MGJZCPL": "",
    "PTGMGJZC": "",
    "GJKJZEJLR": "",
    "GJKJZZJZC": ""
  },
  {
    "JZRQ": "2023-12-31",
    "JBMGSY": "-0.0418",
    "XSMGSY": "-0.0418",
    "JBMGSYKC": "",
    "XSMGSYKC": "",
    "JLRJZCSYLJQ": "-0.61",
    "KCHJLRJZCSYLJQ": "",
    "PTGJZCSYLJQ": "",
    "KCPTGJZCSYLJQ": "",
    "YYZSR": "",
    "YYZSRTBZZ": "",
    "YYSR": "972890144.84",
    "YYSRTBZZ": "",
    "YYSRKCJE": "",
    "KCHYYSR": "",
    "KCHYYSRTBZZ": "",
    "JLRHJ": "",
    "JLRHJTBZZ": "",
    "JLR": "-12312563.51",
    "JLRTBZZ": "",
    "FJCXSY": "63682790.86",
    "KCFJYXSYHDJLR": "-75995354.37",
    "KCFJYXSYHDJLRTBZZ": "",
    "PTGJLR": "",
    "PTGJLRTBZZ": "",
    "KCFJCXSYHPTGJLR": "",
    "KCFJCXSYHPTGJLRTBZZ": "",
    "JYXJLLJE": "221196161.28",
    "MGJYXJLLJE": "",
    "ZCZE": "2347138093.66",
    "GDQY": "1983913143.72",
    "MGJZCPL": "",
    "PTGMGJZC": "",
    "GJKJZEJLR": "",
    "GJKJZZJZC": ""
  }
]

【模块二】
[
  {
    "JZRQ": "2025-12-31",
    "JBMGSY": "0.0777",
    "XSMGSY": "0.0777",
    "JBMGSYKC": "-0.0084",
    "XSMGSYKC": "-0.0084",
    "PTGJZCSYLJQ": "1.13",
    "KCPTGJZCSYLJQ": "-0.12"
  }
]

=== 002445-2026-04-17-中南文化-2025年年度报告.pdf ===
【模块一】
[
  {
    "JZRQ": "2025-12-31",
    "JBMGSY": "0.03",
    "XSMGSY": "0.03",
    "JBMGSYKC": "",
    "XSMGSYKC": "",
    "JLRJZCSYLJQ": "3.38",
    "KCHJLRJZCSYLJQ": "",
    "PTGJZCSYLJQ": "",
    "KCPTGJZCSYLJQ": "",
    "YYZSR": "",
    "YYZSRTBZZ": "",
    "YYSR": "1166802608.44",
    "YYSRTBZZ": "26.67",
    "YYSRKCJE": "",
    "KCHYYSR": "",
    "KCHYYSRTBZZ": "",
    "JLRHJ": "",
    "JLRHJTBZZ": "",
    "JLR": "74667070.71",
    "JLRTBZZ": "30.03",
    "FJCXSY": "35061414.22",
    "KCFJYXSYHDJLR": "39605656.49",
    "KCFJYXSYHDJLRTBZZ": "-25.55",
    "PTGJLR": "",
    "PTGJLRTBZZ": "",
    "KCFJCXSYHPTGJLR": "",
    "KCFJCXSYHPTGJLRTBZZ": "",
    "JYXJLLJE": "-33594959.85",
    "MGJYXJLLJE": "",
    "ZCZE": "2964583427.07",
    "GDQY": "2257879782.64",
    "MGJZCPL": "",
    "PTGMGJZC": "",
    "GJKJZEJLR": "",
    "GJKJZZJZC": ""
  },
  {
    "JZRQ": "2024-12-31",
    "JBMGSY": "0.02",
    "XSMGSY": "0.02",
    "JBMGSYKC": "",
    "XSMGSYKC": "",
    "JLRJZCSYLJQ": "2.63",
    "KCHJLRJZCSYLJQ": "",
    "PTGJZCSYLJQ": "",
    "KCPTGJZCSYLJQ": "",
    "YYZSR": "",
    "YYZSRTBZZ": "",
    "YYSR": "921158599.89",
    "YYSRTBZZ": "",
    "YYSRKCJE": "",
    "KCHYYSR": "",
    "KCHYYSRTBZZ": "",
    "JLRHJ": "",
    "JLRHJTBZZ": "",
    "JLR": "57421686.30",
    "JLRTBZZ": "",
    "FJCXSY": "4225467.98",
    "KCFJYXSYHDJLR": "53196218.32",
    "KCFJYXSYHDJLRTBZZ": "",
    "PTGJLR": "",
    "PTGJLRTBZZ": "",
    "KCFJCXSYHPTGJLR": "",
    "KCFJCXSYHPTGJLRTBZZ": "",
    "JYXJLLJE": "103652300.09",
    "MGJYXJLLJE": "",
    "ZCZE": "2862807453.09",
    "GDQY": "2200339135.11",
    "MGJZCPL": "",
    "PTGMGJZC": "",
    "GJKJZEJLR": "",
    "GJKJZZJZC": ""
  },
  {
    "JZRQ": "2023-12-31",
    "JBMGSY": "0.05",
    "XSMGSY": "0.05",
    "JBMGSYKC": "",
    "XSMGSYKC": "",
    "JLRJZCSYLJQ": "6.35",
    "KCHJLRJZCSYLJQ": "",
    "PTGJZCSYLJQ": "",
    "KCPTGJZCSYLJQ": "",
    "YYZSR": "",
    "YYZSRTBZZ": "",
    "YYSR": "721033663.95",
    "YYSRTBZZ": "",
    "YYSRKCJE": "",
    "KCHYYSR": "",
    "KCHYYSRTBZZ": "",
    "JLRHJ": "",
    "JLRHJTBZZ": "",
    "JLR": "128712718.83",
    "JLRTBZZ": "",
    "FJCXSY": "52182817.82",
    "KCFJYXSYHDJLR": "76529901.01",
    "KCFJYXSYHDJLRTBZZ": "",
    "PTGJLR": "",
    "PTGJLRTBZZ": "",
    "KCFJCXSYHPTGJLR": "",
    "KCFJCXSYHPTGJLRTBZZ": "",
    "JYXJLLJE": "33208279.74",
    "MGJYXJLLJE": "",
    "ZCZE": "2647421209.34",
    "GDQY": "2155301220.65",
    "MGJZCPL": "",
    "PTGMGJZC": "",
    "GJKJZEJLR": "",
    "GJKJZZJZC": ""
  }
]

【模块二】
[
  {
    "JZRQ": "2025-12-31",
    "JBMGSY": "0.03",
    "XSMGSY": "0.03",
    "JBMGSYKC": "0.02",
    "XSMGSYKC": "0.02",
    "PTGJZCSYLJQ": "3.38",
    "KCPTGJZCSYLJQ": "1.79"
  }
]

=== 002353-2026-04-17-杰瑞股份-2025年年度报告.pdf ===
【模块一】
[
  {
    "JZRQ": "2025-12-31",
    "JBMGSY": "2.64",
    "XSMGSY": "2.64",
    "JBMGSYKC": "",
    "XSMGSYKC": "",
    "JLRJZCSYLJQ": "12.15",
    "KCHJLRJZCSYLJQ": "",
    "PTGJZCSYLJQ": "",
    "KCPTGJZCSYLJQ": "",
    "YYZSR": "",
    "YYZSRTBZZ": "",
    "YYSR": "16222988113.76",
    "YYSRTBZZ": "21.48",
    "YYSRKCJE": "",
    "KCHYYSR": "",
    "KCHYYSRTBZZ": "",
    "JLRHJ": "",
    "JLRHJTBZZ": "",
    "JLR": "2680474679.70",
    "JLRTBZZ": "2.03",
    "FJCXSY": "-2496391.96",
    "KCFJYXSYHDJLR": "2682971071.66",
    "KCFJYXSYHDJLRTBZZ": "11.69",
    "PTGJLR": "",
    "PTGJLRTBZZ": "",
    "KCFJCXSYHPTGJLR": "",
    "KCFJCXSYHPTGJLRTBZZ": "",
    "JYXJLLJE": "5378440401.54",
    "MGJYXJLLJE": "",
    "ZCZE": "39130441106.20",
    "GDQY": "23025566743.61",
    "MGJZCPL": "",
    "PTGMGJZC": "",
    "GJKJZEJLR": "",
    "GJKJZZJZC": ""
  },
  {
    "JZRQ": "2024-12-31",
    "JBMGSY": "2.59",
    "XSMGSY": "2.59",
    "JBMGSYKC": "",
    "XSMGSYKC": "",
    "JLRJZCSYLJQ": "13.02",
    "KCHJLRJZCSYLJQ": "",
    "PTGJZCSYLJQ": "",
    "KCPTGJZCSYLJQ": "",
    "YYZSR": "",
    "YYZSRTBZZ": "",
    "YYSR": "13354918639.62",
    "YYSRTBZZ": "",
    "YYSRKCJE": "",
    "KCHYYSR": "",
    "KCHYYSRTBZZ": "",
    "JLRHJ": "",
    "JLRHJTBZZ": "",
    "JLR": "2627034930.95",
    "JLRTBZZ": "",
    "FJCXSY": "224896129.61",
    "KCFJYXSYHDJLR": "2402138801.34",
    "KCFJYXSYHDJLRTBZZ": "",
    "PTGJLR": "",
    "PTGJLRTBZZ": "",
    "KCFJCXSYHPTGJLR": "",
    "KCFJCXSYHPTGJLRTBZZ": "",
    "JYXJLLJE": "2593637284.92",
    "MGJYXJLLJE": "",
    "ZCZE": "35695116715.45",
    "GDQY": "21155377731.40",
    "MGJZCPL": "",
    "PTGMGJZC": "",
    "GJKJZEJLR": "",
    "GJKJZZJZC": ""
  },
  {
    "JZRQ": "2023-12-31",
    "JBMGSY": "2.42",
    "XSMGSY": "2.42",
    "JBMGSYKC": "",
    "XSMGSYKC": "",
    "JLRJZCSYLJQ": "13.45",
    "KCHJLRJZCSYLJQ": "",
    "PTGJZCSYLJQ": "",
    "KCPTGJZCSYLJQ": "",
    "YYZSR": "",
    "YYZSRTBZZ": "",
    "YYSR": "13912093668.10",
    "YYSRTBZZ": "",
    "YYSRKCJE": "",
    "KCHYYSR": "",
    "KCHYYSRTBZZ": "",
    "JLRHJ": "",
    "JLRHJTBZZ": "",
    "JLR": "2454377699.43",
    "JLRTBZZ": "",
    "FJCXSY": "67689740.57",
    "KCFJYXSYHDJLR": "2386687958.86",
    "KCFJYXSYHDJLRTBZZ": "",
    "PTGJLR": "",
    "PTGJLRTBZZ": "",
    "KCFJCXSYHPTGJLR": "",
    "KCFJCXSYHPTGJLRTBZZ": "",
    "JYXJLLJE": "1048774539.31",
    "MGJYXJLLJE": "",
    "ZCZE": "31776572493.51",
    "GDQY": "19321272001.38",
    "MGJZCPL": "",
    "PTGMGJZC": "",
    "GJKJZEJLR": "",
    "GJKJZZJZC": ""
  }
]

【模块二】
[
  {
    "JZRQ": "2025-12-31",
    "JBMGSY": "2.64",
    "XSMGSY": "2.64",
    "JBMGSYKC": "2.64",
    "XSMGSYKC": "2.64",
    "PTGJZCSYLJQ": "12.15",
    "KCPTGJZCSYLJQ": "12.16"
  }
]

=== 002555-2026-04-17-三七互娱-2025年年度报告.pdf ===
【模块一】
[
  {
    "JZRQ": "2025-12-31",
    "JBMGSY": "1.32",
    "XSMGSY": "1.32",
    "JBMGSYKC": "",
    "XSMGSYKC": "",
    "JLRJZCSYLJQ": "21.73",
    "KCHJLRJZCSYLJQ": "",
    "PTGJZCSYLJQ": "",
    "KCPTGJZCSYLJQ": "",
    "YYZSR": "",
    "YYZSRTBZZ": "",
    "YYSR": "15965709257.73",
    "YYSRTBZZ": "-8.46",
    "YYSRKCJE": "",
    "KCHYYSR": "",
    "KCHYYSRTBZZ": "",
    "JLRHJ": "",
    "JLRHJTBZZ": "",
    "JLR": "2900228102.32",
    "JLRTBZZ": "8.50",
    "FJCXSY": "54869680.12",
    "KCFJYXSYHDJLR": "2845358422.20",
    "KCFJYXSYHDJLRTBZZ": "9.81",
    "PTGJLR": "",
    "PTGJLRTBZZ": "",
    "KCFJCXSYHPTGJLR": "",
    "KCFJCXSYHPTGJLRTBZZ": "",
    "JYXJLLJE": "3538334677.62",
    "MGJYXJLLJE": "",
    "ZCZE": "22315257868.14",
    "GDQY": "13534207976.09",
    "MGJZCPL": "",
    "PTGMGJZC": "",
    "GJKJZEJLR": "",
    "GJKJZZJZC": ""
  },
  {
    "JZRQ": "2024-12-31",
    "JBMGSY": "1.21",
    "XSMGSY": "1.21",
    "JBMGSYKC": "",
    "XSMGSYKC": "",
    "JLRJZCSYLJQ": "20.58",
    "KCHJLRJZCSYLJQ": "",
    "PTGJZCSYLJQ": "",
    "KCPTGJZCSYLJQ": "",
    "YYZSR": "",
    "YYZSRTBZZ": "",
    "YYSR": "17440957495.58",
    "YYSRTBZZ": "",
    "YYSRKCJE": "",
    "KCHYYSR": "",
    "KCHYYSRTBZZ": "",
    "JLRHJ": "",
    "JLRHJTBZZ": "",
    "JLR": "2673021327.30",
    "JLRTBZZ": "",
    "FJCXSY": "81750487.35",
    "KCFJYXSYHDJLR": "2591270839.95",
    "KCFJYXSYHDJLRTBZZ": "",
    "PTGJLR": "",
    "PTGJLRTBZZ": "",
    "KCFJCXSYHPTGJLR": "",
    "KCFJCXSYHPTGJLRTBZZ": "",
    "JYXJLLJE": "2997982682.73",
    "MGJYXJLLJE": "",
    "ZCZE": "19582691938.40",
    "GDQY": "12920729844.38",
    "MGJZCPL": "",
    "PTGMGJZC": "",
    "GJKJZEJLR": "",
    "GJKJZZJZC": ""
  },
  {
    "JZRQ": "2023-12-31",
    "JBMGSY": "1.20",
    "XSMGSY": "1.20",
    "JBMGSYKC": "",
    "XSMGSYKC": "",
    "JLRJZCSYLJQ": "20.83",
    "KCHJLRJZCSYLJQ": "",
    "PTGJZCSYLJQ": "",
    "KCPTGJZCSYLJQ": "",
    "YYZSR": "",
    "YYZSRTBZZ": "",
    "YYSR": "16546871737.85",
    "YYSRTBZZ": "",
    "YYSRKCJE": "",
    "KCHYYSR": "",
    "KCHYYSRTBZZ": "",
    "JLRHJ": "",
    "JLRHJTBZZ": "",
    "JLR": "2658570193.44",
    "JLRTBZZ": "",
    "FJCXSY": "161270467.65",
    "KCFJYXSYHDJLR": "2497299725.79",
    "KCFJYXSYHDJLRTBZZ": "",
    "PTGJLR": "",
    "PTGJLRTBZZ": "",
    "KCFJCXSYHPTGJLR": "",
    "KCFJCXSYHPTGJLRTBZZ": "",
    "JYXJLLJE": "3147037336.46",
    "MGJYXJLLJE": "",
    "ZCZE": "19134551079.36",
    "GDQY": "12706945475.87",
    "MGJZCPL": "",
    "PTGMGJZC": "",
    "GJKJZEJLR": "",
    "GJKJZZJZC": ""
  }
]

【模块二】
[
  {
    "JZRQ": "2025-12-31",
    "JBMGSY": "1.32",
    "XSMGSY": "1.32",
    "JBMGSYKC": "1.29",
    "XSMGSYKC": "1.29",
    "PTGJZCSYLJQ": "21.73",
    "KCPTGJZCSYLJQ": "21.32"
  }
]

=== 002480-2026-04-17-新筑股份-2025年年度报告.pdf ===
【模块一】
[
  {
    "JZRQ": "2025-12-31",
    "JBMGSY": "-0.2190",
    "XSMGSY": "-0.2190",
    "JBMGSYKC": "",
    "XSMGSYKC": "",
    "JLRJZCSYLJQ": "-18.08",
    "KCHJLRJZCSYLJQ": "",
    "PTGJZCSYLJQ": "",
    "KCPTGJZCSYLJQ": "",
    "YYZSR": "",
    "YYZSRTBZZ": "",
    "YYSR": "1490894288.80",
    "YYSRTBZZ": "-39.96",
    "YYSRKCJE": "21219080.17",
    "KCHYYSR": "1469675208.63",
    "KCHYYSRTBZZ": "",
    "JLRHJ": "",
    "JLRHJTBZZ": "",
    "JLR": "-168457046.66",
    "JLRTBZZ": "58.83",
    "FJCXSY": "157208476.22",
    "KCFJYXSYHDJLR": "-325665522.88",
    "KCFJYXSYHDJLRTBZZ": "23.90",
    "PTGJLR": "",
    "PTGJLRTBZZ": "",
    "KCFJCXSYHPTGJLR": "",
    "KCFJCXSYHPTGJLRTBZZ": "",
    "JYXJLLJE": "603214856.53",
    "MGJYXJLLJE": "",
    "ZCZE": "13434828799.02",
    "GDQY": "844083641.75",
    "MGJZCPL": "",
    "PTGMGJZC": "",
    "GJKJZEJLR": "",
    "GJKJZZJZC": ""
  },
  {
    "JZRQ": "2024-12-31",
    "JBMGSY": "-0.5319",
    "XSMGSY": "-0.5319",
    "JBMGSYKC": "",
    "XSMGSYKC": "",
    "JLRJZCSYLJQ": "-33.51",
    "KCHJLRJZCSYLJQ": "",
    "PTGJZCSYLJQ": "",
    "KCPTGJZCSYLJQ": "",
    "YYZSR": "",
    "YYZSRTBZZ": "",
    "YYSR": "2483156611.79",
    "YYSRTBZZ": "",
    "YYSRKCJE": "23035383.75",
    "KCHYYSR": "2460121228.04",
    "KCHYYSRTBZZ": "",
    "JLRHJ": "",
    "JLRHJTBZZ": "",
    "JLR": "-409145954.94",
    "JLRTBZZ": "",
    "FJCXSY": "18802955.45",
    "KCFJYXSYHDJLR": "-427948910.39",
    "KCFJYXSYHDJLRTBZZ": "",
    "PTGJLR": "",
    "PTGJLRTBZZ": "",
    "KCFJCXSYHPTGJLR": "",
    "KCFJCXSYHPTGJLRTBZZ": "",
    "JYXJLLJE": "98346475.82",
    "MGJYXJLLJE": "",
    "ZCZE": "14885307819.90",
    "GDQY": "1019210340.11",
    "MGJZCPL": "",
    "PTGMGJZC": "",
    "GJKJZEJLR": "",
    "GJKJZZJZC": ""
  },
  {
    "JZRQ": "2023-12-31",
    "JBMGSY": "-0.4452",
    "XSMGSY": "-0.4452",
    "JBMGSYKC": "",
    "XSMGSYKC": "",
    "JLRJZCSYLJQ": "-21.50",
    "KCHJLRJZCSYLJQ": "",
    "PTGJZCSYLJQ": "",
    "KCPTGJZCSYLJQ": "",
    "YYZSR": "",
    "YYZSRTBZZ": "",
    "YYSR": "2509421413.73",
    "YYSRTBZZ": "",
    "YYSRKCJE": "",
    "KCHYYSR": "",
    "KCHYYSRTBZZ": "",
    "JLRHJ": "",
    "JLRHJTBZZ": "",
    "JLR": "-342400321.74",
    "JLRTBZZ": "",
    "FJCXSY": "5159489.51",
    "KCFJYXSYHDJLR": "-347559811.25",
    "KCFJYXSYHDJLRTBZZ": "",
    "PTGJLR": "",
    "PTGJLRTBZZ": "",
    "KCFJCXSYHPTGJLR": "",
    "KCFJCXSYHPTGJLRTBZZ": "",
    "JYXJLLJE": "1227197115.73",
    "MGJYXJLLJE": "",
    "ZCZE": "13446122425.54",
    "GDQY": "1422681173.41",
    "MGJZCPL": "",
    "PTGMGJZC": "",
    "GJKJZEJLR": "",
    "GJKJZZJZC": ""
  }
]

【模块二】
[
  {
    "JZRQ": "2025-12-31",
    "JBMGSY": "-0.2190",
    "XSMGSY": "-0.2190",
    "JBMGSYKC": "-0.4234",
    "XSMGSYKC": "-0.4234",
    "PTGJZCSYLJQ": "-18.08",
    "KCPTGJZCSYLJQ": "-34.96"
  }
]

=== 002556-2026-04-17-辉隆股份-2025年年度报告.pdf ===
【模块一】
[
  {
    "JZRQ": "2025-12-31",
    "JBMGSY": "0.21",
    "XSMGSY": "0.21",
    "JBMGSYKC": "",
    "XSMGSYKC": "",
    "JLRJZCSYLJQ": "5.19",
    "KCHJLRJZCSYLJQ": "",
    "PTGJZCSYLJQ": "",
    "KCPTGJZCSYLJQ": "",
    "YYZSR": "",
    "YYZSRTBZZ": "",
    "YYSR": "15131806257.64",
    "YYSRTBZZ": "-3.32",
    "YYSRKCJE": "",
    "KCHYYSR": "",
    "KCHYYSRTBZZ": "",
    "JLRHJ": "",
    "JLRHJTBZZ": "",
    "JLR": "193664874.99",
    "JLRTBZZ": "14.65",
    "FJCXSY": "113086102.49",
    "KCFJYXSYHDJLR": "80578772.50",
    "KCFJYXSYHDJLRTBZZ": "239.45",
    "PTGJLR": "",
    "PTGJLRTBZZ": "",
    "KCFJCXSYHPTGJLR": "",
    "KCFJCXSYHPTGJLRTBZZ": "",
    "JYXJLLJE": "1071175750.22",
    "MGJYXJLLJE": "",
    "ZCZE": "10763885801.25",
    "GDQY": "3603563707.74",
    "MGJZCPL": "",
    "PTGMGJZC": "",
    "GJKJZEJLR": "",
    "GJKJZZJZC": ""
  },
  {
    "JZRQ": "2024-12-31",
    "JBMGSY": "0.18",
    "XSMGSY": "0.18",
    "JBMGSYKC": "",
    "XSMGSYKC": "",
    "JLRJZCSYLJQ": "4.64",
    "KCHJLRJZCSYLJQ": "",
    "PTGJZCSYLJQ": "",
    "KCPTGJZCSYLJQ": "",
    "YYZSR": "",
    "YYZSRTBZZ": "",
    "YYSR": "15652116440.47",
    "YYSRTBZZ": "",
    "YYSRKCJE": "",
    "KCHYYSR": "",
    "KCHYYSRTBZZ": "",
    "JLRHJ": "",
    "JLRHJTBZZ": "",
    "JLR": "168919717.61",
    "JLRTBZZ": "",
    "FJCXSY": "145181862.70",
    "KCFJYXSYHDJLR": "23737854.91",
    "KCFJYXSYHDJLRTBZZ": "",
    "PTGJLR": "",
    "PTGJLRTBZZ": "",
    "KCFJCXSYHPTGJLR": "",
    "KCFJCXSYHPTGJLRTBZZ": "",
    "JYXJLLJE": "-154180038.26",
    "MGJYXJLLJE": "",
    "ZCZE": "10824814049.54",
    "GDQY": "3634949673.58",
    "MGJZCPL": "",
    "PTGMGJZC": "",
    "GJKJZEJLR": "",
    "GJKJZZJZC": ""
  },
  {
    "JZRQ": "2023-12-31",
    "JBMGSY": "0.08",
    "XSMGSY": "0.08",
    "JBMGSYKC": "",
    "XSMGSYKC": "",
    "JLRJZCSYLJQ": "1.97",
    "KCHJLRJZCSYLJQ": "",
    "PTGJZCSYLJQ": "",
    "KCPTGJZCSYLJQ": "",
    "YYZSR": "",
    "YYZSRTBZZ": "",
    "YYSR": "17832656739.38",
    "YYSRTBZZ": "",
    "YYSRKCJE": "",
    "KCHYYSR": "",
    "KCHYYSRTBZZ": "",
    "JLRHJ": "",
    "JLRHJTBZZ": "",
    "JLR": "76535910.25",
    "JLRTBZZ": "",
    "FJCXSY": "104739989.49",
    "KCFJYXSYHDJLR": "-28204079.24",
    "KCFJYXSYHDJLRTBZZ": "",
    "PTGJLR": "",
    "PTGJLRTBZZ": "",
    "KCFJCXSYHPTGJLR": "",
    "KCFJCXSYHPTGJLRTBZZ": "",
    "JYXJLLJE": "-373162425.97",
    "MGJYXJLLJE": "",
    "ZCZE": "11649912590.27",
    "GDQY": "3708155626.22",
    "MGJZCPL": "",
    "PTGMGJZC": "",
    "GJKJZEJLR": "",
    "GJKJZZJZC": ""
  }
]

【模块二】
[
  {
    "JZRQ": "2025-12-31",
    "JBMGSY": "0.2107",
    "XSMGSY": "0.2107",
    "JBMGSYKC": "0.0851",
    "XSMGSYKC": "0.0851",
    "PTGJZCSYLJQ": "5.19",
    "KCPTGJZCSYLJQ": "2.19"
  }
]

=== 002590-2026-04-17-万安科技-2025年年度报告.pdf ===
【模块一】
[
  {
    "JZRQ": "2025-12-31",
    "JBMGSY": "0.41",
    "XSMGSY": "0.41",
    "JBMGSYKC": "",
    "XSMGSYKC": "",
    "JLRJZCSYLJQ": "7.25",
    "KCHJLRJZCSYLJQ": "",
    "PTGJZCSYLJQ": "",
    "KCPTGJZCSYLJQ": "",
    "YYZSR": "",
    "YYZSRTBZZ": "14.39",
    "YYSR": "4960180693.91",
    "YYSRTBZZ": "14.39",
    "YYSRKCJE": "",
    "KCHYYSR": "",
    "KCHYYSRTBZZ": "",
    "JLRHJ": "",
    "JLRHJTBZZ": "",
    "JLR": "213479890.24",
    "JLRTBZZ": "15.33",
    "FJCXSY": "43482023.36",
    "KCFJYXSYHDJLR": "169997866.88",
    "KCFJYXSYHDJLRTBZZ": "21.49",
    "PTGJLR": "",
    "PTGJLRTBZZ": "",
    "KCFJCXSYHPTGJLR": "",
    "KCFJCXSYHPTGJLRTBZZ": "",
    "JYXJLLJE": "242593448.76",
    "MGJYXJLLJE": "",
    "ZCZE": "6277259095.77",
    "GDQY": "3050604867.01",
    "MGJZCPL": "",
    "PTGMGJZC": "",
    "GJKJZEJLR": "",
    "GJKJZZJZC": ""
  },
  {
    "JZRQ": "2024-12-31",
    "JBMGSY": "0.38",
    "XSMGSY": "0.38",
    "JBMGSYKC": "",
    "XSMGSYKC": "",
    "JLRJZCSYLJQ": "7.38",
    "KCHJLRJZCSYLJQ": "",
    "PTGJZCSYLJQ": "",
    "KCPTGJZCSYLJQ": "",
    "YYZSR": "",
    "YYZSRTBZZ": "",
    "YYSR": "4336165886.51",
    "YYSRTBZZ": "",
    "YYSRKCJE": "",
    "KCHYYSR": "",
    "KCHYYSRTBZZ": "",
    "JLRHJ": "",
    "JLRHJTBZZ": "",
    "JLR": "185097179.39",
    "JLRTBZZ": "",
    "FJCXSY": "45171584.24",
    "KCFJYXSYHDJLR": "139925595.15",
    "KCFJYXSYHDJLRTBZZ": "",
    "PTGJLR": "",
    "PTGJLRTBZZ": "",
    "KCFJCXSYHPTGJLR": "",
    "KCFJCXSYHPTGJLRTBZZ": "",
    "JYXJLLJE": "255769366.35",
    "MGJYXJLLJE": "",
    "ZCZE": "6048569854.64",
    "GDQY": "3027944218.61",
    "MGJZCPL": "",
    "PTGMGJZC": "",
    "GJKJZEJLR": "",
    "GJKJZZJZC": ""
  },
  {
    "JZRQ": "2023-12-31",
    "JBMGSY": "0.67",
    "XSMGSY": "0.67",
    "JBMGSYKC": "",
    "XSMGSYKC": "",
    "JLRJZCSYLJQ": "15.14",
    "KCHJLRJZCSYLJQ": "",
    "PTGJZCSYLJQ": "",
    "KCPTGJZCSYLJQ": "",
    "YYZSR": "",
    "YYZSRTBZZ": "",
    "YYSR": "3982528931.92",
    "YYSRTBZZ": "",
    "YYSRKCJE": "",
    "KCHYYSR": "",
    "KCHYYSRTBZZ": "",
    "JLRHJ": "",
    "JLRHJTBZZ": "",
    "JLR": "319556794.73",
    "JLRTBZZ": "",
    "FJCXSY": "235946735.75",
    "KCFJYXSYHDJLR": "83610058.98",
    "KCFJYXSYHDJLRTBZZ": "",
    "PTGJLR": "",
    "PTGJLRTBZZ": "",
    "KCFJCXSYHPTGJLR": "",
    "KCFJCXSYHPTGJLRTBZZ": "",
    "JYXJLLJE": "269545406.00",
    "MGJYXJLLJE": "",
    "ZCZE": "5323904426.38",
    "GDQY": "2267656788.61",
    "MGJZCPL": "",
    "PTGMGJZC": "",
    "GJKJZEJLR": "",
    "GJKJZZJZC": ""
  }
]

【模块二】
[
  {
    "JZRQ": "2025-12-31",
    "JBMGSY": "0.41",
    "XSMGSY": "0.41",
    "JBMGSYKC": "0.33",
    "XSMGSYKC": "0.33",
    "PTGJZCSYLJQ": "7.25",
    "KCPTGJZCSYLJQ": "5.68"
  }
]

=== 002566-2026-04-17-益盛药业-2025年年度报告.pdf ===
【模块一】
[
  {
    "JZRQ": "2025-12-31",
    "JBMGSY": "0.0876",
    "XSMGSY": "0.0876",
    "JBMGSYKC": "",
    "XSMGSYKC": "",
    "JLRJZCSYLJQ": "1.30",
    "KCHJLRJZCSYLJQ": "",
    "PTGJZCSYLJQ": "",
    "KCPTGJZCSYLJQ": "",
    "YYZSR": "",
    "YYZSRTBZZ": "",
    "YYSR": "640173748.36",
    "YYSRTBZZ": "-4.23",
    "YYSRKCJE": "",
    "KCHYYSR": "",
    "KCHYYSRTBZZ": "",
    "JLRHJ": "",
    "JLRHJTBZZ": "",
    "JLR": "28999286.59",
    "JLRTBZZ": "-44.32",
    "FJCXSY": "17122219.54",
    "KCFJYXSYHDJLR": "11877067.05",
    "KCFJYXSYHDJLRTBZZ": "-56.12",
    "PTGJLR": "",
    "PTGJLRTBZZ": "",
    "KCFJCXSYHPTGJLR": "",
    "KCFJCXSYHPTGJLRTBZZ": "",
    "JYXJLLJE": "98739613.85",
    "MGJYXJLLJE": "",
    "ZCZE": "2959621618.56",
    "GDQY": "2231510780.79",
    "MGJZCPL": "",
    "PTGMGJZC": "",
    "GJKJZEJLR": "",
    "GJKJZZJZC": ""
  },
  {
    "JZRQ": "2024-12-31",
    "JBMGSY": "0.1574",
    "XSMGSY": "0.1574",
    "JBMGSYKC": "",
    "XSMGSYKC": "",
    "JLRJZCSYLJQ": "2.40",
    "KCHJLRJZCSYLJQ": "",
    "PTGJZCSYLJQ": "",
    "KCPTGJZCSYLJQ": "",
    "YYZSR": "",
    "YYZSRTBZZ": "",
    "YYSR": "668468926.00",
    "YYSRTBZZ": "",
    "YYSRKCJE": "",
    "KCHYYSR": "",
    "KCHYYSRTBZZ": "",
    "JLRHJ": "",
    "JLRHJTBZZ": "",
    "JLR": "52086058.77",
    "JLRTBZZ": "",
    "FJCXSY": "25021416.44",
    "KCFJYXSYHDJLR": "27064642.33",
    "KCFJYXSYHDJLRTBZZ": "",
    "PTGJLR": "",
    "PTGJLRTBZZ": "",
    "KCFJCXSYHPTGJLR": "",
    "KCFJCXSYHPTGJLRTBZZ": "",
    "JYXJLLJE": "58944211.32",
    "MGJYXJLLJE": "",
    "ZCZE": "2970654385.62",
    "GDQY": "2235606654.20",
    "MGJZCPL": "",
    "PTGMGJZC": "",
    "GJKJZEJLR": "",
    "GJKJZZJZC": ""
  },
  {
    "JZRQ": "2023-12-31",
    "JBMGSY": "0.2862",
    "XSMGSY": "0.2862",
    "JBMGSYKC": "",
    "XSMGSYKC": "",
    "JLRJZCSYLJQ": "4.31",
    "KCHJLRJZCSYLJQ": "",
    "PTGJZCSYLJQ": "",
    "KCPTGJZCSYLJQ": "",
    "YYZSR": "",
    "YYZSRTBZZ": "",
    "YYSR": "853664904.92",
    "YYSRTBZZ": "",
    "YYSRKCJE": "",
    "KCHYYSR": "",
    "KCHYYSRTBZZ": "",
    "JLRHJ": "",
    "JLRHJTBZZ": "",
    "JLR": "94732729.63",
    "JLRTBZZ": "",
    "FJCXSY": "18860436.73",
    "KCFJYXSYHDJLR": "75872292.90",
    "KCFJYXSYHDJLRTBZZ": "",
    "PTGJLR": "",
    "PTGJLRTBZZ": "",
    "KCFJCXSYHPTGJLR": "",
    "KCFJCXSYHPTGJLRTBZZ": "",
    "JYXJLLJE": "209130115.56",
    "MGJYXJLLJE": "",
    "ZCZE": "3046722440.31",
    "GDQY": "2233163335.43",
    "MGJZCPL": "",
    "PTGMGJZC": "",
    "GJKJZEJLR": "",
    "GJKJZZJZC": ""
  }
]

【模块二】
[
  {
    "JZRQ": "2025-12-31",
    "JBMGSY": "0.0876",
    "XSMGSY": "0.0876",
    "JBMGSYKC": "0.0359",
    "XSMGSYKC": "0.0359",
    "PTGJZCSYLJQ": "1.30",
    "KCPTGJJZCSYLJQ": "0.53"
  }
]

=== 002655-2026-04-17-共达电声-2025年年度报告.pdf ===
【模块一】
[
  {
    "JZRQ": "2025-12-31",
    "JBMGSY": "0.2060",
    "XSMGSY": "0.2051",
    "JBMGSYKC": "",
    "XSMGSYKC": "",
    "JLRJZCSYLJQ": "10.47",
    "KCHJLRJZCSYLJQ": "",
    "PTGJZCSYLJQ": "",
    "KCPTGJZCSYLJQ": "",
    "YYZSR": "",
    "YYZSRTBZZ": "18.80",
    "YYSR": "1440092005.14",
    "YYSRTBZZ": "18.80",
    "YYSRKCJE": "",
    "KCHYYSR": "",
    "KCHYYSRTBZZ": "",
    "JLRHJ": "",
    "JLRHJTBZZ": "",
    "JLR": "74209165.03",
    "JLRTBZZ": "0.79",
    "FJCXSY": "-2765264.24",
    "KCFJYXSYHDJLR": "76974429.27",
    "KCFJYXSYHDJLRTBZZ": "-7.86",
    "PTGJLR": "",
    "PTGJLRTBZZ": "",
    "KCFJCXSYHPTGJLR": "",
    "KCFJCXSYHPTGJLRTBZZ": "",
    "JYXJLLJE": "30638233.18",
    "MGJYXJLLJE": "",
    "ZCZE": "1980861868.46",
    "GDQY": "804257919.37",
    "MGJZCPL": "",
    "PTGMGJZC": "",
    "GJKJZEJLR": "",
    "GJKJZZJZC": ""
  },
  {
    "JZRQ": "2024-12-31",
    "JBMGSY": "0.2045",
    "XSMGSY": "0.2045",
    "JBMGSYKC": "",
    "XSMGSYKC": "",
    "JLRJZCSYLJQ": "11.44",
    "KCHJLRJZCSYLJQ": "",
    "PTGJZCSYLJQ": "",
    "KCPTGJZCSYLJQ": "",
    "YYZSR": "",
    "YYZSRTBZZ": "",
    "YYSR": "1212236957.07",
    "YYSRTBZZ": "",
    "YYSRKCJE": "",
    "KCHYYSR": "",
    "KCHYYSRTBZZ": "",
    "JLRHJ": "",
    "JLRHJTBZZ": "",
    "JLR": "73623887.21",
    "JLRTBZZ": "",
    "FJCXSY": "-9912598.89",
    "KCFJYXSYHDJLR": "83536486.10",
    "KCFJYXSYHDJLRTBZZ": "",
    "PTGJLR": "",
    "PTGJLRTBZZ": "",
    "KCFJCXSYHPTGJLR": "",
    "KCFJCXSYHPTGJLRTBZZ": "",
    "JYXJLLJE": "44464927.82",
    "MGJYXJLLJE": "",
    "ZCZE": "1798198718.29",
    "GDQY": "666179375.63",
    "MGJZCPL": "",
    "PTGMGJZC": "",
    "GJKJZEJLR": "",
    "GJKJZZJZC": ""
  },
  {
    "JZRQ": "2023-12-31",
    "JBMGSY": "0.1418",
    "XSMGSY": "0.1418",
    "JBMGSYKC": "",
    "XSMGSYKC": "",
    "JLRJZCSYLJQ": "8.26",
    "KCHJLRJZCSYLJQ": "",
    "PTGJZCSYLJQ": "",
    "KCPTGJZCSYLJQ": "",
    "YYZSR": "",
    "YYZSRTBZZ": "",
    "YYSR": "998491071.25",
    "YYSRTBZZ": "",
    "YYSRKCJE": "",
    "KCHYYSR": "",
    "KCHYYSRTBZZ": "",
    "JLRHJ": "",
    "JLRHJTBZZ": "",
    "JLR": "51063497.31",
    "JLRTBZZ": "",
    "FJCXSY": "-4164945.43",
    "KCFJYXSYHDJLR": "55228442.74",
    "KCFJYXSYHDJLRTBZZ": "",
    "PTGJLR": "",
    "PTGJLRTBZZ": "",
    "KCFJCXSYHPTGJLR": "",
    "KCFJCXSYHPTGJLRTBZZ": "",
    "JYXJLLJE": "124791416.18",
    "MGJYXJLLJE": "",
    "ZCZE": "1392519138.47",
    "GDQY": "611438422.03",
    "MGJZCPL": "",
    "PTGMGJZC": "",
    "GJKJZEJLR": "",
    "GJKJZZJZC": ""
  }
]

【模块二】
[
  {
    "JZRQ": "2025-12-31",
    "JBMGSY": "0.2060",
    "XSMGSY": "0.2051",
    "JBMGSYKC": "0.2137",
    "XSMGSYKC": "0.2128",
    "PTGJZCSYLJQ": "10.47",
    "KCPTGJZCSYLJQ": "10.86"
  }
]

=== 002687-2026-04-17-乔治白-2025年年度报告.pdf ===
【模块一】
[
  {
    "JZRQ": "2025-12-31",
    "JBMGSY": "0.17",
    "XSMGSY": "0.17",
    "JBMGSYKC": "",
    "XSMGSYKC": "",
    "JLRJZCSYLJQ": "5.66",
    "KCHJLRJZCSYLJQ": "",
    "PTGJZCSYLJQ": "",
    "KCPTGJZCSYLJQ": "",
    "YYZSR": "",
    "YYZSRTBZZ": "",
    "YYSR": "1260213117.23",
    "YYSRTBZZ": "-0.18",
    "YYSRKCJE": "",
    "KCHYYSR": "",
    "KCHYYSRTBZZ": "",
    "JLRHJ": "",
    "JLRHJTBZZ": "",
    "JLR": "85416001.72",
    "JLRTBZZ": "-3.30",
    "FJCXSY": "1566228.25",
    "KCFJYXSYHDJLR": "83849773.47",
    "KCFJYXSYHDJLRTBZZ": "21.35",
    "PTGJLR": "",
    "PTGJLRTBZZ": "",
    "KCFJCXSYHPTGJLR": "",
    "KCFJCXSYHPTGJLRTBZZ": "",
    "JYXJLLJE": "227934096.36",
    "MGJYXJLLJE": "",
    "ZCZE": "2243705633.88",
    "GDQY": "1553513099.36",
    "MGJZCPL": "",
    "PTGMGJZC": "",
    "GJKJZEJLR": "",
    "GJKJZZJZC": ""
  },
  {
    "JZRQ": "2024-12-31",
    "JBMGSY": "0.18",
    "XSMGSY": "0.18",
    "JBMGSYKC": "",
    "XSMGSYKC": "",
    "JLRJZCSYLJQ": "6.17",
    "KCHJLRJZCSYLJQ": "",
    "PTGJZCSYLJQ": "",
    "KCPTGJZCSYLJQ": "",
    "YYZSR": "",
    "YYZSRTBZZ": "",
    "YYSR": "1262430143.94",
    "YYSRTBZZ": "",
    "YYSRKCJE": "",
    "KCHYYSR": "",
    "KCHYYSRTBZZ": "",
    "JLRHJ": "",
    "JLRHJTBZZ": "",
    "JLR": "88332076.88",
    "JLRTBZZ": "",
    "FJCXSY": "19236453.21",
    "KCFJYXSYHDJLR": "69095623.67",
    "KCFJYXSYHDJLRTBZZ": "",
    "PTGJLR": "",
    "PTGJLRTBZZ": "",
    "KCFJCXSYHPTGJLR": "",
    "KCFJCXSYHPTGJLRTBZZ": "",
    "JYXJLLJE": "205009212.98",
    "MGJYXJLLJE": "",
    "ZCZE": "2131041224.15",
    "GDQY": "1468060184.14",
    "MGJZCPL": "",
    "PTGMGJZC": "",
    "GJKJZEJLR": "",
    "GJKJZZJZC": ""
  },
  {
    "JZRQ": "2023-12-31",
    "JBMGSY": "0.4",
    "XSMGSY": "0.4",
    "JBMGSYKC": "",
    "XSMGSYKC": "",
    "JLRJZCSYLJQ": "14.94",
    "KCHJLRJZCSYLJQ": "",
    "PTGJZCSYLJQ": "",
    "KCPTGJZCSYLJQ": "",
    "YYZSR": "",
    "YYZSRTBZZ": "",
    "YYSR": "1492016719.49",
    "YYSRTBZZ": "",
    "YYSRKCJE": "",
    "KCHYYSR": "",
    "KCHYYSRTBZZ": "",
    "JLRHJ": "",
    "JLRHJTBZZ": "",
    "JLR": "203094526.41",
    "JLRTBZZ": "",
    "FJCXSY": "11176761.00",
    "KCFJYXSYHDJLR": "191917765.41",
    "KCFJYXSYHDJLRTBZZ": "",
    "PTGJLR": "",
    "PTGJLRTBZZ": "",
    "KCFJCXSYHPTGJLR": "",
    "KCFJCXSYHPTGJLRTBZZ": "",
    "JYXJLLJE": "438832125.44",
    "MGJYXJLLJE": "",
    "ZCZE": "2236506147.96",
    "GDQY": "1531137092.65",
    "MGJZCPL": "",
    "PTGMGJZC": "",
    "GJKJZEJLR": "",
    "GJKJZZJZC": ""
  }
]

【模块二】
[
  {
    "JZRQ": "2025-12-31",
    "JBMGSY": "0.17",
    "XSMGSY": "0.17",
    "JBMGSYKC": "0.17",
    "XSMGSYKC": "0.17",
    "PTGJZCSYLJQ": "5.66",
    "KCPTGJZCSYLJQ": "5.56"
  }
]

=== 002903-2026-04-17-宇环数控-2025年年度报告.pdf ===
【模块一】
[
  {
    "JZRQ": "2025-12-31",
    "JBMGSY": "-0.13",
    "XSMGSY": "-0.13",
    "JLRJZCSYLJQ": "-2.48",
    "KCHJLRJZCSYLJQ": "",
    "YYSR": "410482364.25",
    "YYSRTBZZ": "-13.13",
    "YYSRKCJE": "7368779.04",
    "KCHYYSR": "403113585.21",
    "KCHYYSRTBZZ": "",
    "JLR": "-19620168.59",
    "JLRTBZZ": "-246.99",
    "FJCXSY": "13633609.74",
    "KCFJYXSYHDJLR": "-33253778.33",
    "KCFJYXSYHDJLRTBZZ": "-1830.33",
    "JYXJLLJE": "51750367.59",
    "ZCZE": "1226027010.67",
    "GDQY": "786279251.04"
  },
  {
    "JZRQ": "2024-12-31",
    "JBMGSY": "0.08",
    "XSMGSY": "0.08",
    "JLRJZCSYLJQ": "1.70",
    "KCHJLRJZCSYLJQ": "",
    "YYSR": "472542937.27",
    "YYSRTBZZ": "",
    "YYSRKCJE": "7999573.97",
    "KCHYYSR": "464543363.30",
    "KCHYYSRTBZZ": "",
    "JLR": "13347642.25",
    "JLRTBZZ": "",
    "FJCXSY": "11425830.59",
    "KCFJYXSYHDJLR": "1921811.66",
    "KCFJYXSYHDJLRTBZZ": "",
    "JYXJLLJE": "-136101335.33",
    "ZCZE": "1209846861.86",
    "GDQY": "806462358.53"
  },
  {
    "JZRQ": "2023-12-31",
    "JBMGSY": "0.26",
    "XSMGSY": "",
    "JLRJZCSYLJQ": "5.18",
    "KCHJLRJZCSYLJQ": "",
    "YYSR": "420361963.95",
    "YYSRTBZZ": "",
    "YYSRKCJE": "",
    "KCHYYSR": "25560252.39",
    "KCHYYSRTBZZ": "",
    "JLR": "40068187.67",
    "JLRTBZZ": "",
    "FJCXSY": "14507935.28",
    "KCFJYXSYHDJLR": "25560252.39",
    "KCFJYXSYHDJLRTBZZ": "",
    "JYXJLLJE": "130099939.14",
    "ZCZE": "1150507353.05",
    "GDQY": "788245637.22"
  }
]

【模块二】
[
  {
    "JZRQ": "2025-12-31",
    "JBMGSY": "-0.13",
    "XSMGSY": "-0.13",
    "JBMGSYKC": "-0.21",
    "XSMGSYKC": "-0.21",
    "PTGJZCSYLJQ": "-2.48",
    "KCPTGJZCSYLJQ": "-4.20"
  }
]

=== 002689-2026-04-17-ST远智-2025年年度报告.pdf ===
【模块一】
[
  {
    "JZRQ": "2025-12-31",
    "JBMGSY": "0.0965",
    "XSMGSY": "0.0965",
    "JBMGSYKC": "",
    "XSMGSYKC": "",
    "JLRJZCSYLJQ": "8.19",
    "KCHJLRJZCSYLJQ": "",
    "PTGJZCSYLJQ": "",
    "KCPTGJZCSYLJQ": "",
    "YYZSR": "",
    "YYZSRTBZZ": "",
    "YYSR": "1375309295.82",
    "YYSRTBZZ": "14.34",
    "YYSRKCJE": "17493924.95",
    "KCHYYSR": "1357815370.87",
    "KCHYYSRTBZZ": "",
    "JLRHJ": "",
    "JLRHJTBZZ": "",
    "JLR": "100655022.48",
    "JLRTBZZ": "455.58",
    "FJCXSY": "24218395.44",
    "KCFJYXSYHDJLR": "76436627.04",
    "KCFJYXSYHDJLRTBZZ": "468.02",
    "PTGJLR": "",
    "PTGJLRTBZZ": "",
    "KCFJCXSYHPTGJLR": "",
    "KCFJCXSYHPTGJLRTBZZ": "",
    "JYXJLLJE": "212797521.99",
    "MGJYXJLLJE": "",
    "ZCZE": "1967364102.96",
    "GDQY": "1277707312.65",
    "MGJZCPL": "",
    "PTGMGJZC": "",
    "GJKJZEJLR": "",
    "GJKJZZJZC": ""
  },
  {
    "JZRQ": "2024-12-31",
    "JBMGSY": "0.0174",
    "XSMGSY": "0.0174",
    "JBMGSYKC": "",
    "XSMGSYKC": "",
    "JLRJZCSYLJQ": "1.54",
    "KCHJLRJZCSYLJQ": "",
    "PTGJZCSYLJQ": "",
    "KCPTGJZCSYLJQ": "",
    "YYZSR": "",
    "YYZSRTBZZ": "",
    "YYSR": "1202812097.77",
    "YYSRTBZZ": "",
    "YYSRKCJE": "14480933.93",
    "KCHYYSR": "1188331163.84",
    "KCHYYSRTBZZ": "",
    "JLRHJ": "",
    "JLRHJTBZZ": "",
    "JLR": "18117139.43",
    "JLRTBZZ": "",
    "FJCXSY": "38886939.37",
    "KCFJYXSYHDJLR": "-20769799.94",
    "KCFJYXSYHDJLRTBZZ": "",
    "PTGJLR": "",
    "PTGJLRTBZZ": "",
    "KCFJCXSYHPTGJLR": "",
    "KCFJCXSYHPTGJLRTBZZ": "",
    "JYXJLLJE": "-109514260.42",
    "MGJYXJLLJE": "",
    "ZCZE": "1833041958.04",
    "GDQY": "1178759547.38",
    "MGJZCPL": "",
    "PTGMGJZC": "",
    "GJKJZEJLR": "",
    "GJKJZZJZC": ""
  },
  {
    "JZRQ": "2023-12-31",
    "JBMGSY": "0.0297",
    "XSMGSY": "0.0297",
    "JBMGSYKC": "",
    "XSMGSYKC": "",
    "JLRJZCSYLJQ": "2.69",
    "KCHJLRJZCSYLJQ": "",
    "PTGJZCSYLJQ": "",
    "KCPTGJZCSYLJQ": "",
    "YYZSR": "",
    "YYZSRTBZZ": "",
    "YYSR": "1335750133.82",
    "YYSRTBZZ": "",
    "YYSRKCJE": "",
    "KCHYYSR": "",
    "KCHYYSRTBZZ": "",
    "JLRHJ": "",
    "JLRHJTBZZ": "",
    "JLR": "31013103.31",
    "JLRTBZZ": "",
    "FJCXSY": "25684372.90",
    "KCFJYXSYHDJLR": "5328730.41",
    "KCFJYXSYHDJLRTBZZ": "",
    "PTGJLR": "",
    "PTGJLRTBZZ": "",
    "KCFJCXSYHPTGJLR": "",
    "KCFJCXSYHPTGJLRTBZZ": "",
    "JYXJLLJE": "106678005.33",
    "MGJYXJLLJE": "",
    "ZCZE": "1901960418.79",
    "GDQY": "1163683837.16",
    "MGJZCPL": "",
    "PTGMGJZC": "",
    "GJKJZEJLR": "",
    "GJKJZZJZC": ""
  }
]

【模块二】
[
  {
    "JZRQ": "2025-12-31",
    "JBMGSY": "0.0965",
    "XSMGSY": "0.0965",
    "JBMGSYKC": "0.0733",
    "XSMGSYKC": "0.0733",
    "PTGJZCSYLJQ": "8.19",
    "KCPTGJZCSYLJQ": "6.22"
  }
]

=== 002721-2026-04-17-金一文化-2025年年度报告.pdf ===
【模块一】
[
  {
    "JZRQ": "2025-12-31",
    "JBMGSY": "0.0109",
    "XSMGSY": "0.0109",
    "JBMGSYKC": "",
    "XSMGSYKC": "",
    "JLRJZCSYLJQ": "1.37",
    "KCHJLRJZCSYLJQ": "",
    "PTGJZCSYLJQ": "",
    "KCPTGJZCSYLJQ": "",
    "YYZSR": "",
    "YYZSRTBZZ": "",
    "YYSR": "877385084.93",
    "YYSRTBZZ": "135.39",
    "YYSRKCJE": "",
    "KCHYYSR": "",
    "KCHYYSRTBZZ": "",
    "JLRHJ": "",
    "JLRHJTBZZ": "",
    "JLR": "28782336.17",
    "JLRTBZZ": "97.96",
    "FJCXSY": "-45412968.74",
    "KCFJYXSYHDJLR": "74195304.91",
    "KCFJYXSYHDJLRTBZZ": "967.97",
    "PTGJLR": "",
    "PTGJLRTBZZ": "",
    "KCFJCXSYHPTGJLR": "",
    "KCFJCXSYHPTGJLRTBZZ": "",
    "JYXJLLJE": "150322846.03",
    "MGJYXJLLJE": "",
    "ZCZE": "2687290065.99",
    "GDQY": "2118255110.82",
    "MGJZCPL": "",
    "PTGMGJZC": "",
    "GJKJZEJLR": "",
    "GJKJZZJZC": ""
  },
  {
    "JZRQ": "2024-12-31",
    "JBMGSY": "0.0055",
    "XSMGSY": "0.0055",
    "JBMGSYKC": "",
    "XSMGSYKC": "",
    "JLRJZCSYLJQ": "0.70",
    "KCHJLRJZCSYLJQ": "",
    "PTGJZCSYLJQ": "",
    "KCPTGJZCSYLJQ": "",
    "YYZSR": "",
    "YYZSRTBZZ": "",
    "YYSR": "372740331.84",
    "YYSRTBZZ": "",
    "YYSRKCJE": "",
    "KCHYYSR": "",
    "KCHYYSRTBZZ": "",
    "JLRHJ": "",
    "JLRHJTBZZ": "",
    "JLR": "14539687.88",
    "JLRTBZZ": "",
    "FJCXSY": "23087860.77",
    "KCFJYXSYHDJLR": "-8548172.89",
    "KCFJYXSYHDJLRTBZZ": "",
    "PTGJLR": "",
    "PTGJLRTBZZ": "",
    "KCFJCXSYHPTGJLR": "",
    "KCFJCXSYHPTGJLRTBZZ": "",
    "JYXJLLJE": "-111538392.10",
    "MGJYXJLLJE": "",
    "ZCZE": "2195502845.01",
    "GDQY": "2089442642.86",
    "MGJZCPL": "",
    "PTGMGJZC": "",
    "GJKJZEJLR": "",
    "GJKJZZJZC": ""
  },
  {
    "JZRQ": "2023-12-31",
    "JBMGSY": "0.6100",
    "XSMGSY": "0.6100",
    "JBMGSYKC": "",
    "XSMGSYKC": "",
    "JLRJZCSYLJQ": "-27.25",
    "KCHJLRJZCSYLJQ": "",
    "PTGJZCSYLJQ": "",
    "KCPTGJZCSYLJQ": "",
    "YYZSR": "",
    "YYZSRTBZZ": "",
    "YYSR": "1506190724.73",
    "YYSRTBZZ": "",
    "YYSRKCJE": "",
    "KCHYYSR": "",
    "KCHYYSRTBZZ": "",
    "JLRHJ": "",
    "JLRHJTBZZ": "",
    "JLR": "665229590.72",
    "JLRTBZZ": "",
    "FJCXSY": "1358283435.85",
    "KCFJYXSYHDJLR": "-693053845.13",
    "KCFJYXSYHDJLRTBZZ": "",
    "PTGJLR": "",
    "PTGJLRTBZZ": "",
    "KCFJCXSYHPTGJLR": "",
    "KCFJCXSYHPTGJLRTBZZ": "",
    "JYXJLLJE": "-9692829.64",
    "MGJYXJLLJE": "",
    "ZCZE": "2194060612.45",
    "GDQY": "2052693073.95",
    "MGJZCPL": "",
    "PTGMGJZC": "",
    "GJKJZEJLR": "",
    "GJKJZZJZC": ""
  }
]

【模块二】
[
  {
    "JZRQ": "2025-12-31",
    "JBMGSY": "0.0109",
    "XSMGSY": "0.0109",
    "JBMGSYKC": "0.0281",
    "XSMGSYKC": "0.0281",
    "PTGJZCSYLJQ": "1.37",
    "KCPTGJZCSYLJQ": "3.53"
  }
]

=== 002734-2026-04-17-利民股份-2025年年度报告.pdf ===
【模块一】
[
  {
    "JZRQ": "2025-12-31",
    "JBMGSY": "1.17",
    "XSMGSY": "1.17",
    "JBMGSYKC": "",
    "XSMGSYKC": "",
    "JLRJZCSYLJQ": "14.83",
    "KCHJLRJZCSYLJQ": "",
    "PTGJZCSYLJQ": "",
    "KCPTGJZCSYLJQ": "",
    "YYZSR": "",
    "YYZSRTBZZ": "",
    "YYSR": "4526963574.43",
    "YYSRTBZZ": "6.83",
    "YYSRKCJE": "",
    "KCHYYSR": "",
    "KCHYYSRTBZZ": "",
    "JLRHJ": "",
    "JLRHJTBZZ": "",
    "JLR": "479763485.08",
    "JLRTBZZ": "489.70",
    "FJCXSY": "25839364.95",
    "KCFJYXSYHDJLR": "453924120.13",
    "KCFJYXSYHDJLRTBZZ": "786.88",
    "PTGJLR": "",
    "PTGJLRTBZZ": "",
    "KCFJCXSYHPTGJLR": "",
    "KCFJCXSYHPTGJLRTBZZ": "",
    "JYXJLLJE": "532742393.45",
    "MGJYXJLLJE": "",
    "ZCZE": "6586411589.68",
    "GDQY": "3960857486.48",
    "MGJZCPL": "",
    "PTGMGJZC": "",
    "GJKJZEJLR": "",
    "GJKJZZJZC": ""
  },
  {
    "JZRQ": "2024-12-31",
    "JBMGSY": "0.23",
    "XSMGSY": "0.22",
    "JBMGSYKC": "",
    "XSMGSYKC": "",
    "JLRJZCSYLJQ": "3.01",
    "KCHJLRJZCSYLJQ": "",
    "PTGJZCSYLJQ": "",
    "KCPTGJZCSYLJQ": "",
    "YYZSR": "",
    "YYZSRTBZZ": "",
    "YYSR": "4237402851.27",
    "YYSRTBZZ": "",
    "YYSRKCJE": "",
    "KCHYYSR": "",
    "KCHYYSRTBZZ": "",
    "JLRHJ": "",
    "JLRHJTBZZ": "",
    "JLR": "81357608.85",
    "JLRTBZZ": "",
    "FJCXSY": "30175294.44",
    "KCFJYXSYHDJLR": "51182314.41",
    "KCFJYXSYHDJLRTBZZ": "",
    "PTGJLR": "",
    "PTGJLRTBZZ": "",
    "KCFJCXSYHPTGJLR": "",
    "KCFJCXSYHPTGJLRTBZZ": "",
    "JYXJLLJE": "373828111.24",
    "MGJYXJLLJE": "",
    "ZCZE": "6660284764.42",
    "GDQY": "2642805549.03",
    "MGJZCPL": "",
    "PTGMGJZC": "",
    "GJKJZEJLR": "",
    "GJKJZZJZC": ""
  },
  {
    "JZRQ": "2023-12-31",
    "JBMGSY": "0.17",
    "XSMGSY": "0.17",
    "JBMGSYKC": "",
    "XSMGSYKC": "",
    "JLRJZCSYLJQ": "0.02",
    "KCHJLRJZCSYLJQ": "",
    "PTGJZCSYLJQ": "",
    "KCPTGJZCSYLJQ": "",
    "YYZSR": "",
    "YYZSRTBZZ": "",
    "YYSR": "4223936964.12",
    "YYSRTBZZ": "",
    "YYSRKCJE": "",
    "KCHYYSR": "",
    "KCHYYSRTBZZ": "",
    "JLRHJ": "",
    "JLRHJTBZZ": "",
    "JLR": "62051829.92",
    "JLRTBZZ": "",
    "FJCXSY": "16563210.77",
    "KCFJYXSYHDJLR": "45488619.15",
    "KCFJYXSYHDJLRTBZZ": "",
    "PTGJLR": "",
    "PTGJLRTBZZ": "",
    "KCFJCXSYHPTGJLR": "",
    "KCFJCXSYHPTGJLRTBZZ": "",
    "JYXJLLJE": "471387889.77",
    "MGJYXJLLJE": "",
    "ZCZE": "6815334746.25",
    "GDQY": "2773342822.67",
    "MGJZCPL": "",
    "PTGMGJZC": "",
    "GJKJZEJLR": "",
    "GJKJZZJZC": ""
  }
]

【模块二】
[
  {
    "JZRQ": "2025-12-31",
    "JBMGSY": "1.17",
    "XSMGSY": "1.17",
    "JBMGSYKC": "1.11",
    "XSMGSYKC": "1.11",
    "PTGJZCSYLJQ": "14.83",
    "KCPTGJZCSYLJQ": "14.03"
  }
]

=== 300036-2026-04-17-超图软件-2025年年度报告.pdf ===
【模块一】
[
  {
    "JZRQ": "2025-12-31",
    "JBMGSY": "0.0951",
    "XSMGSY": "0.0950",
    "JBMGSYKC": "",
    "XSMGSYKC": "",
    "JLRJZCSYLJQ": "1.76",
    "KCHJLRJZCSYLJQ": "",
    "PTGJZCSYLJQ": "",
    "KCPTGJZCSYLJQ": "",
    "YYZSR": "",
    "YYZSRTBZZ": "",
    "YYSR": "1509117443.21",
    "YYSRTBZZ": "0.75",
    "YYSRKCJE": "",
    "KCHYYSR": "",
    "KCHYYSRTBZZ": "",
    "JLRHJ": "",
    "JLRHJTBZZ": "",
    "JLR": "46845153.35",
    "JLRTBZZ": "127.33",
    "FJCXSY": "15477444.13",
    "KCFJYXSYHDJLR": "31367709.22",
    "KCFJYXSYHDJLRTBZZ": "111.98",
    "PTGJLR": "",
    "PTGJLRTBZZ": "",
    "KCFJCXSYHPTGJLR": "",
    "KCFJCXSYHPTGJLRTBZZ": "",
    "JYXJLLJE": "-7069763.44",
    "MGJYXJLLJE": "",
    "ZCZE": "3904476194.86",
    "GDQY": "2675157715.99",
    "MGJZCPL": "",
    "PTGMGJZC": "",
    "GJKJZEJLR": "",
    "GJKJZZJZC": ""
  },
  {
    "JZRQ": "2024-12-31",
    "JBMGSY": "-0.3508",
    "XSMGSY": "-0.3508",
    "JBMGSYKC": "",
    "XSMGSYKC": "",
    "JLRJZCSYLJQ": "-6.05",
    "KCHJLRJZCSYLJQ": "",
    "PTGJZCSYLJQ": "",
    "KCPTGJZCSYLJQ": "",
    "YYZSR": "",
    "YYZSRTBZZ": "",
    "YYSR": "1497872642.24",
    "YYSRTBZZ": "",
    "YYSRKCJE": "",
    "KCHYYSR": "",
    "KCHYYSRTBZZ": "",
    "JLRHJ": "",
    "JLRHJTBZZ": "",
    "JLR": "-171429329.14",
    "JLRTBZZ": "",
    "FJCXSY": "90403465.27",
    "KCFJYXSYHDJLR": "-261832794.41",
    "KCFJYXSYHDJLRTBZZ": "",
    "PTGJLR": "",
    "PTGJLRTBZZ": "",
    "KCFJCXSYHPTGJLR": "",
    "KCFJCXSYHPTGJLRTBZZ": "",
    "JYXJLLJE": "-269033286.07",
    "MGJYXJLLJE": "",
    "ZCZE": "4020731506.85",
    "GDQY": "2647088077.45",
    "MGJZCPL": "",
    "PTGMGJZC": "",
    "GJKJZEJLR": "",
    "GJKJZZJZC": ""
  },
  {
    "JZRQ": "2023-12-31",
    "JBMGSY": "0.3092",
    "XSMGSY": "0.3090",
    "JBMGSYKC": "",
    "XSMGSYKC": "",
    "JLRJZCSYLJQ": "5.21",
    "KCHJLRJZCSYLJQ": "",
    "PTGJZCSYLJQ": "",
    "KCPTGJZCSYLJQ": "",
    "YYZSR": "",
    "YYZSRTBZZ": "",
    "YYSR": "1978685866.97",
    "YYSRTBZZ": "",
    "YYSRKCJE": "",
    "KCHYYSR": "",
    "KCHYYSRTBZZ": "",
    "JLRHJ": "",
    "JLRHJTBZZ": "",
    "JLR": "152110488.98",
    "JLRTBZZ": "",
    "FJCXSY": "40969168.46",
    "KCFJYXSYHDJLR": "111141320.52",
    "KCFJYXSYHDJLRTBZZ": "",
    "PTGJLR": "",
    "PTGJLRTBZZ": "",
    "KCFJCXSYHPTGJLR": "",
    "KCFJCXSYHPTGJLRTBZZ": "",
    "JYXJLLJE": "55644310.44",
    "MGJYXJLLJE": "",
    "ZCZE": "4519088941.75",
    "GDQY": "3003524254.40",
    "MGJZCPL": "",
    "PTGMGJZC": "",
    "GJKJZEJLR": "",
    "GJKJZZJZC": ""
  }
]

【模块二】
[
  {
    "JZRQ": "2025-12-31",
    "JBMGSY": "0.0951",
    "XSMGSY": "0.0950",
    "JBMGSYKC": "0.0637",
    "XSMGSYKC": "0.0636",
    "PTGJZCSYLJQ": "1.76",
    "KCPTGJZCSYLJQ": "1.18"
  }
]

=== 300066-2026-04-17-三川智慧-2025年年度报告.pdf ===
【模块一】
[
  {
    "JZRQ": "2025-12-31",
    "JBMGSY": "0.1366",
    "XSMGSY": "0.1366",
    "JBMGSYKC": "",
    "XSMGSYKC": "",
    "JLRJZCSYLJQ": "5.56",
    "KCHJLRJZCSYLJQ": "",
    "PTGJZCSYLJQ": "",
    "KCPTGJZCSYLJQ": "",
    "YYZSR": "",
    "YYZSRTBZZ": "",
    "YYSR": "1150555881.82",
    "YYSRTBZZ": "-21.91",
    "YYSRKCJE": "",
    "KCHYYSR": "",
    "KCHYYSRTBZZ": "",
    "JLRHJ": "",
    "JLRHJTBZZ": "",
    "JLR": "142075771.55",
    "JLRTBZZ": "122.80",
    "FJCXSY": "77904751.43",
    "KCFJYXSYHDJLR": "64171020.12",
    "KCFJYXSYHDJLRTBZZ": "483.32",
    "PTGJLR": "",
    "PTGJLRTBZZ": "",
    "KCFJCXSYHPTGJLR": "",
    "KCFJCXSYHPTGJLRTBZZ": "",
    "JYXJLLJE": "17240391.80",
    "MGJYXJLLJE": "",
    "ZCZE": "3279465089.57",
    "GDQY": "2614020438.00",
    "MGJZCPL": "",
    "PTGMGJZC": "",
    "GJKJZEJLR": "",
    "GJKJZZJZC": ""
  },
  {
    "JZRQ": "2024-12-31",
    "JBMGSY": "0.0613",
    "XSMGSY": "0.0613",
    "JBMGSYKC": "",
    "XSMGSYKC": "",
    "JLRJZCSYLJQ": "2.57",
    "KCHJLRJZCSYLJQ": "",
    "PTGJZCSYLJQ": "",
    "KCPTGJZCSYLJQ": "",
    "YYZSR": "",
    "YYZSRTBZZ": "",
    "YYSR": "1473293940.61",
    "YYSRTBZZ": "",
    "YYSRKCJE": "",
    "KCHYYSR": "",
    "KCHYYSRTBZZ": "",
    "JLRHJ": "",
    "JLRHJTBZZ": "",
    "JLR": "63767759.87",
    "JLRTBZZ": "",
    "FJCXSY": "80508646.34",
    "KCFJYXSYHDJLR": "-16740886.47",
    "KCFJYXSYHDJLRTBZZ": "",
    "PTGJLR": "",
    "PTGJLRTBZZ": "",
    "KCFJCXSYHPTGJLR": "",
    "KCFJCXSYHPTGJLRTBZZ": "",
    "JYXJLLJE": "134502725.15",
    "MGJYXJLLJE": "",
    "ZCZE": "2925239630.02",
    "GDQY": "2502048502.71",
    "MGJZCPL": "",
    "PTGMGJZC": "",
    "GJKJZEJLR": "",
    "GJKJZZJZC": ""
  },
  {
    "JZRQ": "2023-12-31",
    "JBMGSY": "0.2307",
    "XSMGSY": "0.2307",
    "JBMGSYKC": "",
    "XSMGSYKC": "",
    "JLRJZCSYLJQ": "10.52",
    "KCHJLRJZCSYLJQ": "",
    "PTGJZCSYLJQ": "",
    "KCPTGJZCSYLJQ": "",
    "YYZSR": "",
    "YYZSRTBZZ": "",
    "YYSR": "2284724239.89",
    "YYSRTBZZ": "",
    "YYSRKCJE": "",
    "KCHYYSR": "",
    "KCHYYSRTBZZ": "",
    "JLRHJ": "",
    "JLRHJTBZZ": "",
    "JLR": "239985260.36",
    "JLRTBZZ": "",
    "FJCXSY": "132378030.05",
    "KCFJYXSYHDJLR": "107607230.31",
    "KCFJYXSYHDJLRTBZZ": "",
    "PTGJLR": "",
    "PTGJLRTBZZ": "",
    "KCFJCXSYHPTGJLR": "",
    "KCFJCXSYHPTGJLRTBZZ": "",
    "JYXJLLJE": "124423221.85",
    "MGJYXJLLJE": "",
    "ZCZE": "3251709614.73",
    "GDQY": "2472445157.40",
    "MGJZCPL": "",
    "PTGMGJZC": "",
    "GJKJZEJLR": "",
    "GJKJZZJZC": ""
  }
]

【模块二】
[
  {
    "JZRQ": "2025-12-31",
    "JBMGSY": "0.1366",
    "XSMGSY": "0.1366",
    "JBMGSYKC": "0.0617",
    "XSMGSYKC": "0.0617",
    "PTGJZCSYLJQ": "5.56",
    "KCPTGJZCSYLJQ": "2.51"
  }
]

=== 300079-2026-04-17-数码视讯-2025年年度报告.pdf ===
【模块一】
[
  {
    "JZRQ": "2025-12-31",
    "JBMGSY": "0.0233",
    "XSMGSY": "0.0233",
    "JBMGSYKC": "",
    "XSMGSYKC": "",
    "JLRJZCSYLJQ": "0.79",
    "KCHJLRJZCSYLJQ": "",
    "PTGJZCSYLJQ": "",
    "KCPTGJZCSYLJQ": "",
    "YYZSR": "",
    "YYZSRTBZZ": "",
    "YYSR": "733198956.40",
    "YYSRTBZZ": "9.61",
    "YYSRKCJE": "",
    "KCHYYSR": "",
    "KCHYYSRTBZZ": "",
    "JLRHJ": "",
    "JLRHJTBZZ": "",
    "JLR": "33175076.48",
    "JLRTBZZ": "35.97",
    "FJCXSY": "18770854.39",
    "KCFJYXSYHDJLR": "14404222.09",
    "KCFJYXSYHDJLRTBZZ": "-19.78",
    "PTGJLR": "",
    "PTGJLRTBZZ": "",
    "KCFJCXSYHPTGJLR": "",
    "KCFJCXSYHPTGJLRTBZZ": "",
    "JYXJLLJE": "57812035.52",
    "MGJYXJLLJE": "",
    "ZCZE": "4610433202.80",
    "GDQY": "4181816557.08",
    "MGJZCPL": "",
    "PTGMGJZC": "",
    "GJKJZEJLR": "",
    "GJKJZZJZC": ""
  },
  {
    "JZRQ": "2024-12-31",
    "JBMGSY": "0.0171",
    "XSMGSY": "0.0171",
    "JBMGSYKC": "",
    "XSMGSYKC": "",
    "JLRJZCSYLJQ": "0.58",
    "KCHJLRJZCSYLJQ": "",
    "PTGJZCSYLJQ": "",
    "KCPTGJZCSYLJQ": "",
    "YYZSR": "",
    "YYZSRTBZZ": "",
    "YYSR": "668944280.14",
    "YYSRTBZZ": "",
    "YYSRKCJE": "",
    "KCHYYSR": "",
    "KCHYYSRTBZZ": "",
    "JLRHJ": "",
    "JLRHJTBZZ": "",
    "JLR": "24398582.91",
    "JLRTBZZ": "",
    "FJCXSY": "6443469.92",
    "KCFJYXSYHDJLR": "17955112.99",
    "KCFJYXSYHDJLRTBZZ": "",
    "PTGJLR": "",
    "PTGJLRTBZZ": "",
    "KCFJCXSYHPTGJLR": "",
    "KCFJCXSYHPTGJLRTBZZ": "",
    "JYXJLLJE": "124728093.64",
    "MGJYXJLLJE": "",
    "ZCZE": "4619544738.56",
    "GDQY": "4230758099.76",
    "MGJZCPL": "",
    "PTGMGJZC": "",
    "GJKJZEJLR": "",
    "GJKJZZJZC": ""
  },
  {
    "JZRQ": "2023-12-31",
    "JBMGSY": "0.0130",
    "XSMGSY": "0.0130",
    "JBMGSYKC": "",
    "XSMGSYKC": "",
    "JLRJZCSYLJQ": "0.00",
    "KCHJLRJZCSYLJQ": "",
    "PTGJZCSYLJQ": "",
    "KCPTGJZCSYLJQ": "",
    "YYZSR": "",
    "YYZSRTBZZ": "",
    "YYSR": "705166046.15",
    "YYSRTBZZ": "",
    "YYSRKCJE": "",
    "KCHYYSR": "",
    "KCHYYSRTBZZ": "",
    "JLRHJ": "",
    "JLRHJTBZZ": "",
    "JLR": "18604732.51",
    "JLRTBZZ": "",
    "FJCXSY": "24390607.11",
    "KCFJYXSYHDJLR": "-5785874.60",
    "KCFJYXSYHDJLRTBZZ": "",
    "PTGJLR": "",
    "PTGJLRTBZZ": "",
    "KCFJCXSYHPTGJLR": "",
    "KCFJCXSYHPTGJLRTBZZ": "",
    "JYXJLLJE": "200797975.69",
    "MGJYXJLLJE": "",
    "ZCZE": "4528645504.22",
    "GDQY": "4211805082.59",
    "MGJZCPL": "",
    "PTGMGJZC": "",
    "GJKJZEJLR": "",
    "GJKJZZJZC": ""
  }
]

【模块二】
[
  {
    "JZRQ": "2025-12-31",
    "JBMGSY": "0.0233",
    "XSMGSY": "0.0233",
    "JBMGSYKC": "0.0101",
    "XSMGSYKC": "0.0101",
    "PTGJZCSYLJQ": "0.79",
    "KCPTGJZCSYLJQ": "0.34"
  }
]

=== 300055-2026-04-17-万邦达-2025年年度报告.pdf ===
【模块一】
[
  {
    "JZRQ": "2025-12-31",
    "JBMGSY": "-0.3048",
    "XSMGSY": "-0.3048",
    "JBMGSYKC": "",
    "XSMGSYKC": "",
    "JLRJZCSYLJQ": "-5.08",
    "KCHJLRJZCSYLJQ": "",
    "PTGJZCSYLJQ": "",
    "KCPTGJZCSYLJQ": "",
    "YYZSR": "",
    "YYZSRTBZZ": "",
    "YYSR": "2615287311.80",
    "YYSRTBZZ": "-4.23",
    "YYSRKCJE": "684040.76",
    "KCHYYSR": "2614603271.04",
    "KCHYYSRTBZZ": "",
    "JLRHJ": "",
    "JLRHJTBZZ": "",
    "JLR": "-255024750.63",
    "JLRTBZZ": "-817.05",
    "FJCXSY": "22832402.08",
    "KCFJYXSYHDJLR": "-277857152.71",
    "KCFJYXSYHDJLRTBZZ": "-1002.99",
    "PTGJLR": "",
    "PTGJLRTBZZ": "",
    "KCFJCXSYHPTGJLR": "",
    "KCFJCXSYHPTGJLRTBZZ": "",
    "JYXJLLJE": "-120076602.53",
    "MGJYXJLLJE": "",
    "ZCZE": "8635930833.88",
    "GDQY": "4870399447.81",
    "MGJZCPL": "",
    "PTGMGJZC": "",
    "GJKJZEJLR": "",
    "GJKJZZJZC": ""
  },
  {
    "JZRQ": "2024-12-31",
    "JBMGSY": "0.0425",
    "XSMGSY": "0.0425",
    "JBMGSYKC": "",
    "XSMGSYKC": "",
    "JLRJZCSYLJQ": "0.69",
    "KCHJLRJZCSYLJQ": "",
    "PTGJZCSYLJQ": "",
    "KCPTGJZCSYLJQ": "",
    "YYZSR": "",
    "YYZSRTBZZ": "",
    "YYSR": "2730930468.08",
    "YYSRTBZZ": "",
    "YYSRKCJE": "913780.91",
    "KCHYYSR": "2730016687.17",
    "KCHYYSRTBZZ": "",
    "JLRHJ": "",
    "JLRHJTBZZ": "",
    "JLR": "35565924.77",
    "JLRTBZZ": "",
    "FJCXSY": "60757172.35",
    "KCFJYXSYHDJLR": "-25191247.58",
    "KCFJYXSYHDJLRTBZZ": "",
    "PTGJLR": "",
    "PTGJLRTBZZ": "",
    "KCFJCXSYHPTGJLR": "",
    "KCFJCXSYHPTGJLRTBZZ": "",
    "JYXJLLJE": "152377997.70",
    "MGJYXJLLJE": "",
    "ZCZE": "8182818655.07",
    "GDQY": "5156733372.13",
    "MGJZCPL": "",
    "PTGMGJZC": "",
    "GJKJZEJLR": "",
    "GJKJZZJZC": ""
  },
  {
    "JZRQ": "2023-12-31",
    "JBMGSY": "-0.2293",
    "XSMGSY": "",
    "JBMGSYKC": "",
    "XSMGSYKC": "",
    "JLRJZCSYLJQ": "-3.68",
    "KCHJLRJZCSYLJQ": "",
    "PTGJZCSYLJQ": "",
    "KCPTGJZCSYLJQ": "",
    "YYZSR": "",
    "YYZSRTBZZ": "",
    "YYSR": "2821496079.31",
    "YYSRTBZZ": "",
    "YYSRKCJE": "",
    "KCHYYSR": "",
    "KCHYYSRTBZZ": "",
    "JLRHJ": "",
    "JLRHJTBZZ": "",
    "JLR": "-191209954.55",
    "JLRTBZZ": "",
    "FJCXSY": "33393864.41",
    "KCFJYXSYHDJLR": "-224603818.96",
    "KCFJYXSYHDJLRTBZZ": "",
    "PTGJLR": "",
    "PTGJLRTBZZ": "",
    "KCFJCXSYHPTGJLR": "",
    "KCFJCXSYHPTGJLRTBZZ": "",
    "JYXJLLJE": "-40661259.25",
    "MGJYXJLLJE": "",
    "ZCZE": "7205397263.82",
    "GDQY": "5132467544.13",
    "MGJZCPL": "",
    "PTGMGJZC": "",
    "GJKJZEJLR": "",
    "GJKJZZJZC": ""
  }
]

【模块二】
[
  {
    "JZRQ": "2025-12-31",
    "JBMGSY": "-0.3048",
    "XSMGSY": "-0.3048",
    "JBMGSYKC": "-0.3321",
    "XSMGSYKC": "-0.3321",
    "PTGJZCSYLJQ": "-5.08",
    "KCPTGJZCSYLJQ": "-5.54"
  }
]

=== 300160-2026-04-17-秀强股份-2025年年度报告.pdf ===
【模块一】
[
  {
    "JZRQ": "2025-12-31",
    "JBMGSY": "0.25",
    "XSMGSY": "0.25",
    "JBMGSYKC": "",
    "XSMGSYKC": "",
    "JLRJZCSYLJQ": "7.50",
    "KCHJLRJZCSYLJQ": "",
    "PTGJZCSYLJQ": "",
    "KCPTGJZCSYLJQ": "",
    "YYZSR": "",
    "YYZSRTBZZ": "",
    "YYSR": "1668033223.24",
    "YYSRTBZZ": "5.12",
    "YYSRKCJE": "",
    "KCHYYSR": "",
    "KCHYYSRTBZZ": "",
    "JLRHJ": "",
    "JLRHJTBZZ": "",
    "JLR": "193112492.63",
    "JLRTBZZ": "-11.98",
    "FJCXSY": "18331364.92",
    "KCFJYXSYHDJLR": "174781127.71",
    "KCFJYXSYHDJLRTBZZ": "-14.82",
    "PTGJLR": "",
    "PTGJLRTBZZ": "",
    "KCFJCXSYHPTGJLR": "",
    "KCFJCXSYHPTGJLRTBZZ": "",
    "JYXJLLJE": "239684991.36",
    "MGJYXJLLJE": "",
    "ZCZE": "3230541551.02",
    "GDQY": "2640273951.40",
    "MGJZCPL": "",
    "PTGMGJZC": "",
    "GJKJZEJLR": "",
    "GJKJZZJZC": ""
  },
  {
    "JZRQ": "2024-12-31",
    "JBMGSY": "0.28",
    "XSMGSY": "0.28",
    "JBMGSYKC": "",
    "XSMGSYKC": "",
    "JLRJZCSYLJQ": "8.95",
    "KCHJLRJZCSYLJQ": "",
    "PTGJZCSYLJQ": "",
    "KCPTGJZCSYLJQ": "",
    "YYZSR": "",
    "YYZSRTBZZ": "",
    "YYSR": "1586819100.77",
    "YYSRTBZZ": "",
    "YYSRKCJE": "",
    "KCHYYSR": "",
    "KCHYYSRTBZZ": "",
    "JLRHJ": "",
    "JLRHJTBZZ": "",
    "JLR": "219401475.45",
    "JLRTBZZ": "",
    "FJCXSY": "14210128.20",
    "KCFJYXSYHDJLR": "205191347.25",
    "KCFJYXSYHDJLRTBZZ": "",
    "PTGJLR": "",
    "PTGJLRTBZZ": "",
    "KCFJCXSYHPTGJLR": "",
    "KCFJCXSYHPTGJLRTBZZ": "",
    "JYXJLLJE": "278948034.81",
    "MGJYXJLLJE": "",
    "ZCZE": "3068530959.27",
    "GDQY": "2525021905.62",
    "MGJZCPL": "",
    "PTGMGJZC": "",
    "GJKJZEJLR": "",
    "GJKJZZJZC": ""
  },
  {
    "JZRQ": "2023-12-31",
    "JBMGSY": "0.27",
    "XSMGSY": "0.27",
    "JBMGSYKC": "",
    "XSMGSYKC": "",
    "JLRJZCSYLJQ": "8.99",
    "KCHJLRJZCSYLJQ": "",
    "PTGJZCSYLJQ": "",
    "KCPTGJZCSYLJQ": "",
    "YYZSR": "",
    "YYZSRTBZZ": "",
    "YYSR": "1437492209.10",
    "YYSRTBZZ": "",
    "YYSRKCJE": "",
    "KCHYYSR": "",
    "KCHYYSRTBZZ": "",
    "JLRHJ": "",
    "JLRHJTBZZ": "",
    "JLR": "208031019.75",
    "JLRTBZZ": "",
    "FJCXSY": "19793085.74",
    "KCFJYXSYHDJLR": "188237934.01",
    "KCFJYXSYHDJLRTBZZ": "",
    "PTGJLR": "",
    "PTGJLRTBZZ": "",
    "KCFJCXSYHPTGJLR": "",
    "KCFJCXSYHPTGJLRTBZZ": "",
    "JYXJLLJE": "327924354.30",
    "MGJYXJLLJE": "",
    "ZCZE": "2966531790.04",
    "GDQY": "2386599241.72",
    "MGJZCPL": "",
    "PTGMGJZC": "",
    "GJKJZEJLR": "",
    "GJKJZZJZC": ""
  }
]

【模块二】
[
  {
    "JZRQ": "2025-12-31",
    "JBMGSY": "0.25",
    "XSMGSY": "0.25",
    "JBMGSYKC": "0.23",
    "XSMGSYKC": "0.23",
    "PTGJZCSYLJQ": "7.50",
    "KCPTGJZCSYLJQ": "6.78"
  }
]

=== 300335-2026-04-17-迪森股份-2025年年度报告.pdf ===
【模块一】
[
  {
    "JZRQ": "2025-12-31",
    "JBMGSY": "0.09",
    "XSMGSY": "0.09",
    "JBMGSYKC": "",
    "XSMGSYKC": "",
    "JLRJZCSYLJQ": "2.30",
    "KCHJLRJZCSYLJQ": "",
    "PTGJZCSYLJQ": "",
    "KCPTGJZCSYLJQ": "",
    "YYZSR": "",
    "YYZSRTBZZ": "",
    "YYSR": "1044585807.19",
    "YYSRTBZZ": "-6.36",
    "YYSRKCJE": "",
    "KCHYYSR": "",
    "KCHYYSRTBZZ": "",
    "JLRHJ": "",
    "JLRHJTBZZ": "",
    "JLR": "43960437.54",
    "JLRTBZZ": "-9.43",
    "FJCXSY": "3218979.54",
    "KCFJYXSYHDJLR": "40741458.00",
    "KCFJYXSYHDJLRTBZZ": "18.90",
    "PTGJLR": "",
    "PTGJLRTBZZ": "",
    "KCFJCXSYHPTGJLR": "",
    "KCFJCXSYHPTGJLRTBZZ": "",
    "JYXJLLJE": "174944122.36",
    "MGJYXJLLJE": "",
    "ZCZE": "2815342414.09",
    "GDQY": "1914728641.99",
    "MGJZCPL": "",
    "PTGMGJZC": "",
    "GJKJZEJLR": "",
    "GJKJZZJZC": ""
  },
  {
    "JZRQ": "2024-12-31",
    "JBMGSY": "0.1",
    "XSMGSY": "0.1",
    "JBMGSYKC": "",
    "XSMGSYKC": "",
    "JLRJZCSYLJQ": "2.54",
    "KCHJLRJZCSYLJQ": "",
    "PTGJZCSYLJQ": "",
    "KCPTGJZCSYLJQ": "",
    "YYZSR": "",
    "YYZSRTBZZ": "",
    "YYSR": "1115588600.39",
    "YYSRTBZZ": "",
    "YYSRKCJE": "",
    "KCHYYSR": "",
    "KCHYYSRTBZZ": "",
    "JLRHJ": "",
    "JLRHJTBZZ": "",
    "JLR": "48536541.20",
    "JLRTBZZ": "",
    "FJCXSY": "14272201.46",
    "KCFJYXSYHDJLR": "34264339.74",
    "KCFJYXSYHDJLRTBZZ": "",
    "PTGJLR": "",
    "PTGJLRTBZZ": "",
    "KCFJCXSYHPTGJLR": "",
    "KCFJCXSYHPTGJLRTBZZ": "",
    "JYXJLLJE": "263907931.49",
    "MGJYXJLLJE": "",
    "ZCZE": "2894682814.84",
    "GDQY": "1920060237.91",
    "MGJZCPL": "",
    "PTGMGJZC": "",
    "GJKJZEJLR": "",
    "GJKJZZJZC": ""
  },
  {
    "JZRQ": "2023-12-31",
    "JBMGSY": "0.13",
    "XSMGSY": "0.13",
    "JBMGSYKC": "",
    "XSMGSYKC": "",
    "JLRJZCSYLJQ": "3.14",
    "KCHJLRJZCSYLJQ": "",
    "PTGJZCSYLJQ": "",
    "KCPTGJZCSYLJQ": "",
    "YYZSR": "",
    "YYZSRTBZZ": "",
    "YYSR": "1365792743.94",
    "YYSRTBZZ": "",
    "YYSRKCJE": "",
    "KCHYYSR": "",
    "KCHYYSRTBZZ": "",
    "JLRHJ": "",
    "JLRHJTBZZ": "",
    "JLR": "59892683.49",
    "JLRTBZZ": "",
    "FJCXSY": "8190007.89",
    "KCFJYXSYHDJLR": "51702675.60",
    "KCFJYXSYHDJLRTBZZ": "",
    "PTGJLR": "",
    "PTGJLRTBZZ": "",
    "KCFJCXSYHPTGJLR": "",
    "KCFJCXSYHPTGJLRTBZZ": "",
    "JYXJLLJE": "82041523.73",
    "MGJYXJLLJE": "",
    "ZCZE": "2874246522.89",
    "GDQY": "1912962575.76",
    "MGJZCPL": "",
    "PTGMGJZC": "",
    "GJKJZEJLR": "",
    "GJKJZZJZC": ""
  }
]

【模块二】
[
  {
    "JZRQ": "2025-12-31",
    "JBMGSY": "0.09",
    "XSMGSY": "0.09",
    "JBMGSYKC": "0.09",
    "XSMGSYKC": "0.09",
    "PTGJZCSYLJQ": "2.30",
    "KCPTGJZCSYLJQ": "2.13"
  }
]

=== 300249-2026-04-17-依米康-2025年年度报告.pdf ===
【模块一】
[
  {
    "JZRQ": "2025-12-31",
    "JBMGSY": "0.0697",
    "XSMGSY": "0.0696",
    "JBMGSYKC": "",
    "XSMGSYKC": "",
    "JLRJZCSYLJQ": "9.73",
    "KCHJLRJZCSYLJQ": "",
    "PTGJZCSYLJQ": "",
    "KCPTGJZCSYLJQ": "",
    "YYZSR": "",
    "YYZSRTBZZ": "",
    "YYSR": "1451732686.24",
    "YYSRTBZZ": "26.84",
    "YYSRKCJE": "",
    "KCHYYSR": "",
    "KCHYYSRTBZZ": "",
    "JLRHJ": "",
    "JLRHJTBZZ": "",
    "JLR": "30595261.83",
    "JLRTBZZ": "135.11",
    "FJCXSY": "1039498.65",
    "KCFJYXSYHDJLR": "29555763.18",
    "KCFJYXSYHDJLRTBZZ": "134.54",
    "PTGJLR": "",
    "PTGJLRTBZZ": "",
    "KCFJCXSYHPTGJLR": "",
    "KCFJCXSYHPTGJLRTBZZ": "",
    "JYXJLLJE": "70596038.25",
    "MGJYXJLLJE": "",
    "ZCZE": "1834099426.89",
    "GDQY": "304523239.74",
    "MGJZCPL": "",
    "PTGMGJZC": "",
    "GJKJZEJLR": "",
    "GJKJZZJZC": ""
  },
  {
    "JZRQ": "2024-12-31",
    "JBMGSY": "-0.1978",
    "XSMGSY": "-0.1978",
    "JBMGSYKC": "",
    "XSMGSYKC": "",
    "JLRJZCSYLJQ": "-23.89",
    "KCHJLRJZCSYLJQ": "",
    "PTGJZCSYLJQ": "",
    "KCPTGJZCSYLJQ": "",
    "YYZSR": "",
    "YYZSRTBZZ": "",
    "YYSR": "1144563057.21",
    "YYSRTBZZ": "",
    "YYSRKCJE": "",
    "KCHYYSR": "",
    "KCHYYSRTBZZ": "",
    "JLRHJ": "",
    "JLRHJTBZZ": "",
    "JLR": "-87137241.76",
    "JLRTBZZ": "",
    "FJCXSY": "-1565822.67",
    "KCFJYXSYHDJLR": "-85571419.09",
    "KCFJYXSYHDJLRTBZZ": "",
    "PTGJLR": "",
    "PTGJLRTBZZ": "",
    "KCFJCXSYHPTGJLR": "",
    "KCFJCXSYHPTGJLRTBZZ": "",
    "JYXJLLJE": "103159058.64",
    "MGJYXJLLJE": "",
    "ZCZE": "1679172780.13",
    "GDQY": "321121411.99",
    "MGJZCPL": "",
    "PTGMGJZC": "",
    "GJKJZEJLR": "",
    "GJKJZZJZC": ""
  },
  {
    "JZRQ": "2023-12-31",
    "JBMGSY": "-0.4917",
    "XSMGSY": "-0.4917",
    "JBMGSYKC": "",
    "XSMGSYKC": "",
    "JLRJZCSYLJQ": "-40.77",
    "KCHJLRJZCSYLJQ": "",
    "PTGJZCSYLJQ": "",
    "KCPTGJZCSYLJQ": "",
    "YYZSR": "",
    "YYZSRTBZZ": "",
    "YYSR": "801275214.06",
    "YYSRTBZZ": "",
    "YYSRKCJE": "",
    "KCHYYSR": "",
    "KCHYYSRTBZZ": "",
    "JLRHJ": "",
    "JLRHJTBZZ": "",
    "JLR": "-216455147.81",
    "JLRTBZZ": "",
    "FJCXSY": "-50286474.77",
    "KCFJYXSYHDJLR": "-166168673.04",
    "KCFJYXSYHDJLRTBZZ": "",
    "PTGJLR": "",
    "PTGJLRTBZZ": "",
    "KCFJCXSYHPTGJLR": "",
    "KCFJCXSYHPTGJLRTBZZ": "",
    "JYXJLLJE": "-120985146.73",
    "MGJYXJLLJE": "",
    "ZCZE": "1623818211.35",
    "GDQY": "408258653.75",
    "MGJZCPL": "",
    "PTGMGJZC": "",
    "GJKJZEJLR": "",
    "GJKJZZJZC": ""
  }
]

【模块二】
[
  {
    "JZRQ": "2025-12-31",
    "JBMGSY": "0.0697",
    "XSMGSY": "0.0696",
    "JBMGSYKC": "0.0674",
    "XSMGSYKC": "0.0672",
    "PTGJZCSYLJQ": "9.73",
    "KCPTGJZCSYLJQ": "9.40"
  }
]

=== 300337-2026-04-17-银邦股份-2025年年度报告.pdf ===
【模块一】
[
  {
    "JZRQ": "2025-12-31",
    "JBMGSY": "0.0563",
    "XSMGSY": "0.0563",
    "JBMGSYKC": "",
    "XSMGSYKC": "",
    "JLRJZCSYLJQ": "2.70",
    "KCHJLRJZCSYLJQ": "",
    "PTGJZCSYLJQ": "",
    "KCPTGJZCSYLJQ": "",
    "YYZSR": "",
    "YYZSRTBZZ": "",
    "YYSR": "6394990633.14",
    "YYSRTBZZ": "19.48",
    "YYSRKCJE": "",
    "KCHYYSR": "",
    "KCHYYSRTBZZ": "",
    "JLRHJ": "",
    "JLRHJTBZZ": "",
    "JLR": "46259642.51",
    "JLRTBZZ": "-19.81",
    "FJCXSY": "27016626.33",
    "KCFJYXSYHDJLR": "19243016.18",
    "KCFJYXSYHDJLRTBZZ": "-56.36",
    "PTGJLR": "",
    "PTGJLRTBZZ": "",
    "KCFJCXSYHPTGJLR": "",
    "KCFJCXSYHPTGJLRTBZZ": "",
    "JYXJLLJE": "-504480910.26",
    "MGJYXJLLJE": "",
    "ZCZE": "6587965503.93",
    "GDQY": "1737549156.09",
    "MGJZCPL": "",
    "PTGMGJZC": "",
    "GJKJZEJLR": "",
    "GJKJZZJZC": ""
  },
  {
    "JZRQ": "2024-12-31",
    "JBMGSY": "0.0702",
    "XSMGSY": "0.0702",
    "JBMGSYKC": "",
    "XSMGSYKC": "",
    "JLRJZCSYLJQ": "3.49",
    "KCHJLRJZCSYLJQ": "",
    "PTGJZCSYLJQ": "",
    "KCPTGJZCSYLJQ": "",
    "YYZSR": "",
    "YYZSRTBZZ": "",
    "YYSR": "5352174866.82",
    "YYSRTBZZ": "",
    "YYSRKCJE": "",
    "KCHYYSR": "",
    "KCHYYSRTBZZ": "",
    "JLRHJ": "",
    "JLRHJTBZZ": "",
    "JLR": "57690129.47",
    "JLRTBZZ": "",
    "FJCXSY": "13596572.76",
    "KCFJYXSYHDJLR": "44093556.71",
    "KCFJYXSYHDJLRTBZZ": "",
    "PTGJLR": "",
    "PTGJLRTBZZ": "",
    "KCFJCXSYHPTGJLR": "",
    "KCFJCXSYHPTGJLRTBZZ": "",
    "JYXJLLJE": "-416170161.10",
    "MGJYXJLLJE": "",
    "ZCZE": "5837511910.69",
    "GDQY": "1671762634.91",
    "MGJZCPL": "",
    "PTGMGJZC": "",
    "GJKJZEJLR": "",
    "GJKJZZJZC": ""
  },
  {
    "JZRQ": "2023-12-31",
    "JBMGSY": "0.0785",
    "XSMGSY": "0.0785",
    "JBMGSYKC": "",
    "XSMGSYKC": "",
    "JLRJZCSYLJQ": "4.01",
    "KCHJLRJZCSYLJQ": "",
    "PTGJZCSYLJQ": "",
    "KCPTGJZCSYLJQ": "",
    "YYZSR": "",
    "YYZSRTBZZ": "",
    "YYSR": "4456570501.47",
    "YYSRTBZZ": "",
    "YYSRKCJE": "",
    "KCHYYSR": "",
    "KCHYYSRTBZZ": "",
    "JLRHJ": "",
    "JLRHJTBZZ": "",
    "JLR": "64484081.55",
    "JLRTBZZ": "",
    "FJCXSY": "8346999.43",
    "KCFJYXSYHDJLR": "56137082.12",
    "KCFJYXSYHDJLRTBZZ": "",
    "PTGJLR": "",
    "PTGJLRTBZZ": "",
    "KCFJCXSYHPTGJLR": "",
    "KCFJCXSYHPTGJLRTBZZ": "",
    "JYXJLLJE": "106865410.33",
    "MGJYXJLLJE": "",
    "ZCZE": "4493544902.01",
    "GDQY": "1636765930.29",
    "MGJZCPL": "",
    "PTGMGJZC": "",
    "GJKJZEJLR": "",
    "GJKJZZJZC": ""
  }
]

【模块二】
[
  {
    "JZRQ": "2025-12-31",
    "JBMGSY": "0.0563",
    "XSMGSY": "0.0563",
    "JBMGSYKC": "0.0234",
    "XSMGSYKC": "0.0234",
    "PTGJZCSYLJQ": "2.70",
    "KCPTGJZCSYLJQ": "1.12"
  }
]

=== 300415-2026-04-17-伊之密-2025年年度报告.pdf ===
【模块一】
[
  {
    "JZRQ": "2025-12-31",
    "JBMGSY": "1.54",
    "XSMGSY": "1.54",
    "JBMGSYKC": "",
    "XSMGSYKC": "",
    "JLRJZCSYLJQ": "22.83",
    "KCHJLRJZCSYLJQ": "",
    "PTGJZCSYLJQ": "",
    "KCPTGJZCSYLJQ": "",
    "YYZSR": "",
    "YYZSRTBZZ": "",
    "YYSR": "6048211748.42",
    "YYSRTBZZ": "19.46",
    "YYSRKCJE": "",
    "KCHYYSR": "",
    "KCHYYSRTBZZ": "",
    "JLRHJ": "",
    "JLRHJTBZZ": "",
    "JLR": "708656668.35",
    "JLRTBZZ": "16.58",
    "FJCXSY": "12247010.55",
    "KCFJYXSYHDJLR": "696409657.80",
    "KCFJYXSYHDJLRTBZZ": "17.71",
    "PTGJLR": "",
    "PTGJLRTBZZ": "",
    "KCFJCXSYHPTGJLR": "",
    "KCFJCXSYHPTGJLRTBZZ": "",
    "JYXJLLJE": "447040436.96",
    "MGJYXJLLJE": "",
    "ZCZE": "8224253006.20",
    "GDQY": "3257539227.65",
    "MGJZCPL": "",
    "PTGMGJZC": "",
    "GJKJZEJLR": "",
    "GJKJZZJZC": ""
  },
  {
    "JZRQ": "2024-12-31",
    "JBMGSY": "1.32",
    "XSMGSY": "1.32",
    "JBMGSYKC": "",
    "XSMGSYKC": "",
    "JLRJZCSYLJQ": "22.08",
    "KCHJLRJZCSYLJQ": "",
    "PTGJZCSYLJQ": "",
    "KCPTGJZCSYLJQ": "",
    "YYZSR": "",
    "YYZSRTBZZ": "",
    "YYSR": "5062986914.57",
    "YYSRTBZZ": "",
    "YYSRKCJE": "",
    "KCHYYSR": "",
    "KCHYYSRTBZZ": "",
    "JLRHJ": "",
    "JLRHJTBZZ": "",
    "JLR": "607895384.28",
    "JLRTBZZ": "",
    "FJCXSY": "16272275.04",
    "KCFJYXSYHDJLR": "591623109.24",
    "KCFJYXSYHDJLRTBZZ": "",
    "PTGJLR": "",
    "PTGJLRTBZZ": "",
    "KCFJCXSYHPTGJLR": "",
    "KCFJCXSYHPTGJLRTBZZ": "",
    "JYXJLLJE": "358046107.39",
    "MGJYXJLLJE": "",
    "ZCZE": "7110111707.89",
    "GDQY": "2962302208.27",
    "MGJZCPL": "",
    "PTGMGJZC": "",
    "GJKJZEJLR": "",
    "GJKJZZJZC": ""
  },
  {
    "JZRQ": "2023-12-31",
    "JBMGSY": "1.02",
    "XSMGSY": "1.02",
    "JBMGSYKC": "",
    "XSMGSYKC": "",
    "JLRJZCSYLJQ": "18.90",
    "KCHJLRJZCSYLJQ": "",
    "PTGJZCSYLJQ": "",
    "KCPTGJZCSYLJQ": "",
    "YYZSR": "",
    "YYZSRTBZZ": "",
    "YYSR": "4095816864.87",
    "YYSRTBZZ": "",
    "YYSRKCJE": "",
    "KCHYYSR": "",
    "KCHYYSRTBZZ": "",
    "JLRHJ": "",
    "JLRHJTBZZ": "",
    "JLR": "477089898.56",
    "JLRTBZZ": "",
    "FJCXSY": "21465676.05",
    "KCFJYXSYHDJLR": "455624222.51",
    "KCFJYXSYHDJLRTBZZ": "",
    "PTGJLR": "",
    "PTGJLRTBZZ": "",
    "KCFJCXSYHPTGJLR": "",
    "KCFJCXSYHPTGJLRTBZZ": "",
    "JYXJLLJE": "174758826.19",
    "MGJYXJLLJE": "",
    "ZCZE": "6191396688.47",
    "GDQY": "2561217505.95",
    "MGJZCPL": "",
    "PTGMGJZC": "",
    "GJKJZEJLR": "",
    "GJKJZZJZC": ""
  }
]

【模块二】
[
  {
    "JZRQ": "2025-12-31",
    "JBMGSY": "1.54",
    "XSMGSY": "1.54",
    "JBMGSYKC": "1.51",
    "XSMGSYKC": "1.51",
    "PTGJZCSYLJQ": "22.83",
    "KCPTGJZCSYLJQ": "22.44"
  }
]

=== 300557-2026-04-17-理工光科-2025年年度报告.pdf ===
【模块一】
[
  {
    "JZRQ": "2025-12-31",
    "JBMGSY": "0.38",
    "XSMGSY": "0.38",
    "JBMGSYKC": "",
    "XSMGSYKC": "",
    "JLRJZCSYLJQ": "4.69",
    "KCHJLRJZCSYLJQ": "",
    "PTGJZCSYLJQ": "",
    "KCPTGJZCSYLJQ": "",
    "YYZSR": "",
    "YYZSRTBZZ": "",
    "YYSR": "723644873.58",
    "YYSRTBZZ": "11.94",
    "YYSRKCJE": "",
    "KCHYYSR": "",
    "KCHYYSRTBZZ": "",
    "JLRHJ": "",
    "JLRHJTBZZ": "",
    "JLR": "46484666.38",
    "JLRTBZZ": "35.37",
    "FJCXSY": "9459663.93",
    "KCFJYXSYHDJLR": "37025002.45",
    "KCFJYXSYHDJLRTBZZ": "27.52",
    "PTGJLR": "",
    "PTGJLRTBZZ": "",
    "KCFJCXSYHPTGJLR": "",
    "KCFJCXSYHPTGJLRTBZZ": "",
    "JYXJLLJE": "89615940.54",
    "MGJYXJLLJE": "",
    "ZCZE": "1889072919.68",
    "GDQY": "1006508695.02",
    "MGJZCPL": "",
    "PTGMGJZC": "",
    "GJKJZEJLR": "",
    "GJKJZZJZC": ""
  },
  {
    "JZRQ": "2024-12-31",
    "JBMGSY": "0.37",
    "XSMGSY": "0.37",
    "JBMGSYKC": "",
    "XSMGSYKC": "",
    "JLRJZCSYLJQ": "3.57",
    "KCHJLRJZCSYLJQ": "",
    "PTGJZCSYLJQ": "",
    "KCPTGJZCSYLJQ": "",
    "YYZSR": "",
    "YYZSRTBZZ": "",
    "YYSR": "646438671.77",
    "YYSRTBZZ": "",
    "YYSRKCJE": "",
    "KCHYYSR": "",
    "KCHYYSRTBZZ": "",
    "JLRHJ": "",
    "JLRHJTBZZ": "",
    "JLR": "34338006.26",
    "JLRTBZZ": "",
    "FJCXSY": "5302843.09",
    "KCFJYXSYHDJLR": "29035163.17",
    "KCFJYXSYHDJLRTBZZ": "",
    "PTGJLR": "",
    "PTGJLRTBZZ": "",
    "KCFJCXSYHPTGJLR": "",
    "KCFJCXSYHPTGJLRTBZZ": "",
    "JYXJLLJE": "69322948.55",
    "MGJYXJLLJE": "",
    "ZCZE": "1756897365.81",
    "GDQY": "986453652.76",
    "MGJZCPL": "",
    "PTGMGJZC": "",
    "GJKJZEJLR": "",
    "GJKJZZJZC": ""
  },
  {
    "JZRQ": "2023-12-31",
    "JBMGSY": "0.3500",
    "XSMGSY": "0.3500",
    "JBMGSYKC": "",
    "XSMGSYKC": "",
    "JLRJZCSYLJQ": "2.71",
    "KCHJLRJZCSYLJQ": "",
    "PTGJZCSYLJQ": "",
    "KCPTGJZCSYLJQ": "",
    "YYZSR": "",
    "YYZSRTBZZ": "",
    "YYSR": "604099933.73",
    "YYSRTBZZ": "",
    "YYSRKCJE": "",
    "KCHYYSR": "",
    "KCHYYSRTBZZ": "",
    "JLRHJ": "",
    "JLRHJTBZZ": "",
    "JLR": "25207376.71",
    "JLRTBZZ": "",
    "FJCXSY": "7107841.76",
    "KCFJYXSYHDJLR": "18099534.95",
    "KCFJYXSYHDJLRTBZZ": "",
    "PTGJLR": "",
    "PTGJLRTBZZ": "",
    "KCFJCXSYHPTGJLR": "",
    "KCFJCXSYHPTGJLRTBZZ": "",
    "JYXJLLJE": "60064697.58",
    "MGJYXJLLJE": "",
    "ZCZE": "1682492939.78",
    "GDQY": "943838655.11",
    "MGJZCPL": "",
    "PTGMGJZC": "",
    "GJKJZEJLR": "",
    "GJKJZZJZC": ""
  }
]

【模块二】
[
  {
    "JZRQ": "2025-12-31",
    "JBMGSY": "0.38",
    "XSMGSY": "0.38",
    "JBMGSYKC": "0.31",
    "XSMGSYKC": "0.31",
    "PTGJZCSYLJQ": "4.69",
    "KCPTGJJZCSYLJQ": "3.74"
  }
]

=== 300627-2026-04-17-华测导航-2025年年度报告.pdf ===
【模块一】
[
  {
    "JZRQ": "2025-12-31",
    "JBMGSY": "0.882",
    "XSMGSY": "0.873",
    "JBMGSYKC": "",
    "XSMGSYKC": "",
    "JLRJZCSYLJQ": "17.71",
    "KCHJLRJZCSYLJQ": "",
    "PTGJZCSYLJQ": "",
    "KCPTGJZCSYLJQ": "",
    "YYZSR": "",
    "YYZSRTBZZ": "",
    "YYSR": "3699152108.47",
    "YYSRTBZZ": "13.78",
    "YYSRKCJE": "",
    "KCHYYSR": "",
    "KCHYYSRTBZZ": "",
    "JLRHJ": "",
    "JLRHJTBZZ": "",
    "JLR": "685420583.51",
    "JLRTBZZ": "17.49",
    "FJCXSY": "80413041.33",
    "KCFJYXSYHDJLR": "605007542.18",
    "KCFJYXSYHDJLRTBZZ": "20.09",
    "PTGJLR": "",
    "PTGJLRTBZZ": "",
    "KCFJCXSYHPTGJLR": "",
    "KCFJCXSYHPTGJLRTBZZ": "",
    "JYXJLLJE": "698680737.18",
    "MGJYXJLLJE": "",
    "ZCZE": "6064205090.99",
    "GDQY": "4200185630.68",
    "MGJZCPL": "",
    "PTGMGJZC": "",
    "GJKJZEJLR": "",
    "GJKJZZJZC": ""
  },
  {
    "JZRQ": "2024-12-31",
    "JBMGSY": "0.764",
    "XSMGSY": "0.761",
    "JBMGSYKC": "",
    "XSMGSYKC": "",
    "JLRJZCSYLJQ": "17.74",
    "KCHJLRJZCSYLJQ": "",
    "PTGJZCSYLJQ": "",
    "KCPTGJZCSYLJQ": "",
    "YYZSR": "",
    "YYZSRTBZZ": "",
    "YYSR": "3251013405.18",
    "YYSRTBZZ": "",
    "YYSRKCJE": "",
    "KCHYYSR": "",
    "KCHYYSRTBZZ": "",
    "JLRHJ": "",
    "JLRHJTBZZ": "",
    "JLR": "583403247.25",
    "JLRTBZZ": "",
    "FJCXSY": "79609931.57",
    "KCFJYXSYHDJLR": "503793315.68",
    "KCFJYXSYHDJLRTBZZ": "",
    "PTGJLR": "",
    "PTGJLRTBZZ": "",
    "KCFJCXSYHPTGJLR": "",
    "KCFJCXSYHPTGJLRTBZZ": "",
    "JYXJLLJE": "659056803.43",
    "MGJYXJLLJE": "",
    "ZCZE": "5124410823.89",
    "GDQY": "3516956347.39",
    "MGJZCPL": "",
    "PTGMGJZC": "",
    "GJKJZEJLR": "",
    "GJKJZZJZC": ""
  },
  {
    "JZRQ": "2023-12-31",
    "JBMGSY": "0.596",
    "XSMGSY": "0.595",
    "JBMGSYKC": "",
    "XSMGSYKC": "",
    "JLRJZCSYLJQ": "16.27",
    "KCHJLRJZCSYLJQ": "",
    "PTGJZCSYLJQ": "",
    "KCPTGJZCSYLJQ": "",
    "YYZSR": "",
    "YYZSRTBZZ": "",
    "YYSR": "2678341128.41",
    "YYSRTBZZ": "",
    "YYSRKCJE": "",
    "KCHYYSR": "",
    "KCHYYSRTBZZ": "",
    "JLRHJ": "",
    "JLRHJTBZZ": "",
    "JLR": "449140842.06",
    "JLRTBZZ": "",
    "FJCXSY": "76822007.24",
    "KCFJYXSYHDJLR": "372318834.82",
    "KCFJYXSYHDJLRTBZZ": "",
    "PTGJLR": "",
    "PTGJLRTBZZ": "",
    "KCFJCXSYHPTGJLR": "",
    "KCFJCXSYHPTGJLRTBZZ": "",
    "JYXJLLJE": "445346227.17",
    "MGJYXJLLJE": "",
    "ZCZE": "4412050015.81",
    "GDQY": "3003916308.55",
    "MGJZCPL": "",
    "PTGMGJZC": "",
    "GJKJZEJLR": "",
    "GJKJZZJZC": ""
  }
]

【模块二】
[
  {
    "JZRQ": "2025-12-31",
    "JBMGSY": "0.882",
    "XSMGSY": "0.873",
    "JBMGSYKC": "0.778",
    "XSMGSYKC": "0.77",
    "PTGJZCSYLJQ": "17.71",
    "KCPTGJZCSYLJQ": "15.63"
  }
]

=== 300633-2026-04-17-开立医疗-2025年年度报告.pdf ===
【模块一】
[
  {
    "JZRQ": "2025-12-31",
    "JBMGSY": "0.46",
    "XSMGSY": "0.46",
    "JBMGSYKC": "",
    "XSMGSYKC": "",
    "JLRJZCSYLJQ": "6.20",
    "KCHJLRJZCSYLJQ": "",
    "PTGJZCSYLJQ": "",
    "KCPTGJZCSYLJQ": "",
    "YYZSR": "",
    "YYZSRTBZZ": "",
    "YYSR": "2308908666.51",
    "YYSRTBZZ": "14.65",
    "YYSRKCJE": "",
    "KCHYYSR": "",
    "KCHYYSRTBZZ": "",
    "JLRHJ": "",
    "JLRHJTBZZ": "",
    "JLR": "197280077.30",
    "JLRTBZZ": "38.54",
    "FJCXSY": "17004874.25",
    "KCFJYXSYHDJLR": "180275203.05",
    "KCFJYXSYHDJLRTBZZ": "63.41",
    "PTGJLR": "",
    "PTGJLRTBZZ": "",
    "KCFJCXSYHPTGJLR": "",
    "KCFJCXSYHPTGJLRTBZZ": "",
    "JYXJLLJE": "-48159565.65",
    "MGJYXJLLJE": "",
    "ZCZE": "4406310857.76",
    "GDQY": "3262490484.52",
    "MGJZCPL": "",
    "PTGMGJZC": "",
    "GJKJZEJLR": "",
    "GJKJZZJZC": ""
  },
  {
    "JZRQ": "2024-12-31",
    "JBMGSY": "0.33",
    "XSMGSY": "0.33",
    "JBMGSYKC": "",
    "XSMGSYKC": "",
    "JLRJZCSYLJQ": "4.58",
    "KCHJLRJZCSYLJQ": "",
    "PTGJZCSYLJQ": "",
    "KCPTGJZCSYLJQ": "",
    "YYZSR": "",
    "YYZSRTBZZ": "",
    "YYSR": "2013856558.55",
    "YYSRTBZZ": "",
    "YYSRKCJE": "",
    "KCHYYSR": "",
    "KCHYYSRTBZZ": "",
    "JLRHJ": "",
    "JLRHJTBZZ": "",
    "JLR": "142397376.09",
    "JLRTBZZ": "",
    "FJCXSY": "32077986.38",
    "KCFJYXSYHDJLR": "110319389.71",
    "KCFJYXSYHDJLRTBZZ": "",
    "PTGJLR": "",
    "PTGJLRTBZZ": "",
    "KCFJCXSYHPTGJLR": "",
    "KCFJCXSYHPTGJLRTBZZ": "",
    "JYXJLLJE": "306658255.38",
    "MGJYXJLLJE": "",
    "ZCZE": "4312997155.23",
    "GDQY": "3108222479.41",
    "MGJZCPL": "",
    "PTGMGJZC": "",
    "GJKJZEJLR": "",
    "GJKJZZJZC": ""
  },
  {
    "JZRQ": "2023-12-31",
    "JBMGSY": "1.06",
    "XSMGSY": "1.05",
    "JBMGSYKC": "",
    "XSMGSYKC": "",
    "JLRJZCSYLJQ": "15.24",
    "KCHJLRJZCSYLJQ": "",
    "PTGJZCSYLJQ": "",
    "KCPTGJZCSYLJQ": "",
    "YYZSR": "",
    "YYZSRTBZZ": "",
    "YYSR": "2120251604.73",
    "YYSRTBZZ": "",
    "YYSRKCJE": "",
    "KCHYYSR": "",
    "KCHYYSRTBZZ": "",
    "JLRHJ": "",
    "JLRHJTBZZ": "",
    "JLR": "454437474.61",
    "JLRTBZZ": "",
    "FJCXSY": "11966919.03",
    "KCFJYXSYHDJLR": "442470555.58",
    "KCFJYXSYHDJLRTBZZ": "",
    "PTGJLR": "",
    "PTGJLRTBZZ": "",
    "KCFJCXSYHPTGJLR": "",
    "KCFJCXSYHPTGJLRTBZZ": "",
    "JYXJLLJE": "489468852.65",
    "MGJYXJLLJE": "",
    "ZCZE": "3771417094.83",
    "GDQY": "3145953651.28",
    "MGJZCPL": "",
    "PTGMGJZC": "",
    "GJKJZEJLR": "",
    "GJKJZZJZC": ""
  }
]

【模块二】
[
  {
    "JZRQ": "2025-12-31",
    "JBMGSY": "0.46",
    "XSMGSY": "0.46",
    "JBMGSYKC": "0.42",
    "XSMGSYKC": "0.42",
    "PTGJZCSYLJQ": "6.20",
    "KCPTGJZCSYLJQ": "5.67"
  }
]

=== 300703-2026-04-17-创源股份-2025年年度报告.pdf ===
【模块一】
[
  {
    "JZRQ": "2025-12-31",
    "JBMGSY": "0.34",
    "XSMGSY": "0.34",
    "JBMGSYKC": "",
    "XSMGSYKC": "",
    "JLRJZCSYLJQ": "6.59",
    "KCHJLRJZCSYLJQ": "",
    "PTGJZCSYLJQ": "",
    "KCPTGJZCSYLJQ": "",
    "YYZSR": "",
    "YYZSRTBZZ": "",
    "YYSR": "2144066374.22",
    "YYSRTBZZ": "10.55",
    "YYSRKCJE": "",
    "KCHYYSR": "",
    "KCHYYSRTBZZ": "",
    "JLRHJ": "",
    "JLRHJTBZZ": "",
    "JLR": "60732038.86",
    "JLRTBZZ": "-43.73",
    "FJCXSY": "2241450.95",
    "KCFJYXSYHDJLR": "58490587.91",
    "KCFJYXSYHDJLRTBZZ": "-42.83",
    "PTGJLR": "",
    "PTGJLRTBZZ": "",
    "KCFJCXSYHPTGJLR": "",
    "KCFJCXSYHPTGJLRTBZZ": "",
    "JYXJLLJE": "183977399.45",
    "MGJYXJLLJE": "",
    "ZCZE": "2035483859.39",
    "GDQY": "798779686.73",
    "MGJZCPL": "",
    "PTGMGJZC": "",
    "GJKJZEJLR": "",
    "GJKJZZJZC": ""
  },
  {
    "JZRQ": "2024-12-31",
    "JBMGSY": "0.6",
    "XSMGSY": "0.6",
    "JBMGSYKC": "",
    "XSMGSYKC": "",
    "JLRJZCSYLJQ": "12.68",
    "KCHJLRJZCSYLJQ": "",
    "PTGJZCSYLJQ": "",
    "KCPTGJZCSYLJQ": "",
    "YYZSR": "",
    "YYZSRTBZZ": "",
    "YYSR": "1939388003.74",
    "YYSRTBZZ": "",
    "YYSRKCJE": "",
    "KCHYYSR": "",
    "KCHYYSRTBZZ": "",
    "JLRHJ": "",
    "JLRHJTBZZ": "",
    "JLR": "107932773.91",
    "JLRTBZZ": "",
    "FJCXSY": "5621970.01",
    "KCFJYXSYHDJLR": "102310803.90",
    "KCFJYXSYHDJLRTBZZ": "",
    "PTGJLR": "",
    "PTGJLRTBZZ": "",
    "KCFJCXSYHPTGJLR": "",
    "KCFJCXSYHPTGJLRTBZZ": "",
    "JYXJLLJE": "148031445.66",
    "MGJYXJLLJE": "",
    "ZCZE": "1900208938.78",
    "GDQY": "888133668.90",
    "MGJZCPL": "",
    "PTGMGJZC": "",
    "GJKJZEJLR": "",
    "GJKJZZJZC": ""
  },
  {
    "JZRQ": "2023-12-31",
    "JBMGSY": "0.42",
    "XSMGSY": "0.42",
    "JBMGSYKC": "",
    "XSMGSYKC": "",
    "JLRJZCSYLJQ": "9.83",
    "KCHJLRJZCSYLJQ": "",
    "PTGJZCSYLJQ": "",
    "KCPTGJZCSYLJQ": "",
    "YYZSR": "",
    "YYZSRTBZZ": "",
    "YYSR": "1358782668.61",
    "YYSRTBZZ": "",
    "YYSRKCJE": "",
    "KCHYYSR": "",
    "KCHYYSRTBZZ": "",
    "JLRHJ": "",
    "JLRHJTBZZ": "",
    "JLR": "76740344.54",
    "JLRTBZZ": "",
    "FJCXSY": "6039224.44",
    "KCFJYXSYHDJLR": "70701120.10",
    "KCFJYXSYHDJLRTBZZ": "",
    "PTGJLR": "",
    "PTGJLRTBZZ": "",
    "KCFJCXSYHPTGJLR": "",
    "KCFJCXSYHPTGJLRTBZZ": "",
    "JYXJLLJE": "199535391.22",
    "MGJYXJLLJE": "",
    "ZCZE": "1489893052.07",
    "GDQY": "812943076.24",
    "MGJZCPL": "",
    "PTGMGJZC": "",
    "GJKJZEJLR": "",
    "GJKJZZJZC": ""
  }
]

【模块二】
[
  {
    "JZRQ": "2025-12-31",
    "JBMGSY": "0.34",
    "XSMGSY": "0.34",
    "JBMGSYKC": "0.32",
    "XSMGSYKC": "0.32",
    "PTGJZCSYLJQ": "6.59",
    "KCPTGJZCSYLJQ": "6.35"
  }
]

=== 300810-2026-04-17-中科海讯-2025年年度报告.pdf ===
【模块一】
[
  {
    "JZRQ": "2025-12-31",
    "JBMGSY": "-0.3785",
    "XSMGSY": "-0.3785",
    "JBMGSYKC": "",
    "XSMGSYKC": "",
    "JLRJZCSYLJQ": "-5.55",
    "KCHJLRJZCSYLJQ": "",
    "PTGJZCSYLJQ": "",
    "KCPTGJZCSYLJQ": "",
    "YYZSR": "",
    "YYZSRTBZZ": "",
    "YYSR": "315665704.15",
    "YYSRTBZZ": "31.68",
    "YYSRKCJE": "4104025.55",
    "KCHYYSR": "311561678.60",
    "KCHYYSRTBZZ": "",
    "JLRHJ": "",
    "JLRHJTBZZ": "",
    "JLR": "-44114192.78",
    "JLRTBZZ": "-68.77",
    "FJCXSY": "1124074.04",
    "KCFJYXSYHDJLR": "-45238266.82",
    "KCFJYXSYHDJLRTBZZ": "-59.95",
    "PTGJLR": "",
    "PTGJLRTBZZ": "",
    "KCFJCXSYHPTGJLR": "",
    "KCFJCXSYHPTGJLRTBZZ": "",
    "JYXJLLJE": "-80439170.26",
    "MGJYXJLLJE": "",
    "ZCZE": "1280378705.76",
    "GDQY": "780719859.47",
    "MGJZCPL": "",
    "PTGMGJZC": "",
    "GJKJZEJLR": "",
    "GJKJZZJZC": ""
  },
  {
    "JZRQ": "2024-12-31",
    "JBMGSY": "-0.2238",
    "XSMGSY": "-0.2238",
    "JBMGSYKC": "",
    "XSMGSYKC": "",
    "JLRJZCSYLJQ": "-3.13",
    "KCHJLRJZCSYLJQ": "",
    "PTGJZCSYLJQ": "",
    "KCPTGJZCSYLJQ": "",
    "YYZSR": "",
    "YYZSRTBZZ": "",
    "YYSR": "239713681.61",
    "YYSRTBZZ": "",
    "YYSRKCJE": "0.00",
    "KCHYYSR": "239713681.61",
    "KCHYYSRTBZZ": "",
    "JLRHJ": "",
    "JLRHJTBZZ": "",
    "JLR": "-26138298.27",
    "JLRTBZZ": "",
    "FJCXSY": "2145092.61",
    "KCFJYXSYHDJLR": "-28283390.88",
    "KCFJYXSYHDJLRTBZZ": "",
    "PTGJLR": "",
    "PTGJLRTBZZ": "",
    "KCFJCXSYHPTGJLR": "",
    "KCFJCXSYHPTGJLRTBZZ": "",
    "JYXJLLJE": "24953841.66",
    "MGJYXJLLJE": "",
    "ZCZE": "1193733586.54",
    "GDQY": "818064061.05",
    "MGJZCPL": "",
    "PTGMGJZC": "",
    "GJKJZEJLR": "",
    "GJKJZZJZC": ""
  },
  {
    "JZRQ": "2023-12-31",
    "JBMGSY": "-1.3293",
    "XSMGSY": "-1.3293",
    "JBMGSYKC": "",
    "XSMGSYKC": "",
    "JLRJZCSYLJQ": "-16.53",
    "KCHJLRJZCSYLJQ": "",
    "PTGJZCSYLJQ": "",
    "KCPTGJZCSYLJQ": "",
    "YYZSR": "",
    "YYZSRTBZZ": "",
    "YYSR": "164580434.92",
    "YYSRTBZZ": "",
    "YYSRKCJE": "",
    "KCHYYSR": "",
    "KCHYYSRTBZZ": "",
    "JLRHJ": "",
    "JLRHJTBZZ": "",
    "JLR": "-156923683.82",
    "JLRTBZZ": "",
    "FJCXSY": "5975508.65",
    "KCFJYXSYHDJLR": "-162899192.47",
    "KCFJYXSYHDJLRTBZZ": "",
    "PTGJLR": "",
    "PTGJLRTBZZ": "",
    "KCFJCXSYHPTGJLR": "",
    "KCFJCXSYHPTGJLRTBZZ": "",
    "JYXJLLJE": "-70446470.74",
    "MGJYXJLLJE": "",
    "ZCZE": "1173985058.03",
    "GDQY": "866536793.32",
    "MGJZCPL": "",
    "PTGMGJZC": "",
    "GJKJZEJLR": "",
    "GJKJZZJZC": ""
  }
]

【模块二】
[
  {
    "JZRQ": "2025-12-31",
    "JBMGSY": "-0.3785",
    "XSMGSY": "-0.3785",
    "JBMGSYKC": "-0.3881",
    "XSMGSYKC": "-0.3881",
    "PTGJZCSYLJQ": "-5.55",
    "KCPTGJZCSYLJQ": "-5.69"
  }
]

=== 300871-2026-04-17-回盛生物-2025年年度报告.pdf ===
【模块一】
[
  {
    "JZRQ": "2025-12-31",
    "JBMGSY": "1.3349",
    "XSMGSY": "1.2918",
    "JBMGSYKC": "",
    "XSMGSYKC": "",
    "JLRJZCSYLJQ": "13.36",
    "KCHJLRJZCSYLJQ": "",
    "PTGJZCSYLJQ": "",
    "KCPTGJZCSYLJQ": "",
    "YYZSR": "",
    "YYZSRTBZZ": "",
    "YYSR": "1681248059.49",
    "YYSRTBZZ": "40.07",
    "YYSRKCJE": "",
    "KCHYYSR": "",
    "KCHYYSRTBZZ": "",
    "JLRHJ": "",
    "JLRHJTBZZ": "",
    "JLR": "253155975.55",
    "JLRTBZZ": "1356.01",
    "FJCXSY": "22596359.01",
    "KCFJYXSYHDJLR": "230559616.54",
    "KCFJYXSYHDJLRTBZZ": "1519.83",
    "PTGJLR": "",
    "PTGJLRTBZZ": "",
    "KCFJCXSYHPTGJLR": "",
    "KCFJCXSYHPTGJLRTBZZ": "",
    "JYXJLLJE": "238448397.00",
    "MGJYXJLLJE": "",
    "ZCZE": "3008595259.36",
    "GDQY": "2173646119.31",
    "MGJZCPL": "",
    "PTGMGJZC": "",
    "GJKJZEJLR": "",
    "GJKJZZJZC": ""
  },
  {
    "JZRQ": "2024-12-31",
    "JBMGSY": "-0.1215",
    "XSMGSY": "-0.1215",
    "JBMGSYKC": "",
    "XSMGSYKC": "",
    "JLRJZCSYLJQ": "-1.35",
    "KCHJLRJZCSYLJQ": "",
    "PTGJZCSYLJQ": "",
    "KCPTGJZCSYLJQ": "",
    "YYZSR": "",
    "YYZSRTBZZ": "",
    "YYSR": "1200327933.81",
    "YYSRTBZZ": "",
    "YYSRKCJE": "",
    "KCHYYSR": "",
    "KCHYYSRTBZZ": "",
    "JLRHJ": "",
    "JLRHJTBZZ": "",
    "JLR": "-20155591.43",
    "JLRTBZZ": "",
    "FJCXSY": "-3916997.79",
    "KCFJYXSYHDJLR": "-16238593.64",
    "KCFJYXSYHDJLRTBZZ": "",
    "PTGJLR": "",
    "PTGJLRTBZZ": "",
    "KCFJCXSYHPTGJLR": "",
    "KCFJCXSYHPTGJLRTBZZ": "",
    "JYXJLLJE": "43531846.81",
    "MGJYXJLLJE": "",
    "ZCZE": "3014682865.02",
    "GDQY": "1457576824.02",
    "MGJZCPL": "",
    "PTGMGJZC": "",
    "GJKJZEJLR": "",
    "GJKJZZJZC": ""
  },
  {
    "JZRQ": "2023-12-31",
    "JBMGSY": "0.1011",
    "XSMGSY": "0.1011",
    "JBMGSYKC": "",
    "XSMGSYKC": "",
    "JLRJZCSYLJQ": "1.10",
    "KCHJLRJZCSYLJQ": "",
    "PTGJZCSYLJQ": "",
    "KCPTGJZCSYLJQ": "",
    "YYZSR": "",
    "YYZSRTBZZ": "",
    "YYSR": "1019758798.36",
    "YYSRTBZZ": "",
    "YYSRKCJE": "",
    "KCHYYSR": "",
    "KCHYYSRTBZZ": "",
    "JLRHJ": "",
    "JLRHJTBZZ": "",
    "JLR": "16780818.77",
    "JLRTBZZ": "",
    "FJCXSY": "27974968.85",
    "KCFJYXSYHDJLR": "-11194150.08",
    "KCFJYXSYHDJLRTBZZ": "",
    "PTGJLR": "",
    "PTGJLRTBZZ": "",
    "KCFJCXSYHPTGJLR": "",
    "KCFJCXSYHPTGJLRTBZZ": "",
    "JYXJLLJE": "92919346.00",
    "MGJYXJLLJE": "",
    "ZCZE": "2975460462.12",
    "GDQY": "1509281062.12",
    "MGJZCPL": "",
    "PTGMGJZC": "",
    "GJKJZEJLR": "",
    "GJKJZZJZC": ""
  }
]

【模块二】
[
  {
    "JZRQ": "2025-12-31",
    "JBMGSY": "1.3349",
    "XSMGSY": "1.2918",
    "JBMGSYKC": "1.2158",
    "XSMGSYKC": "1.1804",
    "PTGJZCSYLJQ": "13.36",
    "KCPTGJZCSYLJQ": "12.17"
  }
]

=== 301158-2026-04-17-德石股份-2025年年度报告.pdf ===
【模块一】
[
  {
    "JZRQ": "2025-12-31",
    "JBMGSY": "0.79",
    "XSMGSY": "0.79",
    "JBMGSYKC": "",
    "XSMGSYKC": "",
    "JLRJZCSYLJQ": "8.59",
    "KCHJLRJZCSYLJQ": "",
    "PTGJZCSYLJQ": "",
    "KCPTGJZCSYLJQ": "",
    "YYZSR": "",
    "YYZSRTBZZ": "",
    "YYSR": "721144082.26",
    "YYSRTBZZ": "8.08",
    "YYSRKCJE": "",
    "KCHYYSR": "",
    "KCHYYSRTBZZ": "",
    "JLRHJ": "",
    "JLRHJTBZZ": "",
    "JLR": "116606912.44",
    "JLRTBZZ": "17.55",
    "FJCXSY": "5664959.35",
    "KCFJYXSYHDJLR": "110941953.09",
    "KCFJYXSYHDJLRTBZZ": "14.40",
    "PTGJLR": "",
    "PTGJLRTBZZ": "",
    "KCFJCXSYHPTGJLR": "",
    "KCFJCXSYHPTGJLRTBZZ": "",
    "JYXJLLJE": "149178120.49",
    "MGJYXJLLJE": "",
    "ZCZE": "1937315802.92",
    "GDQY": "1395158222.86",
    "MGJZCPL": "",
    "PTGMGJZC": "",
    "GJKJZEJLR": "",
    "GJKJZZJZC": ""
  },
  {
    "JZRQ": "2024-12-31",
    "JBMGSY": "0.67",
    "XSMGSY": "0.67",
    "JBMGSYKC": "",
    "XSMGSYKC": "",
    "JLRJZCSYLJQ": "7.56",
    "KCHJLRJZCSYLJQ": "",
    "PTGJZCSYLJQ": "",
    "KCPTGJZCSYLJQ": "",
    "YYZSR": "",
    "YYZSRTBZZ": "",
    "YYSR": "667229336.67",
    "YYSRTBZZ": "",
    "YYSRKCJE": "",
    "KCHYYSR": "",
    "KCHYYSRTBZZ": "",
    "JLRHJ": "",
    "JLRHJTBZZ": "",
    "JLR": "99193651.88",
    "JLRTBZZ": "",
    "FJCXSY": "2214354.10",
    "KCFJYXSYHDJLR": "96979297.78",
    "KCFJYXSYHDJLRTBZZ": "",
    "PTGJLR": "",
    "PTGJLRTBZZ": "",
    "KCFJCXSYHPTGJLR": "",
    "KCFJCXSYHPTGJLRTBZZ": "",
    "JYXJLLJE": "197085737.22",
    "MGJYXJLLJE": "",
    "ZCZE": "1781557081.97",
    "GDQY": "1317241413.55",
    "MGJZCPL": "",
    "PTGMGJZC": "",
    "GJKJZEJLR": "",
    "GJKJZZJZC": ""
  },
  {
    "JZRQ": "2023-12-31",
    "JBMGSY": "0.58",
    "XSMGSY": "0.58",
    "JBMGSYKC": "",
    "XSMGSYKC": "",
    "JLRJZCSYLJQ": "6.72",
    "KCHJLRJZCSYLJQ": "",
    "PTGJZCSYLJQ": "",
    "KCPTGJZCSYLJQ": "",
    "YYZSR": "",
    "YYZSRTBZZ": "",
    "YYSR": "567008289.47",
    "YYSRTBZZ": "",
    "YYSRKCJE": "",
    "KCHYYSR": "",
    "KCHYYSRTBZZ": "",
    "JLRHJ": "",
    "JLRHJTBZZ": "",
    "JLR": "86734272.27",
    "JLRTBZZ": "",
    "FJCXSY": "2369688.85",
    "KCFJYXSYHDJLR": "84364583.42",
    "KCFJYXSYHDJLRTBZZ": "",
    "PTGJLR": "",
    "PTGJLRTBZZ": "",
    "KCFJCXSYHPTGJLR": "",
    "KCFJCXSYHPTGJLRTBZZ": "",
    "JYXJLLJE": "105884015.27",
    "MGJYXJLLJE": "",
    "ZCZE": "1626941691.19",
    "GDQY": "1322368207.56",
    "MGJZCPL": "",
    "PTGMGJZC": "",
    "GJKJZEJLR": "",
    "GJKJZZJZC": ""
  }
]

【模块二】
[
  {
    "JZRQ": "2025-12-31",
    "JBMGSY": "0.79",
    "XSMGSY": "0.79",
    "JBMGSYKC": "0.75",
    "XSMGSYKC": "0.75",
    "PTGJZCSYLJQ": "8.59",
    "KCPTGJZCSYLJQ": "8.17"
  }
]

=== 300898-2026-04-17-熊猫乳品-2025年年度报告.pdf ===
【模块一】
[
  {
    "JZRQ": "2025-12-31",
    "JBMGSY": "0.8711",
    "XSMGSY": "0.8711",
    "JBMGSYKC": "",
    "XSMGSYKC": "",
    "JLRJZCSYLJQ": "10.86",
    "KCHJLRJZCSYLJQ": "",
    "PTGJZCSYLJQ": "",
    "KCPTGJZCSYLJQ": "",
    "YYZSR": "",
    "YYZSRTBZZ": "",
    "YYSR": "811084431.05",
    "YYSRTBZZ": "6.12",
    "YYSRKCJE": "",
    "KCHYYSR": "",
    "KCHYYSRTBZZ": "",
    "JLRHJ": "",
    "JLRHJTBZZ": "",
    "JLR": "108011917.64",
    "JLRTBZZ": "5.38",
    "FJCXSY": "32762940.09",
    "KCFJYXSYHDJLR": "75248977.55",
    "KCFJYXSYHDJLRTBZZ": "-16.85",
    "PTGJLR": "",
    "PTGJLRTBZZ": "",
    "KCFJCXSYHPTGJLR": "",
    "KCFJCXSYHPTGJLRTBZZ": "",
    "JYXJLLJE": "56836233.16",
    "MGJYXJLLJE": "",
    "ZCZE": "1151702405.85",
    "GDQY": "1019143109.69",
    "MGJZCPL": "",
    "PTGMGJZC": "",
    "GJKJZEJLR": "",
    "GJKJZZJZC": ""
  },
  {
    "JZRQ": "2024-12-31",
    "JBMGSY": "0.8266",
    "XSMGSY": "0.8266",
    "JBMGSYKC": "",
    "XSMGSYKC": "",
    "JLRJZCSYLJQ": "10.69",
    "KCHJLRJZCSYLJQ": "",
    "PTGJZCSYLJQ": "",
    "KCPTGJZCSYLJQ": "",
    "YYZSR": "",
    "YYZSRTBZZ": "",
    "YYSR": "764303545.21",
    "YYSRTBZZ": "",
    "YYSRKCJE": "",
    "KCHYYSR": "",
    "KCHYYSRTBZZ": "",
    "JLRHJ": "",
    "JLRHJTBZZ": "",
    "JLR": "102498052.24",
    "JLRTBZZ": "",
    "FJCXSY": "11999523.91",
    "KCFJYXSYHDJLR": "90498528.33",
    "KCFJYXSYHDJLRTBZZ": "",
    "PTGJLR": "",
    "PTGJLRTBZZ": "",
    "KCFJCXSYHPTGJLR": "",
    "KCFJCXSYHPTGJLRTBZZ": "",
    "JYXJLLJE": "176436834.30",
    "MGJYXJLLJE": "",
    "ZCZE": "1091825944.97",
    "GDQY": "984277892.05",
    "MGJZCPL": "",
    "PTGMGJZC": "",
    "GJKJZEJLR": "",
    "GJKJZZJZC": ""
  },
  {
    "JZRQ": "2023-12-31",
    "JBMGSY": "0.8762",
    "XSMGSY": "0.8762",
    "JBMGSYKC": "",
    "XSMGSYKC": "",
    "JLRJZCSYLJQ": "12.13",
    "KCHJLRJZCSYLJQ": "",
    "PTGJZCSYLJQ": "",
    "KCPTGJZCSYLJQ": "",
    "YYZSR": "",
    "YYZSRTBZZ": "",
    "YYSR": "946938152.54",
    "YYSRTBZZ": "",
    "YYSRKCJE": "",
    "KCHYYSR": "",
    "KCHYYSRTBZZ": "",
    "JLRHJ": "",
    "JLRHJTBZZ": "",
    "JLR": "109014110.46",
    "JLRTBZZ": "",
    "FJCXSY": "17294255.53",
    "KCFJYXSYHDJLR": "91719854.93",
    "KCFJYXSYHDJLRTBZZ": "",
    "PTGJLR": "",
    "PTGJLRTBZZ": "",
    "KCFJCXSYHPTGJLR": "",
    "KCFJCXSYHPTGJLRTBZZ": "",
    "JYXJLLJE": "184222807.94",
    "MGJYXJLLJE": "",
    "ZCZE": "1146493057.61",
    "GDQY": "943646796.70",
    "MGJZCPL": "",
    "PTGMGJZC": "",
    "GJKJZEJLR": "",
    "GJKJZZJZC": ""
  }
]

【模块二】
[
  {
    "JZRQ": "2025-12-31",
    "JBMGSY": "0.8711",
    "XSMGSY": "0.8711",
    "JBMGSYKC": "0.6068",
    "XSMGSYKC": "0.6068",
    "PTGJZCSYLJQ": "10.86",
    "KCPTGJZCSYLJQ": "7.56"
  }
]

=== 301181-2026-04-17-标榜股份-2025年年度报告.pdf ===
【模块一】
[
  {
    "JZRQ": "2025-12-31",
    "JBMGSY": "1.03",
    "XSMGSY": "1.03",
    "JBMGSYKC": "",
    "XSMGSYKC": "",
    "JLRJZCSYLJQ": "8.23",
    "KCHJLRJZCSYLJQ": "",
    "PTGJZCSYLJQ": "",
    "KCPTGJZCSYLJQ": "",
    "YYZSR": "",
    "YYZSRTBZZ": "",
    "YYSR": "549455423.54",
    "YYSRTBZZ": "6.96",
    "YYSRKCJE": "",
    "KCHYYSR": "",
    "KCHYYSRTBZZ": "",
    "JLRHJ": "",
    "JLRHJTBZZ": "",
    "JLR": "118745849.79",
    "JLRTBZZ": "-2.35",
    "FJCXSY": "21784966.92",
    "KCFJYXSYHDJLR": "96960882.87",
    "KCFJYXSYHDJLRTBZZ": "3.78",
    "PTGJLR": "",
    "PTGJLRTBZZ": "",
    "KCFJCXSYHPTGJLR": "",
    "KCFJCXSYHPTGJLRTBZZ": "",
    "JYXJLLJE": "115805384.46",
    "MGJYXJLLJE": "",
    "ZCZE": "1697350919.90",
    "GDQY": "1460915557.19",
    "MGJZCPL": "",
    "PTGMGJZC": "",
    "GJKJZEJLR": "",
    "GJKJZZJZC": ""
  },
  {
    "JZRQ": "2024-12-31",
    "JBMGSY": "1.04",
    "XSMGSY": "1.04",
    "JBMGSYKC": "",
    "XSMGSYKC": "",
    "JLRJZCSYLJQ": "8.55",
    "KCHJLRJZCSYLJQ": "",
    "PTGJZCSYLJQ": "",
    "KCPTGJZCSYLJQ": "",
    "YYZSR": "",
    "YYZSRTBZZ": "",
    "YYSR": "513709442.63",
    "YYSRTBZZ": "",
    "YYSRKCJE": "",
    "KCHYYSR": "",
    "KCHYYSRTBZZ": "",
    "JLRHJ": "",
    "JLRHJTBZZ": "",
    "JLR": "121603999.76",
    "JLRTBZZ": "",
    "FJCXSY": "28175702.73",
    "KCFJYXSYHDJLR": "93428297.03",
    "KCFJYXSYHDJLRTBZZ": "",
    "PTGJLR": "",
    "PTGJLRTBZZ": "",
    "KCFJCXSYHPTGJLR": "",
    "KCFJCXSYHPTGJLRTBZZ": "",
    "JYXJLLJE": "123029294.27",
    "MGJYXJLLJE": "",
    "ZCZE": "1648618361.99",
    "GDQY": "1435306590.40",
    "MGJZCPL": "",
    "PTGMGJZC": "",
    "GJKJZEJLR": "",
    "GJKJZZJZC": ""
  },
  {
    "JZRQ": "2023-12-31",
    "JBMGSY": "1.27",
    "XSMGSY": "1.27",
    "JBMGSYKC": "",
    "XSMGSYKC": "",
    "JLRJZCSYLJQ": "10.98",
    "KCHJLRJZCSYLJQ": "",
    "PTGJZCSYLJQ": "",
    "KCPTGJZCSYLJQ": "",
    "YYZSR": "",
    "YYZSRTBZZ": "",
    "YYSR": "570951643.63",
    "YYSRTBZZ": "",
    "YYSRKCJE": "",
    "KCHYYSR": "",
    "KCHYYSRTBZZ": "",
    "JLRHJ": "",
    "JLRHJTBZZ": "",
    "JLR": "148791973.21",
    "JLRTBZZ": "",
    "FJCXSY": "22881695.18",
    "KCFJYXSYHDJLR": "125910278.03",
    "KCFJYXSYHDJLRTBZZ": "",
    "PTGJLR": "",
    "PTGJLRTBZZ": "",
    "KCFJCXSYHPTGJLR": "",
    "KCFJCXSYHPTGJLRTBZZ": "",
    "JYXJLLJE": "163628505.89",
    "MGJYXJLLJE": "",
    "ZCZE": "1588398629.26",
    "GDQY": "1407391381.89",
    "MGJZCPL": "",
    "PTGMGJZC": "",
    "GJKJZEJLR": "",
    "GJKJZZJZC": ""
  }
]

【模块二】
[
  {
    "JZRQ": "2025-12-31",
    "JBMGSY": "1.03",
    "XSMGSY": "1.03",
    "JBMGSYKC": "0.84",
    "XSMGSYKC": "0.84",
    "PTGJZCSYLJQ": "8.23",
    "KCPTGJZCSYLJQ": "6.72"
  }
]

=== 301227-2026-04-17-森鹰窗业-2025年年度报告.pdf ===
【模块一】
[
  {
    "JZRQ": "2025-12-31",
    "JBMGSY": "-0.53",
    "XSMGSY": "-0.53",
    "JBMGSYKC": "",
    "XSMGSYKC": "",
    "JLRJZCSYLJQ": "-2.93",
    "KCHJLRJZCSYLJQ": "",
    "PTGJZCSYLJQ": "",
    "KCPTGJZCSYLJQ": "",
    "YYZSR": "",
    "YYZSRTBZZ": "",
    "YYSR": "610683857.05",
    "YYSRTBZZ": "7.79",
    "YYSRKCJE": "2207763.99",
    "KCHYYSR": "608476093.06",
    "KCHYYSRTBZZ": "",
    "JLRHJ": "",
    "JLRHJTBZZ": "",
    "JLR": "-48081486.83",
    "JLRTBZZ": "-13.96",
    "FJCXSY": "13616136.24",
    "KCFJYXSYHDJLR": "-61697623.07",
    "KCFJYXSYHDJLRTBZZ": "-8.74",
    "PTGJLR": "",
    "PTGJLRTBZZ": "",
    "KCFJCXSYHPTGJLR": "",
    "KCFJCXSYHPTGJLRTBZZ": "",
    "JYXJLLJE": "127587793.19",
    "MGJYXJLLJE": "",
    "ZCZE": "2152824960.67",
    "GDQY": "1621470983.89",
    "MGJZCPL": "",
    "PTGMGJZC": "",
    "GJKJZEJLR": "",
    "GJKJZZJZC": ""
  },
  {
    "JZRQ": "2024-12-31",
    "JBMGSY": "-0.46",
    "XSMGSY": "-0.46",
    "JBMGSYKC": "",
    "XSMGSYKC": "",
    "JLRJZCSYLJQ": "-2.43",
    "KCHJLRJZCSYLJQ": "",
    "PTGJZCSYLJQ": "",
    "KCPTGJZCSYLJQ": "",
    "YYZSR": "",
    "YYZSRTBZZ": "",
    "YYSR": "566543995.50",
    "YYSRTBZZ": "",
    "YYSRKCJE": "3044523.20",
    "KCHYYSR": "563499472.30",
    "KCHYYSRTBZZ": "",
    "JLRHJ": "",
    "JLRHJTBZZ": "",
    "JLR": "-42190847.35",
    "JLRTBZZ": "",
    "FJCXSY": "14550195.61",
    "KCFJYXSYHDJLR": "-56741042.96",
    "KCFJYXSYHDJLRTBZZ": "",
    "PTGJLR": "",
    "PTGJLRTBZZ": "",
    "KCFJCXSYHPTGJLR": "",
    "KCFJCXSYHPTGJLRTBZZ": "",
    "JYXJLLJE": "124341341.49",
    "MGJYXJLLJE": "",
    "ZCZE": "2207792663.00",
    "GDQY": "1683688560.77",
    "MGJZCPL": "",
    "PTGMGJZC": "",
    "GJKJZEJLR": "",
    "GJKJZZJZC": ""
  },
  {
    "JZRQ": "2023-12-31",
    "JBMGSY": "1.54",
    "XSMGSY": "1.54",
    "JBMGSYKC": "",
    "XSMGSYKC": "",
    "JLRJZCSYLJQ": "8.08",
    "KCHJLRJZCSYLJQ": "",
    "PTGJZCSYLJQ": "",
    "KCPTGJZCSYLJQ": "",
    "YYZSR": "",
    "YYZSRTBZZ": "",
    "YYSR": "939647063.74",
    "YYSRTBZZ": "",
    "YYSRKCJE": "",
    "KCHYYSR": "",
    "KCHYYSRTBZZ": "",
    "JLRHJ": "",
    "JLRHJTBZZ": "",
    "JLR": "145967678.12",
    "JLRTBZZ": "",
    "FJCXSY": "18218699.52",
    "KCFJYXSYHDJLR": "127748978.60",
    "KCFJYXSYHDJLRTBZZ": "",
    "PTGJLR": "",
    "PTGJLRTBZZ": "",
    "KCFJCXSYHPTGJLR": "",
    "KCFJCXSYHPTGJLRTBZZ": "",
    "JYXJLLJE": "148585758.96",
    "MGJYXJLLJE": "",
    "ZCZE": "2260429976.07",
    "GDQY": "1843165343.41",
    "MGJZCPL": "",
    "PTGMGJZC": "",
    "GJKJZEJLR": "",
    "GJKJZZJZC": ""
  }
]

【模块二】
[
  {
    "JZRQ": "2025-12-31",
    "JBMGSY": "-0.53",
    "XSMGSY": "-0.53",
    "JBMGSYKC": "-0.68",
    "XSMGSYKC": "-0.68",
    "PTGJZCSYLJQ": "-2.93",
    "KCPTGJZCSYLJQ": "-3.75"
  }
]

=== 301310-2026-04-17-鑫宏业-2025年年度报告.pdf ===
【模块一】
[
  {
    "JZRQ": "2025-12-31",
    "JBMGSY": "0.9758",
    "XSMGSY": "0.9690",
    "JBMGSYKC": "",
    "XSMGSYKC": "",
    "JLRJZCSYLJQ": "5.73",
    "KCHJLRJZCSYLJQ": "",
    "PTGJZCSYLJQ": "",
    "KCPTGJZCSYLJQ": "",
    "YYZSR": "",
    "YYZSRTBZZ": "",
    "YYSR": "3780838999.74",
    "YYSRTBZZ": "42.78",
    "YYSRKCJE": "",
    "KCHYYSR": "",
    "KCHYYSRTBZZ": "",
    "JLRHJ": "",
    "JLRHJTBZZ": "",
    "JLR": "132682080.91",
    "JLRTBZZ": "14.13",
    "FJCXSY": "15128151.32",
    "KCFJYXSYHDJLR": "120616401.24",
    "KCFJYXSYHDJLRTBZZ": "19.27",
    "PTGJLR": "",
    "PTGJLRTBZZ": "",
    "KCFJCXSYHPTGJLR": "",
    "KCFJCXSYHPTGJLRTBZZ": "",
    "JYXJLLJE": "-496514877.22",
    "MGJYXJLLJE": "",
    "ZCZE": "5378901235.73",
    "GDQY": "2330247085.29",
    "MGJZCPL": "",
    "PTGMGJZC": "",
    "GJKJZEJLR": "",
    "GJKJZZJZC": ""
  },
  {
    "JZRQ": "2024-12-31",
    "JBMGSY": "0.8552",
    "XSMGSY": "0.8552",
    "JBMGSYKC": "",
    "XSMGSYKC": "",
    "JLRJZCSYLJQ": "5.04",
    "KCHJLRJZCSYLJQ": "",
    "PTGJZCSYLJQ": "",
    "KCPTGJZCSYLJQ": "",
    "YYZSR": "",
    "YYZSRTBZZ": "",
    "YYSR": "2647987198.83",
    "YYSRTBZZ": "",
    "YYSRKCJE": "",
    "KCHYYSR": "",
    "KCHYYSRTBZZ": "",
    "JLRHJ": "",
    "JLRHJTBZZ": "",
    "JLR": "116256574.91",
    "JLRTBZZ": "",
    "FJCXSY": "15128151.32",
    "KCFJYXSYHDJLR": "101128423.59",
    "KCFJYXSYHDJLRTBZZ": "",
    "PTGJLR": "",
    "PTGJLRTBZZ": "",
    "KCFJCXSYHPTGJLR": "",
    "KCFJCXSYHPTGJLRTBZZ": "",
    "JYXJLLJE": "67424135.53",
    "MGJYXJLLJE": "",
    "ZCZE": "4251930367.78",
    "GDQY": "2279434515.55",
    "MGJZCPL": "",
    "PTGMGJZC": "",
    "GJKJZEJLR": "",
    "GJKJZZJZC": ""
  },
  {
    "JZRQ": "2023-12-31",
    "JBMGSY": "1.3562",
    "XSMGSY": "1.3562",
    "JBMGSYKC": "",
    "XSMGSYKC": "",
    "JLRJZCSYLJQ": "10.45",
    "KCHJLRJZCSYLJQ": "",
    "PTGJZCSYLJQ": "",
    "KCPTGJZCSYLJQ": "",
    "YYZSR": "",
    "YYZSRTBZZ": "",
    "YYSR": "2001041176.25",
    "YYSRTBZZ": "",
    "YYSRKCJE": "",
    "KCHYYSR": "",
    "KCHYYSRTBZZ": "",
    "JLRHJ": "",
    "JLRHJTBZZ": "",
    "JLR": "165158953.62",
    "JLRTBZZ": "",
    "FJCXSY": "25136333.25",
    "KCFJYXSYHDJLR": "140022620.37",
    "KCFJYXSYHDJLRTBZZ": "",
    "PTGJLR": "",
    "PTGJLRTBZZ": "",
    "KCFJCXSYHPTGJLR": "",
    "KCFJCXSYHPTGJLRTBZZ": "",
    "JYXJLLJE": "-206053963.48",
    "MGJYXJLLJE": "",
    "ZCZE": "3382794223.09",
    "GDQY": "2246871948.95",
    "MGJZCPL": "",
    "PTGMGJZC": "",
    "GJKJZEJLR": "",
    "GJKJZZJZC": ""
  }
]

【模块二】
[
  {
    "JZRQ": "2025-12-31",
    "JBMGSY": "0.9758",
    "XSMGSY": "0.9690",
    "JBMGSYKC": "0.8870",
    "XSMGSYKC": "0.8810",
    "PTGJZCSYLJQ": "5.73",
    "KCPTGJJZCSYLJQ": "5.21"
  }
]

=== 301359-2026-04-17-东南电子-2025年年度报告.pdf ===
【模块一】
[
  {
    "JZRQ": "2025-12-31",
    "JBMGSY": "0.34",
    "XSMGSY": "0.34",
    "JBMGSYKC": "",
    "XSMGSYKC": "",
    "JLRJZCSYLJQ": "4.75",
    "KCHJLRJZCSYLJQ": "",
    "PTGJZCSYLJQ": "",
    "KCPTGJZCSYLJQ": "",
    "YYZSR": "",
    "YYZSRTBZZ": "",
    "YYSR": "342930623.88",
    "YYSRTBZZ": "7.95",
    "YYSRKCJE": "",
    "KCHYYSR": "",
    "KCHYYSRTBZZ": "",
    "JLRHJ": "",
    "JLRHJTBZZ": "",
    "JLR": "40442806.97",
    "JLRTBZZ": "-11.79",
    "FJCXSY": "3993323.08",
    "KCFJYXSYHDJLR": "36449483.89",
    "KCFJYXSYHDJLRTBZZ": "-13.77",
    "PTGJLR": "",
    "PTGJLRTBZZ": "",
    "KCFJCXSYHPTGJLR": "",
    "KCFJCXSYHPTGJLRTBZZ": "",
    "JYXJLLJE": "45286695.07",
    "MGJYXJLLJE": "",
    "ZCZE": "938949523.30",
    "GDQY": "854500327.34",
    "MGJZCPL": "",
    "PTGMGJZC": "",
    "GJKJZEJLR": "",
    "GJKJZZJZC": ""
  },
  {
    "JZRQ": "2024-12-31",
    "JBMGSY": "0.38",
    "XSMGSY": "0.38",
    "JBMGSYKC": "",
    "XSMGSYKC": "",
    "JLRJZCSYLJQ": "5.38",
    "KCHJLRJZCSYLJQ": "",
    "PTGJZCSYLJQ": "",
    "KCPTGJZCSYLJQ": "",
    "YYZSR": "",
    "YYZSRTBZZ": "",
    "YYSR": "317666990.89",
    "YYSRTBZZ": "",
    "YYSRKCJE": "",
    "KCHYYSR": "",
    "KCHYYSRTBZZ": "",
    "JLRHJ": "",
    "JLRHJTBZZ": "",
    "JLR": "45849228.98",
    "JLRTBZZ": "",
    "FJCXSY": "3578492.33",
    "KCFJYXSYHDJLR": "42270736.65",
    "KCFJYXSYHDJLRTBZZ": "",
    "PTGJLR": "",
    "PTGJLRTBZZ": "",
    "KCFJCXSYHPTGJLR": "",
    "KCFJCXSYHPTGJLRTBZZ": "",
    "JYXJLLJE": "33248381.55",
    "MGJYXJLLJE": "",
    "ZCZE": "931796956.70",
    "GDQY": "856820209.37",
    "MGJZCPL": "",
    "PTGMGJZC": "",
    "GJKJZEJLR": "",
    "GJKJZZJZC": ""
  },
  {
    "JZRQ": "2023-12-31",
    "JBMGSY": "0.33",
    "XSMGSY": "0.33",
    "JBMGSYKC": "",
    "XSMGSYKC": "",
    "JLRJZCSYLJQ": "4.63",
    "KCHJLRJZCSYLJQ": "",
    "PTGJZCSYLJQ": "",
    "KCPTGJZCSYLJQ": "",
    "YYZSR": "",
    "YYZSRTBZZ": "",
    "YYSR": "259811507.79",
    "YYSRTBZZ": "",
    "YYSRKCJE": "",
    "KCHYYSR": "",
    "KCHYYSRTBZZ": "",
    "JLRHJ": "",
    "JLRHJTBZZ": "",
    "JLR": "39061733.34",
    "JLRTBZZ": "",
    "FJCXSY": "414187.75",
    "KCFJYXSYHDJLR": "38647545.59",
    "KCFJYXSYHDJLRTBZZ": "",
    "PTGJLR": "",
    "PTGJLRTBZZ": "",
    "KCFJCXSYHPTGJLR": "",
    "KCFJCXSYHPTGJLRTBZZ": "",
    "JYXJLLJE": "44534765.19",
    "MGJYXJLLJE": "",
    "ZCZE": "908370460.30",
    "GDQY": "853719368.39",
    "MGJZCPL": "",
    "PTGMGJZC": "",
    "GJKJZEJLR": "",
    "GJKJZZJZC": ""
  }
]

【模块二】
[
  {
    "JZRQ": "2025-12-31",
    "JBMGSY": "0.34",
    "XSMGSY": "0.34",
    "JBMGSYKC": "0.30",
    "XSMGSYKC": "0.30",
    "PTGJZCSYLJQ": "4.75",
    "KCPTGJZCSYLJQ": "4.28"
  }
]

=== 301266-2026-04-17-宇邦新材-2025年年度报告.pdf ===
【模块一】
[
  {
    "JZRQ": "2025-12-31",
    "JBMGSY": "0.27",
    "XSMGSY": "0.27",
    "JBMGSYKC": "",
    "XSMGSYKC": "",
    "JLRJZCSYLJQ": "1.59",
    "KCHJLRJZCSYLJQ": "",
    "PTGJZCSYLJQ": "",
    "KCPTGJZCSYLJQ": "",
    "YYZSR": "",
    "YYZSRTBZZ": "",
    "YYSR": "2968027682.58",
    "YYSRTBZZ": "-9.39",
    "YYSRKCJE": "",
    "KCHYYSR": "",
    "KCHYYSRTBZZ": "",
    "JLRHJ": "",
    "JLRHJTBZZ": "",
    "JLR": "29181422.25",
    "JLRTBZZ": "-24.43",
    "FJCXSY": "5658485.15",
    "KCFJYXSYHDJLR": "23522937.10",
    "KCFJYXSYHDJLRTBZZ": "-23.40",
    "PTGJLR": "",
    "PTGJLRTBZZ": "",
    "KCFJCXSYHPTGJLR": "",
    "KCFJCXSYHPTGJLRTBZZ": "",
    "JYXJLLJE": "-229104161.01",
    "MGJYXJLLJE": "",
    "ZCZE": "3244144062.98",
    "GDQY": "1839687445.34",
    "MGJZCPL": "",
    "PTGMGJZC": "",
    "GJKJZEJLR": "",
    "GJKJZZJZC": ""
  },
  {
    "JZRQ": "2024-12-31",
    "JBMGSY": "0.37",
    "XSMGSY": "0.37",
    "JBMGSYKC": "",
    "XSMGSYKC": "",
    "JLRJZCSYLJQ": "2.35",
    "KCHJLRJZCSYLJQ": "",
    "PTGJZCSYLJQ": "",
    "KCPTGJZCSYLJQ": "",
    "YYZSR": "",
    "YYZSRTBZZ": "",
    "YYSR": "3275659503.15",
    "YYSRTBZZ": "",
    "YYSRKCJE": "",
    "KCHYYSR": "",
    "KCHYYSRTBZZ": "",
    "JLRHJ": "",
    "JLRHJTBZZ": "",
    "JLR": "38613008.56",
    "JLRTBZZ": "",
    "FJCXSY": "7905802.58",
    "KCFJYXSYHDJLR": "30707205.98",
    "KCFJYXSYHDJLRTBZZ": "",
    "PTGJLR": "",
    "PTGJLRTBZZ": "",
    "KCFJCXSYHPTGJLR": "",
    "KCFJCXSYHPTGJLRTBZZ": "",
    "JYXJLLJE": "-330288527.86",
    "MGJYXJLLJE": "",
    "ZCZE": "3444457513.68",
    "GDQY": "1819985774.69",
    "MGJZCPL": "",
    "PTGMGJZC": "",
    "GJKJZEJLR": "",
    "GJKJZZJZC": ""
  },
  {
    "JZRQ": "2023-12-31",
    "JBMGSY": "1.46",
    "XSMGSY": "1.44",
    "JBMGSYKC": "",
    "XSMGSYKC": "",
    "JLRJZCSYLJQ": "10.27",
    "KCHJLRJZCSYLJQ": "",
    "PTGJZCSYLJQ": "",
    "KCPTGJZCSYLJQ": "",
    "YYZSR": "",
    "YYZSRTBZZ": "",
    "YYSR": "2762175400.54",
    "YYSRTBZZ": "",
    "YYSRKCJE": "",
    "KCHYYSR": "",
    "KCHYYSRTBZZ": "",
    "JLRHJ": "",
    "JLRHJTBZZ": "",
    "JLR": "151334668.01",
    "JLRTBZZ": "",
    "FJCXSY": "10466041.86",
    "KCFJYXSYHDJLR": "140868626.15",
    "KCFJYXSYHDJLRTBZZ": "",
    "PTGJLR": "",
    "PTGJLRTBZZ": "",
    "KCFJCXSYHPTGJLR": "",
    "KCFJCXSYHPTGJLRTBZZ": "",
    "JYXJLLJE": "-201764476.82",
    "MGJYXJLLJE": "",
    "ZCZE": "3104454990.52",
    "GDQY": "1623866257.99",
    "MGJZCPL": "",
    "PTGMGJZC": "",
    "GJKJZEJLR": "",
    "GJKJZZJZC": ""
  }
]

【模块二】
[
  {
    "JZRQ": "2025-12-31",
    "JBMGSY": "0.27",
    "XSMGSY": "0.27",
    "JBMGSYKC": "0.21",
    "XSMGSYKC": "0.21",
    "PTGJZCSYLJQ": "1.59",
    "KCPTGJZCSYLJQ": "1.28"
  }
]

=== 301393-2026-04-17-昊帆生物-2025年年度报告.pdf ===
【模块一】
[
  {
    "JZRQ": "2025-12-31",
    "JBMGSY": "1.0695",
    "XSMGSY": "1.0695",
    "JBMGSYKC": "",
    "XSMGSYKC": "",
    "JLRJZCSYLJQ": "4.96",
    "KCHJLRJZCSYLJQ": "",
    "PTGJZCSYLJQ": "",
    "KCPTGJZCSYLJQ": "",
    "YYZSR": "",
    "YYZSRTBZZ": "",
    "YYSR": "602261319.28",
    "YYSRTBZZ": "33.28",
    "YYSRKCJE": "",
    "KCHYYSR": "",
    "KCHYYSRTBZZ": "",
    "JLRHJ": "",
    "JLRHJTBZZ": "",
    "JLR": "114650719.19",
    "JLRTBZZ": "-14.47",
    "FJCXSY": "10217062.04",
    "KCFJYXSYHDJLR": "104433657.15",
    "KCFJYXSYHDJLRTBZZ": "-9.70",
    "PTGJLR": "",
    "PTGJLRTBZZ": "",
    "KCFJCXSYHPTGJLR": "",
    "KCFJCXSYHPTGJLRTBZZ": "",
    "JYXJLLJE": "77669592.62",
    "MGJYXJLLJE": "",
    "ZCZE": "2654409861.49",
    "GDQY": "2352847561.37",
    "MGJZCPL": "",
    "PTGMGJZC": "",
    "GJKJZEJLR": "",
    "GJKJZZJZC": ""
  },
  {
    "JZRQ": "2024-12-31",
    "JBMGSY": "1.2471",
    "XSMGSY": "1.2390",
    "JBMGSYKC": "",
    "XSMGSYKC": "",
    "JLRJZCSYLJQ": "6.00",
    "KCHJLRJZCSYLJQ": "",
    "PTGJZCSYLJQ": "",
    "KCPTGJZCSYLJQ": "",
    "YYZSR": "",
    "YYZSRTBZZ": "",
    "YYSR": "451874668.10",
    "YYSRTBZZ": "",
    "YYSRKCJE": "",
    "KCHYYSR": "",
    "KCHYYSRTBZZ": "",
    "JLRHJ": "",
    "JLRHJTBZZ": "",
    "JLR": "134052917.06",
    "JLRTBZZ": "",
    "FJCXSY": "18403796.92",
    "KCFJYXSYHDJLR": "115649120.14",
    "KCFJYXSYHDJLRTBZZ": "",
    "PTGJLR": "",
    "PTGJLRTBZZ": "",
    "KCFJCXSYHPTGJLR": "",
    "KCFJCXSYHPTGJLRTBZZ": "",
    "JYXJLLJE": "126373559.65",
    "MGJYXJLLJE": "",
    "ZCZE": "2349619175.62",
    "GDQY": "2268268615.84",
    "MGJZCPL": "",
    "PTGMGJZC": "",
    "GJKJZEJLR": "",
    "GJKJZZJZC": ""
  },
  {
    "JZRQ": "2023-12-31",
    "JBMGSY": "1.07",
    "XSMGSY": "1.07",
    "JBMGSYKC": "",
    "XSMGSYKC": "",
    "JLRJZCSYLJQ": "8.14",
    "KCHJLRJZCSYLJQ": "",
    "PTGJZCSYLJQ": "",
    "KCPTGJZCSYLJQ": "",
    "YYZSR": "",
    "YYZSRTBZZ": "",
    "YYSR": "388794947.08",
    "YYSRTBZZ": "",
    "YYSRKCJE": "",
    "KCHYYSR": "",
    "KCHYYSRTBZZ": "",
    "JLRHJ": "",
    "JLRHJTBZZ": "",
    "JLR": "98973754.53",
    "JLRTBZZ": "",
    "FJCXSY": "5547106.23",
    "KCFJYXSYHDJLR": "93426648.30",
    "KCFJYXSYHDJLRTBZZ": "",
    "PTGJLR": "",
    "PTGJLRTBZZ": "",
    "KCFJCXSYHPTGJLR": "",
    "KCFJCXSYHPTGJLRTBZZ": "",
    "JYXJLLJE": "87829868.67",
    "MGJYXJLLJE": "",
    "ZCZE": "2286941939.28",
    "GDQY": "2211864319.37",
    "MGJZCPL": "",
    "PTGMGJZC": "",
    "GJKJZEJLR": "",
    "GJKJZZJZC": ""
  }
]

【模块二】
[
  {
    "JZRQ": "2025-12-31",
    "JBMGSY": "1.0695",
    "XSMGSY": "1.0695",
    "JBMGSYKC": "0.9742",
    "XSMGSYKC": "0.9742",
    "PTGJZCSYLJQ": "4.96",
    "KCPTGJZCSYLJQ": "4.51"
  }
]

=== 301392-2026-04-17-汇成真空-2025年年度报告.pdf ===
【模块一】
[
  {
    "JZRQ": "2025-12-31",
    "JBMGSY": "0.22",
    "XSMGSY": "0.22",
    "JBMGSYKC": "",
    "XSMGSYKC": "",
    "JLRJZCSYLJQ": "2.99",
    "KCHJLRJZCSYLJQ": "",
    "PTGJZCSYLJQ": "",
    "KCPTGJZCSYLJQ": "",
    "YYZSR": "",
    "YYZSRTBZZ": "",
    "YYSR": "469672866.30",
    "YYSRTBZZ": "-9.73",
    "YYSRKCJE": "",
    "KCHYYSR": "",
    "KCHYYSRTBZZ": "",
    "JLRHJ": "",
    "JLRHJTBZZ": "",
    "JLR": "22253231.41",
    "JLRTBZZ": "-67.32",
    "FJCXSY": "334452.74",
    "KCFJYXSYHDJLR": "21918778.67",
    "KCFJYXSYHDJLRTBZZ": "-64.92",
    "PTGJLR": "",
    "PTGJLRTBZZ": "",
    "KCFJCXSYHPTGJLR": "",
    "KCFJCXSYHPTGJLRTBZZ": "",
    "JYXJLLJE": "226536822.46",
    "MGJYXJLLJE": "",
    "ZCZE": "1284428633.72",
    "GDQY": "729761853.03",
    "MGJZCPL": "",
    "PTGMGJZC": "",
    "GJKJZEJLR": "",
    "GJKJZZJZC": ""
  },
  {
    "JZRQ": "2024-12-31",
    "JBMGSY": "0.76",
    "XSMGSY": "0.76",
    "JBMGSYKC": "",
    "XSMGSYKC": "",
    "JLRJZCSYLJQ": "10.96",
    "KCHJLRJZCSYLJQ": "",
    "PTGJZCSYLJQ": "",
    "KCPTGJZCSYLJQ": "",
    "YYZSR": "",
    "YYZSRTBZZ": "",
    "YYSR": "520300510.27",
    "YYSRTBZZ": "",
    "YYSRKCJE": "",
    "KCHYYSR": "",
    "KCHYYSRTBZZ": "",
    "JLRHJ": "",
    "JLRHJTBZZ": "",
    "JLR": "68090947.27",
    "JLRTBZZ": "",
    "FJCXSY": "5613478.06",
    "KCFJYXSYHDJLR": "62477469.21",
    "KCFJYXSYHDJLRTBZZ": "",
    "PTGJLR": "",
    "PTGJLRTBZZ": "",
    "KCFJCXSYHPTGJLR": "",
    "KCFJCXSYHPTGJLRTBZZ": "",
    "JYXJLLJE": "-36394140.32",
    "MGJYXJLLJE": "",
    "ZCZE": "1112176244.01",
    "GDQY": "737508621.62",
    "MGJZCPL": "",
    "PTGMGJZC": "",
    "GJKJZEJLR": "",
    "GJKJZZJZC": ""
  },
  {
    "JZRQ": "2023-12-31",
    "JBMGSY": "1.08",
    "XSMGSY": "1.08",
    "JBMGSYKC": "",
    "XSMGSYKC": "",
    "JLRJZCSYLJQ": "19.67",
    "KCHJLRJZCSYLJQ": "",
    "PTGJZCSYLJQ": "",
    "KCPTGJZCSYLJQ": "",
    "YYZSR": "",
    "YYZSRTBZZ": "",
    "YYSR": "522114408.08",
    "YYSRTBZZ": "",
    "YYSRKCJE": "",
    "KCHYYSR": "",
    "KCHYYSRTBZZ": "",
    "JLRHJ": "",
    "JLRHJTBZZ": "",
    "JLR": "81075481.46",
    "JLRTBZZ": "",
    "FJCXSY": "6297576.52",
    "KCFJYXSYHDJLR": "74777904.94",
    "KCFJYXSYHDJLRTBZZ": "",
    "PTGJLR": "",
    "PTGJLRTBZZ": "",
    "KCFJCXSYHPTGJLR": "",
    "KCFJCXSYHPTGJLRTBZZ": "",
    "JYXJLLJE": "-7739176.94",
    "MGJYXJLLJE": "",
    "ZCZE": "851798884.48",
    "GDQY": "452690668.38",
    "MGJZCPL": "",
    "PTGMGJZC": "",
    "GJKJZEJLR": "",
    "GJKJZZJZC": ""
  }
]

【模块二】
[
  {
    "JZRQ": "2025-12-31",
    "JBMGSY": "0.22",
    "XSMGSY": "0.22",
    "JBMGSYKC": "0.22",
    "XSMGSYKC": "0.22",
    "PTGJZCSYLJQ": "2.99",
    "KCPTGJZCSYLJQ": "2.94"
  }
]

=== 301419-2026-04-17-阿莱德-2025年年度报告.pdf ===
【模块一】
[
  {
    "JZRQ": "2025-12-31",
    "JBMGSY": "0.5300",
    "XSMGSY": "0.5300",
    "JBMGSYKC": "",
    "XSMGSYKC": "",
    "JLRJZCSYLJQ": "6.69",
    "KCHJLRJZCSYLJQ": "",
    "PTGJZCSYLJQ": "",
    "KCPTGJZCSYLJQ": "",
    "YYZSR": "",
    "YYZSRTBZZ": "",
    "YYSR": "436935511.71",
    "YYSRTBZZ": "24.41",
    "YYSRKCJE": "",
    "KCHYYSR": "",
    "KCHYYSRTBZZ": "",
    "JLRHJ": "",
    "JLRHJTBZZ": "",
    "JLR": "63595980.56",
    "JLRTBZZ": "38.91",
    "FJCXSY": "615649.91",
    "KCFJYXSYHDJLR": "62980330.65",
    "KCFJYXSYHDJLRTBZZ": "40.70",
    "PTGJLR": "",
    "PTGJLRTBZZ": "",
    "KCFJCXSYHPTGJLR": "",
    "KCFJCXSYHPTGJLRTBZZ": "",
    "JYXJLLJE": "87078092.96",
    "MGJYXJLLJE": "",
    "ZCZE": "1064831827.02",
    "GDQY": "960475599.82",
    "MGJZCPL": "",
    "PTGMGJZC": "",
    "GJKJZEJLR": "",
    "GJKJZZJZC": ""
  },
  {
    "JZRQ": "2024-12-31",
    "JBMGSY": "0.3815",
    "XSMGSY": "0.3815",
    "JBMGSYKC": "",
    "XSMGSYKC": "",
    "JLRJZCSYLJQ": "4.84",
    "KCHJLRJZCSYLJQ": "",
    "PTGJZCSYLJQ": "",
    "KCPTGJZCSYLJQ": "",
    "YYZSR": "",
    "YYZSRTBZZ": "",
    "YYSR": "351199573.99",
    "YYSRTBZZ": "",
    "YYSRKCJE": "",
    "KCHYYSR": "",
    "KCHYYSRTBZZ": "",
    "JLRHJ": "",
    "JLRHJTBZZ": "",
    "JLR": "45781166.43",
    "JLRTBZZ": "",
    "FJCXSY": "1018144.49",
    "KCFJYXSYHDJLR": "44763021.94",
    "KCFJYXSYHDJLRTBZZ": "",
    "PTGJLR": "",
    "PTGJLRTBZZ": "",
    "KCFJCXSYHPTGJLR": "",
    "KCFJCXSYHPTGJLRTBZZ": "",
    "JYXJLLJE": "68879939.70",
    "MGJYXJLLJE": "",
    "ZCZE": "1040548761.43",
    "GDQY": "947750324.13",
    "MGJZCPL": "",
    "PTGMGJZC": "",
    "GJKJZEJLR": "",
    "GJKJZZJZC": ""
  },
  {
    "JZRQ": "2023-12-31",
    "JBMGSY": "0.4726",
    "XSMGSY": "0.4726",
    "JBMGSYKC": "",
    "XSMGSYKC": "",
    "JLRJZCSYLJQ": "6.64",
    "KCHJLRJZCSYLJQ": "",
    "PTGJZCSYLJQ": "",
    "KCPTGJZCSYLJQ": "",
    "YYZSR": "",
    "YYZSRTBZZ": "",
    "YYSR": "387241023.09",
    "YYSRTBZZ": "",
    "YYSRKCJE": "",
    "KCHYYSR": "",
    "KCHYYSRTBZZ": "",
    "JLRHJ": "",
    "JLRHJTBZZ": "",
    "JLR": "56713832.01",
    "JLRTBZZ": "",
    "FJCXSY": "4659532.08",
    "KCFJYXSYHDJLR": "52054299.93",
    "KCFJYXSYHDJLRTBZZ": "",
    "PTGJLR": "",
    "PTGJLRTBZZ": "",
    "KCFJCXSYHPTGJLR": "",
    "KCFJCXSYHPTGJLRTBZZ": "",
    "JYXJLLJE": "154627202.73",
    "MGJYXJLLJE": "",
    "ZCZE": "1051265223.94",
    "GDQY": "951859407.09",
    "MGJZCPL": "",
    "PTGMGJZC": "",
    "GJKJZEJLR": "",
    "GJKJZZJZC": ""
  }
]

【模块二】
[
  {
    "JZRQ": "2025-12-31",
    "JBMGSY": "0.5300",
    "XSMGSY": "0.5300",
    "JBMGSYKC": "0.5248",
    "XSMGSYKC": "0.5248",
    "PTGJZCSYLJQ": "6.69",
    "KCPTGJZCSYLJQ": "6.63"
  }
]

=== 301551-2026-04-17-无线传媒-2025年年度报告.pdf ===
【模块一】
[
  {
    "JZRQ": "2025-12-31",
    "JBMGSY": "0.6539",
    "XSMGSY": "0.6539",
    "JBMGSYKC": "",
    "XSMGSYKC": "",
    "JLRJZCSYLJQ": "10.42",
    "KCHJLRJZCSYLJQ": "",
    "PTGJZCSYLJQ": "",
    "KCPTGJZCSYLJQ": "",
    "YYZSR": "",
    "YYZSRTBZZ": "",
    "YYSR": "605046796.77",
    "YYSRTBZZ": "-1.34",
    "YYSRKCJE": "",
    "KCHYYSR": "",
    "KCHYYSRTBZZ": "",
    "JLRHJ": "",
    "JLRHJTBZZ": "",
    "JLR": "261564313.15",
    "JLRTBZZ": "0.03",
    "FJCXSY": "4027851.60",
    "KCFJYXSYHDJLR": "257536461.55",
    "KCFJYXSYHDJLRTBZZ": "2.59",
    "PTGJLR": "",
    "PTGJLRTBZZ": "",
    "KCFJCXSYHPTGJLR": "",
    "KCFJCXSYHPTGJLRTBZZ": "",
    "JYXJLLJE": "412729943.56",
    "MGJYXJLLJE": "",
    "ZCZE": "2638262596.31",
    "GDQY": "2452627906.44",
    "MGJZCPL": "",
    "PTGMGJZC": "",
    "GJKJZEJLR": "",
    "GJKJZZJZC": ""
  },
  {
    "JZRQ": "2024-12-31",
    "JBMGSY": "0.7067",
    "XSMGSY": "0.7067",
    "JBMGSYKC": "",
    "XSMGSYKC": "",
    "JLRJZCSYLJQ": "12.44",
    "KCHJLRJZCSYLJQ": "",
    "PTGJZCSYLJQ": "",
    "KCPTGJZCSYLJQ": "",
    "YYZSR": "",
    "YYZSRTBZZ": "",
    "YYSR": "613291467.45",
    "YYSRTBZZ": "",
    "YYSRKCJE": "",
    "KCHYYSR": "",
    "KCHYYSRTBZZ": "",
    "JLRHJ": "",
    "JLRHJTBZZ": "",
    "JLR": "261482520.07",
    "JLRTBZZ": "",
    "FJCXSY": "10447905.09",
    "KCFJYXSYHDJLR": "251034614.98",
    "KCFJYXSYHDJLRTBZZ": "",
    "PTGJLR": "",
    "PTGJLRTBZZ": "",
    "KCFJCXSYHPTGJLR": "",
    "KCFJCXSYHPTGJLRTBZZ": "",
    "JYXJLLJE": "160552834.90",
    "MGJYXJLLJE": "",
    "ZCZE": "2612282177.08",
    "GDQY": "2461070343.29",
    "MGJZCPL": "",
    "PTGMGJZC": "",
    "GJKJZEJLR": "",
    "GJKJZZJZC": ""
  },
  {
    "JZRQ": "2023-12-31",
    "JBMGSY": "0.7886",
    "XSMGSY": "0.7886",
    "JBMGSYKC": "",
    "XSMGSYKC": "",
    "JLRJZCSYLJQ": "16.27",
    "KCHJLRJZCSYLJQ": "",
    "PTGJZCSYLJQ": "",
    "KCPTGJZCSYLJQ": "",
    "YYZSR": "",
    "YYZSRTBZZ": "",
    "YYSR": "646321301.06",
    "YYSRTBZZ": "",
    "YYSRKCJE": "",
    "KCHYYSR": "",
    "KCHYYSRTBZZ": "",
    "JLRHJ": "",
    "JLRHJTBZZ": "",
    "JLR": "283889269.27",
    "JLRTBZZ": "",
    "FJCXSY": "14257741.41",
    "KCFJYXSYHDJLR": "269631527.86",
    "KCFJYXSYHDJLRTBZZ": "",
    "PTGJLR": "",
    "PTGJLRTBZZ": "",
    "KCFJCXSYHPTGJLR": "",
    "KCFJCXSYHPTGJLRTBZZ": "",
    "JYXJLLJE": "315007413.80",
    "MGJYXJLLJE": "",
    "ZCZE": "2080739954.26",
    "GDQY": "1887096900.17",
    "MGJZCPL": "",
    "PTGMGJZC": "",
    "GJKJZEJLR": "",
    "GJKJZZJZC": ""
  }
]

【模块二】
[
  {
    "JZRQ": "2025-12-31",
    "JBMGSY": "0.6539",
    "XSMGSY": "0.6539",
    "JBMGSYKC": "0.6438",
    "XSMGSYKC": "0.6438",
    "PTGJZCSYLJQ": "10.42",
    "KCPTGJZCSYLJQ": "10.26"
  }
]

=== 600477-2026-04-17-杭萧钢构-杭萧钢构2025年年度报告.pdf ===
【模块一】
[
  {
    "JZRQ": "2025-12-31",
    "JBMGSY": "0.049",
    "XSMGSY": "0.049",
    "JBMGSYKC": "0.020",
    "XSMGSYKC": "",
    "JLRJZCSYLJQ": "2.320",
    "KCHJLRJZCSYLJQ": "0.896",
    "PTGJZCSYLJQ": "",
    "KCPTGJZCSYLJQ": "",
    "YYZSR": "",
    "YYZSRTBZZ": "",
    "YYSR": "7105716100",
    "YYSRTBZZ": "-10.59",
    "YYSRKCJE": "",
    "KCHYYSR": "",
    "KCHYYSRTBZZ": "",
    "JLRHJ": "",
    "JLRHJTBZZ": "",
    "JLR": "116284200",
    "JLRTBZZ": "-31.17",
    "FJCXSY": "71392100",
    "KCFJYXSYHDJLR": "44892200",
    "KCFJYXSYHDJLRTBZZ": "",
    "PTGJLR": "",
    "PTGJLRTBZZ": "",
    "KCFJCXSYHPTGJLR": "",
    "KCFJCXSYHPTGJLRTBZZ": "",
    "JYXJLLJE": "-373692300",
    "MGJYXJLLJE": "",
    "ZCZE": "14613368100",
    "GDQY": "4969439800",
    "MGJZCPL": "",
    "PTGMGJZC": "",
    "GJKJZEJLR": "",
    "GJKJZZJZC": ""
  },
  {
    "JZRQ": "2024-12-31",
    "JBMGSY": "0.071",
    "XSMGSY": "0.071",
    "JBMGSYKC": "-0.002",
    "XSMGSYKC": "",
    "JLRJZCSYLJQ": "3.320",
    "KCHJLRJZCSYLJQ": "-0.090",
    "PTGJZCSYLJQ": "",
    "KCPTGJZCSYLJQ": "",
    "YYZSR": "",
    "YYZSRTBZZ": "",
    "YYSR": "7946943100",
    "YYSRTBZZ": "",
    "YYSRKCJE": "",
    "KCHYYSR": "",
    "KCHYYSRTBZZ": "",
    "JLRHJ": "",
    "JLRHJTBZZ": "",
    "JLR": "168947400",
    "JLRTBZZ": "",
    "FJCXSY": "173745000",
    "KCFJYXSYHDJLR": "-4797600",
    "KCFJYXSYHDJLRTBZZ": "",
    "PTGJLR": "",
    "PTGJLRTBZZ": "",
    "KCFJCXSYHPTGJLR": "",
    "KCFJCXSYHPTGJLRTBZZ": "",
    "JYXJLLJE": "-765416500",
    "MGJYXJLLJE": "",
    "ZCZE": "16539267700",
    "GDQY": "5075731700",
    "MGJZCPL": "",
    "PTGMGJZC": "",
    "GJKJZEJLR": "",
    "GJKJZZJZC": ""
  },
  {
    "JZRQ": "2023-12-31",
    "JBMGSY": "0.125",
    "XSMGSY": "0.125",
    "JBMGSYKC": "0.106",
    "XSMGSYKC": "",
    "JLRJZCSYLJQ": "5.740",
    "KCHJLRJZCSYLJQ": "4.890",
    "PTGJZCSYLJQ": "",
    "KCPTGJZCSYLJQ": "",
    "YYZSR": "",
    "YYZSRTBZZ": "",
    "YYSR": "10820116500",
    "YYSRTBZZ": "",
    "YYSRKCJE": "",
    "KCHYYSR": "",
    "KCHYYSRTBZZ": "",
    "JLRHJ": "",
    "JLRHJTBZZ": "",
    "JLR": "293618500",
    "JLRTBZZ": "",
    "FJCXSY": "43700600",
    "KCFJYXSYHDJLR": "249917900",
    "KCFJYXSYHDJLRTBZZ": "",
    "PTGJLR": "",
    "PTGJLRTBZZ": "",
    "KCFJCXSYHPTGJLR": "",
    "KCFJCXSYHPTGJLRTBZZ": "",
    "JYXJLLJE": "-561188500",
    "MGJYXJLLJE": "",
    "ZCZE": "16418178900",
    "GDQY": "5181526000",
    "MGJZCPL": "",
    "PTGMGJZC": "",
    "GJKJZEJLR": "",
    "GJKJZZJZC": ""
  }
]

【模块二】
[
  {
    "JZRQ": "2025-12-31",
    "JBMGSY": "0.05",
    "XSMGSY": "0.05",
    "JBMGSYKC": "0.02",
    "XSMGSYKC": "0.02",
    "PTGJZCSYLJQ": "2.32",
    "KCPTGJZCSYLJQ": "0.90"
  }
]

=== 600292-2026-04-17-电投水电-电投水电2025年年度报告全文.pdf ===
【模块一】
[
  {
    "JZRQ": "2025-12-31",
    "JBMGSY": "0.12",
    "XSMGSY": "0.12",
    "JBMGSYKC": "0.01",
    "XSMGSYKC": "",
    "JLRJZCSYLJQ": "3.19",
    "KCHJLRJZCSYLJQ": "0.64",
    "PTGJZCSYLJQ": "",
    "KCPTGJZCSYLJQ": "",
    "YYZSR": "",
    "YYZSRTBZZ": "",
    "YYSR": "12151993169.53",
    "YYSRTBZZ": "-15.90",
    "YYSRKCJE": "",
    "KCHYYSR": "",
    "KCHYYSRTBZZ": "",
    "JLRHJ": "",
    "JLRHJTBZZ": "",
    "JLR": "532212883.35",
    "JLRTBZZ": "-34.07",
    "FJCXSY": "486559181.17",
    "KCFJYXSYHDJLR": "45653702.18",
    "KCFJYXSYHDJLRTBZZ": "149.94",
    "PTGJLR": "",
    "PTGJLRTBZZ": "",
    "KCFJCXSYHPTGJLR": "",
    "KCFJCXSYHPTGJLRTBZZ": "",
    "JYXJLLJE": "4904959257.25",
    "MGJYXJLLJE": "",
    "ZCZE": "63565728689.31",
    "GDQY": "17015566791.45",
    "MGJZCPL": "",
    "PTGMGJZC": "",
    "GJKJZEJLR": "",
    "GJKJZZJZC": ""
  },
  {
    "JZRQ": "2024-12-31",
    "JBMGSY": "0.18",
    "XSMGSY": "0.18",
    "JBMGSYKC": "0.02",
    "XSMGSYKC": "",
    "JLRJZCSYLJQ": "5.07",
    "KCHJLRJZCSYLJQ": "0.36",
    "PTGJZCSYLJQ": "",
    "KCPTGJZCSYLJQ": "",
    "YYZSR": "",
    "YYZSRTBZZ": "",
    "YYSR": "14450212503.94",
    "YYSRTBZZ": "",
    "YYSRKCJE": "",
    "KCHYYSR": "",
    "KCHYYSRTBZZ": "",
    "JLRHJ": "",
    "JLRHJTBZZ": "",
    "JLR": "807217747.80",
    "JLRTBZZ": "",
    "FJCXSY": "788951986.78",
    "KCFJYXSYHDJLR": "18265761.02",
    "KCFJYXSYHDJLRTBZZ": "",
    "PTGJLR": "",
    "PTGJLRTBZZ": "",
    "KCFJCXSYHPTGJLR": "",
    "KCFJCXSYHPTGJLRTBZZ": "",
    "JYXJLLJE": "5712935046.15",
    "MGJYXJLLJE": "",
    "ZCZE": "88228220829.85",
    "GDQY": "16404266857.40",
    "MGJZCPL": "",
    "PTGMGJZC": "",
    "GJKJZEJLR": "",
    "GJKJZZJZC": ""
  },
  {
    "JZRQ": "2023-12-31",
    "JBMGSY": "0.07",
    "XSMGSY": "0.07",
    "JBMGSYKC": "0.0032",
    "XSMGSYKC": "",
    "JLRJZCSYLJQ": "1.06",
    "KCHJLRJZCSYLJQ": "0.05",
    "PTGJZCSYLJQ": "",
    "KCPTGJZCSYLJQ": "",
    "YYZSR": "",
    "YYZSRTBZZ": "",
    "YYSR": "4251613495.67",
    "YYSRTBZZ": "",
    "YYSRKCJE": "",
    "KCHYYSR": "",
    "KCHYYSRTBZZ": "",
    "JLRHJ": "",
    "JLRHJTBZZ": "",
    "JLR": "54011676.95",
    "JLRTBZZ": "",
    "FJCXSY": "51509226.98",
    "KCFJYXSYHDJLR": "2502449.97",
    "KCFJYXSYHDJLRTBZZ": "",
    "PTGJLR": "",
    "PTGJLRTBZZ": "",
    "KCFJCXSYHPTGJLR": "",
    "KCFJCXSYHPTGJLRTBZZ": "",
    "JYXJLLJE": "586062823.97",
    "MGJYXJLLJE": "",
    "ZCZE": "9773767499.55",
    "GDQY": "5129369940.39",
    "MGJZCPL": "",
    "PTGMGJZC": "",
    "GJKJZEJLR": "",
    "GJKJZZJZC": ""
  }
]

【模块二】
[
  {
    "JZRQ": "2025-12-31",
    "JBMGSY": "0.12",
    "XSMGSY": "0.12",
    "JBMGSYKC": "0.01",
    "XSMGSYKC": "0.01",
    "PTGJZCSYLJQ": "3.19",
    "KCPTGJZCSYLJQ": "0.64"
  }
]

=== 600452-2026-04-17-涪陵电力-涪陵电力2025年年度报告全文.pdf ===
【模块一】
[
  {
    "JZRQ": "2025-12-31",
    "JBMGSY": "0.26",
    "XSMGSY": "0.26",
    "JBMGSYKC": "0.25",
    "XSMGSYKC": "",
    "JLRJZCSYLJQ": "7.23",
    "KCHJLRJZCSYLJQ": "7.03",
    "PTGJZCSYLJQ": "",
    "KCPTGJZCSYLJQ": "",
    "YYZSR": "",
    "YYZSRTBZZ": "",
    "YYSR": "2996224540.06",
    "YYSRTBZZ": "-3.86",
    "YYSRKCJE": "",
    "KCHYYSR": "",
    "KCHYYSRTBZZ": "",
    "JLRHJ": "",
    "JLRHJTBZZ": "",
    "JLR": "393273703.49",
    "JLRTBZZ": "-23.56",
    "FJCXSY": "10709931.12",
    "KCFJYXSYHDJLR": "382563772.37",
    "KCFJYXSYHDJLRTBZZ": "-24.10",
    "PTGJLR": "",
    "PTGJLRTBZZ": "",
    "KCFJCXSYHPTGJLR": "",
    "KCFJCXSYHPTGJLRTBZZ": "",
    "JYXJLLJE": "929035553.50",
    "MGJYXJLLJE": "",
    "ZCZE": "6396271234.10",
    "GDQY": "5614549189.52",
    "MGJZCPL": "",
    "PTGMGJZC": "",
    "GJKJZEJLR": "",
    "GJKJZZJZC": ""
  },
  {
    "JZRQ": "2024-12-31",
    "JBMGSY": "0.33",
    "XSMGSY": "0.33",
    "JBMGSYKC": "0.33",
    "XSMGSYKC": "",
    "JLRJZCSYLJQ": "9.60",
    "KCHJLRJZCSYLJQ": "9.40",
    "PTGJZCSYLJQ": "",
    "KCPTGJZCSYLJQ": "",
    "YYZSR": "",
    "YYZSRTBZZ": "",
    "YYSR": "3116619342.36",
    "YYSRTBZZ": "",
    "YYSRKCJE": "",
    "KCHYYSR": "",
    "KCHYYSRTBZZ": "",
    "JLRHJ": "",
    "JLRHJTBZZ": "",
    "JLR": "514456181.79",
    "JLRTBZZ": "",
    "FJCXSY": "10407587.03",
    "KCFJYXSYHDJLR": "504048594.76",
    "KCFJYXSYHDJLRTBZZ": "",
    "PTGJLR": "",
    "PTGJLRTBZZ": "",
    "KCFJCXSYHPTGJLR": "",
    "KCFJCXSYHPTGJLRTBZZ": "",
    "JYXJLLJE": "1590002087.22",
    "MGJYXJLLJE": "",
    "ZCZE": "6505938191.52",
    "GDQY": "5311194603.55",
    "MGJZCPL": "",
    "PTGMGJZC": "",
    "GJKJZEJLR": "",
    "GJKJZZJZC": ""
  },
  {
    "JZRQ": "2023-12-31",
    "JBMGSY": "0.34",
    "XSMGSY": "0.34",
    "JBMGSYKC": "0.34",
    "XSMGSYKC": "",
    "JLRJZCSYLJQ": "10.99",
    "KCHJLRJZCSYLJQ": "10.82",
    "PTGJZCSYLJQ": "",
    "KCPTGJZCSYLJQ": "",
    "YYZSR": "",
    "YYZSRTBZZ": "",
    "YYSR": "3442331815.63",
    "YYSRTBZZ": "",
    "YYSRKCJE": "",
    "KCHYYSR": "",
    "KCHYYSRTBZZ": "",
    "JLRHJ": "",
    "JLRHJTBZZ": "",
    "JLR": "525352019.39",
    "JLRTBZZ": "",
    "FJCXSY": "8103422.59",
    "KCFJYXSYHDJLR": "517248596.80",
    "KCFJYXSYHDJLRTBZZ": "",
    "PTGJLR": "",
    "PTGJLRTBZZ": "",
    "KCFJCXSYHPTGJLR": "",
    "KCFJCXSYHPTGJLRTBZZ": "",
    "JYXJLLJE": "1128987759.07",
    "MGJYXJLLJE": "",
    "ZCZE": "6652311565.67",
    "GDQY": "4982892434.56",
    "MGJZCPL": "",
    "PTGMGJZC": "",
    "GJKJZEJLR": "",
    "GJKJZZJZC": ""
  }
]

【模块二】
[
  {
    "JZRQ": "2025-12-31",
    "JBMGSY": "0.26",
    "XSMGSY": "0.26",
    "JBMGSYKC": "0.25",
    "XSMGSYKC": "0.25",
    "PTGJZCSYLJQ": "7.23",
    "KCPTGJZCSYLJQ": "7.03"
  }
]

=== 600519-2026-04-17-贵州茅台-贵州茅台2025年年度报告.pdf ===
【模块一】
[
  {
    "JZRQ": "2025-12-31",
    "JBMGSY": "65.66",
    "XSMGSY": "65.66",
    "JBMGSYKC": "65.64",
    "XSMGSYKC": "",
    "JLRJZCSYLJQ": "32.53",
    "KCHJLRJZCSYLJQ": "32.52",
    "PTGJZCSYLJQ": "",
    "KCPTGJZCSYLJQ": "",
    "YYZSR": "",
    "YYZSRTBZZ": "",
    "YYSR": "168838102514.79",
    "YYSRTBZZ": "-1.21",
    "YYSRKCJE": "",
    "KCHYYSR": "",
    "KCHYYSRTBZZ": "",
    "JLRHJ": "",
    "JLRHJTBZZ": "",
    "JLR": "82320067101.68",
    "JLRTBZZ": "-4.53",
    "FJCXSY": "26959446.43",
    "KCFJYXSYHDJLR": "82293107655.25",
    "KCFJYXSYHDJLRTBZZ": "-4.58",
    "PTGJLR": "",
    "PTGJLRTBZZ": "",
    "KCFJCXSYHPTGJLR": "",
    "KCFJCXSYHPTGJLRTBZZ": "",
    "JYXJLLJE": "61522204989.35",
    "MGJYXJLLJE": "",
    "ZCZE": "303834844021.44",
    "GDQY": "244637811032.18",
    "MGJZCPL": "",
    "PTGMGJZC": "",
    "GJKJZEJLR": "",
    "GJKJZZJZC": ""
  },
  {
    "JZRQ": "2024-12-31",
    "JBMGSY": "68.64",
    "XSMGSY": "68.64",
    "JBMGSYKC": "68.65",
    "XSMGSYKC": "",
    "JLRJZCSYLJQ": "36.02",
    "KCHJLRJZCSYLJQ": "36.03",
    "PTGJZCSYLJQ": "",
    "KCPTGJZCSYLJQ": "",
    "YYZSR": "",
    "YYZSRTBZZ": "",
    "YYSR": "170899152276.34",
    "YYSRTBZZ": "",
    "YYSRKCJE": "",
    "KCHYYSR": "",
    "KCHYYSRTBZZ": "",
    "JLRHJ": "",
    "JLRHJTBZZ": "",
    "JLR": "86228146421.62",
    "JLRTBZZ": "",
    "FJCXSY": "-12759555.80",
    "KCFJYXSYHDJLR": "86240905977.42",
    "KCFJYXSYHDJLRTBZZ": "",
    "PTGJLR": "",
    "PTGJLRTBZZ": "",
    "KCFJCXSYHPTGJLR": "",
    "KCFJCXSYHPTGJLRTBZZ": "",
    "JYXJLLJE": "92463692168.43",
    "MGJYXJLLJE": "",
    "ZCZE": "298944579918.70",
    "GDQY": "233105984399.47",
    "MGJZCPL": "",
    "PTGMGJZC": "",
    "GJKJZEJLR": "",
    "GJKJZZJZC": ""
  },
  {
    "JZRQ": "2023-12-31",
    "JBMGSY": "59.49",
    "XSMGSY": "59.49",
    "JBMGSYKC": "59.51",
    "XSMGSYKC": "",
    "JLRJZCSYLJQ": "34.19",
    "KCHJLRJZCSYLJQ": "34.20",
    "PTGJZCSYLJQ": "",
    "KCPTGJZCSYLJQ": "",
    "YYZSR": "",
    "YYZSRTBZZ": "",
    "YYSR": "147693604994.14",
    "YYSRTBZZ": "",
    "YYSRKCJE": "",
    "KCHYYSR": "",
    "KCHYYSRTBZZ": "",
    "JLRHJ": "",
    "JLRHJTBZZ": "",
    "JLR": "74734071550.75",
    "JLRTBZZ": "",
    "FJCXSY": "-18492874.77",
    "KCFJYXSYHDJLR": "74752564425.52",
    "KCFJYXSYHDJLRTBZZ": "",
    "PTGJLR": "",
    "PTGJLRTBZZ": "",
    "KCFJCXSYHPTGJLR": "",
    "KCFJCXSYHPTGJLRTBZZ": "",
    "JYXJLLJE": "66593247721.09",
    "MGJYXJLLJE": "",
    "ZCZE": "272699660092.25",
    "GDQY": "215668571607.43",
    "MGJZCPL": "",
    "PTGMGJZC": "",
    "GJKJZEJLR": "",
    "GJKJZZJZC": ""
  }
]

【模块二】
[
  {
    "JZRQ": "2025-12-31",
    "JBMGSY": "65.66",
    "XSMGSY": "65.66",
    "JBMGSYKC": "65.64",
    "XSMGSYKC": "65.64",
    "PTGJZCSYLJQ": "32.53",
    "KCPTGJZCSYLJQ": "32.52"
  }
]

=== 600654-2026-04-17-中安科-2025年年度报告.pdf ===
【模块一】
[
  {
    "JZRQ": "2025-12-31",
    "JBMGSY": "0.0188",
    "XSMGSY": "0.0187",
    "JBMGSYKC": "-0.0520",
    "XSMGSYKC": "",
    "JLRJZCSYLJQ": "3.46",
    "KCHJLRJZCSYLJQ": "-9.60",
    "PTGJZCSYLJQ": "",
    "KCPTGJZCSYLJQ": "",
    "YYZSR": "",
    "YYZSRTBZZ": "",
    "YYSR": "3069788731.85",
    "YYSRTBZZ": "0.63",
    "YYSRKCJE": "",
    "KCHYYSR": "3069788731.85",
    "KCHYYSRTBZZ": "0.63",
    "JLRHJ": "",
    "JLRHJTBZZ": "",
    "JLR": "52960064.39",
    "JLRTBZZ": "164.41",
    "FJCXSY": "199863303.05",
    "KCFJYXSYHDJLR": "-146903238.66",
    "KCFJYXSYHDJLRTBZZ": "-33.69",
    "PTGJLR": "",
    "PTGJLRTBZZ": "",
    "KCFJCXSYHPTGJLR": "",
    "KCFJCXSYHPTGJLRTBZZ": "",
    "JYXJLLJE": "109916090.00",
    "MGJYXJLLJE": "",
    "ZCZE": "3637004353.45",
    "GDQY": "1557511534.35",
    "MGJZCPL": "",
    "PTGMGJZC": "",
    "GJKJZEJLR": "",
    "GJKJZZJZC": ""
  },
  {
    "JZRQ": "2024-12-31",
    "JBMGSY": "0.0071",
    "XSMGSY": "0.0070",
    "JBMGSYKC": "-0.0391",
    "XSMGSYKC": "",
    "JLRJZCSYLJQ": "1.24",
    "KCHJLRJZCSYLJQ": "-6.78",
    "PTGJZCSYLJQ": "",
    "KCPTGJZCSYLJQ": "",
    "YYZSR": "",
    "YYZSRTBZZ": "",
    "YYSR": "3050607756.07",
    "YYSRTBZZ": "",
    "YYSRKCJE": "",
    "KCHYYSR": "3050607756.07",
    "KCHYYSRTBZZ": "",
    "JLRHJ": "",
    "JLRHJTBZZ": "",
    "JLR": "20029335.27",
    "JLRTBZZ": "",
    "FJCXSY": "129909746.91",
    "KCFJYXSYHDJLR": "-109880411.64",
    "KCFJYXSYHDJLRTBZZ": "",
    "PTGJLR": "",
    "PTGJLRTBZZ": "",
    "KCFJCXSYHPTGJLR": "",
    "KCFJCXSYHPTGJLRTBZZ": "",
    "JYXJLLJE": "94294713.78",
    "MGJYXJLLJE": "",
    "ZCZE": "3780703469.85",
    "GDQY": "1657653401.07",
    "MGJZCPL": "",
    "PTGMGJZC": "",
    "GJKJZEJLR": "",
    "GJKJZZJZC": ""
  },
  {
    "JZRQ": "2023-12-31",
    "JBMGSY": "0.0321",
    "XSMGSY": "0.0318",
    "JBMGSYKC": "0.0032",
    "XSMGSYKC": "",
    "JLRJZCSYLJQ": "5.9874",
    "KCHJLRJZCSYLJQ": "0.6007",
    "PTGJZCSYLJQ": "",
    "KCPTGJZCSYLJQ": "",
    "YYZSR": "",
    "YYZSRTBZZ": "",
    "YYSR": "2858122182.48",
    "YYSRTBZZ": "",
    "YYSRKCJE": "",
    "KCHYYSR": "2843278750.52",
    "KCHYYSRTBZZ": "",
    "JLRHJ": "",
    "JLRHJTBZZ": "",
    "JLR": "90077673.62",
    "JLRTBZZ": "",
    "FJCXSY": "81040606.58",
    "KCFJYXSYHDJLR": "9037067.04",
    "KCFJYXSYHDJLRTBZZ": "",
    "PTGJLR": "",
    "PTGJLRTBZZ": "",
    "KCFJCXSYHPTGJLR": "",
    "KCFJCXSYHPTGJLRTBZZ": "",
    "JYXJLLJE": "175715960.99",
    "MGJYXJLLJE": "",
    "ZCZE": "3934938341.76",
    "GDQY": "1589444680.98",
    "MGJZCPL": "",
    "PTGMGJZC": "",
    "GJKJZEJLR": "",
    "GJKJZZJZC": ""
  }
]

【模块二】
[
  {
    "JZRQ": "2025-12-31",
    "JBMGSY": "0.0188",
    "XSMGSY": "0.0187",
    "JBMGSYKC": "-0.0520",
    "XSMGSYKC": "-0.0518",
    "PTGJZCSYLJQ": "3.46",
    "KCPTGJZCSYLJQ": "-9.60"
  }
]

=== 600800-2026-04-17-渤海化学-天津渤海化学股份有限公司2025年年度报告.pdf ===
【模块一】
[
  {
    "JZRQ": "2025-12-31",
    "JBMGSY": "-0.58",
    "XSMGSY": "-0.58",
    "JBMGSYKC": "-0.70",
    "XSMGSYKC": "",
    "JLRJZCSYLJQ": "-44.90",
    "KCHJLRJZCSYLJQ": "-53.85",
    "PTGJZCSYLJQ": "",
    "KCPTGJZCSYLJQ": "",
    "YYZSR": "",
    "YYZSRTBZZ": "",
    "YYSR": "3329941027.88",
    "YYSRTBZZ": "-30.39",
    "YYSRKCJE": "",
    "KCHYYSR": "3328545206.43",
    "KCHYYSRTBZZ": "-30.41",
    "JLRHJ": "",
    "JLRHJTBZZ": "",
    "JLR": "-646342302.81",
    "JLRTBZZ": "",
    "FJCXSY": "128989165.22",
    "KCFJYXSYHDJLR": "-775331468.03",
    "KCFJYXSYHDJLRTBZZ": "",
    "PTGJLR": "",
    "PTGJLRTBZZ": "",
    "KCFJCXSYHPTGJLR": "",
    "KCFJCXSYHPTGJLRTBZZ": "",
    "JYXJLLJE": "-671167570.62",
    "MGJYXJLLJE": "",
    "ZCZE": "4405038649.67",
    "GDQY": "1120169101.67",
    "MGJZCPL": "",
    "PTGMGJZC": "",
    "GJKJZEJLR": "",
    "GJKJZZJZC": ""
  },
  {
    "JZRQ": "2024-12-31",
    "JBMGSY": "-0.57",
    "XSMGSY": "-0.57",
    "JBMGSYKC": "-0.62",
    "XSMGSYKC": "",
    "JLRJZCSYLJQ": "-30.45",
    "KCHJLRJZCSYLJQ": "-33.36",
    "PTGJZCSYLJQ": "",
    "KCPTGJZCSYLJQ": "",
    "YYZSR": "",
    "YYZSRTBZZ": "",
    "YYSR": "4783590897.57",
    "YYSRTBZZ": "",
    "YYSRKCJE": "",
    "KCHYYSR": "4782953040.84",
    "KCHYYSRTBZZ": "",
    "JLRHJ": "",
    "JLRHJTBZZ": "",
    "JLR": "-632142993.72",
    "JLRTBZZ": "",
    "FJCXSY": "60481373.91",
    "KCFJYXSYHDJLR": "-692624367.63",
    "KCFJYXSYHDJLRTBZZ": "",
    "PTGJLR": "",
    "PTGJLRTBZZ": "",
    "KCFJCXSYHPTGJLR": "",
    "KCFJCXSYHPTGJLRTBZZ": "",
    "JYXJLLJE": "43338353.77",
    "MGJYXJLLJE": "",
    "ZCZE": "3903796811.22",
    "GDQY": "1762841617.45",
    "MGJZCPL": "",
    "PTGMGJZC": "",
    "GJKJZEJLR": "",
    "GJKJZZJZC": ""
  },
  {
    "JZRQ": "2023-12-31",
    "JBMGSY": "-0.44",
    "XSMGSY": "-0.44",
    "JBMGSYKC": "-0.46",
    "XSMGSYKC": "",
    "JLRJZCSYLJQ": "-19.67",
    "KCHJLRJZCSYLJQ": "-20.71",
    "PTGJZCSYLJQ": "",
    "KCPTGJZCSYLJQ": "",
    "YYZSR": "",
    "YYZSRTBZZ": "",
    "YYSR": "3225328800.11",
    "YYSRTBZZ": "",
    "YYSRKCJE": "",
    "KCHYYSR": "3225037497.77",
    "KCHYYSRTBZZ": "",
    "JLRHJ": "",
    "JLRHJTBZZ": "",
    "JLR": "-521010749.07",
    "JLRTBZZ": "",
    "FJCXSY": "27672622.33",
    "KCFJYXSYHDJLR": "-548683371.40",
    "KCFJYXSYHDJLRTBZZ": "",
    "PTGJLR": "",
    "PTGJLRTBZZ": "",
    "KCFJCXSYHPTGJLR": "",
    "KCFJCXSYHPTGJLRTBZZ": "",
    "JYXJLLJE": "-310778791.54",
    "MGJYXJLLJE": "",
    "ZCZE": "4278152789.83",
    "GDQY": "2391975925.92",
    "MGJZCPL": "",
    "PTGMGJZC": "",
    "GJKJZEJLR": "",
    "GJKJZZJZC": ""
  }
]

【模块二】
[
  {
    "JZRQ": "2025-12-31",
    "JBMGSY": "-0.58",
    "XSMGSY": "-0.58",
    "JBMGSYKC": "-0.70",
    "XSMGSYKC": "-0.70",
    "PTGJZCSYLJQ": "-44.90",
    "KCPTGJZCSYLJQ": "-53.85"
  }
]

=== 600917-2026-04-17-重庆燃气-重庆燃气2025年年度报告.pdf ===
【模块一】
[
  {
    "JZRQ": "2025-12-31",
    "JBMGSY": "0.13",
    "XSMGSY": "0.13",
    "JBMGSYKC": "0.12",
    "XSMGSYKC": "",
    "JLRJZCSYLJQ": "3.65",
    "KCHJLRJZCSYLJQ": "3.29",
    "PTGJZCSYLJQ": "",
    "KCPTGJZCSYLJQ": "",
    "YYZSR": "",
    "YYZSRTBZZ": "",
    "YYSR": "10305180008.16",
    "YYSRTBZZ": "1.41",
    "YYSRKCJE": "",
    "KCHYYSR": "",
    "KCHYYSRTBZZ": "",
    "JLRHJ": "",
    "JLRHJTBZZ": "",
    "JLR": "210575255.98",
    "JLRTBZZ": "-44.98",
    "FJCXSY": "21333157.37",
    "KCFJYXSYHDJLR": "189242098.61",
    "KCFJYXSYHDJLRTBZZ": "-44.19",
    "PTGJLR": "",
    "PTGJLRTBZZ": "",
    "KCFJCXSYHPTGJLR": "",
    "KCFJCXSYHPTGJLRTBZZ": "",
    "JYXJLLJE": "425103611.09",
    "MGJYXJLLJE": "",
    "ZCZE": "11032219701.61",
    "GDQY": "5798279089.65",
    "MGJZCPL": "",
    "PTGMGJZC": "",
    "GJKJZEJLR": "",
    "GJKJZZJZC": ""
  },
  {
    "JZRQ": "2024-12-31",
    "JBMGSY": "0.25",
    "XSMGSY": "0.25",
    "JBMGSYKC": "0.22",
    "XSMGSYKC": "",
    "JLRJZCSYLJQ": "6.96",
    "KCHJLRJZCSYLJQ": "6.19",
    "PTGJZCSYLJQ": "",
    "KCPTGJZCSYLJQ": "",
    "YYZSR": "",
    "YYZSRTBZZ": "",
    "YYSR": "10161857668.59",
    "YYSRTBZZ": "",
    "YYSRKCJE": "",
    "KCHYYSR": "",
    "KCHYYSRTBZZ": "",
    "JLRHJ": "",
    "JLRHJTBZZ": "",
    "JLR": "382706288.95",
    "JLRTBZZ": "",
    "FJCXSY": "43620707.65",
    "KCFJYXSYHDJLR": "339085581.30",
    "KCFJYXSYHDJLRTBZZ": "",
    "PTGJLR": "",
    "PTGJLRTBZZ": "",
    "KCFJCXSYHPTGJLR": "",
    "KCFJCXSYHPTGJLRTBZZ": "",
    "JYXJLLJE": "615308399.91",
    "MGJYXJLLJE": "",
    "ZCZE": "11075141000.44",
    "GDQY": "5694645937.43",
    "MGJZCPL": "",
    "PTGMGJZC": "",
    "GJKJZEJLR": "",
    "GJKJZZJZC": ""
  },
  {
    "JZRQ": "2023-12-31",
    "JBMGSY": "0.32",
    "XSMGSY": "0.32",
    "JBMGSYKC": "0.23",
    "XSMGSYKC": "",
    "JLRJZCSYLJQ": "9.55",
    "KCHJLRJZCSYLJQ": "7.15",
    "PTGJZCSYLJQ": "",
    "KCPTGJZCSYLJQ": "",
    "YYZSR": "",
    "YYZSRTBZZ": "",
    "YYSR": "10260744634.46",
    "YYSRTBZZ": "",
    "YYSRKCJE": "",
    "KCHYYSR": "",
    "KCHYYSRTBZZ": "",
    "JLRHJ": "",
    "JLRHJTBZZ": "",
    "JLR": "498505413.20",
    "JLRTBZZ": "",
    "FJCXSY": "129960287.43",
    "KCFJYXSYHDJLR": "368545125.77",
    "KCFJYXSYHDJLRTBZZ": "",
    "PTGJLR": "",
    "PTGJLRTBZZ": "",
    "KCFJCXSYHPTGJLR": "",
    "KCFJCXSYHPTGJLRTBZZ": "",
    "JYXJLLJE": "452046440.39",
    "MGJYXJLLJE": "",
    "ZCZE": "10530440729.16",
    "GDQY": "5385279009.26",
    "MGJZCPL": "",
    "PTGMGJZC": "",
    "GJKJZEJLR": "",
    "GJKJZZJZC": ""
  }
]

【模块二】
[
  {
    "JZRQ": "2025-12-31",
    "JBMGSY": "0.13",
    "XSMGSY": "0.13",
    "JBMGSYKC": "0.12",
    "XSMGSYKC": "0.12",
    "PTGJZCSYLJQ": "3.65",
    "KCPTGJZCSYLJQ": "3.29"
  }
]

=== 600961-2026-04-17-株冶集团-株冶集团2025年年度报告.pdf ===
【模块一】
[
  {
    "JZRQ": "2025-12-31",
    "JBMGSY": "0.99",
    "XSMGSY": "0.99",
    "JBMGSYKC": "1.30",
    "XSMGSYKC": "",
    "JLRJZCSYLJQ": "31.40",
    "KCHJLRJZCSYLJQ": "41.20",
    "PTGJZCSYLJQ": "",
    "KCPTGJZCSYLJQ": "",
    "YYZSR": "",
    "YYZSRTBZZ": "",
    "YYSR": "22246423224.05",
    "YYSRTBZZ": "12.59",
    "YYSRKCJE": "",
    "KCHYYSR": "",
    "KCHYYSRTBZZ": "",
    "JLRHJ": "",
    "JLRHJTBZZ": "",
    "JLR": "1125228980.31",
    "JLRTBZZ": "43.06",
    "FJCXSY": "-331876853.43",
    "KCFJYXSYHDJLR": "1457105833.74",
    "KCFJYXSYHDJLRTBZZ": "99.71",
    "PTGJLR": "",
    "PTGJLRTBZZ": "",
    "KCFJCXSYHPTGJLR": "",
    "KCFJCXSYHPTGJLRTBZZ": "",
    "JYXJLLJE": "1840260773.23",
    "MGJYXJLLJE": "",
    "ZCZE": "9492549438.09",
    "GDQY": "4714167079.85",
    "MGJZCPL": "",
    "PTGMGJZC": "",
    "GJKJZEJLR": "",
    "GJKJZZJZC": ""
  },
  {
    "JZRQ": "2024-12-31",
    "JBMGSY": "0.66",
    "XSMGSY": "0.66",
    "JBMGSYKC": "0.6",
    "XSMGSYKC": "",
    "JLRJZCSYLJQ": "28.31",
    "KCHJLRJZCSYLJQ": "26.02",
    "PTGJZCSYLJQ": "",
    "KCPTGJZCSYLJQ": "",
    "YYZSR": "",
    "YYZSRTBZZ": "",
    "YYSR": "19759215060.69",
    "YYSRTBZZ": "",
    "YYSRKCJE": "",
    "KCHYYSR": "",
    "KCHYYSRTBZZ": "",
    "JLRHJ": "",
    "JLRHJTBZZ": "",
    "JLR": "786535418.67",
    "JLRTBZZ": "",
    "FJCXSY": "56935103.33",
    "KCFJYXSYHDJLR": "729600315.34",
    "KCFJYXSYHDJLRTBZZ": "",
    "PTGJLR": "",
    "PTGJLRTBZZ": "",
    "KCFJCXSYHPTGJLR": "",
    "KCFJCXSYHPTGJLRTBZZ": "",
    "JYXJLLJE": "1106707487.30",
    "MGJYXJLLJE": "",
    "ZCZE": "9136555293.95",
    "GDQY": "4354464746.68",
    "MGJZCPL": "",
    "PTGMGJZC": "",
    "GJKJZEJLR": "",
    "GJKJZZJZC": ""
  },
  {
    "JZRQ": "2023-12-31",
    "JBMGSY": "0.54",
    "XSMGSY": "0.54",
    "JBMGSYKC": "0.52",
    "XSMGSYKC": "",
    "JLRJZCSYLJQ": "38.96",
    "KCHJLRJZCSYLJQ": "44.07",
    "PTGJZCSYLJQ": "",
    "KCPTGJZCSYLJQ": "",
    "YYZSR": "",
    "YYZSRTBZZ": "",
    "YYSR": "19406137867.09",
    "YYSRTBZZ": "",
    "YYSRKCJE": "",
    "KCHYYSR": "",
    "KCHYYSRTBZZ": "",
    "JLRHJ": "",
    "JLRHJTBZZ": "",
    "JLR": "611154633.09",
    "JLRTBZZ": "",
    "FJCXSY": "48669564.40",
    "KCFJYXSYHDJLR": "562485068.69",
    "KCFJYXSYHDJLRTBZZ": "",
    "PTGJLR": "",
    "PTGJLRTBZZ": "",
    "KCFJCXSYHPTGJLR": "",
    "KCFJCXSYHPTGJLRTBZZ": "",
    "JYXJLLJE": "690308758.25",
    "MGJYXJLLJE": "",
    "ZCZE": "9114057171.58",
    "GDQY": "3632351878.40",
    "MGJZCPL": "",
    "PTGMGJZC": "",
    "GJKJZEJLR": "",
    "GJKJZZJZC": ""
  }
]

【模块二】
[
  {
    "JZRQ": "2025-12-31",
    "JBMGSY": "0.99",
    "XSMGSY": "0.99",
    "JBMGSYKC": "1.30",
    "XSMGSYKC": "1.30",
    "PTGJZCSYLJQ": "31.40",
    "KCPTGJZCSYLJQ": "41.20"
  }
]

=== 601177-2026-04-17-杭齿前进-2025年年度报告.pdf ===
【模块一】
[
  {
    "JZRQ": "2025-12-31",
    "JBMGSY": "0.6325",
    "XSMGSY": "0.6254",
    "JBMGSYKC": "0.5343",
    "XSMGSYKC": "",
    "JLRJZCSYLJQ": "9.24",
    "KCHJLRJZCSYLJQ": "7.80",
    "PTGJZCSYLJQ": "",
    "KCPTGJZCSYLJQ": "",
    "YYZSR": "",
    "YYZSRTBZZ": "",
    "YYSR": "2399484038.95",
    "YYSRTBZZ": "4.29",
    "YYSRKCJE": "",
    "KCHYYSR": "214216323.72",
    "KCHYYSRTBZZ": "3.33",
    "JLRHJ": "",
    "JLRHJTBZZ": "",
    "JLR": "253525567.88",
    "JLRTBZZ": "5.28",
    "FJCXSY": "39309244.16",
    "KCFJYXSYHDJLR": "214216323.72",
    "KCFJYXSYHDJLRTBZZ": "3.33",
    "PTGJLR": "",
    "PTGJLRTBZZ": "",
    "KCFJCXSYHPTGJLR": "",
    "KCFJCXSYHPTGJLRTBZZ": "",
    "JYXJLLJE": "302268178.87",
    "MGJYXJLLJE": "",
    "ZCZE": "5347791989.72",
    "GDQY": "2836483445.84",
    "MGJZCPL": "",
    "PTGMGJZC": "",
    "GJKJZEJLR": "",
    "GJKJZZJZC": ""
  },
  {
    "JZRQ": "2024-12-31",
    "JBMGSY": "0.6020",
    "XSMGSY": "0.6011",
    "JBMGSYKC": "0.5182",
    "XSMGSYKC": "",
    "JLRJZCSYLJQ": "9.55",
    "KCHJLRJZCSYLJQ": "8.23",
    "PTGJZCSYLJQ": "",
    "KCPTGJZCSYLJQ": "",
    "YYZSR": "",
    "YYZSRTBZZ": "",
    "YYSR": "2300848636.37",
    "YYSRTBZZ": "",
    "YYSRKCJE": "",
    "KCHYYSR": "207306991.66",
    "KCHYYSRTBZZ": "",
    "JLRHJ": "",
    "JLRHJTBZZ": "",
    "JLR": "240817913.87",
    "JLRTBZZ": "",
    "FJCXSY": "33510922.21",
    "KCFJYXSYHDJLR": "207306991.66",
    "KCFJYXSYHDJLRTBZZ": "",
    "PTGJLR": "",
    "PTGJLRTBZZ": "",
    "KCFJCXSYHPTGJLR": "",
    "KCFJCXSYHPTGJLRTBZZ": "",
    "JYXJLLJE": "80969058.64",
    "MGJYXJLLJE": "",
    "ZCZE": "4972473161.75",
    "GDQY": "2657590832.40",
    "MGJZCPL": "",
    "PTGMGJZC": "",
    "GJKJZEJLR": "",
    "GJKJZZJZC": ""
  },
  {
    "JZRQ": "2023-12-31",
    "JBMGSY": "0.5286",
    "XSMGSY": "0.5286",
    "JBMGSYKC": "0.4797",
    "XSMGSYKC": "",
    "JLRJZCSYLJQ": "9.46",
    "KCHJLRJZCSYLJQ": "8.59",
    "PTGJZCSYLJQ": "",
    "KCPTGJZCSYLJQ": "",
    "YYZSR": "",
    "YYZSRTBZZ": "",
    "YYSR": "1882559196.50",
    "YYSRTBZZ": "",
    "YYSRKCJE": "",
    "KCHYYSR": "191910373.34",
    "KCHYYSRTBZZ": "",
    "JLRHJ": "",
    "JLRHJTBZZ": "",
    "JLR": "211461160.70",
    "JLRTBZZ": "",
    "FJCXSY": "19550787.36",
    "KCFJYXSYHDJLR": "191910373.34",
    "KCFJYXSYHDJLRTBZZ": "",
    "PTGJLR": "",
    "PTGJLRTBZZ": "",
    "KCFJCXSYHPTGJLR": "",
    "KCFJCXSYHPTGJLRTBZZ": "",
    "JYXJLLJE": "57372625.68",
    "MGJYXJLLJE": "",
    "ZCZE": "4783097609.48",
    "GDQY": "2339948776.58",
    "MGJZCPL": "",
    "PTGMGJZC": "",
    "GJKJZEJLR": "",
    "GJKJZZJZC": ""
  }
]

【模块二】
[
  {
    "JZRQ": "2025-12-31",
    "JBMGSY": "0.6325",
    "XSMGSY": "0.6254",
    "JBMGSYKC": "0.5343",
    "XSMGSYKC": "0.5284",
    "PTGJZCSYLJQ": "9.24",
    "KCPTGJZCSYLJQ": "7.80"
  }
]

=== 601933-2026-04-17-永辉超市-永辉超市股份有限公司2025年年度报告.pdf ===
【模块一】
[
  {
    "JZRQ": "2025-12-31",
    "JBMGSY": "-0.29",
    "XSMGSY": "-0.29",
    "JBMGSYKC": "-0.38",
    "XSMGSYKC": "",
    "JLRJZCSYLJQ": "-81.04",
    "KCHJLRJZCSYLJQ": "-108.49",
    "PTGJZCSYLJQ": "",
    "KCPTGJZCSYLJQ": "",
    "YYZSR": "",
    "YYZSRTBZZ": "",
    "YYSR": "53507570615.38",
    "YYSRTBZZ": "-20.82",
    "YYSRKCJE": "",
    "KCHYYSR": "",
    "KCHYYSRTBZZ": "",
    "JLRHJ": "",
    "JLRHJTBZZ": "",
    "JLR": "-2552341936.85",
    "JLRTBZZ": "",
    "FJCXSY": "864554202.56",
    "KCFJYXSYHDJLR": "-3416896139.41",
    "KCFJYXSYHDJLRTBZZ": "",
    "PTGJLR": "",
    "PTGJLRTBZZ": "",
    "KCFJCXSYHPTGJLR": "",
    "KCFJCXSYHPTGJLRTBZZ": "",
    "JYXJLLJE": "645681915.81",
    "MGJYXJLLJE": "",
    "ZCZE": "30461986041.30",
    "GDQY": "1859221139.66",
    "MGJZCPL": "",
    "PTGMGJZC": "",
    "GJKJZEJLR": "",
    "GJKJZZJZC": ""
  },
  {
    "JZRQ": "2024-12-31",
    "JBMGSY": "-0.16",
    "XSMGSY": "-0.16",
    "JBMGSYKC": "-0.27",
    "XSMGSYKC": "",
    "JLRJZCSYLJQ": "-29.17",
    "KCHJLRJZCSYLJQ": "-47.98",
    "PTGJZCSYLJQ": "",
    "KCPTGJZCSYLJQ": "",
    "YYZSR": "",
    "YYZSRTBZZ": "",
    "YYSR": "67573824099.64",
    "YYSRTBZZ": "",
    "YYSRKCJE": "",
    "KCHYYSR": "",
    "KCHYYSRTBZZ": "",
    "JLRHJ": "",
    "JLRHJTBZZ": "",
    "JLR": "-1465455921.36",
    "JLRTBZZ": "",
    "FJCXSY": "945036671.10",
    "KCFJYXSYHDJLR": "-2410492592.46",
    "KCFJYXSYHDJLRTBZZ": "",
    "PTGJLR": "",
    "PTGJLRTBZZ": "",
    "KCFJCXSYHPTGJLR": "",
    "KCFJCXSYHPTGJLRTBZZ": "",
    "JYXJLLJE": "2191428131.60",
    "MGJYXJLLJE": "",
    "ZCZE": "42749159132.86",
    "GDQY": "4439517489.33",
    "MGJZCPL": "",
    "PTGMGJZC": "",
    "GJKJZEJLR": "",
    "GJKJZZJZC": ""
  },
  {
    "JZRQ": "2023-12-31",
    "JBMGSY": "-0.15",
    "XSMGSY": "-0.15",
    "JBMGSYKC": "-0.22",
    "XSMGSYKC": "",
    "JLRJZCSYLJQ": "-20.09",
    "KCHJLRJZCSYLJQ": "-29.87",
    "PTGJZCSYLJQ": "",
    "KCPTGJZCSYLJQ": "",
    "YYZSR": "",
    "YYZSRTBZZ": "",
    "YYSR": "78642171577.01",
    "YYSRTBZZ": "",
    "YYSRKCJE": "",
    "KCHYYSR": "",
    "KCHYYSRTBZZ": "",
    "JLRHJ": "",
    "JLRHJTBZZ": "",
    "JLR": "-1329052123.15",
    "JLRTBZZ": "",
    "FJCXSY": "647130184.45",
    "KCFJYXSYHDJLR": "-1976182307.60",
    "KCFJYXSYHDJLRTBZZ": "",
    "PTGJLR": "",
    "PTGJLRTBZZ": "",
    "KCFJCXSYHPTGJLR": "",
    "KCFJCXSYHPTGJLRTBZZ": "",
    "JYXJLLJE": "4568880954.83",
    "MGJYXJLLJE": "",
    "ZCZE": "52052037800.14",
    "GDQY": "5939070640.55",
    "MGJZCPL": "",
    "PTGMGJZC": "",
    "GJKJZEJLR": "",
    "GJKJZZJZC": ""
  }
]

【模块二】
[
  {
    "JZRQ": "2025-12-31",
    "JBMGSY": "-0.29",
    "XSMGSY": "-0.29",
    "JBMGSYKC": "-0.38",
    "XSMGSYKC": "-0.38",
    "PTGJZCSYLJQ": "-81.04",
    "KCPTGJZCSYLJQ": "-108.49"
  }
]

=== 603004-2026-04-17-鼎龙科技-2025年年度报告.pdf ===
【模块一】
[
  {
    "JZRQ": "2025-12-31",
    "JBMGSY": "0.63",
    "XSMGSY": "0.63",
    "JBMGSYKC": "0.56",
    "XSMGSYKC": "",
    "JLRJZCSYLJQ": "7.31",
    "KCHJLRJZCSYLJQ": "6.42",
    "PTGJZCSYLJQ": "",
    "KCPTGJZCSYLJQ": "",
    "YYZSR": "",
    "YYZSRTBZZ": "",
    "YYSR": "702280466.42",
    "YYSRTBZZ": "0.30",
    "YYSRKCJE": "",
    "KCHYYSR": "",
    "KCHYYSRTBZZ": "",
    "JLRHJ": "",
    "JLRHJTBZZ": "",
    "JLR": "149175943.67",
    "JLRTBZZ": "-8.72",
    "FJCXSY": "18198740.28",
    "KCFJYXSYHDJLR": "130977203.39",
    "KCFJYXSYHDJLRTBZZ": "-14.38",
    "PTGJLR": "",
    "PTGJLRTBZZ": "",
    "KCFJCXSYHPTGJLR": "",
    "KCFJCXSYHPTGJLRTBZZ": "",
    "JYXJLLJE": "251210685.12",
    "MGJYXJLLJE": "",
    "ZCZE": "2300816238.07",
    "GDQY": "2096657593.21",
    "MGJZCPL": "",
    "PTGMGJZC": "",
    "GJKJZEJLR": "",
    "GJKJZZJZC": ""
  },
  {
    "JZRQ": "2024-12-31",
    "JBMGSY": "0.69",
    "XSMGSY": "0.69",
    "JBMGSYKC": "0.65",
    "XSMGSYKC": "",
    "JLRJZCSYLJQ": "8.45",
    "KCHJLRJZCSYLJQ": "7.91",
    "PTGJZCSYLJQ": "",
    "KCPTGJZCSYLJQ": "",
    "YYZSR": "",
    "YYZSRTBZZ": "",
    "YYSR": "700189596.31",
    "YYSRTBZZ": "",
    "YYSRKCJE": "",
    "KCHYYSR": "",
    "KCHYYSRTBZZ": "",
    "JLRHJ": "",
    "JLRHJTBZZ": "",
    "JLR": "163431411.90",
    "JLRTBZZ": "",
    "FJCXSY": "10464134.01",
    "KCFJYXSYHDJLR": "152967277.89",
    "KCFJYXSYHDJLRTBZZ": "",
    "PTGJLR": "",
    "PTGJLRTBZZ": "",
    "KCFJCXSYHPTGJLR": "",
    "KCFJCXSYHPTGJLRTBZZ": "",
    "JYXJLLJE": "201817979.09",
    "MGJYXJLLJE": "",
    "ZCZE": "2181156097.38",
    "GDQY": "1994182419.11",
    "MGJZCPL": "",
    "PTGMGJZC": "",
    "GJKJZEJLR": "",
    "GJKJZZJZC": ""
  },
  {
    "JZRQ": "2023-12-31",
    "JBMGSY": "0.99",
    "XSMGSY": "0.99",
    "JBMGSYKC": "1.00",
    "XSMGSYKC": "",
    "JLRJZCSYLJQ": "18.51",
    "KCHJLRJZCSYLJQ": "18.87",
    "PTGJZCSYLJQ": "",
    "KCPTGJZCSYLJQ": "",
    "YYZSR": "",
    "YYZSRTBZZ": "",
    "YYSR": "741549595.95",
    "YYSRTBZZ": "",
    "YYSRKCJE": "",
    "KCHYYSR": "",
    "KCHYYSRTBZZ": "",
    "JLRHJ": "",
    "JLRHJTBZZ": "",
    "JLR": "174068339.43",
    "JLRTBZZ": "",
    "FJCXSY": "-3349052.26",
    "KCFJYXSYHDJLR": "177417391.69",
    "KCFJYXSYHDJLRTBZZ": "",
    "PTGJLR": "",
    "PTGJLRTBZZ": "",
    "KCFJCXSYHPTGJLR": "",
    "KCFJCXSYHPTGJLRTBZZ": "",
    "JYXJLLJE": "200327698.77",
    "MGJYXJLLJE": "",
    "ZCZE": "2129558686.70",
    "GDQY": "1897036986.67",
    "MGJZCPL": "",
    "PTGMGJZC": "",
    "GJKJZEJLR": "",
    "GJKJZZJZC": ""
  }
]

【模块二】
[
  {
    "JZRQ": "2025-12-31",
    "JBMGSY": "0.63",
    "XSMGSY": "0.63",
    "JBMGSYKC": "0.56",
    "XSMGSYKC": "0.56",
    "PTGJZCSYLJQ": "7.31",
    "KCPTGJZCSYLJQ": "6.42"
  }
]

=== 603057-2026-04-17-紫燕食品-紫燕食品2025年年度报告.pdf ===
【模块一】
[
  {
    "JZRQ": "2025-12-31",
    "JBMGSY": "0.5714",
    "XSMGSY": "0.5714",
    "JBMGSYKC": "0.4760",
    "XSMGSYKC": "",
    "JLRJZCSYLJQ": "11.78",
    "KCHJLRJZCSYLJQ": "9.82",
    "PTGJZCSYLJQ": "",
    "KCPTGJZCSYLJQ": "",
    "YYZSR": "",
    "YYZSRTBZZ": "",
    "YYSR": "3238279371.28",
    "YYSRTBZZ": "-3.70",
    "YYSRKCJE": "",
    "KCHYYSR": "",
    "KCHYYSRTBZZ": "",
    "JLRHJ": "",
    "JLRHJTBZZ": "",
    "JLR": "236143820.42",
    "JLRTBZZ": "-31.84",
    "FJCXSY": "39310077.57",
    "KCFJYXSYHDJLR": "196833742.85",
    "KCFJYXSYHDJLRTBZZ": "-30.07",
    "PTGJLR": "",
    "PTGJLRTBZZ": "",
    "KCFJCXSYHPTGJLR": "",
    "KCFJCXSYHPTGJLRTBZZ": "",
    "JYXJLLJE": "248101739.20",
    "MGJYXJLLJE": "",
    "ZCZE": "3874712096.87",
    "GDQY": "2047784231.81",
    "MGJZCPL": "",
    "PTGMGJZC": "",
    "GJKJZEJLR": "",
    "GJKJZZJZC": ""
  },
  {
    "JZRQ": "2024-12-31",
    "JBMGSY": "0.8394",
    "XSMGSY": "0.8394",
    "JBMGSYKC": "0.6816",
    "XSMGSYKC": "",
    "JLRJZCSYLJQ": "17.05",
    "KCHJLRJZCSYLJQ": "13.85",
    "PTGJZCSYLJQ": "",
    "KCPTGJZCSYLJQ": "",
    "YYZSR": "",
    "YYZSRTBZZ": "",
    "YYSR": "3362837163.07",
    "YYSRTBZZ": "",
    "YYSRKCJE": "",
    "KCHYYSR": "",
    "KCHYYSRTBZZ": "",
    "JLRHJ": "",
    "JLRHJTBZZ": "",
    "JLR": "346479863.93",
    "JLRTBZZ": "",
    "FJCXSY": "64993241.39",
    "KCFJYXSYHDJLR": "281486622.54",
    "KCFJYXSYHDJLRTBZZ": "",
    "PTGJLR": "",
    "PTGJLRTBZZ": "",
    "KCFJCXSYHPTGJLR": "",
    "KCFJCXSYHPTGJLRTBZZ": "",
    "JYXJLLJE": "453737525.04",
    "MGJYXJLLJE": "",
    "ZCZE": "3332042159.51",
    "GDQY": "2003684904.00",
    "MGJZCPL": "",
    "PTGMGJZC": "",
    "GJKJZEJLR": "",
    "GJKJZZJZC": ""
  },
  {
    "JZRQ": "2023-12-31",
    "JBMGSY": "0.8048",
    "XSMGSY": "0.8048",
    "JBMGSYKC": "0.6746",
    "XSMGSYKC": "",
    "JLRJZCSYLJQ": "16.37",
    "KCHJLRJZCSYLJQ": "13.73",
    "PTGJZCSYLJQ": "",
    "KCPTGJZCSYLJQ": "",
    "YYZSR": "",
    "YYZSRTBZZ": "",
    "YYSR": "3550145485.90",
    "YYSRTBZZ": "",
    "YYSRKCJE": "",
    "KCHYYSR": "",
    "KCHYYSRTBZZ": "",
    "JLRHJ": "",
    "JLRHJTBZZ": "",
    "JLR": "331565082.55",
    "JLRTBZZ": "",
    "FJCXSY": "53630274.16",
    "KCFJYXSYHDJLR": "277934808.39",
    "KCFJYXSYHDJLRTBZZ": "",
    "PTGJLR": "",
    "PTGJLRTBZZ": "",
    "KCFJCXSYHPTGJLR": "",
    "KCFJCXSYHPTGJLRTBZZ": "",
    "JYXJLLJE": "554314790.47",
    "MGJYXJLLJE": "",
    "ZCZE": "2903392739.87",
    "GDQY": "2076575387.00",
    "MGJZCPL": "",
    "PTGMGJZC": "",
    "GJKJZEJLR": "",
    "GJKJZZJZC": ""
  }
]

【模块二】
[
  {
    "JZRQ": "2025-12-31",
    "JBMGSY": "0.5714",
    "XSMGSY": "0.5714",
    "JBMGSYKC": "0.4760",
    "XSMGSYKC": "0.4760",
    "PTGJZCSYLJQ": "11.78",
    "KCPTGJZCSYLJQ": "9.82"
  }
]

=== 603049-2026-04-17-中策橡胶-2025年年度报告.pdf ===
【模块一】
[
  {
    "JZRQ": "2025-12-31",
    "JBMGSY": "4.95",
    "XSMGSY": "4.95",
    "JBMGSYKC": "4.84",
    "XSMGSYKC": "",
    "JLRJZCSYLJQ": "19.32",
    "KCHJLRJZCSYLJQ": "18.90",
    "PTGJZCSYLJQ": "",
    "KCPTGJZCSYLJQ": "",
    "YYZSR": "",
    "YYZSRTBZZ": "",
    "YYSR": "44956230268.68",
    "YYSRTBZZ": "14.52",
    "YYSRKCJE": "",
    "KCHYYSR": "4058044181.54",
    "KCHYYSRTBZZ": "22.15",
    "JLRHJ": "",
    "JLRHJTBZZ": "",
    "JLR": "4147466448.15",
    "JLRTBZZ": "9.51",
    "FJCXSY": "89422266.61",
    "KCFJYXSYHDJLR": "4058044181.54",
    "KCFJYXSYHDJLRTBZZ": "22.15",
    "PTGJLR": "",
    "PTGJLRTBZZ": "",
    "KCFJCXSYHPTGJLR": "",
    "KCFJCXSYHPTGJLRTBZZ": "",
    "JYXJLLJE": "1903845317.34",
    "MGJYXJLLJE": "",
    "ZCZE": "52221061146.40",
    "GDQY": "24811363400.24",
    "MGJZCPL": "",
    "PTGMGJZC": "",
    "GJKJZEJLR": "",
    "GJKJZZJZC": ""
  },
  {
    "JZRQ": "2024-12-31",
    "JBMGSY": "4.81",
    "XSMGSY": "4.81",
    "JBMGSYKC": "4.22",
    "XSMGSYKC": "",
    "JLRJZCSYLJQ": "24.01",
    "KCHJLRJZCSYLJQ": "21.07",
    "PTGJZCSYLJQ": "",
    "KCPTGJZCSYLJQ": "",
    "YYZSR": "",
    "YYZSRTBZZ": "",
    "YYSR": "39254809858.23",
    "YYSRTBZZ": "",
    "YYSRKCJE": "",
    "KCHYYSR": "3322191612.31",
    "KCHYYSRTBZZ": "",
    "JLRHJ": "",
    "JLRHJTBZZ": "",
    "JLR": "3787170437.31",
    "JLRTBZZ": "",
    "FJCXSY": "464978825.00",
    "KCFJYXSYHDJLR": "3322191612.31",
    "KCFJYXSYHDJLRTBZZ": "",
    "PTGJLR": "",
    "PTGJLRTBZZ": "",
    "KCFJCXSYHPTGJLR": "",
    "KCFJCXSYHPTGJLRTBZZ": "",
    "JYXJLLJE": "3041257045.91",
    "MGJYXJLLJE": "",
    "ZCZE": "44824439295.79",
    "GDQY": "17476560764.59",
    "MGJZCPL": "",
    "PTGMGJZC": "",
    "GJKJZEJLR": "",
    "GJKJZZJZC": ""
  },
  {
    "JZRQ": "2023-12-31",
    "JBMGSY": "3.35",
    "XSMGSY": "3.35",
    "JBMGSYKC": "3.17",
    "XSMGSYKC": "",
    "JLRJZCSYLJQ": "20.43",
    "KCHJLRJZCSYLJQ": "19.35",
    "PTGJZCSYLJQ": "",
    "KCPTGJZCSYLJQ": "",
    "YYZSR": "",
    "YYZSRTBZZ": "",
    "YYSR": "35252254596.78",
    "YYSRTBZZ": "",
    "YYSRKCJE": "",
    "KCHYYSR": "2498292727.44",
    "KCHYYSRTBZZ": "",
    "JLRHJ": "",
    "JLRHJTBZZ": "",
    "JLR": "2637860145.54",
    "JLRTBZZ": "",
    "FJCXSY": "139567418.10",
    "KCFJYXSYHDJLR": "2498292727.44",
    "KCFJYXSYHDJLRTBZZ": "",
    "PTGJLR": "",
    "PTGJLRTBZZ": "",
    "KCFJCXSYHPTGJLR": "",
    "KCFJCXSYHPTGJLRTBZZ": "",
    "JYXJLLJE": "2606467006.61",
    "MGJYXJLLJE": "",
    "ZCZE": "39195680728.03",
    "GDQY": "14182322463.78",
    "MGJZCPL": "",
    "PTGMGJZC": "",
    "GJKJZEJLR": "",
    "GJKJZZJZC": ""
  }
]

【模块二】
[
  {
    "JZRQ": "2025-12-31",
    "JBMGSY": "4.95",
    "XSMGSY": "4.95",
    "JBMGSYKC": "4.84",
    "XSMGSYKC": "4.84",
    "PTGJZCSYLJQ": "19.32",
    "KCPTGJZCSYLJQ": "18.90"
  }
]

=== 603100-2026-04-17-川仪股份-川仪股份2025年年度报告.pdf ===
【模块一】
[
  {
    "JZRQ": "2025-12-31",
    "JBMGSY": "1.26",
    "XSMGSY": "1.26",
    "JBMGSYKC": "1.15",
    "XSMGSYKC": "",
    "JLRJZCSYLJQ": "14.13",
    "KCHJLRJZCSYLJQ": "12.89",
    "PTGJZCSYLJQ": "",
    "KCPTGJZCSYLJQ": "",
    "YYZSR": "",
    "YYZSRTBZZ": "",
    "YYSR": "6804947100",
    "YYSRTBZZ": "-10.36",
    "YYSRKCJE": "",
    "KCHYYSR": "",
    "KCHYYSRTBZZ": "",
    "JLRHJ": "",
    "JLRHJTBZZ": "",
    "JLR": "642546700",
    "JLRTBZZ": "-17.42",
    "FJCXSY": "56429700",
    "KCFJYXSYHDJLR": "586117000",
    "KCFJYXSYHDJLRTBZZ": "-8.79",
    "PTGJLR": "",
    "PTGJLRTBZZ": "",
    "KCFJCXSYHPTGJLR": "",
    "KCFJCXSYHPTGJLRTBZZ": "",
    "JYXJLLJE": "609706500",
    "MGJYXJLLJE": "",
    "ZCZE": "9283140500",
    "GDQY": "4686921300",
    "MGJZCPL": "",
    "PTGMGJZC": "",
    "GJKJZEJLR": "",
    "GJKJZZJZC": ""
  },
  {
    "JZRQ": "2024-12-31",
    "JBMGSY": "1.52",
    "XSMGSY": "1.52",
    "JBMGSYKC": "1.26",
    "XSMGSYKC": "",
    "JLRJZCSYLJQ": "18.59",
    "KCHJLRJZCSYLJQ": "15.35",
    "PTGJZCSYLJQ": "",
    "KCPTGJZCSYLJQ": "",
    "YYZSR": "",
    "YYZSRTBZZ": "",
    "YYSR": "7591750500",
    "YYSRTBZZ": "",
    "YYSRKCJE": "",
    "KCHYYSR": "",
    "KCHYYSRTBZZ": "",
    "JLRHJ": "",
    "JLRHJTBZZ": "",
    "JLR": "778051500",
    "JLRTBZZ": "",
    "FJCXSY": "135463100",
    "KCFJYXSYHDJLR": "642588400",
    "KCFJYXSYHDJLRTBZZ": "",
    "PTGJLR": "",
    "PTGJLRTBZZ": "",
    "KCFJCXSYHPTGJLR": "",
    "KCFJCXSYHPTGJLRTBZZ": "",
    "JYXJLLJE": "482719600",
    "MGJYXJLLJE": "",
    "ZCZE": "8409695000",
    "GDQY": "4312776100",
    "MGJZCPL": "",
    "PTGMGJZC": "",
    "GJKJZEJLR": "",
    "GJKJZZJZC": ""
  },
  {
    "JZRQ": "2023-12-31",
    "JBMGSY": "1.46",
    "XSMGSY": "1.46",
    "JBMGSYKC": "1.26",
    "XSMGSYKC": "",
    "JLRJZCSYLJQ": "20.42",
    "KCHJLRJZCSYLJQ": "17.71",
    "PTGJZCSYLJQ": "",
    "KCPTGJZCSYLJQ": "",
    "YYZSR": "",
    "YYZSRTBZZ": "",
    "YYSR": "7410843400",
    "YYSRTBZZ": "",
    "YYSRKCJE": "",
    "KCHYYSR": "",
    "KCHYYSRTBZZ": "",
    "JLRHJ": "",
    "JLRHJTBZZ": "",
    "JLR": "743829800",
    "JLRTBZZ": "",
    "FJCXSY": "98704900",
    "KCFJYXSYHDJLR": "645124900",
    "KCFJYXSYHDJLRTBZZ": "",
    "PTGJLR": "",
    "PTGJLRTBZZ": "",
    "KCFJCXSYHPTGJLR": "",
    "KCFJCXSYHPTGJLRTBZZ": "",
    "JYXJLLJE": "707889200",
    "MGJYXJLLJE": "",
    "ZCZE": "8319848700",
    "GDQY": "3955041400",
    "MGJZCPL": "",
    "PTGMGJZC": "",
    "GJKJZEJLR": "",
    "GJKJZZJZC": ""
  }
]

【模块二】
[
  {
    "JZRQ": "2025-12-31",
    "JBMGSY": "1.26",
    "XSMGSY": "1.26",
    "JBMGSYKC": "1.15",
    "XSMGSYKC": "1.15",
    "PTGJZCSYLJQ": "14.13",
    "KCPTGJZCSYLJQ": "12.89"
  }
]

=== 603225-2026-04-17-新凤鸣-2025年年度报告全文.pdf ===
【模块一】
[
  {
    "JZRQ": "2025-12-31",
    "JBMGSY": "0.69",
    "XSMGSY": "0.69",
    "JBMGSYKC": "0.60",
    "XSMGSYKC": "",
    "JLRJZCSYLJQ": "5.76",
    "KCHJLRJZCSYLJQ": "5.10",
    "PTGJZCSYLJQ": "",
    "KCPTGJZCSYLJQ": "",
    "YYZSR": "",
    "YYZSRTBZZ": "",
    "YYSR": "71556616631.23",
    "YYSRTBZZ": "6.66",
    "YYSRKCJE": "",
    "KCHYYSR": "",
    "KCHYYSRTBZZ": "",
    "JLRHJ": "",
    "JLRHJTBZZ": "",
    "JLR": "1018367110.83",
    "JLRTBZZ": "-7.42",
    "FJCXSY": "120784239.19",
    "KCFJYXSYHDJLR": "897582871.64",
    "KCFJYXSYHDJLRTBZZ": "-6.90",
    "PTGJLR": "",
    "PTGJLRTBZZ": "",
    "KCFJCXSYHPTGJLR": "",
    "KCFJCXSYHPTGJLRTBZZ": "",
    "JYXJLLJE": "4717003470.61",
    "MGJYXJLLJE": "",
    "ZCZE": "56774343638.24",
    "GDQY": "17969016679.31",
    "MGJZCPL": "",
    "PTGMGJZC": "",
    "GJKJZEJLR": "",
    "GJKJZZJZC": ""
  },
  {
    "JZRQ": "2024-12-31",
    "JBMGSY": "0.73",
    "XSMGSY": "0.73",
    "JBMGSYKC": "0.64",
    "XSMGSYKC": "",
    "JLRJZCSYLJQ": "6.43",
    "KCHJLRJZCSYLJQ": "5.66",
    "PTGJZCSYLJQ": "",
    "KCPTGJZCSYLJQ": "",
    "YYZSR": "",
    "YYZSRTBZZ": "",
    "YYSR": "67090551501.40",
    "YYSRTBZZ": "",
    "YYSRKCJE": "",
    "KCHYYSR": "",
    "KCHYYSRTBZZ": "",
    "JLRHJ": "",
    "JLRHJTBZZ": "",
    "JLR": "1099978207.04",
    "JLRTBZZ": "",
    "FJCXSY": "135894333.39",
    "KCFJYXSYHDJLR": "964083873.65",
    "KCFJYXSYHDJLRTBZZ": "",
    "PTGJLR": "",
    "PTGJLRTBZZ": "",
    "KCFJCXSYHPTGJLR": "",
    "KCFJCXSYHPTGJLRTBZZ": "",
    "JYXJLLJE": "6789777659.99",
    "MGJYXJLLJE": "",
    "ZCZE": "53211718865.12",
    "GDQY": "17356207918.74",
    "MGJZCPL": "",
    "PTGMGJZC": "",
    "GJKJZEJLR": "",
    "GJKJZZJZC": ""
  },
  {
    "JZRQ": "2023-12-31",
    "JBMGSY": "0.72",
    "XSMGSY": "0.72",
    "JBMGSYKC": "0.60",
    "XSMGSYKC": "",
    "JLRJZCSYLJQ": "6.68",
    "KCHJLRJZCSYLJQ": "5.54",
    "PTGJZCSYLJQ": "",
    "KCPTGJZCSYLJQ": "",
    "YYZSR": "",
    "YYZSRTBZZ": "",
    "YYSR": "61468601763.00",
    "YYSRTBZZ": "",
    "YYSRKCJE": "",
    "KCHYYSR": "",
    "KCHYYSRTBZZ": "",
    "JLRHJ": "",
    "JLRHJTBZZ": "",
    "JLR": "1086151356.07",
    "JLRTBZZ": "",
    "FJCXSY": "185523296.22",
    "KCFJYXSYHDJLR": "900628059.85",
    "KCFJYXSYHDJLRTBZZ": "",
    "PTGJLR": "",
    "PTGJLRTBZZ": "",
    "KCFJCXSYHPTGJLR": "",
    "KCFJCXSYHPTGJLRTBZZ": "",
    "JYXJLLJE": "3659345623.63",
    "MGJYXJLLJE": "",
    "ZCZE": "45143622311.13",
    "GDQY": "16798662404.41",
    "MGJZCPL": "",
    "PTGMGJZC": "",
    "GJKJZEJLR": "",
    "GJKJZZJZC": ""
  }
]

【模块二】
[
  {
    "JZRQ": "2025-12-31",
    "JBMGSY": "0.69",
    "XSMGSY": "0.69",
    "JBMGSYKC": "0.60",
    "XSMGSYKC": "0.60",
    "PTGJZCSYLJQ": "5.76",
    "KCPTGJZCSYLJQ": "5.10"
  }
]

=== 603138-2026-04-17-海量数据-海量数据2025年年度报告.pdf ===
【模块一】
[
  {
    "JZRQ": "2025-12-31",
    "JBMGSY": "-0.17",
    "XSMGSY": "-0.16",
    "JBMGSYKC": "-0.19",
    "XSMGSYKC": "",
    "JLRJZCSYLJQ": "-5.79",
    "KCHJLRJZCSYLJQ": "-6.62",
    "PTGJZCSYLJQ": "",
    "KCPTGJZCSYLJQ": "",
    "YYZSR": "",
    "YYZSRTBZZ": "",
    "YYSR": "512037145.77",
    "YYSRTBZZ": "37.47",
    "YYSRKCJE": "",
    "KCHYYSR": "510623482.65",
    "KCHYYSRTBZZ": "38.05",
    "JLRHJ": "",
    "JLRHJTBZZ": "",
    "JLR": "-47234355.73",
    "JLRTBZZ": "",
    "FJCXSY": "6718901.62",
    "KCFJYXSYHDJLR": "-53953257.35",
    "KCFJYXSYHDJLRTBZZ": "",
    "PTGJLR": "",
    "PTGJLRTBZZ": "",
    "KCFJCXSYHPTGJLR": "",
    "KCFJCXSYHPTGJLRTBZZ": "",
    "JYXJLLJE": "43455294.43",
    "MGJYXJLLJE": "",
    "ZCZE": "1247974293.94",
    "GDQY": "845756983.10",
    "MGJZCPL": "",
    "PTGMGJZC": "",
    "GJKJZEJLR": "",
    "GJKJZZJZC": ""
  },
  {
    "JZRQ": "2024-12-31",
    "JBMGSY": "-0.22",
    "XSMGSY": "-0.22",
    "JBMGSYKC": "-0.27",
    "XSMGSYKC": "",
    "JLRJZCSYLJQ": "-7.72",
    "KCHJLRJZCSYLJQ": "-9.17",
    "PTGJZCSYLJQ": "",
    "KCPTGJZCSYLJQ": "",
    "YYZSR": "",
    "YYZSRTBZZ": "",
    "YYSR": "372473893.27",
    "YYSRTBZZ": "",
    "YYSRKCJE": "",
    "KCHYYSR": "369872692.12",
    "KCHYYSRTBZZ": "",
    "JLRHJ": "",
    "JLRHJTBZZ": "",
    "JLR": "-63327031.09",
    "JLRTBZZ": "",
    "FJCXSY": "11888930.08",
    "KCFJYXSYHDJLR": "-75215961.17",
    "KCFJYXSYHDJLRTBZZ": "",
    "PTGJLR": "",
    "PTGJLRTBZZ": "",
    "KCFJCXSYHPTGJLR": "",
    "KCFJCXSYHPTGJLRTBZZ": "",
    "JYXJLLJE": "27712915.10",
    "MGJYXJLLJE": "",
    "ZCZE": "1056120056.01",
    "GDQY": "816079979.23",
    "MGJZCPL": "",
    "PTGMGJZC": "",
    "GJKJZEJLR": "",
    "GJKJZZJZC": ""
  },
  {
    "JZRQ": "2023-12-31",
    "JBMGSY": "-0.29",
    "XSMGSY": "-0.29",
    "JBMGSYKC": "-0.35",
    "XSMGSYKC": "",
    "JLRJZCSYLJQ": "-9.50",
    "KCHJLRJZCSYLJQ": "-11.46",
    "PTGJZCSYLJQ": "",
    "KCPTGJZCSYLJQ": "",
    "YYZSR": "",
    "YYZSRTBZZ": "",
    "YYSR": "261832119.03",
    "YYSRTBZZ": "",
    "YYSRKCJE": "",
    "KCHYYSR": "259751424.87",
    "KCHYYSRTBZZ": "",
    "JLRHJ": "",
    "JLRHJTBZZ": "",
    "JLR": "-81182664.84",
    "JLRTBZZ": "",
    "FJCXSY": "16810812.49",
    "KCFJYXSYHDJLR": "-97993477.33",
    "KCFJYXSYHDJLRTBZZ": "",
    "PTGJLR": "",
    "PTGJLRTBZZ": "",
    "KCFJCXSYHPTGJLR": "",
    "KCFJCXSYHPTGJLRTBZZ": "",
    "JYXJLLJE": "-69301638.10",
    "MGJYXJLLJE": "",
    "ZCZE": "909805428.07",
    "GDQY": "820853414.02",
    "MGJZCPL": "",
    "PTGMGJZC": "",
    "GJKJZEJLR": "",
    "GJKJZZJZC": ""
  }
]

【模块二】
[
  {
    "JZRQ": "2025-12-31",
    "JBMGSY": "-0.17",
    "XSMGSY": "-0.16",
    "JBMGSYKC": "-0.19",
    "XSMGSYKC": "-0.18",
    "PTGJZCSYLJQ": "-5.79",
    "KCPTGJZCSYLJQ": "-6.62"
  }
]

=== 603260-2026-04-17-合盛硅业-合盛硅业2025年年度报告.pdf ===
【模块一】
[
  {
    "JZRQ": "2025-12-31",
    "JBMGSY": "-2.55",
    "XSMGSY": "-2.55",
    "JBMGSYKC": "-2.66",
    "XSMGSYKC": "",
    "JLRJZCSYLJQ": "-9.63",
    "KCHJLRJZCSYLJQ": "-10.02",
    "PTGJZCSYLJQ": "",
    "KCPTGJZCSYLJQ": "",
    "YYZSR": "",
    "YYZSRTBZZ": "",
    "YYSR": "20498545487.94",
    "YYSRTBZZ": "-23.20",
    "YYSRKCJE": "",
    "KCHYYSR": "20244103272.96",
    "KCHYYSRTBZZ": "-23.66",
    "JLRHJ": "",
    "JLRHJTBZZ": "",
    "JLR": "-2990853048.26",
    "JLRTBZZ": "-271.84",
    "FJCXSY": "122040875.18",
    "KCFJYXSYHDJLR": "-3112893923.44",
    "KCFJYXSYHDJLRTBZZ": "-302.07",
    "PTGJLR": "",
    "PTGJLRTBZZ": "",
    "KCFJCXSYHPTGJLR": "",
    "KCFJCXSYHPTGJLRTBZZ": "",
    "JYXJLLJE": "4013070908.38",
    "MGJYXJLLJE": "",
    "ZCZE": "83606668256.61",
    "GDQY": "29248564860.69",
    "MGJZCPL": "",
    "PTGMGJZC": "",
    "GJKJZEJLR": "",
    "GJKJZZJZC": ""
  },
  {
    "JZRQ": "2024-12-31",
    "JBMGSY": "1.48",
    "XSMGSY": "1.48",
    "JBMGSYKC": "1.31",
    "XSMGSYKC": "",
    "JLRJZCSYLJQ": "5.35",
    "KCHJLRJZCSYLJQ": "4.74",
    "PTGJZCSYLJQ": "",
    "KCPTGJZCSYLJQ": "",
    "YYZSR": "",
    "YYZSRTBZZ": "",
    "YYSR": "26692250312.09",
    "YYSRTBZZ": "",
    "YYSRKCJE": "",
    "KCHYYSR": "26519623135.67",
    "KCHYYSRTBZZ": "",
    "JLRHJ": "",
    "JLRHJTBZZ": "",
    "JLR": "1740476559.55",
    "JLRTBZZ": "",
    "FJCXSY": "200003782.42",
    "KCFJYXSYHDJLR": "1540472777.13",
    "KCFJYXSYHDJLRTBZZ": "",
    "PTGJLR": "",
    "PTGJLRTBZZ": "",
    "KCFJCXSYHPTGJLR": "",
    "KCFJCXSYHPTGJLRTBZZ": "",
    "JYXJLLJE": "4517062875.07",
    "MGJYXJLLJE": "",
    "ZCZE": "90773438669.86",
    "GDQY": "32851058082.20",
    "MGJZCPL": "",
    "PTGMGJZC": "",
    "GJKJZEJLR": "",
    "GJKJZZJZC": ""
  },
  {
    "JZRQ": "2023-12-31",
    "JBMGSY": "2.24",
    "XSMGSY": "2.24",
    "JBMGSYKC": "1.86",
    "XSMGSYKC": "",
    "JLRJZCSYLJQ": "8.47",
    "KCHJLRJZCSYLJQ": "7.06",
    "PTGJZCSYLJQ": "",
    "KCPTGJZCSYLJQ": "",
    "YYZSR": "",
    "YYZSRTBZZ": "",
    "YYSR": "26583562971.87",
    "YYSRTBZZ": "",
    "YYSRKCJE": "",
    "KCHYYSR": "26352470561.24",
    "KCHYYSRTBZZ": "",
    "JLRHJ": "",
    "JLRHJTBZZ": "",
    "JLR": "2622830701.82",
    "JLRTBZZ": "",
    "FJCXSY": "435151763.52",
    "KCFJYXSYHDJLR": "2187678938.30",
    "KCFJYXSYHDJLRTBZZ": "",
    "PTGJLR": "",
    "PTGJLRTBZZ": "",
    "KCFJCXSYHPTGJLR": "",
    "KCFJCXSYHPTGJLRTBZZ": "",
    "JYXJLLJE": "-790203065.16",
    "MGJYXJLLJE": "",
    "ZCZE": "83344046933.95",
    "GDQY": "32406134238.54",
    "MGJZCPL": "",
    "PTGMGJZC": "",
    "GJKJZEJLR": "",
    "GJKJZZJZC": ""
  }
]

【模块二】
[
  {
    "JZRQ": "2025-12-31",
    "JBMGSY": "-2.55",
    "XSMGSY": "-2.55",
    "JBMGSYKC": "-2.66",
    "XSMGSYKC": "-2.66",
    "PTGJZCSYLJQ": "-9.63",
    "KCPTGJZCSYLJQ": "-10.02"
  }
]

=== 603320-2026-04-17-迪贝电气-2025年年度报告.pdf ===
【模块一】
[
  {
    "JZRQ": "2025-12-31",
    "JBMGSY": "0.55",
    "XSMGSY": "0.55",
    "JBMGSYKC": "0.52",
    "XSMGSYKC": "",
    "JLRJZCSYLJQ": "7.20",
    "KCHJLRJZCSYLJQ": "6.86",
    "PTGJZCSYLJQ": "",
    "KCPTGJZCSYLJQ": "",
    "YYZSR": "",
    "YYZSRTBZZ": "",
    "YYSR": "983304020.26",
    "YYSRTBZZ": "-6.95",
    "YYSRKCJE": "",
    "KCHYYSR": "",
    "KCHYYSRTBZZ": "",
    "JLRHJ": "",
    "JLRHJTBZZ": "",
    "JLR": "80546072.62",
    "JLRTBZZ": "20.88",
    "FJCXSY": "3858770.64",
    "KCFJYXSYHDJLR": "76687301.98",
    "KCFJYXSYHDJLRTBZZ": "16.69",
    "PTGJLR": "",
    "PTGJLRTBZZ": "",
    "KCFJCXSYHPTGJLR": "",
    "KCFJCXSYHPTGJLRTBZZ": "",
    "JYXJLLJE": "110055686.15",
    "MGJYXJLLJE": "",
    "ZCZE": "1423416788.31",
    "GDQY": "1180149085.32",
    "MGJZCPL": "",
    "PTGMGJZC": "",
    "GJKJZEJLR": "",
    "GJKJZZJZC": ""
  },
  {
    "JZRQ": "2024-12-31",
    "JBMGSY": "0.51",
    "XSMGSY": "0.51",
    "JBMGSYKC": "0.50",
    "XSMGSYKC": "",
    "JLRJZCSYLJQ": "8.10",
    "KCHJLRJZCSYLJQ": "7.99",
    "PTGJZCSYLJQ": "",
    "KCPTGJZCSYLJQ": "",
    "YYZSR": "",
    "YYZSRTBZZ": "",
    "YYSR": "1056772378.31",
    "YYSRTBZZ": "",
    "YYSRKCJE": "",
    "KCHYYSR": "",
    "KCHYYSRTBZZ": "",
    "JLRHJ": "",
    "JLRHJTBZZ": "",
    "JLR": "66630994.67",
    "JLRTBZZ": "",
    "FJCXSY": "914704.10",
    "KCFJYXSYHDJLR": "65716290.57",
    "KCFJYXSYHDJLRTBZZ": "",
    "PTGJLR": "",
    "PTGJLRTBZZ": "",
    "KCFJCXSYHPTGJLR": "",
    "KCFJCXSYHPTGJLRTBZZ": "",
    "JYXJLLJE": "108085935.11",
    "MGJYXJLLJE": "",
    "ZCZE": "1396620535.21",
    "GDQY": "925862482.37",
    "MGJZCPL": "",
    "PTGMGJZC": "",
    "GJKJZEJLR": "",
    "GJKJZZJZC": ""
  },
  {
    "JZRQ": "2023-12-31",
    "JBMGSY": "0.32",
    "XSMGSY": "0.32",
    "JBMGSYKC": "",
    "XSMGSYKC": "",
    "JLRJZCSYLJQ": "5.43",
    "KCHJLRJZCSYLJQ": "4.44",
    "PTGJZCSYLJQ": "",
    "KCPTGJZCSYLJQ": "",
    "YYZSR": "",
    "YYZSRTBZZ": "",
    "YYSR": "930021757.91",
    "YYSRTBZZ": "",
    "YYSRKCJE": "",
    "KCHYYSR": "",
    "KCHYYSRTBZZ": "",
    "JLRHJ": "",
    "JLRHJTBZZ": "",
    "JLR": "41540340.74",
    "JLRTBZZ": "",
    "FJCXSY": "7591591.04",
    "KCFJYXSYHDJLR": "33948749.70",
    "KCFJYXSYHDJLRTBZZ": "",
    "PTGJLR": "",
    "PTGJLRTBZZ": "",
    "KCFJCXSYHPTGJLR": "",
    "KCFJCXSYHPTGJLRTBZZ": "",
    "JYXJLLJE": "64655693.26",
    "MGJYXJLLJE": "",
    "ZCZE": "1297599021.58",
    "GDQY": "823576299.07",
    "MGJZCPL": "",
    "PTGMGJZC": "",
    "GJKJZEJLR": "",
    "GJKJZZJZC": ""
  }
]

【模块二】
[
  {
    "JZRQ": "2025-12-31",
    "JBMGSY": "0.55",
    "XSMGSY": "0.55",
    "JBMGSYKC": "0.52",
    "XSMGSYKC": "0.52",
    "PTGJZCSYLJQ": "7.20",
    "KCPTGJZCSYLJQ": "6.86"
  }
]

=== 603338-2026-04-17-浙江鼎力-浙江鼎力机械股份有限公司2025年年度报告.pdf ===
【模块一】
[
  {
    "JZRQ": "2025-12-31",
    "JBMGSY": "3.75",
    "XSMGSY": "3.75",
    "JBMGSYKC": "3.60",
    "XSMGSYKC": "",
    "JLRJZCSYLJQ": "17.78",
    "KCHJLRJZCSYLJQ": "17.09",
    "PTGJZCSYLJQ": "",
    "KCPTGJZCSYLJQ": "",
    "YYZSR": "",
    "YYZSRTBZZ": "",
    "YYSR": "8575480546.36",
    "YYSRTBZZ": "9.96",
    "YYSRKCJE": "",
    "KCHYYSR": "",
    "KCHYYSRTBZZ": "",
    "JLRHJ": "",
    "JLRHJTBZZ": "",
    "JLR": "1899204197.29",
    "JLRTBZZ": "16.60",
    "FJCXSY": "74597102.26",
    "KCFJYXSYHDJLR": "1824607095.03",
    "KCFJYXSYHDJLRTBZZ": "11.36",
    "PTGJLR": "",
    "PTGJLRTBZZ": "",
    "KCFJCXSYHPTGJLR": "",
    "KCFJCXSYHPTGJLRTBZZ": "",
    "JYXJLLJE": "1312489814.95",
    "MGJYXJLLJE": "",
    "ZCZE": "17353958900.29",
    "GDQY": "11406563717.33",
    "MGJZCPL": "",
    "PTGMGJZC": "",
    "GJKJZEJLR": "",
    "GJKJZZJZC": ""
  },
  {
    "JZRQ": "2024-12-31",
    "JBMGSY": "3.22",
    "XSMGSY": "3.22",
    "JBMGSYKC": "3.24",
    "XSMGSYKC": "",
    "JLRJZCSYLJQ": "17.21",
    "KCHJLRJZCSYLJQ": "17.31",
    "PTGJZCSYLJQ": "",
    "KCPTGJZCSYLJQ": "",
    "YYZSR": "",
    "YYZSRTBZZ": "",
    "YYSR": "7798913979.04",
    "YYSRTBZZ": "",
    "YYSRKCJE": "",
    "KCHYYSR": "",
    "KCHYYSRTBZZ": "",
    "JLRHJ": "",
    "JLRHJTBZZ": "",
    "JLR": "1628805154.01",
    "JLRTBZZ": "",
    "FJCXSY": "-9683053.23",
    "KCFJYXSYHDJLR": "1638488207.24",
    "KCFJYXSYHDJLRTBZZ": "",
    "PTGJLR": "",
    "PTGJLRTBZZ": "",
    "KCFJCXSYHPTGJLR": "",
    "KCFJCXSYHPTGJLRTBZZ": "",
    "JYXJLLJE": "1916547999.11",
    "MGJYXJLLJE": "",
    "ZCZE": "15353846792.64",
    "GDQY": "10035295812.29",
    "MGJZCPL": "",
    "PTGMGJZC": "",
    "GJKJZEJLR": "",
    "GJKJZZJZC": ""
  },
  {
    "JZRQ": "2023-12-31",
    "JBMGSY": "3.69",
    "XSMGSY": "3.69",
    "JBMGSYKC": "3.57",
    "XSMGSYKC": "",
    "JLRJZCSYLJQ": "23.36",
    "KCHJLRJZCSYLJQ": "22.61",
    "PTGJZCSYLJQ": "",
    "KCPTGJZCSYLJQ": "",
    "YYZSR": "",
    "YYZSRTBZZ": "",
    "YYSR": "6311963849.93",
    "YYSRTBZZ": "",
    "YYSRKCJE": "",
    "KCHYYSR": "",
    "KCHYYSRTBZZ": "",
    "JLRHJ": "",
    "JLRHJTBZZ": "",
    "JLR": "1867145468.85",
    "JLRTBZZ": "",
    "FJCXSY": "59432487.20",
    "KCFJYXSYHDJLR": "1807712981.65",
    "KCFJYXSYHDJLRTBZZ": "",
    "PTGJLR": "",
    "PTGJLRTBZZ": "",
    "KCFJCXSYHPTGJLR": "",
    "KCFJCXSYHPTGJLRTBZZ": "",
    "JYXJLLJE": "2227397039.34",
    "MGJYXJLLJE": "",
    "ZCZE": "14207301141.89",
    "GDQY": "8965233890.65",
    "MGJZCPL": "",
    "PTGMGJZC": "",
    "GJKJZEJLR": "",
    "GJKJZZJZC": ""
  }
]

【模块二】
[
  {
    "JZRQ": "2025-12-31",
    "JBMGSY": "3.75",
    "XSMGSY": "3.75",
    "JBMGSYKC": "3.60",
    "XSMGSYKC": "3.60",
    "PTGJZCSYLJQ": "17.78",
    "KCPTGJZCSYLJQ": "17.09"
  }
]

=== 603416-2026-04-17-信捷电气-无锡信捷电气股份有限公司2025年度报告.pdf ===
【模块一】
[
  {
    "JZRQ": "2025-12-31",
    "JBMGSY": "1.68",
    "XSMGSY": "1.68",
    "JBMGSYKC": "1.56",
    "XSMGSYKC": "",
    "JLRJZCSYLJQ": "9.88",
    "KCHJLRJZCSYLJQ": "9.18",
    "PTGJZCSYLJQ": "",
    "KCPTGJZCSYLJQ": "",
    "YYZSR": "",
    "YYZSRTBZZ": "",
    "YYSR": "2013585833.71",
    "YYSRTBZZ": "17.87",
    "YYSRKCJE": "",
    "KCHYYSR": "",
    "KCHYYSRTBZZ": "",
    "JLRHJ": "",
    "JLRHJTBZZ": "",
    "JLR": "254166282.87",
    "JLRTBZZ": "11.21",
    "FJCXSY": "18045795.52",
    "KCFJYXSYHDJLR": "236120487.35",
    "KCFJYXSYHDJLRTBZZ": "16.40",
    "PTGJLR": "",
    "PTGJLRTBZZ": "",
    "KCFJCXSYHPTGJLR": "",
    "KCFJCXSYHPTGJLRTBZZ": "",
    "JYXJLLJE": "92796960.04",
    "MGJYXJLLJE": "",
    "ZCZE": "3730747537.40",
    "GDQY": "2712031344.35",
    "MGJZCPL": "",
    "PTGMGJZC": "",
    "GJKJZEJLR": "",
    "GJKJZZJZC": ""
  },
  {
    "JZRQ": "2024-12-31",
    "JBMGSY": "1.64",
    "XSMGSY": "1.64",
    "JBMGSYKC": "1.45",
    "XSMGSYKC": "",
    "JLRJZCSYLJQ": "10.36",
    "KCHJLRJZCSYLJQ": "9.20",
    "PTGJZCSYLJQ": "",
    "KCPTGJZCSYLJQ": "",
    "YYZSR": "",
    "YYZSRTBZZ": "",
    "YYSR": "1708273087.39",
    "YYSRTBZZ": "",
    "YYSRKCJE": "",
    "KCHYYSR": "",
    "KCHYYSRTBZZ": "",
    "JLRHJ": "",
    "JLRHJTBZZ": "",
    "JLR": "228551886.89",
    "JLRTBZZ": "",
    "FJCXSY": "25694489.28",
    "KCFJYXSYHDJLR": "202857397.61",
    "KCFJYXSYHDJLRTBZZ": "",
    "PTGJLR": "",
    "PTGJLRTBZZ": "",
    "KCFJCXSYHPTGJLR": "",
    "KCFJCXSYHPTGJLRTBZZ": "",
    "JYXJLLJE": "127705927.85",
    "MGJYXJLLJE": "",
    "ZCZE": "3215802610.15",
    "GDQY": "2296978071.07",
    "MGJZCPL": "",
    "PTGMGJZC": "",
    "GJKJZEJLR": "",
    "GJKJZZJZC": ""
  },
  {
    "JZRQ": "2023-12-31",
    "JBMGSY": "1.42",
    "XSMGSY": "1.42",
    "JBMGSYKC": "1.15",
    "XSMGSYKC": "",
    "JLRJZCSYLJQ": "9.72",
    "KCHJLRJZCSYLJQ": "7.87",
    "PTGJZCSYLJQ": "",
    "KCPTGJZCSYLJQ": "",
    "YYZSR": "",
    "YYZSRTBZZ": "",
    "YYSR": "1505050809.79",
    "YYSRTBZZ": "",
    "YYSRKCJE": "",
    "KCHYYSR": "",
    "KCHYYSRTBZZ": "",
    "JLRHJ": "",
    "JLRHJTBZZ": "",
    "JLR": "199016714.22",
    "JLRTBZZ": "",
    "FJCXSY": "37762888.56",
    "KCFJYXSYHDJLR": "161253825.66",
    "KCFJYXSYHDJLRTBZZ": "",
    "PTGJLR": "",
    "PTGJLRTBZZ": "",
    "KCFJCXSYHPTGJLR": "",
    "KCFJCXSYHPTGJLRTBZZ": "",
    "JYXJLLJE": "197905973.05",
    "MGJYXJLLJE": "",
    "ZCZE": "2880365470.61",
    "GDQY": "2135179855.32",
    "MGJZCPL": "",
    "PTGMGJZC": "",
    "GJKJZEJLR": "",
    "GJKJZZJZC": ""
  }
]

【模块二】
[
  {
    "JZRQ": "2025-12-31",
    "JBMGSY": "1.68",
    "XSMGSY": "1.68",
    "JBMGSYKC": "1.56",
    "XSMGSYKC": "1.56",
    "PTGJZCSYLJQ": "9.88",
    "KCPTGJZCSYLJQ": "9.18"
  }
]

=== 603496-2026-04-17-恒为科技-2025年年度报告.pdf ===
【模块一】
[
  {
    "JZRQ": "2025-12-31",
    "JBMGSY": "0.1091",
    "XSMGSY": "0.1091",
    "JBMGSYKC": "0.0927",
    "XSMGSYKC": "",
    "JLRJZCSYLJQ": "2.54",
    "KCHJLRJZCSYLJQ": "2.16",
    "PTGJZCSYLJQ": "",
    "KCPTGJZCSYLJQ": "",
    "YYZSR": "",
    "YYZSRTBZZ": "",
    "YYSR": "1046687371.61",
    "YYSRTBZZ": "-6.31",
    "YYSRKCJE": "",
    "KCHYYSR": "",
    "KCHYYSRTBZZ": "",
    "JLRHJ": "",
    "JLRHJTBZZ": "",
    "JLR": "34938035.45",
    "JLRTBZZ": "30.13",
    "FJCXSY": "5245043.95",
    "KCFJYXSYHDJLR": "29692991.50",
    "KCFJYXSYHDJLRTBZZ": "33.37",
    "PTGJLR": "",
    "PTGJLRTBZZ": "",
    "KCFJCXSYHPTGJLR": "",
    "KCFJCXSYHPTGJLRTBZZ": "",
    "JYXJLLJE": "154990667.79",
    "MGJYXJLLJE": "",
    "ZCZE": "1803302828.36",
    "GDQY": "1388871175.78",
    "MGJZCPL": "",
    "PTGMGJZC": "",
    "GJKJZEJLR": "",
    "GJKJZZJZC": ""
  },
  {
    "JZRQ": "2024-12-31",
    "JBMGSY": "0.0838",
    "XSMGSY": "0.0838",
    "JBMGSYKC": "0.0695",
    "XSMGSYKC": "",
    "JLRJZCSYLJQ": "1.98",
    "KCHJLRJZCSYLJQ": "1.64",
    "PTGJZCSYLJQ": "",
    "KCPTGJZCSYLJQ": "",
    "YYZSR": "",
    "YYZSRTBZZ": "",
    "YYSR": "1117212435.07",
    "YYSRTBZZ": "",
    "YYSRKCJE": "",
    "KCHYYSR": "",
    "KCHYYSRTBZZ": "",
    "JLRHJ": "",
    "JLRHJTBZZ": "",
    "JLR": "26849070.47",
    "JLRTBZZ": "",
    "FJCXSY": "4585944.48",
    "KCFJYXSYHDJLR": "22263125.99",
    "KCFJYXSYHDJLRTBZZ": "",
    "PTGJLR": "",
    "PTGJLRTBZZ": "",
    "KCFJCXSYHPTGJLR": "",
    "KCFJCXSYHPTGJLRTBZZ": "",
    "JYXJLLJE": "2476349.21",
    "MGJYXJLLJE": "",
    "ZCZE": "2006250347.78",
    "GDQY": "1360648535.07",
    "MGJZCPL": "",
    "PTGMGJZC": "",
    "GJKJZEJLR": "",
    "GJKJZZJZC": ""
  },
  {
    "JZRQ": "2023-12-31",
    "JBMGSY": "0.2525",
    "XSMGSY": "0.2525",
    "JBMGSYKC": "0.2107",
    "XSMGSYKC": "",
    "JLRJZCSYLJQ": "6.01",
    "KCHJLRJZCSYLJQ": "5.02",
    "PTGJZCSYLJQ": "",
    "KCPTGJZCSYLJQ": "",
    "YYZSR": "",
    "YYZSRTBZZ": "",
    "YYSR": "771416211.07",
    "YYSRTBZZ": "",
    "YYSRKCJE": "",
    "KCHYYSR": "",
    "KCHYYSRTBZZ": "",
    "JLRHJ": "",
    "JLRHJTBZZ": "",
    "JLR": "78783542.16",
    "JLRTBZZ": "",
    "FJCXSY": "13054386.67",
    "KCFJYXSYHDJLR": "65729155.49",
    "KCFJYXSYHDJLRTBZZ": "",
    "PTGJLR": "",
    "PTGJLRTBZZ": "",
    "KCFJCXSYHPTGJLR": "",
    "KCFJCXSYHPTGJLRTBZZ": "",
    "JYXJLLJE": "69943456.15",
    "MGJYXJLLJE": "",
    "ZCZE": "2440410084.55",
    "GDQY": "1353841360.91",
    "MGJZCPL": "",
    "PTGMGJZC": "",
    "GJKJZEJLR": "",
    "GJKJZZJZC": ""
  }
]

【模块二】
[
  {
    "JZRQ": "2025-12-31",
    "JBMGSY": "0.1091",
    "XSMGSY": "0.1091",
    "JBMGSYKC": "0.0927",
    "XSMGSYKC": "0.0927",
    "PTGJZCSYLJQ": "2.54",
    "KCPTGJZCSYLJQ": "2.16"
  }
]

=== 603530-2026-04-17-神马电力-神马电力2025年年度报告.pdf ===
【模块一】
[
  {
    "JZRQ": "2025-12-31",
    "JBMGSY": "1.02",
    "XSMGSY": "1.02",
    "JBMGSYKC": "0.99",
    "XSMGSYKC": "",
    "JLRJZCSYLJQ": "24.28",
    "KCHJLRJZCSYLJQ": "23.59",
    "PTGJZCSYLJQ": "",
    "KCPTGJZCSYLJQ": "",
    "YYZSR": "",
    "YYZSRTBZZ": "",
    "YYSR": "1720699065.46",
    "YYSRTBZZ": "27.94",
    "YYSRKCJE": "",
    "KCHYYSR": "1720699065.46",
    "KCHYYSRTBZZ": "",
    "JLRHJ": "",
    "JLRHJTBZZ": "",
    "JLR": "431677328.93",
    "JLRTBZZ": "38.92",
    "FJCXSY": "12220337.46",
    "KCFJYXSYHDJLR": "419456991.47",
    "KCFJYXSYHDJLRTBZZ": "38.75",
    "PTGJLR": "",
    "PTGJLRTBZZ": "",
    "KCFJCXSYHPTGJLR": "",
    "KCFJCXSYHPTGJLRTBZZ": "",
    "JYXJLLJE": "117220972.18",
    "MGJYXJLLJE": "",
    "ZCZE": "2634995084.73",
    "GDQY": "1795990208.56",
    "MGJZCPL": "",
    "PTGMGJZC": "",
    "GJKJZEJLR": "",
    "GJKJZZJZC": ""
  },
  {
    "JZRQ": "2024-12-31",
    "JBMGSY": "0.73",
    "XSMGSY": "0.73",
    "JBMGSYKC": "0.71",
    "XSMGSYKC": "",
    "JLRJZCSYLJQ": "18.63",
    "KCHJLRJZCSYLJQ": "18.13",
    "PTGJZCSYLJQ": "",
    "KCPTGJZCSYLJQ": "",
    "YYZSR": "",
    "YYZSRTBZZ": "",
    "YYSR": "1344891099.58",
    "YYSRTBZZ": "",
    "YYSRKCJE": "",
    "KCHYYSR": "1344891099.58",
    "KCHYYSRTBZZ": "",
    "JLRHJ": "",
    "JLRHJTBZZ": "",
    "JLR": "310729661.62",
    "JLRTBZZ": "",
    "FJCXSY": "8412062.06",
    "KCFJYXSYHDJLR": "302317599.56",
    "KCFJYXSYHDJLRTBZZ": "",
    "PTGJLR": "",
    "PTGJLRTBZZ": "",
    "KCFJCXSYHPTGJLR": "",
    "KCFJCXSYHPTGJLRTBZZ": "",
    "JYXJLLJE": "160126038.25",
    "MGJYXJLLJE": "",
    "ZCZE": "2477286638.13",
    "GDQY": "1777070655.13",
    "MGJZCPL": "",
    "PTGMGJZC": "",
    "GJKJZEJLR": "",
    "GJKJZZJZC": ""
  },
  {
    "JZRQ": "2023-12-31",
    "JBMGSY": "0.37",
    "XSMGSY": "0.37",
    "JBMGSYKC": "0.35",
    "XSMGSYKC": "",
    "JLRJZCSYLJQ": "9.57",
    "KCHJLRJZCSYLJQ": "9.03",
    "PTGJZCSYLJQ": "",
    "KCPTGJZCSYLJQ": "",
    "YYZSR": "",
    "YYZSRTBZZ": "",
    "YYSR": "959102384.62",
    "YYSRTBZZ": "",
    "YYSRKCJE": "",
    "KCHYYSR": "959102384.62",
    "KCHYYSRTBZZ": "",
    "JLRHJ": "",
    "JLRHJTBZZ": "",
    "JLR": "158399591.18",
    "JLRTBZZ": "",
    "FJCXSY": "8864252.71",
    "KCFJYXSYHDJLR": "149535338.47",
    "KCFJYXSYHDJLRTBZZ": "",
    "PTGJLR": "",
    "PTGJLRTBZZ": "",
    "KCFJCXSYHPTGJLR": "",
    "KCFJCXSYHPTGJLRTBZZ": "",
    "JYXJLLJE": "103951070.95",
    "MGJYXJLLJE": "",
    "ZCZE": "2023582879.86",
    "GDQY": "1647826485.68",
    "MGJZCPL": "",
    "PTGMGJZC": "",
    "GJKJZEJLR": "",
    "GJKJZZJZC": ""
  }
]

【模块二】
[
  {
    "JZRQ": "2025-12-31",
    "JBMGSY": "1.02",
    "XSMGSY": "1.02",
    "JBMGSYKC": "0.99",
    "XSMGSYKC": "0.99",
    "PTGJZCSYLJQ": "24.28",
    "KCPTGJZCSYLJQ": "23.59"
  }
]

=== 603637-2026-04-17-镇海股份-镇海石化工程股份有限公司2025年年度报告.pdf ===
【模块一】
[
  {
    "JZRQ": "2025-12-31",
    "JBMGSY": "0.28",
    "XSMGSY": "0.28",
    "JBMGSYKC": "",
    "XSMGSYKC": "",
    "JLRJZCSYLJQ": "6.40",
    "KCHJLRJZCSYLJQ": "",
    "PTGJZCSYLJQ": "",
    "KCPTGJZCSYLJQ": "",
    "YYZSR": "",
    "YYZSRTBZZ": "",
    "YYSR": "461898154.07",
    "YYSRTBZZ": "-10.75",
    "YYSRKCJE": "",
    "KCHYYSR": "",
    "KCHYYSRTBZZ": "",
    "JLRHJ": "",
    "JLRHJTBZZ": "",
    "JLR": "66119599.65",
    "JLRTBZZ": "-32.00",
    "FJCXSY": "",
    "KCFJYXSYHDJLR": "55355849.07",
    "KCFJYXSYHDJLRTBZZ": "-30.85",
    "PTGJLR": "",
    "PTGJLRTBZZ": "",
    "KCFJCXSYHPTGJLR": "",
    "KCFJCXSYHPTGJLRTBZZ": "",
    "JYXJLLJE": "61399558.88",
    "MGJYXJLLJE": "",
    "ZCZE": "1350879609.70",
    "GDQY": "1045728465.31",
    "MGJZCPL": "",
    "PTGMGJZC": "",
    "GJKJZEJLR": "",
    "GJKJZZJZC": ""
  },
  {
    "JZRQ": "2024-12-31",
    "JBMGSY": "0.41",
    "XSMGSY": "0.41",
    "JBMGSYKC": "",
    "XSMGSYKC": "",
    "JLRJZCSYLJQ": "9.83",
    "KCHJLRJZCSYLJQ": "",
    "PTGJZCSYLJQ": "",
    "KCPTGJZCSYLJQ": "",
    "YYZSR": "",
    "YYZSRTBZZ": "",
    "YYSR": "517541996.31",
    "YYSRTBZZ": "",
    "YYSRKCJE": "",
    "KCHYYSR": "",
    "KCHYYSRTBZZ": "",
    "JLRHJ": "",
    "JLRHJTBZZ": "",
    "JLR": "97236845.34",
    "JLRTBZZ": "",
    "FJCXSY": "",
    "KCFJYXSYHDJLR": "80056908.03",
    "KCFJYXSYHDJLRTBZZ": "",
    "PTGJLR": "",
    "PTGJLRTBZZ": "",
    "KCFJCXSYHPTGJLR": "",
    "KCFJCXSYHPTGJLRTBZZ": "",
    "JYXJLLJE": "49952509.47",
    "MGJYXJLLJE": "",
    "ZCZE": "1379959421.43",
    "GDQY": "1027346041.06",
    "MGJZCPL": "",
    "PTGMGJZC": "",
    "GJKJZEJLR": "",
    "GJKJZZJZC": ""
  },
  {
    "JZRQ": "2023-12-31",
    "JBMGSY": "0.42",
    "XSMGSY": "0.42",
    "JBMGSYKC": "",
    "XSMGSYKC": "",
    "JLRJZCSYLJQ": "10.96",
    "KCHJLRJZCSYLJQ": "",
    "PTGJZCSYLJQ": "",
    "KCPTGJZCSYLJQ": "",
    "YYZSR": "",
    "YYZSRTBZZ": "",
    "YYSR": "585439268.87",
    "YYSRTBZZ": "",
    "YYSRKCJE": "",
    "KCHYYSR": "",
    "KCHYYSRTBZZ": "",
    "JLRHJ": "",
    "JLRHJTBZZ": "",
    "JLR": "101252577.48",
    "JLRTBZZ": "",
    "FJCXSY": "",
    "KCFJYXSYHDJLR": "85788278.48",
    "KCFJYXSYHDJLRTBZZ": "",
    "PTGJLR": "",
    "PTGJLRTBZZ": "",
    "KCFJCXSYHPTGJLR": "",
    "KCFJCXSYHPTGJLRTBZZ": "",
    "JYXJLLJE": "55782164.12",
    "MGJYXJLLJE": "",
    "ZCZE": "1414991138.58",
    "GDQY": "961138359.73",
    "MGJZCPL": "",
    "PTGMGJZC": "",
    "GJKJZEJLR": "",
    "GJKJZZJZC": ""
  }
]

【模块二】
[
  {
    "JZRQ": "2025-12-31",
    "JBMGSY": "0.28",
    "XSMGSY": "0.28",
    "JBMGSYKC": "0.23",
    "XSMGSYKC": "0.23",
    "PTGJZCSYLJQ": "6.40",
    "KCPTGJZCSYLJQ": "5.36"
  }
]

=== 603683-2026-04-17-晶华新材-晶华新材2025年年度报告.pdf ===
【模块一】
[
  {
    "JZRQ": "2025-12-31",
    "JBMGSY": "0.33",
    "XSMGSY": "0.32",
    "JBMGSYKC": "0.32",
    "XSMGSYKC": "",
    "JLRJZCSYLJQ": "5.93",
    "KCHJLRJZCSYLJQ": "5.91",
    "PTGJZCSYLJQ": "",
    "KCPTGJZCSYLJQ": "",
    "YYZSR": "",
    "YYZSRTBZZ": "",
    "YYSR": "2170439411.42",
    "YYSRTBZZ": "15.14",
    "YYSRKCJE": "",
    "KCHYYSR": "",
    "KCHYYSRTBZZ": "",
    "JLRHJ": "",
    "JLRHJTBZZ": "",
    "JLR": "89324922.31",
    "JLRTBZZ": "33.25",
    "FJCXSY": "259541.07",
    "KCFJYXSYHDJLR": "89065381.24",
    "KCFJYXSYHDJLRTBZZ": "39.88",
    "PTGJLR": "",
    "PTGJLRTBZZ": "",
    "KCFJCXSYHPTGJLR": "",
    "KCFJCXSYHPTGJLRTBZZ": "",
    "JYXJLLJE": "199840804.86",
    "MGJYXJLLJE": "",
    "ZCZE": "3157293222.88",
    "GDQY": "1647906330.22",
    "MGJZCPL": "",
    "PTGMGJZC": "",
    "GJKJZEJLR": "",
    "GJKJZZJZC": ""
  },
  {
    "JZRQ": "2024-12-31",
    "JBMGSY": "0.26",
    "XSMGSY": "0.26",
    "JBMGSYKC": "0.25",
    "XSMGSYKC": "",
    "JLRJZCSYLJQ": "5.15",
    "KCHJLRJZCSYLJQ": "4.89",
    "PTGJZCSYLJQ": "",
    "KCPTGJZCSYLJQ": "",
    "YYZSR": "",
    "YYZSRTBZZ": "",
    "YYSR": "1884997360.00",
    "YYSRTBZZ": "",
    "YYSRKCJE": "",
    "KCHYYSR": "",
    "KCHYYSRTBZZ": "",
    "JLRHJ": "",
    "JLRHJTBZZ": "",
    "JLR": "67033856.08",
    "JLRTBZZ": "",
    "FJCXSY": "3359112.58",
    "KCFJYXSYHDJLR": "63674743.50",
    "KCFJYXSYHDJLRTBZZ": "",
    "PTGJLR": "",
    "PTGJLRTBZZ": "",
    "KCFJCXSYHPTGJLR": "",
    "KCFJCXSYHPTGJLRTBZZ": "",
    "JYXJLLJE": "276197470.32",
    "MGJYXJLLJE": "",
    "ZCZE": "2559168579.63",
    "GDQY": "1330490295.89",
    "MGJZCPL": "",
    "PTGMGJZC": "",
    "GJKJZEJLR": "",
    "GJKJZZJZC": ""
  },
  {
    "JZRQ": "2023-12-31",
    "JBMGSY": "0.24",
    "XSMGSY": "0.24",
    "JBMGSYKC": "0.24",
    "XSMGSYKC": "",
    "JLRJZCSYLJQ": "5.09",
    "KCHJLRJZCSYLJQ": "5.03",
    "PTGJZCSYLJQ": "",
    "KCPTGJZCSYLJQ": "",
    "YYZSR": "",
    "YYZSRTBZZ": "",
    "YYSR": "1558566408.38",
    "YYSRTBZZ": "",
    "YYSRKCJE": "",
    "KCHYYSR": "",
    "KCHYYSRTBZZ": "",
    "JLRHJ": "",
    "JLRHJTBZZ": "",
    "JLR": "56568938.34",
    "JLRTBZZ": "",
    "FJCXSY": "731105.17",
    "KCFJYXSYHDJLR": "55837833.17",
    "KCFJYXSYHDJLRTBZZ": "",
    "PTGJLR": "",
    "PTGJLRTBZZ": "",
    "KCFJCXSYHPTGJLR": "",
    "KCFJCXSYHPTGJLRTBZZ": "",
    "JYXJLLJE": "147832397.99",
    "MGJYXJLLJE": "",
    "ZCZE": "2127041019.00",
    "GDQY": "1282456336.20",
    "MGJZCPL": "",
    "PTGMGJZC": "",
    "GJKJZEJLR": "",
    "GJKJZZJZC": ""
  }
]

【模块二】
[
  {
    "JZRQ": "2025-12-31",
    "JBMGSY": "0.33",
    "XSMGSY": "0.32",
    "JBMGSYKC": "0.32",
    "XSMGSYKC": "0.32",
    "PTGJZCSYLJQ": "5.93",
    "KCPTGJZCSYLJQ": "5.91"
  }
]

=== 603637-2026-04-17-镇海股份-镇海石化工程股份有限公司2025年年度报告全文.pdf ===
【模块一】
[
  {
    "JZRQ": "2025-12-31",
    "JBMGSY": "0.28",
    "XSMGSY": "0.28",
    "JBMGSYKC": "0.23",
    "XSMGSYKC": "",
    "JLRJZCSYLJQ": "6.40",
    "KCHJLRJZCSYLJQ": "5.36",
    "PTGJZCSYLJQ": "",
    "KCPTGJZCSYLJQ": "",
    "YYZSR": "",
    "YYZSRTBZZ": "",
    "YYSR": "461898154.07",
    "YYSRTBZZ": "-10.75",
    "YYSRKCJE": "",
    "KCHYYSR": "",
    "KCHYYSRTBZZ": "",
    "JLRHJ": "",
    "JLRHJTBZZ": "",
    "JLR": "66119599.65",
    "JLRTBZZ": "-32.00",
    "FJCXSY": "10763750.58",
    "KCFJYXSYHDJLR": "55355849.07",
    "KCFJYXSYHDJLRTBZZ": "-30.85",
    "PTGJLR": "",
    "PTGJLRTBZZ": "",
    "KCFJCXSYHPTGJLR": "",
    "KCFJCXSYHPTGJLRTBZZ": "",
    "JYXJLLJE": "61399558.88",
    "MGJYXJLLJE": "",
    "ZCZE": "1350879609.70",
    "GDQY": "1045728465.31",
    "MGJZCPL": "",
    "PTGMGJZC": "",
    "GJKJZEJLR": "",
    "GJKJZZJZC": ""
  },
  {
    "JZRQ": "2024-12-31",
    "JBMGSY": "0.41",
    "XSMGSY": "0.41",
    "JBMGSYKC": "0.34",
    "XSMGSYKC": "",
    "JLRJZCSYLJQ": "9.83",
    "KCHJLRJZCSYLJQ": "8.09",
    "PTGJZCSYLJQ": "",
    "KCPTGJZCSYLJQ": "",
    "YYZSR": "",
    "YYZSRTBZZ": "",
    "YYSR": "517541996.31",
    "YYSRTBZZ": "",
    "YYSRKCJE": "",
    "KCHYYSR": "",
    "KCHYYSRTBZZ": "",
    "JLRHJ": "",
    "JLRHJTBZZ": "",
    "JLR": "97236845.34",
    "JLRTBZZ": "",
    "FJCXSY": "17179937.31",
    "KCFJYXSYHDJLR": "80056908.03",
    "KCFJYXSYHDJLRTBZZ": "",
    "PTGJLR": "",
    "PTGJLRTBZZ": "",
    "KCFJCXSYHPTGJLR": "",
    "KCFJCXSYHPTGJLRTBZZ": "",
    "JYXJLLJE": "49952509.47",
    "MGJYXJLLJE": "",
    "ZCZE": "1379959421.43",
    "GDQY": "1027346041.06",
    "MGJZCPL": "",
    "PTGMGJZC": "",
    "GJKJZEJLR": "",
    "GJKJZZJZC": ""
  },
  {
    "JZRQ": "2023-12-31",
    "JBMGSY": "0.42",
    "XSMGSY": "0.42",
    "JBMGSYKC": "0.36",
    "XSMGSYKC": "",
    "JLRJZCSYLJQ": "10.96",
    "KCHJLRJZCSYLJQ": "9.29",
    "PTGJZCSYLJQ": "",
    "KCPTGJZCSYLJQ": "",
    "YYZSR": "",
    "YYZSRTBZZ": "",
    "YYSR": "585439268.87",
    "YYSRTBZZ": "",
    "YYSRKCJE": "",
    "KCHYYSR": "",
    "KCHYYSRTBZZ": "",
    "JLRHJ": "",
    "JLRHJTBZZ": "",
    "JLR": "101252577.48",
    "JLRTBZZ": "",
    "FJCXSY": "15464299.00",
    "KCFJYXSYHDJLR": "85788278.48",
    "KCFJYXSYHDJLRTBZZ": "",
    "PTGJLR": "",
    "PTGJLRTBZZ": "",
    "KCFJCXSYHPTGJLR": "",
    "KCFJCXSYHPTGJLRTBZZ": "",
    "JYXJLLJE": "55782164.12",
    "MGJYXJLLJE": "",
    "ZCZE": "1414991138.58",
    "GDQY": "961138359.73",
    "MGJZCPL": "",
    "PTGMGJZC": "",
    "GJKJZEJLR": "",
    "GJKJZZJZC": ""
  }
]

=== 603700-2026-04-17-宁水集团-2025年年度报告.pdf ===
【模块一】
[
  {
    "JZRQ": "2025-12-31",
    "JBMGSY": "0.47",
    "XSMGSY": "0.47",
    "JBMGSYKC": "0.25",
    "XSMGSYKC": "",
    "JLRJZCSYLJQ": "5.77",
    "KCHJLRJZCSYLJQ": "2.99",
    "PTGJZCSYLJQ": "",
    "KCPTGJZCSYLJQ": "",
    "YYZSR": "",
    "YYZSRTBZZ": "",
    "YYSR": "1743261902.82",
    "YYSRTBZZ": "16.18",
    "YYSRKCJE": "",
    "KCHYYSR": "48433600.46",
    "KCHYYSRTBZZ": "22.88",
    "JLRHJ": "",
    "JLRHJTBZZ": "",
    "JLR": "93348943.50",
    "JLRTBZZ": "78.09",
    "FJCXSY": "44915343.04",
    "KCFJYXSYHDJLR": "48433600.46",
    "KCFJYXSYHDJLRTBZZ": "22.88",
    "PTGJLR": "",
    "PTGJLRTBZZ": "",
    "KCFJCXSYHPTGJLR": "",
    "KCFJCXSYHPTGJLRTBZZ": "",
    "JYXJLLJE": "124639581.02",
    "MGJYXJLLJE": "",
    "ZCZE": "2508335054.58",
    "GDQY": "1631879479.14",
    "MGJZCPL": "",
    "PTGMGJZC": "",
    "GJKJZEJLR": "",
    "GJKJZZJZC": ""
  },
  {
    "JZRQ": "2024-12-31",
    "JBMGSY": "0.26",
    "XSMGSY": "0.26",
    "JBMGSYKC": "0.20",
    "XSMGSYKC": "",
    "JLRJZCSYLJQ": "3.28",
    "KCHJLRJZCSYLJQ": "2.47",
    "PTGJZCSYLJQ": "",
    "KCPTGJZCSYLJQ": "",
    "YYZSR": "",
    "YYZSRTBZZ": "",
    "YYSR": "1500514439.82",
    "YYSRTBZZ": "",
    "YYSRKCJE": "",
    "KCHYYSR": "39414378.66",
    "KCHYYSRTBZZ": "",
    "JLRHJ": "",
    "JLRHJTBZZ": "",
    "JLR": "52417452.39",
    "JLRTBZZ": "",
    "FJCXSY": "13003073.73",
    "KCFJYXSYHDJLR": "39414378.66",
    "KCFJYXSYHDJLRTBZZ": "",
    "PTGJLR": "",
    "PTGJLRTBZZ": "",
    "KCFJCXSYHPTGJLR": "",
    "KCFJCXSYHPTGJLRTBZZ": "",
    "JYXJLLJE": "83025996.56",
    "MGJYXJLLJE": "",
    "ZCZE": "2278462651.43",
    "GDQY": "1605962485.92",
    "MGJZCPL": "",
    "PTGMGJZC": "",
    "GJKJZEJLR": "",
    "GJKJZZJZC": ""
  },
  {
    "JZRQ": "2023-12-31",
    "JBMGSY": "0.66",
    "XSMGSY": "0.66",
    "JBMGSYKC": "0.60",
    "XSMGSYKC": "",
    "JLRJZCSYLJQ": "8.35",
    "KCHJLRJZCSYLJQ": "7.63",
    "PTGJZCSYLJQ": "",
    "KCPTGJZCSYLJQ": "",
    "YYZSR": "",
    "YYZSRTBZZ": "",
    "YYSR": "1789198828.01",
    "YYSRTBZZ": "",
    "YYSRKCJE": "",
    "KCHYYSR": "119947267.25",
    "KCHYYSRTBZZ": "",
    "JLRHJ": "",
    "JLRHJTBZZ": "",
    "JLR": "131262704.86",
    "JLRTBZZ": "",
    "FJCXSY": "11315437.61",
    "KCFJYXSYHDJLR": "119947267.25",
    "KCFJYXSYHDJLRTBZZ": "",
    "PTGJLR": "",
    "PTGJLRTBZZ": "",
    "KCFJCXSYHPTGJLR": "",
    "KCFJCXSYHPTGJLRTBZZ": "",
    "JYXJLLJE": "184902430.72",
    "MGJYXJLLJE": "",
    "ZCZE": "2275658935.60",
    "GDQY": "1610025256.05",
    "MGJZCPL": "",
    "PTGMGJZC": "",
    "GJKJZEJLR": "",
    "GJKJZZJZC": ""
  }
]

【模块二】
[
  {
    "JZRQ": "2025-12-31",
    "JBMGSY": "0.47",
    "XSMGSY": "0.47",
    "JBMGSYKC": "0.25",
    "XSMGSYKC": "0.25",
    "PTGJZCSYLJQ": "5.77",
    "KCPTGJZCSYLJQ": "2.99"
  }
]

=== 603725-2026-04-17-天安新材-天安新材2025年年度报告.pdf ===
【模块一】
[
  {
    "JZRQ": "2025-12-31",
    "JBMGSY": "0.37",
    "XSMGSY": "0.37",
    "JBMGSYKC": "0.36",
    "XSMGSYKC": "",
    "JLRJZCSYLJQ": "13.98",
    "KCHJLRJZCSYLJQ": "13.58",
    "PTGJZCSYLJQ": "",
    "KCPTGJZCSYLJQ": "",
    "YYZSR": "",
    "YYZSRTBZZ": "",
    "YYSR": "3085626931.62",
    "YYSRTBZZ": "-0.47",
    "YYSRKCJE": "",
    "KCHYYSR": "",
    "KCHYYSRTBZZ": "",
    "JLRHJ": "",
    "JLRHJTBZZ": "",
    "JLR": "111571386.27",
    "JLRTBZZ": "10.46",
    "FJCXSY": "3161404.18",
    "KCFJYXSYHDJLR": "108409982.09",
    "KCFJYXSYHDJLRTBZZ": "19.80",
    "PTGJLR": "",
    "PTGJLRTBZZ": "",
    "KCFJCXSYHPTGJLR": "",
    "KCFJCXSYHPTGJLRTBZZ": "",
    "JYXJLLJE": "274436310.97",
    "MGJYXJLLJE": "",
    "ZCZE": "2984983724.27",
    "GDQY": "841408399.80",
    "MGJZCPL": "",
    "PTGMGJZC": "",
    "GJKJZEJLR": "",
    "GJKJZZJZC": ""
  },
  {
    "JZRQ": "2024-12-31",
    "JBMGSY": "0.33",
    "XSMGSY": "0.33",
    "JBMGSYKC": "0.30",
    "XSMGSYKC": "",
    "JLRJZCSYLJQ": "13.79",
    "KCHJLRJZCSYLJQ": "12.36",
    "PTGJZCSYLJQ": "",
    "KCPTGJZCSYLJQ": "",
    "YYZSR": "",
    "YYZSRTBZZ": "",
    "YYSR": "3100303743.39",
    "YYSRTBZZ": "",
    "YYSRKCJE": "",
    "KCHYYSR": "",
    "KCHYYSRTBZZ": "",
    "JLRHJ": "",
    "JLRHJTBZZ": "",
    "JLR": "101004899.32",
    "JLRTBZZ": "",
    "FJCXSY": "10511631.16",
    "KCFJYXSYHDJLR": "90493268.16",
    "KCFJYXSYHDJLRTBZZ": "",
    "PTGJLR": "",
    "PTGJLRTBZZ": "",
    "KCFJCXSYHPTGJLR": "",
    "KCFJCXSYHPTGJLRTBZZ": "",
    "JYXJLLJE": "166468476.42",
    "MGJYXJLLJE": "",
    "ZCZE": "2853521176.04",
    "GDQY": "759957749.53",
    "MGJZCPL": "",
    "PTGMGJZC": "",
    "GJKJZEJLR": "",
    "GJKJZZJZC": ""
  },
  {
    "JZRQ": "2023-12-31",
    "JBMGSY": "0.41",
    "XSMGSY": "0.41",
    "JBMGSYKC": "0.25",
    "XSMGSYKC": "",
    "JLRJZCSYLJQ": "19.4",
    "KCHJLRJZCSYLJQ": "11.76",
    "PTGJZCSYLJQ": "",
    "KCPTGJZCSYLJQ": "",
    "YYZSR": "",
    "YYZSRTBZZ": "",
    "YYSR": "3141775549.53",
    "YYSRTBZZ": "",
    "YYSRKCJE": "",
    "KCHYYSR": "",
    "KCHYYSRTBZZ": "",
    "JLRHJ": "",
    "JLRHJTBZZ": "",
    "JLR": "120947498.56",
    "JLRTBZZ": "",
    "FJCXSY": "47615240.43",
    "KCFJYXSYHDJLR": "73332258.13",
    "KCFJYXSYHDJLRTBZZ": "",
    "PTGJLR": "",
    "PTGJLRTBZZ": "",
    "KCFJCXSYHPTGJLR": "",
    "KCFJCXSYHPTGJLRTBZZ": "",
    "JYXJLLJE": "190950985.44",
    "MGJYXJLLJE": "",
    "ZCZE": "2820828411.48",
    "GDQY": "720839842.15",
    "MGJZCPL": "",
    "PTGMGJZC": "",
    "GJKJZEJLR": "",
    "GJKJZZJZC": ""
  }
]

【模块二】
[
  {
    "JZRQ": "2025-12-31",
    "JBMGSY": "0.37",
    "XSMGSY": "0.37",
    "JBMGSYKC": "0.36",
    "XSMGSYKC": "0.36",
    "PTGJZCSYLJQ": "13.98",
    "KCPTGJZCSYLJQ": "13.58"
  }
]

=== 603900-2026-04-17-莱绅通灵-莱绅通灵2025年年度报告.pdf ===
【模块一】
[
  {
    "JZRQ": "2025-12-31",
    "JBMGSY": "0.17",
    "XSMGSY": "0.17",
    "JBMGSYKC": "0.19",
    "XSMGSYKC": "",
    "JLRJZCSYLJQ": "3.08",
    "KCHJLRJZCSYLJQ": "3.38",
    "PTGJZCSYLJQ": "",
    "KCPTGJZCSYLJQ": "",
    "YYZSR": "",
    "YYZSRTBZZ": "",
    "YYSR": "1529280167.13",
    "YYSRTBZZ": "25.11",
    "YYSRKCJE": "",
    "KCHYYSR": "",
    "KCHYYSRTBZZ": "",
    "JLRHJ": "",
    "JLRHJTBZZ": "",
    "JLR": "59744329.51",
    "JLRTBZZ": "",
    "FJCXSY": "-5680655.53",
    "KCFJYXSYHDJLR": "65424985.04",
    "KCFJYXSYHDJLRTBZZ": "",
    "PTGJLR": "",
    "PTGJLRTBZZ": "",
    "KCFJCXSYHPTGJLR": "",
    "KCFJCXSYHPTGJLRTBZZ": "",
    "JYXJLLJE": "101959863.73",
    "MGJYXJLLJE": "",
    "ZCZE": "2206023723.17",
    "GDQY": "1941334322.20",
    "MGJZCPL": "",
    "PTGMGJZC": "",
    "GJKJZEJLR": "",
    "GJKJZZJZC": ""
  },
  {
    "JZRQ": "2024-12-31",
    "JBMGSY": "-0.53",
    "XSMGSY": "-0.53",
    "JBMGSYKC": "-0.52",
    "XSMGSYKC": "",
    "JLRJZCSYLJQ": "-9.09",
    "KCHJLRJZCSYLJQ": "-8.74",
    "PTGJZCSYLJQ": "",
    "KCPTGJZCSYLJQ": "",
    "YYZSR": "",
    "YYZSRTBZZ": "",
    "YYSR": "1222395622.04",
    "YYSRTBZZ": "",
    "YYSRKCJE": "",
    "KCHYYSR": "",
    "KCHYYSRTBZZ": "",
    "JLRHJ": "",
    "JLRHJTBZZ": "",
    "JLR": "-184338868.63",
    "JLRTBZZ": "",
    "FJCXSY": "-6948558.38",
    "KCFJYXSYHDJLR": "-177390310.25",
    "KCFJYXSYHDJLRTBZZ": "",
    "PTGJLR": "",
    "PTGJLRTBZZ": "",
    "KCFJCXSYHPTGJLR": "",
    "KCFJCXSYHPTGJLRTBZZ": "",
    "JYXJLLJE": "-208439325.92",
    "MGJYXJLLJE": "",
    "ZCZE": "2283546377.34",
    "GDQY": "1909519494.53",
    "MGJZCPL": "",
    "PTGMGJZC": "",
    "GJKJZEJLR": "",
    "GJKJZZJZC": ""
  },
  {
    "JZRQ": "2023-12-31",
    "JBMGSY": "-0.22",
    "XSMGSY": "-0.22",
    "JBMGSYKC": "-0.24",
    "XSMGSYKC": "",
    "JLRJZCSYLJQ": "-3.51",
    "KCHJLRJZCSYLJQ": "-3.74",
    "PTGJZCSYLJQ": "",
    "KCPTGJZCSYLJQ": "",
    "YYZSR": "",
    "YYZSRTBZZ": "",
    "YYSR": "732816938.78",
    "YYSRTBZZ": "",
    "YYSRKCJE": "",
    "KCHYYSR": "",
    "KCHYYSRTBZZ": "",
    "JLRHJ": "",
    "JLRHJTBZZ": "",
    "JLR": "-76198098.23",
    "JLRTBZZ": "",
    "FJCXSY": "4964561.65",
    "KCFJYXSYHDJLR": "-81162659.88",
    "KCFJYXSYHDJLRTBZZ": "",
    "PTGJLR": "",
    "PTGJLRTBZZ": "",
    "KCFJCXSYHPTGJLR": "",
    "KCFJCXSYHPTGJLRTBZZ": "",
    "JYXJLLJE": "-89127548.24",
    "MGJYXJLLJE": "",
    "ZCZE": "2402811992.51",
    "GDQY": "2125385685.41",
    "MGJZCPL": "",
    "PTGMGJZC": "",
    "GJKJZEJLR": "",
    "GJKJZZJZC": ""
  }
]

【模块二】
[
  {
    "JZRQ": "2025-12-31",
    "JBMGSY": "0.17",
    "XSMGSY": "0.17",
    "JBMGSYKC": "0.19",
    "XSMGSYKC": "0.19",
    "PTGJZCSYLJQ": "3.08",
    "KCPTGJZCSYLJQ": "3.38"
  }
]

=== 603877-2026-04-17-太平鸟-2025年年度报告.pdf ===
【模块一】
[
  {
    "JZRQ": "2025-12-31",
    "JBMGSY": "0.37",
    "XSMGSY": "0.37",
    "JBMGSYKC": "0.14",
    "XSMGSYKC": "",
    "JLRJZCSYLJQ": "3.89",
    "KCHJLRJZCSYLJQ": "1.46",
    "PTGJZCSYLJQ": "",
    "KCPTGJZCSYLJQ": "",
    "YYZSR": "",
    "YYZSRTBZZ": "",
    "YYSR": "6334373469.18",
    "YYSRTBZZ": "-6.88",
    "YYSRKCJE": "",
    "KCHYYSR": "",
    "KCHYYSRTBZZ": "",
    "JLRHJ": "",
    "JLRHJTBZZ": "",
    "JLR": "174270375.08",
    "JLRTBZZ": "-32.57",
    "FJCXSY": "108821681.26",
    "KCFJYXSYHDJLR": "65448693.82",
    "KCFJYXSYHDJLRTBZZ": "-46.83",
    "PTGJLR": "",
    "PTGJLRTBZZ": "",
    "KCFJCXSYHPTGJLR": "",
    "KCFJCXSYHPTGJLRTBZZ": "",
    "JYXJLLJE": "757848184.44",
    "MGJYXJLLJE": "",
    "ZCZE": "7659953348.48",
    "GDQY": "4489024098.85",
    "MGJZCPL": "",
    "PTGMGJZC": "",
    "GJKJZEJLR": "",
    "GJKJZZJZC": ""
  },
  {
    "JZRQ": "2024-12-31",
    "JBMGSY": "0.55",
    "XSMGSY": "0.55",
    "JBMGSYKC": "0.26",
    "XSMGSYKC": "",
    "JLRJZCSYLJQ": "5.75",
    "KCHJLRJZCSYLJQ": "2.74",
    "PTGJZCSYLJQ": "",
    "KCPTGJZCSYLJQ": "",
    "YYZSR": "",
    "YYZSRTBZZ": "",
    "YYSR": "6802399203.16",
    "YYSRTBZZ": "",
    "YYSRKCJE": "",
    "KCHYYSR": "",
    "KCHYYSRTBZZ": "",
    "JLRHJ": "",
    "JLRHJTBZZ": "",
    "JLR": "258455324.20",
    "JLRTBZZ": "",
    "FJCXSY": "135367874.83",
    "KCFJYXSYHDJLR": "123087449.37",
    "KCFJYXSYHDJLRTBZZ": "",
    "PTGJLR": "",
    "PTGJLRTBZZ": "",
    "KCFJCXSYHPTGJLR": "",
    "KCFJCXSYHPTGJLRTBZZ": "",
    "JYXJLLJE": "860323998.95",
    "MGJYXJLLJE": "",
    "ZCZE": "8424478406.26",
    "GDQY": "4504931966.39",
    "MGJZCPL": "",
    "PTGMGJZC": "",
    "GJKJZEJLR": "",
    "GJKJZZJZC": ""
  },
  {
    "JZRQ": "2023-12-31",
    "JBMGSY": "0.90",
    "XSMGSY": "0.89",
    "JBMGSYKC": "0.62",
    "XSMGSYKC": "",
    "JLRJZCSYLJQ": "9.74",
    "KCHJLRJZCSYLJQ": "6.66",
    "PTGJZCSYLJQ": "",
    "KCPTGJZCSYLJQ": "",
    "YYZSR": "",
    "YYZSRTBZZ": "",
    "YYSR": "7792124340.26",
    "YYSRTBZZ": "",
    "YYSRKCJE": "",
    "KCHYYSR": "",
    "KCHYYSRTBZZ": "",
    "JLRHJ": "",
    "JLRHJTBZZ": "",
    "JLR": "421942182.32",
    "JLRTBZZ": "",
    "FJCXSY": "133158996.90",
    "KCFJYXSYHDJLR": "288783185.42",
    "KCFJYXSYHDJLRTBZZ": "",
    "PTGJLR": "",
    "PTGJLRTBZZ": "",
    "KCFJCXSYHPTGJLR": "",
    "KCFJCXSYHPTGJLRTBZZ": "",
    "JYXJLLJE": "1276292512.72",
    "MGJYXJLLJE": "",
    "ZCZE": "8083289181.07",
    "GDQY": "4520870266.81",
    "MGJZCPL": "",
    "PTGMGJZC": "",
    "GJKJZEJLR": "",
    "GJKJZZJZC": ""
  }
]

【模块二】
[
  {
    "JZRQ": "2025-12-31",
    "JBMGSY": "0.37",
    "XSMGSY": "0.37",
    "JBMGSYKC": "0.14",
    "XSMGSYKC": "0.14",
    "PTGJZCSYLJQ": "3.89",
    "KCPTGJZCSYLJQ": "1.46"
  }
]

=== 603928-2026-04-17-兴业股份-兴业股份2025年年度报告.pdf ===
【模块一】
[
  {
    "JZRQ": "2025-12-31",
    "JBMGSY": "0.39",
    "XSMGSY": "0.39",
    "JBMGSYKC": "0.37",
    "XSMGSYKC": "",
    "JLRJZCSYLJQ": "6.55",
    "KCHJLRJZCSYLJQ": "6.23",
    "PTGJZCSYLJQ": "",
    "KCPTGJZCSYLJQ": "",
    "YYZSR": "",
    "YYZSRTBZZ": "",
    "YYSR": "1595264803.23",
    "YYSRTBZZ": "7.49",
    "YYSRKCJE": "",
    "KCHYYSR": "",
    "KCHYYSRTBZZ": "",
    "JLRHJ": "",
    "JLRHJTBZZ": "",
    "JLR": "101538170.67",
    "JLRTBZZ": "150.60",
    "FJCXSY": "5015135.57",
    "KCFJYXSYHDJLR": "96523035.10",
    "KCFJYXSYHDJLRTBZZ": "140.28",
    "PTGJLR": "",
    "PTGJLRTBZZ": "",
    "KCFJCXSYHPTGJLR": "",
    "KCFJCXSYHPTGJLRTBZZ": "",
    "JYXJLLJE": "65775500.37",
    "MGJYXJLLJE": "",
    "ZCZE": "1980929763.13",
    "GDQY": "1581602967.43",
    "MGJZCPL": "",
    "PTGMGJZC": "",
    "GJKJZEJLR": "",
    "GJKJZZJZC": ""
  },
  {
    "JZRQ": "2024-12-31",
    "JBMGSY": "0.15",
    "XSMGSY": "0.15",
    "JBMGSYKC": "0.15",
    "XSMGSYKC": "",
    "JLRJZCSYLJQ": "2.66",
    "KCHJLRJZCSYLJQ": "2.64",
    "PTGJZCSYLJQ": "",
    "KCPTGJZCSYLJQ": "",
    "YYZSR": "",
    "YYZSRTBZZ": "",
    "YYSR": "1484042966.24",
    "YYSRTBZZ": "",
    "YYSRKCJE": "",
    "KCHYYSR": "",
    "KCHYYSRTBZZ": "",
    "JLRHJ": "",
    "JLRHJTBZZ": "",
    "JLR": "40518608.10",
    "JLRTBZZ": "",
    "FJCXSY": "348081.54",
    "KCFJYXSYHDJLR": "40170526.56",
    "KCFJYXSYHDJLRTBZZ": "",
    "PTGJLR": "",
    "PTGJLRTBZZ": "",
    "KCFJCXSYHPTGJLR": "",
    "KCFJCXSYHPTGJLRTBZZ": "",
    "JYXJLLJE": "174881445.33",
    "MGJYXJLLJE": "",
    "ZCZE": "1730838384.74",
    "GDQY": "1514784076.55",
    "MGJZCPL": "",
    "PTGMGJZC": "",
    "GJKJZEJLR": "",
    "GJKJZZJZC": ""
  },
  {
    "JZRQ": "2023-12-31",
    "JBMGSY": "0.29",
    "XSMGSY": "0.29",
    "JBMGSYKC": "0.27",
    "XSMGSYKC": "",
    "JLRJZCSYLJQ": "5.03",
    "KCHJLRJZCSYLJQ": "4.74",
    "PTGJZCSYLJQ": "",
    "KCPTGJZCSYLJQ": "",
    "YYZSR": "",
    "YYZSRTBZZ": "",
    "YYSR": "1500368535.54",
    "YYSRTBZZ": "",
    "YYSRKCJE": "",
    "KCHYYSR": "",
    "KCHYYSRTBZZ": "",
    "JLRHJ": "",
    "JLRHJTBZZ": "",
    "JLR": "75942003.10",
    "JLRTBZZ": "",
    "FJCXSY": "4479377.91",
    "KCFJYXSYHDJLR": "71462625.19",
    "KCFJYXSYHDJLRTBZZ": "",
    "PTGJLR": "",
    "PTGJLRTBZZ": "",
    "KCFJCXSYHPTGJLR": "",
    "KCFJCXSYHPTGJLRTBZZ": "",
    "JYXJLLJE": "250773283.80",
    "MGJYXJLLJE": "",
    "ZCZE": "1838729264.50",
    "GDQY": "1528326570.11",
    "MGJZCPL": "",
    "PTGMGJZC": "",
    "GJKJZEJLR": "",
    "GJKJZZJZC": ""
  }
]

【模块二】
[
  {
    "JZRQ": "2025-12-31",
    "JBMGSY": "0.39",
    "XSMGSY": "0.39",
    "JBMGSYKC": "0.37",
    "XSMGSYKC": "0.37",
    "PTGJZCSYLJQ": "6.55",
    "KCPTGJZCSYLJQ": "6.23"
  }
]

=== 605050-2026-04-17-福然德-2025年年度报告.pdf ===
【模块一】
[
  {
    "JZRQ": "2025-12-31",
    "JBMGSY": "0.76",
    "XSMGSY": "0.76",
    "JBMGSYKC": "0.70",
    "XSMGSYKC": "",
    "JLRJZCSYLJQ": "8.62",
    "KCHJLRJZCSYLJQ": "7.88",
    "PTGJZCSYLJQ": "",
    "KCPTGJZCSYLJQ": "",
    "YYZSR": "",
    "YYZSRTBZZ": "",
    "YYSR": "11762841716.79",
    "YYSRTBZZ": "4.29",
    "YYSRKCJE": "",
    "KCHYYSR": "",
    "KCHYYSRTBZZ": "",
    "JLRHJ": "",
    "JLRHJTBZZ": "",
    "JLR": "375470044.61",
    "JLRTBZZ": "18.55",
    "FJCXSY": "32284910.65",
    "KCFJYXSYHDJLR": "343185133.96",
    "KCFJYXSYHDJLRTBZZ": "23.66",
    "PTGJLR": "",
    "PTGJLRTBZZ": "",
    "KCFJCXSYHPTGJLR": "",
    "KCFJCXSYHPTGJLRTBZZ": "",
    "JYXJLLJE": "73238521.51",
    "MGJYXJLLJE": "",
    "ZCZE": "9691233300.22",
    "GDQY": "4477541577.93",
    "MGJZCPL": "",
    "PTGMGJZC": "",
    "GJKJZEJLR": "",
    "GJKJZZJZC": ""
  },
  {
    "JZRQ": "2024-12-31",
    "JBMGSY": "0.64",
    "XSMGSY": "0.64",
    "JBMGSYKC": "0.56",
    "XSMGSYKC": "",
    "JLRJZCSYLJQ": "7.46",
    "KCHJLRJZCSYLJQ": "6.54",
    "PTGJZCSYLJQ": "",
    "KCPTGJZCSYLJQ": "",
    "YYZSR": "",
    "YYZSRTBZZ": "",
    "YYSR": "11278496759.18",
    "YYSRTBZZ": "",
    "YYSRKCJE": "",
    "KCHYYSR": "",
    "KCHYYSRTBZZ": "",
    "JLRHJ": "",
    "JLRHJTBZZ": "",
    "JLR": "316707796.95",
    "JLRTBZZ": "",
    "FJCXSY": "39184040.46",
    "KCFJYXSYHDJLR": "277523756.49",
    "KCFJYXSYHDJLRTBZZ": "",
    "PTGJLR": "",
    "PTGJLRTBZZ": "",
    "KCFJCXSYHPTGJLR": "",
    "KCFJCXSYHPTGJLRTBZZ": "",
    "JYXJLLJE": "66984068.74",
    "MGJYXJLLJE": "",
    "ZCZE": "8704929259.21",
    "GDQY": "4315260701.14",
    "MGJZCPL": "",
    "PTGMGJZC": "",
    "GJKJZEJLR": "",
    "GJKJZZJZC": ""
  },
  {
    "JZRQ": "2023-12-31",
    "JBMGSY": "0.85",
    "XSMGSY": "0.85",
    "JBMGSYKC": "0.79",
    "XSMGSYKC": "",
    "JLRJZCSYLJQ": "10.28",
    "KCHJLRJZCSYLJQ": "9.61",
    "PTGJZCSYLJQ": "",
    "KCPTGJZCSYLJQ": "",
    "YYZSR": "",
    "YYZSRTBZZ": "",
    "YYSR": "9761924419.90",
    "YYSRTBZZ": "",
    "YYSRKCJE": "",
    "KCHYYSR": "",
    "KCHYYSRTBZZ": "",
    "JLRHJ": "",
    "JLRHJTBZZ": "",
    "JLR": "417335325.34",
    "JLRTBZZ": "",
    "FJCXSY": "27075581.45",
    "KCFJYXSYHDJLR": "390259743.89",
    "KCFJYXSYHDJLRTBZZ": "",
    "PTGJLR": "",
    "PTGJLRTBZZ": "",
    "KCFJCXSYHPTGJLR": "",
    "KCFJCXSYHPTGJLRTBZZ": "",
    "JYXJLLJE": "-520117179.65",
    "MGJYXJLLJE": "",
    "ZCZE": "6946848279.47",
    "GDQY": "4210469452.02",
    "MGJZCPL": "",
    "PTGMGJZC": "",
    "GJKJZEJLR": "",
    "GJKJZZJZC": ""
  }
]

【模块二】
[
  {
    "JZRQ": "2025-12-31",
    "JBMGSY": "0.76",
    "XSMGSY": "0.76",
    "JBMGSYKC": "0.70",
    "XSMGSYKC": "0.70",
    "PTGJZCSYLJQ": "8.62",
    "KCPTGJZCSYLJQ": "7.88"
  }
]

=== 605116-2026-04-17-奥锐特-奥锐特药业股份有限公司2025年年度报告.pdf ===
【模块一】
[
  {
    "JZRQ": "2025-12-31",
    "JBMGSY": "1.12",
    "XSMGSY": "1.10",
    "JBMGSYKC": "1.09",
    "XSMGSYKC": "",
    "JLRJZCSYLJQ": "22.05",
    "KCHJLRJZCSYLJQ": "21.44",
    "PTGJZCSYLJQ": "",
    "KCPTGJZCSYLJQ": "",
    "YYZSR": "",
    "YYZSRTBZZ": "",
    "YYSR": "1697477562.55",
    "YYSRTBZZ": "15.03",
    "YYSRKCJE": "",
    "KCHYYSR": "",
    "KCHYYSRTBZZ": "",
    "JLRHJ": "",
    "JLRHJTBZZ": "",
    "JLR": "449210068.02",
    "JLRTBZZ": "26.61",
    "FJCXSY": "12504232.76",
    "KCFJYXSYHDJLR": "436705835.26",
    "KCFJYXSYHDJLRTBZZ": "24.43",
    "PTGJLR": "",
    "PTGJLRTBZZ": "",
    "KCFJCXSYHPTGJLR": "",
    "KCFJCXSYHPTGJLRTBZZ": "",
    "JYXJLLJE": "421496354.11",
    "MGJYXJLLJE": "",
    "ZCZE": "4221992743.16",
    "GDQY": "2657562271.93",
    "MGJZCPL": "",
    "PTGMGJZC": "",
    "GJKJZEJLR": "",
    "GJKJZZJZC": ""
  },
  {
    "JZRQ": "2024-12-31",
    "JBMGSY": "0.89",
    "XSMGSY": "0.89",
    "JBMGSYKC": "0.88",
    "XSMGSYKC": "",
    "JLRJZCSYLJQ": "17.35",
    "KCHJLRJZCSYLJQ": "17.16",
    "PTGJZCSYLJQ": "",
    "KCPTGJZCSYLJQ": "",
    "YYZSR": "",
    "YYZSRTBZZ": "",
    "YYSR": "1475741034.67",
    "YYSRTBZZ": "",
    "YYSRKCJE": "",
    "KCHYYSR": "",
    "KCHYYSRTBZZ": "",
    "JLRHJ": "",
    "JLRHJTBZZ": "",
    "JLR": "354792033.04",
    "JLRTBZZ": "",
    "FJCXSY": "3825661.56",
    "KCFJYXSYHDJLR": "350966371.48",
    "KCFJYXSYHDJLRTBZZ": "",
    "PTGJLR": "",
    "PTGJLRTBZZ": "",
    "KCFJCXSYHPTGJLR": "",
    "KCFJCXSYHPTGJLRTBZZ": "",
    "JYXJLLJE": "332405825.62",
    "MGJYXJLLJE": "",
    "ZCZE": "3877422385.61",
    "GDQY": "2331528721.53",
    "MGJZCPL": "",
    "PTGMGJZC": "",
    "GJKJZEJLR": "",
    "GJKJZZJZC": ""
  },
  {
    "JZRQ": "2023-12-31",
    "JBMGSY": "0.71",
    "XSMGSY": "0.71",
    "JBMGSYKC": "0.64",
    "XSMGSYKC": "",
    "JLRJZCSYLJQ": "16.09",
    "KCHJLRJZCSYLJQ": "14.54",
    "PTGJZCSYLJQ": "",
    "KCPTGJZCSYLJQ": "",
    "YYZSR": "",
    "YYZSRTBZZ": "",
    "YYSR": "1262530882.14",
    "YYSRTBZZ": "",
    "YYSRKCJE": "",
    "KCHYYSR": "",
    "KCHYYSRTBZZ": "",
    "JLRHJ": "",
    "JLRHJTBZZ": "",
    "JLR": "289419389.73",
    "JLRTBZZ": "",
    "FJCXSY": "27994138.88",
    "KCFJYXSYHDJLR": "261425250.85",
    "KCFJYXSYHDJLRTBZZ": "",
    "PTGJLR": "",
    "PTGJLRTBZZ": "",
    "KCFJCXSYHPTGJLR": "",
    "KCFJCXSYHPTGJLRTBZZ": "",
    "JYXJLLJE": "385605552.66",
    "MGJYXJLLJE": "",
    "ZCZE": "2574610570.52",
    "GDQY": "1967585189.70",
    "MGJZCPL": "",
    "PTGMGJZC": "",
    "GJKJZEJLR": "",
    "GJKJZZJZC": ""
  }
]

【模块二】
[
  {
    "JZRQ": "2025-12-31",
    "JBMGSY": "1.12",
    "XSMGSY": "1.10",
    "JBMGSYKC": "1.09",
    "XSMGSYKC": "1.07",
    "PTGJZCSYLJQ": "22.05",
    "KCPTGJZCSYLJQ": "21.44"
  }
]

=== 605128-2026-04-17-上海沿浦-上海沿浦精工科技（集团）股份有限公司2025年年度报告.pdf ===
【模块一】
[
  {
    "JZRQ": "2025-12-31",
    "JBMGSY": "0.91",
    "XSMGSY": "0.91",
    "JBMGSYKC": "0.91",
    "XSMGSYKC": "",
    "JLRJZCSYLJQ": "9.34",
    "KCHJLRJZCSYLJQ": "9.32",
    "PTGJZCSYLJQ": "",
    "KCPTGJZCSYLJQ": "",
    "YYZSR": "",
    "YYZSRTBZZ": "",
    "YYSR": "2419278559.30",
    "YYSRTBZZ": "6.28",
    "YYSRKCJE": "",
    "KCHYYSR": "2419278559.30",
    "KCHYYSRTBZZ": "6.28",
    "JLRHJ": "",
    "JLRHJTBZZ": "",
    "JLR": "187661701.78",
    "JLRTBZZ": "36.93",
    "FJCXSY": "397100.57",
    "KCFJYXSYHDJLR": "187264601.21",
    "KCFJYXSYHDJLRTBZZ": "39.15",
    "PTGJLR": "",
    "PTGJLRTBZZ": "",
    "KCFJCXSYHPTGJLR": "",
    "KCFJCXSYHPTGJLRTBZZ": "",
    "JYXJLLJE": "377215858.30",
    "MGJYXJLLJE": "",
    "ZCZE": "3426321731.55",
    "GDQY": "2146587154.33",
    "MGJZCPL": "",
    "PTGMGJZC": "",
    "GJKJZEJLR": "",
    "GJKJZZJZC": ""
  },
  {
    "JZRQ": "2024-12-31",
    "JBMGSY": "0.77",
    "XSMGSY": "0.77",
    "JBMGSYKC": "0.76",
    "XSMGSYKC": "",
    "JLRJZCSYLJQ": "11.35",
    "KCHJLRJZCSYLJQ": "11.15",
    "PTGJZCSYLJQ": "",
    "KCPTGJZCSYLJQ": "",
    "YYZSR": "",
    "YYZSRTBZZ": "",
    "YYSR": "2276310087.81",
    "YYSRTBZZ": "",
    "YYSRKCJE": "",
    "KCHYYSR": "2276310087.81",
    "KCHYYSRTBZZ": "",
    "JLRHJ": "",
    "JLRHJTBZZ": "",
    "JLR": "137047434.09",
    "JLRTBZZ": "",
    "FJCXSY": "2474135.80",
    "KCFJYXSYHDJLR": "134573298.29",
    "KCFJYXSYHDJLRTBZZ": "",
    "PTGJLR": "",
    "PTGJLRTBZZ": "",
    "KCFJCXSYHPTGJLR": "",
    "KCFJCXSYHPTGJLRTBZZ": "",
    "JYXJLLJE": "253173811.67",
    "MGJYXJLLJE": "",
    "ZCZE": "3021049866.78",
    "GDQY": "1659670453.55",
    "MGJZCPL": "",
    "PTGMGJZC": "",
    "GJKJZEJLR": "",
    "GJKJZZJZC": ""
  },
  {
    "JZRQ": "2023-12-31",
    "JBMGSY": "0.52",
    "XSMGSY": "0.50",
    "JBMGSYKC": "0.50",
    "XSMGSYKC": "",
    "JLRJZCSYLJQ": "7.81",
    "KCHJLRJZCSYLJQ": "7.53",
    "PTGJZCSYLJQ": "",
    "KCPTGJZCSYLJQ": "",
    "YYZSR": "",
    "YYZSRTBZZ": "",
    "YYSR": "1518597075.76",
    "YYSRTBZZ": "",
    "YYSRKCJE": "",
    "KCHYYSR": "1518597075.76",
    "KCHYYSRTBZZ": "",
    "JLRHJ": "",
    "JLRHJTBZZ": "",
    "JLR": "91178221.99",
    "JLRTBZZ": "",
    "FJCXSY": "3307559.19",
    "KCFJYXSYHDJLR": "87870662.80",
    "KCFJYXSYHDJLRTBZZ": "",
    "PTGJLR": "",
    "PTGJLRTBZZ": "",
    "KCFJCXSYHPTGJLR": "",
    "KCFJCXSYHPTGJLRTBZZ": "",
    "JYXJLLJE": "53389848.45",
    "MGJYXJLLJE": "",
    "ZCZE": "2455309753.29",
    "GDQY": "1204187774.38",
    "MGJZCPL": "",
    "PTGMGJZC": "",
    "GJKJZEJLR": "",
    "GJKJZZJZC": ""
  }
]

【模块二】
[
  {
    "JZRQ": "2025-12-31",
    "JBMGSY": "0.91",
    "XSMGSY": "0.91",
    "JBMGSYKC": "0.91",
    "XSMGSYKC": "0.91",
    "PTGJZCSYLJQ": "9.34",
    "KCPTGJZCSYLJQ": "9.32"
  }
]

=== 605366-2026-04-17-宏柏新材-江西宏柏新材料股份有限公司2025年年度报告.pdf ===
【模块一】
[
  {
    "JZRQ": "2025-12-31",
    "JBMGSY": "-0.23",
    "XSMGSY": "-0.23",
    "JBMGSYKC": "",
    "XSMGSYKC": "",
    "JLRJZCSYLJQ": "-7.10",
    "KCHJLRJZCSYLJQ": "",
    "PTGJZCSYLJQ": "",
    "KCPTGJZCSYLJQ": "",
    "YYZSR": "",
    "YYZSRTBZZ": "",
    "YYSR": "1390122164.41",
    "YYSRTBZZ": "-5.91",
    "YYSRKCJE": "",
    "KCHYYSR": "1338433491.01",
    "KCHYYSRTBZZ": "-7.05",
    "JLRHJ": "",
    "JLRHJTBZZ": "",
    "JLR": "-145783147.18",
    "JLRTBZZ": "不适用",
    "FJCXSY": "",
    "KCFJYXSYHDJLR": "-158030358.80",
    "KCFJYXSYHDJLRTBZZ": "不适用",
    "PTGJLR": "",
    "PTGJLRTBZZ": "",
    "KCFJCXSYHPTGJLR": "",
    "KCFJCXSYHPTGJLRTBZZ": "",
    "JYXJLLJE": "-99278876.92",
    "MGJYXJLLJE": "",
    "ZCZE": "4246244901.67",
    "GDQY": "2039117291.40",
    "MGJZCPL": "",
    "PTGMGJZC": "",
    "GJKJZEJLR": "",
    "GJKJZZJZC": ""
  },
  {
    "JZRQ": "2024-12-31",
    "JBMGSY": "-0.05",
    "XSMGSY": "-0.02",
    "JBMGSYKC": "",
    "XSMGSYKC": "",
    "JLRJZCSYLJQ": "-1.58",
    "KCHJLRJZCSYLJQ": "",
    "PTGJZCSYLJQ": "",
    "KCPTGJZCSYLJQ": "",
    "YYZSR": "",
    "YYZSRTBZZ": "",
    "YYSR": "1477475520.58",
    "YYSRTBZZ": "",
    "YYSRKCJE": "",
    "KCHYYSR": "1440022876.40",
    "KCHYYSRTBZZ": "",
    "JLRHJ": "",
    "JLRHJTBZZ": "",
    "JLR": "-30867099.41",
    "JLRTBZZ": "",
    "FJCXSY": "",
    "KCFJYXSYHDJLR": "-38172624.48",
    "KCFJYXSYHDJLRTBZZ": "",
    "PTGJLR": "",
    "PTGJLRTBZZ": "",
    "KCFJCXSYHPTGJLR": "",
    "KCFJCXSYHPTGJLRTBZZ": "",
    "JYXJLLJE": "276625342.51",
    "MGJYXJLLJE": "",
    "ZCZE": "4097165919.14",
    "GDQY": "2101322754.21",
    "MGJZCPL": "",
    "PTGMGJZC": "",
    "GJKJZEJLR": "",
    "GJKJZZJZC": ""
  },
  {
    "JZRQ": "2023-12-31",
    "JBMGSY": "0.11",
    "XSMGSY": "0.11",
    "JBMGSYKC": "",
    "XSMGSYKC": "",
    "JLRJZCSYLJQ": "3.31",
    "KCHJLRJZCSYLJQ": "",
    "PTGJZCSYLJQ": "",
    "KCPTGJZCSYLJQ": "",
    "YYZSR": "",
    "YYZSRTBZZ": "",
    "YYSR": "1385021174.60",
    "YYSRTBZZ": "",
    "YYSRKCJE": "",
    "KCHYYSR": "1343252858.15",
    "KCHYYSRTBZZ": "",
    "JLRHJ": "",
    "JLRHJTBZZ": "",
    "JLR": "64970898.56",
    "JLRTBZZ": "",
    "FJCXSY": "",
    "KCFJYXSYHDJLR": "41736737.25",
    "KCFJYXSYHDJLRTBZZ": "",
    "PTGJLR": "",
    "PTGJLRTBZZ": "",
    "KCFJCXSYHPTGJLR": "",
    "KCFJCXSYHPTGJLRTBZZ": "",
    "JYXJLLJE": "194844487.00",
    "MGJYXJLLJE": "",
    "ZCZE": "2999633547.52",
    "GDQY": "1988713479.46",
    "MGJZCPL": "",
    "PTGMGJZC": "",
    "GJKJZEJLR": "",
    "GJKJZZJZC": ""
  }
]

=== 688004-2026-04-17-博汇科技-博汇科技2025年年度报告.pdf ===
【模块一】
[
  {
    "JZRQ": "2025-12-31",
    "JBMGSY": "-0.29",
    "XSMGSY": "-0.48",
    "JBMGSYKC": "-0.35",
    "XSMGSYKC": "",
    "JLRJZCSYLJQ": "-3.77",
    "KCHJLRJZCSYLJQ": "-4.58",
    "PTGJZCSYLJQ": "",
    "KCPTGJZCSYLJQ": "",
    "YYZSR": "",
    "YYZSRTBZZ": "",
    "YYSR": "171006000",
    "YYSRTBZZ": "-1.05",
    "YYSRKCJE": "",
    "KCHYYSR": "171006000",
    "KCHYYSRTBZZ": "-1.05",
    "JLRHJ": "",
    "JLRHJTBZZ": "",
    "JLR": "-22532500",
    "JLRTBZZ": "",
    "FJCXSY": "4793014.86",
    "KCFJYXSYHDJLR": "-27325500",
    "KCFJYXSYHDJLRTBZZ": "",
    "PTGJLR": "",
    "PTGJLRTBZZ": "",
    "KCFJCXSYHPTGJLR": "",
    "KCFJCXSYHPTGJLRTBZZ": "",
    "JYXJLLJE": "3044900",
    "MGJYXJLLJE": "",
    "ZCZE": "710008800",
    "GDQY": "581853400",
    "MGJZCPL": "",
    "PTGMGJZC": "",
    "GJKJZEJLR": "",
    "GJKJZZJZC": ""
  },
  {
    "JZRQ": "2024-12-31",
    "JBMGSY": "-0.48",
    "XSMGSY": "",
    "JBMGSYKC": "-0.52",
    "XSMGSYKC": "",
    "JLRJZCSYLJQ": "-5.93",
    "KCHJLRJZCSYLJQ": "-6.47",
    "PTGJZCSYLJQ": "",
    "KCPTGJZCSYLJQ": "",
    "YYZSR": "",
    "YYZSRTBZZ": "",
    "YYSR": "172827200",
    "YYSRTBZZ": "",
    "YYSRKCJE": "",
    "KCHYYSR": "172827200",
    "KCHYYSRTBZZ": "",
    "JLRHJ": "",
    "JLRHJTBZZ": "",
    "JLR": "-38472500",
    "JLRTBZZ": "",
    "FJCXSY": "3498516.42",
    "KCFJYXSYHDJLR": "-41971100",
    "KCFJYXSYHDJLRTBZZ": "",
    "PTGJLR": "",
    "PTGJLRTBZZ": "",
    "KCFJCXSYHPTGJLR": "",
    "KCFJCXSYHPTGJLRTBZZ": "",
    "JYXJLLJE": "12989400",
    "MGJYXJLLJE": "",
    "ZCZE": "726002000",
    "GDQY": "615318200",
    "MGJZCPL": "",
    "PTGMGJZC": "",
    "GJKJZEJLR": "",
    "GJKJZZJZC": ""
  },
  {
    "JZRQ": "2023-12-31",
    "JBMGSY": "-0.54",
    "XSMGSY": "",
    "JBMGSYKC": "-0.55",
    "XSMGSYKC": "",
    "JLRJZCSYLJQ": "-6.25",
    "KCHJLRJZCSYLJQ": "-6.39",
    "PTGJZCSYLJQ": "",
    "KCPTGJZCSYLJQ": "",
    "YYZSR": "",
    "YYZSRTBZZ": "",
    "YYSR": "191830700",
    "YYSRTBZZ": "",
    "YYSRKCJE": "",
    "KCHYYSR": "191701300",
    "KCHYYSRTBZZ": "",
    "JLRHJ": "",
    "JLRHJTBZZ": "",
    "JLR": "-43168200",
    "JLRTBZZ": "",
    "FJCXSY": "978766.54",
    "KCFJYXSYHDJLR": "-44147000",
    "KCFJYXSYHDJLRTBZZ": "",
    "PTGJLR": "",
    "PTGJLRTBZZ": "",
    "KCFJCXSYHPTGJLR": "",
    "KCFJCXSYHPTGJLRTBZZ": "",
    "JYXJLLJE": "-23960300",
    "MGJYXJLLJE": "",
    "ZCZE": "779808200",
    "GDQY": "669700800",
    "MGJZCPL": "",
    "PTGMGJZC": "",
    "GJKJZEJLR": "",
    "GJKJZZJZC": ""
  }
]

【模块二】
[
  {
    "JZRQ": "2025-12-31",
    "JBMGSY": "-0.29",
    "XSMGSY": "-0.29",
    "JBMGSYKC": "-0.35",
    "XSMGSYKC": "-0.35",
    "PTGJZCSYLJQ": "-3.77",
    "KCPTGJZCSYLJQ": "-4.58"
  }
]

=== 688126-2026-04-17-沪硅产业-沪硅产业2025年年度报告.pdf ===
【模块一】
[
  {
    "JZRQ": "2025-12-31",
    "JBMGSY": "-0.539",
    "XSMGSY": "-0.539",
    "JBMGSYKC": "-0.635",
    "XSMGSYKC": "",
    "JLRJZCSYLJQ": "-12.68",
    "KCHJLRJZCSYLJQ": "-14.93",
    "PTGJZCSYLJQ": "",
    "KCPTGJZCSYLJQ": "",
    "YYZSR": "",
    "YYZSRTBZZ": "",
    "YYSR": "3716030100",
    "YYSRTBZZ": "9.69",
    "YYSRKCJE": "",
    "KCHYYSR": "3679186300",
    "KCHYYSRTBZZ": "10.52",
    "JLRHJ": "",
    "JLRHJTBZZ": "",
    "JLR": "-1507506600",
    "JLRTBZZ": "不适用",
    "FJCXSY": "266777700",
    "KCFJYXSYHDJLR": "-1774284300",
    "KCFJYXSYHDJLRTBZZ": "不适用",
    "PTGJLR": "",
    "PTGJLRTBZZ": "",
    "KCFJCXSYHPTGJLR": "",
    "KCFJCXSYHPTGJLRTBZZ": "",
    "JYXJLLJE": "-559239800",
    "MGJYXJLLJE": "",
    "ZCZE": "33786557900",
    "GDQY": "16924840800",
    "MGJZCPL": "",
    "PTGMGJZC": "",
    "GJKJZEJLR": "",
    "GJKJZZJZC": ""
  },
  {
    "JZRQ": "2024-12-31",
    "JBMGSY": "-0.353",
    "XSMGSY": "-0.353",
    "JBMGSYKC": "-0.452",
    "XSMGSYKC": "",
    "JLRJZCSYLJQ": "-7.07",
    "KCHJLRJZCSYLJQ": "-9.06",
    "PTGJZCSYLJQ": "",
    "KCPTGJZCSYLJQ": "",
    "YYZSR": "",
    "YYZSRTBZZ": "",
    "YYSR": "3387611700",
    "YYSRTBZZ": "",
    "YYSRKCJE": "",
    "KCHYYSR": "3328891500",
    "KCHYYSRTBZZ": "",
    "JLRHJ": "",
    "JLRHJTBZZ": "",
    "JLR": "-970537100",
    "JLRTBZZ": "",
    "FJCXSY": "272524500",
    "KCFJYXSYHDJLR": "-1243061600",
    "KCFJYXSYHDJLRTBZZ": "",
    "PTGJLR": "",
    "PTGJLRTBZZ": "",
    "KCFJCXSYHPTGJLR": "",
    "KCFJCXSYHPTGJLRTBZZ": "",
    "JYXJLLJE": "-787717900",
    "MGJYXJLLJE": "",
    "ZCZE": "29269842400",
    "GDQY": "12299260100",
    "MGJZCPL": "",
    "PTGMGJZC": "",
    "GJKJZEJLR": "",
    "GJKJZZJZC": ""
  },
  {
    "JZRQ": "2023-12-31",
    "JBMGSY": "0.068",
    "XSMGSY": "0.068",
    "JBMGSYKC": "-0.061",
    "XSMGSYKC": "",
    "JLRJZCSYLJQ": "1.27",
    "KCHJLRJZCSYLJQ": "-1.13",
    "PTGJZCSYLJQ": "",
    "KCPTGJZCSYLJQ": "",
    "YYZSR": "",
    "YYZSRTBZZ": "",
    "YYSR": "3190301300",
    "YYSRTBZZ": "",
    "YYSRKCJE": "",
    "KCHYYSR": "3108238900",
    "KCHYYSRTBZZ": "",
    "JLRHJ": "",
    "JLRHJTBZZ": "",
    "JLR": "186542800",
    "JLRTBZZ": "",
    "FJCXSY": "352486700",
    "KCFJYXSYHDJLR": "-165943900",
    "KCFJYXSYHDJLRTBZZ": "",
    "PTGJLR": "",
    "PTGJLRTBZZ": "",
    "KCFJCXSYHPTGJLR": "",
    "KCFJCXSYHPTGJLRTBZZ": "",
    "JYXJLLJE": "-274727400",
    "MGJYXJLLJE": "",
    "ZCZE": "29031755800",
    "GDQY": "15114340500",
    "MGJZCPL": "",
    "PTGMGJZC": "",
    "GJKJZEJLR": "",
    "GJKJZZJZC": ""
  }
]

【模块二】
[
  {
    "JZRQ": "2025-12-31",
    "JBMGSY": "-0.539",
    "XSMGSY": "-0.539",
    "JBMGSYKC": "-0.635",
    "XSMGSYKC": "-0.635",
    "PTGJZCSYLJQ": "-12.68",
    "KCPTGJZCSYLJQ": "-14.93"
  }
]

=== 688148-2026-04-17-芳源股份-芳源股份2025年年度报告.pdf ===
【模块一】
[
  {
    "JZRQ": "2025-12-31",
    "JBMGSY": "-0.21",
    "XSMGSY": "-0.21",
    "JBMGSYKC": "-0.20",
    "XSMGSYKC": "",
    "JLRJZCSYLJQ": "-20.18",
    "KCHJLRJZCSYLJQ": "-19.86",
    "PTGJZCSYLJQ": "",
    "KCPTGJZCSYLJQ": "",
    "YYZSR": "",
    "YYZSRTBZZ": "",
    "YYSR": "2277883278.33",
    "YYSRTBZZ": "5.39",
    "YYSRKCJE": "",
    "KCHYYSR": "2212566498.78",
    "KCHYYSRTBZZ": "17.29",
    "JLRHJ": "",
    "JLRHJTBZZ": "",
    "JLR": "-103257795.60",
    "JLRTBZZ": "",
    "FJCXSY": "-1658627.92",
    "KCFJYXSYHDJLR": "-101599167.68",
    "KCFJYXSYHDJLRTBZZ": "",
    "PTGJLR": "",
    "PTGJLRTBZZ": "",
    "KCFJCXSYHPTGJLR": "",
    "KCFJCXSYHPTGJLRTBZZ": "",
    "JYXJLLJE": "-68390115.73",
    "MGJYXJLLJE": "",
    "ZCZE": "3042548616.05",
    "GDQY": "486091645.31",
    "MGJZCPL": "",
    "PTGMGJZC": "",
    "GJKJZEJLR": "",
    "GJKJZZJZC": ""
  },
  {
    "JZRQ": "2024-12-31",
    "JBMGSY": "-0.85",
    "XSMGSY": "-0.85",
    "JBMGSYKC": "-0.88",
    "XSMGSYKC": "",
    "JLRJZCSYLJQ": "-53.93",
    "KCHJLRJZCSYLJQ": "-55.95",
    "PTGJZCSYLJQ": "",
    "KCPTGJZCSYLJQ": "",
    "YYZSR": "",
    "YYZSRTBZZ": "",
    "YYSR": "2161423766.10",
    "YYSRTBZZ": "",
    "YYSRKCJE": "",
    "KCHYYSR": "1886347239.36",
    "KCHYYSRTBZZ": "",
    "JLRHJ": "",
    "JLRHJTBZZ": "",
    "JLR": "-426774735.02",
    "JLRTBZZ": "",
    "FJCXSY": "15978312.05",
    "KCFJYXSYHDJLR": "-442753047.07",
    "KCFJYXSYHDJLRTBZZ": "",
    "PTGJLR": "",
    "PTGJLRTBZZ": "",
    "KCFJCXSYHPTGJLR": "",
    "KCFJCXSYHPTGJLRTBZZ": "",
    "JYXJLLJE": "73914202.48",
    "MGJYXJLLJE": "",
    "ZCZE": "3089612268.03",
    "GDQY": "561036093.05",
    "MGJZCPL": "",
    "PTGMGJZC": "",
    "GJKJZEJLR": "",
    "GJKJZZJZC": ""
  },
  {
    "JZRQ": "2023-12-31",
    "JBMGSY": "-0.89",
    "XSMGSY": "-0.89",
    "JBMGSYKC": "-0.86",
    "XSMGSYKC": "",
    "JLRJZCSYLJQ": "-35.28",
    "KCHJLRJZCSYLJQ": "-33.99",
    "PTGJZCSYLJQ": "",
    "KCPTGJZCSYLJQ": "",
    "YYZSR": "",
    "YYZSRTBZZ": "",
    "YYSR": "2102432613.49",
    "YYSRTBZZ": "",
    "YYSRKCJE": "",
    "KCHYYSR": "1933658204.36",
    "KCHYYSRTBZZ": "",
    "JLRHJ": "",
    "JLRHJTBZZ": "",
    "JLR": "-455384029.95",
    "JLRTBZZ": "",
    "FJCXSY": "-16559501.30",
    "KCFJYXSYHDJLR": "-438824528.65",
    "KCFJYXSYHDJLRTBZZ": "",
    "PTGJLR": "",
    "PTGJLRTBZZ": "",
    "KCFJCXSYHPTGJLR": "",
    "KCFJCXSYHPTGJLRTBZZ": "",
    "JYXJLLJE": "-326172416.00",
    "MGJYXJLLJE": "",
    "ZCZE": "3086457078.84",
    "GDQY": "1045863556.37",
    "MGJZCPL": "",
    "PTGMGJZC": "",
    "GJKJZEJLR": "",
    "GJKJZZJZC": ""
  }
]

【模块二】
[
  {
    "JZRQ": "2025-12-31",
    "JBMGSY": "-0.21",
    "XSMGSY": "-0.21",
    "JBMGSYKC": "-0.20",
    "XSMGSYKC": "-0.20",
    "PTGJZCSYLJQ": "-20.18",
    "KCPTGJZCSYLJQ": "-19.86"
  }
]

=== 688173-2026-04-17-希荻微-希荻微2025年年度报告.pdf ===
【模块一】
[
  {
    "JZRQ": "2025-12-31",
    "JBMGSY": "-0.28",
    "XSMGSY": "-0.28",
    "JBMGSYKC": "-0.29",
    "XSMGSYKC": "",
    "JLRJZCSYLJQ": "-7.88",
    "KCHJLRJZCSYLJQ": "-8.21",
    "PTGJZCSYLJQ": "",
    "KCPTGJZCSYLJQ": "",
    "YYZSR": "",
    "YYZSRTBZZ": "",
    "YYSR": "939434993.17",
    "YYSRTBZZ": "72.21",
    "YYSRKCJE": "",
    "KCHYYSR": "934348650.09",
    "KCHYYSRTBZZ": "89.40",
    "JLRHJ": "",
    "JLRHJTBZZ": "",
    "JLR": "-113918566.81",
    "JLRTBZZ": "",
    "FJCXSY": "4801113.79",
    "KCFJYXSYHDJLR": "-118719680.60",
    "KCFJYXSYHDJLRTBZZ": "",
    "PTGJLR": "",
    "PTGJLRTBZZ": "",
    "KCFJCXSYHPTGJLR": "",
    "KCFJCXSYHPTGJLRTBZZ": "",
    "JYXJLLJE": "-165665147.68",
    "MGJYXJLLJE": "",
    "ZCZE": "1851966327.09",
    "GDQY": "1424570754.60",
    "MGJZCPL": "",
    "PTGMGJZC": "",
    "GJKJZEJLR": "",
    "GJKJZZJZC": ""
  },
  {
    "JZRQ": "2024-12-31",
    "JBMGSY": "-0.74",
    "XSMGSY": "-0.74",
    "JBMGSYKC": "-0.76",
    "XSMGSYKC": "",
    "JLRJZCSYLJQ": "-17.59",
    "KCHJLRJZCSYLJQ": "-18.17",
    "PTGJZCSYLJQ": "",
    "KCPTGJZCSYLJQ": "",
    "YYZSR": "",
    "YYZSRTBZZ": "",
    "YYSR": "545510607.86",
    "YYSRTBZZ": "",
    "YYSRKCJE": "",
    "KCHYYSR": "493312371.70",
    "KCHYYSRTBZZ": "",
    "JLRHJ": "",
    "JLRHJTBZZ": "",
    "JLR": "-290597343.59",
    "JLRTBZZ": "",
    "FJCXSY": "9607439.81",
    "KCFJYXSYHDJLR": "-300204783.40",
    "KCFJYXSYHDJLRTBZZ": "",
    "PTGJLR": "",
    "PTGJLRTBZZ": "",
    "KCFJCXSYHPTGJLR": "",
    "KCFJCXSYHPTGJLRTBZZ": "",
    "JYXJLLJE": "-218484467.40",
    "MGJYXJLLJE": "",
    "ZCZE": "1810336339.19",
    "GDQY": "1478987485.53",
    "MGJZCPL": "",
    "PTGMGJZC": "",
    "GJKJZEJLR": "",
    "GJKJZZJZC": ""
  },
  {
    "JZRQ": "2023-12-31",
    "JBMGSY": "-0.13",
    "XSMGSY": "-0.13",
    "JBMGSYKC": "-0.46",
    "XSMGSYKC": "",
    "JLRJZCSYLJQ": "-2.97",
    "KCHJLRJZCSYLJQ": "-10.26",
    "PTGJZCSYLJQ": "",
    "KCPTGJZCSYLJQ": "",
    "YYZSR": "",
    "YYZSRTBZZ": "",
    "YYSR": "393632323.78",
    "YYSRTBZZ": "",
    "YYSRKCJE": "",
    "KCHYYSR": "368094018.58",
    "KCHYYSRTBZZ": "",
    "JLRHJ": "",
    "JLRHJTBZZ": "",
    "JLR": "-54184639.63",
    "JLRTBZZ": "",
    "FJCXSY": "133097254.38",
    "KCFJYXSYHDJLR": "-187281894.01",
    "KCFJYXSYHDJLRTBZZ": "",
    "PTGJLR": "",
    "PTGJLRTBZZ": "",
    "KCFJCXSYHPTGJLR": "",
    "KCFJCXSYHPTGJLRTBZZ": "",
    "JYXJLLJE": "-245012004.35",
    "MGJYXJLLJE": "",
    "ZCZE": "2016373736.11",
    "GDQY": "1834938568.16",
    "MGJZCPL": "",
    "PTGMGJZC": "",
    "GJKJZEJLR": "",
    "GJKJZZJZC": ""
  }
]

【模块二】
[
  {
    "JZRQ": "2025-12-31",
    "JBMGSY": "-0.28",
    "XSMGSY": "-0.28",
    "JBMGSYKC": "-0.29",
    "XSMGSYKC": "-0.29",
    "PTGJZCSYLJQ": "-7.88",
    "KCPTGJZCSYLJQ": "-8.21"
  }
]

=== 688296-2026-04-17-和达科技-和达科技2025年年度报告.pdf ===
【模块一】
[
  {
    "JZRQ": "2025-12-31",
    "JBMGSY": "-0.65",
    "XSMGSY": "-0.65",
    "JBMGSYKC": "-0.73",
    "XSMGSYKC": "",
    "JLRJZCSYLJQ": "-10.75",
    "KCHJLRJZCSYLJQ": "-12.09",
    "PTGJZCSYLJQ": "",
    "KCPTGJZCSYLJQ": "",
    "YYZSR": "",
    "YYZSRTBZZ": "",
    "YYSR": "307373812.81",
    "YYSRTBZZ": "-35.88",
    "YYSRKCJE": "",
    "KCHYYSR": "303041298.91",
    "KCHYYSRTBZZ": "-36.10",
    "JLRHJ": "",
    "JLRHJTBZZ": "",
    "JLR": "-69725494.60",
    "JLRTBZZ": "不适用",
    "FJCXSY": "8659691.03",
    "KCFJYXSYHDJLR": "-78385185.63",
    "KCFJYXSYHDJLRTBZZ": "不适用",
    "PTGJLR": "",
    "PTGJLRTBZZ": "",
    "KCFJCXSYHPTGJLR": "",
    "KCFJCXSYHPTGJLRTBZZ": "",
    "JYXJLLJE": "-17447312.30",
    "MGJYXJLLJE": "",
    "ZCZE": "962988119.00",
    "GDQY": "596082600.03",
    "MGJZCPL": "",
    "PTGMGJZC": "",
    "GJKJZEJLR": "",
    "GJKJZZJZC": ""
  },
  {
    "JZRQ": "2024-12-31",
    "JBMGSY": "-0.05",
    "XSMGSY": "-0.05",
    "JBMGSYKC": "-0.13",
    "XSMGSYKC": "",
    "JLRJZCSYLJQ": "-0.81",
    "KCHJLRJZCSYLJQ": "-2.07",
    "PTGJZCSYLJQ": "",
    "KCPTGJZCSYLJQ": "",
    "YYZSR": "",
    "YYZSRTBZZ": "",
    "YYSR": "479373514.38",
    "YYSRTBZZ": "",
    "YYSRKCJE": "",
    "KCHYYSR": "474273381.19",
    "KCHYYSRTBZZ": "",
    "JLRHJ": "",
    "JLRHJTBZZ": "",
    "JLR": "-5636071.29",
    "JLRTBZZ": "",
    "FJCXSY": "8749028.16",
    "KCFJYXSYHDJLR": "-14385099.45",
    "KCFJYXSYHDJLRTBZZ": "",
    "PTGJLR": "",
    "PTGJLRTBZZ": "",
    "KCFJCXSYHPTGJLR": "",
    "KCFJCXSYHPTGJLRTBZZ": "",
    "JYXJLLJE": "-11333962.32",
    "MGJYXJLLJE": "",
    "ZCZE": "978960535.20",
    "GDQY": "691855164.59",
    "MGJZCPL": "",
    "PTGMGJZC": "",
    "GJKJZEJLR": "",
    "GJKJZZJZC": ""
  },
  {
    "JZRQ": "2023-12-31",
    "JBMGSY": "-0.27",
    "XSMGSY": "-0.27",
    "JBMGSYKC": "-0.39",
    "XSMGSYKC": "",
    "JLRJZCSYLJQ": "-4.09",
    "KCHJLRJZCSYLJQ": "-5.84",
    "PTGJZCSYLJQ": "",
    "KCPTGJZCSYLJQ": "",
    "YYZSR": "",
    "YYZSRTBZZ": "",
    "YYSR": "343051787.79",
    "YYSRTBZZ": "",
    "YYSRKCJE": "",
    "KCHYYSR": "338923667.67",
    "KCHYYSRTBZZ": "",
    "JLRHJ": "",
    "JLRHJTBZZ": "",
    "JLR": "-29505582.13",
    "JLRTBZZ": "",
    "FJCXSY": "12582640.57",
    "KCFJYXSYHDJLR": "-42088222.70",
    "KCFJYXSYHDJLRTBZZ": "",
    "PTGJLR": "",
    "PTGJLRTBZZ": "",
    "KCFJCXSYHPTGJLR": "",
    "KCFJCXSYHPTGJLRTBZZ": "",
    "JYXJLLJE": "36794819.04",
    "MGJYXJLLJE": "",
    "ZCZE": "999230629.64",
    "GDQY": "698351063.88",
    "MGJZCPL": "",
    "PTGMGJZC": "",
    "GJKJZEJLR": "",
    "GJKJZZJZC": ""
  }
]

【模块二】
[
  {
    "JZRQ": "2025-12-31",
    "JBMGSY": "-0.65",
    "XSMGSY": "-0.65",
    "JBMGSYKC": "-0.73",
    "XSMGSYKC": "-0.73",
    "PTGJZCSYLJQ": "-10.75",
    "KCPTGJZCSYLJQ": "-12.09"
  }
]

=== 688377-2026-04-17-迪威尔-迪威尔2025年年度报告.pdf ===
【模块一】
[
  {
    "JZRQ": "2025-12-31",
    "JBMGSY": "0.62",
    "XSMGSY": "0.61",
    "JBMGSYKC": "0.62",
    "XSMGSYKC": "",
    "JLRJZCSYLJQ": "6.48",
    "KCHJLRJZCSYLJQ": "6.57",
    "PTGJZCSYLJQ": "",
    "KCPTGJZCSYLJQ": "",
    "YYZSR": "",
    "YYZSRTBZZ": "",
    "YYSR": "1207400559.50",
    "YYSRTBZZ": "7.43",
    "YYSRKCJE": "",
    "KCHYYSR": "",
    "KCHYYSRTBZZ": "",
    "JLRHJ": "",
    "JLRHJTBZZ": "",
    "JLR": "119359530.84",
    "JLRTBZZ": "39.43",
    "FJCXSY": "-1567287.41",
    "KCFJYXSYHDJLR": "120926818.25",
    "KCFJYXSYHDJLRTBZZ": "46.31",
    "PTGJLR": "",
    "PTGJLRTBZZ": "",
    "KCFJCXSYHPTGJLR": "",
    "KCFJCXSYHPTGJLRTBZZ": "",
    "JYXJLLJE": "192779021.31",
    "MGJYXJLLJE": "",
    "ZCZE": "2854448979.40",
    "GDQY": "1890509301.10",
    "MGJZCPL": "",
    "PTGMGJZC": "",
    "GJKJZEJLR": "",
    "GJKJZZJZC": ""
  },
  {
    "JZRQ": "2024-12-31",
    "JBMGSY": "0.44",
    "XSMGSY": "0.44",
    "JBMGSYKC": "0.43",
    "XSMGSYKC": "",
    "JLRJZCSYLJQ": "4.85",
    "KCHJLRJZCSYLJQ": "4.72",
    "PTGJZCSYLJQ": "",
    "KCPTGJZCSYLJQ": "",
    "YYZSR": "",
    "YYZSRTBZZ": "",
    "YYSR": "1123895642.59",
    "YYSRTBZZ": "",
    "YYSRKCJE": "",
    "KCHYYSR": "",
    "KCHYYSRTBZZ": "",
    "JLRHJ": "",
    "JLRHJTBZZ": "",
    "JLR": "85602699.18",
    "JLRTBZZ": "",
    "FJCXSY": "2952891.39",
    "KCFJYXSYHDJLR": "82649807.79",
    "KCFJYXSYHDJLRTBZZ": "",
    "PTGJLR": "",
    "PTGJLRTBZZ": "",
    "KCFJCXSYHPTGJLR": "",
    "KCFJCXSYHPTGJLRTBZZ": "",
    "JYXJLLJE": "103924442.40",
    "MGJYXJLLJE": "",
    "ZCZE": "2764884501.75",
    "GDQY": "1792377754.01",
    "MGJZCPL": "",
    "PTGMGJZC": "",
    "GJKJZEJLR": "",
    "GJKJZZJZC": ""
  },
  {
    "JZRQ": "2023-12-31",
    "JBMGSY": "0.74",
    "XSMGSY": "0.73",
    "JBMGSYKC": "0.71",
    "XSMGSYKC": "",
    "JLRJZCSYLJQ": "8.48",
    "KCHJLRJZCSYLJQ": "8.16",
    "PTGJZCSYLJQ": "",
    "KCPTGJZCSYLJQ": "",
    "YYZSR": "",
    "YYZSRTBZZ": "",
    "YYSR": "1210066911.38",
    "YYSRTBZZ": "",
    "YYSRKCJE": "",
    "KCHYYSR": "",
    "KCHYYSRTBZZ": "",
    "JLRHJ": "",
    "JLRHJTBZZ": "",
    "JLR": "142432629.62",
    "JLRTBZZ": "",
    "FJCXSY": "5376994.48",
    "KCFJYXSYHDJLR": "137055635.14",
    "KCFJYXSYHDJLRTBZZ": "",
    "PTGJLR": "",
    "PTGJLRTBZZ": "",
    "KCFJCXSYHPTGJLR": "",
    "KCFJCXSYHPTGJLRTBZZ": "",
    "JYXJLLJE": "199422928.38",
    "MGJYXJLLJE": "",
    "ZCZE": "2524982807.85",
    "GDQY": "1742492999.37",
    "MGJZCPL": "",
    "PTGMGJZC": "",
    "GJKJZEJLR": "",
    "GJKJZZJZC": ""
  }
]

【模块二】
[
  {
    "JZRQ": "2025-12-31",
    "JBMGSY": "0.62",
    "XSMGSY": "0.61",
    "JBMGSYKC": "0.62",
    "XSMGSYKC": "0.62",
    "PTGJZCSYLJQ": "6.48",
    "KCPTGJZCSYLJQ": "6.57"
  }
]

=== 688328-2026-04-17-深科达-2025年年度报告.pdf ===
【模块一】
[
  {
    "JZRQ": "2025-12-31",
    "JBMGSY": "0.26",
    "XSMGSY": "0.26",
    "JBMGSYKC": "0.26",
    "XSMGSYKC": "",
    "JLRJZCSYLJQ": "2.94",
    "KCHJLRJZCSYLJQ": "2.91",
    "PTGJZCSYLJQ": "",
    "KCPTGJZCSYLJQ": "",
    "YYZSR": "",
    "YYZSRTBZZ": "",
    "YYSR": "672421642.43",
    "YYSRTBZZ": "32.08",
    "YYSRKCJE": "",
    "KCHYYSR": "",
    "KCHYYSRTBZZ": "",
    "JLRHJ": "",
    "JLRHJTBZZ": "",
    "JLR": "24418475.12",
    "JLRTBZZ": "",
    "FJCXSY": "255451.67",
    "KCFJYXSYHDJLR": "24163023.45",
    "KCFJYXSYHDJLRTBZZ": "",
    "PTGJLR": "",
    "PTGJLRTBZZ": "",
    "KCFJCXSYHPTGJLR": "",
    "KCFJCXSYHPTGJLRTBZZ": "",
    "JYXJLLJE": "117403384.31",
    "MGJYXJLLJE": "",
    "ZCZE": "1461460596.26",
    "GDQY": "830318515.65",
    "MGJZCPL": "",
    "PTGMGJZC": "",
    "GJKJZEJLR": "",
    "GJKJZZJZC": ""
  },
  {
    "JZRQ": "2024-12-31",
    "JBMGSY": "-1.12",
    "XSMGSY": "-1.12",
    "JBMGSYKC": "-1.18",
    "XSMGSYKC": "",
    "JLRJZCSYLJQ": "-11.61",
    "KCHJLRJZCSYLJQ": "-12.20",
    "PTGJZCSYLJQ": "",
    "KCPTGJZCSYLJQ": "",
    "YYZSR": "",
    "YYZSRTBZZ": "",
    "YYSR": "509085298.12",
    "YYSRTBZZ": "",
    "YYSRKCJE": "",
    "KCHYYSR": "",
    "KCHYYSRTBZZ": "",
    "JLRHJ": "",
    "JLRHJTBZZ": "",
    "JLR": "-105700933.72",
    "JLRTBZZ": "",
    "FJCXSY": "5329111.19",
    "KCFJYXSYHDJLR": "-111030044.91",
    "KCFJYXSYHDJLRTBZZ": "",
    "PTGJLR": "",
    "PTGJLRTBZZ": "",
    "KCFJCXSYHPTGJLR": "",
    "KCFJCXSYHPTGJLRTBZZ": "",
    "JYXJLLJE": "9553647.79",
    "MGJYXJLLJE": "",
    "ZCZE": "1609911057.84",
    "GDQY": "810233947.94",
    "MGJZCPL": "",
    "PTGMGJZC": "",
    "GJKJZEJLR": "",
    "GJKJZZJZC": ""
  },
  {
    "JZRQ": "2023-12-31",
    "JBMGSY": "-1.43",
    "XSMGSY": "-1.43",
    "JBMGSYKC": "-1.55",
    "XSMGSYKC": "",
    "JLRJZCSYLJQ": "-17.55",
    "KCHJLRJZCSYLJQ": "-19.08",
    "PTGJZCSYLJQ": "",
    "KCPTGJZCSYLJQ": "",
    "YYZSR": "",
    "YYZSRTBZZ": "",
    "YYSR": "558316014.71",
    "YYSRTBZZ": "",
    "YYSRKCJE": "",
    "KCHYYSR": "",
    "KCHYYSRTBZZ": "",
    "JLRHJ": "",
    "JLRHJTBZZ": "",
    "JLR": "-115680310.72",
    "JLRTBZZ": "",
    "FJCXSY": "10109745.82",
    "KCFJYXSYHDJLR": "-125790056.54",
    "KCFJYXSYHDJLRTBZZ": "",
    "PTGJLR": "",
    "PTGMGJZC": "",
    "PTGJLRTBZZ": "",
    "KCFJCXSYHPTGJLR": "",
    "KCFJCXSYHPTGJLRTBZZ": "",
    "JYXJLLJE": "-101666452.43",
    "MGJYXJLLJE": "",
    "ZCZE": "1655466481.30",
    "GDQY": "881845631.72",
    "MGJZCPL": "",
    "GJKJZEJLR": "",
    "GJKJZZJZC": ""
  }
]

【模块二】
[
  {
    "JZRQ": "2025-12-31",
    "JBMGSY": "0.26",
    "XSMGSY": "0.26",
    "JBMGSYKC": "0.26",
    "XSMGSYKC": "0.26",
    "PTGJZCSYLJQ": "2.94",
    "KCPTGJZCSYLJQ": "2.91"
  }
]

=== 688408-2026-04-17-中信博-中信博2025年年度报告全文.pdf ===
【模块一】
[
  {
    "JZRQ": "2025-12-31",
    "JBMGSY": "-0.05",
    "XSMGSY": "-0.05",
    "JBMGSYKC": "-0.20",
    "XSMGSYKC": "",
    "JLRJZCSYLJQ": "-0.24",
    "KCHJLRJZCSYLJQ": "-1.02",
    "PTGJZCSYLJQ": "",
    "KCPTGJZCSYLJQ": "",
    "YYZSR": "",
    "YYZSRTBZZ": "",
    "YYSR": "6884708007.99",
    "YYSRTBZZ": "-23.72",
    "YYSRKCJE": "",
    "KCHYYSR": "6831203082.82",
    "KCHYYSRTBZZ": "-23.84",
    "JLRHJ": "",
    "JLRHJTBZZ": "",
    "JLR": "-10102644.21",
    "JLRTBZZ": "-101.60",
    "FJCXSY": "33478138.37",
    "KCFJYXSYHDJLR": "-43580782.58",
    "KCFJYXSYHDJLRTBZZ": "-107.24",
    "PTGJLR": "",
    "PTGJLRTBZZ": "",
    "KCFJCXSYHPTGJLR": "",
    "KCFJCXSYHPTGJLRTBZZ": "",
    "JYXJLLJE": "-1133686404.96",
    "MGJYXJLLJE": "",
    "ZCZE": "10287318097.05",
    "GDQY": "4104390170.61",
    "MGJZCPL": "",
    "PTGMGJZC": "",
    "GJKJZEJLR": "",
    "GJKJZZJZC": ""
  },
  {
    "JZRQ": "2024-12-31",
    "JBMGSY": "3.11",
    "XSMGSY": "3.11",
    "JBMGSYKC": "2.96",
    "XSMGSYKC": "",
    "JLRJZCSYLJQ": "19.72",
    "KCHJLRJZCSYLJQ": "18.79",
    "PTGJZCSYLJQ": "",
    "KCPTGJZCSYLJQ": "",
    "YYZSR": "",
    "YYZSRTBZZ": "",
    "YYSR": "9026107897.16",
    "YYSRTBZZ": "",
    "YYSRKCJE": "",
    "KCHYYSR": "8969845976.98",
    "KCHYYSRTBZZ": "",
    "JLRHJ": "",
    "JLRHJTBZZ": "",
    "JLR": "631518804.55",
    "JLRTBZZ": "",
    "FJCXSY": "29549090.94",
    "KCFJYXSYHDJLR": "601969713.61",
    "KCFJYXSYHDJLRTBZZ": "",
    "PTGJLR": "",
    "PTGJLRTBZZ": "",
    "KCFJCXSYHPTGJLR": "",
    "KCFJCXSYHPTGJLRTBZZ": "",
    "JYXJLLJE": "36075601.12",
    "MGJYXJLLJE": "",
    "ZCZE": "9923226911.57",
    "GDQY": "4410386351.28",
    "MGJZCPL": "",
    "PTGMGJZC": "",
    "GJKJZEJLR": "",
    "GJKJZZJZC": ""
  },
  {
    "JZRQ": "2023-12-31",
    "JBMGSY": "1.71",
    "XSMGSY": "1.71",
    "JBMGSYKC": "1.52",
    "XSMGSYKC": "",
    "JLRJZCSYLJQ": "12.94",
    "KCHJLRJZCSYLJQ": "11.48",
    "PTGJZCSYLJQ": "",
    "KCPTGJZCSYLJQ": "",
    "YYZSR": "",
    "YYZSRTBZZ": "",
    "YYSR": "6390158827.41",
    "YYSRTBZZ": "",
    "YYSRKCJE": "",
    "KCHYYSR": "6369109781.55",
    "KCHYYSRTBZZ": "",
    "JLRHJ": "",
    "JLRHJTBZZ": "",
    "JLR": "345041900.56",
    "JLRTBZZ": "",
    "FJCXSY": "38706947.35",
    "KCFJYXSYHDJLR": "306334953.21",
    "KCFJYXSYHDJLRTBZZ": "",
    "PTGJLR": "",
    "PTGJLRTBZZ": "",
    "KCFJCXSYHPTGJLR": "",
    "KCFJCXSYHPTGJLRTBZZ": "",
    "JYXJLLJE": "798315842.57",
    "MGJYXJLLJE": "",
    "ZCZE": "8165398710.15",
    "GDQY": "2802439772.91",
    "MGJZCPL": "",
    "PTGMGJZC": "",
    "GJKJZEJLR": "",
    "GJKJZZJZC": ""
  }
]

【模块二】
[
  {
    "JZRQ": "2025-12-31",
    "JBMGSY": "-0.05",
    "XSMGSY": "-0.05",
    "JBMGSYKC": "-0.20",
    "XSMGSYKC": "-0.20",
    "PTGJZCSYLJQ": "-0.24",
    "KCPTGJZCSYLJQ": "-1.02"
  }
]

=== 688401-2026-04-17-路维光电-路维光电2025年年度报告.pdf ===
【模块一】
[
  {
    "JZRQ": "2025-12-31",
    "JBMGSY": "1.31",
    "XSMGSY": "1.29",
    "JBMGSYKC": "1.20",
    "XSMGSYKC": "",
    "JLRJZCSYLJQ": "16.54",
    "KCHJLRJZCSYLJQ": "15.12",
    "PTGJZCSYLJQ": "",
    "KCPTGJZCSYLJQ": "",
    "YYZSR": "",
    "YYZSRTBZZ": "",
    "YYSR": "1155231677.14",
    "YYSRTBZZ": "31.94",
    "YYSRKCJE": "",
    "KCHYYSR": "",
    "KCHYYSRTBZZ": "",
    "JLRHJ": "",
    "JLRHJTBZZ": "",
    "JLR": "251984299.40",
    "JLRTBZZ": "32.02",
    "FJCXSY": "21670464.41",
    "KCFJYXSYHDJLR": "230313834.99",
    "KCFJYXSYHDJLRTBZZ": "32.58",
    "PTGJLR": "",
    "PTGJLRTBZZ": "",
    "KCFJCXSYHPTGJLR": "",
    "KCFJCXSYHPTGJLRTBZZ": "",
    "JYXJLLJE": "353775068.13",
    "MGJYXJLLJE": "",
    "ZCZE": "3126612254.42",
    "GDQY": "1661683461.64",
    "MGJZCPL": "",
    "PTGMGJZC": "",
    "GJKJZEJLR": "",
    "GJKJZZJZC": ""
  },
  {
    "JZRQ": "2024-12-31",
    "JBMGSY": "0.99",
    "XSMGSY": "0.99",
    "JBMGSYKC": "0.91",
    "XSMGSYKC": "",
    "JLRJZCSYLJQ": "13.60",
    "KCHJLRJZCSYLJQ": "12.38",
    "PTGJZCSYLJQ": "",
    "KCPTGJZCSYLJQ": "",
    "YYZSR": "",
    "YYZSRTBZZ": "",
    "YYSR": "875548709.75",
    "YYSRTBZZ": "",
    "YYSRKCJE": "",
    "KCHYYSR": "",
    "KCHYYSRTBZZ": "",
    "JLRHJ": "",
    "JLRHJTBZZ": "",
    "JLR": "190862198.71",
    "JLRTBZZ": "",
    "FJCXSY": "17147438.81",
    "KCFJYXSYHDJLR": "173714759.90",
    "KCFJYXSYHDJLRTBZZ": "",
    "PTGJLR": "",
    "PTGJLRTBZZ": "",
    "KCFJCXSYHPTGJLR": "",
    "KCFJCXSYHPTGJLRTBZZ": "",
    "JYXJLLJE": "266951875.53",
    "MGJYXJLLJE": "",
    "ZCZE": "2242816653.64",
    "GDQY": "1391895736.59",
    "MGJZCPL": "",
    "PTGMGJZC": "",
    "GJKJZEJLR": "",
    "GJKJZZJZC": ""
  },
  {
    "JZRQ": "2023-12-31",
    "JBMGSY": "0.77",
    "XSMGSY": "0.77",
    "JBMGSYKC": "0.64",
    "XSMGSYKC": "",
    "JLRJZCSYLJQ": "10.61",
    "KCHJLRJZCSYLJQ": "8.87",
    "PTGJZCSYLJQ": "",
    "KCPTGJZCSYLJQ": "",
    "YYZSR": "",
    "YYZSRTBZZ": "",
    "YYSR": "672394411.13",
    "YYSRTBZZ": "",
    "YYSRKCJE": "",
    "KCHYYSR": "",
    "KCHYYSRTBZZ": "",
    "JLRHJ": "",
    "JLRHJTBZZ": "",
    "JLR": "148801031.80",
    "JLRTBZZ": "",
    "FJCXSY": "24328945.99",
    "KCFJYXSYHDJLR": "124472085.81",
    "KCFJYXSYHDJLRTBZZ": "",
    "PTGJLR": "",
    "PTGJLRTBZZ": "",
    "KCFJCXSYHPTGJLR": "",
    "KCFJCXSYHPTGJLRTBZZ": "",
    "JYXJLLJE": "166689493.79",
    "MGJYXJLLJE": "",
    "ZCZE": "2322589909.48",
    "GDQY": "1461670576.89",
    "MGJZCPL": "",
    "PTGMGJZC": "",
    "GJKJZEJLR": "",
    "GJKJZZJZC": ""
  }
]

【模块二】
[
  {
    "JZRQ": "2025-12-31",
    "JBMGSY": "1.31",
    "XSMGSY": "1.29",
    "JBMGSYKC": "1.20",
    "XSMGSYKC": "1.18",
    "PTGJZCSYLJQ": "16.54",
    "KCPTGJZCSYLJQ": "15.12"
  }
]

=== 688510-2026-04-17-航亚科技-无锡航亚科技股份有限公司2025年年度报告.pdf ===
【模块一】
[
  {
    "JZRQ": "2025-12-31",
    "JBMGSY": "0.39",
    "XSMGSY": "0.39",
    "JBMGSYKC": "0.29",
    "XSMGSYKC": "",
    "JLRJZCSYLJQ": "8.77",
    "KCHJLRJZCSYLJQ": "6.52",
    "PTGJZCSYLJQ": "",
    "KCPTGJZCSYLJQ": "",
    "YYZSR": "",
    "YYZSRTBZZ": "",
    "YYSR": "696579325.27",
    "YYSRTBZZ": "-0.95",
    "YYSRKCJE": "",
    "KCHYYSR": "",
    "KCHYYSRTBZZ": "",
    "JLRHJ": "",
    "JLRHJTBZZ": "",
    "JLR": "101930536.27",
    "JLRTBZZ": "-19.44",
    "FJCXSY": "26097075.34",
    "KCFJYXSYHDJLR": "75833460.93",
    "KCFJYXSYHDJLRTBZZ": "-26.37",
    "PTGJLR": "",
    "PTGJLRTBZZ": "",
    "KCFJCXSYHPTGJLR": "",
    "KCFJCXSYHPTGJLRTBZZ": "",
    "JYXJLLJE": "180041730.65",
    "MGJYXJLLJE": "",
    "ZCZE": "2017840518.04",
    "GDQY": "1207996359.67",
    "MGJZCPL": "",
    "PTGMGJZC": "",
    "GJKJZEJLR": "",
    "GJKJZZJZC": ""
  },
  {
    "JZRQ": "2024-12-31",
    "JBMGSY": "0.49",
    "XSMGSY": "0.49",
    "JBMGSYKC": "0.40",
    "XSMGSYKC": "",
    "JLRJZCSYLJQ": "11.64",
    "KCHJLRJZCSYLJQ": "9.48",
    "PTGJZCSYLJQ": "",
    "KCPTGJZCSYLJQ": "",
    "YYZSR": "",
    "YYZSRTBZZ": "",
    "YYSR": "703237456.45",
    "YYSRTBZZ": "",
    "YYSRKCJE": "",
    "KCHYYSR": "",
    "KCHYYSRTBZZ": "",
    "JLRHJ": "",
    "JLRHJTBZZ": "",
    "JLR": "126525306.11",
    "JLRTBZZ": "",
    "FJCXSY": "23537160.61",
    "KCFJYXSYHDJLR": "102988145.50",
    "KCFJYXSYHDJLRTBZZ": "",
    "PTGJLR": "",
    "PTGJLRTBZZ": "",
    "KCFJCXSYHPTGJLR": "",
    "KCFJCXSYHPTGJLRTBZZ": "",
    "JYXJLLJE": "210467915.47",
    "MGJYXJLLJE": "",
    "ZCZE": "1917034994.20",
    "GDQY": "1141985157.65",
    "MGJZCPL": "",
    "PTGMGJZC": "",
    "GJKJZEJLR": "",
    "GJKJZZJZC": ""
  },
  {
    "JZRQ": "2023-12-31",
    "JBMGSY": "0.35",
    "XSMGSY": "0.35",
    "JBMGSYKC": "0.33",
    "XSMGSYKC": "",
    "JLRJZCSYLJQ": "8.99",
    "KCHJLRJZCSYLJQ": "8.54",
    "PTGJZCSYLJQ": "",
    "KCPTGJZCSYLJQ": "",
    "YYZSR": "",
    "YYZSRTBZZ": "",
    "YYSR": "543505433.12",
    "YYSRTBZZ": "",
    "YYSRKCJE": "",
    "KCHYYSR": "",
    "KCHYYSRTBZZ": "",
    "JLRHJ": "",
    "JLRHJTBZZ": "",
    "JLR": "90201290.73",
    "JLRTBZZ": "",
    "FJCXSY": "4502691.25",
    "KCFJYXSYHDJLR": "85698599.48",
    "KCFJYXSYHDJLRTBZZ": "",
    "PTGJLR": "",
    "PTGJLRTBZZ": "",
    "KCFJCXSYHPTGJLR": "",
    "KCFJCXSYHPTGJLRTBZZ": "",
    "JYXJLLJE": "120728220.37",
    "MGJYXJLLJE": "",
    "ZCZE": "1585860374.06",
    "GDQY": "1048937439.71",
    "MGJZCPL": "",
    "PTGMGJZC": "",
    "GJKJZEJLR": "",
    "GJKJZZJZC": ""
  }
]

【模块二】
[
  {
    "JZRQ": "2025-12-31",
    "JBMGSY": "0.39",
    "XSMGSY": "0.39",
    "JBMGSYKC": "0.29",
    "XSMGSYKC": "0.29",
    "PTGJZCSYLJQ": "8.77",
    "KCPTGJZCSYLJQ": "6.52"
  }
]

=== 688733-2026-04-17-壹石通-壹石通2025年年度报告.pdf ===
【模块一】
[
  {
    "JZRQ": "2025-12-31",
    "JBMGSY": "-0.11",
    "XSMGSY": "-0.11",
    "JBMGSYKC": "-0.29",
    "XSMGSYKC": "",
    "JLRJZCSYLJQ": "-1.02",
    "KCHJLRJZCSYLJQ": "-2.59",
    "PTGJZCSYLJQ": "",
    "KCPTGJZCSYLJQ": "",
    "YYZSR": "",
    "YYZSRTBZZ": "",
    "YYSR": "630066500",
    "YYSRTBZZ": "24.89",
    "YYSRKCJE": "",
    "KCHYYSR": "628027500",
    "KCHYYSRTBZZ": "24.94",
    "JLRHJ": "",
    "JLRHJTBZZ": "",
    "JLR": "-22122400",
    "JLRTBZZ": "-284.29",
    "FJCXSY": "34285000",
    "KCFJYXSYHDJLR": "-56407400",
    "KCFJYXSYHDJLRTBZZ": "",
    "PTGJLR": "",
    "PTGJLRTBZZ": "",
    "KCFJCXSYHPTGJLR": "",
    "KCFJCXSYHPTGJLRTBZZ": "",
    "JYXJLLJE": "-55438200",
    "MGJYXJLLJE": "",
    "ZCZE": "3511629000",
    "GDQY": "2108199300",
    "MGJZCPL": "",
    "PTGMGJZC": "",
    "GJKJZEJLR": "",
    "GJKJZZJZC": ""
  },
  {
    "JZRQ": "2024-12-31",
    "JBMGSY": "0.06",
    "XSMGSY": "0.06",
    "JBMGSYKC": "-0.12",
    "XSMGSYKC": "",
    "JLRJZCSYLJQ": "0.54",
    "KCHJLRJZCSYLJQ": "-1.07",
    "PTGJZCSYLJQ": "",
    "KCPTGJZCSYLJQ": "",
    "YYZSR": "",
    "YYZSRTBZZ": "",
    "YYSR": "504510500",
    "YYSRTBZZ": "",
    "YYSRKCJE": "",
    "KCHYYSR": "502677700",
    "KCHYYSRTBZZ": "",
    "JLRHJ": "",
    "JLRHJTBZZ": "",
    "JLR": "12004100",
    "JLRTBZZ": "",
    "FJCXSY": "35718000",
    "KCFJYXSYHDJLR": "-23713800",
    "KCFJYXSYHDJLRTBZZ": "",
    "PTGJLR": "",
    "PTGJLRTBZZ": "",
    "KCFJCXSYHPTGJLR": "",
    "KCFJCXSYHPTGJLRTBZZ": "",
    "JYXJLLJE": "-67269600",
    "MGJYXJLLJE": "",
    "ZCZE": "3223564300",
    "GDQY": "2202205800",
    "MGJZCPL": "",
    "PTGMGJZC": "",
    "GJKJZEJLR": "",
    "GJKJZZJZC": ""
  },
  {
    "JZRQ": "2023-12-31",
    "JBMGSY": "0.12",
    "XSMGSY": "0.12",
    "JBMGSYKC": "-0.04",
    "XSMGSYKC": "",
    "JLRJZCSYLJQ": "1.09",
    "KCHJLRJZCSYLJQ": "-0.38",
    "PTGJZCSYLJQ": "",
    "KCPTGJZCSYLJQ": "",
    "YYZSR": "",
    "YYZSRTBZZ": "",
    "YYSR": "464545700",
    "YYSRTBZZ": "",
    "YYSRKCJE": "",
    "KCHYYSR": "463850800",
    "KCHYYSRTBZZ": "",
    "JLRHJ": "",
    "JLRHJTBZZ": "",
    "JLR": "24523700",
    "JLRTBZZ": "",
    "FJCXSY": "33020900",
    "KCFJYXSYHDJLR": "-8497200",
    "KCFJYXSYHDJLRTBZZ": "",
    "PTGJLR": "",
    "PTGJLRTBZZ": "",
    "KCFJCXSYHPTGJLR": "",
    "KCFJCXSYHPTGJLRTBZZ": "",
    "JYXJLLJE": "5680600",
    "MGJYXJLLJE": "",
    "ZCZE": "2972901300",
    "GDQY": "2237196100",
    "MGJZCPL": "",
    "PTGMGJZC": "",
    "GJKJZEJLR": "",
    "GJKJZZJZC": ""
  }
]

【模块二】
[
  {
    "JZRQ": "2025-12-31",
    "JBMGSY": "-0.11",
    "XSMGSY": "-0.11",
    "JBMGSYKC": "-0.29",
    "XSMGSYKC": "-0.29",
    "PTGJZCSYLJQ": "-1.02",
    "KCPTGJZCSYLJQ": "-2.59"
  }
]

=== 688691-2026-04-17-灿芯股份-2025年年度报告.pdf ===
【模块一】
[
  {
    "JZRQ": "2025-12-31",
    "JBMGSY": "-0.92",
    "XSMGSY": "-0.92",
    "JBMGSYKC": "-1.00",
    "XSMGSYKC": "",
    "JLRJZCSYLJQ": "-8.49",
    "KCHJLRJZCSYLJQ": "-9.28",
    "PTGJZCSYLJQ": "",
    "KCPTGJZCSYLJQ": "",
    "YYZSR": "",
    "YYZSRTBZZ": "",
    "YYSR": "724446205.33",
    "YYSRTBZZ": "-33.52",
    "YYSRKCJE": "",
    "KCHYYSR": "724446205.33",
    "KCHYYSRTBZZ": "-33.52",
    "JLRHJ": "",
    "JLRHJTBZZ": "",
    "JLR": "-110320847.20",
    "JLRTBZZ": "-280.71",
    "FJCXSY": "10334152.02",
    "KCFJYXSYHDJLR": "-120654999.22",
    "KCFJYXSYHDJLRTBZZ": "-373.93",
    "PTGJLR": "",
    "PTGJLRTBZZ": "",
    "KCFJCXSYHPTGJLR": "",
    "KCFJCXSYHPTGJLRTBZZ": "",
    "JYXJLLJE": "18587857.99",
    "MGJYXJLLJE": "",
    "ZCZE": "1647662093.20",
    "GDQY": "1238052924.92",
    "MGJZCPL": "",
    "PTGMGJZC": "",
    "GJKJZEJLR": "",
    "GJKJZZJZC": ""
  },
  {
    "JZRQ": "2024-12-31",
    "JBMGSY": "0.56",
    "XSMGSY": "0.56",
    "JBMGSYKC": "0.40",
    "XSMGSYKC": "",
    "JLRJZCSYLJQ": "5.18",
    "KCHJLRJZCSYLJQ": "3.74",
    "PTGJZCSYLJQ": "",
    "KCPTGJZCSYLJQ": "",
    "YYZSR": "",
    "YYZSRTBZZ": "",
    "YYSR": "1089661179.43",
    "YYSRTBZZ": "",
    "YYSRKCJE": "",
    "KCHYYSR": "1089661179.43",
    "KCHYYSRTBZZ": "",
    "JLRHJ": "",
    "JLRHJTBZZ": "",
    "JLR": "61047210.89",
    "JLRTBZZ": "",
    "FJCXSY": "17001107.63",
    "KCFJYXSYHDJLR": "44046103.26",
    "KCFJYXSYHDJLRTBZZ": "",
    "PTGJLR": "",
    "PTGJLRTBZZ": "",
    "KCFJCXSYHPTGJLR": "",
    "KCFJCXSYHPTGJLRTBZZ": "",
    "JYXJLLJE": "9116685.72",
    "MGJYXJLLJE": "",
    "ZCZE": "1735365244.83",
    "GDQY": "1365364463.25",
    "MGJZCPL": "",
    "PTGMGJZC": "",
    "GJKJZEJLR": "",
    "GJKJZZJZC": ""
  },
  {
    "JZRQ": "2023-12-31",
    "JBMGSY": "1.89",
    "XSMGSY": "1.89",
    "JBMGSYKC": "1.62",
    "XSMGSYKC": "",
    "JLRJZCSYLJQ": "23.44",
    "KCHJLRJZCSYLJQ": "20.08",
    "PTGJZCSYLJQ": "",
    "KCPTGJZCSYLJQ": "",
    "YYZSR": "",
    "YYZSRTBZZ": "",
    "YYSR": "1341492617.61",
    "YYSRTBZZ": "",
    "YYSRKCJE": "",
    "KCHYYSR": "1341492617.61",
    "KCHYYSRTBZZ": "",
    "JLRHJ": "",
    "JLRHJTBZZ": "",
    "JLR": "170471483.39",
    "JLRTBZZ": "",
    "FJCXSY": "24425765.29",
    "KCFJYXSYHDJLR": "146045718.10",
    "KCFJYXSYHDJLRTBZZ": "",
    "PTGJLR": "",
    "PTGJLRTBZZ": "",
    "KCFJCXSYHPTGJLR": "",
    "KCFJCXSYHPTGJLRTBZZ": "",
    "JYXJLLJE": "36662377.40",
    "MGJYXJLLJE": "",
    "ZCZE": "1353954680.61",
    "GDQY": "819379192.85",
    "MGJZCPL": "",
    "PTGMGJZC": "",
    "GJKJZEJLR": "",
    "GJKJZZJZC": ""
  }
]

【模块二】
[
  {
    "JZRQ": "2025-12-31",
    "JBMGSY": "-0.9193",
    "XSMGSY": "-0.9193",
    "JBMGSYKC": "-1.0055",
    "XSMGSYKC": "-1.0055",
    "PTGJZCSYLJQ": "-8.49",
    "KCPTGJZCSYLJQ": "-9.28"
  }
]

=== 688697-2026-04-17-纽威数控-纽威数控2025年年度报告.pdf ===
【模块一】
[
  {
    "JZRQ": "2025-12-31",
    "JBMGSY": "0.67",
    "XSMGSY": "",
    "JBMGSYKC": "0.58",
    "XSMGSYKC": "",
    "JLRJZCSYLJQ": "17.14",
    "KCHJLRJZCSYLJQ": "14.88",
    "PTGJZCSYLJQ": "",
    "KCPTGJZCSYLJQ": "",
    "YYZSR": "",
    "YYZSRTBZZ": "",
    "YYSR": "2893422488.69",
    "YYSRTBZZ": "17.52",
    "YYSRKCJE": "",
    "KCHYYSR": "",
    "KCHYYSRTBZZ": "",
    "JLRHJ": "",
    "JLRHJTBZZ": "",
    "JLR": "304247823.75",
    "JLRTBZZ": "-6.43",
    "FJCXSY": "40227505.55",
    "KCFJYXSYHDJLR": "264020318.20",
    "KCFJYXSYHDJLRTBZZ": "-5.48",
    "PTGJLR": "",
    "PTGJLRTBZZ": "",
    "KCFJCXSYHPTGJLR": "",
    "KCFJCXSYHPTGJLRTBZZ": "",
    "JYXJLLJE": "253600849.15",
    "MGJYXJLLJE": "",
    "ZCZE": "4528270762.16",
    "GDQY": "1847701969.99",
    "MGJZCPL": "",
    "PTGMGJZC": "",
    "GJKJZEJLR": "",
    "GJKJZZJZC": ""
  },
  {
    "JZRQ": "2024-12-31",
    "JBMGSY": "0.71",
    "XSMGSY": "",
    "JBMGSYKC": "0.61",
    "XSMGSYKC": "",
    "JLRJZCSYLJQ": "19.83",
    "KCHJLRJZCSYLJQ": "17.04",
    "PTGJZCSYLJQ": "",
    "KCPTGJZCSYLJQ": "",
    "YYZSR": "",
    "YYZSRTBZZ": "",
    "YYSR": "2462138135.21",
    "YYSRTBZZ": "",
    "YYSRKCJE": "",
    "KCHYYSR": "",
    "KCHYYSRTBZZ": "",
    "JLRHJ": "",
    "JLRHJTBZZ": "",
    "JLR": "325155831.39",
    "JLRTBZZ": "",
    "FJCXSY": "45830092.73",
    "KCFJYXSYHDJLR": "279325738.66",
    "KCFJYXSYHDJLRTBZZ": "",
    "PTGJLR": "",
    "PTGJLRTBZZ": "",
    "KCFJCXSYHPTGJLR": "",
    "KCFJCXSYHPTGJLRTBZZ": "",
    "JYXJLLJE": "264195202.97",
    "MGJYXJLLJE": "",
    "ZCZE": "3944815840.25",
    "GDQY": "1737161170.13",
    "MGJZCPL": "",
    "PTGMGJZC": "",
    "GJKJZEJLR": "",
    "GJKJZZJZC": ""
  },
  {
    "JZRQ": "2023-12-31",
    "JBMGSY": "0.69",
    "XSMGSY": "",
    "JBMGSYKC": "0.60",
    "XSMGSYKC": "",
    "JLRJZCSYLJQ": "21.13",
    "KCHJLRJZCSYLJQ": "18.35",
    "PTGJZCSYLJQ": "",
    "KCPTGJZCSYLJQ": "",
    "YYZSR": "",
    "YYZSRTBZZ": "",
    "YYSR": "2321036869.98",
    "YYSRTBZZ": "",
    "YYSRKCJE": "",
    "KCHYYSR": "",
    "KCHYYSRTBZZ": "",
    "JLRHJ": "",
    "JLRHJTBZZ": "",
    "JLR": "317646506.17",
    "JLRTBZZ": "",
    "FJCXSY": "41753606.88",
    "KCFJYXSYHDJLR": "275892899.29",
    "KCFJYXSYHDJLRTBZZ": "",
    "PTGJLR": "",
    "PTGJLRTBZZ": "",
    "KCFJCXSYHPTGJLR": "",
    "KCFJCXSYHPTGJLRTBZZ": "",
    "JYXJLLJE": "351300894.79",
    "MGJYXJLLJE": "",
    "ZCZE": "3652773240.07",
    "GDQY": "1607471555.57",
    "MGJZCPL": "",
    "PTGMGJZC": "",
    "GJKJZEJLR": "",
    "GJKJZZJZC": ""
  }
]

【模块二】
[
  {
    "JZRQ": "2025-12-31",
    "JBMGSY": "0.67",
    "XSMGSY": "",
    "JBMGSYKC": "0.58",
    "XSMGSYKC": "",
    "PTGJZCSYLJQ": "17.14",
    "KCPTGJZCSYLJQ": "14.88"
  }
]

=== 920098-2026-04-16-科隆新材-2025年年度报告.pdf ===
【模块一】
[
  {
    "JZRQ": "2025-12-31",
    "JBMGSY": "0.72",
    "XSMGSY": "",
    "JBMGSYKC": "",
    "XSMGSYKC": "",
    "JLRJZCSYLJQ": "6.38",
    "KCHJLRJZCSYLJQ": "5.81",
    "PTGJZCSYLJQ": "",
    "KCPTGJZCSYLJQ": "",
    "YYZSR": "",
    "YYZSRTBZZ": "",
    "YYSR": "484320450.22",
    "YYSRTBZZ": "0.18",
    "YYSRKCJE": "",
    "KCHYYSR": "",
    "KCHYYSRTBZZ": "",
    "JLRHJ": "",
    "JLRHJTBZZ": "",
    "JLR": "58813051.33",
    "JLRTBZZ": "-32.33",
    "FJCXSY": "5208617.08",
    "KCFJYXSYHDJLR": "53604434.25",
    "KCFJYXSYHDJLRTBZZ": "-33.84",
    "PTGJLR": "",
    "PTGJLRTBZZ": "",
    "KCFJCXSYHPTGJLR": "",
    "KCFJCXSYHPTGJLRTBZZ": "",
    "JYXJLLJE": "31217240.35",
    "MGJYXJLLJE": "",
    "ZCZE": "1203329330.45",
    "GDQY": "943966610.00",
    "MGJZCPL": "11.61",
    "PTGMGJZC": "",
    "GJKJZEJLR": "",
    "GJKJZZJZC": ""
  },
  {
    "JZRQ": "2024-12-31",
    "JBMGSY": "1.33",
    "XSMGSY": "",
    "JBMGSYKC": "",
    "XSMGSYKC": "",
    "JLRJZCSYLJQ": "13.95",
    "KCHJLRJZCSYLJQ": "13.01",
    "PTGJZCSYLJQ": "",
    "KCPTGJZCSYLJQ": "",
    "YYZSR": "",
    "YYZSRTBZZ": "",
    "YYSR": "483455835.37",
    "YYSRTBZZ": "",
    "YYSRKCJE": "",
    "KCHYYSR": "",
    "KCHYYSRTBZZ": "",
    "JLRHJ": "",
    "JLRHJTBZZ": "",
    "JLR": "86913496.38",
    "JLRTBZZ": "",
    "FJCXSY": "5893207.00",
    "KCFJYXSYHDJLR": "81020289.38",
    "KCFJYXSYHDJLRTBZZ": "",
    "PTGJLR": "",
    "PTGJLRTBZZ": "",
    "KCFJCXSYHPTGJLR": "",
    "KCFJCXSYHPTGJLRTBZZ": "",
    "JYXJLLJE": "28920855.88",
    "MGJYXJLLJE": "",
    "ZCZE": "1081378376.36",
    "GDQY": "880397621.46",
    "MGJZCPL": "11.13",
    "PTGMGJZC": "",
    "GJKJZEJLR": "",
    "GJKJZZJZC": ""
  },
  {
    "JZRQ": "2023-12-31",
    "JBMGSY": "1.30",
    "XSMGSY": "",
    "JBMGSYKC": "",
    "XSMGSYKC": "",
    "JLRJZCSYLJQ": "14.81",
    "KCHJLRJZCSYLJQ": "13.61",
    "PTGJZCSYLJQ": "",
    "KCPTGJZCSYLJQ": "",
    "YYZSR": "",
    "YYZSRTBZZ": "",
    "YYSR": "441654622.64",
    "YYSRTBZZ": "",
    "YYSRKCJE": "",
    "KCHYYSR": "",
    "KCHYYSRTBZZ": "",
    "JLRHJ": "",
    "JLRHJTBZZ": "",
    "JLR": "83368116.04",
    "JLRTBZZ": "",
    "FJCXSY": "6735609.86",
    "KCFJYXSYHDJLR": "76632506.18",
    "KCFJYXSYHDJLRTBZZ": "",
    "PTGJLR": "",
    "PTGJLRTBZZ": "",
    "KCFJCXSYHPTGJLR": "",
    "KCFJCXSYHPTGJLRTBZZ": "",
    "JYXJLLJE": "34553480.71",
    "MGJYXJLLJE": "",
    "ZCZE": "827177344.08",
    "GDQY": "607314339.59",
    "MGJZCPL": "9.48",
    "PTGMGJZC": "",
    "GJKJZEJLR": "",
    "GJKJZZJZC": ""
  }
]

【模块二】
[
  {
    "JZRQ": "2025-12-31",
    "JBMGSY": "0.72",
    "XSMGSY": "",
    "JBMGSYKC": "0.66",
    "XSMGSYKC": "",
    "PTGJZCSYLJQ": "6.38",
    "KCPTGJZCSYLJQ": "5.81"
  }
]

=== 920018-2026-04-16-宏远股份-2025年年度报告.pdf ===
【模块一】
[
  {
    "JZRQ": "2025-12-31",
    "JBMGSY": "1.03",
    "XSMGSY": "",
    "JBMGSYKC": "",
    "XSMGSYKC": "",
    "JLRJZCSYLJQ": "15.08",
    "KCHJLRJZCSYLJQ": "13.22",
    "PTGJZCSYLJQ": "",
    "KCPTGJZCSYLJQ": "",
    "YYZSR": "",
    "YYZSRTBZZ": "",
    "YYSR": "2702730278.14",
    "YYSRTBZZ": "30.41",
    "YYSRKCJE": "",
    "KCHYYSR": "",
    "KCHYYSRTBZZ": "",
    "JLRHJ": "",
    "JLRHJTBZZ": "",
    "JLR": "106367274.57",
    "JLRTBZZ": "5.00",
    "FJCXSY": "13137618.51",
    "KCFJYXSYHDJLR": "93229656.06",
    "KCFJYXSYHDJLRTBZZ": "2.21",
    "PTGJLR": "",
    "PTGJLRTBZZ": "",
    "KCFJCXSYHPTGJLR": "",
    "KCFJCXSYHPTGJLRTBZZ": "",
    "JYXJLLJE": "282580.07",
    "MGJYXJLLJE": "",
    "ZCZE": "2230817528.82",
    "GDQY": "960277405.78",
    "MGJZCPL": "7.54",
    "PTGMGJZC": "",
    "GJKJZEJLR": "",
    "GJKJZZJZC": ""
  },
  {
    "JZRQ": "2024-12-31",
    "JBMGSY": "1.10",
    "XSMGSY": "",
    "JBMGSYKC": "",
    "XSMGSYKC": "",
    "JLRJZCSYLJQ": "20.64",
    "KCHJLRJZCSYLJQ": "18.59",
    "PTGJZCSYLJQ": "",
    "KCPTGJZCSYLJQ": "",
    "YYZSR": "",
    "YYZSRTBZZ": "",
    "YYSR": "2072440184.67",
    "YYSRTBZZ": "",
    "YYSRKCJE": "",
    "KCHYYSR": "",
    "KCHYYSRTBZZ": "",
    "JLRHJ": "",
    "JLRHJTBZZ": "",
    "JLR": "101301748.05",
    "JLRTBZZ": "",
    "FJCXSY": "10087270.09",
    "KCFJYXSYHDJLR": "91214477.96",
    "KCFJYXSYHDJLRTBZZ": "",
    "PTGJLR": "",
    "PTGJLRTBZZ": "",
    "KCFJCXSYHPTGJLR": "",
    "KCFJCXSYHPTGJLRTBZZ": "",
    "JYXJLLJE": "28556211.75",
    "MGJYXJLLJE": "",
    "ZCZE": "1348792630.79",
    "GDQY": "540009190.86",
    "MGJZCPL": "5.87",
    "PTGMGJZC": "",
    "GJKJZEJLR": "",
    "GJKJZZJZC": ""
  },
  {
    "JZRQ": "2023-12-31",
    "JBMGSY": "0.70",
    "XSMGSY": "",
    "JBMGSYKC": "",
    "XSMGSYKC": "",
    "JLRJZCSYLJQ": "15.75",
    "KCHJLRJZCSYLJQ": "14.45",
    "PTGJZCSYLJQ": "",
    "KCPTGJZCSYLJQ": "",
    "YYZSR": "",
    "YYZSRTBZZ": "",
    "YYSR": "1461068871.52",
    "YYSRTBZZ": "",
    "YYSRKCJE": "",
    "KCHYYSR": "",
    "KCHYYSRTBZZ": "",
    "JLRHJ": "",
    "JLRHJTBZZ": "",
    "JLR": "64465663.93",
    "JLRTBZZ": "",
    "FJCXSY": "5288941.80",
    "KCFJYXSYHDJLR": "59176722.13",
    "KCFJYXSYHDJLRTBZZ": "",
    "PTGJLR": "",
    "PTGJLRTBZZ": "",
    "KCFJCXSYHPTGJLR": "",
    "KCFJCXSYHPTGJLRTBZZ": "",
    "JYXJLLJE": "-68290353.86",
    "MGJYXJLLJE": "",
    "ZCZE": "921033525.56",
    "GDQY": "441529226.15",
    "MGJZCPL": "4.80",
    "PTGMGJZC": "",
    "GJKJZEJLR": "",
    "GJKJZZJZC": ""
  }
]

【模块二】
[
  {
    "JZRQ": "2025-12-31",
    "JBMGSY": "1.03",
    "XSMGSY": "1.03",
    "JBMGSYKC": "0.90",
    "XSMGSYKC": "0.90",
    "PTGJZCSYLJQ": "15.08",
    "KCPTGJZCSYLJQ": "13.22"
  }
]

=== 920112-2026-04-16-巴兰仕-2025年年度报告.pdf ===
【模块一】
[
  {
    "JZRQ": "2025-12-31",
    "JBMGSY": "2.09",
    "XSMGSY": "",
    "JBMGSYKC": "",
    "XSMGSYKC": "",
    "JLRJZCSYLJQ": "22.15",
    "KCHJLRJZCSYLJQ": "21.55",
    "PTGJZCSYLJQ": "",
    "KCPTGJZCSYLJQ": "",
    "YYZSR": "",
    "YYZSRTBZZ": "",
    "YYSR": "1120327237.90",
    "YYSRTBZZ": "5.98",
    "YYSRKCJE": "",
    "KCHYYSR": "",
    "KCHYYSRTBZZ": "",
    "JLRHJ": "",
    "JLRHJTBZZ": "",
    "JLR": "146298576.13",
    "JLRTBZZ": "13.05",
    "FJCXSY": "3945373.16",
    "KCFJYXSYHDJLR": "142353202.97",
    "KCFJYXSYHDJLRTBZZ": "11.62",
    "PTGJLR": "",
    "PTGJLRTBZZ": "",
    "KCFJCXSYHPTGJLR": "",
    "KCFJCXSYHPTGJLRTBZZ": "",
    "JYXJLLJE": "180766428.03",
    "MGJYXJLLJE": "",
    "ZCZE": "1141258178.14",
    "GDQY": "897769354.19",
    "MGJZCPL": "10.58",
    "PTGMGJZC": "",
    "GJKJZEJLR": "",
    "GJKJZZJZC": ""
  },
  {
    "JZRQ": "2024-12-31",
    "JBMGSY": "2.05",
    "XSMGSY": "",
    "JBMGSYKC": "",
    "XSMGSYKC": "",
    "JLRJZCSYLJQ": "29.38",
    "KCHJLRJZCSYLJQ": "28.96",
    "PTGJZCSYLJQ": "",
    "KCPTGJZCSYLJQ": "",
    "YYZSR": "",
    "YYZSRTBZZ": "",
    "YYSR": "1057127869.65",
    "YYSRTBZZ": "",
    "YYSRKCJE": "",
    "KCHYYSR": "",
    "KCHYYSRTBZZ": "",
    "JLRHJ": "",
    "JLRHJTBZZ": "",
    "JLR": "129404864.25",
    "JLRTBZZ": "",
    "FJCXSY": "1869665.86",
    "KCFJYXSYHDJLR": "127535198.39",
    "KCFJYXSYHDJLRTBZZ": "",
    "PTGJLR": "",
    "PTGJLRTBZZ": "",
    "KCFJCXSYHPTGJLR": "",
    "KCFJCXSYHPTGJLRTBZZ": "",
    "JYXJLLJE": "104657160.69",
    "MGJYXJLLJE": "",
    "ZCZE": "707332056.83",
    "GDQY": "494591388.08",
    "MGJZCPL": "7.85",
    "PTGMGJZC": "",
    "GJKJZEJLR": "",
    "GJKJZZJZC": ""
  },
  {
    "JZRQ": "2023-12-31",
    "JBMGSY": "1.28",
    "XSMGSY": "",
    "JBMGSYKC": "",
    "XSMGSYKC": "",
    "JLRJZCSYLJQ": "22.03",
    "KCHJLRJZCSYLJQ": "21.65",
    "PTGJZCSYLJQ": "",
    "KCPTGJZCSYLJQ": "",
    "YYZSR": "",
    "YYZSRTBZZ": "",
    "YYSR": "794259740.79",
    "YYSRTBZZ": "",
    "YYSRKCJE": "",
    "KCHYYSR": "",
    "KCHYYSRTBZZ": "",
    "JLRHJ": "",
    "JLRHJTBZZ": "",
    "JLR": "80553566.17",
    "JLRTBZZ": "",
    "FJCXSY": "1365830.22",
    "KCFJYXSYHDJLR": "79187735.95",
    "KCFJYXSYHDJLRTBZZ": "",
    "PTGJLR": "",
    "PTGJLRTBZZ": "",
    "KCFJCXSYHPTGJLR": "",
    "KCFJCXSYHPTGJLRTBZZ": "",
    "JYXJLLJE": "169095715.83",
    "MGJYXJLLJE": "",
    "ZCZE": "558032467.44",
    "GDQY": "390575408.45",
    "MGJZCPL": "6.20",
    "PTGMGJZC": "",
    "GJKJZEJLR": "",
    "GJKJZZJZC": ""
  }
]

【模块二】
[
  {
    "JZRQ": "2025-12-31",
    "JBMGSY": "2.09",
    "XSMGSY": "2.09",
    "JBMGSYKC": "2.03",
    "XSMGSYKC": "2.03",
    "PTGJZCSYLJQ": "22.15",
    "KCPTGJZCSYLJQ": "21.55"
  }
]

=== 920119-2026-04-16-美德乐-2025年年度报告.pdf ===
【模块一】
[
  {
    "JZRQ": "2025-12-31",
    "JBMGSY": "4.83",
    "XSMGSY": "",
    "JBMGSYKC": "",
    "XSMGSYKC": "",
    "JLRJZCSYLJQ": "23.90",
    "KCHJLRJZCSYLJQ": "23.27",
    "PTGJZCSYLJQ": "",
    "KCPTGJZCSYLJQ": "",
    "YYZSR": "",
    "YYZSRTBZZ": "",
    "YYSR": "1368812906.41",
    "YYSRTBZZ": "20.31",
    "YYSRKCJE": "",
    "KCHYYSR": "",
    "KCHYYSRTBZZ": "",
    "JLRHJ": "",
    "JLRHJTBZZ": "",
    "JLR": "271336786.40",
    "JLRTBZZ": "28.74",
    "FJCXSY": "7174974.99",
    "KCFJYXSYHDJLR": "264161811.41",
    "KCFJYXSYHDJLRTBZZ": "31.08",
    "PTGJLR": "",
    "PTGJLRTBZZ": "",
    "KCFJCXSYHPTGJLR": "",
    "KCFJCXSYHPTGJLRTBZZ": "",
    "JYXJLLJE": "211086333.86",
    "MGJYXJLLJE": "",
    "ZCZE": "2792634867.42",
    "GDQY": "1283880817.22",
    "MGJZCPL": "22.88",
    "PTGMGJZC": "",
    "GJKJZEJLR": "",
    "GJKJZZJZC": ""
  },
  {
    "JZRQ": "2024-12-31",
    "JBMGSY": "3.76",
    "XSMGSY": "",
    "JBMGSYKC": "",
    "XSMGSYKC": "",
    "JLRJZCSYLJQ": "23.41",
    "KCHJLRJZCSYLJQ": "22.39",
    "PTGJZCSYLJQ": "",
    "KCPTGJZCSYLJQ": "",
    "YYZSR": "",
    "YYZSRTBZZ": "",
    "YYSR": "1137724647.41",
    "YYSRTBZZ": "",
    "YYSRKCJE": "",
    "KCHYYSR": "",
    "KCHYYSRTBZZ": "",
    "JLRHJ": "",
    "JLRHJTBZZ": "",
    "JLR": "210757830.45",
    "JLRTBZZ": "",
    "FJCXSY": "9232319.85",
    "KCFJYXSYHDJLR": "201525510.60",
    "KCFJYXSYHDJLRTBZZ": "",
    "PTGJLR": "",
    "PTGJLRTBZZ": "",
    "KCFJCXSYHPTGJLR": "",
    "KCFJCXSYHPTGJLRTBZZ": "",
    "JYXJLLJE": "94023982.25",
    "MGJYXJLLJE": "",
    "ZCZE": "2051232098.22",
    "GDQY": "986415088.57",
    "MGJZCPL": "17.58",
    "PTGMGJZC": "",
    "GJKJZEJLR": "",
    "GJKJZZJZC": ""
  },
  {
    "JZRQ": "2023-12-31",
    "JBMGSY": "3.69",
    "XSMGSY": "",
    "JBMGSYKC": "",
    "XSMGSYKC": "",
    "JLRJZCSYLJQ": "29.74",
    "KCHJLRJZCSYLJQ": "28.56",
    "PTGJZCSYLJQ": "",
    "KCPTGJZCSYLJQ": "",
    "YYZSR": "",
    "YYZSRTBZZ": "",
    "YYSR": "1009238121.73",
    "YYSRTBZZ": "",
    "YYSRKCJE": "",
    "KCHYYSR": "",
    "KCHYYSRTBZZ": "",
    "JLRHJ": "",
    "JLRHJTBZZ": "",
    "JLR": "205213274.69",
    "JLRTBZZ": "",
    "FJCXSY": "8139468.81",
    "KCFJYXSYHDJLR": "197073805.88",
    "KCFJYXSYHDJLRTBZZ": "",
    "PTGJLR": "",
    "PTGJLRTBZZ": "",
    "KCFJCXSYHPTGJLR": "",
    "KCFJCXSYHPTGJLRTBZZ": "",
    "JYXJLLJE": "251604895.11",
    "MGJYXJLLJE": "",
    "ZCZE": "2059330695.21",
    "GDQY": "798924532.24",
    "MGJZCPL": "14.24",
    "PTGMGJZC": "",
    "GJKJZEJLR": "",
    "GJKJZZJZC": ""
  }
]

【模块二】
[
  {
    "JZRQ": "2025-12-31",
    "JBMGSY": "4.83",
    "XSMGSY": "4.83",
    "JBMGSYKC": "4.71",
    "XSMGSYKC": "4.71",
    "PTGJZCSYLJQ": "23.90",
    "KCPTGJZCSYLJQ": "23.27"
  },
  {
    "JZRQ": "2024-12-31",
    "JBMGSY": "3.76",
    "XSMGSY": "3.76",
    "JBMGSYKC": "3.59",
    "XSMGSYKC": "3.59",
    "PTGJZCSYLJQ": "23.41",
    "KCPTGJZCSYLJQ": "22.39"
  }
]

=== 920242-2026-04-16-建邦科技-2025年年度报告.pdf ===
【模块一】
[
  {
    "JZRQ": "2025-12-31",
    "JBMGSY": "1.29",
    "XSMGSY": "",
    "JBMGSYKC": "",
    "XSMGSYKC": "",
    "JLRJZCSYLJQ": "13.31",
    "KCHJLRJZCSYLJQ": "12.98",
    "PTGJZCSYLJQ": "",
    "KCPTGJZCSYLJQ": "",
    "YYZSR": "",
    "YYZSRTBZZ": "",
    "YYSR": "780124843.74",
    "YYSRTBZZ": "3.71",
    "YYSRKCJE": "",
    "KCHYYSR": "",
    "KCHYYSRTBZZ": "",
    "JLRHJ": "",
    "JLRHJTBZZ": "",
    "JLR": "85594581.05",
    "JLRTBZZ": "-19.63",
    "FJCXSY": "2143587.68",
    "KCFJYXSYHDJLR": "83450993.37",
    "KCFJYXSYHDJLRTBZZ": "-19.24",
    "PTGJLR": "",
    "PTGJLRTBZZ": "",
    "KCFJCXSYHPTGJLR": "",
    "KCFJCXSYHPTGJLRTBZZ": "",
    "JYXJLLJE": "134579059.88",
    "MGJYXJLLJE": "",
    "ZCZE": "885033421.67",
    "GDQY": "670974828.94",
    "MGJZCPL": "10.19",
    "PTGMGJZC": "",
    "GJKJZEJLR": "",
    "GJKJZZJZC": ""
  },
  {
    "JZRQ": "2024-12-31",
    "JBMGSY": "1.65",
    "XSMGSY": "",
    "JBMGSYKC": "",
    "XSMGSYKC": "",
    "JLRJZCSYLJQ": "19.59",
    "KCHJLRJZCSYLJQ": "19.01",
    "PTGJZCSYLJQ": "",
    "KCPTGJZCSYLJQ": "",
    "YYZSR": "",
    "YYZSRTBZZ": "",
    "YYSR": "752235169.77",
    "YYSRTBZZ": "",
    "YYSRKCJE": "",
    "KCHYYSR": "",
    "KCHYYSRTBZZ": "",
    "JLRHJ": "",
    "JLRHJTBZZ": "",
    "JLR": "106502450.85",
    "JLRTBZZ": "",
    "FJCXSY": "3169386.81",
    "KCFJYXSYHDJLR": "103333064.04",
    "KCFJYXSYHDJLRTBZZ": "",
    "PTGJLR": "",
    "PTGJLRTBZZ": "",
    "KCFJCXSYHPTGJLR": "",
    "KCFJCXSYHPTGJLRTBZZ": "",
    "JYXJLLJE": "42513618.69",
    "MGJYXJLLJE": "",
    "ZCZE": "854635114.87",
    "GDQY": "602968255.55",
    "MGJZCPL": "9.21",
    "PTGMGJZC": "",
    "GJKJZEJLR": "",
    "GJKJZZJZC": ""
  },
  {
    "JZRQ": "2023-12-31",
    "JBMGSY": "1.10",
    "XSMGSY": "",
    "JBMGSYKC": "",
    "XSMGSYKC": "",
    "JLRJZCSYLJQ": "14.75",
    "KCHJLRJZCSYLJQ": "14.70",
    "PTGJZCSYLJQ": "",
    "KCPTGJZCSYLJQ": "",
    "YYZSR": "",
    "YYZSRTBZZ": "",
    "YYSR": "558428514.22",
    "YYSRTBZZ": "",
    "YYSRKCJE": "",
    "KCHYYSR": "",
    "KCHYYSRTBZZ": "",
    "JLRHJ": "",
    "JLRHJTBZZ": "",
    "JLR": "69650547.15",
    "JLRTBZZ": "",
    "FJCXSY": "250554.00",
    "KCFJYXSYHDJLR": "69399993.15",
    "KCFJYXSYHDJLRTBZZ": "",
    "PTGJLR": "",
    "PTGJLRTBZZ": "",
    "KCFJCXSYHPTGJLR": "",
    "KCFJCXSYHPTGJLRTBZZ": "",
    "JYXJLLJE": "64752256.56",
    "MGJYXJLLJE": "",
    "ZCZE": "701757889.06",
    "GDQY": "504915368.80",
    "MGJZCPL": "7.83",
    "PTGMGJZC": "",
    "GJKJZEJLR": "",
    "GJKJZZJZC": ""
  }
]

【模块二】
[
  {
    "JZRQ": "2025-12-31",
    "JBMGSY": "1.29",
    "XSMGSY": "1.29",
    "JBMGSYKC": "1.26",
    "XSMGSYKC": "1.26",
    "PTGJZCSYLJQ": "13.31",
    "KCPTGJZCSYLJQ": "12.98"
  }
]

=== 920478-2026-04-16-峆一药业-2025年年度报告.pdf ===
【模块一】
[
  {
    "JZRQ": "2025-12-31",
    "JBMGSY": "0.64",
    "XSMGSY": "",
    "JBMGSYKC": "",
    "XSMGSYKC": "",
    "JLRJZCSYLJQ": "10.09",
    "KCHJLRJZCSYLJQ": "9.51",
    "PTGJZCSYLJQ": "",
    "KCPTGJZCSYLJQ": "",
    "YYZSR": "",
    "YYZSRTBZZ": "",
    "YYSR": "287684655.66",
    "YYSRTBZZ": "6.37",
    "YYSRKCJE": "",
    "KCHYYSR": "287684655.66",
    "KCHYYSRTBZZ": "",
    "JLRHJ": "",
    "JLRHJTBZZ": "",
    "JLR": "50164943.14",
    "JLRTBZZ": "1.01",
    "FJCXSY": "2855855.05",
    "KCFJYXSYHDJLR": "47309088.09",
    "KCFJYXSYHDJLRTBZZ": "4.56",
    "PTGJLR": "",
    "PTGJLRTBZZ": "",
    "KCFJCXSYHPTGJLR": "",
    "KCFJCXSYHPTGJLRTBZZ": "",
    "JYXJLLJE": "75565496.56",
    "MGJYXJLLJE": "",
    "ZCZE": "637254046.24",
    "GDQY": "518264816.52",
    "MGJZCPL": "6.58",
    "PTGMGJZC": "",
    "GJKJZEJLR": "",
    "GJKJZZJZC": ""
  },
  {
    "JZRQ": "2024-12-31",
    "JBMGSY": "0.64",
    "XSMGSY": "",
    "JBMGSYKC": "",
    "XSMGSYKC": "",
    "JLRJZCSYLJQ": "10.54",
    "KCHJLRJZCSYLJQ": "9.61",
    "PTGJZCSYLJQ": "",
    "KCPTGJZCSYLJQ": "",
    "YYZSR": "",
    "YYZSRTBZZ": "",
    "YYSR": "270466229.84",
    "YYSRTBZZ": "",
    "YYSRKCJE": "",
    "KCHYYSR": "270466229.84",
    "KCHYYSRTBZZ": "",
    "JLRHJ": "",
    "JLRHJTBZZ": "",
    "JLR": "49664051.16",
    "JLRTBZZ": "",
    "FJCXSY": "4418559.82",
    "KCFJYXSYHDJLR": "45245491.34",
    "KCFJYXSYHDJLRTBZZ": "",
    "PTGJLR": "",
    "PTGJLRTBZZ": "",
    "KCFJCXSYHPTGJLR": "",
    "KCFJCXSYHPTGJLRTBZZ": "",
    "JYXJLLJE": "41462010.43",
    "MGJYXJLLJE": "",
    "ZCZE": "561586391.04",
    "GDQY": "484163837.74",
    "MGJZCPL": "8.61",
    "PTGMGJZC": "",
    "GJKJZEJLR": "",
    "GJKJZZJZC": ""
  },
  {
    "JZRQ": "2023-12-31",
    "JBMGSY": "0.91",
    "XSMGSY": "",
    "JBMGSYKC": "",
    "XSMGSYKC": "",
    "JLRJZCSYLJQ": "11.62",
    "KCHJLRJZCSYLJQ": "8.01",
    "PTGJZCSYLJQ": "",
    "KCPTGJZCSYLJQ": "",
    "YYZSR": "",
    "YYZSRTBZZ": "",
    "YYSR": "226253170.32",
    "YYSRTBZZ": "",
    "YYSRKCJE": "",
    "KCHYYSR": "226253170.32",
    "KCHYYSRTBZZ": "",
    "JLRHJ": "",
    "JLRHJTBZZ": "",
    "JLR": "48572460.01",
    "JLRTBZZ": "",
    "FJCXSY": "15101683.90",
    "KCFJYXSYHDJLR": "33470776.11",
    "KCFJYXSYHDJLRTBZZ": "",
    "PTGJLR": "",
    "PTGJLRTBZZ": "",
    "KCFJCXSYHPTGJLR": "",
    "KCFJCXSYHPTGJLRTBZZ": "",
    "JYXJLLJE": "41446334.08",
    "MGJYXJLLJE": "",
    "ZCZE": "533395393.75",
    "GDQY": "455799065.23",
    "MGJZCPL": "11.35",
    "PTGMGJZC": "",
    "GJKJZEJLR": "",
    "GJKJZZJZC": ""
  }
]

【模块二】
[
  {
    "JZRQ": "2025-12-31",
    "JBMGSY": "0.64",
    "XSMGSY": "0.64",
    "JBMGSYKC": "0.60",
    "XSMGSYKC": "0.60",
    "PTGJZCSYLJQ": "10.09",
    "KCPTGJZCSYLJQ": "9.51"
  },
  {
    "JZRQ": "2024-12-31",
    "JBMGSY": "0.64",
    "XSMGSY": "0.64",
    "JBMGSYKC": "0.58",
    "XSMGSYKC": "0.58",
    "PTGJZCSYLJQ": "10.54",
    "KCPTGJZCSYLJQ": "9.61"
  }
]

=== 920656-2026-04-16-海昇药业-2025年年度报告.pdf ===
【模块一】
[
  {
    "JZRQ": "2025-12-31",
    "JBMGSY": "0.69",
    "XSMGSY": "",
    "JBMGSYKC": "",
    "XSMGSYKC": "",
    "JLRJZCSYLJQ": "10.27",
    "KCHJLRJZCSYLJQ": "9.25",
    "PTGJZCSYLJQ": "",
    "KCPTGJZCSYLJQ": "",
    "YYZSR": "",
    "YYZSRTBZZ": "",
    "YYSR": "220598316.50",
    "YYSRTBZZ": "32.72",
    "YYSRKCJE": "",
    "KCHYYSR": "",
    "KCHYYSRTBZZ": "",
    "JLRHJ": "",
    "JLRHJTBZZ": "",
    "JLR": "69456983.52",
    "JLRTBZZ": "36.86",
    "FJCXSY": "6922466.43",
    "KCFJYXSYHDJLR": "62534517.09",
    "KCFJYXSYHDJLRTBZZ": "43.64",
    "PTGJLR": "",
    "PTGJLRTBZZ": "",
    "KCFJCXSYHPTGJLR": "",
    "KCFJCXSYHPTGJLRTBZZ": "",
    "JYXJLLJE": "35328702.90",
    "MGJYXJLLJE": "",
    "ZCZE": "736876045.96",
    "GDQY": "703444546.52",
    "MGJZCPL": "7.03",
    "PTGMGJZC": "",
    "GJKJZEJLR": "",
    "GJKJZZJZC": ""
  },
  {
    "JZRQ": "2024-12-31",
    "JBMGSY": "0.52",
    "XSMGSY": "",
    "JBMGSYKC": "",
    "XSMGSYKC": "",
    "JLRJZCSYLJQ": "8.27",
    "KCHJLRJZCSYLJQ": "7.09",
    "PTGJZCSYLJQ": "",
    "KCPTGJZCSYLJQ": "",
    "YYZSR": "",
    "YYZSRTBZZ": "",
    "YYSR": "166209055.55",
    "YYSRTBZZ": "",
    "YYSRKCJE": "",
    "KCHYYSR": "",
    "KCHYYSRTBZZ": "",
    "JLRHJ": "",
    "JLRHJTBZZ": "",
    "JLR": "50750223.40",
    "JLRTBZZ": "",
    "FJCXSY": "7215468.35",
    "KCFJYXSYHDJLR": "43534755.05",
    "KCFJYXSYHDJLRTBZZ": "",
    "PTGJLR": "",
    "PTGJLRTBZZ": "",
    "KCFJCXSYHPTGJLR": "",
    "KCFJCXSYHPTGJLRTBZZ": "",
    "JYXJLLJE": "24653187.71",
    "MGJYXJLLJE": "",
    "ZCZE": "703211967.42",
    "GDQY": "652640369.55",
    "MGJZCPL": "8.16",
    "PTGMGJZC": "",
    "GJKJZEJLR": "",
    "GJKJZZJZC": ""
  },
  {
    "JZRQ": "2023-12-31",
    "JBMGSY": "1.41",
    "XSMGSY": "",
    "JBMGSYKC": "",
    "XSMGSYKC": "",
    "JLRJZCSYLJQ": "32.45",
    "KCHJLRJZCSYLJQ": "32.11",
    "PTGJZCSYLJQ": "",
    "KCPTGJZCSYLJQ": "",
    "YYZSR": "",
    "YYZSRTBZZ": "",
    "YYSR": "215101819.65",
    "YYSRTBZZ": "",
    "YYSRKCJE": "",
    "KCHYYSR": "",
    "KCHYYSRTBZZ": "",
    "JLRHJ": "",
    "JLRHJTBZZ": "",
    "JLR": "84755693.84",
    "JLRTBZZ": "",
    "FJCXSY": "881577.52",
    "KCFJYXSYHDJLR": "83874116.32",
    "KCFJYXSYHDJLRTBZZ": "",
    "PTGJLR": "",
    "PTGJLRTBZZ": "",
    "KCFJCXSYHPTGJLR": "",
    "KCFJCXSYHPTGJLRTBZZ": "",
    "JYXJLLJE": "59881421.65",
    "MGJYXJLLJE": "",
    "ZCZE": "307375267.23",
    "GDQY": "284392844.63",
    "MGJZCPL": "4.74",
    "PTGMGJZC": "",
    "GJKJZEJLR": "",
    "GJKJZZJZC": ""
  }
]

【模块二】
[
  {
    "JZRQ": "2025-12-31",
    "JBMGSY": "0.69",
    "XSMGSY": "0.69",
    "JBMGSYKC": "0.63",
    "XSMGSYKC": "0.63",
    "PTGJZCSYLJQ": "10.27",
    "KCPTGJZCSYLJQ": "9.25"
  }
]

=== 920770-2026-04-16-艾能聚-2025年年度报告.pdf ===
【模块一】
[
  {
    "JZRQ": "2025-12-31",
    "JBMGSY": "0.35",
    "XSMGSY": "",
    "JBMGSYKC": "",
    "XSMGSYKC": "",
    "JLRJZCSYLJQ": "7.52",
    "KCHJLRJZCSYLJQ": "8.46",
    "PTGJZCSYLJQ": "",
    "KCPTGJZCSYLJQ": "",
    "YYZSR": "",
    "YYZSRTBZZ": "",
    "YYSR": "182528141.53",
    "YYSRTBZZ": "18.11",
    "YYSRKCJE": "",
    "KCHYYSR": "",
    "KCHYYSRTBZZ": "",
    "JLRHJ": "",
    "JLRHJTBZZ": "",
    "JLR": "45195937.88",
    "JLRTBZZ": "28.29",
    "FJCXSY": "-5652806.69",
    "KCFJYXSYHDJLR": "50848744.57",
    "KCFJYXSYHDJLRTBZZ": "37.13",
    "PTGJLR": "",
    "PTGJLRTBZZ": "",
    "KCFJCXSYHPTGJLR": "",
    "KCFJCXSYHPTGJLRTBZZ": "",
    "JYXJLLJE": "53820783.15",
    "MGJYXJLLJE": "",
    "ZCZE": "910244532.81",
    "GDQY": "618215415.33",
    "MGJZCPL": "4.75",
    "PTGMGJZC": "",
    "GJKJZEJLR": "",
    "GJKJZZJZC": ""
  },
  {
    "JZRQ": "2024-12-31",
    "JBMGSY": "0.27",
    "XSMGSY": "",
    "JBMGSYKC": "",
    "XSMGSYKC": "",
    "JLRJZCSYLJQ": "6.18",
    "KCHJLRJZCSYLJQ": "6.51",
    "PTGJZCSYLJQ": "",
    "KCPTGJZCSYLJQ": "",
    "YYZSR": "",
    "YYZSRTBZZ": "",
    "YYSR": "154544869.75",
    "YYSRTBZZ": "",
    "YYSRKCJE": "",
    "KCHYYSR": "",
    "KCHYYSRTBZZ": "",
    "JLRHJ": "",
    "JLRHJTBZZ": "",
    "JLR": "35230316.73",
    "JLRTBZZ": "",
    "FJCXSY": "-1849267.54",
    "KCFJYXSYHDJLR": "37079584.27",
    "KCFJYXSYHDJLRTBZZ": "",
    "PTGJLR": "",
    "PTGJLRTBZZ": "",
    "KCFJCXSYHPTGJLR": "",
    "KCFJCXSYHPTGJLRTBZZ": "",
    "JYXJLLJE": "57024047.94",
    "MGJYXJLLJE": "",
    "ZCZE": "852083329.34",
    "GDQY": "586333534.24",
    "MGJZCPL": "4.51",
    "PTGMGJZC": "",
    "GJKJZEJLR": "",
    "GJKJZZJZC": ""
  },
  {
    "JZRQ": "2023-12-31",
    "JBMGSY": "0.43",
    "XSMGSY": "",
    "JBMGSYKC": "",
    "XSMGSYKC": "",
    "JLRJZCSYLJQ": "10.09",
    "KCHJLRJZCSYLJQ": "9.67",
    "PTGJZCSYLJQ": "",
    "KCPTGJZCSYLJQ": "",
    "YYZSR": "",
    "YYZSRTBZZ": "",
    "YYSR": "344784277.50",
    "YYSRTBZZ": "",
    "YYSRKCJE": "",
    "KCHYYSR": "",
    "KCHYYSRTBZZ": "",
    "JLRHJ": "",
    "JLRHJTBZZ": "",
    "JLR": "53639846.95",
    "JLRTBZZ": "",
    "FJCXSY": "2205777.80",
    "KCFJYXSYHDJLR": "51434069.15",
    "KCFJYXSYHDJLRTBZZ": "",
    "PTGJLR": "",
    "PTGJLRTBZZ": "",
    "KCFJCXSYHPTGJLR": "",
    "KCFJCXSYHPTGJLRTBZZ": "",
    "JYXJLLJE": "34744377.72",
    "MGJYXJLLJE": "",
    "ZCZE": "780257043.91",
    "GDQY": "554471367.51",
    "MGJZCPL": "4.26",
    "PTGMGJZC": "",
    "GJKJZEJLR": "",
    "GJKJZZJZC": ""
  }
]

【模块二】
[
  {
    "JZRQ": "2025-12-31",
    "JBMGSY": "0.35",
    "XSMGSY": "0.35",
    "JBMGSYKC": "0.39",
    "XSMGSYKC": "0.39",
    "PTGJZCSYLJQ": "7.52",
    "KCPTGJZCSYLJQ": "8.46"
  }
]

=== 920885-2026-04-16-星辰科技-2025年年度报告.pdf ===
【模块一】
[
  {
    "JZRQ": "2025-12-31",
    "JBMGSY": "0.199",
    "XSMGSY": "",
    "JBMGSYKC": "",
    "XSMGSYKC": "",
    "JLRJZCSYLJQ": "8.61",
    "KCHJLRJZCSYLJQ": "8.13",
    "PTGJZCSYLJQ": "",
    "KCPTGJZCSYLJQ": "",
    "YYZSR": "",
    "YYZSRTBZZ": "",
    "YYSR": "197580624.71",
    "YYSRTBZZ": "34.26",
    "YYSRKCJE": "",
    "KCHYYSR": "32001543.58",
    "KCHYYSRTBZZ": "153.31",
    "JLRHJ": "",
    "JLRHJTBZZ": "",
    "JLR": "33888110.66",
    "JLRTBZZ": "110.82",
    "FJCXSY": "1886567.08",
    "KCFJYXSYHDJLR": "32001543.58",
    "KCFJYXSYHDJLRTBZZ": "153.31",
    "PTGJLR": "",
    "PTGJLRTBZZ": "",
    "KCFJCXSYHPTGJLR": "",
    "KCFJCXSYHPTGJLRTBZZ": "",
    "JYXJLLJE": "37015897.36",
    "MGJYXJLLJE": "",
    "ZCZE": "608151045.79",
    "GDQY": "408805746.34",
    "MGJZCPL": "2.39",
    "PTGMGJZC": "",
    "GJKJZEJLR": "",
    "GJKJZZJZC": ""
  },
  {
    "JZRQ": "2024-12-31",
    "JBMGSY": "0.094",
    "XSMGSY": "",
    "JBMGSYKC": "",
    "XSMGSYKC": "",
    "JLRJZCSYLJQ": "4.28",
    "KCHJLRJZCSYLJQ": "3.36",
    "PTGJZCSYLJQ": "",
    "KCPTGJZCSYLJQ": "",
    "YYZSR": "",
    "YYZSRTBZZ": "",
    "YYSR": "147159277.43",
    "YYSRTBZZ": "",
    "YYSRKCJE": "",
    "KCHYYSR": "12633360.63",
    "KCHYYSRTBZZ": "",
    "JLRHJ": "",
    "JLRHJTBZZ": "",
    "JLR": "16074334.24",
    "JLRTBZZ": "",
    "FJCXSY": "3440973.61",
    "KCFJYXSYHDJLR": "12633360.63",
    "KCFJYXSYHDJLRTBZZ": "",
    "PTGJLR": "",
    "PTGJLRTBZZ": "",
    "KCFJCXSYHPTGJLR": "",
    "KCFJCXSYHPTGJLRTBZZ": "",
    "JYXJLLJE": "164320.16",
    "MGJYXJLLJE": "",
    "ZCZE": "532445471.86",
    "GDQY": "380510831.99",
    "MGJZCPL": "2.23",
    "PTGMGJZC": "",
    "GJKJZEJLR": "",
    "GJKJZZJZC": ""
  },
  {
    "JZRQ": "2023-12-31",
    "JBMGSY": "0.074",
    "XSMGSY": "",
    "JBMGSYKC": "",
    "XSMGSYKC": "",
    "JLRJZCSYLJQ": "3.45",
    "KCHJLRJZCSYLJQ": "2.02",
    "PTGJZCSYLJQ": "",
    "KCPTGJZCSYLJQ": "",
    "YYZSR": "",
    "YYZSRTBZZ": "",
    "YYSR": "135067945.88",
    "YYSRTBZZ": "",
    "YYSRKCJE": "",
    "KCHYYSR": "7494646.89",
    "KCHYYSRTBZZ": "",
    "JLRHJ": "",
    "JLRHJTBZZ": "",
    "JLR": "12733010.52",
    "JLRTBZZ": "",
    "FJCXSY": "5238363.63",
    "KCFJYXSYHDJLR": "7494646.89",
    "KCFJYXSYHDJLRTBZZ": "",
    "PTGJLR": "",
    "PTGJLRTBZZ": "",
    "KCFJCXSYHPTGJLR": "",
    "KCFJCXSYHPTGJLRTBZZ": "",
    "JYXJLLJE": "20371958.97",
    "MGJYXJLLJE": "",
    "ZCZE": "470496905.00",
    "GDQY": "370408019.35",
    "MGJZCPL": "2.16",
    "PTGMGJZC": "",
    "GJKJZEJLR": "",
    "GJKJZZJZC": ""
  }
]

【模块二】
[
  {
    "JZRQ": "2025-12-31",
    "JBMGSY": "0.199",
    "XSMGSY": "0.199",
    "JBMGSYKC": "0.188",
    "XSMGSYKC": "0.188",
    "PTGJZCSYLJQ": "8.61",
    "KCPTGJZCSYLJQ": "8.13"
  },
  {
    "JZRQ": "2024-12-31",
    "JBMGSY": "0.094",
    "XSMGSY": "0.094",
    "JBMGSYKC": "0.074",
    "XSMGSYKC": "0.074",
    "PTGJZCSYLJQ": "4.28",
    "KCPTGJZCSYLJQ": "3.36"
  }
]

=== 920819-2026-04-16-颖泰生物-2025年年度报告.pdf ===
【模块一】
[
  {
    "JZRQ": "2025-12-31",
    "JBMGSY": "-0.21",
    "XSMGSY": "",
    "JBMGSYKC": "",
    "XSMGSYKC": "",
    "JLRJZCSYLJQ": "-5.23",
    "KCHJLRJZCSYLJQ": "-5.76",
    "PTGJZCSYLJQ": "",
    "KCPTGJZCSYLJQ": "",
    "YYZSR": "",
    "YYZSRTBZZ": "",
    "YYSR": "5474030024.74",
    "YYSRTBZZ": "-3.27",
    "YYSRKCJE": "90647604.89",
    "KCHYYSR": "5383382419.85",
    "KCHYYSRTBZZ": "-3.89",
    "JLRHJ": "",
    "JLRHJTBZZ": "",
    "JLR": "-256943685.05",
    "JLRTBZZ": "56.25",
    "FJCXSY": "25164767.18",
    "KCFJYXSYHDJLR": "-282108452.23",
    "KCFJYXSYHDJLRTBZZ": "52.61",
    "PTGJLR": "",
    "PTGJLRTBZZ": "",
    "KCFJCXSYHPTGJLR": "",
    "KCFJCXSYHPTGJLRTBZZ": "",
    "JYXJLLJE": "598988449.20",
    "MGJYXJLLJE": "",
    "ZCZE": "11395212195.96",
    "GDQY": "4784555662.86",
    "MGJZCPL": "3.90",
    "PTGMGJZC": "",
    "GJKJZEJLR": "",
    "GJKJZZJZC": ""
  },
  {
    "JZRQ": "2024-12-31",
    "JBMGSY": "-0.48",
    "XSMGSY": "",
    "JBMGSYKC": "",
    "XSMGSYKC": "",
    "JLRJZCSYLJQ": "-10.87",
    "KCHJLRJZCSYLJQ": "-11.02",
    "PTGJZCSYLJQ": "",
    "KCPTGJZCSYLJQ": "",
    "YYZSR": "",
    "YYZSRTBZZ": "",
    "YYSR": "5659103023.14",
    "YYSRTBZZ": "",
    "YYSRKCJE": "57790633.96",
    "KCHYYSR": "5601312389.18",
    "KCHYYSRTBZZ": "",
    "JLRHJ": "",
    "JLRHJTBZZ": "",
    "JLR": "-587333739.05",
    "JLRTBZZ": "",
    "FJCXSY": "7925109.65",
    "KCFJYXSYHDJLR": "-595258848.70",
    "KCFJYXSYHDJLRTBZZ": "",
    "PTGJLR": "",
    "PTGJLRTBZZ": "",
    "KCFJCXSYHPTGJLR": "",
    "KCFJCXSYHPTGJLRTBZZ": "",
    "JYXJLLJE": "249890150.37",
    "MGJYXJLLJE": "",
    "ZCZE": "11906097644.71",
    "GDQY": "5044522356.55",
    "MGJZCPL": "4.12",
    "PTGMGJZC": "",
    "GJKJZEJLR": "",
    "GJKJZZJZC": ""
  },
  {
    "JZRQ": "2023-12-31",
    "JBMGSY": "0.08",
    "XSMGSY": "",
    "JBMGSYKC": "",
    "XSMGSYKC": "",
    "JLRJZCSYLJQ": "1.63",
    "KCHJLRJZCSYLJQ": "0.84",
    "PTGJZCSYLJQ": "",
    "KCPTGJZCSYLJQ": "",
    "YYZSR": "",
    "YYZSRTBZZ": "",
    "YYSR": "5694589619.24",
    "YYSRTBZZ": "",
    "YYSRKCJE": "93562484.42",
    "KCHYYSR": "5601027134.82",
    "KCHYYSRTBZZ": "",
    "JLRHJ": "",
    "JLRHJTBZZ": "",
    "JLR": "95683463.98",
    "JLRTBZZ": "",
    "FJCXSY": "46484088.01",
    "KCFJYXSYHDJLR": "49199375.97",
    "KCFJYXSYHDJLRTBZZ": "",
    "PTGJLR": "",
    "PTGJLRTBZZ": "",
    "KCFJCXSYHPTGJLR": "",
    "KCFJCXSYHPTGJLRTBZZ": "",
    "JYXJLLJE": "38227051.23",
    "MGJYXJLLJE": "",
    "ZCZE": "12642144017.44",
    "GDQY": "5785267304.60",
    "MGJZCPL": "4.72",
    "PTGMGJZC": "",
    "GJKJZEJLR": "",
    "GJKJZZJZC": ""
  }
]

【模块二】
[
  {
    "JZRQ": "2025-12-31",
    "JBMGSY": "-0.21",
    "XSMGSY": "-0.21",
    "JBMGSYKC": "-0.23",
    "XSMGSYKC": "-0.23",
    "PTGJZCSYLJQ": "-5.23",
    "KCPTGJZCSYLJQ": "-5.76"
  },
  {
    "JZRQ": "2024-12-31",
    "JBMGSY": "-0.48",
    "XSMGSY": "-0.48",
    "JBMGSYKC": "-0.49",
    "XSMGSYKC": "-0.49",
    "PTGJZCSYLJQ": "-10.87",
    "KCPTGJZCSYLJQ": "-11.02"
  }
]

=== 920964-2026-04-16-润农节水-2025年年度报告.pdf ===
【模块一】
[
  {
    "JZRQ": "2025-12-31",
    "JBMGSY": "-0.06",
    "XSMGSY": "",
    "JBMGSYKC": "",
    "XSMGSYKC": "",
    "JLRJZCSYLJQ": "-1.90",
    "KCHJLRJZCSYLJQ": "-2.07",
    "PTGJZCSYLJQ": "",
    "KCPTGJZCSYLJQ": "",
    "YYZSR": "",
    "YYZSRTBZZ": "",
    "YYSR": "1030563588.49",
    "YYSRTBZZ": "4.78",
    "YYSRKCJE": "1075449.73",
    "KCHYYSR": "1029488138.76",
    "KCHYYSRTBZZ": "4.69",
    "JLRHJ": "",
    "JLRHJTBZZ": "",
    "JLR": "-16769481.70",
    "JLRTBZZ": "-310.97",
    "FJCXSY": "1475453.09",
    "KCFJYXSYHDJLR": "-18244934.79",
    "KCFJYXSYHDJLRTBZZ": "-491.14",
    "PTGJLR": "",
    "PTGJLRTBZZ": "",
    "KCFJCXSYHPTGJLR": "",
    "KCFJCXSYHPTGJLRTBZZ": "",
    "JYXJLLJE": "-15295209.79",
    "MGJYXJLLJE": "",
    "ZCZE": "1591844420.76",
    "GDQY": "869838033.37",
    "MGJZCPL": "3.33",
    "PTGMGJZC": "",
    "GJKJZEJLR": "",
    "GJKJZZJZC": ""
  },
  {
    "JZRQ": "2024-12-31",
    "JBMGSY": "0.03",
    "XSMGSY": "",
    "JBMGSYKC": "",
    "XSMGSYKC": "",
    "JLRJZCSYLJQ": "0.88",
    "KCHJLRJZCSYLJQ": "0.51",
    "PTGJZCSYLJQ": "",
    "KCPTGJZCSYLJQ": "",
    "YYZSR": "",
    "YYZSRTBZZ": "",
    "YYSR": "983575322.75",
    "YYSRTBZZ": "",
    "YYSRKCJE": "238095.26",
    "KCHYYSR": "983337227.49",
    "KCHYYSRTBZZ": "",
    "JLRHJ": "",
    "JLRHJTBZZ": "",
    "JLR": "7948923.03",
    "JLRTBZZ": "",
    "FJCXSY": "3284416.71",
    "KCFJYXSYHDJLR": "4664506.32",
    "KCFJYXSYHDJLRTBZZ": "",
    "PTGJLR": "",
    "PTGJLRTBZZ": "",
    "KCFJCXSYHPTGJLR": "",
    "KCFJCXSYHPTGJLRTBZZ": "",
    "JYXJLLJE": "69506556.35",
    "MGJYXJLLJE": "",
    "ZCZE": "1409958057.36",
    "GDQY": "891831675.07",
    "MGJZCPL": "3.41",
    "PTGMGJZC": "",
    "GJKJZEJLR": "",
    "GJKJZZJZC": ""
  },
  {
    "JZRQ": "2023-12-31",
    "JBMGSY": "0.13",
    "XSMGSY": "",
    "JBMGSYKC": "",
    "XSMGSYKC": "",
    "JLRJZCSYLJQ": "3.76",
    "KCHJLRJZCSYLJQ": "3.39",
    "PTGJZCSYLJQ": "",
    "KCPTGJZCSYLJQ": "",
    "YYZSR": "",
    "YYZSRTBZZ": "",
    "YYSR": "749574065.89",
    "YYSRTBZZ": "",
    "YYSRKCJE": "",
    "KCHYYSR": "749574065.89",
    "KCHYYSRTBZZ": "",
    "JLRHJ": "",
    "JLRHJTBZZ": "",
    "JLR": "33287377.04",
    "JLRTBZZ": "",
    "FJCXSY": "3257531.34",
    "KCFJYXSYHDJLR": "30029845.70",
    "KCFJYXSYHDJLRTBZZ": "",
    "PTGJLR": "",
    "PTGJLRTBZZ": "",
    "KCFJCXSYHPTGJLR": "",
    "KCFJCXSYHPTGJLRTBZZ": "",
    "JYXJLLJE": "-78887533.89",
    "MGJYXJLLJE": "",
    "ZCZE": "1147851693.79",
    "GDQY": "896943152.04",
    "MGJZCPL": "3.43",
    "PTGMGJZC": "",
    "GJKJZEJLR": "",
    "GJKJZZJZC": ""
  }
]

【模块二】
[
  {
    "JZRQ": "2025-12-31",
    "JBMGSY": "-0.06",
    "XSMGSY": "-0.06",
    "JBMGSYKC": "-0.07",
    "XSMGSYKC": "-0.07",
    "PTGJZCSYLJQ": "-1.90",
    "KCPTGJZCSYLJQ": "-2.07"
  }
]
