2026-04-21 14:07:12,126 - __main__ - INFO - 程序开始执行 - 目录: C:\Users\chenkk\Desktop\新建文件夹, 模块一文件数量: 230, 模块二文件数量: 230
2026-04-21 14:07:12,132 - __main__ - INFO - 文件配对完成: 模块一文件 230 个, 模块二文件 230 个, 配对结果 230 组
2026-04-21 14:07:13,397 - httpx - INFO - HTTP Request: POST https://dashscope.aliyuncs.com/compatible-mode/v1/files "HTTP/1.1 200 OK"
2026-04-21 14:07:13,399 - ai_service_enhanced - INFO - 文件上传成功: C:\Users\chenkk\Desktop\新建文件夹\000017-2026-04-21-深中华A-2025年年度报告.pdf (文件ID: file-fe-d3773de78d5e4e0abeec72ae)
2026-04-21 14:07:13,399 - __main___file_only - INFO - 上传文件: 000017-2026-04-21-深中华A-2025年年度报告.pdf (大小: 0.42 MB, ID: file-fe-d3773de78d5e4e0abeec72ae)
2026-04-21 14:07:13,421 - httpx - INFO - HTTP Request: POST https://dashscope.aliyuncs.com/compatible-mode/v1/files "HTTP/1.1 200 OK"
2026-04-21 14:07:13,422 - ai_service_enhanced - INFO - 文件上传成功: C:\Users\chenkk\Desktop\新建文件夹\净资产收益率和每股收益\000017-2026-04-21-深中华A-2025年年度报告_mgsy.pdf (文件ID: file-fe-b13be4d50afa44ebb8c62875)
2026-04-21 14:07:13,422 - __main___file_only - INFO - 上传文件: 000017-2026-04-21-深中华A-2025年年度报告_mgsy.pdf (大小: 0.55 MB, ID: file-fe-b13be4d50afa44ebb8c62875)
2026-04-21 14:07:13,422 - __main__ - INFO - 开始处理: C:\Users\chenkk\Desktop\新建文件夹\000017-2026-04-21-深中华A-2025年年度报告.pdf
2026-04-21 14:07:14,765 - httpx - INFO - HTTP Request: POST https://dashscope.aliyuncs.com/compatible-mode/v1/files "HTTP/1.1 200 OK"
2026-04-21 14:07:14,765 - ai_service_enhanced - INFO - 文件上传成功: C:\Users\chenkk\Desktop\新建文件夹\净资产收益率和每股收益\000020-2026-04-21-深华发A-2025年年度报告_mgsy.pdf (文件ID: file-fe-f62296a64c3749d69e7fc5ef)
2026-04-21 14:07:14,765 - __main___file_only - INFO - 上传文件: 000020-2026-04-21-深华发A-2025年年度报告_mgsy.pdf (大小: 0.24 MB, ID: file-fe-f62296a64c3749d69e7fc5ef)
2026-04-21 14:07:14,970 - httpx - INFO - HTTP Request: POST https://dashscope.aliyuncs.com/compatible-mode/v1/files "HTTP/1.1 200 OK"
2026-04-21 14:07:14,971 - ai_service_enhanced - INFO - 文件上传成功: C:\Users\chenkk\Desktop\新建文件夹\000020-2026-04-21-深华发A-2025年年度报告.pdf (文件ID: file-fe-b672e9b631b34557950d607e)
2026-04-21 14:07:14,971 - __main___file_only - INFO - 上传文件: 000020-2026-04-21-深华发A-2025年年度报告.pdf (大小: 0.24 MB, ID: file-fe-b672e9b631b34557950d607e)
2026-04-21 14:07:14,971 - __main__ - INFO - 开始处理: C:\Users\chenkk\Desktop\新建文件夹\000020-2026-04-21-深华发A-2025年年度报告.pdf
2026-04-21 14:07:16,595 - httpx - INFO - HTTP Request: POST https://dashscope.aliyuncs.com/compatible-mode/v1/files "HTTP/1.1 200 OK"
2026-04-21 14:07:16,596 - ai_service_enhanced - INFO - 文件上传成功: C:\Users\chenkk\Desktop\新建文件夹\净资产收益率和每股收益\000090-2026-04-21-天健集团-2025年年度报告_mgsy.pdf (文件ID: file-fe-89c6453749b04e4997a0f8ab)
2026-04-21 14:07:16,597 - __main___file_only - INFO - 上传文件: 000090-2026-04-21-天健集团-2025年年度报告_mgsy.pdf (大小: 0.35 MB, ID: file-fe-89c6453749b04e4997a0f8ab)
2026-04-21 14:07:16,664 - httpx - INFO - HTTP Request: POST https://dashscope.aliyuncs.com/compatible-mode/v1/files "HTTP/1.1 200 OK"
2026-04-21 14:07:16,664 - ai_service_enhanced - INFO - 文件上传成功: C:\Users\chenkk\Desktop\新建文件夹\000090-2026-04-21-天健集团-2025年年度报告.pdf (文件ID: file-fe-366c551115a243a1b5260d12)
2026-04-21 14:07:16,665 - __main___file_only - INFO - 上传文件: 000090-2026-04-21-天健集团-2025年年度报告.pdf (大小: 0.37 MB, ID: file-fe-366c551115a243a1b5260d12)
2026-04-21 14:07:16,691 - httpx - INFO - HTTP Request: POST https://dashscope.aliyuncs.com/compatible-mode/v1/chat/completions "HTTP/1.1 200 OK"
2026-04-21 14:07:16,707 - __main__ - INFO - 开始处理: C:\Users\chenkk\Desktop\新建文件夹\000090-2026-04-21-天健集团-2025年年度报告.pdf
2026-04-21 14:07:17,538 - httpx - INFO - HTTP Request: POST https://dashscope.aliyuncs.com/compatible-mode/v1/files "HTTP/1.1 200 OK"
2026-04-21 14:07:17,538 - ai_service_enhanced - INFO - 文件上传成功: C:\Users\chenkk\Desktop\新建文件夹\000514-2026-04-21-渝开发-公司2025年年度报告（更正后）.pdf (文件ID: file-fe-f8d6d2c967bc410ab7d33808)
2026-04-21 14:07:17,539 - __main___file_only - INFO - 上传文件: 000514-2026-04-21-渝开发-公司2025年年度报告（更正后）.pdf (大小: 0.27 MB, ID: file-fe-f8d6d2c967bc410ab7d33808)
2026-04-21 14:07:17,821 - httpx - INFO - HTTP Request: POST https://dashscope.aliyuncs.com/compatible-mode/v1/files "HTTP/1.1 200 OK"
2026-04-21 14:07:17,822 - ai_service_enhanced - INFO - 文件上传成功: C:\Users\chenkk\Desktop\新建文件夹\净资产收益率和每股收益\000514-2026-04-21-渝开发-公司2025年年度报告（更正后）_mgsy.pdf (文件ID: file-fe-2aa339fab74c4de3b5c372f1)
2026-04-21 14:07:17,822 - __main___file_only - INFO - 上传文件: 000514-2026-04-21-渝开发-公司2025年年度报告（更正后）_mgsy.pdf (大小: 0.25 MB, ID: file-fe-2aa339fab74c4de3b5c372f1)
2026-04-21 14:07:18,024 - __main__ - INFO - 开始处理: C:\Users\chenkk\Desktop\新建文件夹\000514-2026-04-21-渝开发-公司2025年年度报告（更正后）.pdf
2026-04-21 14:07:19,016 - httpx - INFO - HTTP Request: POST https://dashscope.aliyuncs.com/compatible-mode/v1/files "HTTP/1.1 200 OK"
2026-04-21 14:07:19,016 - ai_service_enhanced - INFO - 文件上传成功: C:\Users\chenkk\Desktop\新建文件夹\000534-2026-04-21-万泽股份-2025年年度报告.pdf (文件ID: file-fe-fe364ac7d4d747fa94dee9ea)
2026-04-21 14:07:19,016 - __main___file_only - INFO - 上传文件: 000534-2026-04-21-万泽股份-2025年年度报告.pdf (大小: 0.49 MB, ID: file-fe-fe364ac7d4d747fa94dee9ea)
2026-04-21 14:07:19,559 - httpx - INFO - HTTP Request: POST https://dashscope.aliyuncs.com/compatible-mode/v1/chat/completions "HTTP/1.1 200 OK"
2026-04-21 14:07:19,773 - httpx - INFO - HTTP Request: POST https://dashscope.aliyuncs.com/compatible-mode/v1/files "HTTP/1.1 200 OK"
2026-04-21 14:07:19,774 - ai_service_enhanced - INFO - 文件上传成功: C:\Users\chenkk\Desktop\新建文件夹\净资产收益率和每股收益\000534-2026-04-21-万泽股份-2025年年度报告_mgsy.pdf (文件ID: file-fe-406b2a4fba484aff8d79bda7)
2026-04-21 14:07:19,774 - __main___file_only - INFO - 上传文件: 000534-2026-04-21-万泽股份-2025年年度报告_mgsy.pdf (大小: 0.55 MB, ID: file-fe-406b2a4fba484aff8d79bda7)
2026-04-21 14:07:19,872 - __main__ - INFO - 开始处理: C:\Users\chenkk\Desktop\新建文件夹\000534-2026-04-21-万泽股份-2025年年度报告.pdf
2026-04-21 14:07:20,304 - httpx - INFO - HTTP Request: POST https://dashscope.aliyuncs.com/compatible-mode/v1/chat/completions "HTTP/1.1 200 OK"
2026-04-21 14:07:21,409 - httpx - INFO - HTTP Request: POST https://dashscope.aliyuncs.com/compatible-mode/v1/files "HTTP/1.1 200 OK"
2026-04-21 14:07:21,409 - ai_service_enhanced - INFO - 文件上传成功: C:\Users\chenkk\Desktop\新建文件夹\000560-2026-04-21-我爱我家-2025年年度报告.pdf (文件ID: file-fe-45002a742198452baf288a95)
2026-04-21 14:07:21,410 - __main___file_only - INFO - 上传文件: 000560-2026-04-21-我爱我家-2025年年度报告.pdf (大小: 0.39 MB, ID: file-fe-45002a742198452baf288a95)
2026-04-21 14:07:21,539 - httpx - INFO - HTTP Request: POST https://dashscope.aliyuncs.com/compatible-mode/v1/files "HTTP/1.1 200 OK"
2026-04-21 14:07:21,540 - ai_service_enhanced - INFO - 文件上传成功: C:\Users\chenkk\Desktop\新建文件夹\净资产收益率和每股收益\000560-2026-04-21-我爱我家-2025年年度报告_mgsy.pdf (文件ID: file-fe-a4f8a1fd7dc149009c3d832b)
2026-04-21 14:07:21,541 - __main___file_only - INFO - 上传文件: 000560-2026-04-21-我爱我家-2025年年度报告_mgsy.pdf (大小: 0.36 MB, ID: file-fe-a4f8a1fd7dc149009c3d832b)
2026-04-21 14:07:21,605 - httpx - INFO - HTTP Request: POST https://dashscope.aliyuncs.com/compatible-mode/v1/chat/completions "HTTP/1.1 200 OK"
2026-04-21 14:07:21,726 - __main__ - INFO - 开始处理: C:\Users\chenkk\Desktop\新建文件夹\000560-2026-04-21-我爱我家-2025年年度报告.pdf
2026-04-21 14:07:23,763 - httpx - INFO - HTTP Request: POST https://dashscope.aliyuncs.com/compatible-mode/v1/files "HTTP/1.1 200 OK"
2026-04-21 14:07:23,764 - ai_service_enhanced - INFO - 文件上传成功: C:\Users\chenkk\Desktop\新建文件夹\净资产收益率和每股收益\000572-2026-04-21-海马汽车-2025年年度报告_mgsy.pdf (文件ID: file-fe-a89efc86fd3b453bab5176a7)
2026-04-21 14:07:23,764 - __main___file_only - INFO - 上传文件: 000572-2026-04-21-海马汽车-2025年年度报告_mgsy.pdf (大小: 0.27 MB, ID: file-fe-a89efc86fd3b453bab5176a7)
2026-04-21 14:07:23,805 - httpx - INFO - HTTP Request: POST https://dashscope.aliyuncs.com/compatible-mode/v1/chat/completions "HTTP/1.1 200 OK"
2026-04-21 14:07:24,063 - httpx - INFO - HTTP Request: POST https://dashscope.aliyuncs.com/compatible-mode/v1/files "HTTP/1.1 200 OK"
2026-04-21 14:07:24,064 - ai_service_enhanced - INFO - 文件上传成功: C:\Users\chenkk\Desktop\新建文件夹\000572-2026-04-21-海马汽车-2025年年度报告.pdf (文件ID: file-fe-ddabfc6b121640e2ace4a81d)
2026-04-21 14:07:24,064 - __main___file_only - INFO - 上传文件: 000572-2026-04-21-海马汽车-2025年年度报告.pdf (大小: 0.27 MB, ID: file-fe-ddabfc6b121640e2ace4a81d)
2026-04-21 14:07:24,098 - __main__ - INFO - 开始处理: C:\Users\chenkk\Desktop\新建文件夹\000572-2026-04-21-海马汽车-2025年年度报告.pdf
2026-04-21 14:07:25,778 - httpx - INFO - HTTP Request: POST https://dashscope.aliyuncs.com/compatible-mode/v1/files "HTTP/1.1 200 OK"
2026-04-21 14:07:25,778 - ai_service_enhanced - INFO - 文件上传成功: C:\Users\chenkk\Desktop\新建文件夹\净资产收益率和每股收益\000633-2026-04-21-合金投资-2025年年度报告_mgsy.pdf (文件ID: file-fe-a7a880e8ce504d4495aed2a9)
2026-04-21 14:07:25,779 - __main___file_only - INFO - 上传文件: 000633-2026-04-21-合金投资-2025年年度报告_mgsy.pdf (大小: 0.30 MB, ID: file-fe-a7a880e8ce504d4495aed2a9)
2026-04-21 14:07:26,289 - httpx - INFO - HTTP Request: POST https://dashscope.aliyuncs.com/compatible-mode/v1/files "HTTP/1.1 200 OK"
2026-04-21 14:07:26,290 - ai_service_enhanced - INFO - 文件上传成功: C:\Users\chenkk\Desktop\新建文件夹\000633-2026-04-21-合金投资-2025年年度报告.pdf (文件ID: file-fe-702797572c2941939b427a8a)
2026-04-21 14:07:26,290 - __main___file_only - INFO - 上传文件: 000633-2026-04-21-合金投资-2025年年度报告.pdf (大小: 0.30 MB, ID: file-fe-702797572c2941939b427a8a)
2026-04-21 14:07:26,471 - __main__ - INFO - 开始处理: C:\Users\chenkk\Desktop\新建文件夹\000633-2026-04-21-合金投资-2025年年度报告.pdf
2026-04-21 14:07:27,917 - httpx - INFO - HTTP Request: POST https://dashscope.aliyuncs.com/compatible-mode/v1/files "HTTP/1.1 200 OK"
2026-04-21 14:07:27,918 - ai_service_enhanced - INFO - 文件上传成功: C:\Users\chenkk\Desktop\新建文件夹\净资产收益率和每股收益\000635-2026-04-21-英力特-2025年年度报告_mgsy.pdf (文件ID: file-fe-e2d061785eff43a7887ac01e)
2026-04-21 14:07:27,918 - __main___file_only - INFO - 上传文件: 000635-2026-04-21-英力特-2025年年度报告_mgsy.pdf (大小: 0.31 MB, ID: file-fe-e2d061785eff43a7887ac01e)
2026-04-21 14:07:27,975 - httpx - INFO - HTTP Request: POST https://dashscope.aliyuncs.com/compatible-mode/v1/files "HTTP/1.1 200 OK"
2026-04-21 14:07:27,976 - ai_service_enhanced - INFO - 文件上传成功: C:\Users\chenkk\Desktop\新建文件夹\000635-2026-04-21-英力特-2025年年度报告.pdf (文件ID: file-fe-7ebf38b084594f5f92136e2f)
2026-04-21 14:07:27,977 - __main___file_only - INFO - 上传文件: 000635-2026-04-21-英力特-2025年年度报告.pdf (大小: 0.32 MB, ID: file-fe-7ebf38b084594f5f92136e2f)
2026-04-21 14:07:27,978 - __main__ - INFO - 开始处理: C:\Users\chenkk\Desktop\新建文件夹\000635-2026-04-21-英力特-2025年年度报告.pdf
2026-04-21 14:07:28,622 - httpx - INFO - HTTP Request: POST https://dashscope.aliyuncs.com/compatible-mode/v1/chat/completions "HTTP/1.1 200 OK"
2026-04-21 14:07:30,489 - httpx - INFO - HTTP Request: POST https://dashscope.aliyuncs.com/compatible-mode/v1/chat/completions "HTTP/1.1 200 OK"
2026-04-21 14:07:30,618 - httpx - INFO - HTTP Request: POST https://dashscope.aliyuncs.com/compatible-mode/v1/files "HTTP/1.1 200 OK"
2026-04-21 14:07:30,619 - ai_service_enhanced - INFO - 文件上传成功: C:\Users\chenkk\Desktop\新建文件夹\000636-2026-04-21-风华高科-2025年年度报告.pdf (文件ID: file-fe-533d17f89ef143faa905c659)
2026-04-21 14:07:30,619 - __main___file_only - INFO - 上传文件: 000636-2026-04-21-风华高科-2025年年度报告.pdf (大小: 4.07 MB, ID: file-fe-533d17f89ef143faa905c659)
2026-04-21 14:07:30,628 - httpx - INFO - HTTP Request: POST https://dashscope.aliyuncs.com/compatible-mode/v1/files "HTTP/1.1 200 OK"
2026-04-21 14:07:30,629 - ai_service_enhanced - INFO - 文件上传成功: C:\Users\chenkk\Desktop\新建文件夹\净资产收益率和每股收益\000636-2026-04-21-风华高科-2025年年度报告_mgsy.pdf (文件ID: file-fe-fb5d4692348247ce8a71788d)
2026-04-21 14:07:30,629 - __main___file_only - INFO - 上传文件: 000636-2026-04-21-风华高科-2025年年度报告_mgsy.pdf (大小: 0.37 MB, ID: file-fe-fb5d4692348247ce8a71788d)
2026-04-21 14:07:30,768 - __main__ - INFO - 开始处理: C:\Users\chenkk\Desktop\新建文件夹\000636-2026-04-21-风华高科-2025年年度报告.pdf
2026-04-21 14:07:30,770 - httpx - INFO - HTTP Request: POST https://dashscope.aliyuncs.com/compatible-mode/v1/chat/completions "HTTP/1.1 200 OK"
2026-04-21 14:07:32,131 - httpx - INFO - HTTP Request: POST https://dashscope.aliyuncs.com/compatible-mode/v1/files "HTTP/1.1 200 OK"
2026-04-21 14:07:32,132 - ai_service_enhanced - INFO - 文件上传成功: C:\Users\chenkk\Desktop\新建文件夹\000683-2026-04-21-博源化工-2025年年度报告.pdf (文件ID: file-fe-3ce9d47a4d9442afa35392a7)
2026-04-21 14:07:32,132 - __main___file_only - INFO - 上传文件: 000683-2026-04-21-博源化工-2025年年度报告.pdf (大小: 0.30 MB, ID: file-fe-3ce9d47a4d9442afa35392a7)
2026-04-21 14:07:32,225 - httpx - INFO - HTTP Request: POST https://dashscope.aliyuncs.com/compatible-mode/v1/files "HTTP/1.1 200 OK"
2026-04-21 14:07:32,226 - ai_service_enhanced - INFO - 文件上传成功: C:\Users\chenkk\Desktop\新建文件夹\净资产收益率和每股收益\000683-2026-04-21-博源化工-2025年年度报告_mgsy.pdf (文件ID: file-fe-59f918296f584d4ca9ca80db)
2026-04-21 14:07:32,226 - __main___file_only - INFO - 上传文件: 000683-2026-04-21-博源化工-2025年年度报告_mgsy.pdf (大小: 0.29 MB, ID: file-fe-59f918296f584d4ca9ca80db)
2026-04-21 14:07:32,235 - __main__ - INFO - 开始处理: C:\Users\chenkk\Desktop\新建文件夹\000683-2026-04-21-博源化工-2025年年度报告.pdf
2026-04-21 14:07:34,211 - httpx - INFO - HTTP Request: POST https://dashscope.aliyuncs.com/compatible-mode/v1/chat/completions "HTTP/1.1 200 OK"
2026-04-21 14:07:34,357 - httpx - INFO - HTTP Request: POST https://dashscope.aliyuncs.com/compatible-mode/v1/files "HTTP/1.1 200 OK"
2026-04-21 14:07:34,358 - ai_service_enhanced - INFO - 文件上传成功: C:\Users\chenkk\Desktop\新建文件夹\000690-2026-04-21-宝新能源-2025年年度报告.pdf (文件ID: file-fe-1c28efdfd64c46438ed12109)
2026-04-21 14:07:34,358 - __main___file_only - INFO - 上传文件: 000690-2026-04-21-宝新能源-2025年年度报告.pdf (大小: 0.33 MB, ID: file-fe-1c28efdfd64c46438ed12109)
2026-04-21 14:07:34,649 - httpx - INFO - HTTP Request: POST https://dashscope.aliyuncs.com/compatible-mode/v1/chat/completions "HTTP/1.1 200 OK"
2026-04-21 14:07:34,679 - httpx - INFO - HTTP Request: POST https://dashscope.aliyuncs.com/compatible-mode/v1/files "HTTP/1.1 200 OK"
2026-04-21 14:07:34,679 - ai_service_enhanced - INFO - 文件上传成功: C:\Users\chenkk\Desktop\新建文件夹\净资产收益率和每股收益\000690-2026-04-21-宝新能源-2025年年度报告_mgsy.pdf (文件ID: file-fe-ddc25b9f14254cdb95e7a7d8)
2026-04-21 14:07:34,680 - __main___file_only - INFO - 上传文件: 000690-2026-04-21-宝新能源-2025年年度报告_mgsy.pdf (大小: 0.30 MB, ID: file-fe-ddc25b9f14254cdb95e7a7d8)
2026-04-21 14:07:34,867 - __main__ - INFO - 开始处理: C:\Users\chenkk\Desktop\新建文件夹\000690-2026-04-21-宝新能源-2025年年度报告.pdf
2026-04-21 14:07:36,476 - httpx - INFO - HTTP Request: POST https://dashscope.aliyuncs.com/compatible-mode/v1/files "HTTP/1.1 200 OK"
2026-04-21 14:07:36,476 - ai_service_enhanced - INFO - 文件上传成功: C:\Users\chenkk\Desktop\新建文件夹\净资产收益率和每股收益\000702-2026-04-21-正虹科技-2025年年度报告_mgsy.pdf (文件ID: file-fe-4cebf802e87b4087b3261b92)
2026-04-21 14:07:36,477 - __main___file_only - INFO - 上传文件: 000702-2026-04-21-正虹科技-2025年年度报告_mgsy.pdf (大小: 0.21 MB, ID: file-fe-4cebf802e87b4087b3261b92)
2026-04-21 14:07:36,482 - httpx - INFO - HTTP Request: POST https://dashscope.aliyuncs.com/compatible-mode/v1/files "HTTP/1.1 200 OK"
2026-04-21 14:07:36,482 - ai_service_enhanced - INFO - 文件上传成功: C:\Users\chenkk\Desktop\新建文件夹\000702-2026-04-21-正虹科技-2025年年度报告.pdf (文件ID: file-fe-139e4502d8ca4cf5b4e921cb)
2026-04-21 14:07:36,482 - __main___file_only - INFO - 上传文件: 000702-2026-04-21-正虹科技-2025年年度报告.pdf (大小: 0.22 MB, ID: file-fe-139e4502d8ca4cf5b4e921cb)
2026-04-21 14:07:36,560 - httpx - INFO - HTTP Request: POST https://dashscope.aliyuncs.com/compatible-mode/v1/chat/completions "HTTP/1.1 200 OK"
2026-04-21 14:07:36,605 - __main__ - INFO - 开始处理: C:\Users\chenkk\Desktop\新建文件夹\000702-2026-04-21-正虹科技-2025年年度报告.pdf
2026-04-21 14:07:38,541 - httpx - INFO - HTTP Request: POST https://dashscope.aliyuncs.com/compatible-mode/v1/chat/completions "HTTP/1.1 200 OK"
2026-04-21 14:07:38,541 - httpx - INFO - HTTP Request: POST https://dashscope.aliyuncs.com/compatible-mode/v1/files "HTTP/1.1 200 OK"
2026-04-21 14:07:38,542 - ai_service_enhanced - INFO - 文件上传成功: C:\Users\chenkk\Desktop\新建文件夹\000728-2026-04-21-国元证券-2025年年度报告.pdf (文件ID: file-fe-aec52da46e1c44f2887c5aa2)
2026-04-21 14:07:38,542 - __main___file_only - INFO - 上传文件: 000728-2026-04-21-国元证券-2025年年度报告.pdf (大小: 0.36 MB, ID: file-fe-aec52da46e1c44f2887c5aa2)
2026-04-21 14:07:38,554 - httpx - INFO - HTTP Request: POST https://dashscope.aliyuncs.com/compatible-mode/v1/files "HTTP/1.1 200 OK"
2026-04-21 14:07:38,554 - ai_service_enhanced - INFO - 文件上传成功: C:\Users\chenkk\Desktop\新建文件夹\净资产收益率和每股收益\000728-2026-04-21-国元证券-2025年年度报告_mgsy.pdf (文件ID: file-fe-979a7f61016846678f831578)
2026-04-21 14:07:38,554 - __main___file_only - INFO - 上传文件: 000728-2026-04-21-国元证券-2025年年度报告_mgsy.pdf (大小: 0.35 MB, ID: file-fe-979a7f61016846678f831578)
2026-04-21 14:07:38,604 - __main__ - INFO - 开始处理: C:\Users\chenkk\Desktop\新建文件夹\000728-2026-04-21-国元证券-2025年年度报告.pdf
2026-04-21 14:07:40,715 - httpx - INFO - HTTP Request: POST https://dashscope.aliyuncs.com/compatible-mode/v1/files "HTTP/1.1 200 OK"
2026-04-21 14:07:40,716 - ai_service_enhanced - INFO - 文件上传成功: C:\Users\chenkk\Desktop\新建文件夹\净资产收益率和每股收益\000819-2026-04-21-岳阳兴长-2025年年度报告_mgsy.pdf (文件ID: file-fe-25cc469d325e499386ac29ca)
2026-04-21 14:07:40,716 - __main___file_only - INFO - 上传文件: 000819-2026-04-21-岳阳兴长-2025年年度报告_mgsy.pdf (大小: 0.33 MB, ID: file-fe-25cc469d325e499386ac29ca)
2026-04-21 14:07:40,814 - httpx - INFO - HTTP Request: POST https://dashscope.aliyuncs.com/compatible-mode/v1/files "HTTP/1.1 200 OK"
2026-04-21 14:07:40,815 - ai_service_enhanced - INFO - 文件上传成功: C:\Users\chenkk\Desktop\新建文件夹\000819-2026-04-21-岳阳兴长-2025年年度报告.pdf (文件ID: file-fe-35542d5735fb492796429a56)
2026-04-21 14:07:40,815 - __main___file_only - INFO - 上传文件: 000819-2026-04-21-岳阳兴长-2025年年度报告.pdf (大小: 0.34 MB, ID: file-fe-35542d5735fb492796429a56)
2026-04-21 14:07:40,872 - __main__ - INFO - 开始处理: C:\Users\chenkk\Desktop\新建文件夹\000819-2026-04-21-岳阳兴长-2025年年度报告.pdf
2026-04-21 14:07:42,468 - httpx - INFO - HTTP Request: POST https://dashscope.aliyuncs.com/compatible-mode/v1/chat/completions "HTTP/1.1 200 OK"
2026-04-21 14:07:42,813 - __main___file_only - INFO - 找到数据: 000017 2026-04-21 (3条)
2026-04-21 14:07:42,814 - __main__ - INFO - 处理成功: 000017-2026-04-21
2026-04-21 14:07:42,814 - __main___file_only - INFO - 处理成功: C:\Users\chenkk\Desktop\新建文件夹\000017-2026-04-21-深中华A-2025年年度报告.pdf (耗时: 29.39秒)
2026-04-21 14:07:42,815 - httpx - INFO - HTTP Request: POST https://dashscope.aliyuncs.com/compatible-mode/v1/files "HTTP/1.1 200 OK"
2026-04-21 14:07:42,815 - ai_service_enhanced - INFO - 文件上传成功: C:\Users\chenkk\Desktop\新建文件夹\净资产收益率和每股收益\000875-2026-04-21-电投绿能-2025年年度报告_mgsy.pdf (文件ID: file-fe-614711cba5514998b6150839)
2026-04-21 14:07:42,816 - __main___file_only - INFO - 上传文件: 000875-2026-04-21-电投绿能-2025年年度报告_mgsy.pdf (大小: 0.29 MB, ID: file-fe-614711cba5514998b6150839)
2026-04-21 14:07:43,102 - httpx - INFO - HTTP Request: POST https://dashscope.aliyuncs.com/compatible-mode/v1/files "HTTP/1.1 200 OK"
2026-04-21 14:07:43,103 - ai_service_enhanced - INFO - 文件上传成功: C:\Users\chenkk\Desktop\新建文件夹\000875-2026-04-21-电投绿能-2025年年度报告.pdf (文件ID: file-fe-39d0b94fabdc4449ac370191)
2026-04-21 14:07:43,103 - __main___file_only - INFO - 上传文件: 000875-2026-04-21-电投绿能-2025年年度报告.pdf (大小: 0.30 MB, ID: file-fe-39d0b94fabdc4449ac370191)
2026-04-21 14:07:43,242 - __main__ - INFO - 开始处理: C:\Users\chenkk\Desktop\新建文件夹\000875-2026-04-21-电投绿能-2025年年度报告.pdf
2026-04-21 14:07:43,461 - httpx - INFO - HTTP Request: POST https://dashscope.aliyuncs.com/compatible-mode/v1/chat/completions "HTTP/1.1 200 OK"
2026-04-21 14:07:43,507 - httpx - INFO - HTTP Request: DELETE https://dashscope.aliyuncs.com/compatible-mode/v1/files/file-fe-d3773de78d5e4e0abeec72ae "HTTP/1.1 200 OK"
2026-04-21 14:07:43,583 - httpx - INFO - HTTP Request: POST https://dashscope.aliyuncs.com/compatible-mode/v1/chat/completions "HTTP/1.1 200 OK"
2026-04-21 14:07:43,646 - __main___file_only - INFO - 找到数据: 000090 2026-04-21 (3条)
2026-04-21 14:07:43,646 - __main__ - INFO - 处理成功: 000090-2026-04-21
2026-04-21 14:07:43,646 - __main___file_only - INFO - 处理成功: C:\Users\chenkk\Desktop\新建文件夹\000090-2026-04-21-天健集团-2025年年度报告.pdf (耗时: 26.94秒)
2026-04-21 14:07:44,181 - httpx - INFO - HTTP Request: DELETE https://dashscope.aliyuncs.com/compatible-mode/v1/files/file-fe-b13be4d50afa44ebb8c62875 "HTTP/1.1 200 OK"
2026-04-21 14:07:44,262 - httpx - INFO - HTTP Request: POST https://dashscope.aliyuncs.com/compatible-mode/v1/chat/completions "HTTP/1.1 200 OK"
2026-04-21 14:07:44,305 - httpx - INFO - HTTP Request: DELETE https://dashscope.aliyuncs.com/compatible-mode/v1/files/file-fe-366c551115a243a1b5260d12 "HTTP/1.1 200 OK"
2026-04-21 14:07:45,044 - httpx - INFO - HTTP Request: POST https://dashscope.aliyuncs.com/compatible-mode/v1/files "HTTP/1.1 200 OK"
2026-04-21 14:07:45,045 - ai_service_enhanced - INFO - 文件上传成功: C:\Users\chenkk\Desktop\新建文件夹\净资产收益率和每股收益\000889-2026-04-21-中嘉博创-2025年年度报告_mgsy.pdf (文件ID: file-fe-dac47f94c1af4fb9b36c1a13)
2026-04-21 14:07:45,045 - __main___file_only - INFO - 上传文件: 000889-2026-04-21-中嘉博创-2025年年度报告_mgsy.pdf (大小: 0.39 MB, ID: file-fe-dac47f94c1af4fb9b36c1a13)
2026-04-21 14:07:45,046 - httpx - INFO - HTTP Request: POST https://dashscope.aliyuncs.com/compatible-mode/v1/files "HTTP/1.1 200 OK"
2026-04-21 14:07:45,046 - ai_service_enhanced - INFO - 文件上传成功: C:\Users\chenkk\Desktop\新建文件夹\000889-2026-04-21-中嘉博创-2025年年度报告.pdf (文件ID: file-fe-944b34d56ede40d19eaf4986)
2026-04-21 14:07:45,046 - __main___file_only - INFO - 上传文件: 000889-2026-04-21-中嘉博创-2025年年度报告.pdf (大小: 0.49 MB, ID: file-fe-944b34d56ede40d19eaf4986)
2026-04-21 14:07:45,047 - __main__ - INFO - 开始处理: C:\Users\chenkk\Desktop\新建文件夹\000889-2026-04-21-中嘉博创-2025年年度报告.pdf
2026-04-21 14:07:45,053 - httpx - INFO - HTTP Request: DELETE https://dashscope.aliyuncs.com/compatible-mode/v1/files/file-fe-89c6453749b04e4997a0f8ab "HTTP/1.1 200 OK"
2026-04-21 14:07:46,368 - httpx - INFO - HTTP Request: POST https://dashscope.aliyuncs.com/compatible-mode/v1/chat/completions "HTTP/1.1 200 OK"
2026-04-21 14:07:46,477 - __main___file_only - INFO - 找到数据: 000020 2026-04-21 (3条)
2026-04-21 14:07:46,477 - __main__ - INFO - 处理成功: 000020-2026-04-21
2026-04-21 14:07:46,477 - __main___file_only - INFO - 处理成功: C:\Users\chenkk\Desktop\新建文件夹\000020-2026-04-21-深华发A-2025年年度报告.pdf (耗时: 31.51秒)
2026-04-21 14:07:47,093 - httpx - INFO - HTTP Request: POST https://dashscope.aliyuncs.com/compatible-mode/v1/files "HTTP/1.1 200 OK"
2026-04-21 14:07:47,094 - ai_service_enhanced - INFO - 文件上传成功: C:\Users\chenkk\Desktop\新建文件夹\净资产收益率和每股收益\000948-2026-04-21-南天信息-2025年年度报告_mgsy.pdf (文件ID: file-fe-95a30bdcc5f649aca4c2e240)
2026-04-21 14:07:47,094 - __main___file_only - INFO - 上传文件: 000948-2026-04-21-南天信息-2025年年度报告_mgsy.pdf (大小: 0.33 MB, ID: file-fe-95a30bdcc5f649aca4c2e240)
2026-04-21 14:07:47,120 - httpx - INFO - HTTP Request: DELETE https://dashscope.aliyuncs.com/compatible-mode/v1/files/file-fe-f62296a64c3749d69e7fc5ef "HTTP/1.1 200 OK"
2026-04-21 14:07:47,129 - httpx - INFO - HTTP Request: POST https://dashscope.aliyuncs.com/compatible-mode/v1/files "HTTP/1.1 200 OK"
2026-04-21 14:07:47,130 - ai_service_enhanced - INFO - 文件上传成功: C:\Users\chenkk\Desktop\新建文件夹\000948-2026-04-21-南天信息-2025年年度报告.pdf (文件ID: file-fe-8aab3db701824976a7479582)
2026-04-21 14:07:47,130 - __main___file_only - INFO - 上传文件: 000948-2026-04-21-南天信息-2025年年度报告.pdf (大小: 0.33 MB, ID: file-fe-8aab3db701824976a7479582)
2026-04-21 14:07:47,130 - __main__ - INFO - 开始处理: C:\Users\chenkk\Desktop\新建文件夹\000948-2026-04-21-南天信息-2025年年度报告.pdf
2026-04-21 14:07:47,771 - httpx - INFO - HTTP Request: DELETE https://dashscope.aliyuncs.com/compatible-mode/v1/files/file-fe-b672e9b631b34557950d607e "HTTP/1.1 200 OK"
2026-04-21 14:07:47,812 - httpx - INFO - HTTP Request: POST https://dashscope.aliyuncs.com/compatible-mode/v1/chat/completions "HTTP/1.1 200 OK"
2026-04-21 14:07:48,598 - httpx - INFO - HTTP Request: POST https://dashscope.aliyuncs.com/compatible-mode/v1/chat/completions "HTTP/1.1 200 OK"
2026-04-21 14:07:48,692 - httpx - INFO - HTTP Request: POST https://dashscope.aliyuncs.com/compatible-mode/v1/chat/completions "HTTP/1.1 200 OK"
2026-04-21 14:07:48,720 - __main___file_only - INFO - 找到数据: 000534 2026-04-21 (3条)
2026-04-21 14:07:48,720 - __main__ - INFO - 处理成功: 000534-2026-04-21
2026-04-21 14:07:48,720 - __main___file_only - INFO - 处理成功: C:\Users\chenkk\Desktop\新建文件夹\000534-2026-04-21-万泽股份-2025年年度报告.pdf (耗时: 28.85秒)
2026-04-21 14:07:49,086 - httpx - INFO - HTTP Request: POST https://dashscope.aliyuncs.com/compatible-mode/v1/chat/completions "HTTP/1.1 200 OK"
2026-04-21 14:07:49,123 - httpx - INFO - HTTP Request: POST https://dashscope.aliyuncs.com/compatible-mode/v1/chat/completions "HTTP/1.1 200 OK"
2026-04-21 14:07:49,228 - httpx - INFO - HTTP Request: POST https://dashscope.aliyuncs.com/compatible-mode/v1/files "HTTP/1.1 200 OK"
2026-04-21 14:07:49,228 - ai_service_enhanced - INFO - 文件上传成功: C:\Users\chenkk\Desktop\新建文件夹\001286-2026-04-21-陕西能源-2025年年度报告.pdf (文件ID: file-fe-c9964c79fc8c41ea84a4b130)
2026-04-21 14:07:49,228 - __main___file_only - INFO - 上传文件: 001286-2026-04-21-陕西能源-2025年年度报告.pdf (大小: 0.32 MB, ID: file-fe-c9964c79fc8c41ea84a4b130)
2026-04-21 14:07:49,243 - __main___file_only - INFO - 找到数据: 000560 2026-04-21 (3条)
2026-04-21 14:07:49,243 - __main__ - INFO - 处理成功: 000560-2026-04-21
2026-04-21 14:07:49,243 - __main___file_only - INFO - 处理成功: C:\Users\chenkk\Desktop\新建文件夹\000560-2026-04-21-我爱我家-2025年年度报告.pdf (耗时: 27.52秒)
2026-04-21 14:07:49,389 - httpx - INFO - HTTP Request: POST https://dashscope.aliyuncs.com/compatible-mode/v1/files "HTTP/1.1 200 OK"
2026-04-21 14:07:49,390 - ai_service_enhanced - INFO - 文件上传成功: C:\Users\chenkk\Desktop\新建文件夹\净资产收益率和每股收益\001286-2026-04-21-陕西能源-2025年年度报告_mgsy.pdf (文件ID: file-fe-e4de697ddd824ebf9dc6aa94)
2026-04-21 14:07:49,390 - __main___file_only - INFO - 上传文件: 001286-2026-04-21-陕西能源-2025年年度报告_mgsy.pdf (大小: 0.32 MB, ID: file-fe-e4de697ddd824ebf9dc6aa94)
2026-04-21 14:07:49,408 - httpx - INFO - HTTP Request: DELETE https://dashscope.aliyuncs.com/compatible-mode/v1/files/file-fe-fe364ac7d4d747fa94dee9ea "HTTP/1.1 200 OK"
2026-04-21 14:07:49,502 - __main__ - INFO - 开始处理: C:\Users\chenkk\Desktop\新建文件夹\001286-2026-04-21-陕西能源-2025年年度报告.pdf
2026-04-21 14:07:49,559 - httpx - INFO - HTTP Request: POST https://dashscope.aliyuncs.com/compatible-mode/v1/chat/completions "HTTP/1.1 200 OK"
2026-04-21 14:07:49,675 - __main___file_only - INFO - 未找到数据: 000514 2026-04-21
2026-04-21 14:07:49,675 - __main__ - INFO - 处理成功: 000514-2026-04-21
2026-04-21 14:07:49,675 - __main___file_only - INFO - 处理成功: C:\Users\chenkk\Desktop\新建文件夹\000514-2026-04-21-渝开发-公司2025年年度报告（更正后）.pdf (耗时: 31.65秒)
2026-04-21 14:07:49,830 - httpx - INFO - HTTP Request: DELETE https://dashscope.aliyuncs.com/compatible-mode/v1/files/file-fe-45002a742198452baf288a95 "HTTP/1.1 200 OK"
2026-04-21 14:07:50,184 - httpx - INFO - HTTP Request: DELETE https://dashscope.aliyuncs.com/compatible-mode/v1/files/file-fe-406b2a4fba484aff8d79bda7 "HTTP/1.1 200 OK"
2026-04-21 14:07:50,276 - httpx - INFO - HTTP Request: DELETE https://dashscope.aliyuncs.com/compatible-mode/v1/files/file-fe-f8d6d2c967bc410ab7d33808 "HTTP/1.1 200 OK"
2026-04-21 14:07:50,518 - httpx - INFO - HTTP Request: DELETE https://dashscope.aliyuncs.com/compatible-mode/v1/files/file-fe-a4f8a1fd7dc149009c3d832b "HTTP/1.1 200 OK"
2026-04-21 14:07:50,881 - httpx - INFO - HTTP Request: DELETE https://dashscope.aliyuncs.com/compatible-mode/v1/files/file-fe-2aa339fab74c4de3b5c372f1 "HTTP/1.1 200 OK"
2026-04-21 14:07:51,282 - httpx - INFO - HTTP Request: POST https://dashscope.aliyuncs.com/compatible-mode/v1/files "HTTP/1.1 200 OK"
2026-04-21 14:07:51,283 - ai_service_enhanced - INFO - 文件上传成功: C:\Users\chenkk\Desktop\新建文件夹\001338-2026-04-21-永顺泰-2025年年度报告.pdf (文件ID: file-fe-7fd178b0fc2146f6a2e1d986)
2026-04-21 14:07:51,283 - __main___file_only - INFO - 上传文件: 001338-2026-04-21-永顺泰-2025年年度报告.pdf (大小: 0.29 MB, ID: file-fe-7fd178b0fc2146f6a2e1d986)
2026-04-21 14:07:51,375 - httpx - INFO - HTTP Request: POST https://dashscope.aliyuncs.com/compatible-mode/v1/files "HTTP/1.1 200 OK"
2026-04-21 14:07:51,375 - ai_service_enhanced - INFO - 文件上传成功: C:\Users\chenkk\Desktop\新建文件夹\净资产收益率和每股收益\001338-2026-04-21-永顺泰-2025年年度报告_mgsy.pdf (文件ID: file-fe-3d74194751254222ab7493e7)
2026-04-21 14:07:51,375 - __main___file_only - INFO - 上传文件: 001338-2026-04-21-永顺泰-2025年年度报告_mgsy.pdf (大小: 0.28 MB, ID: file-fe-3d74194751254222ab7493e7)
2026-04-21 14:07:51,610 - __main__ - INFO - 开始处理: C:\Users\chenkk\Desktop\新建文件夹\001338-2026-04-21-永顺泰-2025年年度报告.pdf
2026-04-21 14:07:51,762 - httpx - INFO - HTTP Request: POST https://dashscope.aliyuncs.com/compatible-mode/v1/chat/completions "HTTP/1.1 200 OK"
2026-04-21 14:07:53,338 - httpx - INFO - HTTP Request: POST https://dashscope.aliyuncs.com/compatible-mode/v1/chat/completions "HTTP/1.1 200 OK"
2026-04-21 14:07:53,424 - httpx - INFO - HTTP Request: POST https://dashscope.aliyuncs.com/compatible-mode/v1/files "HTTP/1.1 200 OK"
2026-04-21 14:07:53,425 - ai_service_enhanced - INFO - 文件上传成功: C:\Users\chenkk\Desktop\新建文件夹\001382-2026-04-21-新亚电缆-2025年年度报告.pdf (文件ID: file-fe-d60636b778924e4f8f370f68)
2026-04-21 14:07:53,425 - __main___file_only - INFO - 上传文件: 001382-2026-04-21-新亚电缆-2025年年度报告.pdf (大小: 0.29 MB, ID: file-fe-d60636b778924e4f8f370f68)
2026-04-21 14:07:53,455 - httpx - INFO - HTTP Request: POST https://dashscope.aliyuncs.com/compatible-mode/v1/files "HTTP/1.1 200 OK"
2026-04-21 14:07:53,455 - ai_service_enhanced - INFO - 文件上传成功: C:\Users\chenkk\Desktop\新建文件夹\净资产收益率和每股收益\001382-2026-04-21-新亚电缆-2025年年度报告_mgsy.pdf (文件ID: file-fe-b4425b51a6a04885a02e4e67)
2026-04-21 14:07:53,455 - __main___file_only - INFO - 上传文件: 001382-2026-04-21-新亚电缆-2025年年度报告_mgsy.pdf (大小: 0.28 MB, ID: file-fe-b4425b51a6a04885a02e4e67)
2026-04-21 14:07:53,718 - __main__ - INFO - 开始处理: C:\Users\chenkk\Desktop\新建文件夹\001382-2026-04-21-新亚电缆-2025年年度报告.pdf
2026-04-21 14:07:55,187 - httpx - INFO - HTTP Request: POST https://dashscope.aliyuncs.com/compatible-mode/v1/chat/completions "HTTP/1.1 200 OK"
2026-04-21 14:07:55,293 - __main___file_only - INFO - 找到数据: 000572 2026-04-21 (3条)
2026-04-21 14:07:55,294 - __main__ - INFO - 处理成功: 000572-2026-04-21
2026-04-21 14:07:55,294 - __main___file_only - INFO - 处理成功: C:\Users\chenkk\Desktop\新建文件夹\000572-2026-04-21-海马汽车-2025年年度报告.pdf (耗时: 31.20秒)
2026-04-21 14:07:55,638 - httpx - INFO - HTTP Request: POST https://dashscope.aliyuncs.com/compatible-mode/v1/files "HTTP/1.1 200 OK"
2026-04-21 14:07:55,638 - ai_service_enhanced - INFO - 文件上传成功: C:\Users\chenkk\Desktop\新建文件夹\净资产收益率和每股收益\002010-2026-04-21-传化智联-2025年年度报告_mgsy.pdf (文件ID: file-fe-4a0637facb2e45fc9406a0e1)
2026-04-21 14:07:55,639 - __main___file_only - INFO - 上传文件: 002010-2026-04-21-传化智联-2025年年度报告_mgsy.pdf (大小: 0.53 MB, ID: file-fe-4a0637facb2e45fc9406a0e1)
2026-04-21 14:07:55,707 - httpx - INFO - HTTP Request: POST https://dashscope.aliyuncs.com/compatible-mode/v1/files "HTTP/1.1 200 OK"
2026-04-21 14:07:55,707 - ai_service_enhanced - INFO - 文件上传成功: C:\Users\chenkk\Desktop\新建文件夹\002010-2026-04-21-传化智联-2025年年度报告.pdf (文件ID: file-fe-4da387023de244daa1a6c4b6)
2026-04-21 14:07:55,708 - __main___file_only - INFO - 上传文件: 002010-2026-04-21-传化智联-2025年年度报告.pdf (大小: 0.54 MB, ID: file-fe-4da387023de244daa1a6c4b6)
2026-04-21 14:07:55,726 - __main__ - INFO - 开始处理: C:\Users\chenkk\Desktop\新建文件夹\002010-2026-04-21-传化智联-2025年年度报告.pdf
2026-04-21 14:07:55,790 - httpx - INFO - HTTP Request: POST https://dashscope.aliyuncs.com/compatible-mode/v1/chat/completions "HTTP/1.1 200 OK"
2026-04-21 14:07:56,094 - httpx - INFO - HTTP Request: DELETE https://dashscope.aliyuncs.com/compatible-mode/v1/files/file-fe-a89efc86fd3b453bab5176a7 "HTTP/1.1 200 OK"
2026-04-21 14:07:56,706 - httpx - INFO - HTTP Request: DELETE https://dashscope.aliyuncs.com/compatible-mode/v1/files/file-fe-ddabfc6b121640e2ace4a81d "HTTP/1.1 200 OK"
2026-04-21 14:07:57,503 - httpx - INFO - HTTP Request: POST https://dashscope.aliyuncs.com/compatible-mode/v1/chat/completions "HTTP/1.1 200 OK"
2026-04-21 14:07:57,592 - __main___file_only - INFO - 找到数据: 000633 2026-04-21 (3条)
2026-04-21 14:07:57,592 - __main__ - INFO - 处理成功: 000633-2026-04-21
2026-04-21 14:07:57,592 - __main___file_only - INFO - 处理成功: C:\Users\chenkk\Desktop\新建文件夹\000633-2026-04-21-合金投资-2025年年度报告.pdf (耗时: 31.12秒)
2026-04-21 14:07:57,670 - httpx - INFO - HTTP Request: POST https://dashscope.aliyuncs.com/compatible-mode/v1/files "HTTP/1.1 200 OK"
2026-04-21 14:07:57,671 - ai_service_enhanced - INFO - 文件上传成功: C:\Users\chenkk\Desktop\新建文件夹\净资产收益率和每股收益\002026-2026-04-21-山东威达-2025年年度报告_mgsy.pdf (文件ID: file-fe-067bb4215b024f25831837d4)
2026-04-21 14:07:57,671 - __main___file_only - INFO - 上传文件: 002026-2026-04-21-山东威达-2025年年度报告_mgsy.pdf (大小: 0.33 MB, ID: file-fe-067bb4215b024f25831837d4)
2026-04-21 14:07:57,696 - httpx - INFO - HTTP Request: POST https://dashscope.aliyuncs.com/compatible-mode/v1/files "HTTP/1.1 200 OK"
2026-04-21 14:07:57,697 - ai_service_enhanced - INFO - 文件上传成功: C:\Users\chenkk\Desktop\新建文件夹\002026-2026-04-21-山东威达-2025年年度报告.pdf (文件ID: file-fe-4e83fcbab458409297604baa)
2026-04-21 14:07:57,697 - __main___file_only - INFO - 上传文件: 002026-2026-04-21-山东威达-2025年年度报告.pdf (大小: 0.33 MB, ID: file-fe-4e83fcbab458409297604baa)
2026-04-21 14:07:57,731 - __main__ - INFO - 开始处理: C:\Users\chenkk\Desktop\新建文件夹\002026-2026-04-21-山东威达-2025年年度报告.pdf
2026-04-21 14:07:58,268 - httpx - INFO - HTTP Request: DELETE https://dashscope.aliyuncs.com/compatible-mode/v1/files/file-fe-a7a880e8ce504d4495aed2a9 "HTTP/1.1 200 OK"
2026-04-21 14:07:58,931 - httpx - INFO - HTTP Request: DELETE https://dashscope.aliyuncs.com/compatible-mode/v1/files/file-fe-702797572c2941939b427a8a "HTTP/1.1 200 OK"
2026-04-21 14:07:59,826 - httpx - INFO - HTTP Request: POST https://dashscope.aliyuncs.com/compatible-mode/v1/files "HTTP/1.1 200 OK"
2026-04-21 14:07:59,827 - ai_service_enhanced - INFO - 文件上传成功: C:\Users\chenkk\Desktop\新建文件夹\净资产收益率和每股收益\002045-2026-04-21-国光电器-2025年年度报告_mgsy.pdf (文件ID: file-fe-e6ca0929f9f94f35973ead50)
2026-04-21 14:07:59,827 - __main___file_only - INFO - 上传文件: 002045-2026-04-21-国光电器-2025年年度报告_mgsy.pdf (大小: 0.54 MB, ID: file-fe-e6ca0929f9f94f35973ead50)
2026-04-21 14:07:59,984 - httpx - INFO - HTTP Request: POST https://dashscope.aliyuncs.com/compatible-mode/v1/chat/completions "HTTP/1.1 200 OK"
2026-04-21 14:08:00,139 - httpx - INFO - HTTP Request: POST https://dashscope.aliyuncs.com/compatible-mode/v1/chat/completions "HTTP/1.1 200 OK"
2026-04-21 14:08:00,223 - __main___file_only - INFO - 找到数据: 000635 2026-04-21 (3条)
2026-04-21 14:08:00,223 - __main__ - INFO - 处理成功: 000635-2026-04-21
2026-04-21 14:08:00,223 - __main___file_only - INFO - 处理成功: C:\Users\chenkk\Desktop\新建文件夹\000635-2026-04-21-英力特-2025年年度报告.pdf (耗时: 32.24秒)
2026-04-21 14:08:00,267 - httpx - INFO - HTTP Request: POST https://dashscope.aliyuncs.com/compatible-mode/v1/chat/completions "HTTP/1.1 200 OK"
2026-04-21 14:08:00,388 - __main___file_only - INFO - 找到数据: 000690 2026-04-21 (3条)
2026-04-21 14:08:00,388 - __main__ - INFO - 处理成功: 000690-2026-04-21
2026-04-21 14:08:00,388 - __main___file_only - INFO - 处理成功: C:\Users\chenkk\Desktop\新建文件夹\000690-2026-04-21-宝新能源-2025年年度报告.pdf (耗时: 25.52秒)
2026-04-21 14:08:00,540 - httpx - INFO - HTTP Request: POST https://dashscope.aliyuncs.com/compatible-mode/v1/files "HTTP/1.1 200 OK"
2026-04-21 14:08:00,541 - ai_service_enhanced - INFO - 文件上传成功: C:\Users\chenkk\Desktop\新建文件夹\002045-2026-04-21-国光电器-2025年年度报告.pdf (文件ID: file-fe-e49116b4a7e94c429a792de0)
2026-04-21 14:08:00,541 - __main___file_only - INFO - 上传文件: 002045-2026-04-21-国光电器-2025年年度报告.pdf (大小: 0.56 MB, ID: file-fe-e49116b4a7e94c429a792de0)
2026-04-21 14:08:00,627 - __main__ - INFO - 开始处理: C:\Users\chenkk\Desktop\新建文件夹\002045-2026-04-21-国光电器-2025年年度报告.pdf
2026-04-21 14:08:00,900 - httpx - INFO - HTTP Request: DELETE https://dashscope.aliyuncs.com/compatible-mode/v1/files/file-fe-e2d061785eff43a7887ac01e "HTTP/1.1 200 OK"
2026-04-21 14:08:01,046 - httpx - INFO - HTTP Request: DELETE https://dashscope.aliyuncs.com/compatible-mode/v1/files/file-fe-1c28efdfd64c46438ed12109 "HTTP/1.1 200 OK"
2026-04-21 14:08:01,325 - httpx - INFO - HTTP Request: POST https://dashscope.aliyuncs.com/compatible-mode/v1/chat/completions "HTTP/1.1 200 OK"
2026-04-21 14:08:01,682 - httpx - INFO - HTTP Request: DELETE https://dashscope.aliyuncs.com/compatible-mode/v1/files/file-fe-7ebf38b084594f5f92136e2f "HTTP/1.1 200 OK"
2026-04-21 14:08:01,755 - httpx - INFO - HTTP Request: DELETE https://dashscope.aliyuncs.com/compatible-mode/v1/files/file-fe-ddc25b9f14254cdb95e7a7d8 "HTTP/1.1 200 OK"
2026-04-21 14:08:01,952 - httpx - INFO - HTTP Request: POST https://dashscope.aliyuncs.com/compatible-mode/v1/files "HTTP/1.1 200 OK"
2026-04-21 14:08:01,952 - ai_service_enhanced - INFO - 文件上传成功: C:\Users\chenkk\Desktop\新建文件夹\净资产收益率和每股收益\002049-2026-04-21-紫光国微-2025年年度报告_mgsy.pdf (文件ID: file-fe-58e3cd5676bb4cfbbb7c0d62)
2026-04-21 14:08:01,952 - __main___file_only - INFO - 上传文件: 002049-2026-04-21-紫光国微-2025年年度报告_mgsy.pdf (大小: 0.46 MB, ID: file-fe-58e3cd5676bb4cfbbb7c0d62)
2026-04-21 14:08:02,238 - httpx - INFO - HTTP Request: POST https://dashscope.aliyuncs.com/compatible-mode/v1/files "HTTP/1.1 200 OK"
2026-04-21 14:08:02,239 - ai_service_enhanced - INFO - 文件上传成功: C:\Users\chenkk\Desktop\新建文件夹\002049-2026-04-21-紫光国微-2025年年度报告.pdf (文件ID: file-fe-3ea60a5ddd1145e583458817)
2026-04-21 14:08:02,239 - __main___file_only - INFO - 上传文件: 002049-2026-04-21-紫光国微-2025年年度报告.pdf (大小: 0.52 MB, ID: file-fe-3ea60a5ddd1145e583458817)
2026-04-21 14:08:02,470 - __main__ - INFO - 开始处理: C:\Users\chenkk\Desktop\新建文件夹\002049-2026-04-21-紫光国微-2025年年度报告.pdf
2026-04-21 14:08:02,676 - httpx - INFO - HTTP Request: POST https://dashscope.aliyuncs.com/compatible-mode/v1/chat/completions "HTTP/1.1 200 OK"
2026-04-21 14:08:02,775 - __main___file_only - INFO - 找到数据: 000636 2026-04-21 (3条)
2026-04-21 14:08:02,775 - __main__ - INFO - 处理成功: 000636-2026-04-21
2026-04-21 14:08:02,775 - __main___file_only - INFO - 处理成功: C:\Users\chenkk\Desktop\新建文件夹\000636-2026-04-21-风华高科-2025年年度报告.pdf (耗时: 32.01秒)
2026-04-21 14:08:03,032 - httpx - INFO - HTTP Request: POST https://dashscope.aliyuncs.com/compatible-mode/v1/chat/completions "HTTP/1.1 200 OK"
2026-04-21 14:08:03,120 - __main___file_only - INFO - 找到数据: 000683 2026-04-21 (3条)
2026-04-21 14:08:03,120 - __main__ - INFO - 处理成功: 000683-2026-04-21
2026-04-21 14:08:03,120 - __main___file_only - INFO - 处理成功: C:\Users\chenkk\Desktop\新建文件夹\000683-2026-04-21-博源化工-2025年年度报告.pdf (耗时: 30.88秒)
2026-04-21 14:08:03,140 - httpx - INFO - HTTP Request: POST https://dashscope.aliyuncs.com/compatible-mode/v1/chat/completions "HTTP/1.1 200 OK"
2026-04-21 14:08:03,475 - httpx - INFO - HTTP Request: DELETE https://dashscope.aliyuncs.com/compatible-mode/v1/files/file-fe-fb5d4692348247ce8a71788d "HTTP/1.1 200 OK"
2026-04-21 14:08:03,689 - httpx - INFO - HTTP Request: DELETE https://dashscope.aliyuncs.com/compatible-mode/v1/files/file-fe-3ce9d47a4d9442afa35392a7 "HTTP/1.1 200 OK"
2026-04-21 14:08:04,075 - httpx - INFO - HTTP Request: POST https://dashscope.aliyuncs.com/compatible-mode/v1/files "HTTP/1.1 200 OK"
2026-04-21 14:08:04,076 - ai_service_enhanced - INFO - 文件上传成功: C:\Users\chenkk\Desktop\新建文件夹\002084-2026-04-21-海鸥住工-2025年年度报告.pdf (文件ID: file-fe-3abe31af2107473785ed9250)
2026-04-21 14:08:04,076 - __main___file_only - INFO - 上传文件: 002084-2026-04-21-海鸥住工-2025年年度报告.pdf (大小: 0.49 MB, ID: file-fe-3abe31af2107473785ed9250)
2026-04-21 14:08:04,172 - httpx - INFO - HTTP Request: POST https://dashscope.aliyuncs.com/compatible-mode/v1/files "HTTP/1.1 200 OK"
2026-04-21 14:08:04,172 - ai_service_enhanced - INFO - 文件上传成功: C:\Users\chenkk\Desktop\新建文件夹\净资产收益率和每股收益\002084-2026-04-21-海鸥住工-2025年年度报告_mgsy.pdf (文件ID: file-fe-f33251f729b34962820955a6)
2026-04-21 14:08:04,173 - __main___file_only - INFO - 上传文件: 002084-2026-04-21-海鸥住工-2025年年度报告_mgsy.pdf (大小: 0.32 MB, ID: file-fe-f33251f729b34962820955a6)
2026-04-21 14:08:04,209 - __main__ - INFO - 开始处理: C:\Users\chenkk\Desktop\新建文件夹\002084-2026-04-21-海鸥住工-2025年年度报告.pdf
2026-04-21 14:08:04,257 - httpx - INFO - HTTP Request: POST https://dashscope.aliyuncs.com/compatible-mode/v1/chat/completions "HTTP/1.1 200 OK"
2026-04-21 14:08:04,272 - httpx - INFO - HTTP Request: DELETE https://dashscope.aliyuncs.com/compatible-mode/v1/files/file-fe-533d17f89ef143faa905c659 "HTTP/1.1 200 OK"
2026-04-21 14:08:04,387 - httpx - INFO - HTTP Request: DELETE https://dashscope.aliyuncs.com/compatible-mode/v1/files/file-fe-59f918296f584d4ca9ca80db "HTTP/1.1 200 OK"
2026-04-21 14:08:06,066 - httpx - INFO - HTTP Request: POST https://dashscope.aliyuncs.com/compatible-mode/v1/chat/completions "HTTP/1.1 200 OK"
2026-04-21 14:08:06,131 - httpx - INFO - HTTP Request: POST https://dashscope.aliyuncs.com/compatible-mode/v1/files "HTTP/1.1 200 OK"
2026-04-21 14:08:06,132 - ai_service_enhanced - INFO - 文件上传成功: C:\Users\chenkk\Desktop\新建文件夹\净资产收益率和每股收益\002137-2026-04-21-实益达-2025年年度报告_mgsy.pdf (文件ID: file-fe-3c3646764b0740d1863d9699)
2026-04-21 14:08:06,133 - __main___file_only - INFO - 上传文件: 002137-2026-04-21-实益达-2025年年度报告_mgsy.pdf (大小: 0.47 MB, ID: file-fe-3c3646764b0740d1863d9699)
2026-04-21 14:08:06,160 - __main___file_only - INFO - 找到数据: 000728 2026-04-21 (3条)
2026-04-21 14:08:06,160 - __main__ - INFO - 处理成功: 000728-2026-04-21
2026-04-21 14:08:06,160 - __main___file_only - INFO - 处理成功: C:\Users\chenkk\Desktop\新建文件夹\000728-2026-04-21-国元证券-2025年年度报告.pdf (耗时: 27.56秒)
2026-04-21 14:08:06,288 - httpx - INFO - HTTP Request: POST https://dashscope.aliyuncs.com/compatible-mode/v1/files "HTTP/1.1 200 OK"
2026-04-21 14:08:06,289 - ai_service_enhanced - INFO - 文件上传成功: C:\Users\chenkk\Desktop\新建文件夹\002137-2026-04-21-实益达-2025年年度报告.pdf (文件ID: file-fe-a4928dbf8ec442cb8239ab50)
2026-04-21 14:08:06,289 - __main___file_only - INFO - 上传文件: 002137-2026-04-21-实益达-2025年年度报告.pdf (大小: 0.48 MB, ID: file-fe-a4928dbf8ec442cb8239ab50)
2026-04-21 14:08:06,289 - __main__ - INFO - 开始处理: C:\Users\chenkk\Desktop\新建文件夹\002137-2026-04-21-实益达-2025年年度报告.pdf
2026-04-21 14:08:06,425 - httpx - INFO - HTTP Request: POST https://dashscope.aliyuncs.com/compatible-mode/v1/chat/completions "HTTP/1.1 200 OK"
2026-04-21 14:08:06,823 - httpx - INFO - HTTP Request: DELETE https://dashscope.aliyuncs.com/compatible-mode/v1/files/file-fe-979a7f61016846678f831578 "HTTP/1.1 200 OK"
2026-04-21 14:08:07,462 - httpx - INFO - HTTP Request: DELETE https://dashscope.aliyuncs.com/compatible-mode/v1/files/file-fe-aec52da46e1c44f2887c5aa2 "HTTP/1.1 200 OK"
2026-04-21 14:08:08,163 - httpx - INFO - HTTP Request: POST https://dashscope.aliyuncs.com/compatible-mode/v1/files "HTTP/1.1 200 OK"
2026-04-21 14:08:08,164 - ai_service_enhanced - INFO - 文件上传成功: C:\Users\chenkk\Desktop\新建文件夹\002167-2026-04-21-东方锆业-2025年年度报告.pdf (文件ID: file-fe-eeb67d0421824a0c9a8ecd56)
2026-04-21 14:08:08,164 - __main___file_only - INFO - 上传文件: 002167-2026-04-21-东方锆业-2025年年度报告.pdf (大小: 0.32 MB, ID: file-fe-eeb67d0421824a0c9a8ecd56)
2026-04-21 14:08:08,253 - httpx - INFO - HTTP Request: POST https://dashscope.aliyuncs.com/compatible-mode/v1/files "HTTP/1.1 200 OK"
2026-04-21 14:08:08,254 - ai_service_enhanced - INFO - 文件上传成功: C:\Users\chenkk\Desktop\新建文件夹\净资产收益率和每股收益\002167-2026-04-21-东方锆业-2025年年度报告_mgsy.pdf (文件ID: file-fe-3fbf2fbf5802485aabde9fd0)
2026-04-21 14:08:08,254 - __main___file_only - INFO - 上传文件: 002167-2026-04-21-东方锆业-2025年年度报告_mgsy.pdf (大小: 0.31 MB, ID: file-fe-3fbf2fbf5802485aabde9fd0)
2026-04-21 14:08:08,293 - __main__ - INFO - 开始处理: C:\Users\chenkk\Desktop\新建文件夹\002167-2026-04-21-东方锆业-2025年年度报告.pdf
2026-04-21 14:08:08,462 - httpx - INFO - HTTP Request: POST https://dashscope.aliyuncs.com/compatible-mode/v1/chat/completions "HTTP/1.1 200 OK"
2026-04-21 14:08:09,784 - httpx - INFO - HTTP Request: POST https://dashscope.aliyuncs.com/compatible-mode/v1/chat/completions "HTTP/1.1 200 OK"
2026-04-21 14:08:09,861 - __main___file_only - INFO - 找到数据: 000702 2026-04-21 (3条)
2026-04-21 14:08:09,861 - __main__ - INFO - 处理成功: 000702-2026-04-21
2026-04-21 14:08:09,862 - __main___file_only - INFO - 处理成功: C:\Users\chenkk\Desktop\新建文件夹\000702-2026-04-21-正虹科技-2025年年度报告.pdf (耗时: 33.26秒)
2026-04-21 14:08:10,399 - httpx - INFO - HTTP Request: POST https://dashscope.aliyuncs.com/compatible-mode/v1/files "HTTP/1.1 200 OK"
2026-04-21 14:08:10,400 - ai_service_enhanced - INFO - 文件上传成功: C:\Users\chenkk\Desktop\新建文件夹\净资产收益率和每股收益\002186-2026-04-21-全聚德-2025年年度报告_mgsy.pdf (文件ID: file-fe-71e7d0bddfbf42638ba9a543)
2026-04-21 14:08:10,400 - __main___file_only - INFO - 上传文件: 002186-2026-04-21-全聚德-2025年年度报告_mgsy.pdf (大小: 0.29 MB, ID: file-fe-71e7d0bddfbf42638ba9a543)
2026-04-21 14:08:10,511 - httpx - INFO - HTTP Request: DELETE https://dashscope.aliyuncs.com/compatible-mode/v1/files/file-fe-139e4502d8ca4cf5b4e921cb "HTTP/1.1 200 OK"
2026-04-21 14:08:10,627 - httpx - INFO - HTTP Request: POST https://dashscope.aliyuncs.com/compatible-mode/v1/chat/completions "HTTP/1.1 200 OK"
2026-04-21 14:08:10,702 - httpx - INFO - HTTP Request: POST https://dashscope.aliyuncs.com/compatible-mode/v1/files "HTTP/1.1 200 OK"
2026-04-21 14:08:10,703 - ai_service_enhanced - INFO - 文件上传成功: C:\Users\chenkk\Desktop\新建文件夹\002186-2026-04-21-全聚德-2025年年度报告.pdf (文件ID: file-fe-594861de752844799a68f279)
2026-04-21 14:08:10,703 - __main___file_only - INFO - 上传文件: 002186-2026-04-21-全聚德-2025年年度报告.pdf (大小: 0.29 MB, ID: file-fe-594861de752844799a68f279)
2026-04-21 14:08:10,921 - __main__ - INFO - 开始处理: C:\Users\chenkk\Desktop\新建文件夹\002186-2026-04-21-全聚德-2025年年度报告.pdf
2026-04-21 14:08:11,159 - httpx - INFO - HTTP Request: DELETE https://dashscope.aliyuncs.com/compatible-mode/v1/files/file-fe-4cebf802e87b4087b3261b92 "HTTP/1.1 200 OK"
2026-04-21 14:08:11,339 - httpx - INFO - HTTP Request: POST https://dashscope.aliyuncs.com/compatible-mode/v1/chat/completions "HTTP/1.1 200 OK"
2026-04-21 14:08:11,399 - __main___file_only - INFO - 找到数据: 000875 2026-04-21 (3条)
2026-04-21 14:08:11,399 - __main__ - INFO - 处理成功: 000875-2026-04-21
2026-04-21 14:08:11,399 - __main___file_only - INFO - 处理成功: C:\Users\chenkk\Desktop\新建文件夹\000875-2026-04-21-电投绿能-2025年年度报告.pdf (耗时: 28.16秒)
2026-04-21 14:08:12,159 - httpx - INFO - HTTP Request: DELETE https://dashscope.aliyuncs.com/compatible-mode/v1/files/file-fe-614711cba5514998b6150839 "HTTP/1.1 200 OK"
2026-04-21 14:08:12,518 - httpx - INFO - HTTP Request: POST https://dashscope.aliyuncs.com/compatible-mode/v1/files "HTTP/1.1 200 OK"
2026-04-21 14:08:12,518 - ai_service_enhanced - INFO - 文件上传成功: C:\Users\chenkk\Desktop\新建文件夹\002201-2026-04-21-九鼎新材-2025年年度报告.pdf (文件ID: file-fe-efbaf566a06d41b78aba151e)
2026-04-21 14:08:12,519 - __main___file_only - INFO - 上传文件: 002201-2026-04-21-九鼎新材-2025年年度报告.pdf (大小: 0.31 MB, ID: file-fe-efbaf566a06d41b78aba151e)
2026-04-21 14:08:12,565 - httpx - INFO - HTTP Request: POST https://dashscope.aliyuncs.com/compatible-mode/v1/files "HTTP/1.1 200 OK"
2026-04-21 14:08:12,565 - ai_service_enhanced - INFO - 文件上传成功: C:\Users\chenkk\Desktop\新建文件夹\净资产收益率和每股收益\002201-2026-04-21-九鼎新材-2025年年度报告_mgsy.pdf (文件ID: file-fe-d3ae20acf862479b8cfb205b)
2026-04-21 14:08:12,566 - __main___file_only - INFO - 上传文件: 002201-2026-04-21-九鼎新材-2025年年度报告_mgsy.pdf (大小: 0.30 MB, ID: file-fe-d3ae20acf862479b8cfb205b)
2026-04-21 14:08:12,659 - __main__ - INFO - 开始处理: C:\Users\chenkk\Desktop\新建文件夹\002201-2026-04-21-九鼎新材-2025年年度报告.pdf
2026-04-21 14:08:12,828 - httpx - INFO - HTTP Request: DELETE https://dashscope.aliyuncs.com/compatible-mode/v1/files/file-fe-39d0b94fabdc4449ac370191 "HTTP/1.1 200 OK"
2026-04-21 14:08:13,677 - httpx - INFO - HTTP Request: POST https://dashscope.aliyuncs.com/compatible-mode/v1/chat/completions "HTTP/1.1 200 OK"
2026-04-21 14:08:13,682 - httpx - INFO - HTTP Request: POST https://dashscope.aliyuncs.com/compatible-mode/v1/chat/completions "HTTP/1.1 200 OK"
2026-04-21 14:08:13,748 - __main___file_only - INFO - 找到数据: 000948 2026-04-21 (3条)
2026-04-21 14:08:13,748 - __main__ - INFO - 处理成功: 000948-2026-04-21
2026-04-21 14:08:13,748 - __main___file_only - INFO - 处理成功: C:\Users\chenkk\Desktop\新建文件夹\000948-2026-04-21-南天信息-2025年年度报告.pdf (耗时: 26.62秒)
2026-04-21 14:08:13,960 - httpx - INFO - HTTP Request: POST https://dashscope.aliyuncs.com/compatible-mode/v1/chat/completions "HTTP/1.1 200 OK"
2026-04-21 14:08:14,058 - __main___file_only - INFO - 找到数据: 001286 2026-04-21 (3条)
2026-04-21 14:08:14,059 - __main__ - INFO - 处理成功: 001286-2026-04-21
2026-04-21 14:08:14,059 - __main___file_only - INFO - 处理成功: C:\Users\chenkk\Desktop\新建文件夹\001286-2026-04-21-陕西能源-2025年年度报告.pdf (耗时: 24.56秒)
2026-04-21 14:08:14,420 - httpx - INFO - HTTP Request: DELETE https://dashscope.aliyuncs.com/compatible-mode/v1/files/file-fe-95a30bdcc5f649aca4c2e240 "HTTP/1.1 200 OK"
2026-04-21 14:08:14,744 - httpx - INFO - HTTP Request: POST https://dashscope.aliyuncs.com/compatible-mode/v1/files "HTTP/1.1 200 OK"
2026-04-21 14:08:14,745 - ai_service_enhanced - INFO - 文件上传成功: C:\Users\chenkk\Desktop\新建文件夹\净资产收益率和每股收益\002205-2026-04-21-国统股份-2025年年度报告_mgsy.pdf (文件ID: file-fe-e790bd4a9802416c9967527d)
2026-04-21 14:08:14,745 - __main___file_only - INFO - 上传文件: 002205-2026-04-21-国统股份-2025年年度报告_mgsy.pdf (大小: 0.33 MB, ID: file-fe-e790bd4a9802416c9967527d)
2026-04-21 14:08:14,760 - httpx - INFO - HTTP Request: POST https://dashscope.aliyuncs.com/compatible-mode/v1/files "HTTP/1.1 200 OK"
2026-04-21 14:08:14,760 - ai_service_enhanced - INFO - 文件上传成功: C:\Users\chenkk\Desktop\新建文件夹\002205-2026-04-21-国统股份-2025年年度报告.pdf (文件ID: file-fe-57a9c7a3b9a5416d81fcfdfc)
2026-04-21 14:08:14,761 - __main___file_only - INFO - 上传文件: 002205-2026-04-21-国统股份-2025年年度报告.pdf (大小: 0.34 MB, ID: file-fe-57a9c7a3b9a5416d81fcfdfc)
2026-04-21 14:08:14,761 - __main__ - INFO - 开始处理: C:\Users\chenkk\Desktop\新建文件夹\002205-2026-04-21-国统股份-2025年年度报告.pdf
2026-04-21 14:08:14,825 - httpx - INFO - HTTP Request: POST https://dashscope.aliyuncs.com/compatible-mode/v1/chat/completions "HTTP/1.1 200 OK"
2026-04-21 14:08:14,828 - httpx - INFO - HTTP Request: DELETE https://dashscope.aliyuncs.com/compatible-mode/v1/files/file-fe-c9964c79fc8c41ea84a4b130 "HTTP/1.1 200 OK"
2026-04-21 14:08:15,020 - httpx - INFO - HTTP Request: DELETE https://dashscope.aliyuncs.com/compatible-mode/v1/files/file-fe-8aab3db701824976a7479582 "HTTP/1.1 200 OK"
2026-04-21 14:08:15,486 - httpx - INFO - HTTP Request: DELETE https://dashscope.aliyuncs.com/compatible-mode/v1/files/file-fe-e4de697ddd824ebf9dc6aa94 "HTTP/1.1 200 OK"
2026-04-21 14:08:16,680 - httpx - INFO - HTTP Request: POST https://dashscope.aliyuncs.com/compatible-mode/v1/chat/completions "HTTP/1.1 200 OK"
2026-04-21 14:08:16,750 - __main___file_only - INFO - 找到数据: 000889 2026-04-21 (3条)
2026-04-21 14:08:16,750 - __main__ - INFO - 处理成功: 000889-2026-04-21
2026-04-21 14:08:16,750 - __main___file_only - INFO - 处理成功: C:\Users\chenkk\Desktop\新建文件夹\000889-2026-04-21-中嘉博创-2025年年度报告.pdf (耗时: 31.70秒)
2026-04-21 14:08:16,834 - httpx - INFO - HTTP Request: POST https://dashscope.aliyuncs.com/compatible-mode/v1/files "HTTP/1.1 200 OK"
2026-04-21 14:08:16,835 - ai_service_enhanced - INFO - 文件上传成功: C:\Users\chenkk\Desktop\新建文件夹\净资产收益率和每股收益\002208-2026-04-21-合肥城建-2025年年度报告_mgsy.pdf (文件ID: file-fe-8c26b89121cb40819fe2a074)
2026-04-21 14:08:16,835 - __main___file_only - INFO - 上传文件: 002208-2026-04-21-合肥城建-2025年年度报告_mgsy.pdf (大小: 0.29 MB, ID: file-fe-8c26b89121cb40819fe2a074)
2026-04-21 14:08:16,844 - httpx - INFO - HTTP Request: POST https://dashscope.aliyuncs.com/compatible-mode/v1/files "HTTP/1.1 200 OK"
2026-04-21 14:08:16,844 - ai_service_enhanced - INFO - 文件上传成功: C:\Users\chenkk\Desktop\新建文件夹\002208-2026-04-21-合肥城建-2025年年度报告.pdf (文件ID: file-fe-51eee1df7f4542eebbf9dbe2)
2026-04-21 14:08:16,844 - __main___file_only - INFO - 上传文件: 002208-2026-04-21-合肥城建-2025年年度报告.pdf (大小: 0.45 MB, ID: file-fe-51eee1df7f4542eebbf9dbe2)
2026-04-21 14:08:16,845 - __main__ - INFO - 开始处理: C:\Users\chenkk\Desktop\新建文件夹\002208-2026-04-21-合肥城建-2025年年度报告.pdf
2026-04-21 14:08:17,438 - httpx - INFO - HTTP Request: DELETE https://dashscope.aliyuncs.com/compatible-mode/v1/files/file-fe-dac47f94c1af4fb9b36c1a13 "HTTP/1.1 200 OK"
2026-04-21 14:08:18,074 - httpx - INFO - HTTP Request: DELETE https://dashscope.aliyuncs.com/compatible-mode/v1/files/file-fe-944b34d56ede40d19eaf4986 "HTTP/1.1 200 OK"
2026-04-21 14:08:18,188 - httpx - INFO - HTTP Request: POST https://dashscope.aliyuncs.com/compatible-mode/v1/chat/completions "HTTP/1.1 200 OK"
2026-04-21 14:08:18,250 - __main___file_only - INFO - 找到数据: 001382 2026-04-21 (3条)
2026-04-21 14:08:18,250 - __main__ - INFO - 处理成功: 001382-2026-04-21
2026-04-21 14:08:18,250 - __main___file_only - INFO - 处理成功: C:\Users\chenkk\Desktop\新建文件夹\001382-2026-04-21-新亚电缆-2025年年度报告.pdf (耗时: 24.53秒)
2026-04-21 14:08:18,787 - httpx - INFO - HTTP Request: POST https://dashscope.aliyuncs.com/compatible-mode/v1/files "HTTP/1.1 200 OK"
2026-04-21 14:08:18,787 - ai_service_enhanced - INFO - 文件上传成功: C:\Users\chenkk\Desktop\新建文件夹\净资产收益率和每股收益\002209-2026-04-21-达意隆-2025年年度报告_mgsy.pdf (文件ID: file-fe-affe89c016b5437f82e41b02)
2026-04-21 14:08:18,787 - __main___file_only - INFO - 上传文件: 002209-2026-04-21-达意隆-2025年年度报告_mgsy.pdf (大小: 0.35 MB, ID: file-fe-affe89c016b5437f82e41b02)
2026-04-21 14:08:18,867 - httpx - INFO - HTTP Request: POST https://dashscope.aliyuncs.com/compatible-mode/v1/files "HTTP/1.1 200 OK"
2026-04-21 14:08:18,868 - ai_service_enhanced - INFO - 文件上传成功: C:\Users\chenkk\Desktop\新建文件夹\002209-2026-04-21-达意隆-2025年年度报告.pdf (文件ID: file-fe-1a8da03f035e419082476f00)
2026-04-21 14:08:18,868 - __main___file_only - INFO - 上传文件: 002209-2026-04-21-达意隆-2025年年度报告.pdf (大小: 0.33 MB, ID: file-fe-1a8da03f035e419082476f00)
2026-04-21 14:08:18,868 - __main__ - INFO - 开始处理: C:\Users\chenkk\Desktop\新建文件夹\002209-2026-04-21-达意隆-2025年年度报告.pdf
2026-04-21 14:08:18,919 - httpx - INFO - HTTP Request: DELETE https://dashscope.aliyuncs.com/compatible-mode/v1/files/file-fe-d60636b778924e4f8f370f68 "HTTP/1.1 200 OK"
2026-04-21 14:08:19,196 - httpx - INFO - HTTP Request: POST https://dashscope.aliyuncs.com/compatible-mode/v1/chat/completions "HTTP/1.1 200 OK"
2026-04-21 14:08:19,575 - httpx - INFO - HTTP Request: DELETE https://dashscope.aliyuncs.com/compatible-mode/v1/files/file-fe-b4425b51a6a04885a02e4e67 "HTTP/1.1 200 OK"
2026-04-21 14:08:20,945 - httpx - INFO - HTTP Request: POST https://dashscope.aliyuncs.com/compatible-mode/v1/files "HTTP/1.1 200 OK"
2026-04-21 14:08:20,945 - ai_service_enhanced - INFO - 文件上传成功: C:\Users\chenkk\Desktop\新建文件夹\002227-2026-04-21-奥特迅-2025年年度报告.pdf (文件ID: file-fe-77935cece3fd406a80d46b9c)
2026-04-21 14:08:20,945 - __main___file_only - INFO - 上传文件: 002227-2026-04-21-奥特迅-2025年年度报告.pdf (大小: 0.29 MB, ID: file-fe-77935cece3fd406a80d46b9c)
2026-04-21 14:08:21,037 - httpx - INFO - HTTP Request: POST https://dashscope.aliyuncs.com/compatible-mode/v1/files "HTTP/1.1 200 OK"
2026-04-21 14:08:21,038 - ai_service_enhanced - INFO - 文件上传成功: C:\Users\chenkk\Desktop\新建文件夹\净资产收益率和每股收益\002227-2026-04-21-奥特迅-2025年年度报告_mgsy.pdf (文件ID: file-fe-e1ff3c90515f4898bd6b2077)
2026-04-21 14:08:21,038 - __main___file_only - INFO - 上传文件: 002227-2026-04-21-奥特迅-2025年年度报告_mgsy.pdf (大小: 0.28 MB, ID: file-fe-e1ff3c90515f4898bd6b2077)
2026-04-21 14:08:21,247 - __main__ - INFO - 开始处理: C:\Users\chenkk\Desktop\新建文件夹\002227-2026-04-21-奥特迅-2025年年度报告.pdf
2026-04-21 14:08:21,397 - httpx - INFO - HTTP Request: POST https://dashscope.aliyuncs.com/compatible-mode/v1/chat/completions "HTTP/1.1 200 OK"
2026-04-21 14:08:22,274 - httpx - INFO - HTTP Request: POST https://dashscope.aliyuncs.com/compatible-mode/v1/chat/completions "HTTP/1.1 200 OK"
2026-04-21 14:08:22,342 - __main___file_only - INFO - 找到数据: 001338 2026-04-21 (3条)
2026-04-21 14:08:22,342 - __main__ - INFO - 处理成功: 001338-2026-04-21
2026-04-21 14:08:22,342 - __main___file_only - INFO - 处理成功: C:\Users\chenkk\Desktop\新建文件夹\001338-2026-04-21-永顺泰-2025年年度报告.pdf (耗时: 30.73秒)
2026-04-21 14:08:22,721 - httpx - INFO - HTTP Request: POST https://dashscope.aliyuncs.com/compatible-mode/v1/chat/completions "HTTP/1.1 200 OK"
2026-04-21 14:08:22,952 - httpx - INFO - HTTP Request: DELETE https://dashscope.aliyuncs.com/compatible-mode/v1/files/file-fe-7fd178b0fc2146f6a2e1d986 "HTTP/1.1 200 OK"
2026-04-21 14:08:23,171 - httpx - INFO - HTTP Request: POST https://dashscope.aliyuncs.com/compatible-mode/v1/files "HTTP/1.1 200 OK"
2026-04-21 14:08:23,171 - ai_service_enhanced - INFO - 文件上传成功: C:\Users\chenkk\Desktop\新建文件夹\净资产收益率和每股收益\002294-2026-04-21-信立泰-2025年年度报告_mgsy.pdf (文件ID: file-fe-8c8759cdd5a84856873f1109)
2026-04-21 14:08:23,172 - __main___file_only - INFO - 上传文件: 002294-2026-04-21-信立泰-2025年年度报告_mgsy.pdf (大小: 0.31 MB, ID: file-fe-8c8759cdd5a84856873f1109)
2026-04-21 14:08:23,230 - httpx - INFO - HTTP Request: POST https://dashscope.aliyuncs.com/compatible-mode/v1/files "HTTP/1.1 200 OK"
2026-04-21 14:08:23,230 - ai_service_enhanced - INFO - 文件上传成功: C:\Users\chenkk\Desktop\新建文件夹\002294-2026-04-21-信立泰-2025年年度报告.pdf (文件ID: file-fe-4ccc87ce65364d79b2015dde)
2026-04-21 14:08:23,230 - __main___file_only - INFO - 上传文件: 002294-2026-04-21-信立泰-2025年年度报告.pdf (大小: 0.55 MB, ID: file-fe-4ccc87ce65364d79b2015dde)
2026-04-21 14:08:23,245 - __main__ - INFO - 开始处理: C:\Users\chenkk\Desktop\新建文件夹\002294-2026-04-21-信立泰-2025年年度报告.pdf
2026-04-21 14:08:23,570 - httpx - INFO - HTTP Request: DELETE https://dashscope.aliyuncs.com/compatible-mode/v1/files/file-fe-3d74194751254222ab7493e7 "HTTP/1.1 200 OK"
2026-04-21 14:08:23,854 - httpx - INFO - HTTP Request: POST https://dashscope.aliyuncs.com/compatible-mode/v1/chat/completions "HTTP/1.1 200 OK"
2026-04-21 14:08:23,926 - __main___file_only - INFO - 找到数据: 002049 2026-04-21 (3条)
2026-04-21 14:08:23,926 - __main__ - INFO - 处理成功: 002049-2026-04-21
2026-04-21 14:08:23,926 - __main___file_only - INFO - 处理成功: C:\Users\chenkk\Desktop\新建文件夹\002049-2026-04-21-紫光国微-2025年年度报告.pdf (耗时: 21.46秒)
2026-04-21 14:08:24,587 - httpx - INFO - HTTP Request: POST https://dashscope.aliyuncs.com/compatible-mode/v1/chat/completions "HTTP/1.1 200 OK"
2026-04-21 14:08:24,610 - httpx - INFO - HTTP Request: DELETE https://dashscope.aliyuncs.com/compatible-mode/v1/files/file-fe-58e3cd5676bb4cfbbb7c0d62 "HTTP/1.1 200 OK"
2026-04-21 14:08:25,290 - httpx - INFO - HTTP Request: POST https://dashscope.aliyuncs.com/compatible-mode/v1/files "HTTP/1.1 200 OK"
2026-04-21 14:08:25,291 - ai_service_enhanced - INFO - 文件上传成功: C:\Users\chenkk\Desktop\新建文件夹\净资产收益率和每股收益\002307-2026-04-21-北新路桥-2025年年度报告_mgsy.pdf (文件ID: file-fe-8a681d07d4454310860d10b4)
2026-04-21 14:08:25,291 - __main___file_only - INFO - 上传文件: 002307-2026-04-21-北新路桥-2025年年度报告_mgsy.pdf (大小: 0.47 MB, ID: file-fe-8a681d07d4454310860d10b4)
2026-04-21 14:08:25,319 - httpx - INFO - HTTP Request: POST https://dashscope.aliyuncs.com/compatible-mode/v1/files "HTTP/1.1 200 OK"
2026-04-21 14:08:25,319 - ai_service_enhanced - INFO - 文件上传成功: C:\Users\chenkk\Desktop\新建文件夹\002307-2026-04-21-北新路桥-2025年年度报告.pdf (文件ID: file-fe-359fd37394a94024939a6ae1)
2026-04-21 14:08:25,320 - __main___file_only - INFO - 上传文件: 002307-2026-04-21-北新路桥-2025年年度报告.pdf (大小: 0.49 MB, ID: file-fe-359fd37394a94024939a6ae1)
2026-04-21 14:08:25,321 - __main__ - INFO - 开始处理: C:\Users\chenkk\Desktop\新建文件夹\002307-2026-04-21-北新路桥-2025年年度报告.pdf
2026-04-21 14:08:25,380 - httpx - INFO - HTTP Request: DELETE https://dashscope.aliyuncs.com/compatible-mode/v1/files/file-fe-3ea60a5ddd1145e583458817 "HTTP/1.1 200 OK"
2026-04-21 14:08:25,544 - httpx - INFO - HTTP Request: POST https://dashscope.aliyuncs.com/compatible-mode/v1/chat/completions "HTTP/1.1 200 OK"
2026-04-21 14:08:27,431 - httpx - INFO - HTTP Request: POST https://dashscope.aliyuncs.com/compatible-mode/v1/files "HTTP/1.1 200 OK"
2026-04-21 14:08:27,432 - ai_service_enhanced - INFO - 文件上传成功: C:\Users\chenkk\Desktop\新建文件夹\净资产收益率和每股收益\002338-2026-04-21-奥普光电-2025年年度报告_mgsy.pdf (文件ID: file-fe-1f71be1e7676499a894fb421)
2026-04-21 14:08:27,432 - __main___file_only - INFO - 上传文件: 002338-2026-04-21-奥普光电-2025年年度报告_mgsy.pdf (大小: 0.31 MB, ID: file-fe-1f71be1e7676499a894fb421)
2026-04-21 14:08:27,508 - httpx - INFO - HTTP Request: POST https://dashscope.aliyuncs.com/compatible-mode/v1/files "HTTP/1.1 200 OK"
2026-04-21 14:08:27,508 - ai_service_enhanced - INFO - 文件上传成功: C:\Users\chenkk\Desktop\新建文件夹\002338-2026-04-21-奥普光电-2025年年度报告.pdf (文件ID: file-fe-c37ad4013aec494aae684575)
2026-04-21 14:08:27,508 - __main___file_only - INFO - 上传文件: 002338-2026-04-21-奥普光电-2025年年度报告.pdf (大小: 0.31 MB, ID: file-fe-c37ad4013aec494aae684575)
2026-04-21 14:08:27,528 - httpx - INFO - HTTP Request: POST https://dashscope.aliyuncs.com/compatible-mode/v1/chat/completions "HTTP/1.1 200 OK"
2026-04-21 14:08:27,596 - __main___file_only - INFO - 找到数据: 002010 2026-04-21 (3条)
2026-04-21 14:08:27,596 - __main__ - INFO - 处理成功: 002010-2026-04-21
2026-04-21 14:08:27,596 - __main___file_only - INFO - 处理成功: C:\Users\chenkk\Desktop\新建文件夹\002010-2026-04-21-传化智联-2025年年度报告.pdf (耗时: 31.87秒)
2026-04-21 14:08:27,675 - httpx - INFO - HTTP Request: POST https://dashscope.aliyuncs.com/compatible-mode/v1/chat/completions "HTTP/1.1 200 OK"
2026-04-21 14:08:27,702 - httpx - INFO - HTTP Request: POST https://dashscope.aliyuncs.com/compatible-mode/v1/chat/completions "HTTP/1.1 200 OK"
2026-04-21 14:08:27,707 - __main__ - INFO - 开始处理: C:\Users\chenkk\Desktop\新建文件夹\002338-2026-04-21-奥普光电-2025年年度报告.pdf
2026-04-21 14:08:27,734 - __main___file_only - INFO - 找到数据: 002026 2026-04-21 (3条)
2026-04-21 14:08:27,735 - __main__ - INFO - 处理成功: 002026-2026-04-21
2026-04-21 14:08:27,735 - __main___file_only - INFO - 处理成功: C:\Users\chenkk\Desktop\新建文件夹\002026-2026-04-21-山东威达-2025年年度报告.pdf (耗时: 30.00秒)
2026-04-21 14:08:28,215 - httpx - INFO - HTTP Request: DELETE https://dashscope.aliyuncs.com/compatible-mode/v1/files/file-fe-4a0637facb2e45fc9406a0e1 "HTTP/1.1 200 OK"
2026-04-21 14:08:28,477 - httpx - INFO - HTTP Request: DELETE https://dashscope.aliyuncs.com/compatible-mode/v1/files/file-fe-067bb4215b024f25831837d4 "HTTP/1.1 200 OK"
2026-04-21 14:08:28,986 - httpx - INFO - HTTP Request: DELETE https://dashscope.aliyuncs.com/compatible-mode/v1/files/file-fe-4da387023de244daa1a6c4b6 "HTTP/1.1 200 OK"
2026-04-21 14:08:29,050 - httpx - INFO - HTTP Request: DELETE https://dashscope.aliyuncs.com/compatible-mode/v1/files/file-fe-4e83fcbab458409297604baa "HTTP/1.1 200 OK"
2026-04-21 14:08:29,500 - httpx - INFO - HTTP Request: POST https://dashscope.aliyuncs.com/compatible-mode/v1/files "HTTP/1.1 200 OK"
2026-04-21 14:08:29,500 - ai_service_enhanced - INFO - 文件上传成功: C:\Users\chenkk\Desktop\新建文件夹\002354-2026-04-21-天娱数科-2025年年度报告.pdf (文件ID: file-fe-e0ff97924ca440e7991280e6)
2026-04-21 14:08:29,501 - __main___file_only - INFO - 上传文件: 002354-2026-04-21-天娱数科-2025年年度报告.pdf (大小: 0.33 MB, ID: file-fe-e0ff97924ca440e7991280e6)
2026-04-21 14:08:29,538 - httpx - INFO - HTTP Request: POST https://dashscope.aliyuncs.com/compatible-mode/v1/files "HTTP/1.1 200 OK"
2026-04-21 14:08:29,538 - ai_service_enhanced - INFO - 文件上传成功: C:\Users\chenkk\Desktop\新建文件夹\净资产收益率和每股收益\002354-2026-04-21-天娱数科-2025年年度报告_mgsy.pdf (文件ID: file-fe-07a306ae240f42489b42b7c0)
2026-04-21 14:08:29,539 - __main___file_only - INFO - 上传文件: 002354-2026-04-21-天娱数科-2025年年度报告_mgsy.pdf (大小: 0.31 MB, ID: file-fe-07a306ae240f42489b42b7c0)
2026-04-21 14:08:29,539 - __main__ - INFO - 开始处理: C:\Users\chenkk\Desktop\新建文件夹\002354-2026-04-21-天娱数科-2025年年度报告.pdf
2026-04-21 14:08:29,658 - httpx - INFO - HTTP Request: POST https://dashscope.aliyuncs.com/compatible-mode/v1/chat/completions "HTTP/1.1 200 OK"
2026-04-21 14:08:31,676 - httpx - INFO - HTTP Request: POST https://dashscope.aliyuncs.com/compatible-mode/v1/files "HTTP/1.1 200 OK"
2026-04-21 14:08:31,677 - ai_service_enhanced - INFO - 文件上传成功: C:\Users\chenkk\Desktop\新建文件夹\净资产收益率和每股收益\002364-2026-04-21-中恒电气-2025年年度报告_mgsy.pdf (文件ID: file-fe-120d4a42d73d4d069c2549cc)
2026-04-21 14:08:31,677 - __main___file_only - INFO - 上传文件: 002364-2026-04-21-中恒电气-2025年年度报告_mgsy.pdf (大小: 0.28 MB, ID: file-fe-120d4a42d73d4d069c2549cc)
2026-04-21 14:08:31,686 - httpx - INFO - HTTP Request: POST https://dashscope.aliyuncs.com/compatible-mode/v1/files "HTTP/1.1 200 OK"
2026-04-21 14:08:31,687 - ai_service_enhanced - INFO - 文件上传成功: C:\Users\chenkk\Desktop\新建文件夹\002364-2026-04-21-中恒电气-2025年年度报告.pdf (文件ID: file-fe-29cf90f15eec4d0d8d351191)
2026-04-21 14:08:31,687 - __main___file_only - INFO - 上传文件: 002364-2026-04-21-中恒电气-2025年年度报告.pdf (大小: 0.28 MB, ID: file-fe-29cf90f15eec4d0d8d351191)
2026-04-21 14:08:31,803 - __main__ - INFO - 开始处理: C:\Users\chenkk\Desktop\新建文件夹\002364-2026-04-21-中恒电气-2025年年度报告.pdf
2026-04-21 14:08:31,968 - httpx - INFO - HTTP Request: POST https://dashscope.aliyuncs.com/compatible-mode/v1/chat/completions "HTTP/1.1 200 OK"
2026-04-21 14:08:32,051 - __main___file_only - INFO - 找到数据: 002045 2026-04-21 (3条)
2026-04-21 14:08:32,051 - __main__ - INFO - 处理成功: 002045-2026-04-21
2026-04-21 14:08:32,051 - __main___file_only - INFO - 处理成功: C:\Users\chenkk\Desktop\新建文件夹\002045-2026-04-21-国光电器-2025年年度报告.pdf (耗时: 31.42秒)
2026-04-21 14:08:32,691 - httpx - INFO - HTTP Request: POST https://dashscope.aliyuncs.com/compatible-mode/v1/chat/completions "HTTP/1.1 200 OK"
2026-04-21 14:08:32,798 - httpx - INFO - HTTP Request: DELETE https://dashscope.aliyuncs.com/compatible-mode/v1/files/file-fe-e6ca0929f9f94f35973ead50 "HTTP/1.1 200 OK"
2026-04-21 14:08:33,375 - httpx - INFO - HTTP Request: DELETE https://dashscope.aliyuncs.com/compatible-mode/v1/files/file-fe-e49116b4a7e94c429a792de0 "HTTP/1.1 200 OK"
2026-04-21 14:08:33,770 - httpx - INFO - HTTP Request: POST https://dashscope.aliyuncs.com/compatible-mode/v1/files "HTTP/1.1 200 OK"
2026-04-21 14:08:33,771 - ai_service_enhanced - INFO - 文件上传成功: C:\Users\chenkk\Desktop\新建文件夹\净资产收益率和每股收益\002378-2026-04-21-章源钨业-2025年年度报告_mgsy.pdf (文件ID: file-fe-7cda09ca21b44dd5bde271ff)
2026-04-21 14:08:33,771 - __main___file_only - INFO - 上传文件: 002378-2026-04-21-章源钨业-2025年年度报告_mgsy.pdf (大小: 0.35 MB, ID: file-fe-7cda09ca21b44dd5bde271ff)
2026-04-21 14:08:33,828 - httpx - INFO - HTTP Request: POST https://dashscope.aliyuncs.com/compatible-mode/v1/files "HTTP/1.1 200 OK"
2026-04-21 14:08:33,828 - ai_service_enhanced - INFO - 文件上传成功: C:\Users\chenkk\Desktop\新建文件夹\002378-2026-04-21-章源钨业-2025年年度报告.pdf (文件ID: file-fe-cd18530bd88c4e1083c9f511)
2026-04-21 14:08:33,829 - __main___file_only - INFO - 上传文件: 002378-2026-04-21-章源钨业-2025年年度报告.pdf (大小: 0.35 MB, ID: file-fe-cd18530bd88c4e1083c9f511)
2026-04-21 14:08:33,829 - __main__ - INFO - 开始处理: C:\Users\chenkk\Desktop\新建文件夹\002378-2026-04-21-章源钨业-2025年年度报告.pdf
2026-04-21 14:08:34,201 - httpx - INFO - HTTP Request: POST https://dashscope.aliyuncs.com/compatible-mode/v1/chat/completions "HTTP/1.1 200 OK"
2026-04-21 14:08:34,984 - httpx - INFO - HTTP Request: POST https://dashscope.aliyuncs.com/compatible-mode/v1/chat/completions "HTTP/1.1 200 OK"
2026-04-21 14:08:35,051 - __main___file_only - INFO - 找到数据: 002084 2026-04-21 (3条)
2026-04-21 14:08:35,051 - __main__ - INFO - 处理成功: 002084-2026-04-21
2026-04-21 14:08:35,051 - __main___file_only - INFO - 处理成功: C:\Users\chenkk\Desktop\新建文件夹\002084-2026-04-21-海鸥住工-2025年年度报告.pdf (耗时: 30.84秒)
2026-04-21 14:08:35,337 - httpx - INFO - HTTP Request: POST https://dashscope.aliyuncs.com/compatible-mode/v1/chat/completions "HTTP/1.1 200 OK"
2026-04-21 14:08:35,399 - __main___file_only - INFO - 找到数据: 002137 2026-04-21 (3条)
2026-04-21 14:08:35,399 - __main__ - INFO - 处理成功: 002137-2026-04-21
2026-04-21 14:08:35,399 - __main___file_only - INFO - 处理成功: C:\Users\chenkk\Desktop\新建文件夹\002137-2026-04-21-实益达-2025年年度报告.pdf (耗时: 29.11秒)
2026-04-21 14:08:35,872 - httpx - INFO - HTTP Request: DELETE https://dashscope.aliyuncs.com/compatible-mode/v1/files/file-fe-f33251f729b34962820955a6 "HTTP/1.1 200 OK"
2026-04-21 14:08:35,975 - httpx - INFO - HTTP Request: POST https://dashscope.aliyuncs.com/compatible-mode/v1/files "HTTP/1.1 200 OK"
2026-04-21 14:08:35,975 - ai_service_enhanced - INFO - 文件上传成功: C:\Users\chenkk\Desktop\新建文件夹\002390-2026-04-21-信邦制药-2025年年度报告.pdf (文件ID: file-fe-eb09e6b1a0c44f259de95a31)
2026-04-21 14:08:35,975 - __main___file_only - INFO - 上传文件: 002390-2026-04-21-信邦制药-2025年年度报告.pdf (大小: 0.38 MB, ID: file-fe-eb09e6b1a0c44f259de95a31)
2026-04-21 14:08:36,054 - httpx - INFO - HTTP Request: POST https://dashscope.aliyuncs.com/compatible-mode/v1/files "HTTP/1.1 200 OK"
2026-04-21 14:08:36,054 - httpx - INFO - HTTP Request: DELETE https://dashscope.aliyuncs.com/compatible-mode/v1/files/file-fe-3c3646764b0740d1863d9699 "HTTP/1.1 200 OK"
2026-04-21 14:08:36,056 - ai_service_enhanced - INFO - 文件上传成功: C:\Users\chenkk\Desktop\新建文件夹\净资产收益率和每股收益\002390-2026-04-21-信邦制药-2025年年度报告_mgsy.pdf (文件ID: file-fe-8717bdc39b4d4214b10286dc)
2026-04-21 14:08:36,056 - __main___file_only - INFO - 上传文件: 002390-2026-04-21-信邦制药-2025年年度报告_mgsy.pdf (大小: 0.37 MB, ID: file-fe-8717bdc39b4d4214b10286dc)
2026-04-21 14:08:36,516 - httpx - INFO - HTTP Request: DELETE https://dashscope.aliyuncs.com/compatible-mode/v1/files/file-fe-3abe31af2107473785ed9250 "HTTP/1.1 200 OK"
2026-04-21 14:08:36,517 - __main__ - INFO - 开始处理: C:\Users\chenkk\Desktop\新建文件夹\002390-2026-04-21-信邦制药-2025年年度报告.pdf
2026-04-21 14:08:36,623 - httpx - INFO - HTTP Request: DELETE https://dashscope.aliyuncs.com/compatible-mode/v1/files/file-fe-a4928dbf8ec442cb8239ab50 "HTTP/1.1 200 OK"
2026-04-21 14:08:37,340 - httpx - INFO - HTTP Request: POST https://dashscope.aliyuncs.com/compatible-mode/v1/chat/completions "HTTP/1.1 200 OK"
2026-04-21 14:08:38,122 - httpx - INFO - HTTP Request: POST https://dashscope.aliyuncs.com/compatible-mode/v1/files "HTTP/1.1 200 OK"
2026-04-21 14:08:38,122 - ai_service_enhanced - INFO - 文件上传成功: C:\Users\chenkk\Desktop\新建文件夹\002434-2026-04-21-万里扬-2025年年度报告.pdf (文件ID: file-fe-f934aab1adbe4d2bbab1d64a)
2026-04-21 14:08:38,122 - __main___file_only - INFO - 上传文件: 002434-2026-04-21-万里扬-2025年年度报告.pdf (大小: 0.33 MB, ID: file-fe-f934aab1adbe4d2bbab1d64a)
2026-04-21 14:08:38,145 - httpx - INFO - HTTP Request: POST https://dashscope.aliyuncs.com/compatible-mode/v1/files "HTTP/1.1 200 OK"
2026-04-21 14:08:38,146 - ai_service_enhanced - INFO - 文件上传成功: C:\Users\chenkk\Desktop\新建文件夹\净资产收益率和每股收益\002434-2026-04-21-万里扬-2025年年度报告_mgsy.pdf (文件ID: file-fe-c6e1c7bc35f748789fbc3a24)
2026-04-21 14:08:38,146 - __main___file_only - INFO - 上传文件: 002434-2026-04-21-万里扬-2025年年度报告_mgsy.pdf (大小: 0.31 MB, ID: file-fe-c6e1c7bc35f748789fbc3a24)
2026-04-21 14:08:38,146 - __main__ - INFO - 开始处理: C:\Users\chenkk\Desktop\新建文件夹\002434-2026-04-21-万里扬-2025年年度报告.pdf
2026-04-21 14:08:38,157 - httpx - INFO - HTTP Request: POST https://dashscope.aliyuncs.com/compatible-mode/v1/chat/completions "HTTP/1.1 200 OK"
2026-04-21 14:08:38,238 - __main___file_only - INFO - 找到数据: 002167 2026-04-21 (3条)
2026-04-21 14:08:38,238 - __main__ - INFO - 处理成功: 002167-2026-04-21
2026-04-21 14:08:38,238 - __main___file_only - INFO - 处理成功: C:\Users\chenkk\Desktop\新建文件夹\002167-2026-04-21-东方锆业-2025年年度报告.pdf (耗时: 29.95秒)
2026-04-21 14:08:38,533 - httpx - INFO - HTTP Request: POST https://dashscope.aliyuncs.com/compatible-mode/v1/chat/completions "HTTP/1.1 200 OK"
2026-04-21 14:08:38,877 - httpx - INFO - HTTP Request: DELETE https://dashscope.aliyuncs.com/compatible-mode/v1/files/file-fe-3fbf2fbf5802485aabde9fd0 "HTTP/1.1 200 OK"
2026-04-21 14:08:39,510 - httpx - INFO - HTTP Request: DELETE https://dashscope.aliyuncs.com/compatible-mode/v1/files/file-fe-eeb67d0421824a0c9a8ecd56 "HTTP/1.1 200 OK"
2026-04-21 14:08:40,208 - httpx - INFO - HTTP Request: POST https://dashscope.aliyuncs.com/compatible-mode/v1/files "HTTP/1.1 200 OK"
2026-04-21 14:08:40,208 - ai_service_enhanced - INFO - 文件上传成功: C:\Users\chenkk\Desktop\新建文件夹\002489-2026-04-21-浙江永强-2025年年度报告.pdf (文件ID: file-fe-686dcbf0c2094d80862804fc)
2026-04-21 14:08:40,209 - __main___file_only - INFO - 上传文件: 002489-2026-04-21-浙江永强-2025年年度报告.pdf (大小: 0.33 MB, ID: file-fe-686dcbf0c2094d80862804fc)
2026-04-21 14:08:40,242 - httpx - INFO - HTTP Request: POST https://dashscope.aliyuncs.com/compatible-mode/v1/files "HTTP/1.1 200 OK"
2026-04-21 14:08:40,243 - ai_service_enhanced - INFO - 文件上传成功: C:\Users\chenkk\Desktop\新建文件夹\净资产收益率和每股收益\002489-2026-04-21-浙江永强-2025年年度报告_mgsy.pdf (文件ID: file-fe-64200ac256834acb9d8598ee)
2026-04-21 14:08:40,243 - __main___file_only - INFO - 上传文件: 002489-2026-04-21-浙江永强-2025年年度报告_mgsy.pdf (大小: 0.32 MB, ID: file-fe-64200ac256834acb9d8598ee)
2026-04-21 14:08:40,244 - __main__ - INFO - 开始处理: C:\Users\chenkk\Desktop\新建文件夹\002489-2026-04-21-浙江永强-2025年年度报告.pdf
2026-04-21 14:08:40,347 - httpx - INFO - HTTP Request: POST https://dashscope.aliyuncs.com/compatible-mode/v1/chat/completions "HTTP/1.1 200 OK"
2026-04-21 14:08:41,008 - httpx - INFO - HTTP Request: POST https://dashscope.aliyuncs.com/compatible-mode/v1/chat/completions "HTTP/1.1 200 OK"
2026-04-21 14:08:41,076 - __main___file_only - INFO - 找到数据: 002186 2026-04-21 (3条)
2026-04-21 14:08:41,076 - __main__ - INFO - 处理成功: 002186-2026-04-21
2026-04-21 14:08:41,076 - __main___file_only - INFO - 处理成功: C:\Users\chenkk\Desktop\新建文件夹\002186-2026-04-21-全聚德-2025年年度报告.pdf (耗时: 30.16秒)
2026-04-21 14:08:41,698 - httpx - INFO - HTTP Request: DELETE https://dashscope.aliyuncs.com/compatible-mode/v1/files/file-fe-71e7d0bddfbf42638ba9a543 "HTTP/1.1 200 OK"
2026-04-21 14:08:42,278 - httpx - INFO - HTTP Request: POST https://dashscope.aliyuncs.com/compatible-mode/v1/files "HTTP/1.1 200 OK"
2026-04-21 14:08:42,279 - ai_service_enhanced - INFO - 文件上传成功: C:\Users\chenkk\Desktop\新建文件夹\002510-2026-04-21-天汽模-2025年年度报告.pdf (文件ID: file-fe-978b5f2cc5d24541a095be2f)
2026-04-21 14:08:42,279 - __main___file_only - INFO - 上传文件: 002510-2026-04-21-天汽模-2025年年度报告.pdf (大小: 0.29 MB, ID: file-fe-978b5f2cc5d24541a095be2f)
2026-04-21 14:08:42,288 - httpx - INFO - HTTP Request: POST https://dashscope.aliyuncs.com/compatible-mode/v1/chat/completions "HTTP/1.1 200 OK"
2026-04-21 14:08:42,343 - httpx - INFO - HTTP Request: POST https://dashscope.aliyuncs.com/compatible-mode/v1/files "HTTP/1.1 200 OK"
2026-04-21 14:08:42,343 - ai_service_enhanced - INFO - 文件上传成功: C:\Users\chenkk\Desktop\新建文件夹\净资产收益率和每股收益\002510-2026-04-21-天汽模-2025年年度报告_mgsy.pdf (文件ID: file-fe-aa8930efcc094e1885ae80f8)
2026-04-21 14:08:42,343 - __main___file_only - INFO - 上传文件: 002510-2026-04-21-天汽模-2025年年度报告_mgsy.pdf (大小: 0.22 MB, ID: file-fe-aa8930efcc094e1885ae80f8)
2026-04-21 14:08:42,352 - httpx - INFO - HTTP Request: DELETE https://dashscope.aliyuncs.com/compatible-mode/v1/files/file-fe-594861de752844799a68f279 "HTTP/1.1 200 OK"
2026-04-21 14:08:42,352 - __main__ - INFO - 开始处理: C:\Users\chenkk\Desktop\新建文件夹\002510-2026-04-21-天汽模-2025年年度报告.pdf
2026-04-21 14:08:43,163 - httpx - INFO - HTTP Request: POST https://dashscope.aliyuncs.com/compatible-mode/v1/chat/completions "HTTP/1.1 200 OK"
2026-04-21 14:08:43,410 - httpx - INFO - HTTP Request: POST https://dashscope.aliyuncs.com/compatible-mode/v1/chat/completions "HTTP/1.1 200 OK"
2026-04-21 14:08:43,453 - __main___file_only - INFO - 找到数据: 002201 2026-04-21 (3条)
2026-04-21 14:08:43,454 - __main__ - INFO - 处理成功: 002201-2026-04-21
2026-04-21 14:08:43,454 - __main___file_only - INFO - 处理成功: C:\Users\chenkk\Desktop\新建文件夹\002201-2026-04-21-九鼎新材-2025年年度报告.pdf (耗时: 30.79秒)
2026-04-21 14:08:43,518 - __main___file_only - INFO - 找到数据: 002205 2026-04-21 (3条)
2026-04-21 14:08:43,518 - __main__ - INFO - 处理成功: 002205-2026-04-21
2026-04-21 14:08:43,518 - __main___file_only - INFO - 处理成功: C:\Users\chenkk\Desktop\新建文件夹\002205-2026-04-21-国统股份-2025年年度报告.pdf (耗时: 28.76秒)
2026-04-21 14:08:43,945 - httpx - INFO - HTTP Request: POST https://dashscope.aliyuncs.com/compatible-mode/v1/chat/completions "HTTP/1.1 200 OK"
2026-04-21 14:08:44,016 - __main___file_only - INFO - 找到数据: 000819 2026-04-21 (3条)
2026-04-21 14:08:44,017 - __main__ - INFO - 处理成功: 000819-2026-04-21
2026-04-21 14:08:44,017 - __main___file_only - INFO - 处理成功: C:\Users\chenkk\Desktop\新建文件夹\000819-2026-04-21-岳阳兴长-2025年年度报告.pdf (耗时: 63.14秒)
2026-04-21 14:08:44,167 - httpx - INFO - HTTP Request: DELETE https://dashscope.aliyuncs.com/compatible-mode/v1/files/file-fe-d3ae20acf862479b8cfb205b "HTTP/1.1 200 OK"
2026-04-21 14:08:44,287 - httpx - INFO - HTTP Request: DELETE https://dashscope.aliyuncs.com/compatible-mode/v1/files/file-fe-e790bd4a9802416c9967527d "HTTP/1.1 200 OK"
2026-04-21 14:08:44,421 - httpx - INFO - HTTP Request: POST https://dashscope.aliyuncs.com/compatible-mode/v1/chat/completions "HTTP/1.1 200 OK"
2026-04-21 14:08:44,492 - httpx - INFO - HTTP Request: POST https://dashscope.aliyuncs.com/compatible-mode/v1/files "HTTP/1.1 200 OK"
2026-04-21 14:08:44,492 - ai_service_enhanced - INFO - 文件上传成功: C:\Users\chenkk\Desktop\新建文件夹\002540-2026-04-21-亚太科技-2025年年度报告.pdf (文件ID: file-fe-5333ae448ebd4580903c3cdf)
2026-04-21 14:08:44,492 - __main___file_only - INFO - 上传文件: 002540-2026-04-21-亚太科技-2025年年度报告.pdf (大小: 0.54 MB, ID: file-fe-5333ae448ebd4580903c3cdf)
2026-04-21 14:08:44,493 - httpx - INFO - HTTP Request: POST https://dashscope.aliyuncs.com/compatible-mode/v1/files "HTTP/1.1 200 OK"
2026-04-21 14:08:44,493 - ai_service_enhanced - INFO - 文件上传成功: C:\Users\chenkk\Desktop\新建文件夹\净资产收益率和每股收益\002540-2026-04-21-亚太科技-2025年年度报告_mgsy.pdf (文件ID: file-fe-68a767d21dac431a92fad36d)
2026-04-21 14:08:44,494 - __main___file_only - INFO - 上传文件: 002540-2026-04-21-亚太科技-2025年年度报告_mgsy.pdf (大小: 0.53 MB, ID: file-fe-68a767d21dac431a92fad36d)
2026-04-21 14:08:44,640 - httpx - INFO - HTTP Request: DELETE https://dashscope.aliyuncs.com/compatible-mode/v1/files/file-fe-35542d5735fb492796429a56 "HTTP/1.1 200 OK"
2026-04-21 14:08:44,819 - httpx - INFO - HTTP Request: DELETE https://dashscope.aliyuncs.com/compatible-mode/v1/files/file-fe-efbaf566a06d41b78aba151e "HTTP/1.1 200 OK"
2026-04-21 14:08:44,820 - __main__ - INFO - 开始处理: C:\Users\chenkk\Desktop\新建文件夹\002540-2026-04-21-亚太科技-2025年年度报告.pdf
2026-04-21 14:08:44,966 - httpx - INFO - HTTP Request: DELETE https://dashscope.aliyuncs.com/compatible-mode/v1/files/file-fe-57a9c7a3b9a5416d81fcfdfc "HTTP/1.1 200 OK"
2026-04-21 14:08:45,354 - httpx - INFO - HTTP Request: DELETE https://dashscope.aliyuncs.com/compatible-mode/v1/files/file-fe-25cc469d325e499386ac29ca "HTTP/1.1 200 OK"
2026-04-21 14:08:46,549 - httpx - INFO - HTTP Request: POST https://dashscope.aliyuncs.com/compatible-mode/v1/files "HTTP/1.1 200 OK"
2026-04-21 14:08:46,550 - ai_service_enhanced - INFO - 文件上传成功: C:\Users\chenkk\Desktop\新建文件夹\002557-2026-04-21-洽洽食品-2025年年度报告.pdf (文件ID: file-fe-5adec3e96554486fa688f988)
2026-04-21 14:08:46,550 - __main___file_only - INFO - 上传文件: 002557-2026-04-21-洽洽食品-2025年年度报告.pdf (大小: 0.29 MB, ID: file-fe-5adec3e96554486fa688f988)
2026-04-21 14:08:46,564 - httpx - INFO - HTTP Request: POST https://dashscope.aliyuncs.com/compatible-mode/v1/files "HTTP/1.1 200 OK"
2026-04-21 14:08:46,565 - ai_service_enhanced - INFO - 文件上传成功: C:\Users\chenkk\Desktop\新建文件夹\净资产收益率和每股收益\002557-2026-04-21-洽洽食品-2025年年度报告_mgsy.pdf (文件ID: file-fe-4426d513b97e4078a7e8123c)
2026-04-21 14:08:46,565 - __main___file_only - INFO - 上传文件: 002557-2026-04-21-洽洽食品-2025年年度报告_mgsy.pdf (大小: 0.29 MB, ID: file-fe-4426d513b97e4078a7e8123c)
2026-04-21 14:08:46,636 - __main__ - INFO - 开始处理: C:\Users\chenkk\Desktop\新建文件夹\002557-2026-04-21-洽洽食品-2025年年度报告.pdf
2026-04-21 14:08:47,652 - httpx - INFO - HTTP Request: POST https://dashscope.aliyuncs.com/compatible-mode/v1/chat/completions "HTTP/1.1 200 OK"
2026-04-21 14:08:47,727 - __main___file_only - INFO - 找到数据: 002208 2026-04-21 (3条)
2026-04-21 14:08:47,727 - __main__ - INFO - 处理成功: 002208-2026-04-21
2026-04-21 14:08:47,727 - __main___file_only - INFO - 处理成功: C:\Users\chenkk\Desktop\新建文件夹\002208-2026-04-21-合肥城建-2025年年度报告.pdf (耗时: 30.88秒)
2026-04-21 14:08:47,750 - httpx - INFO - HTTP Request: POST https://dashscope.aliyuncs.com/compatible-mode/v1/chat/completions "HTTP/1.1 200 OK"
2026-04-21 14:08:47,819 - __main___file_only - INFO - 找到数据: 002209 2026-04-21 (3条)
2026-04-21 14:08:47,820 - __main__ - INFO - 处理成功: 002209-2026-04-21
2026-04-21 14:08:47,820 - __main___file_only - INFO - 处理成功: C:\Users\chenkk\Desktop\新建文件夹\002209-2026-04-21-达意隆-2025年年度报告.pdf (耗时: 28.95秒)
2026-04-21 14:08:48,061 - httpx - INFO - HTTP Request: POST https://dashscope.aliyuncs.com/compatible-mode/v1/chat/completions "HTTP/1.1 200 OK"
2026-04-21 14:08:48,138 - __main___file_only - INFO - 找到数据: 002307 2026-04-21 (3条)
2026-04-21 14:08:48,138 - __main__ - INFO - 处理成功: 002307-2026-04-21
2026-04-21 14:08:48,139 - __main___file_only - INFO - 处理成功: C:\Users\chenkk\Desktop\新建文件夹\002307-2026-04-21-北新路桥-2025年年度报告.pdf (耗时: 22.82秒)
2026-04-21 14:08:48,413 - httpx - INFO - HTTP Request: DELETE https://dashscope.aliyuncs.com/compatible-mode/v1/files/file-fe-8c26b89121cb40819fe2a074 "HTTP/1.1 200 OK"
2026-04-21 14:08:48,634 - httpx - INFO - HTTP Request: DELETE https://dashscope.aliyuncs.com/compatible-mode/v1/files/file-fe-affe89c016b5437f82e41b02 "HTTP/1.1 200 OK"
2026-04-21 14:08:48,771 - httpx - INFO - HTTP Request: POST https://dashscope.aliyuncs.com/compatible-mode/v1/files "HTTP/1.1 200 OK"
2026-04-21 14:08:48,771 - ai_service_enhanced - INFO - 文件上传成功: C:\Users\chenkk\Desktop\新建文件夹\002559-2026-04-21-亚威股份-2025年年度报告.pdf (文件ID: file-fe-1ef2718b7b1a459d959831ea)
2026-04-21 14:08:48,772 - __main___file_only - INFO - 上传文件: 002559-2026-04-21-亚威股份-2025年年度报告.pdf (大小: 0.33 MB, ID: file-fe-1ef2718b7b1a459d959831ea)
2026-04-21 14:08:48,797 - httpx - INFO - HTTP Request: DELETE https://dashscope.aliyuncs.com/compatible-mode/v1/files/file-fe-8a681d07d4454310860d10b4 "HTTP/1.1 200 OK"
2026-04-21 14:08:48,805 - httpx - INFO - HTTP Request: POST https://dashscope.aliyuncs.com/compatible-mode/v1/files "HTTP/1.1 200 OK"
2026-04-21 14:08:48,805 - ai_service_enhanced - INFO - 文件上传成功: C:\Users\chenkk\Desktop\新建文件夹\净资产收益率和每股收益\002559-2026-04-21-亚威股份-2025年年度报告_mgsy.pdf (文件ID: file-fe-c727eebc8e0648419b552e39)
2026-04-21 14:08:48,806 - __main___file_only - INFO - 上传文件: 002559-2026-04-21-亚威股份-2025年年度报告_mgsy.pdf (大小: 0.32 MB, ID: file-fe-c727eebc8e0648419b552e39)
2026-04-21 14:08:48,918 - __main__ - INFO - 开始处理: C:\Users\chenkk\Desktop\新建文件夹\002559-2026-04-21-亚威股份-2025年年度报告.pdf
2026-04-21 14:08:49,093 - httpx - INFO - HTTP Request: DELETE https://dashscope.aliyuncs.com/compatible-mode/v1/files/file-fe-51eee1df7f4542eebbf9dbe2 "HTTP/1.1 200 OK"
2026-04-21 14:08:49,457 - httpx - INFO - HTTP Request: DELETE https://dashscope.aliyuncs.com/compatible-mode/v1/files/file-fe-1a8da03f035e419082476f00 "HTTP/1.1 200 OK"
2026-04-21 14:08:49,459 - httpx - INFO - HTTP Request: DELETE https://dashscope.aliyuncs.com/compatible-mode/v1/files/file-fe-359fd37394a94024939a6ae1 "HTTP/1.1 200 OK"
2026-04-21 14:08:50,494 - httpx - INFO - HTTP Request: POST https://dashscope.aliyuncs.com/compatible-mode/v1/chat/completions "HTTP/1.1 200 OK"
2026-04-21 14:08:50,595 - __main___file_only - INFO - 找到数据: 002227 2026-04-21 (3条)
2026-04-21 14:08:50,595 - __main__ - INFO - 处理成功: 002227-2026-04-21
2026-04-21 14:08:50,595 - __main___file_only - INFO - 处理成功: C:\Users\chenkk\Desktop\新建文件夹\002227-2026-04-21-奥特迅-2025年年度报告.pdf (耗时: 29.35秒)
2026-04-21 14:08:50,972 - httpx - INFO - HTTP Request: POST https://dashscope.aliyuncs.com/compatible-mode/v1/files "HTTP/1.1 200 OK"
2026-04-21 14:08:50,973 - ai_service_enhanced - INFO - 文件上传成功: C:\Users\chenkk\Desktop\新建文件夹\净资产收益率和每股收益\002586-2026-04-21-ST围海-2025年年度报告_mgsy.pdf (文件ID: file-fe-93770a8cfaff4495b519a3f8)
2026-04-21 14:08:50,973 - __main___file_only - INFO - 上传文件: 002586-2026-04-21-ST围海-2025年年度报告_mgsy.pdf (大小: 0.49 MB, ID: file-fe-93770a8cfaff4495b519a3f8)
2026-04-21 14:08:50,986 - httpx - INFO - HTTP Request: POST https://dashscope.aliyuncs.com/compatible-mode/v1/files "HTTP/1.1 200 OK"
2026-04-21 14:08:50,987 - ai_service_enhanced - INFO - 文件上传成功: C:\Users\chenkk\Desktop\新建文件夹\002586-2026-04-21-ST围海-2025年年度报告.pdf (文件ID: file-fe-cd5d57c988b84c16b33117b3)
2026-04-21 14:08:50,987 - __main___file_only - INFO - 上传文件: 002586-2026-04-21-ST围海-2025年年度报告.pdf (大小: 0.50 MB, ID: file-fe-cd5d57c988b84c16b33117b3)
2026-04-21 14:08:50,987 - __main__ - INFO - 开始处理: C:\Users\chenkk\Desktop\新建文件夹\002586-2026-04-21-ST围海-2025年年度报告.pdf
2026-04-21 14:08:51,111 - httpx - INFO - HTTP Request: POST https://dashscope.aliyuncs.com/compatible-mode/v1/chat/completions "HTTP/1.1 200 OK"
2026-04-21 14:08:51,239 - httpx - INFO - HTTP Request: DELETE https://dashscope.aliyuncs.com/compatible-mode/v1/files/file-fe-77935cece3fd406a80d46b9c "HTTP/1.1 200 OK"
2026-04-21 14:08:51,278 - httpx - INFO - HTTP Request: POST https://dashscope.aliyuncs.com/compatible-mode/v1/chat/completions "HTTP/1.1 200 OK"
2026-04-21 14:08:51,853 - httpx - INFO - HTTP Request: POST https://dashscope.aliyuncs.com/compatible-mode/v1/chat/completions "HTTP/1.1 200 OK"
2026-04-21 14:08:51,901 - httpx - INFO - HTTP Request: DELETE https://dashscope.aliyuncs.com/compatible-mode/v1/files/file-fe-e1ff3c90515f4898bd6b2077 "HTTP/1.1 200 OK"
2026-04-21 14:08:51,921 - __main___file_only - INFO - 找到数据: 002294 2026-04-21 (3条)
2026-04-21 14:08:51,921 - __main__ - INFO - 处理成功: 002294-2026-04-21
2026-04-21 14:08:51,921 - __main___file_only - INFO - 处理成功: C:\Users\chenkk\Desktop\新建文件夹\002294-2026-04-21-信立泰-2025年年度报告.pdf (耗时: 28.68秒)
2026-04-21 14:08:52,091 - httpx - INFO - HTTP Request: POST https://dashscope.aliyuncs.com/compatible-mode/v1/chat/completions "HTTP/1.1 200 OK"
2026-04-21 14:08:52,551 - httpx - INFO - HTTP Request: DELETE https://dashscope.aliyuncs.com/compatible-mode/v1/files/file-fe-8c8759cdd5a84856873f1109 "HTTP/1.1 200 OK"
2026-04-21 14:08:52,939 - httpx - INFO - HTTP Request: POST https://dashscope.aliyuncs.com/compatible-mode/v1/files "HTTP/1.1 200 OK"
2026-04-21 14:08:52,939 - ai_service_enhanced - INFO - 文件上传成功: C:\Users\chenkk\Desktop\新建文件夹\净资产收益率和每股收益\002608-2026-04-21-江苏国信-2025年年度报告_mgsy.pdf (文件ID: file-fe-c89edc63991b4c558c86c9e9)
2026-04-21 14:08:52,940 - __main___file_only - INFO - 上传文件: 002608-2026-04-21-江苏国信-2025年年度报告_mgsy.pdf (大小: 0.26 MB, ID: file-fe-c89edc63991b4c558c86c9e9)
2026-04-21 14:08:53,017 - httpx - INFO - HTTP Request: POST https://dashscope.aliyuncs.com/compatible-mode/v1/files "HTTP/1.1 200 OK"
2026-04-21 14:08:53,018 - ai_service_enhanced - INFO - 文件上传成功: C:\Users\chenkk\Desktop\新建文件夹\002608-2026-04-21-江苏国信-2025年年度报告.pdf (文件ID: file-fe-9eb419044b21464d89f00188)
2026-04-21 14:08:53,018 - __main___file_only - INFO - 上传文件: 002608-2026-04-21-江苏国信-2025年年度报告.pdf (大小: 0.26 MB, ID: file-fe-9eb419044b21464d89f00188)
2026-04-21 14:08:53,018 - __main__ - INFO - 开始处理: C:\Users\chenkk\Desktop\新建文件夹\002608-2026-04-21-江苏国信-2025年年度报告.pdf
2026-04-21 14:08:53,222 - httpx - INFO - HTTP Request: DELETE https://dashscope.aliyuncs.com/compatible-mode/v1/files/file-fe-4ccc87ce65364d79b2015dde "HTTP/1.1 200 OK"
2026-04-21 14:08:54,392 - httpx - INFO - HTTP Request: POST https://dashscope.aliyuncs.com/compatible-mode/v1/chat/completions "HTTP/1.1 200 OK"
2026-04-21 14:08:55,070 - httpx - INFO - HTTP Request: POST https://dashscope.aliyuncs.com/compatible-mode/v1/files "HTTP/1.1 200 OK"
2026-04-21 14:08:55,071 - ai_service_enhanced - INFO - 文件上传成功: C:\Users\chenkk\Desktop\新建文件夹\002626-2026-04-21-金达威-2025年年度报告.pdf (文件ID: file-fe-3da9368841a54f8097b711b6)
2026-04-21 14:08:55,071 - __main___file_only - INFO - 上传文件: 002626-2026-04-21-金达威-2025年年度报告.pdf (大小: 0.38 MB, ID: file-fe-3da9368841a54f8097b711b6)
2026-04-21 14:08:55,161 - httpx - INFO - HTTP Request: POST https://dashscope.aliyuncs.com/compatible-mode/v1/files "HTTP/1.1 200 OK"
2026-04-21 14:08:55,161 - ai_service_enhanced - INFO - 文件上传成功: C:\Users\chenkk\Desktop\新建文件夹\净资产收益率和每股收益\002626-2026-04-21-金达威-2025年年度报告_mgsy.pdf (文件ID: file-fe-18fe7b25db40403585809f33)
2026-04-21 14:08:55,161 - __main___file_only - INFO - 上传文件: 002626-2026-04-21-金达威-2025年年度报告_mgsy.pdf (大小: 0.37 MB, ID: file-fe-18fe7b25db40403585809f33)
2026-04-21 14:08:55,349 - httpx - INFO - HTTP Request: POST https://dashscope.aliyuncs.com/compatible-mode/v1/chat/completions "HTTP/1.1 200 OK"
2026-04-21 14:08:55,397 - __main__ - INFO - 开始处理: C:\Users\chenkk\Desktop\新建文件夹\002626-2026-04-21-金达威-2025年年度报告.pdf
2026-04-21 14:08:56,688 - httpx - INFO - HTTP Request: POST https://dashscope.aliyuncs.com/compatible-mode/v1/chat/completions "HTTP/1.1 200 OK"
2026-04-21 14:08:56,754 - __main___file_only - INFO - 找到数据: 002338 2026-04-21 (3条)
2026-04-21 14:08:56,754 - __main__ - INFO - 处理成功: 002338-2026-04-21
2026-04-21 14:08:56,755 - __main___file_only - INFO - 处理成功: C:\Users\chenkk\Desktop\新建文件夹\002338-2026-04-21-奥普光电-2025年年度报告.pdf (耗时: 29.05秒)
2026-04-21 14:08:57,279 - httpx - INFO - HTTP Request: POST https://dashscope.aliyuncs.com/compatible-mode/v1/files "HTTP/1.1 200 OK"
2026-04-21 14:08:57,280 - ai_service_enhanced - INFO - 文件上传成功: C:\Users\chenkk\Desktop\新建文件夹\002669-2026-04-21-康达新材-2025年年度报告.pdf (文件ID: file-fe-591efa48216f4a2ba25d1c59)
2026-04-21 14:08:57,280 - __main___file_only - INFO - 上传文件: 002669-2026-04-21-康达新材-2025年年度报告.pdf (大小: 0.42 MB, ID: file-fe-591efa48216f4a2ba25d1c59)
2026-04-21 14:08:57,500 - httpx - INFO - HTTP Request: DELETE https://dashscope.aliyuncs.com/compatible-mode/v1/files/file-fe-1f71be1e7676499a894fb421 "HTTP/1.1 200 OK"
2026-04-21 14:08:57,585 - httpx - INFO - HTTP Request: POST https://dashscope.aliyuncs.com/compatible-mode/v1/files "HTTP/1.1 200 OK"
2026-04-21 14:08:57,586 - ai_service_enhanced - INFO - 文件上传成功: C:\Users\chenkk\Desktop\新建文件夹\净资产收益率和每股收益\002669-2026-04-21-康达新材-2025年年度报告_mgsy.pdf (文件ID: file-fe-a154b014950047e2aacf09ae)
2026-04-21 14:08:57,586 - __main___file_only - INFO - 上传文件: 002669-2026-04-21-康达新材-2025年年度报告_mgsy.pdf (大小: 0.42 MB, ID: file-fe-a154b014950047e2aacf09ae)
2026-04-21 14:08:57,771 - __main__ - INFO - 开始处理: C:\Users\chenkk\Desktop\新建文件夹\002669-2026-04-21-康达新材-2025年年度报告.pdf
2026-04-21 14:08:58,096 - httpx - INFO - HTTP Request: DELETE https://dashscope.aliyuncs.com/compatible-mode/v1/files/file-fe-c37ad4013aec494aae684575 "HTTP/1.1 200 OK"
2026-04-21 14:08:59,093 - httpx - INFO - HTTP Request: POST https://dashscope.aliyuncs.com/compatible-mode/v1/chat/completions "HTTP/1.1 200 OK"
2026-04-21 14:08:59,163 - __main___file_only - INFO - 找到数据: 002354 2026-04-21 (3条)
2026-04-21 14:08:59,163 - __main__ - INFO - 处理成功: 002354-2026-04-21
2026-04-21 14:08:59,163 - __main___file_only - INFO - 处理成功: C:\Users\chenkk\Desktop\新建文件夹\002354-2026-04-21-天娱数科-2025年年度报告.pdf (耗时: 29.62秒)
2026-04-21 14:08:59,348 - httpx - INFO - HTTP Request: POST https://dashscope.aliyuncs.com/compatible-mode/v1/files "HTTP/1.1 200 OK"
2026-04-21 14:08:59,348 - ai_service_enhanced - INFO - 文件上传成功: C:\Users\chenkk\Desktop\新建文件夹\净资产收益率和每股收益\002670-2026-04-21-国盛证券-2025年年度报告_mgsy.pdf (文件ID: file-fe-3442f775d42f440388729f5c)
2026-04-21 14:08:59,348 - __main___file_only - INFO - 上传文件: 002670-2026-04-21-国盛证券-2025年年度报告_mgsy.pdf (大小: 0.37 MB, ID: file-fe-3442f775d42f440388729f5c)
2026-04-21 14:08:59,720 - httpx - INFO - HTTP Request: DELETE https://dashscope.aliyuncs.com/compatible-mode/v1/files/file-fe-e0ff97924ca440e7991280e6 "HTTP/1.1 200 OK"
2026-04-21 14:08:59,948 - httpx - INFO - HTTP Request: POST https://dashscope.aliyuncs.com/compatible-mode/v1/files "HTTP/1.1 200 OK"
2026-04-21 14:08:59,949 - ai_service_enhanced - INFO - 文件上传成功: C:\Users\chenkk\Desktop\新建文件夹\002670-2026-04-21-国盛证券-2025年年度报告.pdf (文件ID: file-fe-5d63946a80c3440592f45d1a)
2026-04-21 14:08:59,949 - __main___file_only - INFO - 上传文件: 002670-2026-04-21-国盛证券-2025年年度报告.pdf (大小: 0.34 MB, ID: file-fe-5d63946a80c3440592f45d1a)
2026-04-21 14:09:00,140 - __main__ - INFO - 开始处理: C:\Users\chenkk\Desktop\新建文件夹\002670-2026-04-21-国盛证券-2025年年度报告.pdf
2026-04-21 14:09:00,355 - httpx - INFO - HTTP Request: DELETE https://dashscope.aliyuncs.com/compatible-mode/v1/files/file-fe-07a306ae240f42489b42b7c0 "HTTP/1.1 200 OK"
2026-04-21 14:09:00,990 - httpx - INFO - HTTP Request: POST https://dashscope.aliyuncs.com/compatible-mode/v1/chat/completions "HTTP/1.1 200 OK"
2026-04-21 14:09:01,011 - httpx - INFO - HTTP Request: POST https://dashscope.aliyuncs.com/compatible-mode/v1/chat/completions "HTTP/1.1 200 OK"
2026-04-21 14:09:01,028 - httpx - INFO - HTTP Request: POST https://dashscope.aliyuncs.com/compatible-mode/v1/chat/completions "HTTP/1.1 200 OK"
2026-04-21 14:09:01,188 - __main___file_only - INFO - 找到数据: 002364 2026-04-21 (3条)
2026-04-21 14:09:01,188 - __main__ - INFO - 处理成功: 002364-2026-04-21
2026-04-21 14:09:01,188 - __main___file_only - INFO - 处理成功: C:\Users\chenkk\Desktop\新建文件夹\002364-2026-04-21-中恒电气-2025年年度报告.pdf (耗时: 29.39秒)
2026-04-21 14:09:01,540 - httpx - INFO - HTTP Request: POST https://dashscope.aliyuncs.com/compatible-mode/v1/files "HTTP/1.1 200 OK"
2026-04-21 14:09:01,540 - ai_service_enhanced - INFO - 文件上传成功: C:\Users\chenkk\Desktop\新建文件夹\净资产收益率和每股收益\002722-2026-04-21-物产金轮-2025年年度报告_mgsy.pdf (文件ID: file-fe-1ee2d7537ff14f1596710435)
2026-04-21 14:09:01,541 - __main___file_only - INFO - 上传文件: 002722-2026-04-21-物产金轮-2025年年度报告_mgsy.pdf (大小: 0.29 MB, ID: file-fe-1ee2d7537ff14f1596710435)
2026-04-21 14:09:01,578 - httpx - INFO - HTTP Request: POST https://dashscope.aliyuncs.com/compatible-mode/v1/files "HTTP/1.1 200 OK"
2026-04-21 14:09:01,578 - ai_service_enhanced - INFO - 文件上传成功: C:\Users\chenkk\Desktop\新建文件夹\002722-2026-04-21-物产金轮-2025年年度报告.pdf (文件ID: file-fe-49e10cf6d9f042e5af42413b)
2026-04-21 14:09:01,579 - __main___file_only - INFO - 上传文件: 002722-2026-04-21-物产金轮-2025年年度报告.pdf (大小: 0.30 MB, ID: file-fe-49e10cf6d9f042e5af42413b)
2026-04-21 14:09:01,618 - __main__ - INFO - 开始处理: C:\Users\chenkk\Desktop\新建文件夹\002722-2026-04-21-物产金轮-2025年年度报告.pdf
2026-04-21 14:09:01,932 - httpx - INFO - HTTP Request: DELETE https://dashscope.aliyuncs.com/compatible-mode/v1/files/file-fe-120d4a42d73d4d069c2549cc "HTTP/1.1 200 OK"
2026-04-21 14:09:02,675 - httpx - INFO - HTTP Request: DELETE https://dashscope.aliyuncs.com/compatible-mode/v1/files/file-fe-29cf90f15eec4d0d8d351191 "HTTP/1.1 200 OK"
2026-04-21 14:09:03,285 - httpx - INFO - HTTP Request: POST https://dashscope.aliyuncs.com/compatible-mode/v1/chat/completions "HTTP/1.1 200 OK"
2026-04-21 14:09:03,381 - __main___file_only - INFO - 找到数据: 002378 2026-04-21 (3条)
2026-04-21 14:09:03,381 - __main__ - INFO - 处理成功: 002378-2026-04-21
2026-04-21 14:09:03,381 - __main___file_only - INFO - 处理成功: C:\Users\chenkk\Desktop\新建文件夹\002378-2026-04-21-章源钨业-2025年年度报告.pdf (耗时: 29.55秒)
2026-04-21 14:09:03,507 - httpx - INFO - HTTP Request: POST https://dashscope.aliyuncs.com/compatible-mode/v1/chat/completions "HTTP/1.1 200 OK"
2026-04-21 14:09:03,716 - httpx - INFO - HTTP Request: POST https://dashscope.aliyuncs.com/compatible-mode/v1/files "HTTP/1.1 200 OK"
2026-04-21 14:09:03,716 - ai_service_enhanced - INFO - 文件上传成功: C:\Users\chenkk\Desktop\新建文件夹\净资产收益率和每股收益\002788-2026-04-21-鹭燕医药-2025年年度报告_mgsy.pdf (文件ID: file-fe-8c0b6c8303a74407b5bbfda5)
2026-04-21 14:09:03,717 - __main___file_only - INFO - 上传文件: 002788-2026-04-21-鹭燕医药-2025年年度报告_mgsy.pdf (大小: 0.28 MB, ID: file-fe-8c0b6c8303a74407b5bbfda5)
2026-04-21 14:09:03,728 - httpx - INFO - HTTP Request: POST https://dashscope.aliyuncs.com/compatible-mode/v1/files "HTTP/1.1 200 OK"
2026-04-21 14:09:03,728 - ai_service_enhanced - INFO - 文件上传成功: C:\Users\chenkk\Desktop\新建文件夹\002788-2026-04-21-鹭燕医药-2025年年度报告.pdf (文件ID: file-fe-162bc6fbe37746a1a143c127)
2026-04-21 14:09:03,729 - __main___file_only - INFO - 上传文件: 002788-2026-04-21-鹭燕医药-2025年年度报告.pdf (大小: 0.32 MB, ID: file-fe-162bc6fbe37746a1a143c127)
2026-04-21 14:09:03,873 - __main__ - INFO - 开始处理: C:\Users\chenkk\Desktop\新建文件夹\002788-2026-04-21-鹭燕医药-2025年年度报告.pdf
2026-04-21 14:09:04,153 - httpx - INFO - HTTP Request: DELETE https://dashscope.aliyuncs.com/compatible-mode/v1/files/file-fe-7cda09ca21b44dd5bde271ff "HTTP/1.1 200 OK"
2026-04-21 14:09:04,907 - httpx - INFO - HTTP Request: DELETE https://dashscope.aliyuncs.com/compatible-mode/v1/files/file-fe-cd18530bd88c4e1083c9f511 "HTTP/1.1 200 OK"
2026-04-21 14:09:05,562 - httpx - INFO - HTTP Request: POST https://dashscope.aliyuncs.com/compatible-mode/v1/chat/completions "HTTP/1.1 200 OK"
2026-04-21 14:09:05,637 - __main___file_only - INFO - 找到数据: 002390 2026-04-21 (3条)
2026-04-21 14:09:05,638 - __main__ - INFO - 处理成功: 002390-2026-04-21
2026-04-21 14:09:05,638 - __main___file_only - INFO - 处理成功: C:\Users\chenkk\Desktop\新建文件夹\002390-2026-04-21-信邦制药-2025年年度报告.pdf (耗时: 29.12秒)
2026-04-21 14:09:05,722 - httpx - INFO - HTTP Request: POST https://dashscope.aliyuncs.com/compatible-mode/v1/chat/completions "HTTP/1.1 200 OK"
2026-04-21 14:09:05,853 - httpx - INFO - HTTP Request: POST https://dashscope.aliyuncs.com/compatible-mode/v1/files "HTTP/1.1 200 OK"
2026-04-21 14:09:05,853 - ai_service_enhanced - INFO - 文件上传成功: C:\Users\chenkk\Desktop\新建文件夹\002825-2026-04-21-纳尔股份-2025年年度报告.pdf (文件ID: file-fe-0020a68ffa794b1d981f0410)
2026-04-21 14:09:05,854 - __main___file_only - INFO - 上传文件: 002825-2026-04-21-纳尔股份-2025年年度报告.pdf (大小: 0.63 MB, ID: file-fe-0020a68ffa794b1d981f0410)
2026-04-21 14:09:05,943 - httpx - INFO - HTTP Request: POST https://dashscope.aliyuncs.com/compatible-mode/v1/files "HTTP/1.1 200 OK"
2026-04-21 14:09:05,944 - ai_service_enhanced - INFO - 文件上传成功: C:\Users\chenkk\Desktop\新建文件夹\净资产收益率和每股收益\002825-2026-04-21-纳尔股份-2025年年度报告_mgsy.pdf (文件ID: file-fe-c88f20e6d069443fa1e7cd6f)
2026-04-21 14:09:05,944 - __main___file_only - INFO - 上传文件: 002825-2026-04-21-纳尔股份-2025年年度报告_mgsy.pdf (大小: 0.44 MB, ID: file-fe-c88f20e6d069443fa1e7cd6f)
2026-04-21 14:09:05,945 - __main__ - INFO - 开始处理: C:\Users\chenkk\Desktop\新建文件夹\002825-2026-04-21-纳尔股份-2025年年度报告.pdf
2026-04-21 14:09:06,305 - httpx - INFO - HTTP Request: DELETE https://dashscope.aliyuncs.com/compatible-mode/v1/files/file-fe-eb09e6b1a0c44f259de95a31 "HTTP/1.1 200 OK"
2026-04-21 14:09:06,573 - httpx - INFO - HTTP Request: POST https://dashscope.aliyuncs.com/compatible-mode/v1/chat/completions "HTTP/1.1 200 OK"
2026-04-21 14:09:06,937 - httpx - INFO - HTTP Request: DELETE https://dashscope.aliyuncs.com/compatible-mode/v1/files/file-fe-8717bdc39b4d4214b10286dc "HTTP/1.1 200 OK"
2026-04-21 14:09:07,953 - httpx - INFO - HTTP Request: POST https://dashscope.aliyuncs.com/compatible-mode/v1/files "HTTP/1.1 200 OK"
2026-04-21 14:09:07,954 - ai_service_enhanced - INFO - 文件上传成功: C:\Users\chenkk\Desktop\新建文件夹\002837-2026-04-21-英维克-2025年年度报告.pdf (文件ID: file-fe-94ec247d1c5943ed8e03081b)
2026-04-21 14:09:07,954 - __main___file_only - INFO - 上传文件: 002837-2026-04-21-英维克-2025年年度报告.pdf (大小: 0.65 MB, ID: file-fe-94ec247d1c5943ed8e03081b)
2026-04-21 14:09:08,160 - httpx - INFO - HTTP Request: POST https://dashscope.aliyuncs.com/compatible-mode/v1/files "HTTP/1.1 200 OK"
2026-04-21 14:09:08,161 - ai_service_enhanced - INFO - 文件上传成功: C:\Users\chenkk\Desktop\新建文件夹\净资产收益率和每股收益\002837-2026-04-21-英维克-2025年年度报告_mgsy.pdf (文件ID: file-fe-0e7bde2da641438c9c1623d2)
2026-04-21 14:09:08,161 - __main___file_only - INFO - 上传文件: 002837-2026-04-21-英维克-2025年年度报告_mgsy.pdf (大小: 0.45 MB, ID: file-fe-0e7bde2da641438c9c1623d2)
2026-04-21 14:09:08,218 - httpx - INFO - HTTP Request: POST https://dashscope.aliyuncs.com/compatible-mode/v1/chat/completions "HTTP/1.1 200 OK"
2026-04-21 14:09:08,284 - __main___file_only - INFO - 找到数据: 002434 2026-04-21 (3条)
2026-04-21 14:09:08,284 - __main__ - INFO - 处理成功: 002434-2026-04-21
2026-04-21 14:09:08,284 - __main___file_only - INFO - 处理成功: C:\Users\chenkk\Desktop\新建文件夹\002434-2026-04-21-万里扬-2025年年度报告.pdf (耗时: 30.14秒)
2026-04-21 14:09:08,314 - __main__ - INFO - 开始处理: C:\Users\chenkk\Desktop\新建文件夹\002837-2026-04-21-英维克-2025年年度报告.pdf
2026-04-21 14:09:09,033 - httpx - INFO - HTTP Request: DELETE https://dashscope.aliyuncs.com/compatible-mode/v1/files/file-fe-f934aab1adbe4d2bbab1d64a "HTTP/1.1 200 OK"
2026-04-21 14:09:09,645 - httpx - INFO - HTTP Request: DELETE https://dashscope.aliyuncs.com/compatible-mode/v1/files/file-fe-c6e1c7bc35f748789fbc3a24 "HTTP/1.1 200 OK"
2026-04-21 14:09:10,092 - httpx - INFO - HTTP Request: POST https://dashscope.aliyuncs.com/compatible-mode/v1/files "HTTP/1.1 200 OK"
2026-04-21 14:09:10,093 - ai_service_enhanced - INFO - 文件上传成功: C:\Users\chenkk\Desktop\新建文件夹\002848-2026-04-21-ST高斯-2025年年度报告.pdf (文件ID: file-fe-a5c98d0d16414bc5a1b01550)
2026-04-21 14:09:10,093 - __main___file_only - INFO - 上传文件: 002848-2026-04-21-ST高斯-2025年年度报告.pdf (大小: 0.30 MB, ID: file-fe-a5c98d0d16414bc5a1b01550)
2026-04-21 14:09:10,137 - httpx - INFO - HTTP Request: POST https://dashscope.aliyuncs.com/compatible-mode/v1/files "HTTP/1.1 200 OK"
2026-04-21 14:09:10,138 - ai_service_enhanced - INFO - 文件上传成功: C:\Users\chenkk\Desktop\新建文件夹\净资产收益率和每股收益\002848-2026-04-21-ST高斯-2025年年度报告_mgsy.pdf (文件ID: file-fe-da2772d1663a40d9be40955a)
2026-04-21 14:09:10,138 - __main___file_only - INFO - 上传文件: 002848-2026-04-21-ST高斯-2025年年度报告_mgsy.pdf (大小: 0.29 MB, ID: file-fe-da2772d1663a40d9be40955a)
2026-04-21 14:09:10,138 - __main__ - INFO - 开始处理: C:\Users\chenkk\Desktop\新建文件夹\002848-2026-04-21-ST高斯-2025年年度报告.pdf
2026-04-21 14:09:10,256 - httpx - INFO - HTTP Request: POST https://dashscope.aliyuncs.com/compatible-mode/v1/chat/completions "HTTP/1.1 200 OK"
2026-04-21 14:09:10,321 - __main___file_only - INFO - 找到数据: 002489 2026-04-21 (3条)
2026-04-21 14:09:10,321 - __main__ - INFO - 处理成功: 002489-2026-04-21
2026-04-21 14:09:10,321 - __main___file_only - INFO - 处理成功: C:\Users\chenkk\Desktop\新建文件夹\002489-2026-04-21-浙江永强-2025年年度报告.pdf (耗时: 30.08秒)
2026-04-21 14:09:10,459 - httpx - INFO - HTTP Request: POST https://dashscope.aliyuncs.com/compatible-mode/v1/chat/completions "HTTP/1.1 200 OK"
2026-04-21 14:09:10,803 - httpx - INFO - HTTP Request: POST https://dashscope.aliyuncs.com/compatible-mode/v1/chat/completions "HTTP/1.1 200 OK"
2026-04-21 14:09:10,889 - __main___file_only - INFO - 找到数据: 002510 2026-04-21 (3条)
2026-04-21 14:09:10,889 - __main__ - INFO - 处理成功: 002510-2026-04-21
2026-04-21 14:09:10,889 - __main___file_only - INFO - 处理成功: C:\Users\chenkk\Desktop\新建文件夹\002510-2026-04-21-天汽模-2025年年度报告.pdf (耗时: 28.54秒)
2026-04-21 14:09:11,003 - httpx - INFO - HTTP Request: DELETE https://dashscope.aliyuncs.com/compatible-mode/v1/files/file-fe-686dcbf0c2094d80862804fc "HTTP/1.1 200 OK"
2026-04-21 14:09:11,568 - httpx - INFO - HTTP Request: DELETE https://dashscope.aliyuncs.com/compatible-mode/v1/files/file-fe-978b5f2cc5d24541a095be2f "HTTP/1.1 200 OK"
2026-04-21 14:09:11,722 - httpx - INFO - HTTP Request: DELETE https://dashscope.aliyuncs.com/compatible-mode/v1/files/file-fe-64200ac256834acb9d8598ee "HTTP/1.1 200 OK"
2026-04-21 14:09:12,226 - httpx - INFO - HTTP Request: POST https://dashscope.aliyuncs.com/compatible-mode/v1/files "HTTP/1.1 200 OK"
2026-04-21 14:09:12,227 - ai_service_enhanced - INFO - 文件上传成功: C:\Users\chenkk\Desktop\新建文件夹\净资产收益率和每股收益\002859-2026-04-21-洁美科技-2025年年度报告_mgsy.pdf (文件ID: file-fe-221946b26bb24f609a11d5d8)
2026-04-21 14:09:12,227 - __main___file_only - INFO - 上传文件: 002859-2026-04-21-洁美科技-2025年年度报告_mgsy.pdf (大小: 0.33 MB, ID: file-fe-221946b26bb24f609a11d5d8)
2026-04-21 14:09:12,243 - httpx - INFO - HTTP Request: POST https://dashscope.aliyuncs.com/compatible-mode/v1/files "HTTP/1.1 200 OK"
2026-04-21 14:09:12,244 - httpx - INFO - HTTP Request: DELETE https://dashscope.aliyuncs.com/compatible-mode/v1/files/file-fe-aa8930efcc094e1885ae80f8 "HTTP/1.1 200 OK"
2026-04-21 14:09:12,244 - ai_service_enhanced - INFO - 文件上传成功: C:\Users\chenkk\Desktop\新建文件夹\002859-2026-04-21-洁美科技-2025年年度报告.pdf (文件ID: file-fe-085c00ed409943bba47c2a39)
2026-04-21 14:09:12,245 - __main___file_only - INFO - 上传文件: 002859-2026-04-21-洁美科技-2025年年度报告.pdf (大小: 0.33 MB, ID: file-fe-085c00ed409943bba47c2a39)
2026-04-21 14:09:12,245 - __main__ - INFO - 开始处理: C:\Users\chenkk\Desktop\新建文件夹\002859-2026-04-21-洁美科技-2025年年度报告.pdf
2026-04-21 14:09:12,436 - httpx - INFO - HTTP Request: POST https://dashscope.aliyuncs.com/compatible-mode/v1/chat/completions "HTTP/1.1 200 OK"
2026-04-21 14:09:14,366 - httpx - INFO - HTTP Request: POST https://dashscope.aliyuncs.com/compatible-mode/v1/files "HTTP/1.1 200 OK"
2026-04-21 14:09:14,366 - ai_service_enhanced - INFO - 文件上传成功: C:\Users\chenkk\Desktop\新建文件夹\002886-2026-04-21-沃特股份-2025年年度报告.pdf (文件ID: file-fe-da58e7e4ed6c40deafc72633)
2026-04-21 14:09:14,367 - __main___file_only - INFO - 上传文件: 002886-2026-04-21-沃特股份-2025年年度报告.pdf (大小: 0.40 MB, ID: file-fe-da58e7e4ed6c40deafc72633)
2026-04-21 14:09:14,448 - httpx - INFO - HTTP Request: POST https://dashscope.aliyuncs.com/compatible-mode/v1/files "HTTP/1.1 200 OK"
2026-04-21 14:09:14,449 - ai_service_enhanced - INFO - 文件上传成功: C:\Users\chenkk\Desktop\新建文件夹\净资产收益率和每股收益\002886-2026-04-21-沃特股份-2025年年度报告_mgsy.pdf (文件ID: file-fe-96f579ce6c344801908e2c37)
2026-04-21 14:09:14,449 - __main___file_only - INFO - 上传文件: 002886-2026-04-21-沃特股份-2025年年度报告_mgsy.pdf (大小: 0.39 MB, ID: file-fe-96f579ce6c344801908e2c37)
2026-04-21 14:09:14,511 - __main__ - INFO - 开始处理: C:\Users\chenkk\Desktop\新建文件夹\002886-2026-04-21-沃特股份-2025年年度报告.pdf
2026-04-21 14:09:14,549 - httpx - INFO - HTTP Request: POST https://dashscope.aliyuncs.com/compatible-mode/v1/chat/completions "HTTP/1.1 200 OK"
2026-04-21 14:09:15,631 - httpx - INFO - HTTP Request: POST https://dashscope.aliyuncs.com/compatible-mode/v1/chat/completions "HTTP/1.1 200 OK"
2026-04-21 14:09:16,537 - httpx - INFO - HTTP Request: POST https://dashscope.aliyuncs.com/compatible-mode/v1/files "HTTP/1.1 200 OK"
2026-04-21 14:09:16,538 - ai_service_enhanced - INFO - 文件上传成功: C:\Users\chenkk\Desktop\新建文件夹\净资产收益率和每股收益\002890-2026-04-21-弘宇股份-2025年年度报告_mgsy.pdf (文件ID: file-fe-4622bb88a6c14a798b463235)
2026-04-21 14:09:16,538 - __main___file_only - INFO - 上传文件: 002890-2026-04-21-弘宇股份-2025年年度报告_mgsy.pdf (大小: 0.23 MB, ID: file-fe-4622bb88a6c14a798b463235)
2026-04-21 14:09:16,590 - httpx - INFO - HTTP Request: POST https://dashscope.aliyuncs.com/compatible-mode/v1/files "HTTP/1.1 200 OK"
2026-04-21 14:09:16,591 - ai_service_enhanced - INFO - 文件上传成功: C:\Users\chenkk\Desktop\新建文件夹\002890-2026-04-21-弘宇股份-2025年年度报告.pdf (文件ID: file-fe-fbf17f93c75c497aa5e1dabc)
2026-04-21 14:09:16,591 - __main___file_only - INFO - 上传文件: 002890-2026-04-21-弘宇股份-2025年年度报告.pdf (大小: 0.88 MB, ID: file-fe-fbf17f93c75c497aa5e1dabc)
2026-04-21 14:09:16,591 - __main__ - INFO - 开始处理: C:\Users\chenkk\Desktop\新建文件夹\002890-2026-04-21-弘宇股份-2025年年度报告.pdf
2026-04-21 14:09:17,032 - httpx - INFO - HTTP Request: POST https://dashscope.aliyuncs.com/compatible-mode/v1/chat/completions "HTTP/1.1 200 OK"
2026-04-21 14:09:17,106 - __main___file_only - INFO - 找到数据: 002540 2026-04-21 (3条)
2026-04-21 14:09:17,107 - __main__ - INFO - 处理成功: 002540-2026-04-21
2026-04-21 14:09:17,107 - __main___file_only - INFO - 处理成功: C:\Users\chenkk\Desktop\新建文件夹\002540-2026-04-21-亚太科技-2025年年度报告.pdf (耗时: 32.29秒)
2026-04-21 14:09:17,308 - httpx - INFO - HTTP Request: POST https://dashscope.aliyuncs.com/compatible-mode/v1/chat/completions "HTTP/1.1 200 OK"
2026-04-21 14:09:17,336 - httpx - INFO - HTTP Request: POST https://dashscope.aliyuncs.com/compatible-mode/v1/chat/completions "HTTP/1.1 200 OK"
2026-04-21 14:09:17,444 - __main___file_only - INFO - 找到数据: 002586 2026-04-21 (3条)
2026-04-21 14:09:17,444 - __main__ - INFO - 处理成功: 002586-2026-04-21
2026-04-21 14:09:17,444 - __main___file_only - INFO - 处理成功: C:\Users\chenkk\Desktop\新建文件夹\002586-2026-04-21-ST围海-2025年年度报告.pdf (耗时: 26.46秒)
2026-04-21 14:09:17,521 - __main___file_only - INFO - 找到数据: 002557 2026-04-21 (3条)
2026-04-21 14:09:17,521 - __main__ - INFO - 处理成功: 002557-2026-04-21
2026-04-21 14:09:17,521 - __main___file_only - INFO - 处理成功: C:\Users\chenkk\Desktop\新建文件夹\002557-2026-04-21-洽洽食品-2025年年度报告.pdf (耗时: 30.89秒)
2026-04-21 14:09:17,771 - httpx - INFO - HTTP Request: DELETE https://dashscope.aliyuncs.com/compatible-mode/v1/files/file-fe-68a767d21dac431a92fad36d "HTTP/1.1 200 OK"
2026-04-21 14:09:18,132 - httpx - INFO - HTTP Request: POST https://dashscope.aliyuncs.com/compatible-mode/v1/chat/completions "HTTP/1.1 200 OK"
2026-04-21 14:09:18,207 - __main___file_only - INFO - 找到数据: 002559 2026-04-21 (3条)
2026-04-21 14:09:18,208 - __main__ - INFO - 处理成功: 002559-2026-04-21
2026-04-21 14:09:18,208 - __main___file_only - INFO - 处理成功: C:\Users\chenkk\Desktop\新建文件夹\002559-2026-04-21-亚威股份-2025年年度报告.pdf (耗时: 29.29秒)
2026-04-21 14:09:18,218 - httpx - INFO - HTTP Request: DELETE https://dashscope.aliyuncs.com/compatible-mode/v1/files/file-fe-93770a8cfaff4495b519a3f8 "HTTP/1.1 200 OK"
2026-04-21 14:09:18,267 - httpx - INFO - HTTP Request: DELETE https://dashscope.aliyuncs.com/compatible-mode/v1/files/file-fe-4426d513b97e4078a7e8123c "HTTP/1.1 200 OK"
2026-04-21 14:09:18,466 - httpx - INFO - HTTP Request: DELETE https://dashscope.aliyuncs.com/compatible-mode/v1/files/file-fe-5333ae448ebd4580903c3cdf "HTTP/1.1 200 OK"
2026-04-21 14:09:18,484 - httpx - INFO - HTTP Request: POST https://dashscope.aliyuncs.com/compatible-mode/v1/chat/completions "HTTP/1.1 200 OK"
2026-04-21 14:09:18,566 - __main___file_only - INFO - 找到数据: 002608 2026-04-21 (3条)
2026-04-21 14:09:18,566 - __main__ - INFO - 处理成功: 002608-2026-04-21
2026-04-21 14:09:18,566 - __main___file_only - INFO - 处理成功: C:\Users\chenkk\Desktop\新建文件夹\002608-2026-04-21-江苏国信-2025年年度报告.pdf (耗时: 25.55秒)
2026-04-21 14:09:18,851 - httpx - INFO - HTTP Request: DELETE https://dashscope.aliyuncs.com/compatible-mode/v1/files/file-fe-cd5d57c988b84c16b33117b3 "HTTP/1.1 200 OK"
2026-04-21 14:09:18,873 - httpx - INFO - HTTP Request: DELETE https://dashscope.aliyuncs.com/compatible-mode/v1/files/file-fe-c727eebc8e0648419b552e39 "HTTP/1.1 200 OK"
2026-04-21 14:09:18,878 - httpx - INFO - HTTP Request: POST https://dashscope.aliyuncs.com/compatible-mode/v1/chat/completions "HTTP/1.1 200 OK"
2026-04-21 14:09:18,915 - httpx - INFO - HTTP Request: DELETE https://dashscope.aliyuncs.com/compatible-mode/v1/files/file-fe-5adec3e96554486fa688f988 "HTTP/1.1 200 OK"
2026-04-21 14:09:19,094 - httpx - INFO - HTTP Request: POST https://dashscope.aliyuncs.com/compatible-mode/v1/files "HTTP/1.1 200 OK"
2026-04-21 14:09:19,095 - ai_service_enhanced - INFO - 文件上传成功: C:\Users\chenkk\Desktop\新建文件夹\002915-2026-04-21-中欣氟材-2025年年度报告.pdf (文件ID: file-fe-4e32fe1f677245758278484f)
2026-04-21 14:09:19,095 - __main___file_only - INFO - 上传文件: 002915-2026-04-21-中欣氟材-2025年年度报告.pdf (大小: 0.36 MB, ID: file-fe-4e32fe1f677245758278484f)
2026-04-21 14:09:19,129 - httpx - INFO - HTTP Request: POST https://dashscope.aliyuncs.com/compatible-mode/v1/files "HTTP/1.1 200 OK"
2026-04-21 14:09:19,130 - ai_service_enhanced - INFO - 文件上传成功: C:\Users\chenkk\Desktop\新建文件夹\净资产收益率和每股收益\002915-2026-04-21-中欣氟材-2025年年度报告_mgsy.pdf (文件ID: file-fe-e1de07f12a6647658f118e32)
2026-04-21 14:09:19,130 - __main___file_only - INFO - 上传文件: 002915-2026-04-21-中欣氟材-2025年年度报告_mgsy.pdf (大小: 0.35 MB, ID: file-fe-e1de07f12a6647658f118e32)
2026-04-21 14:09:19,130 - __main__ - INFO - 开始处理: C:\Users\chenkk\Desktop\新建文件夹\002915-2026-04-21-中欣氟材-2025年年度报告.pdf
2026-04-21 14:09:19,303 - httpx - INFO - HTTP Request: DELETE https://dashscope.aliyuncs.com/compatible-mode/v1/files/file-fe-c89edc63991b4c558c86c9e9 "HTTP/1.1 200 OK"
2026-04-21 14:09:19,541 - httpx - INFO - HTTP Request: DELETE https://dashscope.aliyuncs.com/compatible-mode/v1/files/file-fe-1ef2718b7b1a459d959831ea "HTTP/1.1 200 OK"
2026-04-21 14:09:19,962 - httpx - INFO - HTTP Request: DELETE https://dashscope.aliyuncs.com/compatible-mode/v1/files/file-fe-9eb419044b21464d89f00188 "HTTP/1.1 200 OK"
2026-04-21 14:09:20,765 - httpx - INFO - HTTP Request: POST https://dashscope.aliyuncs.com/compatible-mode/v1/files "HTTP/1.1 200 OK"
2026-04-21 14:09:20,765 - ai_service_enhanced - INFO - 文件上传成功: C:\Users\chenkk\Desktop\新建文件夹\002932-2026-04-21-明德生物-2025年年度报告.pdf (文件ID: file-fe-765858478d294055a07f132d)
2026-04-21 14:09:20,766 - __main___file_only - INFO - 上传文件: 002932-2026-04-21-明德生物-2025年年度报告.pdf (大小: 0.37 MB, ID: file-fe-765858478d294055a07f132d)
2026-04-21 14:09:20,782 - httpx - INFO - HTTP Request: POST https://dashscope.aliyuncs.com/compatible-mode/v1/files "HTTP/1.1 200 OK"
2026-04-21 14:09:20,783 - ai_service_enhanced - INFO - 文件上传成功: C:\Users\chenkk\Desktop\新建文件夹\净资产收益率和每股收益\002932-2026-04-21-明德生物-2025年年度报告_mgsy.pdf (文件ID: file-fe-1f99bba57b1f43de8d8b373d)
2026-04-21 14:09:20,783 - __main___file_only - INFO - 上传文件: 002932-2026-04-21-明德生物-2025年年度报告_mgsy.pdf (大小: 0.36 MB, ID: file-fe-1f99bba57b1f43de8d8b373d)
2026-04-21 14:09:20,850 - httpx - INFO - HTTP Request: POST https://dashscope.aliyuncs.com/compatible-mode/v1/chat/completions "HTTP/1.1 200 OK"
2026-04-21 14:09:20,871 - __main__ - INFO - 开始处理: C:\Users\chenkk\Desktop\新建文件夹\002932-2026-04-21-明德生物-2025年年度报告.pdf
2026-04-21 14:09:22,854 - httpx - INFO - HTTP Request: POST https://dashscope.aliyuncs.com/compatible-mode/v1/files "HTTP/1.1 200 OK"
2026-04-21 14:09:22,854 - ai_service_enhanced - INFO - 文件上传成功: C:\Users\chenkk\Desktop\新建文件夹\002939-2026-04-21-长城证券-2025年年度报告.pdf (文件ID: file-fe-7ecc4c9107e54f118bdc1884)
2026-04-21 14:09:22,854 - __main___file_only - INFO - 上传文件: 002939-2026-04-21-长城证券-2025年年度报告.pdf (大小: 0.54 MB, ID: file-fe-7ecc4c9107e54f118bdc1884)
2026-04-21 14:09:22,911 - httpx - INFO - HTTP Request: POST https://dashscope.aliyuncs.com/compatible-mode/v1/files "HTTP/1.1 200 OK"
2026-04-21 14:09:22,912 - ai_service_enhanced - INFO - 文件上传成功: C:\Users\chenkk\Desktop\新建文件夹\净资产收益率和每股收益\002939-2026-04-21-长城证券-2025年年度报告_mgsy.pdf (文件ID: file-fe-1e17789d4737445dba4917a3)
2026-04-21 14:09:22,912 - __main___file_only - INFO - 上传文件: 002939-2026-04-21-长城证券-2025年年度报告_mgsy.pdf (大小: 0.55 MB, ID: file-fe-1e17789d4737445dba4917a3)
2026-04-21 14:09:22,912 - __main__ - INFO - 开始处理: C:\Users\chenkk\Desktop\新建文件夹\002939-2026-04-21-长城证券-2025年年度报告.pdf
2026-04-21 14:09:23,240 - httpx - INFO - HTTP Request: POST https://dashscope.aliyuncs.com/compatible-mode/v1/chat/completions "HTTP/1.1 200 OK"
2026-04-21 14:09:25,021 - httpx - INFO - HTTP Request: POST https://dashscope.aliyuncs.com/compatible-mode/v1/files "HTTP/1.1 200 OK"
2026-04-21 14:09:25,021 - ai_service_enhanced - INFO - 文件上传成功: C:\Users\chenkk\Desktop\新建文件夹\002982-2026-04-21-湘佳股份-2025年年度报告.pdf (文件ID: file-fe-3670a03a162e4c8b8eb1cfcc)
2026-04-21 14:09:25,022 - __main___file_only - INFO - 上传文件: 002982-2026-04-21-湘佳股份-2025年年度报告.pdf (大小: 0.32 MB, ID: file-fe-3670a03a162e4c8b8eb1cfcc)
2026-04-21 14:09:25,154 - httpx - INFO - HTTP Request: POST https://dashscope.aliyuncs.com/compatible-mode/v1/chat/completions "HTTP/1.1 200 OK"
2026-04-21 14:09:25,332 - httpx - INFO - HTTP Request: POST https://dashscope.aliyuncs.com/compatible-mode/v1/files "HTTP/1.1 200 OK"
2026-04-21 14:09:25,333 - ai_service_enhanced - INFO - 文件上传成功: C:\Users\chenkk\Desktop\新建文件夹\净资产收益率和每股收益\002982-2026-04-21-湘佳股份-2025年年度报告_mgsy.pdf (文件ID: file-fe-93c16bbe5b3341b3a3991e8d)
2026-04-21 14:09:25,333 - __main___file_only - INFO - 上传文件: 002982-2026-04-21-湘佳股份-2025年年度报告_mgsy.pdf (大小: 0.31 MB, ID: file-fe-93c16bbe5b3341b3a3991e8d)
2026-04-21 14:09:25,538 - __main__ - INFO - 开始处理: C:\Users\chenkk\Desktop\新建文件夹\002982-2026-04-21-湘佳股份-2025年年度报告.pdf
2026-04-21 14:09:26,055 - httpx - INFO - HTTP Request: POST https://dashscope.aliyuncs.com/compatible-mode/v1/chat/completions "HTTP/1.1 200 OK"
2026-04-21 14:09:27,096 - httpx - INFO - HTTP Request: POST https://dashscope.aliyuncs.com/compatible-mode/v1/files "HTTP/1.1 200 OK"
2026-04-21 14:09:27,097 - ai_service_enhanced - INFO - 文件上传成功: C:\Users\chenkk\Desktop\新建文件夹\净资产收益率和每股收益\002993-2026-04-21-奥海科技-2025年年度报告_mgsy.pdf (文件ID: file-fe-063474132cdf4078a949c264)
2026-04-21 14:09:27,097 - __main___file_only - INFO - 上传文件: 002993-2026-04-21-奥海科技-2025年年度报告_mgsy.pdf (大小: 0.29 MB, ID: file-fe-063474132cdf4078a949c264)
2026-04-21 14:09:27,101 - httpx - INFO - HTTP Request: POST https://dashscope.aliyuncs.com/compatible-mode/v1/chat/completions "HTTP/1.1 200 OK"
2026-04-21 14:09:27,138 - httpx - INFO - HTTP Request: POST https://dashscope.aliyuncs.com/compatible-mode/v1/files "HTTP/1.1 200 OK"
2026-04-21 14:09:27,139 - ai_service_enhanced - INFO - 文件上传成功: C:\Users\chenkk\Desktop\新建文件夹\002993-2026-04-21-奥海科技-2025年年度报告.pdf (文件ID: file-fe-b5c7484aee8f4f4ea24d4251)
2026-04-21 14:09:27,139 - __main___file_only - INFO - 上传文件: 002993-2026-04-21-奥海科技-2025年年度报告.pdf (大小: 0.30 MB, ID: file-fe-b5c7484aee8f4f4ea24d4251)
2026-04-21 14:09:27,380 - __main__ - INFO - 开始处理: C:\Users\chenkk\Desktop\新建文件夹\002993-2026-04-21-奥海科技-2025年年度报告.pdf
2026-04-21 14:09:28,426 - httpx - INFO - HTTP Request: POST https://dashscope.aliyuncs.com/compatible-mode/v1/chat/completions "HTTP/1.1 200 OK"
2026-04-21 14:09:28,491 - __main___file_only - INFO - 找到数据: 002670 2026-04-21 (3条)
2026-04-21 14:09:28,491 - __main__ - INFO - 处理成功: 002670-2026-04-21
2026-04-21 14:09:28,491 - __main___file_only - INFO - 处理成功: C:\Users\chenkk\Desktop\新建文件夹\002670-2026-04-21-国盛证券-2025年年度报告.pdf (耗时: 28.35秒)
2026-04-21 14:09:28,666 - httpx - INFO - HTTP Request: POST https://dashscope.aliyuncs.com/compatible-mode/v1/chat/completions "HTTP/1.1 200 OK"
2026-04-21 14:09:28,733 - __main___file_only - INFO - 找到数据: 002626 2026-04-21 (3条)
2026-04-21 14:09:28,733 - __main__ - INFO - 处理成功: 002626-2026-04-21
2026-04-21 14:09:28,734 - __main___file_only - INFO - 处理成功: C:\Users\chenkk\Desktop\新建文件夹\002626-2026-04-21-金达威-2025年年度报告.pdf (耗时: 33.34秒)
2026-04-21 14:09:29,204 - httpx - INFO - HTTP Request: POST https://dashscope.aliyuncs.com/compatible-mode/v1/files "HTTP/1.1 200 OK"
2026-04-21 14:09:29,205 - ai_service_enhanced - INFO - 文件上传成功: C:\Users\chenkk\Desktop\新建文件夹\净资产收益率和每股收益\003001-2026-04-21-中岩大地-2025年年度报告_mgsy.pdf (文件ID: file-fe-4d9a3579d44544709a19b29a)
2026-04-21 14:09:29,205 - __main___file_only - INFO - 上传文件: 003001-2026-04-21-中岩大地-2025年年度报告_mgsy.pdf (大小: 0.28 MB, ID: file-fe-4d9a3579d44544709a19b29a)
2026-04-21 14:09:29,247 - httpx - INFO - HTTP Request: DELETE https://dashscope.aliyuncs.com/compatible-mode/v1/files/file-fe-3442f775d42f440388729f5c "HTTP/1.1 200 OK"
2026-04-21 14:09:29,267 - httpx - INFO - HTTP Request: POST https://dashscope.aliyuncs.com/compatible-mode/v1/chat/completions "HTTP/1.1 200 OK"
2026-04-21 14:09:29,331 - __main___file_only - INFO - 找到数据: 002669 2026-04-21 (3条)
2026-04-21 14:09:29,331 - __main__ - INFO - 处理成功: 002669-2026-04-21
2026-04-21 14:09:29,331 - __main___file_only - INFO - 处理成功: C:\Users\chenkk\Desktop\新建文件夹\002669-2026-04-21-康达新材-2025年年度报告.pdf (耗时: 31.56秒)
2026-04-21 14:09:29,341 - httpx - INFO - HTTP Request: DELETE https://dashscope.aliyuncs.com/compatible-mode/v1/files/file-fe-3da9368841a54f8097b711b6 "HTTP/1.1 200 OK"
2026-04-21 14:09:29,599 - httpx - INFO - HTTP Request: POST https://dashscope.aliyuncs.com/compatible-mode/v1/files "HTTP/1.1 200 OK"
2026-04-21 14:09:29,600 - ai_service_enhanced - INFO - 文件上传成功: C:\Users\chenkk\Desktop\新建文件夹\003001-2026-04-21-中岩大地-2025年年度报告.pdf (文件ID: file-fe-bfdceeca12934d50a66ad85f)
2026-04-21 14:09:29,600 - __main___file_only - INFO - 上传文件: 003001-2026-04-21-中岩大地-2025年年度报告.pdf (大小: 0.30 MB, ID: file-fe-bfdceeca12934d50a66ad85f)
2026-04-21 14:09:29,917 - httpx - INFO - HTTP Request: DELETE https://dashscope.aliyuncs.com/compatible-mode/v1/files/file-fe-5d63946a80c3440592f45d1a "HTTP/1.1 200 OK"
2026-04-21 14:09:29,918 - __main__ - INFO - 开始处理: C:\Users\chenkk\Desktop\新建文件夹\003001-2026-04-21-中岩大地-2025年年度报告.pdf
2026-04-21 14:09:29,933 - httpx - INFO - HTTP Request: DELETE https://dashscope.aliyuncs.com/compatible-mode/v1/files/file-fe-18fe7b25db40403585809f33 "HTTP/1.1 200 OK"
2026-04-21 14:09:30,077 - httpx - INFO - HTTP Request: DELETE https://dashscope.aliyuncs.com/compatible-mode/v1/files/file-fe-591efa48216f4a2ba25d1c59 "HTTP/1.1 200 OK"
2026-04-21 14:09:30,894 - httpx - INFO - HTTP Request: DELETE https://dashscope.aliyuncs.com/compatible-mode/v1/files/file-fe-a154b014950047e2aacf09ae "HTTP/1.1 200 OK"
2026-04-21 14:09:30,920 - httpx - INFO - HTTP Request: POST https://dashscope.aliyuncs.com/compatible-mode/v1/chat/completions "HTTP/1.1 200 OK"
2026-04-21 14:09:30,985 - __main___file_only - INFO - 找到数据: 002825 2026-04-21 (3条)
2026-04-21 14:09:30,986 - __main__ - INFO - 处理成功: 002825-2026-04-21
2026-04-21 14:09:30,986 - __main___file_only - INFO - 处理成功: C:\Users\chenkk\Desktop\新建文件夹\002825-2026-04-21-纳尔股份-2025年年度报告.pdf (耗时: 25.04秒)
2026-04-21 14:09:31,017 - httpx - INFO - HTTP Request: POST https://dashscope.aliyuncs.com/compatible-mode/v1/chat/completions "HTTP/1.1 200 OK"
2026-04-21 14:09:31,076 - httpx - INFO - HTTP Request: POST https://dashscope.aliyuncs.com/compatible-mode/v1/chat/completions "HTTP/1.1 200 OK"
2026-04-21 14:09:31,145 - __main___file_only - INFO - 找到数据: 002722 2026-04-21 (3条)
2026-04-21 14:09:31,146 - __main__ - INFO - 处理成功: 002722-2026-04-21
2026-04-21 14:09:31,146 - __main___file_only - INFO - 处理成功: C:\Users\chenkk\Desktop\新建文件夹\002722-2026-04-21-物产金轮-2025年年度报告.pdf (耗时: 29.53秒)
2026-04-21 14:09:31,306 - httpx - INFO - HTTP Request: POST https://dashscope.aliyuncs.com/compatible-mode/v1/files "HTTP/1.1 200 OK"
2026-04-21 14:09:31,307 - ai_service_enhanced - INFO - 文件上传成功: C:\Users\chenkk\Desktop\新建文件夹\003004-2026-04-21-ST声迅-2025年年度报告.pdf (文件ID: file-fe-c69a024215a34d5db8b88f7f)
2026-04-21 14:09:31,307 - __main___file_only - INFO - 上传文件: 003004-2026-04-21-ST声迅-2025年年度报告.pdf (大小: 0.33 MB, ID: file-fe-c69a024215a34d5db8b88f7f)
2026-04-21 14:09:31,446 - httpx - INFO - HTTP Request: POST https://dashscope.aliyuncs.com/compatible-mode/v1/files "HTTP/1.1 200 OK"
2026-04-21 14:09:31,447 - ai_service_enhanced - INFO - 文件上传成功: C:\Users\chenkk\Desktop\新建文件夹\净资产收益率和每股收益\003004-2026-04-21-ST声迅-2025年年度报告_mgsy.pdf (文件ID: file-fe-fd150dffb2fa4e8792ca88cb)
2026-04-21 14:09:31,447 - __main___file_only - INFO - 上传文件: 003004-2026-04-21-ST声迅-2025年年度报告_mgsy.pdf (大小: 0.33 MB, ID: file-fe-fd150dffb2fa4e8792ca88cb)
2026-04-21 14:09:31,486 - httpx - INFO - HTTP Request: POST https://dashscope.aliyuncs.com/compatible-mode/v1/chat/completions "HTTP/1.1 200 OK"
2026-04-21 14:09:31,593 - __main__ - INFO - 开始处理: C:\Users\chenkk\Desktop\新建文件夹\003004-2026-04-21-ST声迅-2025年年度报告.pdf
2026-04-21 14:09:31,671 - httpx - INFO - HTTP Request: DELETE https://dashscope.aliyuncs.com/compatible-mode/v1/files/file-fe-0020a68ffa794b1d981f0410 "HTTP/1.1 200 OK"
2026-04-21 14:09:31,775 - httpx - INFO - HTTP Request: DELETE https://dashscope.aliyuncs.com/compatible-mode/v1/files/file-fe-1ee2d7537ff14f1596710435 "HTTP/1.1 200 OK"
2026-04-21 14:09:32,336 - httpx - INFO - HTTP Request: DELETE https://dashscope.aliyuncs.com/compatible-mode/v1/files/file-fe-c88f20e6d069443fa1e7cd6f "HTTP/1.1 200 OK"
2026-04-21 14:09:32,382 - httpx - INFO - HTTP Request: DELETE https://dashscope.aliyuncs.com/compatible-mode/v1/files/file-fe-49e10cf6d9f042e5af42413b "HTTP/1.1 200 OK"
2026-04-21 14:09:33,479 - httpx - INFO - HTTP Request: POST https://dashscope.aliyuncs.com/compatible-mode/v1/files "HTTP/1.1 200 OK"
2026-04-21 14:09:33,479 - ai_service_enhanced - INFO - 文件上传成功: C:\Users\chenkk\Desktop\新建文件夹\净资产收益率和每股收益\003023-2026-04-21-彩虹集团-2025年年度报告_mgsy.pdf (文件ID: file-fe-ff8f329fef744df6b93033f4)
2026-04-21 14:09:33,479 - __main___file_only - INFO - 上传文件: 003023-2026-04-21-彩虹集团-2025年年度报告_mgsy.pdf (大小: 0.48 MB, ID: file-fe-ff8f329fef744df6b93033f4)
2026-04-21 14:09:33,570 - httpx - INFO - HTTP Request: POST https://dashscope.aliyuncs.com/compatible-mode/v1/files "HTTP/1.1 200 OK"
2026-04-21 14:09:33,571 - ai_service_enhanced - INFO - 文件上传成功: C:\Users\chenkk\Desktop\新建文件夹\003023-2026-04-21-彩虹集团-2025年年度报告.pdf (文件ID: file-fe-f7c8325d50bd4320a140b9d2)
2026-04-21 14:09:33,571 - __main___file_only - INFO - 上传文件: 003023-2026-04-21-彩虹集团-2025年年度报告.pdf (大小: 0.54 MB, ID: file-fe-f7c8325d50bd4320a140b9d2)
2026-04-21 14:09:33,593 - __main__ - INFO - 开始处理: C:\Users\chenkk\Desktop\新建文件夹\003023-2026-04-21-彩虹集团-2025年年度报告.pdf
2026-04-21 14:09:33,836 - httpx - INFO - HTTP Request: POST https://dashscope.aliyuncs.com/compatible-mode/v1/chat/completions "HTTP/1.1 200 OK"
2026-04-21 14:09:33,897 - __main___file_only - INFO - 找到数据: 002788 2026-04-21 (3条)
2026-04-21 14:09:33,898 - __main__ - INFO - 处理成功: 002788-2026-04-21
2026-04-21 14:09:33,898 - __main___file_only - INFO - 处理成功: C:\Users\chenkk\Desktop\新建文件夹\002788-2026-04-21-鹭燕医药-2025年年度报告.pdf (耗时: 30.03秒)
2026-04-21 14:09:34,525 - httpx - INFO - HTTP Request: DELETE https://dashscope.aliyuncs.com/compatible-mode/v1/files/file-fe-162bc6fbe37746a1a143c127 "HTTP/1.1 200 OK"
2026-04-21 14:09:34,895 - httpx - INFO - HTTP Request: POST https://dashscope.aliyuncs.com/compatible-mode/v1/chat/completions "HTTP/1.1 200 OK"
2026-04-21 14:09:35,164 - httpx - INFO - HTTP Request: DELETE https://dashscope.aliyuncs.com/compatible-mode/v1/files/file-fe-8c0b6c8303a74407b5bbfda5 "HTTP/1.1 200 OK"
2026-04-21 14:09:35,665 - httpx - INFO - HTTP Request: POST https://dashscope.aliyuncs.com/compatible-mode/v1/files "HTTP/1.1 200 OK"
2026-04-21 14:09:35,665 - ai_service_enhanced - INFO - 文件上传成功: C:\Users\chenkk\Desktop\新建文件夹\300018-2026-04-21-中元股份-2025年年度报告.pdf (文件ID: file-fe-6a9ee9856c8345bfa50628db)
2026-04-21 14:09:35,665 - __main___file_only - INFO - 上传文件: 300018-2026-04-21-中元股份-2025年年度报告.pdf (大小: 0.42 MB, ID: file-fe-6a9ee9856c8345bfa50628db)
2026-04-21 14:09:35,669 - httpx - INFO - HTTP Request: POST https://dashscope.aliyuncs.com/compatible-mode/v1/files "HTTP/1.1 200 OK"
2026-04-21 14:09:35,670 - ai_service_enhanced - INFO - 文件上传成功: C:\Users\chenkk\Desktop\新建文件夹\净资产收益率和每股收益\300018-2026-04-21-中元股份-2025年年度报告_mgsy.pdf (文件ID: file-fe-b5dee37534854a3a95a91178)
2026-04-21 14:09:35,670 - __main___file_only - INFO - 上传文件: 300018-2026-04-21-中元股份-2025年年度报告_mgsy.pdf (大小: 0.37 MB, ID: file-fe-b5dee37534854a3a95a91178)
2026-04-21 14:09:35,670 - __main__ - INFO - 开始处理: C:\Users\chenkk\Desktop\新建文件夹\300018-2026-04-21-中元股份-2025年年度报告.pdf
2026-04-21 14:09:37,752 - httpx - INFO - HTTP Request: POST https://dashscope.aliyuncs.com/compatible-mode/v1/chat/completions "HTTP/1.1 200 OK"
2026-04-21 14:09:37,799 - httpx - INFO - HTTP Request: POST https://dashscope.aliyuncs.com/compatible-mode/v1/files "HTTP/1.1 200 OK"
2026-04-21 14:09:37,799 - ai_service_enhanced - INFO - 文件上传成功: C:\Users\chenkk\Desktop\新建文件夹\净资产收益率和每股收益\300026-2026-04-21-红日药业-2025年年度报告_mgsy.pdf (文件ID: file-fe-b5c87d21a87e4fe0bf335249)
2026-04-21 14:09:37,800 - __main___file_only - INFO - 上传文件: 300026-2026-04-21-红日药业-2025年年度报告_mgsy.pdf (大小: 0.52 MB, ID: file-fe-b5c87d21a87e4fe0bf335249)
2026-04-21 14:09:37,831 - __main___file_only - INFO - 找到数据: 002848 2026-04-21 (3条)
2026-04-21 14:09:37,831 - __main__ - INFO - 处理成功: 002848-2026-04-21
2026-04-21 14:09:37,831 - __main___file_only - INFO - 处理成功: C:\Users\chenkk\Desktop\新建文件夹\002848-2026-04-21-ST高斯-2025年年度报告.pdf (耗时: 27.69秒)
2026-04-21 14:09:37,871 - httpx - INFO - HTTP Request: POST https://dashscope.aliyuncs.com/compatible-mode/v1/files "HTTP/1.1 200 OK"
2026-04-21 14:09:37,871 - ai_service_enhanced - INFO - 文件上传成功: C:\Users\chenkk\Desktop\新建文件夹\300026-2026-04-21-红日药业-2025年年度报告.pdf (文件ID: file-fe-f6183037a9534e838f3eafe4)
2026-04-21 14:09:37,871 - __main___file_only - INFO - 上传文件: 300026-2026-04-21-红日药业-2025年年度报告.pdf (大小: 0.54 MB, ID: file-fe-f6183037a9534e838f3eafe4)
2026-04-21 14:09:37,910 - httpx - INFO - HTTP Request: POST https://dashscope.aliyuncs.com/compatible-mode/v1/chat/completions "HTTP/1.1 200 OK"
2026-04-21 14:09:37,937 - __main__ - INFO - 开始处理: C:\Users\chenkk\Desktop\新建文件夹\300026-2026-04-21-红日药业-2025年年度报告.pdf
2026-04-21 14:09:38,363 - httpx - INFO - HTTP Request: POST https://dashscope.aliyuncs.com/compatible-mode/v1/chat/completions "HTTP/1.1 200 OK"
2026-04-21 14:09:38,458 - httpx - INFO - HTTP Request: POST https://dashscope.aliyuncs.com/compatible-mode/v1/chat/completions "HTTP/1.1 200 OK"
2026-04-21 14:09:38,497 - httpx - INFO - HTTP Request: DELETE https://dashscope.aliyuncs.com/compatible-mode/v1/files/file-fe-a5c98d0d16414bc5a1b01550 "HTTP/1.1 200 OK"
2026-04-21 14:09:38,523 - __main___file_only - INFO - 找到数据: 002837 2026-04-21 (3条)
2026-04-21 14:09:38,523 - __main__ - INFO - 处理成功: 002837-2026-04-21
2026-04-21 14:09:38,524 - __main___file_only - INFO - 处理成功: C:\Users\chenkk\Desktop\新建文件夹\002837-2026-04-21-英维克-2025年年度报告.pdf (耗时: 30.21秒)
2026-04-21 14:09:39,256 - httpx - INFO - HTTP Request: DELETE https://dashscope.aliyuncs.com/compatible-mode/v1/files/file-fe-94ec247d1c5943ed8e03081b "HTTP/1.1 200 OK"
2026-04-21 14:09:39,273 - httpx - INFO - HTTP Request: DELETE https://dashscope.aliyuncs.com/compatible-mode/v1/files/file-fe-da2772d1663a40d9be40955a "HTTP/1.1 200 OK"
2026-04-21 14:09:39,884 - httpx - INFO - HTTP Request: DELETE https://dashscope.aliyuncs.com/compatible-mode/v1/files/file-fe-0e7bde2da641438c9c1623d2 "HTTP/1.1 200 OK"
2026-04-21 14:09:39,904 - httpx - INFO - HTTP Request: POST https://dashscope.aliyuncs.com/compatible-mode/v1/files "HTTP/1.1 200 OK"
2026-04-21 14:09:39,905 - ai_service_enhanced - INFO - 文件上传成功: C:\Users\chenkk\Desktop\新建文件夹\净资产收益率和每股收益\300044-2026-04-21-ST赛为-2025年年度报告_mgsy.pdf (文件ID: file-fe-b97df8455b10492bbeb4c38e)
2026-04-21 14:09:39,905 - __main___file_only - INFO - 上传文件: 300044-2026-04-21-ST赛为-2025年年度报告_mgsy.pdf (大小: 0.29 MB, ID: file-fe-b97df8455b10492bbeb4c38e)
2026-04-21 14:09:39,960 - httpx - INFO - HTTP Request: POST https://dashscope.aliyuncs.com/compatible-mode/v1/files "HTTP/1.1 200 OK"
2026-04-21 14:09:39,961 - ai_service_enhanced - INFO - 文件上传成功: C:\Users\chenkk\Desktop\新建文件夹\300044-2026-04-21-ST赛为-2025年年度报告.pdf (文件ID: file-fe-6fe9ce6227d145c9a62407d1)
2026-04-21 14:09:39,961 - __main___file_only - INFO - 上传文件: 300044-2026-04-21-ST赛为-2025年年度报告.pdf (大小: 0.30 MB, ID: file-fe-6fe9ce6227d145c9a62407d1)
2026-04-21 14:09:39,961 - __main__ - INFO - 开始处理: C:\Users\chenkk\Desktop\新建文件夹\300044-2026-04-21-ST赛为-2025年年度报告.pdf
2026-04-21 14:09:40,799 - httpx - INFO - HTTP Request: POST https://dashscope.aliyuncs.com/compatible-mode/v1/chat/completions "HTTP/1.1 200 OK"
2026-04-21 14:09:41,029 - httpx - INFO - HTTP Request: POST https://dashscope.aliyuncs.com/compatible-mode/v1/chat/completions "HTTP/1.1 200 OK"
2026-04-21 14:09:41,091 - __main___file_only - INFO - 找到数据: 002859 2026-04-21 (3条)
2026-04-21 14:09:41,092 - __main__ - INFO - 处理成功: 002859-2026-04-21
2026-04-21 14:09:41,092 - __main___file_only - INFO - 处理成功: C:\Users\chenkk\Desktop\新建文件夹\002859-2026-04-21-洁美科技-2025年年度报告.pdf (耗时: 28.85秒)
2026-04-21 14:09:41,727 - httpx - INFO - HTTP Request: DELETE https://dashscope.aliyuncs.com/compatible-mode/v1/files/file-fe-221946b26bb24f609a11d5d8 "HTTP/1.1 200 OK"
2026-04-21 14:09:42,069 - httpx - INFO - HTTP Request: POST https://dashscope.aliyuncs.com/compatible-mode/v1/files "HTTP/1.1 200 OK"
2026-04-21 14:09:42,070 - ai_service_enhanced - INFO - 文件上传成功: C:\Users\chenkk\Desktop\新建文件夹\净资产收益率和每股收益\300103-2026-04-21-达刚控股-2025年年度报告_mgsy.pdf (文件ID: file-fe-956e60bfa4164e7b95e02baf)
2026-04-21 14:09:42,070 - __main___file_only - INFO - 上传文件: 300103-2026-04-21-达刚控股-2025年年度报告_mgsy.pdf (大小: 0.36 MB, ID: file-fe-956e60bfa4164e7b95e02baf)
2026-04-21 14:09:42,083 - httpx - INFO - HTTP Request: POST https://dashscope.aliyuncs.com/compatible-mode/v1/files "HTTP/1.1 200 OK"
2026-04-21 14:09:42,084 - ai_service_enhanced - INFO - 文件上传成功: C:\Users\chenkk\Desktop\新建文件夹\300103-2026-04-21-达刚控股-2025年年度报告.pdf (文件ID: file-fe-160fe1f60177439288d9035a)
2026-04-21 14:09:42,084 - __main___file_only - INFO - 上传文件: 300103-2026-04-21-达刚控股-2025年年度报告.pdf (大小: 0.38 MB, ID: file-fe-160fe1f60177439288d9035a)
2026-04-21 14:09:42,342 - __main__ - INFO - 开始处理: C:\Users\chenkk\Desktop\新建文件夹\300103-2026-04-21-达刚控股-2025年年度报告.pdf
2026-04-21 14:09:42,388 - httpx - INFO - HTTP Request: DELETE https://dashscope.aliyuncs.com/compatible-mode/v1/files/file-fe-085c00ed409943bba47c2a39 "HTTP/1.1 200 OK"
2026-04-21 14:09:43,210 - httpx - INFO - HTTP Request: POST https://dashscope.aliyuncs.com/compatible-mode/v1/chat/completions "HTTP/1.1 200 OK"
2026-04-21 14:09:43,984 - httpx - INFO - HTTP Request: POST https://dashscope.aliyuncs.com/compatible-mode/v1/chat/completions "HTTP/1.1 200 OK"
2026-04-21 14:09:44,048 - __main___file_only - INFO - 找到数据: 002886 2026-04-21 (3条)
2026-04-21 14:09:44,049 - __main__ - INFO - 处理成功: 002886-2026-04-21
2026-04-21 14:09:44,049 - __main___file_only - INFO - 处理成功: C:\Users\chenkk\Desktop\新建文件夹\002886-2026-04-21-沃特股份-2025年年度报告.pdf (耗时: 29.54秒)
2026-04-21 14:09:44,222 - httpx - INFO - HTTP Request: POST https://dashscope.aliyuncs.com/compatible-mode/v1/files "HTTP/1.1 200 OK"
2026-04-21 14:09:44,223 - ai_service_enhanced - INFO - 文件上传成功: C:\Users\chenkk\Desktop\新建文件夹\净资产收益率和每股收益\300112-2026-04-21-万讯自控-2025年年度报告_mgsy.pdf (文件ID: file-fe-5f2c5722c5f94713b2183fc9)
2026-04-21 14:09:44,223 - __main___file_only - INFO - 上传文件: 300112-2026-04-21-万讯自控-2025年年度报告_mgsy.pdf (大小: 0.34 MB, ID: file-fe-5f2c5722c5f94713b2183fc9)
2026-04-21 14:09:44,270 - httpx - INFO - HTTP Request: POST https://dashscope.aliyuncs.com/compatible-mode/v1/files "HTTP/1.1 200 OK"
2026-04-21 14:09:44,271 - ai_service_enhanced - INFO - 文件上传成功: C:\Users\chenkk\Desktop\新建文件夹\300112-2026-04-21-万讯自控-2025年年度报告.pdf (文件ID: file-fe-57a8279a973c4429b3cd9983)
2026-04-21 14:09:44,271 - __main___file_only - INFO - 上传文件: 300112-2026-04-21-万讯自控-2025年年度报告.pdf (大小: 0.35 MB, ID: file-fe-57a8279a973c4429b3cd9983)
2026-04-21 14:09:44,350 - __main__ - INFO - 开始处理: C:\Users\chenkk\Desktop\新建文件夹\300112-2026-04-21-万讯自控-2025年年度报告.pdf
2026-04-21 14:09:44,733 - httpx - INFO - HTTP Request: DELETE https://dashscope.aliyuncs.com/compatible-mode/v1/files/file-fe-da58e7e4ed6c40deafc72633 "HTTP/1.1 200 OK"
2026-04-21 14:09:45,335 - httpx - INFO - HTTP Request: DELETE https://dashscope.aliyuncs.com/compatible-mode/v1/files/file-fe-96f579ce6c344801908e2c37 "HTTP/1.1 200 OK"
2026-04-21 14:09:45,678 - httpx - INFO - HTTP Request: POST https://dashscope.aliyuncs.com/compatible-mode/v1/chat/completions "HTTP/1.1 200 OK"
2026-04-21 14:09:46,285 - httpx - INFO - HTTP Request: POST https://dashscope.aliyuncs.com/compatible-mode/v1/files "HTTP/1.1 200 OK"
2026-04-21 14:09:46,286 - ai_service_enhanced - INFO - 文件上传成功: C:\Users\chenkk\Desktop\新建文件夹\净资产收益率和每股收益\300145-2026-04-21-南方泵业-2025年年度报告_mgsy.pdf (文件ID: file-fe-f1dc800510c54f40ab203a46)
2026-04-21 14:09:46,286 - __main___file_only - INFO - 上传文件: 300145-2026-04-21-南方泵业-2025年年度报告_mgsy.pdf (大小: 0.36 MB, ID: file-fe-f1dc800510c54f40ab203a46)
2026-04-21 14:09:46,399 - httpx - INFO - HTTP Request: POST https://dashscope.aliyuncs.com/compatible-mode/v1/files "HTTP/1.1 200 OK"
2026-04-21 14:09:46,400 - ai_service_enhanced - INFO - 文件上传成功: C:\Users\chenkk\Desktop\新建文件夹\300145-2026-04-21-南方泵业-2025年年度报告.pdf (文件ID: file-fe-ab2ec28a7da049cdaa50e741)
2026-04-21 14:09:46,400 - __main___file_only - INFO - 上传文件: 300145-2026-04-21-南方泵业-2025年年度报告.pdf (大小: 0.41 MB, ID: file-fe-ab2ec28a7da049cdaa50e741)
2026-04-21 14:09:46,400 - __main__ - INFO - 开始处理: C:\Users\chenkk\Desktop\新建文件夹\300145-2026-04-21-南方泵业-2025年年度报告.pdf
2026-04-21 14:09:47,860 - httpx - INFO - HTTP Request: POST https://dashscope.aliyuncs.com/compatible-mode/v1/chat/completions "HTTP/1.1 200 OK"
2026-04-21 14:09:47,925 - __main___file_only - INFO - 找到数据: 002939 2026-04-21 (3条)
2026-04-21 14:09:47,925 - __main__ - INFO - 处理成功: 002939-2026-04-21
2026-04-21 14:09:47,925 - __main___file_only - INFO - 处理成功: C:\Users\chenkk\Desktop\新建文件夹\002939-2026-04-21-长城证券-2025年年度报告.pdf (耗时: 25.01秒)
2026-04-21 14:09:48,453 - httpx - INFO - HTTP Request: POST https://dashscope.aliyuncs.com/compatible-mode/v1/files "HTTP/1.1 200 OK"
2026-04-21 14:09:48,453 - ai_service_enhanced - INFO - 文件上传成功: C:\Users\chenkk\Desktop\新建文件夹\300158-2026-04-21-振东制药-2025年年度报告.pdf (文件ID: file-fe-7ae2a95601b94ab5822164e7)
2026-04-21 14:09:48,454 - __main___file_only - INFO - 上传文件: 300158-2026-04-21-振东制药-2025年年度报告.pdf (大小: 0.41 MB, ID: file-fe-7ae2a95601b94ab5822164e7)
2026-04-21 14:09:48,462 - httpx - INFO - HTTP Request: POST https://dashscope.aliyuncs.com/compatible-mode/v1/files "HTTP/1.1 200 OK"
2026-04-21 14:09:48,463 - ai_service_enhanced - INFO - 文件上传成功: C:\Users\chenkk\Desktop\新建文件夹\净资产收益率和每股收益\300158-2026-04-21-振东制药-2025年年度报告_mgsy.pdf (文件ID: file-fe-56ea263e5c6c428e84c8e09a)
2026-04-21 14:09:48,463 - __main___file_only - INFO - 上传文件: 300158-2026-04-21-振东制药-2025年年度报告_mgsy.pdf (大小: 0.40 MB, ID: file-fe-56ea263e5c6c428e84c8e09a)
2026-04-21 14:09:48,464 - __main__ - INFO - 开始处理: C:\Users\chenkk\Desktop\新建文件夹\300158-2026-04-21-振东制药-2025年年度报告.pdf
2026-04-21 14:09:48,594 - httpx - INFO - HTTP Request: DELETE https://dashscope.aliyuncs.com/compatible-mode/v1/files/file-fe-7ecc4c9107e54f118bdc1884 "HTTP/1.1 200 OK"
2026-04-21 14:09:48,804 - httpx - INFO - HTTP Request: POST https://dashscope.aliyuncs.com/compatible-mode/v1/chat/completions "HTTP/1.1 200 OK"
2026-04-21 14:09:48,875 - httpx - INFO - HTTP Request: POST https://dashscope.aliyuncs.com/compatible-mode/v1/chat/completions "HTTP/1.1 200 OK"
2026-04-21 14:09:48,937 - __main___file_only - INFO - 找到数据: 002915 2026-04-21 (3条)
2026-04-21 14:09:48,937 - __main__ - INFO - 处理成功: 002915-2026-04-21
2026-04-21 14:09:48,937 - __main___file_only - INFO - 处理成功: C:\Users\chenkk\Desktop\新建文件夹\002915-2026-04-21-中欣氟材-2025年年度报告.pdf (耗时: 29.81秒)
2026-04-21 14:09:49,209 - httpx - INFO - HTTP Request: DELETE https://dashscope.aliyuncs.com/compatible-mode/v1/files/file-fe-1e17789d4737445dba4917a3 "HTTP/1.1 200 OK"
2026-04-21 14:09:49,267 - httpx - INFO - HTTP Request: POST https://dashscope.aliyuncs.com/compatible-mode/v1/chat/completions "HTTP/1.1 200 OK"
2026-04-21 14:09:49,329 - __main___file_only - INFO - 找到数据: 002932 2026-04-21 (3条)
2026-04-21 14:09:49,330 - __main__ - INFO - 处理成功: 002932-2026-04-21
2026-04-21 14:09:49,330 - __main___file_only - INFO - 处理成功: C:\Users\chenkk\Desktop\新建文件夹\002932-2026-04-21-明德生物-2025年年度报告.pdf (耗时: 28.46秒)
2026-04-21 14:09:49,498 - httpx - INFO - HTTP Request: POST https://dashscope.aliyuncs.com/compatible-mode/v1/chat/completions "HTTP/1.1 200 OK"
2026-04-21 14:09:49,501 - httpx - INFO - HTTP Request: DELETE https://dashscope.aliyuncs.com/compatible-mode/v1/files/file-fe-4e32fe1f677245758278484f "HTTP/1.1 200 OK"
2026-04-21 14:09:50,040 - httpx - INFO - HTTP Request: DELETE https://dashscope.aliyuncs.com/compatible-mode/v1/files/file-fe-1f99bba57b1f43de8d8b373d "HTTP/1.1 200 OK"
2026-04-21 14:09:50,234 - httpx - INFO - HTTP Request: DELETE https://dashscope.aliyuncs.com/compatible-mode/v1/files/file-fe-e1de07f12a6647658f118e32 "HTTP/1.1 200 OK"
2026-04-21 14:09:50,577 - httpx - INFO - HTTP Request: POST https://dashscope.aliyuncs.com/compatible-mode/v1/files "HTTP/1.1 200 OK"
2026-04-21 14:09:50,577 - ai_service_enhanced - INFO - 文件上传成功: C:\Users\chenkk\Desktop\新建文件夹\300191-2026-04-21-潜能恒信-2025年年度报告.pdf (文件ID: file-fe-35bdd9b3fd30431285b10fb5)
2026-04-21 14:09:50,577 - __main___file_only - INFO - 上传文件: 300191-2026-04-21-潜能恒信-2025年年度报告.pdf (大小: 0.30 MB, ID: file-fe-35bdd9b3fd30431285b10fb5)
2026-04-21 14:09:50,615 - httpx - INFO - HTTP Request: POST https://dashscope.aliyuncs.com/compatible-mode/v1/files "HTTP/1.1 200 OK"
2026-04-21 14:09:50,616 - ai_service_enhanced - INFO - 文件上传成功: C:\Users\chenkk\Desktop\新建文件夹\净资产收益率和每股收益\300191-2026-04-21-潜能恒信-2025年年度报告_mgsy.pdf (文件ID: file-fe-ac69b861f89d41949d4c399b)
2026-04-21 14:09:50,616 - __main___file_only - INFO - 上传文件: 300191-2026-04-21-潜能恒信-2025年年度报告_mgsy.pdf (大小: 0.30 MB, ID: file-fe-ac69b861f89d41949d4c399b)
2026-04-21 14:09:50,716 - httpx - INFO - HTTP Request: DELETE https://dashscope.aliyuncs.com/compatible-mode/v1/files/file-fe-765858478d294055a07f132d "HTTP/1.1 200 OK"
2026-04-21 14:09:50,727 - __main__ - INFO - 开始处理: C:\Users\chenkk\Desktop\新建文件夹\300191-2026-04-21-潜能恒信-2025年年度报告.pdf
2026-04-21 14:09:52,475 - httpx - INFO - HTTP Request: POST https://dashscope.aliyuncs.com/compatible-mode/v1/chat/completions "HTTP/1.1 200 OK"
2026-04-21 14:09:52,715 - httpx - INFO - HTTP Request: POST https://dashscope.aliyuncs.com/compatible-mode/v1/files "HTTP/1.1 200 OK"
2026-04-21 14:09:52,716 - ai_service_enhanced - INFO - 文件上传成功: C:\Users\chenkk\Desktop\新建文件夹\300201-2026-04-21-海伦哲-2025年年度报告.pdf (文件ID: file-fe-6ab253420cc642bc8f8953c5)
2026-04-21 14:09:52,716 - __main___file_only - INFO - 上传文件: 300201-2026-04-21-海伦哲-2025年年度报告.pdf (大小: 0.26 MB, ID: file-fe-6ab253420cc642bc8f8953c5)
2026-04-21 14:09:52,736 - httpx - INFO - HTTP Request: POST https://dashscope.aliyuncs.com/compatible-mode/v1/files "HTTP/1.1 200 OK"
2026-04-21 14:09:52,737 - ai_service_enhanced - INFO - 文件上传成功: C:\Users\chenkk\Desktop\新建文件夹\净资产收益率和每股收益\300201-2026-04-21-海伦哲-2025年年度报告_mgsy.pdf (文件ID: file-fe-b190a6bc696b4f2583cad2de)
2026-04-21 14:09:52,737 - __main___file_only - INFO - 上传文件: 300201-2026-04-21-海伦哲-2025年年度报告_mgsy.pdf (大小: 0.25 MB, ID: file-fe-b190a6bc696b4f2583cad2de)
2026-04-21 14:09:52,737 - __main__ - INFO - 开始处理: C:\Users\chenkk\Desktop\新建文件夹\300201-2026-04-21-海伦哲-2025年年度报告.pdf
2026-04-21 14:09:52,944 - httpx - INFO - HTTP Request: POST https://dashscope.aliyuncs.com/compatible-mode/v1/chat/completions "HTTP/1.1 200 OK"
2026-04-21 14:09:54,719 - httpx - INFO - HTTP Request: POST https://dashscope.aliyuncs.com/compatible-mode/v1/chat/completions "HTTP/1.1 200 OK"
2026-04-21 14:09:54,764 - httpx - INFO - HTTP Request: POST https://dashscope.aliyuncs.com/compatible-mode/v1/chat/completions "HTTP/1.1 200 OK"
2026-04-21 14:09:54,784 - __main___file_only - INFO - 找到数据: 002982 2026-04-21 (3条)
2026-04-21 14:09:54,784 - __main__ - INFO - 处理成功: 002982-2026-04-21
2026-04-21 14:09:54,784 - __main___file_only - INFO - 处理成功: C:\Users\chenkk\Desktop\新建文件夹\002982-2026-04-21-湘佳股份-2025年年度报告.pdf (耗时: 29.25秒)
2026-04-21 14:09:54,826 - __main___file_only - INFO - 找到数据: 300018 2026-04-21 (3条)
2026-04-21 14:09:54,826 - __main__ - INFO - 处理成功: 300018-2026-04-21
2026-04-21 14:09:54,826 - __main___file_only - INFO - 处理成功: C:\Users\chenkk\Desktop\新建文件夹\300018-2026-04-21-中元股份-2025年年度报告.pdf (耗时: 19.16秒)
2026-04-21 14:09:54,869 - httpx - INFO - HTTP Request: POST https://dashscope.aliyuncs.com/compatible-mode/v1/files "HTTP/1.1 200 OK"
2026-04-21 14:09:54,869 - ai_service_enhanced - INFO - 文件上传成功: C:\Users\chenkk\Desktop\新建文件夹\净资产收益率和每股收益\300203-2026-04-21-聚光科技-2025年年度报告_mgsy.pdf (文件ID: file-fe-ef0cd2acf95541d1b183a953)
2026-04-21 14:09:54,869 - __main___file_only - INFO - 上传文件: 300203-2026-04-21-聚光科技-2025年年度报告_mgsy.pdf (大小: 0.41 MB, ID: file-fe-ef0cd2acf95541d1b183a953)
2026-04-21 14:09:54,916 - httpx - INFO - HTTP Request: POST https://dashscope.aliyuncs.com/compatible-mode/v1/chat/completions "HTTP/1.1 200 OK"
2026-04-21 14:09:54,931 - httpx - INFO - HTTP Request: POST https://dashscope.aliyuncs.com/compatible-mode/v1/files "HTTP/1.1 200 OK"
2026-04-21 14:09:54,932 - ai_service_enhanced - INFO - 文件上传成功: C:\Users\chenkk\Desktop\新建文件夹\300203-2026-04-21-聚光科技-2025年年度报告.pdf (文件ID: file-fe-145dcb6a4a06403aaf385c98)
2026-04-21 14:09:54,932 - __main___file_only - INFO - 上传文件: 300203-2026-04-21-聚光科技-2025年年度报告.pdf (大小: 0.43 MB, ID: file-fe-145dcb6a4a06403aaf385c98)
2026-04-21 14:09:55,007 - __main__ - INFO - 开始处理: C:\Users\chenkk\Desktop\新建文件夹\300203-2026-04-21-聚光科技-2025年年度报告.pdf
2026-04-21 14:09:55,476 - httpx - INFO - HTTP Request: DELETE https://dashscope.aliyuncs.com/compatible-mode/v1/files/file-fe-3670a03a162e4c8b8eb1cfcc "HTTP/1.1 200 OK"
2026-04-21 14:09:55,490 - httpx - INFO - HTTP Request: DELETE https://dashscope.aliyuncs.com/compatible-mode/v1/files/file-fe-6a9ee9856c8345bfa50628db "HTTP/1.1 200 OK"
2026-04-21 14:09:55,604 - httpx - INFO - HTTP Request: POST https://dashscope.aliyuncs.com/compatible-mode/v1/chat/completions "HTTP/1.1 200 OK"
2026-04-21 14:09:55,679 - __main___file_only - INFO - 找到数据: 002890 2026-04-21 (3条)
2026-04-21 14:09:55,679 - __main__ - INFO - 处理成功: 002890-2026-04-21
2026-04-21 14:09:55,679 - __main___file_only - INFO - 处理成功: C:\Users\chenkk\Desktop\新建文件夹\002890-2026-04-21-弘宇股份-2025年年度报告.pdf (耗时: 39.09秒)
2026-04-21 14:09:56,078 - httpx - INFO - HTTP Request: DELETE https://dashscope.aliyuncs.com/compatible-mode/v1/files/file-fe-b5dee37534854a3a95a91178 "HTTP/1.1 200 OK"
2026-04-21 14:09:56,179 - httpx - INFO - HTTP Request: DELETE https://dashscope.aliyuncs.com/compatible-mode/v1/files/file-fe-93c16bbe5b3341b3a3991e8d "HTTP/1.1 200 OK"
2026-04-21 14:09:56,329 - httpx - INFO - HTTP Request: DELETE https://dashscope.aliyuncs.com/compatible-mode/v1/files/file-fe-4622bb88a6c14a798b463235 "HTTP/1.1 200 OK"
2026-04-21 14:09:56,487 - httpx - INFO - HTTP Request: POST https://dashscope.aliyuncs.com/compatible-mode/v1/chat/completions "HTTP/1.1 200 OK"
2026-04-21 14:09:56,576 - __main___file_only - INFO - 找到数据: 002993 2026-04-21 (3条)
2026-04-21 14:09:56,576 - __main__ - INFO - 处理成功: 002993-2026-04-21
2026-04-21 14:09:56,576 - __main___file_only - INFO - 处理成功: C:\Users\chenkk\Desktop\新建文件夹\002993-2026-04-21-奥海科技-2025年年度报告.pdf (耗时: 29.20秒)
2026-04-21 14:09:56,889 - httpx - INFO - HTTP Request: POST https://dashscope.aliyuncs.com/compatible-mode/v1/chat/completions "HTTP/1.1 200 OK"
2026-04-21 14:09:56,959 - httpx - INFO - HTTP Request: DELETE https://dashscope.aliyuncs.com/compatible-mode/v1/files/file-fe-fbf17f93c75c497aa5e1dabc "HTTP/1.1 200 OK"
2026-04-21 14:09:56,986 - httpx - INFO - HTTP Request: POST https://dashscope.aliyuncs.com/compatible-mode/v1/files "HTTP/1.1 200 OK"
2026-04-21 14:09:56,987 - ai_service_enhanced - INFO - 文件上传成功: C:\Users\chenkk\Desktop\新建文件夹\300235-2026-04-21-方直科技-2025年年度报告.pdf (文件ID: file-fe-e9678514f5aa4d5ebadbb3cf)
2026-04-21 14:09:56,987 - __main___file_only - INFO - 上传文件: 300235-2026-04-21-方直科技-2025年年度报告.pdf (大小: 0.52 MB, ID: file-fe-e9678514f5aa4d5ebadbb3cf)
2026-04-21 14:09:57,015 - httpx - INFO - HTTP Request: POST https://dashscope.aliyuncs.com/compatible-mode/v1/files "HTTP/1.1 200 OK"
2026-04-21 14:09:57,016 - ai_service_enhanced - INFO - 文件上传成功: C:\Users\chenkk\Desktop\新建文件夹\净资产收益率和每股收益\300235-2026-04-21-方直科技-2025年年度报告_mgsy.pdf (文件ID: file-fe-f8f29596578349cbadce27fa)
2026-04-21 14:09:57,016 - __main___file_only - INFO - 上传文件: 300235-2026-04-21-方直科技-2025年年度报告_mgsy.pdf (大小: 0.51 MB, ID: file-fe-f8f29596578349cbadce27fa)
2026-04-21 14:09:57,016 - __main__ - INFO - 开始处理: C:\Users\chenkk\Desktop\新建文件夹\300235-2026-04-21-方直科技-2025年年度报告.pdf
2026-04-21 14:09:57,244 - httpx - INFO - HTTP Request: DELETE https://dashscope.aliyuncs.com/compatible-mode/v1/files/file-fe-063474132cdf4078a949c264 "HTTP/1.1 200 OK"
2026-04-21 14:09:57,860 - httpx - INFO - HTTP Request: DELETE https://dashscope.aliyuncs.com/compatible-mode/v1/files/file-fe-b5c7484aee8f4f4ea24d4251 "HTTP/1.1 200 OK"
2026-04-21 14:09:58,403 - httpx - INFO - HTTP Request: POST https://dashscope.aliyuncs.com/compatible-mode/v1/chat/completions "HTTP/1.1 200 OK"
2026-04-21 14:09:58,512 - __main___file_only - INFO - 找到数据: 003001 2026-04-21 (3条)
2026-04-21 14:09:58,513 - __main__ - INFO - 处理成功: 003001-2026-04-21
2026-04-21 14:09:58,513 - __main___file_only - INFO - 处理成功: C:\Users\chenkk\Desktop\新建文件夹\003001-2026-04-21-中岩大地-2025年年度报告.pdf (耗时: 28.60秒)
2026-04-21 14:09:59,055 - httpx - INFO - HTTP Request: POST https://dashscope.aliyuncs.com/compatible-mode/v1/files "HTTP/1.1 200 OK"
2026-04-21 14:09:59,056 - ai_service_enhanced - INFO - 文件上传成功: C:\Users\chenkk\Desktop\新建文件夹\300240-2026-04-21-飞力达-2025年年度报告.pdf (文件ID: file-fe-a9bf5aa310b94d78b25b3a46)
2026-04-21 14:09:59,056 - __main___file_only - INFO - 上传文件: 300240-2026-04-21-飞力达-2025年年度报告.pdf (大小: 0.35 MB, ID: file-fe-a9bf5aa310b94d78b25b3a46)
2026-04-21 14:09:59,102 - httpx - INFO - HTTP Request: POST https://dashscope.aliyuncs.com/compatible-mode/v1/files "HTTP/1.1 200 OK"
2026-04-21 14:09:59,103 - ai_service_enhanced - INFO - 文件上传成功: C:\Users\chenkk\Desktop\新建文件夹\净资产收益率和每股收益\300240-2026-04-21-飞力达-2025年年度报告_mgsy.pdf (文件ID: file-fe-9ff9f53f00aa488ba1892fa8)
2026-04-21 14:09:59,103 - __main___file_only - INFO - 上传文件: 300240-2026-04-21-飞力达-2025年年度报告_mgsy.pdf (大小: 0.33 MB, ID: file-fe-9ff9f53f00aa488ba1892fa8)
2026-04-21 14:09:59,104 - __main__ - INFO - 开始处理: C:\Users\chenkk\Desktop\新建文件夹\300240-2026-04-21-飞力达-2025年年度报告.pdf
2026-04-21 14:09:59,205 - httpx - INFO - HTTP Request: DELETE https://dashscope.aliyuncs.com/compatible-mode/v1/files/file-fe-4d9a3579d44544709a19b29a "HTTP/1.1 200 OK"
2026-04-21 14:09:59,906 - httpx - INFO - HTTP Request: POST https://dashscope.aliyuncs.com/compatible-mode/v1/chat/completions "HTTP/1.1 200 OK"
2026-04-21 14:09:59,990 - httpx - INFO - HTTP Request: DELETE https://dashscope.aliyuncs.com/compatible-mode/v1/files/file-fe-bfdceeca12934d50a66ad85f "HTTP/1.1 200 OK"
2026-04-21 14:10:01,244 - httpx - INFO - HTTP Request: POST https://dashscope.aliyuncs.com/compatible-mode/v1/files "HTTP/1.1 200 OK"
2026-04-21 14:10:01,244 - ai_service_enhanced - INFO - 文件上传成功: C:\Users\chenkk\Desktop\新建文件夹\净资产收益率和每股收益\300258-2026-04-21-精锻科技-2025年年度报告_mgsy.pdf (文件ID: file-fe-5123f92c05dc47b7a9335d74)
2026-04-21 14:10:01,245 - __main___file_only - INFO - 上传文件: 300258-2026-04-21-精锻科技-2025年年度报告_mgsy.pdf (大小: 0.36 MB, ID: file-fe-5123f92c05dc47b7a9335d74)
2026-04-21 14:10:01,288 - httpx - INFO - HTTP Request: POST https://dashscope.aliyuncs.com/compatible-mode/v1/files "HTTP/1.1 200 OK"
2026-04-21 14:10:01,288 - ai_service_enhanced - INFO - 文件上传成功: C:\Users\chenkk\Desktop\新建文件夹\300258-2026-04-21-精锻科技-2025年年度报告.pdf (文件ID: file-fe-902331927dc14776b4965094)
2026-04-21 14:10:01,288 - __main___file_only - INFO - 上传文件: 300258-2026-04-21-精锻科技-2025年年度报告.pdf (大小: 0.37 MB, ID: file-fe-902331927dc14776b4965094)
2026-04-21 14:10:01,296 - httpx - INFO - HTTP Request: POST https://dashscope.aliyuncs.com/compatible-mode/v1/chat/completions "HTTP/1.1 200 OK"
2026-04-21 14:10:01,368 - __main__ - INFO - 开始处理: C:\Users\chenkk\Desktop\新建文件夹\300258-2026-04-21-精锻科技-2025年年度报告.pdf
2026-04-21 14:10:02,293 - httpx - INFO - HTTP Request: POST https://dashscope.aliyuncs.com/compatible-mode/v1/chat/completions "HTTP/1.1 200 OK"
2026-04-21 14:10:02,416 - __main___file_only - INFO - 找到数据: 003004 2026-04-21 (3条)
2026-04-21 14:10:02,416 - __main__ - INFO - 处理成功: 003004-2026-04-21
2026-04-21 14:10:02,417 - __main___file_only - INFO - 处理成功: C:\Users\chenkk\Desktop\新建文件夹\003004-2026-04-21-ST声迅-2025年年度报告.pdf (耗时: 30.82秒)
2026-04-21 14:10:03,002 - httpx - INFO - HTTP Request: DELETE https://dashscope.aliyuncs.com/compatible-mode/v1/files/file-fe-c69a024215a34d5db8b88f7f "HTTP/1.1 200 OK"
2026-04-21 14:10:03,378 - httpx - INFO - HTTP Request: POST https://dashscope.aliyuncs.com/compatible-mode/v1/files "HTTP/1.1 200 OK"
2026-04-21 14:10:03,379 - ai_service_enhanced - INFO - 文件上传成功: C:\Users\chenkk\Desktop\新建文件夹\净资产收益率和每股收益\300285-2026-04-21-国瓷材料-2025年年度报告_mgsy.pdf (文件ID: file-fe-7d690bced8d34e9d8f4064e4)
2026-04-21 14:10:03,379 - __main___file_only - INFO - 上传文件: 300285-2026-04-21-国瓷材料-2025年年度报告_mgsy.pdf (大小: 0.36 MB, ID: file-fe-7d690bced8d34e9d8f4064e4)
2026-04-21 14:10:03,695 - httpx - INFO - HTTP Request: DELETE https://dashscope.aliyuncs.com/compatible-mode/v1/files/file-fe-fd150dffb2fa4e8792ca88cb "HTTP/1.1 200 OK"
2026-04-21 14:10:03,717 - httpx - INFO - HTTP Request: POST https://dashscope.aliyuncs.com/compatible-mode/v1/chat/completions "HTTP/1.1 200 OK"
2026-04-21 14:10:03,794 - httpx - INFO - HTTP Request: POST https://dashscope.aliyuncs.com/compatible-mode/v1/files "HTTP/1.1 200 OK"
2026-04-21 14:10:03,795 - ai_service_enhanced - INFO - 文件上传成功: C:\Users\chenkk\Desktop\新建文件夹\300285-2026-04-21-国瓷材料-2025年年度报告.pdf (文件ID: file-fe-8a62b372dc854208a5d27ca2)
2026-04-21 14:10:03,795 - __main___file_only - INFO - 上传文件: 300285-2026-04-21-国瓷材料-2025年年度报告.pdf (大小: 0.37 MB, ID: file-fe-8a62b372dc854208a5d27ca2)
2026-04-21 14:10:03,891 - httpx - INFO - HTTP Request: POST https://dashscope.aliyuncs.com/compatible-mode/v1/chat/completions "HTTP/1.1 200 OK"
2026-04-21 14:10:03,993 - __main__ - INFO - 开始处理: C:\Users\chenkk\Desktop\新建文件夹\300285-2026-04-21-国瓷材料-2025年年度报告.pdf
2026-04-21 14:10:04,009 - __main___file_only - INFO - 找到数据: 003023 2026-04-21 (3条)
2026-04-21 14:10:04,010 - __main__ - INFO - 处理成功: 003023-2026-04-21
2026-04-21 14:10:04,010 - __main___file_only - INFO - 处理成功: C:\Users\chenkk\Desktop\新建文件夹\003023-2026-04-21-彩虹集团-2025年年度报告.pdf (耗时: 30.42秒)
2026-04-21 14:10:04,623 - httpx - INFO - HTTP Request: DELETE https://dashscope.aliyuncs.com/compatible-mode/v1/files/file-fe-f7c8325d50bd4320a140b9d2 "HTTP/1.1 200 OK"
2026-04-21 14:10:05,201 - httpx - INFO - HTTP Request: DELETE https://dashscope.aliyuncs.com/compatible-mode/v1/files/file-fe-ff8f329fef744df6b93033f4 "HTTP/1.1 200 OK"
2026-04-21 14:10:05,492 - httpx - INFO - HTTP Request: POST https://dashscope.aliyuncs.com/compatible-mode/v1/files "HTTP/1.1 200 OK"
2026-04-21 14:10:05,492 - ai_service_enhanced - INFO - 文件上传成功: C:\Users\chenkk\Desktop\新建文件夹\300319-2026-04-21-麦捷科技-2025年年度报告.pdf (文件ID: file-fe-b12d8e9b6903485da4264c80)
2026-04-21 14:10:05,493 - __main___file_only - INFO - 上传文件: 300319-2026-04-21-麦捷科技-2025年年度报告.pdf (大小: 0.53 MB, ID: file-fe-b12d8e9b6903485da4264c80)
2026-04-21 14:10:05,503 - httpx - INFO - HTTP Request: POST https://dashscope.aliyuncs.com/compatible-mode/v1/files "HTTP/1.1 200 OK"
2026-04-21 14:10:05,504 - ai_service_enhanced - INFO - 文件上传成功: C:\Users\chenkk\Desktop\新建文件夹\净资产收益率和每股收益\300319-2026-04-21-麦捷科技-2025年年度报告_mgsy.pdf (文件ID: file-fe-c9d7b34763c44414b7f6e1ba)
2026-04-21 14:10:05,504 - __main___file_only - INFO - 上传文件: 300319-2026-04-21-麦捷科技-2025年年度报告_mgsy.pdf (大小: 0.52 MB, ID: file-fe-c9d7b34763c44414b7f6e1ba)
2026-04-21 14:10:05,504 - __main__ - INFO - 开始处理: C:\Users\chenkk\Desktop\新建文件夹\300319-2026-04-21-麦捷科技-2025年年度报告.pdf
2026-04-21 14:10:06,695 - httpx - INFO - HTTP Request: POST https://dashscope.aliyuncs.com/compatible-mode/v1/chat/completions "HTTP/1.1 200 OK"
2026-04-21 14:10:07,530 - httpx - INFO - HTTP Request: POST https://dashscope.aliyuncs.com/compatible-mode/v1/files "HTTP/1.1 200 OK"
2026-04-21 14:10:07,530 - ai_service_enhanced - INFO - 文件上传成功: C:\Users\chenkk\Desktop\新建文件夹\净资产收益率和每股收益\300354-2026-04-21-东华测试-2025年年度报告_mgsy.pdf (文件ID: file-fe-94adfcd520e24e68a2810d98)
2026-04-21 14:10:07,531 - __main___file_only - INFO - 上传文件: 300354-2026-04-21-东华测试-2025年年度报告_mgsy.pdf (大小: 0.28 MB, ID: file-fe-94adfcd520e24e68a2810d98)
2026-04-21 14:10:07,569 - httpx - INFO - HTTP Request: POST https://dashscope.aliyuncs.com/compatible-mode/v1/files "HTTP/1.1 200 OK"
2026-04-21 14:10:07,569 - ai_service_enhanced - INFO - 文件上传成功: C:\Users\chenkk\Desktop\新建文件夹\300354-2026-04-21-东华测试-2025年年度报告.pdf (文件ID: file-fe-e2b8be6c271744a1b4deea02)
2026-04-21 14:10:07,569 - __main___file_only - INFO - 上传文件: 300354-2026-04-21-东华测试-2025年年度报告.pdf (大小: 0.29 MB, ID: file-fe-e2b8be6c271744a1b4deea02)
2026-04-21 14:10:07,570 - __main__ - INFO - 开始处理: C:\Users\chenkk\Desktop\新建文件夹\300354-2026-04-21-东华测试-2025年年度报告.pdf
2026-04-21 14:10:07,656 - httpx - INFO - HTTP Request: POST https://dashscope.aliyuncs.com/compatible-mode/v1/chat/completions "HTTP/1.1 200 OK"
2026-04-21 14:10:07,670 - httpx - INFO - HTTP Request: POST https://dashscope.aliyuncs.com/compatible-mode/v1/chat/completions "HTTP/1.1 200 OK"
2026-04-21 14:10:07,799 - __main___file_only - INFO - 找到数据: 300026 2026-04-21 (3条)
2026-04-21 14:10:07,800 - __main__ - INFO - 处理成功: 300026-2026-04-21
2026-04-21 14:10:07,800 - __main___file_only - INFO - 处理成功: C:\Users\chenkk\Desktop\新建文件夹\300026-2026-04-21-红日药业-2025年年度报告.pdf (耗时: 29.86秒)
2026-04-21 14:10:07,821 - __main___file_only - INFO - 找到数据: 300158 2026-04-21 (3条)
2026-04-21 14:10:07,821 - __main__ - INFO - 处理成功: 300158-2026-04-21
2026-04-21 14:10:07,822 - __main___file_only - INFO - 处理成功: C:\Users\chenkk\Desktop\新建文件夹\300158-2026-04-21-振东制药-2025年年度报告.pdf (耗时: 19.36秒)
2026-04-21 14:10:08,479 - httpx - INFO - HTTP Request: DELETE https://dashscope.aliyuncs.com/compatible-mode/v1/files/file-fe-7ae2a95601b94ab5822164e7 "HTTP/1.1 200 OK"
2026-04-21 14:10:08,560 - httpx - INFO - HTTP Request: DELETE https://dashscope.aliyuncs.com/compatible-mode/v1/files/file-fe-b5c87d21a87e4fe0bf335249 "HTTP/1.1 200 OK"
2026-04-21 14:10:08,676 - httpx - INFO - HTTP Request: POST https://dashscope.aliyuncs.com/compatible-mode/v1/chat/completions "HTTP/1.1 200 OK"
2026-04-21 14:10:09,188 - httpx - INFO - HTTP Request: DELETE https://dashscope.aliyuncs.com/compatible-mode/v1/files/file-fe-56ea263e5c6c428e84c8e09a "HTTP/1.1 200 OK"
2026-04-21 14:10:09,237 - httpx - INFO - HTTP Request: DELETE https://dashscope.aliyuncs.com/compatible-mode/v1/files/file-fe-f6183037a9534e838f3eafe4 "HTTP/1.1 200 OK"
2026-04-21 14:10:09,686 - httpx - INFO - HTTP Request: POST https://dashscope.aliyuncs.com/compatible-mode/v1/files "HTTP/1.1 200 OK"
2026-04-21 14:10:09,686 - ai_service_enhanced - INFO - 文件上传成功: C:\Users\chenkk\Desktop\新建文件夹\净资产收益率和每股收益\300377-2026-04-21-赢时胜-2025年年度报告_mgsy.pdf (文件ID: file-fe-3d1ab9b5654448bcbd9c65fe)
2026-04-21 14:10:09,687 - __main___file_only - INFO - 上传文件: 300377-2026-04-21-赢时胜-2025年年度报告_mgsy.pdf (大小: 0.28 MB, ID: file-fe-3d1ab9b5654448bcbd9c65fe)
2026-04-21 14:10:09,812 - httpx - INFO - HTTP Request: POST https://dashscope.aliyuncs.com/compatible-mode/v1/chat/completions "HTTP/1.1 200 OK"
2026-04-21 14:10:09,869 - httpx - INFO - HTTP Request: POST https://dashscope.aliyuncs.com/compatible-mode/v1/files "HTTP/1.1 200 OK"
2026-04-21 14:10:09,870 - ai_service_enhanced - INFO - 文件上传成功: C:\Users\chenkk\Desktop\新建文件夹\300377-2026-04-21-赢时胜-2025年年度报告.pdf (文件ID: file-fe-753c4e8d00b34af59ea3511c)
2026-04-21 14:10:09,870 - __main___file_only - INFO - 上传文件: 300377-2026-04-21-赢时胜-2025年年度报告.pdf (大小: 0.29 MB, ID: file-fe-753c4e8d00b34af59ea3511c)
2026-04-21 14:10:09,959 - __main__ - INFO - 开始处理: C:\Users\chenkk\Desktop\新建文件夹\300377-2026-04-21-赢时胜-2025年年度报告.pdf
2026-04-21 14:10:11,194 - httpx - INFO - HTTP Request: POST https://dashscope.aliyuncs.com/compatible-mode/v1/chat/completions "HTTP/1.1 200 OK"
2026-04-21 14:10:11,261 - __main___file_only - INFO - 找到数据: 300044 2026-04-21 (3条)
2026-04-21 14:10:11,261 - __main__ - INFO - 处理成功: 300044-2026-04-21
2026-04-21 14:10:11,261 - __main___file_only - INFO - 处理成功: C:\Users\chenkk\Desktop\新建文件夹\300044-2026-04-21-ST赛为-2025年年度报告.pdf (耗时: 31.30秒)
2026-04-21 14:10:11,614 - httpx - INFO - HTTP Request: POST https://dashscope.aliyuncs.com/compatible-mode/v1/chat/completions "HTTP/1.1 200 OK"
2026-04-21 14:10:11,690 - __main___file_only - INFO - 找到数据: 300103 2026-04-21 (3条)
2026-04-21 14:10:11,690 - __main__ - INFO - 处理成功: 300103-2026-04-21
2026-04-21 14:10:11,690 - __main___file_only - INFO - 处理成功: C:\Users\chenkk\Desktop\新建文件夹\300103-2026-04-21-达刚控股-2025年年度报告.pdf (耗时: 29.35秒)
2026-04-21 14:10:11,794 - httpx - INFO - HTTP Request: POST https://dashscope.aliyuncs.com/compatible-mode/v1/files "HTTP/1.1 200 OK"
2026-04-21 14:10:11,795 - ai_service_enhanced - INFO - 文件上传成功: C:\Users\chenkk\Desktop\新建文件夹\300435-2026-04-21-中泰股份-2025年年度报告.pdf (文件ID: file-fe-ac35dedf95684f0f8e5e3166)
2026-04-21 14:10:11,795 - __main___file_only - INFO - 上传文件: 300435-2026-04-21-中泰股份-2025年年度报告.pdf (大小: 0.31 MB, ID: file-fe-ac35dedf95684f0f8e5e3166)
2026-04-21 14:10:11,828 - httpx - INFO - HTTP Request: POST https://dashscope.aliyuncs.com/compatible-mode/v1/files "HTTP/1.1 200 OK"
2026-04-21 14:10:11,829 - ai_service_enhanced - INFO - 文件上传成功: C:\Users\chenkk\Desktop\新建文件夹\净资产收益率和每股收益\300435-2026-04-21-中泰股份-2025年年度报告_mgsy.pdf (文件ID: file-fe-6e735d72d2324ab287756bc7)
2026-04-21 14:10:11,829 - __main___file_only - INFO - 上传文件: 300435-2026-04-21-中泰股份-2025年年度报告_mgsy.pdf (大小: 0.31 MB, ID: file-fe-6e735d72d2324ab287756bc7)
2026-04-21 14:10:11,875 - httpx - INFO - HTTP Request: POST https://dashscope.aliyuncs.com/compatible-mode/v1/chat/completions "HTTP/1.1 200 OK"
2026-04-21 14:10:12,019 - httpx - INFO - HTTP Request: DELETE https://dashscope.aliyuncs.com/compatible-mode/v1/files/file-fe-b97df8455b10492bbeb4c38e "HTTP/1.1 200 OK"
2026-04-21 14:10:12,064 - __main__ - INFO - 开始处理: C:\Users\chenkk\Desktop\新建文件夹\300435-2026-04-21-中泰股份-2025年年度报告.pdf
2026-04-21 14:10:12,350 - httpx - INFO - HTTP Request: DELETE https://dashscope.aliyuncs.com/compatible-mode/v1/files/file-fe-956e60bfa4164e7b95e02baf "HTTP/1.1 200 OK"
2026-04-21 14:10:12,620 - httpx - INFO - HTTP Request: DELETE https://dashscope.aliyuncs.com/compatible-mode/v1/files/file-fe-6fe9ce6227d145c9a62407d1 "HTTP/1.1 200 OK"
2026-04-21 14:10:13,070 - httpx - INFO - HTTP Request: DELETE https://dashscope.aliyuncs.com/compatible-mode/v1/files/file-fe-160fe1f60177439288d9035a "HTTP/1.1 200 OK"
2026-04-21 14:10:13,903 - httpx - INFO - HTTP Request: POST https://dashscope.aliyuncs.com/compatible-mode/v1/files "HTTP/1.1 200 OK"
2026-04-21 14:10:13,904 - ai_service_enhanced - INFO - 文件上传成功: C:\Users\chenkk\Desktop\新建文件夹\净资产收益率和每股收益\300503-2026-04-21-昊志机电-2025年年度报告_mgsy.pdf (文件ID: file-fe-04d09332deea47ceab06074e)
2026-04-21 14:10:13,904 - __main___file_only - INFO - 上传文件: 300503-2026-04-21-昊志机电-2025年年度报告_mgsy.pdf (大小: 0.48 MB, ID: file-fe-04d09332deea47ceab06074e)
2026-04-21 14:10:13,920 - httpx - INFO - HTTP Request: POST https://dashscope.aliyuncs.com/compatible-mode/v1/files "HTTP/1.1 200 OK"
2026-04-21 14:10:13,921 - ai_service_enhanced - INFO - 文件上传成功: C:\Users\chenkk\Desktop\新建文件夹\300503-2026-04-21-昊志机电-2025年年度报告.pdf (文件ID: file-fe-d230874fe8dd4f4480ff007d)
2026-04-21 14:10:13,921 - __main___file_only - INFO - 上传文件: 300503-2026-04-21-昊志机电-2025年年度报告.pdf (大小: 0.52 MB, ID: file-fe-d230874fe8dd4f4480ff007d)
2026-04-21 14:10:14,174 - __main__ - INFO - 开始处理: C:\Users\chenkk\Desktop\新建文件夹\300503-2026-04-21-昊志机电-2025年年度报告.pdf
2026-04-21 14:10:14,896 - httpx - INFO - HTTP Request: POST https://dashscope.aliyuncs.com/compatible-mode/v1/chat/completions "HTTP/1.1 200 OK"
2026-04-21 14:10:14,962 - __main___file_only - INFO - 找到数据: 300112 2026-04-21 (3条)
2026-04-21 14:10:14,962 - __main__ - INFO - 处理成功: 300112-2026-04-21
2026-04-21 14:10:14,962 - __main___file_only - INFO - 处理成功: C:\Users\chenkk\Desktop\新建文件夹\300112-2026-04-21-万讯自控-2025年年度报告.pdf (耗时: 30.61秒)
2026-04-21 14:10:15,353 - httpx - INFO - HTTP Request: POST https://dashscope.aliyuncs.com/compatible-mode/v1/chat/completions "HTTP/1.1 200 OK"
2026-04-21 14:10:15,683 - httpx - INFO - HTTP Request: DELETE https://dashscope.aliyuncs.com/compatible-mode/v1/files/file-fe-5f2c5722c5f94713b2183fc9 "HTTP/1.1 200 OK"
2026-04-21 14:10:16,118 - httpx - INFO - HTTP Request: POST https://dashscope.aliyuncs.com/compatible-mode/v1/chat/completions "HTTP/1.1 200 OK"
2026-04-21 14:10:16,150 - httpx - INFO - HTTP Request: POST https://dashscope.aliyuncs.com/compatible-mode/v1/files "HTTP/1.1 200 OK"
2026-04-21 14:10:16,150 - ai_service_enhanced - INFO - 文件上传成功: C:\Users\chenkk\Desktop\新建文件夹\300514-2026-04-21-友讯达-2025年年度报告.pdf (文件ID: file-fe-586a1525525348db97f8b2e1)
2026-04-21 14:10:16,150 - __main___file_only - INFO - 上传文件: 300514-2026-04-21-友讯达-2025年年度报告.pdf (大小: 0.34 MB, ID: file-fe-586a1525525348db97f8b2e1)
2026-04-21 14:10:16,158 - httpx - INFO - HTTP Request: POST https://dashscope.aliyuncs.com/compatible-mode/v1/files "HTTP/1.1 200 OK"
2026-04-21 14:10:16,158 - ai_service_enhanced - INFO - 文件上传成功: C:\Users\chenkk\Desktop\新建文件夹\净资产收益率和每股收益\300514-2026-04-21-友讯达-2025年年度报告_mgsy.pdf (文件ID: file-fe-6e270b8eb0484aa5b3d9c62a)
2026-04-21 14:10:16,158 - __main___file_only - INFO - 上传文件: 300514-2026-04-21-友讯达-2025年年度报告_mgsy.pdf (大小: 0.33 MB, ID: file-fe-6e270b8eb0484aa5b3d9c62a)
2026-04-21 14:10:16,180 - __main__ - INFO - 开始处理: C:\Users\chenkk\Desktop\新建文件夹\300514-2026-04-21-友讯达-2025年年度报告.pdf
2026-04-21 14:10:16,187 - __main___file_only - INFO - 找到数据: 300145 2026-04-21 (3条)
2026-04-21 14:10:16,187 - __main__ - INFO - 处理成功: 300145-2026-04-21
2026-04-21 14:10:16,187 - __main___file_only - INFO - 处理成功: C:\Users\chenkk\Desktop\新建文件夹\300145-2026-04-21-南方泵业-2025年年度报告.pdf (耗时: 29.79秒)
2026-04-21 14:10:16,343 - httpx - INFO - HTTP Request: POST https://dashscope.aliyuncs.com/compatible-mode/v1/chat/completions "HTTP/1.1 200 OK"
2026-04-21 14:10:16,349 - httpx - INFO - HTTP Request: DELETE https://dashscope.aliyuncs.com/compatible-mode/v1/files/file-fe-57a8279a973c4429b3cd9983 "HTTP/1.1 200 OK"
2026-04-21 14:10:16,788 - httpx - INFO - HTTP Request: DELETE https://dashscope.aliyuncs.com/compatible-mode/v1/files/file-fe-f1dc800510c54f40ab203a46 "HTTP/1.1 200 OK"
2026-04-21 14:10:17,563 - httpx - INFO - HTTP Request: DELETE https://dashscope.aliyuncs.com/compatible-mode/v1/files/file-fe-ab2ec28a7da049cdaa50e741 "HTTP/1.1 200 OK"
2026-04-21 14:10:18,241 - httpx - INFO - HTTP Request: POST https://dashscope.aliyuncs.com/compatible-mode/v1/files "HTTP/1.1 200 OK"
2026-04-21 14:10:18,241 - ai_service_enhanced - INFO - 文件上传成功: C:\Users\chenkk\Desktop\新建文件夹\300515-2026-04-21-三德科技-2025年年度报告.pdf (文件ID: file-fe-7873845e28314d3592fac499)
2026-04-21 14:10:18,241 - __main___file_only - INFO - 上传文件: 300515-2026-04-21-三德科技-2025年年度报告.pdf (大小: 0.36 MB, ID: file-fe-7873845e28314d3592fac499)
2026-04-21 14:10:18,323 - httpx - INFO - HTTP Request: POST https://dashscope.aliyuncs.com/compatible-mode/v1/files "HTTP/1.1 200 OK"
2026-04-21 14:10:18,324 - ai_service_enhanced - INFO - 文件上传成功: C:\Users\chenkk\Desktop\新建文件夹\净资产收益率和每股收益\300515-2026-04-21-三德科技-2025年年度报告_mgsy.pdf (文件ID: file-fe-cb60eedf02fc4e778db61472)
2026-04-21 14:10:18,324 - __main___file_only - INFO - 上传文件: 300515-2026-04-21-三德科技-2025年年度报告_mgsy.pdf (大小: 0.38 MB, ID: file-fe-cb60eedf02fc4e778db61472)
2026-04-21 14:10:18,545 - __main__ - INFO - 开始处理: C:\Users\chenkk\Desktop\新建文件夹\300515-2026-04-21-三德科技-2025年年度报告.pdf
2026-04-21 14:10:20,392 - httpx - INFO - HTTP Request: POST https://dashscope.aliyuncs.com/compatible-mode/v1/files "HTTP/1.1 200 OK"
2026-04-21 14:10:20,393 - ai_service_enhanced - INFO - 文件上传成功: C:\Users\chenkk\Desktop\新建文件夹\净资产收益率和每股收益\300519-2026-04-21-新光药业-2025年年度报告_mgsy.pdf (文件ID: file-fe-0340e4d6d3984f90928620fd)
2026-04-21 14:10:20,393 - __main___file_only - INFO - 上传文件: 300519-2026-04-21-新光药业-2025年年度报告_mgsy.pdf (大小: 0.51 MB, ID: file-fe-0340e4d6d3984f90928620fd)
2026-04-21 14:10:20,427 - httpx - INFO - HTTP Request: POST https://dashscope.aliyuncs.com/compatible-mode/v1/files "HTTP/1.1 200 OK"
2026-04-21 14:10:20,428 - ai_service_enhanced - INFO - 文件上传成功: C:\Users\chenkk\Desktop\新建文件夹\300519-2026-04-21-新光药业-2025年年度报告.pdf (文件ID: file-fe-7361de53bb234c04babe5042)
2026-04-21 14:10:20,428 - __main___file_only - INFO - 上传文件: 300519-2026-04-21-新光药业-2025年年度报告.pdf (大小: 0.53 MB, ID: file-fe-7361de53bb234c04babe5042)
2026-04-21 14:10:20,548 - __main__ - INFO - 开始处理: C:\Users\chenkk\Desktop\新建文件夹\300519-2026-04-21-新光药业-2025年年度报告.pdf
2026-04-21 14:10:20,564 - httpx - INFO - HTTP Request: POST https://dashscope.aliyuncs.com/compatible-mode/v1/chat/completions "HTTP/1.1 200 OK"
2026-04-21 14:10:20,741 - httpx - INFO - HTTP Request: POST https://dashscope.aliyuncs.com/compatible-mode/v1/chat/completions "HTTP/1.1 200 OK"
2026-04-21 14:10:20,805 - __main___file_only - INFO - 找到数据: 300191 2026-04-21 (3条)
2026-04-21 14:10:20,805 - __main__ - INFO - 处理成功: 300191-2026-04-21
2026-04-21 14:10:20,805 - __main___file_only - INFO - 处理成功: C:\Users\chenkk\Desktop\新建文件夹\300191-2026-04-21-潜能恒信-2025年年度报告.pdf (耗时: 30.08秒)
2026-04-21 14:10:21,495 - httpx - INFO - HTTP Request: DELETE https://dashscope.aliyuncs.com/compatible-mode/v1/files/file-fe-ac69b861f89d41949d4c399b "HTTP/1.1 200 OK"
2026-04-21 14:10:22,092 - httpx - INFO - HTTP Request: DELETE https://dashscope.aliyuncs.com/compatible-mode/v1/files/file-fe-35bdd9b3fd30431285b10fb5 "HTTP/1.1 200 OK"
2026-04-21 14:10:22,507 - httpx - INFO - HTTP Request: POST https://dashscope.aliyuncs.com/compatible-mode/v1/files "HTTP/1.1 200 OK"
2026-04-21 14:10:22,508 - ai_service_enhanced - INFO - 文件上传成功: C:\Users\chenkk\Desktop\新建文件夹\300523-2026-04-21-辰安科技-2025年年度报告.pdf (文件ID: file-fe-b30e6101293844728edf4b87)
2026-04-21 14:10:22,508 - __main___file_only - INFO - 上传文件: 300523-2026-04-21-辰安科技-2025年年度报告.pdf (大小: 0.36 MB, ID: file-fe-b30e6101293844728edf4b87)
2026-04-21 14:10:22,563 - httpx - INFO - HTTP Request: POST https://dashscope.aliyuncs.com/compatible-mode/v1/files "HTTP/1.1 200 OK"
2026-04-21 14:10:22,563 - ai_service_enhanced - INFO - 文件上传成功: C:\Users\chenkk\Desktop\新建文件夹\净资产收益率和每股收益\300523-2026-04-21-辰安科技-2025年年度报告_mgsy.pdf (文件ID: file-fe-0d174b60633849d389f262c2)
2026-04-21 14:10:22,563 - __main___file_only - INFO - 上传文件: 300523-2026-04-21-辰安科技-2025年年度报告_mgsy.pdf (大小: 0.35 MB, ID: file-fe-0d174b60633849d389f262c2)
2026-04-21 14:10:22,564 - __main__ - INFO - 开始处理: C:\Users\chenkk\Desktop\新建文件夹\300523-2026-04-21-辰安科技-2025年年度报告.pdf
2026-04-21 14:10:22,609 - httpx - INFO - HTTP Request: POST https://dashscope.aliyuncs.com/compatible-mode/v1/chat/completions "HTTP/1.1 200 OK"
2026-04-21 14:10:22,710 - __main___file_only - INFO - 找到数据: 300201 2026-04-21 (3条)
2026-04-21 14:10:22,711 - __main__ - INFO - 处理成功: 300201-2026-04-21
2026-04-21 14:10:22,711 - __main___file_only - INFO - 处理成功: C:\Users\chenkk\Desktop\新建文件夹\300201-2026-04-21-海伦哲-2025年年度报告.pdf (耗时: 29.97秒)
2026-04-21 14:10:22,756 - httpx - INFO - HTTP Request: POST https://dashscope.aliyuncs.com/compatible-mode/v1/chat/completions "HTTP/1.1 200 OK"
2026-04-21 14:10:23,325 - httpx - INFO - HTTP Request: DELETE https://dashscope.aliyuncs.com/compatible-mode/v1/files/file-fe-6ab253420cc642bc8f8953c5 "HTTP/1.1 200 OK"
2026-04-21 14:10:24,002 - httpx - INFO - HTTP Request: DELETE https://dashscope.aliyuncs.com/compatible-mode/v1/files/file-fe-b190a6bc696b4f2583cad2de "HTTP/1.1 200 OK"
2026-04-21 14:10:24,664 - httpx - INFO - HTTP Request: POST https://dashscope.aliyuncs.com/compatible-mode/v1/files "HTTP/1.1 200 OK"
2026-04-21 14:10:24,665 - ai_service_enhanced - INFO - 文件上传成功: C:\Users\chenkk\Desktop\新建文件夹\净资产收益率和每股收益\300533-2026-04-21-冰川网络-2025年年度报告_mgsy.pdf (文件ID: file-fe-b56362a79c75405f9bdb0f2e)
2026-04-21 14:10:24,665 - __main___file_only - INFO - 上传文件: 300533-2026-04-21-冰川网络-2025年年度报告_mgsy.pdf (大小: 0.51 MB, ID: file-fe-b56362a79c75405f9bdb0f2e)
2026-04-21 14:10:24,689 - httpx - INFO - HTTP Request: POST https://dashscope.aliyuncs.com/compatible-mode/v1/chat/completions "HTTP/1.1 200 OK"
2026-04-21 14:10:24,727 - httpx - INFO - HTTP Request: POST https://dashscope.aliyuncs.com/compatible-mode/v1/files "HTTP/1.1 200 OK"
2026-04-21 14:10:24,728 - ai_service_enhanced - INFO - 文件上传成功: C:\Users\chenkk\Desktop\新建文件夹\300533-2026-04-21-冰川网络-2025年年度报告.pdf (文件ID: file-fe-8ade98b17c284525924bfc7f)
2026-04-21 14:10:24,728 - __main___file_only - INFO - 上传文件: 300533-2026-04-21-冰川网络-2025年年度报告.pdf (大小: 0.52 MB, ID: file-fe-8ade98b17c284525924bfc7f)
2026-04-21 14:10:24,933 - __main__ - INFO - 开始处理: C:\Users\chenkk\Desktop\新建文件夹\300533-2026-04-21-冰川网络-2025年年度报告.pdf
2026-04-21 14:10:26,641 - httpx - INFO - HTTP Request: POST https://dashscope.aliyuncs.com/compatible-mode/v1/chat/completions "HTTP/1.1 200 OK"
2026-04-21 14:10:26,749 - __main___file_only - INFO - 找到数据: 300203 2026-04-21 (3条)
2026-04-21 14:10:26,750 - __main__ - INFO - 处理成功: 300203-2026-04-21
2026-04-21 14:10:26,750 - __main___file_only - INFO - 处理成功: C:\Users\chenkk\Desktop\新建文件夹\300203-2026-04-21-聚光科技-2025年年度报告.pdf (耗时: 31.74秒)
2026-04-21 14:10:26,788 - httpx - INFO - HTTP Request: POST https://dashscope.aliyuncs.com/compatible-mode/v1/files "HTTP/1.1 200 OK"
2026-04-21 14:10:26,789 - ai_service_enhanced - INFO - 文件上传成功: C:\Users\chenkk\Desktop\新建文件夹\净资产收益率和每股收益\300559-2026-04-21-佳发教育-2025年年度报告_mgsy.pdf (文件ID: file-fe-943a97b263ba4999a17f41ff)
2026-04-21 14:10:26,789 - __main___file_only - INFO - 上传文件: 300559-2026-04-21-佳发教育-2025年年度报告_mgsy.pdf (大小: 0.28 MB, ID: file-fe-943a97b263ba4999a17f41ff)
2026-04-21 14:10:27,154 - httpx - INFO - HTTP Request: POST https://dashscope.aliyuncs.com/compatible-mode/v1/files "HTTP/1.1 200 OK"
2026-04-21 14:10:27,155 - ai_service_enhanced - INFO - 文件上传成功: C:\Users\chenkk\Desktop\新建文件夹\300559-2026-04-21-佳发教育-2025年年度报告.pdf (文件ID: file-fe-c8b9899467514d9793f5546d)
2026-04-21 14:10:27,155 - __main___file_only - INFO - 上传文件: 300559-2026-04-21-佳发教育-2025年年度报告.pdf (大小: 0.29 MB, ID: file-fe-c8b9899467514d9793f5546d)
2026-04-21 14:10:27,178 - httpx - INFO - HTTP Request: POST https://dashscope.aliyuncs.com/compatible-mode/v1/chat/completions "HTTP/1.1 200 OK"
2026-04-21 14:10:27,259 - httpx - INFO - HTTP Request: POST https://dashscope.aliyuncs.com/compatible-mode/v1/chat/completions "HTTP/1.1 200 OK"
2026-04-21 14:10:27,306 - __main__ - INFO - 开始处理: C:\Users\chenkk\Desktop\新建文件夹\300559-2026-04-21-佳发教育-2025年年度报告.pdf
2026-04-21 14:10:27,514 - httpx - INFO - HTTP Request: DELETE https://dashscope.aliyuncs.com/compatible-mode/v1/files/file-fe-ef0cd2acf95541d1b183a953 "HTTP/1.1 200 OK"
2026-04-21 14:10:27,924 - httpx - INFO - HTTP Request: POST https://dashscope.aliyuncs.com/compatible-mode/v1/chat/completions "HTTP/1.1 200 OK"
2026-04-21 14:10:27,988 - __main___file_only - INFO - 找到数据: 300235 2026-04-21 (3条)
2026-04-21 14:10:27,988 - __main__ - INFO - 处理成功: 300235-2026-04-21
2026-04-21 14:10:27,988 - __main___file_only - INFO - 处理成功: C:\Users\chenkk\Desktop\新建文件夹\300235-2026-04-21-方直科技-2025年年度报告.pdf (耗时: 30.97秒)
2026-04-21 14:10:28,199 - httpx - INFO - HTTP Request: DELETE https://dashscope.aliyuncs.com/compatible-mode/v1/files/file-fe-145dcb6a4a06403aaf385c98 "HTTP/1.1 200 OK"
2026-04-21 14:10:28,586 - httpx - INFO - HTTP Request: DELETE https://dashscope.aliyuncs.com/compatible-mode/v1/files/file-fe-e9678514f5aa4d5ebadbb3cf "HTTP/1.1 200 OK"
2026-04-21 14:10:28,897 - httpx - INFO - HTTP Request: POST https://dashscope.aliyuncs.com/compatible-mode/v1/chat/completions "HTTP/1.1 200 OK"
2026-04-21 14:10:28,897 - httpx - INFO - HTTP Request: POST https://dashscope.aliyuncs.com/compatible-mode/v1/files "HTTP/1.1 200 OK"
2026-04-21 14:10:28,898 - ai_service_enhanced - INFO - 文件上传成功: C:\Users\chenkk\Desktop\新建文件夹\净资产收益率和每股收益\300563-2026-04-21-神宇股份-2025年年度报告_mgsy.pdf (文件ID: file-fe-a5d9a7150e554e64bbab6b55)
2026-04-21 14:10:28,899 - httpx - INFO - HTTP Request: POST https://dashscope.aliyuncs.com/compatible-mode/v1/files "HTTP/1.1 200 OK"
2026-04-21 14:10:28,899 - __main___file_only - INFO - 上传文件: 300563-2026-04-21-神宇股份-2025年年度报告_mgsy.pdf (大小: 0.31 MB, ID: file-fe-a5d9a7150e554e64bbab6b55)
2026-04-21 14:10:28,899 - ai_service_enhanced - INFO - 文件上传成功: C:\Users\chenkk\Desktop\新建文件夹\300563-2026-04-21-神宇股份-2025年年度报告.pdf (文件ID: file-fe-75dd0e59d3cf4d18baa81327)
2026-04-21 14:10:28,899 - __main___file_only - INFO - 上传文件: 300563-2026-04-21-神宇股份-2025年年度报告.pdf (大小: 0.29 MB, ID: file-fe-75dd0e59d3cf4d18baa81327)
2026-04-21 14:10:28,983 - __main___file_only - INFO - 找到数据: 300240 2026-04-21 (3条)
2026-04-21 14:10:28,983 - __main__ - INFO - 处理成功: 300240-2026-04-21
2026-04-21 14:10:28,983 - __main___file_only - INFO - 处理成功: C:\Users\chenkk\Desktop\新建文件夹\300240-2026-04-21-飞力达-2025年年度报告.pdf (耗时: 29.88秒)
2026-04-21 14:10:29,046 - __main__ - INFO - 开始处理: C:\Users\chenkk\Desktop\新建文件夹\300563-2026-04-21-神宇股份-2025年年度报告.pdf
2026-04-21 14:10:29,366 - httpx - INFO - HTTP Request: DELETE https://dashscope.aliyuncs.com/compatible-mode/v1/files/file-fe-f8f29596578349cbadce27fa "HTTP/1.1 200 OK"
2026-04-21 14:10:29,668 - httpx - INFO - HTTP Request: DELETE https://dashscope.aliyuncs.com/compatible-mode/v1/files/file-fe-a9bf5aa310b94d78b25b3a46 "HTTP/1.1 200 OK"
2026-04-21 14:10:29,801 - httpx - INFO - HTTP Request: POST https://dashscope.aliyuncs.com/compatible-mode/v1/chat/completions "HTTP/1.1 200 OK"
2026-04-21 14:10:29,874 - __main___file_only - INFO - 找到数据: 300258 2026-04-21 (3条)
2026-04-21 14:10:29,874 - __main__ - INFO - 处理成功: 300258-2026-04-21
2026-04-21 14:10:29,874 - __main___file_only - INFO - 处理成功: C:\Users\chenkk\Desktop\新建文件夹\300258-2026-04-21-精锻科技-2025年年度报告.pdf (耗时: 28.51秒)
2026-04-21 14:10:30,220 - httpx - INFO - HTTP Request: POST https://dashscope.aliyuncs.com/compatible-mode/v1/chat/completions "HTTP/1.1 200 OK"
2026-04-21 14:10:30,351 - httpx - INFO - HTTP Request: DELETE https://dashscope.aliyuncs.com/compatible-mode/v1/files/file-fe-9ff9f53f00aa488ba1892fa8 "HTTP/1.1 200 OK"
2026-04-21 14:10:30,497 - httpx - INFO - HTTP Request: DELETE https://dashscope.aliyuncs.com/compatible-mode/v1/files/file-fe-5123f92c05dc47b7a9335d74 "HTTP/1.1 200 OK"
2026-04-21 14:10:31,025 - httpx - INFO - HTTP Request: POST https://dashscope.aliyuncs.com/compatible-mode/v1/files "HTTP/1.1 200 OK"
2026-04-21 14:10:31,025 - ai_service_enhanced - INFO - 文件上传成功: C:\Users\chenkk\Desktop\新建文件夹\净资产收益率和每股收益\300575-2026-04-21-中旗股份-2025年年度报告_mgsy.pdf (文件ID: file-fe-8d8f8351b98b4eaea0a4a291)
2026-04-21 14:10:31,025 - __main___file_only - INFO - 上传文件: 300575-2026-04-21-中旗股份-2025年年度报告_mgsy.pdf (大小: 0.33 MB, ID: file-fe-8d8f8351b98b4eaea0a4a291)
2026-04-21 14:10:31,092 - httpx - INFO - HTTP Request: POST https://dashscope.aliyuncs.com/compatible-mode/v1/files "HTTP/1.1 200 OK"
2026-04-21 14:10:31,093 - ai_service_enhanced - INFO - 文件上传成功: C:\Users\chenkk\Desktop\新建文件夹\300575-2026-04-21-中旗股份-2025年年度报告.pdf (文件ID: file-fe-1340b657e6ca49b986869292)
2026-04-21 14:10:31,093 - __main___file_only - INFO - 上传文件: 300575-2026-04-21-中旗股份-2025年年度报告.pdf (大小: 0.34 MB, ID: file-fe-1340b657e6ca49b986869292)
2026-04-21 14:10:31,093 - __main__ - INFO - 开始处理: C:\Users\chenkk\Desktop\新建文件夹\300575-2026-04-21-中旗股份-2025年年度报告.pdf
2026-04-21 14:10:31,120 - httpx - INFO - HTTP Request: DELETE https://dashscope.aliyuncs.com/compatible-mode/v1/files/file-fe-902331927dc14776b4965094 "HTTP/1.1 200 OK"
2026-04-21 14:10:32,217 - httpx - INFO - HTTP Request: POST https://dashscope.aliyuncs.com/compatible-mode/v1/chat/completions "HTTP/1.1 200 OK"
2026-04-21 14:10:32,620 - httpx - INFO - HTTP Request: POST https://dashscope.aliyuncs.com/compatible-mode/v1/chat/completions "HTTP/1.1 200 OK"
2026-04-21 14:10:32,695 - __main___file_only - INFO - 找到数据: 300435 2026-04-21 (3条)
2026-04-21 14:10:32,695 - __main__ - INFO - 处理成功: 300435-2026-04-21
2026-04-21 14:10:32,695 - __main___file_only - INFO - 处理成功: C:\Users\chenkk\Desktop\新建文件夹\300435-2026-04-21-中泰股份-2025年年度报告.pdf (耗时: 20.63秒)
2026-04-21 14:10:33,128 - httpx - INFO - HTTP Request: POST https://dashscope.aliyuncs.com/compatible-mode/v1/files "HTTP/1.1 200 OK"
2026-04-21 14:10:33,128 - ai_service_enhanced - INFO - 文件上传成功: C:\Users\chenkk\Desktop\新建文件夹\净资产收益率和每股收益\300593-2026-04-21-新雷能-2025年年度报告_mgsy.pdf (文件ID: file-fe-b16958d6a6824d109d0edf8b)
2026-04-21 14:10:33,128 - __main___file_only - INFO - 上传文件: 300593-2026-04-21-新雷能-2025年年度报告_mgsy.pdf (大小: 0.26 MB, ID: file-fe-b16958d6a6824d109d0edf8b)
2026-04-21 14:10:33,172 - httpx - INFO - HTTP Request: POST https://dashscope.aliyuncs.com/compatible-mode/v1/files "HTTP/1.1 200 OK"
2026-04-21 14:10:33,172 - ai_service_enhanced - INFO - 文件上传成功: C:\Users\chenkk\Desktop\新建文件夹\300593-2026-04-21-新雷能-2025年年度报告.pdf (文件ID: file-fe-36e11ccd40f24fe7a30ccaf1)
2026-04-21 14:10:33,173 - __main___file_only - INFO - 上传文件: 300593-2026-04-21-新雷能-2025年年度报告.pdf (大小: 0.26 MB, ID: file-fe-36e11ccd40f24fe7a30ccaf1)
2026-04-21 14:10:33,173 - __main__ - INFO - 开始处理: C:\Users\chenkk\Desktop\新建文件夹\300593-2026-04-21-新雷能-2025年年度报告.pdf
2026-04-21 14:10:33,244 - httpx - INFO - HTTP Request: POST https://dashscope.aliyuncs.com/compatible-mode/v1/chat/completions "HTTP/1.1 200 OK"
2026-04-21 14:10:33,477 - httpx - INFO - HTTP Request: DELETE https://dashscope.aliyuncs.com/compatible-mode/v1/files/file-fe-ac35dedf95684f0f8e5e3166 "HTTP/1.1 200 OK"
2026-04-21 14:10:34,155 - httpx - INFO - HTTP Request: DELETE https://dashscope.aliyuncs.com/compatible-mode/v1/files/file-fe-6e735d72d2324ab287756bc7 "HTTP/1.1 200 OK"
2026-04-21 14:10:34,162 - httpx - INFO - HTTP Request: POST https://dashscope.aliyuncs.com/compatible-mode/v1/chat/completions "HTTP/1.1 200 OK"
2026-04-21 14:10:34,235 - __main___file_only - INFO - 找到数据: 300503 2026-04-21 (3条)
2026-04-21 14:10:34,235 - __main__ - INFO - 处理成功: 300503-2026-04-21
2026-04-21 14:10:34,235 - __main___file_only - INFO - 处理成功: C:\Users\chenkk\Desktop\新建文件夹\300503-2026-04-21-昊志机电-2025年年度报告.pdf (耗时: 20.06秒)
2026-04-21 14:10:34,659 - httpx - INFO - HTTP Request: POST https://dashscope.aliyuncs.com/compatible-mode/v1/chat/completions "HTTP/1.1 200 OK"
2026-04-21 14:10:34,745 - __main___file_only - INFO - 找到数据: 300285 2026-04-21 (3条)
2026-04-21 14:10:34,745 - __main__ - INFO - 处理成功: 300285-2026-04-21
2026-04-21 14:10:34,745 - __main___file_only - INFO - 处理成功: C:\Users\chenkk\Desktop\新建文件夹\300285-2026-04-21-国瓷材料-2025年年度报告.pdf (耗时: 30.75秒)
2026-04-21 14:10:34,953 - httpx - INFO - HTTP Request: DELETE https://dashscope.aliyuncs.com/compatible-mode/v1/files/file-fe-04d09332deea47ceab06074e "HTTP/1.1 200 OK"
2026-04-21 14:10:35,213 - httpx - INFO - HTTP Request: POST https://dashscope.aliyuncs.com/compatible-mode/v1/files "HTTP/1.1 200 OK"
2026-04-21 14:10:35,214 - ai_service_enhanced - INFO - 文件上传成功: C:\Users\chenkk\Desktop\新建文件夹\300617-2026-04-21-安靠智电-2025年年度报告.pdf (文件ID: file-fe-86518deaf2e84107b80d25d4)
2026-04-21 14:10:35,214 - __main___file_only - INFO - 上传文件: 300617-2026-04-21-安靠智电-2025年年度报告.pdf (大小: 0.30 MB, ID: file-fe-86518deaf2e84107b80d25d4)
2026-04-21 14:10:35,328 - httpx - INFO - HTTP Request: POST https://dashscope.aliyuncs.com/compatible-mode/v1/chat/completions "HTTP/1.1 200 OK"
2026-04-21 14:10:35,348 - httpx - INFO - HTTP Request: DELETE https://dashscope.aliyuncs.com/compatible-mode/v1/files/file-fe-7d690bced8d34e9d8f4064e4 "HTTP/1.1 200 OK"
2026-04-21 14:10:35,438 - httpx - INFO - HTTP Request: POST https://dashscope.aliyuncs.com/compatible-mode/v1/files "HTTP/1.1 200 OK"
2026-04-21 14:10:35,439 - ai_service_enhanced - INFO - 文件上传成功: C:\Users\chenkk\Desktop\新建文件夹\净资产收益率和每股收益\300617-2026-04-21-安靠智电-2025年年度报告_mgsy.pdf (文件ID: file-fe-955e9995465940efa6ceec39)
2026-04-21 14:10:35,439 - __main___file_only - INFO - 上传文件: 300617-2026-04-21-安靠智电-2025年年度报告_mgsy.pdf (大小: 0.29 MB, ID: file-fe-955e9995465940efa6ceec39)
2026-04-21 14:10:35,537 - __main__ - INFO - 开始处理: C:\Users\chenkk\Desktop\新建文件夹\300617-2026-04-21-安靠智电-2025年年度报告.pdf
2026-04-21 14:10:35,635 - httpx - INFO - HTTP Request: DELETE https://dashscope.aliyuncs.com/compatible-mode/v1/files/file-fe-d230874fe8dd4f4480ff007d "HTTP/1.1 200 OK"
2026-04-21 14:10:35,770 - httpx - INFO - HTTP Request: POST https://dashscope.aliyuncs.com/compatible-mode/v1/chat/completions "HTTP/1.1 200 OK"
2026-04-21 14:10:35,836 - __main___file_only - INFO - 找到数据: 300319 2026-04-21 (3条)
2026-04-21 14:10:35,836 - __main__ - INFO - 处理成功: 300319-2026-04-21
2026-04-21 14:10:35,836 - __main___file_only - INFO - 处理成功: C:\Users\chenkk\Desktop\新建文件夹\300319-2026-04-21-麦捷科技-2025年年度报告.pdf (耗时: 30.33秒)
2026-04-21 14:10:36,116 - httpx - INFO - HTTP Request: DELETE https://dashscope.aliyuncs.com/compatible-mode/v1/files/file-fe-8a62b372dc854208a5d27ca2 "HTTP/1.1 200 OK"
2026-04-21 14:10:36,504 - httpx - INFO - HTTP Request: DELETE https://dashscope.aliyuncs.com/compatible-mode/v1/files/file-fe-b12d8e9b6903485da4264c80 "HTTP/1.1 200 OK"
2026-04-21 14:10:37,043 - httpx - INFO - HTTP Request: DELETE https://dashscope.aliyuncs.com/compatible-mode/v1/files/file-fe-c9d7b34763c44414b7f6e1ba "HTTP/1.1 200 OK"
2026-04-21 14:10:37,388 - httpx - INFO - HTTP Request: POST https://dashscope.aliyuncs.com/compatible-mode/v1/files "HTTP/1.1 200 OK"
2026-04-21 14:10:37,389 - ai_service_enhanced - INFO - 文件上传成功: C:\Users\chenkk\Desktop\新建文件夹\净资产收益率和每股收益\300668-2026-04-21-杰恩设计-2025年年度报告_mgsy.pdf (文件ID: file-fe-36f58caaa2044d2aa4919780)
2026-04-21 14:10:37,389 - __main___file_only - INFO - 上传文件: 300668-2026-04-21-杰恩设计-2025年年度报告_mgsy.pdf (大小: 0.29 MB, ID: file-fe-36f58caaa2044d2aa4919780)
2026-04-21 14:10:37,449 - httpx - INFO - HTTP Request: POST https://dashscope.aliyuncs.com/compatible-mode/v1/files "HTTP/1.1 200 OK"
2026-04-21 14:10:37,450 - ai_service_enhanced - INFO - 文件上传成功: C:\Users\chenkk\Desktop\新建文件夹\300668-2026-04-21-杰恩设计-2025年年度报告.pdf (文件ID: file-fe-a592e0197225476db907a9db)
2026-04-21 14:10:37,450 - __main___file_only - INFO - 上传文件: 300668-2026-04-21-杰恩设计-2025年年度报告.pdf (大小: 0.29 MB, ID: file-fe-a592e0197225476db907a9db)
2026-04-21 14:10:37,540 - __main__ - INFO - 开始处理: C:\Users\chenkk\Desktop\新建文件夹\300668-2026-04-21-杰恩设计-2025年年度报告.pdf
2026-04-21 14:10:38,396 - httpx - INFO - HTTP Request: POST https://dashscope.aliyuncs.com/compatible-mode/v1/chat/completions "HTTP/1.1 200 OK"
2026-04-21 14:10:38,474 - __main___file_only - INFO - 找到数据: 300354 2026-04-21 (3条)
2026-04-21 14:10:38,475 - __main__ - INFO - 处理成功: 300354-2026-04-21
2026-04-21 14:10:38,475 - __main___file_only - INFO - 处理成功: C:\Users\chenkk\Desktop\新建文件夹\300354-2026-04-21-东华测试-2025年年度报告.pdf (耗时: 30.90秒)
2026-04-21 14:10:39,067 - httpx - INFO - HTTP Request: DELETE https://dashscope.aliyuncs.com/compatible-mode/v1/files/file-fe-94adfcd520e24e68a2810d98 "HTTP/1.1 200 OK"
2026-04-21 14:10:39,555 - httpx - INFO - HTTP Request: POST https://dashscope.aliyuncs.com/compatible-mode/v1/files "HTTP/1.1 200 OK"
2026-04-21 14:10:39,555 - ai_service_enhanced - INFO - 文件上传成功: C:\Users\chenkk\Desktop\新建文件夹\净资产收益率和每股收益\300690-2026-04-21-双一科技-2025年年度报告_mgsy.pdf (文件ID: file-fe-895307f54a414f3dbc7db689)
2026-04-21 14:10:39,555 - __main___file_only - INFO - 上传文件: 300690-2026-04-21-双一科技-2025年年度报告_mgsy.pdf (大小: 0.32 MB, ID: file-fe-895307f54a414f3dbc7db689)
2026-04-21 14:10:39,639 - httpx - INFO - HTTP Request: POST https://dashscope.aliyuncs.com/compatible-mode/v1/files "HTTP/1.1 200 OK"
2026-04-21 14:10:39,640 - ai_service_enhanced - INFO - 文件上传成功: C:\Users\chenkk\Desktop\新建文件夹\300690-2026-04-21-双一科技-2025年年度报告.pdf (文件ID: file-fe-e9c857c39a12482b9f8972e3)
2026-04-21 14:10:39,640 - __main___file_only - INFO - 上传文件: 300690-2026-04-21-双一科技-2025年年度报告.pdf (大小: 0.32 MB, ID: file-fe-e9c857c39a12482b9f8972e3)
2026-04-21 14:10:39,640 - __main__ - INFO - 开始处理: C:\Users\chenkk\Desktop\新建文件夹\300690-2026-04-21-双一科技-2025年年度报告.pdf
2026-04-21 14:10:39,701 - httpx - INFO - HTTP Request: POST https://dashscope.aliyuncs.com/compatible-mode/v1/chat/completions "HTTP/1.1 200 OK"
2026-04-21 14:10:39,741 - httpx - INFO - HTTP Request: DELETE https://dashscope.aliyuncs.com/compatible-mode/v1/files/file-fe-e2b8be6c271744a1b4deea02 "HTTP/1.1 200 OK"
2026-04-21 14:10:39,781 - httpx - INFO - HTTP Request: POST https://dashscope.aliyuncs.com/compatible-mode/v1/chat/completions "HTTP/1.1 200 OK"
2026-04-21 14:10:40,132 - httpx - INFO - HTTP Request: POST https://dashscope.aliyuncs.com/compatible-mode/v1/chat/completions "HTTP/1.1 200 OK"
2026-04-21 14:10:40,199 - __main___file_only - INFO - 找到数据: 300377 2026-04-21 (3条)
2026-04-21 14:10:40,200 - __main__ - INFO - 处理成功: 300377-2026-04-21
2026-04-21 14:10:40,200 - __main___file_only - INFO - 处理成功: C:\Users\chenkk\Desktop\新建文件夹\300377-2026-04-21-赢时胜-2025年年度报告.pdf (耗时: 30.24秒)
2026-04-21 14:10:40,873 - httpx - INFO - HTTP Request: DELETE https://dashscope.aliyuncs.com/compatible-mode/v1/files/file-fe-3d1ab9b5654448bcbd9c65fe "HTTP/1.1 200 OK"
2026-04-21 14:10:41,558 - httpx - INFO - HTTP Request: DELETE https://dashscope.aliyuncs.com/compatible-mode/v1/files/file-fe-753c4e8d00b34af59ea3511c "HTTP/1.1 200 OK"
2026-04-21 14:10:41,723 - httpx - INFO - HTTP Request: POST https://dashscope.aliyuncs.com/compatible-mode/v1/files "HTTP/1.1 200 OK"
2026-04-21 14:10:41,724 - ai_service_enhanced - INFO - 文件上传成功: C:\Users\chenkk\Desktop\新建文件夹\300743-2026-04-21-天地数码-2025年年度报告.pdf (文件ID: file-fe-ea3674e5c5604b218f8745eb)
2026-04-21 14:10:41,724 - __main___file_only - INFO - 上传文件: 300743-2026-04-21-天地数码-2025年年度报告.pdf (大小: 0.34 MB, ID: file-fe-ea3674e5c5604b218f8745eb)
2026-04-21 14:10:41,782 - httpx - INFO - HTTP Request: POST https://dashscope.aliyuncs.com/compatible-mode/v1/files "HTTP/1.1 200 OK"
2026-04-21 14:10:41,783 - ai_service_enhanced - INFO - 文件上传成功: C:\Users\chenkk\Desktop\新建文件夹\净资产收益率和每股收益\300743-2026-04-21-天地数码-2025年年度报告_mgsy.pdf (文件ID: file-fe-fa6e68d135d240cdbd2440b0)
2026-04-21 14:10:41,783 - __main___file_only - INFO - 上传文件: 300743-2026-04-21-天地数码-2025年年度报告_mgsy.pdf (大小: 0.31 MB, ID: file-fe-fa6e68d135d240cdbd2440b0)
2026-04-21 14:10:41,854 - httpx - INFO - HTTP Request: POST https://dashscope.aliyuncs.com/compatible-mode/v1/chat/completions "HTTP/1.1 200 OK"
2026-04-21 14:10:42,014 - __main__ - INFO - 开始处理: C:\Users\chenkk\Desktop\新建文件夹\300743-2026-04-21-天地数码-2025年年度报告.pdf
2026-04-21 14:10:43,727 - httpx - INFO - HTTP Request: POST https://dashscope.aliyuncs.com/compatible-mode/v1/files "HTTP/1.1 200 OK"
2026-04-21 14:10:43,728 - ai_service_enhanced - INFO - 文件上传成功: C:\Users\chenkk\Desktop\新建文件夹\净资产收益率和每股收益\300801-2026-04-21-泰和科技-2025年年度报告_mgsy.pdf (文件ID: file-fe-b8054f5b0d5c4db08c6ba256)
2026-04-21 14:10:43,728 - __main___file_only - INFO - 上传文件: 300801-2026-04-21-泰和科技-2025年年度报告_mgsy.pdf (大小: 0.37 MB, ID: file-fe-b8054f5b0d5c4db08c6ba256)
2026-04-21 14:10:43,882 - httpx - INFO - HTTP Request: POST https://dashscope.aliyuncs.com/compatible-mode/v1/files "HTTP/1.1 200 OK"
2026-04-21 14:10:43,883 - ai_service_enhanced - INFO - 文件上传成功: C:\Users\chenkk\Desktop\新建文件夹\300801-2026-04-21-泰和科技-2025年年度报告.pdf (文件ID: file-fe-4993b4b1087c43558368ac17)
2026-04-21 14:10:43,883 - __main___file_only - INFO - 上传文件: 300801-2026-04-21-泰和科技-2025年年度报告.pdf (大小: 0.37 MB, ID: file-fe-4993b4b1087c43558368ac17)
2026-04-21 14:10:44,120 - __main__ - INFO - 开始处理: C:\Users\chenkk\Desktop\新建文件夹\300801-2026-04-21-泰和科技-2025年年度报告.pdf
2026-04-21 14:10:44,372 - httpx - INFO - HTTP Request: POST https://dashscope.aliyuncs.com/compatible-mode/v1/chat/completions "HTTP/1.1 200 OK"
2026-04-21 14:10:44,437 - __main___file_only - INFO - 找到数据: 300514 2026-04-21 (3条)
2026-04-21 14:10:44,437 - __main__ - INFO - 处理成功: 300514-2026-04-21
2026-04-21 14:10:44,437 - __main___file_only - INFO - 处理成功: C:\Users\chenkk\Desktop\新建文件夹\300514-2026-04-21-友讯达-2025年年度报告.pdf (耗时: 28.26秒)
2026-04-21 14:10:45,019 - httpx - INFO - HTTP Request: POST https://dashscope.aliyuncs.com/compatible-mode/v1/chat/completions "HTTP/1.1 200 OK"
2026-04-21 14:10:45,041 - httpx - INFO - HTTP Request: DELETE https://dashscope.aliyuncs.com/compatible-mode/v1/files/file-fe-6e270b8eb0484aa5b3d9c62a "HTTP/1.1 200 OK"
2026-04-21 14:10:45,620 - httpx - INFO - HTTP Request: DELETE https://dashscope.aliyuncs.com/compatible-mode/v1/files/file-fe-586a1525525348db97f8b2e1 "HTTP/1.1 200 OK"
2026-04-21 14:10:45,868 - httpx - INFO - HTTP Request: POST https://dashscope.aliyuncs.com/compatible-mode/v1/files "HTTP/1.1 200 OK"
2026-04-21 14:10:45,868 - ai_service_enhanced - INFO - 文件上传成功: C:\Users\chenkk\Desktop\新建文件夹\300841-2026-04-21-康华生物-2025年年度报告.pdf (文件ID: file-fe-fbff651642ff4e64b1e7d333)
2026-04-21 14:10:45,869 - __main___file_only - INFO - 上传文件: 300841-2026-04-21-康华生物-2025年年度报告.pdf (大小: 0.41 MB, ID: file-fe-fbff651642ff4e64b1e7d333)
2026-04-21 14:10:45,942 - httpx - INFO - HTTP Request: POST https://dashscope.aliyuncs.com/compatible-mode/v1/chat/completions "HTTP/1.1 200 OK"
2026-04-21 14:10:46,050 - httpx - INFO - HTTP Request: POST https://dashscope.aliyuncs.com/compatible-mode/v1/files "HTTP/1.1 200 OK"
2026-04-21 14:10:46,050 - ai_service_enhanced - INFO - 文件上传成功: C:\Users\chenkk\Desktop\新建文件夹\净资产收益率和每股收益\300841-2026-04-21-康华生物-2025年年度报告_mgsy.pdf (文件ID: file-fe-a5c39f1263a44ddc8ef441e4)
2026-04-21 14:10:46,050 - __main___file_only - INFO - 上传文件: 300841-2026-04-21-康华生物-2025年年度报告_mgsy.pdf (大小: 0.45 MB, ID: file-fe-a5c39f1263a44ddc8ef441e4)
2026-04-21 14:10:46,236 - __main__ - INFO - 开始处理: C:\Users\chenkk\Desktop\新建文件夹\300841-2026-04-21-康华生物-2025年年度报告.pdf
2026-04-21 14:10:47,735 - httpx - INFO - HTTP Request: POST https://dashscope.aliyuncs.com/compatible-mode/v1/chat/completions "HTTP/1.1 200 OK"
2026-04-21 14:10:47,804 - __main___file_only - INFO - 找到数据: 300523 2026-04-21 (3条)
2026-04-21 14:10:47,804 - __main__ - INFO - 处理成功: 300523-2026-04-21
2026-04-21 14:10:47,805 - __main___file_only - INFO - 处理成功: C:\Users\chenkk\Desktop\新建文件夹\300523-2026-04-21-辰安科技-2025年年度报告.pdf (耗时: 25.24秒)
2026-04-21 14:10:48,159 - httpx - INFO - HTTP Request: POST https://dashscope.aliyuncs.com/compatible-mode/v1/files "HTTP/1.1 200 OK"
2026-04-21 14:10:48,159 - ai_service_enhanced - INFO - 文件上传成功: C:\Users\chenkk\Desktop\新建文件夹\净资产收益率和每股收益\300880-2026-04-21-迦南智能-2025年年度报告_mgsy.pdf (文件ID: file-fe-db366c5aaa65497d95f83ab6)
2026-04-21 14:10:48,159 - __main___file_only - INFO - 上传文件: 300880-2026-04-21-迦南智能-2025年年度报告_mgsy.pdf (大小: 0.33 MB, ID: file-fe-db366c5aaa65497d95f83ab6)
2026-04-21 14:10:48,174 - httpx - INFO - HTTP Request: POST https://dashscope.aliyuncs.com/compatible-mode/v1/files "HTTP/1.1 200 OK"
2026-04-21 14:10:48,175 - ai_service_enhanced - INFO - 文件上传成功: C:\Users\chenkk\Desktop\新建文件夹\300880-2026-04-21-迦南智能-2025年年度报告.pdf (文件ID: file-fe-f4ac97fb608c477b80224be8)
2026-04-21 14:10:48,175 - __main___file_only - INFO - 上传文件: 300880-2026-04-21-迦南智能-2025年年度报告.pdf (大小: 0.34 MB, ID: file-fe-f4ac97fb608c477b80224be8)
2026-04-21 14:10:48,229 - __main__ - INFO - 开始处理: C:\Users\chenkk\Desktop\新建文件夹\300880-2026-04-21-迦南智能-2025年年度报告.pdf
2026-04-21 14:10:48,458 - httpx - INFO - HTTP Request: DELETE https://dashscope.aliyuncs.com/compatible-mode/v1/files/file-fe-b30e6101293844728edf4b87 "HTTP/1.1 200 OK"
2026-04-21 14:10:48,736 - httpx - INFO - HTTP Request: POST https://dashscope.aliyuncs.com/compatible-mode/v1/chat/completions "HTTP/1.1 200 OK"
2026-04-21 14:10:48,808 - __main___file_only - INFO - 找到数据: 300515 2026-04-21 (3条)
2026-04-21 14:10:48,808 - __main__ - INFO - 处理成功: 300515-2026-04-21
2026-04-21 14:10:48,808 - __main___file_only - INFO - 处理成功: C:\Users\chenkk\Desktop\新建文件夹\300515-2026-04-21-三德科技-2025年年度报告.pdf (耗时: 30.26秒)
2026-04-21 14:10:48,932 - httpx - INFO - HTTP Request: POST https://dashscope.aliyuncs.com/compatible-mode/v1/chat/completions "HTTP/1.1 200 OK"
2026-04-21 14:10:49,210 - httpx - INFO - HTTP Request: DELETE https://dashscope.aliyuncs.com/compatible-mode/v1/files/file-fe-0d174b60633849d389f262c2 "HTTP/1.1 200 OK"
2026-04-21 14:10:49,380 - httpx - INFO - HTTP Request: DELETE https://dashscope.aliyuncs.com/compatible-mode/v1/files/file-fe-7873845e28314d3592fac499 "HTTP/1.1 200 OK"
2026-04-21 14:10:49,478 - httpx - INFO - HTTP Request: POST https://dashscope.aliyuncs.com/compatible-mode/v1/chat/completions "HTTP/1.1 200 OK"
2026-04-21 14:10:49,546 - __main___file_only - INFO - 找到数据: 300533 2026-04-21 (3条)
2026-04-21 14:10:49,546 - __main__ - INFO - 处理成功: 300533-2026-04-21
2026-04-21 14:10:49,546 - __main___file_only - INFO - 处理成功: C:\Users\chenkk\Desktop\新建文件夹\300533-2026-04-21-冰川网络-2025年年度报告.pdf (耗时: 24.61秒)
2026-04-21 14:10:49,548 - httpx - INFO - HTTP Request: POST https://dashscope.aliyuncs.com/compatible-mode/v1/chat/completions "HTTP/1.1 200 OK"
2026-04-21 14:10:49,613 - __main___file_only - INFO - 找到数据: 300563 2026-04-21 (3条)
2026-04-21 14:10:49,613 - __main__ - INFO - 处理成功: 300563-2026-04-21
2026-04-21 14:10:49,613 - __main___file_only - INFO - 处理成功: C:\Users\chenkk\Desktop\新建文件夹\300563-2026-04-21-神宇股份-2025年年度报告.pdf (耗时: 20.57秒)
2026-04-21 14:10:49,914 - httpx - INFO - HTTP Request: POST https://dashscope.aliyuncs.com/compatible-mode/v1/chat/completions "HTTP/1.1 200 OK"
2026-04-21 14:10:49,986 - __main___file_only - INFO - 找到数据: 300519 2026-04-21 (3条)
2026-04-21 14:10:49,986 - __main__ - INFO - 处理成功: 300519-2026-04-21
2026-04-21 14:10:49,986 - __main___file_only - INFO - 处理成功: C:\Users\chenkk\Desktop\新建文件夹\300519-2026-04-21-新光药业-2025年年度报告.pdf (耗时: 29.44秒)
2026-04-21 14:10:50,099 - httpx - INFO - HTTP Request: DELETE https://dashscope.aliyuncs.com/compatible-mode/v1/files/file-fe-b56362a79c75405f9bdb0f2e "HTTP/1.1 200 OK"
2026-04-21 14:10:50,130 - httpx - INFO - HTTP Request: DELETE https://dashscope.aliyuncs.com/compatible-mode/v1/files/file-fe-cb60eedf02fc4e778db61472 "HTTP/1.1 200 OK"
2026-04-21 14:10:50,194 - httpx - INFO - HTTP Request: DELETE https://dashscope.aliyuncs.com/compatible-mode/v1/files/file-fe-a5d9a7150e554e64bbab6b55 "HTTP/1.1 200 OK"
2026-04-21 14:10:50,197 - httpx - INFO - HTTP Request: POST https://dashscope.aliyuncs.com/compatible-mode/v1/files "HTTP/1.1 200 OK"
2026-04-21 14:10:50,197 - ai_service_enhanced - INFO - 文件上传成功: C:\Users\chenkk\Desktop\新建文件夹\净资产收益率和每股收益\300891-2026-04-21-惠云钛业-2025年年度报告_mgsy.pdf (文件ID: file-fe-eeafbe571da342bcb8cc26aa)
2026-04-21 14:10:50,197 - __main___file_only - INFO - 上传文件: 300891-2026-04-21-惠云钛业-2025年年度报告_mgsy.pdf (大小: 0.53 MB, ID: file-fe-eeafbe571da342bcb8cc26aa)
2026-04-21 14:10:50,421 - httpx - INFO - HTTP Request: POST https://dashscope.aliyuncs.com/compatible-mode/v1/files "HTTP/1.1 200 OK"
2026-04-21 14:10:50,422 - ai_service_enhanced - INFO - 文件上传成功: C:\Users\chenkk\Desktop\新建文件夹\300891-2026-04-21-惠云钛业-2025年年度报告.pdf (文件ID: file-fe-76314879d87a4191bbcecd66)
2026-04-21 14:10:50,422 - __main___file_only - INFO - 上传文件: 300891-2026-04-21-惠云钛业-2025年年度报告.pdf (大小: 0.54 MB, ID: file-fe-76314879d87a4191bbcecd66)
2026-04-21 14:10:50,556 - httpx - INFO - HTTP Request: POST https://dashscope.aliyuncs.com/compatible-mode/v1/chat/completions "HTTP/1.1 200 OK"
2026-04-21 14:10:50,604 - __main__ - INFO - 开始处理: C:\Users\chenkk\Desktop\新建文件夹\300891-2026-04-21-惠云钛业-2025年年度报告.pdf
2026-04-21 14:10:50,766 - httpx - INFO - HTTP Request: DELETE https://dashscope.aliyuncs.com/compatible-mode/v1/files/file-fe-0340e4d6d3984f90928620fd "HTTP/1.1 200 OK"
2026-04-21 14:10:50,781 - httpx - INFO - HTTP Request: DELETE https://dashscope.aliyuncs.com/compatible-mode/v1/files/file-fe-8ade98b17c284525924bfc7f "HTTP/1.1 200 OK"
2026-04-21 14:10:50,864 - httpx - INFO - HTTP Request: DELETE https://dashscope.aliyuncs.com/compatible-mode/v1/files/file-fe-75dd0e59d3cf4d18baa81327 "HTTP/1.1 200 OK"
2026-04-21 14:10:51,301 - httpx - INFO - HTTP Request: DELETE https://dashscope.aliyuncs.com/compatible-mode/v1/files/file-fe-7361de53bb234c04babe5042 "HTTP/1.1 200 OK"
2026-04-21 14:10:52,322 - httpx - INFO - HTTP Request: POST https://dashscope.aliyuncs.com/compatible-mode/v1/files "HTTP/1.1 200 OK"
2026-04-21 14:10:52,323 - ai_service_enhanced - INFO - 文件上传成功: C:\Users\chenkk\Desktop\新建文件夹\300917-2026-04-21-特发服务-2025年年度报告.pdf (文件ID: file-fe-6b1d708ffd094914af6cf13f)
2026-04-21 14:10:52,323 - __main___file_only - INFO - 上传文件: 300917-2026-04-21-特发服务-2025年年度报告.pdf (大小: 0.27 MB, ID: file-fe-6b1d708ffd094914af6cf13f)
2026-04-21 14:10:52,366 - httpx - INFO - HTTP Request: POST https://dashscope.aliyuncs.com/compatible-mode/v1/files "HTTP/1.1 200 OK"
2026-04-21 14:10:52,367 - ai_service_enhanced - INFO - 文件上传成功: C:\Users\chenkk\Desktop\新建文件夹\净资产收益率和每股收益\300917-2026-04-21-特发服务-2025年年度报告_mgsy.pdf (文件ID: file-fe-8bd427bedf89401387b88fc7)
2026-04-21 14:10:52,367 - __main___file_only - INFO - 上传文件: 300917-2026-04-21-特发服务-2025年年度报告_mgsy.pdf (大小: 0.27 MB, ID: file-fe-8bd427bedf89401387b88fc7)
2026-04-21 14:10:52,368 - __main__ - INFO - 开始处理: C:\Users\chenkk\Desktop\新建文件夹\300917-2026-04-21-特发服务-2025年年度报告.pdf
2026-04-21 14:10:52,693 - httpx - INFO - HTTP Request: POST https://dashscope.aliyuncs.com/compatible-mode/v1/chat/completions "HTTP/1.1 200 OK"
2026-04-21 14:10:54,171 - httpx - INFO - HTTP Request: POST https://dashscope.aliyuncs.com/compatible-mode/v1/chat/completions "HTTP/1.1 200 OK"
2026-04-21 14:10:54,238 - __main___file_only - INFO - 找到数据: 300593 2026-04-21 (3条)
2026-04-21 14:10:54,238 - __main__ - INFO - 处理成功: 300593-2026-04-21
2026-04-21 14:10:54,238 - __main___file_only - INFO - 处理成功: C:\Users\chenkk\Desktop\新建文件夹\300593-2026-04-21-新雷能-2025年年度报告.pdf (耗时: 21.07秒)
2026-04-21 14:10:54,454 - httpx - INFO - HTTP Request: POST https://dashscope.aliyuncs.com/compatible-mode/v1/files "HTTP/1.1 200 OK"
2026-04-21 14:10:54,454 - ai_service_enhanced - INFO - 文件上传成功: C:\Users\chenkk\Desktop\新建文件夹\净资产收益率和每股收益\300927-2026-04-21-江天化学-2025年年度报告_mgsy.pdf (文件ID: file-fe-c433873639344c1cabbe9813)
2026-04-21 14:10:54,455 - __main___file_only - INFO - 上传文件: 300927-2026-04-21-江天化学-2025年年度报告_mgsy.pdf (大小: 0.33 MB, ID: file-fe-c433873639344c1cabbe9813)
2026-04-21 14:10:54,455 - httpx - INFO - HTTP Request: POST https://dashscope.aliyuncs.com/compatible-mode/v1/files "HTTP/1.1 200 OK"
2026-04-21 14:10:54,456 - ai_service_enhanced - INFO - 文件上传成功: C:\Users\chenkk\Desktop\新建文件夹\300927-2026-04-21-江天化学-2025年年度报告.pdf (文件ID: file-fe-56fcf2d3a42549df90ee8cc6)
2026-04-21 14:10:54,456 - __main___file_only - INFO - 上传文件: 300927-2026-04-21-江天化学-2025年年度报告.pdf (大小: 0.33 MB, ID: file-fe-56fcf2d3a42549df90ee8cc6)
2026-04-21 14:10:54,456 - __main__ - INFO - 开始处理: C:\Users\chenkk\Desktop\新建文件夹\300927-2026-04-21-江天化学-2025年年度报告.pdf
2026-04-21 14:10:54,946 - httpx - INFO - HTTP Request: DELETE https://dashscope.aliyuncs.com/compatible-mode/v1/files/file-fe-b16958d6a6824d109d0edf8b "HTTP/1.1 200 OK"
2026-04-21 14:10:55,563 - httpx - INFO - HTTP Request: DELETE https://dashscope.aliyuncs.com/compatible-mode/v1/files/file-fe-36e11ccd40f24fe7a30ccaf1 "HTTP/1.1 200 OK"
2026-04-21 14:10:55,719 - httpx - INFO - HTTP Request: POST https://dashscope.aliyuncs.com/compatible-mode/v1/chat/completions "HTTP/1.1 200 OK"
2026-04-21 14:10:56,549 - httpx - INFO - HTTP Request: POST https://dashscope.aliyuncs.com/compatible-mode/v1/files "HTTP/1.1 200 OK"
2026-04-21 14:10:56,550 - ai_service_enhanced - INFO - 文件上传成功: C:\Users\chenkk\Desktop\新建文件夹\净资产收益率和每股收益\301005-2026-04-21-超捷股份-2025年年度报告_mgsy.pdf (文件ID: file-fe-08776d162a564f66950e44b4)
2026-04-21 14:10:56,550 - __main___file_only - INFO - 上传文件: 301005-2026-04-21-超捷股份-2025年年度报告_mgsy.pdf (大小: 0.36 MB, ID: file-fe-08776d162a564f66950e44b4)
2026-04-21 14:10:56,567 - httpx - INFO - HTTP Request: POST https://dashscope.aliyuncs.com/compatible-mode/v1/files "HTTP/1.1 200 OK"
2026-04-21 14:10:56,567 - ai_service_enhanced - INFO - 文件上传成功: C:\Users\chenkk\Desktop\新建文件夹\301005-2026-04-21-超捷股份-2025年年度报告.pdf (文件ID: file-fe-901f26b5fdcf4b61b08b92fa)
2026-04-21 14:10:56,567 - __main___file_only - INFO - 上传文件: 301005-2026-04-21-超捷股份-2025年年度报告.pdf (大小: 0.36 MB, ID: file-fe-901f26b5fdcf4b61b08b92fa)
2026-04-21 14:10:56,825 - __main__ - INFO - 开始处理: C:\Users\chenkk\Desktop\新建文件夹\301005-2026-04-21-超捷股份-2025年年度报告.pdf
2026-04-21 14:10:56,842 - httpx - INFO - HTTP Request: POST https://dashscope.aliyuncs.com/compatible-mode/v1/chat/completions "HTTP/1.1 200 OK"
2026-04-21 14:10:57,753 - httpx - INFO - HTTP Request: POST https://dashscope.aliyuncs.com/compatible-mode/v1/chat/completions "HTTP/1.1 200 OK"
2026-04-21 14:10:57,817 - __main___file_only - INFO - 找到数据: 300559 2026-04-21 (3条)
2026-04-21 14:10:57,817 - __main__ - INFO - 处理成功: 300559-2026-04-21
2026-04-21 14:10:57,817 - __main___file_only - INFO - 处理成功: C:\Users\chenkk\Desktop\新建文件夹\300559-2026-04-21-佳发教育-2025年年度报告.pdf (耗时: 30.51秒)
2026-04-21 14:10:58,514 - httpx - INFO - HTTP Request: DELETE https://dashscope.aliyuncs.com/compatible-mode/v1/files/file-fe-943a97b263ba4999a17f41ff "HTTP/1.1 200 OK"
2026-04-21 14:10:58,757 - httpx - INFO - HTTP Request: POST https://dashscope.aliyuncs.com/compatible-mode/v1/files "HTTP/1.1 200 OK"
2026-04-21 14:10:58,757 - ai_service_enhanced - INFO - 文件上传成功: C:\Users\chenkk\Desktop\新建文件夹\净资产收益率和每股收益\301041-2026-04-21-金百泽-2025年年度报告_mgsy.pdf (文件ID: file-fe-46632761b8dc4bb3a616ef82)
2026-04-21 14:10:58,757 - __main___file_only - INFO - 上传文件: 301041-2026-04-21-金百泽-2025年年度报告_mgsy.pdf (大小: 0.32 MB, ID: file-fe-46632761b8dc4bb3a616ef82)
2026-04-21 14:10:59,110 - httpx - INFO - HTTP Request: POST https://dashscope.aliyuncs.com/compatible-mode/v1/files "HTTP/1.1 200 OK"
2026-04-21 14:10:59,111 - ai_service_enhanced - INFO - 文件上传成功: C:\Users\chenkk\Desktop\新建文件夹\301041-2026-04-21-金百泽-2025年年度报告.pdf (文件ID: file-fe-f48aaa113de541b7bb185998)
2026-04-21 14:10:59,111 - __main___file_only - INFO - 上传文件: 301041-2026-04-21-金百泽-2025年年度报告.pdf (大小: 0.33 MB, ID: file-fe-f48aaa113de541b7bb185998)
2026-04-21 14:10:59,204 - __main__ - INFO - 开始处理: C:\Users\chenkk\Desktop\新建文件夹\301041-2026-04-21-金百泽-2025年年度报告.pdf
2026-04-21 14:10:59,232 - httpx - INFO - HTTP Request: DELETE https://dashscope.aliyuncs.com/compatible-mode/v1/files/file-fe-c8b9899467514d9793f5546d "HTTP/1.1 200 OK"
2026-04-21 14:11:00,320 - httpx - INFO - HTTP Request: POST https://dashscope.aliyuncs.com/compatible-mode/v1/chat/completions "HTTP/1.1 200 OK"
2026-04-21 14:11:00,747 - httpx - INFO - HTTP Request: POST https://dashscope.aliyuncs.com/compatible-mode/v1/files "HTTP/1.1 200 OK"
2026-04-21 14:11:00,747 - ai_service_enhanced - INFO - 文件上传成功: C:\Users\chenkk\Desktop\新建文件夹\301049-2026-04-21-超越科技-2025年年度报告.pdf (文件ID: file-fe-d743722040bb4310b666f41f)
2026-04-21 14:11:00,748 - __main___file_only - INFO - 上传文件: 301049-2026-04-21-超越科技-2025年年度报告.pdf (大小: 0.29 MB, ID: file-fe-d743722040bb4310b666f41f)
2026-04-21 14:11:00,911 - httpx - INFO - HTTP Request: POST https://dashscope.aliyuncs.com/compatible-mode/v1/files "HTTP/1.1 200 OK"
2026-04-21 14:11:00,911 - ai_service_enhanced - INFO - 文件上传成功: C:\Users\chenkk\Desktop\新建文件夹\净资产收益率和每股收益\301049-2026-04-21-超越科技-2025年年度报告_mgsy.pdf (文件ID: file-fe-e79eec96ec474dadb4165c27)
2026-04-21 14:11:00,912 - __main___file_only - INFO - 上传文件: 301049-2026-04-21-超越科技-2025年年度报告_mgsy.pdf (大小: 0.29 MB, ID: file-fe-e79eec96ec474dadb4165c27)
2026-04-21 14:11:01,048 - __main__ - INFO - 开始处理: C:\Users\chenkk\Desktop\新建文件夹\301049-2026-04-21-超越科技-2025年年度报告.pdf
2026-04-21 14:11:02,383 - httpx - INFO - HTTP Request: POST https://dashscope.aliyuncs.com/compatible-mode/v1/chat/completions "HTTP/1.1 200 OK"
2026-04-21 14:11:02,448 - __main___file_only - INFO - 找到数据: 300575 2026-04-21 (3条)
2026-04-21 14:11:02,448 - __main__ - INFO - 处理成功: 300575-2026-04-21
2026-04-21 14:11:02,448 - __main___file_only - INFO - 处理成功: C:\Users\chenkk\Desktop\新建文件夹\300575-2026-04-21-中旗股份-2025年年度报告.pdf (耗时: 31.35秒)
2026-04-21 14:11:02,991 - httpx - INFO - HTTP Request: POST https://dashscope.aliyuncs.com/compatible-mode/v1/files "HTTP/1.1 200 OK"
2026-04-21 14:11:02,992 - ai_service_enhanced - INFO - 文件上传成功: C:\Users\chenkk\Desktop\新建文件夹\净资产收益率和每股收益\301080-2026-04-21-百普赛斯-2025年年度报告_mgsy.pdf (文件ID: file-fe-b568a041c5f9422e9b42265c)
2026-04-21 14:11:02,992 - __main___file_only - INFO - 上传文件: 301080-2026-04-21-百普赛斯-2025年年度报告_mgsy.pdf (大小: 0.40 MB, ID: file-fe-b568a041c5f9422e9b42265c)
2026-04-21 14:11:03,002 - httpx - INFO - HTTP Request: POST https://dashscope.aliyuncs.com/compatible-mode/v1/files "HTTP/1.1 200 OK"
2026-04-21 14:11:03,003 - ai_service_enhanced - INFO - 文件上传成功: C:\Users\chenkk\Desktop\新建文件夹\301080-2026-04-21-百普赛斯-2025年年度报告.pdf (文件ID: file-fe-b634dc1d5a8b4f89b9f05e84)
2026-04-21 14:11:03,003 - __main___file_only - INFO - 上传文件: 301080-2026-04-21-百普赛斯-2025年年度报告.pdf (大小: 0.41 MB, ID: file-fe-b634dc1d5a8b4f89b9f05e84)
2026-04-21 14:11:03,055 - __main__ - INFO - 开始处理: C:\Users\chenkk\Desktop\新建文件夹\301080-2026-04-21-百普赛斯-2025年年度报告.pdf
2026-04-21 14:11:03,075 - httpx - INFO - HTTP Request: POST https://dashscope.aliyuncs.com/compatible-mode/v1/chat/completions "HTTP/1.1 200 OK"
2026-04-21 14:11:03,125 - httpx - INFO - HTTP Request: DELETE https://dashscope.aliyuncs.com/compatible-mode/v1/files/file-fe-8d8f8351b98b4eaea0a4a291 "HTTP/1.1 200 OK"
2026-04-21 14:11:03,237 - httpx - INFO - HTTP Request: POST https://dashscope.aliyuncs.com/compatible-mode/v1/chat/completions "HTTP/1.1 200 OK"
2026-04-21 14:11:03,721 - httpx - INFO - HTTP Request: DELETE https://dashscope.aliyuncs.com/compatible-mode/v1/files/file-fe-1340b657e6ca49b986869292 "HTTP/1.1 200 OK"
2026-04-21 14:11:05,167 - httpx - INFO - HTTP Request: POST https://dashscope.aliyuncs.com/compatible-mode/v1/files "HTTP/1.1 200 OK"
2026-04-21 14:11:05,168 - ai_service_enhanced - INFO - 文件上传成功: C:\Users\chenkk\Desktop\新建文件夹\净资产收益率和每股收益\301219-2026-04-21-腾远钴业-2025年年度报告_mgsy.pdf (文件ID: file-fe-9a2952a778be47f182bba699)
2026-04-21 14:11:05,168 - __main___file_only - INFO - 上传文件: 301219-2026-04-21-腾远钴业-2025年年度报告_mgsy.pdf (大小: 0.32 MB, ID: file-fe-9a2952a778be47f182bba699)
2026-04-21 14:11:05,209 - httpx - INFO - HTTP Request: POST https://dashscope.aliyuncs.com/compatible-mode/v1/files "HTTP/1.1 200 OK"
2026-04-21 14:11:05,209 - ai_service_enhanced - INFO - 文件上传成功: C:\Users\chenkk\Desktop\新建文件夹\301219-2026-04-21-腾远钴业-2025年年度报告.pdf (文件ID: file-fe-83ba215555194c649614331c)
2026-04-21 14:11:05,210 - __main___file_only - INFO - 上传文件: 301219-2026-04-21-腾远钴业-2025年年度报告.pdf (大小: 0.33 MB, ID: file-fe-83ba215555194c649614331c)
2026-04-21 14:11:05,315 - __main__ - INFO - 开始处理: C:\Users\chenkk\Desktop\新建文件夹\301219-2026-04-21-腾远钴业-2025年年度报告.pdf
2026-04-21 14:11:05,422 - httpx - INFO - HTTP Request: POST https://dashscope.aliyuncs.com/compatible-mode/v1/chat/completions "HTTP/1.1 200 OK"
2026-04-21 14:11:06,047 - httpx - INFO - HTTP Request: POST https://dashscope.aliyuncs.com/compatible-mode/v1/chat/completions "HTTP/1.1 200 OK"
2026-04-21 14:11:06,111 - __main___file_only - INFO - 找到数据: 300617 2026-04-21 (3条)
2026-04-21 14:11:06,111 - __main__ - INFO - 处理成功: 300617-2026-04-21
2026-04-21 14:11:06,111 - __main___file_only - INFO - 处理成功: C:\Users\chenkk\Desktop\新建文件夹\300617-2026-04-21-安靠智电-2025年年度报告.pdf (耗时: 30.57秒)
2026-04-21 14:11:06,766 - httpx - INFO - HTTP Request: DELETE https://dashscope.aliyuncs.com/compatible-mode/v1/files/file-fe-86518deaf2e84107b80d25d4 "HTTP/1.1 200 OK"
2026-04-21 14:11:06,920 - httpx - INFO - HTTP Request: POST https://dashscope.aliyuncs.com/compatible-mode/v1/chat/completions "HTTP/1.1 200 OK"
2026-04-21 14:11:06,984 - __main___file_only - INFO - 找到数据: 300690 2026-04-21 (3条)
2026-04-21 14:11:06,984 - __main__ - INFO - 处理成功: 300690-2026-04-21
2026-04-21 14:11:06,985 - __main___file_only - INFO - 处理成功: C:\Users\chenkk\Desktop\新建文件夹\300690-2026-04-21-双一科技-2025年年度报告.pdf (耗时: 27.34秒)
2026-04-21 14:11:07,250 - httpx - INFO - HTTP Request: POST https://dashscope.aliyuncs.com/compatible-mode/v1/files "HTTP/1.1 200 OK"
2026-04-21 14:11:07,251 - ai_service_enhanced - INFO - 文件上传成功: C:\Users\chenkk\Desktop\新建文件夹\净资产收益率和每股收益\301288-2026-04-21-ST清研-2025年年度报告_mgsy.pdf (文件ID: file-fe-5e39f6d4f3404106a009bcd3)
2026-04-21 14:11:07,251 - __main___file_only - INFO - 上传文件: 301288-2026-04-21-ST清研-2025年年度报告_mgsy.pdf (大小: 0.35 MB, ID: file-fe-5e39f6d4f3404106a009bcd3)
2026-04-21 14:11:07,391 - httpx - INFO - HTTP Request: POST https://dashscope.aliyuncs.com/compatible-mode/v1/files "HTTP/1.1 200 OK"
2026-04-21 14:11:07,392 - ai_service_enhanced - INFO - 文件上传成功: C:\Users\chenkk\Desktop\新建文件夹\301288-2026-04-21-ST清研-2025年年度报告.pdf (文件ID: file-fe-cb0dfc6a92fa4790a3a96327)
2026-04-21 14:11:07,392 - __main___file_only - INFO - 上传文件: 301288-2026-04-21-ST清研-2025年年度报告.pdf (大小: 0.35 MB, ID: file-fe-cb0dfc6a92fa4790a3a96327)
2026-04-21 14:11:07,393 - __main__ - INFO - 开始处理: C:\Users\chenkk\Desktop\新建文件夹\301288-2026-04-21-ST清研-2025年年度报告.pdf
2026-04-21 14:11:07,423 - httpx - INFO - HTTP Request: DELETE https://dashscope.aliyuncs.com/compatible-mode/v1/files/file-fe-955e9995465940efa6ceec39 "HTTP/1.1 200 OK"
2026-04-21 14:11:07,495 - httpx - INFO - HTTP Request: POST https://dashscope.aliyuncs.com/compatible-mode/v1/chat/completions "HTTP/1.1 200 OK"
2026-04-21 14:11:07,502 - httpx - INFO - HTTP Request: POST https://dashscope.aliyuncs.com/compatible-mode/v1/chat/completions "HTTP/1.1 200 OK"
2026-04-21 14:11:07,576 - __main___file_only - INFO - 找到数据: 300668 2026-04-21 (3条)
2026-04-21 14:11:07,577 - __main__ - INFO - 处理成功: 300668-2026-04-21
2026-04-21 14:11:07,577 - __main___file_only - INFO - 处理成功: C:\Users\chenkk\Desktop\新建文件夹\300668-2026-04-21-杰恩设计-2025年年度报告.pdf (耗时: 30.04秒)
2026-04-21 14:11:07,651 - httpx - INFO - HTTP Request: DELETE https://dashscope.aliyuncs.com/compatible-mode/v1/files/file-fe-895307f54a414f3dbc7db689 "HTTP/1.1 200 OK"
2026-04-21 14:11:08,318 - httpx - INFO - HTTP Request: DELETE https://dashscope.aliyuncs.com/compatible-mode/v1/files/file-fe-36f58caaa2044d2aa4919780 "HTTP/1.1 200 OK"
2026-04-21 14:11:08,362 - httpx - INFO - HTTP Request: DELETE https://dashscope.aliyuncs.com/compatible-mode/v1/files/file-fe-e9c857c39a12482b9f8972e3 "HTTP/1.1 200 OK"
2026-04-21 14:11:08,956 - httpx - INFO - HTTP Request: DELETE https://dashscope.aliyuncs.com/compatible-mode/v1/files/file-fe-a592e0197225476db907a9db "HTTP/1.1 200 OK"
2026-04-21 14:11:09,358 - httpx - INFO - HTTP Request: POST https://dashscope.aliyuncs.com/compatible-mode/v1/files "HTTP/1.1 200 OK"
2026-04-21 14:11:09,359 - ai_service_enhanced - INFO - 文件上传成功: C:\Users\chenkk\Desktop\新建文件夹\301290-2026-04-21-东星医疗-2025年年度报告.pdf (文件ID: file-fe-28c1a217c39b45f0b3439dcb)
2026-04-21 14:11:09,359 - __main___file_only - INFO - 上传文件: 301290-2026-04-21-东星医疗-2025年年度报告.pdf (大小: 0.30 MB, ID: file-fe-28c1a217c39b45f0b3439dcb)
2026-04-21 14:11:09,443 - httpx - INFO - HTTP Request: POST https://dashscope.aliyuncs.com/compatible-mode/v1/files "HTTP/1.1 200 OK"
2026-04-21 14:11:09,443 - ai_service_enhanced - INFO - 文件上传成功: C:\Users\chenkk\Desktop\新建文件夹\净资产收益率和每股收益\301290-2026-04-21-东星医疗-2025年年度报告_mgsy.pdf (文件ID: file-fe-2cc95b4d5633485f96aaea5d)
2026-04-21 14:11:09,444 - __main___file_only - INFO - 上传文件: 301290-2026-04-21-东星医疗-2025年年度报告_mgsy.pdf (大小: 0.30 MB, ID: file-fe-2cc95b4d5633485f96aaea5d)
2026-04-21 14:11:09,444 - __main__ - INFO - 开始处理: C:\Users\chenkk\Desktop\新建文件夹\301290-2026-04-21-东星医疗-2025年年度报告.pdf
2026-04-21 14:11:10,993 - httpx - INFO - HTTP Request: POST https://dashscope.aliyuncs.com/compatible-mode/v1/chat/completions "HTTP/1.1 200 OK"
2026-04-21 14:11:11,485 - httpx - INFO - HTTP Request: POST https://dashscope.aliyuncs.com/compatible-mode/v1/files "HTTP/1.1 200 OK"
2026-04-21 14:11:11,485 - ai_service_enhanced - INFO - 文件上传成功: C:\Users\chenkk\Desktop\新建文件夹\301302-2026-04-21-华如科技-2025年年度报告.pdf (文件ID: file-fe-397788bc95fa4ef8994b1ad8)
2026-04-21 14:11:11,485 - __main___file_only - INFO - 上传文件: 301302-2026-04-21-华如科技-2025年年度报告.pdf (大小: 0.32 MB, ID: file-fe-397788bc95fa4ef8994b1ad8)
2026-04-21 14:11:11,584 - httpx - INFO - HTTP Request: POST https://dashscope.aliyuncs.com/compatible-mode/v1/files "HTTP/1.1 200 OK"
2026-04-21 14:11:11,585 - ai_service_enhanced - INFO - 文件上传成功: C:\Users\chenkk\Desktop\新建文件夹\净资产收益率和每股收益\301302-2026-04-21-华如科技-2025年年度报告_mgsy.pdf (文件ID: file-fe-cf3e83b0ba2d4305b1697115)
2026-04-21 14:11:11,585 - __main___file_only - INFO - 上传文件: 301302-2026-04-21-华如科技-2025年年度报告_mgsy.pdf (大小: 0.31 MB, ID: file-fe-cf3e83b0ba2d4305b1697115)
2026-04-21 14:11:11,817 - __main__ - INFO - 开始处理: C:\Users\chenkk\Desktop\新建文件夹\301302-2026-04-21-华如科技-2025年年度报告.pdf
2026-04-21 14:11:12,854 - httpx - INFO - HTTP Request: POST https://dashscope.aliyuncs.com/compatible-mode/v1/chat/completions "HTTP/1.1 200 OK"
2026-04-21 14:11:12,862 - httpx - INFO - HTTP Request: POST https://dashscope.aliyuncs.com/compatible-mode/v1/chat/completions "HTTP/1.1 200 OK"
2026-04-21 14:11:12,931 - __main___file_only - INFO - 找到数据: 300743 2026-04-21 (3条)
2026-04-21 14:11:12,932 - __main__ - INFO - 处理成功: 300743-2026-04-21
2026-04-21 14:11:12,932 - __main___file_only - INFO - 处理成功: C:\Users\chenkk\Desktop\新建文件夹\300743-2026-04-21-天地数码-2025年年度报告.pdf (耗时: 30.92秒)
2026-04-21 14:11:13,549 - httpx - INFO - HTTP Request: POST https://dashscope.aliyuncs.com/compatible-mode/v1/files "HTTP/1.1 200 OK"
2026-04-21 14:11:13,550 - ai_service_enhanced - INFO - 文件上传成功: C:\Users\chenkk\Desktop\新建文件夹\301363-2026-04-21-美好医疗-2025年年度报告.pdf (文件ID: file-fe-e59586b9655349ca910c63fc)
2026-04-21 14:11:13,550 - __main___file_only - INFO - 上传文件: 301363-2026-04-21-美好医疗-2025年年度报告.pdf (大小: 0.37 MB, ID: file-fe-e59586b9655349ca910c63fc)
2026-04-21 14:11:13,651 - httpx - INFO - HTTP Request: POST https://dashscope.aliyuncs.com/compatible-mode/v1/files "HTTP/1.1 200 OK"
2026-04-21 14:11:13,652 - ai_service_enhanced - INFO - 文件上传成功: C:\Users\chenkk\Desktop\新建文件夹\净资产收益率和每股收益\301363-2026-04-21-美好医疗-2025年年度报告_mgsy.pdf (文件ID: file-fe-d7804ff11abf4de29ded6e84)
2026-04-21 14:11:13,652 - __main___file_only - INFO - 上传文件: 301363-2026-04-21-美好医疗-2025年年度报告_mgsy.pdf (大小: 0.36 MB, ID: file-fe-d7804ff11abf4de29ded6e84)
2026-04-21 14:11:13,653 - __main__ - INFO - 开始处理: C:\Users\chenkk\Desktop\新建文件夹\301363-2026-04-21-美好医疗-2025年年度报告.pdf
2026-04-21 14:11:13,743 - httpx - INFO - HTTP Request: DELETE https://dashscope.aliyuncs.com/compatible-mode/v1/files/file-fe-ea3674e5c5604b218f8745eb "HTTP/1.1 200 OK"
2026-04-21 14:11:14,106 - httpx - INFO - HTTP Request: POST https://dashscope.aliyuncs.com/compatible-mode/v1/chat/completions "HTTP/1.1 200 OK"
2026-04-21 14:11:14,170 - __main___file_only - INFO - 找到数据: 300801 2026-04-21 (3条)
2026-04-21 14:11:14,170 - __main__ - INFO - 处理成功: 300801-2026-04-21
2026-04-21 14:11:14,170 - __main___file_only - INFO - 处理成功: C:\Users\chenkk\Desktop\新建文件夹\300801-2026-04-21-泰和科技-2025年年度报告.pdf (耗时: 30.05秒)
2026-04-21 14:11:14,492 - httpx - INFO - HTTP Request: DELETE https://dashscope.aliyuncs.com/compatible-mode/v1/files/file-fe-fa6e68d135d240cdbd2440b0 "HTTP/1.1 200 OK"
2026-04-21 14:11:14,899 - httpx - INFO - HTTP Request: POST https://dashscope.aliyuncs.com/compatible-mode/v1/chat/completions "HTTP/1.1 200 OK"
2026-04-21 14:11:14,918 - httpx - INFO - HTTP Request: DELETE https://dashscope.aliyuncs.com/compatible-mode/v1/files/file-fe-b8054f5b0d5c4db08c6ba256 "HTTP/1.1 200 OK"
2026-04-21 14:11:15,501 - httpx - INFO - HTTP Request: DELETE https://dashscope.aliyuncs.com/compatible-mode/v1/files/file-fe-4993b4b1087c43558368ac17 "HTTP/1.1 200 OK"
2026-04-21 14:11:15,730 - httpx - INFO - HTTP Request: POST https://dashscope.aliyuncs.com/compatible-mode/v1/files "HTTP/1.1 200 OK"
2026-04-21 14:11:15,731 - ai_service_enhanced - INFO - 文件上传成功: C:\Users\chenkk\Desktop\新建文件夹\净资产收益率和每股收益\301387-2026-04-21-光大同创-2025年年度报告_mgsy.pdf (文件ID: file-fe-01dc113108b44491b3cc54b9)
2026-04-21 14:11:15,731 - __main___file_only - INFO - 上传文件: 301387-2026-04-21-光大同创-2025年年度报告_mgsy.pdf (大小: 0.39 MB, ID: file-fe-01dc113108b44491b3cc54b9)
2026-04-21 14:11:15,801 - httpx - INFO - HTTP Request: POST https://dashscope.aliyuncs.com/compatible-mode/v1/files "HTTP/1.1 200 OK"
2026-04-21 14:11:15,802 - ai_service_enhanced - INFO - 文件上传成功: C:\Users\chenkk\Desktop\新建文件夹\301387-2026-04-21-光大同创-2025年年度报告.pdf (文件ID: file-fe-14e1b890711f4e24aa1dda8c)
2026-04-21 14:11:15,802 - __main___file_only - INFO - 上传文件: 301387-2026-04-21-光大同创-2025年年度报告.pdf (大小: 0.39 MB, ID: file-fe-14e1b890711f4e24aa1dda8c)
2026-04-21 14:11:15,813 - httpx - INFO - HTTP Request: POST https://dashscope.aliyuncs.com/compatible-mode/v1/chat/completions "HTTP/1.1 200 OK"
2026-04-21 14:11:15,903 - __main___file_only - INFO - 找到数据: 300891 2026-04-21 (3条)
2026-04-21 14:11:15,903 - __main__ - INFO - 处理成功: 300891-2026-04-21
2026-04-21 14:11:15,903 - __main___file_only - INFO - 处理成功: C:\Users\chenkk\Desktop\新建文件夹\300891-2026-04-21-惠云钛业-2025年年度报告.pdf (耗时: 25.30秒)
2026-04-21 14:11:16,015 - httpx - INFO - HTTP Request: POST https://dashscope.aliyuncs.com/compatible-mode/v1/chat/completions "HTTP/1.1 200 OK"
2026-04-21 14:11:16,027 - __main__ - INFO - 开始处理: C:\Users\chenkk\Desktop\新建文件夹\301387-2026-04-21-光大同创-2025年年度报告.pdf
2026-04-21 14:11:16,124 - httpx - INFO - HTTP Request: POST https://dashscope.aliyuncs.com/compatible-mode/v1/chat/completions "HTTP/1.1 200 OK"
2026-04-21 14:11:16,194 - __main___file_only - INFO - 找到数据: 300880 2026-04-21 (3条)
2026-04-21 14:11:16,194 - __main__ - INFO - 处理成功: 300880-2026-04-21
2026-04-21 14:11:16,194 - __main___file_only - INFO - 处理成功: C:\Users\chenkk\Desktop\新建文件夹\300880-2026-04-21-迦南智能-2025年年度报告.pdf (耗时: 27.96秒)
2026-04-21 14:11:16,524 - httpx - INFO - HTTP Request: DELETE https://dashscope.aliyuncs.com/compatible-mode/v1/files/file-fe-eeafbe571da342bcb8cc26aa "HTTP/1.1 200 OK"
2026-04-21 14:11:16,884 - httpx - INFO - HTTP Request: DELETE https://dashscope.aliyuncs.com/compatible-mode/v1/files/file-fe-db366c5aaa65497d95f83ab6 "HTTP/1.1 200 OK"
2026-04-21 14:11:16,950 - httpx - INFO - HTTP Request: POST https://dashscope.aliyuncs.com/compatible-mode/v1/chat/completions "HTTP/1.1 200 OK"
2026-04-21 14:11:17,013 - __main___file_only - INFO - 找到数据: 300927 2026-04-21 (3条)
2026-04-21 14:11:17,013 - __main__ - INFO - 处理成功: 300927-2026-04-21
2026-04-21 14:11:17,013 - __main___file_only - INFO - 处理成功: C:\Users\chenkk\Desktop\新建文件夹\300927-2026-04-21-江天化学-2025年年度报告.pdf (耗时: 22.56秒)
2026-04-21 14:11:17,278 - httpx - INFO - HTTP Request: DELETE https://dashscope.aliyuncs.com/compatible-mode/v1/files/file-fe-76314879d87a4191bbcecd66 "HTTP/1.1 200 OK"
2026-04-21 14:11:17,625 - httpx - INFO - HTTP Request: DELETE https://dashscope.aliyuncs.com/compatible-mode/v1/files/file-fe-f4ac97fb608c477b80224be8 "HTTP/1.1 200 OK"
2026-04-21 14:11:17,650 - httpx - INFO - HTTP Request: POST https://dashscope.aliyuncs.com/compatible-mode/v1/chat/completions "HTTP/1.1 200 OK"
2026-04-21 14:11:17,712 - __main___file_only - INFO - 找到数据: 300841 2026-04-21 (3条)
2026-04-21 14:11:17,712 - __main__ - INFO - 处理成功: 300841-2026-04-21
2026-04-21 14:11:17,712 - __main___file_only - INFO - 处理成功: C:\Users\chenkk\Desktop\新建文件夹\300841-2026-04-21-康华生物-2025年年度报告.pdf (耗时: 31.48秒)
2026-04-21 14:11:17,778 - httpx - INFO - HTTP Request: DELETE https://dashscope.aliyuncs.com/compatible-mode/v1/files/file-fe-c433873639344c1cabbe9813 "HTTP/1.1 200 OK"
2026-04-21 14:11:17,870 - httpx - INFO - HTTP Request: POST https://dashscope.aliyuncs.com/compatible-mode/v1/files "HTTP/1.1 200 OK"
2026-04-21 14:11:17,871 - ai_service_enhanced - INFO - 文件上传成功: C:\Users\chenkk\Desktop\新建文件夹\净资产收益率和每股收益\301399-2026-04-21-英特科技-2025年年度报告_mgsy.pdf (文件ID: file-fe-32200ff86d3e4f9daf390fd2)
2026-04-21 14:11:17,871 - __main___file_only - INFO - 上传文件: 301399-2026-04-21-英特科技-2025年年度报告_mgsy.pdf (大小: 0.35 MB, ID: file-fe-32200ff86d3e4f9daf390fd2)
2026-04-21 14:11:17,912 - httpx - INFO - HTTP Request: POST https://dashscope.aliyuncs.com/compatible-mode/v1/files "HTTP/1.1 200 OK"
2026-04-21 14:11:17,913 - ai_service_enhanced - INFO - 文件上传成功: C:\Users\chenkk\Desktop\新建文件夹\301399-2026-04-21-英特科技-2025年年度报告.pdf (文件ID: file-fe-92a95510420e4e90895c6f81)
2026-04-21 14:11:17,913 - __main___file_only - INFO - 上传文件: 301399-2026-04-21-英特科技-2025年年度报告.pdf (大小: 0.37 MB, ID: file-fe-92a95510420e4e90895c6f81)
2026-04-21 14:11:18,137 - __main__ - INFO - 开始处理: C:\Users\chenkk\Desktop\新建文件夹\301399-2026-04-21-英特科技-2025年年度报告.pdf
2026-04-21 14:11:18,408 - httpx - INFO - HTTP Request: DELETE https://dashscope.aliyuncs.com/compatible-mode/v1/files/file-fe-56fcf2d3a42549df90ee8cc6 "HTTP/1.1 200 OK"
2026-04-21 14:11:18,459 - httpx - INFO - HTTP Request: DELETE https://dashscope.aliyuncs.com/compatible-mode/v1/files/file-fe-fbff651642ff4e64b1e7d333 "HTTP/1.1 200 OK"
2026-04-21 14:11:19,119 - httpx - INFO - HTTP Request: DELETE https://dashscope.aliyuncs.com/compatible-mode/v1/files/file-fe-a5c39f1263a44ddc8ef441e4 "HTTP/1.1 200 OK"
2026-04-21 14:11:20,023 - httpx - INFO - HTTP Request: POST https://dashscope.aliyuncs.com/compatible-mode/v1/files "HTTP/1.1 200 OK"
2026-04-21 14:11:20,024 - ai_service_enhanced - INFO - 文件上传成功: C:\Users\chenkk\Desktop\新建文件夹\净资产收益率和每股收益\301421-2026-04-21-波长光电-2025年年度报告_mgsy.pdf (文件ID: file-fe-1936bc33461d443481deb356)
2026-04-21 14:11:20,024 - __main___file_only - INFO - 上传文件: 301421-2026-04-21-波长光电-2025年年度报告_mgsy.pdf (大小: 0.30 MB, ID: file-fe-1936bc33461d443481deb356)
2026-04-21 14:11:20,063 - httpx - INFO - HTTP Request: POST https://dashscope.aliyuncs.com/compatible-mode/v1/files "HTTP/1.1 200 OK"
2026-04-21 14:11:20,063 - ai_service_enhanced - INFO - 文件上传成功: C:\Users\chenkk\Desktop\新建文件夹\301421-2026-04-21-波长光电-2025年年度报告.pdf (文件ID: file-fe-e94f1ab4e6044df98ae115df)
2026-04-21 14:11:20,064 - __main___file_only - INFO - 上传文件: 301421-2026-04-21-波长光电-2025年年度报告.pdf (大小: 0.31 MB, ID: file-fe-e94f1ab4e6044df98ae115df)
2026-04-21 14:11:20,139 - __main__ - INFO - 开始处理: C:\Users\chenkk\Desktop\新建文件夹\301421-2026-04-21-波长光电-2025年年度报告.pdf
2026-04-21 14:11:20,434 - httpx - INFO - HTTP Request: POST https://dashscope.aliyuncs.com/compatible-mode/v1/chat/completions "HTTP/1.1 200 OK"
2026-04-21 14:11:21,133 - httpx - INFO - HTTP Request: POST https://dashscope.aliyuncs.com/compatible-mode/v1/chat/completions "HTTP/1.1 200 OK"
2026-04-21 14:11:22,048 - httpx - INFO - HTTP Request: POST https://dashscope.aliyuncs.com/compatible-mode/v1/files "HTTP/1.1 200 OK"
2026-04-21 14:11:22,049 - ai_service_enhanced - INFO - 文件上传成功: C:\Users\chenkk\Desktop\新建文件夹\净资产收益率和每股收益\301486-2026-04-21-致尚科技-2025年年度报告_mgsy.pdf (文件ID: file-fe-59318333f23745afa4f97b49)
2026-04-21 14:11:22,049 - __main___file_only - INFO - 上传文件: 301486-2026-04-21-致尚科技-2025年年度报告_mgsy.pdf (大小: 0.37 MB, ID: file-fe-59318333f23745afa4f97b49)
2026-04-21 14:11:22,202 - httpx - INFO - HTTP Request: POST https://dashscope.aliyuncs.com/compatible-mode/v1/chat/completions "HTTP/1.1 200 OK"
2026-04-21 14:11:22,222 - httpx - INFO - HTTP Request: POST https://dashscope.aliyuncs.com/compatible-mode/v1/files "HTTP/1.1 200 OK"
2026-04-21 14:11:22,223 - ai_service_enhanced - INFO - 文件上传成功: C:\Users\chenkk\Desktop\新建文件夹\301486-2026-04-21-致尚科技-2025年年度报告.pdf (文件ID: file-fe-338edc11961c497596426297)
2026-04-21 14:11:22,223 - __main___file_only - INFO - 上传文件: 301486-2026-04-21-致尚科技-2025年年度报告.pdf (大小: 0.38 MB, ID: file-fe-338edc11961c497596426297)
2026-04-21 14:11:22,223 - __main__ - INFO - 开始处理: C:\Users\chenkk\Desktop\新建文件夹\301486-2026-04-21-致尚科技-2025年年度报告.pdf
2026-04-21 14:11:22,374 - httpx - INFO - HTTP Request: POST https://dashscope.aliyuncs.com/compatible-mode/v1/chat/completions "HTTP/1.1 200 OK"
2026-04-21 14:11:22,479 - __main___file_only - INFO - 找到数据: 300917 2026-04-21 (3条)
2026-04-21 14:11:22,479 - __main__ - INFO - 处理成功: 300917-2026-04-21
2026-04-21 14:11:22,479 - __main___file_only - INFO - 处理成功: C:\Users\chenkk\Desktop\新建文件夹\300917-2026-04-21-特发服务-2025年年度报告.pdf (耗时: 30.11秒)
2026-04-21 14:11:23,180 - httpx - INFO - HTTP Request: DELETE https://dashscope.aliyuncs.com/compatible-mode/v1/files/file-fe-6b1d708ffd094914af6cf13f "HTTP/1.1 200 OK"
2026-04-21 14:11:23,854 - httpx - INFO - HTTP Request: DELETE https://dashscope.aliyuncs.com/compatible-mode/v1/files/file-fe-8bd427bedf89401387b88fc7 "HTTP/1.1 200 OK"
2026-04-21 14:11:24,238 - httpx - INFO - HTTP Request: POST https://dashscope.aliyuncs.com/compatible-mode/v1/files "HTTP/1.1 200 OK"
2026-04-21 14:11:24,238 - ai_service_enhanced - INFO - 文件上传成功: C:\Users\chenkk\Desktop\新建文件夹\301581-2026-04-21-黄山谷捷-2025年年度报告.pdf (文件ID: file-fe-b77e72300d9e46b1b2287d6e)
2026-04-21 14:11:24,238 - __main___file_only - INFO - 上传文件: 301581-2026-04-21-黄山谷捷-2025年年度报告.pdf (大小: 0.31 MB, ID: file-fe-b77e72300d9e46b1b2287d6e)
2026-04-21 14:11:24,265 - httpx - INFO - HTTP Request: POST https://dashscope.aliyuncs.com/compatible-mode/v1/files "HTTP/1.1 200 OK"
2026-04-21 14:11:24,266 - ai_service_enhanced - INFO - 文件上传成功: C:\Users\chenkk\Desktop\新建文件夹\净资产收益率和每股收益\301581-2026-04-21-黄山谷捷-2025年年度报告_mgsy.pdf (文件ID: file-fe-955c1b65b46e4b4fac0a8e48)
2026-04-21 14:11:24,266 - __main___file_only - INFO - 上传文件: 301581-2026-04-21-黄山谷捷-2025年年度报告_mgsy.pdf (大小: 0.30 MB, ID: file-fe-955c1b65b46e4b4fac0a8e48)
2026-04-21 14:11:24,267 - __main__ - INFO - 开始处理: C:\Users\chenkk\Desktop\新建文件夹\301581-2026-04-21-黄山谷捷-2025年年度报告.pdf
2026-04-21 14:11:24,317 - httpx - INFO - HTTP Request: POST https://dashscope.aliyuncs.com/compatible-mode/v1/chat/completions "HTTP/1.1 200 OK"
2026-04-21 14:11:24,419 - httpx - INFO - HTTP Request: POST https://dashscope.aliyuncs.com/compatible-mode/v1/chat/completions "HTTP/1.1 200 OK"
2026-04-21 14:11:24,420 - __main___file_only - INFO - 找到数据: 301041 2026-04-21 (3条)
2026-04-21 14:11:24,420 - __main__ - INFO - 处理成功: 301041-2026-04-21
2026-04-21 14:11:24,420 - __main___file_only - INFO - 处理成功: C:\Users\chenkk\Desktop\新建文件夹\301041-2026-04-21-金百泽-2025年年度报告.pdf (耗时: 25.22秒)
2026-04-21 14:11:24,549 - httpx - INFO - HTTP Request: POST https://dashscope.aliyuncs.com/compatible-mode/v1/chat/completions "HTTP/1.1 200 OK"
2026-04-21 14:11:24,655 - __main___file_only - INFO - 找到数据: 301080 2026-04-21 (3条)
2026-04-21 14:11:24,655 - __main__ - INFO - 处理成功: 301080-2026-04-21
2026-04-21 14:11:24,655 - __main___file_only - INFO - 处理成功: C:\Users\chenkk\Desktop\新建文件夹\301080-2026-04-21-百普赛斯-2025年年度报告.pdf (耗时: 21.60秒)
2026-04-21 14:11:25,009 - httpx - INFO - HTTP Request: POST https://dashscope.aliyuncs.com/compatible-mode/v1/chat/completions "HTTP/1.1 200 OK"
2026-04-21 14:11:25,061 - httpx - INFO - HTTP Request: DELETE https://dashscope.aliyuncs.com/compatible-mode/v1/files/file-fe-46632761b8dc4bb3a616ef82 "HTTP/1.1 200 OK"
2026-04-21 14:11:25,130 - __main___file_only - INFO - 找到数据: 301005 2026-04-21 (3条)
2026-04-21 14:11:25,130 - __main__ - INFO - 处理成功: 301005-2026-04-21
2026-04-21 14:11:25,130 - __main___file_only - INFO - 处理成功: C:\Users\chenkk\Desktop\新建文件夹\301005-2026-04-21-超捷股份-2025年年度报告.pdf (耗时: 28.31秒)
2026-04-21 14:11:25,279 - httpx - INFO - HTTP Request: DELETE https://dashscope.aliyuncs.com/compatible-mode/v1/files/file-fe-b568a041c5f9422e9b42265c "HTTP/1.1 200 OK"
2026-04-21 14:11:25,788 - httpx - INFO - HTTP Request: DELETE https://dashscope.aliyuncs.com/compatible-mode/v1/files/file-fe-f48aaa113de541b7bb185998 "HTTP/1.1 200 OK"
2026-04-21 14:11:25,835 - httpx - INFO - HTTP Request: DELETE https://dashscope.aliyuncs.com/compatible-mode/v1/files/file-fe-08776d162a564f66950e44b4 "HTTP/1.1 200 OK"
2026-04-21 14:11:25,947 - httpx - INFO - HTTP Request: DELETE https://dashscope.aliyuncs.com/compatible-mode/v1/files/file-fe-b634dc1d5a8b4f89b9f05e84 "HTTP/1.1 200 OK"
2026-04-21 14:11:26,343 - httpx - INFO - HTTP Request: POST https://dashscope.aliyuncs.com/compatible-mode/v1/files "HTTP/1.1 200 OK"
2026-04-21 14:11:26,343 - ai_service_enhanced - INFO - 文件上传成功: C:\Users\chenkk\Desktop\新建文件夹\301584-2026-04-21-建发致新-2025年年度报告.pdf (文件ID: file-fe-cb7a029fcd954c28ae01bde0)
2026-04-21 14:11:26,343 - __main___file_only - INFO - 上传文件: 301584-2026-04-21-建发致新-2025年年度报告.pdf (大小: 0.35 MB, ID: file-fe-cb7a029fcd954c28ae01bde0)
2026-04-21 14:11:26,396 - httpx - INFO - HTTP Request: DELETE https://dashscope.aliyuncs.com/compatible-mode/v1/files/file-fe-901f26b5fdcf4b61b08b92fa "HTTP/1.1 200 OK"
2026-04-21 14:11:26,409 - httpx - INFO - HTTP Request: POST https://dashscope.aliyuncs.com/compatible-mode/v1/files "HTTP/1.1 200 OK"
2026-04-21 14:11:26,409 - ai_service_enhanced - INFO - 文件上传成功: C:\Users\chenkk\Desktop\新建文件夹\净资产收益率和每股收益\301584-2026-04-21-建发致新-2025年年度报告_mgsy.pdf (文件ID: file-fe-13f20cbcb5574ea595b787b8)
2026-04-21 14:11:26,409 - __main___file_only - INFO - 上传文件: 301584-2026-04-21-建发致新-2025年年度报告_mgsy.pdf (大小: 0.34 MB, ID: file-fe-13f20cbcb5574ea595b787b8)
2026-04-21 14:11:26,646 - __main__ - INFO - 开始处理: C:\Users\chenkk\Desktop\新建文件夹\301584-2026-04-21-建发致新-2025年年度报告.pdf
2026-04-21 14:11:27,695 - httpx - INFO - HTTP Request: POST https://dashscope.aliyuncs.com/compatible-mode/v1/chat/completions "HTTP/1.1 200 OK"
2026-04-21 14:11:27,786 - httpx - INFO - HTTP Request: POST https://dashscope.aliyuncs.com/compatible-mode/v1/chat/completions "HTTP/1.1 200 OK"
2026-04-21 14:11:27,797 - __main___file_only - INFO - 找到数据: 301049 2026-04-21 (3条)
2026-04-21 14:11:27,797 - __main__ - INFO - 处理成功: 301049-2026-04-21
2026-04-21 14:11:27,797 - __main___file_only - INFO - 处理成功: C:\Users\chenkk\Desktop\新建文件夹\301049-2026-04-21-超越科技-2025年年度报告.pdf (耗时: 26.75秒)
2026-04-21 14:11:27,885 - __main___file_only - INFO - 找到数据: 301288 2026-04-21 (3条)
2026-04-21 14:11:27,885 - __main__ - INFO - 处理成功: 301288-2026-04-21
2026-04-21 14:11:27,886 - __main___file_only - INFO - 处理成功: C:\Users\chenkk\Desktop\新建文件夹\301288-2026-04-21-ST清研-2025年年度报告.pdf (耗时: 20.49秒)
2026-04-21 14:11:28,445 - httpx - INFO - HTTP Request: DELETE https://dashscope.aliyuncs.com/compatible-mode/v1/files/file-fe-d743722040bb4310b666f41f "HTTP/1.1 200 OK"
2026-04-21 14:11:28,480 - httpx - INFO - HTTP Request: POST https://dashscope.aliyuncs.com/compatible-mode/v1/files "HTTP/1.1 200 OK"
2026-04-21 14:11:28,481 - ai_service_enhanced - INFO - 文件上传成功: C:\Users\chenkk\Desktop\新建文件夹\净资产收益率和每股收益\301598-2026-04-21-博科测试-2025年年度报告_mgsy.pdf (文件ID: file-fe-5c232af803a34f7581a7db80)
2026-04-21 14:11:28,481 - __main___file_only - INFO - 上传文件: 301598-2026-04-21-博科测试-2025年年度报告_mgsy.pdf (大小: 0.42 MB, ID: file-fe-5c232af803a34f7581a7db80)
2026-04-21 14:11:28,540 - httpx - INFO - HTTP Request: POST https://dashscope.aliyuncs.com/compatible-mode/v1/files "HTTP/1.1 200 OK"
2026-04-21 14:11:28,540 - ai_service_enhanced - INFO - 文件上传成功: C:\Users\chenkk\Desktop\新建文件夹\301598-2026-04-21-博科测试-2025年年度报告.pdf (文件ID: file-fe-ddc86288b66e4074a8f545c9)
2026-04-21 14:11:28,540 - __main___file_only - INFO - 上传文件: 301598-2026-04-21-博科测试-2025年年度报告.pdf (大小: 0.43 MB, ID: file-fe-ddc86288b66e4074a8f545c9)
2026-04-21 14:11:28,609 - httpx - INFO - HTTP Request: DELETE https://dashscope.aliyuncs.com/compatible-mode/v1/files/file-fe-5e39f6d4f3404106a009bcd3 "HTTP/1.1 200 OK"
2026-04-21 14:11:28,612 - httpx - INFO - HTTP Request: POST https://dashscope.aliyuncs.com/compatible-mode/v1/chat/completions "HTTP/1.1 200 OK"
2026-04-21 14:11:28,751 - __main__ - INFO - 开始处理: C:\Users\chenkk\Desktop\新建文件夹\301598-2026-04-21-博科测试-2025年年度报告.pdf
2026-04-21 14:11:29,207 - httpx - INFO - HTTP Request: DELETE https://dashscope.aliyuncs.com/compatible-mode/v1/files/file-fe-e79eec96ec474dadb4165c27 "HTTP/1.1 200 OK"
2026-04-21 14:11:29,246 - httpx - INFO - HTTP Request: DELETE https://dashscope.aliyuncs.com/compatible-mode/v1/files/file-fe-cb0dfc6a92fa4790a3a96327 "HTTP/1.1 200 OK"
2026-04-21 14:11:30,603 - httpx - INFO - HTTP Request: POST https://dashscope.aliyuncs.com/compatible-mode/v1/files "HTTP/1.1 200 OK"
2026-04-21 14:11:30,603 - ai_service_enhanced - INFO - 文件上传成功: C:\Users\chenkk\Desktop\新建文件夹\净资产收益率和每股收益\301608-2026-04-21-博实结-2025年年度报告_mgsy.pdf (文件ID: file-fe-d741da2dfd9d477aaccfa007)
2026-04-21 14:11:30,604 - __main___file_only - INFO - 上传文件: 301608-2026-04-21-博实结-2025年年度报告_mgsy.pdf (大小: 0.41 MB, ID: file-fe-d741da2dfd9d477aaccfa007)
2026-04-21 14:11:30,749 - httpx - INFO - HTTP Request: POST https://dashscope.aliyuncs.com/compatible-mode/v1/files "HTTP/1.1 200 OK"
2026-04-21 14:11:30,750 - ai_service_enhanced - INFO - 文件上传成功: C:\Users\chenkk\Desktop\新建文件夹\301608-2026-04-21-博实结-2025年年度报告.pdf (文件ID: file-fe-deb776f3768041ff92f7947b)
2026-04-21 14:11:30,750 - __main___file_only - INFO - 上传文件: 301608-2026-04-21-博实结-2025年年度报告.pdf (大小: 0.45 MB, ID: file-fe-deb776f3768041ff92f7947b)
2026-04-21 14:11:30,753 - __main__ - INFO - 开始处理: C:\Users\chenkk\Desktop\新建文件夹\301608-2026-04-21-博实结-2025年年度报告.pdf
2026-04-21 14:11:32,149 - httpx - INFO - HTTP Request: POST https://dashscope.aliyuncs.com/compatible-mode/v1/chat/completions "HTTP/1.1 200 OK"
2026-04-21 14:11:32,583 - httpx - INFO - HTTP Request: POST https://dashscope.aliyuncs.com/compatible-mode/v1/chat/completions "HTTP/1.1 200 OK"
2026-04-21 14:11:32,680 - __main___file_only - INFO - 找到数据: 301290 2026-04-21 (3条)
2026-04-21 14:11:32,680 - __main__ - INFO - 处理成功: 301290-2026-04-21
2026-04-21 14:11:32,680 - __main___file_only - INFO - 处理成功: C:\Users\chenkk\Desktop\新建文件夹\301290-2026-04-21-东星医疗-2025年年度报告.pdf (耗时: 23.24秒)
2026-04-21 14:11:32,746 - httpx - INFO - HTTP Request: POST https://dashscope.aliyuncs.com/compatible-mode/v1/files "HTTP/1.1 200 OK"
2026-04-21 14:11:32,747 - ai_service_enhanced - INFO - 文件上传成功: C:\Users\chenkk\Desktop\新建文件夹\净资产收益率和每股收益\301630-2026-04-21-同宇新材-2025年年度报告_mgsy.pdf (文件ID: file-fe-328523568a544f8ca36db72d)
2026-04-21 14:11:32,747 - __main___file_only - INFO - 上传文件: 301630-2026-04-21-同宇新材-2025年年度报告_mgsy.pdf (大小: 0.28 MB, ID: file-fe-328523568a544f8ca36db72d)
2026-04-21 14:11:32,766 - httpx - INFO - HTTP Request: POST https://dashscope.aliyuncs.com/compatible-mode/v1/files "HTTP/1.1 200 OK"
2026-04-21 14:11:32,767 - ai_service_enhanced - INFO - 文件上传成功: C:\Users\chenkk\Desktop\新建文件夹\301630-2026-04-21-同宇新材-2025年年度报告.pdf (文件ID: file-fe-6cdf4d000ccf4d0bbb4ca323)
2026-04-21 14:11:32,767 - __main___file_only - INFO - 上传文件: 301630-2026-04-21-同宇新材-2025年年度报告.pdf (大小: 0.29 MB, ID: file-fe-6cdf4d000ccf4d0bbb4ca323)
2026-04-21 14:11:32,767 - __main__ - INFO - 开始处理: C:\Users\chenkk\Desktop\新建文件夹\301630-2026-04-21-同宇新材-2025年年度报告.pdf
2026-04-21 14:11:33,015 - httpx - INFO - HTTP Request: POST https://dashscope.aliyuncs.com/compatible-mode/v1/chat/completions "HTTP/1.1 200 OK"
2026-04-21 14:11:33,382 - httpx - INFO - HTTP Request: DELETE https://dashscope.aliyuncs.com/compatible-mode/v1/files/file-fe-28c1a217c39b45f0b3439dcb "HTTP/1.1 200 OK"
2026-04-21 14:11:34,044 - httpx - INFO - HTTP Request: DELETE https://dashscope.aliyuncs.com/compatible-mode/v1/files/file-fe-2cc95b4d5633485f96aaea5d "HTTP/1.1 200 OK"
2026-04-21 14:11:34,838 - httpx - INFO - HTTP Request: POST https://dashscope.aliyuncs.com/compatible-mode/v1/files "HTTP/1.1 200 OK"
2026-04-21 14:11:34,839 - ai_service_enhanced - INFO - 文件上传成功: C:\Users\chenkk\Desktop\新建文件夹\301630-2026-04-21-同宇新材-同宇新材2025年年度报告.pdf (文件ID: file-fe-f29cd9a048214c68bcc73c93)
2026-04-21 14:11:34,839 - __main___file_only - INFO - 上传文件: 301630-2026-04-21-同宇新材-同宇新材2025年年度报告.pdf (大小: 0.29 MB, ID: file-fe-f29cd9a048214c68bcc73c93)
2026-04-21 14:11:34,843 - httpx - INFO - HTTP Request: POST https://dashscope.aliyuncs.com/compatible-mode/v1/files "HTTP/1.1 200 OK"
2026-04-21 14:11:34,844 - ai_service_enhanced - INFO - 文件上传成功: C:\Users\chenkk\Desktop\新建文件夹\净资产收益率和每股收益\301630-2026-04-21-同宇新材-同宇新材2025年年度报告_mgsy.pdf (文件ID: file-fe-045d44e0d31146beb2d8068c)
2026-04-21 14:11:34,844 - __main___file_only - INFO - 上传文件: 301630-2026-04-21-同宇新材-同宇新材2025年年度报告_mgsy.pdf (大小: 0.29 MB, ID: file-fe-045d44e0d31146beb2d8068c)
2026-04-21 14:11:34,844 - __main__ - INFO - 开始处理: C:\Users\chenkk\Desktop\新建文件夹\301630-2026-04-21-同宇新材-同宇新材2025年年度报告.pdf
2026-04-21 14:11:35,062 - httpx - INFO - HTTP Request: POST https://dashscope.aliyuncs.com/compatible-mode/v1/chat/completions "HTTP/1.1 200 OK"
2026-04-21 14:11:35,509 - httpx - INFO - HTTP Request: POST https://dashscope.aliyuncs.com/compatible-mode/v1/chat/completions "HTTP/1.1 200 OK"
2026-04-21 14:11:36,989 - httpx - INFO - HTTP Request: POST https://dashscope.aliyuncs.com/compatible-mode/v1/files "HTTP/1.1 200 OK"
2026-04-21 14:11:36,990 - ai_service_enhanced - INFO - 文件上传成功: C:\Users\chenkk\Desktop\新建文件夹\净资产收益率和每股收益\301680-2026-04-21-固德电材-2025年年度报告_mgsy.pdf (文件ID: file-fe-1ea6343be791438bb6be0725)
2026-04-21 14:11:36,990 - __main___file_only - INFO - 上传文件: 301680-2026-04-21-固德电材-2025年年度报告_mgsy.pdf (大小: 0.32 MB, ID: file-fe-1ea6343be791438bb6be0725)
2026-04-21 14:11:37,015 - httpx - INFO - HTTP Request: POST https://dashscope.aliyuncs.com/compatible-mode/v1/files "HTTP/1.1 200 OK"
2026-04-21 14:11:37,015 - ai_service_enhanced - INFO - 文件上传成功: C:\Users\chenkk\Desktop\新建文件夹\301680-2026-04-21-固德电材-2025年年度报告.pdf (文件ID: file-fe-1798d5c7f2a24427b6ea97b9)
2026-04-21 14:11:37,015 - __main___file_only - INFO - 上传文件: 301680-2026-04-21-固德电材-2025年年度报告.pdf (大小: 0.32 MB, ID: file-fe-1798d5c7f2a24427b6ea97b9)
2026-04-21 14:11:37,105 - __main__ - INFO - 开始处理: C:\Users\chenkk\Desktop\新建文件夹\301680-2026-04-21-固德电材-2025年年度报告.pdf
2026-04-21 14:11:37,525 - httpx - INFO - HTTP Request: POST https://dashscope.aliyuncs.com/compatible-mode/v1/chat/completions "HTTP/1.1 200 OK"
2026-04-21 14:11:37,654 - __main___file_only - INFO - 找到数据: 301219 2026-04-21 (3条)
2026-04-21 14:11:37,655 - __main__ - INFO - 处理成功: 301219-2026-04-21
2026-04-21 14:11:37,655 - __main___file_only - INFO - 处理成功: C:\Users\chenkk\Desktop\新建文件夹\301219-2026-04-21-腾远钴业-2025年年度报告.pdf (耗时: 32.34秒)
2026-04-21 14:11:38,269 - httpx - INFO - HTTP Request: DELETE https://dashscope.aliyuncs.com/compatible-mode/v1/files/file-fe-83ba215555194c649614331c "HTTP/1.1 200 OK"
2026-04-21 14:11:38,956 - httpx - INFO - HTTP Request: DELETE https://dashscope.aliyuncs.com/compatible-mode/v1/files/file-fe-9a2952a778be47f182bba699 "HTTP/1.1 200 OK"
2026-04-21 14:11:39,327 - httpx - INFO - HTTP Request: POST https://dashscope.aliyuncs.com/compatible-mode/v1/chat/completions "HTTP/1.1 200 OK"
2026-04-21 14:11:39,451 - httpx - INFO - HTTP Request: POST https://dashscope.aliyuncs.com/compatible-mode/v1/files "HTTP/1.1 200 OK"
2026-04-21 14:11:39,452 - ai_service_enhanced - INFO - 文件上传成功: C:\Users\chenkk\Desktop\新建文件夹\600071-2026-04-21-凤凰光学-凤凰光学股份有限公司2025年年度报告.pdf (文件ID: file-fe-0193d6e4b9eb4da4838a72a5)
2026-04-21 14:11:39,452 - __main___file_only - INFO - 上传文件: 600071-2026-04-21-凤凰光学-凤凰光学股份有限公司2025年年度报告.pdf (大小: 0.28 MB, ID: file-fe-0193d6e4b9eb4da4838a72a5)
2026-04-21 14:11:39,497 - httpx - INFO - HTTP Request: POST https://dashscope.aliyuncs.com/compatible-mode/v1/files "HTTP/1.1 200 OK"
2026-04-21 14:11:39,498 - ai_service_enhanced - INFO - 文件上传成功: C:\Users\chenkk\Desktop\新建文件夹\净资产收益率和每股收益\600071-2026-04-21-凤凰光学-凤凰光学股份有限公司2025年年度报告_mgsy.pdf (文件ID: file-fe-70c8c2a120fd46f6b85d9700)
2026-04-21 14:11:39,498 - __main___file_only - INFO - 上传文件: 600071-2026-04-21-凤凰光学-凤凰光学股份有限公司2025年年度报告_mgsy.pdf (大小: 0.26 MB, ID: file-fe-70c8c2a120fd46f6b85d9700)
2026-04-21 14:11:39,728 - __main__ - INFO - 开始处理: C:\Users\chenkk\Desktop\新建文件夹\600071-2026-04-21-凤凰光学-凤凰光学股份有限公司2025年年度报告.pdf
2026-04-21 14:11:40,018 - httpx - INFO - HTTP Request: POST https://dashscope.aliyuncs.com/compatible-mode/v1/chat/completions "HTTP/1.1 200 OK"
2026-04-21 14:11:41,227 - httpx - INFO - HTTP Request: POST https://dashscope.aliyuncs.com/compatible-mode/v1/files "HTTP/1.1 200 OK"
2026-04-21 14:11:41,228 - ai_service_enhanced - INFO - 文件上传成功: C:\Users\chenkk\Desktop\新建文件夹\600105-2026-04-21-永鼎股份-永鼎股份2025年年度报告.pdf (文件ID: file-fe-a11c5a35f5974c5aba04a2e6)
2026-04-21 14:11:41,228 - __main___file_only - INFO - 上传文件: 600105-2026-04-21-永鼎股份-永鼎股份2025年年度报告.pdf (大小: 0.33 MB, ID: file-fe-a11c5a35f5974c5aba04a2e6)
2026-04-21 14:11:41,248 - httpx - INFO - HTTP Request: POST https://dashscope.aliyuncs.com/compatible-mode/v1/chat/completions "HTTP/1.1 200 OK"
2026-04-21 14:11:41,368 - httpx - INFO - HTTP Request: POST https://dashscope.aliyuncs.com/compatible-mode/v1/files "HTTP/1.1 200 OK"
2026-04-21 14:11:41,369 - ai_service_enhanced - INFO - 文件上传成功: C:\Users\chenkk\Desktop\新建文件夹\净资产收益率和每股收益\600105-2026-04-21-永鼎股份-永鼎股份2025年年度报告_mgsy.pdf (文件ID: file-fe-d93fc78cf00146b0a4a3ff03)
2026-04-21 14:11:41,370 - __main___file_only - INFO - 上传文件: 600105-2026-04-21-永鼎股份-永鼎股份2025年年度报告_mgsy.pdf (大小: 0.29 MB, ID: file-fe-d93fc78cf00146b0a4a3ff03)
2026-04-21 14:11:41,575 - __main__ - INFO - 开始处理: C:\Users\chenkk\Desktop\新建文件夹\600105-2026-04-21-永鼎股份-永鼎股份2025年年度报告.pdf
2026-04-21 14:11:43,126 - httpx - INFO - HTTP Request: POST https://dashscope.aliyuncs.com/compatible-mode/v1/chat/completions "HTTP/1.1 200 OK"
2026-04-21 14:11:43,230 - httpx - INFO - HTTP Request: POST https://dashscope.aliyuncs.com/compatible-mode/v1/chat/completions "HTTP/1.1 200 OK"
2026-04-21 14:11:43,296 - httpx - INFO - HTTP Request: POST https://dashscope.aliyuncs.com/compatible-mode/v1/files "HTTP/1.1 200 OK"
2026-04-21 14:11:43,297 - ai_service_enhanced - INFO - 文件上传成功: C:\Users\chenkk\Desktop\新建文件夹\净资产收益率和每股收益\600114-2026-04-21-东睦股份-东睦股份2025年年度报告_mgsy.pdf (文件ID: file-fe-db2c99ebbb3e431994275649)
2026-04-21 14:11:43,297 - __main___file_only - INFO - 上传文件: 600114-2026-04-21-东睦股份-东睦股份2025年年度报告_mgsy.pdf (大小: 0.21 MB, ID: file-fe-db2c99ebbb3e431994275649)
2026-04-21 14:11:43,323 - httpx - INFO - HTTP Request: POST https://dashscope.aliyuncs.com/compatible-mode/v1/files "HTTP/1.1 200 OK"
2026-04-21 14:11:43,323 - ai_service_enhanced - INFO - 文件上传成功: C:\Users\chenkk\Desktop\新建文件夹\600114-2026-04-21-东睦股份-东睦股份2025年年度报告.pdf (文件ID: file-fe-c5d786ba6e1341019ae16966)
2026-04-21 14:11:43,324 - __main___file_only - INFO - 上传文件: 600114-2026-04-21-东睦股份-东睦股份2025年年度报告.pdf (大小: 0.22 MB, ID: file-fe-c5d786ba6e1341019ae16966)
2026-04-21 14:11:43,324 - __main__ - INFO - 开始处理: C:\Users\chenkk\Desktop\新建文件夹\600114-2026-04-21-东睦股份-东睦股份2025年年度报告.pdf
2026-04-21 14:11:43,358 - __main___file_only - INFO - 找到数据: 301302 2026-04-21 (3条)
2026-04-21 14:11:43,358 - __main__ - INFO - 处理成功: 301302-2026-04-21
2026-04-21 14:11:43,358 - __main___file_only - INFO - 处理成功: C:\Users\chenkk\Desktop\新建文件夹\301302-2026-04-21-华如科技-2025年年度报告.pdf (耗时: 31.54秒)
2026-04-21 14:11:43,983 - httpx - INFO - HTTP Request: DELETE https://dashscope.aliyuncs.com/compatible-mode/v1/files/file-fe-397788bc95fa4ef8994b1ad8 "HTTP/1.1 200 OK"
2026-04-21 14:11:44,030 - httpx - INFO - HTTP Request: POST https://dashscope.aliyuncs.com/compatible-mode/v1/chat/completions "HTTP/1.1 200 OK"
2026-04-21 14:11:44,125 - __main___file_only - INFO - 找到数据: 301363 2026-04-21 (3条)
2026-04-21 14:11:44,125 - __main__ - INFO - 处理成功: 301363-2026-04-21
2026-04-21 14:11:44,125 - __main___file_only - INFO - 处理成功: C:\Users\chenkk\Desktop\新建文件夹\301363-2026-04-21-美好医疗-2025年年度报告.pdf (耗时: 30.47秒)
2026-04-21 14:11:44,738 - httpx - INFO - HTTP Request: DELETE https://dashscope.aliyuncs.com/compatible-mode/v1/files/file-fe-cf3e83b0ba2d4305b1697115 "HTTP/1.1 200 OK"
2026-04-21 14:11:44,749 - httpx - INFO - HTTP Request: POST https://dashscope.aliyuncs.com/compatible-mode/v1/chat/completions "HTTP/1.1 200 OK"
2026-04-21 14:11:44,771 - httpx - INFO - HTTP Request: DELETE https://dashscope.aliyuncs.com/compatible-mode/v1/files/file-fe-e59586b9655349ca910c63fc "HTTP/1.1 200 OK"
2026-04-21 14:11:44,824 - __main___file_only - INFO - 找到数据: 301421 2026-04-21 (3条)
2026-04-21 14:11:44,824 - __main__ - INFO - 处理成功: 301421-2026-04-21
2026-04-21 14:11:44,825 - __main___file_only - INFO - 处理成功: C:\Users\chenkk\Desktop\新建文件夹\301421-2026-04-21-波长光电-2025年年度报告.pdf (耗时: 24.69秒)
2026-04-21 14:11:45,292 - httpx - INFO - HTTP Request: DELETE https://dashscope.aliyuncs.com/compatible-mode/v1/files/file-fe-d7804ff11abf4de29ded6e84 "HTTP/1.1 200 OK"
2026-04-21 14:11:45,550 - httpx - INFO - HTTP Request: DELETE https://dashscope.aliyuncs.com/compatible-mode/v1/files/file-fe-1936bc33461d443481deb356 "HTTP/1.1 200 OK"
2026-04-21 14:11:45,566 - httpx - INFO - HTTP Request: POST https://dashscope.aliyuncs.com/compatible-mode/v1/chat/completions "HTTP/1.1 200 OK"
2026-04-21 14:11:45,581 - httpx - INFO - HTTP Request: POST https://dashscope.aliyuncs.com/compatible-mode/v1/files "HTTP/1.1 200 OK"
2026-04-21 14:11:45,581 - ai_service_enhanced - INFO - 文件上传成功: C:\Users\chenkk\Desktop\新建文件夹\600143-2026-04-21-金发科技-金发科技2025年年度报告.pdf (文件ID: file-fe-dfc3fa85eeb4463789a13054)
2026-04-21 14:11:45,581 - __main___file_only - INFO - 上传文件: 600143-2026-04-21-金发科技-金发科技2025年年度报告.pdf (大小: 0.36 MB, ID: file-fe-dfc3fa85eeb4463789a13054)
2026-04-21 14:11:45,588 - httpx - INFO - HTTP Request: POST https://dashscope.aliyuncs.com/compatible-mode/v1/files "HTTP/1.1 200 OK"
2026-04-21 14:11:45,588 - ai_service_enhanced - INFO - 文件上传成功: C:\Users\chenkk\Desktop\新建文件夹\净资产收益率和每股收益\600143-2026-04-21-金发科技-金发科技2025年年度报告_mgsy.pdf (文件ID: file-fe-43e5119a9fea452da647c1ea)
2026-04-21 14:11:45,589 - __main___file_only - INFO - 上传文件: 600143-2026-04-21-金发科技-金发科技2025年年度报告_mgsy.pdf (大小: 0.32 MB, ID: file-fe-43e5119a9fea452da647c1ea)
2026-04-21 14:11:45,597 - __main__ - INFO - 开始处理: C:\Users\chenkk\Desktop\新建文件夹\600143-2026-04-21-金发科技-金发科技2025年年度报告.pdf
2026-04-21 14:11:45,721 - __main___file_only - INFO - 找到数据: 301387 2026-04-21 (3条)
2026-04-21 14:11:45,721 - __main__ - INFO - 处理成功: 301387-2026-04-21
2026-04-21 14:11:45,721 - __main___file_only - INFO - 处理成功: C:\Users\chenkk\Desktop\新建文件夹\301387-2026-04-21-光大同创-2025年年度报告.pdf (耗时: 29.69秒)
2026-04-21 14:11:45,851 - httpx - INFO - HTTP Request: POST https://dashscope.aliyuncs.com/compatible-mode/v1/chat/completions "HTTP/1.1 200 OK"
2026-04-21 14:11:46,162 - httpx - INFO - HTTP Request: DELETE https://dashscope.aliyuncs.com/compatible-mode/v1/files/file-fe-e94f1ab4e6044df98ae115df "HTTP/1.1 200 OK"
2026-04-21 14:11:46,384 - httpx - INFO - HTTP Request: DELETE https://dashscope.aliyuncs.com/compatible-mode/v1/files/file-fe-01dc113108b44491b3cc54b9 "HTTP/1.1 200 OK"
2026-04-21 14:11:47,202 - httpx - INFO - HTTP Request: DELETE https://dashscope.aliyuncs.com/compatible-mode/v1/files/file-fe-14e1b890711f4e24aa1dda8c "HTTP/1.1 200 OK"
2026-04-21 14:11:47,621 - httpx - INFO - HTTP Request: POST https://dashscope.aliyuncs.com/compatible-mode/v1/files "HTTP/1.1 200 OK"
2026-04-21 14:11:47,622 - ai_service_enhanced - INFO - 文件上传成功: C:\Users\chenkk\Desktop\新建文件夹\净资产收益率和每股收益\600169-2026-04-21-ST太重-太原重工2025年年度报告全文_mgsy.pdf (文件ID: file-fe-fcb0696e11fa4ba1bb0b458f)
2026-04-21 14:11:47,622 - httpx - INFO - HTTP Request: POST https://dashscope.aliyuncs.com/compatible-mode/v1/files "HTTP/1.1 200 OK"
2026-04-21 14:11:47,622 - __main___file_only - INFO - 上传文件: 600169-2026-04-21-ST太重-太原重工2025年年度报告全文_mgsy.pdf (大小: 0.28 MB, ID: file-fe-fcb0696e11fa4ba1bb0b458f)
2026-04-21 14:11:47,623 - ai_service_enhanced - INFO - 文件上传成功: C:\Users\chenkk\Desktop\新建文件夹\600169-2026-04-21-ST太重-太原重工2025年年度报告全文.pdf (文件ID: file-fe-fd3dbe93cf354db690dcaf64)
2026-04-21 14:11:47,623 - __main___file_only - INFO - 上传文件: 600169-2026-04-21-ST太重-太原重工2025年年度报告全文.pdf (大小: 0.36 MB, ID: file-fe-fd3dbe93cf354db690dcaf64)
2026-04-21 14:11:47,623 - __main__ - INFO - 开始处理: C:\Users\chenkk\Desktop\新建文件夹\600169-2026-04-21-ST太重-太原重工2025年年度报告全文.pdf
2026-04-21 14:11:48,469 - httpx - INFO - HTTP Request: POST https://dashscope.aliyuncs.com/compatible-mode/v1/chat/completions "HTTP/1.1 200 OK"
2026-04-21 14:11:48,584 - __main___file_only - INFO - 找到数据: 301399 2026-04-21 (3条)
2026-04-21 14:11:48,584 - __main__ - INFO - 处理成功: 301399-2026-04-21
2026-04-21 14:11:48,584 - __main___file_only - INFO - 处理成功: C:\Users\chenkk\Desktop\新建文件夹\301399-2026-04-21-英特科技-2025年年度报告.pdf (耗时: 30.45秒)
2026-04-21 14:11:49,357 - httpx - INFO - HTTP Request: DELETE https://dashscope.aliyuncs.com/compatible-mode/v1/files/file-fe-32200ff86d3e4f9daf390fd2 "HTTP/1.1 200 OK"
2026-04-21 14:11:49,763 - httpx - INFO - HTTP Request: POST https://dashscope.aliyuncs.com/compatible-mode/v1/files "HTTP/1.1 200 OK"
2026-04-21 14:11:49,764 - ai_service_enhanced - INFO - 文件上传成功: C:\Users\chenkk\Desktop\新建文件夹\净资产收益率和每股收益\600185-2026-04-21-珠免集团-2025年年度报告_mgsy.pdf (文件ID: file-fe-f7a641357e7b4f30bc0ca7b0)
2026-04-21 14:11:49,764 - __main___file_only - INFO - 上传文件: 600185-2026-04-21-珠免集团-2025年年度报告_mgsy.pdf (大小: 0.35 MB, ID: file-fe-f7a641357e7b4f30bc0ca7b0)
2026-04-21 14:11:49,909 - httpx - INFO - HTTP Request: POST https://dashscope.aliyuncs.com/compatible-mode/v1/files "HTTP/1.1 200 OK"
2026-04-21 14:11:49,909 - ai_service_enhanced - INFO - 文件上传成功: C:\Users\chenkk\Desktop\新建文件夹\600185-2026-04-21-珠免集团-2025年年度报告.pdf (文件ID: file-fe-9f1a239f07624d22b47d12c0)
2026-04-21 14:11:49,910 - __main___file_only - INFO - 上传文件: 600185-2026-04-21-珠免集团-2025年年度报告.pdf (大小: 0.37 MB, ID: file-fe-9f1a239f07624d22b47d12c0)
2026-04-21 14:11:49,910 - __main__ - INFO - 开始处理: C:\Users\chenkk\Desktop\新建文件夹\600185-2026-04-21-珠免集团-2025年年度报告.pdf
2026-04-21 14:11:49,919 - httpx - INFO - HTTP Request: POST https://dashscope.aliyuncs.com/compatible-mode/v1/chat/completions "HTTP/1.1 200 OK"
2026-04-21 14:11:49,984 - httpx - INFO - HTTP Request: POST https://dashscope.aliyuncs.com/compatible-mode/v1/chat/completions "HTTP/1.1 200 OK"
2026-04-21 14:11:50,010 - httpx - INFO - HTTP Request: DELETE https://dashscope.aliyuncs.com/compatible-mode/v1/files/file-fe-92a95510420e4e90895c6f81 "HTTP/1.1 200 OK"
2026-04-21 14:11:51,822 - httpx - INFO - HTTP Request: POST https://dashscope.aliyuncs.com/compatible-mode/v1/files "HTTP/1.1 200 OK"
2026-04-21 14:11:51,822 - ai_service_enhanced - INFO - 文件上传成功: C:\Users\chenkk\Desktop\新建文件夹\净资产收益率和每股收益\600191-2026-04-21-华资实业-华资实业2025年年度报告_mgsy.pdf (文件ID: file-fe-dca7f6ae50564d12a9e3d867)
2026-04-21 14:11:51,823 - __main___file_only - INFO - 上传文件: 600191-2026-04-21-华资实业-华资实业2025年年度报告_mgsy.pdf (大小: 0.27 MB, ID: file-fe-dca7f6ae50564d12a9e3d867)
2026-04-21 14:11:51,874 - httpx - INFO - HTTP Request: POST https://dashscope.aliyuncs.com/compatible-mode/v1/chat/completions "HTTP/1.1 200 OK"
2026-04-21 14:11:51,895 - httpx - INFO - HTTP Request: POST https://dashscope.aliyuncs.com/compatible-mode/v1/files "HTTP/1.1 200 OK"
2026-04-21 14:11:51,896 - ai_service_enhanced - INFO - 文件上传成功: C:\Users\chenkk\Desktop\新建文件夹\600191-2026-04-21-华资实业-华资实业2025年年度报告.pdf (文件ID: file-fe-525a42dd52dc4fa7880a4cfd)
2026-04-21 14:11:51,896 - __main___file_only - INFO - 上传文件: 600191-2026-04-21-华资实业-华资实业2025年年度报告.pdf (大小: 0.29 MB, ID: file-fe-525a42dd52dc4fa7880a4cfd)
2026-04-21 14:11:51,914 - __main__ - INFO - 开始处理: C:\Users\chenkk\Desktop\新建文件夹\600191-2026-04-21-华资实业-华资实业2025年年度报告.pdf
2026-04-21 14:11:51,962 - __main___file_only - INFO - 找到数据: 301486 2026-04-21 (3条)
2026-04-21 14:11:51,962 - __main__ - INFO - 处理成功: 301486-2026-04-21
2026-04-21 14:11:51,962 - __main___file_only - INFO - 处理成功: C:\Users\chenkk\Desktop\新建文件夹\301486-2026-04-21-致尚科技-2025年年度报告.pdf (耗时: 29.74秒)
2026-04-21 14:11:52,009 - httpx - INFO - HTTP Request: POST https://dashscope.aliyuncs.com/compatible-mode/v1/chat/completions "HTTP/1.1 200 OK"
2026-04-21 14:11:52,179 - httpx - INFO - HTTP Request: POST https://dashscope.aliyuncs.com/compatible-mode/v1/chat/completions "HTTP/1.1 200 OK"
2026-04-21 14:11:52,287 - __main___file_only - INFO - 找到数据: 301581 2026-04-21 (3条)
2026-04-21 14:11:52,287 - __main__ - INFO - 处理成功: 301581-2026-04-21
2026-04-21 14:11:52,288 - __main___file_only - INFO - 处理成功: C:\Users\chenkk\Desktop\新建文件夹\301581-2026-04-21-黄山谷捷-2025年年度报告.pdf (耗时: 28.02秒)
2026-04-21 14:11:52,588 - httpx - INFO - HTTP Request: DELETE https://dashscope.aliyuncs.com/compatible-mode/v1/files/file-fe-59318333f23745afa4f97b49 "HTTP/1.1 200 OK"
2026-04-21 14:11:52,752 - httpx - INFO - HTTP Request: POST https://dashscope.aliyuncs.com/compatible-mode/v1/chat/completions "HTTP/1.1 200 OK"
2026-04-21 14:11:52,830 - __main___file_only - INFO - 找到数据: 301584 2026-04-21 (3条)
2026-04-21 14:11:52,830 - __main__ - INFO - 处理成功: 301584-2026-04-21
2026-04-21 14:11:52,831 - __main___file_only - INFO - 处理成功: C:\Users\chenkk\Desktop\新建文件夹\301584-2026-04-21-建发致新-2025年年度报告.pdf (耗时: 26.18秒)
2026-04-21 14:11:52,982 - httpx - INFO - HTTP Request: DELETE https://dashscope.aliyuncs.com/compatible-mode/v1/files/file-fe-b77e72300d9e46b1b2287d6e "HTTP/1.1 200 OK"
2026-04-21 14:11:53,204 - httpx - INFO - HTTP Request: DELETE https://dashscope.aliyuncs.com/compatible-mode/v1/files/file-fe-338edc11961c497596426297 "HTTP/1.1 200 OK"
2026-04-21 14:11:53,424 - httpx - INFO - HTTP Request: DELETE https://dashscope.aliyuncs.com/compatible-mode/v1/files/file-fe-cb7a029fcd954c28ae01bde0 "HTTP/1.1 200 OK"
2026-04-21 14:11:53,676 - httpx - INFO - HTTP Request: DELETE https://dashscope.aliyuncs.com/compatible-mode/v1/files/file-fe-955c1b65b46e4b4fac0a8e48 "HTTP/1.1 200 OK"
2026-04-21 14:11:54,040 - httpx - INFO - HTTP Request: POST https://dashscope.aliyuncs.com/compatible-mode/v1/files "HTTP/1.1 200 OK"
2026-04-21 14:11:54,041 - ai_service_enhanced - INFO - 文件上传成功: C:\Users\chenkk\Desktop\新建文件夹\净资产收益率和每股收益\600226-2026-04-21-亨通股份-浙江亨通控股股份有限公司2025年年度报告_mgsy.pdf (文件ID: file-fe-87eedf5a5c6148f5901e8875)
2026-04-21 14:11:54,041 - __main___file_only - INFO - 上传文件: 600226-2026-04-21-亨通股份-浙江亨通控股股份有限公司2025年年度报告_mgsy.pdf (大小: 0.28 MB, ID: file-fe-87eedf5a5c6148f5901e8875)
2026-04-21 14:11:54,053 - httpx - INFO - HTTP Request: POST https://dashscope.aliyuncs.com/compatible-mode/v1/files "HTTP/1.1 200 OK"
2026-04-21 14:11:54,054 - ai_service_enhanced - INFO - 文件上传成功: C:\Users\chenkk\Desktop\新建文件夹\600226-2026-04-21-亨通股份-浙江亨通控股股份有限公司2025年年度报告.pdf (文件ID: file-fe-c4e07374bdc34dae8836b45a)
2026-04-21 14:11:54,054 - __main___file_only - INFO - 上传文件: 600226-2026-04-21-亨通股份-浙江亨通控股股份有限公司2025年年度报告.pdf (大小: 0.30 MB, ID: file-fe-c4e07374bdc34dae8836b45a)
2026-04-21 14:11:54,077 - httpx - INFO - HTTP Request: DELETE https://dashscope.aliyuncs.com/compatible-mode/v1/files/file-fe-13f20cbcb5574ea595b787b8 "HTTP/1.1 200 OK"
2026-04-21 14:11:54,180 - __main__ - INFO - 开始处理: C:\Users\chenkk\Desktop\新建文件夹\600226-2026-04-21-亨通股份-浙江亨通控股股份有限公司2025年年度报告.pdf
2026-04-21 14:11:56,076 - httpx - INFO - HTTP Request: POST https://dashscope.aliyuncs.com/compatible-mode/v1/files "HTTP/1.1 200 OK"
2026-04-21 14:11:56,076 - ai_service_enhanced - INFO - 文件上传成功: C:\Users\chenkk\Desktop\新建文件夹\净资产收益率和每股收益\600261-2026-04-21-阳光照明-阳光照明2025年年度报告_mgsy.pdf (文件ID: file-fe-62ef19be4afe403f9c4f0729)
2026-04-21 14:11:56,077 - __main___file_only - INFO - 上传文件: 600261-2026-04-21-阳光照明-阳光照明2025年年度报告_mgsy.pdf (大小: 0.27 MB, ID: file-fe-62ef19be4afe403f9c4f0729)
2026-04-21 14:11:56,099 - httpx - INFO - HTTP Request: POST https://dashscope.aliyuncs.com/compatible-mode/v1/files "HTTP/1.1 200 OK"
2026-04-21 14:11:56,099 - ai_service_enhanced - INFO - 文件上传成功: C:\Users\chenkk\Desktop\新建文件夹\600261-2026-04-21-阳光照明-阳光照明2025年年度报告.pdf (文件ID: file-fe-d0837450d2e141689f929e69)
2026-04-21 14:11:56,099 - __main___file_only - INFO - 上传文件: 600261-2026-04-21-阳光照明-阳光照明2025年年度报告.pdf (大小: 0.29 MB, ID: file-fe-d0837450d2e141689f929e69)
2026-04-21 14:11:56,157 - httpx - INFO - HTTP Request: POST https://dashscope.aliyuncs.com/compatible-mode/v1/chat/completions "HTTP/1.1 200 OK"
2026-04-21 14:11:56,184 - __main__ - INFO - 开始处理: C:\Users\chenkk\Desktop\新建文件夹\600261-2026-04-21-阳光照明-阳光照明2025年年度报告.pdf
2026-04-21 14:11:57,512 - httpx - INFO - HTTP Request: POST https://dashscope.aliyuncs.com/compatible-mode/v1/chat/completions "HTTP/1.1 200 OK"
2026-04-21 14:11:57,570 - httpx - INFO - HTTP Request: POST https://dashscope.aliyuncs.com/compatible-mode/v1/chat/completions "HTTP/1.1 200 OK"
2026-04-21 14:11:57,663 - __main___file_only - INFO - 找到数据: 301598 2026-04-21 (3条)
2026-04-21 14:11:57,664 - __main__ - INFO - 处理成功: 301598-2026-04-21
2026-04-21 14:11:57,664 - __main___file_only - INFO - 处理成功: C:\Users\chenkk\Desktop\新建文件夹\301598-2026-04-21-博科测试-2025年年度报告.pdf (耗时: 28.91秒)
2026-04-21 14:11:58,214 - httpx - INFO - HTTP Request: POST https://dashscope.aliyuncs.com/compatible-mode/v1/chat/completions "HTTP/1.1 200 OK"
2026-04-21 14:11:58,223 - httpx - INFO - HTTP Request: POST https://dashscope.aliyuncs.com/compatible-mode/v1/files "HTTP/1.1 200 OK"
2026-04-21 14:11:58,224 - ai_service_enhanced - INFO - 文件上传成功: C:\Users\chenkk\Desktop\新建文件夹\600262-2026-04-21-北方股份-内蒙古北方重型汽车股份有限公司2025年年度报告.pdf (文件ID: file-fe-5b121c4cfc07453eaa5b9f0f)
2026-04-21 14:11:58,224 - __main___file_only - INFO - 上传文件: 600262-2026-04-21-北方股份-内蒙古北方重型汽车股份有限公司2025年年度报告.pdf (大小: 0.27 MB, ID: file-fe-5b121c4cfc07453eaa5b9f0f)
2026-04-21 14:11:58,231 - httpx - INFO - HTTP Request: POST https://dashscope.aliyuncs.com/compatible-mode/v1/files "HTTP/1.1 200 OK"
2026-04-21 14:11:58,231 - ai_service_enhanced - INFO - 文件上传成功: C:\Users\chenkk\Desktop\新建文件夹\净资产收益率和每股收益\600262-2026-04-21-北方股份-内蒙古北方重型汽车股份有限公司2025年年度报告_mgsy.pdf (文件ID: file-fe-c8bda4c083764f1993cebe18)
2026-04-21 14:11:58,232 - __main___file_only - INFO - 上传文件: 600262-2026-04-21-北方股份-内蒙古北方重型汽车股份有限公司2025年年度报告_mgsy.pdf (大小: 0.23 MB, ID: file-fe-c8bda4c083764f1993cebe18)
2026-04-21 14:11:58,232 - __main__ - INFO - 开始处理: C:\Users\chenkk\Desktop\新建文件夹\600262-2026-04-21-北方股份-内蒙古北方重型汽车股份有限公司2025年年度报告.pdf
2026-04-21 14:11:58,331 - httpx - INFO - HTTP Request: DELETE https://dashscope.aliyuncs.com/compatible-mode/v1/files/file-fe-5c232af803a34f7581a7db80 "HTTP/1.1 200 OK"
2026-04-21 14:11:58,441 - httpx - INFO - HTTP Request: POST https://dashscope.aliyuncs.com/compatible-mode/v1/chat/completions "HTTP/1.1 200 OK"
2026-04-21 14:11:58,512 - __main___file_only - INFO - 找到数据: 301608 2026-04-21 (3条)
2026-04-21 14:11:58,512 - __main__ - INFO - 处理成功: 301608-2026-04-21
2026-04-21 14:11:58,512 - __main___file_only - INFO - 处理成功: C:\Users\chenkk\Desktop\新建文件夹\301608-2026-04-21-博实结-2025年年度报告.pdf (耗时: 27.76秒)
2026-04-21 14:11:59,103 - httpx - INFO - HTTP Request: DELETE https://dashscope.aliyuncs.com/compatible-mode/v1/files/file-fe-deb776f3768041ff92f7947b "HTTP/1.1 200 OK"
2026-04-21 14:11:59,136 - httpx - INFO - HTTP Request: DELETE https://dashscope.aliyuncs.com/compatible-mode/v1/files/file-fe-ddc86288b66e4074a8f545c9 "HTTP/1.1 200 OK"
2026-04-21 14:11:59,806 - httpx - INFO - HTTP Request: DELETE https://dashscope.aliyuncs.com/compatible-mode/v1/files/file-fe-d741da2dfd9d477aaccfa007 "HTTP/1.1 200 OK"
2026-04-21 14:12:00,304 - httpx - INFO - HTTP Request: POST https://dashscope.aliyuncs.com/compatible-mode/v1/files "HTTP/1.1 200 OK"
2026-04-21 14:12:00,305 - ai_service_enhanced - INFO - 文件上传成功: C:\Users\chenkk\Desktop\新建文件夹\净资产收益率和每股收益\600309-2026-04-21-万华化学-万华化学2025年年度报告_mgsy.pdf (文件ID: file-fe-6437d20d2d574a94b9e88729)
2026-04-21 14:12:00,305 - __main___file_only - INFO - 上传文件: 600309-2026-04-21-万华化学-万华化学2025年年度报告_mgsy.pdf (大小: 0.25 MB, ID: file-fe-6437d20d2d574a94b9e88729)
2026-04-21 14:12:00,329 - httpx - INFO - HTTP Request: POST https://dashscope.aliyuncs.com/compatible-mode/v1/files "HTTP/1.1 200 OK"
2026-04-21 14:12:00,329 - ai_service_enhanced - INFO - 文件上传成功: C:\Users\chenkk\Desktop\新建文件夹\600309-2026-04-21-万华化学-万华化学2025年年度报告.pdf (文件ID: file-fe-ab9eb52894f2429db3f092f4)
2026-04-21 14:12:00,329 - __main___file_only - INFO - 上传文件: 600309-2026-04-21-万华化学-万华化学2025年年度报告.pdf (大小: 0.27 MB, ID: file-fe-ab9eb52894f2429db3f092f4)
2026-04-21 14:12:00,330 - __main__ - INFO - 开始处理: C:\Users\chenkk\Desktop\新建文件夹\600309-2026-04-21-万华化学-万华化学2025年年度报告.pdf
2026-04-21 14:12:01,894 - httpx - INFO - HTTP Request: POST https://dashscope.aliyuncs.com/compatible-mode/v1/chat/completions "HTTP/1.1 200 OK"
2026-04-21 14:12:02,095 - __main___file_only - INFO - 找到数据: 301630 2026-04-21 (3条)
2026-04-21 14:12:02,095 - __main__ - INFO - 处理成功: 301630-2026-04-21
2026-04-21 14:12:02,095 - __main___file_only - INFO - 处理成功: C:\Users\chenkk\Desktop\新建文件夹\301630-2026-04-21-同宇新材-2025年年度报告.pdf (耗时: 29.33秒)
2026-04-21 14:12:02,502 - httpx - INFO - HTTP Request: POST https://dashscope.aliyuncs.com/compatible-mode/v1/files "HTTP/1.1 200 OK"
2026-04-21 14:12:02,502 - ai_service_enhanced - INFO - 文件上传成功: C:\Users\chenkk\Desktop\新建文件夹\600360-2026-04-21-ST华微-吉林华微电子股份有限公司2025年年度报告.pdf (文件ID: file-fe-c318caf0e87e445bb76cd22f)
2026-04-21 14:12:02,502 - __main___file_only - INFO - 上传文件: 600360-2026-04-21-ST华微-吉林华微电子股份有限公司2025年年度报告.pdf (大小: 0.28 MB, ID: file-fe-c318caf0e87e445bb76cd22f)
2026-04-21 14:12:02,728 - httpx - INFO - HTTP Request: POST https://dashscope.aliyuncs.com/compatible-mode/v1/chat/completions "HTTP/1.1 200 OK"
2026-04-21 14:12:02,755 - httpx - INFO - HTTP Request: POST https://dashscope.aliyuncs.com/compatible-mode/v1/chat/completions "HTTP/1.1 200 OK"
2026-04-21 14:12:02,795 - httpx - INFO - HTTP Request: DELETE https://dashscope.aliyuncs.com/compatible-mode/v1/files/file-fe-328523568a544f8ca36db72d "HTTP/1.1 200 OK"
2026-04-21 14:12:03,108 - httpx - INFO - HTTP Request: POST https://dashscope.aliyuncs.com/compatible-mode/v1/files "HTTP/1.1 200 OK"
2026-04-21 14:12:03,108 - ai_service_enhanced - INFO - 文件上传成功: C:\Users\chenkk\Desktop\新建文件夹\净资产收益率和每股收益\600360-2026-04-21-ST华微-吉林华微电子股份有限公司2025年年度报告_mgsy.pdf (文件ID: file-fe-84d26427f0204b7186e60caf)
2026-04-21 14:12:03,109 - __main___file_only - INFO - 上传文件: 600360-2026-04-21-ST华微-吉林华微电子股份有限公司2025年年度报告_mgsy.pdf (大小: 0.26 MB, ID: file-fe-84d26427f0204b7186e60caf)
2026-04-21 14:12:03,228 - __main__ - INFO - 开始处理: C:\Users\chenkk\Desktop\新建文件夹\600360-2026-04-21-ST华微-吉林华微电子股份有限公司2025年年度报告.pdf
2026-04-21 14:12:03,464 - httpx - INFO - HTTP Request: DELETE https://dashscope.aliyuncs.com/compatible-mode/v1/files/file-fe-6cdf4d000ccf4d0bbb4ca323 "HTTP/1.1 200 OK"
2026-04-21 14:12:04,656 - httpx - INFO - HTTP Request: POST https://dashscope.aliyuncs.com/compatible-mode/v1/files "HTTP/1.1 200 OK"
2026-04-21 14:12:04,656 - ai_service_enhanced - INFO - 文件上传成功: C:\Users\chenkk\Desktop\新建文件夹\净资产收益率和每股收益\600365-2026-04-21-ST通葡-通化葡萄酒股份有限公司2025年年度报告_mgsy.pdf (文件ID: file-fe-8ecae29434e0420a84f7d243)
2026-04-21 14:12:04,656 - __main___file_only - INFO - 上传文件: 600365-2026-04-21-ST通葡-通化葡萄酒股份有限公司2025年年度报告_mgsy.pdf (大小: 0.33 MB, ID: file-fe-8ecae29434e0420a84f7d243)
2026-04-21 14:12:04,674 - httpx - INFO - HTTP Request: POST https://dashscope.aliyuncs.com/compatible-mode/v1/files "HTTP/1.1 200 OK"
2026-04-21 14:12:04,675 - ai_service_enhanced - INFO - 文件上传成功: C:\Users\chenkk\Desktop\新建文件夹\600365-2026-04-21-ST通葡-通化葡萄酒股份有限公司2025年年度报告.pdf (文件ID: file-fe-0273eeb2ea374f529a36d746)
2026-04-21 14:12:04,675 - __main___file_only - INFO - 上传文件: 600365-2026-04-21-ST通葡-通化葡萄酒股份有限公司2025年年度报告.pdf (大小: 0.35 MB, ID: file-fe-0273eeb2ea374f529a36d746)
2026-04-21 14:12:04,704 - __main__ - INFO - 开始处理: C:\Users\chenkk\Desktop\新建文件夹\600365-2026-04-21-ST通葡-通化葡萄酒股份有限公司2025年年度报告.pdf
2026-04-21 14:12:05,365 - httpx - INFO - HTTP Request: POST https://dashscope.aliyuncs.com/compatible-mode/v1/chat/completions "HTTP/1.1 200 OK"
2026-04-21 14:12:05,570 - __main___file_only - INFO - 找到数据: 301630 2026-04-21 (3条)
2026-04-21 14:12:05,570 - __main__ - INFO - 处理成功: 301630-2026-04-21
2026-04-21 14:12:05,571 - __main___file_only - INFO - 处理成功: C:\Users\chenkk\Desktop\新建文件夹\301630-2026-04-21-同宇新材-同宇新材2025年年度报告.pdf (耗时: 30.73秒)
2026-04-21 14:12:06,132 - httpx - INFO - HTTP Request: POST https://dashscope.aliyuncs.com/compatible-mode/v1/chat/completions "HTTP/1.1 200 OK"
2026-04-21 14:12:06,301 - httpx - INFO - HTTP Request: DELETE https://dashscope.aliyuncs.com/compatible-mode/v1/files/file-fe-f29cd9a048214c68bcc73c93 "HTTP/1.1 200 OK"
2026-04-21 14:12:06,320 - __main___file_only - INFO - 找到数据: 301680 2026-04-21 (3条)
2026-04-21 14:12:06,320 - __main__ - INFO - 处理成功: 301680-2026-04-21
2026-04-21 14:12:06,320 - __main___file_only - INFO - 处理成功: C:\Users\chenkk\Desktop\新建文件夹\301680-2026-04-21-固德电材-2025年年度报告.pdf (耗时: 29.22秒)
2026-04-21 14:12:06,815 - httpx - INFO - HTTP Request: POST https://dashscope.aliyuncs.com/compatible-mode/v1/files "HTTP/1.1 200 OK"
2026-04-21 14:12:06,816 - ai_service_enhanced - INFO - 文件上传成功: C:\Users\chenkk\Desktop\新建文件夹\净资产收益率和每股收益\600389-2026-04-21-江山股份-江山股份2025年年度报告_mgsy.pdf (文件ID: file-fe-6b1e84c4cc5744fc978e76e4)
2026-04-21 14:12:06,816 - __main___file_only - INFO - 上传文件: 600389-2026-04-21-江山股份-江山股份2025年年度报告_mgsy.pdf (大小: 0.27 MB, ID: file-fe-6b1e84c4cc5744fc978e76e4)
2026-04-21 14:12:06,952 - httpx - INFO - HTTP Request: DELETE https://dashscope.aliyuncs.com/compatible-mode/v1/files/file-fe-045d44e0d31146beb2d8068c "HTTP/1.1 200 OK"
2026-04-21 14:12:06,963 - httpx - INFO - HTTP Request: DELETE https://dashscope.aliyuncs.com/compatible-mode/v1/files/file-fe-1ea6343be791438bb6be0725 "HTTP/1.1 200 OK"
2026-04-21 14:12:07,054 - httpx - INFO - HTTP Request: POST https://dashscope.aliyuncs.com/compatible-mode/v1/files "HTTP/1.1 200 OK"
2026-04-21 14:12:07,055 - ai_service_enhanced - INFO - 文件上传成功: C:\Users\chenkk\Desktop\新建文件夹\600389-2026-04-21-江山股份-江山股份2025年年度报告.pdf (文件ID: file-fe-9e5905434b994ab0a31017d4)
2026-04-21 14:12:07,055 - __main___file_only - INFO - 上传文件: 600389-2026-04-21-江山股份-江山股份2025年年度报告.pdf (大小: 0.29 MB, ID: file-fe-9e5905434b994ab0a31017d4)
2026-04-21 14:12:07,056 - __main__ - INFO - 开始处理: C:\Users\chenkk\Desktop\新建文件夹\600389-2026-04-21-江山股份-江山股份2025年年度报告.pdf
2026-04-21 14:12:07,160 - httpx - INFO - HTTP Request: POST https://dashscope.aliyuncs.com/compatible-mode/v1/chat/completions "HTTP/1.1 200 OK"
2026-04-21 14:12:07,402 - httpx - INFO - HTTP Request: POST https://dashscope.aliyuncs.com/compatible-mode/v1/chat/completions "HTTP/1.1 200 OK"
2026-04-21 14:12:07,624 - httpx - INFO - HTTP Request: DELETE https://dashscope.aliyuncs.com/compatible-mode/v1/files/file-fe-1798d5c7f2a24427b6ea97b9 "HTTP/1.1 200 OK"
2026-04-21 14:12:08,745 - httpx - INFO - HTTP Request: POST https://dashscope.aliyuncs.com/compatible-mode/v1/chat/completions "HTTP/1.1 200 OK"
2026-04-21 14:12:08,961 - httpx - INFO - HTTP Request: POST https://dashscope.aliyuncs.com/compatible-mode/v1/files "HTTP/1.1 200 OK"
2026-04-21 14:12:08,962 - ai_service_enhanced - INFO - 文件上传成功: C:\Users\chenkk\Desktop\新建文件夹\600448-2026-04-21-华纺股份-2025年年度报告.pdf (文件ID: file-fe-edb5c86b490940aba666bb2b)
2026-04-21 14:12:08,962 - __main___file_only - INFO - 上传文件: 600448-2026-04-21-华纺股份-2025年年度报告.pdf (大小: 0.30 MB, ID: file-fe-edb5c86b490940aba666bb2b)
2026-04-21 14:12:08,998 - httpx - INFO - HTTP Request: POST https://dashscope.aliyuncs.com/compatible-mode/v1/chat/completions "HTTP/1.1 200 OK"
2026-04-21 14:12:09,102 - __main___file_only - INFO - 找到数据: 600105 2026-04-21 (3条)
2026-04-21 14:12:09,102 - __main__ - INFO - 处理成功: 600105-2026-04-21
2026-04-21 14:12:09,103 - __main___file_only - INFO - 处理成功: C:\Users\chenkk\Desktop\新建文件夹\600105-2026-04-21-永鼎股份-永鼎股份2025年年度报告.pdf (耗时: 27.53秒)
2026-04-21 14:12:09,112 - httpx - INFO - HTTP Request: POST https://dashscope.aliyuncs.com/compatible-mode/v1/files "HTTP/1.1 200 OK"
2026-04-21 14:12:09,113 - ai_service_enhanced - INFO - 文件上传成功: C:\Users\chenkk\Desktop\新建文件夹\净资产收益率和每股收益\600448-2026-04-21-华纺股份-2025年年度报告_mgsy.pdf (文件ID: file-fe-22dc937923f9483e8b875165)
2026-04-21 14:12:09,113 - __main___file_only - INFO - 上传文件: 600448-2026-04-21-华纺股份-2025年年度报告_mgsy.pdf (大小: 0.26 MB, ID: file-fe-22dc937923f9483e8b875165)
2026-04-21 14:12:09,113 - __main__ - INFO - 开始处理: C:\Users\chenkk\Desktop\新建文件夹\600448-2026-04-21-华纺股份-2025年年度报告.pdf
2026-04-21 14:12:09,209 - httpx - INFO - HTTP Request: POST https://dashscope.aliyuncs.com/compatible-mode/v1/chat/completions "HTTP/1.1 200 OK"
2026-04-21 14:12:09,282 - __main___file_only - INFO - 找到数据: 600071 2026-04-21 (3条)
2026-04-21 14:12:09,282 - __main__ - INFO - 处理成功: 600071-2026-04-21
2026-04-21 14:12:09,282 - __main___file_only - INFO - 处理成功: C:\Users\chenkk\Desktop\新建文件夹\600071-2026-04-21-凤凰光学-凤凰光学股份有限公司2025年年度报告.pdf (耗时: 29.55秒)
2026-04-21 14:12:09,804 - httpx - INFO - HTTP Request: DELETE https://dashscope.aliyuncs.com/compatible-mode/v1/files/file-fe-a11c5a35f5974c5aba04a2e6 "HTTP/1.1 200 OK"
2026-04-21 14:12:09,995 - httpx - INFO - HTTP Request: DELETE https://dashscope.aliyuncs.com/compatible-mode/v1/files/file-fe-0193d6e4b9eb4da4838a72a5 "HTTP/1.1 200 OK"
2026-04-21 14:12:10,480 - httpx - INFO - HTTP Request: DELETE https://dashscope.aliyuncs.com/compatible-mode/v1/files/file-fe-d93fc78cf00146b0a4a3ff03 "HTTP/1.1 200 OK"
2026-04-21 14:12:10,674 - httpx - INFO - HTTP Request: DELETE https://dashscope.aliyuncs.com/compatible-mode/v1/files/file-fe-70c8c2a120fd46f6b85d9700 "HTTP/1.1 200 OK"
2026-04-21 14:12:10,701 - httpx - INFO - HTTP Request: POST https://dashscope.aliyuncs.com/compatible-mode/v1/chat/completions "HTTP/1.1 200 OK"
2026-04-21 14:12:10,805 - __main___file_only - INFO - 找到数据: 600114 2026-04-21 (3条)
2026-04-21 14:12:10,805 - __main__ - INFO - 处理成功: 600114-2026-04-21
2026-04-21 14:12:10,805 - __main___file_only - INFO - 处理成功: C:\Users\chenkk\Desktop\新建文件夹\600114-2026-04-21-东睦股份-东睦股份2025年年度报告.pdf (耗时: 27.48秒)
2026-04-21 14:12:11,062 - httpx - INFO - HTTP Request: POST https://dashscope.aliyuncs.com/compatible-mode/v1/files "HTTP/1.1 200 OK"
2026-04-21 14:12:11,062 - ai_service_enhanced - INFO - 文件上传成功: C:\Users\chenkk\Desktop\新建文件夹\600470-2026-04-21-六国化工-六国化工2025年年度报告.pdf (文件ID: file-fe-9bdd73bc14a8428b90c5635c)
2026-04-21 14:12:11,063 - __main___file_only - INFO - 上传文件: 600470-2026-04-21-六国化工-六国化工2025年年度报告.pdf (大小: 0.30 MB, ID: file-fe-9bdd73bc14a8428b90c5635c)
2026-04-21 14:12:11,146 - httpx - INFO - HTTP Request: POST https://dashscope.aliyuncs.com/compatible-mode/v1/files "HTTP/1.1 200 OK"
2026-04-21 14:12:11,146 - ai_service_enhanced - INFO - 文件上传成功: C:\Users\chenkk\Desktop\新建文件夹\净资产收益率和每股收益\600470-2026-04-21-六国化工-六国化工2025年年度报告_mgsy.pdf (文件ID: file-fe-133b6f3b916a4b879c0252d7)
2026-04-21 14:12:11,146 - __main___file_only - INFO - 上传文件: 600470-2026-04-21-六国化工-六国化工2025年年度报告_mgsy.pdf (大小: 0.28 MB, ID: file-fe-133b6f3b916a4b879c0252d7)
2026-04-21 14:12:11,147 - __main__ - INFO - 开始处理: C:\Users\chenkk\Desktop\新建文件夹\600470-2026-04-21-六国化工-六国化工2025年年度报告.pdf
2026-04-21 14:12:11,505 - httpx - INFO - HTTP Request: DELETE https://dashscope.aliyuncs.com/compatible-mode/v1/files/file-fe-db2c99ebbb3e431994275649 "HTTP/1.1 200 OK"
2026-04-21 14:12:12,188 - httpx - INFO - HTTP Request: DELETE https://dashscope.aliyuncs.com/compatible-mode/v1/files/file-fe-c5d786ba6e1341019ae16966 "HTTP/1.1 200 OK"
2026-04-21 14:12:12,236 - httpx - INFO - HTTP Request: POST https://dashscope.aliyuncs.com/compatible-mode/v1/chat/completions "HTTP/1.1 200 OK"
2026-04-21 14:12:12,331 - __main___file_only - INFO - 找到数据: 600143 2026-04-21 (3条)
2026-04-21 14:12:12,331 - __main__ - INFO - 处理成功: 600143-2026-04-21
2026-04-21 14:12:12,331 - __main___file_only - INFO - 处理成功: C:\Users\chenkk\Desktop\新建文件夹\600143-2026-04-21-金发科技-金发科技2025年年度报告.pdf (耗时: 26.73秒)
2026-04-21 14:12:13,011 - httpx - INFO - HTTP Request: DELETE https://dashscope.aliyuncs.com/compatible-mode/v1/files/file-fe-43e5119a9fea452da647c1ea "HTTP/1.1 200 OK"
2026-04-21 14:12:13,212 - httpx - INFO - HTTP Request: POST https://dashscope.aliyuncs.com/compatible-mode/v1/files "HTTP/1.1 200 OK"
2026-04-21 14:12:13,212 - ai_service_enhanced - INFO - 文件上传成功: C:\Users\chenkk\Desktop\新建文件夹\净资产收益率和每股收益\600510-2026-04-21-黑牡丹-黑牡丹2025年年度报告_mgsy.pdf (文件ID: file-fe-5a5b2d46646e4d73b436de86)
2026-04-21 14:12:13,213 - __main___file_only - INFO - 上传文件: 600510-2026-04-21-黑牡丹-黑牡丹2025年年度报告_mgsy.pdf (大小: 0.25 MB, ID: file-fe-5a5b2d46646e4d73b436de86)
2026-04-21 14:12:13,313 - httpx - INFO - HTTP Request: POST https://dashscope.aliyuncs.com/compatible-mode/v1/chat/completions "HTTP/1.1 200 OK"
2026-04-21 14:12:13,331 - httpx - INFO - HTTP Request: POST https://dashscope.aliyuncs.com/compatible-mode/v1/files "HTTP/1.1 200 OK"
2026-04-21 14:12:13,331 - ai_service_enhanced - INFO - 文件上传成功: C:\Users\chenkk\Desktop\新建文件夹\600510-2026-04-21-黑牡丹-黑牡丹2025年年度报告.pdf (文件ID: file-fe-871a6ec256084649bcb1d430)
2026-04-21 14:12:13,332 - __main___file_only - INFO - 上传文件: 600510-2026-04-21-黑牡丹-黑牡丹2025年年度报告.pdf (大小: 0.27 MB, ID: file-fe-871a6ec256084649bcb1d430)
2026-04-21 14:12:13,523 - __main__ - INFO - 开始处理: C:\Users\chenkk\Desktop\新建文件夹\600510-2026-04-21-黑牡丹-黑牡丹2025年年度报告.pdf
2026-04-21 14:12:13,600 - httpx - INFO - HTTP Request: DELETE https://dashscope.aliyuncs.com/compatible-mode/v1/files/file-fe-dfc3fa85eeb4463789a13054 "HTTP/1.1 200 OK"
2026-04-21 14:12:15,352 - httpx - INFO - HTTP Request: POST https://dashscope.aliyuncs.com/compatible-mode/v1/files "HTTP/1.1 200 OK"
2026-04-21 14:12:15,353 - ai_service_enhanced - INFO - 文件上传成功: C:\Users\chenkk\Desktop\新建文件夹\600513-2026-04-21-联环药业-联环药业2025年度报告.pdf (文件ID: file-fe-8a13c5550895473c879abeff)
2026-04-21 14:12:15,353 - __main___file_only - INFO - 上传文件: 600513-2026-04-21-联环药业-联环药业2025年度报告.pdf (大小: 0.30 MB, ID: file-fe-8a13c5550895473c879abeff)
2026-04-21 14:12:15,380 - httpx - INFO - HTTP Request: POST https://dashscope.aliyuncs.com/compatible-mode/v1/files "HTTP/1.1 200 OK"
2026-04-21 14:12:15,381 - ai_service_enhanced - INFO - 文件上传成功: C:\Users\chenkk\Desktop\新建文件夹\净资产收益率和每股收益\600513-2026-04-21-联环药业-联环药业2025年度报告_mgsy.pdf (文件ID: file-fe-1d3093886fbb4ce2a0bc3e22)
2026-04-21 14:12:15,381 - __main___file_only - INFO - 上传文件: 600513-2026-04-21-联环药业-联环药业2025年度报告_mgsy.pdf (大小: 0.26 MB, ID: file-fe-1d3093886fbb4ce2a0bc3e22)
2026-04-21 14:12:15,448 - httpx - INFO - HTTP Request: POST https://dashscope.aliyuncs.com/compatible-mode/v1/chat/completions "HTTP/1.1 200 OK"
2026-04-21 14:12:15,534 - __main___file_only - INFO - 找到数据: 600169 2026-04-21 (3条)
2026-04-21 14:12:15,534 - __main__ - INFO - 处理成功: 600169-2026-04-21
2026-04-21 14:12:15,534 - __main___file_only - INFO - 处理成功: C:\Users\chenkk\Desktop\新建文件夹\600169-2026-04-21-ST太重-太原重工2025年年度报告全文.pdf (耗时: 27.91秒)
2026-04-21 14:12:15,637 - __main__ - INFO - 开始处理: C:\Users\chenkk\Desktop\新建文件夹\600513-2026-04-21-联环药业-联环药业2025年度报告.pdf
2026-04-21 14:12:16,182 - httpx - INFO - HTTP Request: POST https://dashscope.aliyuncs.com/compatible-mode/v1/chat/completions "HTTP/1.1 200 OK"
2026-04-21 14:12:16,241 - httpx - INFO - HTTP Request: DELETE https://dashscope.aliyuncs.com/compatible-mode/v1/files/file-fe-fcb0696e11fa4ba1bb0b458f "HTTP/1.1 200 OK"
2026-04-21 14:12:16,970 - httpx - INFO - HTTP Request: DELETE https://dashscope.aliyuncs.com/compatible-mode/v1/files/file-fe-fd3dbe93cf354db690dcaf64 "HTTP/1.1 200 OK"
2026-04-21 14:12:17,390 - httpx - INFO - HTTP Request: POST https://dashscope.aliyuncs.com/compatible-mode/v1/files "HTTP/1.1 200 OK"
2026-04-21 14:12:17,390 - ai_service_enhanced - INFO - 文件上传成功: C:\Users\chenkk\Desktop\新建文件夹\净资产收益率和每股收益\600526-2026-04-21-菲达环保-浙江菲达环保科技股份有限公司2025年年度报告_mgsy.pdf (文件ID: file-fe-72c996c4b30147ffa0a0e7ca)
2026-04-21 14:12:17,390 - __main___file_only - INFO - 上传文件: 600526-2026-04-21-菲达环保-浙江菲达环保科技股份有限公司2025年年度报告_mgsy.pdf (大小: 0.30 MB, ID: file-fe-72c996c4b30147ffa0a0e7ca)
2026-04-21 14:12:17,482 - httpx - INFO - HTTP Request: POST https://dashscope.aliyuncs.com/compatible-mode/v1/files "HTTP/1.1 200 OK"
2026-04-21 14:12:17,482 - ai_service_enhanced - INFO - 文件上传成功: C:\Users\chenkk\Desktop\新建文件夹\600526-2026-04-21-菲达环保-浙江菲达环保科技股份有限公司2025年年度报告.pdf (文件ID: file-fe-1f0c4e72917f4438bb53c4ea)
2026-04-21 14:12:17,483 - __main___file_only - INFO - 上传文件: 600526-2026-04-21-菲达环保-浙江菲达环保科技股份有限公司2025年年度报告.pdf (大小: 0.36 MB, ID: file-fe-1f0c4e72917f4438bb53c4ea)
2026-04-21 14:12:17,594 - httpx - INFO - HTTP Request: POST https://dashscope.aliyuncs.com/compatible-mode/v1/chat/completions "HTTP/1.1 200 OK"
2026-04-21 14:12:17,641 - httpx - INFO - HTTP Request: POST https://dashscope.aliyuncs.com/compatible-mode/v1/chat/completions "HTTP/1.1 200 OK"
2026-04-21 14:12:17,741 - __main__ - INFO - 开始处理: C:\Users\chenkk\Desktop\新建文件夹\600526-2026-04-21-菲达环保-浙江菲达环保科技股份有限公司2025年年度报告.pdf
2026-04-21 14:12:18,634 - httpx - INFO - HTTP Request: POST https://dashscope.aliyuncs.com/compatible-mode/v1/chat/completions "HTTP/1.1 200 OK"
2026-04-21 14:12:18,714 - httpx - INFO - HTTP Request: POST https://dashscope.aliyuncs.com/compatible-mode/v1/chat/completions "HTTP/1.1 200 OK"
2026-04-21 14:12:18,715 - __main___file_only - INFO - 找到数据: 600191 2026-04-21 (3条)
2026-04-21 14:12:18,716 - __main__ - INFO - 处理成功: 600191-2026-04-21
2026-04-21 14:12:18,716 - __main___file_only - INFO - 处理成功: C:\Users\chenkk\Desktop\新建文件夹\600191-2026-04-21-华资实业-华资实业2025年年度报告.pdf (耗时: 26.80秒)
2026-04-21 14:12:18,789 - __main___file_only - INFO - 找到数据: 600226 2026-04-21 (3条)
2026-04-21 14:12:18,789 - __main__ - INFO - 处理成功: 600226-2026-04-21
2026-04-21 14:12:18,789 - __main___file_only - INFO - 处理成功: C:\Users\chenkk\Desktop\新建文件夹\600226-2026-04-21-亨通股份-浙江亨通控股股份有限公司2025年年度报告.pdf (耗时: 24.61秒)
2026-04-21 14:12:19,386 - httpx - INFO - HTTP Request: DELETE https://dashscope.aliyuncs.com/compatible-mode/v1/files/file-fe-c4e07374bdc34dae8836b45a "HTTP/1.1 200 OK"
2026-04-21 14:12:19,415 - httpx - INFO - HTTP Request: POST https://dashscope.aliyuncs.com/compatible-mode/v1/chat/completions "HTTP/1.1 200 OK"
2026-04-21 14:12:19,488 - httpx - INFO - HTTP Request: DELETE https://dashscope.aliyuncs.com/compatible-mode/v1/files/file-fe-dca7f6ae50564d12a9e3d867 "HTTP/1.1 200 OK"
2026-04-21 14:12:19,503 - __main___file_only - INFO - 找到数据: 600185 2026-04-21 (3条)
2026-04-21 14:12:19,503 - __main__ - INFO - 处理成功: 600185-2026-04-21
2026-04-21 14:12:19,503 - __main___file_only - INFO - 处理成功: C:\Users\chenkk\Desktop\新建文件夹\600185-2026-04-21-珠免集团-2025年年度报告.pdf (耗时: 29.59秒)
2026-04-21 14:12:19,526 - httpx - INFO - HTTP Request: POST https://dashscope.aliyuncs.com/compatible-mode/v1/files "HTTP/1.1 200 OK"
2026-04-21 14:12:19,526 - ai_service_enhanced - INFO - 文件上传成功: C:\Users\chenkk\Desktop\新建文件夹\净资产收益率和每股收益\600618-2026-04-21-氯碱化工-氯碱化工2025年年度报告_mgsy.pdf (文件ID: file-fe-8fa907cf4c12498c96534ff8)
2026-04-21 14:12:19,526 - __main___file_only - INFO - 上传文件: 600618-2026-04-21-氯碱化工-氯碱化工2025年年度报告_mgsy.pdf (大小: 0.27 MB, ID: file-fe-8fa907cf4c12498c96534ff8)
2026-04-21 14:12:19,528 - httpx - INFO - HTTP Request: POST https://dashscope.aliyuncs.com/compatible-mode/v1/files "HTTP/1.1 200 OK"
2026-04-21 14:12:19,529 - ai_service_enhanced - INFO - 文件上传成功: C:\Users\chenkk\Desktop\新建文件夹\600618-2026-04-21-氯碱化工-氯碱化工2025年年度报告.pdf (文件ID: file-fe-9b909ebf8eec4c0c9bdb2920)
2026-04-21 14:12:19,529 - __main___file_only - INFO - 上传文件: 600618-2026-04-21-氯碱化工-氯碱化工2025年年度报告.pdf (大小: 0.33 MB, ID: file-fe-9b909ebf8eec4c0c9bdb2920)
2026-04-21 14:12:19,529 - __main__ - INFO - 开始处理: C:\Users\chenkk\Desktop\新建文件夹\600618-2026-04-21-氯碱化工-氯碱化工2025年年度报告.pdf
2026-04-21 14:12:19,619 - httpx - INFO - HTTP Request: POST https://dashscope.aliyuncs.com/compatible-mode/v1/chat/completions "HTTP/1.1 200 OK"
2026-04-21 14:12:20,026 - httpx - INFO - HTTP Request: DELETE https://dashscope.aliyuncs.com/compatible-mode/v1/files/file-fe-f7a641357e7b4f30bc0ca7b0 "HTTP/1.1 200 OK"
2026-04-21 14:12:20,108 - httpx - INFO - HTTP Request: DELETE https://dashscope.aliyuncs.com/compatible-mode/v1/files/file-fe-525a42dd52dc4fa7880a4cfd "HTTP/1.1 200 OK"
2026-04-21 14:12:20,112 - httpx - INFO - HTTP Request: DELETE https://dashscope.aliyuncs.com/compatible-mode/v1/files/file-fe-87eedf5a5c6148f5901e8875 "HTTP/1.1 200 OK"
2026-04-21 14:12:20,649 - httpx - INFO - HTTP Request: DELETE https://dashscope.aliyuncs.com/compatible-mode/v1/files/file-fe-9f1a239f07624d22b47d12c0 "HTTP/1.1 200 OK"
2026-04-21 14:12:21,703 - httpx - INFO - HTTP Request: POST https://dashscope.aliyuncs.com/compatible-mode/v1/files "HTTP/1.1 200 OK"
2026-04-21 14:12:21,704 - ai_service_enhanced - INFO - 文件上传成功: C:\Users\chenkk\Desktop\新建文件夹\600623-2026-04-21-华谊集团-2025年年度报告.pdf (文件ID: file-fe-ee574247bd1540769e1c0aff)
2026-04-21 14:12:21,704 - __main___file_only - INFO - 上传文件: 600623-2026-04-21-华谊集团-2025年年度报告.pdf (大小: 0.26 MB, ID: file-fe-ee574247bd1540769e1c0aff)
2026-04-21 14:12:21,774 - httpx - INFO - HTTP Request: POST https://dashscope.aliyuncs.com/compatible-mode/v1/files "HTTP/1.1 200 OK"
2026-04-21 14:12:21,775 - ai_service_enhanced - INFO - 文件上传成功: C:\Users\chenkk\Desktop\新建文件夹\净资产收益率和每股收益\600623-2026-04-21-华谊集团-2025年年度报告_mgsy.pdf (文件ID: file-fe-73a434686bcf4f13b5c95581)
2026-04-21 14:12:21,775 - __main___file_only - INFO - 上传文件: 600623-2026-04-21-华谊集团-2025年年度报告_mgsy.pdf (大小: 0.27 MB, ID: file-fe-73a434686bcf4f13b5c95581)
2026-04-21 14:12:21,796 - __main__ - INFO - 开始处理: C:\Users\chenkk\Desktop\新建文件夹\600623-2026-04-21-华谊集团-2025年年度报告.pdf
2026-04-21 14:12:22,049 - httpx - INFO - HTTP Request: POST https://dashscope.aliyuncs.com/compatible-mode/v1/chat/completions "HTTP/1.1 200 OK"
2026-04-21 14:12:23,823 - httpx - INFO - HTTP Request: POST https://dashscope.aliyuncs.com/compatible-mode/v1/files "HTTP/1.1 200 OK"
2026-04-21 14:12:23,824 - ai_service_enhanced - INFO - 文件上传成功: C:\Users\chenkk\Desktop\新建文件夹\净资产收益率和每股收益\600637-2026-04-21-东方明珠-东方明珠2025年年度报告_mgsy.pdf (文件ID: file-fe-8774f26b3c764dc6a5d0709a)
2026-04-21 14:12:23,824 - __main___file_only - INFO - 上传文件: 600637-2026-04-21-东方明珠-东方明珠2025年年度报告_mgsy.pdf (大小: 0.31 MB, ID: file-fe-8774f26b3c764dc6a5d0709a)
2026-04-21 14:12:23,852 - httpx - INFO - HTTP Request: POST https://dashscope.aliyuncs.com/compatible-mode/v1/files "HTTP/1.1 200 OK"
2026-04-21 14:12:23,853 - ai_service_enhanced - INFO - 文件上传成功: C:\Users\chenkk\Desktop\新建文件夹\600637-2026-04-21-东方明珠-东方明珠2025年年度报告.pdf (文件ID: file-fe-14151af4e18f4c59aa3759ed)
2026-04-21 14:12:23,853 - __main___file_only - INFO - 上传文件: 600637-2026-04-21-东方明珠-东方明珠2025年年度报告.pdf (大小: 0.39 MB, ID: file-fe-14151af4e18f4c59aa3759ed)
2026-04-21 14:12:23,854 - __main__ - INFO - 开始处理: C:\Users\chenkk\Desktop\新建文件夹\600637-2026-04-21-东方明珠-东方明珠2025年年度报告.pdf
2026-04-21 14:12:24,078 - httpx - INFO - HTTP Request: POST https://dashscope.aliyuncs.com/compatible-mode/v1/chat/completions "HTTP/1.1 200 OK"
2026-04-21 14:12:24,359 - httpx - INFO - HTTP Request: POST https://dashscope.aliyuncs.com/compatible-mode/v1/chat/completions "HTTP/1.1 200 OK"
2026-04-21 14:12:24,440 - __main___file_only - INFO - 找到数据: 600261 2026-04-21 (3条)
2026-04-21 14:12:24,440 - __main__ - INFO - 处理成功: 600261-2026-04-21
2026-04-21 14:12:24,440 - __main___file_only - INFO - 处理成功: C:\Users\chenkk\Desktop\新建文件夹\600261-2026-04-21-阳光照明-阳光照明2025年年度报告.pdf (耗时: 28.26秒)
2026-04-21 14:12:25,192 - httpx - INFO - HTTP Request: DELETE https://dashscope.aliyuncs.com/compatible-mode/v1/files/file-fe-62ef19be4afe403f9c4f0729 "HTTP/1.1 200 OK"
2026-04-21 14:12:25,815 - httpx - INFO - HTTP Request: DELETE https://dashscope.aliyuncs.com/compatible-mode/v1/files/file-fe-d0837450d2e141689f929e69 "HTTP/1.1 200 OK"
2026-04-21 14:12:25,925 - httpx - INFO - HTTP Request: POST https://dashscope.aliyuncs.com/compatible-mode/v1/files "HTTP/1.1 200 OK"
2026-04-21 14:12:25,926 - ai_service_enhanced - INFO - 文件上传成功: C:\Users\chenkk\Desktop\新建文件夹\600639-2026-04-21-浦东金桥-浦东金桥2025年年度报告.pdf (文件ID: file-fe-939702bbcca240afbc9bae2e)
2026-04-21 14:12:25,926 - __main___file_only - INFO - 上传文件: 600639-2026-04-21-浦东金桥-浦东金桥2025年年度报告.pdf (大小: 0.31 MB, ID: file-fe-939702bbcca240afbc9bae2e)
2026-04-21 14:12:25,979 - httpx - INFO - HTTP Request: POST https://dashscope.aliyuncs.com/compatible-mode/v1/files "HTTP/1.1 200 OK"
2026-04-21 14:12:25,979 - ai_service_enhanced - INFO - 文件上传成功: C:\Users\chenkk\Desktop\新建文件夹\净资产收益率和每股收益\600639-2026-04-21-浦东金桥-浦东金桥2025年年度报告_mgsy.pdf (文件ID: file-fe-071728e9ee954e8d8b84dd5e)
2026-04-21 14:12:25,979 - __main___file_only - INFO - 上传文件: 600639-2026-04-21-浦东金桥-浦东金桥2025年年度报告_mgsy.pdf (大小: 0.25 MB, ID: file-fe-071728e9ee954e8d8b84dd5e)
2026-04-21 14:12:26,222 - httpx - INFO - HTTP Request: POST https://dashscope.aliyuncs.com/compatible-mode/v1/chat/completions "HTTP/1.1 200 OK"
2026-04-21 14:12:26,233 - __main__ - INFO - 开始处理: C:\Users\chenkk\Desktop\新建文件夹\600639-2026-04-21-浦东金桥-浦东金桥2025年年度报告.pdf
2026-04-21 14:12:28,066 - httpx - INFO - HTTP Request: POST https://dashscope.aliyuncs.com/compatible-mode/v1/files "HTTP/1.1 200 OK"
2026-04-21 14:12:28,067 - ai_service_enhanced - INFO - 文件上传成功: C:\Users\chenkk\Desktop\新建文件夹\净资产收益率和每股收益\600683-2026-04-21-京投发展-京投发展股份有限公司2025年年度报告_mgsy.pdf (文件ID: file-fe-8faeb584593646e799752cf9)
2026-04-21 14:12:28,067 - __main___file_only - INFO - 上传文件: 600683-2026-04-21-京投发展-京投发展股份有限公司2025年年度报告_mgsy.pdf (大小: 0.22 MB, ID: file-fe-8faeb584593646e799752cf9)
2026-04-21 14:12:28,213 - httpx - INFO - HTTP Request: POST https://dashscope.aliyuncs.com/compatible-mode/v1/chat/completions "HTTP/1.1 200 OK"
2026-04-21 14:12:28,254 - httpx - INFO - HTTP Request: POST https://dashscope.aliyuncs.com/compatible-mode/v1/files "HTTP/1.1 200 OK"
2026-04-21 14:12:28,254 - ai_service_enhanced - INFO - 文件上传成功: C:\Users\chenkk\Desktop\新建文件夹\600683-2026-04-21-京投发展-京投发展股份有限公司2025年年度报告.pdf (文件ID: file-fe-502721c1ab664906b0d0d22b)
2026-04-21 14:12:28,254 - __main___file_only - INFO - 上传文件: 600683-2026-04-21-京投发展-京投发展股份有限公司2025年年度报告.pdf (大小: 0.26 MB, ID: file-fe-502721c1ab664906b0d0d22b)
2026-04-21 14:12:28,288 - __main___file_only - INFO - 找到数据: 600262 2026-04-21 (3条)
2026-04-21 14:12:28,288 - __main__ - INFO - 处理成功: 600262-2026-04-21
2026-04-21 14:12:28,288 - __main___file_only - INFO - 处理成功: C:\Users\chenkk\Desktop\新建文件夹\600262-2026-04-21-北方股份-内蒙古北方重型汽车股份有限公司2025年年度报告.pdf (耗时: 30.06秒)
2026-04-21 14:12:28,340 - __main__ - INFO - 开始处理: C:\Users\chenkk\Desktop\新建文件夹\600683-2026-04-21-京投发展-京投发展股份有限公司2025年年度报告.pdf
2026-04-21 14:12:28,392 - httpx - INFO - HTTP Request: POST https://dashscope.aliyuncs.com/compatible-mode/v1/chat/completions "HTTP/1.1 200 OK"
2026-04-21 14:12:28,969 - httpx - INFO - HTTP Request: DELETE https://dashscope.aliyuncs.com/compatible-mode/v1/files/file-fe-5b121c4cfc07453eaa5b9f0f "HTTP/1.1 200 OK"
2026-04-21 14:12:29,013 - httpx - INFO - HTTP Request: POST https://dashscope.aliyuncs.com/compatible-mode/v1/chat/completions "HTTP/1.1 200 OK"
2026-04-21 14:12:29,084 - __main___file_only - INFO - 找到数据: 600309 2026-04-21 (3条)
2026-04-21 14:12:29,085 - __main__ - INFO - 处理成功: 600309-2026-04-21
2026-04-21 14:12:29,085 - __main___file_only - INFO - 处理成功: C:\Users\chenkk\Desktop\新建文件夹\600309-2026-04-21-万华化学-万华化学2025年年度报告.pdf (耗时: 28.75秒)
2026-04-21 14:12:29,793 - httpx - INFO - HTTP Request: DELETE https://dashscope.aliyuncs.com/compatible-mode/v1/files/file-fe-c8bda4c083764f1993cebe18 "HTTP/1.1 200 OK"
2026-04-21 14:12:29,843 - httpx - INFO - HTTP Request: DELETE https://dashscope.aliyuncs.com/compatible-mode/v1/files/file-fe-6437d20d2d574a94b9e88729 "HTTP/1.1 200 OK"
2026-04-21 14:12:29,853 - httpx - INFO - HTTP Request: POST https://dashscope.aliyuncs.com/compatible-mode/v1/chat/completions "HTTP/1.1 200 OK"
2026-04-21 14:12:29,874 - httpx - INFO - HTTP Request: DELETE https://dashscope.aliyuncs.com/compatible-mode/v1/files/file-fe-ab9eb52894f2429db3f092f4 "HTTP/1.1 429 Too Many Requests"
2026-04-21 14:12:29,875 - openai._base_client - INFO - Retrying request to /files/file-fe-ab9eb52894f2429db3f092f4 in 0.474584 seconds
2026-04-21 14:12:29,958 - __main___file_only - INFO - 找到数据: 600360 2026-04-21 (3条)
2026-04-21 14:12:29,959 - __main__ - INFO - 处理成功: 600360-2026-04-21
2026-04-21 14:12:29,959 - __main___file_only - INFO - 处理成功: C:\Users\chenkk\Desktop\新建文件夹\600360-2026-04-21-ST华微-吉林华微电子股份有限公司2025年年度报告.pdf (耗时: 26.73秒)
2026-04-21 14:12:30,219 - httpx - INFO - HTTP Request: POST https://dashscope.aliyuncs.com/compatible-mode/v1/files "HTTP/1.1 200 OK"
2026-04-21 14:12:30,219 - ai_service_enhanced - INFO - 文件上传成功: C:\Users\chenkk\Desktop\新建文件夹\净资产收益率和每股收益\600740-2026-04-21-山西焦化-山西焦化股份有限公司2025年年度报告_mgsy.pdf (文件ID: file-fe-5f52522c1946493bb429f487)
2026-04-21 14:12:30,219 - __main___file_only - INFO - 上传文件: 600740-2026-04-21-山西焦化-山西焦化股份有限公司2025年年度报告_mgsy.pdf (大小: 0.27 MB, ID: file-fe-5f52522c1946493bb429f487)
2026-04-21 14:12:30,354 - httpx - INFO - HTTP Request: POST https://dashscope.aliyuncs.com/compatible-mode/v1/files "HTTP/1.1 200 OK"
2026-04-21 14:12:30,354 - ai_service_enhanced - INFO - 文件上传成功: C:\Users\chenkk\Desktop\新建文件夹\600740-2026-04-21-山西焦化-山西焦化股份有限公司2025年年度报告.pdf (文件ID: file-fe-1fbe185795824a63a7d7a35d)
2026-04-21 14:12:30,355 - __main___file_only - INFO - 上传文件: 600740-2026-04-21-山西焦化-山西焦化股份有限公司2025年年度报告.pdf (大小: 0.28 MB, ID: file-fe-1fbe185795824a63a7d7a35d)
2026-04-21 14:12:30,355 - __main__ - INFO - 开始处理: C:\Users\chenkk\Desktop\新建文件夹\600740-2026-04-21-山西焦化-山西焦化股份有限公司2025年年度报告.pdf
2026-04-21 14:12:30,508 - httpx - INFO - HTTP Request: POST https://dashscope.aliyuncs.com/compatible-mode/v1/chat/completions "HTTP/1.1 200 OK"
2026-04-21 14:12:30,621 - httpx - INFO - HTTP Request: DELETE https://dashscope.aliyuncs.com/compatible-mode/v1/files/file-fe-c318caf0e87e445bb76cd22f "HTTP/1.1 200 OK"
2026-04-21 14:12:30,989 - httpx - INFO - HTTP Request: DELETE https://dashscope.aliyuncs.com/compatible-mode/v1/files/file-fe-ab9eb52894f2429db3f092f4 "HTTP/1.1 200 OK"
2026-04-21 14:12:31,254 - httpx - INFO - HTTP Request: DELETE https://dashscope.aliyuncs.com/compatible-mode/v1/files/file-fe-84d26427f0204b7186e60caf "HTTP/1.1 200 OK"
2026-04-21 14:12:32,319 - httpx - INFO - HTTP Request: POST https://dashscope.aliyuncs.com/compatible-mode/v1/chat/completions "HTTP/1.1 200 OK"
2026-04-21 14:12:32,366 - httpx - INFO - HTTP Request: POST https://dashscope.aliyuncs.com/compatible-mode/v1/files "HTTP/1.1 200 OK"
2026-04-21 14:12:32,367 - ai_service_enhanced - INFO - 文件上传成功: C:\Users\chenkk\Desktop\新建文件夹\600782-2026-04-21-新钢股份-新钢股份2025年年度报告全文.pdf (文件ID: file-fe-b7e8bdf4496341b9aa4b3e42)
2026-04-21 14:12:32,367 - __main___file_only - INFO - 上传文件: 600782-2026-04-21-新钢股份-新钢股份2025年年度报告全文.pdf (大小: 0.31 MB, ID: file-fe-b7e8bdf4496341b9aa4b3e42)
2026-04-21 14:12:32,368 - httpx - INFO - HTTP Request: POST https://dashscope.aliyuncs.com/compatible-mode/v1/files "HTTP/1.1 200 OK"
2026-04-21 14:12:32,369 - ai_service_enhanced - INFO - 文件上传成功: C:\Users\chenkk\Desktop\新建文件夹\净资产收益率和每股收益\600782-2026-04-21-新钢股份-新钢股份2025年年度报告全文_mgsy.pdf (文件ID: file-fe-bbe82acc414c435ba327d202)
2026-04-21 14:12:32,369 - __main___file_only - INFO - 上传文件: 600782-2026-04-21-新钢股份-新钢股份2025年年度报告全文_mgsy.pdf (大小: 0.28 MB, ID: file-fe-bbe82acc414c435ba327d202)
2026-04-21 14:12:32,370 - __main__ - INFO - 开始处理: C:\Users\chenkk\Desktop\新建文件夹\600782-2026-04-21-新钢股份-新钢股份2025年年度报告全文.pdf
2026-04-21 14:12:34,087 - httpx - INFO - HTTP Request: POST https://dashscope.aliyuncs.com/compatible-mode/v1/chat/completions "HTTP/1.1 200 OK"
2026-04-21 14:12:34,160 - __main___file_only - INFO - 找到数据: 600389 2026-04-21 (3条)
2026-04-21 14:12:34,160 - __main__ - INFO - 处理成功: 600389-2026-04-21
2026-04-21 14:12:34,160 - __main___file_only - INFO - 处理成功: C:\Users\chenkk\Desktop\新建文件夹\600389-2026-04-21-江山股份-江山股份2025年年度报告.pdf (耗时: 27.10秒)
2026-04-21 14:12:34,435 - httpx - INFO - HTTP Request: POST https://dashscope.aliyuncs.com/compatible-mode/v1/files "HTTP/1.1 200 OK"
2026-04-21 14:12:34,436 - ai_service_enhanced - INFO - 文件上传成功: C:\Users\chenkk\Desktop\新建文件夹\600794-2026-04-21-保税科技-张家港保税科技（集团）股份有限公司2025年年度报告.pdf (文件ID: file-fe-23e48273db804ec3b313de2e)
2026-04-21 14:12:34,436 - __main___file_only - INFO - 上传文件: 600794-2026-04-21-保税科技-张家港保税科技（集团）股份有限公司2025年年度报告.pdf (大小: 0.26 MB, ID: file-fe-23e48273db804ec3b313de2e)
2026-04-21 14:12:34,548 - httpx - INFO - HTTP Request: POST https://dashscope.aliyuncs.com/compatible-mode/v1/files "HTTP/1.1 200 OK"
2026-04-21 14:12:34,549 - ai_service_enhanced - INFO - 文件上传成功: C:\Users\chenkk\Desktop\新建文件夹\净资产收益率和每股收益\600794-2026-04-21-保税科技-张家港保税科技（集团）股份有限公司2025年年度报告_mgsy.pdf (文件ID: file-fe-9606c7895cdb436caffaa16f)
2026-04-21 14:12:34,549 - __main___file_only - INFO - 上传文件: 600794-2026-04-21-保税科技-张家港保税科技（集团）股份有限公司2025年年度报告_mgsy.pdf (大小: 0.24 MB, ID: file-fe-9606c7895cdb436caffaa16f)
2026-04-21 14:12:34,750 - __main__ - INFO - 开始处理: C:\Users\chenkk\Desktop\新建文件夹\600794-2026-04-21-保税科技-张家港保税科技（集团）股份有限公司2025年年度报告.pdf
2026-04-21 14:12:35,334 - httpx - INFO - HTTP Request: DELETE https://dashscope.aliyuncs.com/compatible-mode/v1/files/file-fe-6b1e84c4cc5744fc978e76e4 "HTTP/1.1 200 OK"
2026-04-21 14:12:35,985 - httpx - INFO - HTTP Request: DELETE https://dashscope.aliyuncs.com/compatible-mode/v1/files/file-fe-9e5905434b994ab0a31017d4 "HTTP/1.1 200 OK"
2026-04-21 14:12:36,139 - httpx - INFO - HTTP Request: POST https://dashscope.aliyuncs.com/compatible-mode/v1/chat/completions "HTTP/1.1 200 OK"
2026-04-21 14:12:36,210 - __main___file_only - INFO - 找到数据: 600365 2026-04-21 (3条)
2026-04-21 14:12:36,210 - __main__ - INFO - 处理成功: 600365-2026-04-21
2026-04-21 14:12:36,210 - __main___file_only - INFO - 处理成功: C:\Users\chenkk\Desktop\新建文件夹\600365-2026-04-21-ST通葡-通化葡萄酒股份有限公司2025年年度报告.pdf (耗时: 31.51秒)
2026-04-21 14:12:36,540 - httpx - INFO - HTTP Request: POST https://dashscope.aliyuncs.com/compatible-mode/v1/files "HTTP/1.1 200 OK"
2026-04-21 14:12:36,541 - ai_service_enhanced - INFO - 文件上传成功: C:\Users\chenkk\Desktop\新建文件夹\净资产收益率和每股收益\600883-2026-04-21-博闻科技-云南博闻科技实业股份有限公司2025年年度报告_mgsy.pdf (文件ID: file-fe-e4d7e64fbcf54109bfa4a92c)
2026-04-21 14:12:36,541 - __main___file_only - INFO - 上传文件: 600883-2026-04-21-博闻科技-云南博闻科技实业股份有限公司2025年年度报告_mgsy.pdf (大小: 0.27 MB, ID: file-fe-e4d7e64fbcf54109bfa4a92c)
2026-04-21 14:12:36,831 - httpx - INFO - HTTP Request: DELETE https://dashscope.aliyuncs.com/compatible-mode/v1/files/file-fe-8ecae29434e0420a84f7d243 "HTTP/1.1 200 OK"
2026-04-21 14:12:36,881 - httpx - INFO - HTTP Request: POST https://dashscope.aliyuncs.com/compatible-mode/v1/chat/completions "HTTP/1.1 200 OK"
2026-04-21 14:12:36,990 - httpx - INFO - HTTP Request: POST https://dashscope.aliyuncs.com/compatible-mode/v1/files "HTTP/1.1 200 OK"
2026-04-21 14:12:36,990 - ai_service_enhanced - INFO - 文件上传成功: C:\Users\chenkk\Desktop\新建文件夹\600883-2026-04-21-博闻科技-云南博闻科技实业股份有限公司2025年年度报告.pdf (文件ID: file-fe-1758325a74df47ee83fc6d32)
2026-04-21 14:12:36,990 - __main___file_only - INFO - 上传文件: 600883-2026-04-21-博闻科技-云南博闻科技实业股份有限公司2025年年度报告.pdf (大小: 0.35 MB, ID: file-fe-1758325a74df47ee83fc6d32)
2026-04-21 14:12:37,124 - __main__ - INFO - 开始处理: C:\Users\chenkk\Desktop\新建文件夹\600883-2026-04-21-博闻科技-云南博闻科技实业股份有限公司2025年年度报告.pdf
2026-04-21 14:12:37,430 - httpx - INFO - HTTP Request: DELETE https://dashscope.aliyuncs.com/compatible-mode/v1/files/file-fe-0273eeb2ea374f529a36d746 "HTTP/1.1 200 OK"
2026-04-21 14:12:37,838 - httpx - INFO - HTTP Request: POST https://dashscope.aliyuncs.com/compatible-mode/v1/chat/completions "HTTP/1.1 200 OK"
2026-04-21 14:12:37,907 - __main___file_only - INFO - 找到数据: 600448 2026-04-21 (3条)
2026-04-21 14:12:37,907 - __main__ - INFO - 处理成功: 600448-2026-04-21
2026-04-21 14:12:37,907 - __main___file_only - INFO - 处理成功: C:\Users\chenkk\Desktop\新建文件夹\600448-2026-04-21-华纺股份-2025年年度报告.pdf (耗时: 28.79秒)
2026-04-21 14:12:38,241 - httpx - INFO - HTTP Request: POST https://dashscope.aliyuncs.com/compatible-mode/v1/chat/completions "HTTP/1.1 200 OK"
2026-04-21 14:12:38,466 - httpx - INFO - HTTP Request: POST https://dashscope.aliyuncs.com/compatible-mode/v1/chat/completions "HTTP/1.1 200 OK"
2026-04-21 14:12:38,537 - __main___file_only - INFO - 找到数据: 600470 2026-04-21 (3条)
2026-04-21 14:12:38,537 - __main__ - INFO - 处理成功: 600470-2026-04-21
2026-04-21 14:12:38,537 - __main___file_only - INFO - 处理成功: C:\Users\chenkk\Desktop\新建文件夹\600470-2026-04-21-六国化工-六国化工2025年年度报告.pdf (耗时: 27.39秒)
2026-04-21 14:12:38,605 - httpx - INFO - HTTP Request: DELETE https://dashscope.aliyuncs.com/compatible-mode/v1/files/file-fe-edb5c86b490940aba666bb2b "HTTP/1.1 200 OK"
2026-04-21 14:12:38,775 - httpx - INFO - HTTP Request: POST https://dashscope.aliyuncs.com/compatible-mode/v1/files "HTTP/1.1 200 OK"
2026-04-21 14:12:38,776 - ai_service_enhanced - INFO - 文件上传成功: C:\Users\chenkk\Desktop\新建文件夹\600929-2026-04-21-雪天盐业-2025年年度报告.pdf (文件ID: file-fe-7022c058d830463180343f2f)
2026-04-21 14:12:38,776 - __main___file_only - INFO - 上传文件: 600929-2026-04-21-雪天盐业-2025年年度报告.pdf (大小: 0.33 MB, ID: file-fe-7022c058d830463180343f2f)
2026-04-21 14:12:38,881 - httpx - INFO - HTTP Request: POST https://dashscope.aliyuncs.com/compatible-mode/v1/files "HTTP/1.1 200 OK"
2026-04-21 14:12:38,881 - ai_service_enhanced - INFO - 文件上传成功: C:\Users\chenkk\Desktop\新建文件夹\净资产收益率和每股收益\600929-2026-04-21-雪天盐业-2025年年度报告_mgsy.pdf (文件ID: file-fe-6c850eac21284bbb9941df90)
2026-04-21 14:12:38,882 - __main___file_only - INFO - 上传文件: 600929-2026-04-21-雪天盐业-2025年年度报告_mgsy.pdf (大小: 0.29 MB, ID: file-fe-6c850eac21284bbb9941df90)
2026-04-21 14:12:38,882 - __main__ - INFO - 开始处理: C:\Users\chenkk\Desktop\新建文件夹\600929-2026-04-21-雪天盐业-2025年年度报告.pdf
2026-04-21 14:12:38,946 - httpx - INFO - HTTP Request: POST https://dashscope.aliyuncs.com/compatible-mode/v1/chat/completions "HTTP/1.1 200 OK"
2026-04-21 14:12:39,162 - httpx - INFO - HTTP Request: DELETE https://dashscope.aliyuncs.com/compatible-mode/v1/files/file-fe-9bdd73bc14a8428b90c5635c "HTTP/1.1 200 OK"
2026-04-21 14:12:39,345 - httpx - INFO - HTTP Request: DELETE https://dashscope.aliyuncs.com/compatible-mode/v1/files/file-fe-22dc937923f9483e8b875165 "HTTP/1.1 200 OK"
2026-04-21 14:12:39,939 - httpx - INFO - HTTP Request: DELETE https://dashscope.aliyuncs.com/compatible-mode/v1/files/file-fe-133b6f3b916a4b879c0252d7 "HTTP/1.1 200 OK"
2026-04-21 14:12:40,820 - httpx - INFO - HTTP Request: POST https://dashscope.aliyuncs.com/compatible-mode/v1/chat/completions "HTTP/1.1 200 OK"
2026-04-21 14:12:40,828 - httpx - INFO - HTTP Request: POST https://dashscope.aliyuncs.com/compatible-mode/v1/files "HTTP/1.1 200 OK"
2026-04-21 14:12:40,828 - ai_service_enhanced - INFO - 文件上传成功: C:\Users\chenkk\Desktop\新建文件夹\净资产收益率和每股收益\600930-2026-04-21-华电新能-华电新能源集团股份有限公司2025年年度报告_mgsy.pdf (文件ID: file-fe-7252bb051a59434fab9bcc95)
2026-04-21 14:12:40,828 - __main___file_only - INFO - 上传文件: 600930-2026-04-21-华电新能-华电新能源集团股份有限公司2025年年度报告_mgsy.pdf (大小: 0.28 MB, ID: file-fe-7252bb051a59434fab9bcc95)
2026-04-21 14:12:40,888 - __main___file_only - INFO - 找到数据: 600510 2026-04-21 (3条)
2026-04-21 14:12:40,888 - __main__ - INFO - 处理成功: 600510-2026-04-21
2026-04-21 14:12:40,888 - __main___file_only - INFO - 处理成功: C:\Users\chenkk\Desktop\新建文件夹\600510-2026-04-21-黑牡丹-黑牡丹2025年年度报告.pdf (耗时: 27.36秒)
2026-04-21 14:12:40,940 - httpx - INFO - HTTP Request: POST https://dashscope.aliyuncs.com/compatible-mode/v1/files "HTTP/1.1 200 OK"
2026-04-21 14:12:40,941 - ai_service_enhanced - INFO - 文件上传成功: C:\Users\chenkk\Desktop\新建文件夹\600930-2026-04-21-华电新能-华电新能源集团股份有限公司2025年年度报告.pdf (文件ID: file-fe-cd35428ccf9942a6b5355a48)
2026-04-21 14:12:40,941 - __main___file_only - INFO - 上传文件: 600930-2026-04-21-华电新能-华电新能源集团股份有限公司2025年年度报告.pdf (大小: 0.32 MB, ID: file-fe-cd35428ccf9942a6b5355a48)
2026-04-21 14:12:40,941 - __main__ - INFO - 开始处理: C:\Users\chenkk\Desktop\新建文件夹\600930-2026-04-21-华电新能-华电新能源集团股份有限公司2025年年度报告.pdf
2026-04-21 14:12:41,101 - httpx - INFO - HTTP Request: POST https://dashscope.aliyuncs.com/compatible-mode/v1/chat/completions "HTTP/1.1 200 OK"
2026-04-21 14:12:41,616 - httpx - INFO - HTTP Request: DELETE https://dashscope.aliyuncs.com/compatible-mode/v1/files/file-fe-5a5b2d46646e4d73b436de86 "HTTP/1.1 200 OK"
2026-04-21 14:12:42,148 - httpx - INFO - HTTP Request: DELETE https://dashscope.aliyuncs.com/compatible-mode/v1/files/file-fe-871a6ec256084649bcb1d430 "HTTP/1.1 200 OK"
2026-04-21 14:12:42,794 - httpx - INFO - HTTP Request: POST https://dashscope.aliyuncs.com/compatible-mode/v1/chat/completions "HTTP/1.1 200 OK"
2026-04-21 14:12:42,885 - __main___file_only - INFO - 找到数据: 600618 2026-04-21 (3条)
2026-04-21 14:12:42,885 - __main__ - INFO - 处理成功: 600618-2026-04-21
2026-04-21 14:12:42,885 - __main___file_only - INFO - 处理成功: C:\Users\chenkk\Desktop\新建文件夹\600618-2026-04-21-氯碱化工-氯碱化工2025年年度报告.pdf (耗时: 23.36秒)
2026-04-21 14:12:42,960 - httpx - INFO - HTTP Request: POST https://dashscope.aliyuncs.com/compatible-mode/v1/files "HTTP/1.1 200 OK"
2026-04-21 14:12:42,961 - ai_service_enhanced - INFO - 文件上传成功: C:\Users\chenkk\Desktop\新建文件夹\净资产收益率和每股收益\600960-2026-04-21-渤海汽车-渤海汽车2025年年度报告_mgsy.pdf (文件ID: file-fe-96147b571ffd4599ad1c289a)
2026-04-21 14:12:42,961 - __main___file_only - INFO - 上传文件: 600960-2026-04-21-渤海汽车-渤海汽车2025年年度报告_mgsy.pdf (大小: 0.26 MB, ID: file-fe-96147b571ffd4599ad1c289a)
2026-04-21 14:12:43,041 - httpx - INFO - HTTP Request: POST https://dashscope.aliyuncs.com/compatible-mode/v1/files "HTTP/1.1 200 OK"
2026-04-21 14:12:43,041 - ai_service_enhanced - INFO - 文件上传成功: C:\Users\chenkk\Desktop\新建文件夹\600960-2026-04-21-渤海汽车-渤海汽车2025年年度报告.pdf (文件ID: file-fe-f5d4621c86c544a5a5c6b6c9)
2026-04-21 14:12:43,042 - __main___file_only - INFO - 上传文件: 600960-2026-04-21-渤海汽车-渤海汽车2025年年度报告.pdf (大小: 0.30 MB, ID: file-fe-f5d4621c86c544a5a5c6b6c9)
2026-04-21 14:12:43,042 - __main__ - INFO - 开始处理: C:\Users\chenkk\Desktop\新建文件夹\600960-2026-04-21-渤海汽车-渤海汽车2025年年度报告.pdf
2026-04-21 14:12:43,580 - httpx - INFO - HTTP Request: DELETE https://dashscope.aliyuncs.com/compatible-mode/v1/files/file-fe-8fa907cf4c12498c96534ff8 "HTTP/1.1 200 OK"
2026-04-21 14:12:44,119 - httpx - INFO - HTTP Request: DELETE https://dashscope.aliyuncs.com/compatible-mode/v1/files/file-fe-9b909ebf8eec4c0c9bdb2920 "HTTP/1.1 200 OK"
2026-04-21 14:12:45,049 - httpx - INFO - HTTP Request: POST https://dashscope.aliyuncs.com/compatible-mode/v1/chat/completions "HTTP/1.1 200 OK"
2026-04-21 14:12:45,128 - __main___file_only - INFO - 找到数据: 600513 2026-04-21 (3条)
2026-04-21 14:12:45,128 - __main__ - INFO - 处理成功: 600513-2026-04-21
2026-04-21 14:12:45,128 - __main___file_only - INFO - 处理成功: C:\Users\chenkk\Desktop\新建文件夹\600513-2026-04-21-联环药业-联环药业2025年度报告.pdf (耗时: 29.49秒)
2026-04-21 14:12:45,193 - httpx - INFO - HTTP Request: POST https://dashscope.aliyuncs.com/compatible-mode/v1/files "HTTP/1.1 200 OK"
2026-04-21 14:12:45,194 - ai_service_enhanced - INFO - 文件上传成功: C:\Users\chenkk\Desktop\新建文件夹\600982-2026-04-21-宁波能源-宁波能源2025年年度报告.pdf (文件ID: file-fe-d65ea118088f4a36ab949691)
2026-04-21 14:12:45,194 - __main___file_only - INFO - 上传文件: 600982-2026-04-21-宁波能源-宁波能源2025年年度报告.pdf (大小: 0.33 MB, ID: file-fe-d65ea118088f4a36ab949691)
2026-04-21 14:12:45,244 - httpx - INFO - HTTP Request: POST https://dashscope.aliyuncs.com/compatible-mode/v1/chat/completions "HTTP/1.1 200 OK"
2026-04-21 14:12:45,439 - httpx - INFO - HTTP Request: POST https://dashscope.aliyuncs.com/compatible-mode/v1/files "HTTP/1.1 200 OK"
2026-04-21 14:12:45,440 - ai_service_enhanced - INFO - 文件上传成功: C:\Users\chenkk\Desktop\新建文件夹\净资产收益率和每股收益\600982-2026-04-21-宁波能源-宁波能源2025年年度报告_mgsy.pdf (文件ID: file-fe-62c5f1391ff542fa886afb49)
2026-04-21 14:12:45,440 - __main___file_only - INFO - 上传文件: 600982-2026-04-21-宁波能源-宁波能源2025年年度报告_mgsy.pdf (大小: 0.28 MB, ID: file-fe-62c5f1391ff542fa886afb49)
2026-04-21 14:12:45,654 - httpx - INFO - HTTP Request: POST https://dashscope.aliyuncs.com/compatible-mode/v1/chat/completions "HTTP/1.1 200 OK"
2026-04-21 14:12:45,662 - __main__ - INFO - 开始处理: C:\Users\chenkk\Desktop\新建文件夹\600982-2026-04-21-宁波能源-宁波能源2025年年度报告.pdf
2026-04-21 14:12:45,804 - httpx - INFO - HTTP Request: DELETE https://dashscope.aliyuncs.com/compatible-mode/v1/files/file-fe-8a13c5550895473c879abeff "HTTP/1.1 200 OK"
2026-04-21 14:12:46,449 - httpx - INFO - HTTP Request: DELETE https://dashscope.aliyuncs.com/compatible-mode/v1/files/file-fe-1d3093886fbb4ce2a0bc3e22 "HTTP/1.1 200 OK"
2026-04-21 14:12:47,309 - httpx - INFO - HTTP Request: POST https://dashscope.aliyuncs.com/compatible-mode/v1/files "HTTP/1.1 200 OK"
2026-04-21 14:12:47,309 - ai_service_enhanced - INFO - 文件上传成功: C:\Users\chenkk\Desktop\新建文件夹\601100-2026-04-21-恒立液压-江苏恒立液压股份有限公司2025年年度报告.pdf (文件ID: file-fe-9d0f10e2ae0e42aaaf7a24b9)
2026-04-21 14:12:47,310 - __main___file_only - INFO - 上传文件: 601100-2026-04-21-恒立液压-江苏恒立液压股份有限公司2025年年度报告.pdf (大小: 0.25 MB, ID: file-fe-9d0f10e2ae0e42aaaf7a24b9)
2026-04-21 14:12:47,323 - httpx - INFO - HTTP Request: POST https://dashscope.aliyuncs.com/compatible-mode/v1/chat/completions "HTTP/1.1 200 OK"
2026-04-21 14:12:47,395 - __main___file_only - INFO - 找到数据: 600526 2026-04-21 (3条)
2026-04-21 14:12:47,395 - __main__ - INFO - 处理成功: 600526-2026-04-21
2026-04-21 14:12:47,396 - __main___file_only - INFO - 处理成功: C:\Users\chenkk\Desktop\新建文件夹\600526-2026-04-21-菲达环保-浙江菲达环保科技股份有限公司2025年年度报告.pdf (耗时: 29.65秒)
2026-04-21 14:12:47,408 - httpx - INFO - HTTP Request: POST https://dashscope.aliyuncs.com/compatible-mode/v1/files "HTTP/1.1 200 OK"
2026-04-21 14:12:47,408 - ai_service_enhanced - INFO - 文件上传成功: C:\Users\chenkk\Desktop\新建文件夹\净资产收益率和每股收益\601100-2026-04-21-恒立液压-江苏恒立液压股份有限公司2025年年度报告_mgsy.pdf (文件ID: file-fe-8cc2222a1f1d4eaca8ed5d8c)
2026-04-21 14:12:47,409 - __main___file_only - INFO - 上传文件: 601100-2026-04-21-恒立液压-江苏恒立液压股份有限公司2025年年度报告_mgsy.pdf (大小: 0.22 MB, ID: file-fe-8cc2222a1f1d4eaca8ed5d8c)
2026-04-21 14:12:47,409 - __main__ - INFO - 开始处理: C:\Users\chenkk\Desktop\新建文件夹\601100-2026-04-21-恒立液压-江苏恒立液压股份有限公司2025年年度报告.pdf
2026-04-21 14:12:48,203 - httpx - INFO - HTTP Request: DELETE https://dashscope.aliyuncs.com/compatible-mode/v1/files/file-fe-72c996c4b30147ffa0a0e7ca "HTTP/1.1 200 OK"
2026-04-21 14:12:48,840 - httpx - INFO - HTTP Request: DELETE https://dashscope.aliyuncs.com/compatible-mode/v1/files/file-fe-1f0c4e72917f4438bb53c4ea "HTTP/1.1 200 OK"
2026-04-21 14:12:49,393 - httpx - INFO - HTTP Request: POST https://dashscope.aliyuncs.com/compatible-mode/v1/chat/completions "HTTP/1.1 200 OK"
2026-04-21 14:12:49,457 - httpx - INFO - HTTP Request: POST https://dashscope.aliyuncs.com/compatible-mode/v1/files "HTTP/1.1 200 OK"
2026-04-21 14:12:49,458 - ai_service_enhanced - INFO - 文件上传成功: C:\Users\chenkk\Desktop\新建文件夹\601137-2026-04-21-博威合金-博威合金2025年年度报告.pdf (文件ID: file-fe-dcd737160e904e188e00e5f8)
2026-04-21 14:12:49,458 - __main___file_only - INFO - 上传文件: 601137-2026-04-21-博威合金-博威合金2025年年度报告.pdf (大小: 0.30 MB, ID: file-fe-dcd737160e904e188e00e5f8)
2026-04-21 14:12:49,461 - httpx - INFO - HTTP Request: POST https://dashscope.aliyuncs.com/compatible-mode/v1/files "HTTP/1.1 200 OK"
2026-04-21 14:12:49,462 - ai_service_enhanced - INFO - 文件上传成功: C:\Users\chenkk\Desktop\新建文件夹\净资产收益率和每股收益\601137-2026-04-21-博威合金-博威合金2025年年度报告_mgsy.pdf (文件ID: file-fe-29370fa651454ef39402dee0)
2026-04-21 14:12:49,462 - __main___file_only - INFO - 上传文件: 601137-2026-04-21-博威合金-博威合金2025年年度报告_mgsy.pdf (大小: 0.28 MB, ID: file-fe-29370fa651454ef39402dee0)
2026-04-21 14:12:49,462 - __main__ - INFO - 开始处理: C:\Users\chenkk\Desktop\新建文件夹\601137-2026-04-21-博威合金-博威合金2025年年度报告.pdf
2026-04-21 14:12:50,690 - httpx - INFO - HTTP Request: POST https://dashscope.aliyuncs.com/compatible-mode/v1/chat/completions "HTTP/1.1 200 OK"
2026-04-21 14:12:50,767 - __main___file_only - INFO - 找到数据: 600623 2026-04-21 (3条)
2026-04-21 14:12:50,767 - __main__ - INFO - 处理成功: 600623-2026-04-21
2026-04-21 14:12:50,767 - __main___file_only - INFO - 处理成功: C:\Users\chenkk\Desktop\新建文件夹\600623-2026-04-21-华谊集团-2025年年度报告.pdf (耗时: 28.97秒)
2026-04-21 14:12:51,424 - httpx - INFO - HTTP Request: DELETE https://dashscope.aliyuncs.com/compatible-mode/v1/files/file-fe-73a434686bcf4f13b5c95581 "HTTP/1.1 200 OK"
2026-04-21 14:12:51,534 - httpx - INFO - HTTP Request: POST https://dashscope.aliyuncs.com/compatible-mode/v1/chat/completions "HTTP/1.1 200 OK"
2026-04-21 14:12:51,562 - httpx - INFO - HTTP Request: POST https://dashscope.aliyuncs.com/compatible-mode/v1/files "HTTP/1.1 200 OK"
2026-04-21 14:12:51,563 - ai_service_enhanced - INFO - 文件上传成功: C:\Users\chenkk\Desktop\新建文件夹\601512-2026-04-21-中新集团-中新集团2025年年度报告.pdf (文件ID: file-fe-2b108b19d8954cc08f1d534b)
2026-04-21 14:12:51,563 - __main___file_only - INFO - 上传文件: 601512-2026-04-21-中新集团-中新集团2025年年度报告.pdf (大小: 0.33 MB, ID: file-fe-2b108b19d8954cc08f1d534b)
2026-04-21 14:12:51,610 - httpx - INFO - HTTP Request: POST https://dashscope.aliyuncs.com/compatible-mode/v1/files "HTTP/1.1 200 OK"
2026-04-21 14:12:51,611 - ai_service_enhanced - INFO - 文件上传成功: C:\Users\chenkk\Desktop\新建文件夹\净资产收益率和每股收益\601512-2026-04-21-中新集团-中新集团2025年年度报告_mgsy.pdf (文件ID: file-fe-deba4674296d4c82a042e512)
2026-04-21 14:12:51,611 - __main___file_only - INFO - 上传文件: 601512-2026-04-21-中新集团-中新集团2025年年度报告_mgsy.pdf (大小: 0.30 MB, ID: file-fe-deba4674296d4c82a042e512)
2026-04-21 14:12:51,626 - __main___file_only - INFO - 找到数据: 600637 2026-04-21 (3条)
2026-04-21 14:12:51,626 - __main__ - INFO - 处理成功: 600637-2026-04-21
2026-04-21 14:12:51,626 - __main___file_only - INFO - 处理成功: C:\Users\chenkk\Desktop\新建文件夹\600637-2026-04-21-东方明珠-东方明珠2025年年度报告.pdf (耗时: 27.77秒)
2026-04-21 14:12:51,841 - __main__ - INFO - 开始处理: C:\Users\chenkk\Desktop\新建文件夹\601512-2026-04-21-中新集团-中新集团2025年年度报告.pdf
2026-04-21 14:12:52,021 - httpx - INFO - HTTP Request: DELETE https://dashscope.aliyuncs.com/compatible-mode/v1/files/file-fe-ee574247bd1540769e1c0aff "HTTP/1.1 200 OK"
2026-04-21 14:12:52,331 - httpx - INFO - HTTP Request: DELETE https://dashscope.aliyuncs.com/compatible-mode/v1/files/file-fe-8774f26b3c764dc6a5d0709a "HTTP/1.1 200 OK"
2026-04-21 14:12:53,068 - httpx - INFO - HTTP Request: DELETE https://dashscope.aliyuncs.com/compatible-mode/v1/files/file-fe-14151af4e18f4c59aa3759ed "HTTP/1.1 200 OK"
2026-04-21 14:12:53,691 - httpx - INFO - HTTP Request: POST https://dashscope.aliyuncs.com/compatible-mode/v1/chat/completions "HTTP/1.1 200 OK"
2026-04-21 14:12:53,692 - httpx - INFO - HTTP Request: POST https://dashscope.aliyuncs.com/compatible-mode/v1/files "HTTP/1.1 200 OK"
2026-04-21 14:12:53,693 - ai_service_enhanced - INFO - 文件上传成功: C:\Users\chenkk\Desktop\新建文件夹\601677-2026-04-21-明泰铝业-明泰铝业2025年度报告.pdf (文件ID: file-fe-b12647ed45834e53bbeadcf7)
2026-04-21 14:12:53,693 - __main___file_only - INFO - 上传文件: 601677-2026-04-21-明泰铝业-明泰铝业2025年度报告.pdf (大小: 0.29 MB, ID: file-fe-b12647ed45834e53bbeadcf7)
2026-04-21 14:12:53,724 - httpx - INFO - HTTP Request: POST https://dashscope.aliyuncs.com/compatible-mode/v1/files "HTTP/1.1 200 OK"
2026-04-21 14:12:53,725 - ai_service_enhanced - INFO - 文件上传成功: C:\Users\chenkk\Desktop\新建文件夹\净资产收益率和每股收益\601677-2026-04-21-明泰铝业-明泰铝业2025年度报告_mgsy.pdf (文件ID: file-fe-18a3db5c8c4342bb93d1ffdf)
2026-04-21 14:12:53,725 - __main___file_only - INFO - 上传文件: 601677-2026-04-21-明泰铝业-明泰铝业2025年度报告_mgsy.pdf (大小: 0.25 MB, ID: file-fe-18a3db5c8c4342bb93d1ffdf)
2026-04-21 14:12:53,847 - __main__ - INFO - 开始处理: C:\Users\chenkk\Desktop\新建文件夹\601677-2026-04-21-明泰铝业-明泰铝业2025年度报告.pdf
2026-04-21 14:12:55,913 - httpx - INFO - HTTP Request: POST https://dashscope.aliyuncs.com/compatible-mode/v1/files "HTTP/1.1 200 OK"
2026-04-21 14:12:55,914 - ai_service_enhanced - INFO - 文件上传成功: C:\Users\chenkk\Desktop\新建文件夹\净资产收益率和每股收益\601700-2026-04-21-风范股份-常熟风范电力设备股份有限公司2025年年度报告_mgsy.pdf (文件ID: file-fe-2de97a351e6e4c9a8019b94c)
2026-04-21 14:12:55,914 - __main___file_only - INFO - 上传文件: 601700-2026-04-21-风范股份-常熟风范电力设备股份有限公司2025年年度报告_mgsy.pdf (大小: 0.30 MB, ID: file-fe-2de97a351e6e4c9a8019b94c)
2026-04-21 14:12:55,996 - httpx - INFO - HTTP Request: POST https://dashscope.aliyuncs.com/compatible-mode/v1/chat/completions "HTTP/1.1 200 OK"
2026-04-21 14:12:56,202 - httpx - INFO - HTTP Request: POST https://dashscope.aliyuncs.com/compatible-mode/v1/files "HTTP/1.1 200 OK"
2026-04-21 14:12:56,202 - ai_service_enhanced - INFO - 文件上传成功: C:\Users\chenkk\Desktop\新建文件夹\601700-2026-04-21-风范股份-常熟风范电力设备股份有限公司2025年年度报告.pdf (文件ID: file-fe-113a9c5241b5490899853f1f)
2026-04-21 14:12:56,202 - __main___file_only - INFO - 上传文件: 601700-2026-04-21-风范股份-常熟风范电力设备股份有限公司2025年年度报告.pdf (大小: 0.37 MB, ID: file-fe-113a9c5241b5490899853f1f)
2026-04-21 14:12:56,212 - __main__ - INFO - 开始处理: C:\Users\chenkk\Desktop\新建文件夹\601700-2026-04-21-风范股份-常熟风范电力设备股份有限公司2025年年度报告.pdf
2026-04-21 14:12:56,791 - httpx - INFO - HTTP Request: POST https://dashscope.aliyuncs.com/compatible-mode/v1/chat/completions "HTTP/1.1 200 OK"
2026-04-21 14:12:56,873 - __main___file_only - INFO - 找到数据: 600639 2026-04-21 (3条)
2026-04-21 14:12:56,873 - __main__ - INFO - 处理成功: 600639-2026-04-21
2026-04-21 14:12:56,873 - __main___file_only - INFO - 处理成功: C:\Users\chenkk\Desktop\新建文件夹\600639-2026-04-21-浦东金桥-浦东金桥2025年年度报告.pdf (耗时: 30.64秒)
2026-04-21 14:12:57,587 - httpx - INFO - HTTP Request: DELETE https://dashscope.aliyuncs.com/compatible-mode/v1/files/file-fe-939702bbcca240afbc9bae2e "HTTP/1.1 200 OK"
2026-04-21 14:12:57,958 - httpx - INFO - HTTP Request: POST https://dashscope.aliyuncs.com/compatible-mode/v1/files "HTTP/1.1 200 OK"
2026-04-21 14:12:57,959 - ai_service_enhanced - INFO - 文件上传成功: C:\Users\chenkk\Desktop\新建文件夹\601789-2026-04-21-宁波建工-宁波建工2025年年度报告.pdf (文件ID: file-fe-3d1d4539e41e44aca374c6ef)
2026-04-21 14:12:57,959 - __main___file_only - INFO - 上传文件: 601789-2026-04-21-宁波建工-宁波建工2025年年度报告.pdf (大小: 0.31 MB, ID: file-fe-3d1d4539e41e44aca374c6ef)
2026-04-21 14:12:58,044 - httpx - INFO - HTTP Request: POST https://dashscope.aliyuncs.com/compatible-mode/v1/chat/completions "HTTP/1.1 200 OK"
2026-04-21 14:12:58,107 - __main___file_only - INFO - 找到数据: 600683 2026-04-21 (3条)
2026-04-21 14:12:58,107 - __main__ - INFO - 处理成功: 600683-2026-04-21
2026-04-21 14:12:58,107 - __main___file_only - INFO - 处理成功: C:\Users\chenkk\Desktop\新建文件夹\600683-2026-04-21-京投发展-京投发展股份有限公司2025年年度报告.pdf (耗时: 29.77秒)
2026-04-21 14:12:58,195 - httpx - INFO - HTTP Request: DELETE https://dashscope.aliyuncs.com/compatible-mode/v1/files/file-fe-071728e9ee954e8d8b84dd5e "HTTP/1.1 200 OK"
2026-04-21 14:12:58,237 - httpx - INFO - HTTP Request: POST https://dashscope.aliyuncs.com/compatible-mode/v1/files "HTTP/1.1 200 OK"
2026-04-21 14:12:58,238 - ai_service_enhanced - INFO - 文件上传成功: C:\Users\chenkk\Desktop\新建文件夹\净资产收益率和每股收益\601789-2026-04-21-宁波建工-宁波建工2025年年度报告_mgsy.pdf (文件ID: file-fe-193e91e87ca54d4a9393d203)
2026-04-21 14:12:58,238 - __main___file_only - INFO - 上传文件: 601789-2026-04-21-宁波建工-宁波建工2025年年度报告_mgsy.pdf (大小: 0.28 MB, ID: file-fe-193e91e87ca54d4a9393d203)
2026-04-21 14:12:58,320 - __main__ - INFO - 开始处理: C:\Users\chenkk\Desktop\新建文件夹\601789-2026-04-21-宁波建工-宁波建工2025年年度报告.pdf
2026-04-21 14:12:58,323 - httpx - INFO - HTTP Request: POST https://dashscope.aliyuncs.com/compatible-mode/v1/chat/completions "HTTP/1.1 200 OK"
2026-04-21 14:12:58,553 - httpx - INFO - HTTP Request: POST https://dashscope.aliyuncs.com/compatible-mode/v1/chat/completions "HTTP/1.1 200 OK"
2026-04-21 14:12:58,740 - httpx - INFO - HTTP Request: DELETE https://dashscope.aliyuncs.com/compatible-mode/v1/files/file-fe-8faeb584593646e799752cf9 "HTTP/1.1 200 OK"
2026-04-21 14:12:59,338 - httpx - INFO - HTTP Request: POST https://dashscope.aliyuncs.com/compatible-mode/v1/chat/completions "HTTP/1.1 200 OK"
2026-04-21 14:12:59,412 - __main___file_only - INFO - 找到数据: 600740 2026-04-21 (3条)
2026-04-21 14:12:59,412 - __main__ - INFO - 处理成功: 600740-2026-04-21
2026-04-21 14:12:59,412 - __main___file_only - INFO - 处理成功: C:\Users\chenkk\Desktop\新建文件夹\600740-2026-04-21-山西焦化-山西焦化股份有限公司2025年年度报告.pdf (耗时: 29.06秒)
2026-04-21 14:12:59,421 - httpx - INFO - HTTP Request: DELETE https://dashscope.aliyuncs.com/compatible-mode/v1/files/file-fe-502721c1ab664906b0d0d22b "HTTP/1.1 200 OK"
2026-04-21 14:12:59,478 - httpx - INFO - HTTP Request: POST https://dashscope.aliyuncs.com/compatible-mode/v1/chat/completions "HTTP/1.1 200 OK"
2026-04-21 14:13:00,181 - httpx - INFO - HTTP Request: POST https://dashscope.aliyuncs.com/compatible-mode/v1/files "HTTP/1.1 200 OK"
2026-04-21 14:13:00,181 - ai_service_enhanced - INFO - 文件上传成功: C:\Users\chenkk\Desktop\新建文件夹\净资产收益率和每股收益\601816-2026-04-21-京沪高铁-601816_2025年_年度报告_mgsy.pdf (文件ID: file-fe-1d90a8ad38104852ada881cf)
2026-04-21 14:13:00,181 - __main___file_only - INFO - 上传文件: 601816-2026-04-21-京沪高铁-601816_2025年_年度报告_mgsy.pdf (大小: 0.26 MB, ID: file-fe-1d90a8ad38104852ada881cf)
2026-04-21 14:13:00,184 - httpx - INFO - HTTP Request: POST https://dashscope.aliyuncs.com/compatible-mode/v1/files "HTTP/1.1 200 OK"
2026-04-21 14:13:00,184 - ai_service_enhanced - INFO - 文件上传成功: C:\Users\chenkk\Desktop\新建文件夹\601816-2026-04-21-京沪高铁-601816_2025年_年度报告.pdf (文件ID: file-fe-c97f26c63ab04b4a9efd4cb5)
2026-04-21 14:13:00,185 - __main___file_only - INFO - 上传文件: 601816-2026-04-21-京沪高铁-601816_2025年_年度报告.pdf (大小: 0.32 MB, ID: file-fe-c97f26c63ab04b4a9efd4cb5)
2026-04-21 14:13:00,209 - httpx - INFO - HTTP Request: DELETE https://dashscope.aliyuncs.com/compatible-mode/v1/files/file-fe-5f52522c1946493bb429f487 "HTTP/1.1 200 OK"
2026-04-21 14:13:00,315 - __main__ - INFO - 开始处理: C:\Users\chenkk\Desktop\新建文件夹\601816-2026-04-21-京沪高铁-601816_2025年_年度报告.pdf
2026-04-21 14:13:00,948 - httpx - INFO - HTTP Request: DELETE https://dashscope.aliyuncs.com/compatible-mode/v1/files/file-fe-1fbe185795824a63a7d7a35d "HTTP/1.1 200 OK"
2026-04-21 14:13:02,212 - httpx - INFO - HTTP Request: POST https://dashscope.aliyuncs.com/compatible-mode/v1/files "HTTP/1.1 200 OK"
2026-04-21 14:13:02,213 - ai_service_enhanced - INFO - 文件上传成功: C:\Users\chenkk\Desktop\新建文件夹\净资产收益率和每股收益\601928-2026-04-21-凤凰传媒-凤凰传媒2025年年度报告_mgsy.pdf (文件ID: file-fe-28c8c4c37c074389b32d000d)
2026-04-21 14:13:02,213 - __main___file_only - INFO - 上传文件: 601928-2026-04-21-凤凰传媒-凤凰传媒2025年年度报告_mgsy.pdf (大小: 0.28 MB, ID: file-fe-28c8c4c37c074389b32d000d)
2026-04-21 14:13:02,263 - httpx - INFO - HTTP Request: POST https://dashscope.aliyuncs.com/compatible-mode/v1/files "HTTP/1.1 200 OK"
2026-04-21 14:13:02,264 - ai_service_enhanced - INFO - 文件上传成功: C:\Users\chenkk\Desktop\新建文件夹\601928-2026-04-21-凤凰传媒-凤凰传媒2025年年度报告.pdf (文件ID: file-fe-3493b2aec31b40baba64cfaf)
2026-04-21 14:13:02,264 - __main___file_only - INFO - 上传文件: 601928-2026-04-21-凤凰传媒-凤凰传媒2025年年度报告.pdf (大小: 0.31 MB, ID: file-fe-3493b2aec31b40baba64cfaf)
2026-04-21 14:13:02,317 - __main__ - INFO - 开始处理: C:\Users\chenkk\Desktop\新建文件夹\601928-2026-04-21-凤凰传媒-凤凰传媒2025年年度报告.pdf
2026-04-21 14:13:02,588 - httpx - INFO - HTTP Request: POST https://dashscope.aliyuncs.com/compatible-mode/v1/chat/completions "HTTP/1.1 200 OK"
2026-04-21 14:13:03,289 - httpx - INFO - HTTP Request: POST https://dashscope.aliyuncs.com/compatible-mode/v1/chat/completions "HTTP/1.1 200 OK"
2026-04-21 14:13:03,358 - __main___file_only - INFO - 找到数据: 600883 2026-04-21 (3条)
2026-04-21 14:13:03,358 - __main__ - INFO - 处理成功: 600883-2026-04-21
2026-04-21 14:13:03,358 - __main___file_only - INFO - 处理成功: C:\Users\chenkk\Desktop\新建文件夹\600883-2026-04-21-博闻科技-云南博闻科技实业股份有限公司2025年年度报告.pdf (耗时: 26.23秒)
2026-04-21 14:13:03,485 - httpx - INFO - HTTP Request: POST https://dashscope.aliyuncs.com/compatible-mode/v1/chat/completions "HTTP/1.1 200 OK"
2026-04-21 14:13:04,073 - httpx - INFO - HTTP Request: DELETE https://dashscope.aliyuncs.com/compatible-mode/v1/files/file-fe-e4d7e64fbcf54109bfa4a92c "HTTP/1.1 200 OK"
2026-04-21 14:13:04,082 - httpx - INFO - HTTP Request: POST https://dashscope.aliyuncs.com/compatible-mode/v1/chat/completions "HTTP/1.1 200 OK"
2026-04-21 14:13:04,169 - __main___file_only - INFO - 找到数据: 600782 2026-04-21 (3条)
2026-04-21 14:13:04,169 - __main__ - INFO - 处理成功: 600782-2026-04-21
2026-04-21 14:13:04,169 - __main___file_only - INFO - 处理成功: C:\Users\chenkk\Desktop\新建文件夹\600782-2026-04-21-新钢股份-新钢股份2025年年度报告全文.pdf (耗时: 31.80秒)
2026-04-21 14:13:04,284 - httpx - INFO - HTTP Request: POST https://dashscope.aliyuncs.com/compatible-mode/v1/chat/completions "HTTP/1.1 200 OK"
2026-04-21 14:13:04,286 - httpx - INFO - HTTP Request: POST https://dashscope.aliyuncs.com/compatible-mode/v1/files "HTTP/1.1 200 OK"
2026-04-21 14:13:04,287 - ai_service_enhanced - INFO - 文件上传成功: C:\Users\chenkk\Desktop\新建文件夹\净资产收益率和每股收益\603035-2026-04-21-常熟汽饰-江苏常熟汽饰集团股份有限公司2025年年度报告（全文）_mgsy.pdf (文件ID: file-fe-4b0d5965f7e14802a1f220bb)
2026-04-21 14:13:04,287 - __main___file_only - INFO - 上传文件: 603035-2026-04-21-常熟汽饰-江苏常熟汽饰集团股份有限公司2025年年度报告（全文）_mgsy.pdf (大小: 0.23 MB, ID: file-fe-4b0d5965f7e14802a1f220bb)
2026-04-21 14:13:04,363 - httpx - INFO - HTTP Request: POST https://dashscope.aliyuncs.com/compatible-mode/v1/files "HTTP/1.1 200 OK"
2026-04-21 14:13:04,364 - ai_service_enhanced - INFO - 文件上传成功: C:\Users\chenkk\Desktop\新建文件夹\603035-2026-04-21-常熟汽饰-江苏常熟汽饰集团股份有限公司2025年年度报告（全文）.pdf (文件ID: file-fe-f7fc7fc507424b5896dd4643)
2026-04-21 14:13:04,364 - __main___file_only - INFO - 上传文件: 603035-2026-04-21-常熟汽饰-江苏常熟汽饰集团股份有限公司2025年年度报告（全文）.pdf (大小: 0.25 MB, ID: file-fe-f7fc7fc507424b5896dd4643)
2026-04-21 14:13:04,364 - __main__ - INFO - 开始处理: C:\Users\chenkk\Desktop\新建文件夹\603035-2026-04-21-常熟汽饰-江苏常熟汽饰集团股份有限公司2025年年度报告（全文）.pdf
2026-04-21 14:13:04,659 - httpx - INFO - HTTP Request: DELETE https://dashscope.aliyuncs.com/compatible-mode/v1/files/file-fe-1758325a74df47ee83fc6d32 "HTTP/1.1 200 OK"
2026-04-21 14:13:04,822 - httpx - INFO - HTTP Request: DELETE https://dashscope.aliyuncs.com/compatible-mode/v1/files/file-fe-b7e8bdf4496341b9aa4b3e42 "HTTP/1.1 200 OK"
2026-04-21 14:13:04,855 - httpx - INFO - HTTP Request: DELETE https://dashscope.aliyuncs.com/compatible-mode/v1/files/file-fe-bbe82acc414c435ba327d202 "HTTP/1.1 429 Too Many Requests"
2026-04-21 14:13:04,856 - openai._base_client - INFO - Retrying request to /files/file-fe-bbe82acc414c435ba327d202 in 0.441833 seconds
2026-04-21 14:13:05,226 - httpx - INFO - HTTP Request: POST https://dashscope.aliyuncs.com/compatible-mode/v1/chat/completions "HTTP/1.1 200 OK"
2026-04-21 14:13:05,297 - __main___file_only - INFO - 找到数据: 600794 2026-04-21 (3条)
2026-04-21 14:13:05,298 - __main__ - INFO - 处理成功: 600794-2026-04-21
2026-04-21 14:13:05,298 - __main___file_only - INFO - 处理成功: C:\Users\chenkk\Desktop\新建文件夹\600794-2026-04-21-保税科技-张家港保税科技（集团）股份有限公司2025年年度报告.pdf (耗时: 30.55秒)
2026-04-21 14:13:05,888 - httpx - INFO - HTTP Request: DELETE https://dashscope.aliyuncs.com/compatible-mode/v1/files/file-fe-bbe82acc414c435ba327d202 "HTTP/1.1 200 OK"
2026-04-21 14:13:06,030 - httpx - INFO - HTTP Request: DELETE https://dashscope.aliyuncs.com/compatible-mode/v1/files/file-fe-23e48273db804ec3b313de2e "HTTP/1.1 200 OK"
2026-04-21 14:13:06,385 - httpx - INFO - HTTP Request: POST https://dashscope.aliyuncs.com/compatible-mode/v1/files "HTTP/1.1 200 OK"
2026-04-21 14:13:06,386 - ai_service_enhanced - INFO - 文件上传成功: C:\Users\chenkk\Desktop\新建文件夹\净资产收益率和每股收益\603042-2026-04-21-华脉科技-2025年年度报告_mgsy.pdf (文件ID: file-fe-3682c69a49364e5d8f3dee4b)
2026-04-21 14:13:06,386 - __main___file_only - INFO - 上传文件: 603042-2026-04-21-华脉科技-2025年年度报告_mgsy.pdf (大小: 0.21 MB, ID: file-fe-3682c69a49364e5d8f3dee4b)
2026-04-21 14:13:06,442 - httpx - INFO - HTTP Request: POST https://dashscope.aliyuncs.com/compatible-mode/v1/files "HTTP/1.1 200 OK"
2026-04-21 14:13:06,442 - ai_service_enhanced - INFO - 文件上传成功: C:\Users\chenkk\Desktop\新建文件夹\603042-2026-04-21-华脉科技-2025年年度报告.pdf (文件ID: file-fe-2030f694687f4367a9891bac)
2026-04-21 14:13:06,443 - __main___file_only - INFO - 上传文件: 603042-2026-04-21-华脉科技-2025年年度报告.pdf (大小: 0.25 MB, ID: file-fe-2030f694687f4367a9891bac)
2026-04-21 14:13:06,443 - __main__ - INFO - 开始处理: C:\Users\chenkk\Desktop\新建文件夹\603042-2026-04-21-华脉科技-2025年年度报告.pdf
2026-04-21 14:13:06,693 - httpx - INFO - HTTP Request: DELETE https://dashscope.aliyuncs.com/compatible-mode/v1/files/file-fe-9606c7895cdb436caffaa16f "HTTP/1.1 200 OK"
2026-04-21 14:13:08,577 - httpx - INFO - HTTP Request: POST https://dashscope.aliyuncs.com/compatible-mode/v1/files "HTTP/1.1 200 OK"
2026-04-21 14:13:08,578 - ai_service_enhanced - INFO - 文件上传成功: C:\Users\chenkk\Desktop\新建文件夹\净资产收益率和每股收益\603071-2026-04-21-物产环能-浙江物产环保能源股份有限公司2025年年度报告_mgsy.pdf (文件ID: file-fe-ba610913c65f4e5eb30a02f1)
2026-04-21 14:13:08,578 - __main___file_only - INFO - 上传文件: 603071-2026-04-21-物产环能-浙江物产环保能源股份有限公司2025年年度报告_mgsy.pdf (大小: 0.28 MB, ID: file-fe-ba610913c65f4e5eb30a02f1)
2026-04-21 14:13:08,580 - httpx - INFO - HTTP Request: POST https://dashscope.aliyuncs.com/compatible-mode/v1/files "HTTP/1.1 200 OK"
2026-04-21 14:13:08,580 - ai_service_enhanced - INFO - 文件上传成功: C:\Users\chenkk\Desktop\新建文件夹\603071-2026-04-21-物产环能-浙江物产环保能源股份有限公司2025年年度报告.pdf (文件ID: file-fe-4cf4b5f1fd45424da6450288)
2026-04-21 14:13:08,580 - __main___file_only - INFO - 上传文件: 603071-2026-04-21-物产环能-浙江物产环保能源股份有限公司2025年年度报告.pdf (大小: 0.28 MB, ID: file-fe-4cf4b5f1fd45424da6450288)
2026-04-21 14:13:08,709 - __main__ - INFO - 开始处理: C:\Users\chenkk\Desktop\新建文件夹\603071-2026-04-21-物产环能-浙江物产环保能源股份有限公司2025年年度报告.pdf
2026-04-21 14:13:08,733 - httpx - INFO - HTTP Request: POST https://dashscope.aliyuncs.com/compatible-mode/v1/chat/completions "HTTP/1.1 200 OK"
2026-04-21 14:13:08,883 - httpx - INFO - HTTP Request: POST https://dashscope.aliyuncs.com/compatible-mode/v1/chat/completions "HTTP/1.1 200 OK"
2026-04-21 14:13:09,963 - httpx - INFO - HTTP Request: POST https://dashscope.aliyuncs.com/compatible-mode/v1/chat/completions "HTTP/1.1 200 OK"
2026-04-21 14:13:10,028 - __main___file_only - INFO - 找到数据: 600929 2026-04-21 (3条)
2026-04-21 14:13:10,029 - __main__ - INFO - 处理成功: 600929-2026-04-21
2026-04-21 14:13:10,029 - __main___file_only - INFO - 处理成功: C:\Users\chenkk\Desktop\新建文件夹\600929-2026-04-21-雪天盐业-2025年年度报告.pdf (耗时: 31.15秒)
2026-04-21 14:13:10,567 - httpx - INFO - HTTP Request: POST https://dashscope.aliyuncs.com/compatible-mode/v1/files "HTTP/1.1 200 OK"
2026-04-21 14:13:10,567 - ai_service_enhanced - INFO - 文件上传成功: C:\Users\chenkk\Desktop\新建文件夹\603077-2026-04-21-和邦生物-和邦生物2025年年度报告.pdf (文件ID: file-fe-b3c5aefd0df24435a9629748)
2026-04-21 14:13:10,567 - __main___file_only - INFO - 上传文件: 603077-2026-04-21-和邦生物-和邦生物2025年年度报告.pdf (大小: 0.29 MB, ID: file-fe-b3c5aefd0df24435a9629748)
2026-04-21 14:13:10,648 - httpx - INFO - HTTP Request: DELETE https://dashscope.aliyuncs.com/compatible-mode/v1/files/file-fe-7022c058d830463180343f2f "HTTP/1.1 200 OK"
2026-04-21 14:13:10,699 - httpx - INFO - HTTP Request: POST https://dashscope.aliyuncs.com/compatible-mode/v1/files "HTTP/1.1 200 OK"
2026-04-21 14:13:10,699 - ai_service_enhanced - INFO - 文件上传成功: C:\Users\chenkk\Desktop\新建文件夹\净资产收益率和每股收益\603077-2026-04-21-和邦生物-和邦生物2025年年度报告_mgsy.pdf (文件ID: file-fe-01ca5513dba34b4b961b6b6d)
2026-04-21 14:13:10,699 - __main___file_only - INFO - 上传文件: 603077-2026-04-21-和邦生物-和邦生物2025年年度报告_mgsy.pdf (大小: 0.25 MB, ID: file-fe-01ca5513dba34b4b961b6b6d)
2026-04-21 14:13:10,700 - __main__ - INFO - 开始处理: C:\Users\chenkk\Desktop\新建文件夹\603077-2026-04-21-和邦生物-和邦生物2025年年度报告.pdf
2026-04-21 14:13:10,857 - httpx - INFO - HTTP Request: POST https://dashscope.aliyuncs.com/compatible-mode/v1/chat/completions "HTTP/1.1 200 OK"
2026-04-21 14:13:11,162 - httpx - INFO - HTTP Request: POST https://dashscope.aliyuncs.com/compatible-mode/v1/chat/completions "HTTP/1.1 200 OK"
2026-04-21 14:13:11,236 - __main___file_only - INFO - 找到数据: 600982 2026-04-21 (3条)
2026-04-21 14:13:11,237 - __main__ - INFO - 处理成功: 600982-2026-04-21
2026-04-21 14:13:11,237 - __main___file_only - INFO - 处理成功: C:\Users\chenkk\Desktop\新建文件夹\600982-2026-04-21-宁波能源-宁波能源2025年年度报告.pdf (耗时: 25.58秒)
2026-04-21 14:13:11,356 - httpx - INFO - HTTP Request: POST https://dashscope.aliyuncs.com/compatible-mode/v1/chat/completions "HTTP/1.1 200 OK"
2026-04-21 14:13:11,384 - httpx - INFO - HTTP Request: DELETE https://dashscope.aliyuncs.com/compatible-mode/v1/files/file-fe-6c850eac21284bbb9941df90 "HTTP/1.1 200 OK"
2026-04-21 14:13:11,421 - __main___file_only - INFO - 找到数据: 600930 2026-04-21 (3条)
2026-04-21 14:13:11,421 - __main__ - INFO - 处理成功: 600930-2026-04-21
2026-04-21 14:13:11,421 - __main___file_only - INFO - 处理成功: C:\Users\chenkk\Desktop\新建文件夹\600930-2026-04-21-华电新能-华电新能源集团股份有限公司2025年年度报告.pdf (耗时: 30.48秒)
2026-04-21 14:13:11,783 - httpx - INFO - HTTP Request: POST https://dashscope.aliyuncs.com/compatible-mode/v1/chat/completions "HTTP/1.1 200 OK"
2026-04-21 14:13:11,919 - __main___file_only - INFO - 找到数据: 600960 2026-04-21 (3条)
2026-04-21 14:13:11,920 - __main__ - INFO - 处理成功: 600960-2026-04-21
2026-04-21 14:13:11,920 - __main___file_only - INFO - 处理成功: C:\Users\chenkk\Desktop\新建文件夹\600960-2026-04-21-渤海汽车-渤海汽车2025年年度报告.pdf (耗时: 28.88秒)
2026-04-21 14:13:11,994 - httpx - INFO - HTTP Request: DELETE https://dashscope.aliyuncs.com/compatible-mode/v1/files/file-fe-d65ea118088f4a36ab949691 "HTTP/1.1 200 OK"
2026-04-21 14:13:12,015 - httpx - INFO - HTTP Request: DELETE https://dashscope.aliyuncs.com/compatible-mode/v1/files/file-fe-7252bb051a59434fab9bcc95 "HTTP/1.1 200 OK"
2026-04-21 14:13:12,478 - httpx - INFO - HTTP Request: DELETE https://dashscope.aliyuncs.com/compatible-mode/v1/files/file-fe-96147b571ffd4599ad1c289a "HTTP/1.1 200 OK"
2026-04-21 14:13:12,582 - httpx - INFO - HTTP Request: DELETE https://dashscope.aliyuncs.com/compatible-mode/v1/files/file-fe-62c5f1391ff542fa886afb49 "HTTP/1.1 200 OK"
2026-04-21 14:13:12,637 - httpx - INFO - HTTP Request: DELETE https://dashscope.aliyuncs.com/compatible-mode/v1/files/file-fe-cd35428ccf9942a6b5355a48 "HTTP/1.1 200 OK"
2026-04-21 14:13:12,794 - httpx - INFO - HTTP Request: POST https://dashscope.aliyuncs.com/compatible-mode/v1/files "HTTP/1.1 200 OK"
2026-04-21 14:13:12,794 - ai_service_enhanced - INFO - 文件上传成功: C:\Users\chenkk\Desktop\新建文件夹\净资产收益率和每股收益\603081-2026-04-21-大丰实业-浙江大丰实业股份有限公司2025年年度报告_mgsy.pdf (文件ID: file-fe-e19a723908034511a01ff4f6)
2026-04-21 14:13:12,795 - __main___file_only - INFO - 上传文件: 603081-2026-04-21-大丰实业-浙江大丰实业股份有限公司2025年年度报告_mgsy.pdf (大小: 0.28 MB, ID: file-fe-e19a723908034511a01ff4f6)
2026-04-21 14:13:12,799 - httpx - INFO - HTTP Request: POST https://dashscope.aliyuncs.com/compatible-mode/v1/files "HTTP/1.1 200 OK"
2026-04-21 14:13:12,799 - ai_service_enhanced - INFO - 文件上传成功: C:\Users\chenkk\Desktop\新建文件夹\603081-2026-04-21-大丰实业-浙江大丰实业股份有限公司2025年年度报告.pdf (文件ID: file-fe-212ba3e6575e4e55b2c0ecdf)
2026-04-21 14:13:12,799 - __main___file_only - INFO - 上传文件: 603081-2026-04-21-大丰实业-浙江大丰实业股份有限公司2025年年度报告.pdf (大小: 0.35 MB, ID: file-fe-212ba3e6575e4e55b2c0ecdf)
2026-04-21 14:13:13,053 - __main__ - INFO - 开始处理: C:\Users\chenkk\Desktop\新建文件夹\603081-2026-04-21-大丰实业-浙江大丰实业股份有限公司2025年年度报告.pdf
2026-04-21 14:13:13,084 - httpx - INFO - HTTP Request: DELETE https://dashscope.aliyuncs.com/compatible-mode/v1/files/file-fe-f5d4621c86c544a5a5c6b6c9 "HTTP/1.1 200 OK"
2026-04-21 14:13:14,949 - httpx - INFO - HTTP Request: POST https://dashscope.aliyuncs.com/compatible-mode/v1/files "HTTP/1.1 200 OK"
2026-04-21 14:13:14,949 - ai_service_enhanced - INFO - 文件上传成功: C:\Users\chenkk\Desktop\新建文件夹\603107-2026-04-21-上海汽配-上海汽车空调配件股份有限公司2025年年度报告.pdf (文件ID: file-fe-1db35acb9535496f80ce5a73)
2026-04-21 14:13:14,950 - __main___file_only - INFO - 上传文件: 603107-2026-04-21-上海汽配-上海汽车空调配件股份有限公司2025年年度报告.pdf (大小: 0.29 MB, ID: file-fe-1db35acb9535496f80ce5a73)
2026-04-21 14:13:14,955 - httpx - INFO - HTTP Request: POST https://dashscope.aliyuncs.com/compatible-mode/v1/files "HTTP/1.1 200 OK"
2026-04-21 14:13:14,955 - ai_service_enhanced - INFO - 文件上传成功: C:\Users\chenkk\Desktop\新建文件夹\净资产收益率和每股收益\603107-2026-04-21-上海汽配-上海汽车空调配件股份有限公司2025年年度报告_mgsy.pdf (文件ID: file-fe-c3db6466c91c44a086e69252)
2026-04-21 14:13:14,955 - __main___file_only - INFO - 上传文件: 603107-2026-04-21-上海汽配-上海汽车空调配件股份有限公司2025年年度报告_mgsy.pdf (大小: 0.25 MB, ID: file-fe-c3db6466c91c44a086e69252)
2026-04-21 14:13:15,061 - __main__ - INFO - 开始处理: C:\Users\chenkk\Desktop\新建文件夹\603107-2026-04-21-上海汽配-上海汽车空调配件股份有限公司2025年年度报告.pdf
2026-04-21 14:13:15,099 - httpx - INFO - HTTP Request: POST https://dashscope.aliyuncs.com/compatible-mode/v1/chat/completions "HTTP/1.1 200 OK"
2026-04-21 14:13:15,173 - __main___file_only - INFO - 找到数据: 601100 2026-04-21 (3条)
2026-04-21 14:13:15,173 - __main__ - INFO - 处理成功: 601100-2026-04-21
2026-04-21 14:13:15,173 - __main___file_only - INFO - 处理成功: C:\Users\chenkk\Desktop\新建文件夹\601100-2026-04-21-恒立液压-江苏恒立液压股份有限公司2025年年度报告.pdf (耗时: 27.76秒)
2026-04-21 14:13:15,360 - httpx - INFO - HTTP Request: POST https://dashscope.aliyuncs.com/compatible-mode/v1/chat/completions "HTTP/1.1 200 OK"
2026-04-21 14:13:15,749 - httpx - INFO - HTTP Request: POST https://dashscope.aliyuncs.com/compatible-mode/v1/chat/completions "HTTP/1.1 200 OK"
2026-04-21 14:13:15,834 - httpx - INFO - HTTP Request: DELETE https://dashscope.aliyuncs.com/compatible-mode/v1/files/file-fe-9d0f10e2ae0e42aaaf7a24b9 "HTTP/1.1 200 OK"
2026-04-21 14:13:16,516 - httpx - INFO - HTTP Request: DELETE https://dashscope.aliyuncs.com/compatible-mode/v1/files/file-fe-8cc2222a1f1d4eaca8ed5d8c "HTTP/1.1 200 OK"
2026-04-21 14:13:16,932 - httpx - INFO - HTTP Request: POST https://dashscope.aliyuncs.com/compatible-mode/v1/chat/completions "HTTP/1.1 200 OK"
2026-04-21 14:13:16,996 - __main___file_only - INFO - 找到数据: 601137 2026-04-21 (3条)
2026-04-21 14:13:16,996 - __main__ - INFO - 处理成功: 601137-2026-04-21
2026-04-21 14:13:16,996 - __main___file_only - INFO - 处理成功: C:\Users\chenkk\Desktop\新建文件夹\601137-2026-04-21-博威合金-博威合金2025年年度报告.pdf (耗时: 27.53秒)
2026-04-21 14:13:17,098 - httpx - INFO - HTTP Request: POST https://dashscope.aliyuncs.com/compatible-mode/v1/files "HTTP/1.1 200 OK"
2026-04-21 14:13:17,098 - ai_service_enhanced - INFO - 文件上传成功: C:\Users\chenkk\Desktop\新建文件夹\净资产收益率和每股收益\603151-2026-04-21-邦基科技-山东邦基科技股份有限公司2025年年度报告全文_mgsy.pdf (文件ID: file-fe-d97b89633ded426ea474866d)
2026-04-21 14:13:17,098 - __main___file_only - INFO - 上传文件: 603151-2026-04-21-邦基科技-山东邦基科技股份有限公司2025年年度报告全文_mgsy.pdf (大小: 0.22 MB, ID: file-fe-d97b89633ded426ea474866d)
2026-04-21 14:13:17,153 - httpx - INFO - HTTP Request: POST https://dashscope.aliyuncs.com/compatible-mode/v1/files "HTTP/1.1 200 OK"
2026-04-21 14:13:17,154 - ai_service_enhanced - INFO - 文件上传成功: C:\Users\chenkk\Desktop\新建文件夹\603151-2026-04-21-邦基科技-山东邦基科技股份有限公司2025年年度报告全文.pdf (文件ID: file-fe-2fc06855514b4007a7df3aec)
2026-04-21 14:13:17,154 - __main___file_only - INFO - 上传文件: 603151-2026-04-21-邦基科技-山东邦基科技股份有限公司2025年年度报告全文.pdf (大小: 0.23 MB, ID: file-fe-2fc06855514b4007a7df3aec)
2026-04-21 14:13:17,154 - __main__ - INFO - 开始处理: C:\Users\chenkk\Desktop\新建文件夹\603151-2026-04-21-邦基科技-山东邦基科技股份有限公司2025年年度报告全文.pdf
2026-04-21 14:13:17,673 - httpx - INFO - HTTP Request: DELETE https://dashscope.aliyuncs.com/compatible-mode/v1/files/file-fe-dcd737160e904e188e00e5f8 "HTTP/1.1 200 OK"
2026-04-21 14:13:18,451 - httpx - INFO - HTTP Request: DELETE https://dashscope.aliyuncs.com/compatible-mode/v1/files/file-fe-29370fa651454ef39402dee0 "HTTP/1.1 200 OK"
2026-04-21 14:13:19,225 - httpx - INFO - HTTP Request: POST https://dashscope.aliyuncs.com/compatible-mode/v1/chat/completions "HTTP/1.1 200 OK"
2026-04-21 14:13:19,292 - httpx - INFO - HTTP Request: POST https://dashscope.aliyuncs.com/compatible-mode/v1/files "HTTP/1.1 200 OK"
2026-04-21 14:13:19,293 - ai_service_enhanced - INFO - 文件上传成功: C:\Users\chenkk\Desktop\新建文件夹\603194-2026-04-21-中力股份-2025年年度报告.pdf (文件ID: file-fe-4e46f0c69c8d4ba7b0d806ab)
2026-04-21 14:13:19,293 - __main___file_only - INFO - 上传文件: 603194-2026-04-21-中力股份-2025年年度报告.pdf (大小: 0.33 MB, ID: file-fe-4e46f0c69c8d4ba7b0d806ab)
2026-04-21 14:13:19,298 - httpx - INFO - HTTP Request: POST https://dashscope.aliyuncs.com/compatible-mode/v1/files "HTTP/1.1 200 OK"
2026-04-21 14:13:19,299 - ai_service_enhanced - INFO - 文件上传成功: C:\Users\chenkk\Desktop\新建文件夹\净资产收益率和每股收益\603194-2026-04-21-中力股份-2025年年度报告_mgsy.pdf (文件ID: file-fe-fb888f5f42004749ba0aae8a)
2026-04-21 14:13:19,299 - __main___file_only - INFO - 上传文件: 603194-2026-04-21-中力股份-2025年年度报告_mgsy.pdf (大小: 0.27 MB, ID: file-fe-fb888f5f42004749ba0aae8a)
2026-04-21 14:13:19,411 - __main__ - INFO - 开始处理: C:\Users\chenkk\Desktop\新建文件夹\603194-2026-04-21-中力股份-2025年年度报告.pdf
2026-04-21 14:13:19,926 - httpx - INFO - HTTP Request: POST https://dashscope.aliyuncs.com/compatible-mode/v1/chat/completions "HTTP/1.1 200 OK"
2026-04-21 14:13:21,329 - httpx - INFO - HTTP Request: POST https://dashscope.aliyuncs.com/compatible-mode/v1/files "HTTP/1.1 200 OK"
2026-04-21 14:13:21,330 - ai_service_enhanced - INFO - 文件上传成功: C:\Users\chenkk\Desktop\新建文件夹\603281-2026-04-21-江瀚新材-2025年年度报告.pdf (文件ID: file-fe-3a2f538c5594455cb4751355)
2026-04-21 14:13:21,330 - __main___file_only - INFO - 上传文件: 603281-2026-04-21-江瀚新材-2025年年度报告.pdf (大小: 0.31 MB, ID: file-fe-3a2f538c5594455cb4751355)
2026-04-21 14:13:21,392 - httpx - INFO - HTTP Request: POST https://dashscope.aliyuncs.com/compatible-mode/v1/files "HTTP/1.1 200 OK"
2026-04-21 14:13:21,393 - ai_service_enhanced - INFO - 文件上传成功: C:\Users\chenkk\Desktop\新建文件夹\净资产收益率和每股收益\603281-2026-04-21-江瀚新材-2025年年度报告_mgsy.pdf (文件ID: file-fe-d07c434559024d5cbcaa6d10)
2026-04-21 14:13:21,393 - __main___file_only - INFO - 上传文件: 603281-2026-04-21-江瀚新材-2025年年度报告_mgsy.pdf (大小: 0.29 MB, ID: file-fe-d07c434559024d5cbcaa6d10)
2026-04-21 14:13:21,415 - __main__ - INFO - 开始处理: C:\Users\chenkk\Desktop\新建文件夹\603281-2026-04-21-江瀚新材-2025年年度报告.pdf
2026-04-21 14:13:21,449 - httpx - INFO - HTTP Request: POST https://dashscope.aliyuncs.com/compatible-mode/v1/chat/completions "HTTP/1.1 200 OK"
2026-04-21 14:13:22,129 - httpx - INFO - HTTP Request: POST https://dashscope.aliyuncs.com/compatible-mode/v1/chat/completions "HTTP/1.1 200 OK"
2026-04-21 14:13:22,195 - __main___file_only - INFO - 找到数据: 601512 2026-04-21 (3条)
2026-04-21 14:13:22,195 - __main__ - INFO - 处理成功: 601512-2026-04-21
2026-04-21 14:13:22,195 - __main___file_only - INFO - 处理成功: C:\Users\chenkk\Desktop\新建文件夹\601512-2026-04-21-中新集团-中新集团2025年年度报告.pdf (耗时: 30.35秒)
2026-04-21 14:13:23,008 - httpx - INFO - HTTP Request: DELETE https://dashscope.aliyuncs.com/compatible-mode/v1/files/file-fe-2b108b19d8954cc08f1d534b "HTTP/1.1 200 OK"
2026-04-21 14:13:23,484 - httpx - INFO - HTTP Request: POST https://dashscope.aliyuncs.com/compatible-mode/v1/chat/completions "HTTP/1.1 200 OK"
2026-04-21 14:13:23,503 - httpx - INFO - HTTP Request: POST https://dashscope.aliyuncs.com/compatible-mode/v1/files "HTTP/1.1 200 OK"
2026-04-21 14:13:23,504 - ai_service_enhanced - INFO - 文件上传成功: C:\Users\chenkk\Desktop\新建文件夹\净资产收益率和每股收益\603284-2026-04-21-林平发展-安徽林平循环发展股份有限公司2025年年度报告_mgsy.pdf (文件ID: file-fe-e1ffc854c7f24689989903a2)
2026-04-21 14:13:23,504 - __main___file_only - INFO - 上传文件: 603284-2026-04-21-林平发展-安徽林平循环发展股份有限公司2025年年度报告_mgsy.pdf (大小: 0.26 MB, ID: file-fe-e1ffc854c7f24689989903a2)
2026-04-21 14:13:23,677 - httpx - INFO - HTTP Request: POST https://dashscope.aliyuncs.com/compatible-mode/v1/chat/completions "HTTP/1.1 200 OK"
2026-04-21 14:13:23,744 - __main___file_only - INFO - 找到数据: 601700 2026-04-21 (3条)
2026-04-21 14:13:23,744 - __main__ - INFO - 处理成功: 601700-2026-04-21
2026-04-21 14:13:23,744 - __main___file_only - INFO - 处理成功: C:\Users\chenkk\Desktop\新建文件夹\601700-2026-04-21-风范股份-常熟风范电力设备股份有限公司2025年年度报告.pdf (耗时: 27.53秒)
2026-04-21 14:13:23,761 - httpx - INFO - HTTP Request: DELETE https://dashscope.aliyuncs.com/compatible-mode/v1/files/file-fe-deba4674296d4c82a042e512 "HTTP/1.1 200 OK"
2026-04-21 14:13:24,024 - httpx - INFO - HTTP Request: POST https://dashscope.aliyuncs.com/compatible-mode/v1/files "HTTP/1.1 200 OK"
2026-04-21 14:13:24,025 - ai_service_enhanced - INFO - 文件上传成功: C:\Users\chenkk\Desktop\新建文件夹\603284-2026-04-21-林平发展-安徽林平循环发展股份有限公司2025年年度报告.pdf (文件ID: file-fe-63faf8cb6c5143ae9cfa3cb8)
2026-04-21 14:13:24,025 - __main___file_only - INFO - 上传文件: 603284-2026-04-21-林平发展-安徽林平循环发展股份有限公司2025年年度报告.pdf (大小: 0.28 MB, ID: file-fe-63faf8cb6c5143ae9cfa3cb8)
2026-04-21 14:13:24,054 - __main__ - INFO - 开始处理: C:\Users\chenkk\Desktop\新建文件夹\603284-2026-04-21-林平发展-安徽林平循环发展股份有限公司2025年年度报告.pdf
2026-04-21 14:13:24,327 - httpx - INFO - HTTP Request: DELETE https://dashscope.aliyuncs.com/compatible-mode/v1/files/file-fe-2de97a351e6e4c9a8019b94c "HTTP/1.1 200 OK"
2026-04-21 14:13:24,921 - httpx - INFO - HTTP Request: POST https://dashscope.aliyuncs.com/compatible-mode/v1/chat/completions "HTTP/1.1 200 OK"
2026-04-21 14:13:24,986 - __main___file_only - INFO - 找到数据: 601677 2026-04-21 (3条)
2026-04-21 14:13:24,986 - __main__ - INFO - 处理成功: 601677-2026-04-21
2026-04-21 14:13:24,986 - __main___file_only - INFO - 处理成功: C:\Users\chenkk\Desktop\新建文件夹\601677-2026-04-21-明泰铝业-明泰铝业2025年度报告.pdf (耗时: 31.14秒)
2026-04-21 14:13:25,104 - httpx - INFO - HTTP Request: DELETE https://dashscope.aliyuncs.com/compatible-mode/v1/files/file-fe-113a9c5241b5490899853f1f "HTTP/1.1 200 OK"
2026-04-21 14:13:25,605 - httpx - INFO - HTTP Request: POST https://dashscope.aliyuncs.com/compatible-mode/v1/chat/completions "HTTP/1.1 200 OK"
2026-04-21 14:13:25,617 - httpx - INFO - HTTP Request: POST https://dashscope.aliyuncs.com/compatible-mode/v1/files "HTTP/1.1 200 OK"
2026-04-21 14:13:25,618 - ai_service_enhanced - INFO - 文件上传成功: C:\Users\chenkk\Desktop\新建文件夹\603289-2026-04-21-泰瑞机器-2025年年度报告.pdf (文件ID: file-fe-6ff7dc2870f141b9b031b3cc)
2026-04-21 14:13:25,618 - __main___file_only - INFO - 上传文件: 603289-2026-04-21-泰瑞机器-2025年年度报告.pdf (大小: 0.31 MB, ID: file-fe-6ff7dc2870f141b9b031b3cc)
2026-04-21 14:13:25,661 - httpx - INFO - HTTP Request: DELETE https://dashscope.aliyuncs.com/compatible-mode/v1/files/file-fe-b12647ed45834e53bbeadcf7 "HTTP/1.1 200 OK"
2026-04-21 14:13:25,752 - httpx - INFO - HTTP Request: POST https://dashscope.aliyuncs.com/compatible-mode/v1/files "HTTP/1.1 200 OK"
2026-04-21 14:13:25,752 - ai_service_enhanced - INFO - 文件上传成功: C:\Users\chenkk\Desktop\新建文件夹\净资产收益率和每股收益\603289-2026-04-21-泰瑞机器-2025年年度报告_mgsy.pdf (文件ID: file-fe-c90fe7c0221948a08b51088c)
2026-04-21 14:13:25,753 - __main___file_only - INFO - 上传文件: 603289-2026-04-21-泰瑞机器-2025年年度报告_mgsy.pdf (大小: 0.28 MB, ID: file-fe-c90fe7c0221948a08b51088c)
2026-04-21 14:13:25,844 - httpx - INFO - HTTP Request: POST https://dashscope.aliyuncs.com/compatible-mode/v1/chat/completions "HTTP/1.1 200 OK"
2026-04-21 14:13:25,900 - __main__ - INFO - 开始处理: C:\Users\chenkk\Desktop\新建文件夹\603289-2026-04-21-泰瑞机器-2025年年度报告.pdf
2026-04-21 14:13:25,928 - __main___file_only - INFO - 找到数据: 601789 2026-04-21 (3条)
2026-04-21 14:13:25,928 - __main__ - INFO - 处理成功: 601789-2026-04-21
2026-04-21 14:13:25,928 - __main___file_only - INFO - 处理成功: C:\Users\chenkk\Desktop\新建文件夹\601789-2026-04-21-宁波建工-宁波建工2025年年度报告.pdf (耗时: 27.61秒)
2026-04-21 14:13:26,265 - httpx - INFO - HTTP Request: DELETE https://dashscope.aliyuncs.com/compatible-mode/v1/files/file-fe-18a3db5c8c4342bb93d1ffdf "HTTP/1.1 200 OK"
2026-04-21 14:13:26,557 - httpx - INFO - HTTP Request: DELETE https://dashscope.aliyuncs.com/compatible-mode/v1/files/file-fe-3d1d4539e41e44aca374c6ef "HTTP/1.1 200 OK"
2026-04-21 14:13:27,209 - httpx - INFO - HTTP Request: DELETE https://dashscope.aliyuncs.com/compatible-mode/v1/files/file-fe-193e91e87ca54d4a9393d203 "HTTP/1.1 200 OK"
2026-04-21 14:13:27,633 - httpx - INFO - HTTP Request: POST https://dashscope.aliyuncs.com/compatible-mode/v1/chat/completions "HTTP/1.1 200 OK"
2026-04-21 14:13:27,742 - httpx - INFO - HTTP Request: POST https://dashscope.aliyuncs.com/compatible-mode/v1/files "HTTP/1.1 200 OK"
2026-04-21 14:13:27,743 - ai_service_enhanced - INFO - 文件上传成功: C:\Users\chenkk\Desktop\新建文件夹\603319-2026-04-21-美湖股份-2025年年度报告.pdf (文件ID: file-fe-141ed434316941deaec9db3a)
2026-04-21 14:13:27,743 - __main___file_only - INFO - 上传文件: 603319-2026-04-21-美湖股份-2025年年度报告.pdf (大小: 0.32 MB, ID: file-fe-141ed434316941deaec9db3a)
2026-04-21 14:13:27,814 - httpx - INFO - HTTP Request: POST https://dashscope.aliyuncs.com/compatible-mode/v1/chat/completions "HTTP/1.1 200 OK"
2026-04-21 14:13:27,823 - httpx - INFO - HTTP Request: POST https://dashscope.aliyuncs.com/compatible-mode/v1/files "HTTP/1.1 200 OK"
2026-04-21 14:13:27,823 - ai_service_enhanced - INFO - 文件上传成功: C:\Users\chenkk\Desktop\新建文件夹\净资产收益率和每股收益\603319-2026-04-21-美湖股份-2025年年度报告_mgsy.pdf (文件ID: file-fe-08caf5a9860441f88bc81d14)
2026-04-21 14:13:27,824 - __main___file_only - INFO - 上传文件: 603319-2026-04-21-美湖股份-2025年年度报告_mgsy.pdf (大小: 0.28 MB, ID: file-fe-08caf5a9860441f88bc81d14)
2026-04-21 14:13:27,894 - __main___file_only - INFO - 找到数据: 601928 2026-04-21 (3条)
2026-04-21 14:13:27,895 - __main__ - INFO - 处理成功: 601928-2026-04-21
2026-04-21 14:13:27,895 - __main___file_only - INFO - 处理成功: C:\Users\chenkk\Desktop\新建文件夹\601928-2026-04-21-凤凰传媒-凤凰传媒2025年年度报告.pdf (耗时: 25.58秒)
2026-04-21 14:13:27,903 - __main__ - INFO - 开始处理: C:\Users\chenkk\Desktop\新建文件夹\603319-2026-04-21-美湖股份-2025年年度报告.pdf
2026-04-21 14:13:28,553 - httpx - INFO - HTTP Request: DELETE https://dashscope.aliyuncs.com/compatible-mode/v1/files/file-fe-28c8c4c37c074389b32d000d "HTTP/1.1 200 OK"
2026-04-21 14:13:29,148 - httpx - INFO - HTTP Request: POST https://dashscope.aliyuncs.com/compatible-mode/v1/chat/completions "HTTP/1.1 200 OK"
2026-04-21 14:13:29,194 - httpx - INFO - HTTP Request: DELETE https://dashscope.aliyuncs.com/compatible-mode/v1/files/file-fe-3493b2aec31b40baba64cfaf "HTTP/1.1 200 OK"
2026-04-21 14:13:29,367 - __main___file_only - INFO - 找到数据: 601816 2026-04-21 (3条)
2026-04-21 14:13:29,367 - __main__ - INFO - 处理成功: 601816-2026-04-21
2026-04-21 14:13:29,367 - __main___file_only - INFO - 处理成功: C:\Users\chenkk\Desktop\新建文件夹\601816-2026-04-21-京沪高铁-601816_2025年_年度报告.pdf (耗时: 29.05秒)
2026-04-21 14:13:29,943 - httpx - INFO - HTTP Request: POST https://dashscope.aliyuncs.com/compatible-mode/v1/files "HTTP/1.1 200 OK"
2026-04-21 14:13:29,944 - ai_service_enhanced - INFO - 文件上传成功: C:\Users\chenkk\Desktop\新建文件夹\603392-2026-04-21-万泰生物-万泰生物2025年年度报告.pdf (文件ID: file-fe-7a3c510b79d743509c2e89fe)
2026-04-21 14:13:29,944 - __main___file_only - INFO - 上传文件: 603392-2026-04-21-万泰生物-万泰生物2025年年度报告.pdf (大小: 0.34 MB, ID: file-fe-7a3c510b79d743509c2e89fe)
2026-04-21 14:13:30,067 - httpx - INFO - HTTP Request: POST https://dashscope.aliyuncs.com/compatible-mode/v1/files "HTTP/1.1 200 OK"
2026-04-21 14:13:30,068 - ai_service_enhanced - INFO - 文件上传成功: C:\Users\chenkk\Desktop\新建文件夹\净资产收益率和每股收益\603392-2026-04-21-万泰生物-万泰生物2025年年度报告_mgsy.pdf (文件ID: file-fe-d74bcc7dfb904f35aba8174b)
2026-04-21 14:13:30,068 - __main___file_only - INFO - 上传文件: 603392-2026-04-21-万泰生物-万泰生物2025年年度报告_mgsy.pdf (大小: 0.30 MB, ID: file-fe-d74bcc7dfb904f35aba8174b)
2026-04-21 14:13:30,112 - httpx - INFO - HTTP Request: DELETE https://dashscope.aliyuncs.com/compatible-mode/v1/files/file-fe-c97f26c63ab04b4a9efd4cb5 "HTTP/1.1 200 OK"
2026-04-21 14:13:30,285 - __main__ - INFO - 开始处理: C:\Users\chenkk\Desktop\新建文件夹\603392-2026-04-21-万泰生物-万泰生物2025年年度报告.pdf
2026-04-21 14:13:30,778 - httpx - INFO - HTTP Request: DELETE https://dashscope.aliyuncs.com/compatible-mode/v1/files/file-fe-1d90a8ad38104852ada881cf "HTTP/1.1 200 OK"
2026-04-21 14:13:31,094 - httpx - INFO - HTTP Request: POST https://dashscope.aliyuncs.com/compatible-mode/v1/chat/completions "HTTP/1.1 200 OK"
2026-04-21 14:13:32,104 - httpx - INFO - HTTP Request: POST https://dashscope.aliyuncs.com/compatible-mode/v1/files "HTTP/1.1 200 OK"
2026-04-21 14:13:32,105 - ai_service_enhanced - INFO - 文件上传成功: C:\Users\chenkk\Desktop\新建文件夹\净资产收益率和每股收益\603466-2026-04-21-风语筑-上海风语筑文化科技股份有限公司2025年年度报告_mgsy.pdf (文件ID: file-fe-576f638b3ff3433ebe3a5c25)
2026-04-21 14:13:32,105 - __main___file_only - INFO - 上传文件: 603466-2026-04-21-风语筑-上海风语筑文化科技股份有限公司2025年年度报告_mgsy.pdf (大小: 0.23 MB, ID: file-fe-576f638b3ff3433ebe3a5c25)
2026-04-21 14:13:32,116 - httpx - INFO - HTTP Request: POST https://dashscope.aliyuncs.com/compatible-mode/v1/files "HTTP/1.1 200 OK"
2026-04-21 14:13:32,117 - ai_service_enhanced - INFO - 文件上传成功: C:\Users\chenkk\Desktop\新建文件夹\603466-2026-04-21-风语筑-上海风语筑文化科技股份有限公司2025年年度报告.pdf (文件ID: file-fe-5ef9f798e4a249ce87162e0c)
2026-04-21 14:13:32,117 - __main___file_only - INFO - 上传文件: 603466-2026-04-21-风语筑-上海风语筑文化科技股份有限公司2025年年度报告.pdf (大小: 0.24 MB, ID: file-fe-5ef9f798e4a249ce87162e0c)
2026-04-21 14:13:32,117 - __main__ - INFO - 开始处理: C:\Users\chenkk\Desktop\新建文件夹\603466-2026-04-21-风语筑-上海风语筑文化科技股份有限公司2025年年度报告.pdf
2026-04-21 14:13:32,506 - httpx - INFO - HTTP Request: POST https://dashscope.aliyuncs.com/compatible-mode/v1/chat/completions "HTTP/1.1 200 OK"
2026-04-21 14:13:32,589 - __main___file_only - INFO - 找到数据: 603035 2026-04-21 (3条)
2026-04-21 14:13:32,590 - __main__ - INFO - 处理成功: 603035-2026-04-21
2026-04-21 14:13:32,590 - __main___file_only - INFO - 处理成功: C:\Users\chenkk\Desktop\新建文件夹\603035-2026-04-21-常熟汽饰-江苏常熟汽饰集团股份有限公司2025年年度报告（全文）.pdf (耗时: 28.23秒)
2026-04-21 14:13:33,203 - httpx - INFO - HTTP Request: DELETE https://dashscope.aliyuncs.com/compatible-mode/v1/files/file-fe-4b0d5965f7e14802a1f220bb "HTTP/1.1 200 OK"
2026-04-21 14:13:33,290 - httpx - INFO - HTTP Request: POST https://dashscope.aliyuncs.com/compatible-mode/v1/chat/completions "HTTP/1.1 200 OK"
2026-04-21 14:13:33,869 - httpx - INFO - HTTP Request: DELETE https://dashscope.aliyuncs.com/compatible-mode/v1/files/file-fe-f7fc7fc507424b5896dd4643 "HTTP/1.1 200 OK"
2026-04-21 14:13:34,024 - httpx - INFO - HTTP Request: POST https://dashscope.aliyuncs.com/compatible-mode/v1/chat/completions "HTTP/1.1 200 OK"
2026-04-21 14:13:34,085 - httpx - INFO - HTTP Request: POST https://dashscope.aliyuncs.com/compatible-mode/v1/files "HTTP/1.1 200 OK"
2026-04-21 14:13:34,086 - ai_service_enhanced - INFO - 文件上传成功: C:\Users\chenkk\Desktop\新建文件夹\净资产收益率和每股收益\603499-2026-04-21-翔港科技-2025年年度报告_mgsy.pdf (文件ID: file-fe-526cac0de42b446f86139eb8)
2026-04-21 14:13:34,086 - __main___file_only - INFO - 上传文件: 603499-2026-04-21-翔港科技-2025年年度报告_mgsy.pdf (大小: 0.25 MB, ID: file-fe-526cac0de42b446f86139eb8)
2026-04-21 14:13:34,222 - httpx - INFO - HTTP Request: POST https://dashscope.aliyuncs.com/compatible-mode/v1/files "HTTP/1.1 200 OK"
2026-04-21 14:13:34,223 - ai_service_enhanced - INFO - 文件上传成功: C:\Users\chenkk\Desktop\新建文件夹\603499-2026-04-21-翔港科技-2025年年度报告.pdf (文件ID: file-fe-13bdc9f3966f40269c141a1b)
2026-04-21 14:13:34,223 - __main___file_only - INFO - 上传文件: 603499-2026-04-21-翔港科技-2025年年度报告.pdf (大小: 0.28 MB, ID: file-fe-13bdc9f3966f40269c141a1b)
2026-04-21 14:13:34,478 - __main__ - INFO - 开始处理: C:\Users\chenkk\Desktop\新建文件夹\603499-2026-04-21-翔港科技-2025年年度报告.pdf
2026-04-21 14:13:36,330 - httpx - INFO - HTTP Request: POST https://dashscope.aliyuncs.com/compatible-mode/v1/files "HTTP/1.1 200 OK"
2026-04-21 14:13:36,331 - ai_service_enhanced - INFO - 文件上传成功: C:\Users\chenkk\Desktop\新建文件夹\净资产收益率和每股收益\603556-2026-04-21-海兴电力-杭州海兴电力科技股份有限公司2025年年度报告_mgsy.pdf (文件ID: file-fe-7709ebc9ff6a4e0c9ff4a029)
2026-04-21 14:13:36,331 - __main___file_only - INFO - 上传文件: 603556-2026-04-21-海兴电力-杭州海兴电力科技股份有限公司2025年年度报告_mgsy.pdf (大小: 0.25 MB, ID: file-fe-7709ebc9ff6a4e0c9ff4a029)
2026-04-21 14:13:36,377 - httpx - INFO - HTTP Request: POST https://dashscope.aliyuncs.com/compatible-mode/v1/files "HTTP/1.1 200 OK"
2026-04-21 14:13:36,378 - ai_service_enhanced - INFO - 文件上传成功: C:\Users\chenkk\Desktop\新建文件夹\603556-2026-04-21-海兴电力-杭州海兴电力科技股份有限公司2025年年度报告.pdf (文件ID: file-fe-a03a6b16d3b6407baba3c7b7)
2026-04-21 14:13:36,378 - __main___file_only - INFO - 上传文件: 603556-2026-04-21-海兴电力-杭州海兴电力科技股份有限公司2025年年度报告.pdf (大小: 0.28 MB, ID: file-fe-a03a6b16d3b6407baba3c7b7)
2026-04-21 14:13:36,480 - __main__ - INFO - 开始处理: C:\Users\chenkk\Desktop\新建文件夹\603556-2026-04-21-海兴电力-杭州海兴电力科技股份有限公司2025年年度报告.pdf
2026-04-21 14:13:36,528 - httpx - INFO - HTTP Request: POST https://dashscope.aliyuncs.com/compatible-mode/v1/chat/completions "HTTP/1.1 200 OK"
2026-04-21 14:13:36,611 - __main___file_only - INFO - 找到数据: 603042 2026-04-21 (3条)
2026-04-21 14:13:36,611 - __main__ - INFO - 处理成功: 603042-2026-04-21
2026-04-21 14:13:36,611 - __main___file_only - INFO - 处理成功: C:\Users\chenkk\Desktop\新建文件夹\603042-2026-04-21-华脉科技-2025年年度报告.pdf (耗时: 30.17秒)
2026-04-21 14:13:36,743 - httpx - INFO - HTTP Request: POST https://dashscope.aliyuncs.com/compatible-mode/v1/chat/completions "HTTP/1.1 200 OK"
2026-04-21 14:13:36,810 - __main___file_only - INFO - 找到数据: 603071 2026-04-21 (3条)
2026-04-21 14:13:36,811 - __main__ - INFO - 处理成功: 603071-2026-04-21
2026-04-21 14:13:36,811 - __main___file_only - INFO - 处理成功: C:\Users\chenkk\Desktop\新建文件夹\603071-2026-04-21-物产环能-浙江物产环保能源股份有限公司2025年年度报告.pdf (耗时: 28.10秒)
2026-04-21 14:13:37,260 - httpx - INFO - HTTP Request: DELETE https://dashscope.aliyuncs.com/compatible-mode/v1/files/file-fe-3682c69a49364e5d8f3dee4b "HTTP/1.1 200 OK"
2026-04-21 14:13:37,459 - httpx - INFO - HTTP Request: DELETE https://dashscope.aliyuncs.com/compatible-mode/v1/files/file-fe-ba610913c65f4e5eb30a02f1 "HTTP/1.1 200 OK"
2026-04-21 14:13:38,027 - httpx - INFO - HTTP Request: DELETE https://dashscope.aliyuncs.com/compatible-mode/v1/files/file-fe-2030f694687f4367a9891bac "HTTP/1.1 200 OK"
2026-04-21 14:13:38,187 - httpx - INFO - HTTP Request: DELETE https://dashscope.aliyuncs.com/compatible-mode/v1/files/file-fe-4cf4b5f1fd45424da6450288 "HTTP/1.1 200 OK"
2026-04-21 14:13:38,477 - httpx - INFO - HTTP Request: POST https://dashscope.aliyuncs.com/compatible-mode/v1/files "HTTP/1.1 200 OK"
2026-04-21 14:13:38,478 - ai_service_enhanced - INFO - 文件上传成功: C:\Users\chenkk\Desktop\新建文件夹\净资产收益率和每股收益\603680-2026-04-21-今创集团-2025年年度报告_mgsy.pdf (文件ID: file-fe-89a1375aba854985a01eb66b)
2026-04-21 14:13:38,478 - __main___file_only - INFO - 上传文件: 603680-2026-04-21-今创集团-2025年年度报告_mgsy.pdf (大小: 0.28 MB, ID: file-fe-89a1375aba854985a01eb66b)
2026-04-21 14:13:38,509 - httpx - INFO - HTTP Request: POST https://dashscope.aliyuncs.com/compatible-mode/v1/files "HTTP/1.1 200 OK"
2026-04-21 14:13:38,509 - ai_service_enhanced - INFO - 文件上传成功: C:\Users\chenkk\Desktop\新建文件夹\603680-2026-04-21-今创集团-2025年年度报告.pdf (文件ID: file-fe-a3e02c63ea5942dba4872a3c)
2026-04-21 14:13:38,509 - __main___file_only - INFO - 上传文件: 603680-2026-04-21-今创集团-2025年年度报告.pdf (大小: 0.30 MB, ID: file-fe-a3e02c63ea5942dba4872a3c)
2026-04-21 14:13:38,510 - __main__ - INFO - 开始处理: C:\Users\chenkk\Desktop\新建文件夹\603680-2026-04-21-今创集团-2025年年度报告.pdf
2026-04-21 14:13:38,844 - httpx - INFO - HTTP Request: POST https://dashscope.aliyuncs.com/compatible-mode/v1/chat/completions "HTTP/1.1 200 OK"
2026-04-21 14:13:39,819 - httpx - INFO - HTTP Request: POST https://dashscope.aliyuncs.com/compatible-mode/v1/chat/completions "HTTP/1.1 200 OK"
2026-04-21 14:13:39,888 - __main___file_only - INFO - 找到数据: 603081 2026-04-21 (3条)
2026-04-21 14:13:39,888 - __main__ - INFO - 处理成功: 603081-2026-04-21
2026-04-21 14:13:39,888 - __main___file_only - INFO - 处理成功: C:\Users\chenkk\Desktop\新建文件夹\603081-2026-04-21-大丰实业-浙江大丰实业股份有限公司2025年年度报告.pdf (耗时: 26.84秒)
2026-04-21 14:13:40,495 - httpx - INFO - HTTP Request: DELETE https://dashscope.aliyuncs.com/compatible-mode/v1/files/file-fe-e19a723908034511a01ff4f6 "HTTP/1.1 200 OK"
2026-04-21 14:13:40,615 - httpx - INFO - HTTP Request: POST https://dashscope.aliyuncs.com/compatible-mode/v1/files "HTTP/1.1 200 OK"
2026-04-21 14:13:40,617 - ai_service_enhanced - INFO - 文件上传成功: C:\Users\chenkk\Desktop\新建文件夹\603788-2026-04-21-宁波高发-宁波高发2025年年度报告.pdf (文件ID: file-fe-c957bb908ee04876b6257b64)
2026-04-21 14:13:40,617 - __main___file_only - INFO - 上传文件: 603788-2026-04-21-宁波高发-宁波高发2025年年度报告.pdf (大小: 0.23 MB, ID: file-fe-c957bb908ee04876b6257b64)
2026-04-21 14:13:40,700 - httpx - INFO - HTTP Request: POST https://dashscope.aliyuncs.com/compatible-mode/v1/files "HTTP/1.1 200 OK"
2026-04-21 14:13:40,701 - ai_service_enhanced - INFO - 文件上传成功: C:\Users\chenkk\Desktop\新建文件夹\净资产收益率和每股收益\603788-2026-04-21-宁波高发-宁波高发2025年年度报告_mgsy.pdf (文件ID: file-fe-1f43726ef9e84b5dac6a22aa)
2026-04-21 14:13:40,701 - __main___file_only - INFO - 上传文件: 603788-2026-04-21-宁波高发-宁波高发2025年年度报告_mgsy.pdf (大小: 0.20 MB, ID: file-fe-1f43726ef9e84b5dac6a22aa)
2026-04-21 14:13:40,890 - __main__ - INFO - 开始处理: C:\Users\chenkk\Desktop\新建文件夹\603788-2026-04-21-宁波高发-宁波高发2025年年度报告.pdf
2026-04-21 14:13:40,903 - httpx - INFO - HTTP Request: POST https://dashscope.aliyuncs.com/compatible-mode/v1/chat/completions "HTTP/1.1 200 OK"
2026-04-21 14:13:41,110 - httpx - INFO - HTTP Request: DELETE https://dashscope.aliyuncs.com/compatible-mode/v1/files/file-fe-212ba3e6575e4e55b2c0ecdf "HTTP/1.1 200 OK"
2026-04-21 14:13:42,736 - httpx - INFO - HTTP Request: POST https://dashscope.aliyuncs.com/compatible-mode/v1/files "HTTP/1.1 200 OK"
2026-04-21 14:13:42,737 - ai_service_enhanced - INFO - 文件上传成功: C:\Users\chenkk\Desktop\新建文件夹\净资产收益率和每股收益\603879-2026-04-21-永悦科技-永悦科技2025年年度报告_mgsy.pdf (文件ID: file-fe-19056851f79f47d585d82a42)
2026-04-21 14:13:42,737 - __main___file_only - INFO - 上传文件: 603879-2026-04-21-永悦科技-永悦科技2025年年度报告_mgsy.pdf (大小: 0.26 MB, ID: file-fe-19056851f79f47d585d82a42)
2026-04-21 14:13:42,894 - httpx - INFO - HTTP Request: POST https://dashscope.aliyuncs.com/compatible-mode/v1/files "HTTP/1.1 200 OK"
2026-04-21 14:13:42,895 - ai_service_enhanced - INFO - 文件上传成功: C:\Users\chenkk\Desktop\新建文件夹\603879-2026-04-21-永悦科技-永悦科技2025年年度报告.pdf (文件ID: file-fe-fd61eed5c98a413fb65ad15c)
2026-04-21 14:13:42,895 - __main___file_only - INFO - 上传文件: 603879-2026-04-21-永悦科技-永悦科技2025年年度报告.pdf (大小: 0.28 MB, ID: file-fe-fd61eed5c98a413fb65ad15c)
2026-04-21 14:13:42,895 - __main__ - INFO - 开始处理: C:\Users\chenkk\Desktop\新建文件夹\603879-2026-04-21-永悦科技-永悦科技2025年年度报告.pdf
2026-04-21 14:13:43,064 - httpx - INFO - HTTP Request: POST https://dashscope.aliyuncs.com/compatible-mode/v1/chat/completions "HTTP/1.1 200 OK"
2026-04-21 14:13:43,084 - httpx - INFO - HTTP Request: POST https://dashscope.aliyuncs.com/compatible-mode/v1/chat/completions "HTTP/1.1 200 OK"
2026-04-21 14:13:43,181 - __main___file_only - INFO - 找到数据: 603107 2026-04-21 (3条)
2026-04-21 14:13:43,182 - __main__ - INFO - 处理成功: 603107-2026-04-21
2026-04-21 14:13:43,182 - __main___file_only - INFO - 处理成功: C:\Users\chenkk\Desktop\新建文件夹\603107-2026-04-21-上海汽配-上海汽车空调配件股份有限公司2025年年度报告.pdf (耗时: 28.12秒)
2026-04-21 14:13:43,760 - httpx - INFO - HTTP Request: POST https://dashscope.aliyuncs.com/compatible-mode/v1/chat/completions "HTTP/1.1 200 OK"
2026-04-21 14:13:43,772 - httpx - INFO - HTTP Request: DELETE https://dashscope.aliyuncs.com/compatible-mode/v1/files/file-fe-1db35acb9535496f80ce5a73 "HTTP/1.1 200 OK"
2026-04-21 14:13:43,878 - httpx - INFO - HTTP Request: POST https://dashscope.aliyuncs.com/compatible-mode/v1/chat/completions "HTTP/1.1 200 OK"
2026-04-21 14:13:43,996 - __main___file_only - INFO - 找到数据: 603077 2026-04-21 (3条)
2026-04-21 14:13:43,996 - __main__ - INFO - 处理成功: 603077-2026-04-21
2026-04-21 14:13:43,996 - __main___file_only - INFO - 处理成功: C:\Users\chenkk\Desktop\新建文件夹\603077-2026-04-21-和邦生物-和邦生物2025年年度报告.pdf (耗时: 33.30秒)
2026-04-21 14:13:44,576 - httpx - INFO - HTTP Request: DELETE https://dashscope.aliyuncs.com/compatible-mode/v1/files/file-fe-b3c5aefd0df24435a9629748 "HTTP/1.1 200 OK"
2026-04-21 14:13:44,579 - httpx - INFO - HTTP Request: DELETE https://dashscope.aliyuncs.com/compatible-mode/v1/files/file-fe-c3db6466c91c44a086e69252 "HTTP/1.1 200 OK"
2026-04-21 14:13:44,922 - httpx - INFO - HTTP Request: POST https://dashscope.aliyuncs.com/compatible-mode/v1/files "HTTP/1.1 200 OK"
2026-04-21 14:13:44,923 - ai_service_enhanced - INFO - 文件上传成功: C:\Users\chenkk\Desktop\新建文件夹\603887-2026-04-21-城地香江-上海城地香江数据科技股份有限公司2025年年度报告.pdf (文件ID: file-fe-ef0bcf01c00944d9b125c30c)
2026-04-21 14:13:44,923 - __main___file_only - INFO - 上传文件: 603887-2026-04-21-城地香江-上海城地香江数据科技股份有限公司2025年年度报告.pdf (大小: 0.38 MB, ID: file-fe-ef0bcf01c00944d9b125c30c)
2026-04-21 14:13:44,983 - httpx - INFO - HTTP Request: POST https://dashscope.aliyuncs.com/compatible-mode/v1/files "HTTP/1.1 200 OK"
2026-04-21 14:13:44,984 - ai_service_enhanced - INFO - 文件上传成功: C:\Users\chenkk\Desktop\新建文件夹\净资产收益率和每股收益\603887-2026-04-21-城地香江-上海城地香江数据科技股份有限公司2025年年度报告_mgsy.pdf (文件ID: file-fe-95e59d8bdf6548108df1821e)
2026-04-21 14:13:44,984 - __main___file_only - INFO - 上传文件: 603887-2026-04-21-城地香江-上海城地香江数据科技股份有限公司2025年年度报告_mgsy.pdf (大小: 0.34 MB, ID: file-fe-95e59d8bdf6548108df1821e)
2026-04-21 14:13:44,985 - __main__ - INFO - 开始处理: C:\Users\chenkk\Desktop\新建文件夹\603887-2026-04-21-城地香江-上海城地香江数据科技股份有限公司2025年年度报告.pdf
2026-04-21 14:13:45,079 - httpx - INFO - HTTP Request: POST https://dashscope.aliyuncs.com/compatible-mode/v1/chat/completions "HTTP/1.1 200 OK"
2026-04-21 14:13:45,248 - httpx - INFO - HTTP Request: DELETE https://dashscope.aliyuncs.com/compatible-mode/v1/files/file-fe-01ca5513dba34b4b961b6b6d "HTTP/1.1 200 OK"
2026-04-21 14:13:46,090 - httpx - INFO - HTTP Request: POST https://dashscope.aliyuncs.com/compatible-mode/v1/chat/completions "HTTP/1.1 200 OK"
2026-04-21 14:13:46,209 - __main___file_only - INFO - 找到数据: 603151 2026-04-21 (3条)
2026-04-21 14:13:46,209 - __main__ - INFO - 处理成功: 603151-2026-04-21
2026-04-21 14:13:46,209 - __main___file_only - INFO - 处理成功: C:\Users\chenkk\Desktop\新建文件夹\603151-2026-04-21-邦基科技-山东邦基科技股份有限公司2025年年度报告全文.pdf (耗时: 29.06秒)
2026-04-21 14:13:46,848 - httpx - INFO - HTTP Request: POST https://dashscope.aliyuncs.com/compatible-mode/v1/files "HTTP/1.1 200 OK"
2026-04-21 14:13:46,849 - ai_service_enhanced - INFO - 文件上传成功: C:\Users\chenkk\Desktop\新建文件夹\603987-2026-04-21-康德莱-上海康德莱企业发展集团股份有限公司2025年年度报告.pdf (文件ID: file-fe-91431838cce44c9cb7664540)
2026-04-21 14:13:46,849 - __main___file_only - INFO - 上传文件: 603987-2026-04-21-康德莱-上海康德莱企业发展集团股份有限公司2025年年度报告.pdf (大小: 0.28 MB, ID: file-fe-91431838cce44c9cb7664540)
2026-04-21 14:13:46,976 - httpx - INFO - HTTP Request: POST https://dashscope.aliyuncs.com/compatible-mode/v1/files "HTTP/1.1 200 OK"
2026-04-21 14:13:46,977 - ai_service_enhanced - INFO - 文件上传成功: C:\Users\chenkk\Desktop\新建文件夹\净资产收益率和每股收益\603987-2026-04-21-康德莱-上海康德莱企业发展集团股份有限公司2025年年度报告_mgsy.pdf (文件ID: file-fe-0d17f0eebee140c2b5d410c1)
2026-04-21 14:13:46,977 - __main___file_only - INFO - 上传文件: 603987-2026-04-21-康德莱-上海康德莱企业发展集团股份有限公司2025年年度报告_mgsy.pdf (大小: 0.25 MB, ID: file-fe-0d17f0eebee140c2b5d410c1)
2026-04-21 14:13:46,990 - __main__ - INFO - 开始处理: C:\Users\chenkk\Desktop\新建文件夹\603987-2026-04-21-康德莱-上海康德莱企业发展集团股份有限公司2025年年度报告.pdf
2026-04-21 14:13:47,010 - httpx - INFO - HTTP Request: DELETE https://dashscope.aliyuncs.com/compatible-mode/v1/files/file-fe-d97b89633ded426ea474866d "HTTP/1.1 200 OK"
2026-04-21 14:13:47,679 - httpx - INFO - HTTP Request: DELETE https://dashscope.aliyuncs.com/compatible-mode/v1/files/file-fe-2fc06855514b4007a7df3aec "HTTP/1.1 200 OK"
2026-04-21 14:13:48,281 - httpx - INFO - HTTP Request: POST https://dashscope.aliyuncs.com/compatible-mode/v1/chat/completions "HTTP/1.1 200 OK"
2026-04-21 14:13:48,365 - __main___file_only - INFO - 找到数据: 603194 2026-04-21 (3条)
2026-04-21 14:13:48,366 - __main__ - INFO - 处理成功: 603194-2026-04-21
2026-04-21 14:13:48,366 - __main___file_only - INFO - 处理成功: C:\Users\chenkk\Desktop\新建文件夹\603194-2026-04-21-中力股份-2025年年度报告.pdf (耗时: 28.96秒)
2026-04-21 14:13:49,040 - httpx - INFO - HTTP Request: POST https://dashscope.aliyuncs.com/compatible-mode/v1/files "HTTP/1.1 200 OK"
2026-04-21 14:13:49,040 - ai_service_enhanced - INFO - 文件上传成功: C:\Users\chenkk\Desktop\新建文件夹\净资产收益率和每股收益\605056-2026-04-21-咸亨国际-2025年年度报告_mgsy.pdf (文件ID: file-fe-0c42585a404f4bd68934c4d1)
2026-04-21 14:13:49,040 - __main___file_only - INFO - 上传文件: 605056-2026-04-21-咸亨国际-2025年年度报告_mgsy.pdf (大小: 0.29 MB, ID: file-fe-0c42585a404f4bd68934c4d1)
2026-04-21 14:13:49,041 - httpx - INFO - HTTP Request: DELETE https://dashscope.aliyuncs.com/compatible-mode/v1/files/file-fe-fb888f5f42004749ba0aae8a "HTTP/1.1 200 OK"
2026-04-21 14:13:49,049 - httpx - INFO - HTTP Request: POST https://dashscope.aliyuncs.com/compatible-mode/v1/chat/completions "HTTP/1.1 200 OK"
2026-04-21 14:13:49,185 - httpx - INFO - HTTP Request: POST https://dashscope.aliyuncs.com/compatible-mode/v1/files "HTTP/1.1 200 OK"
2026-04-21 14:13:49,186 - ai_service_enhanced - INFO - 文件上传成功: C:\Users\chenkk\Desktop\新建文件夹\605056-2026-04-21-咸亨国际-2025年年度报告.pdf (文件ID: file-fe-3007b4071456460f96ca10c0)
2026-04-21 14:13:49,186 - __main___file_only - INFO - 上传文件: 605056-2026-04-21-咸亨国际-2025年年度报告.pdf (大小: 0.33 MB, ID: file-fe-3007b4071456460f96ca10c0)
2026-04-21 14:13:49,320 - httpx - INFO - HTTP Request: POST https://dashscope.aliyuncs.com/compatible-mode/v1/chat/completions "HTTP/1.1 200 OK"
2026-04-21 14:13:49,351 - __main__ - INFO - 开始处理: C:\Users\chenkk\Desktop\新建文件夹\605056-2026-04-21-咸亨国际-2025年年度报告.pdf
2026-04-21 14:13:49,614 - httpx - INFO - HTTP Request: DELETE https://dashscope.aliyuncs.com/compatible-mode/v1/files/file-fe-4e46f0c69c8d4ba7b0d806ab "HTTP/1.1 200 OK"
2026-04-21 14:13:50,204 - httpx - INFO - HTTP Request: POST https://dashscope.aliyuncs.com/compatible-mode/v1/chat/completions "HTTP/1.1 200 OK"
2026-04-21 14:13:50,236 - httpx - INFO - HTTP Request: POST https://dashscope.aliyuncs.com/compatible-mode/v1/chat/completions "HTTP/1.1 200 OK"
2026-04-21 14:13:50,349 - __main___file_only - INFO - 找到数据: 603289 2026-04-21 (3条)
2026-04-21 14:13:50,349 - __main__ - INFO - 处理成功: 603289-2026-04-21
2026-04-21 14:13:50,349 - __main___file_only - INFO - 处理成功: C:\Users\chenkk\Desktop\新建文件夹\603289-2026-04-21-泰瑞机器-2025年年度报告.pdf (耗时: 24.45秒)
2026-04-21 14:13:50,370 - __main___file_only - INFO - 找到数据: 603281 2026-04-21 (3条)
2026-04-21 14:13:50,371 - __main__ - INFO - 处理成功: 603281-2026-04-21
2026-04-21 14:13:50,371 - __main___file_only - INFO - 处理成功: C:\Users\chenkk\Desktop\新建文件夹\603281-2026-04-21-江瀚新材-2025年年度报告.pdf (耗时: 28.96秒)
2026-04-21 14:13:50,975 - httpx - INFO - HTTP Request: DELETE https://dashscope.aliyuncs.com/compatible-mode/v1/files/file-fe-6ff7dc2870f141b9b031b3cc "HTTP/1.1 200 OK"
2026-04-21 14:13:51,052 - httpx - INFO - HTTP Request: DELETE https://dashscope.aliyuncs.com/compatible-mode/v1/files/file-fe-d07c434559024d5cbcaa6d10 "HTTP/1.1 200 OK"
2026-04-21 14:13:51,176 - httpx - INFO - HTTP Request: POST https://dashscope.aliyuncs.com/compatible-mode/v1/files "HTTP/1.1 200 OK"
2026-04-21 14:13:51,177 - ai_service_enhanced - INFO - 文件上传成功: C:\Users\chenkk\Desktop\新建文件夹\净资产收益率和每股收益\605068-2026-04-21-明新旭腾-明新旭腾2025年年度报告_mgsy.pdf (文件ID: file-fe-13d84633c3734df784aeab3a)
2026-04-21 14:13:51,177 - __main___file_only - INFO - 上传文件: 605068-2026-04-21-明新旭腾-明新旭腾2025年年度报告_mgsy.pdf (大小: 0.63 MB, ID: file-fe-13d84633c3734df784aeab3a)
2026-04-21 14:13:51,293 - httpx - INFO - HTTP Request: POST https://dashscope.aliyuncs.com/compatible-mode/v1/files "HTTP/1.1 200 OK"
2026-04-21 14:13:51,294 - ai_service_enhanced - INFO - 文件上传成功: C:\Users\chenkk\Desktop\新建文件夹\605068-2026-04-21-明新旭腾-明新旭腾2025年年度报告.pdf (文件ID: file-fe-99c808d688e640bcb61b4a95)
2026-04-21 14:13:51,294 - __main___file_only - INFO - 上传文件: 605068-2026-04-21-明新旭腾-明新旭腾2025年年度报告.pdf (大小: 0.86 MB, ID: file-fe-99c808d688e640bcb61b4a95)
2026-04-21 14:13:51,460 - __main__ - INFO - 开始处理: C:\Users\chenkk\Desktop\新建文件夹\605068-2026-04-21-明新旭腾-明新旭腾2025年年度报告.pdf
2026-04-21 14:13:51,499 - httpx - INFO - HTTP Request: POST https://dashscope.aliyuncs.com/compatible-mode/v1/chat/completions "HTTP/1.1 200 OK"
2026-04-21 14:13:51,565 - __main___file_only - INFO - 找到数据: 603284 2026-04-21 (3条)
2026-04-21 14:13:51,565 - __main__ - INFO - 处理成功: 603284-2026-04-21
2026-04-21 14:13:51,565 - __main___file_only - INFO - 处理成功: C:\Users\chenkk\Desktop\新建文件夹\603284-2026-04-21-林平发展-安徽林平循环发展股份有限公司2025年年度报告.pdf (耗时: 27.51秒)
2026-04-21 14:13:51,585 - httpx - INFO - HTTP Request: DELETE https://dashscope.aliyuncs.com/compatible-mode/v1/files/file-fe-c90fe7c0221948a08b51088c "HTTP/1.1 200 OK"
2026-04-21 14:13:51,787 - httpx - INFO - HTTP Request: DELETE https://dashscope.aliyuncs.com/compatible-mode/v1/files/file-fe-3a2f538c5594455cb4751355 "HTTP/1.1 200 OK"
2026-04-21 14:13:52,234 - httpx - INFO - HTTP Request: DELETE https://dashscope.aliyuncs.com/compatible-mode/v1/files/file-fe-e1ffc854c7f24689989903a2 "HTTP/1.1 200 OK"
2026-04-21 14:13:52,767 - httpx - INFO - HTTP Request: DELETE https://dashscope.aliyuncs.com/compatible-mode/v1/files/file-fe-63faf8cb6c5143ae9cfa3cb8 "HTTP/1.1 200 OK"
2026-04-21 14:13:53,333 - httpx - INFO - HTTP Request: POST https://dashscope.aliyuncs.com/compatible-mode/v1/files "HTTP/1.1 200 OK"
2026-04-21 14:13:53,334 - ai_service_enhanced - INFO - 文件上传成功: C:\Users\chenkk\Desktop\新建文件夹\净资产收益率和每股收益\605179-2026-04-21-一鸣食品-2025年年度报告_mgsy.pdf (文件ID: file-fe-3facdbbb605a4481b8edb082)
2026-04-21 14:13:53,334 - __main___file_only - INFO - 上传文件: 605179-2026-04-21-一鸣食品-2025年年度报告_mgsy.pdf (大小: 0.29 MB, ID: file-fe-3facdbbb605a4481b8edb082)
2026-04-21 14:13:53,374 - httpx - INFO - HTTP Request: POST https://dashscope.aliyuncs.com/compatible-mode/v1/chat/completions "HTTP/1.1 200 OK"
2026-04-21 14:13:53,393 - httpx - INFO - HTTP Request: POST https://dashscope.aliyuncs.com/compatible-mode/v1/files "HTTP/1.1 200 OK"
2026-04-21 14:13:53,394 - ai_service_enhanced - INFO - 文件上传成功: C:\Users\chenkk\Desktop\新建文件夹\605179-2026-04-21-一鸣食品-2025年年度报告.pdf (文件ID: file-fe-f87a11a8635446a7b003035f)
2026-04-21 14:13:53,394 - __main___file_only - INFO - 上传文件: 605179-2026-04-21-一鸣食品-2025年年度报告.pdf (大小: 0.34 MB, ID: file-fe-f87a11a8635446a7b003035f)
2026-04-21 14:13:53,439 - httpx - INFO - HTTP Request: POST https://dashscope.aliyuncs.com/compatible-mode/v1/chat/completions "HTTP/1.1 200 OK"
2026-04-21 14:13:53,463 - __main__ - INFO - 开始处理: C:\Users\chenkk\Desktop\新建文件夹\605179-2026-04-21-一鸣食品-2025年年度报告.pdf
2026-04-21 14:13:53,925 - httpx - INFO - HTTP Request: POST https://dashscope.aliyuncs.com/compatible-mode/v1/chat/completions "HTTP/1.1 200 OK"
2026-04-21 14:13:54,022 - __main___file_only - INFO - 找到数据: 603392 2026-04-21 (3条)
2026-04-21 14:13:54,022 - __main__ - INFO - 处理成功: 603392-2026-04-21
2026-04-21 14:13:54,022 - __main___file_only - INFO - 处理成功: C:\Users\chenkk\Desktop\新建文件夹\603392-2026-04-21-万泰生物-万泰生物2025年年度报告.pdf (耗时: 23.74秒)
2026-04-21 14:13:54,607 - httpx - INFO - HTTP Request: POST https://dashscope.aliyuncs.com/compatible-mode/v1/chat/completions "HTTP/1.1 200 OK"
2026-04-21 14:13:54,633 - httpx - INFO - HTTP Request: DELETE https://dashscope.aliyuncs.com/compatible-mode/v1/files/file-fe-7a3c510b79d743509c2e89fe "HTTP/1.1 200 OK"
2026-04-21 14:13:54,701 - __main___file_only - INFO - 找到数据: 603319 2026-04-21 (3条)
2026-04-21 14:13:54,701 - __main__ - INFO - 处理成功: 603319-2026-04-21
2026-04-21 14:13:54,701 - __main___file_only - INFO - 处理成功: C:\Users\chenkk\Desktop\新建文件夹\603319-2026-04-21-美湖股份-2025年年度报告.pdf (耗时: 26.80秒)
2026-04-21 14:13:55,284 - httpx - INFO - HTTP Request: POST https://dashscope.aliyuncs.com/compatible-mode/v1/chat/completions "HTTP/1.1 200 OK"
2026-04-21 14:13:55,305 - httpx - INFO - HTTP Request: DELETE https://dashscope.aliyuncs.com/compatible-mode/v1/files/file-fe-d74bcc7dfb904f35aba8174b "HTTP/1.1 200 OK"
2026-04-21 14:13:55,364 - httpx - INFO - HTTP Request: POST https://dashscope.aliyuncs.com/compatible-mode/v1/files "HTTP/1.1 200 OK"
2026-04-21 14:13:55,365 - ai_service_enhanced - INFO - 文件上传成功: C:\Users\chenkk\Desktop\新建文件夹\净资产收益率和每股收益\605188-2026-04-21-国光连锁-江西国光商业连锁股份有限公司2025年年度报告_mgsy.pdf (文件ID: file-fe-e55fbaeeb578444497b1145d)
2026-04-21 14:13:55,365 - __main___file_only - INFO - 上传文件: 605188-2026-04-21-国光连锁-江西国光商业连锁股份有限公司2025年年度报告_mgsy.pdf (大小: 0.24 MB, ID: file-fe-e55fbaeeb578444497b1145d)
2026-04-21 14:13:55,383 - httpx - INFO - HTTP Request: DELETE https://dashscope.aliyuncs.com/compatible-mode/v1/files/file-fe-08caf5a9860441f88bc81d14 "HTTP/1.1 200 OK"
2026-04-21 14:13:55,389 - httpx - INFO - HTTP Request: POST https://dashscope.aliyuncs.com/compatible-mode/v1/files "HTTP/1.1 200 OK"
2026-04-21 14:13:55,389 - ai_service_enhanced - INFO - 文件上传成功: C:\Users\chenkk\Desktop\新建文件夹\605188-2026-04-21-国光连锁-江西国光商业连锁股份有限公司2025年年度报告.pdf (文件ID: file-fe-8bdca1dc75d744b4b6ab91aa)
2026-04-21 14:13:55,390 - __main___file_only - INFO - 上传文件: 605188-2026-04-21-国光连锁-江西国光商业连锁股份有限公司2025年年度报告.pdf (大小: 0.26 MB, ID: file-fe-8bdca1dc75d744b4b6ab91aa)
2026-04-21 14:13:55,456 - __main__ - INFO - 开始处理: C:\Users\chenkk\Desktop\新建文件夹\605188-2026-04-21-国光连锁-江西国光商业连锁股份有限公司2025年年度报告.pdf
2026-04-21 14:13:56,080 - httpx - INFO - HTTP Request: DELETE https://dashscope.aliyuncs.com/compatible-mode/v1/files/file-fe-141ed434316941deaec9db3a "HTTP/1.1 200 OK"
2026-04-21 14:13:57,505 - httpx - INFO - HTTP Request: POST https://dashscope.aliyuncs.com/compatible-mode/v1/files "HTTP/1.1 200 OK"
2026-04-21 14:13:57,505 - ai_service_enhanced - INFO - 文件上传成功: C:\Users\chenkk\Desktop\新建文件夹\净资产收益率和每股收益\605258-2026-04-21-协和电子-2025年年度报告_mgsy.pdf (文件ID: file-fe-86bd64908cf74e7c891632fb)
2026-04-21 14:13:57,505 - __main___file_only - INFO - 上传文件: 605258-2026-04-21-协和电子-2025年年度报告_mgsy.pdf (大小: 0.25 MB, ID: file-fe-86bd64908cf74e7c891632fb)
2026-04-21 14:13:57,533 - httpx - INFO - HTTP Request: POST https://dashscope.aliyuncs.com/compatible-mode/v1/files "HTTP/1.1 200 OK"
2026-04-21 14:13:57,534 - ai_service_enhanced - INFO - 文件上传成功: C:\Users\chenkk\Desktop\新建文件夹\605258-2026-04-21-协和电子-2025年年度报告.pdf (文件ID: file-fe-b41f2c3ba9fa40f09eae371f)
2026-04-21 14:13:57,534 - __main___file_only - INFO - 上传文件: 605258-2026-04-21-协和电子-2025年年度报告.pdf (大小: 0.27 MB, ID: file-fe-b41f2c3ba9fa40f09eae371f)
2026-04-21 14:13:57,534 - __main__ - INFO - 开始处理: C:\Users\chenkk\Desktop\新建文件夹\605258-2026-04-21-协和电子-2025年年度报告.pdf
2026-04-21 14:13:58,895 - httpx - INFO - HTTP Request: POST https://dashscope.aliyuncs.com/compatible-mode/v1/chat/completions "HTTP/1.1 200 OK"
2026-04-21 14:13:59,683 - httpx - INFO - HTTP Request: POST https://dashscope.aliyuncs.com/compatible-mode/v1/files "HTTP/1.1 200 OK"
2026-04-21 14:13:59,684 - ai_service_enhanced - INFO - 文件上传成功: C:\Users\chenkk\Desktop\新建文件夹\688088-2026-04-21-虹软科技-2025年年度报告.pdf (文件ID: file-fe-857ca6ab06024a56a47ab1c9)
2026-04-21 14:13:59,684 - __main___file_only - INFO - 上传文件: 688088-2026-04-21-虹软科技-2025年年度报告.pdf (大小: 0.34 MB, ID: file-fe-857ca6ab06024a56a47ab1c9)
2026-04-21 14:13:59,709 - httpx - INFO - HTTP Request: POST https://dashscope.aliyuncs.com/compatible-mode/v1/files "HTTP/1.1 200 OK"
2026-04-21 14:13:59,710 - ai_service_enhanced - INFO - 文件上传成功: C:\Users\chenkk\Desktop\新建文件夹\净资产收益率和每股收益\688088-2026-04-21-虹软科技-2025年年度报告_mgsy.pdf (文件ID: file-fe-29fefdcc79b044569fe9150f)
2026-04-21 14:13:59,710 - __main___file_only - INFO - 上传文件: 688088-2026-04-21-虹软科技-2025年年度报告_mgsy.pdf (大小: 0.29 MB, ID: file-fe-29fefdcc79b044569fe9150f)
2026-04-21 14:13:59,804 - __main__ - INFO - 开始处理: C:\Users\chenkk\Desktop\新建文件夹\688088-2026-04-21-虹软科技-2025年年度报告.pdf
2026-04-21 14:14:01,895 - httpx - INFO - HTTP Request: POST https://dashscope.aliyuncs.com/compatible-mode/v1/files "HTTP/1.1 200 OK"
2026-04-21 14:14:01,895 - ai_service_enhanced - INFO - 文件上传成功: C:\Users\chenkk\Desktop\新建文件夹\净资产收益率和每股收益\688101-2026-04-21-三达膜-2025年年度报告_mgsy.pdf (文件ID: file-fe-df64813701464ebda2405e7a)
2026-04-21 14:14:01,895 - __main___file_only - INFO - 上传文件: 688101-2026-04-21-三达膜-2025年年度报告_mgsy.pdf (大小: 0.30 MB, ID: file-fe-df64813701464ebda2405e7a)
2026-04-21 14:14:02,175 - httpx - INFO - HTTP Request: POST https://dashscope.aliyuncs.com/compatible-mode/v1/chat/completions "HTTP/1.1 200 OK"
2026-04-21 14:14:02,227 - httpx - INFO - HTTP Request: POST https://dashscope.aliyuncs.com/compatible-mode/v1/chat/completions "HTTP/1.1 200 OK"
2026-04-21 14:14:02,316 - __main___file_only - INFO - 找到数据: 603466 2026-04-21 (3条)
2026-04-21 14:14:02,316 - __main__ - INFO - 处理成功: 603466-2026-04-21
2026-04-21 14:14:02,316 - __main___file_only - INFO - 处理成功: C:\Users\chenkk\Desktop\新建文件夹\603466-2026-04-21-风语筑-上海风语筑文化科技股份有限公司2025年年度报告.pdf (耗时: 30.20秒)
2026-04-21 14:14:02,407 - httpx - INFO - HTTP Request: POST https://dashscope.aliyuncs.com/compatible-mode/v1/files "HTTP/1.1 200 OK"
2026-04-21 14:14:02,407 - ai_service_enhanced - INFO - 文件上传成功: C:\Users\chenkk\Desktop\新建文件夹\688101-2026-04-21-三达膜-2025年年度报告.pdf (文件ID: file-fe-2474a451fdab4776ab1c2ecd)
2026-04-21 14:14:02,408 - __main___file_only - INFO - 上传文件: 688101-2026-04-21-三达膜-2025年年度报告.pdf (大小: 0.33 MB, ID: file-fe-2474a451fdab4776ab1c2ecd)
2026-04-21 14:14:02,435 - __main__ - INFO - 开始处理: C:\Users\chenkk\Desktop\新建文件夹\688101-2026-04-21-三达膜-2025年年度报告.pdf
2026-04-21 14:14:03,007 - httpx - INFO - HTTP Request: DELETE https://dashscope.aliyuncs.com/compatible-mode/v1/files/file-fe-576f638b3ff3433ebe3a5c25 "HTTP/1.1 200 OK"
2026-04-21 14:14:03,631 - httpx - INFO - HTTP Request: DELETE https://dashscope.aliyuncs.com/compatible-mode/v1/files/file-fe-5ef9f798e4a249ce87162e0c "HTTP/1.1 200 OK"
2026-04-21 14:14:03,880 - httpx - INFO - HTTP Request: POST https://dashscope.aliyuncs.com/compatible-mode/v1/chat/completions "HTTP/1.1 200 OK"
2026-04-21 14:14:03,893 - httpx - INFO - HTTP Request: POST https://dashscope.aliyuncs.com/compatible-mode/v1/files "HTTP/1.1 200 OK"
2026-04-21 14:14:03,894 - ai_service_enhanced - INFO - 文件上传成功: C:\Users\chenkk\Desktop\新建文件夹\净资产收益率和每股收益\688103-2026-04-21-国力电子-2025年年度报告_mgsy.pdf (文件ID: file-fe-824fcd567fa24450a22bd553)
2026-04-21 14:14:03,894 - __main___file_only - INFO - 上传文件: 688103-2026-04-21-国力电子-2025年年度报告_mgsy.pdf (大小: 0.27 MB, ID: file-fe-824fcd567fa24450a22bd553)
2026-04-21 14:14:03,954 - httpx - INFO - HTTP Request: POST https://dashscope.aliyuncs.com/compatible-mode/v1/files "HTTP/1.1 200 OK"
2026-04-21 14:14:03,954 - ai_service_enhanced - INFO - 文件上传成功: C:\Users\chenkk\Desktop\新建文件夹\688103-2026-04-21-国力电子-2025年年度报告.pdf (文件ID: file-fe-de98949fb41f4e768b2a84aa)
2026-04-21 14:14:03,954 - __main___file_only - INFO - 上传文件: 688103-2026-04-21-国力电子-2025年年度报告.pdf (大小: 0.30 MB, ID: file-fe-de98949fb41f4e768b2a84aa)
2026-04-21 14:14:03,955 - __main__ - INFO - 开始处理: C:\Users\chenkk\Desktop\新建文件夹\688103-2026-04-21-国力电子-2025年年度报告.pdf
2026-04-21 14:14:03,957 - __main___file_only - INFO - 找到数据: 603499 2026-04-21 (3条)
2026-04-21 14:14:03,958 - __main__ - INFO - 处理成功: 603499-2026-04-21
2026-04-21 14:14:03,958 - __main___file_only - INFO - 处理成功: C:\Users\chenkk\Desktop\新建文件夹\603499-2026-04-21-翔港科技-2025年年度报告.pdf (耗时: 29.48秒)
2026-04-21 14:14:04,178 - httpx - INFO - HTTP Request: POST https://dashscope.aliyuncs.com/compatible-mode/v1/chat/completions "HTTP/1.1 200 OK"
2026-04-21 14:14:04,307 - httpx - INFO - HTTP Request: POST https://dashscope.aliyuncs.com/compatible-mode/v1/chat/completions "HTTP/1.1 200 OK"
2026-04-21 14:14:04,783 - httpx - INFO - HTTP Request: DELETE https://dashscope.aliyuncs.com/compatible-mode/v1/files/file-fe-526cac0de42b446f86139eb8 "HTTP/1.1 200 OK"
2026-04-21 14:14:05,407 - httpx - INFO - HTTP Request: DELETE https://dashscope.aliyuncs.com/compatible-mode/v1/files/file-fe-13bdc9f3966f40269c141a1b "HTTP/1.1 200 OK"
2026-04-21 14:14:05,864 - httpx - INFO - HTTP Request: POST https://dashscope.aliyuncs.com/compatible-mode/v1/chat/completions "HTTP/1.1 200 OK"
2026-04-21 14:14:05,937 - __main___file_only - INFO - 找到数据: 603680 2026-04-21 (3条)
2026-04-21 14:14:05,938 - __main__ - INFO - 处理成功: 603680-2026-04-21
2026-04-21 14:14:05,938 - __main___file_only - INFO - 处理成功: C:\Users\chenkk\Desktop\新建文件夹\603680-2026-04-21-今创集团-2025年年度报告.pdf (耗时: 27.43秒)
2026-04-21 14:14:06,020 - httpx - INFO - HTTP Request: POST https://dashscope.aliyuncs.com/compatible-mode/v1/files "HTTP/1.1 200 OK"
2026-04-21 14:14:06,020 - ai_service_enhanced - INFO - 文件上传成功: C:\Users\chenkk\Desktop\新建文件夹\688146-2026-04-21-中船特气-中船特气2025年年度报告.pdf (文件ID: file-fe-1b1ac3c708d44f43ac266755)
2026-04-21 14:14:06,021 - __main___file_only - INFO - 上传文件: 688146-2026-04-21-中船特气-中船特气2025年年度报告.pdf (大小: 0.34 MB, ID: file-fe-1b1ac3c708d44f43ac266755)
2026-04-21 14:14:06,140 - httpx - INFO - HTTP Request: POST https://dashscope.aliyuncs.com/compatible-mode/v1/files "HTTP/1.1 200 OK"
2026-04-21 14:14:06,141 - ai_service_enhanced - INFO - 文件上传成功: C:\Users\chenkk\Desktop\新建文件夹\净资产收益率和每股收益\688146-2026-04-21-中船特气-中船特气2025年年度报告_mgsy.pdf (文件ID: file-fe-2d6a96fbbcfe42fdba26c4da)
2026-04-21 14:14:06,141 - __main___file_only - INFO - 上传文件: 688146-2026-04-21-中船特气-中船特气2025年年度报告_mgsy.pdf (大小: 0.30 MB, ID: file-fe-2d6a96fbbcfe42fdba26c4da)
2026-04-21 14:14:06,337 - __main__ - INFO - 开始处理: C:\Users\chenkk\Desktop\新建文件夹\688146-2026-04-21-中船特气-中船特气2025年年度报告.pdf
2026-04-21 14:14:06,725 - httpx - INFO - HTTP Request: DELETE https://dashscope.aliyuncs.com/compatible-mode/v1/files/file-fe-89a1375aba854985a01eb66b "HTTP/1.1 200 OK"
2026-04-21 14:14:06,940 - httpx - INFO - HTTP Request: POST https://dashscope.aliyuncs.com/compatible-mode/v1/chat/completions "HTTP/1.1 200 OK"
2026-04-21 14:14:07,282 - httpx - INFO - HTTP Request: DELETE https://dashscope.aliyuncs.com/compatible-mode/v1/files/file-fe-a3e02c63ea5942dba4872a3c "HTTP/1.1 200 OK"
2026-04-21 14:14:08,152 - httpx - INFO - HTTP Request: POST https://dashscope.aliyuncs.com/compatible-mode/v1/files "HTTP/1.1 200 OK"
2026-04-21 14:14:08,152 - ai_service_enhanced - INFO - 文件上传成功: C:\Users\chenkk\Desktop\新建文件夹\净资产收益率和每股收益\688155-2026-04-21-先惠技术-上海先惠自动化技术股份有限公司2025年年度报告_mgsy.pdf (文件ID: file-fe-93ca66f713a94ddda7416bea)
2026-04-21 14:14:08,153 - __main___file_only - INFO - 上传文件: 688155-2026-04-21-先惠技术-上海先惠自动化技术股份有限公司2025年年度报告_mgsy.pdf (大小: 0.30 MB, ID: file-fe-93ca66f713a94ddda7416bea)
2026-04-21 14:14:08,180 - httpx - INFO - HTTP Request: POST https://dashscope.aliyuncs.com/compatible-mode/v1/files "HTTP/1.1 200 OK"
2026-04-21 14:14:08,181 - ai_service_enhanced - INFO - 文件上传成功: C:\Users\chenkk\Desktop\新建文件夹\688155-2026-04-21-先惠技术-上海先惠自动化技术股份有限公司2025年年度报告.pdf (文件ID: file-fe-343baba4547e4af09a4dc87c)
2026-04-21 14:14:08,181 - __main___file_only - INFO - 上传文件: 688155-2026-04-21-先惠技术-上海先惠自动化技术股份有限公司2025年年度报告.pdf (大小: 0.34 MB, ID: file-fe-343baba4547e4af09a4dc87c)
2026-04-21 14:14:08,181 - __main__ - INFO - 开始处理: C:\Users\chenkk\Desktop\新建文件夹\688155-2026-04-21-先惠技术-上海先惠自动化技术股份有限公司2025年年度报告.pdf
2026-04-21 14:14:08,468 - httpx - INFO - HTTP Request: POST https://dashscope.aliyuncs.com/compatible-mode/v1/chat/completions "HTTP/1.1 200 OK"
2026-04-21 14:14:08,544 - __main___file_only - INFO - 找到数据: 603556 2026-04-21 (3条)
2026-04-21 14:14:08,544 - __main__ - INFO - 处理成功: 603556-2026-04-21
2026-04-21 14:14:08,544 - __main___file_only - INFO - 处理成功: C:\Users\chenkk\Desktop\新建文件夹\603556-2026-04-21-海兴电力-杭州海兴电力科技股份有限公司2025年年度报告.pdf (耗时: 32.06秒)
2026-04-21 14:14:09,227 - httpx - INFO - HTTP Request: DELETE https://dashscope.aliyuncs.com/compatible-mode/v1/files/file-fe-7709ebc9ff6a4e0c9ff4a029 "HTTP/1.1 200 OK"
2026-04-21 14:14:09,540 - httpx - INFO - HTTP Request: POST https://dashscope.aliyuncs.com/compatible-mode/v1/chat/completions "HTTP/1.1 200 OK"
2026-04-21 14:14:09,705 - httpx - INFO - HTTP Request: POST https://dashscope.aliyuncs.com/compatible-mode/v1/chat/completions "HTTP/1.1 200 OK"
2026-04-21 14:14:09,803 - __main___file_only - INFO - 找到数据: 603788 2026-04-21 (3条)
2026-04-21 14:14:09,803 - __main__ - INFO - 处理成功: 603788-2026-04-21
2026-04-21 14:14:09,803 - __main___file_only - INFO - 处理成功: C:\Users\chenkk\Desktop\新建文件夹\603788-2026-04-21-宁波高发-宁波高发2025年年度报告.pdf (耗时: 28.91秒)
2026-04-21 14:14:09,977 - httpx - INFO - HTTP Request: DELETE https://dashscope.aliyuncs.com/compatible-mode/v1/files/file-fe-a03a6b16d3b6407baba3c7b7 "HTTP/1.1 200 OK"
2026-04-21 14:14:10,321 - httpx - INFO - HTTP Request: POST https://dashscope.aliyuncs.com/compatible-mode/v1/chat/completions "HTTP/1.1 200 OK"
2026-04-21 14:14:10,401 - httpx - INFO - HTTP Request: POST https://dashscope.aliyuncs.com/compatible-mode/v1/files "HTTP/1.1 200 OK"
2026-04-21 14:14:10,402 - ai_service_enhanced - INFO - 文件上传成功: C:\Users\chenkk\Desktop\新建文件夹\净资产收益率和每股收益\688182-2026-04-21-灿勤科技-江苏灿勤科技股份有限公司2025年年度报告_mgsy.pdf (文件ID: file-fe-7f2b7f496cee4f26a9b1d140)
2026-04-21 14:14:10,402 - __main___file_only - INFO - 上传文件: 688182-2026-04-21-灿勤科技-江苏灿勤科技股份有限公司2025年年度报告_mgsy.pdf (大小: 0.27 MB, ID: file-fe-7f2b7f496cee4f26a9b1d140)
2026-04-21 14:14:10,406 - httpx - INFO - HTTP Request: POST https://dashscope.aliyuncs.com/compatible-mode/v1/files "HTTP/1.1 200 OK"
2026-04-21 14:14:10,407 - ai_service_enhanced - INFO - 文件上传成功: C:\Users\chenkk\Desktop\新建文件夹\688182-2026-04-21-灿勤科技-江苏灿勤科技股份有限公司2025年年度报告.pdf (文件ID: file-fe-6069a631422d40f2b0d4cd3f)
2026-04-21 14:14:10,407 - __main___file_only - INFO - 上传文件: 688182-2026-04-21-灿勤科技-江苏灿勤科技股份有限公司2025年年度报告.pdf (大小: 0.30 MB, ID: file-fe-6069a631422d40f2b0d4cd3f)
2026-04-21 14:14:10,440 - __main__ - INFO - 开始处理: C:\Users\chenkk\Desktop\新建文件夹\688182-2026-04-21-灿勤科技-江苏灿勤科技股份有限公司2025年年度报告.pdf
2026-04-21 14:14:10,597 - httpx - INFO - HTTP Request: DELETE https://dashscope.aliyuncs.com/compatible-mode/v1/files/file-fe-c957bb908ee04876b6257b64 "HTTP/1.1 200 OK"
2026-04-21 14:14:11,230 - httpx - INFO - HTTP Request: DELETE https://dashscope.aliyuncs.com/compatible-mode/v1/files/file-fe-1f43726ef9e84b5dac6a22aa "HTTP/1.1 200 OK"
2026-04-21 14:14:12,453 - httpx - INFO - HTTP Request: POST https://dashscope.aliyuncs.com/compatible-mode/v1/files "HTTP/1.1 200 OK"
2026-04-21 14:14:12,454 - httpx - INFO - HTTP Request: POST https://dashscope.aliyuncs.com/compatible-mode/v1/files "HTTP/1.1 200 OK"
2026-04-21 14:14:12,455 - ai_service_enhanced - INFO - 文件上传成功: C:\Users\chenkk\Desktop\新建文件夹\688238-2026-04-21-和元生物-2025年年度报告.pdf (文件ID: file-fe-d48c1168517f4465a1af3def)
2026-04-21 14:14:12,455 - ai_service_enhanced - INFO - 文件上传成功: C:\Users\chenkk\Desktop\新建文件夹\净资产收益率和每股收益\688238-2026-04-21-和元生物-2025年年度报告_mgsy.pdf (文件ID: file-fe-34fc07d3b6a4464fb52dd4fd)
2026-04-21 14:14:12,455 - __main___file_only - INFO - 上传文件: 688238-2026-04-21-和元生物-2025年年度报告.pdf (大小: 0.35 MB, ID: file-fe-d48c1168517f4465a1af3def)
2026-04-21 14:14:12,455 - __main___file_only - INFO - 上传文件: 688238-2026-04-21-和元生物-2025年年度报告_mgsy.pdf (大小: 0.32 MB, ID: file-fe-34fc07d3b6a4464fb52dd4fd)
2026-04-21 14:14:12,456 - __main__ - INFO - 开始处理: C:\Users\chenkk\Desktop\新建文件夹\688238-2026-04-21-和元生物-2025年年度报告.pdf
2026-04-21 14:14:12,557 - httpx - INFO - HTTP Request: POST https://dashscope.aliyuncs.com/compatible-mode/v1/chat/completions "HTTP/1.1 200 OK"
2026-04-21 14:14:12,581 - httpx - INFO - HTTP Request: POST https://dashscope.aliyuncs.com/compatible-mode/v1/chat/completions "HTTP/1.1 200 OK"
2026-04-21 14:14:12,594 - httpx - INFO - HTTP Request: POST https://dashscope.aliyuncs.com/compatible-mode/v1/chat/completions "HTTP/1.1 200 OK"
2026-04-21 14:14:12,651 - __main___file_only - INFO - 找到数据: 603879 2026-04-21 (3条)
2026-04-21 14:14:12,651 - __main__ - INFO - 处理成功: 603879-2026-04-21
2026-04-21 14:14:12,651 - __main___file_only - INFO - 处理成功: C:\Users\chenkk\Desktop\新建文件夹\603879-2026-04-21-永悦科技-永悦科技2025年年度报告.pdf (耗时: 29.76秒)
2026-04-21 14:14:12,693 - __main___file_only - INFO - 找到数据: 605056 2026-04-21 (3条)
2026-04-21 14:14:12,694 - __main__ - INFO - 处理成功: 605056-2026-04-21
2026-04-21 14:14:12,694 - __main___file_only - INFO - 处理成功: C:\Users\chenkk\Desktop\新建文件夹\605056-2026-04-21-咸亨国际-2025年年度报告.pdf (耗时: 23.34秒)
2026-04-21 14:14:13,329 - httpx - INFO - HTTP Request: DELETE https://dashscope.aliyuncs.com/compatible-mode/v1/files/file-fe-19056851f79f47d585d82a42 "HTTP/1.1 200 OK"
2026-04-21 14:14:13,388 - httpx - INFO - HTTP Request: DELETE https://dashscope.aliyuncs.com/compatible-mode/v1/files/file-fe-0c42585a404f4bd68934c4d1 "HTTP/1.1 200 OK"
2026-04-21 14:14:14,035 - httpx - INFO - HTTP Request: DELETE https://dashscope.aliyuncs.com/compatible-mode/v1/files/file-fe-3007b4071456460f96ca10c0 "HTTP/1.1 200 OK"
2026-04-21 14:14:14,073 - httpx - INFO - HTTP Request: DELETE https://dashscope.aliyuncs.com/compatible-mode/v1/files/file-fe-fd61eed5c98a413fb65ad15c "HTTP/1.1 200 OK"
2026-04-21 14:14:14,437 - httpx - INFO - HTTP Request: POST https://dashscope.aliyuncs.com/compatible-mode/v1/chat/completions "HTTP/1.1 200 OK"
2026-04-21 14:14:14,652 - httpx - INFO - HTTP Request: POST https://dashscope.aliyuncs.com/compatible-mode/v1/files "HTTP/1.1 200 OK"
2026-04-21 14:14:14,652 - ai_service_enhanced - INFO - 文件上传成功: C:\Users\chenkk\Desktop\新建文件夹\688258-2026-04-21-卓易信息-江苏卓易信息科技股份有限公司2025年年度报告.pdf (文件ID: file-fe-bfb6cb00a91b4090ba2a0ecd)
2026-04-21 14:14:14,653 - __main___file_only - INFO - 上传文件: 688258-2026-04-21-卓易信息-江苏卓易信息科技股份有限公司2025年年度报告.pdf (大小: 0.30 MB, ID: file-fe-bfb6cb00a91b4090ba2a0ecd)
2026-04-21 14:14:14,667 - httpx - INFO - HTTP Request: POST https://dashscope.aliyuncs.com/compatible-mode/v1/files "HTTP/1.1 200 OK"
2026-04-21 14:14:14,667 - ai_service_enhanced - INFO - 文件上传成功: C:\Users\chenkk\Desktop\新建文件夹\净资产收益率和每股收益\688258-2026-04-21-卓易信息-江苏卓易信息科技股份有限公司2025年年度报告_mgsy.pdf (文件ID: file-fe-49005e864dae4b02a9f145ba)
2026-04-21 14:14:14,668 - __main___file_only - INFO - 上传文件: 688258-2026-04-21-卓易信息-江苏卓易信息科技股份有限公司2025年年度报告_mgsy.pdf (大小: 0.28 MB, ID: file-fe-49005e864dae4b02a9f145ba)
2026-04-21 14:14:14,718 - __main__ - INFO - 开始处理: C:\Users\chenkk\Desktop\新建文件夹\688258-2026-04-21-卓易信息-江苏卓易信息科技股份有限公司2025年年度报告.pdf
2026-04-21 14:14:16,678 - httpx - INFO - HTTP Request: POST https://dashscope.aliyuncs.com/compatible-mode/v1/files "HTTP/1.1 200 OK"
2026-04-21 14:14:16,679 - ai_service_enhanced - INFO - 文件上传成功: C:\Users\chenkk\Desktop\新建文件夹\净资产收益率和每股收益\688303-2026-04-21-大全能源-新疆大全新能源股份有限公司2025年年度报告_mgsy.pdf (文件ID: file-fe-ecea24d5b1ac4f4984724d85)
2026-04-21 14:14:16,679 - __main___file_only - INFO - 上传文件: 688303-2026-04-21-大全能源-新疆大全新能源股份有限公司2025年年度报告_mgsy.pdf (大小: 0.29 MB, ID: file-fe-ecea24d5b1ac4f4984724d85)
2026-04-21 14:14:16,718 - httpx - INFO - HTTP Request: POST https://dashscope.aliyuncs.com/compatible-mode/v1/files "HTTP/1.1 200 OK"
2026-04-21 14:14:16,718 - ai_service_enhanced - INFO - 文件上传成功: C:\Users\chenkk\Desktop\新建文件夹\688303-2026-04-21-大全能源-新疆大全新能源股份有限公司2025年年度报告.pdf (文件ID: file-fe-09853c74233e49cd8d9447b8)
2026-04-21 14:14:16,719 - __main___file_only - INFO - 上传文件: 688303-2026-04-21-大全能源-新疆大全新能源股份有限公司2025年年度报告.pdf (大小: 0.32 MB, ID: file-fe-09853c74233e49cd8d9447b8)
2026-04-21 14:14:16,721 - __main__ - INFO - 开始处理: C:\Users\chenkk\Desktop\新建文件夹\688303-2026-04-21-大全能源-新疆大全新能源股份有限公司2025年年度报告.pdf
2026-04-21 14:14:17,103 - httpx - INFO - HTTP Request: POST https://dashscope.aliyuncs.com/compatible-mode/v1/chat/completions "HTTP/1.1 200 OK"
2026-04-21 14:14:17,170 - __main___file_only - INFO - 找到数据: 603887 2026-04-21 (3条)
2026-04-21 14:14:17,170 - __main__ - INFO - 处理成功: 603887-2026-04-21
2026-04-21 14:14:17,170 - __main___file_only - INFO - 处理成功: C:\Users\chenkk\Desktop\新建文件夹\603887-2026-04-21-城地香江-上海城地香江数据科技股份有限公司2025年年度报告.pdf (耗时: 32.19秒)
2026-04-21 14:14:17,604 - httpx - INFO - HTTP Request: POST https://dashscope.aliyuncs.com/compatible-mode/v1/chat/completions "HTTP/1.1 200 OK"
2026-04-21 14:14:17,672 - __main___file_only - INFO - 找到数据: 603987 2026-04-21 (3条)
2026-04-21 14:14:17,672 - __main__ - INFO - 处理成功: 603987-2026-04-21
2026-04-21 14:14:17,672 - __main___file_only - INFO - 处理成功: C:\Users\chenkk\Desktop\新建文件夹\603987-2026-04-21-康德莱-上海康德莱企业发展集团股份有限公司2025年年度报告.pdf (耗时: 30.68秒)
2026-04-21 14:14:17,746 - httpx - INFO - HTTP Request: DELETE https://dashscope.aliyuncs.com/compatible-mode/v1/files/file-fe-ef0bcf01c00944d9b125c30c "HTTP/1.1 200 OK"
2026-04-21 14:14:18,228 - httpx - INFO - HTTP Request: DELETE https://dashscope.aliyuncs.com/compatible-mode/v1/files/file-fe-0d17f0eebee140c2b5d410c1 "HTTP/1.1 200 OK"
2026-04-21 14:14:18,467 - httpx - INFO - HTTP Request: DELETE https://dashscope.aliyuncs.com/compatible-mode/v1/files/file-fe-95e59d8bdf6548108df1821e "HTTP/1.1 200 OK"
2026-04-21 14:14:18,825 - httpx - INFO - HTTP Request: POST https://dashscope.aliyuncs.com/compatible-mode/v1/files "HTTP/1.1 200 OK"
2026-04-21 14:14:18,826 - ai_service_enhanced - INFO - 文件上传成功: C:\Users\chenkk\Desktop\新建文件夹\净资产收益率和每股收益\688305-2026-04-21-科德数控-科德数控股份有限公司2025年年度报告_mgsy.pdf (文件ID: file-fe-91097c9744994655a8769e2c)
2026-04-21 14:14:18,826 - __main___file_only - INFO - 上传文件: 688305-2026-04-21-科德数控-科德数控股份有限公司2025年年度报告_mgsy.pdf (大小: 0.27 MB, ID: file-fe-91097c9744994655a8769e2c)
2026-04-21 14:14:18,978 - httpx - INFO - HTTP Request: DELETE https://dashscope.aliyuncs.com/compatible-mode/v1/files/file-fe-91431838cce44c9cb7664540 "HTTP/1.1 200 OK"
2026-04-21 14:14:19,196 - httpx - INFO - HTTP Request: POST https://dashscope.aliyuncs.com/compatible-mode/v1/chat/completions "HTTP/1.1 200 OK"
2026-04-21 14:14:19,214 - httpx - INFO - HTTP Request: POST https://dashscope.aliyuncs.com/compatible-mode/v1/chat/completions "HTTP/1.1 200 OK"
2026-04-21 14:14:19,232 - httpx - INFO - HTTP Request: POST https://dashscope.aliyuncs.com/compatible-mode/v1/files "HTTP/1.1 200 OK"
2026-04-21 14:14:19,233 - ai_service_enhanced - INFO - 文件上传成功: C:\Users\chenkk\Desktop\新建文件夹\688305-2026-04-21-科德数控-科德数控股份有限公司2025年年度报告.pdf (文件ID: file-fe-98bdb7b4a68b4e6f8e9a2db0)
2026-04-21 14:14:19,233 - __main___file_only - INFO - 上传文件: 688305-2026-04-21-科德数控-科德数控股份有限公司2025年年度报告.pdf (大小: 0.32 MB, ID: file-fe-98bdb7b4a68b4e6f8e9a2db0)
2026-04-21 14:14:19,356 - __main__ - INFO - 开始处理: C:\Users\chenkk\Desktop\新建文件夹\688305-2026-04-21-科德数控-科德数控股份有限公司2025年年度报告.pdf
2026-04-21 14:14:20,950 - httpx - INFO - HTTP Request: POST https://dashscope.aliyuncs.com/compatible-mode/v1/files "HTTP/1.1 200 OK"
2026-04-21 14:14:20,951 - ai_service_enhanced - INFO - 文件上传成功: C:\Users\chenkk\Desktop\新建文件夹\688329-2026-04-21-艾隆科技-艾隆科技2025年年度报告.pdf (文件ID: file-fe-54db466af79943d8ac736c37)
2026-04-21 14:14:20,951 - __main___file_only - INFO - 上传文件: 688329-2026-04-21-艾隆科技-艾隆科技2025年年度报告.pdf (大小: 0.26 MB, ID: file-fe-54db466af79943d8ac736c37)
2026-04-21 14:14:20,989 - httpx - INFO - HTTP Request: POST https://dashscope.aliyuncs.com/compatible-mode/v1/files "HTTP/1.1 200 OK"
2026-04-21 14:14:20,990 - ai_service_enhanced - INFO - 文件上传成功: C:\Users\chenkk\Desktop\新建文件夹\净资产收益率和每股收益\688329-2026-04-21-艾隆科技-艾隆科技2025年年度报告_mgsy.pdf (文件ID: file-fe-29a3ba7d30a04b299dda798d)
2026-04-21 14:14:20,990 - __main___file_only - INFO - 上传文件: 688329-2026-04-21-艾隆科技-艾隆科技2025年年度报告_mgsy.pdf (大小: 0.25 MB, ID: file-fe-29a3ba7d30a04b299dda798d)
2026-04-21 14:14:21,018 - httpx - INFO - HTTP Request: POST https://dashscope.aliyuncs.com/compatible-mode/v1/chat/completions "HTTP/1.1 200 OK"
2026-04-21 14:14:21,091 - __main__ - INFO - 开始处理: C:\Users\chenkk\Desktop\新建文件夹\688329-2026-04-21-艾隆科技-艾隆科技2025年年度报告.pdf
2026-04-21 14:14:21,108 - __main___file_only - INFO - 找到数据: 605068 2026-04-21 (3条)
2026-04-21 14:14:21,108 - __main__ - INFO - 处理成功: 605068-2026-04-21
2026-04-21 14:14:21,108 - __main___file_only - INFO - 处理成功: C:\Users\chenkk\Desktop\新建文件夹\605068-2026-04-21-明新旭腾-明新旭腾2025年年度报告.pdf (耗时: 29.65秒)
2026-04-21 14:14:21,744 - httpx - INFO - HTTP Request: DELETE https://dashscope.aliyuncs.com/compatible-mode/v1/files/file-fe-13d84633c3734df784aeab3a "HTTP/1.1 200 OK"
2026-04-21 14:14:22,213 - httpx - INFO - HTTP Request: POST https://dashscope.aliyuncs.com/compatible-mode/v1/chat/completions "HTTP/1.1 200 OK"
2026-04-21 14:14:22,382 - httpx - INFO - HTTP Request: DELETE https://dashscope.aliyuncs.com/compatible-mode/v1/files/file-fe-99c808d688e640bcb61b4a95 "HTTP/1.1 200 OK"
2026-04-21 14:14:22,391 - httpx - INFO - HTTP Request: POST https://dashscope.aliyuncs.com/compatible-mode/v1/chat/completions "HTTP/1.1 200 OK"
2026-04-21 14:14:22,476 - __main___file_only - INFO - 找到数据: 605188 2026-04-21 (3条)
2026-04-21 14:14:22,476 - __main__ - INFO - 处理成功: 605188-2026-04-21
2026-04-21 14:14:22,476 - __main___file_only - INFO - 处理成功: C:\Users\chenkk\Desktop\新建文件夹\605188-2026-04-21-国光连锁-江西国光商业连锁股份有限公司2025年年度报告.pdf (耗时: 27.02秒)
2026-04-21 14:14:23,022 - httpx - INFO - HTTP Request: POST https://dashscope.aliyuncs.com/compatible-mode/v1/files "HTTP/1.1 200 OK"
2026-04-21 14:14:23,023 - ai_service_enhanced - INFO - 文件上传成功: C:\Users\chenkk\Desktop\新建文件夹\688357-2026-04-21-建龙微纳-2025年年度报告.pdf (文件ID: file-fe-343cb7431b4f44bb9be9c8d4)
2026-04-21 14:14:23,023 - __main___file_only - INFO - 上传文件: 688357-2026-04-21-建龙微纳-2025年年度报告.pdf (大小: 0.28 MB, ID: file-fe-343cb7431b4f44bb9be9c8d4)
2026-04-21 14:14:23,079 - httpx - INFO - HTTP Request: DELETE https://dashscope.aliyuncs.com/compatible-mode/v1/files/file-fe-e55fbaeeb578444497b1145d "HTTP/1.1 200 OK"
2026-04-21 14:14:23,245 - httpx - INFO - HTTP Request: POST https://dashscope.aliyuncs.com/compatible-mode/v1/files "HTTP/1.1 200 OK"
2026-04-21 14:14:23,246 - ai_service_enhanced - INFO - 文件上传成功: C:\Users\chenkk\Desktop\新建文件夹\净资产收益率和每股收益\688357-2026-04-21-建龙微纳-2025年年度报告_mgsy.pdf (文件ID: file-fe-a255cebd02c945f783df302c)
2026-04-21 14:14:23,246 - __main___file_only - INFO - 上传文件: 688357-2026-04-21-建龙微纳-2025年年度报告_mgsy.pdf (大小: 0.27 MB, ID: file-fe-a255cebd02c945f783df302c)
2026-04-21 14:14:23,458 - __main__ - INFO - 开始处理: C:\Users\chenkk\Desktop\新建文件夹\688357-2026-04-21-建龙微纳-2025年年度报告.pdf
2026-04-21 14:14:23,604 - httpx - INFO - HTTP Request: POST https://dashscope.aliyuncs.com/compatible-mode/v1/chat/completions "HTTP/1.1 200 OK"
2026-04-21 14:14:23,694 - httpx - INFO - HTTP Request: DELETE https://dashscope.aliyuncs.com/compatible-mode/v1/files/file-fe-8bdca1dc75d744b4b6ab91aa "HTTP/1.1 200 OK"
2026-04-21 14:14:24,155 - httpx - INFO - HTTP Request: POST https://dashscope.aliyuncs.com/compatible-mode/v1/chat/completions "HTTP/1.1 200 OK"
2026-04-21 14:14:24,223 - __main___file_only - INFO - 找到数据: 605179 2026-04-21 (3条)
2026-04-21 14:14:24,223 - __main__ - INFO - 处理成功: 605179-2026-04-21
2026-04-21 14:14:24,223 - __main___file_only - INFO - 处理成功: C:\Users\chenkk\Desktop\新建文件夹\605179-2026-04-21-一鸣食品-2025年年度报告.pdf (耗时: 30.76秒)
2026-04-21 14:14:24,802 - httpx - INFO - HTTP Request: DELETE https://dashscope.aliyuncs.com/compatible-mode/v1/files/file-fe-3facdbbb605a4481b8edb082 "HTTP/1.1 200 OK"
2026-04-21 14:14:25,216 - httpx - INFO - HTTP Request: POST https://dashscope.aliyuncs.com/compatible-mode/v1/files "HTTP/1.1 200 OK"
2026-04-21 14:14:25,217 - ai_service_enhanced - INFO - 文件上传成功: C:\Users\chenkk\Desktop\新建文件夹\688362-2026-04-21-甬矽电子-2025年年度报告.pdf (文件ID: file-fe-0be05ad6589e4d05918201f6)
2026-04-21 14:14:25,217 - __main___file_only - INFO - 上传文件: 688362-2026-04-21-甬矽电子-2025年年度报告.pdf (大小: 0.73 MB, ID: file-fe-0be05ad6589e4d05918201f6)
2026-04-21 14:14:25,231 - httpx - INFO - HTTP Request: POST https://dashscope.aliyuncs.com/compatible-mode/v1/chat/completions "HTTP/1.1 200 OK"
2026-04-21 14:14:25,382 - httpx - INFO - HTTP Request: DELETE https://dashscope.aliyuncs.com/compatible-mode/v1/files/file-fe-f87a11a8635446a7b003035f "HTTP/1.1 200 OK"
2026-04-21 14:14:25,429 - httpx - INFO - HTTP Request: POST https://dashscope.aliyuncs.com/compatible-mode/v1/files "HTTP/1.1 200 OK"
2026-04-21 14:14:25,429 - ai_service_enhanced - INFO - 文件上传成功: C:\Users\chenkk\Desktop\新建文件夹\净资产收益率和每股收益\688362-2026-04-21-甬矽电子-2025年年度报告_mgsy.pdf (文件ID: file-fe-ef22b28993b041ffa0a78607)
2026-04-21 14:14:25,430 - __main___file_only - INFO - 上传文件: 688362-2026-04-21-甬矽电子-2025年年度报告_mgsy.pdf (大小: 0.71 MB, ID: file-fe-ef22b28993b041ffa0a78607)
2026-04-21 14:14:25,568 - __main__ - INFO - 开始处理: C:\Users\chenkk\Desktop\新建文件夹\688362-2026-04-21-甬矽电子-2025年年度报告.pdf
2026-04-21 14:14:27,101 - httpx - INFO - HTTP Request: POST https://dashscope.aliyuncs.com/compatible-mode/v1/chat/completions "HTTP/1.1 200 OK"
2026-04-21 14:14:27,170 - __main___file_only - INFO - 找到数据: 605258 2026-04-21 (3条)
2026-04-21 14:14:27,171 - __main__ - INFO - 处理成功: 605258-2026-04-21
2026-04-21 14:14:27,171 - __main___file_only - INFO - 处理成功: C:\Users\chenkk\Desktop\新建文件夹\605258-2026-04-21-协和电子-2025年年度报告.pdf (耗时: 29.64秒)
2026-04-21 14:14:27,310 - httpx - INFO - HTTP Request: POST https://dashscope.aliyuncs.com/compatible-mode/v1/files "HTTP/1.1 200 OK"
2026-04-21 14:14:27,311 - ai_service_enhanced - INFO - 文件上传成功: C:\Users\chenkk\Desktop\新建文件夹\净资产收益率和每股收益\688369-2026-04-21-致远互联-北京致远互联软件股份有限公司2025年年度报告_mgsy.pdf (文件ID: file-fe-0dcdedb6280844a69235c8c4)
2026-04-21 14:14:27,311 - __main___file_only - INFO - 上传文件: 688369-2026-04-21-致远互联-北京致远互联软件股份有限公司2025年年度报告_mgsy.pdf (大小: 0.26 MB, ID: file-fe-0dcdedb6280844a69235c8c4)
2026-04-21 14:14:27,647 - httpx - INFO - HTTP Request: POST https://dashscope.aliyuncs.com/compatible-mode/v1/chat/completions "HTTP/1.1 200 OK"
2026-04-21 14:14:27,719 - __main___file_only - INFO - 找到数据: 688088 2026-04-21 (3条)
2026-04-21 14:14:27,719 - __main__ - INFO - 处理成功: 688088-2026-04-21
2026-04-21 14:14:27,719 - __main___file_only - INFO - 处理成功: C:\Users\chenkk\Desktop\新建文件夹\688088-2026-04-21-虹软科技-2025年年度报告.pdf (耗时: 27.91秒)
2026-04-21 14:14:27,758 - httpx - INFO - HTTP Request: POST https://dashscope.aliyuncs.com/compatible-mode/v1/files "HTTP/1.1 200 OK"
2026-04-21 14:14:27,759 - ai_service_enhanced - INFO - 文件上传成功: C:\Users\chenkk\Desktop\新建文件夹\688369-2026-04-21-致远互联-北京致远互联软件股份有限公司2025年年度报告.pdf (文件ID: file-fe-894d55bab8384595b560c767)
2026-04-21 14:14:27,759 - __main___file_only - INFO - 上传文件: 688369-2026-04-21-致远互联-北京致远互联软件股份有限公司2025年年度报告.pdf (大小: 0.27 MB, ID: file-fe-894d55bab8384595b560c767)
2026-04-21 14:14:27,819 - httpx - INFO - HTTP Request: DELETE https://dashscope.aliyuncs.com/compatible-mode/v1/files/file-fe-86bd64908cf74e7c891632fb "HTTP/1.1 200 OK"
2026-04-21 14:14:27,939 - __main__ - INFO - 开始处理: C:\Users\chenkk\Desktop\新建文件夹\688369-2026-04-21-致远互联-北京致远互联软件股份有限公司2025年年度报告.pdf
2026-04-21 14:14:28,366 - httpx - INFO - HTTP Request: DELETE https://dashscope.aliyuncs.com/compatible-mode/v1/files/file-fe-29fefdcc79b044569fe9150f "HTTP/1.1 200 OK"
2026-04-21 14:14:28,432 - httpx - INFO - HTTP Request: DELETE https://dashscope.aliyuncs.com/compatible-mode/v1/files/file-fe-b41f2c3ba9fa40f09eae371f "HTTP/1.1 200 OK"
2026-04-21 14:14:29,060 - httpx - INFO - HTTP Request: DELETE https://dashscope.aliyuncs.com/compatible-mode/v1/files/file-fe-857ca6ab06024a56a47ab1c9 "HTTP/1.1 200 OK"
2026-04-21 14:14:29,526 - httpx - INFO - HTTP Request: POST https://dashscope.aliyuncs.com/compatible-mode/v1/files "HTTP/1.1 200 OK"
2026-04-21 14:14:29,526 - ai_service_enhanced - INFO - 文件上传成功: C:\Users\chenkk\Desktop\新建文件夹\688388-2026-04-21-嘉元科技-广东嘉元科技股份有限公司2025年年度报告.pdf (文件ID: file-fe-5212546f3abe418d840d88a3)
2026-04-21 14:14:29,526 - __main___file_only - INFO - 上传文件: 688388-2026-04-21-嘉元科技-广东嘉元科技股份有限公司2025年年度报告.pdf (大小: 0.41 MB, ID: file-fe-5212546f3abe418d840d88a3)
2026-04-21 14:14:29,563 - httpx - INFO - HTTP Request: POST https://dashscope.aliyuncs.com/compatible-mode/v1/chat/completions "HTTP/1.1 200 OK"
2026-04-21 14:14:29,565 - httpx - INFO - HTTP Request: POST https://dashscope.aliyuncs.com/compatible-mode/v1/files "HTTP/1.1 200 OK"
2026-04-21 14:14:29,565 - ai_service_enhanced - INFO - 文件上传成功: C:\Users\chenkk\Desktop\新建文件夹\净资产收益率和每股收益\688388-2026-04-21-嘉元科技-广东嘉元科技股份有限公司2025年年度报告_mgsy.pdf (文件ID: file-fe-a839848793e94e8c80fb062d)
2026-04-21 14:14:29,565 - __main___file_only - INFO - 上传文件: 688388-2026-04-21-嘉元科技-广东嘉元科技股份有限公司2025年年度报告_mgsy.pdf (大小: 0.31 MB, ID: file-fe-a839848793e94e8c80fb062d)
2026-04-21 14:14:29,679 - __main__ - INFO - 开始处理: C:\Users\chenkk\Desktop\新建文件夹\688388-2026-04-21-嘉元科技-广东嘉元科技股份有限公司2025年年度报告.pdf
2026-04-21 14:14:29,717 - httpx - INFO - HTTP Request: POST https://dashscope.aliyuncs.com/compatible-mode/v1/chat/completions "HTTP/1.1 200 OK"
2026-04-21 14:14:31,270 - httpx - INFO - HTTP Request: POST https://dashscope.aliyuncs.com/compatible-mode/v1/chat/completions "HTTP/1.1 200 OK"
2026-04-21 14:14:31,342 - __main___file_only - INFO - 找到数据: 688101 2026-04-21 (3条)
2026-04-21 14:14:31,342 - __main__ - INFO - 处理成功: 688101-2026-04-21
2026-04-21 14:14:31,342 - __main___file_only - INFO - 处理成功: C:\Users\chenkk\Desktop\新建文件夹\688101-2026-04-21-三达膜-2025年年度报告.pdf (耗时: 28.91秒)
2026-04-21 14:14:31,668 - httpx - INFO - HTTP Request: POST https://dashscope.aliyuncs.com/compatible-mode/v1/files "HTTP/1.1 200 OK"
2026-04-21 14:14:31,669 - ai_service_enhanced - INFO - 文件上传成功: C:\Users\chenkk\Desktop\新建文件夹\688448-2026-04-21-磁谷科技-南京磁谷科技股份有限公司2025年年度报告.pdf (文件ID: file-fe-63e4f93433774516840f3ba6)
2026-04-21 14:14:31,669 - __main___file_only - INFO - 上传文件: 688448-2026-04-21-磁谷科技-南京磁谷科技股份有限公司2025年年度报告.pdf (大小: 0.31 MB, ID: file-fe-63e4f93433774516840f3ba6)
2026-04-21 14:14:31,715 - httpx - INFO - HTTP Request: POST https://dashscope.aliyuncs.com/compatible-mode/v1/files "HTTP/1.1 200 OK"
2026-04-21 14:14:31,716 - ai_service_enhanced - INFO - 文件上传成功: C:\Users\chenkk\Desktop\新建文件夹\净资产收益率和每股收益\688448-2026-04-21-磁谷科技-南京磁谷科技股份有限公司2025年年度报告_mgsy.pdf (文件ID: file-fe-56da2bd136074791a892a303)
2026-04-21 14:14:31,716 - __main___file_only - INFO - 上传文件: 688448-2026-04-21-磁谷科技-南京磁谷科技股份有限公司2025年年度报告_mgsy.pdf (大小: 0.26 MB, ID: file-fe-56da2bd136074791a892a303)
2026-04-21 14:14:31,716 - __main__ - INFO - 开始处理: C:\Users\chenkk\Desktop\新建文件夹\688448-2026-04-21-磁谷科技-南京磁谷科技股份有限公司2025年年度报告.pdf
2026-04-21 14:14:31,903 - httpx - INFO - HTTP Request: POST https://dashscope.aliyuncs.com/compatible-mode/v1/chat/completions "HTTP/1.1 200 OK"
2026-04-21 14:14:31,969 - __main___file_only - INFO - 找到数据: 688103 2026-04-21 (3条)
2026-04-21 14:14:31,969 - __main__ - INFO - 处理成功: 688103-2026-04-21
2026-04-21 14:14:31,969 - __main___file_only - INFO - 处理成功: C:\Users\chenkk\Desktop\新建文件夹\688103-2026-04-21-国力电子-2025年年度报告.pdf (耗时: 28.01秒)
2026-04-21 14:14:31,987 - httpx - INFO - HTTP Request: DELETE https://dashscope.aliyuncs.com/compatible-mode/v1/files/file-fe-df64813701464ebda2405e7a "HTTP/1.1 200 OK"
2026-04-21 14:14:32,635 - httpx - INFO - HTTP Request: DELETE https://dashscope.aliyuncs.com/compatible-mode/v1/files/file-fe-2474a451fdab4776ab1c2ecd "HTTP/1.1 200 OK"
2026-04-21 14:14:32,688 - httpx - INFO - HTTP Request: DELETE https://dashscope.aliyuncs.com/compatible-mode/v1/files/file-fe-824fcd567fa24450a22bd553 "HTTP/1.1 200 OK"
2026-04-21 14:14:33,389 - httpx - INFO - HTTP Request: DELETE https://dashscope.aliyuncs.com/compatible-mode/v1/files/file-fe-de98949fb41f4e768b2a84aa "HTTP/1.1 200 OK"
2026-04-21 14:14:33,788 - httpx - INFO - HTTP Request: POST https://dashscope.aliyuncs.com/compatible-mode/v1/files "HTTP/1.1 200 OK"
2026-04-21 14:14:33,788 - ai_service_enhanced - INFO - 文件上传成功: C:\Users\chenkk\Desktop\新建文件夹\688469-2026-04-21-芯联集成-芯联集成电路制造股份有限公司2025年年度报告.pdf (文件ID: file-fe-96b0d80dd71c472ab661edf4)
2026-04-21 14:14:33,788 - __main___file_only - INFO - 上传文件: 688469-2026-04-21-芯联集成-芯联集成电路制造股份有限公司2025年年度报告.pdf (大小: 0.30 MB, ID: file-fe-96b0d80dd71c472ab661edf4)
2026-04-21 14:14:33,870 - httpx - INFO - HTTP Request: POST https://dashscope.aliyuncs.com/compatible-mode/v1/files "HTTP/1.1 200 OK"
2026-04-21 14:14:33,871 - ai_service_enhanced - INFO - 文件上传成功: C:\Users\chenkk\Desktop\新建文件夹\净资产收益率和每股收益\688469-2026-04-21-芯联集成-芯联集成电路制造股份有限公司2025年年度报告_mgsy.pdf (文件ID: file-fe-92b38d80b55040b290fd7b35)
2026-04-21 14:14:33,871 - __main___file_only - INFO - 上传文件: 688469-2026-04-21-芯联集成-芯联集成电路制造股份有限公司2025年年度报告_mgsy.pdf (大小: 0.29 MB, ID: file-fe-92b38d80b55040b290fd7b35)
2026-04-21 14:14:33,944 - httpx - INFO - HTTP Request: POST https://dashscope.aliyuncs.com/compatible-mode/v1/chat/completions "HTTP/1.1 200 OK"
2026-04-21 14:14:34,083 - __main__ - INFO - 开始处理: C:\Users\chenkk\Desktop\新建文件夹\688469-2026-04-21-芯联集成-芯联集成电路制造股份有限公司2025年年度报告.pdf
2026-04-21 14:14:35,242 - httpx - INFO - HTTP Request: POST https://dashscope.aliyuncs.com/compatible-mode/v1/chat/completions "HTTP/1.1 200 OK"
2026-04-21 14:14:35,305 - __main___file_only - INFO - 找到数据: 688146 2026-04-21 (3条)
2026-04-21 14:14:35,305 - __main__ - INFO - 处理成功: 688146-2026-04-21
2026-04-21 14:14:35,305 - __main___file_only - INFO - 处理成功: C:\Users\chenkk\Desktop\新建文件夹\688146-2026-04-21-中船特气-中船特气2025年年度报告.pdf (耗时: 28.97秒)
2026-04-21 14:14:35,426 - httpx - INFO - HTTP Request: POST https://dashscope.aliyuncs.com/compatible-mode/v1/chat/completions "HTTP/1.1 200 OK"
2026-04-21 14:14:35,919 - httpx - INFO - HTTP Request: POST https://dashscope.aliyuncs.com/compatible-mode/v1/files "HTTP/1.1 200 OK"
2026-04-21 14:14:35,919 - ai_service_enhanced - INFO - 文件上传成功: C:\Users\chenkk\Desktop\新建文件夹\688528-2026-04-21-秦川物联-2025年年度报告.pdf (文件ID: file-fe-5e26ca4f63af45b1acc59d8c)
2026-04-21 14:14:35,920 - __main___file_only - INFO - 上传文件: 688528-2026-04-21-秦川物联-2025年年度报告.pdf (大小: 0.31 MB, ID: file-fe-5e26ca4f63af45b1acc59d8c)
2026-04-21 14:14:35,924 - httpx - INFO - HTTP Request: DELETE https://dashscope.aliyuncs.com/compatible-mode/v1/files/file-fe-1b1ac3c708d44f43ac266755 "HTTP/1.1 200 OK"
2026-04-21 14:14:36,068 - httpx - INFO - HTTP Request: POST https://dashscope.aliyuncs.com/compatible-mode/v1/files "HTTP/1.1 200 OK"
2026-04-21 14:14:36,069 - ai_service_enhanced - INFO - 文件上传成功: C:\Users\chenkk\Desktop\新建文件夹\净资产收益率和每股收益\688528-2026-04-21-秦川物联-2025年年度报告_mgsy.pdf (文件ID: file-fe-250dde4cf646475c9d249cf7)
2026-04-21 14:14:36,069 - __main___file_only - INFO - 上传文件: 688528-2026-04-21-秦川物联-2025年年度报告_mgsy.pdf (大小: 0.29 MB, ID: file-fe-250dde4cf646475c9d249cf7)
2026-04-21 14:14:36,185 - __main__ - INFO - 开始处理: C:\Users\chenkk\Desktop\新建文件夹\688528-2026-04-21-秦川物联-2025年年度报告.pdf
2026-04-21 14:14:36,565 - httpx - INFO - HTTP Request: DELETE https://dashscope.aliyuncs.com/compatible-mode/v1/files/file-fe-2d6a96fbbcfe42fdba26c4da "HTTP/1.1 200 OK"
2026-04-21 14:14:37,213 - httpx - INFO - HTTP Request: POST https://dashscope.aliyuncs.com/compatible-mode/v1/chat/completions "HTTP/1.1 200 OK"
2026-04-21 14:14:37,245 - httpx - INFO - HTTP Request: POST https://dashscope.aliyuncs.com/compatible-mode/v1/chat/completions "HTTP/1.1 200 OK"
2026-04-21 14:14:37,310 - __main___file_only - INFO - 找到数据: 688155 2026-04-21 (3条)
2026-04-21 14:14:37,310 - __main__ - INFO - 处理成功: 688155-2026-04-21
2026-04-21 14:14:37,310 - __main___file_only - INFO - 处理成功: C:\Users\chenkk\Desktop\新建文件夹\688155-2026-04-21-先惠技术-上海先惠自动化技术股份有限公司2025年年度报告.pdf (耗时: 29.13秒)
2026-04-21 14:14:37,325 - __main___file_only - INFO - 找到数据: 688182 2026-04-21 (3条)
2026-04-21 14:14:37,325 - __main__ - INFO - 处理成功: 688182-2026-04-21
2026-04-21 14:14:37,325 - __main___file_only - INFO - 处理成功: C:\Users\chenkk\Desktop\新建文件夹\688182-2026-04-21-灿勤科技-江苏灿勤科技股份有限公司2025年年度报告.pdf (耗时: 26.89秒)
2026-04-21 14:14:37,788 - httpx - INFO - HTTP Request: POST https://dashscope.aliyuncs.com/compatible-mode/v1/chat/completions "HTTP/1.1 200 OK"
2026-04-21 14:14:37,899 - httpx - INFO - HTTP Request: DELETE https://dashscope.aliyuncs.com/compatible-mode/v1/files/file-fe-93ca66f713a94ddda7416bea "HTTP/1.1 200 OK"
2026-04-21 14:14:37,907 - httpx - INFO - HTTP Request: DELETE https://dashscope.aliyuncs.com/compatible-mode/v1/files/file-fe-7f2b7f496cee4f26a9b1d140 "HTTP/1.1 200 OK"
2026-04-21 14:14:38,077 - httpx - INFO - HTTP Request: POST https://dashscope.aliyuncs.com/compatible-mode/v1/files "HTTP/1.1 200 OK"
2026-04-21 14:14:38,078 - ai_service_enhanced - INFO - 文件上传成功: C:\Users\chenkk\Desktop\新建文件夹\净资产收益率和每股收益\688529-2026-04-21-豪森智能-豪森智能2025年年度报告_mgsy.pdf (文件ID: file-fe-55234a2a9e9344669fec4b05)
2026-04-21 14:14:38,078 - __main___file_only - INFO - 上传文件: 688529-2026-04-21-豪森智能-豪森智能2025年年度报告_mgsy.pdf (大小: 0.27 MB, ID: file-fe-55234a2a9e9344669fec4b05)
2026-04-21 14:14:38,278 - httpx - INFO - HTTP Request: POST https://dashscope.aliyuncs.com/compatible-mode/v1/chat/completions "HTTP/1.1 200 OK"
2026-04-21 14:14:38,569 - httpx - INFO - HTTP Request: DELETE https://dashscope.aliyuncs.com/compatible-mode/v1/files/file-fe-343baba4547e4af09a4dc87c "HTTP/1.1 200 OK"
2026-04-21 14:14:38,619 - httpx - INFO - HTTP Request: DELETE https://dashscope.aliyuncs.com/compatible-mode/v1/files/file-fe-6069a631422d40f2b0d4cd3f "HTTP/1.1 200 OK"
2026-04-21 14:14:38,632 - httpx - INFO - HTTP Request: POST https://dashscope.aliyuncs.com/compatible-mode/v1/files "HTTP/1.1 200 OK"
2026-04-21 14:14:38,633 - ai_service_enhanced - INFO - 文件上传成功: C:\Users\chenkk\Desktop\新建文件夹\688529-2026-04-21-豪森智能-豪森智能2025年年度报告.pdf (文件ID: file-fe-54df0a1d9e024d51a7758649)
2026-04-21 14:14:38,633 - __main___file_only - INFO - 上传文件: 688529-2026-04-21-豪森智能-豪森智能2025年年度报告.pdf (大小: 0.31 MB, ID: file-fe-54df0a1d9e024d51a7758649)
2026-04-21 14:14:38,820 - __main__ - INFO - 开始处理: C:\Users\chenkk\Desktop\新建文件夹\688529-2026-04-21-豪森智能-豪森智能2025年年度报告.pdf
2026-04-21 14:14:40,118 - httpx - INFO - HTTP Request: POST https://dashscope.aliyuncs.com/compatible-mode/v1/files "HTTP/1.1 200 OK"
2026-04-21 14:14:40,119 - ai_service_enhanced - INFO - 文件上传成功: C:\Users\chenkk\Desktop\新建文件夹\净资产收益率和每股收益\688739-2026-04-21-成大生物-辽宁成大生物股份有限公司2025年年度报告_mgsy.pdf (文件ID: file-fe-7fdf7987eaa4459488b4eef9)
2026-04-21 14:14:40,119 - __main___file_only - INFO - 上传文件: 688739-2026-04-21-成大生物-辽宁成大生物股份有限公司2025年年度报告_mgsy.pdf (大小: 0.30 MB, ID: file-fe-7fdf7987eaa4459488b4eef9)
2026-04-21 14:14:40,288 - httpx - INFO - HTTP Request: POST https://dashscope.aliyuncs.com/compatible-mode/v1/files "HTTP/1.1 200 OK"
2026-04-21 14:14:40,289 - ai_service_enhanced - INFO - 文件上传成功: C:\Users\chenkk\Desktop\新建文件夹\688739-2026-04-21-成大生物-辽宁成大生物股份有限公司2025年年度报告.pdf (文件ID: file-fe-769475cde98f4f62b963dbe0)
2026-04-21 14:14:40,289 - __main___file_only - INFO - 上传文件: 688739-2026-04-21-成大生物-辽宁成大生物股份有限公司2025年年度报告.pdf (大小: 0.33 MB, ID: file-fe-769475cde98f4f62b963dbe0)
2026-04-21 14:14:40,404 - __main__ - INFO - 开始处理: C:\Users\chenkk\Desktop\新建文件夹\688739-2026-04-21-成大生物-辽宁成大生物股份有限公司2025年年度报告.pdf
2026-04-21 14:14:40,620 - httpx - INFO - HTTP Request: POST https://dashscope.aliyuncs.com/compatible-mode/v1/chat/completions "HTTP/1.1 200 OK"
2026-04-21 14:14:40,940 - httpx - INFO - HTTP Request: POST https://dashscope.aliyuncs.com/compatible-mode/v1/chat/completions "HTTP/1.1 200 OK"
2026-04-21 14:14:41,133 - __main___file_only - INFO - 找到数据: 688258 2026-04-21 (3条)
2026-04-21 14:14:41,133 - __main__ - INFO - 处理成功: 688258-2026-04-21
2026-04-21 14:14:41,133 - __main___file_only - INFO - 处理成功: C:\Users\chenkk\Desktop\新建文件夹\688258-2026-04-21-卓易信息-江苏卓易信息科技股份有限公司2025年年度报告.pdf (耗时: 26.42秒)
2026-04-21 14:14:41,884 - httpx - INFO - HTTP Request: DELETE https://dashscope.aliyuncs.com/compatible-mode/v1/files/file-fe-49005e864dae4b02a9f145ba "HTTP/1.1 200 OK"
2026-04-21 14:14:42,285 - httpx - INFO - HTTP Request: POST https://dashscope.aliyuncs.com/compatible-mode/v1/files "HTTP/1.1 200 OK"
2026-04-21 14:14:42,285 - ai_service_enhanced - INFO - 文件上传成功: C:\Users\chenkk\Desktop\新建文件夹\688777-2026-04-21-中控技术-中控技术股份有限公司2025年年度报告.pdf (文件ID: file-fe-6237c3c6a1c746d1aaacc79d)
2026-04-21 14:14:42,285 - __main___file_only - INFO - 上传文件: 688777-2026-04-21-中控技术-中控技术股份有限公司2025年年度报告.pdf (大小: 0.38 MB, ID: file-fe-6237c3c6a1c746d1aaacc79d)
2026-04-21 14:14:42,301 - httpx - INFO - HTTP Request: POST https://dashscope.aliyuncs.com/compatible-mode/v1/files "HTTP/1.1 200 OK"
2026-04-21 14:14:42,302 - ai_service_enhanced - INFO - 文件上传成功: C:\Users\chenkk\Desktop\新建文件夹\净资产收益率和每股收益\688777-2026-04-21-中控技术-中控技术股份有限公司2025年年度报告_mgsy.pdf (文件ID: file-fe-25dfa0219e334fc7ae41afab)
2026-04-21 14:14:42,302 - __main___file_only - INFO - 上传文件: 688777-2026-04-21-中控技术-中控技术股份有限公司2025年年度报告_mgsy.pdf (大小: 0.35 MB, ID: file-fe-25dfa0219e334fc7ae41afab)
2026-04-21 14:14:42,339 - httpx - INFO - HTTP Request: POST https://dashscope.aliyuncs.com/compatible-mode/v1/chat/completions "HTTP/1.1 200 OK"
2026-04-21 14:14:42,398 - __main___file_only - INFO - 找到数据: 688303 2026-04-21 (3条)
2026-04-21 14:14:42,399 - __main__ - INFO - 处理成功: 688303-2026-04-21
2026-04-21 14:14:42,399 - __main___file_only - INFO - 处理成功: C:\Users\chenkk\Desktop\新建文件夹\688303-2026-04-21-大全能源-新疆大全新能源股份有限公司2025年年度报告.pdf (耗时: 25.68秒)
2026-04-21 14:14:42,406 - __main__ - INFO - 开始处理: C:\Users\chenkk\Desktop\新建文件夹\688777-2026-04-21-中控技术-中控技术股份有限公司2025年年度报告.pdf
2026-04-21 14:14:42,546 - httpx - INFO - HTTP Request: POST https://dashscope.aliyuncs.com/compatible-mode/v1/chat/completions "HTTP/1.1 200 OK"
2026-04-21 14:14:42,581 - httpx - INFO - HTTP Request: DELETE https://dashscope.aliyuncs.com/compatible-mode/v1/files/file-fe-bfb6cb00a91b4090ba2a0ecd "HTTP/1.1 200 OK"
2026-04-21 14:14:42,964 - httpx - INFO - HTTP Request: DELETE https://dashscope.aliyuncs.com/compatible-mode/v1/files/file-fe-ecea24d5b1ac4f4984724d85 "HTTP/1.1 200 OK"
2026-04-21 14:14:42,987 - httpx - INFO - HTTP Request: POST https://dashscope.aliyuncs.com/compatible-mode/v1/chat/completions "HTTP/1.1 200 OK"
2026-04-21 14:14:43,051 - __main___file_only - INFO - 找到数据: 688238 2026-04-21 (3条)
2026-04-21 14:14:43,051 - __main__ - INFO - 处理成功: 688238-2026-04-21
2026-04-21 14:14:43,051 - __main___file_only - INFO - 处理成功: C:\Users\chenkk\Desktop\新建文件夹\688238-2026-04-21-和元生物-2025年年度报告.pdf (耗时: 30.60秒)
2026-04-21 14:14:43,628 - httpx - INFO - HTTP Request: DELETE https://dashscope.aliyuncs.com/compatible-mode/v1/files/file-fe-09853c74233e49cd8d9447b8 "HTTP/1.1 200 OK"
2026-04-21 14:14:43,724 - httpx - INFO - HTTP Request: DELETE https://dashscope.aliyuncs.com/compatible-mode/v1/files/file-fe-d48c1168517f4465a1af3def "HTTP/1.1 200 OK"
2026-04-21 14:14:44,310 - httpx - INFO - HTTP Request: DELETE https://dashscope.aliyuncs.com/compatible-mode/v1/files/file-fe-34fc07d3b6a4464fb52dd4fd "HTTP/1.1 200 OK"
2026-04-21 14:14:44,450 - httpx - INFO - HTTP Request: POST https://dashscope.aliyuncs.com/compatible-mode/v1/chat/completions "HTTP/1.1 200 OK"
2026-04-21 14:14:44,557 - httpx - INFO - HTTP Request: POST https://dashscope.aliyuncs.com/compatible-mode/v1/files "HTTP/1.1 200 OK"
2026-04-21 14:14:44,557 - httpx - INFO - HTTP Request: POST https://dashscope.aliyuncs.com/compatible-mode/v1/files "HTTP/1.1 200 OK"
2026-04-21 14:14:44,558 - ai_service_enhanced - INFO - 文件上传成功: C:\Users\chenkk\Desktop\新建文件夹\688783-2026-04-21-西安奕材-2025年年度报告.pdf (文件ID: file-fe-bc07bf7667534542af4a507b)
2026-04-21 14:14:44,558 - __main___file_only - INFO - 上传文件: 688783-2026-04-21-西安奕材-2025年年度报告.pdf (大小: 0.26 MB, ID: file-fe-bc07bf7667534542af4a507b)
2026-04-21 14:14:44,558 - ai_service_enhanced - INFO - 文件上传成功: C:\Users\chenkk\Desktop\新建文件夹\净资产收益率和每股收益\688783-2026-04-21-西安奕材-2025年年度报告_mgsy.pdf (文件ID: file-fe-d192c6a2912a46dda005a889)
2026-04-21 14:14:44,558 - __main___file_only - INFO - 上传文件: 688783-2026-04-21-西安奕材-2025年年度报告_mgsy.pdf (大小: 0.26 MB, ID: file-fe-d192c6a2912a46dda005a889)
2026-04-21 14:14:44,673 - __main__ - INFO - 开始处理: C:\Users\chenkk\Desktop\新建文件夹\688783-2026-04-21-西安奕材-2025年年度报告.pdf
2026-04-21 14:14:46,608 - httpx - INFO - HTTP Request: POST https://dashscope.aliyuncs.com/compatible-mode/v1/files "HTTP/1.1 200 OK"
2026-04-21 14:14:46,609 - ai_service_enhanced - INFO - 文件上传成功: C:\Users\chenkk\Desktop\新建文件夹\688799-2026-04-21-华纳药厂-2025年年度报告.pdf (文件ID: file-fe-c131823128a24f6bb389f15c)
2026-04-21 14:14:46,609 - __main___file_only - INFO - 上传文件: 688799-2026-04-21-华纳药厂-2025年年度报告.pdf (大小: 0.38 MB, ID: file-fe-c131823128a24f6bb389f15c)
2026-04-21 14:14:46,674 - httpx - INFO - HTTP Request: POST https://dashscope.aliyuncs.com/compatible-mode/v1/files "HTTP/1.1 200 OK"
2026-04-21 14:14:46,675 - ai_service_enhanced - INFO - 文件上传成功: C:\Users\chenkk\Desktop\新建文件夹\净资产收益率和每股收益\688799-2026-04-21-华纳药厂-2025年年度报告_mgsy.pdf (文件ID: file-fe-4222294bea8044cca113a7b1)
2026-04-21 14:14:46,675 - __main___file_only - INFO - 上传文件: 688799-2026-04-21-华纳药厂-2025年年度报告_mgsy.pdf (大小: 0.32 MB, ID: file-fe-4222294bea8044cca113a7b1)
2026-04-21 14:14:46,676 - __main__ - INFO - 开始处理: C:\Users\chenkk\Desktop\新建文件夹\688799-2026-04-21-华纳药厂-2025年年度报告.pdf
2026-04-21 14:14:47,825 - httpx - INFO - HTTP Request: POST https://dashscope.aliyuncs.com/compatible-mode/v1/chat/completions "HTTP/1.1 200 OK"
2026-04-21 14:14:47,909 - __main___file_only - INFO - 找到数据: 688305 2026-04-21 (3条)
2026-04-21 14:14:47,909 - __main__ - INFO - 处理成功: 688305-2026-04-21
2026-04-21 14:14:47,909 - __main___file_only - INFO - 处理成功: C:\Users\chenkk\Desktop\新建文件夹\688305-2026-04-21-科德数控-科德数控股份有限公司2025年年度报告.pdf (耗时: 28.55秒)
2026-04-21 14:14:48,124 - httpx - INFO - HTTP Request: POST https://dashscope.aliyuncs.com/compatible-mode/v1/chat/completions "HTTP/1.1 200 OK"
2026-04-21 14:14:48,601 - httpx - INFO - HTTP Request: DELETE https://dashscope.aliyuncs.com/compatible-mode/v1/files/file-fe-91097c9744994655a8769e2c "HTTP/1.1 200 OK"
2026-04-21 14:14:48,800 - httpx - INFO - HTTP Request: POST https://dashscope.aliyuncs.com/compatible-mode/v1/files "HTTP/1.1 200 OK"
2026-04-21 14:14:48,801 - ai_service_enhanced - INFO - 文件上传成功: C:\Users\chenkk\Desktop\新建文件夹\净资产收益率和每股收益\688800-2026-04-21-瑞可达-2025年年度报告_mgsy.pdf (文件ID: file-fe-aa400d91cbc443cbb95910ed)
2026-04-21 14:14:48,801 - __main___file_only - INFO - 上传文件: 688800-2026-04-21-瑞可达-2025年年度报告_mgsy.pdf (大小: 0.30 MB, ID: file-fe-aa400d91cbc443cbb95910ed)
2026-04-21 14:14:49,100 - httpx - INFO - HTTP Request: POST https://dashscope.aliyuncs.com/compatible-mode/v1/files "HTTP/1.1 200 OK"
2026-04-21 14:14:49,101 - ai_service_enhanced - INFO - 文件上传成功: C:\Users\chenkk\Desktop\新建文件夹\688800-2026-04-21-瑞可达-2025年年度报告.pdf (文件ID: file-fe-ae59e6c7e0194af98e271ace)
2026-04-21 14:14:49,101 - __main___file_only - INFO - 上传文件: 688800-2026-04-21-瑞可达-2025年年度报告.pdf (大小: 0.31 MB, ID: file-fe-ae59e6c7e0194af98e271ace)
2026-04-21 14:14:49,312 - __main__ - INFO - 开始处理: C:\Users\chenkk\Desktop\新建文件夹\688800-2026-04-21-瑞可达-2025年年度报告.pdf
2026-04-21 14:14:49,378 - httpx - INFO - HTTP Request: DELETE https://dashscope.aliyuncs.com/compatible-mode/v1/files/file-fe-98bdb7b4a68b4e6f8e9a2db0 "HTTP/1.1 200 OK"
2026-04-21 14:14:49,753 - httpx - INFO - HTTP Request: POST https://dashscope.aliyuncs.com/compatible-mode/v1/chat/completions "HTTP/1.1 200 OK"
2026-04-21 14:14:49,817 - __main___file_only - INFO - 找到数据: 688329 2026-04-21 (3条)
2026-04-21 14:14:49,817 - __main__ - INFO - 处理成功: 688329-2026-04-21
2026-04-21 14:14:49,817 - __main___file_only - INFO - 处理成功: C:\Users\chenkk\Desktop\新建文件夹\688329-2026-04-21-艾隆科技-艾隆科技2025年年度报告.pdf (耗时: 28.73秒)
2026-04-21 14:14:50,418 - httpx - INFO - HTTP Request: DELETE https://dashscope.aliyuncs.com/compatible-mode/v1/files/file-fe-29a3ba7d30a04b299dda798d "HTTP/1.1 200 OK"
2026-04-21 14:14:50,917 - httpx - INFO - HTTP Request: POST https://dashscope.aliyuncs.com/compatible-mode/v1/files "HTTP/1.1 200 OK"
2026-04-21 14:14:50,918 - ai_service_enhanced - INFO - 文件上传成功: C:\Users\chenkk\Desktop\新建文件夹\920056-2026-04-20-能之光-2025年年度报告.pdf (文件ID: file-fe-5d0315fb68a54cffbaa82db2)
2026-04-21 14:14:50,918 - __main___file_only - INFO - 上传文件: 920056-2026-04-20-能之光-2025年年度报告.pdf (大小: 0.33 MB, ID: file-fe-5d0315fb68a54cffbaa82db2)
2026-04-21 14:14:51,077 - httpx - INFO - HTTP Request: DELETE https://dashscope.aliyuncs.com/compatible-mode/v1/files/file-fe-54db466af79943d8ac736c37 "HTTP/1.1 200 OK"
2026-04-21 14:14:51,159 - httpx - INFO - HTTP Request: POST https://dashscope.aliyuncs.com/compatible-mode/v1/chat/completions "HTTP/1.1 200 OK"
2026-04-21 14:14:51,231 - httpx - INFO - HTTP Request: POST https://dashscope.aliyuncs.com/compatible-mode/v1/files "HTTP/1.1 200 OK"
2026-04-21 14:14:51,232 - ai_service_enhanced - INFO - 文件上传成功: C:\Users\chenkk\Desktop\新建文件夹\净资产收益率和每股收益\920056-2026-04-20-能之光-2025年年度报告_mgsy.pdf (文件ID: file-fe-d69a3daa7b784b618de4789d)
2026-04-21 14:14:51,232 - __main___file_only - INFO - 上传文件: 920056-2026-04-20-能之光-2025年年度报告_mgsy.pdf (大小: 0.33 MB, ID: file-fe-d69a3daa7b784b618de4789d)
2026-04-21 14:14:51,415 - __main__ - INFO - 开始处理: C:\Users\chenkk\Desktop\新建文件夹\920056-2026-04-20-能之光-2025年年度报告.pdf
2026-04-21 14:14:53,037 - httpx - INFO - HTTP Request: POST https://dashscope.aliyuncs.com/compatible-mode/v1/files "HTTP/1.1 200 OK"
2026-04-21 14:14:53,038 - httpx - INFO - HTTP Request: POST https://dashscope.aliyuncs.com/compatible-mode/v1/files "HTTP/1.1 200 OK"
2026-04-21 14:14:53,039 - ai_service_enhanced - INFO - 文件上传成功: C:\Users\chenkk\Desktop\新建文件夹\920082-2026-04-20-方正阀门-2025年年度报告.pdf (文件ID: file-fe-08c4369ce9364bbaa3f2d621)
2026-04-21 14:14:53,039 - ai_service_enhanced - INFO - 文件上传成功: C:\Users\chenkk\Desktop\新建文件夹\净资产收益率和每股收益\920082-2026-04-20-方正阀门-2025年年度报告_mgsy.pdf (文件ID: file-fe-d4bfa1626ee24f159368c293)
2026-04-21 14:14:53,039 - __main___file_only - INFO - 上传文件: 920082-2026-04-20-方正阀门-2025年年度报告.pdf (大小: 1.00 MB, ID: file-fe-08c4369ce9364bbaa3f2d621)
2026-04-21 14:14:53,039 - __main___file_only - INFO - 上传文件: 920082-2026-04-20-方正阀门-2025年年度报告_mgsy.pdf (大小: 0.44 MB, ID: file-fe-d4bfa1626ee24f159368c293)
2026-04-21 14:14:53,100 - httpx - INFO - HTTP Request: POST https://dashscope.aliyuncs.com/compatible-mode/v1/chat/completions "HTTP/1.1 200 OK"
2026-04-21 14:14:53,148 - __main__ - INFO - 开始处理: C:\Users\chenkk\Desktop\新建文件夹\920082-2026-04-20-方正阀门-2025年年度报告.pdf
2026-04-21 14:14:53,175 - httpx - INFO - HTTP Request: POST https://dashscope.aliyuncs.com/compatible-mode/v1/chat/completions "HTTP/1.1 200 OK"
2026-04-21 14:14:54,122 - httpx - INFO - HTTP Request: POST https://dashscope.aliyuncs.com/compatible-mode/v1/chat/completions "HTTP/1.1 200 OK"
2026-04-21 14:14:54,185 - __main___file_only - INFO - 找到数据: 688357 2026-04-21 (3条)
2026-04-21 14:14:54,185 - __main__ - INFO - 处理成功: 688357-2026-04-21
2026-04-21 14:14:54,185 - __main___file_only - INFO - 处理成功: C:\Users\chenkk\Desktop\新建文件夹\688357-2026-04-21-建龙微纳-2025年年度报告.pdf (耗时: 30.73秒)
2026-04-21 14:14:54,765 - httpx - INFO - HTTP Request: DELETE https://dashscope.aliyuncs.com/compatible-mode/v1/files/file-fe-343cb7431b4f44bb9be9c8d4 "HTTP/1.1 200 OK"
2026-04-21 14:14:55,153 - httpx - INFO - HTTP Request: POST https://dashscope.aliyuncs.com/compatible-mode/v1/files "HTTP/1.1 200 OK"
2026-04-21 14:14:55,154 - ai_service_enhanced - INFO - 文件上传成功: C:\Users\chenkk\Desktop\新建文件夹\净资产收益率和每股收益\920089-2026-04-20-禾昌聚合-2025年年度报告_mgsy.pdf (文件ID: file-fe-d2d02b8861e04598867001d6)
2026-04-21 14:14:55,154 - __main___file_only - INFO - 上传文件: 920089-2026-04-20-禾昌聚合-2025年年度报告_mgsy.pdf (大小: 0.61 MB, ID: file-fe-d2d02b8861e04598867001d6)
2026-04-21 14:14:55,204 - httpx - INFO - HTTP Request: POST https://dashscope.aliyuncs.com/compatible-mode/v1/files "HTTP/1.1 200 OK"
2026-04-21 14:14:55,205 - ai_service_enhanced - INFO - 文件上传成功: C:\Users\chenkk\Desktop\新建文件夹\920089-2026-04-20-禾昌聚合-2025年年度报告.pdf (文件ID: file-fe-2988b8e464a34d13a2cbee86)
2026-04-21 14:14:55,205 - __main___file_only - INFO - 上传文件: 920089-2026-04-20-禾昌聚合-2025年年度报告.pdf (大小: 1.01 MB, ID: file-fe-2988b8e464a34d13a2cbee86)
2026-04-21 14:14:55,205 - __main__ - INFO - 开始处理: C:\Users\chenkk\Desktop\新建文件夹\920089-2026-04-20-禾昌聚合-2025年年度报告.pdf
2026-04-21 14:14:55,361 - httpx - INFO - HTTP Request: POST https://dashscope.aliyuncs.com/compatible-mode/v1/chat/completions "HTTP/1.1 200 OK"
2026-04-21 14:14:55,428 - __main___file_only - INFO - 找到数据: 688362 2026-04-21 (3条)
2026-04-21 14:14:55,429 - __main__ - INFO - 处理成功: 688362-2026-04-21
2026-04-21 14:14:55,429 - __main___file_only - INFO - 处理成功: C:\Users\chenkk\Desktop\新建文件夹\688362-2026-04-21-甬矽电子-2025年年度报告.pdf (耗时: 29.86秒)
2026-04-21 14:14:55,511 - httpx - INFO - HTTP Request: DELETE https://dashscope.aliyuncs.com/compatible-mode/v1/files/file-fe-a255cebd02c945f783df302c "HTTP/1.1 200 OK"
2026-04-21 14:14:56,110 - httpx - INFO - HTTP Request: DELETE https://dashscope.aliyuncs.com/compatible-mode/v1/files/file-fe-0be05ad6589e4d05918201f6 "HTTP/1.1 200 OK"
2026-04-21 14:14:56,530 - httpx - INFO - HTTP Request: POST https://dashscope.aliyuncs.com/compatible-mode/v1/chat/completions "HTTP/1.1 200 OK"
2026-04-21 14:14:56,593 - __main___file_only - INFO - 找到数据: 688369 2026-04-21 (3条)
2026-04-21 14:14:56,594 - __main__ - INFO - 处理成功: 688369-2026-04-21
2026-04-21 14:14:56,594 - __main___file_only - INFO - 处理成功: C:\Users\chenkk\Desktop\新建文件夹\688369-2026-04-21-致远互联-北京致远互联软件股份有限公司2025年年度报告.pdf (耗时: 28.65秒)
2026-04-21 14:14:56,648 - httpx - INFO - HTTP Request: POST https://dashscope.aliyuncs.com/compatible-mode/v1/chat/completions "HTTP/1.1 200 OK"
2026-04-21 14:14:56,722 - httpx - INFO - HTTP Request: DELETE https://dashscope.aliyuncs.com/compatible-mode/v1/files/file-fe-ef22b28993b041ffa0a78607 "HTTP/1.1 200 OK"
2026-04-21 14:14:57,191 - httpx - INFO - HTTP Request: DELETE https://dashscope.aliyuncs.com/compatible-mode/v1/files/file-fe-0dcdedb6280844a69235c8c4 "HTTP/1.1 200 OK"
2026-04-21 14:14:57,251 - httpx - INFO - HTTP Request: POST https://dashscope.aliyuncs.com/compatible-mode/v1/files "HTTP/1.1 200 OK"
2026-04-21 14:14:57,251 - ai_service_enhanced - INFO - 文件上传成功: C:\Users\chenkk\Desktop\新建文件夹\920121-2026-04-20-江天科技-2025年年度报告.pdf (文件ID: file-fe-926e43e06ca4423a91f8cab3)
2026-04-21 14:14:57,251 - __main___file_only - INFO - 上传文件: 920121-2026-04-20-江天科技-2025年年度报告.pdf (大小: 0.60 MB, ID: file-fe-926e43e06ca4423a91f8cab3)
2026-04-21 14:14:57,279 - httpx - INFO - HTTP Request: POST https://dashscope.aliyuncs.com/compatible-mode/v1/files "HTTP/1.1 200 OK"
2026-04-21 14:14:57,279 - ai_service_enhanced - INFO - 文件上传成功: C:\Users\chenkk\Desktop\新建文件夹\净资产收益率和每股收益\920121-2026-04-20-江天科技-2025年年度报告_mgsy.pdf (文件ID: file-fe-cac0a035f6b347be971ef966)
2026-04-21 14:14:57,280 - __main___file_only - INFO - 上传文件: 920121-2026-04-20-江天科技-2025年年度报告_mgsy.pdf (大小: 0.55 MB, ID: file-fe-cac0a035f6b347be971ef966)
2026-04-21 14:14:57,280 - __main__ - INFO - 开始处理: C:\Users\chenkk\Desktop\新建文件夹\920121-2026-04-20-江天科技-2025年年度报告.pdf
2026-04-21 14:14:57,377 - httpx - INFO - HTTP Request: POST https://dashscope.aliyuncs.com/compatible-mode/v1/chat/completions "HTTP/1.1 200 OK"
2026-04-21 14:14:57,650 - httpx - INFO - HTTP Request: POST https://dashscope.aliyuncs.com/compatible-mode/v1/chat/completions "HTTP/1.1 200 OK"
2026-04-21 14:14:57,711 - __main___file_only - INFO - 找到数据: 688388 2026-04-21 (3条)
2026-04-21 14:14:57,712 - __main__ - INFO - 处理成功: 688388-2026-04-21
2026-04-21 14:14:57,712 - __main___file_only - INFO - 处理成功: C:\Users\chenkk\Desktop\新建文件夹\688388-2026-04-21-嘉元科技-广东嘉元科技股份有限公司2025年年度报告.pdf (耗时: 28.03秒)
2026-04-21 14:14:57,853 - httpx - INFO - HTTP Request: DELETE https://dashscope.aliyuncs.com/compatible-mode/v1/files/file-fe-894d55bab8384595b560c767 "HTTP/1.1 200 OK"
2026-04-21 14:14:58,437 - httpx - INFO - HTTP Request: DELETE https://dashscope.aliyuncs.com/compatible-mode/v1/files/file-fe-a839848793e94e8c80fb062d "HTTP/1.1 200 OK"
2026-04-21 14:14:58,452 - httpx - INFO - HTTP Request: POST https://dashscope.aliyuncs.com/compatible-mode/v1/chat/completions "HTTP/1.1 200 OK"
2026-04-21 14:14:58,516 - __main___file_only - INFO - 找到数据: 688448 2026-04-21 (3条)
2026-04-21 14:14:58,516 - __main__ - INFO - 处理成功: 688448-2026-04-21
2026-04-21 14:14:58,516 - __main___file_only - INFO - 处理成功: C:\Users\chenkk\Desktop\新建文件夹\688448-2026-04-21-磁谷科技-南京磁谷科技股份有限公司2025年年度报告.pdf (耗时: 26.80秒)
2026-04-21 14:14:59,083 - httpx - INFO - HTTP Request: DELETE https://dashscope.aliyuncs.com/compatible-mode/v1/files/file-fe-5212546f3abe418d840d88a3 "HTTP/1.1 200 OK"
2026-04-21 14:14:59,126 - httpx - INFO - HTTP Request: DELETE https://dashscope.aliyuncs.com/compatible-mode/v1/files/file-fe-63e4f93433774516840f3ba6 "HTTP/1.1 200 OK"
2026-04-21 14:14:59,457 - httpx - INFO - HTTP Request: POST https://dashscope.aliyuncs.com/compatible-mode/v1/files "HTTP/1.1 200 OK"
2026-04-21 14:14:59,458 - ai_service_enhanced - INFO - 文件上传成功: C:\Users\chenkk\Desktop\新建文件夹\净资产收益率和每股收益\920128-2026-04-20-胜业电气-2025年年度报告_mgsy.pdf (文件ID: file-fe-a1429ca70ab04bf5aa7468b2)
2026-04-21 14:14:59,458 - __main___file_only - INFO - 上传文件: 920128-2026-04-20-胜业电气-2025年年度报告_mgsy.pdf (大小: 0.36 MB, ID: file-fe-a1429ca70ab04bf5aa7468b2)
2026-04-21 14:14:59,464 - httpx - INFO - HTTP Request: POST https://dashscope.aliyuncs.com/compatible-mode/v1/files "HTTP/1.1 200 OK"
2026-04-21 14:14:59,464 - ai_service_enhanced - INFO - 文件上传成功: C:\Users\chenkk\Desktop\新建文件夹\920128-2026-04-20-胜业电气-2025年年度报告.pdf (文件ID: file-fe-effbe88c0f28413da6dbea1e)
2026-04-21 14:14:59,465 - __main___file_only - INFO - 上传文件: 920128-2026-04-20-胜业电气-2025年年度报告.pdf (大小: 0.59 MB, ID: file-fe-effbe88c0f28413da6dbea1e)
2026-04-21 14:14:59,541 - __main__ - INFO - 开始处理: C:\Users\chenkk\Desktop\新建文件夹\920128-2026-04-20-胜业电气-2025年年度报告.pdf
2026-04-21 14:14:59,863 - httpx - INFO - HTTP Request: DELETE https://dashscope.aliyuncs.com/compatible-mode/v1/files/file-fe-56da2bd136074791a892a303 "HTTP/1.1 200 OK"
2026-04-21 14:15:00,748 - httpx - INFO - HTTP Request: POST https://dashscope.aliyuncs.com/compatible-mode/v1/chat/completions "HTTP/1.1 200 OK"
2026-04-21 14:15:01,626 - httpx - INFO - HTTP Request: POST https://dashscope.aliyuncs.com/compatible-mode/v1/files "HTTP/1.1 200 OK"
2026-04-21 14:15:01,627 - ai_service_enhanced - INFO - 文件上传成功: C:\Users\chenkk\Desktop\新建文件夹\920166-2026-04-20-海圣医疗-2025年年度报告.pdf (文件ID: file-fe-7f6fd855cd2845bdbfa8cf10)
2026-04-21 14:15:01,627 - __main___file_only - INFO - 上传文件: 920166-2026-04-20-海圣医疗-2025年年度报告.pdf (大小: 0.86 MB, ID: file-fe-7f6fd855cd2845bdbfa8cf10)
2026-04-21 14:15:01,675 - httpx - INFO - HTTP Request: POST https://dashscope.aliyuncs.com/compatible-mode/v1/files "HTTP/1.1 200 OK"
2026-04-21 14:15:01,676 - ai_service_enhanced - INFO - 文件上传成功: C:\Users\chenkk\Desktop\新建文件夹\净资产收益率和每股收益\920166-2026-04-20-海圣医疗-2025年年度报告_mgsy.pdf (文件ID: file-fe-d106af9f2bd443b0a5ae685a)
2026-04-21 14:15:01,676 - __main___file_only - INFO - 上传文件: 920166-2026-04-20-海圣医疗-2025年年度报告_mgsy.pdf (大小: 0.39 MB, ID: file-fe-d106af9f2bd443b0a5ae685a)
2026-04-21 14:15:01,908 - __main__ - INFO - 开始处理: C:\Users\chenkk\Desktop\新建文件夹\920166-2026-04-20-海圣医疗-2025年年度报告.pdf
2026-04-21 14:15:03,025 - httpx - INFO - HTTP Request: POST https://dashscope.aliyuncs.com/compatible-mode/v1/chat/completions "HTTP/1.1 200 OK"
2026-04-21 14:15:03,654 - httpx - INFO - HTTP Request: POST https://dashscope.aliyuncs.com/compatible-mode/v1/files "HTTP/1.1 200 OK"
2026-04-21 14:15:03,654 - ai_service_enhanced - INFO - 文件上传成功: C:\Users\chenkk\Desktop\新建文件夹\净资产收益率和每股收益\920175-2026-04-20-东方碳素-2025年年度报告_mgsy.pdf (文件ID: file-fe-a0ada75007864346920dc1a4)
2026-04-21 14:15:03,654 - __main___file_only - INFO - 上传文件: 920175-2026-04-20-东方碳素-2025年年度报告_mgsy.pdf (大小: 0.27 MB, ID: file-fe-a0ada75007864346920dc1a4)
2026-04-21 14:15:03,685 - httpx - INFO - HTTP Request: POST https://dashscope.aliyuncs.com/compatible-mode/v1/files "HTTP/1.1 200 OK"
2026-04-21 14:15:03,685 - ai_service_enhanced - INFO - 文件上传成功: C:\Users\chenkk\Desktop\新建文件夹\920175-2026-04-20-东方碳素-2025年年度报告.pdf (文件ID: file-fe-e0fac651f4274f83a658f531)
2026-04-21 14:15:03,685 - __main___file_only - INFO - 上传文件: 920175-2026-04-20-东方碳素-2025年年度报告.pdf (大小: 0.39 MB, ID: file-fe-e0fac651f4274f83a658f531)
2026-04-21 14:15:03,686 - __main__ - INFO - 开始处理: C:\Users\chenkk\Desktop\新建文件夹\920175-2026-04-20-东方碳素-2025年年度报告.pdf
2026-04-21 14:15:05,203 - httpx - INFO - HTTP Request: POST https://dashscope.aliyuncs.com/compatible-mode/v1/chat/completions "HTTP/1.1 200 OK"
2026-04-21 14:15:05,491 - __main___file_only - INFO - 找到数据: 688528 2026-04-21 (3条)
2026-04-21 14:15:05,491 - __main__ - INFO - 处理成功: 688528-2026-04-21
2026-04-21 14:15:05,492 - __main___file_only - INFO - 处理成功: C:\Users\chenkk\Desktop\新建文件夹\688528-2026-04-21-秦川物联-2025年年度报告.pdf (耗时: 29.31秒)
2026-04-21 14:15:05,844 - httpx - INFO - HTTP Request: POST https://dashscope.aliyuncs.com/compatible-mode/v1/chat/completions "HTTP/1.1 200 OK"
2026-04-21 14:15:05,868 - httpx - INFO - HTTP Request: POST https://dashscope.aliyuncs.com/compatible-mode/v1/files "HTTP/1.1 200 OK"
2026-04-21 14:15:05,869 - ai_service_enhanced - INFO - 文件上传成功: C:\Users\chenkk\Desktop\新建文件夹\净资产收益率和每股收益\920304-2026-04-20-迪尔化工-2025年年度报告_mgsy.pdf (文件ID: file-fe-67d76cd6f4684364b38f8f96)
2026-04-21 14:15:05,869 - __main___file_only - INFO - 上传文件: 920304-2026-04-20-迪尔化工-2025年年度报告_mgsy.pdf (大小: 0.40 MB, ID: file-fe-67d76cd6f4684364b38f8f96)
2026-04-21 14:15:05,884 - httpx - INFO - HTTP Request: POST https://dashscope.aliyuncs.com/compatible-mode/v1/files "HTTP/1.1 200 OK"
2026-04-21 14:15:05,884 - ai_service_enhanced - INFO - 文件上传成功: C:\Users\chenkk\Desktop\新建文件夹\920304-2026-04-20-迪尔化工-2025年年度报告.pdf (文件ID: file-fe-52fcac984ef645eb8cb42a30)
2026-04-21 14:15:05,884 - __main___file_only - INFO - 上传文件: 920304-2026-04-20-迪尔化工-2025年年度报告.pdf (大小: 0.76 MB, ID: file-fe-52fcac984ef645eb8cb42a30)
2026-04-21 14:15:05,948 - __main__ - INFO - 开始处理: C:\Users\chenkk\Desktop\新建文件夹\920304-2026-04-20-迪尔化工-2025年年度报告.pdf
2026-04-21 14:15:06,175 - httpx - INFO - HTTP Request: POST https://dashscope.aliyuncs.com/compatible-mode/v1/chat/completions "HTTP/1.1 200 OK"
2026-04-21 14:15:06,431 - httpx - INFO - HTTP Request: DELETE https://dashscope.aliyuncs.com/compatible-mode/v1/files/file-fe-5e26ca4f63af45b1acc59d8c "HTTP/1.1 200 OK"
2026-04-21 14:15:07,107 - httpx - INFO - HTTP Request: DELETE https://dashscope.aliyuncs.com/compatible-mode/v1/files/file-fe-250dde4cf646475c9d249cf7 "HTTP/1.1 200 OK"
2026-04-21 14:15:07,165 - httpx - INFO - HTTP Request: POST https://dashscope.aliyuncs.com/compatible-mode/v1/chat/completions "HTTP/1.1 200 OK"
2026-04-21 14:15:07,236 - __main___file_only - INFO - 找到数据: 688469 2026-04-21 (3条)
2026-04-21 14:15:07,236 - __main__ - INFO - 处理成功: 688469-2026-04-21
2026-04-21 14:15:07,236 - __main___file_only - INFO - 处理成功: C:\Users\chenkk\Desktop\新建文件夹\688469-2026-04-21-芯联集成-芯联集成电路制造股份有限公司2025年年度报告.pdf (耗时: 33.15秒)
2026-04-21 14:15:07,861 - httpx - INFO - HTTP Request: DELETE https://dashscope.aliyuncs.com/compatible-mode/v1/files/file-fe-96b0d80dd71c472ab661edf4 "HTTP/1.1 200 OK"
2026-04-21 14:15:07,907 - httpx - INFO - HTTP Request: POST https://dashscope.aliyuncs.com/compatible-mode/v1/chat/completions "HTTP/1.1 200 OK"
2026-04-21 14:15:08,011 - httpx - INFO - HTTP Request: POST https://dashscope.aliyuncs.com/compatible-mode/v1/files "HTTP/1.1 200 OK"
2026-04-21 14:15:08,012 - ai_service_enhanced - INFO - 文件上传成功: C:\Users\chenkk\Desktop\新建文件夹\920414-2026-04-20-欧普泰-2025年年度报告.pdf (文件ID: file-fe-37178d315e924bf9af64d6b6)
2026-04-21 14:15:08,012 - __main___file_only - INFO - 上传文件: 920414-2026-04-20-欧普泰-2025年年度报告.pdf (大小: 1.07 MB, ID: file-fe-37178d315e924bf9af64d6b6)
2026-04-21 14:15:08,021 - httpx - INFO - HTTP Request: POST https://dashscope.aliyuncs.com/compatible-mode/v1/files "HTTP/1.1 200 OK"
2026-04-21 14:15:08,021 - ai_service_enhanced - INFO - 文件上传成功: C:\Users\chenkk\Desktop\新建文件夹\净资产收益率和每股收益\920414-2026-04-20-欧普泰-2025年年度报告_mgsy.pdf (文件ID: file-fe-34c928a4a52c413b8146c130)
2026-04-21 14:15:08,021 - __main___file_only - INFO - 上传文件: 920414-2026-04-20-欧普泰-2025年年度报告_mgsy.pdf (大小: 0.67 MB, ID: file-fe-34c928a4a52c413b8146c130)
2026-04-21 14:15:08,022 - __main___file_only - INFO - 找到数据: 688529 2026-04-21 (3条)
2026-04-21 14:15:08,022 - __main__ - INFO - 处理成功: 688529-2026-04-21
2026-04-21 14:15:08,022 - __main___file_only - INFO - 处理成功: C:\Users\chenkk\Desktop\新建文件夹\688529-2026-04-21-豪森智能-豪森智能2025年年度报告.pdf (耗时: 29.20秒)
2026-04-21 14:15:08,023 - __main__ - INFO - 开始处理: C:\Users\chenkk\Desktop\新建文件夹\920414-2026-04-20-欧普泰-2025年年度报告.pdf
2026-04-21 14:15:08,476 - httpx - INFO - HTTP Request: DELETE https://dashscope.aliyuncs.com/compatible-mode/v1/files/file-fe-92b38d80b55040b290fd7b35 "HTTP/1.1 200 OK"
2026-04-21 14:15:08,556 - httpx - INFO - HTTP Request: POST https://dashscope.aliyuncs.com/compatible-mode/v1/chat/completions "HTTP/1.1 200 OK"
2026-04-21 14:15:08,622 - __main___file_only - INFO - 找到数据: 688739 2026-04-21 (3条)
2026-04-21 14:15:08,622 - __main__ - INFO - 处理成功: 688739-2026-04-21
2026-04-21 14:15:08,622 - __main___file_only - INFO - 处理成功: C:\Users\chenkk\Desktop\新建文件夹\688739-2026-04-21-成大生物-辽宁成大生物股份有限公司2025年年度报告.pdf (耗时: 28.22秒)
2026-04-21 14:15:08,648 - httpx - INFO - HTTP Request: DELETE https://dashscope.aliyuncs.com/compatible-mode/v1/files/file-fe-55234a2a9e9344669fec4b05 "HTTP/1.1 200 OK"
2026-04-21 14:15:09,199 - httpx - INFO - HTTP Request: DELETE https://dashscope.aliyuncs.com/compatible-mode/v1/files/file-fe-7fdf7987eaa4459488b4eef9 "HTTP/1.1 200 OK"
2026-04-21 14:15:09,365 - httpx - INFO - HTTP Request: DELETE https://dashscope.aliyuncs.com/compatible-mode/v1/files/file-fe-54df0a1d9e024d51a7758649 "HTTP/1.1 200 OK"
2026-04-21 14:15:09,398 - httpx - INFO - HTTP Request: POST https://dashscope.aliyuncs.com/compatible-mode/v1/chat/completions "HTTP/1.1 200 OK"
2026-04-21 14:15:09,737 - httpx - INFO - HTTP Request: DELETE https://dashscope.aliyuncs.com/compatible-mode/v1/files/file-fe-769475cde98f4f62b963dbe0 "HTTP/1.1 200 OK"
2026-04-21 14:15:10,089 - httpx - INFO - HTTP Request: POST https://dashscope.aliyuncs.com/compatible-mode/v1/files "HTTP/1.1 200 OK"
2026-04-21 14:15:10,089 - ai_service_enhanced - INFO - 文件上传成功: C:\Users\chenkk\Desktop\新建文件夹\920454-2026-04-20-同心传动-2025年年度报告.pdf (文件ID: file-fe-58fd044af08045ada47db4a6)
2026-04-21 14:15:10,089 - __main___file_only - INFO - 上传文件: 920454-2026-04-20-同心传动-2025年年度报告.pdf (大小: 0.34 MB, ID: file-fe-58fd044af08045ada47db4a6)
2026-04-21 14:15:10,141 - httpx - INFO - HTTP Request: POST https://dashscope.aliyuncs.com/compatible-mode/v1/files "HTTP/1.1 200 OK"
2026-04-21 14:15:10,141 - ai_service_enhanced - INFO - 文件上传成功: C:\Users\chenkk\Desktop\新建文件夹\净资产收益率和每股收益\920454-2026-04-20-同心传动-2025年年度报告_mgsy.pdf (文件ID: file-fe-93474fd4c02e4acb85bab778)
2026-04-21 14:15:10,142 - __main___file_only - INFO - 上传文件: 920454-2026-04-20-同心传动-2025年年度报告_mgsy.pdf (大小: 0.33 MB, ID: file-fe-93474fd4c02e4acb85bab778)
2026-04-21 14:15:10,391 - __main__ - INFO - 开始处理: C:\Users\chenkk\Desktop\新建文件夹\920454-2026-04-20-同心传动-2025年年度报告.pdf
2026-04-21 14:15:11,145 - httpx - INFO - HTTP Request: POST https://dashscope.aliyuncs.com/compatible-mode/v1/chat/completions "HTTP/1.1 200 OK"
2026-04-21 14:15:11,218 - __main___file_only - INFO - 找到数据: 688777 2026-04-21 (3条)
2026-04-21 14:15:11,218 - __main__ - INFO - 处理成功: 688777-2026-04-21
2026-04-21 14:15:11,218 - __main___file_only - INFO - 处理成功: C:\Users\chenkk\Desktop\新建文件夹\688777-2026-04-21-中控技术-中控技术股份有限公司2025年年度报告.pdf (耗时: 28.81秒)
2026-04-21 14:15:11,918 - httpx - INFO - HTTP Request: DELETE https://dashscope.aliyuncs.com/compatible-mode/v1/files/file-fe-6237c3c6a1c746d1aaacc79d "HTTP/1.1 200 OK"
2026-04-21 14:15:12,191 - httpx - INFO - HTTP Request: POST https://dashscope.aliyuncs.com/compatible-mode/v1/files "HTTP/1.1 200 OK"
2026-04-21 14:15:12,192 - ai_service_enhanced - INFO - 文件上传成功: C:\Users\chenkk\Desktop\新建文件夹\净资产收益率和每股收益\920718-2026-04-20-合肥高科-2025年年度报告_mgsy.pdf (文件ID: file-fe-8194d4e242e54634b35e4134)
2026-04-21 14:15:12,192 - __main___file_only - INFO - 上传文件: 920718-2026-04-20-合肥高科-2025年年度报告_mgsy.pdf (大小: 0.25 MB, ID: file-fe-8194d4e242e54634b35e4134)
2026-04-21 14:15:12,218 - httpx - INFO - HTTP Request: POST https://dashscope.aliyuncs.com/compatible-mode/v1/files "HTTP/1.1 200 OK"
2026-04-21 14:15:12,218 - ai_service_enhanced - INFO - 文件上传成功: C:\Users\chenkk\Desktop\新建文件夹\920718-2026-04-20-合肥高科-2025年年度报告.pdf (文件ID: file-fe-7c8f2acc4dc54841b03384fd)
2026-04-21 14:15:12,218 - __main___file_only - INFO - 上传文件: 920718-2026-04-20-合肥高科-2025年年度报告.pdf (大小: 0.71 MB, ID: file-fe-7c8f2acc4dc54841b03384fd)
2026-04-21 14:15:12,219 - __main__ - INFO - 开始处理: C:\Users\chenkk\Desktop\新建文件夹\920718-2026-04-20-合肥高科-2025年年度报告.pdf
2026-04-21 14:15:12,414 - httpx - INFO - HTTP Request: POST https://dashscope.aliyuncs.com/compatible-mode/v1/chat/completions "HTTP/1.1 200 OK"
2026-04-21 14:15:12,501 - httpx - INFO - HTTP Request: DELETE https://dashscope.aliyuncs.com/compatible-mode/v1/files/file-fe-25dfa0219e334fc7ae41afab "HTTP/1.1 200 OK"
2026-04-21 14:15:13,564 - httpx - INFO - HTTP Request: POST https://dashscope.aliyuncs.com/compatible-mode/v1/chat/completions "HTTP/1.1 200 OK"
2026-04-21 14:15:13,631 - __main___file_only - INFO - 找到数据: 920056 2026-04-20 (3条)
2026-04-21 14:15:13,632 - __main__ - INFO - 处理成功: 920056-2026-04-20
2026-04-21 14:15:13,632 - __main___file_only - INFO - 处理成功: C:\Users\chenkk\Desktop\新建文件夹\920056-2026-04-20-能之光-2025年年度报告.pdf (耗时: 22.22秒)
2026-04-21 14:15:14,257 - httpx - INFO - HTTP Request: DELETE https://dashscope.aliyuncs.com/compatible-mode/v1/files/file-fe-5d0315fb68a54cffbaa82db2 "HTTP/1.1 200 OK"
2026-04-21 14:15:14,355 - httpx - INFO - HTTP Request: POST https://dashscope.aliyuncs.com/compatible-mode/v1/chat/completions "HTTP/1.1 200 OK"
2026-04-21 14:15:14,401 - httpx - INFO - HTTP Request: POST https://dashscope.aliyuncs.com/compatible-mode/v1/files "HTTP/1.1 200 OK"
2026-04-21 14:15:14,402 - ai_service_enhanced - INFO - 文件上传成功: C:\Users\chenkk\Desktop\新建文件夹\920751-2026-04-20-惠同新材-2025年年度报告.pdf (文件ID: file-fe-4622b2a90ef54c52adfcca6f)
2026-04-21 14:15:14,402 - __main___file_only - INFO - 上传文件: 920751-2026-04-20-惠同新材-2025年年度报告.pdf (大小: 0.42 MB, ID: file-fe-4622b2a90ef54c52adfcca6f)
2026-04-21 14:15:14,425 - __main___file_only - INFO - 找到数据: 688799 2026-04-21 (3条)
2026-04-21 14:15:14,425 - __main__ - INFO - 处理成功: 688799-2026-04-21
2026-04-21 14:15:14,425 - __main___file_only - INFO - 处理成功: C:\Users\chenkk\Desktop\新建文件夹\688799-2026-04-21-华纳药厂-2025年年度报告.pdf (耗时: 27.75秒)
2026-04-21 14:15:14,466 - httpx - INFO - HTTP Request: POST https://dashscope.aliyuncs.com/compatible-mode/v1/files "HTTP/1.1 200 OK"
2026-04-21 14:15:14,467 - ai_service_enhanced - INFO - 文件上传成功: C:\Users\chenkk\Desktop\新建文件夹\净资产收益率和每股收益\920751-2026-04-20-惠同新材-2025年年度报告_mgsy.pdf (文件ID: file-fe-26c7a3d8e4ef43f09e3a94e0)
2026-04-21 14:15:14,467 - __main___file_only - INFO - 上传文件: 920751-2026-04-20-惠同新材-2025年年度报告_mgsy.pdf (大小: 0.26 MB, ID: file-fe-26c7a3d8e4ef43f09e3a94e0)
2026-04-21 14:15:14,479 - __main__ - INFO - 开始处理: C:\Users\chenkk\Desktop\新建文件夹\920751-2026-04-20-惠同新材-2025年年度报告.pdf
2026-04-21 14:15:14,979 - httpx - INFO - HTTP Request: DELETE https://dashscope.aliyuncs.com/compatible-mode/v1/files/file-fe-d69a3daa7b784b618de4789d "HTTP/1.1 200 OK"
2026-04-21 14:15:15,150 - httpx - INFO - HTTP Request: DELETE https://dashscope.aliyuncs.com/compatible-mode/v1/files/file-fe-c131823128a24f6bb389f15c "HTTP/1.1 200 OK"
2026-04-21 14:15:15,274 - httpx - INFO - HTTP Request: POST https://dashscope.aliyuncs.com/compatible-mode/v1/chat/completions "HTTP/1.1 200 OK"
2026-04-21 14:15:15,685 - httpx - INFO - HTTP Request: POST https://dashscope.aliyuncs.com/compatible-mode/v1/chat/completions "HTTP/1.1 200 OK"
2026-04-21 14:15:15,740 - httpx - INFO - HTTP Request: DELETE https://dashscope.aliyuncs.com/compatible-mode/v1/files/file-fe-4222294bea8044cca113a7b1 "HTTP/1.1 200 OK"
2026-04-21 14:15:15,751 - __main___file_only - INFO - 找到数据: 688800 2026-04-21 (3条)
2026-04-21 14:15:15,751 - __main__ - INFO - 处理成功: 688800-2026-04-21
2026-04-21 14:15:15,751 - __main___file_only - INFO - 处理成功: C:\Users\chenkk\Desktop\新建文件夹\688800-2026-04-21-瑞可达-2025年年度报告.pdf (耗时: 26.44秒)
2026-04-21 14:15:15,785 - httpx - INFO - HTTP Request: POST https://dashscope.aliyuncs.com/compatible-mode/v1/chat/completions "HTTP/1.1 200 OK"
2026-04-21 14:15:15,848 - __main___file_only - INFO - 找到数据: 688783 2026-04-21 (3条)
2026-04-21 14:15:15,848 - __main__ - INFO - 处理成功: 688783-2026-04-21
2026-04-21 14:15:15,848 - __main___file_only - INFO - 处理成功: C:\Users\chenkk\Desktop\新建文件夹\688783-2026-04-21-西安奕材-2025年年度报告.pdf (耗时: 31.18秒)
2026-04-21 14:15:16,431 - httpx - INFO - HTTP Request: DELETE https://dashscope.aliyuncs.com/compatible-mode/v1/files/file-fe-aa400d91cbc443cbb95910ed "HTTP/1.1 200 OK"
2026-04-21 14:15:16,491 - httpx - INFO - HTTP Request: DELETE https://dashscope.aliyuncs.com/compatible-mode/v1/files/file-fe-d192c6a2912a46dda005a889 "HTTP/1.1 200 OK"
2026-04-21 14:15:16,532 - httpx - INFO - HTTP Request: POST https://dashscope.aliyuncs.com/compatible-mode/v1/files "HTTP/1.1 200 OK"
2026-04-21 14:15:16,533 - ai_service_enhanced - INFO - 文件上传成功: C:\Users\chenkk\Desktop\新建文件夹\920786-2026-04-20-骑士乳业-2025年年度报告.pdf (文件ID: file-fe-98b78018d91e44418d961b4a)
2026-04-21 14:15:16,533 - __main___file_only - INFO - 上传文件: 920786-2026-04-20-骑士乳业-2025年年度报告.pdf (大小: 0.43 MB, ID: file-fe-98b78018d91e44418d961b4a)
2026-04-21 14:15:16,665 - httpx - INFO - HTTP Request: POST https://dashscope.aliyuncs.com/compatible-mode/v1/files "HTTP/1.1 200 OK"
2026-04-21 14:15:16,666 - ai_service_enhanced - INFO - 文件上传成功: C:\Users\chenkk\Desktop\新建文件夹\净资产收益率和每股收益\920786-2026-04-20-骑士乳业-2025年年度报告_mgsy.pdf (文件ID: file-fe-57f3b8be31c54e5c809bef00)
2026-04-21 14:15:16,666 - __main___file_only - INFO - 上传文件: 920786-2026-04-20-骑士乳业-2025年年度报告_mgsy.pdf (大小: 0.33 MB, ID: file-fe-57f3b8be31c54e5c809bef00)
2026-04-21 14:15:16,839 - __main__ - INFO - 开始处理: C:\Users\chenkk\Desktop\新建文件夹\920786-2026-04-20-骑士乳业-2025年年度报告.pdf
2026-04-21 14:15:16,967 - httpx - INFO - HTTP Request: POST https://dashscope.aliyuncs.com/compatible-mode/v1/chat/completions "HTTP/1.1 200 OK"
2026-04-21 14:15:17,240 - httpx - INFO - HTTP Request: DELETE https://dashscope.aliyuncs.com/compatible-mode/v1/files/file-fe-bc07bf7667534542af4a507b "HTTP/1.1 200 OK"
2026-04-21 14:15:17,241 - httpx - INFO - HTTP Request: DELETE https://dashscope.aliyuncs.com/compatible-mode/v1/files/file-fe-ae59e6c7e0194af98e271ace "HTTP/1.1 200 OK"
2026-04-21 14:15:17,587 - httpx - INFO - HTTP Request: POST https://dashscope.aliyuncs.com/compatible-mode/v1/chat/completions "HTTP/1.1 200 OK"
2026-04-21 14:15:18,640 - httpx - INFO - HTTP Request: POST https://dashscope.aliyuncs.com/compatible-mode/v1/files "HTTP/1.1 200 OK"
2026-04-21 14:15:18,640 - ai_service_enhanced - INFO - 文件上传成功: C:\Users\chenkk\Desktop\新建文件夹\净资产收益率和每股收益\920839-2026-04-20-万通液压-2025年年度报告_mgsy.pdf (文件ID: file-fe-787ddff9e4ef4ddfb2454b12)
2026-04-21 14:15:18,641 - __main___file_only - INFO - 上传文件: 920839-2026-04-20-万通液压-2025年年度报告_mgsy.pdf (大小: 0.40 MB, ID: file-fe-787ddff9e4ef4ddfb2454b12)
2026-04-21 14:15:18,659 - httpx - INFO - HTTP Request: POST https://dashscope.aliyuncs.com/compatible-mode/v1/chat/completions "HTTP/1.1 200 OK"
2026-04-21 14:15:18,711 - httpx - INFO - HTTP Request: POST https://dashscope.aliyuncs.com/compatible-mode/v1/files "HTTP/1.1 200 OK"
2026-04-21 14:15:18,711 - ai_service_enhanced - INFO - 文件上传成功: C:\Users\chenkk\Desktop\新建文件夹\920839-2026-04-20-万通液压-2025年年度报告.pdf (文件ID: file-fe-4841a7af64ed4550a177d516)
2026-04-21 14:15:18,711 - __main___file_only - INFO - 上传文件: 920839-2026-04-20-万通液压-2025年年度报告.pdf (大小: 0.79 MB, ID: file-fe-4841a7af64ed4550a177d516)
2026-04-21 14:15:18,861 - __main__ - INFO - 开始处理: C:\Users\chenkk\Desktop\新建文件夹\920839-2026-04-20-万通液压-2025年年度报告.pdf
2026-04-21 14:15:20,802 - httpx - INFO - HTTP Request: POST https://dashscope.aliyuncs.com/compatible-mode/v1/chat/completions "HTTP/1.1 200 OK"
2026-04-21 14:15:23,865 - httpx - INFO - HTTP Request: POST https://dashscope.aliyuncs.com/compatible-mode/v1/chat/completions "HTTP/1.1 200 OK"
2026-04-21 14:15:23,934 - __main___file_only - INFO - 找到数据: 920121 2026-04-20 (3条)
2026-04-21 14:15:23,934 - __main__ - INFO - 处理成功: 920121-2026-04-20
2026-04-21 14:15:23,934 - __main___file_only - INFO - 处理成功: C:\Users\chenkk\Desktop\新建文件夹\920121-2026-04-20-江天科技-2025年年度报告.pdf (耗时: 26.65秒)
2026-04-21 14:15:24,339 - httpx - INFO - HTTP Request: POST https://dashscope.aliyuncs.com/compatible-mode/v1/chat/completions "HTTP/1.1 200 OK"
2026-04-21 14:15:24,407 - __main___file_only - INFO - 找到数据: 920082 2026-04-20 (3条)
2026-04-21 14:15:24,407 - __main__ - INFO - 处理成功: 920082-2026-04-20
2026-04-21 14:15:24,408 - __main___file_only - INFO - 处理成功: C:\Users\chenkk\Desktop\新建文件夹\920082-2026-04-20-方正阀门-2025年年度报告.pdf (耗时: 31.26秒)
2026-04-21 14:15:24,546 - httpx - INFO - HTTP Request: POST https://dashscope.aliyuncs.com/compatible-mode/v1/chat/completions "HTTP/1.1 200 OK"
2026-04-21 14:15:24,606 - __main___file_only - INFO - 找到数据: 920089 2026-04-20 (3条)
2026-04-21 14:15:24,607 - __main__ - INFO - 处理成功: 920089-2026-04-20
2026-04-21 14:15:24,607 - __main___file_only - INFO - 处理成功: C:\Users\chenkk\Desktop\新建文件夹\920089-2026-04-20-禾昌聚合-2025年年度报告.pdf (耗时: 29.40秒)
2026-04-21 14:15:24,675 - httpx - INFO - HTTP Request: DELETE https://dashscope.aliyuncs.com/compatible-mode/v1/files/file-fe-926e43e06ca4423a91f8cab3 "HTTP/1.1 200 OK"
2026-04-21 14:15:25,087 - httpx - INFO - HTTP Request: DELETE https://dashscope.aliyuncs.com/compatible-mode/v1/files/file-fe-d4bfa1626ee24f159368c293 "HTTP/1.1 200 OK"
2026-04-21 14:15:25,216 - httpx - INFO - HTTP Request: DELETE https://dashscope.aliyuncs.com/compatible-mode/v1/files/file-fe-d2d02b8861e04598867001d6 "HTTP/1.1 200 OK"
2026-04-21 14:15:25,277 - httpx - INFO - HTTP Request: DELETE https://dashscope.aliyuncs.com/compatible-mode/v1/files/file-fe-cac0a035f6b347be971ef966 "HTTP/1.1 200 OK"
2026-04-21 14:15:25,492 - httpx - INFO - HTTP Request: POST https://dashscope.aliyuncs.com/compatible-mode/v1/chat/completions "HTTP/1.1 200 OK"
2026-04-21 14:15:25,857 - httpx - INFO - HTTP Request: DELETE https://dashscope.aliyuncs.com/compatible-mode/v1/files/file-fe-2988b8e464a34d13a2cbee86 "HTTP/1.1 200 OK"
2026-04-21 14:15:25,879 - httpx - INFO - HTTP Request: DELETE https://dashscope.aliyuncs.com/compatible-mode/v1/files/file-fe-08c4369ce9364bbaa3f2d621 "HTTP/1.1 200 OK"
2026-04-21 14:15:26,518 - httpx - INFO - HTTP Request: POST https://dashscope.aliyuncs.com/compatible-mode/v1/chat/completions "HTTP/1.1 200 OK"
2026-04-21 14:15:26,589 - __main___file_only - INFO - 找到数据: 920128 2026-04-20 (3条)
2026-04-21 14:15:26,589 - __main__ - INFO - 处理成功: 920128-2026-04-20
2026-04-21 14:15:26,589 - __main___file_only - INFO - 处理成功: C:\Users\chenkk\Desktop\新建文件夹\920128-2026-04-20-胜业电气-2025年年度报告.pdf (耗时: 27.05秒)
2026-04-21 14:15:27,181 - httpx - INFO - HTTP Request: DELETE https://dashscope.aliyuncs.com/compatible-mode/v1/files/file-fe-effbe88c0f28413da6dbea1e "HTTP/1.1 200 OK"
2026-04-21 14:15:27,840 - httpx - INFO - HTTP Request: DELETE https://dashscope.aliyuncs.com/compatible-mode/v1/files/file-fe-a1429ca70ab04bf5aa7468b2 "HTTP/1.1 200 OK"
2026-04-21 14:15:30,729 - httpx - INFO - HTTP Request: POST https://dashscope.aliyuncs.com/compatible-mode/v1/chat/completions "HTTP/1.1 200 OK"
2026-04-21 14:15:30,794 - __main___file_only - INFO - 找到数据: 920166 2026-04-20 (3条)
2026-04-21 14:15:30,794 - __main__ - INFO - 处理成功: 920166-2026-04-20
2026-04-21 14:15:30,794 - __main___file_only - INFO - 处理成功: C:\Users\chenkk\Desktop\新建文件夹\920166-2026-04-20-海圣医疗-2025年年度报告.pdf (耗时: 28.89秒)
2026-04-21 14:15:31,517 - httpx - INFO - HTTP Request: DELETE https://dashscope.aliyuncs.com/compatible-mode/v1/files/file-fe-7f6fd855cd2845bdbfa8cf10 "HTTP/1.1 200 OK"
2026-04-21 14:15:32,166 - httpx - INFO - HTTP Request: DELETE https://dashscope.aliyuncs.com/compatible-mode/v1/files/file-fe-d106af9f2bd443b0a5ae685a "HTTP/1.1 200 OK"
2026-04-21 14:15:32,294 - httpx - INFO - HTTP Request: POST https://dashscope.aliyuncs.com/compatible-mode/v1/chat/completions "HTTP/1.1 200 OK"
2026-04-21 14:15:32,358 - __main___file_only - INFO - 找到数据: 920175 2026-04-20 (3条)
2026-04-21 14:15:32,359 - __main__ - INFO - 处理成功: 920175-2026-04-20
2026-04-21 14:15:32,359 - __main___file_only - INFO - 处理成功: C:\Users\chenkk\Desktop\新建文件夹\920175-2026-04-20-东方碳素-2025年年度报告.pdf (耗时: 28.67秒)
2026-04-21 14:15:33,043 - httpx - INFO - HTTP Request: DELETE https://dashscope.aliyuncs.com/compatible-mode/v1/files/file-fe-a0ada75007864346920dc1a4 "HTTP/1.1 200 OK"
2026-04-21 14:15:33,725 - httpx - INFO - HTTP Request: DELETE https://dashscope.aliyuncs.com/compatible-mode/v1/files/file-fe-e0fac651f4274f83a658f531 "HTTP/1.1 200 OK"
2026-04-21 14:15:34,026 - httpx - INFO - HTTP Request: POST https://dashscope.aliyuncs.com/compatible-mode/v1/chat/completions "HTTP/1.1 200 OK"
2026-04-21 14:15:34,218 - __main___file_only - INFO - 找到数据: 920304 2026-04-20 (3条)
2026-04-21 14:15:34,218 - __main__ - INFO - 处理成功: 920304-2026-04-20
2026-04-21 14:15:34,218 - __main___file_only - INFO - 处理成功: C:\Users\chenkk\Desktop\新建文件夹\920304-2026-04-20-迪尔化工-2025年年度报告.pdf (耗时: 28.27秒)
2026-04-21 14:15:34,787 - httpx - INFO - HTTP Request: DELETE https://dashscope.aliyuncs.com/compatible-mode/v1/files/file-fe-67d76cd6f4684364b38f8f96 "HTTP/1.1 200 OK"
2026-04-21 14:15:35,332 - httpx - INFO - HTTP Request: DELETE https://dashscope.aliyuncs.com/compatible-mode/v1/files/file-fe-52fcac984ef645eb8cb42a30 "HTTP/1.1 200 OK"
2026-04-21 14:15:37,422 - httpx - INFO - HTTP Request: POST https://dashscope.aliyuncs.com/compatible-mode/v1/chat/completions "HTTP/1.1 200 OK"
2026-04-21 14:15:37,444 - httpx - INFO - HTTP Request: POST https://dashscope.aliyuncs.com/compatible-mode/v1/chat/completions "HTTP/1.1 200 OK"
2026-04-21 14:15:37,489 - __main___file_only - INFO - 找到数据: 920454 2026-04-20 (3条)
2026-04-21 14:15:37,490 - __main__ - INFO - 处理成功: 920454-2026-04-20
2026-04-21 14:15:37,490 - __main___file_only - INFO - 处理成功: C:\Users\chenkk\Desktop\新建文件夹\920454-2026-04-20-同心传动-2025年年度报告.pdf (耗时: 27.10秒)
2026-04-21 14:15:37,508 - __main___file_only - INFO - 找到数据: 920414 2026-04-20 (3条)
2026-04-21 14:15:37,509 - __main__ - INFO - 处理成功: 920414-2026-04-20
2026-04-21 14:15:37,509 - __main___file_only - INFO - 处理成功: C:\Users\chenkk\Desktop\新建文件夹\920414-2026-04-20-欧普泰-2025年年度报告.pdf (耗时: 29.49秒)
2026-04-21 14:15:38,133 - httpx - INFO - HTTP Request: DELETE https://dashscope.aliyuncs.com/compatible-mode/v1/files/file-fe-37178d315e924bf9af64d6b6 "HTTP/1.1 200 OK"
2026-04-21 14:15:38,264 - httpx - INFO - HTTP Request: DELETE https://dashscope.aliyuncs.com/compatible-mode/v1/files/file-fe-58fd044af08045ada47db4a6 "HTTP/1.1 200 OK"
2026-04-21 14:15:38,760 - httpx - INFO - HTTP Request: DELETE https://dashscope.aliyuncs.com/compatible-mode/v1/files/file-fe-34c928a4a52c413b8146c130 "HTTP/1.1 200 OK"
2026-04-21 14:15:38,959 - httpx - INFO - HTTP Request: DELETE https://dashscope.aliyuncs.com/compatible-mode/v1/files/file-fe-93474fd4c02e4acb85bab778 "HTTP/1.1 200 OK"
2026-04-21 14:15:39,945 - httpx - INFO - HTTP Request: POST https://dashscope.aliyuncs.com/compatible-mode/v1/chat/completions "HTTP/1.1 200 OK"
2026-04-21 14:15:40,010 - __main___file_only - INFO - 找到数据: 920718 2026-04-20 (3条)
2026-04-21 14:15:40,010 - __main__ - INFO - 处理成功: 920718-2026-04-20
2026-04-21 14:15:40,010 - __main___file_only - INFO - 处理成功: C:\Users\chenkk\Desktop\新建文件夹\920718-2026-04-20-合肥高科-2025年年度报告.pdf (耗时: 27.79秒)
2026-04-21 14:15:40,767 - httpx - INFO - HTTP Request: DELETE https://dashscope.aliyuncs.com/compatible-mode/v1/files/file-fe-8194d4e242e54634b35e4134 "HTTP/1.1 200 OK"
2026-04-21 14:15:40,861 - httpx - INFO - HTTP Request: POST https://dashscope.aliyuncs.com/compatible-mode/v1/chat/completions "HTTP/1.1 200 OK"
2026-04-21 14:15:40,930 - __main___file_only - INFO - 找到数据: 920751 2026-04-20 (3条)
2026-04-21 14:15:40,931 - __main__ - INFO - 处理成功: 920751-2026-04-20
2026-04-21 14:15:40,931 - __main___file_only - INFO - 处理成功: C:\Users\chenkk\Desktop\新建文件夹\920751-2026-04-20-惠同新材-2025年年度报告.pdf (耗时: 26.45秒)
2026-04-21 14:15:41,455 - httpx - INFO - HTTP Request: DELETE https://dashscope.aliyuncs.com/compatible-mode/v1/files/file-fe-7c8f2acc4dc54841b03384fd "HTTP/1.1 200 OK"
2026-04-21 14:15:41,580 - httpx - INFO - HTTP Request: DELETE https://dashscope.aliyuncs.com/compatible-mode/v1/files/file-fe-4622b2a90ef54c52adfcca6f "HTTP/1.1 200 OK"
2026-04-21 14:15:42,208 - httpx - INFO - HTTP Request: DELETE https://dashscope.aliyuncs.com/compatible-mode/v1/files/file-fe-26c7a3d8e4ef43f09e3a94e0 "HTTP/1.1 200 OK"
2026-04-21 14:15:43,892 - httpx - INFO - HTTP Request: POST https://dashscope.aliyuncs.com/compatible-mode/v1/chat/completions "HTTP/1.1 200 OK"
2026-04-21 14:15:43,972 - __main___file_only - INFO - 找到数据: 920786 2026-04-20 (3条)
2026-04-21 14:15:43,972 - __main__ - INFO - 处理成功: 920786-2026-04-20
2026-04-21 14:15:43,972 - __main___file_only - INFO - 处理成功: C:\Users\chenkk\Desktop\新建文件夹\920786-2026-04-20-骑士乳业-2025年年度报告.pdf (耗时: 27.13秒)
2026-04-21 14:15:44,568 - httpx - INFO - HTTP Request: DELETE https://dashscope.aliyuncs.com/compatible-mode/v1/files/file-fe-98b78018d91e44418d961b4a "HTTP/1.1 200 OK"
2026-04-21 14:15:45,154 - httpx - INFO - HTTP Request: DELETE https://dashscope.aliyuncs.com/compatible-mode/v1/files/file-fe-57f3b8be31c54e5c809bef00 "HTTP/1.1 200 OK"
2026-04-21 14:15:49,215 - httpx - INFO - HTTP Request: POST https://dashscope.aliyuncs.com/compatible-mode/v1/chat/completions "HTTP/1.1 200 OK"
2026-04-21 14:15:49,280 - __main___file_only - INFO - 找到数据: 920839 2026-04-20 (3条)
2026-04-21 14:15:49,281 - __main__ - INFO - 处理成功: 920839-2026-04-20
2026-04-21 14:15:49,281 - __main___file_only - INFO - 处理成功: C:\Users\chenkk\Desktop\新建文件夹\920839-2026-04-20-万通液压-2025年年度报告.pdf (耗时: 30.42秒)
2026-04-21 14:15:49,902 - httpx - INFO - HTTP Request: DELETE https://dashscope.aliyuncs.com/compatible-mode/v1/files/file-fe-787ddff9e4ef4ddfb2454b12 "HTTP/1.1 200 OK"
2026-04-21 14:15:50,486 - httpx - INFO - HTTP Request: DELETE https://dashscope.aliyuncs.com/compatible-mode/v1/files/file-fe-4841a7af64ed4550a177d516 "HTTP/1.1 200 OK"
2026-04-21 14:15:50,540 - __main__ - INFO - 开始关闭线程池...
2026-04-21 14:15:50,563 - __main__ - INFO - 所有线程池已关闭
2026-04-21 14:15:50,727 - __main__ - INFO - 程序执行完成 - 总耗时: 0:08:38.600526
