2026-04-17 07:08:59,047 - __main__ - INFO - 程序开始执行 - 目录: C:\Users\chenkk\Desktop\新建文件夹, 模块一文件数量: 123, 模块二文件数量: 121
2026-04-17 07:08:59,051 - __main__ - INFO - 文件配对完成: 模块一文件 123 个, 模块二文件 121 个, 配对结果 123 组
2026-04-17 07:09:00,357 - httpx - INFO - HTTP Request: POST https://dashscope.aliyuncs.com/compatible-mode/v1/files "HTTP/1.1 200 OK"
2026-04-17 07:09:00,359 - ai_service_enhanced - INFO - 文件上传成功: C:\Users\chenkk\Desktop\新建文件夹\000027-2026-04-17-深圳能源-2025年年度报告.pdf (文件ID: file-fe-bcb7d19381cb4d6f8c81ad67)
2026-04-17 07:09:00,360 - __main___file_only - INFO - 上传文件: 000027-2026-04-17-深圳能源-2025年年度报告.pdf (大小: 0.46 MB, ID: file-fe-bcb7d19381cb4d6f8c81ad67)
2026-04-17 07:09:00,626 - httpx - INFO - HTTP Request: POST https://dashscope.aliyuncs.com/compatible-mode/v1/files "HTTP/1.1 200 OK"
2026-04-17 07:09:00,627 - ai_service_enhanced - INFO - 文件上传成功: C:\Users\chenkk\Desktop\新建文件夹\净资产收益率和每股收益\000027-2026-04-17-深圳能源-2025年年度报告_mgsy.pdf (文件ID: file-fe-d13f788090aa4ab9803422fa)
2026-04-17 07:09:00,627 - __main___file_only - INFO - 上传文件: 000027-2026-04-17-深圳能源-2025年年度报告_mgsy.pdf (大小: 1.07 MB, ID: file-fe-d13f788090aa4ab9803422fa)
2026-04-17 07:09:00,713 - __main__ - INFO - 开始处理: C:\Users\chenkk\Desktop\新建文件夹\000027-2026-04-17-深圳能源-2025年年度报告.pdf
2026-04-17 07:09:00,827 - httpx - INFO - HTTP Request: POST https://dashscope.aliyuncs.com/compatible-mode/v1/files "HTTP/1.1 200 OK"
2026-04-17 07:09:00,828 - ai_service_enhanced - INFO - 文件上传成功: C:\Users\chenkk\Desktop\新建文件夹\000151-2026-04-17-中成股份-2025年年度报告.pdf (文件ID: file-fe-50d82e20bb314a14896c0247)
2026-04-17 07:09:00,828 - __main___file_only - INFO - 上传文件: 000151-2026-04-17-中成股份-2025年年度报告.pdf (大小: 0.27 MB, ID: file-fe-50d82e20bb314a14896c0247)
2026-04-17 07:09:01,470 - httpx - INFO - HTTP Request: POST https://dashscope.aliyuncs.com/compatible-mode/v1/files "HTTP/1.1 200 OK"
2026-04-17 07:09:01,471 - ai_service_enhanced - INFO - 文件上传成功: C:\Users\chenkk\Desktop\新建文件夹\净资产收益率和每股收益\000151-2026-04-17-中成股份-2025年年度报告_mgsy.pdf (文件ID: file-fe-8c6bed0c5bd446bd9cccbf06)
2026-04-17 07:09:01,471 - __main___file_only - INFO - 上传文件: 000151-2026-04-17-中成股份-2025年年度报告_mgsy.pdf (大小: 0.27 MB, ID: file-fe-8c6bed0c5bd446bd9cccbf06)
2026-04-17 07:09:01,507 - __main__ - INFO - 开始处理: C:\Users\chenkk\Desktop\新建文件夹\000151-2026-04-17-中成股份-2025年年度报告.pdf
2026-04-17 07:09:02,163 - httpx - INFO - HTTP Request: POST https://dashscope.aliyuncs.com/compatible-mode/v1/files "HTTP/1.1 200 OK"
2026-04-17 07:09:02,164 - ai_service_enhanced - INFO - 文件上传成功: C:\Users\chenkk\Desktop\新建文件夹\000532-2026-04-17-华金资本-2025年年度报告.pdf (文件ID: file-fe-608d8d8ffcac48829cc0584a)
2026-04-17 07:09:02,164 - __main___file_only - INFO - 上传文件: 000532-2026-04-17-华金资本-2025年年度报告.pdf (大小: 0.30 MB, ID: file-fe-608d8d8ffcac48829cc0584a)
2026-04-17 07:09:02,634 - httpx - INFO - HTTP Request: POST https://dashscope.aliyuncs.com/compatible-mode/v1/files "HTTP/1.1 200 OK"
2026-04-17 07:09:02,635 - ai_service_enhanced - INFO - 文件上传成功: C:\Users\chenkk\Desktop\新建文件夹\净资产收益率和每股收益\000532-2026-04-17-华金资本-2025年年度报告_mgsy.pdf (文件ID: file-fe-2d7da348b67d4298a4479b2e)
2026-04-17 07:09:02,635 - __main___file_only - INFO - 上传文件: 000532-2026-04-17-华金资本-2025年年度报告_mgsy.pdf (大小: 0.32 MB, ID: file-fe-2d7da348b67d4298a4479b2e)
2026-04-17 07:09:02,825 - __main__ - INFO - 开始处理: C:\Users\chenkk\Desktop\新建文件夹\000532-2026-04-17-华金资本-2025年年度报告.pdf
2026-04-17 07:09:03,283 - httpx - INFO - HTTP Request: POST https://dashscope.aliyuncs.com/compatible-mode/v1/files "HTTP/1.1 200 OK"
2026-04-17 07:09:03,283 - ai_service_enhanced - INFO - 文件上传成功: C:\Users\chenkk\Desktop\新建文件夹\000541-2026-04-17-佛山照明-2025年年度报告.pdf (文件ID: file-fe-fdbd9d55f6e048e0a349d836)
2026-04-17 07:09:03,284 - __main___file_only - INFO - 上传文件: 000541-2026-04-17-佛山照明-2025年年度报告.pdf (大小: 0.34 MB, ID: file-fe-fdbd9d55f6e048e0a349d836)
2026-04-17 07:09:03,791 - httpx - INFO - HTTP Request: POST https://dashscope.aliyuncs.com/compatible-mode/v1/chat/completions "HTTP/1.1 200 OK"
2026-04-17 07:09:04,494 - httpx - INFO - HTTP Request: POST https://dashscope.aliyuncs.com/compatible-mode/v1/files "HTTP/1.1 200 OK"
2026-04-17 07:09:04,494 - ai_service_enhanced - INFO - 文件上传成功: C:\Users\chenkk\Desktop\新建文件夹\净资产收益率和每股收益\000541-2026-04-17-佛山照明-2025年年度报告_mgsy.pdf (文件ID: file-fe-bcac9c1d12d04cf287a2ac09)
2026-04-17 07:09:04,495 - __main___file_only - INFO - 上传文件: 000541-2026-04-17-佛山照明-2025年年度报告_mgsy.pdf (大小: 0.33 MB, ID: file-fe-bcac9c1d12d04cf287a2ac09)
2026-04-17 07:09:04,674 - __main__ - INFO - 开始处理: C:\Users\chenkk\Desktop\新建文件夹\000541-2026-04-17-佛山照明-2025年年度报告.pdf
2026-04-17 07:09:04,706 - httpx - INFO - HTTP Request: POST https://dashscope.aliyuncs.com/compatible-mode/v1/files "HTTP/1.1 200 OK"
2026-04-17 07:09:04,706 - ai_service_enhanced - INFO - 文件上传成功: C:\Users\chenkk\Desktop\新建文件夹\000581-2026-04-17-威孚高科-2025年年度报告.pdf (文件ID: file-fe-ed9c3b651a35462e88381a62)
2026-04-17 07:09:04,707 - __main___file_only - INFO - 上传文件: 000581-2026-04-17-威孚高科-2025年年度报告.pdf (大小: 0.42 MB, ID: file-fe-ed9c3b651a35462e88381a62)
2026-04-17 07:09:04,857 - httpx - INFO - HTTP Request: POST https://dashscope.aliyuncs.com/compatible-mode/v1/chat/completions "HTTP/1.1 200 OK"
2026-04-17 07:09:06,275 - httpx - INFO - HTTP Request: POST https://dashscope.aliyuncs.com/compatible-mode/v1/chat/completions "HTTP/1.1 200 OK"
2026-04-17 07:09:06,634 - httpx - INFO - HTTP Request: POST https://dashscope.aliyuncs.com/compatible-mode/v1/files "HTTP/1.1 200 OK"
2026-04-17 07:09:06,635 - ai_service_enhanced - INFO - 文件上传成功: C:\Users\chenkk\Desktop\新建文件夹\净资产收益率和每股收益\000581-2026-04-17-威孚高科-2025年年度报告_mgsy.pdf (文件ID: file-fe-3393f96e6d864881b3315169)
2026-04-17 07:09:06,635 - __main___file_only - INFO - 上传文件: 000581-2026-04-17-威孚高科-2025年年度报告_mgsy.pdf (大小: 0.41 MB, ID: file-fe-3393f96e6d864881b3315169)
2026-04-17 07:09:06,797 - __main__ - INFO - 开始处理: C:\Users\chenkk\Desktop\新建文件夹\000581-2026-04-17-威孚高科-2025年年度报告.pdf
2026-04-17 07:09:06,827 - httpx - INFO - HTTP Request: POST https://dashscope.aliyuncs.com/compatible-mode/v1/files "HTTP/1.1 200 OK"
2026-04-17 07:09:06,828 - ai_service_enhanced - INFO - 文件上传成功: C:\Users\chenkk\Desktop\新建文件夹\000652-2026-04-17-泰达股份-2025年年度报告.pdf (文件ID: file-fe-5d5136c16b7d468f854112ec)
2026-04-17 07:09:06,828 - __main___file_only - INFO - 上传文件: 000652-2026-04-17-泰达股份-2025年年度报告.pdf (大小: 0.36 MB, ID: file-fe-5d5136c16b7d468f854112ec)
2026-04-17 07:09:08,705 - httpx - INFO - HTTP Request: POST https://dashscope.aliyuncs.com/compatible-mode/v1/files "HTTP/1.1 200 OK"
2026-04-17 07:09:08,706 - ai_service_enhanced - INFO - 文件上传成功: C:\Users\chenkk\Desktop\新建文件夹\净资产收益率和每股收益\000652-2026-04-17-泰达股份-2025年年度报告_mgsy.pdf (文件ID: file-fe-bdeb2b1e71d1484495b6f6c6)
2026-04-17 07:09:08,706 - __main___file_only - INFO - 上传文件: 000652-2026-04-17-泰达股份-2025年年度报告_mgsy.pdf (大小: 0.36 MB, ID: file-fe-bdeb2b1e71d1484495b6f6c6)
2026-04-17 07:09:08,835 - httpx - INFO - HTTP Request: POST https://dashscope.aliyuncs.com/compatible-mode/v1/chat/completions "HTTP/1.1 200 OK"
2026-04-17 07:09:08,912 - __main__ - INFO - 开始处理: C:\Users\chenkk\Desktop\新建文件夹\000652-2026-04-17-泰达股份-2025年年度报告.pdf
2026-04-17 07:09:09,000 - httpx - INFO - HTTP Request: POST https://dashscope.aliyuncs.com/compatible-mode/v1/files "HTTP/1.1 200 OK"
2026-04-17 07:09:09,001 - ai_service_enhanced - INFO - 文件上传成功: C:\Users\chenkk\Desktop\新建文件夹\000668-2026-04-17-ST荣控-2025年年度报告.pdf (文件ID: file-fe-2d07193f36bf418b99e829eb)
2026-04-17 07:09:09,001 - __main___file_only - INFO - 上传文件: 000668-2026-04-17-ST荣控-2025年年度报告.pdf (大小: 0.28 MB, ID: file-fe-2d07193f36bf418b99e829eb)
2026-04-17 07:09:10,902 - httpx - INFO - HTTP Request: POST https://dashscope.aliyuncs.com/compatible-mode/v1/files "HTTP/1.1 200 OK"
2026-04-17 07:09:10,902 - ai_service_enhanced - INFO - 文件上传成功: C:\Users\chenkk\Desktop\新建文件夹\000719-2026-04-17-中原传媒-2025年年度报告.pdf (文件ID: file-fe-1020ecd9931941279a72f775)
2026-04-17 07:09:10,902 - __main___file_only - INFO - 上传文件: 000719-2026-04-17-中原传媒-2025年年度报告.pdf (大小: 0.48 MB, ID: file-fe-1020ecd9931941279a72f775)
2026-04-17 07:09:11,016 - httpx - INFO - HTTP Request: POST https://dashscope.aliyuncs.com/compatible-mode/v1/files "HTTP/1.1 200 OK"
2026-04-17 07:09:11,017 - ai_service_enhanced - INFO - 文件上传成功: C:\Users\chenkk\Desktop\新建文件夹\净资产收益率和每股收益\000668-2026-04-17-ST荣控-2025年年度报告_mgsy.pdf (文件ID: file-fe-e6783b4919304b23909c690b)
2026-04-17 07:09:11,017 - __main___file_only - INFO - 上传文件: 000668-2026-04-17-ST荣控-2025年年度报告_mgsy.pdf (大小: 0.27 MB, ID: file-fe-e6783b4919304b23909c690b)
2026-04-17 07:09:11,283 - __main__ - INFO - 开始处理: C:\Users\chenkk\Desktop\新建文件夹\000668-2026-04-17-ST荣控-2025年年度报告.pdf
2026-04-17 07:09:12,910 - httpx - INFO - HTTP Request: POST https://dashscope.aliyuncs.com/compatible-mode/v1/files "HTTP/1.1 200 OK"
2026-04-17 07:09:12,911 - ai_service_enhanced - INFO - 文件上传成功: C:\Users\chenkk\Desktop\新建文件夹\净资产收益率和每股收益\000719-2026-04-17-中原传媒-2025年年度报告_mgsy.pdf (文件ID: file-fe-e6bb9b801f574e0dbba358b3)
2026-04-17 07:09:12,911 - __main___file_only - INFO - 上传文件: 000719-2026-04-17-中原传媒-2025年年度报告_mgsy.pdf (大小: 0.47 MB, ID: file-fe-e6bb9b801f574e0dbba358b3)
2026-04-17 07:09:13,131 - __main__ - INFO - 开始处理: C:\Users\chenkk\Desktop\新建文件夹\000719-2026-04-17-中原传媒-2025年年度报告.pdf
2026-04-17 07:09:13,140 - httpx - INFO - HTTP Request: POST https://dashscope.aliyuncs.com/compatible-mode/v1/files "HTTP/1.1 200 OK"
2026-04-17 07:09:13,140 - ai_service_enhanced - INFO - 文件上传成功: C:\Users\chenkk\Desktop\新建文件夹\000726-2026-04-17-鲁泰A-2025年年度报告.pdf (文件ID: file-fe-45005fd684a444caa38361bc)
2026-04-17 07:09:13,141 - __main___file_only - INFO - 上传文件: 000726-2026-04-17-鲁泰A-2025年年度报告.pdf (大小: 0.26 MB, ID: file-fe-45005fd684a444caa38361bc)
2026-04-17 07:09:13,488 - httpx - INFO - HTTP Request: POST https://dashscope.aliyuncs.com/compatible-mode/v1/chat/completions "HTTP/1.1 200 OK"
2026-04-17 07:09:15,034 - httpx - INFO - HTTP Request: POST https://dashscope.aliyuncs.com/compatible-mode/v1/files "HTTP/1.1 200 OK"
2026-04-17 07:09:15,035 - ai_service_enhanced - INFO - 文件上传成功: C:\Users\chenkk\Desktop\新建文件夹\净资产收益率和每股收益\000726-2026-04-17-鲁泰A-2025年年度报告_mgsy.pdf (文件ID: file-fe-5ed0fc4d6d7e4c7b870c5f26)
2026-04-17 07:09:15,035 - __main___file_only - INFO - 上传文件: 000726-2026-04-17-鲁泰A-2025年年度报告_mgsy.pdf (大小: 0.25 MB, ID: file-fe-5ed0fc4d6d7e4c7b870c5f26)
2026-04-17 07:09:15,183 - httpx - INFO - HTTP Request: POST https://dashscope.aliyuncs.com/compatible-mode/v1/files "HTTP/1.1 200 OK"
2026-04-17 07:09:15,184 - ai_service_enhanced - INFO - 文件上传成功: C:\Users\chenkk\Desktop\新建文件夹\000972-2026-04-17-ST中基-2025年年度报告.pdf (文件ID: file-fe-14a1b4aa718a4ef095a9efe8)
2026-04-17 07:09:15,184 - __main___file_only - INFO - 上传文件: 000972-2026-04-17-ST中基-2025年年度报告.pdf (大小: 0.85 MB, ID: file-fe-14a1b4aa718a4ef095a9efe8)
2026-04-17 07:09:15,185 - __main__ - INFO - 开始处理: C:\Users\chenkk\Desktop\新建文件夹\000726-2026-04-17-鲁泰A-2025年年度报告.pdf
2026-04-17 07:09:15,494 - httpx - INFO - HTTP Request: POST https://dashscope.aliyuncs.com/compatible-mode/v1/chat/completions "HTTP/1.1 200 OK"
2026-04-17 07:09:15,640 - httpx - INFO - HTTP Request: POST https://dashscope.aliyuncs.com/compatible-mode/v1/chat/completions "HTTP/1.1 200 OK"
2026-04-17 07:09:17,267 - httpx - INFO - HTTP Request: POST https://dashscope.aliyuncs.com/compatible-mode/v1/files "HTTP/1.1 200 OK"
2026-04-17 07:09:17,268 - ai_service_enhanced - INFO - 文件上传成功: C:\Users\chenkk\Desktop\新建文件夹\净资产收益率和每股收益\000972-2026-04-17-ST中基-2025年年度报告_mgsy.pdf (文件ID: file-fe-4c6cba44ae0c4948b6582844)
2026-04-17 07:09:17,268 - __main___file_only - INFO - 上传文件: 000972-2026-04-17-ST中基-2025年年度报告_mgsy.pdf (大小: 0.75 MB, ID: file-fe-4c6cba44ae0c4948b6582844)
2026-04-17 07:09:17,298 - httpx - INFO - HTTP Request: POST https://dashscope.aliyuncs.com/compatible-mode/v1/files "HTTP/1.1 200 OK"
2026-04-17 07:09:17,299 - ai_service_enhanced - INFO - 文件上传成功: C:\Users\chenkk\Desktop\新建文件夹\001202-2026-04-17-炬申股份-2025年年度报告.pdf (文件ID: file-fe-ed615acbbd7b4c519749214a)
2026-04-17 07:09:17,299 - __main___file_only - INFO - 上传文件: 001202-2026-04-17-炬申股份-2025年年度报告.pdf (大小: 0.34 MB, ID: file-fe-ed615acbbd7b4c519749214a)
2026-04-17 07:09:17,300 - __main__ - INFO - 开始处理: C:\Users\chenkk\Desktop\新建文件夹\000972-2026-04-17-ST中基-2025年年度报告.pdf
2026-04-17 07:09:17,871 - httpx - INFO - HTTP Request: POST https://dashscope.aliyuncs.com/compatible-mode/v1/chat/completions "HTTP/1.1 200 OK"
2026-04-17 07:09:19,222 - httpx - INFO - HTTP Request: POST https://dashscope.aliyuncs.com/compatible-mode/v1/files "HTTP/1.1 200 OK"
2026-04-17 07:09:19,222 - ai_service_enhanced - INFO - 文件上传成功: C:\Users\chenkk\Desktop\新建文件夹\净资产收益率和每股收益\001202-2026-04-17-炬申股份-2025年年度报告_mgsy.pdf (文件ID: file-fe-a1c0a3e95a1245c8ac10633d)
2026-04-17 07:09:19,223 - __main___file_only - INFO - 上传文件: 001202-2026-04-17-炬申股份-2025年年度报告_mgsy.pdf (大小: 0.35 MB, ID: file-fe-a1c0a3e95a1245c8ac10633d)
2026-04-17 07:09:19,359 - httpx - INFO - HTTP Request: POST https://dashscope.aliyuncs.com/compatible-mode/v1/chat/completions "HTTP/1.1 200 OK"
2026-04-17 07:09:19,409 - __main__ - INFO - 开始处理: C:\Users\chenkk\Desktop\新建文件夹\001202-2026-04-17-炬申股份-2025年年度报告.pdf
2026-04-17 07:09:19,668 - httpx - INFO - HTTP Request: POST https://dashscope.aliyuncs.com/compatible-mode/v1/files "HTTP/1.1 200 OK"
2026-04-17 07:09:19,669 - ai_service_enhanced - INFO - 文件上传成功: C:\Users\chenkk\Desktop\新建文件夹\001205-2026-04-17-盛航股份-2025年年度报告.pdf (文件ID: file-fe-92b44792135942a4bb75a193)
2026-04-17 07:09:19,669 - __main___file_only - INFO - 上传文件: 001205-2026-04-17-盛航股份-2025年年度报告.pdf (大小: 0.55 MB, ID: file-fe-92b44792135942a4bb75a193)
2026-04-17 07:09:21,371 - httpx - INFO - HTTP Request: POST https://dashscope.aliyuncs.com/compatible-mode/v1/files "HTTP/1.1 200 OK"
2026-04-17 07:09:21,371 - ai_service_enhanced - INFO - 文件上传成功: C:\Users\chenkk\Desktop\新建文件夹\净资产收益率和每股收益\001205-2026-04-17-盛航股份-2025年年度报告_mgsy.pdf (文件ID: file-fe-a50b319c23cc43668ebca70b)
2026-04-17 07:09:21,372 - __main___file_only - INFO - 上传文件: 001205-2026-04-17-盛航股份-2025年年度报告_mgsy.pdf (大小: 0.54 MB, ID: file-fe-a50b319c23cc43668ebca70b)
2026-04-17 07:09:21,519 - __main__ - INFO - 开始处理: C:\Users\chenkk\Desktop\新建文件夹\001205-2026-04-17-盛航股份-2025年年度报告.pdf
2026-04-17 07:09:21,550 - httpx - INFO - HTTP Request: POST https://dashscope.aliyuncs.com/compatible-mode/v1/chat/completions "HTTP/1.1 200 OK"
2026-04-17 07:09:21,734 - httpx - INFO - HTTP Request: POST https://dashscope.aliyuncs.com/compatible-mode/v1/files "HTTP/1.1 200 OK"
2026-04-17 07:09:21,735 - ai_service_enhanced - INFO - 文件上传成功: C:\Users\chenkk\Desktop\新建文件夹\001206-2026-04-17-依依股份-2025年年度报告.pdf (文件ID: file-fe-c27b5625a24c496992dc1466)
2026-04-17 07:09:21,735 - __main___file_only - INFO - 上传文件: 001206-2026-04-17-依依股份-2025年年度报告.pdf (大小: 0.28 MB, ID: file-fe-c27b5625a24c496992dc1466)
2026-04-17 07:09:23,543 - httpx - INFO - HTTP Request: POST https://dashscope.aliyuncs.com/compatible-mode/v1/files "HTTP/1.1 200 OK"
2026-04-17 07:09:23,543 - ai_service_enhanced - INFO - 文件上传成功: C:\Users\chenkk\Desktop\新建文件夹\净资产收益率和每股收益\001206-2026-04-17-依依股份-2025年年度报告_mgsy.pdf (文件ID: file-fe-0238075dc3f744c6a8a62e27)
2026-04-17 07:09:23,543 - __main___file_only - INFO - 上传文件: 001206-2026-04-17-依依股份-2025年年度报告_mgsy.pdf (大小: 0.27 MB, ID: file-fe-0238075dc3f744c6a8a62e27)
2026-04-17 07:09:23,552 - httpx - INFO - HTTP Request: POST https://dashscope.aliyuncs.com/compatible-mode/v1/files "HTTP/1.1 200 OK"
2026-04-17 07:09:23,552 - ai_service_enhanced - INFO - 文件上传成功: C:\Users\chenkk\Desktop\新建文件夹\001219-2026-04-17-青岛食品-2025年年度报告.pdf (文件ID: file-fe-9f34bf647cc24dfd85b2594a)
2026-04-17 07:09:23,553 - __main___file_only - INFO - 上传文件: 001219-2026-04-17-青岛食品-2025年年度报告.pdf (大小: 0.54 MB, ID: file-fe-9f34bf647cc24dfd85b2594a)
2026-04-17 07:09:23,553 - __main__ - INFO - 开始处理: C:\Users\chenkk\Desktop\新建文件夹\001206-2026-04-17-依依股份-2025年年度报告.pdf
2026-04-17 07:09:25,674 - httpx - INFO - HTTP Request: POST https://dashscope.aliyuncs.com/compatible-mode/v1/files "HTTP/1.1 200 OK"
2026-04-17 07:09:25,675 - ai_service_enhanced - INFO - 文件上传成功: C:\Users\chenkk\Desktop\新建文件夹\净资产收益率和每股收益\001219-2026-04-17-青岛食品-2025年年度报告_mgsy.pdf (文件ID: file-fe-7913470dd8884a588f9b306f)
2026-04-17 07:09:25,675 - __main___file_only - INFO - 上传文件: 001219-2026-04-17-青岛食品-2025年年度报告_mgsy.pdf (大小: 0.56 MB, ID: file-fe-7913470dd8884a588f9b306f)
2026-04-17 07:09:25,814 - httpx - INFO - HTTP Request: POST https://dashscope.aliyuncs.com/compatible-mode/v1/chat/completions "HTTP/1.1 200 OK"
2026-04-17 07:09:25,898 - httpx - INFO - HTTP Request: POST https://dashscope.aliyuncs.com/compatible-mode/v1/chat/completions "HTTP/1.1 200 OK"
2026-04-17 07:09:25,932 - __main__ - INFO - 开始处理: C:\Users\chenkk\Desktop\新建文件夹\001219-2026-04-17-青岛食品-2025年年度报告.pdf
2026-04-17 07:09:26,050 - httpx - INFO - HTTP Request: POST https://dashscope.aliyuncs.com/compatible-mode/v1/files "HTTP/1.1 200 OK"
2026-04-17 07:09:26,050 - ai_service_enhanced - INFO - 文件上传成功: C:\Users\chenkk\Desktop\新建文件夹\001270-2026-04-17-ST铖昌-2025年年度报告.pdf (文件ID: file-fe-14160e92f3804c02b1d294db)
2026-04-17 07:09:26,051 - __main___file_only - INFO - 上传文件: 001270-2026-04-17-ST铖昌-2025年年度报告.pdf (大小: 0.37 MB, ID: file-fe-14160e92f3804c02b1d294db)
2026-04-17 07:09:26,118 - __main___file_only - INFO - 找到数据: 000027 2026-04-17 (3条)
2026-04-17 07:09:26,118 - __main__ - INFO - 处理成功: 000027-2026-04-17
2026-04-17 07:09:26,118 - __main___file_only - INFO - 处理成功: C:\Users\chenkk\Desktop\新建文件夹\000027-2026-04-17-深圳能源-2025年年度报告.pdf (耗时: 25.41秒)
2026-04-17 07:09:26,705 - httpx - INFO - HTTP Request: DELETE https://dashscope.aliyuncs.com/compatible-mode/v1/files/file-fe-bcb7d19381cb4d6f8c81ad67 "HTTP/1.1 200 OK"
2026-04-17 07:09:27,351 - httpx - INFO - HTTP Request: DELETE https://dashscope.aliyuncs.com/compatible-mode/v1/files/file-fe-d13f788090aa4ab9803422fa "HTTP/1.1 200 OK"
2026-04-17 07:09:27,369 - httpx - INFO - HTTP Request: POST https://dashscope.aliyuncs.com/compatible-mode/v1/chat/completions "HTTP/1.1 200 OK"
2026-04-17 07:09:27,430 - __main___file_only - INFO - 找到数据: 000151 2026-04-17 (3条)
2026-04-17 07:09:27,431 - __main__ - INFO - 处理成功: 000151-2026-04-17
2026-04-17 07:09:27,431 - __main___file_only - INFO - 处理成功: C:\Users\chenkk\Desktop\新建文件夹\000151-2026-04-17-中成股份-2025年年度报告.pdf (耗时: 25.92秒)
2026-04-17 07:09:27,912 - httpx - INFO - HTTP Request: POST https://dashscope.aliyuncs.com/compatible-mode/v1/files "HTTP/1.1 200 OK"
2026-04-17 07:09:27,912 - ai_service_enhanced - INFO - 文件上传成功: C:\Users\chenkk\Desktop\新建文件夹\净资产收益率和每股收益\001270-2026-04-17-ST铖昌-2025年年度报告_mgsy.pdf (文件ID: file-fe-4be1939f40004f7393998ad4)
2026-04-17 07:09:27,913 - __main___file_only - INFO - 上传文件: 001270-2026-04-17-ST铖昌-2025年年度报告_mgsy.pdf (大小: 0.32 MB, ID: file-fe-4be1939f40004f7393998ad4)
2026-04-17 07:09:27,988 - httpx - INFO - HTTP Request: POST https://dashscope.aliyuncs.com/compatible-mode/v1/files "HTTP/1.1 200 OK"
2026-04-17 07:09:27,988 - ai_service_enhanced - INFO - 文件上传成功: C:\Users\chenkk\Desktop\新建文件夹\002003-2026-04-17-伟星股份-2025年年度报告.pdf (文件ID: file-fe-8f02f3a63e0b4abd8483372a)
2026-04-17 07:09:27,989 - __main___file_only - INFO - 上传文件: 002003-2026-04-17-伟星股份-2025年年度报告.pdf (大小: 0.34 MB, ID: file-fe-8f02f3a63e0b4abd8483372a)
2026-04-17 07:09:27,989 - __main__ - INFO - 开始处理: C:\Users\chenkk\Desktop\新建文件夹\001270-2026-04-17-ST铖昌-2025年年度报告.pdf
2026-04-17 07:09:28,074 - httpx - INFO - HTTP Request: DELETE https://dashscope.aliyuncs.com/compatible-mode/v1/files/file-fe-50d82e20bb314a14896c0247 "HTTP/1.1 200 OK"
2026-04-17 07:09:28,568 - httpx - INFO - HTTP Request: POST https://dashscope.aliyuncs.com/compatible-mode/v1/chat/completions "HTTP/1.1 200 OK"
2026-04-17 07:09:28,695 - httpx - INFO - HTTP Request: DELETE https://dashscope.aliyuncs.com/compatible-mode/v1/files/file-fe-8c6bed0c5bd446bd9cccbf06 "HTTP/1.1 200 OK"
2026-04-17 07:09:29,225 - httpx - INFO - HTTP Request: POST https://dashscope.aliyuncs.com/compatible-mode/v1/chat/completions "HTTP/1.1 200 OK"
2026-04-17 07:09:29,292 - __main___file_only - INFO - 找到数据: 000541 2026-04-17 (3条)
2026-04-17 07:09:29,292 - __main__ - INFO - 处理成功: 000541-2026-04-17
2026-04-17 07:09:29,292 - __main___file_only - INFO - 处理成功: C:\Users\chenkk\Desktop\新建文件夹\000541-2026-04-17-佛山照明-2025年年度报告.pdf (耗时: 24.62秒)
2026-04-17 07:09:29,322 - httpx - INFO - HTTP Request: POST https://dashscope.aliyuncs.com/compatible-mode/v1/chat/completions "HTTP/1.1 200 OK"
2026-04-17 07:09:29,946 - httpx - INFO - HTTP Request: POST https://dashscope.aliyuncs.com/compatible-mode/v1/files "HTTP/1.1 200 OK"
2026-04-17 07:09:29,947 - ai_service_enhanced - INFO - 文件上传成功: C:\Users\chenkk\Desktop\新建文件夹\净资产收益率和每股收益\002003-2026-04-17-伟星股份-2025年年度报告_mgsy.pdf (文件ID: file-fe-5c3cf6ab0e1d4ef189e6298c)
2026-04-17 07:09:29,947 - __main___file_only - INFO - 上传文件: 002003-2026-04-17-伟星股份-2025年年度报告_mgsy.pdf (大小: 0.26 MB, ID: file-fe-5c3cf6ab0e1d4ef189e6298c)
2026-04-17 07:09:30,007 - httpx - INFO - HTTP Request: DELETE https://dashscope.aliyuncs.com/compatible-mode/v1/files/file-fe-fdbd9d55f6e048e0a349d836 "HTTP/1.1 200 OK"
2026-04-17 07:09:30,073 - httpx - INFO - HTTP Request: POST https://dashscope.aliyuncs.com/compatible-mode/v1/files "HTTP/1.1 200 OK"
2026-04-17 07:09:30,073 - ai_service_enhanced - INFO - 文件上传成功: C:\Users\chenkk\Desktop\新建文件夹\002008-2026-04-17-大族激光-2025年年度报告.pdf (文件ID: file-fe-f75fb3ab2adc472188c63fc7)
2026-04-17 07:09:30,074 - __main___file_only - INFO - 上传文件: 002008-2026-04-17-大族激光-2025年年度报告.pdf (大小: 0.45 MB, ID: file-fe-f75fb3ab2adc472188c63fc7)
2026-04-17 07:09:30,074 - __main__ - INFO - 开始处理: C:\Users\chenkk\Desktop\新建文件夹\002003-2026-04-17-伟星股份-2025年年度报告.pdf
2026-04-17 07:09:30,577 - httpx - INFO - HTTP Request: DELETE https://dashscope.aliyuncs.com/compatible-mode/v1/files/file-fe-bcac9c1d12d04cf287a2ac09 "HTTP/1.1 200 OK"
2026-04-17 07:09:31,842 - httpx - INFO - HTTP Request: POST https://dashscope.aliyuncs.com/compatible-mode/v1/chat/completions "HTTP/1.1 200 OK"
2026-04-17 07:09:31,917 - __main___file_only - INFO - 找到数据: 000532 2026-04-17 (3条)
2026-04-17 07:09:31,917 - __main__ - INFO - 处理成功: 000532-2026-04-17
2026-04-17 07:09:31,917 - __main___file_only - INFO - 处理成功: C:\Users\chenkk\Desktop\新建文件夹\000532-2026-04-17-华金资本-2025年年度报告.pdf (耗时: 29.09秒)
2026-04-17 07:09:32,091 - httpx - INFO - HTTP Request: POST https://dashscope.aliyuncs.com/compatible-mode/v1/files "HTTP/1.1 200 OK"
2026-04-17 07:09:32,092 - httpx - INFO - HTTP Request: POST https://dashscope.aliyuncs.com/compatible-mode/v1/files "HTTP/1.1 200 OK"
2026-04-17 07:09:32,093 - ai_service_enhanced - INFO - 文件上传成功: C:\Users\chenkk\Desktop\新建文件夹\002022-2026-04-17-科华生物-2025年年度报告.pdf (文件ID: file-fe-5102a1f5ef0f47d9b6ae0f5f)
2026-04-17 07:09:32,093 - ai_service_enhanced - INFO - 文件上传成功: C:\Users\chenkk\Desktop\新建文件夹\净资产收益率和每股收益\002008-2026-04-17-大族激光-2025年年度报告_mgsy.pdf (文件ID: file-fe-8a1a97f873304e91b8100d0d)
2026-04-17 07:09:32,093 - __main___file_only - INFO - 上传文件: 002008-2026-04-17-大族激光-2025年年度报告_mgsy.pdf (大小: 0.43 MB, ID: file-fe-8a1a97f873304e91b8100d0d)
2026-04-17 07:09:32,093 - __main___file_only - INFO - 上传文件: 002022-2026-04-17-科华生物-2025年年度报告.pdf (大小: 0.30 MB, ID: file-fe-5102a1f5ef0f47d9b6ae0f5f)
2026-04-17 07:09:32,093 - __main__ - INFO - 开始处理: C:\Users\chenkk\Desktop\新建文件夹\002008-2026-04-17-大族激光-2025年年度报告.pdf
2026-04-17 07:09:32,394 - httpx - INFO - HTTP Request: POST https://dashscope.aliyuncs.com/compatible-mode/v1/chat/completions "HTTP/1.1 200 OK"
2026-04-17 07:09:32,641 - httpx - INFO - HTTP Request: DELETE https://dashscope.aliyuncs.com/compatible-mode/v1/files/file-fe-608d8d8ffcac48829cc0584a "HTTP/1.1 200 OK"
2026-04-17 07:09:32,773 - httpx - INFO - HTTP Request: POST https://dashscope.aliyuncs.com/compatible-mode/v1/chat/completions "HTTP/1.1 200 OK"
2026-04-17 07:09:32,833 - __main___file_only - INFO - 找到数据: 000581 2026-04-17 (3条)
2026-04-17 07:09:32,833 - __main__ - INFO - 处理成功: 000581-2026-04-17
2026-04-17 07:09:32,833 - __main___file_only - INFO - 处理成功: C:\Users\chenkk\Desktop\新建文件夹\000581-2026-04-17-威孚高科-2025年年度报告.pdf (耗时: 26.04秒)
2026-04-17 07:09:33,422 - httpx - INFO - HTTP Request: DELETE https://dashscope.aliyuncs.com/compatible-mode/v1/files/file-fe-2d7da348b67d4298a4479b2e "HTTP/1.1 200 OK"
2026-04-17 07:09:33,478 - httpx - INFO - HTTP Request: DELETE https://dashscope.aliyuncs.com/compatible-mode/v1/files/file-fe-ed9c3b651a35462e88381a62 "HTTP/1.1 200 OK"
2026-04-17 07:09:33,696 - httpx - INFO - HTTP Request: POST https://dashscope.aliyuncs.com/compatible-mode/v1/chat/completions "HTTP/1.1 200 OK"
2026-04-17 07:09:33,757 - __main___file_only - INFO - 找到数据: 000652 2026-04-17 (3条)
2026-04-17 07:09:33,757 - __main__ - INFO - 处理成功: 000652-2026-04-17
2026-04-17 07:09:33,757 - __main___file_only - INFO - 处理成功: C:\Users\chenkk\Desktop\新建文件夹\000652-2026-04-17-泰达股份-2025年年度报告.pdf (耗时: 24.85秒)
2026-04-17 07:09:34,174 - httpx - INFO - HTTP Request: DELETE https://dashscope.aliyuncs.com/compatible-mode/v1/files/file-fe-3393f96e6d864881b3315169 "HTTP/1.1 200 OK"
2026-04-17 07:09:34,212 - httpx - INFO - HTTP Request: POST https://dashscope.aliyuncs.com/compatible-mode/v1/files "HTTP/1.1 200 OK"
2026-04-17 07:09:34,213 - ai_service_enhanced - INFO - 文件上传成功: C:\Users\chenkk\Desktop\新建文件夹\002090-2026-04-17-金智科技-2025年年度报告.pdf (文件ID: file-fe-2452a190c9374db0b8ab1ab4)
2026-04-17 07:09:34,213 - __main___file_only - INFO - 上传文件: 002090-2026-04-17-金智科技-2025年年度报告.pdf (大小: 0.63 MB, ID: file-fe-2452a190c9374db0b8ab1ab4)
2026-04-17 07:09:34,238 - httpx - INFO - HTTP Request: POST https://dashscope.aliyuncs.com/compatible-mode/v1/files "HTTP/1.1 200 OK"
2026-04-17 07:09:34,239 - ai_service_enhanced - INFO - 文件上传成功: C:\Users\chenkk\Desktop\新建文件夹\净资产收益率和每股收益\002022-2026-04-17-科华生物-2025年年度报告_mgsy.pdf (文件ID: file-fe-a51dfe114ff3411897813833)
2026-04-17 07:09:34,239 - __main___file_only - INFO - 上传文件: 002022-2026-04-17-科华生物-2025年年度报告_mgsy.pdf (大小: 0.29 MB, ID: file-fe-a51dfe114ff3411897813833)
2026-04-17 07:09:34,351 - httpx - INFO - HTTP Request: DELETE https://dashscope.aliyuncs.com/compatible-mode/v1/files/file-fe-5d5136c16b7d468f854112ec "HTTP/1.1 200 OK"
2026-04-17 07:09:34,372 - __main__ - INFO - 开始处理: C:\Users\chenkk\Desktop\新建文件夹\002022-2026-04-17-科华生物-2025年年度报告.pdf
2026-04-17 07:09:34,408 - httpx - INFO - HTTP Request: POST https://dashscope.aliyuncs.com/compatible-mode/v1/chat/completions "HTTP/1.1 200 OK"
2026-04-17 07:09:34,663 - httpx - INFO - HTTP Request: POST https://dashscope.aliyuncs.com/compatible-mode/v1/chat/completions "HTTP/1.1 200 OK"
2026-04-17 07:09:34,967 - httpx - INFO - HTTP Request: DELETE https://dashscope.aliyuncs.com/compatible-mode/v1/files/file-fe-bdeb2b1e71d1484495b6f6c6 "HTTP/1.1 200 OK"
2026-04-17 07:09:36,371 - httpx - INFO - HTTP Request: POST https://dashscope.aliyuncs.com/compatible-mode/v1/files "HTTP/1.1 200 OK"
2026-04-17 07:09:36,372 - ai_service_enhanced - INFO - 文件上传成功: C:\Users\chenkk\Desktop\新建文件夹\净资产收益率和每股收益\002090-2026-04-17-金智科技-2025年年度报告_mgsy.pdf (文件ID: file-fe-5adeef7eabaa49c49dd4bbac)
2026-04-17 07:09:36,372 - __main___file_only - INFO - 上传文件: 002090-2026-04-17-金智科技-2025年年度报告_mgsy.pdf (大小: 0.45 MB, ID: file-fe-5adeef7eabaa49c49dd4bbac)
2026-04-17 07:09:36,386 - httpx - INFO - HTTP Request: POST https://dashscope.aliyuncs.com/compatible-mode/v1/files "HTTP/1.1 200 OK"
2026-04-17 07:09:36,387 - ai_service_enhanced - INFO - 文件上传成功: C:\Users\chenkk\Desktop\新建文件夹\002156-2026-04-17-通富微电-2025年年度报告.pdf (文件ID: file-fe-f7921e003eb34bf79e64d6a5)
2026-04-17 07:09:36,387 - __main___file_only - INFO - 上传文件: 002156-2026-04-17-通富微电-2025年年度报告.pdf (大小: 0.32 MB, ID: file-fe-f7921e003eb34bf79e64d6a5)
2026-04-17 07:09:36,387 - __main__ - INFO - 开始处理: C:\Users\chenkk\Desktop\新建文件夹\002090-2026-04-17-金智科技-2025年年度报告.pdf
2026-04-17 07:09:36,406 - httpx - INFO - HTTP Request: POST https://dashscope.aliyuncs.com/compatible-mode/v1/chat/completions "HTTP/1.1 200 OK"
2026-04-17 07:09:38,432 - httpx - INFO - HTTP Request: POST https://dashscope.aliyuncs.com/compatible-mode/v1/files "HTTP/1.1 200 OK"
2026-04-17 07:09:38,432 - ai_service_enhanced - INFO - 文件上传成功: C:\Users\chenkk\Desktop\新建文件夹\净资产收益率和每股收益\002156-2026-04-17-通富微电-2025年年度报告_mgsy.pdf (文件ID: file-fe-8e0dc550858c4544914ac439)
2026-04-17 07:09:38,432 - __main___file_only - INFO - 上传文件: 002156-2026-04-17-通富微电-2025年年度报告_mgsy.pdf (大小: 0.29 MB, ID: file-fe-8e0dc550858c4544914ac439)
2026-04-17 07:09:38,493 - __main__ - INFO - 开始处理: C:\Users\chenkk\Desktop\新建文件夹\002156-2026-04-17-通富微电-2025年年度报告.pdf
2026-04-17 07:09:38,558 - httpx - INFO - HTTP Request: POST https://dashscope.aliyuncs.com/compatible-mode/v1/files "HTTP/1.1 200 OK"
2026-04-17 07:09:38,559 - ai_service_enhanced - INFO - 文件上传成功: C:\Users\chenkk\Desktop\新建文件夹\002183-2026-04-17-怡亚通-2025年年度报告.pdf (文件ID: file-fe-6f12f7e124f94577b5390390)
2026-04-17 07:09:38,559 - __main___file_only - INFO - 上传文件: 002183-2026-04-17-怡亚通-2025年年度报告.pdf (大小: 0.37 MB, ID: file-fe-6f12f7e124f94577b5390390)
2026-04-17 07:09:39,404 - httpx - INFO - HTTP Request: POST https://dashscope.aliyuncs.com/compatible-mode/v1/chat/completions "HTTP/1.1 200 OK"
2026-04-17 07:09:39,823 - httpx - INFO - HTTP Request: POST https://dashscope.aliyuncs.com/compatible-mode/v1/chat/completions "HTTP/1.1 200 OK"
2026-04-17 07:09:39,884 - __main___file_only - INFO - 找到数据: 000668 2026-04-17 (3条)
2026-04-17 07:09:39,884 - __main__ - INFO - 处理成功: 000668-2026-04-17
2026-04-17 07:09:39,884 - __main___file_only - INFO - 处理成功: C:\Users\chenkk\Desktop\新建文件夹\000668-2026-04-17-ST荣控-2025年年度报告.pdf (耗时: 28.60秒)
2026-04-17 07:09:40,468 - httpx - INFO - HTTP Request: DELETE https://dashscope.aliyuncs.com/compatible-mode/v1/files/file-fe-2d07193f36bf418b99e829eb "HTTP/1.1 200 OK"
2026-04-17 07:09:40,595 - httpx - INFO - HTTP Request: POST https://dashscope.aliyuncs.com/compatible-mode/v1/files "HTTP/1.1 200 OK"
2026-04-17 07:09:40,596 - ai_service_enhanced - INFO - 文件上传成功: C:\Users\chenkk\Desktop\新建文件夹\净资产收益率和每股收益\002183-2026-04-17-怡亚通-2025年年度报告_mgsy.pdf (文件ID: file-fe-92a87f7b5a0a463791f459f5)
2026-04-17 07:09:40,596 - __main___file_only - INFO - 上传文件: 002183-2026-04-17-怡亚通-2025年年度报告_mgsy.pdf (大小: 0.35 MB, ID: file-fe-92a87f7b5a0a463791f459f5)
2026-04-17 07:09:40,608 - __main__ - INFO - 开始处理: C:\Users\chenkk\Desktop\新建文件夹\002183-2026-04-17-怡亚通-2025年年度报告.pdf
2026-04-17 07:09:41,011 - httpx - INFO - HTTP Request: POST https://dashscope.aliyuncs.com/compatible-mode/v1/chat/completions "HTTP/1.1 200 OK"
2026-04-17 07:09:41,091 - __main___file_only - INFO - 找到数据: 000719 2026-04-17 (3条)
2026-04-17 07:09:41,091 - __main__ - INFO - 处理成功: 000719-2026-04-17
2026-04-17 07:09:41,091 - __main___file_only - INFO - 处理成功: C:\Users\chenkk\Desktop\新建文件夹\000719-2026-04-17-中原传媒-2025年年度报告.pdf (耗时: 27.96秒)
2026-04-17 07:09:41,160 - httpx - INFO - HTTP Request: DELETE https://dashscope.aliyuncs.com/compatible-mode/v1/files/file-fe-e6783b4919304b23909c690b "HTTP/1.1 200 OK"
2026-04-17 07:09:41,169 - httpx - INFO - HTTP Request: POST https://dashscope.aliyuncs.com/compatible-mode/v1/chat/completions "HTTP/1.1 200 OK"
2026-04-17 07:09:41,281 - httpx - INFO - HTTP Request: POST https://dashscope.aliyuncs.com/compatible-mode/v1/files "HTTP/1.1 200 OK"
2026-04-17 07:09:41,282 - ai_service_enhanced - INFO - 文件上传成功: C:\Users\chenkk\Desktop\新建文件夹\002204-2026-04-17-大连重工-2025年年度报告.pdf (文件ID: file-fe-1c685ee1b83f439a910e1cf6)
2026-04-17 07:09:41,282 - __main___file_only - INFO - 上传文件: 002204-2026-04-17-大连重工-2025年年度报告.pdf (大小: 0.53 MB, ID: file-fe-1c685ee1b83f439a910e1cf6)
2026-04-17 07:09:41,744 - httpx - INFO - HTTP Request: DELETE https://dashscope.aliyuncs.com/compatible-mode/v1/files/file-fe-1020ecd9931941279a72f775 "HTTP/1.1 200 OK"
2026-04-17 07:09:42,282 - httpx - INFO - HTTP Request: POST https://dashscope.aliyuncs.com/compatible-mode/v1/chat/completions "HTTP/1.1 200 OK"
2026-04-17 07:09:42,353 - __main___file_only - INFO - 找到数据: 001202 2026-04-17 (3条)
2026-04-17 07:09:42,353 - httpx - INFO - HTTP Request: DELETE https://dashscope.aliyuncs.com/compatible-mode/v1/files/file-fe-e6bb9b801f574e0dbba358b3 "HTTP/1.1 200 OK"
2026-04-17 07:09:42,354 - __main__ - INFO - 处理成功: 001202-2026-04-17
2026-04-17 07:09:42,354 - __main___file_only - INFO - 处理成功: C:\Users\chenkk\Desktop\新建文件夹\001202-2026-04-17-炬申股份-2025年年度报告.pdf (耗时: 22.95秒)
2026-04-17 07:09:42,715 - httpx - INFO - HTTP Request: POST https://dashscope.aliyuncs.com/compatible-mode/v1/files "HTTP/1.1 200 OK"
2026-04-17 07:09:42,715 - ai_service_enhanced - INFO - 文件上传成功: C:\Users\chenkk\Desktop\新建文件夹\002271-2026-04-17-东方雨虹-2025年年度报告.pdf (文件ID: file-fe-773f1cd4965a46cbb43613da)
2026-04-17 07:09:42,716 - __main___file_only - INFO - 上传文件: 002271-2026-04-17-东方雨虹-2025年年度报告.pdf (大小: 0.37 MB, ID: file-fe-773f1cd4965a46cbb43613da)
2026-04-17 07:09:42,800 - httpx - INFO - HTTP Request: POST https://dashscope.aliyuncs.com/compatible-mode/v1/files "HTTP/1.1 200 OK"
2026-04-17 07:09:42,800 - ai_service_enhanced - INFO - 文件上传成功: C:\Users\chenkk\Desktop\新建文件夹\净资产收益率和每股收益\002204-2026-04-17-大连重工-2025年年度报告_mgsy.pdf (文件ID: file-fe-34d6e498059e49f2b7709d7a)
2026-04-17 07:09:42,800 - __main___file_only - INFO - 上传文件: 002204-2026-04-17-大连重工-2025年年度报告_mgsy.pdf (大小: 0.49 MB, ID: file-fe-34d6e498059e49f2b7709d7a)
2026-04-17 07:09:42,898 - httpx - INFO - HTTP Request: POST https://dashscope.aliyuncs.com/compatible-mode/v1/chat/completions "HTTP/1.1 200 OK"
2026-04-17 07:09:42,985 - __main__ - INFO - 开始处理: C:\Users\chenkk\Desktop\新建文件夹\002204-2026-04-17-大连重工-2025年年度报告.pdf
2026-04-17 07:09:43,019 - httpx - INFO - HTTP Request: DELETE https://dashscope.aliyuncs.com/compatible-mode/v1/files/file-fe-ed615acbbd7b4c519749214a "HTTP/1.1 200 OK"
2026-04-17 07:09:43,249 - httpx - INFO - HTTP Request: POST https://dashscope.aliyuncs.com/compatible-mode/v1/chat/completions "HTTP/1.1 200 OK"
2026-04-17 07:09:43,317 - __main___file_only - INFO - 找到数据: 000726 2026-04-17 (3条)
2026-04-17 07:09:43,318 - __main__ - INFO - 处理成功: 000726-2026-04-17
2026-04-17 07:09:43,318 - __main___file_only - INFO - 处理成功: C:\Users\chenkk\Desktop\新建文件夹\000726-2026-04-17-鲁泰A-2025年年度报告.pdf (耗时: 28.13秒)
2026-04-17 07:09:43,633 - httpx - INFO - HTTP Request: DELETE https://dashscope.aliyuncs.com/compatible-mode/v1/files/file-fe-a1c0a3e95a1245c8ac10633d "HTTP/1.1 200 OK"
2026-04-17 07:09:43,996 - httpx - INFO - HTTP Request: DELETE https://dashscope.aliyuncs.com/compatible-mode/v1/files/file-fe-45005fd684a444caa38361bc "HTTP/1.1 200 OK"
2026-04-17 07:09:44,642 - httpx - INFO - HTTP Request: DELETE https://dashscope.aliyuncs.com/compatible-mode/v1/files/file-fe-5ed0fc4d6d7e4c7b870c5f26 "HTTP/1.1 200 OK"
2026-04-17 07:09:44,820 - httpx - INFO - HTTP Request: POST https://dashscope.aliyuncs.com/compatible-mode/v1/files "HTTP/1.1 200 OK"
2026-04-17 07:09:44,821 - ai_service_enhanced - INFO - 文件上传成功: C:\Users\chenkk\Desktop\新建文件夹\002343-2026-04-17-慈文传媒-2025年年度报告.pdf (文件ID: file-fe-0e7735cf91584b458586f0b4)
2026-04-17 07:09:44,821 - __main___file_only - INFO - 上传文件: 002343-2026-04-17-慈文传媒-2025年年度报告.pdf (大小: 0.59 MB, ID: file-fe-0e7735cf91584b458586f0b4)
2026-04-17 07:09:45,271 - httpx - INFO - HTTP Request: POST https://dashscope.aliyuncs.com/compatible-mode/v1/files "HTTP/1.1 200 OK"
2026-04-17 07:09:45,272 - ai_service_enhanced - INFO - 文件上传成功: C:\Users\chenkk\Desktop\新建文件夹\净资产收益率和每股收益\002271-2026-04-17-东方雨虹-2025年年度报告_mgsy.pdf (文件ID: file-fe-6db60a5b19c6480d87461c69)
2026-04-17 07:09:45,272 - __main___file_only - INFO - 上传文件: 002271-2026-04-17-东方雨虹-2025年年度报告_mgsy.pdf (大小: 0.36 MB, ID: file-fe-6db60a5b19c6480d87461c69)
2026-04-17 07:09:45,357 - __main__ - INFO - 开始处理: C:\Users\chenkk\Desktop\新建文件夹\002271-2026-04-17-东方雨虹-2025年年度报告.pdf
2026-04-17 07:09:46,139 - httpx - INFO - HTTP Request: POST https://dashscope.aliyuncs.com/compatible-mode/v1/chat/completions "HTTP/1.1 200 OK"
2026-04-17 07:09:46,146 - httpx - INFO - HTTP Request: POST https://dashscope.aliyuncs.com/compatible-mode/v1/chat/completions "HTTP/1.1 200 OK"
2026-04-17 07:09:46,175 - httpx - INFO - HTTP Request: POST https://dashscope.aliyuncs.com/compatible-mode/v1/chat/completions "HTTP/1.1 200 OK"
2026-04-17 07:09:46,283 - __main___file_only - INFO - 找到数据: 000972 2026-04-17 (3条)
2026-04-17 07:09:46,284 - __main__ - INFO - 处理成功: 000972-2026-04-17
2026-04-17 07:09:46,284 - __main___file_only - INFO - 处理成功: C:\Users\chenkk\Desktop\新建文件夹\000972-2026-04-17-ST中基-2025年年度报告.pdf (耗时: 28.98秒)
2026-04-17 07:09:46,334 - __main___file_only - INFO - 找到数据: 001205 2026-04-17 (3条)
2026-04-17 07:09:46,334 - __main__ - INFO - 处理成功: 001205-2026-04-17
2026-04-17 07:09:46,334 - __main___file_only - INFO - 处理成功: C:\Users\chenkk\Desktop\新建文件夹\001205-2026-04-17-盛航股份-2025年年度报告.pdf (耗时: 24.82秒)
2026-04-17 07:09:46,894 - httpx - INFO - HTTP Request: DELETE https://dashscope.aliyuncs.com/compatible-mode/v1/files/file-fe-14a1b4aa718a4ef095a9efe8 "HTTP/1.1 200 OK"
2026-04-17 07:09:46,986 - httpx - INFO - HTTP Request: DELETE https://dashscope.aliyuncs.com/compatible-mode/v1/files/file-fe-92b44792135942a4bb75a193 "HTTP/1.1 200 OK"
2026-04-17 07:09:47,009 - httpx - INFO - HTTP Request: POST https://dashscope.aliyuncs.com/compatible-mode/v1/files "HTTP/1.1 200 OK"
2026-04-17 07:09:47,010 - ai_service_enhanced - INFO - 文件上传成功: C:\Users\chenkk\Desktop\新建文件夹\净资产收益率和每股收益\002343-2026-04-17-慈文传媒-2025年年度报告_mgsy.pdf (文件ID: file-fe-e0aeb0192c324e58bc57a780)
2026-04-17 07:09:47,010 - __main___file_only - INFO - 上传文件: 002343-2026-04-17-慈文传媒-2025年年度报告_mgsy.pdf (大小: 0.56 MB, ID: file-fe-e0aeb0192c324e58bc57a780)
2026-04-17 07:09:47,113 - httpx - INFO - HTTP Request: POST https://dashscope.aliyuncs.com/compatible-mode/v1/files "HTTP/1.1 200 OK"
2026-04-17 07:09:47,114 - ai_service_enhanced - INFO - 文件上传成功: C:\Users\chenkk\Desktop\新建文件夹\002353-2026-04-17-杰瑞股份-2025年年度报告.pdf (文件ID: file-fe-6011dc8a83a64f38860bdf0c)
2026-04-17 07:09:47,114 - __main___file_only - INFO - 上传文件: 002353-2026-04-17-杰瑞股份-2025年年度报告.pdf (大小: 0.30 MB, ID: file-fe-6011dc8a83a64f38860bdf0c)
2026-04-17 07:09:47,114 - __main__ - INFO - 开始处理: C:\Users\chenkk\Desktop\新建文件夹\002343-2026-04-17-慈文传媒-2025年年度报告.pdf
2026-04-17 07:09:47,517 - httpx - INFO - HTTP Request: DELETE https://dashscope.aliyuncs.com/compatible-mode/v1/files/file-fe-4c6cba44ae0c4948b6582844 "HTTP/1.1 200 OK"
2026-04-17 07:09:47,719 - httpx - INFO - HTTP Request: DELETE https://dashscope.aliyuncs.com/compatible-mode/v1/files/file-fe-a50b319c23cc43668ebca70b "HTTP/1.1 200 OK"
2026-04-17 07:09:47,775 - httpx - INFO - HTTP Request: POST https://dashscope.aliyuncs.com/compatible-mode/v1/chat/completions "HTTP/1.1 200 OK"
2026-04-17 07:09:47,845 - __main___file_only - INFO - 找到数据: 001206 2026-04-17 (3条)
2026-04-17 07:09:47,845 - __main__ - INFO - 处理成功: 001206-2026-04-17
2026-04-17 07:09:47,845 - __main___file_only - INFO - 处理成功: C:\Users\chenkk\Desktop\新建文件夹\001206-2026-04-17-依依股份-2025年年度报告.pdf (耗时: 24.29秒)
2026-04-17 07:09:48,195 - httpx - INFO - HTTP Request: POST https://dashscope.aliyuncs.com/compatible-mode/v1/chat/completions "HTTP/1.1 200 OK"
2026-04-17 07:09:48,266 - __main___file_only - INFO - 找到数据: 001219 2026-04-17 (3条)
2026-04-17 07:09:48,267 - __main__ - INFO - 处理成功: 001219-2026-04-17
2026-04-17 07:09:48,267 - __main___file_only - INFO - 处理成功: C:\Users\chenkk\Desktop\新建文件夹\001219-2026-04-17-青岛食品-2025年年度报告.pdf (耗时: 22.33秒)
2026-04-17 07:09:48,600 - httpx - INFO - HTTP Request: DELETE https://dashscope.aliyuncs.com/compatible-mode/v1/files/file-fe-c27b5625a24c496992dc1466 "HTTP/1.1 200 OK"
2026-04-17 07:09:48,830 - httpx - INFO - HTTP Request: DELETE https://dashscope.aliyuncs.com/compatible-mode/v1/files/file-fe-9f34bf647cc24dfd85b2594a "HTTP/1.1 200 OK"
2026-04-17 07:09:49,096 - httpx - INFO - HTTP Request: POST https://dashscope.aliyuncs.com/compatible-mode/v1/files "HTTP/1.1 200 OK"
2026-04-17 07:09:49,096 - ai_service_enhanced - INFO - 文件上传成功: C:\Users\chenkk\Desktop\新建文件夹\002365-2026-04-17-永安药业-2025年年度报告.pdf (文件ID: file-fe-2d623531c91742dab968d772)
2026-04-17 07:09:49,097 - __main___file_only - INFO - 上传文件: 002365-2026-04-17-永安药业-2025年年度报告.pdf (大小: 0.30 MB, ID: file-fe-2d623531c91742dab968d772)
2026-04-17 07:09:49,141 - httpx - INFO - HTTP Request: POST https://dashscope.aliyuncs.com/compatible-mode/v1/files "HTTP/1.1 200 OK"
2026-04-17 07:09:49,141 - ai_service_enhanced - INFO - 文件上传成功: C:\Users\chenkk\Desktop\新建文件夹\净资产收益率和每股收益\002353-2026-04-17-杰瑞股份-2025年年度报告_mgsy.pdf (文件ID: file-fe-5039211450684dbc98ec6196)
2026-04-17 07:09:49,141 - __main___file_only - INFO - 上传文件: 002353-2026-04-17-杰瑞股份-2025年年度报告_mgsy.pdf (大小: 0.29 MB, ID: file-fe-5039211450684dbc98ec6196)
2026-04-17 07:09:49,142 - __main__ - INFO - 开始处理: C:\Users\chenkk\Desktop\新建文件夹\002353-2026-04-17-杰瑞股份-2025年年度报告.pdf
2026-04-17 07:09:49,275 - httpx - INFO - HTTP Request: DELETE https://dashscope.aliyuncs.com/compatible-mode/v1/files/file-fe-0238075dc3f744c6a8a62e27 "HTTP/1.1 200 OK"
2026-04-17 07:09:49,438 - httpx - INFO - HTTP Request: DELETE https://dashscope.aliyuncs.com/compatible-mode/v1/files/file-fe-7913470dd8884a588f9b306f "HTTP/1.1 200 OK"
2026-04-17 07:09:49,566 - httpx - INFO - HTTP Request: POST https://dashscope.aliyuncs.com/compatible-mode/v1/chat/completions "HTTP/1.1 200 OK"
2026-04-17 07:09:51,280 - httpx - INFO - HTTP Request: POST https://dashscope.aliyuncs.com/compatible-mode/v1/files "HTTP/1.1 200 OK"
2026-04-17 07:09:51,280 - ai_service_enhanced - INFO - 文件上传成功: C:\Users\chenkk\Desktop\新建文件夹\002445-2026-04-17-中南文化-2025年年度报告.pdf (文件ID: file-fe-64fb6e6e3f3048a59d612a8a)
2026-04-17 07:09:51,281 - __main___file_only - INFO - 上传文件: 002445-2026-04-17-中南文化-2025年年度报告.pdf (大小: 0.35 MB, ID: file-fe-64fb6e6e3f3048a59d612a8a)
2026-04-17 07:09:51,304 - httpx - INFO - HTTP Request: POST https://dashscope.aliyuncs.com/compatible-mode/v1/files "HTTP/1.1 200 OK"
2026-04-17 07:09:51,305 - ai_service_enhanced - INFO - 文件上传成功: C:\Users\chenkk\Desktop\新建文件夹\净资产收益率和每股收益\002365-2026-04-17-永安药业-2025年年度报告_mgsy.pdf (文件ID: file-fe-06e745f864174c749d6fbd41)
2026-04-17 07:09:51,305 - __main___file_only - INFO - 上传文件: 002365-2026-04-17-永安药业-2025年年度报告_mgsy.pdf (大小: 0.30 MB, ID: file-fe-06e745f864174c749d6fbd41)
2026-04-17 07:09:51,411 - __main__ - INFO - 开始处理: C:\Users\chenkk\Desktop\新建文件夹\002365-2026-04-17-永安药业-2025年年度报告.pdf
2026-04-17 07:09:52,083 - httpx - INFO - HTTP Request: POST https://dashscope.aliyuncs.com/compatible-mode/v1/chat/completions "HTTP/1.1 200 OK"
2026-04-17 07:09:53,086 - httpx - INFO - HTTP Request: POST https://dashscope.aliyuncs.com/compatible-mode/v1/chat/completions "HTTP/1.1 200 OK"
2026-04-17 07:09:53,177 - __main___file_only - INFO - 找到数据: 002003 2026-04-17 (3条)
2026-04-17 07:09:53,177 - __main__ - INFO - 处理成功: 002003-2026-04-17
2026-04-17 07:09:53,177 - __main___file_only - INFO - 处理成功: C:\Users\chenkk\Desktop\新建文件夹\002003-2026-04-17-伟星股份-2025年年度报告.pdf (耗时: 23.10秒)
2026-04-17 07:09:53,423 - httpx - INFO - HTTP Request: POST https://dashscope.aliyuncs.com/compatible-mode/v1/files "HTTP/1.1 200 OK"
2026-04-17 07:09:53,423 - ai_service_enhanced - INFO - 文件上传成功: C:\Users\chenkk\Desktop\新建文件夹\净资产收益率和每股收益\002445-2026-04-17-中南文化-2025年年度报告_mgsy.pdf (文件ID: file-fe-e3d3281b4d534cb1b7d111d5)
2026-04-17 07:09:53,424 - __main___file_only - INFO - 上传文件: 002445-2026-04-17-中南文化-2025年年度报告_mgsy.pdf (大小: 0.30 MB, ID: file-fe-e3d3281b4d534cb1b7d111d5)
2026-04-17 07:09:53,461 - httpx - INFO - HTTP Request: POST https://dashscope.aliyuncs.com/compatible-mode/v1/files "HTTP/1.1 200 OK"
2026-04-17 07:09:53,461 - ai_service_enhanced - INFO - 文件上传成功: C:\Users\chenkk\Desktop\新建文件夹\002467-2026-04-17-二六三-2025年年度报告.pdf (文件ID: file-fe-ae21239bfbb444e09ba516e1)
2026-04-17 07:09:53,461 - __main___file_only - INFO - 上传文件: 002467-2026-04-17-二六三-2025年年度报告.pdf (大小: 0.36 MB, ID: file-fe-ae21239bfbb444e09ba516e1)
2026-04-17 07:09:53,462 - __main__ - INFO - 开始处理: C:\Users\chenkk\Desktop\新建文件夹\002445-2026-04-17-中南文化-2025年年度报告.pdf
2026-04-17 07:09:53,662 - httpx - INFO - HTTP Request: POST https://dashscope.aliyuncs.com/compatible-mode/v1/chat/completions "HTTP/1.1 200 OK"
2026-04-17 07:09:53,679 - httpx - INFO - HTTP Request: POST https://dashscope.aliyuncs.com/compatible-mode/v1/chat/completions "HTTP/1.1 200 OK"
2026-04-17 07:09:53,898 - httpx - INFO - HTTP Request: DELETE https://dashscope.aliyuncs.com/compatible-mode/v1/files/file-fe-8f02f3a63e0b4abd8483372a "HTTP/1.1 200 OK"
2026-04-17 07:09:54,600 - httpx - INFO - HTTP Request: DELETE https://dashscope.aliyuncs.com/compatible-mode/v1/files/file-fe-5c3cf6ab0e1d4ef189e6298c "HTTP/1.1 200 OK"
2026-04-17 07:09:54,670 - httpx - INFO - HTTP Request: POST https://dashscope.aliyuncs.com/compatible-mode/v1/chat/completions "HTTP/1.1 200 OK"
2026-04-17 07:09:54,755 - __main___file_only - INFO - 找到数据: 001270 2026-04-17 (3条)
2026-04-17 07:09:54,755 - __main__ - INFO - 处理成功: 001270-2026-04-17
2026-04-17 07:09:54,755 - __main___file_only - INFO - 处理成功: C:\Users\chenkk\Desktop\新建文件夹\001270-2026-04-17-ST铖昌-2025年年度报告.pdf (耗时: 26.77秒)
2026-04-17 07:09:55,422 - httpx - INFO - HTTP Request: DELETE https://dashscope.aliyuncs.com/compatible-mode/v1/files/file-fe-14160e92f3804c02b1d294db "HTTP/1.1 200 OK"
2026-04-17 07:09:55,566 - httpx - INFO - HTTP Request: POST https://dashscope.aliyuncs.com/compatible-mode/v1/files "HTTP/1.1 200 OK"
2026-04-17 07:09:55,567 - ai_service_enhanced - INFO - 文件上传成功: C:\Users\chenkk\Desktop\新建文件夹\净资产收益率和每股收益\002467-2026-04-17-二六三-2025年年度报告_mgsy.pdf (文件ID: file-fe-3421e1d9aad142a1a5a00c02)
2026-04-17 07:09:55,567 - __main___file_only - INFO - 上传文件: 002467-2026-04-17-二六三-2025年年度报告_mgsy.pdf (大小: 0.35 MB, ID: file-fe-3421e1d9aad142a1a5a00c02)
2026-04-17 07:09:55,577 - __main__ - INFO - 开始处理: C:\Users\chenkk\Desktop\新建文件夹\002467-2026-04-17-二六三-2025年年度报告.pdf
2026-04-17 07:09:55,598 - httpx - INFO - HTTP Request: POST https://dashscope.aliyuncs.com/compatible-mode/v1/files "HTTP/1.1 200 OK"
2026-04-17 07:09:55,598 - ai_service_enhanced - INFO - 文件上传成功: C:\Users\chenkk\Desktop\新建文件夹\002480-2026-04-17-新筑股份-2025年年度报告.pdf (文件ID: file-fe-8418c7b30e7741f08d1a12d0)
2026-04-17 07:09:55,598 - __main___file_only - INFO - 上传文件: 002480-2026-04-17-新筑股份-2025年年度报告.pdf (大小: 0.34 MB, ID: file-fe-8418c7b30e7741f08d1a12d0)
2026-04-17 07:09:56,062 - httpx - INFO - HTTP Request: DELETE https://dashscope.aliyuncs.com/compatible-mode/v1/files/file-fe-4be1939f40004f7393998ad4 "HTTP/1.1 200 OK"
2026-04-17 07:09:56,889 - httpx - INFO - HTTP Request: POST https://dashscope.aliyuncs.com/compatible-mode/v1/chat/completions "HTTP/1.1 200 OK"
2026-04-17 07:09:57,648 - httpx - INFO - HTTP Request: POST https://dashscope.aliyuncs.com/compatible-mode/v1/files "HTTP/1.1 200 OK"
2026-04-17 07:09:57,649 - ai_service_enhanced - INFO - 文件上传成功: C:\Users\chenkk\Desktop\新建文件夹\净资产收益率和每股收益\002480-2026-04-17-新筑股份-2025年年度报告_mgsy.pdf (文件ID: file-fe-642b2e6922524d08830b0263)
2026-04-17 07:09:57,649 - __main___file_only - INFO - 上传文件: 002480-2026-04-17-新筑股份-2025年年度报告_mgsy.pdf (大小: 0.30 MB, ID: file-fe-642b2e6922524d08830b0263)
2026-04-17 07:09:57,692 - __main__ - INFO - 开始处理: C:\Users\chenkk\Desktop\新建文件夹\002480-2026-04-17-新筑股份-2025年年度报告.pdf
2026-04-17 07:09:57,709 - httpx - INFO - HTTP Request: POST https://dashscope.aliyuncs.com/compatible-mode/v1/files "HTTP/1.1 200 OK"
2026-04-17 07:09:57,710 - ai_service_enhanced - INFO - 文件上传成功: C:\Users\chenkk\Desktop\新建文件夹\002555-2026-04-17-三七互娱-2025年年度报告.pdf (文件ID: file-fe-990f33bc8d0d44e78b138b4b)
2026-04-17 07:09:57,710 - __main___file_only - INFO - 上传文件: 002555-2026-04-17-三七互娱-2025年年度报告.pdf (大小: 0.36 MB, ID: file-fe-990f33bc8d0d44e78b138b4b)
2026-04-17 07:09:57,795 - httpx - INFO - HTTP Request: POST https://dashscope.aliyuncs.com/compatible-mode/v1/chat/completions "HTTP/1.1 200 OK"
2026-04-17 07:09:57,996 - httpx - INFO - HTTP Request: POST https://dashscope.aliyuncs.com/compatible-mode/v1/chat/completions "HTTP/1.1 200 OK"
2026-04-17 07:09:58,068 - __main___file_only - INFO - 找到数据: 002008 2026-04-17 (3条)
2026-04-17 07:09:58,068 - __main__ - INFO - 处理成功: 002008-2026-04-17
2026-04-17 07:09:58,068 - __main___file_only - INFO - 处理成功: C:\Users\chenkk\Desktop\新建文件夹\002008-2026-04-17-大族激光-2025年年度报告.pdf (耗时: 25.97秒)
2026-04-17 07:09:58,721 - httpx - INFO - HTTP Request: DELETE https://dashscope.aliyuncs.com/compatible-mode/v1/files/file-fe-f75fb3ab2adc472188c63fc7 "HTTP/1.1 200 OK"
2026-04-17 07:09:59,365 - httpx - INFO - HTTP Request: DELETE https://dashscope.aliyuncs.com/compatible-mode/v1/files/file-fe-8a1a97f873304e91b8100d0d "HTTP/1.1 200 OK"
2026-04-17 07:09:59,594 - httpx - INFO - HTTP Request: POST https://dashscope.aliyuncs.com/compatible-mode/v1/chat/completions "HTTP/1.1 200 OK"
2026-04-17 07:09:59,660 - __main___file_only - INFO - 找到数据: 002090 2026-04-17 (3条)
2026-04-17 07:09:59,660 - __main__ - INFO - 处理成功: 002090-2026-04-17
2026-04-17 07:09:59,660 - __main___file_only - INFO - 处理成功: C:\Users\chenkk\Desktop\新建文件夹\002090-2026-04-17-金智科技-2025年年度报告.pdf (耗时: 23.27秒)
2026-04-17 07:09:59,899 - httpx - INFO - HTTP Request: POST https://dashscope.aliyuncs.com/compatible-mode/v1/files "HTTP/1.1 200 OK"
2026-04-17 07:09:59,899 - ai_service_enhanced - INFO - 文件上传成功: C:\Users\chenkk\Desktop\新建文件夹\净资产收益率和每股收益\002555-2026-04-17-三七互娱-2025年年度报告_mgsy.pdf (文件ID: file-fe-9af8e301804c480ab9d1cfae)
2026-04-17 07:09:59,899 - __main___file_only - INFO - 上传文件: 002555-2026-04-17-三七互娱-2025年年度报告_mgsy.pdf (大小: 0.36 MB, ID: file-fe-9af8e301804c480ab9d1cfae)
2026-04-17 07:10:00,047 - httpx - INFO - HTTP Request: POST https://dashscope.aliyuncs.com/compatible-mode/v1/files "HTTP/1.1 200 OK"
2026-04-17 07:10:00,048 - ai_service_enhanced - INFO - 文件上传成功: C:\Users\chenkk\Desktop\新建文件夹\002556-2026-04-17-辉隆股份-2025年年度报告.pdf (文件ID: file-fe-71a6c64ece8a4059b60c8272)
2026-04-17 07:10:00,048 - __main___file_only - INFO - 上传文件: 002556-2026-04-17-辉隆股份-2025年年度报告.pdf (大小: 0.78 MB, ID: file-fe-71a6c64ece8a4059b60c8272)
2026-04-17 07:10:00,048 - __main__ - INFO - 开始处理: C:\Users\chenkk\Desktop\新建文件夹\002555-2026-04-17-三七互娱-2025年年度报告.pdf
2026-04-17 07:10:00,348 - httpx - INFO - HTTP Request: DELETE https://dashscope.aliyuncs.com/compatible-mode/v1/files/file-fe-2452a190c9374db0b8ab1ab4 "HTTP/1.1 200 OK"
2026-04-17 07:10:00,922 - httpx - INFO - HTTP Request: DELETE https://dashscope.aliyuncs.com/compatible-mode/v1/files/file-fe-5adeef7eabaa49c49dd4bbac "HTTP/1.1 200 OK"
2026-04-17 07:10:01,143 - httpx - INFO - HTTP Request: POST https://dashscope.aliyuncs.com/compatible-mode/v1/chat/completions "HTTP/1.1 200 OK"
2026-04-17 07:10:01,798 - httpx - INFO - HTTP Request: POST https://dashscope.aliyuncs.com/compatible-mode/v1/chat/completions "HTTP/1.1 200 OK"
2026-04-17 07:10:01,861 - __main___file_only - INFO - 找到数据: 002022 2026-04-17 (3条)
2026-04-17 07:10:01,861 - __main__ - INFO - 处理成功: 002022-2026-04-17
2026-04-17 07:10:01,861 - __main___file_only - INFO - 处理成功: C:\Users\chenkk\Desktop\新建文件夹\002022-2026-04-17-科华生物-2025年年度报告.pdf (耗时: 27.49秒)
2026-04-17 07:10:01,924 - httpx - INFO - HTTP Request: POST https://dashscope.aliyuncs.com/compatible-mode/v1/files "HTTP/1.1 200 OK"
2026-04-17 07:10:01,924 - ai_service_enhanced - INFO - 文件上传成功: C:\Users\chenkk\Desktop\新建文件夹\002566-2026-04-17-益盛药业-2025年年度报告.pdf (文件ID: file-fe-bf6eda5abb894911a1ec4f5e)
2026-04-17 07:10:01,925 - __main___file_only - INFO - 上传文件: 002566-2026-04-17-益盛药业-2025年年度报告.pdf (大小: 0.62 MB, ID: file-fe-bf6eda5abb894911a1ec4f5e)
2026-04-17 07:10:02,026 - httpx - INFO - HTTP Request: POST https://dashscope.aliyuncs.com/compatible-mode/v1/files "HTTP/1.1 200 OK"
2026-04-17 07:10:02,026 - ai_service_enhanced - INFO - 文件上传成功: C:\Users\chenkk\Desktop\新建文件夹\净资产收益率和每股收益\002556-2026-04-17-辉隆股份-2025年年度报告_mgsy.pdf (文件ID: file-fe-4e9603cba6e04d4abc35c71b)
2026-04-17 07:10:02,027 - __main___file_only - INFO - 上传文件: 002556-2026-04-17-辉隆股份-2025年年度报告_mgsy.pdf (大小: 0.76 MB, ID: file-fe-4e9603cba6e04d4abc35c71b)
2026-04-17 07:10:02,062 - __main__ - INFO - 开始处理: C:\Users\chenkk\Desktop\新建文件夹\002556-2026-04-17-辉隆股份-2025年年度报告.pdf
2026-04-17 07:10:02,215 - httpx - INFO - HTTP Request: POST https://dashscope.aliyuncs.com/compatible-mode/v1/chat/completions "HTTP/1.1 200 OK"
2026-04-17 07:10:02,485 - httpx - INFO - HTTP Request: DELETE https://dashscope.aliyuncs.com/compatible-mode/v1/files/file-fe-5102a1f5ef0f47d9b6ae0f5f "HTTP/1.1 200 OK"
2026-04-17 07:10:02,588 - httpx - INFO - HTTP Request: POST https://dashscope.aliyuncs.com/compatible-mode/v1/chat/completions "HTTP/1.1 200 OK"
2026-04-17 07:10:02,656 - __main___file_only - INFO - 找到数据: 002156 2026-04-17 (3条)
2026-04-17 07:10:02,656 - __main__ - INFO - 处理成功: 002156-2026-04-17
2026-04-17 07:10:02,656 - __main___file_only - INFO - 处理成功: C:\Users\chenkk\Desktop\新建文件夹\002156-2026-04-17-通富微电-2025年年度报告.pdf (耗时: 24.16秒)
2026-04-17 07:10:03,121 - httpx - INFO - HTTP Request: DELETE https://dashscope.aliyuncs.com/compatible-mode/v1/files/file-fe-a51dfe114ff3411897813833 "HTTP/1.1 200 OK"
2026-04-17 07:10:03,270 - httpx - INFO - HTTP Request: DELETE https://dashscope.aliyuncs.com/compatible-mode/v1/files/file-fe-f7921e003eb34bf79e64d6a5 "HTTP/1.1 200 OK"
2026-04-17 07:10:03,967 - httpx - INFO - HTTP Request: DELETE https://dashscope.aliyuncs.com/compatible-mode/v1/files/file-fe-8e0dc550858c4544914ac439 "HTTP/1.1 200 OK"
2026-04-17 07:10:04,043 - httpx - INFO - HTTP Request: POST https://dashscope.aliyuncs.com/compatible-mode/v1/files "HTTP/1.1 200 OK"
2026-04-17 07:10:04,044 - ai_service_enhanced - INFO - 文件上传成功: C:\Users\chenkk\Desktop\新建文件夹\净资产收益率和每股收益\002566-2026-04-17-益盛药业-2025年年度报告_mgsy.pdf (文件ID: file-fe-f7877198f4b242b58ab5295d)
2026-04-17 07:10:04,044 - __main___file_only - INFO - 上传文件: 002566-2026-04-17-益盛药业-2025年年度报告_mgsy.pdf (大小: 0.54 MB, ID: file-fe-f7877198f4b242b58ab5295d)
2026-04-17 07:10:04,108 - httpx - INFO - HTTP Request: POST https://dashscope.aliyuncs.com/compatible-mode/v1/files "HTTP/1.1 200 OK"
2026-04-17 07:10:04,109 - ai_service_enhanced - INFO - 文件上传成功: C:\Users\chenkk\Desktop\新建文件夹\002590-2026-04-17-万安科技-2025年年度报告.pdf (文件ID: file-fe-8e592d6b2d7e426fa5f768f5)
2026-04-17 07:10:04,109 - __main___file_only - INFO - 上传文件: 002590-2026-04-17-万安科技-2025年年度报告.pdf (大小: 0.29 MB, ID: file-fe-8e592d6b2d7e426fa5f768f5)
2026-04-17 07:10:04,109 - __main__ - INFO - 开始处理: C:\Users\chenkk\Desktop\新建文件夹\002566-2026-04-17-益盛药业-2025年年度报告.pdf
2026-04-17 07:10:04,906 - httpx - INFO - HTTP Request: POST https://dashscope.aliyuncs.com/compatible-mode/v1/chat/completions "HTTP/1.1 200 OK"
2026-04-17 07:10:04,982 - __main___file_only - INFO - 找到数据: 002183 2026-04-17 (3条)
2026-04-17 07:10:04,982 - __main__ - INFO - 处理成功: 002183-2026-04-17
2026-04-17 07:10:04,982 - __main___file_only - INFO - 处理成功: C:\Users\chenkk\Desktop\新建文件夹\002183-2026-04-17-怡亚通-2025年年度报告.pdf (耗时: 24.37秒)
2026-04-17 07:10:05,299 - httpx - INFO - HTTP Request: POST https://dashscope.aliyuncs.com/compatible-mode/v1/chat/completions "HTTP/1.1 200 OK"
2026-04-17 07:10:05,625 - httpx - INFO - HTTP Request: DELETE https://dashscope.aliyuncs.com/compatible-mode/v1/files/file-fe-6f12f7e124f94577b5390390 "HTTP/1.1 200 OK"
2026-04-17 07:10:06,162 - httpx - INFO - HTTP Request: POST https://dashscope.aliyuncs.com/compatible-mode/v1/files "HTTP/1.1 200 OK"
2026-04-17 07:10:06,163 - ai_service_enhanced - INFO - 文件上传成功: C:\Users\chenkk\Desktop\新建文件夹\净资产收益率和每股收益\002590-2026-04-17-万安科技-2025年年度报告_mgsy.pdf (文件ID: file-fe-ac2469b3f6564e8ebffcefd5)
2026-04-17 07:10:06,163 - __main___file_only - INFO - 上传文件: 002590-2026-04-17-万安科技-2025年年度报告_mgsy.pdf (大小: 0.28 MB, ID: file-fe-ac2469b3f6564e8ebffcefd5)
2026-04-17 07:10:06,183 - httpx - INFO - HTTP Request: POST https://dashscope.aliyuncs.com/compatible-mode/v1/files "HTTP/1.1 200 OK"
2026-04-17 07:10:06,184 - ai_service_enhanced - INFO - 文件上传成功: C:\Users\chenkk\Desktop\新建文件夹\002655-2026-04-17-共达电声-2025年年度报告.pdf (文件ID: file-fe-6e427157f74e4b1a8cef7a1d)
2026-04-17 07:10:06,184 - __main___file_only - INFO - 上传文件: 002655-2026-04-17-共达电声-2025年年度报告.pdf (大小: 0.33 MB, ID: file-fe-6e427157f74e4b1a8cef7a1d)
2026-04-17 07:10:06,185 - __main__ - INFO - 开始处理: C:\Users\chenkk\Desktop\新建文件夹\002590-2026-04-17-万安科技-2025年年度报告.pdf
2026-04-17 07:10:06,268 - httpx - INFO - HTTP Request: DELETE https://dashscope.aliyuncs.com/compatible-mode/v1/files/file-fe-92a87f7b5a0a463791f459f5 "HTTP/1.1 200 OK"
2026-04-17 07:10:06,668 - httpx - INFO - HTTP Request: POST https://dashscope.aliyuncs.com/compatible-mode/v1/chat/completions "HTTP/1.1 200 OK"
2026-04-17 07:10:08,353 - httpx - INFO - HTTP Request: POST https://dashscope.aliyuncs.com/compatible-mode/v1/files "HTTP/1.1 200 OK"
2026-04-17 07:10:08,354 - ai_service_enhanced - INFO - 文件上传成功: C:\Users\chenkk\Desktop\新建文件夹\002687-2026-04-17-乔治白-2025年年度报告.pdf (文件ID: file-fe-eac1973cfcff4f1688cd7fc8)
2026-04-17 07:10:08,354 - __main___file_only - INFO - 上传文件: 002687-2026-04-17-乔治白-2025年年度报告.pdf (大小: 0.29 MB, ID: file-fe-eac1973cfcff4f1688cd7fc8)
2026-04-17 07:10:08,383 - httpx - INFO - HTTP Request: POST https://dashscope.aliyuncs.com/compatible-mode/v1/files "HTTP/1.1 200 OK"
2026-04-17 07:10:08,383 - ai_service_enhanced - INFO - 文件上传成功: C:\Users\chenkk\Desktop\新建文件夹\净资产收益率和每股收益\002655-2026-04-17-共达电声-2025年年度报告_mgsy.pdf (文件ID: file-fe-17e04ad06b9048aa8e823d3b)
2026-04-17 07:10:08,383 - __main___file_only - INFO - 上传文件: 002655-2026-04-17-共达电声-2025年年度报告_mgsy.pdf (大小: 0.32 MB, ID: file-fe-17e04ad06b9048aa8e823d3b)
2026-04-17 07:10:08,457 - __main__ - INFO - 开始处理: C:\Users\chenkk\Desktop\新建文件夹\002655-2026-04-17-共达电声-2025年年度报告.pdf
2026-04-17 07:10:10,489 - httpx - INFO - HTTP Request: POST https://dashscope.aliyuncs.com/compatible-mode/v1/files "HTTP/1.1 200 OK"
2026-04-17 07:10:10,490 - ai_service_enhanced - INFO - 文件上传成功: C:\Users\chenkk\Desktop\新建文件夹\002689-2026-04-17-ST远智-2025年年度报告.pdf (文件ID: file-fe-77ce44f28ad04c5da4696c02)
2026-04-17 07:10:10,490 - __main___file_only - INFO - 上传文件: 002689-2026-04-17-ST远智-2025年年度报告.pdf (大小: 0.30 MB, ID: file-fe-77ce44f28ad04c5da4696c02)
2026-04-17 07:10:10,951 - httpx - INFO - HTTP Request: POST https://dashscope.aliyuncs.com/compatible-mode/v1/chat/completions "HTTP/1.1 200 OK"
2026-04-17 07:10:10,972 - httpx - INFO - HTTP Request: POST https://dashscope.aliyuncs.com/compatible-mode/v1/files "HTTP/1.1 200 OK"
2026-04-17 07:10:10,973 - ai_service_enhanced - INFO - 文件上传成功: C:\Users\chenkk\Desktop\新建文件夹\净资产收益率和每股收益\002687-2026-04-17-乔治白-2025年年度报告_mgsy.pdf (文件ID: file-fe-b950a8483fd841f789805661)
2026-04-17 07:10:10,973 - __main___file_only - INFO - 上传文件: 002687-2026-04-17-乔治白-2025年年度报告_mgsy.pdf (大小: 0.28 MB, ID: file-fe-b950a8483fd841f789805661)
2026-04-17 07:10:11,019 - __main___file_only - INFO - 找到数据: 002343 2026-04-17 (3条)
2026-04-17 07:10:11,019 - __main__ - INFO - 处理成功: 002343-2026-04-17
2026-04-17 07:10:11,019 - __main___file_only - INFO - 处理成功: C:\Users\chenkk\Desktop\新建文件夹\002343-2026-04-17-慈文传媒-2025年年度报告.pdf (耗时: 23.91秒)
2026-04-17 07:10:11,021 - httpx - INFO - HTTP Request: POST https://dashscope.aliyuncs.com/compatible-mode/v1/chat/completions "HTTP/1.1 200 OK"
2026-04-17 07:10:11,088 - __main__ - INFO - 开始处理: C:\Users\chenkk\Desktop\新建文件夹\002687-2026-04-17-乔治白-2025年年度报告.pdf
2026-04-17 07:10:11,348 - httpx - INFO - HTTP Request: POST https://dashscope.aliyuncs.com/compatible-mode/v1/chat/completions "HTTP/1.1 200 OK"
2026-04-17 07:10:11,410 - __main___file_only - INFO - 找到数据: 002204 2026-04-17 (3条)
2026-04-17 07:10:11,410 - __main__ - INFO - 处理成功: 002204-2026-04-17
2026-04-17 07:10:11,410 - __main___file_only - INFO - 处理成功: C:\Users\chenkk\Desktop\新建文件夹\002204-2026-04-17-大连重工-2025年年度报告.pdf (耗时: 28.42秒)
2026-04-17 07:10:11,637 - httpx - INFO - HTTP Request: DELETE https://dashscope.aliyuncs.com/compatible-mode/v1/files/file-fe-0e7735cf91584b458586f0b4 "HTTP/1.1 200 OK"
2026-04-17 07:10:11,754 - httpx - INFO - HTTP Request: POST https://dashscope.aliyuncs.com/compatible-mode/v1/chat/completions "HTTP/1.1 200 OK"
2026-04-17 07:10:12,004 - httpx - INFO - HTTP Request: DELETE https://dashscope.aliyuncs.com/compatible-mode/v1/files/file-fe-1c685ee1b83f439a910e1cf6 "HTTP/1.1 200 OK"
2026-04-17 07:10:12,312 - httpx - INFO - HTTP Request: DELETE https://dashscope.aliyuncs.com/compatible-mode/v1/files/file-fe-e0aeb0192c324e58bc57a780 "HTTP/1.1 200 OK"
2026-04-17 07:10:12,653 - httpx - INFO - HTTP Request: POST https://dashscope.aliyuncs.com/compatible-mode/v1/files "HTTP/1.1 200 OK"
2026-04-17 07:10:12,653 - ai_service_enhanced - INFO - 文件上传成功: C:\Users\chenkk\Desktop\新建文件夹\净资产收益率和每股收益\002689-2026-04-17-ST远智-2025年年度报告_mgsy.pdf (文件ID: file-fe-111da40ed79e4d2b80a9cafd)
2026-04-17 07:10:12,654 - httpx - INFO - HTTP Request: POST https://dashscope.aliyuncs.com/compatible-mode/v1/files "HTTP/1.1 200 OK"
2026-04-17 07:10:12,654 - __main___file_only - INFO - 上传文件: 002689-2026-04-17-ST远智-2025年年度报告_mgsy.pdf (大小: 0.29 MB, ID: file-fe-111da40ed79e4d2b80a9cafd)
2026-04-17 07:10:12,654 - ai_service_enhanced - INFO - 文件上传成功: C:\Users\chenkk\Desktop\新建文件夹\002721-2026-04-17-金一文化-2025年年度报告.pdf (文件ID: file-fe-681bbe5698074415903c9826)
2026-04-17 07:10:12,654 - __main___file_only - INFO - 上传文件: 002721-2026-04-17-金一文化-2025年年度报告.pdf (大小: 0.59 MB, ID: file-fe-681bbe5698074415903c9826)
2026-04-17 07:10:12,655 - __main__ - INFO - 开始处理: C:\Users\chenkk\Desktop\新建文件夹\002689-2026-04-17-ST远智-2025年年度报告.pdf
2026-04-17 07:10:12,713 - httpx - INFO - HTTP Request: POST https://dashscope.aliyuncs.com/compatible-mode/v1/chat/completions "HTTP/1.1 200 OK"
2026-04-17 07:10:12,779 - __main___file_only - INFO - 找到数据: 002271 2026-04-17 (3条)
2026-04-17 07:10:12,779 - __main__ - INFO - 处理成功: 002271-2026-04-17
2026-04-17 07:10:12,779 - __main___file_only - INFO - 处理成功: C:\Users\chenkk\Desktop\新建文件夹\002271-2026-04-17-东方雨虹-2025年年度报告.pdf (耗时: 27.42秒)
2026-04-17 07:10:12,793 - httpx - INFO - HTTP Request: DELETE https://dashscope.aliyuncs.com/compatible-mode/v1/files/file-fe-34d6e498059e49f2b7709d7a "HTTP/1.1 200 OK"
2026-04-17 07:10:13,216 - httpx - INFO - HTTP Request: POST https://dashscope.aliyuncs.com/compatible-mode/v1/chat/completions "HTTP/1.1 200 OK"
2026-04-17 07:10:13,287 - __main___file_only - INFO - 找到数据: 002467 2026-04-17 (3条)
2026-04-17 07:10:13,287 - __main__ - INFO - 处理成功: 002467-2026-04-17
2026-04-17 07:10:13,287 - __main___file_only - INFO - 处理成功: C:\Users\chenkk\Desktop\新建文件夹\002467-2026-04-17-二六三-2025年年度报告.pdf (耗时: 17.71秒)
2026-04-17 07:10:13,379 - httpx - INFO - HTTP Request: DELETE https://dashscope.aliyuncs.com/compatible-mode/v1/files/file-fe-773f1cd4965a46cbb43613da "HTTP/1.1 200 OK"
2026-04-17 07:10:14,028 - httpx - INFO - HTTP Request: DELETE https://dashscope.aliyuncs.com/compatible-mode/v1/files/file-fe-ae21239bfbb444e09ba516e1 "HTTP/1.1 200 OK"
2026-04-17 07:10:14,149 - httpx - INFO - HTTP Request: DELETE https://dashscope.aliyuncs.com/compatible-mode/v1/files/file-fe-6db60a5b19c6480d87461c69 "HTTP/1.1 200 OK"
2026-04-17 07:10:14,667 - httpx - INFO - HTTP Request: DELETE https://dashscope.aliyuncs.com/compatible-mode/v1/files/file-fe-3421e1d9aad142a1a5a00c02 "HTTP/1.1 200 OK"
2026-04-17 07:10:14,741 - httpx - INFO - HTTP Request: POST https://dashscope.aliyuncs.com/compatible-mode/v1/files "HTTP/1.1 200 OK"
2026-04-17 07:10:14,742 - ai_service_enhanced - INFO - 文件上传成功: C:\Users\chenkk\Desktop\新建文件夹\002734-2026-04-17-利民股份-2025年年度报告.pdf (文件ID: file-fe-94dda4fe73174c45a37ea6fc)
2026-04-17 07:10:14,742 - __main___file_only - INFO - 上传文件: 002734-2026-04-17-利民股份-2025年年度报告.pdf (大小: 0.25 MB, ID: file-fe-94dda4fe73174c45a37ea6fc)
2026-04-17 07:10:14,756 - httpx - INFO - HTTP Request: POST https://dashscope.aliyuncs.com/compatible-mode/v1/files "HTTP/1.1 200 OK"
2026-04-17 07:10:14,757 - ai_service_enhanced - INFO - 文件上传成功: C:\Users\chenkk\Desktop\新建文件夹\净资产收益率和每股收益\002721-2026-04-17-金一文化-2025年年度报告_mgsy.pdf (文件ID: file-fe-05f9762971b7425da2591224)
2026-04-17 07:10:14,757 - __main___file_only - INFO - 上传文件: 002721-2026-04-17-金一文化-2025年年度报告_mgsy.pdf (大小: 0.58 MB, ID: file-fe-05f9762971b7425da2591224)
2026-04-17 07:10:14,758 - __main__ - INFO - 开始处理: C:\Users\chenkk\Desktop\新建文件夹\002721-2026-04-17-金一文化-2025年年度报告.pdf
2026-04-17 07:10:15,276 - httpx - INFO - HTTP Request: POST https://dashscope.aliyuncs.com/compatible-mode/v1/chat/completions "HTTP/1.1 200 OK"
2026-04-17 07:10:16,896 - httpx - INFO - HTTP Request: POST https://dashscope.aliyuncs.com/compatible-mode/v1/chat/completions "HTTP/1.1 200 OK"
2026-04-17 07:10:16,926 - httpx - INFO - HTTP Request: POST https://dashscope.aliyuncs.com/compatible-mode/v1/files "HTTP/1.1 200 OK"
2026-04-17 07:10:16,927 - ai_service_enhanced - INFO - 文件上传成功: C:\Users\chenkk\Desktop\新建文件夹\净资产收益率和每股收益\002734-2026-04-17-利民股份-2025年年度报告_mgsy.pdf (文件ID: file-fe-3f14c20896f040c087692803)
2026-04-17 07:10:16,927 - __main___file_only - INFO - 上传文件: 002734-2026-04-17-利民股份-2025年年度报告_mgsy.pdf (大小: 0.25 MB, ID: file-fe-3f14c20896f040c087692803)
2026-04-17 07:10:16,963 - httpx - INFO - HTTP Request: POST https://dashscope.aliyuncs.com/compatible-mode/v1/files "HTTP/1.1 200 OK"
2026-04-17 07:10:16,964 - ai_service_enhanced - INFO - 文件上传成功: C:\Users\chenkk\Desktop\新建文件夹\002903-2026-04-17-宇环数控-2025年年度报告.pdf (文件ID: file-fe-19138795c11e4b31b52567ed)
2026-04-17 07:10:16,964 - __main___file_only - INFO - 上传文件: 002903-2026-04-17-宇环数控-2025年年度报告.pdf (大小: 0.54 MB, ID: file-fe-19138795c11e4b31b52567ed)
2026-04-17 07:10:17,031 - __main__ - INFO - 开始处理: C:\Users\chenkk\Desktop\新建文件夹\002734-2026-04-17-利民股份-2025年年度报告.pdf
2026-04-17 07:10:17,113 - __main___file_only - INFO - 找到数据: 002365 2026-04-17 (3条)
2026-04-17 07:10:17,114 - __main__ - INFO - 处理成功: 002365-2026-04-17
2026-04-17 07:10:17,114 - __main___file_only - INFO - 处理成功: C:\Users\chenkk\Desktop\新建文件夹\002365-2026-04-17-永安药业-2025年年度报告.pdf (耗时: 25.70秒)
2026-04-17 07:10:17,719 - httpx - INFO - HTTP Request: DELETE https://dashscope.aliyuncs.com/compatible-mode/v1/files/file-fe-2d623531c91742dab968d772 "HTTP/1.1 200 OK"
2026-04-17 07:10:17,815 - httpx - INFO - HTTP Request: POST https://dashscope.aliyuncs.com/compatible-mode/v1/chat/completions "HTTP/1.1 200 OK"
2026-04-17 07:10:18,352 - httpx - INFO - HTTP Request: DELETE https://dashscope.aliyuncs.com/compatible-mode/v1/files/file-fe-06e745f864174c749d6fbd41 "HTTP/1.1 200 OK"
2026-04-17 07:10:18,377 - httpx - INFO - HTTP Request: POST https://dashscope.aliyuncs.com/compatible-mode/v1/chat/completions "HTTP/1.1 200 OK"
2026-04-17 07:10:18,997 - httpx - INFO - HTTP Request: POST https://dashscope.aliyuncs.com/compatible-mode/v1/files "HTTP/1.1 200 OK"
2026-04-17 07:10:18,997 - ai_service_enhanced - INFO - 文件上传成功: C:\Users\chenkk\Desktop\新建文件夹\净资产收益率和每股收益\002903-2026-04-17-宇环数控-2025年年度报告_mgsy.pdf (文件ID: file-fe-56fe7dd4243a49c5aaa97e7c)
2026-04-17 07:10:18,997 - __main___file_only - INFO - 上传文件: 002903-2026-04-17-宇环数控-2025年年度报告_mgsy.pdf (大小: 0.48 MB, ID: file-fe-56fe7dd4243a49c5aaa97e7c)
2026-04-17 07:10:19,041 - httpx - INFO - HTTP Request: POST https://dashscope.aliyuncs.com/compatible-mode/v1/files "HTTP/1.1 200 OK"
2026-04-17 07:10:19,042 - ai_service_enhanced - INFO - 文件上传成功: C:\Users\chenkk\Desktop\新建文件夹\300036-2026-04-17-超图软件-2025年年度报告.pdf (文件ID: file-fe-14d8b7bb0170471da6620fd2)
2026-04-17 07:10:19,042 - __main___file_only - INFO - 上传文件: 300036-2026-04-17-超图软件-2025年年度报告.pdf (大小: 0.68 MB, ID: file-fe-14d8b7bb0170471da6620fd2)
2026-04-17 07:10:19,042 - __main__ - INFO - 开始处理: C:\Users\chenkk\Desktop\新建文件夹\002903-2026-04-17-宇环数控-2025年年度报告.pdf
2026-04-17 07:10:19,852 - httpx - INFO - HTTP Request: POST https://dashscope.aliyuncs.com/compatible-mode/v1/chat/completions "HTTP/1.1 200 OK"
2026-04-17 07:10:19,994 - __main___file_only - INFO - 找到数据: 002445 2026-04-17 (3条)
2026-04-17 07:10:19,995 - __main__ - INFO - 处理成功: 002445-2026-04-17
2026-04-17 07:10:19,995 - __main___file_only - INFO - 处理成功: C:\Users\chenkk\Desktop\新建文件夹\002445-2026-04-17-中南文化-2025年年度报告.pdf (耗时: 26.53秒)
2026-04-17 07:10:20,280 - httpx - INFO - HTTP Request: POST https://dashscope.aliyuncs.com/compatible-mode/v1/chat/completions "HTTP/1.1 200 OK"
2026-04-17 07:10:20,358 - __main___file_only - INFO - 找到数据: 002353 2026-04-17 (3条)
2026-04-17 07:10:20,358 - __main__ - INFO - 处理成功: 002353-2026-04-17
2026-04-17 07:10:20,359 - __main___file_only - INFO - 处理成功: C:\Users\chenkk\Desktop\新建文件夹\002353-2026-04-17-杰瑞股份-2025年年度报告.pdf (耗时: 31.22秒)
2026-04-17 07:10:20,577 - httpx - INFO - HTTP Request: DELETE https://dashscope.aliyuncs.com/compatible-mode/v1/files/file-fe-64fb6e6e3f3048a59d612a8a "HTTP/1.1 200 OK"
2026-04-17 07:10:20,771 - httpx - INFO - HTTP Request: POST https://dashscope.aliyuncs.com/compatible-mode/v1/chat/completions "HTTP/1.1 200 OK"
2026-04-17 07:10:21,091 - httpx - INFO - HTTP Request: DELETE https://dashscope.aliyuncs.com/compatible-mode/v1/files/file-fe-6011dc8a83a64f38860bdf0c "HTTP/1.1 200 OK"
2026-04-17 07:10:21,215 - httpx - INFO - HTTP Request: POST https://dashscope.aliyuncs.com/compatible-mode/v1/files "HTTP/1.1 200 OK"
2026-04-17 07:10:21,216 - ai_service_enhanced - INFO - 文件上传成功: C:\Users\chenkk\Desktop\新建文件夹\净资产收益率和每股收益\300036-2026-04-17-超图软件-2025年年度报告_mgsy.pdf (文件ID: file-fe-3cac6349ab1d481183273085)
2026-04-17 07:10:21,216 - __main___file_only - INFO - 上传文件: 300036-2026-04-17-超图软件-2025年年度报告_mgsy.pdf (大小: 0.50 MB, ID: file-fe-3cac6349ab1d481183273085)
2026-04-17 07:10:21,222 - httpx - INFO - HTTP Request: DELETE https://dashscope.aliyuncs.com/compatible-mode/v1/files/file-fe-e3d3281b4d534cb1b7d111d5 "HTTP/1.1 200 OK"
2026-04-17 07:10:21,419 - __main__ - INFO - 开始处理: C:\Users\chenkk\Desktop\新建文件夹\300036-2026-04-17-超图软件-2025年年度报告.pdf
2026-04-17 07:10:21,637 - httpx - INFO - HTTP Request: POST https://dashscope.aliyuncs.com/compatible-mode/v1/files "HTTP/1.1 200 OK"
2026-04-17 07:10:21,637 - ai_service_enhanced - INFO - 文件上传成功: C:\Users\chenkk\Desktop\新建文件夹\300055-2026-04-17-万邦达-2025年年度报告.pdf (文件ID: file-fe-52227c833fcf4b00b30e4ddb)
2026-04-17 07:10:21,638 - __main___file_only - INFO - 上传文件: 300055-2026-04-17-万邦达-2025年年度报告.pdf (大小: 0.49 MB, ID: file-fe-52227c833fcf4b00b30e4ddb)
2026-04-17 07:10:21,739 - httpx - INFO - HTTP Request: DELETE https://dashscope.aliyuncs.com/compatible-mode/v1/files/file-fe-5039211450684dbc98ec6196 "HTTP/1.1 200 OK"
2026-04-17 07:10:22,727 - httpx - INFO - HTTP Request: POST https://dashscope.aliyuncs.com/compatible-mode/v1/chat/completions "HTTP/1.1 200 OK"
2026-04-17 07:10:23,231 - httpx - INFO - HTTP Request: POST https://dashscope.aliyuncs.com/compatible-mode/v1/files "HTTP/1.1 200 OK"
2026-04-17 07:10:23,232 - ai_service_enhanced - INFO - 文件上传成功: C:\Users\chenkk\Desktop\新建文件夹\300066-2026-04-17-三川智慧-2025年年度报告.pdf (文件ID: file-fe-c6d5ea3f33bc47f0af1199bd)
2026-04-17 07:10:23,232 - __main___file_only - INFO - 上传文件: 300066-2026-04-17-三川智慧-2025年年度报告.pdf (大小: 0.31 MB, ID: file-fe-c6d5ea3f33bc47f0af1199bd)
2026-04-17 07:10:23,264 - httpx - INFO - HTTP Request: POST https://dashscope.aliyuncs.com/compatible-mode/v1/files "HTTP/1.1 200 OK"
2026-04-17 07:10:23,264 - ai_service_enhanced - INFO - 文件上传成功: C:\Users\chenkk\Desktop\新建文件夹\净资产收益率和每股收益\300055-2026-04-17-万邦达-2025年年度报告_mgsy.pdf (文件ID: file-fe-0d3ef8ebd8f04e63a314b1a7)
2026-04-17 07:10:23,265 - __main___file_only - INFO - 上传文件: 300055-2026-04-17-万邦达-2025年年度报告_mgsy.pdf (大小: 0.59 MB, ID: file-fe-0d3ef8ebd8f04e63a314b1a7)
2026-04-17 07:10:23,503 - httpx - INFO - HTTP Request: POST https://dashscope.aliyuncs.com/compatible-mode/v1/chat/completions "HTTP/1.1 200 OK"
2026-04-17 07:10:23,524 - __main__ - INFO - 开始处理: C:\Users\chenkk\Desktop\新建文件夹\300055-2026-04-17-万邦达-2025年年度报告.pdf
2026-04-17 07:10:25,034 - httpx - INFO - HTTP Request: POST https://dashscope.aliyuncs.com/compatible-mode/v1/chat/completions "HTTP/1.1 200 OK"
2026-04-17 07:10:25,302 - httpx - INFO - HTTP Request: POST https://dashscope.aliyuncs.com/compatible-mode/v1/chat/completions "HTTP/1.1 200 OK"
2026-04-17 07:10:25,305 - httpx - INFO - HTTP Request: POST https://dashscope.aliyuncs.com/compatible-mode/v1/files "HTTP/1.1 200 OK"
2026-04-17 07:10:25,305 - ai_service_enhanced - INFO - 文件上传成功: C:\Users\chenkk\Desktop\新建文件夹\300079-2026-04-17-数码视讯-2025年年度报告.pdf (文件ID: file-fe-5b77b5eacdb943e5ab29a365)
2026-04-17 07:10:25,305 - __main___file_only - INFO - 上传文件: 300079-2026-04-17-数码视讯-2025年年度报告.pdf (大小: 0.51 MB, ID: file-fe-5b77b5eacdb943e5ab29a365)
2026-04-17 07:10:25,351 - __main___file_only - INFO - 找到数据: 002555 2026-04-17 (3条)
2026-04-17 07:10:25,352 - __main__ - INFO - 处理成功: 002555-2026-04-17
2026-04-17 07:10:25,352 - __main___file_only - INFO - 处理成功: C:\Users\chenkk\Desktop\新建文件夹\002555-2026-04-17-三七互娱-2025年年度报告.pdf (耗时: 25.30秒)
2026-04-17 07:10:25,442 - httpx - INFO - HTTP Request: POST https://dashscope.aliyuncs.com/compatible-mode/v1/files "HTTP/1.1 200 OK"
2026-04-17 07:10:25,443 - ai_service_enhanced - INFO - 文件上传成功: C:\Users\chenkk\Desktop\新建文件夹\净资产收益率和每股收益\300066-2026-04-17-三川智慧-2025年年度报告_mgsy.pdf (文件ID: file-fe-c5460934c7564995b6ff3b9c)
2026-04-17 07:10:25,443 - __main___file_only - INFO - 上传文件: 300066-2026-04-17-三川智慧-2025年年度报告_mgsy.pdf (大小: 0.31 MB, ID: file-fe-c5460934c7564995b6ff3b9c)
2026-04-17 07:10:25,527 - __main___file_only - INFO - 找到数据: 002480 2026-04-17 (3条)
2026-04-17 07:10:25,527 - __main__ - INFO - 处理成功: 002480-2026-04-17
2026-04-17 07:10:25,527 - __main___file_only - INFO - 处理成功: C:\Users\chenkk\Desktop\新建文件夹\002480-2026-04-17-新筑股份-2025年年度报告.pdf (耗时: 27.84秒)
2026-04-17 07:10:25,643 - __main__ - INFO - 开始处理: C:\Users\chenkk\Desktop\新建文件夹\300066-2026-04-17-三川智慧-2025年年度报告.pdf
2026-04-17 07:10:26,012 - httpx - INFO - HTTP Request: DELETE https://dashscope.aliyuncs.com/compatible-mode/v1/files/file-fe-990f33bc8d0d44e78b138b4b "HTTP/1.1 200 OK"
2026-04-17 07:10:26,206 - httpx - INFO - HTTP Request: DELETE https://dashscope.aliyuncs.com/compatible-mode/v1/files/file-fe-8418c7b30e7741f08d1a12d0 "HTTP/1.1 200 OK"
2026-04-17 07:10:26,487 - httpx - INFO - HTTP Request: POST https://dashscope.aliyuncs.com/compatible-mode/v1/chat/completions "HTTP/1.1 200 OK"
2026-04-17 07:10:26,640 - httpx - INFO - HTTP Request: DELETE https://dashscope.aliyuncs.com/compatible-mode/v1/files/file-fe-9af8e301804c480ab9d1cfae "HTTP/1.1 200 OK"
2026-04-17 07:10:26,666 - __main___file_only - INFO - 找到数据: 002556 2026-04-17 (3条)
2026-04-17 07:10:26,666 - __main__ - INFO - 处理成功: 002556-2026-04-17
2026-04-17 07:10:26,666 - __main___file_only - INFO - 处理成功: C:\Users\chenkk\Desktop\新建文件夹\002556-2026-04-17-辉隆股份-2025年年度报告.pdf (耗时: 24.60秒)
2026-04-17 07:10:26,883 - httpx - INFO - HTTP Request: DELETE https://dashscope.aliyuncs.com/compatible-mode/v1/files/file-fe-642b2e6922524d08830b0263 "HTTP/1.1 200 OK"
2026-04-17 07:10:27,299 - httpx - INFO - HTTP Request: DELETE https://dashscope.aliyuncs.com/compatible-mode/v1/files/file-fe-71a6c64ece8a4059b60c8272 "HTTP/1.1 200 OK"
2026-04-17 07:10:27,470 - httpx - INFO - HTTP Request: POST https://dashscope.aliyuncs.com/compatible-mode/v1/files "HTTP/1.1 200 OK"
2026-04-17 07:10:27,470 - ai_service_enhanced - INFO - 文件上传成功: C:\Users\chenkk\Desktop\新建文件夹\300160-2026-04-17-秀强股份-2025年年度报告.pdf (文件ID: file-fe-93aa6e3f5164462c96f44e66)
2026-04-17 07:10:27,470 - __main___file_only - INFO - 上传文件: 300160-2026-04-17-秀强股份-2025年年度报告.pdf (大小: 0.35 MB, ID: file-fe-93aa6e3f5164462c96f44e66)
2026-04-17 07:10:27,514 - httpx - INFO - HTTP Request: POST https://dashscope.aliyuncs.com/compatible-mode/v1/files "HTTP/1.1 200 OK"
2026-04-17 07:10:27,515 - ai_service_enhanced - INFO - 文件上传成功: C:\Users\chenkk\Desktop\新建文件夹\净资产收益率和每股收益\300079-2026-04-17-数码视讯-2025年年度报告_mgsy.pdf (文件ID: file-fe-4d0d1c06010d4567ac270eda)
2026-04-17 07:10:27,515 - __main___file_only - INFO - 上传文件: 300079-2026-04-17-数码视讯-2025年年度报告_mgsy.pdf (大小: 0.51 MB, ID: file-fe-4d0d1c06010d4567ac270eda)
2026-04-17 07:10:27,755 - __main__ - INFO - 开始处理: C:\Users\chenkk\Desktop\新建文件夹\300079-2026-04-17-数码视讯-2025年年度报告.pdf
2026-04-17 07:10:27,807 - httpx - INFO - HTTP Request: POST https://dashscope.aliyuncs.com/compatible-mode/v1/chat/completions "HTTP/1.1 200 OK"
2026-04-17 07:10:27,942 - httpx - INFO - HTTP Request: POST https://dashscope.aliyuncs.com/compatible-mode/v1/chat/completions "HTTP/1.1 200 OK"
2026-04-17 07:10:27,981 - httpx - INFO - HTTP Request: DELETE https://dashscope.aliyuncs.com/compatible-mode/v1/files/file-fe-4e9603cba6e04d4abc35c71b "HTTP/1.1 200 OK"
2026-04-17 07:10:29,583 - httpx - INFO - HTTP Request: POST https://dashscope.aliyuncs.com/compatible-mode/v1/files "HTTP/1.1 200 OK"
2026-04-17 07:10:29,583 - ai_service_enhanced - INFO - 文件上传成功: C:\Users\chenkk\Desktop\新建文件夹\净资产收益率和每股收益\300160-2026-04-17-秀强股份-2025年年度报告_mgsy.pdf (文件ID: file-fe-5ddb9c8d2590457d89410790)
2026-04-17 07:10:29,583 - __main___file_only - INFO - 上传文件: 300160-2026-04-17-秀强股份-2025年年度报告_mgsy.pdf (大小: 0.35 MB, ID: file-fe-5ddb9c8d2590457d89410790)
2026-04-17 07:10:29,606 - __main__ - INFO - 开始处理: C:\Users\chenkk\Desktop\新建文件夹\300160-2026-04-17-秀强股份-2025年年度报告.pdf
2026-04-17 07:10:29,609 - httpx - INFO - HTTP Request: POST https://dashscope.aliyuncs.com/compatible-mode/v1/files "HTTP/1.1 200 OK"
2026-04-17 07:10:29,610 - ai_service_enhanced - INFO - 文件上传成功: C:\Users\chenkk\Desktop\新建文件夹\300249-2026-04-17-依米康-2025年年度报告.pdf (文件ID: file-fe-e80786ddfae642a884764144)
2026-04-17 07:10:29,610 - __main___file_only - INFO - 上传文件: 300249-2026-04-17-依米康-2025年年度报告.pdf (大小: 0.40 MB, ID: file-fe-e80786ddfae642a884764144)
2026-04-17 07:10:29,999 - httpx - INFO - HTTP Request: POST https://dashscope.aliyuncs.com/compatible-mode/v1/chat/completions "HTTP/1.1 200 OK"
2026-04-17 07:10:30,074 - __main___file_only - INFO - 找到数据: 002590 2026-04-17 (3条)
2026-04-17 07:10:30,074 - __main__ - INFO - 处理成功: 002590-2026-04-17
2026-04-17 07:10:30,074 - __main___file_only - INFO - 处理成功: C:\Users\chenkk\Desktop\新建文件夹\002590-2026-04-17-万安科技-2025年年度报告.pdf (耗时: 23.89秒)
2026-04-17 07:10:30,362 - httpx - INFO - HTTP Request: POST https://dashscope.aliyuncs.com/compatible-mode/v1/chat/completions "HTTP/1.1 200 OK"
2026-04-17 07:10:30,435 - __main___file_only - INFO - 找到数据: 002566 2026-04-17 (3条)
2026-04-17 07:10:30,436 - __main__ - INFO - 处理成功: 002566-2026-04-17
2026-04-17 07:10:30,436 - __main___file_only - INFO - 处理成功: C:\Users\chenkk\Desktop\新建文件夹\002566-2026-04-17-益盛药业-2025年年度报告.pdf (耗时: 26.33秒)
2026-04-17 07:10:30,733 - httpx - INFO - HTTP Request: DELETE https://dashscope.aliyuncs.com/compatible-mode/v1/files/file-fe-8e592d6b2d7e426fa5f768f5 "HTTP/1.1 200 OK"
2026-04-17 07:10:31,097 - httpx - INFO - HTTP Request: DELETE https://dashscope.aliyuncs.com/compatible-mode/v1/files/file-fe-bf6eda5abb894911a1ec4f5e "HTTP/1.1 200 OK"
2026-04-17 07:10:31,272 - httpx - INFO - HTTP Request: POST https://dashscope.aliyuncs.com/compatible-mode/v1/chat/completions "HTTP/1.1 200 OK"
2026-04-17 07:10:31,398 - httpx - INFO - HTTP Request: DELETE https://dashscope.aliyuncs.com/compatible-mode/v1/files/file-fe-ac2469b3f6564e8ebffcefd5 "HTTP/1.1 200 OK"
2026-04-17 07:10:31,714 - httpx - INFO - HTTP Request: DELETE https://dashscope.aliyuncs.com/compatible-mode/v1/files/file-fe-f7877198f4b242b58ab5295d "HTTP/1.1 200 OK"
2026-04-17 07:10:31,740 - httpx - INFO - HTTP Request: POST https://dashscope.aliyuncs.com/compatible-mode/v1/files "HTTP/1.1 200 OK"
2026-04-17 07:10:31,741 - ai_service_enhanced - INFO - 文件上传成功: C:\Users\chenkk\Desktop\新建文件夹\净资产收益率和每股收益\300249-2026-04-17-依米康-2025年年度报告_mgsy.pdf (文件ID: file-fe-c0b8cc4cd4744847a6d9fb7d)
2026-04-17 07:10:31,741 - __main___file_only - INFO - 上传文件: 300249-2026-04-17-依米康-2025年年度报告_mgsy.pdf (大小: 0.39 MB, ID: file-fe-c0b8cc4cd4744847a6d9fb7d)
2026-04-17 07:10:31,774 - httpx - INFO - HTTP Request: POST https://dashscope.aliyuncs.com/compatible-mode/v1/files "HTTP/1.1 200 OK"
2026-04-17 07:10:31,775 - ai_service_enhanced - INFO - 文件上传成功: C:\Users\chenkk\Desktop\新建文件夹\300335-2026-04-17-迪森股份-2025年年度报告.pdf (文件ID: file-fe-d3024c207dec4965a5963a5e)
2026-04-17 07:10:31,775 - __main___file_only - INFO - 上传文件: 300335-2026-04-17-迪森股份-2025年年度报告.pdf (大小: 0.37 MB, ID: file-fe-d3024c207dec4965a5963a5e)
2026-04-17 07:10:31,883 - __main__ - INFO - 开始处理: C:\Users\chenkk\Desktop\新建文件夹\300249-2026-04-17-依米康-2025年年度报告.pdf
2026-04-17 07:10:33,387 - httpx - INFO - HTTP Request: POST https://dashscope.aliyuncs.com/compatible-mode/v1/chat/completions "HTTP/1.1 200 OK"
2026-04-17 07:10:33,437 - httpx - INFO - HTTP Request: POST https://dashscope.aliyuncs.com/compatible-mode/v1/chat/completions "HTTP/1.1 200 OK"
2026-04-17 07:10:33,506 - __main___file_only - INFO - 找到数据: 002655 2026-04-17 (3条)
2026-04-17 07:10:33,506 - __main__ - INFO - 处理成功: 002655-2026-04-17
2026-04-17 07:10:33,506 - __main___file_only - INFO - 处理成功: C:\Users\chenkk\Desktop\新建文件夹\002655-2026-04-17-共达电声-2025年年度报告.pdf (耗时: 25.05秒)
2026-04-17 07:10:33,868 - httpx - INFO - HTTP Request: POST https://dashscope.aliyuncs.com/compatible-mode/v1/files "HTTP/1.1 200 OK"
2026-04-17 07:10:33,869 - ai_service_enhanced - INFO - 文件上传成功: C:\Users\chenkk\Desktop\新建文件夹\300337-2026-04-17-银邦股份-2025年年度报告.pdf (文件ID: file-fe-3d1261f75a7e4909bafaa445)
2026-04-17 07:10:33,869 - __main___file_only - INFO - 上传文件: 300337-2026-04-17-银邦股份-2025年年度报告.pdf (大小: 0.40 MB, ID: file-fe-3d1261f75a7e4909bafaa445)
2026-04-17 07:10:33,897 - httpx - INFO - HTTP Request: POST https://dashscope.aliyuncs.com/compatible-mode/v1/files "HTTP/1.1 200 OK"
2026-04-17 07:10:33,897 - ai_service_enhanced - INFO - 文件上传成功: C:\Users\chenkk\Desktop\新建文件夹\净资产收益率和每股收益\300335-2026-04-17-迪森股份-2025年年度报告_mgsy.pdf (文件ID: file-fe-b835a4faee1c4d79bb4938b5)
2026-04-17 07:10:33,897 - __main___file_only - INFO - 上传文件: 300335-2026-04-17-迪森股份-2025年年度报告_mgsy.pdf (大小: 0.36 MB, ID: file-fe-b835a4faee1c4d79bb4938b5)
2026-04-17 07:10:33,898 - __main__ - INFO - 开始处理: C:\Users\chenkk\Desktop\新建文件夹\300335-2026-04-17-迪森股份-2025年年度报告.pdf
2026-04-17 07:10:34,129 - httpx - INFO - HTTP Request: DELETE https://dashscope.aliyuncs.com/compatible-mode/v1/files/file-fe-6e427157f74e4b1a8cef7a1d "HTTP/1.1 200 OK"
2026-04-17 07:10:34,606 - httpx - INFO - HTTP Request: POST https://dashscope.aliyuncs.com/compatible-mode/v1/chat/completions "HTTP/1.1 200 OK"
2026-04-17 07:10:34,685 - __main___file_only - INFO - 找到数据: 002687 2026-04-17 (3条)
2026-04-17 07:10:34,686 - __main__ - INFO - 处理成功: 002687-2026-04-17
2026-04-17 07:10:34,686 - __main___file_only - INFO - 处理成功: C:\Users\chenkk\Desktop\新建文件夹\002687-2026-04-17-乔治白-2025年年度报告.pdf (耗时: 23.60秒)
2026-04-17 07:10:34,798 - httpx - INFO - HTTP Request: DELETE https://dashscope.aliyuncs.com/compatible-mode/v1/files/file-fe-17e04ad06b9048aa8e823d3b "HTTP/1.1 200 OK"
2026-04-17 07:10:35,277 - httpx - INFO - HTTP Request: POST https://dashscope.aliyuncs.com/compatible-mode/v1/chat/completions "HTTP/1.1 200 OK"
2026-04-17 07:10:35,358 - httpx - INFO - HTTP Request: DELETE https://dashscope.aliyuncs.com/compatible-mode/v1/files/file-fe-eac1973cfcff4f1688cd7fc8 "HTTP/1.1 200 OK"
2026-04-17 07:10:35,942 - httpx - INFO - HTTP Request: POST https://dashscope.aliyuncs.com/compatible-mode/v1/files "HTTP/1.1 200 OK"
2026-04-17 07:10:35,943 - ai_service_enhanced - INFO - 文件上传成功: C:\Users\chenkk\Desktop\新建文件夹\净资产收益率和每股收益\300337-2026-04-17-银邦股份-2025年年度报告_mgsy.pdf (文件ID: file-fe-f0703f1bfe4146b999f5a39c)
2026-04-17 07:10:35,943 - __main___file_only - INFO - 上传文件: 300337-2026-04-17-银邦股份-2025年年度报告_mgsy.pdf (大小: 0.31 MB, ID: file-fe-f0703f1bfe4146b999f5a39c)
2026-04-17 07:10:36,001 - httpx - INFO - HTTP Request: DELETE https://dashscope.aliyuncs.com/compatible-mode/v1/files/file-fe-b950a8483fd841f789805661 "HTTP/1.1 200 OK"
2026-04-17 07:10:36,015 - __main__ - INFO - 开始处理: C:\Users\chenkk\Desktop\新建文件夹\300337-2026-04-17-银邦股份-2025年年度报告.pdf
2026-04-17 07:10:36,085 - httpx - INFO - HTTP Request: POST https://dashscope.aliyuncs.com/compatible-mode/v1/files "HTTP/1.1 200 OK"
2026-04-17 07:10:36,085 - ai_service_enhanced - INFO - 文件上传成功: C:\Users\chenkk\Desktop\新建文件夹\300415-2026-04-17-伊之密-2025年年度报告.pdf (文件ID: file-fe-69cadd2cdc2049e6838f3dc6)
2026-04-17 07:10:36,086 - __main___file_only - INFO - 上传文件: 300415-2026-04-17-伊之密-2025年年度报告.pdf (大小: 0.34 MB, ID: file-fe-69cadd2cdc2049e6838f3dc6)
2026-04-17 07:10:36,122 - httpx - INFO - HTTP Request: POST https://dashscope.aliyuncs.com/compatible-mode/v1/chat/completions "HTTP/1.1 200 OK"
2026-04-17 07:10:36,901 - httpx - INFO - HTTP Request: POST https://dashscope.aliyuncs.com/compatible-mode/v1/chat/completions "HTTP/1.1 200 OK"
2026-04-17 07:10:37,019 - __main___file_only - INFO - 找到数据: 002903 2026-04-17 (3条)
2026-04-17 07:10:37,020 - __main__ - INFO - 处理成功: 002903-2026-04-17
2026-04-17 07:10:37,020 - __main___file_only - INFO - 处理成功: C:\Users\chenkk\Desktop\新建文件夹\002903-2026-04-17-宇环数控-2025年年度报告.pdf (耗时: 17.98秒)
2026-04-17 07:10:37,694 - httpx - INFO - HTTP Request: DELETE https://dashscope.aliyuncs.com/compatible-mode/v1/files/file-fe-19138795c11e4b31b52567ed "HTTP/1.1 200 OK"
2026-04-17 07:10:38,198 - httpx - INFO - HTTP Request: POST https://dashscope.aliyuncs.com/compatible-mode/v1/files "HTTP/1.1 200 OK"
2026-04-17 07:10:38,199 - ai_service_enhanced - INFO - 文件上传成功: C:\Users\chenkk\Desktop\新建文件夹\300557-2026-04-17-理工光科-2025年年度报告.pdf (文件ID: file-fe-6d03754eba4244f3a267542a)
2026-04-17 07:10:38,199 - __main___file_only - INFO - 上传文件: 300557-2026-04-17-理工光科-2025年年度报告.pdf (大小: 0.52 MB, ID: file-fe-6d03754eba4244f3a267542a)
2026-04-17 07:10:38,261 - httpx - INFO - HTTP Request: POST https://dashscope.aliyuncs.com/compatible-mode/v1/files "HTTP/1.1 200 OK"
2026-04-17 07:10:38,261 - ai_service_enhanced - INFO - 文件上传成功: C:\Users\chenkk\Desktop\新建文件夹\净资产收益率和每股收益\300415-2026-04-17-伊之密-2025年年度报告_mgsy.pdf (文件ID: file-fe-e9787b098fdd4377b123c542)
2026-04-17 07:10:38,261 - __main___file_only - INFO - 上传文件: 300415-2026-04-17-伊之密-2025年年度报告_mgsy.pdf (大小: 0.34 MB, ID: file-fe-e9787b098fdd4377b123c542)
2026-04-17 07:10:38,287 - __main__ - INFO - 开始处理: C:\Users\chenkk\Desktop\新建文件夹\300415-2026-04-17-伊之密-2025年年度报告.pdf
2026-04-17 07:10:38,333 - httpx - INFO - HTTP Request: POST https://dashscope.aliyuncs.com/compatible-mode/v1/chat/completions "HTTP/1.1 200 OK"
2026-04-17 07:10:38,473 - httpx - INFO - HTTP Request: DELETE https://dashscope.aliyuncs.com/compatible-mode/v1/files/file-fe-56fe7dd4243a49c5aaa97e7c "HTTP/1.1 200 OK"
2026-04-17 07:10:40,230 - httpx - INFO - HTTP Request: POST https://dashscope.aliyuncs.com/compatible-mode/v1/chat/completions "HTTP/1.1 200 OK"
2026-04-17 07:10:40,260 - httpx - INFO - HTTP Request: POST https://dashscope.aliyuncs.com/compatible-mode/v1/files "HTTP/1.1 200 OK"
2026-04-17 07:10:40,261 - ai_service_enhanced - INFO - 文件上传成功: C:\Users\chenkk\Desktop\新建文件夹\300627-2026-04-17-华测导航-2025年年度报告.pdf (文件ID: file-fe-bd6936b5e33d4e259ce540d1)
2026-04-17 07:10:40,261 - __main___file_only - INFO - 上传文件: 300627-2026-04-17-华测导航-2025年年度报告.pdf (大小: 0.35 MB, ID: file-fe-bd6936b5e33d4e259ce540d1)
2026-04-17 07:10:40,299 - __main___file_only - INFO - 找到数据: 002689 2026-04-17 (3条)
2026-04-17 07:10:40,299 - __main__ - INFO - 处理成功: 002689-2026-04-17
2026-04-17 07:10:40,299 - __main___file_only - INFO - 处理成功: C:\Users\chenkk\Desktop\新建文件夹\002689-2026-04-17-ST远智-2025年年度报告.pdf (耗时: 27.64秒)
2026-04-17 07:10:40,327 - httpx - INFO - HTTP Request: POST https://dashscope.aliyuncs.com/compatible-mode/v1/files "HTTP/1.1 200 OK"
2026-04-17 07:10:40,327 - ai_service_enhanced - INFO - 文件上传成功: C:\Users\chenkk\Desktop\新建文件夹\净资产收益率和每股收益\300557-2026-04-17-理工光科-2025年年度报告_mgsy.pdf (文件ID: file-fe-7566c798c19d4bf0b2ee7e90)
2026-04-17 07:10:40,327 - __main___file_only - INFO - 上传文件: 300557-2026-04-17-理工光科-2025年年度报告_mgsy.pdf (大小: 0.51 MB, ID: file-fe-7566c798c19d4bf0b2ee7e90)
2026-04-17 07:10:40,328 - __main__ - INFO - 开始处理: C:\Users\chenkk\Desktop\新建文件夹\300557-2026-04-17-理工光科-2025年年度报告.pdf
2026-04-17 07:10:41,051 - httpx - INFO - HTTP Request: DELETE https://dashscope.aliyuncs.com/compatible-mode/v1/files/file-fe-77ce44f28ad04c5da4696c02 "HTTP/1.1 200 OK"
2026-04-17 07:10:41,641 - httpx - INFO - HTTP Request: DELETE https://dashscope.aliyuncs.com/compatible-mode/v1/files/file-fe-111da40ed79e4d2b80a9cafd "HTTP/1.1 200 OK"
2026-04-17 07:10:42,390 - httpx - INFO - HTTP Request: POST https://dashscope.aliyuncs.com/compatible-mode/v1/files "HTTP/1.1 200 OK"
2026-04-17 07:10:42,390 - ai_service_enhanced - INFO - 文件上传成功: C:\Users\chenkk\Desktop\新建文件夹\净资产收益率和每股收益\300627-2026-04-17-华测导航-2025年年度报告_mgsy.pdf (文件ID: file-fe-c76642d6c29f4bdd8a1bce38)
2026-04-17 07:10:42,390 - __main___file_only - INFO - 上传文件: 300627-2026-04-17-华测导航-2025年年度报告_mgsy.pdf (大小: 0.34 MB, ID: file-fe-c76642d6c29f4bdd8a1bce38)
2026-04-17 07:10:42,435 - __main__ - INFO - 开始处理: C:\Users\chenkk\Desktop\新建文件夹\300627-2026-04-17-华测导航-2025年年度报告.pdf
2026-04-17 07:10:42,444 - httpx - INFO - HTTP Request: POST https://dashscope.aliyuncs.com/compatible-mode/v1/files "HTTP/1.1 200 OK"
2026-04-17 07:10:42,445 - ai_service_enhanced - INFO - 文件上传成功: C:\Users\chenkk\Desktop\新建文件夹\300633-2026-04-17-开立医疗-2025年年度报告.pdf (文件ID: file-fe-246baf2b3105435da8098ffa)
2026-04-17 07:10:42,445 - __main___file_only - INFO - 上传文件: 300633-2026-04-17-开立医疗-2025年年度报告.pdf (大小: 0.56 MB, ID: file-fe-246baf2b3105435da8098ffa)
2026-04-17 07:10:42,560 - httpx - INFO - HTTP Request: POST https://dashscope.aliyuncs.com/compatible-mode/v1/chat/completions "HTTP/1.1 200 OK"
2026-04-17 07:10:42,627 - __main___file_only - INFO - 找到数据: 002721 2026-04-17 (3条)
2026-04-17 07:10:42,627 - __main__ - INFO - 处理成功: 002721-2026-04-17
2026-04-17 07:10:42,628 - __main___file_only - INFO - 处理成功: C:\Users\chenkk\Desktop\新建文件夹\002721-2026-04-17-金一文化-2025年年度报告.pdf (耗时: 27.87秒)
2026-04-17 07:10:42,997 - httpx - INFO - HTTP Request: POST https://dashscope.aliyuncs.com/compatible-mode/v1/chat/completions "HTTP/1.1 200 OK"
2026-04-17 07:10:43,224 - httpx - INFO - HTTP Request: DELETE https://dashscope.aliyuncs.com/compatible-mode/v1/files/file-fe-681bbe5698074415903c9826 "HTTP/1.1 200 OK"
2026-04-17 07:10:43,841 - httpx - INFO - HTTP Request: DELETE https://dashscope.aliyuncs.com/compatible-mode/v1/files/file-fe-05f9762971b7425da2591224 "HTTP/1.1 200 OK"
2026-04-17 07:10:43,852 - httpx - INFO - HTTP Request: POST https://dashscope.aliyuncs.com/compatible-mode/v1/chat/completions "HTTP/1.1 200 OK"
2026-04-17 07:10:44,556 - httpx - INFO - HTTP Request: POST https://dashscope.aliyuncs.com/compatible-mode/v1/chat/completions "HTTP/1.1 200 OK"
2026-04-17 07:10:44,582 - httpx - INFO - HTTP Request: POST https://dashscope.aliyuncs.com/compatible-mode/v1/files "HTTP/1.1 200 OK"
2026-04-17 07:10:44,583 - ai_service_enhanced - INFO - 文件上传成功: C:\Users\chenkk\Desktop\新建文件夹\300703-2026-04-17-创源股份-2025年年度报告.pdf (文件ID: file-fe-4a7661cc2aa14c85a62feb53)
2026-04-17 07:10:44,583 - __main___file_only - INFO - 上传文件: 300703-2026-04-17-创源股份-2025年年度报告.pdf (大小: 0.37 MB, ID: file-fe-4a7661cc2aa14c85a62feb53)
2026-04-17 07:10:44,586 - httpx - INFO - HTTP Request: POST https://dashscope.aliyuncs.com/compatible-mode/v1/files "HTTP/1.1 200 OK"
2026-04-17 07:10:44,587 - ai_service_enhanced - INFO - 文件上传成功: C:\Users\chenkk\Desktop\新建文件夹\净资产收益率和每股收益\300633-2026-04-17-开立医疗-2025年年度报告_mgsy.pdf (文件ID: file-fe-b22d9825a3de4c29bb70d4ab)
2026-04-17 07:10:44,587 - __main___file_only - INFO - 上传文件: 300633-2026-04-17-开立医疗-2025年年度报告_mgsy.pdf (大小: 0.55 MB, ID: file-fe-b22d9825a3de4c29bb70d4ab)
2026-04-17 07:10:44,636 - __main___file_only - INFO - 找到数据: 002734 2026-04-17 (3条)
2026-04-17 07:10:44,637 - __main__ - INFO - 处理成功: 002734-2026-04-17
2026-04-17 07:10:44,637 - __main___file_only - INFO - 处理成功: C:\Users\chenkk\Desktop\新建文件夹\002734-2026-04-17-利民股份-2025年年度报告.pdf (耗时: 27.61秒)
2026-04-17 07:10:44,704 - __main__ - INFO - 开始处理: C:\Users\chenkk\Desktop\新建文件夹\300633-2026-04-17-开立医疗-2025年年度报告.pdf
2026-04-17 07:10:45,218 - httpx - INFO - HTTP Request: DELETE https://dashscope.aliyuncs.com/compatible-mode/v1/files/file-fe-94dda4fe73174c45a37ea6fc "HTTP/1.1 200 OK"
2026-04-17 07:10:45,886 - httpx - INFO - HTTP Request: DELETE https://dashscope.aliyuncs.com/compatible-mode/v1/files/file-fe-3f14c20896f040c087692803 "HTTP/1.1 200 OK"
2026-04-17 07:10:46,700 - httpx - INFO - HTTP Request: POST https://dashscope.aliyuncs.com/compatible-mode/v1/files "HTTP/1.1 200 OK"
2026-04-17 07:10:46,700 - ai_service_enhanced - INFO - 文件上传成功: C:\Users\chenkk\Desktop\新建文件夹\净资产收益率和每股收益\300703-2026-04-17-创源股份-2025年年度报告_mgsy.pdf (文件ID: file-fe-b4c7a0f3a30d44849cd14357)
2026-04-17 07:10:46,701 - __main___file_only - INFO - 上传文件: 300703-2026-04-17-创源股份-2025年年度报告_mgsy.pdf (大小: 0.37 MB, ID: file-fe-b4c7a0f3a30d44849cd14357)
2026-04-17 07:10:46,721 - httpx - INFO - HTTP Request: POST https://dashscope.aliyuncs.com/compatible-mode/v1/chat/completions "HTTP/1.1 200 OK"
2026-04-17 07:10:46,789 - httpx - INFO - HTTP Request: POST https://dashscope.aliyuncs.com/compatible-mode/v1/files "HTTP/1.1 200 OK"
2026-04-17 07:10:46,790 - ai_service_enhanced - INFO - 文件上传成功: C:\Users\chenkk\Desktop\新建文件夹\300810-2026-04-17-中科海讯-2025年年度报告.pdf (文件ID: file-fe-9f703aa8499f4d8ca42fb28f)
2026-04-17 07:10:46,790 - __main___file_only - INFO - 上传文件: 300810-2026-04-17-中科海讯-2025年年度报告.pdf (大小: 0.34 MB, ID: file-fe-9f703aa8499f4d8ca42fb28f)
2026-04-17 07:10:46,790 - __main__ - INFO - 开始处理: C:\Users\chenkk\Desktop\新建文件夹\300703-2026-04-17-创源股份-2025年年度报告.pdf
2026-04-17 07:10:46,805 - __main___file_only - INFO - 找到数据: 300036 2026-04-17 (3条)
2026-04-17 07:10:46,805 - __main__ - INFO - 处理成功: 300036-2026-04-17
2026-04-17 07:10:46,805 - __main___file_only - INFO - 处理成功: C:\Users\chenkk\Desktop\新建文件夹\300036-2026-04-17-超图软件-2025年年度报告.pdf (耗时: 25.39秒)
2026-04-17 07:10:47,435 - httpx - INFO - HTTP Request: DELETE https://dashscope.aliyuncs.com/compatible-mode/v1/files/file-fe-14d8b7bb0170471da6620fd2 "HTTP/1.1 200 OK"
2026-04-17 07:10:47,901 - httpx - INFO - HTTP Request: POST https://dashscope.aliyuncs.com/compatible-mode/v1/chat/completions "HTTP/1.1 200 OK"
2026-04-17 07:10:48,058 - httpx - INFO - HTTP Request: DELETE https://dashscope.aliyuncs.com/compatible-mode/v1/files/file-fe-3cac6349ab1d481183273085 "HTTP/1.1 200 OK"
2026-04-17 07:10:48,807 - httpx - INFO - HTTP Request: POST https://dashscope.aliyuncs.com/compatible-mode/v1/files "HTTP/1.1 200 OK"
2026-04-17 07:10:48,808 - ai_service_enhanced - INFO - 文件上传成功: C:\Users\chenkk\Desktop\新建文件夹\净资产收益率和每股收益\300810-2026-04-17-中科海讯-2025年年度报告_mgsy.pdf (文件ID: file-fe-1705b864646444018be43a97)
2026-04-17 07:10:48,808 - __main___file_only - INFO - 上传文件: 300810-2026-04-17-中科海讯-2025年年度报告_mgsy.pdf (大小: 0.33 MB, ID: file-fe-1705b864646444018be43a97)
2026-04-17 07:10:48,819 - httpx - INFO - HTTP Request: POST https://dashscope.aliyuncs.com/compatible-mode/v1/files "HTTP/1.1 200 OK"
2026-04-17 07:10:48,819 - ai_service_enhanced - INFO - 文件上传成功: C:\Users\chenkk\Desktop\新建文件夹\300871-2026-04-17-回盛生物-2025年年度报告.pdf (文件ID: file-fe-44080c8d055c49c1b1bdb1d0)
2026-04-17 07:10:48,819 - __main___file_only - INFO - 上传文件: 300871-2026-04-17-回盛生物-2025年年度报告.pdf (大小: 0.35 MB, ID: file-fe-44080c8d055c49c1b1bdb1d0)
2026-04-17 07:10:48,820 - __main__ - INFO - 开始处理: C:\Users\chenkk\Desktop\新建文件夹\300810-2026-04-17-中科海讯-2025年年度报告.pdf
2026-04-17 07:10:49,267 - httpx - INFO - HTTP Request: POST https://dashscope.aliyuncs.com/compatible-mode/v1/chat/completions "HTTP/1.1 200 OK"
2026-04-17 07:10:49,338 - __main___file_only - INFO - 找到数据: 300066 2026-04-17 (3条)
2026-04-17 07:10:49,338 - __main__ - INFO - 处理成功: 300066-2026-04-17
2026-04-17 07:10:49,338 - __main___file_only - INFO - 处理成功: C:\Users\chenkk\Desktop\新建文件夹\300066-2026-04-17-三川智慧-2025年年度报告.pdf (耗时: 23.69秒)
2026-04-17 07:10:49,427 - httpx - INFO - HTTP Request: POST https://dashscope.aliyuncs.com/compatible-mode/v1/chat/completions "HTTP/1.1 200 OK"
2026-04-17 07:10:49,937 - httpx - INFO - HTTP Request: DELETE https://dashscope.aliyuncs.com/compatible-mode/v1/files/file-fe-c6d5ea3f33bc47f0af1199bd "HTTP/1.1 200 OK"
2026-04-17 07:10:50,235 - httpx - INFO - HTTP Request: POST https://dashscope.aliyuncs.com/compatible-mode/v1/chat/completions "HTTP/1.1 200 OK"
2026-04-17 07:10:50,552 - httpx - INFO - HTTP Request: DELETE https://dashscope.aliyuncs.com/compatible-mode/v1/files/file-fe-c5460934c7564995b6ff3b9c "HTTP/1.1 200 OK"
2026-04-17 07:10:50,798 - httpx - INFO - HTTP Request: POST https://dashscope.aliyuncs.com/compatible-mode/v1/chat/completions "HTTP/1.1 200 OK"
2026-04-17 07:10:50,893 - __main___file_only - INFO - 找到数据: 300079 2026-04-17 (3条)
2026-04-17 07:10:50,893 - __main__ - INFO - 处理成功: 300079-2026-04-17
2026-04-17 07:10:50,893 - __main___file_only - INFO - 处理成功: C:\Users\chenkk\Desktop\新建文件夹\300079-2026-04-17-数码视讯-2025年年度报告.pdf (耗时: 23.14秒)
2026-04-17 07:10:50,917 - httpx - INFO - HTTP Request: POST https://dashscope.aliyuncs.com/compatible-mode/v1/files "HTTP/1.1 200 OK"
2026-04-17 07:10:50,917 - ai_service_enhanced - INFO - 文件上传成功: C:\Users\chenkk\Desktop\新建文件夹\300898-2026-04-17-熊猫乳品-2025年年度报告.pdf (文件ID: file-fe-e86d4f1d821b464c8b5a1bc1)
2026-04-17 07:10:50,918 - __main___file_only - INFO - 上传文件: 300898-2026-04-17-熊猫乳品-2025年年度报告.pdf (大小: 0.29 MB, ID: file-fe-e86d4f1d821b464c8b5a1bc1)
2026-04-17 07:10:50,974 - httpx - INFO - HTTP Request: POST https://dashscope.aliyuncs.com/compatible-mode/v1/files "HTTP/1.1 200 OK"
2026-04-17 07:10:50,974 - ai_service_enhanced - INFO - 文件上传成功: C:\Users\chenkk\Desktop\新建文件夹\净资产收益率和每股收益\300871-2026-04-17-回盛生物-2025年年度报告_mgsy.pdf (文件ID: file-fe-6acd5d7ec3ba4ceabfea96cb)
2026-04-17 07:10:50,975 - __main___file_only - INFO - 上传文件: 300871-2026-04-17-回盛生物-2025年年度报告_mgsy.pdf (大小: 0.34 MB, ID: file-fe-6acd5d7ec3ba4ceabfea96cb)
2026-04-17 07:10:51,114 - httpx - INFO - HTTP Request: POST https://dashscope.aliyuncs.com/compatible-mode/v1/chat/completions "HTTP/1.1 200 OK"
2026-04-17 07:10:51,182 - __main__ - INFO - 开始处理: C:\Users\chenkk\Desktop\新建文件夹\300871-2026-04-17-回盛生物-2025年年度报告.pdf
2026-04-17 07:10:51,552 - httpx - INFO - HTTP Request: DELETE https://dashscope.aliyuncs.com/compatible-mode/v1/files/file-fe-5b77b5eacdb943e5ab29a365 "HTTP/1.1 200 OK"
2026-04-17 07:10:52,139 - httpx - INFO - HTTP Request: DELETE https://dashscope.aliyuncs.com/compatible-mode/v1/files/file-fe-4d0d1c06010d4567ac270eda "HTTP/1.1 200 OK"
2026-04-17 07:10:52,140 - httpx - INFO - HTTP Request: POST https://dashscope.aliyuncs.com/compatible-mode/v1/chat/completions "HTTP/1.1 200 OK"
2026-04-17 07:10:52,227 - __main___file_only - INFO - 找到数据: 300055 2026-04-17 (3条)
2026-04-17 07:10:52,227 - __main__ - INFO - 处理成功: 300055-2026-04-17
2026-04-17 07:10:52,227 - __main___file_only - INFO - 处理成功: C:\Users\chenkk\Desktop\新建文件夹\300055-2026-04-17-万邦达-2025年年度报告.pdf (耗时: 28.70秒)
2026-04-17 07:10:52,876 - httpx - INFO - HTTP Request: DELETE https://dashscope.aliyuncs.com/compatible-mode/v1/files/file-fe-52227c833fcf4b00b30e4ddb "HTTP/1.1 200 OK"
2026-04-17 07:10:53,063 - httpx - INFO - HTTP Request: POST https://dashscope.aliyuncs.com/compatible-mode/v1/files "HTTP/1.1 200 OK"
2026-04-17 07:10:53,063 - ai_service_enhanced - INFO - 文件上传成功: C:\Users\chenkk\Desktop\新建文件夹\净资产收益率和每股收益\300898-2026-04-17-熊猫乳品-2025年年度报告_mgsy.pdf (文件ID: file-fe-55dc2fc945014d8e9d3da941)
2026-04-17 07:10:53,064 - __main___file_only - INFO - 上传文件: 300898-2026-04-17-熊猫乳品-2025年年度报告_mgsy.pdf (大小: 0.29 MB, ID: file-fe-55dc2fc945014d8e9d3da941)
2026-04-17 07:10:53,090 - httpx - INFO - HTTP Request: POST https://dashscope.aliyuncs.com/compatible-mode/v1/files "HTTP/1.1 200 OK"
2026-04-17 07:10:53,091 - ai_service_enhanced - INFO - 文件上传成功: C:\Users\chenkk\Desktop\新建文件夹\301158-2026-04-17-德石股份-2025年年度报告.pdf (文件ID: file-fe-ddfc09111577426cb2c51532)
2026-04-17 07:10:53,091 - __main___file_only - INFO - 上传文件: 301158-2026-04-17-德石股份-2025年年度报告.pdf (大小: 0.43 MB, ID: file-fe-ddfc09111577426cb2c51532)
2026-04-17 07:10:53,190 - __main__ - INFO - 开始处理: C:\Users\chenkk\Desktop\新建文件夹\300898-2026-04-17-熊猫乳品-2025年年度报告.pdf
2026-04-17 07:10:53,488 - httpx - INFO - HTTP Request: DELETE https://dashscope.aliyuncs.com/compatible-mode/v1/files/file-fe-0d3ef8ebd8f04e63a314b1a7 "HTTP/1.1 200 OK"
2026-04-17 07:10:55,151 - httpx - INFO - HTTP Request: POST https://dashscope.aliyuncs.com/compatible-mode/v1/files "HTTP/1.1 200 OK"
2026-04-17 07:10:55,151 - ai_service_enhanced - INFO - 文件上传成功: C:\Users\chenkk\Desktop\新建文件夹\301181-2026-04-17-标榜股份-2025年年度报告.pdf (文件ID: file-fe-5f54250741094bf3bb3a2692)
2026-04-17 07:10:55,151 - __main___file_only - INFO - 上传文件: 301181-2026-04-17-标榜股份-2025年年度报告.pdf (大小: 0.32 MB, ID: file-fe-5f54250741094bf3bb3a2692)
2026-04-17 07:10:55,200 - httpx - INFO - HTTP Request: POST https://dashscope.aliyuncs.com/compatible-mode/v1/chat/completions "HTTP/1.1 200 OK"
2026-04-17 07:10:55,648 - httpx - INFO - HTTP Request: POST https://dashscope.aliyuncs.com/compatible-mode/v1/files "HTTP/1.1 200 OK"
2026-04-17 07:10:55,648 - ai_service_enhanced - INFO - 文件上传成功: C:\Users\chenkk\Desktop\新建文件夹\净资产收益率和每股收益\301158-2026-04-17-德石股份-2025年年度报告_mgsy.pdf (文件ID: file-fe-a9220359dd504b82b5a2910e)
2026-04-17 07:10:55,648 - __main___file_only - INFO - 上传文件: 301158-2026-04-17-德石股份-2025年年度报告_mgsy.pdf (大小: 0.31 MB, ID: file-fe-a9220359dd504b82b5a2910e)
2026-04-17 07:10:55,826 - __main__ - INFO - 开始处理: C:\Users\chenkk\Desktop\新建文件夹\301158-2026-04-17-德石股份-2025年年度报告.pdf
2026-04-17 07:10:56,241 - httpx - INFO - HTTP Request: POST https://dashscope.aliyuncs.com/compatible-mode/v1/chat/completions "HTTP/1.1 200 OK"
2026-04-17 07:10:56,309 - __main___file_only - INFO - 找到数据: 300160 2026-04-17 (3条)
2026-04-17 07:10:56,309 - __main__ - INFO - 处理成功: 300160-2026-04-17
2026-04-17 07:10:56,309 - __main___file_only - INFO - 处理成功: C:\Users\chenkk\Desktop\新建文件夹\300160-2026-04-17-秀强股份-2025年年度报告.pdf (耗时: 26.70秒)
2026-04-17 07:10:56,931 - httpx - INFO - HTTP Request: DELETE https://dashscope.aliyuncs.com/compatible-mode/v1/files/file-fe-93aa6e3f5164462c96f44e66 "HTTP/1.1 200 OK"
2026-04-17 07:10:57,274 - httpx - INFO - HTTP Request: POST https://dashscope.aliyuncs.com/compatible-mode/v1/files "HTTP/1.1 200 OK"
2026-04-17 07:10:57,275 - ai_service_enhanced - INFO - 文件上传成功: C:\Users\chenkk\Desktop\新建文件夹\301227-2026-04-17-森鹰窗业-2025年年度报告.pdf (文件ID: file-fe-ca9a66799c0f42309e3a7053)
2026-04-17 07:10:57,275 - __main___file_only - INFO - 上传文件: 301227-2026-04-17-森鹰窗业-2025年年度报告.pdf (大小: 0.37 MB, ID: file-fe-ca9a66799c0f42309e3a7053)
2026-04-17 07:10:57,356 - httpx - INFO - HTTP Request: POST https://dashscope.aliyuncs.com/compatible-mode/v1/files "HTTP/1.1 200 OK"
2026-04-17 07:10:57,357 - ai_service_enhanced - INFO - 文件上传成功: C:\Users\chenkk\Desktop\新建文件夹\净资产收益率和每股收益\301181-2026-04-17-标榜股份-2025年年度报告_mgsy.pdf (文件ID: file-fe-6fa9b32d191a4de2826f4195)
2026-04-17 07:10:57,357 - __main___file_only - INFO - 上传文件: 301181-2026-04-17-标榜股份-2025年年度报告_mgsy.pdf (大小: 0.32 MB, ID: file-fe-6fa9b32d191a4de2826f4195)
2026-04-17 07:10:57,357 - __main__ - INFO - 开始处理: C:\Users\chenkk\Desktop\新建文件夹\301181-2026-04-17-标榜股份-2025年年度报告.pdf
2026-04-17 07:10:57,628 - httpx - INFO - HTTP Request: DELETE https://dashscope.aliyuncs.com/compatible-mode/v1/files/file-fe-5ddb9c8d2590457d89410790 "HTTP/1.1 200 OK"
2026-04-17 07:10:57,929 - httpx - INFO - HTTP Request: POST https://dashscope.aliyuncs.com/compatible-mode/v1/chat/completions "HTTP/1.1 200 OK"
2026-04-17 07:10:57,994 - __main___file_only - INFO - 找到数据: 300335 2026-04-17 (3条)
2026-04-17 07:10:57,994 - __main__ - INFO - 处理成功: 300335-2026-04-17
2026-04-17 07:10:57,994 - __main___file_only - INFO - 处理成功: C:\Users\chenkk\Desktop\新建文件夹\300335-2026-04-17-迪森股份-2025年年度报告.pdf (耗时: 24.10秒)
2026-04-17 07:10:58,001 - httpx - INFO - HTTP Request: POST https://dashscope.aliyuncs.com/compatible-mode/v1/chat/completions "HTTP/1.1 200 OK"
2026-04-17 07:10:58,054 - httpx - INFO - HTTP Request: POST https://dashscope.aliyuncs.com/compatible-mode/v1/chat/completions "HTTP/1.1 200 OK"
2026-04-17 07:10:58,633 - httpx - INFO - HTTP Request: DELETE https://dashscope.aliyuncs.com/compatible-mode/v1/files/file-fe-d3024c207dec4965a5963a5e "HTTP/1.1 200 OK"
2026-04-17 07:10:58,959 - httpx - INFO - HTTP Request: POST https://dashscope.aliyuncs.com/compatible-mode/v1/chat/completions "HTTP/1.1 200 OK"
2026-04-17 07:10:59,022 - __main___file_only - INFO - 找到数据: 300249 2026-04-17 (3条)
2026-04-17 07:10:59,022 - __main__ - INFO - 处理成功: 300249-2026-04-17
2026-04-17 07:10:59,022 - __main___file_only - INFO - 处理成功: C:\Users\chenkk\Desktop\新建文件夹\300249-2026-04-17-依米康-2025年年度报告.pdf (耗时: 27.14秒)
2026-04-17 07:10:59,321 - httpx - INFO - HTTP Request: DELETE https://dashscope.aliyuncs.com/compatible-mode/v1/files/file-fe-b835a4faee1c4d79bb4938b5 "HTTP/1.1 200 OK"
2026-04-17 07:10:59,456 - httpx - INFO - HTTP Request: POST https://dashscope.aliyuncs.com/compatible-mode/v1/files "HTTP/1.1 200 OK"
2026-04-17 07:10:59,457 - ai_service_enhanced - INFO - 文件上传成功: C:\Users\chenkk\Desktop\新建文件夹\净资产收益率和每股收益\301227-2026-04-17-森鹰窗业-2025年年度报告_mgsy.pdf (文件ID: file-fe-e35926d113424175b336c11c)
2026-04-17 07:10:59,457 - __main___file_only - INFO - 上传文件: 301227-2026-04-17-森鹰窗业-2025年年度报告_mgsy.pdf (大小: 0.34 MB, ID: file-fe-e35926d113424175b336c11c)
2026-04-17 07:10:59,472 - __main__ - INFO - 开始处理: C:\Users\chenkk\Desktop\新建文件夹\301227-2026-04-17-森鹰窗业-2025年年度报告.pdf
2026-04-17 07:10:59,473 - httpx - INFO - HTTP Request: POST https://dashscope.aliyuncs.com/compatible-mode/v1/files "HTTP/1.1 200 OK"
2026-04-17 07:10:59,474 - ai_service_enhanced - INFO - 文件上传成功: C:\Users\chenkk\Desktop\新建文件夹\301266-2026-04-17-宇邦新材-2025年年度报告.pdf (文件ID: file-fe-790096de301e4d44b6f6bc41)
2026-04-17 07:10:59,474 - __main___file_only - INFO - 上传文件: 301266-2026-04-17-宇邦新材-2025年年度报告.pdf (大小: 0.63 MB, ID: file-fe-790096de301e4d44b6f6bc41)
2026-04-17 07:10:59,673 - httpx - INFO - HTTP Request: DELETE https://dashscope.aliyuncs.com/compatible-mode/v1/files/file-fe-e80786ddfae642a884764144 "HTTP/1.1 200 OK"
2026-04-17 07:10:59,696 - httpx - INFO - HTTP Request: POST https://dashscope.aliyuncs.com/compatible-mode/v1/chat/completions "HTTP/1.1 200 OK"
2026-04-17 07:11:00,309 - httpx - INFO - HTTP Request: DELETE https://dashscope.aliyuncs.com/compatible-mode/v1/files/file-fe-c0b8cc4cd4744847a6d9fb7d "HTTP/1.1 200 OK"
2026-04-17 07:11:00,704 - httpx - INFO - HTTP Request: POST https://dashscope.aliyuncs.com/compatible-mode/v1/chat/completions "HTTP/1.1 200 OK"
2026-04-17 07:11:00,781 - __main___file_only - INFO - 找到数据: 300337 2026-04-17 (3条)
2026-04-17 07:11:00,781 - __main__ - INFO - 处理成功: 300337-2026-04-17
2026-04-17 07:11:00,781 - __main___file_only - INFO - 处理成功: C:\Users\chenkk\Desktop\新建文件夹\300337-2026-04-17-银邦股份-2025年年度报告.pdf (耗时: 24.77秒)
2026-04-17 07:11:01,435 - httpx - INFO - HTTP Request: DELETE https://dashscope.aliyuncs.com/compatible-mode/v1/files/file-fe-3d1261f75a7e4909bafaa445 "HTTP/1.1 200 OK"
2026-04-17 07:11:01,534 - httpx - INFO - HTTP Request: POST https://dashscope.aliyuncs.com/compatible-mode/v1/files "HTTP/1.1 200 OK"
2026-04-17 07:11:01,534 - ai_service_enhanced - INFO - 文件上传成功: C:\Users\chenkk\Desktop\新建文件夹\净资产收益率和每股收益\301266-2026-04-17-宇邦新材-2025年年度报告_mgsy.pdf (文件ID: file-fe-85a672b3822d4ba083d480c8)
2026-04-17 07:11:01,535 - __main___file_only - INFO - 上传文件: 301266-2026-04-17-宇邦新材-2025年年度报告_mgsy.pdf (大小: 0.62 MB, ID: file-fe-85a672b3822d4ba083d480c8)
2026-04-17 07:11:01,582 - __main__ - INFO - 开始处理: C:\Users\chenkk\Desktop\新建文件夹\301266-2026-04-17-宇邦新材-2025年年度报告.pdf
2026-04-17 07:11:01,640 - httpx - INFO - HTTP Request: POST https://dashscope.aliyuncs.com/compatible-mode/v1/files "HTTP/1.1 200 OK"
2026-04-17 07:11:01,640 - ai_service_enhanced - INFO - 文件上传成功: C:\Users\chenkk\Desktop\新建文件夹\301310-2026-04-17-鑫宏业-2025年年度报告.pdf (文件ID: file-fe-9939fe67e95942d59f8e104f)
2026-04-17 07:11:01,641 - __main___file_only - INFO - 上传文件: 301310-2026-04-17-鑫宏业-2025年年度报告.pdf (大小: 0.34 MB, ID: file-fe-9939fe67e95942d59f8e104f)
2026-04-17 07:11:01,884 - httpx - INFO - HTTP Request: POST https://dashscope.aliyuncs.com/compatible-mode/v1/chat/completions "HTTP/1.1 200 OK"
2026-04-17 07:11:02,075 - httpx - INFO - HTTP Request: DELETE https://dashscope.aliyuncs.com/compatible-mode/v1/files/file-fe-f0703f1bfe4146b999f5a39c "HTTP/1.1 200 OK"
2026-04-17 07:11:02,333 - httpx - INFO - HTTP Request: POST https://dashscope.aliyuncs.com/compatible-mode/v1/chat/completions "HTTP/1.1 200 OK"
2026-04-17 07:11:02,417 - __main___file_only - INFO - 找到数据: 300415 2026-04-17 (3条)
2026-04-17 07:11:02,417 - __main__ - INFO - 处理成功: 300415-2026-04-17
2026-04-17 07:11:02,417 - __main___file_only - INFO - 处理成功: C:\Users\chenkk\Desktop\新建文件夹\300415-2026-04-17-伊之密-2025年年度报告.pdf (耗时: 24.13秒)
2026-04-17 07:11:03,138 - httpx - INFO - HTTP Request: DELETE https://dashscope.aliyuncs.com/compatible-mode/v1/files/file-fe-69cadd2cdc2049e6838f3dc6 "HTTP/1.1 200 OK"
2026-04-17 07:11:03,648 - httpx - INFO - HTTP Request: POST https://dashscope.aliyuncs.com/compatible-mode/v1/files "HTTP/1.1 200 OK"
2026-04-17 07:11:03,649 - ai_service_enhanced - INFO - 文件上传成功: C:\Users\chenkk\Desktop\新建文件夹\净资产收益率和每股收益\301310-2026-04-17-鑫宏业-2025年年度报告_mgsy.pdf (文件ID: file-fe-1d6b431a8f074126bb624ea5)
2026-04-17 07:11:03,649 - __main___file_only - INFO - 上传文件: 301310-2026-04-17-鑫宏业-2025年年度报告_mgsy.pdf (大小: 0.33 MB, ID: file-fe-1d6b431a8f074126bb624ea5)
2026-04-17 07:11:03,693 - __main__ - INFO - 开始处理: C:\Users\chenkk\Desktop\新建文件夹\301310-2026-04-17-鑫宏业-2025年年度报告.pdf
2026-04-17 07:11:03,755 - httpx - INFO - HTTP Request: POST https://dashscope.aliyuncs.com/compatible-mode/v1/files "HTTP/1.1 200 OK"
2026-04-17 07:11:03,756 - ai_service_enhanced - INFO - 文件上传成功: C:\Users\chenkk\Desktop\新建文件夹\301359-2026-04-17-东南电子-2025年年度报告.pdf (文件ID: file-fe-493335e3147749ec8c3644ee)
2026-04-17 07:11:03,756 - __main___file_only - INFO - 上传文件: 301359-2026-04-17-东南电子-2025年年度报告.pdf (大小: 0.59 MB, ID: file-fe-493335e3147749ec8c3644ee)
2026-04-17 07:11:03,927 - httpx - INFO - HTTP Request: DELETE https://dashscope.aliyuncs.com/compatible-mode/v1/files/file-fe-e9787b098fdd4377b123c542 "HTTP/1.1 200 OK"
2026-04-17 07:11:04,687 - httpx - INFO - HTTP Request: POST https://dashscope.aliyuncs.com/compatible-mode/v1/chat/completions "HTTP/1.1 200 OK"
2026-04-17 07:11:04,749 - __main___file_only - INFO - 找到数据: 300557 2026-04-17 (3条)
2026-04-17 07:11:04,749 - __main__ - INFO - 处理成功: 300557-2026-04-17
2026-04-17 07:11:04,749 - __main___file_only - INFO - 处理成功: C:\Users\chenkk\Desktop\新建文件夹\300557-2026-04-17-理工光科-2025年年度报告.pdf (耗时: 24.42秒)
2026-04-17 07:11:05,257 - httpx - INFO - HTTP Request: POST https://dashscope.aliyuncs.com/compatible-mode/v1/chat/completions "HTTP/1.1 200 OK"
2026-04-17 07:11:05,343 - httpx - INFO - HTTP Request: DELETE https://dashscope.aliyuncs.com/compatible-mode/v1/files/file-fe-6d03754eba4244f3a267542a "HTTP/1.1 200 OK"
2026-04-17 07:11:05,769 - httpx - INFO - HTTP Request: POST https://dashscope.aliyuncs.com/compatible-mode/v1/files "HTTP/1.1 200 OK"
2026-04-17 07:11:05,769 - ai_service_enhanced - INFO - 文件上传成功: C:\Users\chenkk\Desktop\新建文件夹\301392-2026-04-17-汇成真空-2025年年度报告.pdf (文件ID: file-fe-3de543266ce24157a9b8bf26)
2026-04-17 07:11:05,769 - __main___file_only - INFO - 上传文件: 301392-2026-04-17-汇成真空-2025年年度报告.pdf (大小: 0.30 MB, ID: file-fe-3de543266ce24157a9b8bf26)
2026-04-17 07:11:05,829 - httpx - INFO - HTTP Request: POST https://dashscope.aliyuncs.com/compatible-mode/v1/files "HTTP/1.1 200 OK"
2026-04-17 07:11:05,830 - ai_service_enhanced - INFO - 文件上传成功: C:\Users\chenkk\Desktop\新建文件夹\净资产收益率和每股收益\301359-2026-04-17-东南电子-2025年年度报告_mgsy.pdf (文件ID: file-fe-c34de626a192464894f58f59)
2026-04-17 07:11:05,830 - __main___file_only - INFO - 上传文件: 301359-2026-04-17-东南电子-2025年年度报告_mgsy.pdf (大小: 0.58 MB, ID: file-fe-c34de626a192464894f58f59)
2026-04-17 07:11:05,935 - httpx - INFO - HTTP Request: POST https://dashscope.aliyuncs.com/compatible-mode/v1/chat/completions "HTTP/1.1 200 OK"
2026-04-17 07:11:05,971 - httpx - INFO - HTTP Request: DELETE https://dashscope.aliyuncs.com/compatible-mode/v1/files/file-fe-7566c798c19d4bf0b2ee7e90 "HTTP/1.1 200 OK"
2026-04-17 07:11:06,008 - __main___file_only - INFO - 找到数据: 300627 2026-04-17 (3条)
2026-04-17 07:11:06,008 - __main__ - INFO - 处理成功: 300627-2026-04-17
2026-04-17 07:11:06,008 - __main___file_only - INFO - 处理成功: C:\Users\chenkk\Desktop\新建文件夹\300627-2026-04-17-华测导航-2025年年度报告.pdf (耗时: 23.57秒)
2026-04-17 07:11:06,066 - __main__ - INFO - 开始处理: C:\Users\chenkk\Desktop\新建文件夹\301359-2026-04-17-东南电子-2025年年度报告.pdf
2026-04-17 07:11:06,586 - httpx - INFO - HTTP Request: DELETE https://dashscope.aliyuncs.com/compatible-mode/v1/files/file-fe-bd6936b5e33d4e259ce540d1 "HTTP/1.1 200 OK"
2026-04-17 07:11:07,198 - httpx - INFO - HTTP Request: DELETE https://dashscope.aliyuncs.com/compatible-mode/v1/files/file-fe-c76642d6c29f4bdd8a1bce38 "HTTP/1.1 200 OK"
2026-04-17 07:11:07,921 - httpx - INFO - HTTP Request: POST https://dashscope.aliyuncs.com/compatible-mode/v1/files "HTTP/1.1 200 OK"
2026-04-17 07:11:07,922 - ai_service_enhanced - INFO - 文件上传成功: C:\Users\chenkk\Desktop\新建文件夹\301393-2026-04-17-昊帆生物-2025年年度报告.pdf (文件ID: file-fe-ccf004b8c5c143348e0afa22)
2026-04-17 07:11:07,922 - __main___file_only - INFO - 上传文件: 301393-2026-04-17-昊帆生物-2025年年度报告.pdf (大小: 0.37 MB, ID: file-fe-ccf004b8c5c143348e0afa22)
2026-04-17 07:11:07,978 - httpx - INFO - HTTP Request: POST https://dashscope.aliyuncs.com/compatible-mode/v1/files "HTTP/1.1 200 OK"
2026-04-17 07:11:07,978 - ai_service_enhanced - INFO - 文件上传成功: C:\Users\chenkk\Desktop\新建文件夹\净资产收益率和每股收益\301392-2026-04-17-汇成真空-2025年年度报告_mgsy.pdf (文件ID: file-fe-3a21f5d77d0f46419790a48d)
2026-04-17 07:11:07,978 - __main___file_only - INFO - 上传文件: 301392-2026-04-17-汇成真空-2025年年度报告_mgsy.pdf (大小: 0.30 MB, ID: file-fe-3a21f5d77d0f46419790a48d)
2026-04-17 07:11:08,070 - __main__ - INFO - 开始处理: C:\Users\chenkk\Desktop\新建文件夹\301392-2026-04-17-汇成真空-2025年年度报告.pdf
2026-04-17 07:11:08,455 - httpx - INFO - HTTP Request: POST https://dashscope.aliyuncs.com/compatible-mode/v1/chat/completions "HTTP/1.1 200 OK"
2026-04-17 07:11:09,589 - httpx - INFO - HTTP Request: POST https://dashscope.aliyuncs.com/compatible-mode/v1/chat/completions "HTTP/1.1 200 OK"
2026-04-17 07:11:10,055 - httpx - INFO - HTTP Request: POST https://dashscope.aliyuncs.com/compatible-mode/v1/files "HTTP/1.1 200 OK"
2026-04-17 07:11:10,056 - ai_service_enhanced - INFO - 文件上传成功: C:\Users\chenkk\Desktop\新建文件夹\301419-2026-04-17-阿莱德-2025年年度报告.pdf (文件ID: file-fe-e69e998887a649ee82bbf571)
2026-04-17 07:11:10,056 - __main___file_only - INFO - 上传文件: 301419-2026-04-17-阿莱德-2025年年度报告.pdf (大小: 0.36 MB, ID: file-fe-e69e998887a649ee82bbf571)
2026-04-17 07:11:10,087 - httpx - INFO - HTTP Request: POST https://dashscope.aliyuncs.com/compatible-mode/v1/files "HTTP/1.1 200 OK"
2026-04-17 07:11:10,087 - ai_service_enhanced - INFO - 文件上传成功: C:\Users\chenkk\Desktop\新建文件夹\净资产收益率和每股收益\301393-2026-04-17-昊帆生物-2025年年度报告_mgsy.pdf (文件ID: file-fe-bd13b07f67a74312aadb82ff)
2026-04-17 07:11:10,088 - __main___file_only - INFO - 上传文件: 301393-2026-04-17-昊帆生物-2025年年度报告_mgsy.pdf (大小: 0.36 MB, ID: file-fe-bd13b07f67a74312aadb82ff)
2026-04-17 07:11:10,088 - __main__ - INFO - 开始处理: C:\Users\chenkk\Desktop\新建文件夹\301393-2026-04-17-昊帆生物-2025年年度报告.pdf
2026-04-17 07:11:11,666 - httpx - INFO - HTTP Request: POST https://dashscope.aliyuncs.com/compatible-mode/v1/chat/completions "HTTP/1.1 200 OK"
2026-04-17 07:11:11,799 - httpx - INFO - HTTP Request: POST https://dashscope.aliyuncs.com/compatible-mode/v1/chat/completions "HTTP/1.1 200 OK"
2026-04-17 07:11:11,877 - __main___file_only - INFO - 找到数据: 300633 2026-04-17 (3条)
2026-04-17 07:11:11,878 - __main__ - INFO - 处理成功: 300633-2026-04-17
2026-04-17 07:11:11,878 - __main___file_only - INFO - 处理成功: C:\Users\chenkk\Desktop\新建文件夹\300633-2026-04-17-开立医疗-2025年年度报告.pdf (耗时: 27.17秒)
2026-04-17 07:11:12,221 - httpx - INFO - HTTP Request: POST https://dashscope.aliyuncs.com/compatible-mode/v1/files "HTTP/1.1 200 OK"
2026-04-17 07:11:12,222 - ai_service_enhanced - INFO - 文件上传成功: C:\Users\chenkk\Desktop\新建文件夹\301551-2026-04-17-无线传媒-2025年年度报告.pdf (文件ID: file-fe-07d04e8911b44c368151aa1c)
2026-04-17 07:11:12,222 - __main___file_only - INFO - 上传文件: 301551-2026-04-17-无线传媒-2025年年度报告.pdf (大小: 0.30 MB, ID: file-fe-07d04e8911b44c368151aa1c)
2026-04-17 07:11:12,249 - httpx - INFO - HTTP Request: POST https://dashscope.aliyuncs.com/compatible-mode/v1/files "HTTP/1.1 200 OK"
2026-04-17 07:11:12,249 - ai_service_enhanced - INFO - 文件上传成功: C:\Users\chenkk\Desktop\新建文件夹\净资产收益率和每股收益\301419-2026-04-17-阿莱德-2025年年度报告_mgsy.pdf (文件ID: file-fe-f49bd58c9dac4b4eb27535ff)
2026-04-17 07:11:12,250 - __main___file_only - INFO - 上传文件: 301419-2026-04-17-阿莱德-2025年年度报告_mgsy.pdf (大小: 0.36 MB, ID: file-fe-f49bd58c9dac4b4eb27535ff)
2026-04-17 07:11:12,314 - httpx - INFO - HTTP Request: POST https://dashscope.aliyuncs.com/compatible-mode/v1/chat/completions "HTTP/1.1 200 OK"
2026-04-17 07:11:12,359 - __main__ - INFO - 开始处理: C:\Users\chenkk\Desktop\新建文件夹\301419-2026-04-17-阿莱德-2025年年度报告.pdf
2026-04-17 07:11:12,599 - httpx - INFO - HTTP Request: DELETE https://dashscope.aliyuncs.com/compatible-mode/v1/files/file-fe-246baf2b3105435da8098ffa "HTTP/1.1 200 OK"
2026-04-17 07:11:13,160 - httpx - INFO - HTTP Request: DELETE https://dashscope.aliyuncs.com/compatible-mode/v1/files/file-fe-b22d9825a3de4c29bb70d4ab "HTTP/1.1 200 OK"
2026-04-17 07:11:13,375 - httpx - INFO - HTTP Request: POST https://dashscope.aliyuncs.com/compatible-mode/v1/chat/completions "HTTP/1.1 200 OK"
2026-04-17 07:11:13,448 - __main___file_only - INFO - 找到数据: 300703 2026-04-17 (3条)
2026-04-17 07:11:13,448 - __main__ - INFO - 处理成功: 300703-2026-04-17
2026-04-17 07:11:13,448 - __main___file_only - INFO - 处理成功: C:\Users\chenkk\Desktop\新建文件夹\300703-2026-04-17-创源股份-2025年年度报告.pdf (耗时: 26.66秒)
2026-04-17 07:11:13,517 - httpx - INFO - HTTP Request: POST https://dashscope.aliyuncs.com/compatible-mode/v1/chat/completions "HTTP/1.1 200 OK"
2026-04-17 07:11:13,586 - __main___file_only - INFO - 找到数据: 300810 2026-04-17 (3条)
2026-04-17 07:11:13,587 - __main__ - INFO - 处理成功: 300810-2026-04-17
2026-04-17 07:11:13,587 - __main___file_only - INFO - 处理成功: C:\Users\chenkk\Desktop\新建文件夹\300810-2026-04-17-中科海讯-2025年年度报告.pdf (耗时: 24.77秒)
2026-04-17 07:11:14,140 - httpx - INFO - HTTP Request: DELETE https://dashscope.aliyuncs.com/compatible-mode/v1/files/file-fe-4a7661cc2aa14c85a62feb53 "HTTP/1.1 200 OK"
2026-04-17 07:11:14,225 - httpx - INFO - HTTP Request: DELETE https://dashscope.aliyuncs.com/compatible-mode/v1/files/file-fe-9f703aa8499f4d8ca42fb28f "HTTP/1.1 200 OK"
2026-04-17 07:11:14,268 - httpx - INFO - HTTP Request: POST https://dashscope.aliyuncs.com/compatible-mode/v1/files "HTTP/1.1 200 OK"
2026-04-17 07:11:14,269 - ai_service_enhanced - INFO - 文件上传成功: C:\Users\chenkk\Desktop\新建文件夹\净资产收益率和每股收益\301551-2026-04-17-无线传媒-2025年年度报告_mgsy.pdf (文件ID: file-fe-164a846761de44a697d792e2)
2026-04-17 07:11:14,269 - __main___file_only - INFO - 上传文件: 301551-2026-04-17-无线传媒-2025年年度报告_mgsy.pdf (大小: 0.31 MB, ID: file-fe-164a846761de44a697d792e2)
2026-04-17 07:11:14,462 - httpx - INFO - HTTP Request: POST https://dashscope.aliyuncs.com/compatible-mode/v1/chat/completions "HTTP/1.1 200 OK"
2026-04-17 07:11:14,468 - __main__ - INFO - 开始处理: C:\Users\chenkk\Desktop\新建文件夹\301551-2026-04-17-无线传媒-2025年年度报告.pdf
2026-04-17 07:11:14,511 - httpx - INFO - HTTP Request: POST https://dashscope.aliyuncs.com/compatible-mode/v1/files "HTTP/1.1 200 OK"
2026-04-17 07:11:14,511 - ai_service_enhanced - INFO - 文件上传成功: C:\Users\chenkk\Desktop\新建文件夹\600292-2026-04-17-电投水电-电投水电2025年年度报告全文.pdf (文件ID: file-fe-7bc83fd70e30473997c5790b)
2026-04-17 07:11:14,511 - __main___file_only - INFO - 上传文件: 600292-2026-04-17-电投水电-电投水电2025年年度报告全文.pdf (大小: 0.35 MB, ID: file-fe-7bc83fd70e30473997c5790b)
2026-04-17 07:11:14,708 - httpx - INFO - HTTP Request: DELETE https://dashscope.aliyuncs.com/compatible-mode/v1/files/file-fe-b4c7a0f3a30d44849cd14357 "HTTP/1.1 200 OK"
2026-04-17 07:11:14,888 - httpx - INFO - HTTP Request: DELETE https://dashscope.aliyuncs.com/compatible-mode/v1/files/file-fe-1705b864646444018be43a97 "HTTP/1.1 200 OK"
2026-04-17 07:11:16,097 - httpx - INFO - HTTP Request: POST https://dashscope.aliyuncs.com/compatible-mode/v1/chat/completions "HTTP/1.1 200 OK"
2026-04-17 07:11:16,163 - __main___file_only - INFO - 找到数据: 300871 2026-04-17 (3条)
2026-04-17 07:11:16,163 - __main__ - INFO - 处理成功: 300871-2026-04-17
2026-04-17 07:11:16,163 - __main___file_only - INFO - 处理成功: C:\Users\chenkk\Desktop\新建文件夹\300871-2026-04-17-回盛生物-2025年年度报告.pdf (耗时: 24.98秒)
2026-04-17 07:11:16,439 - httpx - INFO - HTTP Request: POST https://dashscope.aliyuncs.com/compatible-mode/v1/files "HTTP/1.1 200 OK"
2026-04-17 07:11:16,439 - ai_service_enhanced - INFO - 文件上传成功: C:\Users\chenkk\Desktop\新建文件夹\600452-2026-04-17-涪陵电力-涪陵电力2025年年度报告全文.pdf (文件ID: file-fe-834e0b0207cf45bbab1d633d)
2026-04-17 07:11:16,440 - __main___file_only - INFO - 上传文件: 600452-2026-04-17-涪陵电力-涪陵电力2025年年度报告全文.pdf (大小: 0.29 MB, ID: file-fe-834e0b0207cf45bbab1d633d)
2026-04-17 07:11:16,487 - httpx - INFO - HTTP Request: POST https://dashscope.aliyuncs.com/compatible-mode/v1/files "HTTP/1.1 200 OK"
2026-04-17 07:11:16,488 - ai_service_enhanced - INFO - 文件上传成功: C:\Users\chenkk\Desktop\新建文件夹\净资产收益率和每股收益\600292-2026-04-17-电投水电-电投水电2025年年度报告全文_mgsy.pdf (文件ID: file-fe-76dc161ae93e48b2b6c02531)
2026-04-17 07:11:16,488 - __main___file_only - INFO - 上传文件: 600292-2026-04-17-电投水电-电投水电2025年年度报告全文_mgsy.pdf (大小: 0.31 MB, ID: file-fe-76dc161ae93e48b2b6c02531)
2026-04-17 07:11:16,488 - __main__ - INFO - 开始处理: C:\Users\chenkk\Desktop\新建文件夹\600292-2026-04-17-电投水电-电投水电2025年年度报告全文.pdf
2026-04-17 07:11:16,710 - httpx - INFO - HTTP Request: POST https://dashscope.aliyuncs.com/compatible-mode/v1/chat/completions "HTTP/1.1 200 OK"
2026-04-17 07:11:16,807 - httpx - INFO - HTTP Request: DELETE https://dashscope.aliyuncs.com/compatible-mode/v1/files/file-fe-44080c8d055c49c1b1bdb1d0 "HTTP/1.1 200 OK"
2026-04-17 07:11:17,493 - httpx - INFO - HTTP Request: DELETE https://dashscope.aliyuncs.com/compatible-mode/v1/files/file-fe-6acd5d7ec3ba4ceabfea96cb "HTTP/1.1 200 OK"
2026-04-17 07:11:18,548 - httpx - INFO - HTTP Request: POST https://dashscope.aliyuncs.com/compatible-mode/v1/files "HTTP/1.1 200 OK"
2026-04-17 07:11:18,549 - ai_service_enhanced - INFO - 文件上传成功: C:\Users\chenkk\Desktop\新建文件夹\净资产收益率和每股收益\600452-2026-04-17-涪陵电力-涪陵电力2025年年度报告全文_mgsy.pdf (文件ID: file-fe-0a14bd074df94ffd92046bef)
2026-04-17 07:11:18,549 - __main___file_only - INFO - 上传文件: 600452-2026-04-17-涪陵电力-涪陵电力2025年年度报告全文_mgsy.pdf (大小: 0.24 MB, ID: file-fe-0a14bd074df94ffd92046bef)
2026-04-17 07:11:18,584 - httpx - INFO - HTTP Request: POST https://dashscope.aliyuncs.com/compatible-mode/v1/files "HTTP/1.1 200 OK"
2026-04-17 07:11:18,585 - ai_service_enhanced - INFO - 文件上传成功: C:\Users\chenkk\Desktop\新建文件夹\600477-2026-04-17-杭萧钢构-杭萧钢构2025年年度报告.pdf (文件ID: file-fe-b9d3c4d5ead84a15970b5ca8)
2026-04-17 07:11:18,585 - __main___file_only - INFO - 上传文件: 600477-2026-04-17-杭萧钢构-杭萧钢构2025年年度报告.pdf (大小: 0.35 MB, ID: file-fe-b9d3c4d5ead84a15970b5ca8)
2026-04-17 07:11:18,586 - __main__ - INFO - 开始处理: C:\Users\chenkk\Desktop\新建文件夹\600452-2026-04-17-涪陵电力-涪陵电力2025年年度报告全文.pdf
2026-04-17 07:11:18,954 - httpx - INFO - HTTP Request: POST https://dashscope.aliyuncs.com/compatible-mode/v1/chat/completions "HTTP/1.1 200 OK"
2026-04-17 07:11:19,776 - httpx - INFO - HTTP Request: POST https://dashscope.aliyuncs.com/compatible-mode/v1/chat/completions "HTTP/1.1 200 OK"
2026-04-17 07:11:19,780 - httpx - INFO - HTTP Request: POST https://dashscope.aliyuncs.com/compatible-mode/v1/chat/completions "HTTP/1.1 200 OK"
2026-04-17 07:11:19,844 - __main___file_only - INFO - 找到数据: 300898 2026-04-17 (3条)
2026-04-17 07:11:19,844 - __main__ - INFO - 处理成功: 300898-2026-04-17
2026-04-17 07:11:19,844 - __main___file_only - INFO - 处理成功: C:\Users\chenkk\Desktop\新建文件夹\300898-2026-04-17-熊猫乳品-2025年年度报告.pdf (耗时: 26.65秒)
2026-04-17 07:11:19,860 - __main___file_only - INFO - 找到数据: 301158 2026-04-17 (3条)
2026-04-17 07:11:19,860 - __main__ - INFO - 处理成功: 301158-2026-04-17
2026-04-17 07:11:19,860 - __main___file_only - INFO - 处理成功: C:\Users\chenkk\Desktop\新建文件夹\301158-2026-04-17-德石股份-2025年年度报告.pdf (耗时: 24.03秒)
2026-04-17 07:11:20,507 - httpx - INFO - HTTP Request: DELETE https://dashscope.aliyuncs.com/compatible-mode/v1/files/file-fe-ddfc09111577426cb2c51532 "HTTP/1.1 200 OK"
2026-04-17 07:11:20,512 - httpx - INFO - HTTP Request: DELETE https://dashscope.aliyuncs.com/compatible-mode/v1/files/file-fe-e86d4f1d821b464c8b5a1bc1 "HTTP/1.1 200 OK"
2026-04-17 07:11:20,739 - httpx - INFO - HTTP Request: POST https://dashscope.aliyuncs.com/compatible-mode/v1/files "HTTP/1.1 200 OK"
2026-04-17 07:11:20,740 - ai_service_enhanced - INFO - 文件上传成功: C:\Users\chenkk\Desktop\新建文件夹\600519-2026-04-17-贵州茅台-贵州茅台2025年年度报告.pdf (文件ID: file-fe-5b2a8667ee404d638e43af25)
2026-04-17 07:11:20,740 - httpx - INFO - HTTP Request: POST https://dashscope.aliyuncs.com/compatible-mode/v1/files "HTTP/1.1 200 OK"
2026-04-17 07:11:20,740 - __main___file_only - INFO - 上传文件: 600519-2026-04-17-贵州茅台-贵州茅台2025年年度报告.pdf (大小: 0.27 MB, ID: file-fe-5b2a8667ee404d638e43af25)
2026-04-17 07:11:20,741 - ai_service_enhanced - INFO - 文件上传成功: C:\Users\chenkk\Desktop\新建文件夹\净资产收益率和每股收益\600477-2026-04-17-杭萧钢构-杭萧钢构2025年年度报告_mgsy.pdf (文件ID: file-fe-7835bdc9ead94b2b9616e869)
2026-04-17 07:11:20,741 - __main___file_only - INFO - 上传文件: 600477-2026-04-17-杭萧钢构-杭萧钢构2025年年度报告_mgsy.pdf (大小: 0.27 MB, ID: file-fe-7835bdc9ead94b2b9616e869)
2026-04-17 07:11:20,865 - __main__ - INFO - 开始处理: C:\Users\chenkk\Desktop\新建文件夹\600477-2026-04-17-杭萧钢构-杭萧钢构2025年年度报告.pdf
2026-04-17 07:11:21,147 - httpx - INFO - HTTP Request: DELETE https://dashscope.aliyuncs.com/compatible-mode/v1/files/file-fe-55dc2fc945014d8e9d3da941 "HTTP/1.1 200 OK"
2026-04-17 07:11:21,158 - httpx - INFO - HTTP Request: DELETE https://dashscope.aliyuncs.com/compatible-mode/v1/files/file-fe-a9220359dd504b82b5a2910e "HTTP/1.1 200 OK"
2026-04-17 07:11:21,981 - httpx - INFO - HTTP Request: POST https://dashscope.aliyuncs.com/compatible-mode/v1/chat/completions "HTTP/1.1 200 OK"
2026-04-17 07:11:22,051 - __main___file_only - INFO - 找到数据: 301181 2026-04-17 (3条)
2026-04-17 07:11:22,052 - __main__ - INFO - 处理成功: 301181-2026-04-17
2026-04-17 07:11:22,052 - __main___file_only - INFO - 处理成功: C:\Users\chenkk\Desktop\新建文件夹\301181-2026-04-17-标榜股份-2025年年度报告.pdf (耗时: 24.69秒)
2026-04-17 07:11:22,290 - httpx - INFO - HTTP Request: POST https://dashscope.aliyuncs.com/compatible-mode/v1/chat/completions "HTTP/1.1 200 OK"
2026-04-17 07:11:22,675 - httpx - INFO - HTTP Request: DELETE https://dashscope.aliyuncs.com/compatible-mode/v1/files/file-fe-5f54250741094bf3bb3a2692 "HTTP/1.1 200 OK"
2026-04-17 07:11:22,781 - httpx - INFO - HTTP Request: POST https://dashscope.aliyuncs.com/compatible-mode/v1/files "HTTP/1.1 200 OK"
2026-04-17 07:11:22,781 - ai_service_enhanced - INFO - 文件上传成功: C:\Users\chenkk\Desktop\新建文件夹\600654-2026-04-17-中安科-2025年年度报告.pdf (文件ID: file-fe-63d7745cfba841138c5ec3c2)
2026-04-17 07:11:22,781 - __main___file_only - INFO - 上传文件: 600654-2026-04-17-中安科-2025年年度报告.pdf (大小: 0.31 MB, ID: file-fe-63d7745cfba841138c5ec3c2)
2026-04-17 07:11:22,892 - httpx - INFO - HTTP Request: POST https://dashscope.aliyuncs.com/compatible-mode/v1/files "HTTP/1.1 200 OK"
2026-04-17 07:11:22,893 - ai_service_enhanced - INFO - 文件上传成功: C:\Users\chenkk\Desktop\新建文件夹\净资产收益率和每股收益\600519-2026-04-17-贵州茅台-贵州茅台2025年年度报告_mgsy.pdf (文件ID: file-fe-ddb4f32169114c3c8e68b952)
2026-04-17 07:11:22,893 - __main___file_only - INFO - 上传文件: 600519-2026-04-17-贵州茅台-贵州茅台2025年年度报告_mgsy.pdf (大小: 0.22 MB, ID: file-fe-ddb4f32169114c3c8e68b952)
2026-04-17 07:11:22,893 - __main__ - INFO - 开始处理: C:\Users\chenkk\Desktop\新建文件夹\600519-2026-04-17-贵州茅台-贵州茅台2025年年度报告.pdf
2026-04-17 07:11:23,220 - httpx - INFO - HTTP Request: POST https://dashscope.aliyuncs.com/compatible-mode/v1/chat/completions "HTTP/1.1 200 OK"
2026-04-17 07:11:23,278 - httpx - INFO - HTTP Request: DELETE https://dashscope.aliyuncs.com/compatible-mode/v1/files/file-fe-6fa9b32d191a4de2826f4195 "HTTP/1.1 200 OK"
2026-04-17 07:11:24,996 - httpx - INFO - HTTP Request: POST https://dashscope.aliyuncs.com/compatible-mode/v1/files "HTTP/1.1 200 OK"
2026-04-17 07:11:24,996 - ai_service_enhanced - INFO - 文件上传成功: C:\Users\chenkk\Desktop\新建文件夹\600800-2026-04-17-渤海化学-天津渤海化学股份有限公司2025年年度报告.pdf (文件ID: file-fe-607d44c4969248188f741605)
2026-04-17 07:11:24,997 - __main___file_only - INFO - 上传文件: 600800-2026-04-17-渤海化学-天津渤海化学股份有限公司2025年年度报告.pdf (大小: 0.28 MB, ID: file-fe-607d44c4969248188f741605)
2026-04-17 07:11:25,019 - httpx - INFO - HTTP Request: POST https://dashscope.aliyuncs.com/compatible-mode/v1/files "HTTP/1.1 200 OK"
2026-04-17 07:11:25,019 - ai_service_enhanced - INFO - 文件上传成功: C:\Users\chenkk\Desktop\新建文件夹\净资产收益率和每股收益\600654-2026-04-17-中安科-2025年年度报告_mgsy.pdf (文件ID: file-fe-3d86b83a04bc458684f5eba6)
2026-04-17 07:11:25,019 - __main___file_only - INFO - 上传文件: 600654-2026-04-17-中安科-2025年年度报告_mgsy.pdf (大小: 0.29 MB, ID: file-fe-3d86b83a04bc458684f5eba6)
2026-04-17 07:11:25,275 - __main__ - INFO - 开始处理: C:\Users\chenkk\Desktop\新建文件夹\600654-2026-04-17-中安科-2025年年度报告.pdf
2026-04-17 07:11:26,902 - httpx - INFO - HTTP Request: POST https://dashscope.aliyuncs.com/compatible-mode/v1/chat/completions "HTTP/1.1 200 OK"
2026-04-17 07:11:26,979 - __main___file_only - INFO - 找到数据: 301227 2026-04-17 (3条)
2026-04-17 07:11:26,979 - __main__ - INFO - 处理成功: 301227-2026-04-17
2026-04-17 07:11:26,979 - __main___file_only - INFO - 处理成功: C:\Users\chenkk\Desktop\新建文件夹\301227-2026-04-17-森鹰窗业-2025年年度报告.pdf (耗时: 27.51秒)
2026-04-17 07:11:27,061 - httpx - INFO - HTTP Request: POST https://dashscope.aliyuncs.com/compatible-mode/v1/files "HTTP/1.1 200 OK"
2026-04-17 07:11:27,062 - ai_service_enhanced - INFO - 文件上传成功: C:\Users\chenkk\Desktop\新建文件夹\600917-2026-04-17-重庆燃气-重庆燃气2025年年度报告.pdf (文件ID: file-fe-762597cf2e144f10885055a3)
2026-04-17 07:11:27,062 - __main___file_only - INFO - 上传文件: 600917-2026-04-17-重庆燃气-重庆燃气2025年年度报告.pdf (大小: 0.28 MB, ID: file-fe-762597cf2e144f10885055a3)
2026-04-17 07:11:27,188 - httpx - INFO - HTTP Request: POST https://dashscope.aliyuncs.com/compatible-mode/v1/chat/completions "HTTP/1.1 200 OK"
2026-04-17 07:11:27,422 - httpx - INFO - HTTP Request: POST https://dashscope.aliyuncs.com/compatible-mode/v1/chat/completions "HTTP/1.1 200 OK"
2026-04-17 07:11:27,691 - httpx - INFO - HTTP Request: DELETE https://dashscope.aliyuncs.com/compatible-mode/v1/files/file-fe-ca9a66799c0f42309e3a7053 "HTTP/1.1 200 OK"
2026-04-17 07:11:27,738 - httpx - INFO - HTTP Request: POST https://dashscope.aliyuncs.com/compatible-mode/v1/files "HTTP/1.1 200 OK"
2026-04-17 07:11:27,740 - ai_service_enhanced - INFO - 文件上传成功: C:\Users\chenkk\Desktop\新建文件夹\净资产收益率和每股收益\600800-2026-04-17-渤海化学-天津渤海化学股份有限公司2025年年度报告_mgsy.pdf (文件ID: file-fe-d875065aafb44f4592bf5887)
2026-04-17 07:11:27,740 - __main___file_only - INFO - 上传文件: 600800-2026-04-17-渤海化学-天津渤海化学股份有限公司2025年年度报告_mgsy.pdf (大小: 0.26 MB, ID: file-fe-d875065aafb44f4592bf5887)
2026-04-17 07:11:27,906 - __main__ - INFO - 开始处理: C:\Users\chenkk\Desktop\新建文件夹\600800-2026-04-17-渤海化学-天津渤海化学股份有限公司2025年年度报告.pdf
2026-04-17 07:11:28,001 - httpx - INFO - HTTP Request: POST https://dashscope.aliyuncs.com/compatible-mode/v1/chat/completions "HTTP/1.1 200 OK"
2026-04-17 07:11:28,073 - __main___file_only - INFO - 找到数据: 301310 2026-04-17 (3条)
2026-04-17 07:11:28,073 - __main__ - INFO - 处理成功: 301310-2026-04-17
2026-04-17 07:11:28,073 - __main___file_only - INFO - 处理成功: C:\Users\chenkk\Desktop\新建文件夹\301310-2026-04-17-鑫宏业-2025年年度报告.pdf (耗时: 24.38秒)
2026-04-17 07:11:28,388 - httpx - INFO - HTTP Request: DELETE https://dashscope.aliyuncs.com/compatible-mode/v1/files/file-fe-e35926d113424175b336c11c "HTTP/1.1 200 OK"
2026-04-17 07:11:28,673 - httpx - INFO - HTTP Request: DELETE https://dashscope.aliyuncs.com/compatible-mode/v1/files/file-fe-9939fe67e95942d59f8e104f "HTTP/1.1 200 OK"
2026-04-17 07:11:29,225 - httpx - INFO - HTTP Request: POST https://dashscope.aliyuncs.com/compatible-mode/v1/files "HTTP/1.1 200 OK"
2026-04-17 07:11:29,226 - ai_service_enhanced - INFO - 文件上传成功: C:\Users\chenkk\Desktop\新建文件夹\净资产收益率和每股收益\600917-2026-04-17-重庆燃气-重庆燃气2025年年度报告_mgsy.pdf (文件ID: file-fe-25c3f13c32e64af59e7612ed)
2026-04-17 07:11:29,227 - __main___file_only - INFO - 上传文件: 600917-2026-04-17-重庆燃气-重庆燃气2025年年度报告_mgsy.pdf (大小: 0.25 MB, ID: file-fe-25c3f13c32e64af59e7612ed)
2026-04-17 07:11:29,314 - httpx - INFO - HTTP Request: POST https://dashscope.aliyuncs.com/compatible-mode/v1/chat/completions "HTTP/1.1 200 OK"
2026-04-17 07:11:29,329 - httpx - INFO - HTTP Request: POST https://dashscope.aliyuncs.com/compatible-mode/v1/files "HTTP/1.1 200 OK"
2026-04-17 07:11:29,330 - ai_service_enhanced - INFO - 文件上传成功: C:\Users\chenkk\Desktop\新建文件夹\600961-2026-04-17-株冶集团-株冶集团2025年年度报告.pdf (文件ID: file-fe-5fda4493cdd0437f858fdd76)
2026-04-17 07:11:29,330 - __main___file_only - INFO - 上传文件: 600961-2026-04-17-株冶集团-株冶集团2025年年度报告.pdf (大小: 0.28 MB, ID: file-fe-5fda4493cdd0437f858fdd76)
2026-04-17 07:11:29,382 - __main__ - INFO - 开始处理: C:\Users\chenkk\Desktop\新建文件夹\600917-2026-04-17-重庆燃气-重庆燃气2025年年度报告.pdf
2026-04-17 07:11:29,386 - __main___file_only - INFO - 找到数据: 301359 2026-04-17 (3条)
2026-04-17 07:11:29,386 - __main__ - INFO - 处理成功: 301359-2026-04-17
2026-04-17 07:11:29,386 - __main___file_only - INFO - 处理成功: C:\Users\chenkk\Desktop\新建文件夹\301359-2026-04-17-东南电子-2025年年度报告.pdf (耗时: 23.32秒)
2026-04-17 07:11:29,407 - httpx - INFO - HTTP Request: DELETE https://dashscope.aliyuncs.com/compatible-mode/v1/files/file-fe-1d6b431a8f074126bb624ea5 "HTTP/1.1 200 OK"
2026-04-17 07:11:29,760 - httpx - INFO - HTTP Request: POST https://dashscope.aliyuncs.com/compatible-mode/v1/chat/completions "HTTP/1.1 200 OK"
2026-04-17 07:11:29,999 - httpx - INFO - HTTP Request: DELETE https://dashscope.aliyuncs.com/compatible-mode/v1/files/file-fe-493335e3147749ec8c3644ee "HTTP/1.1 200 OK"
2026-04-17 07:11:30,482 - httpx - INFO - HTTP Request: POST https://dashscope.aliyuncs.com/compatible-mode/v1/chat/completions "HTTP/1.1 200 OK"
2026-04-17 07:11:30,558 - __main___file_only - INFO - 找到数据: 301266 2026-04-17 (3条)
2026-04-17 07:11:30,558 - __main__ - INFO - 处理成功: 301266-2026-04-17
2026-04-17 07:11:30,558 - __main___file_only - INFO - 处理成功: C:\Users\chenkk\Desktop\新建文件夹\301266-2026-04-17-宇邦新材-2025年年度报告.pdf (耗时: 28.98秒)
2026-04-17 07:11:30,655 - httpx - INFO - HTTP Request: DELETE https://dashscope.aliyuncs.com/compatible-mode/v1/files/file-fe-c34de626a192464894f58f59 "HTTP/1.1 200 OK"
2026-04-17 07:11:31,126 - httpx - INFO - HTTP Request: DELETE https://dashscope.aliyuncs.com/compatible-mode/v1/files/file-fe-790096de301e4d44b6f6bc41 "HTTP/1.1 200 OK"
2026-04-17 07:11:31,337 - httpx - INFO - HTTP Request: POST https://dashscope.aliyuncs.com/compatible-mode/v1/files "HTTP/1.1 200 OK"
2026-04-17 07:11:31,337 - ai_service_enhanced - INFO - 文件上传成功: C:\Users\chenkk\Desktop\新建文件夹\净资产收益率和每股收益\600961-2026-04-17-株冶集团-株冶集团2025年年度报告_mgsy.pdf (文件ID: file-fe-6dec1773bf5e4cd89851390a)
2026-04-17 07:11:31,338 - __main___file_only - INFO - 上传文件: 600961-2026-04-17-株冶集团-株冶集团2025年年度报告_mgsy.pdf (大小: 0.25 MB, ID: file-fe-6dec1773bf5e4cd89851390a)
2026-04-17 07:11:31,374 - httpx - INFO - HTTP Request: POST https://dashscope.aliyuncs.com/compatible-mode/v1/files "HTTP/1.1 200 OK"
2026-04-17 07:11:31,374 - ai_service_enhanced - INFO - 文件上传成功: C:\Users\chenkk\Desktop\新建文件夹\601177-2026-04-17-杭齿前进-2025年年度报告.pdf (文件ID: file-fe-a7dc50f8ced24d7cb3e6e29b)
2026-04-17 07:11:31,375 - __main___file_only - INFO - 上传文件: 601177-2026-04-17-杭齿前进-2025年年度报告.pdf (大小: 0.29 MB, ID: file-fe-a7dc50f8ced24d7cb3e6e29b)
2026-04-17 07:11:31,385 - __main__ - INFO - 开始处理: C:\Users\chenkk\Desktop\新建文件夹\600961-2026-04-17-株冶集团-株冶集团2025年年度报告.pdf
2026-04-17 07:11:31,761 - httpx - INFO - HTTP Request: DELETE https://dashscope.aliyuncs.com/compatible-mode/v1/files/file-fe-85a672b3822d4ba083d480c8 "HTTP/1.1 200 OK"
2026-04-17 07:11:33,469 - httpx - INFO - HTTP Request: POST https://dashscope.aliyuncs.com/compatible-mode/v1/files "HTTP/1.1 200 OK"
2026-04-17 07:11:33,470 - ai_service_enhanced - INFO - 文件上传成功: C:\Users\chenkk\Desktop\新建文件夹\净资产收益率和每股收益\601177-2026-04-17-杭齿前进-2025年年度报告_mgsy.pdf (文件ID: file-fe-14e4d38bd36f43cf997e983a)
2026-04-17 07:11:33,470 - __main___file_only - INFO - 上传文件: 601177-2026-04-17-杭齿前进-2025年年度报告_mgsy.pdf (大小: 0.27 MB, ID: file-fe-14e4d38bd36f43cf997e983a)
2026-04-17 07:11:33,476 - httpx - INFO - HTTP Request: POST https://dashscope.aliyuncs.com/compatible-mode/v1/files "HTTP/1.1 200 OK"
2026-04-17 07:11:33,477 - ai_service_enhanced - INFO - 文件上传成功: C:\Users\chenkk\Desktop\新建文件夹\601933-2026-04-17-永辉超市-永辉超市股份有限公司2025年年度报告.pdf (文件ID: file-fe-d8c85106b54c48a0bbe40af0)
2026-04-17 07:11:33,477 - __main___file_only - INFO - 上传文件: 601933-2026-04-17-永辉超市-永辉超市股份有限公司2025年年度报告.pdf (大小: 0.38 MB, ID: file-fe-d8c85106b54c48a0bbe40af0)
2026-04-17 07:11:33,477 - __main__ - INFO - 开始处理: C:\Users\chenkk\Desktop\新建文件夹\601177-2026-04-17-杭齿前进-2025年年度报告.pdf
2026-04-17 07:11:33,554 - httpx - INFO - HTTP Request: POST https://dashscope.aliyuncs.com/compatible-mode/v1/chat/completions "HTTP/1.1 200 OK"
2026-04-17 07:11:34,927 - httpx - INFO - HTTP Request: POST https://dashscope.aliyuncs.com/compatible-mode/v1/chat/completions "HTTP/1.1 200 OK"
2026-04-17 07:11:35,552 - httpx - INFO - HTTP Request: POST https://dashscope.aliyuncs.com/compatible-mode/v1/files "HTTP/1.1 200 OK"
2026-04-17 07:11:35,553 - ai_service_enhanced - INFO - 文件上传成功: C:\Users\chenkk\Desktop\新建文件夹\净资产收益率和每股收益\601933-2026-04-17-永辉超市-永辉超市股份有限公司2025年年度报告_mgsy.pdf (文件ID: file-fe-ed473a841f794e6fb4605f5a)
2026-04-17 07:11:35,553 - __main___file_only - INFO - 上传文件: 601933-2026-04-17-永辉超市-永辉超市股份有限公司2025年年度报告_mgsy.pdf (大小: 0.30 MB, ID: file-fe-ed473a841f794e6fb4605f5a)
2026-04-17 07:11:35,588 - __main__ - INFO - 开始处理: C:\Users\chenkk\Desktop\新建文件夹\601933-2026-04-17-永辉超市-永辉超市股份有限公司2025年年度报告.pdf
2026-04-17 07:11:35,619 - httpx - INFO - HTTP Request: POST https://dashscope.aliyuncs.com/compatible-mode/v1/files "HTTP/1.1 200 OK"
2026-04-17 07:11:35,619 - ai_service_enhanced - INFO - 文件上传成功: C:\Users\chenkk\Desktop\新建文件夹\603004-2026-04-17-鼎龙科技-2025年年度报告.pdf (文件ID: file-fe-cbd51e9651164e89b61bcb74)
2026-04-17 07:11:35,619 - __main___file_only - INFO - 上传文件: 603004-2026-04-17-鼎龙科技-2025年年度报告.pdf (大小: 0.32 MB, ID: file-fe-cbd51e9651164e89b61bcb74)
2026-04-17 07:11:35,771 - httpx - INFO - HTTP Request: POST https://dashscope.aliyuncs.com/compatible-mode/v1/chat/completions "HTTP/1.1 200 OK"
2026-04-17 07:11:36,923 - httpx - INFO - HTTP Request: POST https://dashscope.aliyuncs.com/compatible-mode/v1/chat/completions "HTTP/1.1 200 OK"
2026-04-17 07:11:36,998 - __main___file_only - INFO - 找到数据: 301393 2026-04-17 (3条)
2026-04-17 07:11:36,998 - __main__ - INFO - 处理成功: 301393-2026-04-17
2026-04-17 07:11:36,998 - __main___file_only - INFO - 处理成功: C:\Users\chenkk\Desktop\新建文件夹\301393-2026-04-17-昊帆生物-2025年年度报告.pdf (耗时: 26.91秒)
2026-04-17 07:11:37,546 - httpx - INFO - HTTP Request: POST https://dashscope.aliyuncs.com/compatible-mode/v1/chat/completions "HTTP/1.1 200 OK"
2026-04-17 07:11:37,638 - httpx - INFO - HTTP Request: DELETE https://dashscope.aliyuncs.com/compatible-mode/v1/files/file-fe-ccf004b8c5c143348e0afa22 "HTTP/1.1 200 OK"
2026-04-17 07:11:37,661 - __main___file_only - INFO - 找到数据: 301392 2026-04-17 (3条)
2026-04-17 07:11:37,661 - __main__ - INFO - 处理成功: 301392-2026-04-17
2026-04-17 07:11:37,661 - __main___file_only - INFO - 处理成功: C:\Users\chenkk\Desktop\新建文件夹\301392-2026-04-17-汇成真空-2025年年度报告.pdf (耗时: 29.59秒)
2026-04-17 07:11:37,665 - httpx - INFO - HTTP Request: POST https://dashscope.aliyuncs.com/compatible-mode/v1/files "HTTP/1.1 200 OK"
2026-04-17 07:11:37,666 - ai_service_enhanced - INFO - 文件上传成功: C:\Users\chenkk\Desktop\新建文件夹\603049-2026-04-17-中策橡胶-2025年年度报告.pdf (文件ID: file-fe-39d69f67c79f415c88c9873e)
2026-04-17 07:11:37,666 - __main___file_only - INFO - 上传文件: 603049-2026-04-17-中策橡胶-2025年年度报告.pdf (大小: 0.32 MB, ID: file-fe-39d69f67c79f415c88c9873e)
2026-04-17 07:11:37,687 - httpx - INFO - HTTP Request: POST https://dashscope.aliyuncs.com/compatible-mode/v1/files "HTTP/1.1 200 OK"
2026-04-17 07:11:37,687 - ai_service_enhanced - INFO - 文件上传成功: C:\Users\chenkk\Desktop\新建文件夹\净资产收益率和每股收益\603004-2026-04-17-鼎龙科技-2025年年度报告_mgsy.pdf (文件ID: file-fe-f73b7b6d93dc4782902feefc)
2026-04-17 07:11:37,687 - __main___file_only - INFO - 上传文件: 603004-2026-04-17-鼎龙科技-2025年年度报告_mgsy.pdf (大小: 0.28 MB, ID: file-fe-f73b7b6d93dc4782902feefc)
2026-04-17 07:11:37,688 - __main__ - INFO - 开始处理: C:\Users\chenkk\Desktop\新建文件夹\603004-2026-04-17-鼎龙科技-2025年年度报告.pdf
2026-04-17 07:11:37,886 - httpx - INFO - HTTP Request: POST https://dashscope.aliyuncs.com/compatible-mode/v1/chat/completions "HTTP/1.1 200 OK"
2026-04-17 07:11:38,260 - httpx - INFO - HTTP Request: DELETE https://dashscope.aliyuncs.com/compatible-mode/v1/files/file-fe-3de543266ce24157a9b8bf26 "HTTP/1.1 200 OK"
2026-04-17 07:11:38,302 - httpx - INFO - HTTP Request: DELETE https://dashscope.aliyuncs.com/compatible-mode/v1/files/file-fe-bd13b07f67a74312aadb82ff "HTTP/1.1 200 OK"
2026-04-17 07:11:38,959 - httpx - INFO - HTTP Request: DELETE https://dashscope.aliyuncs.com/compatible-mode/v1/files/file-fe-3a21f5d77d0f46419790a48d "HTTP/1.1 200 OK"
2026-04-17 07:11:39,326 - httpx - INFO - HTTP Request: POST https://dashscope.aliyuncs.com/compatible-mode/v1/chat/completions "HTTP/1.1 200 OK"
2026-04-17 07:11:39,386 - __main___file_only - INFO - 找到数据: 301419 2026-04-17 (3条)
2026-04-17 07:11:39,386 - __main__ - INFO - 处理成功: 301419-2026-04-17
2026-04-17 07:11:39,386 - __main___file_only - INFO - 处理成功: C:\Users\chenkk\Desktop\新建文件夹\301419-2026-04-17-阿莱德-2025年年度报告.pdf (耗时: 27.03秒)
2026-04-17 07:11:39,782 - httpx - INFO - HTTP Request: POST https://dashscope.aliyuncs.com/compatible-mode/v1/files "HTTP/1.1 200 OK"
2026-04-17 07:11:39,783 - ai_service_enhanced - INFO - 文件上传成功: C:\Users\chenkk\Desktop\新建文件夹\603057-2026-04-17-紫燕食品-紫燕食品2025年年度报告.pdf (文件ID: file-fe-116eb58d868243fc99a20d57)
2026-04-17 07:11:39,783 - __main___file_only - INFO - 上传文件: 603057-2026-04-17-紫燕食品-紫燕食品2025年年度报告.pdf (大小: 0.35 MB, ID: file-fe-116eb58d868243fc99a20d57)
2026-04-17 07:11:39,848 - httpx - INFO - HTTP Request: POST https://dashscope.aliyuncs.com/compatible-mode/v1/files "HTTP/1.1 200 OK"
2026-04-17 07:11:39,849 - ai_service_enhanced - INFO - 文件上传成功: C:\Users\chenkk\Desktop\新建文件夹\净资产收益率和每股收益\603049-2026-04-17-中策橡胶-2025年年度报告_mgsy.pdf (文件ID: file-fe-5f58af56c09348228023b373)
2026-04-17 07:11:39,849 - __main___file_only - INFO - 上传文件: 603049-2026-04-17-中策橡胶-2025年年度报告_mgsy.pdf (大小: 0.28 MB, ID: file-fe-5f58af56c09348228023b373)
2026-04-17 07:11:39,999 - httpx - INFO - HTTP Request: DELETE https://dashscope.aliyuncs.com/compatible-mode/v1/files/file-fe-e69e998887a649ee82bbf571 "HTTP/1.1 200 OK"
2026-04-17 07:11:40,060 - __main__ - INFO - 开始处理: C:\Users\chenkk\Desktop\新建文件夹\603049-2026-04-17-中策橡胶-2025年年度报告.pdf
2026-04-17 07:11:40,243 - httpx - INFO - HTTP Request: POST https://dashscope.aliyuncs.com/compatible-mode/v1/chat/completions "HTTP/1.1 200 OK"
2026-04-17 07:11:40,756 - httpx - INFO - HTTP Request: DELETE https://dashscope.aliyuncs.com/compatible-mode/v1/files/file-fe-f49bd58c9dac4b4eb27535ff "HTTP/1.1 200 OK"
2026-04-17 07:11:41,531 - httpx - INFO - HTTP Request: POST https://dashscope.aliyuncs.com/compatible-mode/v1/chat/completions "HTTP/1.1 200 OK"
2026-04-17 07:11:41,604 - __main___file_only - INFO - 找到数据: 301551 2026-04-17 (3条)
2026-04-17 07:11:41,605 - __main__ - INFO - 处理成功: 301551-2026-04-17
2026-04-17 07:11:41,605 - __main___file_only - INFO - 处理成功: C:\Users\chenkk\Desktop\新建文件夹\301551-2026-04-17-无线传媒-2025年年度报告.pdf (耗时: 27.14秒)
2026-04-17 07:11:41,967 - httpx - INFO - HTTP Request: POST https://dashscope.aliyuncs.com/compatible-mode/v1/files "HTTP/1.1 200 OK"
2026-04-17 07:11:41,968 - ai_service_enhanced - INFO - 文件上传成功: C:\Users\chenkk\Desktop\新建文件夹\净资产收益率和每股收益\603057-2026-04-17-紫燕食品-紫燕食品2025年年度报告_mgsy.pdf (文件ID: file-fe-2671d91dbc3e4d169f59f951)
2026-04-17 07:11:41,968 - __main___file_only - INFO - 上传文件: 603057-2026-04-17-紫燕食品-紫燕食品2025年年度报告_mgsy.pdf (大小: 0.29 MB, ID: file-fe-2671d91dbc3e4d169f59f951)
2026-04-17 07:11:42,023 - httpx - INFO - HTTP Request: POST https://dashscope.aliyuncs.com/compatible-mode/v1/files "HTTP/1.1 200 OK"
2026-04-17 07:11:42,024 - ai_service_enhanced - INFO - 文件上传成功: C:\Users\chenkk\Desktop\新建文件夹\603100-2026-04-17-川仪股份-川仪股份2025年年度报告.pdf (文件ID: file-fe-ac84d807709e4f2eb69014b6)
2026-04-17 07:11:42,024 - __main___file_only - INFO - 上传文件: 603100-2026-04-17-川仪股份-川仪股份2025年年度报告.pdf (大小: 0.30 MB, ID: file-fe-ac84d807709e4f2eb69014b6)
2026-04-17 07:11:42,069 - __main__ - INFO - 开始处理: C:\Users\chenkk\Desktop\新建文件夹\603057-2026-04-17-紫燕食品-紫燕食品2025年年度报告.pdf
2026-04-17 07:11:42,242 - httpx - INFO - HTTP Request: DELETE https://dashscope.aliyuncs.com/compatible-mode/v1/files/file-fe-07d04e8911b44c368151aa1c "HTTP/1.1 200 OK"
2026-04-17 07:11:42,906 - httpx - INFO - HTTP Request: DELETE https://dashscope.aliyuncs.com/compatible-mode/v1/files/file-fe-164a846761de44a697d792e2 "HTTP/1.1 200 OK"
2026-04-17 07:11:43,414 - httpx - INFO - HTTP Request: POST https://dashscope.aliyuncs.com/compatible-mode/v1/chat/completions "HTTP/1.1 200 OK"
2026-04-17 07:11:43,497 - __main___file_only - INFO - 找到数据: 600477 2026-04-17 (3条)
2026-04-17 07:11:43,497 - __main__ - INFO - 处理成功: 600477-2026-04-17
2026-04-17 07:11:43,497 - __main___file_only - INFO - 处理成功: C:\Users\chenkk\Desktop\新建文件夹\600477-2026-04-17-杭萧钢构-杭萧钢构2025年年度报告.pdf (耗时: 22.63秒)
2026-04-17 07:11:43,861 - httpx - INFO - HTTP Request: POST https://dashscope.aliyuncs.com/compatible-mode/v1/chat/completions "HTTP/1.1 200 OK"
2026-04-17 07:11:44,125 - httpx - INFO - HTTP Request: POST https://dashscope.aliyuncs.com/compatible-mode/v1/files "HTTP/1.1 200 OK"
2026-04-17 07:11:44,126 - ai_service_enhanced - INFO - 文件上传成功: C:\Users\chenkk\Desktop\新建文件夹\603138-2026-04-17-海量数据-海量数据2025年年度报告.pdf (文件ID: file-fe-79d0d220e403421f937ca3d7)
2026-04-17 07:11:44,126 - __main___file_only - INFO - 上传文件: 603138-2026-04-17-海量数据-海量数据2025年年度报告.pdf (大小: 0.26 MB, ID: file-fe-79d0d220e403421f937ca3d7)
2026-04-17 07:11:44,138 - httpx - INFO - HTTP Request: POST https://dashscope.aliyuncs.com/compatible-mode/v1/files "HTTP/1.1 200 OK"
2026-04-17 07:11:44,138 - ai_service_enhanced - INFO - 文件上传成功: C:\Users\chenkk\Desktop\新建文件夹\净资产收益率和每股收益\603100-2026-04-17-川仪股份-川仪股份2025年年度报告_mgsy.pdf (文件ID: file-fe-4d2ab86243e741c48b839653)
2026-04-17 07:11:44,139 - __main___file_only - INFO - 上传文件: 603100-2026-04-17-川仪股份-川仪股份2025年年度报告_mgsy.pdf (大小: 0.28 MB, ID: file-fe-4d2ab86243e741c48b839653)
2026-04-17 07:11:44,139 - __main__ - INFO - 开始处理: C:\Users\chenkk\Desktop\新建文件夹\603100-2026-04-17-川仪股份-川仪股份2025年年度报告.pdf
2026-04-17 07:11:44,146 - httpx - INFO - HTTP Request: DELETE https://dashscope.aliyuncs.com/compatible-mode/v1/files/file-fe-b9d3c4d5ead84a15970b5ca8 "HTTP/1.1 200 OK"
2026-04-17 07:11:44,390 - httpx - INFO - HTTP Request: POST https://dashscope.aliyuncs.com/compatible-mode/v1/chat/completions "HTTP/1.1 200 OK"
2026-04-17 07:11:44,781 - httpx - INFO - HTTP Request: DELETE https://dashscope.aliyuncs.com/compatible-mode/v1/files/file-fe-7835bdc9ead94b2b9616e869 "HTTP/1.1 200 OK"
2026-04-17 07:11:45,086 - httpx - INFO - HTTP Request: POST https://dashscope.aliyuncs.com/compatible-mode/v1/chat/completions "HTTP/1.1 200 OK"
2026-04-17 07:11:45,270 - __main___file_only - INFO - 找到数据: 600292 2026-04-17 (3条)
2026-04-17 07:11:45,271 - __main__ - INFO - 处理成功: 600292-2026-04-17
2026-04-17 07:11:45,271 - __main___file_only - INFO - 处理成功: C:\Users\chenkk\Desktop\新建文件夹\600292-2026-04-17-电投水电-电投水电2025年年度报告全文.pdf (耗时: 28.78秒)
2026-04-17 07:11:45,933 - httpx - INFO - HTTP Request: DELETE https://dashscope.aliyuncs.com/compatible-mode/v1/files/file-fe-7bc83fd70e30473997c5790b "HTTP/1.1 200 OK"
2026-04-17 07:11:46,047 - httpx - INFO - HTTP Request: POST https://dashscope.aliyuncs.com/compatible-mode/v1/chat/completions "HTTP/1.1 200 OK"
2026-04-17 07:11:46,165 - __main___file_only - INFO - 找到数据: 600452 2026-04-17 (3条)
2026-04-17 07:11:46,165 - __main__ - INFO - 处理成功: 600452-2026-04-17
2026-04-17 07:11:46,165 - __main___file_only - INFO - 处理成功: C:\Users\chenkk\Desktop\新建文件夹\600452-2026-04-17-涪陵电力-涪陵电力2025年年度报告全文.pdf (耗时: 27.58秒)
2026-04-17 07:11:46,212 - httpx - INFO - HTTP Request: POST https://dashscope.aliyuncs.com/compatible-mode/v1/files "HTTP/1.1 200 OK"
2026-04-17 07:11:46,213 - ai_service_enhanced - INFO - 文件上传成功: C:\Users\chenkk\Desktop\新建文件夹\净资产收益率和每股收益\603138-2026-04-17-海量数据-海量数据2025年年度报告_mgsy.pdf (文件ID: file-fe-f5efe184adde4065ba6a15e2)
2026-04-17 07:11:46,213 - __main___file_only - INFO - 上传文件: 603138-2026-04-17-海量数据-海量数据2025年年度报告_mgsy.pdf (大小: 0.23 MB, ID: file-fe-f5efe184adde4065ba6a15e2)
2026-04-17 07:11:46,253 - __main__ - INFO - 开始处理: C:\Users\chenkk\Desktop\新建文件夹\603138-2026-04-17-海量数据-海量数据2025年年度报告.pdf
2026-04-17 07:11:46,263 - httpx - INFO - HTTP Request: POST https://dashscope.aliyuncs.com/compatible-mode/v1/files "HTTP/1.1 200 OK"
2026-04-17 07:11:46,263 - ai_service_enhanced - INFO - 文件上传成功: C:\Users\chenkk\Desktop\新建文件夹\603225-2026-04-17-新凤鸣-2025年年度报告全文.pdf (文件ID: file-fe-ba6229adb73944af93c170ee)
2026-04-17 07:11:46,263 - __main___file_only - INFO - 上传文件: 603225-2026-04-17-新凤鸣-2025年年度报告全文.pdf (大小: 0.32 MB, ID: file-fe-ba6229adb73944af93c170ee)
2026-04-17 07:11:46,521 - httpx - INFO - HTTP Request: DELETE https://dashscope.aliyuncs.com/compatible-mode/v1/files/file-fe-76dc161ae93e48b2b6c02531 "HTTP/1.1 200 OK"
2026-04-17 07:11:46,809 - httpx - INFO - HTTP Request: DELETE https://dashscope.aliyuncs.com/compatible-mode/v1/files/file-fe-834e0b0207cf45bbab1d633d "HTTP/1.1 200 OK"
2026-04-17 07:11:46,943 - httpx - INFO - HTTP Request: POST https://dashscope.aliyuncs.com/compatible-mode/v1/chat/completions "HTTP/1.1 200 OK"
2026-04-17 07:11:47,419 - httpx - INFO - HTTP Request: DELETE https://dashscope.aliyuncs.com/compatible-mode/v1/files/file-fe-0a14bd074df94ffd92046bef "HTTP/1.1 200 OK"
2026-04-17 07:11:48,361 - httpx - INFO - HTTP Request: POST https://dashscope.aliyuncs.com/compatible-mode/v1/chat/completions "HTTP/1.1 200 OK"
2026-04-17 07:11:48,400 - httpx - INFO - HTTP Request: POST https://dashscope.aliyuncs.com/compatible-mode/v1/files "HTTP/1.1 200 OK"
2026-04-17 07:11:48,400 - ai_service_enhanced - INFO - 文件上传成功: C:\Users\chenkk\Desktop\新建文件夹\603260-2026-04-17-合盛硅业-合盛硅业2025年年度报告.pdf (文件ID: file-fe-9066b19614e144f4b38def0a)
2026-04-17 07:11:48,401 - __main___file_only - INFO - 上传文件: 603260-2026-04-17-合盛硅业-合盛硅业2025年年度报告.pdf (大小: 0.33 MB, ID: file-fe-9066b19614e144f4b38def0a)
2026-04-17 07:11:48,423 - httpx - INFO - HTTP Request: POST https://dashscope.aliyuncs.com/compatible-mode/v1/files "HTTP/1.1 200 OK"
2026-04-17 07:11:48,424 - ai_service_enhanced - INFO - 文件上传成功: C:\Users\chenkk\Desktop\新建文件夹\净资产收益率和每股收益\603225-2026-04-17-新凤鸣-2025年年度报告全文_mgsy.pdf (文件ID: file-fe-082a7587c562427c9de3da1a)
2026-04-17 07:11:48,424 - __main___file_only - INFO - 上传文件: 603225-2026-04-17-新凤鸣-2025年年度报告全文_mgsy.pdf (大小: 0.28 MB, ID: file-fe-082a7587c562427c9de3da1a)
2026-04-17 07:11:48,524 - __main__ - INFO - 开始处理: C:\Users\chenkk\Desktop\新建文件夹\603225-2026-04-17-新凤鸣-2025年年度报告全文.pdf
2026-04-17 07:11:48,630 - __main___file_only - INFO - 找到数据: 600519 2026-04-17 (3条)
2026-04-17 07:11:48,630 - __main__ - INFO - 处理成功: 600519-2026-04-17
2026-04-17 07:11:48,630 - __main___file_only - INFO - 处理成功: C:\Users\chenkk\Desktop\新建文件夹\600519-2026-04-17-贵州茅台-贵州茅台2025年年度报告.pdf (耗时: 25.74秒)
2026-04-17 07:11:49,238 - httpx - INFO - HTTP Request: DELETE https://dashscope.aliyuncs.com/compatible-mode/v1/files/file-fe-5b2a8667ee404d638e43af25 "HTTP/1.1 200 OK"
2026-04-17 07:11:49,631 - httpx - INFO - HTTP Request: POST https://dashscope.aliyuncs.com/compatible-mode/v1/chat/completions "HTTP/1.1 200 OK"
2026-04-17 07:11:49,822 - httpx - INFO - HTTP Request: DELETE https://dashscope.aliyuncs.com/compatible-mode/v1/files/file-fe-ddb4f32169114c3c8e68b952 "HTTP/1.1 200 OK"
2026-04-17 07:11:50,435 - httpx - INFO - HTTP Request: POST https://dashscope.aliyuncs.com/compatible-mode/v1/files "HTTP/1.1 200 OK"
2026-04-17 07:11:50,436 - ai_service_enhanced - INFO - 文件上传成功: C:\Users\chenkk\Desktop\新建文件夹\净资产收益率和每股收益\603260-2026-04-17-合盛硅业-合盛硅业2025年年度报告_mgsy.pdf (文件ID: file-fe-75ebd334f0d944c0ac76274c)
2026-04-17 07:11:50,436 - __main___file_only - INFO - 上传文件: 603260-2026-04-17-合盛硅业-合盛硅业2025年年度报告_mgsy.pdf (大小: 0.27 MB, ID: file-fe-75ebd334f0d944c0ac76274c)
2026-04-17 07:11:50,529 - httpx - INFO - HTTP Request: POST https://dashscope.aliyuncs.com/compatible-mode/v1/files "HTTP/1.1 200 OK"
2026-04-17 07:11:50,529 - ai_service_enhanced - INFO - 文件上传成功: C:\Users\chenkk\Desktop\新建文件夹\603320-2026-04-17-迪贝电气-2025年年度报告.pdf (文件ID: file-fe-5bc0ccac08714a5aacbf615e)
2026-04-17 07:11:50,529 - __main___file_only - INFO - 上传文件: 603320-2026-04-17-迪贝电气-2025年年度报告.pdf (大小: 0.29 MB, ID: file-fe-5bc0ccac08714a5aacbf615e)
2026-04-17 07:11:50,530 - __main__ - INFO - 开始处理: C:\Users\chenkk\Desktop\新建文件夹\603260-2026-04-17-合盛硅业-合盛硅业2025年年度报告.pdf
2026-04-17 07:11:50,546 - httpx - INFO - HTTP Request: POST https://dashscope.aliyuncs.com/compatible-mode/v1/chat/completions "HTTP/1.1 200 OK"
2026-04-17 07:11:50,653 - __main___file_only - INFO - 找到数据: 600654 2026-04-17 (3条)
2026-04-17 07:11:50,654 - __main__ - INFO - 处理成功: 600654-2026-04-17
2026-04-17 07:11:50,654 - __main___file_only - INFO - 处理成功: C:\Users\chenkk\Desktop\新建文件夹\600654-2026-04-17-中安科-2025年年度报告.pdf (耗时: 25.38秒)
2026-04-17 07:11:51,264 - httpx - INFO - HTTP Request: DELETE https://dashscope.aliyuncs.com/compatible-mode/v1/files/file-fe-63d7745cfba841138c5ec3c2 "HTTP/1.1 200 OK"
2026-04-17 07:11:51,824 - httpx - INFO - HTTP Request: DELETE https://dashscope.aliyuncs.com/compatible-mode/v1/files/file-fe-3d86b83a04bc458684f5eba6 "HTTP/1.1 200 OK"
2026-04-17 07:11:52,474 - httpx - INFO - HTTP Request: POST https://dashscope.aliyuncs.com/compatible-mode/v1/chat/completions "HTTP/1.1 200 OK"
2026-04-17 07:11:52,576 - httpx - INFO - HTTP Request: POST https://dashscope.aliyuncs.com/compatible-mode/v1/files "HTTP/1.1 200 OK"
2026-04-17 07:11:52,576 - ai_service_enhanced - INFO - 文件上传成功: C:\Users\chenkk\Desktop\新建文件夹\净资产收益率和每股收益\603320-2026-04-17-迪贝电气-2025年年度报告_mgsy.pdf (文件ID: file-fe-089b85fddf6f43bc97c26c9d)
2026-04-17 07:11:52,576 - __main___file_only - INFO - 上传文件: 603320-2026-04-17-迪贝电气-2025年年度报告_mgsy.pdf (大小: 0.26 MB, ID: file-fe-089b85fddf6f43bc97c26c9d)
2026-04-17 07:11:52,638 - __main__ - INFO - 开始处理: C:\Users\chenkk\Desktop\新建文件夹\603320-2026-04-17-迪贝电气-2025年年度报告.pdf
2026-04-17 07:11:52,854 - httpx - INFO - HTTP Request: POST https://dashscope.aliyuncs.com/compatible-mode/v1/chat/completions "HTTP/1.1 200 OK"
2026-04-17 07:11:52,917 - httpx - INFO - HTTP Request: POST https://dashscope.aliyuncs.com/compatible-mode/v1/files "HTTP/1.1 200 OK"
2026-04-17 07:11:52,918 - ai_service_enhanced - INFO - 文件上传成功: C:\Users\chenkk\Desktop\新建文件夹\603338-2026-04-17-浙江鼎力-浙江鼎力机械股份有限公司2025年年度报告.pdf (文件ID: file-fe-870f521874ed4b5aa7fd8f11)
2026-04-17 07:11:52,918 - __main___file_only - INFO - 上传文件: 603338-2026-04-17-浙江鼎力-浙江鼎力机械股份有限公司2025年年度报告.pdf (大小: 0.27 MB, ID: file-fe-870f521874ed4b5aa7fd8f11)
2026-04-17 07:11:54,658 - httpx - INFO - HTTP Request: POST https://dashscope.aliyuncs.com/compatible-mode/v1/files "HTTP/1.1 200 OK"
2026-04-17 07:11:54,658 - ai_service_enhanced - INFO - 文件上传成功: C:\Users\chenkk\Desktop\新建文件夹\净资产收益率和每股收益\603338-2026-04-17-浙江鼎力-浙江鼎力机械股份有限公司2025年年度报告_mgsy.pdf (文件ID: file-fe-7b224042a0474bb2a3aefb52)
2026-04-17 07:11:54,658 - __main___file_only - INFO - 上传文件: 603338-2026-04-17-浙江鼎力-浙江鼎力机械股份有限公司2025年年度报告_mgsy.pdf (大小: 0.25 MB, ID: file-fe-7b224042a0474bb2a3aefb52)
2026-04-17 07:11:54,744 - __main__ - INFO - 开始处理: C:\Users\chenkk\Desktop\新建文件夹\603338-2026-04-17-浙江鼎力-浙江鼎力机械股份有限公司2025年年度报告.pdf
2026-04-17 07:11:54,803 - httpx - INFO - HTTP Request: POST https://dashscope.aliyuncs.com/compatible-mode/v1/files "HTTP/1.1 200 OK"
2026-04-17 07:11:54,803 - ai_service_enhanced - INFO - 文件上传成功: C:\Users\chenkk\Desktop\新建文件夹\603416-2026-04-17-信捷电气-无锡信捷电气股份有限公司2025年度报告.pdf (文件ID: file-fe-0cadb3710c2948b58e8e4b8b)
2026-04-17 07:11:54,803 - __main___file_only - INFO - 上传文件: 603416-2026-04-17-信捷电气-无锡信捷电气股份有限公司2025年度报告.pdf (大小: 0.31 MB, ID: file-fe-0cadb3710c2948b58e8e4b8b)
2026-04-17 07:11:54,983 - httpx - INFO - HTTP Request: POST https://dashscope.aliyuncs.com/compatible-mode/v1/chat/completions "HTTP/1.1 200 OK"
2026-04-17 07:11:55,230 - httpx - INFO - HTTP Request: POST https://dashscope.aliyuncs.com/compatible-mode/v1/chat/completions "HTTP/1.1 200 OK"
2026-04-17 07:11:55,294 - __main___file_only - INFO - 找到数据: 600800 2026-04-17 (3条)
2026-04-17 07:11:55,294 - __main__ - INFO - 处理成功: 600800-2026-04-17
2026-04-17 07:11:55,294 - __main___file_only - INFO - 处理成功: C:\Users\chenkk\Desktop\新建文件夹\600800-2026-04-17-渤海化学-天津渤海化学股份有限公司2025年年度报告.pdf (耗时: 27.39秒)
2026-04-17 07:11:55,375 - httpx - INFO - HTTP Request: POST https://dashscope.aliyuncs.com/compatible-mode/v1/chat/completions "HTTP/1.1 200 OK"
2026-04-17 07:11:55,435 - __main___file_only - INFO - 找到数据: 600917 2026-04-17 (3条)
2026-04-17 07:11:55,435 - __main__ - INFO - 处理成功: 600917-2026-04-17
2026-04-17 07:11:55,435 - __main___file_only - INFO - 处理成功: C:\Users\chenkk\Desktop\新建文件夹\600917-2026-04-17-重庆燃气-重庆燃气2025年年度报告.pdf (耗时: 26.05秒)
2026-04-17 07:11:55,894 - httpx - INFO - HTTP Request: DELETE https://dashscope.aliyuncs.com/compatible-mode/v1/files/file-fe-607d44c4969248188f741605 "HTTP/1.1 200 OK"
2026-04-17 07:11:56,064 - httpx - INFO - HTTP Request: DELETE https://dashscope.aliyuncs.com/compatible-mode/v1/files/file-fe-762597cf2e144f10885055a3 "HTTP/1.1 200 OK"
2026-04-17 07:11:56,294 - httpx - INFO - HTTP Request: POST https://dashscope.aliyuncs.com/compatible-mode/v1/chat/completions "HTTP/1.1 200 OK"
2026-04-17 07:11:56,355 - __main___file_only - INFO - 找到数据: 600961 2026-04-17 (3条)
2026-04-17 07:11:56,355 - __main__ - INFO - 处理成功: 600961-2026-04-17
2026-04-17 07:11:56,355 - __main___file_only - INFO - 处理成功: C:\Users\chenkk\Desktop\新建文件夹\600961-2026-04-17-株冶集团-株冶集团2025年年度报告.pdf (耗时: 24.97秒)
2026-04-17 07:11:56,554 - httpx - INFO - HTTP Request: DELETE https://dashscope.aliyuncs.com/compatible-mode/v1/files/file-fe-d875065aafb44f4592bf5887 "HTTP/1.1 200 OK"
2026-04-17 07:11:56,714 - httpx - INFO - HTTP Request: DELETE https://dashscope.aliyuncs.com/compatible-mode/v1/files/file-fe-25c3f13c32e64af59e7612ed "HTTP/1.1 200 OK"
2026-04-17 07:11:56,792 - httpx - INFO - HTTP Request: POST https://dashscope.aliyuncs.com/compatible-mode/v1/files "HTTP/1.1 200 OK"
2026-04-17 07:11:56,793 - ai_service_enhanced - INFO - 文件上传成功: C:\Users\chenkk\Desktop\新建文件夹\603496-2026-04-17-恒为科技-2025年年度报告.pdf (文件ID: file-fe-81686f627a6940c7b0e2f910)
2026-04-17 07:11:56,793 - __main___file_only - INFO - 上传文件: 603496-2026-04-17-恒为科技-2025年年度报告.pdf (大小: 0.31 MB, ID: file-fe-81686f627a6940c7b0e2f910)
2026-04-17 07:11:56,810 - httpx - INFO - HTTP Request: POST https://dashscope.aliyuncs.com/compatible-mode/v1/files "HTTP/1.1 200 OK"
2026-04-17 07:11:56,811 - ai_service_enhanced - INFO - 文件上传成功: C:\Users\chenkk\Desktop\新建文件夹\净资产收益率和每股收益\603416-2026-04-17-信捷电气-无锡信捷电气股份有限公司2025年度报告_mgsy.pdf (文件ID: file-fe-312d17172c0c45b5b11fd45a)
2026-04-17 07:11:56,811 - __main___file_only - INFO - 上传文件: 603416-2026-04-17-信捷电气-无锡信捷电气股份有限公司2025年度报告_mgsy.pdf (大小: 0.29 MB, ID: file-fe-312d17172c0c45b5b11fd45a)
2026-04-17 07:11:56,811 - __main__ - INFO - 开始处理: C:\Users\chenkk\Desktop\新建文件夹\603416-2026-04-17-信捷电气-无锡信捷电气股份有限公司2025年度报告.pdf
2026-04-17 07:11:57,029 - httpx - INFO - HTTP Request: DELETE https://dashscope.aliyuncs.com/compatible-mode/v1/files/file-fe-5fda4493cdd0437f858fdd76 "HTTP/1.1 200 OK"
2026-04-17 07:11:57,808 - httpx - INFO - HTTP Request: DELETE https://dashscope.aliyuncs.com/compatible-mode/v1/files/file-fe-6dec1773bf5e4cd89851390a "HTTP/1.1 200 OK"
2026-04-17 07:11:58,147 - httpx - INFO - HTTP Request: POST https://dashscope.aliyuncs.com/compatible-mode/v1/chat/completions "HTTP/1.1 200 OK"
2026-04-17 07:11:58,742 - httpx - INFO - HTTP Request: POST https://dashscope.aliyuncs.com/compatible-mode/v1/chat/completions "HTTP/1.1 200 OK"
2026-04-17 07:11:58,812 - __main___file_only - INFO - 找到数据: 601177 2026-04-17 (3条)
2026-04-17 07:11:58,812 - __main__ - INFO - 处理成功: 601177-2026-04-17
2026-04-17 07:11:58,812 - __main___file_only - INFO - 处理成功: C:\Users\chenkk\Desktop\新建文件夹\601177-2026-04-17-杭齿前进-2025年年度报告.pdf (耗时: 25.34秒)
2026-04-17 07:11:58,896 - httpx - INFO - HTTP Request: POST https://dashscope.aliyuncs.com/compatible-mode/v1/files "HTTP/1.1 200 OK"
2026-04-17 07:11:58,897 - ai_service_enhanced - INFO - 文件上传成功: C:\Users\chenkk\Desktop\新建文件夹\净资产收益率和每股收益\603496-2026-04-17-恒为科技-2025年年度报告_mgsy.pdf (文件ID: file-fe-58564df1b8224955afed5c16)
2026-04-17 07:11:58,897 - __main___file_only - INFO - 上传文件: 603496-2026-04-17-恒为科技-2025年年度报告_mgsy.pdf (大小: 0.27 MB, ID: file-fe-58564df1b8224955afed5c16)
2026-04-17 07:11:58,930 - __main__ - INFO - 开始处理: C:\Users\chenkk\Desktop\新建文件夹\603496-2026-04-17-恒为科技-2025年年度报告.pdf
2026-04-17 07:11:59,025 - httpx - INFO - HTTP Request: POST https://dashscope.aliyuncs.com/compatible-mode/v1/files "HTTP/1.1 200 OK"
2026-04-17 07:11:59,026 - ai_service_enhanced - INFO - 文件上传成功: C:\Users\chenkk\Desktop\新建文件夹\603530-2026-04-17-神马电力-神马电力2025年年度报告.pdf (文件ID: file-fe-f5147fa240734ce88eff8ee5)
2026-04-17 07:11:59,026 - __main___file_only - INFO - 上传文件: 603530-2026-04-17-神马电力-神马电力2025年年度报告.pdf (大小: 0.34 MB, ID: file-fe-f5147fa240734ce88eff8ee5)
2026-04-17 07:11:59,216 - httpx - INFO - HTTP Request: POST https://dashscope.aliyuncs.com/compatible-mode/v1/chat/completions "HTTP/1.1 200 OK"
2026-04-17 07:11:59,408 - httpx - INFO - HTTP Request: DELETE https://dashscope.aliyuncs.com/compatible-mode/v1/files/file-fe-a7dc50f8ced24d7cb3e6e29b "HTTP/1.1 200 OK"
2026-04-17 07:11:59,998 - httpx - INFO - HTTP Request: DELETE https://dashscope.aliyuncs.com/compatible-mode/v1/files/file-fe-14e4d38bd36f43cf997e983a "HTTP/1.1 200 OK"
2026-04-17 07:12:01,089 - httpx - INFO - HTTP Request: POST https://dashscope.aliyuncs.com/compatible-mode/v1/files "HTTP/1.1 200 OK"
2026-04-17 07:12:01,090 - ai_service_enhanced - INFO - 文件上传成功: C:\Users\chenkk\Desktop\新建文件夹\净资产收益率和每股收益\603530-2026-04-17-神马电力-神马电力2025年年度报告_mgsy.pdf (文件ID: file-fe-ea3893babada44d78771400f)
2026-04-17 07:12:01,090 - __main___file_only - INFO - 上传文件: 603530-2026-04-17-神马电力-神马电力2025年年度报告_mgsy.pdf (大小: 0.25 MB, ID: file-fe-ea3893babada44d78771400f)
2026-04-17 07:12:01,125 - httpx - INFO - HTTP Request: POST https://dashscope.aliyuncs.com/compatible-mode/v1/files "HTTP/1.1 200 OK"
2026-04-17 07:12:01,126 - ai_service_enhanced - INFO - 文件上传成功: C:\Users\chenkk\Desktop\新建文件夹\603637-2026-04-17-镇海股份-镇海石化工程股份有限公司2025年年度报告.pdf (文件ID: file-fe-664f5d5008d14b3d9577396d)
2026-04-17 07:12:01,126 - __main___file_only - INFO - 上传文件: 603637-2026-04-17-镇海股份-镇海石化工程股份有限公司2025年年度报告.pdf (大小: 0.26 MB, ID: file-fe-664f5d5008d14b3d9577396d)
2026-04-17 07:12:01,198 - __main__ - INFO - 开始处理: C:\Users\chenkk\Desktop\新建文件夹\603530-2026-04-17-神马电力-神马电力2025年年度报告.pdf
2026-04-17 07:12:02,625 - httpx - INFO - HTTP Request: POST https://dashscope.aliyuncs.com/compatible-mode/v1/chat/completions "HTTP/1.1 200 OK"
2026-04-17 07:12:02,912 - httpx - INFO - HTTP Request: POST https://dashscope.aliyuncs.com/compatible-mode/v1/chat/completions "HTTP/1.1 200 OK"
2026-04-17 07:12:02,980 - __main___file_only - INFO - 找到数据: 601933 2026-04-17 (3条)
2026-04-17 07:12:02,980 - __main__ - INFO - 处理成功: 601933-2026-04-17
2026-04-17 07:12:02,980 - __main___file_only - INFO - 处理成功: C:\Users\chenkk\Desktop\新建文件夹\601933-2026-04-17-永辉超市-永辉超市股份有限公司2025年年度报告.pdf (耗时: 27.39秒)
2026-04-17 07:12:03,223 - httpx - INFO - HTTP Request: POST https://dashscope.aliyuncs.com/compatible-mode/v1/files "HTTP/1.1 200 OK"
2026-04-17 07:12:03,224 - ai_service_enhanced - INFO - 文件上传成功: C:\Users\chenkk\Desktop\新建文件夹\603637-2026-04-17-镇海股份-镇海石化工程股份有限公司2025年年度报告全文.pdf (文件ID: file-fe-a55a49ded8c34fe08ca246ff)
2026-04-17 07:12:03,224 - __main___file_only - INFO - 上传文件: 603637-2026-04-17-镇海股份-镇海石化工程股份有限公司2025年年度报告全文.pdf (大小: 0.30 MB, ID: file-fe-a55a49ded8c34fe08ca246ff)
2026-04-17 07:12:03,276 - httpx - INFO - HTTP Request: POST https://dashscope.aliyuncs.com/compatible-mode/v1/files "HTTP/1.1 200 OK"
2026-04-17 07:12:03,276 - ai_service_enhanced - INFO - 文件上传成功: C:\Users\chenkk\Desktop\新建文件夹\净资产收益率和每股收益\603637-2026-04-17-镇海股份-镇海石化工程股份有限公司2025年年度报告全文_mgsy.pdf (文件ID: file-fe-b2ac523beaab4d9188fcb1cd)
2026-04-17 07:12:03,277 - __main___file_only - INFO - 上传文件: 603637-2026-04-17-镇海股份-镇海石化工程股份有限公司2025年年度报告全文_mgsy.pdf (大小: 0.28 MB, ID: file-fe-b2ac523beaab4d9188fcb1cd)
2026-04-17 07:12:03,277 - __main__ - INFO - 开始处理: C:\Users\chenkk\Desktop\新建文件夹\603637-2026-04-17-镇海股份-镇海石化工程股份有限公司2025年年度报告全文.pdf
2026-04-17 07:12:03,278 - __main__ - INFO - 开始处理: C:\Users\chenkk\Desktop\新建文件夹\603637-2026-04-17-镇海股份-镇海石化工程股份有限公司2025年年度报告.pdf
2026-04-17 07:12:03,609 - httpx - INFO - HTTP Request: DELETE https://dashscope.aliyuncs.com/compatible-mode/v1/files/file-fe-d8c85106b54c48a0bbe40af0 "HTTP/1.1 200 OK"
2026-04-17 07:12:03,786 - httpx - INFO - HTTP Request: POST https://dashscope.aliyuncs.com/compatible-mode/v1/chat/completions "HTTP/1.1 200 OK"
2026-04-17 07:12:04,225 - httpx - INFO - HTTP Request: DELETE https://dashscope.aliyuncs.com/compatible-mode/v1/files/file-fe-ed473a841f794e6fb4605f5a "HTTP/1.1 200 OK"
2026-04-17 07:12:04,965 - httpx - INFO - HTTP Request: POST https://dashscope.aliyuncs.com/compatible-mode/v1/chat/completions "HTTP/1.1 200 OK"
2026-04-17 07:12:05,032 - __main___file_only - INFO - 找到数据: 603004 2026-04-17 (3条)
2026-04-17 07:12:05,033 - __main__ - INFO - 处理成功: 603004-2026-04-17
2026-04-17 07:12:05,033 - __main___file_only - INFO - 处理成功: C:\Users\chenkk\Desktop\新建文件夹\603004-2026-04-17-鼎龙科技-2025年年度报告.pdf (耗时: 27.34秒)
2026-04-17 07:12:05,392 - httpx - INFO - HTTP Request: POST https://dashscope.aliyuncs.com/compatible-mode/v1/files "HTTP/1.1 200 OK"
2026-04-17 07:12:05,393 - ai_service_enhanced - INFO - 文件上传成功: C:\Users\chenkk\Desktop\新建文件夹\603683-2026-04-17-晶华新材-晶华新材2025年年度报告.pdf (文件ID: file-fe-e03ab66066bd4a51a25826de)
2026-04-17 07:12:05,393 - __main___file_only - INFO - 上传文件: 603683-2026-04-17-晶华新材-晶华新材2025年年度报告.pdf (大小: 0.27 MB, ID: file-fe-e03ab66066bd4a51a25826de)
2026-04-17 07:12:05,722 - httpx - INFO - HTTP Request: DELETE https://dashscope.aliyuncs.com/compatible-mode/v1/files/file-fe-cbd51e9651164e89b61bcb74 "HTTP/1.1 200 OK"
2026-04-17 07:12:05,960 - httpx - INFO - HTTP Request: POST https://dashscope.aliyuncs.com/compatible-mode/v1/files "HTTP/1.1 200 OK"
2026-04-17 07:12:05,961 - ai_service_enhanced - INFO - 文件上传成功: C:\Users\chenkk\Desktop\新建文件夹\净资产收益率和每股收益\603683-2026-04-17-晶华新材-晶华新材2025年年度报告_mgsy.pdf (文件ID: file-fe-639e92d105814afb9cc5e904)
2026-04-17 07:12:05,961 - __main___file_only - INFO - 上传文件: 603683-2026-04-17-晶华新材-晶华新材2025年年度报告_mgsy.pdf (大小: 0.25 MB, ID: file-fe-639e92d105814afb9cc5e904)
2026-04-17 07:12:06,166 - __main__ - INFO - 开始处理: C:\Users\chenkk\Desktop\新建文件夹\603683-2026-04-17-晶华新材-晶华新材2025年年度报告.pdf
2026-04-17 07:12:06,300 - httpx - INFO - HTTP Request: DELETE https://dashscope.aliyuncs.com/compatible-mode/v1/files/file-fe-f73b7b6d93dc4782902feefc "HTTP/1.1 200 OK"
2026-04-17 07:12:06,654 - httpx - INFO - HTTP Request: POST https://dashscope.aliyuncs.com/compatible-mode/v1/chat/completions "HTTP/1.1 200 OK"
2026-04-17 07:12:06,953 - httpx - INFO - HTTP Request: POST https://dashscope.aliyuncs.com/compatible-mode/v1/chat/completions "HTTP/1.1 200 OK"
2026-04-17 07:12:07,021 - __main___file_only - INFO - 找到数据: 603057 2026-04-17 (3条)
2026-04-17 07:12:07,021 - __main__ - INFO - 处理成功: 603057-2026-04-17
2026-04-17 07:12:07,021 - __main___file_only - INFO - 处理成功: C:\Users\chenkk\Desktop\新建文件夹\603057-2026-04-17-紫燕食品-紫燕食品2025年年度报告.pdf (耗时: 24.95秒)
2026-04-17 07:12:07,557 - httpx - INFO - HTTP Request: POST https://dashscope.aliyuncs.com/compatible-mode/v1/files "HTTP/1.1 200 OK"
2026-04-17 07:12:07,557 - ai_service_enhanced - INFO - 文件上传成功: C:\Users\chenkk\Desktop\新建文件夹\净资产收益率和每股收益\603700-2026-04-17-宁水集团-2025年年度报告_mgsy.pdf (文件ID: file-fe-d19d118f4f874aa8baee31d1)
2026-04-17 07:12:07,558 - __main___file_only - INFO - 上传文件: 603700-2026-04-17-宁水集团-2025年年度报告_mgsy.pdf (大小: 0.27 MB, ID: file-fe-d19d118f4f874aa8baee31d1)
2026-04-17 07:12:07,595 - httpx - INFO - HTTP Request: DELETE https://dashscope.aliyuncs.com/compatible-mode/v1/files/file-fe-116eb58d868243fc99a20d57 "HTTP/1.1 200 OK"
2026-04-17 07:12:07,599 - httpx - INFO - HTTP Request: POST https://dashscope.aliyuncs.com/compatible-mode/v1/files "HTTP/1.1 200 OK"
2026-04-17 07:12:07,600 - ai_service_enhanced - INFO - 文件上传成功: C:\Users\chenkk\Desktop\新建文件夹\603700-2026-04-17-宁水集团-2025年年度报告.pdf (文件ID: file-fe-72a5bca8e2f7422fb0580168)
2026-04-17 07:12:07,600 - __main___file_only - INFO - 上传文件: 603700-2026-04-17-宁水集团-2025年年度报告.pdf (大小: 0.31 MB, ID: file-fe-72a5bca8e2f7422fb0580168)
2026-04-17 07:12:07,644 - __main__ - INFO - 开始处理: C:\Users\chenkk\Desktop\新建文件夹\603700-2026-04-17-宁水集团-2025年年度报告.pdf
2026-04-17 07:12:07,988 - httpx - INFO - HTTP Request: POST https://dashscope.aliyuncs.com/compatible-mode/v1/chat/completions "HTTP/1.1 200 OK"
2026-04-17 07:12:08,087 - __main___file_only - INFO - 找到数据: 603049 2026-04-17 (3条)
2026-04-17 07:12:08,087 - __main__ - INFO - 处理成功: 603049-2026-04-17
2026-04-17 07:12:08,087 - __main___file_only - INFO - 处理成功: C:\Users\chenkk\Desktop\新建文件夹\603049-2026-04-17-中策橡胶-2025年年度报告.pdf (耗时: 28.03秒)
2026-04-17 07:12:08,183 - httpx - INFO - HTTP Request: POST https://dashscope.aliyuncs.com/compatible-mode/v1/chat/completions "HTTP/1.1 200 OK"
2026-04-17 07:12:08,236 - httpx - INFO - HTTP Request: DELETE https://dashscope.aliyuncs.com/compatible-mode/v1/files/file-fe-2671d91dbc3e4d169f59f951 "HTTP/1.1 200 OK"
2026-04-17 07:12:08,703 - httpx - INFO - HTTP Request: DELETE https://dashscope.aliyuncs.com/compatible-mode/v1/files/file-fe-39d69f67c79f415c88c9873e "HTTP/1.1 200 OK"
2026-04-17 07:12:09,339 - httpx - INFO - HTTP Request: DELETE https://dashscope.aliyuncs.com/compatible-mode/v1/files/file-fe-5f58af56c09348228023b373 "HTTP/1.1 200 OK"
2026-04-17 07:12:09,688 - httpx - INFO - HTTP Request: POST https://dashscope.aliyuncs.com/compatible-mode/v1/chat/completions "HTTP/1.1 200 OK"
2026-04-17 07:12:09,730 - httpx - INFO - HTTP Request: POST https://dashscope.aliyuncs.com/compatible-mode/v1/files "HTTP/1.1 200 OK"
2026-04-17 07:12:09,731 - ai_service_enhanced - INFO - 文件上传成功: C:\Users\chenkk\Desktop\新建文件夹\603725-2026-04-17-天安新材-天安新材2025年年度报告.pdf (文件ID: file-fe-4f46c48e234a40278f3c1890)
2026-04-17 07:12:09,731 - __main___file_only - INFO - 上传文件: 603725-2026-04-17-天安新材-天安新材2025年年度报告.pdf (大小: 0.32 MB, ID: file-fe-4f46c48e234a40278f3c1890)
2026-04-17 07:12:09,751 - __main___file_only - INFO - 找到数据: 603100 2026-04-17 (3条)
2026-04-17 07:12:09,751 - __main__ - INFO - 处理成功: 603100-2026-04-17
2026-04-17 07:12:09,751 - __main___file_only - INFO - 处理成功: C:\Users\chenkk\Desktop\新建文件夹\603100-2026-04-17-川仪股份-川仪股份2025年年度报告.pdf (耗时: 25.61秒)
2026-04-17 07:12:09,775 - httpx - INFO - HTTP Request: POST https://dashscope.aliyuncs.com/compatible-mode/v1/files "HTTP/1.1 200 OK"
2026-04-17 07:12:09,776 - ai_service_enhanced - INFO - 文件上传成功: C:\Users\chenkk\Desktop\新建文件夹\净资产收益率和每股收益\603725-2026-04-17-天安新材-天安新材2025年年度报告_mgsy.pdf (文件ID: file-fe-d01de5dd30984bb5a9ec4d34)
2026-04-17 07:12:09,776 - __main___file_only - INFO - 上传文件: 603725-2026-04-17-天安新材-天安新材2025年年度报告_mgsy.pdf (大小: 0.30 MB, ID: file-fe-d01de5dd30984bb5a9ec4d34)
2026-04-17 07:12:09,900 - httpx - INFO - HTTP Request: POST https://dashscope.aliyuncs.com/compatible-mode/v1/chat/completions "HTTP/1.1 200 OK"
2026-04-17 07:12:10,013 - __main__ - INFO - 开始处理: C:\Users\chenkk\Desktop\新建文件夹\603725-2026-04-17-天安新材-天安新材2025年年度报告.pdf
2026-04-17 07:12:10,344 - httpx - INFO - HTTP Request: DELETE https://dashscope.aliyuncs.com/compatible-mode/v1/files/file-fe-ac84d807709e4f2eb69014b6 "HTTP/1.1 200 OK"
2026-04-17 07:12:10,980 - httpx - INFO - HTTP Request: DELETE https://dashscope.aliyuncs.com/compatible-mode/v1/files/file-fe-4d2ab86243e741c48b839653 "HTTP/1.1 200 OK"
2026-04-17 07:12:11,811 - httpx - INFO - HTTP Request: POST https://dashscope.aliyuncs.com/compatible-mode/v1/files "HTTP/1.1 200 OK"
2026-04-17 07:12:11,812 - ai_service_enhanced - INFO - 文件上传成功: C:\Users\chenkk\Desktop\新建文件夹\603877-2026-04-17-太平鸟-2025年年度报告.pdf (文件ID: file-fe-149e552b25ad428e90c67838)
2026-04-17 07:12:11,812 - __main___file_only - INFO - 上传文件: 603877-2026-04-17-太平鸟-2025年年度报告.pdf (大小: 0.56 MB, ID: file-fe-149e552b25ad428e90c67838)
2026-04-17 07:12:11,828 - httpx - INFO - HTTP Request: POST https://dashscope.aliyuncs.com/compatible-mode/v1/files "HTTP/1.1 200 OK"
2026-04-17 07:12:11,828 - ai_service_enhanced - INFO - 文件上传成功: C:\Users\chenkk\Desktop\新建文件夹\净资产收益率和每股收益\603877-2026-04-17-太平鸟-2025年年度报告_mgsy.pdf (文件ID: file-fe-d900b9854cea48e3bf951403)
2026-04-17 07:12:11,829 - __main___file_only - INFO - 上传文件: 603877-2026-04-17-太平鸟-2025年年度报告_mgsy.pdf (大小: 0.48 MB, ID: file-fe-d900b9854cea48e3bf951403)
2026-04-17 07:12:11,829 - __main__ - INFO - 开始处理: C:\Users\chenkk\Desktop\新建文件夹\603877-2026-04-17-太平鸟-2025年年度报告.pdf
2026-04-17 07:12:12,343 - httpx - INFO - HTTP Request: POST https://dashscope.aliyuncs.com/compatible-mode/v1/chat/completions "HTTP/1.1 200 OK"
2026-04-17 07:12:13,102 - httpx - INFO - HTTP Request: POST https://dashscope.aliyuncs.com/compatible-mode/v1/chat/completions "HTTP/1.1 200 OK"
2026-04-17 07:12:13,167 - __main___file_only - INFO - 找到数据: 603225 2026-04-17 (3条)
2026-04-17 07:12:13,168 - __main__ - INFO - 处理成功: 603225-2026-04-17
2026-04-17 07:12:13,168 - __main___file_only - INFO - 处理成功: C:\Users\chenkk\Desktop\新建文件夹\603225-2026-04-17-新凤鸣-2025年年度报告全文.pdf (耗时: 24.64秒)
2026-04-17 07:12:13,742 - httpx - INFO - HTTP Request: POST https://dashscope.aliyuncs.com/compatible-mode/v1/chat/completions "HTTP/1.1 200 OK"
2026-04-17 07:12:13,808 - __main___file_only - INFO - 找到数据: 603138 2026-04-17 (3条)
2026-04-17 07:12:13,809 - __main__ - INFO - 处理成功: 603138-2026-04-17
2026-04-17 07:12:13,809 - __main___file_only - INFO - 处理成功: C:\Users\chenkk\Desktop\新建文件夹\603138-2026-04-17-海量数据-海量数据2025年年度报告.pdf (耗时: 27.56秒)
2026-04-17 07:12:13,897 - httpx - INFO - HTTP Request: DELETE https://dashscope.aliyuncs.com/compatible-mode/v1/files/file-fe-ba6229adb73944af93c170ee "HTTP/1.1 200 OK"
2026-04-17 07:12:13,967 - httpx - INFO - HTTP Request: POST https://dashscope.aliyuncs.com/compatible-mode/v1/files "HTTP/1.1 200 OK"
2026-04-17 07:12:13,967 - ai_service_enhanced - INFO - 文件上传成功: C:\Users\chenkk\Desktop\新建文件夹\净资产收益率和每股收益\603900-2026-04-17-莱绅通灵-莱绅通灵2025年年度报告_mgsy.pdf (文件ID: file-fe-ce20058b56a249cb9d8e9f90)
2026-04-17 07:12:13,968 - __main___file_only - INFO - 上传文件: 603900-2026-04-17-莱绅通灵-莱绅通灵2025年年度报告_mgsy.pdf (大小: 0.42 MB, ID: file-fe-ce20058b56a249cb9d8e9f90)
2026-04-17 07:12:14,067 - httpx - INFO - HTTP Request: POST https://dashscope.aliyuncs.com/compatible-mode/v1/files "HTTP/1.1 200 OK"
2026-04-17 07:12:14,068 - ai_service_enhanced - INFO - 文件上传成功: C:\Users\chenkk\Desktop\新建文件夹\603900-2026-04-17-莱绅通灵-莱绅通灵2025年年度报告.pdf (文件ID: file-fe-1ada9cf855d44709bff89e27)
2026-04-17 07:12:14,068 - __main___file_only - INFO - 上传文件: 603900-2026-04-17-莱绅通灵-莱绅通灵2025年年度报告.pdf (大小: 0.48 MB, ID: file-fe-1ada9cf855d44709bff89e27)
2026-04-17 07:12:14,097 - __main__ - INFO - 开始处理: C:\Users\chenkk\Desktop\新建文件夹\603900-2026-04-17-莱绅通灵-莱绅通灵2025年年度报告.pdf
2026-04-17 07:12:14,482 - httpx - INFO - HTTP Request: DELETE https://dashscope.aliyuncs.com/compatible-mode/v1/files/file-fe-79d0d220e403421f937ca3d7 "HTTP/1.1 200 OK"
2026-04-17 07:12:14,637 - httpx - INFO - HTTP Request: DELETE https://dashscope.aliyuncs.com/compatible-mode/v1/files/file-fe-082a7587c562427c9de3da1a "HTTP/1.1 200 OK"
2026-04-17 07:12:15,097 - httpx - INFO - HTTP Request: DELETE https://dashscope.aliyuncs.com/compatible-mode/v1/files/file-fe-f5efe184adde4065ba6a15e2 "HTTP/1.1 200 OK"
2026-04-17 07:12:16,088 - httpx - INFO - HTTP Request: POST https://dashscope.aliyuncs.com/compatible-mode/v1/files "HTTP/1.1 200 OK"
2026-04-17 07:12:16,089 - ai_service_enhanced - INFO - 文件上传成功: C:\Users\chenkk\Desktop\新建文件夹\净资产收益率和每股收益\603928-2026-04-17-兴业股份-兴业股份2025年年度报告_mgsy.pdf (文件ID: file-fe-c048a483f3b3490f9105b72c)
2026-04-17 07:12:16,089 - __main___file_only - INFO - 上传文件: 603928-2026-04-17-兴业股份-兴业股份2025年年度报告_mgsy.pdf (大小: 0.26 MB, ID: file-fe-c048a483f3b3490f9105b72c)
2026-04-17 07:12:16,172 - httpx - INFO - HTTP Request: POST https://dashscope.aliyuncs.com/compatible-mode/v1/files "HTTP/1.1 200 OK"
2026-04-17 07:12:16,173 - ai_service_enhanced - INFO - 文件上传成功: C:\Users\chenkk\Desktop\新建文件夹\603928-2026-04-17-兴业股份-兴业股份2025年年度报告.pdf (文件ID: file-fe-b19b849697474c1b99cba04e)
2026-04-17 07:12:16,173 - __main___file_only - INFO - 上传文件: 603928-2026-04-17-兴业股份-兴业股份2025年年度报告.pdf (大小: 0.27 MB, ID: file-fe-b19b849697474c1b99cba04e)
2026-04-17 07:12:16,174 - __main__ - INFO - 开始处理: C:\Users\chenkk\Desktop\新建文件夹\603928-2026-04-17-兴业股份-兴业股份2025年年度报告.pdf
2026-04-17 07:12:16,633 - httpx - INFO - HTTP Request: POST https://dashscope.aliyuncs.com/compatible-mode/v1/chat/completions "HTTP/1.1 200 OK"
2026-04-17 07:12:17,580 - httpx - INFO - HTTP Request: POST https://dashscope.aliyuncs.com/compatible-mode/v1/chat/completions "HTTP/1.1 200 OK"
2026-04-17 07:12:18,209 - httpx - INFO - HTTP Request: POST https://dashscope.aliyuncs.com/compatible-mode/v1/files "HTTP/1.1 200 OK"
2026-04-17 07:12:18,210 - ai_service_enhanced - INFO - 文件上传成功: C:\Users\chenkk\Desktop\新建文件夹\净资产收益率和每股收益\605050-2026-04-17-福然德-2025年年度报告_mgsy.pdf (文件ID: file-fe-36c2c08b499948329378d940)
2026-04-17 07:12:18,210 - __main___file_only - INFO - 上传文件: 605050-2026-04-17-福然德-2025年年度报告_mgsy.pdf (大小: 0.44 MB, ID: file-fe-36c2c08b499948329378d940)
2026-04-17 07:12:18,242 - httpx - INFO - HTTP Request: POST https://dashscope.aliyuncs.com/compatible-mode/v1/files "HTTP/1.1 200 OK"
2026-04-17 07:12:18,243 - ai_service_enhanced - INFO - 文件上传成功: C:\Users\chenkk\Desktop\新建文件夹\605050-2026-04-17-福然德-2025年年度报告.pdf (文件ID: file-fe-1dfffdbea3024b5ea9d8aca4)
2026-04-17 07:12:18,243 - __main___file_only - INFO - 上传文件: 605050-2026-04-17-福然德-2025年年度报告.pdf (大小: 0.47 MB, ID: file-fe-1dfffdbea3024b5ea9d8aca4)
2026-04-17 07:12:18,243 - __main__ - INFO - 开始处理: C:\Users\chenkk\Desktop\新建文件夹\605050-2026-04-17-福然德-2025年年度报告.pdf
2026-04-17 07:12:18,570 - httpx - INFO - HTTP Request: POST https://dashscope.aliyuncs.com/compatible-mode/v1/chat/completions "HTTP/1.1 200 OK"
2026-04-17 07:12:18,666 - __main___file_only - INFO - 找到数据: 603260 2026-04-17 (3条)
2026-04-17 07:12:18,666 - __main__ - INFO - 处理成功: 603260-2026-04-17
2026-04-17 07:12:18,666 - __main___file_only - INFO - 处理成功: C:\Users\chenkk\Desktop\新建文件夹\603260-2026-04-17-合盛硅业-合盛硅业2025年年度报告.pdf (耗时: 28.14秒)
2026-04-17 07:12:19,366 - httpx - INFO - HTTP Request: DELETE https://dashscope.aliyuncs.com/compatible-mode/v1/files/file-fe-9066b19614e144f4b38def0a "HTTP/1.1 200 OK"
2026-04-17 07:12:19,559 - httpx - INFO - HTTP Request: POST https://dashscope.aliyuncs.com/compatible-mode/v1/chat/completions "HTTP/1.1 200 OK"
2026-04-17 07:12:19,625 - __main___file_only - INFO - 找到数据: 603320 2026-04-17 (3条)
2026-04-17 07:12:19,625 - __main__ - INFO - 处理成功: 603320-2026-04-17
2026-04-17 07:12:19,625 - __main___file_only - INFO - 处理成功: C:\Users\chenkk\Desktop\新建文件夹\603320-2026-04-17-迪贝电气-2025年年度报告.pdf (耗时: 26.99秒)
2026-04-17 07:12:19,682 - httpx - INFO - HTTP Request: POST https://dashscope.aliyuncs.com/compatible-mode/v1/chat/completions "HTTP/1.1 200 OK"
2026-04-17 07:12:19,740 - __main___file_only - INFO - 找到数据: 603338 2026-04-17 (3条)
2026-04-17 07:12:19,740 - __main__ - INFO - 处理成功: 603338-2026-04-17
2026-04-17 07:12:19,740 - __main___file_only - INFO - 处理成功: C:\Users\chenkk\Desktop\新建文件夹\603338-2026-04-17-浙江鼎力-浙江鼎力机械股份有限公司2025年年度报告.pdf (耗时: 25.00秒)
2026-04-17 07:12:19,987 - httpx - INFO - HTTP Request: DELETE https://dashscope.aliyuncs.com/compatible-mode/v1/files/file-fe-75ebd334f0d944c0ac76274c "HTTP/1.1 200 OK"
2026-04-17 07:12:20,359 - httpx - INFO - HTTP Request: POST https://dashscope.aliyuncs.com/compatible-mode/v1/files "HTTP/1.1 200 OK"
2026-04-17 07:12:20,360 - ai_service_enhanced - INFO - 文件上传成功: C:\Users\chenkk\Desktop\新建文件夹\605116-2026-04-17-奥锐特-奥锐特药业股份有限公司2025年年度报告.pdf (文件ID: file-fe-38405dda008748a6ab89afe6)
2026-04-17 07:12:20,360 - __main___file_only - INFO - 上传文件: 605116-2026-04-17-奥锐特-奥锐特药业股份有限公司2025年年度报告.pdf (大小: 0.32 MB, ID: file-fe-38405dda008748a6ab89afe6)
2026-04-17 07:12:20,361 - httpx - INFO - HTTP Request: DELETE https://dashscope.aliyuncs.com/compatible-mode/v1/files/file-fe-5bc0ccac08714a5aacbf615e "HTTP/1.1 200 OK"
2026-04-17 07:12:20,441 - httpx - INFO - HTTP Request: DELETE https://dashscope.aliyuncs.com/compatible-mode/v1/files/file-fe-870f521874ed4b5aa7fd8f11 "HTTP/1.1 200 OK"
2026-04-17 07:12:20,759 - httpx - INFO - HTTP Request: POST https://dashscope.aliyuncs.com/compatible-mode/v1/chat/completions "HTTP/1.1 200 OK"
2026-04-17 07:12:20,872 - httpx - INFO - HTTP Request: POST https://dashscope.aliyuncs.com/compatible-mode/v1/files "HTTP/1.1 200 OK"
2026-04-17 07:12:20,872 - ai_service_enhanced - INFO - 文件上传成功: C:\Users\chenkk\Desktop\新建文件夹\净资产收益率和每股收益\605116-2026-04-17-奥锐特-奥锐特药业股份有限公司2025年年度报告_mgsy.pdf (文件ID: file-fe-b803ddbbcef04d8dab5357c2)
2026-04-17 07:12:20,872 - __main___file_only - INFO - 上传文件: 605116-2026-04-17-奥锐特-奥锐特药业股份有限公司2025年年度报告_mgsy.pdf (大小: 0.28 MB, ID: file-fe-b803ddbbcef04d8dab5357c2)
2026-04-17 07:12:20,880 - __main__ - INFO - 开始处理: C:\Users\chenkk\Desktop\新建文件夹\605116-2026-04-17-奥锐特-奥锐特药业股份有限公司2025年年度报告.pdf
2026-04-17 07:12:20,885 - httpx - INFO - HTTP Request: POST https://dashscope.aliyuncs.com/compatible-mode/v1/chat/completions "HTTP/1.1 200 OK"
2026-04-17 07:12:20,951 - __main___file_only - INFO - 找到数据: 603416 2026-04-17 (3条)
2026-04-17 07:12:20,951 - __main__ - INFO - 处理成功: 603416-2026-04-17
2026-04-17 07:12:20,951 - __main___file_only - INFO - 处理成功: C:\Users\chenkk\Desktop\新建文件夹\603416-2026-04-17-信捷电气-无锡信捷电气股份有限公司2025年度报告.pdf (耗时: 24.14秒)
2026-04-17 07:12:21,076 - httpx - INFO - HTTP Request: DELETE https://dashscope.aliyuncs.com/compatible-mode/v1/files/file-fe-7b224042a0474bb2a3aefb52 "HTTP/1.1 200 OK"
2026-04-17 07:12:21,186 - httpx - INFO - HTTP Request: DELETE https://dashscope.aliyuncs.com/compatible-mode/v1/files/file-fe-089b85fddf6f43bc97c26c9d "HTTP/1.1 200 OK"
2026-04-17 07:12:21,559 - httpx - INFO - HTTP Request: DELETE https://dashscope.aliyuncs.com/compatible-mode/v1/files/file-fe-0cadb3710c2948b58e8e4b8b "HTTP/1.1 200 OK"
2026-04-17 07:12:21,944 - httpx - INFO - HTTP Request: POST https://dashscope.aliyuncs.com/compatible-mode/v1/chat/completions "HTTP/1.1 200 OK"
2026-04-17 07:12:22,210 - httpx - INFO - HTTP Request: DELETE https://dashscope.aliyuncs.com/compatible-mode/v1/files/file-fe-312d17172c0c45b5b11fd45a "HTTP/1.1 200 OK"
2026-04-17 07:12:22,518 - httpx - INFO - HTTP Request: POST https://dashscope.aliyuncs.com/compatible-mode/v1/files "HTTP/1.1 200 OK"
2026-04-17 07:12:22,518 - ai_service_enhanced - INFO - 文件上传成功: C:\Users\chenkk\Desktop\新建文件夹\净资产收益率和每股收益\605128-2026-04-17-上海沿浦-上海沿浦精工科技（集团）股份有限公司2025年年度报告_mgsy.pdf (文件ID: file-fe-8b0b2014e0f84be89f506142)
2026-04-17 07:12:22,519 - __main___file_only - INFO - 上传文件: 605128-2026-04-17-上海沿浦-上海沿浦精工科技（集团）股份有限公司2025年年度报告_mgsy.pdf (大小: 0.50 MB, ID: file-fe-8b0b2014e0f84be89f506142)
2026-04-17 07:12:22,547 - httpx - INFO - HTTP Request: POST https://dashscope.aliyuncs.com/compatible-mode/v1/files "HTTP/1.1 200 OK"
2026-04-17 07:12:22,547 - ai_service_enhanced - INFO - 文件上传成功: C:\Users\chenkk\Desktop\新建文件夹\605128-2026-04-17-上海沿浦-上海沿浦精工科技（集团）股份有限公司2025年年度报告.pdf (文件ID: file-fe-42c4e77ff7a54570ae45b7f9)
2026-04-17 07:12:22,548 - __main___file_only - INFO - 上传文件: 605128-2026-04-17-上海沿浦-上海沿浦精工科技（集团）股份有限公司2025年年度报告.pdf (大小: 0.49 MB, ID: file-fe-42c4e77ff7a54570ae45b7f9)
2026-04-17 07:12:22,628 - __main__ - INFO - 开始处理: C:\Users\chenkk\Desktop\新建文件夹\605128-2026-04-17-上海沿浦-上海沿浦精工科技（集团）股份有限公司2025年年度报告.pdf
2026-04-17 07:12:23,777 - httpx - INFO - HTTP Request: POST https://dashscope.aliyuncs.com/compatible-mode/v1/chat/completions "HTTP/1.1 200 OK"
2026-04-17 07:12:24,551 - httpx - INFO - HTTP Request: POST https://dashscope.aliyuncs.com/compatible-mode/v1/files "HTTP/1.1 200 OK"
2026-04-17 07:12:24,552 - ai_service_enhanced - INFO - 文件上传成功: C:\Users\chenkk\Desktop\新建文件夹\688004-2026-04-17-博汇科技-博汇科技2025年年度报告.pdf (文件ID: file-fe-d05e9162c2214457947f6f87)
2026-04-17 07:12:24,552 - __main___file_only - INFO - 上传文件: 688004-2026-04-17-博汇科技-博汇科技2025年年度报告.pdf (大小: 0.30 MB, ID: file-fe-d05e9162c2214457947f6f87)
2026-04-17 07:12:24,617 - httpx - INFO - HTTP Request: POST https://dashscope.aliyuncs.com/compatible-mode/v1/files "HTTP/1.1 200 OK"
2026-04-17 07:12:24,618 - ai_service_enhanced - INFO - 文件上传成功: C:\Users\chenkk\Desktop\新建文件夹\605366-2026-04-17-宏柏新材-江西宏柏新材料股份有限公司2025年年度报告.pdf (文件ID: file-fe-a47ec5955aea442dbf24a8f4)
2026-04-17 07:12:24,618 - __main___file_only - INFO - 上传文件: 605366-2026-04-17-宏柏新材-江西宏柏新材料股份有限公司2025年年度报告.pdf (大小: 0.21 MB, ID: file-fe-a47ec5955aea442dbf24a8f4)
2026-04-17 07:12:24,633 - __main__ - INFO - 开始处理: C:\Users\chenkk\Desktop\新建文件夹\605366-2026-04-17-宏柏新材-江西宏柏新材料股份有限公司2025年年度报告.pdf
2026-04-17 07:12:24,955 - httpx - INFO - HTTP Request: POST https://dashscope.aliyuncs.com/compatible-mode/v1/chat/completions "HTTP/1.1 200 OK"
2026-04-17 07:12:26,095 - httpx - INFO - HTTP Request: POST https://dashscope.aliyuncs.com/compatible-mode/v1/chat/completions "HTTP/1.1 200 OK"
2026-04-17 07:12:26,168 - __main___file_only - INFO - 找到数据: 603496 2026-04-17 (3条)
2026-04-17 07:12:26,168 - __main__ - INFO - 处理成功: 603496-2026-04-17
2026-04-17 07:12:26,168 - __main___file_only - INFO - 处理成功: C:\Users\chenkk\Desktop\新建文件夹\603496-2026-04-17-恒为科技-2025年年度报告.pdf (耗时: 27.24秒)
2026-04-17 07:12:26,725 - httpx - INFO - HTTP Request: POST https://dashscope.aliyuncs.com/compatible-mode/v1/files "HTTP/1.1 200 OK"
2026-04-17 07:12:26,726 - ai_service_enhanced - INFO - 文件上传成功: C:\Users\chenkk\Desktop\新建文件夹\688126-2026-04-17-沪硅产业-沪硅产业2025年年度报告.pdf (文件ID: file-fe-2905bfad8dfd4e89b4eaf1f1)
2026-04-17 07:12:26,726 - __main___file_only - INFO - 上传文件: 688126-2026-04-17-沪硅产业-沪硅产业2025年年度报告.pdf (大小: 0.30 MB, ID: file-fe-2905bfad8dfd4e89b4eaf1f1)
2026-04-17 07:12:26,749 - httpx - INFO - HTTP Request: POST https://dashscope.aliyuncs.com/compatible-mode/v1/files "HTTP/1.1 200 OK"
2026-04-17 07:12:26,749 - ai_service_enhanced - INFO - 文件上传成功: C:\Users\chenkk\Desktop\新建文件夹\净资产收益率和每股收益\688004-2026-04-17-博汇科技-博汇科技2025年年度报告_mgsy.pdf (文件ID: file-fe-5d69ea8022954cd99dc0d664)
2026-04-17 07:12:26,749 - __main___file_only - INFO - 上传文件: 688004-2026-04-17-博汇科技-博汇科技2025年年度报告_mgsy.pdf (大小: 0.27 MB, ID: file-fe-5d69ea8022954cd99dc0d664)
2026-04-17 07:12:26,758 - httpx - INFO - HTTP Request: DELETE https://dashscope.aliyuncs.com/compatible-mode/v1/files/file-fe-81686f627a6940c7b0e2f910 "HTTP/1.1 200 OK"
2026-04-17 07:12:26,897 - httpx - INFO - HTTP Request: POST https://dashscope.aliyuncs.com/compatible-mode/v1/chat/completions "HTTP/1.1 200 OK"
2026-04-17 07:12:26,999 - __main__ - INFO - 开始处理: C:\Users\chenkk\Desktop\新建文件夹\688004-2026-04-17-博汇科技-博汇科技2025年年度报告.pdf
2026-04-17 07:12:27,417 - httpx - INFO - HTTP Request: DELETE https://dashscope.aliyuncs.com/compatible-mode/v1/files/file-fe-58564df1b8224955afed5c16 "HTTP/1.1 200 OK"
2026-04-17 07:12:28,035 - httpx - INFO - HTTP Request: POST https://dashscope.aliyuncs.com/compatible-mode/v1/chat/completions "HTTP/1.1 200 OK"
2026-04-17 07:12:28,101 - __main___file_only - INFO - 找到数据: 603530 2026-04-17 (3条)
2026-04-17 07:12:28,101 - __main__ - INFO - 处理成功: 603530-2026-04-17
2026-04-17 07:12:28,102 - __main___file_only - INFO - 处理成功: C:\Users\chenkk\Desktop\新建文件夹\603530-2026-04-17-神马电力-神马电力2025年年度报告.pdf (耗时: 26.90秒)
2026-04-17 07:12:28,488 - httpx - INFO - HTTP Request: POST https://dashscope.aliyuncs.com/compatible-mode/v1/chat/completions "HTTP/1.1 200 OK"
2026-04-17 07:12:28,566 - __main___file_only - INFO - 找到数据: 603637 2026-04-17 (3条)
2026-04-17 07:12:28,566 - __main__ - INFO - 处理成功: 603637-2026-04-17
2026-04-17 07:12:28,566 - __main___file_only - INFO - 处理成功: C:\Users\chenkk\Desktop\新建文件夹\603637-2026-04-17-镇海股份-镇海石化工程股份有限公司2025年年度报告.pdf (耗时: 25.29秒)
2026-04-17 07:12:28,747 - httpx - INFO - HTTP Request: DELETE https://dashscope.aliyuncs.com/compatible-mode/v1/files/file-fe-f5147fa240734ce88eff8ee5 "HTTP/1.1 200 OK"
2026-04-17 07:12:28,866 - httpx - INFO - HTTP Request: POST https://dashscope.aliyuncs.com/compatible-mode/v1/files "HTTP/1.1 200 OK"
2026-04-17 07:12:28,867 - ai_service_enhanced - INFO - 文件上传成功: C:\Users\chenkk\Desktop\新建文件夹\净资产收益率和每股收益\688126-2026-04-17-沪硅产业-沪硅产业2025年年度报告_mgsy.pdf (文件ID: file-fe-afcbdc1f1d584bb2948faf0b)
2026-04-17 07:12:28,867 - __main___file_only - INFO - 上传文件: 688126-2026-04-17-沪硅产业-沪硅产业2025年年度报告_mgsy.pdf (大小: 0.29 MB, ID: file-fe-afcbdc1f1d584bb2948faf0b)
2026-04-17 07:12:28,930 - httpx - INFO - HTTP Request: POST https://dashscope.aliyuncs.com/compatible-mode/v1/files "HTTP/1.1 200 OK"
2026-04-17 07:12:28,930 - ai_service_enhanced - INFO - 文件上传成功: C:\Users\chenkk\Desktop\新建文件夹\688148-2026-04-17-芳源股份-芳源股份2025年年度报告.pdf (文件ID: file-fe-9469db5071a94f8da2e12665)
2026-04-17 07:12:28,930 - __main___file_only - INFO - 上传文件: 688148-2026-04-17-芳源股份-芳源股份2025年年度报告.pdf (大小: 0.31 MB, ID: file-fe-9469db5071a94f8da2e12665)
2026-04-17 07:12:29,013 - __main__ - INFO - 开始处理: C:\Users\chenkk\Desktop\新建文件夹\688126-2026-04-17-沪硅产业-沪硅产业2025年年度报告.pdf
2026-04-17 07:12:29,014 - httpx - INFO - HTTP Request: POST https://dashscope.aliyuncs.com/compatible-mode/v1/chat/completions "HTTP/1.1 200 OK"
2026-04-17 07:12:29,078 - __main___file_only - INFO - 找到数据: 603683 2026-04-17 (3条)
2026-04-17 07:12:29,078 - __main__ - INFO - 处理成功: 603683-2026-04-17
2026-04-17 07:12:29,078 - __main___file_only - INFO - 处理成功: C:\Users\chenkk\Desktop\新建文件夹\603683-2026-04-17-晶华新材-晶华新材2025年年度报告.pdf (耗时: 22.91秒)
2026-04-17 07:12:29,281 - httpx - INFO - HTTP Request: DELETE https://dashscope.aliyuncs.com/compatible-mode/v1/files/file-fe-664f5d5008d14b3d9577396d "HTTP/1.1 200 OK"
2026-04-17 07:12:29,367 - httpx - INFO - HTTP Request: DELETE https://dashscope.aliyuncs.com/compatible-mode/v1/files/file-fe-ea3893babada44d78771400f "HTTP/1.1 200 OK"
2026-04-17 07:12:29,692 - httpx - INFO - HTTP Request: POST https://dashscope.aliyuncs.com/compatible-mode/v1/chat/completions "HTTP/1.1 200 OK"
2026-04-17 07:12:29,727 - httpx - INFO - HTTP Request: DELETE https://dashscope.aliyuncs.com/compatible-mode/v1/files/file-fe-e03ab66066bd4a51a25826de "HTTP/1.1 200 OK"
2026-04-17 07:12:29,760 - __main___file_only - INFO - 找到数据: 603637 2026-04-17 (3条)
2026-04-17 07:12:29,760 - __main__ - INFO - 处理成功: 603637-2026-04-17
2026-04-17 07:12:29,760 - __main___file_only - INFO - 处理成功: C:\Users\chenkk\Desktop\新建文件夹\603637-2026-04-17-镇海股份-镇海石化工程股份有限公司2025年年度报告全文.pdf (耗时: 26.48秒)
2026-04-17 07:12:29,977 - httpx - INFO - HTTP Request: DELETE https://dashscope.aliyuncs.com/compatible-mode/v1/files/file-fe-b2ac523beaab4d9188fcb1cd "HTTP/1.1 200 OK"
2026-04-17 07:12:30,436 - httpx - INFO - HTTP Request: DELETE https://dashscope.aliyuncs.com/compatible-mode/v1/files/file-fe-a55a49ded8c34fe08ca246ff "HTTP/1.1 200 OK"
2026-04-17 07:12:30,469 - httpx - INFO - HTTP Request: DELETE https://dashscope.aliyuncs.com/compatible-mode/v1/files/file-fe-639e92d105814afb9cc5e904 "HTTP/1.1 200 OK"
2026-04-17 07:12:30,997 - httpx - INFO - HTTP Request: POST https://dashscope.aliyuncs.com/compatible-mode/v1/files "HTTP/1.1 200 OK"
2026-04-17 07:12:30,997 - ai_service_enhanced - INFO - 文件上传成功: C:\Users\chenkk\Desktop\新建文件夹\净资产收益率和每股收益\688148-2026-04-17-芳源股份-芳源股份2025年年度报告_mgsy.pdf (文件ID: file-fe-74aa8ee48231475c8419a1d9)
2026-04-17 07:12:30,997 - __main___file_only - INFO - 上传文件: 688148-2026-04-17-芳源股份-芳源股份2025年年度报告_mgsy.pdf (大小: 0.27 MB, ID: file-fe-74aa8ee48231475c8419a1d9)
2026-04-17 07:12:31,128 - __main__ - INFO - 开始处理: C:\Users\chenkk\Desktop\新建文件夹\688148-2026-04-17-芳源股份-芳源股份2025年年度报告.pdf
2026-04-17 07:12:31,200 - httpx - INFO - HTTP Request: POST https://dashscope.aliyuncs.com/compatible-mode/v1/files "HTTP/1.1 200 OK"
2026-04-17 07:12:31,200 - ai_service_enhanced - INFO - 文件上传成功: C:\Users\chenkk\Desktop\新建文件夹\688173-2026-04-17-希荻微-希荻微2025年年度报告.pdf (文件ID: file-fe-d672c935a91e4ebd87b19b7e)
2026-04-17 07:12:31,201 - __main___file_only - INFO - 上传文件: 688173-2026-04-17-希荻微-希荻微2025年年度报告.pdf (大小: 0.72 MB, ID: file-fe-d672c935a91e4ebd87b19b7e)
2026-04-17 07:12:33,099 - httpx - INFO - HTTP Request: POST https://dashscope.aliyuncs.com/compatible-mode/v1/files "HTTP/1.1 200 OK"
2026-04-17 07:12:33,100 - ai_service_enhanced - INFO - 文件上传成功: C:\Users\chenkk\Desktop\新建文件夹\688296-2026-04-17-和达科技-和达科技2025年年度报告.pdf (文件ID: file-fe-e232008348c642f890c8f642)
2026-04-17 07:12:33,100 - __main___file_only - INFO - 上传文件: 688296-2026-04-17-和达科技-和达科技2025年年度报告.pdf (大小: 0.31 MB, ID: file-fe-e232008348c642f890c8f642)
2026-04-17 07:12:33,121 - httpx - INFO - HTTP Request: POST https://dashscope.aliyuncs.com/compatible-mode/v1/files "HTTP/1.1 200 OK"
2026-04-17 07:12:33,122 - ai_service_enhanced - INFO - 文件上传成功: C:\Users\chenkk\Desktop\新建文件夹\净资产收益率和每股收益\688173-2026-04-17-希荻微-希荻微2025年年度报告_mgsy.pdf (文件ID: file-fe-5079f9502fce4de2bfb316f9)
2026-04-17 07:12:33,122 - __main___file_only - INFO - 上传文件: 688173-2026-04-17-希荻微-希荻微2025年年度报告_mgsy.pdf (大小: 0.70 MB, ID: file-fe-5079f9502fce4de2bfb316f9)
2026-04-17 07:12:33,136 - __main__ - INFO - 开始处理: C:\Users\chenkk\Desktop\新建文件夹\688173-2026-04-17-希荻微-希荻微2025年年度报告.pdf
2026-04-17 07:12:33,477 - httpx - INFO - HTTP Request: POST https://dashscope.aliyuncs.com/compatible-mode/v1/chat/completions "HTTP/1.1 200 OK"
2026-04-17 07:12:34,780 - httpx - INFO - HTTP Request: POST https://dashscope.aliyuncs.com/compatible-mode/v1/chat/completions "HTTP/1.1 200 OK"
2026-04-17 07:12:35,059 - httpx - INFO - HTTP Request: POST https://dashscope.aliyuncs.com/compatible-mode/v1/chat/completions "HTTP/1.1 200 OK"
2026-04-17 07:12:35,121 - __main___file_only - INFO - 找到数据: 603700 2026-04-17 (3条)
2026-04-17 07:12:35,121 - __main__ - INFO - 处理成功: 603700-2026-04-17
2026-04-17 07:12:35,121 - __main___file_only - INFO - 处理成功: C:\Users\chenkk\Desktop\新建文件夹\603700-2026-04-17-宁水集团-2025年年度报告.pdf (耗时: 27.48秒)
2026-04-17 07:12:35,197 - httpx - INFO - HTTP Request: POST https://dashscope.aliyuncs.com/compatible-mode/v1/files "HTTP/1.1 200 OK"
2026-04-17 07:12:35,198 - ai_service_enhanced - INFO - 文件上传成功: C:\Users\chenkk\Desktop\新建文件夹\688328-2026-04-17-深科达-2025年年度报告.pdf (文件ID: file-fe-0813a2ad3dc843828e22e236)
2026-04-17 07:12:35,198 - __main___file_only - INFO - 上传文件: 688328-2026-04-17-深科达-2025年年度报告.pdf (大小: 0.35 MB, ID: file-fe-0813a2ad3dc843828e22e236)
2026-04-17 07:12:35,216 - httpx - INFO - HTTP Request: POST https://dashscope.aliyuncs.com/compatible-mode/v1/files "HTTP/1.1 200 OK"
2026-04-17 07:12:35,217 - ai_service_enhanced - INFO - 文件上传成功: C:\Users\chenkk\Desktop\新建文件夹\净资产收益率和每股收益\688296-2026-04-17-和达科技-和达科技2025年年度报告_mgsy.pdf (文件ID: file-fe-4049fa3c9ee940228d2cf9e5)
2026-04-17 07:12:35,217 - __main___file_only - INFO - 上传文件: 688296-2026-04-17-和达科技-和达科技2025年年度报告_mgsy.pdf (大小: 0.29 MB, ID: file-fe-4049fa3c9ee940228d2cf9e5)
2026-04-17 07:12:35,217 - __main__ - INFO - 开始处理: C:\Users\chenkk\Desktop\新建文件夹\688296-2026-04-17-和达科技-和达科技2025年年度报告.pdf
2026-04-17 07:12:35,701 - httpx - INFO - HTTP Request: DELETE https://dashscope.aliyuncs.com/compatible-mode/v1/files/file-fe-d19d118f4f874aa8baee31d1 "HTTP/1.1 200 OK"
2026-04-17 07:12:36,366 - httpx - INFO - HTTP Request: DELETE https://dashscope.aliyuncs.com/compatible-mode/v1/files/file-fe-72a5bca8e2f7422fb0580168 "HTTP/1.1 200 OK"
2026-04-17 07:12:36,409 - httpx - INFO - HTTP Request: POST https://dashscope.aliyuncs.com/compatible-mode/v1/chat/completions "HTTP/1.1 200 OK"
2026-04-17 07:12:36,470 - __main___file_only - INFO - 找到数据: 603725 2026-04-17 (3条)
2026-04-17 07:12:36,471 - __main__ - INFO - 处理成功: 603725-2026-04-17
2026-04-17 07:12:36,471 - __main___file_only - INFO - 处理成功: C:\Users\chenkk\Desktop\新建文件夹\603725-2026-04-17-天安新材-天安新材2025年年度报告.pdf (耗时: 26.46秒)
2026-04-17 07:12:37,172 - httpx - INFO - HTTP Request: DELETE https://dashscope.aliyuncs.com/compatible-mode/v1/files/file-fe-4f46c48e234a40278f3c1890 "HTTP/1.1 200 OK"
2026-04-17 07:12:37,303 - httpx - INFO - HTTP Request: POST https://dashscope.aliyuncs.com/compatible-mode/v1/chat/completions "HTTP/1.1 200 OK"
2026-04-17 07:12:37,374 - httpx - INFO - HTTP Request: POST https://dashscope.aliyuncs.com/compatible-mode/v1/files "HTTP/1.1 200 OK"
2026-04-17 07:12:37,374 - ai_service_enhanced - INFO - 文件上传成功: C:\Users\chenkk\Desktop\新建文件夹\688377-2026-04-17-迪威尔-迪威尔2025年年度报告.pdf (文件ID: file-fe-c1364273403c49aba6c7d70c)
2026-04-17 07:12:37,374 - __main___file_only - INFO - 上传文件: 688377-2026-04-17-迪威尔-迪威尔2025年年度报告.pdf (大小: 0.26 MB, ID: file-fe-c1364273403c49aba6c7d70c)
2026-04-17 07:12:37,406 - httpx - INFO - HTTP Request: POST https://dashscope.aliyuncs.com/compatible-mode/v1/files "HTTP/1.1 200 OK"
2026-04-17 07:12:37,407 - ai_service_enhanced - INFO - 文件上传成功: C:\Users\chenkk\Desktop\新建文件夹\净资产收益率和每股收益\688328-2026-04-17-深科达-2025年年度报告_mgsy.pdf (文件ID: file-fe-b1e9541673f741ca989ff1c4)
2026-04-17 07:12:37,407 - __main___file_only - INFO - 上传文件: 688328-2026-04-17-深科达-2025年年度报告_mgsy.pdf (大小: 0.29 MB, ID: file-fe-b1e9541673f741ca989ff1c4)
2026-04-17 07:12:37,478 - __main__ - INFO - 开始处理: C:\Users\chenkk\Desktop\新建文件夹\688328-2026-04-17-深科达-2025年年度报告.pdf
2026-04-17 07:12:37,752 - httpx - INFO - HTTP Request: DELETE https://dashscope.aliyuncs.com/compatible-mode/v1/files/file-fe-d01de5dd30984bb5a9ec4d34 "HTTP/1.1 200 OK"
2026-04-17 07:12:38,678 - httpx - INFO - HTTP Request: POST https://dashscope.aliyuncs.com/compatible-mode/v1/chat/completions "HTTP/1.1 200 OK"
2026-04-17 07:12:38,741 - __main___file_only - INFO - 找到数据: 603900 2026-04-17 (3条)
2026-04-17 07:12:38,741 - __main__ - INFO - 处理成功: 603900-2026-04-17
2026-04-17 07:12:38,741 - __main___file_only - INFO - 处理成功: C:\Users\chenkk\Desktop\新建文件夹\603900-2026-04-17-莱绅通灵-莱绅通灵2025年年度报告.pdf (耗时: 24.64秒)
2026-04-17 07:12:38,975 - httpx - INFO - HTTP Request: POST https://dashscope.aliyuncs.com/compatible-mode/v1/chat/completions "HTTP/1.1 200 OK"
2026-04-17 07:12:39,035 - __main___file_only - INFO - 找到数据: 603877 2026-04-17 (3条)
2026-04-17 07:12:39,035 - __main__ - INFO - 处理成功: 603877-2026-04-17
2026-04-17 07:12:39,035 - __main___file_only - INFO - 处理成功: C:\Users\chenkk\Desktop\新建文件夹\603877-2026-04-17-太平鸟-2025年年度报告.pdf (耗时: 27.21秒)
2026-04-17 07:12:39,375 - httpx - INFO - HTTP Request: DELETE https://dashscope.aliyuncs.com/compatible-mode/v1/files/file-fe-ce20058b56a249cb9d8e9f90 "HTTP/1.1 200 OK"
2026-04-17 07:12:39,436 - httpx - INFO - HTTP Request: POST https://dashscope.aliyuncs.com/compatible-mode/v1/files "HTTP/1.1 200 OK"
2026-04-17 07:12:39,437 - ai_service_enhanced - INFO - 文件上传成功: C:\Users\chenkk\Desktop\新建文件夹\净资产收益率和每股收益\688377-2026-04-17-迪威尔-迪威尔2025年年度报告_mgsy.pdf (文件ID: file-fe-2cbb3b30c3f04f2a9094a1ec)
2026-04-17 07:12:39,437 - __main___file_only - INFO - 上传文件: 688377-2026-04-17-迪威尔-迪威尔2025年年度报告_mgsy.pdf (大小: 0.24 MB, ID: file-fe-2cbb3b30c3f04f2a9094a1ec)
2026-04-17 07:12:39,532 - httpx - INFO - HTTP Request: POST https://dashscope.aliyuncs.com/compatible-mode/v1/files "HTTP/1.1 200 OK"
2026-04-17 07:12:39,532 - ai_service_enhanced - INFO - 文件上传成功: C:\Users\chenkk\Desktop\新建文件夹\688401-2026-04-17-路维光电-路维光电2025年年度报告.pdf (文件ID: file-fe-8eb47419865941c1a5326be4)
2026-04-17 07:12:39,533 - __main___file_only - INFO - 上传文件: 688401-2026-04-17-路维光电-路维光电2025年年度报告.pdf (大小: 0.33 MB, ID: file-fe-8eb47419865941c1a5326be4)
2026-04-17 07:12:39,533 - __main__ - INFO - 开始处理: C:\Users\chenkk\Desktop\新建文件夹\688377-2026-04-17-迪威尔-迪威尔2025年年度报告.pdf
2026-04-17 07:12:39,631 - httpx - INFO - HTTP Request: DELETE https://dashscope.aliyuncs.com/compatible-mode/v1/files/file-fe-149e552b25ad428e90c67838 "HTTP/1.1 200 OK"
2026-04-17 07:12:40,006 - httpx - INFO - HTTP Request: DELETE https://dashscope.aliyuncs.com/compatible-mode/v1/files/file-fe-1ada9cf855d44709bff89e27 "HTTP/1.1 200 OK"
2026-04-17 07:12:40,115 - httpx - INFO - HTTP Request: POST https://dashscope.aliyuncs.com/compatible-mode/v1/chat/completions "HTTP/1.1 200 OK"
2026-04-17 07:12:40,159 - httpx - INFO - HTTP Request: POST https://dashscope.aliyuncs.com/compatible-mode/v1/chat/completions "HTTP/1.1 200 OK"
2026-04-17 07:12:40,301 - httpx - INFO - HTTP Request: DELETE https://dashscope.aliyuncs.com/compatible-mode/v1/files/file-fe-d900b9854cea48e3bf951403 "HTTP/1.1 200 OK"
2026-04-17 07:12:40,479 - httpx - INFO - HTTP Request: POST https://dashscope.aliyuncs.com/compatible-mode/v1/chat/completions "HTTP/1.1 200 OK"
2026-04-17 07:12:40,539 - __main___file_only - INFO - 找到数据: 603928 2026-04-17 (3条)
2026-04-17 07:12:40,539 - __main__ - INFO - 处理成功: 603928-2026-04-17
2026-04-17 07:12:40,539 - __main___file_only - INFO - 处理成功: C:\Users\chenkk\Desktop\新建文件夹\603928-2026-04-17-兴业股份-兴业股份2025年年度报告.pdf (耗时: 24.37秒)
2026-04-17 07:12:41,265 - httpx - INFO - HTTP Request: DELETE https://dashscope.aliyuncs.com/compatible-mode/v1/files/file-fe-c048a483f3b3490f9105b72c "HTTP/1.1 200 OK"
2026-04-17 07:12:41,655 - httpx - INFO - HTTP Request: POST https://dashscope.aliyuncs.com/compatible-mode/v1/files "HTTP/1.1 200 OK"
2026-04-17 07:12:41,655 - ai_service_enhanced - INFO - 文件上传成功: C:\Users\chenkk\Desktop\新建文件夹\688408-2026-04-17-中信博-中信博2025年年度报告全文.pdf (文件ID: file-fe-acbd8babbb404b1ba7bb79df)
2026-04-17 07:12:41,655 - __main___file_only - INFO - 上传文件: 688408-2026-04-17-中信博-中信博2025年年度报告全文.pdf (大小: 0.33 MB, ID: file-fe-acbd8babbb404b1ba7bb79df)
2026-04-17 07:12:41,662 - httpx - INFO - HTTP Request: POST https://dashscope.aliyuncs.com/compatible-mode/v1/files "HTTP/1.1 200 OK"
2026-04-17 07:12:41,663 - ai_service_enhanced - INFO - 文件上传成功: C:\Users\chenkk\Desktop\新建文件夹\净资产收益率和每股收益\688401-2026-04-17-路维光电-路维光电2025年年度报告_mgsy.pdf (文件ID: file-fe-7cbd991989f94fe6b2fc8372)
2026-04-17 07:12:41,663 - __main___file_only - INFO - 上传文件: 688401-2026-04-17-路维光电-路维光电2025年年度报告_mgsy.pdf (大小: 0.32 MB, ID: file-fe-7cbd991989f94fe6b2fc8372)
2026-04-17 07:12:41,810 - __main__ - INFO - 开始处理: C:\Users\chenkk\Desktop\新建文件夹\688401-2026-04-17-路维光电-路维光电2025年年度报告.pdf
2026-04-17 07:12:41,838 - httpx - INFO - HTTP Request: POST https://dashscope.aliyuncs.com/compatible-mode/v1/chat/completions "HTTP/1.1 200 OK"
2026-04-17 07:12:41,969 - httpx - INFO - HTTP Request: DELETE https://dashscope.aliyuncs.com/compatible-mode/v1/files/file-fe-b19b849697474c1b99cba04e "HTTP/1.1 200 OK"
2026-04-17 07:12:43,383 - httpx - INFO - HTTP Request: POST https://dashscope.aliyuncs.com/compatible-mode/v1/chat/completions "HTTP/1.1 200 OK"
2026-04-17 07:12:43,448 - __main___file_only - INFO - 找到数据: 605050 2026-04-17 (3条)
2026-04-17 07:12:43,449 - __main__ - INFO - 处理成功: 605050-2026-04-17
2026-04-17 07:12:43,449 - __main___file_only - INFO - 处理成功: C:\Users\chenkk\Desktop\新建文件夹\605050-2026-04-17-福然德-2025年年度报告.pdf (耗时: 25.21秒)
2026-04-17 07:12:43,723 - httpx - INFO - HTTP Request: POST https://dashscope.aliyuncs.com/compatible-mode/v1/files "HTTP/1.1 200 OK"
2026-04-17 07:12:43,724 - ai_service_enhanced - INFO - 文件上传成功: C:\Users\chenkk\Desktop\新建文件夹\净资产收益率和每股收益\688408-2026-04-17-中信博-中信博2025年年度报告全文_mgsy.pdf (文件ID: file-fe-8907ca289c8d4affaf0b88c1)
2026-04-17 07:12:43,724 - __main___file_only - INFO - 上传文件: 688408-2026-04-17-中信博-中信博2025年年度报告全文_mgsy.pdf (大小: 0.26 MB, ID: file-fe-8907ca289c8d4affaf0b88c1)
2026-04-17 07:12:43,791 - httpx - INFO - HTTP Request: POST https://dashscope.aliyuncs.com/compatible-mode/v1/files "HTTP/1.1 200 OK"
2026-04-17 07:12:43,792 - ai_service_enhanced - INFO - 文件上传成功: C:\Users\chenkk\Desktop\新建文件夹\688510-2026-04-17-航亚科技-无锡航亚科技股份有限公司2025年年度报告.pdf (文件ID: file-fe-d88fa976ba2641b6a6923eb7)
2026-04-17 07:12:43,793 - __main___file_only - INFO - 上传文件: 688510-2026-04-17-航亚科技-无锡航亚科技股份有限公司2025年年度报告.pdf (大小: 0.26 MB, ID: file-fe-d88fa976ba2641b6a6923eb7)
2026-04-17 07:12:43,818 - __main__ - INFO - 开始处理: C:\Users\chenkk\Desktop\新建文件夹\688408-2026-04-17-中信博-中信博2025年年度报告全文.pdf
2026-04-17 07:12:44,050 - httpx - INFO - HTTP Request: DELETE https://dashscope.aliyuncs.com/compatible-mode/v1/files/file-fe-36c2c08b499948329378d940 "HTTP/1.1 200 OK"
2026-04-17 07:12:44,103 - httpx - INFO - HTTP Request: POST https://dashscope.aliyuncs.com/compatible-mode/v1/chat/completions "HTTP/1.1 200 OK"
2026-04-17 07:12:44,688 - httpx - INFO - HTTP Request: DELETE https://dashscope.aliyuncs.com/compatible-mode/v1/files/file-fe-1dfffdbea3024b5ea9d8aca4 "HTTP/1.1 200 OK"
2026-04-17 07:12:45,846 - httpx - INFO - HTTP Request: POST https://dashscope.aliyuncs.com/compatible-mode/v1/files "HTTP/1.1 200 OK"
2026-04-17 07:12:45,847 - ai_service_enhanced - INFO - 文件上传成功: C:\Users\chenkk\Desktop\新建文件夹\688691-2026-04-17-灿芯股份-2025年年度报告.pdf (文件ID: file-fe-647f77c4574c473c8c8065a9)
2026-04-17 07:12:45,847 - __main___file_only - INFO - 上传文件: 688691-2026-04-17-灿芯股份-2025年年度报告.pdf (大小: 0.29 MB, ID: file-fe-647f77c4574c473c8c8065a9)
2026-04-17 07:12:45,953 - httpx - INFO - HTTP Request: POST https://dashscope.aliyuncs.com/compatible-mode/v1/files "HTTP/1.1 200 OK"
2026-04-17 07:12:45,954 - ai_service_enhanced - INFO - 文件上传成功: C:\Users\chenkk\Desktop\新建文件夹\净资产收益率和每股收益\688510-2026-04-17-航亚科技-无锡航亚科技股份有限公司2025年年度报告_mgsy.pdf (文件ID: file-fe-f064573efa7947e4b8ced6b9)
2026-04-17 07:12:45,954 - __main___file_only - INFO - 上传文件: 688510-2026-04-17-航亚科技-无锡航亚科技股份有限公司2025年年度报告_mgsy.pdf (大小: 0.27 MB, ID: file-fe-f064573efa7947e4b8ced6b9)
2026-04-17 07:12:46,198 - __main__ - INFO - 开始处理: C:\Users\chenkk\Desktop\新建文件夹\688510-2026-04-17-航亚科技-无锡航亚科技股份有限公司2025年年度报告.pdf
2026-04-17 07:12:48,304 - httpx - INFO - HTTP Request: POST https://dashscope.aliyuncs.com/compatible-mode/v1/files "HTTP/1.1 200 OK"
2026-04-17 07:12:48,305 - ai_service_enhanced - INFO - 文件上传成功: C:\Users\chenkk\Desktop\新建文件夹\688697-2026-04-17-纽威数控-纽威数控2025年年度报告.pdf (文件ID: file-fe-0457c3dea9484e4091c16485)
2026-04-17 07:12:48,305 - __main___file_only - INFO - 上传文件: 688697-2026-04-17-纽威数控-纽威数控2025年年度报告.pdf (大小: 0.31 MB, ID: file-fe-0457c3dea9484e4091c16485)
2026-04-17 07:12:48,492 - httpx - INFO - HTTP Request: POST https://dashscope.aliyuncs.com/compatible-mode/v1/files "HTTP/1.1 200 OK"
2026-04-17 07:12:48,493 - httpx - INFO - HTTP Request: POST https://dashscope.aliyuncs.com/compatible-mode/v1/chat/completions "HTTP/1.1 200 OK"
2026-04-17 07:12:48,495 - ai_service_enhanced - INFO - 文件上传成功: C:\Users\chenkk\Desktop\新建文件夹\净资产收益率和每股收益\688691-2026-04-17-灿芯股份-2025年年度报告_mgsy.pdf (文件ID: file-fe-9842b75aab1547ada4e2f86d)
2026-04-17 07:12:48,495 - __main___file_only - INFO - 上传文件: 688691-2026-04-17-灿芯股份-2025年年度报告_mgsy.pdf (大小: 0.25 MB, ID: file-fe-9842b75aab1547ada4e2f86d)
2026-04-17 07:12:48,546 - httpx - INFO - HTTP Request: POST https://dashscope.aliyuncs.com/compatible-mode/v1/chat/completions "HTTP/1.1 200 OK"
2026-04-17 07:12:48,588 - __main__ - INFO - 开始处理: C:\Users\chenkk\Desktop\新建文件夹\688691-2026-04-17-灿芯股份-2025年年度报告.pdf
2026-04-17 07:12:48,872 - httpx - INFO - HTTP Request: POST https://dashscope.aliyuncs.com/compatible-mode/v1/chat/completions "HTTP/1.1 200 OK"
2026-04-17 07:12:48,947 - __main___file_only - INFO - 找到数据: 605116 2026-04-17 (3条)
2026-04-17 07:12:48,947 - __main__ - INFO - 处理成功: 605116-2026-04-17
2026-04-17 07:12:48,948 - __main___file_only - INFO - 处理成功: C:\Users\chenkk\Desktop\新建文件夹\605116-2026-04-17-奥锐特-奥锐特药业股份有限公司2025年年度报告.pdf (耗时: 28.07秒)
2026-04-17 07:12:49,514 - httpx - INFO - HTTP Request: DELETE https://dashscope.aliyuncs.com/compatible-mode/v1/files/file-fe-38405dda008748a6ab89afe6 "HTTP/1.1 200 OK"
2026-04-17 07:12:49,726 - httpx - INFO - HTTP Request: POST https://dashscope.aliyuncs.com/compatible-mode/v1/chat/completions "HTTP/1.1 200 OK"
2026-04-17 07:12:49,824 - __main___file_only - INFO - 找到数据: 605128 2026-04-17 (3条)
2026-04-17 07:12:49,825 - __main__ - INFO - 处理成功: 605128-2026-04-17
2026-04-17 07:12:49,825 - __main___file_only - INFO - 处理成功: C:\Users\chenkk\Desktop\新建文件夹\605128-2026-04-17-上海沿浦-上海沿浦精工科技（集团）股份有限公司2025年年度报告.pdf (耗时: 27.20秒)
2026-04-17 07:12:50,106 - httpx - INFO - HTTP Request: DELETE https://dashscope.aliyuncs.com/compatible-mode/v1/files/file-fe-b803ddbbcef04d8dab5357c2 "HTTP/1.1 200 OK"
2026-04-17 07:12:50,167 - httpx - INFO - HTTP Request: POST https://dashscope.aliyuncs.com/compatible-mode/v1/files "HTTP/1.1 200 OK"
2026-04-17 07:12:50,168 - ai_service_enhanced - INFO - 文件上传成功: C:\Users\chenkk\Desktop\新建文件夹\688733-2026-04-17-壹石通-壹石通2025年年度报告.pdf (文件ID: file-fe-0164c4aa56c645c89c994762)
2026-04-17 07:12:50,168 - __main___file_only - INFO - 上传文件: 688733-2026-04-17-壹石通-壹石通2025年年度报告.pdf (大小: 0.32 MB, ID: file-fe-0164c4aa56c645c89c994762)
2026-04-17 07:12:50,184 - httpx - INFO - HTTP Request: POST https://dashscope.aliyuncs.com/compatible-mode/v1/files "HTTP/1.1 200 OK"
2026-04-17 07:12:50,188 - ai_service_enhanced - INFO - 文件上传成功: C:\Users\chenkk\Desktop\新建文件夹\净资产收益率和每股收益\688697-2026-04-17-纽威数控-纽威数控2025年年度报告_mgsy.pdf (文件ID: file-fe-cc11a597f2e04d75a789eceb)
2026-04-17 07:12:50,188 - __main___file_only - INFO - 上传文件: 688697-2026-04-17-纽威数控-纽威数控2025年年度报告_mgsy.pdf (大小: 0.28 MB, ID: file-fe-cc11a597f2e04d75a789eceb)
2026-04-17 07:12:50,189 - __main__ - INFO - 开始处理: C:\Users\chenkk\Desktop\新建文件夹\688697-2026-04-17-纽威数控-纽威数控2025年年度报告.pdf
2026-04-17 07:12:50,421 - httpx - INFO - HTTP Request: DELETE https://dashscope.aliyuncs.com/compatible-mode/v1/files/file-fe-8b0b2014e0f84be89f506142 "HTTP/1.1 200 OK"
2026-04-17 07:12:50,961 - httpx - INFO - HTTP Request: POST https://dashscope.aliyuncs.com/compatible-mode/v1/chat/completions "HTTP/1.1 200 OK"
2026-04-17 07:12:51,022 - httpx - INFO - HTTP Request: DELETE https://dashscope.aliyuncs.com/compatible-mode/v1/files/file-fe-42c4e77ff7a54570ae45b7f9 "HTTP/1.1 200 OK"
2026-04-17 07:12:51,023 - __main___file_only - INFO - 找到数据: 605366 2026-04-17 (3条)
2026-04-17 07:12:51,024 - __main__ - INFO - 处理成功: 605366-2026-04-17
2026-04-17 07:12:51,024 - __main___file_only - INFO - 处理成功: C:\Users\chenkk\Desktop\新建文件夹\605366-2026-04-17-宏柏新材-江西宏柏新材料股份有限公司2025年年度报告.pdf (耗时: 26.39秒)
2026-04-17 07:12:51,578 - httpx - INFO - HTTP Request: DELETE https://dashscope.aliyuncs.com/compatible-mode/v1/files/file-fe-a47ec5955aea442dbf24a8f4 "HTTP/1.1 200 OK"
2026-04-17 07:12:51,831 - httpx - INFO - HTTP Request: POST https://dashscope.aliyuncs.com/compatible-mode/v1/chat/completions "HTTP/1.1 200 OK"
2026-04-17 07:12:51,875 - httpx - INFO - HTTP Request: POST https://dashscope.aliyuncs.com/compatible-mode/v1/chat/completions "HTTP/1.1 200 OK"
2026-04-17 07:12:51,906 - __main___file_only - INFO - 找到数据: 688004 2026-04-17 (3条)
2026-04-17 07:12:51,906 - __main__ - INFO - 处理成功: 688004-2026-04-17
2026-04-17 07:12:51,907 - __main___file_only - INFO - 处理成功: C:\Users\chenkk\Desktop\新建文件夹\688004-2026-04-17-博汇科技-博汇科技2025年年度报告.pdf (耗时: 24.91秒)
2026-04-17 07:12:52,263 - httpx - INFO - HTTP Request: POST https://dashscope.aliyuncs.com/compatible-mode/v1/files "HTTP/1.1 200 OK"
2026-04-17 07:12:52,264 - ai_service_enhanced - INFO - 文件上传成功: C:\Users\chenkk\Desktop\新建文件夹\920018-2026-04-16-宏远股份-2025年年度报告.pdf (文件ID: file-fe-6f1329c473c245ef8110c5e9)
2026-04-17 07:12:52,264 - __main___file_only - INFO - 上传文件: 920018-2026-04-16-宏远股份-2025年年度报告.pdf (大小: 0.43 MB, ID: file-fe-6f1329c473c245ef8110c5e9)
2026-04-17 07:12:52,337 - httpx - INFO - HTTP Request: POST https://dashscope.aliyuncs.com/compatible-mode/v1/files "HTTP/1.1 200 OK"
2026-04-17 07:12:52,338 - ai_service_enhanced - INFO - 文件上传成功: C:\Users\chenkk\Desktop\新建文件夹\净资产收益率和每股收益\688733-2026-04-17-壹石通-壹石通2025年年度报告_mgsy.pdf (文件ID: file-fe-f6c78a2f71024d81b27be7f4)
2026-04-17 07:12:52,338 - __main___file_only - INFO - 上传文件: 688733-2026-04-17-壹石通-壹石通2025年年度报告_mgsy.pdf (大小: 0.29 MB, ID: file-fe-f6c78a2f71024d81b27be7f4)
2026-04-17 07:12:52,480 - httpx - INFO - HTTP Request: DELETE https://dashscope.aliyuncs.com/compatible-mode/v1/files/file-fe-d05e9162c2214457947f6f87 "HTTP/1.1 200 OK"
2026-04-17 07:12:52,564 - __main__ - INFO - 开始处理: C:\Users\chenkk\Desktop\新建文件夹\688733-2026-04-17-壹石通-壹石通2025年年度报告.pdf
2026-04-17 07:12:53,065 - httpx - INFO - HTTP Request: DELETE https://dashscope.aliyuncs.com/compatible-mode/v1/files/file-fe-5d69ea8022954cd99dc0d664 "HTTP/1.1 200 OK"
2026-04-17 07:12:53,143 - httpx - INFO - HTTP Request: POST https://dashscope.aliyuncs.com/compatible-mode/v1/chat/completions "HTTP/1.1 200 OK"
2026-04-17 07:12:53,334 - __main___file_only - INFO - 找到数据: 688126 2026-04-17 (3条)
2026-04-17 07:12:53,334 - __main__ - INFO - 处理成功: 688126-2026-04-17
2026-04-17 07:12:53,334 - __main___file_only - INFO - 处理成功: C:\Users\chenkk\Desktop\新建文件夹\688126-2026-04-17-沪硅产业-沪硅产业2025年年度报告.pdf (耗时: 24.32秒)
2026-04-17 07:12:53,992 - httpx - INFO - HTTP Request: DELETE https://dashscope.aliyuncs.com/compatible-mode/v1/files/file-fe-2905bfad8dfd4e89b4eaf1f1 "HTTP/1.1 200 OK"
2026-04-17 07:12:54,469 - httpx - INFO - HTTP Request: POST https://dashscope.aliyuncs.com/compatible-mode/v1/files "HTTP/1.1 200 OK"
2026-04-17 07:12:54,470 - ai_service_enhanced - INFO - 文件上传成功: C:\Users\chenkk\Desktop\新建文件夹\920098-2026-04-16-科隆新材-2025年年度报告.pdf (文件ID: file-fe-8fe07f8f54874d06a3413180)
2026-04-17 07:12:54,470 - __main___file_only - INFO - 上传文件: 920098-2026-04-16-科隆新材-2025年年度报告.pdf (大小: 0.97 MB, ID: file-fe-8fe07f8f54874d06a3413180)
2026-04-17 07:12:54,504 - httpx - INFO - HTTP Request: POST https://dashscope.aliyuncs.com/compatible-mode/v1/files "HTTP/1.1 200 OK"
2026-04-17 07:12:54,505 - ai_service_enhanced - INFO - 文件上传成功: C:\Users\chenkk\Desktop\新建文件夹\净资产收益率和每股收益\920018-2026-04-16-宏远股份-2025年年度报告_mgsy.pdf (文件ID: file-fe-f8018a7c2e54462ca692b59d)
2026-04-17 07:12:54,505 - __main___file_only - INFO - 上传文件: 920018-2026-04-16-宏远股份-2025年年度报告_mgsy.pdf (大小: 0.27 MB, ID: file-fe-f8018a7c2e54462ca692b59d)
2026-04-17 07:12:54,579 - __main__ - INFO - 开始处理: C:\Users\chenkk\Desktop\新建文件夹\920018-2026-04-16-宏远股份-2025年年度报告.pdf
2026-04-17 07:12:54,635 - httpx - INFO - HTTP Request: DELETE https://dashscope.aliyuncs.com/compatible-mode/v1/files/file-fe-afcbdc1f1d584bb2948faf0b "HTTP/1.1 200 OK"
2026-04-17 07:12:55,653 - httpx - INFO - HTTP Request: POST https://dashscope.aliyuncs.com/compatible-mode/v1/chat/completions "HTTP/1.1 200 OK"
2026-04-17 07:12:55,743 - httpx - INFO - HTTP Request: POST https://dashscope.aliyuncs.com/compatible-mode/v1/chat/completions "HTTP/1.1 200 OK"
2026-04-17 07:12:56,528 - httpx - INFO - HTTP Request: POST https://dashscope.aliyuncs.com/compatible-mode/v1/files "HTTP/1.1 200 OK"
2026-04-17 07:12:56,528 - ai_service_enhanced - INFO - 文件上传成功: C:\Users\chenkk\Desktop\新建文件夹\920112-2026-04-16-巴兰仕-2025年年度报告.pdf (文件ID: file-fe-61703fee5b7b4db9b20b993c)
2026-04-17 07:12:56,529 - __main___file_only - INFO - 上传文件: 920112-2026-04-16-巴兰仕-2025年年度报告.pdf (大小: 0.44 MB, ID: file-fe-61703fee5b7b4db9b20b993c)
2026-04-17 07:12:56,593 - httpx - INFO - HTTP Request: POST https://dashscope.aliyuncs.com/compatible-mode/v1/files "HTTP/1.1 200 OK"
2026-04-17 07:12:56,593 - ai_service_enhanced - INFO - 文件上传成功: C:\Users\chenkk\Desktop\新建文件夹\净资产收益率和每股收益\920098-2026-04-16-科隆新材-2025年年度报告_mgsy.pdf (文件ID: file-fe-f33f5f35ea3042589e424575)
2026-04-17 07:12:56,594 - __main___file_only - INFO - 上传文件: 920098-2026-04-16-科隆新材-2025年年度报告_mgsy.pdf (大小: 0.71 MB, ID: file-fe-f33f5f35ea3042589e424575)
2026-04-17 07:12:56,594 - __main__ - INFO - 开始处理: C:\Users\chenkk\Desktop\新建文件夹\920098-2026-04-16-科隆新材-2025年年度报告.pdf
2026-04-17 07:12:56,697 - httpx - INFO - HTTP Request: POST https://dashscope.aliyuncs.com/compatible-mode/v1/chat/completions "HTTP/1.1 200 OK"
2026-04-17 07:12:58,474 - httpx - INFO - HTTP Request: POST https://dashscope.aliyuncs.com/compatible-mode/v1/chat/completions "HTTP/1.1 200 OK"
2026-04-17 07:12:58,513 - httpx - INFO - HTTP Request: POST https://dashscope.aliyuncs.com/compatible-mode/v1/chat/completions "HTTP/1.1 200 OK"
2026-04-17 07:12:58,543 - __main___file_only - INFO - 找到数据: 688148 2026-04-17 (3条)
2026-04-17 07:12:58,543 - __main__ - INFO - 处理成功: 688148-2026-04-17
2026-04-17 07:12:58,543 - __main___file_only - INFO - 处理成功: C:\Users\chenkk\Desktop\新建文件夹\688148-2026-04-17-芳源股份-芳源股份2025年年度报告.pdf (耗时: 27.41秒)
2026-04-17 07:12:58,576 - __main___file_only - INFO - 找到数据: 688173 2026-04-17 (3条)
2026-04-17 07:12:58,577 - __main__ - INFO - 处理成功: 688173-2026-04-17
2026-04-17 07:12:58,577 - __main___file_only - INFO - 处理成功: C:\Users\chenkk\Desktop\新建文件夹\688173-2026-04-17-希荻微-希荻微2025年年度报告.pdf (耗时: 25.44秒)
2026-04-17 07:12:58,694 - httpx - INFO - HTTP Request: POST https://dashscope.aliyuncs.com/compatible-mode/v1/files "HTTP/1.1 200 OK"
2026-04-17 07:12:58,694 - ai_service_enhanced - INFO - 文件上传成功: C:\Users\chenkk\Desktop\新建文件夹\净资产收益率和每股收益\920112-2026-04-16-巴兰仕-2025年年度报告_mgsy.pdf (文件ID: file-fe-4d5481e0ce614d5e88d61b2d)
2026-04-17 07:12:58,695 - __main___file_only - INFO - 上传文件: 920112-2026-04-16-巴兰仕-2025年年度报告_mgsy.pdf (大小: 0.31 MB, ID: file-fe-4d5481e0ce614d5e88d61b2d)
2026-04-17 07:12:58,710 - __main__ - INFO - 开始处理: C:\Users\chenkk\Desktop\新建文件夹\920112-2026-04-16-巴兰仕-2025年年度报告.pdf
2026-04-17 07:12:58,919 - httpx - INFO - HTTP Request: POST https://dashscope.aliyuncs.com/compatible-mode/v1/files "HTTP/1.1 200 OK"
2026-04-17 07:12:58,920 - ai_service_enhanced - INFO - 文件上传成功: C:\Users\chenkk\Desktop\新建文件夹\920119-2026-04-16-美德乐-2025年年度报告.pdf (文件ID: file-fe-43aeb8c28c984bc09c8dfce7)
2026-04-17 07:12:58,920 - __main___file_only - INFO - 上传文件: 920119-2026-04-16-美德乐-2025年年度报告.pdf (大小: 0.47 MB, ID: file-fe-43aeb8c28c984bc09c8dfce7)
2026-04-17 07:12:59,038 - httpx - INFO - HTTP Request: POST https://dashscope.aliyuncs.com/compatible-mode/v1/chat/completions "HTTP/1.1 200 OK"
2026-04-17 07:12:59,194 - httpx - INFO - HTTP Request: DELETE https://dashscope.aliyuncs.com/compatible-mode/v1/files/file-fe-9469db5071a94f8da2e12665 "HTTP/1.1 200 OK"
2026-04-17 07:12:59,253 - httpx - INFO - HTTP Request: DELETE https://dashscope.aliyuncs.com/compatible-mode/v1/files/file-fe-d672c935a91e4ebd87b19b7e "HTTP/1.1 200 OK"
2026-04-17 07:12:59,782 - httpx - INFO - HTTP Request: DELETE https://dashscope.aliyuncs.com/compatible-mode/v1/files/file-fe-74aa8ee48231475c8419a1d9 "HTTP/1.1 200 OK"
2026-04-17 07:12:59,890 - httpx - INFO - HTTP Request: DELETE https://dashscope.aliyuncs.com/compatible-mode/v1/files/file-fe-5079f9502fce4de2bfb316f9 "HTTP/1.1 200 OK"
2026-04-17 07:13:00,534 - httpx - INFO - HTTP Request: POST https://dashscope.aliyuncs.com/compatible-mode/v1/chat/completions "HTTP/1.1 200 OK"
2026-04-17 07:13:00,619 - __main___file_only - INFO - 找到数据: 688296 2026-04-17 (3条)
2026-04-17 07:13:00,620 - __main__ - INFO - 处理成功: 688296-2026-04-17
2026-04-17 07:13:00,620 - __main___file_only - INFO - 处理成功: C:\Users\chenkk\Desktop\新建文件夹\688296-2026-04-17-和达科技-和达科技2025年年度报告.pdf (耗时: 25.40秒)
2026-04-17 07:13:00,821 - httpx - INFO - HTTP Request: POST https://dashscope.aliyuncs.com/compatible-mode/v1/files "HTTP/1.1 200 OK"
2026-04-17 07:13:00,822 - ai_service_enhanced - INFO - 文件上传成功: C:\Users\chenkk\Desktop\新建文件夹\920242-2026-04-16-建邦科技-2025年年度报告.pdf (文件ID: file-fe-939d496db1554f30a6e1d910)
2026-04-17 07:13:00,822 - __main___file_only - INFO - 上传文件: 920242-2026-04-16-建邦科技-2025年年度报告.pdf (大小: 0.45 MB, ID: file-fe-939d496db1554f30a6e1d910)
2026-04-17 07:13:00,874 - httpx - INFO - HTTP Request: POST https://dashscope.aliyuncs.com/compatible-mode/v1/files "HTTP/1.1 200 OK"
2026-04-17 07:13:00,875 - ai_service_enhanced - INFO - 文件上传成功: C:\Users\chenkk\Desktop\新建文件夹\净资产收益率和每股收益\920119-2026-04-16-美德乐-2025年年度报告_mgsy.pdf (文件ID: file-fe-e242554a3b4a4eaea66e5c20)
2026-04-17 07:13:00,875 - __main___file_only - INFO - 上传文件: 920119-2026-04-16-美德乐-2025年年度报告_mgsy.pdf (大小: 0.41 MB, ID: file-fe-e242554a3b4a4eaea66e5c20)
2026-04-17 07:13:00,975 - __main__ - INFO - 开始处理: C:\Users\chenkk\Desktop\新建文件夹\920119-2026-04-16-美德乐-2025年年度报告.pdf
2026-04-17 07:13:01,039 - httpx - INFO - HTTP Request: POST https://dashscope.aliyuncs.com/compatible-mode/v1/chat/completions "HTTP/1.1 200 OK"
2026-04-17 07:13:01,241 - httpx - INFO - HTTP Request: DELETE https://dashscope.aliyuncs.com/compatible-mode/v1/files/file-fe-e232008348c642f890c8f642 "HTTP/1.1 200 OK"
2026-04-17 07:13:01,895 - httpx - INFO - HTTP Request: DELETE https://dashscope.aliyuncs.com/compatible-mode/v1/files/file-fe-4049fa3c9ee940228d2cf9e5 "HTTP/1.1 200 OK"
2026-04-17 07:13:02,946 - httpx - INFO - HTTP Request: POST https://dashscope.aliyuncs.com/compatible-mode/v1/files "HTTP/1.1 200 OK"
2026-04-17 07:13:02,946 - ai_service_enhanced - INFO - 文件上传成功: C:\Users\chenkk\Desktop\新建文件夹\920478-2026-04-16-峆一药业-2025年年度报告.pdf (文件ID: file-fe-85b771251ba24e27b86b2aff)
2026-04-17 07:13:02,947 - __main___file_only - INFO - 上传文件: 920478-2026-04-16-峆一药业-2025年年度报告.pdf (大小: 0.35 MB, ID: file-fe-85b771251ba24e27b86b2aff)
2026-04-17 07:13:02,969 - httpx - INFO - HTTP Request: POST https://dashscope.aliyuncs.com/compatible-mode/v1/files "HTTP/1.1 200 OK"
2026-04-17 07:13:02,970 - ai_service_enhanced - INFO - 文件上传成功: C:\Users\chenkk\Desktop\新建文件夹\净资产收益率和每股收益\920242-2026-04-16-建邦科技-2025年年度报告_mgsy.pdf (文件ID: file-fe-0b321e21a8ef48deaaf80a8a)
2026-04-17 07:13:02,970 - __main___file_only - INFO - 上传文件: 920242-2026-04-16-建邦科技-2025年年度报告_mgsy.pdf (大小: 0.43 MB, ID: file-fe-0b321e21a8ef48deaaf80a8a)
2026-04-17 07:13:02,971 - __main__ - INFO - 开始处理: C:\Users\chenkk\Desktop\新建文件夹\920242-2026-04-16-建邦科技-2025年年度报告.pdf
2026-04-17 07:13:03,618 - httpx - INFO - HTTP Request: POST https://dashscope.aliyuncs.com/compatible-mode/v1/chat/completions "HTTP/1.1 200 OK"
2026-04-17 07:13:03,686 - __main___file_only - INFO - 找到数据: 688377 2026-04-17 (3条)
2026-04-17 07:13:03,686 - __main__ - INFO - 处理成功: 688377-2026-04-17
2026-04-17 07:13:03,686 - __main___file_only - INFO - 处理成功: C:\Users\chenkk\Desktop\新建文件夹\688377-2026-04-17-迪威尔-迪威尔2025年年度报告.pdf (耗时: 24.15秒)
2026-04-17 07:13:04,050 - httpx - INFO - HTTP Request: POST https://dashscope.aliyuncs.com/compatible-mode/v1/chat/completions "HTTP/1.1 200 OK"
2026-04-17 07:13:04,113 - __main___file_only - INFO - 找到数据: 688328 2026-04-17 (3条)
2026-04-17 07:13:04,113 - __main__ - INFO - 处理成功: 688328-2026-04-17
2026-04-17 07:13:04,114 - __main___file_only - INFO - 处理成功: C:\Users\chenkk\Desktop\新建文件夹\688328-2026-04-17-深科达-2025年年度报告.pdf (耗时: 26.64秒)
2026-04-17 07:13:04,319 - httpx - INFO - HTTP Request: DELETE https://dashscope.aliyuncs.com/compatible-mode/v1/files/file-fe-c1364273403c49aba6c7d70c "HTTP/1.1 200 OK"
2026-04-17 07:13:04,763 - httpx - INFO - HTTP Request: DELETE https://dashscope.aliyuncs.com/compatible-mode/v1/files/file-fe-0813a2ad3dc843828e22e236 "HTTP/1.1 200 OK"
2026-04-17 07:13:04,954 - httpx - INFO - HTTP Request: DELETE https://dashscope.aliyuncs.com/compatible-mode/v1/files/file-fe-2cbb3b30c3f04f2a9094a1ec "HTTP/1.1 200 OK"
2026-04-17 07:13:05,030 - httpx - INFO - HTTP Request: POST https://dashscope.aliyuncs.com/compatible-mode/v1/files "HTTP/1.1 200 OK"
2026-04-17 07:13:05,030 - ai_service_enhanced - INFO - 文件上传成功: C:\Users\chenkk\Desktop\新建文件夹\净资产收益率和每股收益\920478-2026-04-16-峆一药业-2025年年度报告_mgsy.pdf (文件ID: file-fe-93fc9210602343ce8993b83b)
2026-04-17 07:13:05,030 - __main___file_only - INFO - 上传文件: 920478-2026-04-16-峆一药业-2025年年度报告_mgsy.pdf (大小: 0.33 MB, ID: file-fe-93fc9210602343ce8993b83b)
2026-04-17 07:13:05,076 - __main__ - INFO - 开始处理: C:\Users\chenkk\Desktop\新建文件夹\920478-2026-04-16-峆一药业-2025年年度报告.pdf
2026-04-17 07:13:05,166 - httpx - INFO - HTTP Request: POST https://dashscope.aliyuncs.com/compatible-mode/v1/files "HTTP/1.1 200 OK"
2026-04-17 07:13:05,167 - ai_service_enhanced - INFO - 文件上传成功: C:\Users\chenkk\Desktop\新建文件夹\920656-2026-04-16-海昇药业-2025年年度报告.pdf (文件ID: file-fe-6fc660410bfb4c9ab640237e)
2026-04-17 07:13:05,167 - __main___file_only - INFO - 上传文件: 920656-2026-04-16-海昇药业-2025年年度报告.pdf (大小: 0.86 MB, ID: file-fe-6fc660410bfb4c9ab640237e)
2026-04-17 07:13:05,368 - httpx - INFO - HTTP Request: DELETE https://dashscope.aliyuncs.com/compatible-mode/v1/files/file-fe-b1e9541673f741ca989ff1c4 "HTTP/1.1 200 OK"
2026-04-17 07:13:05,376 - httpx - INFO - HTTP Request: POST https://dashscope.aliyuncs.com/compatible-mode/v1/chat/completions "HTTP/1.1 200 OK"
2026-04-17 07:13:07,228 - httpx - INFO - HTTP Request: POST https://dashscope.aliyuncs.com/compatible-mode/v1/files "HTTP/1.1 200 OK"
2026-04-17 07:13:07,228 - ai_service_enhanced - INFO - 文件上传成功: C:\Users\chenkk\Desktop\新建文件夹\920770-2026-04-16-艾能聚-2025年年度报告.pdf (文件ID: file-fe-df4fef60723a455892132e41)
2026-04-17 07:13:07,228 - __main___file_only - INFO - 上传文件: 920770-2026-04-16-艾能聚-2025年年度报告.pdf (大小: 0.74 MB, ID: file-fe-df4fef60723a455892132e41)
2026-04-17 07:13:07,229 - httpx - INFO - HTTP Request: POST https://dashscope.aliyuncs.com/compatible-mode/v1/files "HTTP/1.1 200 OK"
2026-04-17 07:13:07,229 - ai_service_enhanced - INFO - 文件上传成功: C:\Users\chenkk\Desktop\新建文件夹\净资产收益率和每股收益\920656-2026-04-16-海昇药业-2025年年度报告_mgsy.pdf (文件ID: file-fe-18617e4d82c04f598ddf4cff)
2026-04-17 07:13:07,229 - __main___file_only - INFO - 上传文件: 920656-2026-04-16-海昇药业-2025年年度报告_mgsy.pdf (大小: 0.40 MB, ID: file-fe-18617e4d82c04f598ddf4cff)
2026-04-17 07:13:07,333 - __main__ - INFO - 开始处理: C:\Users\chenkk\Desktop\新建文件夹\920656-2026-04-16-海昇药业-2025年年度报告.pdf
2026-04-17 07:13:09,026 - httpx - INFO - HTTP Request: POST https://dashscope.aliyuncs.com/compatible-mode/v1/chat/completions "HTTP/1.1 200 OK"
2026-04-17 07:13:09,314 - httpx - INFO - HTTP Request: POST https://dashscope.aliyuncs.com/compatible-mode/v1/chat/completions "HTTP/1.1 200 OK"
2026-04-17 07:13:09,321 - httpx - INFO - HTTP Request: POST https://dashscope.aliyuncs.com/compatible-mode/v1/files "HTTP/1.1 200 OK"
2026-04-17 07:13:09,321 - ai_service_enhanced - INFO - 文件上传成功: C:\Users\chenkk\Desktop\新建文件夹\920819-2026-04-16-颖泰生物-2025年年度报告.pdf (文件ID: file-fe-40a2ef5c25814a15b4be43cb)
2026-04-17 07:13:09,322 - __main___file_only - INFO - 上传文件: 920819-2026-04-16-颖泰生物-2025年年度报告.pdf (大小: 0.93 MB, ID: file-fe-40a2ef5c25814a15b4be43cb)
2026-04-17 07:13:09,334 - httpx - INFO - HTTP Request: POST https://dashscope.aliyuncs.com/compatible-mode/v1/files "HTTP/1.1 200 OK"
2026-04-17 07:13:09,335 - ai_service_enhanced - INFO - 文件上传成功: C:\Users\chenkk\Desktop\新建文件夹\净资产收益率和每股收益\920770-2026-04-16-艾能聚-2025年年度报告_mgsy.pdf (文件ID: file-fe-b8cea5ae09a749f3ab2ca620)
2026-04-17 07:13:09,335 - __main___file_only - INFO - 上传文件: 920770-2026-04-16-艾能聚-2025年年度报告_mgsy.pdf (大小: 0.28 MB, ID: file-fe-b8cea5ae09a749f3ab2ca620)
2026-04-17 07:13:09,335 - __main__ - INFO - 开始处理: C:\Users\chenkk\Desktop\新建文件夹\920770-2026-04-16-艾能聚-2025年年度报告.pdf
2026-04-17 07:13:09,604 - httpx - INFO - HTTP Request: POST https://dashscope.aliyuncs.com/compatible-mode/v1/chat/completions "HTTP/1.1 200 OK"
2026-04-17 07:13:09,684 - __main___file_only - INFO - 找到数据: 688408 2026-04-17 (3条)
2026-04-17 07:13:09,684 - __main__ - INFO - 处理成功: 688408-2026-04-17
2026-04-17 07:13:09,684 - __main___file_only - INFO - 处理成功: C:\Users\chenkk\Desktop\新建文件夹\688408-2026-04-17-中信博-中信博2025年年度报告全文.pdf (耗时: 25.87秒)
2026-04-17 07:13:10,297 - httpx - INFO - HTTP Request: DELETE https://dashscope.aliyuncs.com/compatible-mode/v1/files/file-fe-acbd8babbb404b1ba7bb79df "HTTP/1.1 200 OK"
2026-04-17 07:13:10,499 - httpx - INFO - HTTP Request: POST https://dashscope.aliyuncs.com/compatible-mode/v1/chat/completions "HTTP/1.1 200 OK"
2026-04-17 07:13:10,565 - __main___file_only - INFO - 找到数据: 688401 2026-04-17 (3条)
2026-04-17 07:13:10,565 - __main__ - INFO - 处理成功: 688401-2026-04-17
2026-04-17 07:13:10,565 - __main___file_only - INFO - 处理成功: C:\Users\chenkk\Desktop\新建文件夹\688401-2026-04-17-路维光电-路维光电2025年年度报告.pdf (耗时: 28.75秒)
2026-04-17 07:13:10,911 - httpx - INFO - HTTP Request: DELETE https://dashscope.aliyuncs.com/compatible-mode/v1/files/file-fe-8907ca289c8d4affaf0b88c1 "HTTP/1.1 200 OK"
2026-04-17 07:13:10,932 - httpx - INFO - HTTP Request: POST https://dashscope.aliyuncs.com/compatible-mode/v1/chat/completions "HTTP/1.1 200 OK"
2026-04-17 07:13:10,997 - __main___file_only - INFO - 找到数据: 688510 2026-04-17 (3条)
2026-04-17 07:13:10,998 - __main__ - INFO - 处理成功: 688510-2026-04-17
2026-04-17 07:13:10,998 - __main___file_only - INFO - 处理成功: C:\Users\chenkk\Desktop\新建文件夹\688510-2026-04-17-航亚科技-无锡航亚科技股份有限公司2025年年度报告.pdf (耗时: 24.80秒)
2026-04-17 07:13:11,196 - httpx - INFO - HTTP Request: DELETE https://dashscope.aliyuncs.com/compatible-mode/v1/files/file-fe-8eb47419865941c1a5326be4 "HTTP/1.1 200 OK"
2026-04-17 07:13:11,407 - httpx - INFO - HTTP Request: POST https://dashscope.aliyuncs.com/compatible-mode/v1/files "HTTP/1.1 200 OK"
2026-04-17 07:13:11,408 - ai_service_enhanced - INFO - 文件上传成功: C:\Users\chenkk\Desktop\新建文件夹\920885-2026-04-16-星辰科技-2025年年度报告.pdf (文件ID: file-fe-146516965ba44453842d513a)
2026-04-17 07:13:11,408 - __main___file_only - INFO - 上传文件: 920885-2026-04-16-星辰科技-2025年年度报告.pdf (大小: 0.60 MB, ID: file-fe-146516965ba44453842d513a)
2026-04-17 07:13:11,505 - httpx - INFO - HTTP Request: POST https://dashscope.aliyuncs.com/compatible-mode/v1/files "HTTP/1.1 200 OK"
2026-04-17 07:13:11,506 - ai_service_enhanced - INFO - 文件上传成功: C:\Users\chenkk\Desktop\新建文件夹\净资产收益率和每股收益\920819-2026-04-16-颖泰生物-2025年年度报告_mgsy.pdf (文件ID: file-fe-8b0b910557674572a5a1fb90)
2026-04-17 07:13:11,506 - __main___file_only - INFO - 上传文件: 920819-2026-04-16-颖泰生物-2025年年度报告_mgsy.pdf (大小: 0.53 MB, ID: file-fe-8b0b910557674572a5a1fb90)
2026-04-17 07:13:11,698 - __main__ - INFO - 开始处理: C:\Users\chenkk\Desktop\新建文件夹\920819-2026-04-16-颖泰生物-2025年年度报告.pdf
2026-04-17 07:13:11,704 - httpx - INFO - HTTP Request: DELETE https://dashscope.aliyuncs.com/compatible-mode/v1/files/file-fe-d88fa976ba2641b6a6923eb7 "HTTP/1.1 200 OK"
2026-04-17 07:13:11,974 - httpx - INFO - HTTP Request: DELETE https://dashscope.aliyuncs.com/compatible-mode/v1/files/file-fe-7cbd991989f94fe6b2fc8372 "HTTP/1.1 200 OK"
2026-04-17 07:13:12,302 - httpx - INFO - HTTP Request: DELETE https://dashscope.aliyuncs.com/compatible-mode/v1/files/file-fe-f064573efa7947e4b8ced6b9 "HTTP/1.1 200 OK"
2026-04-17 07:13:12,882 - httpx - INFO - HTTP Request: POST https://dashscope.aliyuncs.com/compatible-mode/v1/chat/completions "HTTP/1.1 200 OK"
2026-04-17 07:13:13,107 - httpx - INFO - HTTP Request: POST https://dashscope.aliyuncs.com/compatible-mode/v1/chat/completions "HTTP/1.1 200 OK"
2026-04-17 07:13:13,518 - httpx - INFO - HTTP Request: POST https://dashscope.aliyuncs.com/compatible-mode/v1/files "HTTP/1.1 200 OK"
2026-04-17 07:13:13,519 - ai_service_enhanced - INFO - 文件上传成功: C:\Users\chenkk\Desktop\新建文件夹\920964-2026-04-16-润农节水-2025年年度报告.pdf (文件ID: file-fe-21756e34eb144dd78672db63)
2026-04-17 07:13:13,519 - __main___file_only - INFO - 上传文件: 920964-2026-04-16-润农节水-2025年年度报告.pdf (大小: 0.57 MB, ID: file-fe-21756e34eb144dd78672db63)
2026-04-17 07:13:13,645 - httpx - INFO - HTTP Request: POST https://dashscope.aliyuncs.com/compatible-mode/v1/files "HTTP/1.1 200 OK"
2026-04-17 07:13:13,646 - ai_service_enhanced - INFO - 文件上传成功: C:\Users\chenkk\Desktop\新建文件夹\净资产收益率和每股收益\920885-2026-04-16-星辰科技-2025年年度报告_mgsy.pdf (文件ID: file-fe-e7fcb936c35b4eeebcd75a10)
2026-04-17 07:13:13,646 - __main___file_only - INFO - 上传文件: 920885-2026-04-16-星辰科技-2025年年度报告_mgsy.pdf (大小: 0.31 MB, ID: file-fe-e7fcb936c35b4eeebcd75a10)
2026-04-17 07:13:13,808 - __main__ - INFO - 开始处理: C:\Users\chenkk\Desktop\新建文件夹\920885-2026-04-16-星辰科技-2025年年度报告.pdf
2026-04-17 07:13:15,022 - httpx - INFO - HTTP Request: POST https://dashscope.aliyuncs.com/compatible-mode/v1/chat/completions "HTTP/1.1 200 OK"
2026-04-17 07:13:15,663 - httpx - INFO - HTTP Request: POST https://dashscope.aliyuncs.com/compatible-mode/v1/chat/completions "HTTP/1.1 200 OK"
2026-04-17 07:13:15,664 - httpx - INFO - HTTP Request: POST https://dashscope.aliyuncs.com/compatible-mode/v1/files "HTTP/1.1 200 OK"
2026-04-17 07:13:15,665 - ai_service_enhanced - INFO - 文件上传成功: C:\Users\chenkk\Desktop\新建文件夹\净资产收益率和每股收益\920964-2026-04-16-润农节水-2025年年度报告_mgsy.pdf (文件ID: file-fe-98d7796d4a2c4678a393e7d5)
2026-04-17 07:13:15,665 - __main___file_only - INFO - 上传文件: 920964-2026-04-16-润农节水-2025年年度报告_mgsy.pdf (大小: 0.29 MB, ID: file-fe-98d7796d4a2c4678a393e7d5)
2026-04-17 07:13:15,729 - __main___file_only - INFO - 找到数据: 688733 2026-04-17 (3条)
2026-04-17 07:13:15,729 - __main__ - INFO - 处理成功: 688733-2026-04-17
2026-04-17 07:13:15,729 - __main___file_only - INFO - 处理成功: C:\Users\chenkk\Desktop\新建文件夹\688733-2026-04-17-壹石通-壹石通2025年年度报告.pdf (耗时: 23.16秒)
2026-04-17 07:13:15,815 - __main__ - INFO - 开始处理: C:\Users\chenkk\Desktop\新建文件夹\920964-2026-04-16-润农节水-2025年年度报告.pdf
2026-04-17 07:13:15,911 - httpx - INFO - HTTP Request: POST https://dashscope.aliyuncs.com/compatible-mode/v1/chat/completions "HTTP/1.1 200 OK"
2026-04-17 07:13:15,977 - __main___file_only - INFO - 找到数据: 688691 2026-04-17 (3条)
2026-04-17 07:13:15,977 - __main__ - INFO - 处理成功: 688691-2026-04-17
2026-04-17 07:13:15,977 - __main___file_only - INFO - 处理成功: C:\Users\chenkk\Desktop\新建文件夹\688691-2026-04-17-灿芯股份-2025年年度报告.pdf (耗时: 27.39秒)
2026-04-17 07:13:16,346 - httpx - INFO - HTTP Request: DELETE https://dashscope.aliyuncs.com/compatible-mode/v1/files/file-fe-0164c4aa56c645c89c994762 "HTTP/1.1 200 OK"
2026-04-17 07:13:16,612 - httpx - INFO - HTTP Request: DELETE https://dashscope.aliyuncs.com/compatible-mode/v1/files/file-fe-647f77c4574c473c8c8065a9 "HTTP/1.1 200 OK"
2026-04-17 07:13:16,956 - httpx - INFO - HTTP Request: POST https://dashscope.aliyuncs.com/compatible-mode/v1/chat/completions "HTTP/1.1 200 OK"
2026-04-17 07:13:17,015 - httpx - INFO - HTTP Request: DELETE https://dashscope.aliyuncs.com/compatible-mode/v1/files/file-fe-f6c78a2f71024d81b27be7f4 "HTTP/1.1 200 OK"
2026-04-17 07:13:17,022 - __main___file_only - INFO - 找到数据: 688697 2026-04-17 (3条)
2026-04-17 07:13:17,022 - __main__ - INFO - 处理成功: 688697-2026-04-17
2026-04-17 07:13:17,022 - __main___file_only - INFO - 处理成功: C:\Users\chenkk\Desktop\新建文件夹\688697-2026-04-17-纽威数控-纽威数控2025年年度报告.pdf (耗时: 26.83秒)
2026-04-17 07:13:17,253 - httpx - INFO - HTTP Request: DELETE https://dashscope.aliyuncs.com/compatible-mode/v1/files/file-fe-9842b75aab1547ada4e2f86d "HTTP/1.1 200 OK"
2026-04-17 07:13:17,520 - httpx - INFO - HTTP Request: POST https://dashscope.aliyuncs.com/compatible-mode/v1/chat/completions "HTTP/1.1 200 OK"
2026-04-17 07:13:17,655 - httpx - INFO - HTTP Request: DELETE https://dashscope.aliyuncs.com/compatible-mode/v1/files/file-fe-0457c3dea9484e4091c16485 "HTTP/1.1 200 OK"
2026-04-17 07:13:18,273 - httpx - INFO - HTTP Request: DELETE https://dashscope.aliyuncs.com/compatible-mode/v1/files/file-fe-cc11a597f2e04d75a789eceb "HTTP/1.1 200 OK"
2026-04-17 07:13:20,150 - httpx - INFO - HTTP Request: POST https://dashscope.aliyuncs.com/compatible-mode/v1/chat/completions "HTTP/1.1 200 OK"
2026-04-17 07:13:20,837 - httpx - INFO - HTTP Request: POST https://dashscope.aliyuncs.com/compatible-mode/v1/chat/completions "HTTP/1.1 200 OK"
2026-04-17 07:13:20,901 - __main___file_only - INFO - 找到数据: 920098 2026-04-16 (3条)
2026-04-17 07:13:20,901 - __main__ - INFO - 处理成功: 920098-2026-04-16
2026-04-17 07:13:20,901 - __main___file_only - INFO - 处理成功: C:\Users\chenkk\Desktop\新建文件夹\920098-2026-04-16-科隆新材-2025年年度报告.pdf (耗时: 24.31秒)
2026-04-17 07:13:20,992 - httpx - INFO - HTTP Request: POST https://dashscope.aliyuncs.com/compatible-mode/v1/chat/completions "HTTP/1.1 200 OK"
2026-04-17 07:13:21,492 - httpx - INFO - HTTP Request: DELETE https://dashscope.aliyuncs.com/compatible-mode/v1/files/file-fe-8fe07f8f54874d06a3413180 "HTTP/1.1 200 OK"
2026-04-17 07:13:22,176 - httpx - INFO - HTTP Request: DELETE https://dashscope.aliyuncs.com/compatible-mode/v1/files/file-fe-f33f5f35ea3042589e424575 "HTTP/1.1 200 OK"
2026-04-17 07:13:22,694 - httpx - INFO - HTTP Request: POST https://dashscope.aliyuncs.com/compatible-mode/v1/chat/completions "HTTP/1.1 200 OK"
2026-04-17 07:13:22,756 - __main___file_only - INFO - 找到数据: 920018 2026-04-16 (3条)
2026-04-17 07:13:22,756 - __main__ - INFO - 处理成功: 920018-2026-04-16
2026-04-17 07:13:22,757 - __main___file_only - INFO - 处理成功: C:\Users\chenkk\Desktop\新建文件夹\920018-2026-04-16-宏远股份-2025年年度报告.pdf (耗时: 28.18秒)
2026-04-17 07:13:23,367 - httpx - INFO - HTTP Request: POST https://dashscope.aliyuncs.com/compatible-mode/v1/chat/completions "HTTP/1.1 200 OK"
2026-04-17 07:13:23,428 - __main___file_only - INFO - 找到数据: 920112 2026-04-16 (3条)
2026-04-17 07:13:23,428 - __main__ - INFO - 处理成功: 920112-2026-04-16
2026-04-17 07:13:23,428 - __main___file_only - INFO - 处理成功: C:\Users\chenkk\Desktop\新建文件夹\920112-2026-04-16-巴兰仕-2025年年度报告.pdf (耗时: 24.72秒)
2026-04-17 07:13:23,443 - httpx - INFO - HTTP Request: DELETE https://dashscope.aliyuncs.com/compatible-mode/v1/files/file-fe-6f1329c473c245ef8110c5e9 "HTTP/1.1 200 OK"
2026-04-17 07:13:24,061 - httpx - INFO - HTTP Request: DELETE https://dashscope.aliyuncs.com/compatible-mode/v1/files/file-fe-f8018a7c2e54462ca692b59d "HTTP/1.1 200 OK"
2026-04-17 07:13:24,081 - httpx - INFO - HTTP Request: DELETE https://dashscope.aliyuncs.com/compatible-mode/v1/files/file-fe-61703fee5b7b4db9b20b993c "HTTP/1.1 200 OK"
2026-04-17 07:13:24,814 - httpx - INFO - HTTP Request: DELETE https://dashscope.aliyuncs.com/compatible-mode/v1/files/file-fe-4d5481e0ce614d5e88d61b2d "HTTP/1.1 200 OK"
2026-04-17 07:13:27,829 - httpx - INFO - HTTP Request: POST https://dashscope.aliyuncs.com/compatible-mode/v1/chat/completions "HTTP/1.1 200 OK"
2026-04-17 07:13:27,893 - __main___file_only - INFO - 找到数据: 920119 2026-04-16 (3条)
2026-04-17 07:13:27,893 - __main__ - INFO - 处理成功: 920119-2026-04-16
2026-04-17 07:13:27,893 - __main___file_only - INFO - 处理成功: C:\Users\chenkk\Desktop\新建文件夹\920119-2026-04-16-美德乐-2025年年度报告.pdf (耗时: 26.92秒)
2026-04-17 07:13:28,650 - httpx - INFO - HTTP Request: DELETE https://dashscope.aliyuncs.com/compatible-mode/v1/files/file-fe-43aeb8c28c984bc09c8dfce7 "HTTP/1.1 200 OK"
2026-04-17 07:13:29,388 - httpx - INFO - HTTP Request: DELETE https://dashscope.aliyuncs.com/compatible-mode/v1/files/file-fe-e242554a3b4a4eaea66e5c20 "HTTP/1.1 200 OK"
2026-04-17 07:13:29,856 - httpx - INFO - HTTP Request: POST https://dashscope.aliyuncs.com/compatible-mode/v1/chat/completions "HTTP/1.1 200 OK"
2026-04-17 07:13:29,925 - __main___file_only - INFO - 找到数据: 920242 2026-04-16 (3条)
2026-04-17 07:13:29,926 - __main__ - INFO - 处理成功: 920242-2026-04-16
2026-04-17 07:13:29,926 - __main___file_only - INFO - 处理成功: C:\Users\chenkk\Desktop\新建文件夹\920242-2026-04-16-建邦科技-2025年年度报告.pdf (耗时: 26.96秒)
2026-04-17 07:13:30,048 - httpx - INFO - HTTP Request: POST https://dashscope.aliyuncs.com/compatible-mode/v1/chat/completions "HTTP/1.1 200 OK"
2026-04-17 07:13:30,111 - __main___file_only - INFO - 找到数据: 920478 2026-04-16 (3条)
2026-04-17 07:13:30,111 - __main__ - INFO - 处理成功: 920478-2026-04-16
2026-04-17 07:13:30,111 - __main___file_only - INFO - 处理成功: C:\Users\chenkk\Desktop\新建文件夹\920478-2026-04-16-峆一药业-2025年年度报告.pdf (耗时: 25.03秒)
2026-04-17 07:13:30,560 - httpx - INFO - HTTP Request: DELETE https://dashscope.aliyuncs.com/compatible-mode/v1/files/file-fe-939d496db1554f30a6e1d910 "HTTP/1.1 200 OK"
2026-04-17 07:13:30,888 - httpx - INFO - HTTP Request: DELETE https://dashscope.aliyuncs.com/compatible-mode/v1/files/file-fe-85b771251ba24e27b86b2aff "HTTP/1.1 200 OK"
2026-04-17 07:13:31,202 - httpx - INFO - HTTP Request: DELETE https://dashscope.aliyuncs.com/compatible-mode/v1/files/file-fe-0b321e21a8ef48deaaf80a8a "HTTP/1.1 200 OK"
2026-04-17 07:13:31,560 - httpx - INFO - HTTP Request: DELETE https://dashscope.aliyuncs.com/compatible-mode/v1/files/file-fe-93fc9210602343ce8993b83b "HTTP/1.1 200 OK"
2026-04-17 07:13:33,368 - httpx - INFO - HTTP Request: POST https://dashscope.aliyuncs.com/compatible-mode/v1/chat/completions "HTTP/1.1 200 OK"
2026-04-17 07:13:33,430 - __main___file_only - INFO - 找到数据: 920656 2026-04-16 (3条)
2026-04-17 07:13:33,430 - __main__ - INFO - 处理成功: 920656-2026-04-16
2026-04-17 07:13:33,430 - __main___file_only - INFO - 处理成功: C:\Users\chenkk\Desktop\新建文件夹\920656-2026-04-16-海昇药业-2025年年度报告.pdf (耗时: 26.10秒)
2026-04-17 07:13:34,064 - httpx - INFO - HTTP Request: DELETE https://dashscope.aliyuncs.com/compatible-mode/v1/files/file-fe-6fc660410bfb4c9ab640237e "HTTP/1.1 200 OK"
2026-04-17 07:13:34,651 - httpx - INFO - HTTP Request: DELETE https://dashscope.aliyuncs.com/compatible-mode/v1/files/file-fe-18617e4d82c04f598ddf4cff "HTTP/1.1 200 OK"
2026-04-17 07:13:34,912 - httpx - INFO - HTTP Request: POST https://dashscope.aliyuncs.com/compatible-mode/v1/chat/completions "HTTP/1.1 200 OK"
2026-04-17 07:13:34,982 - __main___file_only - INFO - 找到数据: 920770 2026-04-16 (3条)
2026-04-17 07:13:34,982 - __main__ - INFO - 处理成功: 920770-2026-04-16
2026-04-17 07:13:34,982 - __main___file_only - INFO - 处理成功: C:\Users\chenkk\Desktop\新建文件夹\920770-2026-04-16-艾能聚-2025年年度报告.pdf (耗时: 25.65秒)
2026-04-17 07:13:35,583 - httpx - INFO - HTTP Request: DELETE https://dashscope.aliyuncs.com/compatible-mode/v1/files/file-fe-df4fef60723a455892132e41 "HTTP/1.1 200 OK"
2026-04-17 07:13:36,186 - httpx - INFO - HTTP Request: DELETE https://dashscope.aliyuncs.com/compatible-mode/v1/files/file-fe-b8cea5ae09a749f3ab2ca620 "HTTP/1.1 200 OK"
2026-04-17 07:13:38,749 - httpx - INFO - HTTP Request: POST https://dashscope.aliyuncs.com/compatible-mode/v1/chat/completions "HTTP/1.1 200 OK"
2026-04-17 07:13:38,823 - __main___file_only - INFO - 找到数据: 920885 2026-04-16 (3条)
2026-04-17 07:13:38,823 - __main__ - INFO - 处理成功: 920885-2026-04-16
2026-04-17 07:13:38,823 - __main___file_only - INFO - 处理成功: C:\Users\chenkk\Desktop\新建文件夹\920885-2026-04-16-星辰科技-2025年年度报告.pdf (耗时: 25.02秒)
2026-04-17 07:13:39,513 - httpx - INFO - HTTP Request: DELETE https://dashscope.aliyuncs.com/compatible-mode/v1/files/file-fe-146516965ba44453842d513a "HTTP/1.1 200 OK"
2026-04-17 07:13:40,159 - httpx - INFO - HTTP Request: DELETE https://dashscope.aliyuncs.com/compatible-mode/v1/files/file-fe-e7fcb936c35b4eeebcd75a10 "HTTP/1.1 200 OK"
2026-04-17 07:13:40,511 - httpx - INFO - HTTP Request: POST https://dashscope.aliyuncs.com/compatible-mode/v1/chat/completions "HTTP/1.1 200 OK"
2026-04-17 07:13:40,583 - __main___file_only - INFO - 找到数据: 920819 2026-04-16 (3条)
2026-04-17 07:13:40,583 - __main__ - INFO - 处理成功: 920819-2026-04-16
2026-04-17 07:13:40,583 - __main___file_only - INFO - 处理成功: C:\Users\chenkk\Desktop\新建文件夹\920819-2026-04-16-颖泰生物-2025年年度报告.pdf (耗时: 28.88秒)
2026-04-17 07:13:41,197 - httpx - INFO - HTTP Request: POST https://dashscope.aliyuncs.com/compatible-mode/v1/chat/completions "HTTP/1.1 200 OK"
2026-04-17 07:13:41,197 - httpx - INFO - HTTP Request: DELETE https://dashscope.aliyuncs.com/compatible-mode/v1/files/file-fe-40a2ef5c25814a15b4be43cb "HTTP/1.1 200 OK"
2026-04-17 07:13:41,341 - __main___file_only - INFO - 找到数据: 920964 2026-04-16 (3条)
2026-04-17 07:13:41,342 - __main__ - INFO - 处理成功: 920964-2026-04-16
2026-04-17 07:13:41,342 - __main___file_only - INFO - 处理成功: C:\Users\chenkk\Desktop\新建文件夹\920964-2026-04-16-润农节水-2025年年度报告.pdf (耗时: 25.53秒)
2026-04-17 07:13:41,779 - httpx - INFO - HTTP Request: DELETE https://dashscope.aliyuncs.com/compatible-mode/v1/files/file-fe-8b0b910557674572a5a1fb90 "HTTP/1.1 200 OK"
2026-04-17 07:13:41,986 - httpx - INFO - HTTP Request: DELETE https://dashscope.aliyuncs.com/compatible-mode/v1/files/file-fe-21756e34eb144dd78672db63 "HTTP/1.1 200 OK"
2026-04-17 07:13:42,599 - httpx - INFO - HTTP Request: DELETE https://dashscope.aliyuncs.com/compatible-mode/v1/files/file-fe-98d7796d4a2c4678a393e7d5 "HTTP/1.1 200 OK"
2026-04-17 07:13:42,651 - __main__ - INFO - 开始关闭线程池...
2026-04-17 07:13:42,672 - __main__ - INFO - 所有线程池已关闭
2026-04-17 07:13:42,809 - __main__ - INFO - 程序执行完成 - 总耗时: 0:04:43.761594
