2026-04-16 07:10:50,621 - __main__ - INFO - 程序开始执行 - 目录: C:\Users\chenkk\Desktop\新建文件夹, 模块一文件数量: 82, 模块二文件数量: 82
2026-04-16 07:10:50,624 - __main__ - INFO - 文件配对完成: 模块一文件 82 个, 模块二文件 82 个, 配对结果 82 组
2026-04-16 07:10:51,771 - httpx - INFO - HTTP Request: POST https://dashscope.aliyuncs.com/compatible-mode/v1/files "HTTP/1.1 200 OK"
2026-04-16 07:10:51,772 - ai_service_enhanced - INFO - 文件上传成功: C:\Users\chenkk\Desktop\新建文件夹\000533-2026-04-16-顺钠股份-2025年年度报告.pdf (文件ID: file-fe-59d50556abeb42ddad995904)
2026-04-16 07:10:51,772 - __main___file_only - INFO - 上传文件: 000533-2026-04-16-顺钠股份-2025年年度报告.pdf (大小: 0.32 MB, ID: file-fe-59d50556abeb42ddad995904)
2026-04-16 07:10:51,985 - httpx - INFO - HTTP Request: POST https://dashscope.aliyuncs.com/compatible-mode/v1/files "HTTP/1.1 200 OK"
2026-04-16 07:10:51,985 - ai_service_enhanced - INFO - 文件上传成功: C:\Users\chenkk\Desktop\新建文件夹\净资产收益率和每股收益\000533-2026-04-16-顺钠股份-2025年年度报告_mgsy.pdf (文件ID: file-fe-46e734cefe2e44ea82299e9c)
2026-04-16 07:10:51,986 - __main___file_only - INFO - 上传文件: 000533-2026-04-16-顺钠股份-2025年年度报告_mgsy.pdf (大小: 0.31 MB, ID: file-fe-46e734cefe2e44ea82299e9c)
2026-04-16 07:10:52,133 - __main__ - INFO - 开始处理: C:\Users\chenkk\Desktop\新建文件夹\000533-2026-04-16-顺钠股份-2025年年度报告.pdf
2026-04-16 07:10:52,323 - httpx - INFO - HTTP Request: POST https://dashscope.aliyuncs.com/compatible-mode/v1/files "HTTP/1.1 200 OK"
2026-04-16 07:10:52,324 - ai_service_enhanced - INFO - 文件上传成功: C:\Users\chenkk\Desktop\新建文件夹\002001-2026-04-16-新和成-2025年年度报告.pdf (文件ID: file-fe-3339e1d92c424a9698098806)
2026-04-16 07:10:52,324 - __main___file_only - INFO - 上传文件: 002001-2026-04-16-新和成-2025年年度报告.pdf (大小: 0.39 MB, ID: file-fe-3339e1d92c424a9698098806)
2026-04-16 07:10:52,936 - httpx - INFO - HTTP Request: POST https://dashscope.aliyuncs.com/compatible-mode/v1/files "HTTP/1.1 200 OK"
2026-04-16 07:10:52,937 - ai_service_enhanced - INFO - 文件上传成功: C:\Users\chenkk\Desktop\新建文件夹\净资产收益率和每股收益\002001-2026-04-16-新和成-2025年年度报告_mgsy.pdf (文件ID: file-fe-4d54cf7a49ed4287837de1b1)
2026-04-16 07:10:52,937 - __main___file_only - INFO - 上传文件: 002001-2026-04-16-新和成-2025年年度报告_mgsy.pdf (大小: 0.38 MB, ID: file-fe-4d54cf7a49ed4287837de1b1)
2026-04-16 07:10:53,191 - __main__ - INFO - 开始处理: C:\Users\chenkk\Desktop\新建文件夹\002001-2026-04-16-新和成-2025年年度报告.pdf
2026-04-16 07:10:53,540 - httpx - INFO - HTTP Request: POST https://dashscope.aliyuncs.com/compatible-mode/v1/files "HTTP/1.1 200 OK"
2026-04-16 07:10:53,540 - ai_service_enhanced - INFO - 文件上传成功: C:\Users\chenkk\Desktop\新建文件夹\002180-2026-04-15-纳思达-2025年年度报告.pdf (文件ID: file-fe-328344fe70ef42b0b646f8df)
2026-04-16 07:10:53,541 - __main___file_only - INFO - 上传文件: 002180-2026-04-15-纳思达-2025年年度报告.pdf (大小: 0.26 MB, ID: file-fe-328344fe70ef42b0b646f8df)
2026-04-16 07:10:54,792 - httpx - INFO - HTTP Request: POST https://dashscope.aliyuncs.com/compatible-mode/v1/files "HTTP/1.1 200 OK"
2026-04-16 07:10:54,792 - ai_service_enhanced - INFO - 文件上传成功: C:\Users\chenkk\Desktop\新建文件夹\净资产收益率和每股收益\002180-2026-04-15-纳思达-2025年年度报告_mgsy.pdf (文件ID: file-fe-31f032dd85cc4c73bc286add)
2026-04-16 07:10:54,792 - __main___file_only - INFO - 上传文件: 002180-2026-04-15-纳思达-2025年年度报告_mgsy.pdf (大小: 0.25 MB, ID: file-fe-31f032dd85cc4c73bc286add)
2026-04-16 07:10:55,048 - __main__ - INFO - 开始处理: C:\Users\chenkk\Desktop\新建文件夹\002180-2026-04-15-纳思达-2025年年度报告.pdf
2026-04-16 07:10:55,384 - httpx - INFO - HTTP Request: POST https://dashscope.aliyuncs.com/compatible-mode/v1/files "HTTP/1.1 200 OK"
2026-04-16 07:10:55,384 - ai_service_enhanced - INFO - 文件上传成功: C:\Users\chenkk\Desktop\新建文件夹\002344-2026-04-16-海宁皮城-2025年年度报告.pdf (文件ID: file-fe-16e72453f19e40eb93cc3f6e)
2026-04-16 07:10:55,384 - __main___file_only - INFO - 上传文件: 002344-2026-04-16-海宁皮城-2025年年度报告.pdf (大小: 0.31 MB, ID: file-fe-16e72453f19e40eb93cc3f6e)
2026-04-16 07:10:55,439 - httpx - INFO - HTTP Request: POST https://dashscope.aliyuncs.com/compatible-mode/v1/chat/completions "HTTP/1.1 200 OK"
2026-04-16 07:10:56,334 - httpx - INFO - HTTP Request: POST https://dashscope.aliyuncs.com/compatible-mode/v1/files "HTTP/1.1 200 OK"
2026-04-16 07:10:56,335 - ai_service_enhanced - INFO - 文件上传成功: C:\Users\chenkk\Desktop\新建文件夹\净资产收益率和每股收益\002344-2026-04-16-海宁皮城-2025年年度报告_mgsy.pdf (文件ID: file-fe-8676428d44ab4788a8635dd9)
2026-04-16 07:10:56,335 - __main___file_only - INFO - 上传文件: 002344-2026-04-16-海宁皮城-2025年年度报告_mgsy.pdf (大小: 0.32 MB, ID: file-fe-8676428d44ab4788a8635dd9)
2026-04-16 07:10:56,369 - __main__ - INFO - 开始处理: C:\Users\chenkk\Desktop\新建文件夹\002344-2026-04-16-海宁皮城-2025年年度报告.pdf
2026-04-16 07:10:56,476 - httpx - INFO - HTTP Request: POST https://dashscope.aliyuncs.com/compatible-mode/v1/chat/completions "HTTP/1.1 200 OK"
2026-04-16 07:10:57,469 - httpx - INFO - HTTP Request: POST https://dashscope.aliyuncs.com/compatible-mode/v1/files "HTTP/1.1 200 OK"
2026-04-16 07:10:57,470 - ai_service_enhanced - INFO - 文件上传成功: C:\Users\chenkk\Desktop\新建文件夹\002407-2026-04-16-多氟多-2025年年度报告.pdf (文件ID: file-fe-a4858b215c98468093e4fbf8)
2026-04-16 07:10:57,470 - __main___file_only - INFO - 上传文件: 002407-2026-04-16-多氟多-2025年年度报告.pdf (大小: 0.39 MB, ID: file-fe-a4858b215c98468093e4fbf8)
2026-04-16 07:10:58,057 - httpx - INFO - HTTP Request: POST https://dashscope.aliyuncs.com/compatible-mode/v1/files "HTTP/1.1 200 OK"
2026-04-16 07:10:58,058 - ai_service_enhanced - INFO - 文件上传成功: C:\Users\chenkk\Desktop\新建文件夹\净资产收益率和每股收益\002407-2026-04-16-多氟多-2025年年度报告_mgsy.pdf (文件ID: file-fe-6432b7e4ec6a4afeb17a3af6)
2026-04-16 07:10:58,058 - __main___file_only - INFO - 上传文件: 002407-2026-04-16-多氟多-2025年年度报告_mgsy.pdf (大小: 0.34 MB, ID: file-fe-6432b7e4ec6a4afeb17a3af6)
2026-04-16 07:10:58,219 - __main__ - INFO - 开始处理: C:\Users\chenkk\Desktop\新建文件夹\002407-2026-04-16-多氟多-2025年年度报告.pdf
2026-04-16 07:10:58,774 - httpx - INFO - HTTP Request: POST https://dashscope.aliyuncs.com/compatible-mode/v1/chat/completions "HTTP/1.1 200 OK"
2026-04-16 07:10:59,916 - httpx - INFO - HTTP Request: POST https://dashscope.aliyuncs.com/compatible-mode/v1/files "HTTP/1.1 200 OK"
2026-04-16 07:10:59,917 - ai_service_enhanced - INFO - 文件上传成功: C:\Users\chenkk\Desktop\新建文件夹\002628-2026-04-16-成都路桥-2025年年度报告.pdf (文件ID: file-fe-e72decfa5ecb4b358218a20c)
2026-04-16 07:10:59,917 - __main___file_only - INFO - 上传文件: 002628-2026-04-16-成都路桥-2025年年度报告.pdf (大小: 0.34 MB, ID: file-fe-e72decfa5ecb4b358218a20c)
2026-04-16 07:11:00,444 - httpx - INFO - HTTP Request: POST https://dashscope.aliyuncs.com/compatible-mode/v1/files "HTTP/1.1 200 OK"
2026-04-16 07:11:00,445 - ai_service_enhanced - INFO - 文件上传成功: C:\Users\chenkk\Desktop\新建文件夹\净资产收益率和每股收益\002628-2026-04-16-成都路桥-2025年年度报告_mgsy.pdf (文件ID: file-fe-3c0f67f4af0d45b49f2a1a76)
2026-04-16 07:11:00,445 - __main___file_only - INFO - 上传文件: 002628-2026-04-16-成都路桥-2025年年度报告_mgsy.pdf (大小: 0.35 MB, ID: file-fe-3c0f67f4af0d45b49f2a1a76)
2026-04-16 07:11:00,636 - __main__ - INFO - 开始处理: C:\Users\chenkk\Desktop\新建文件夹\002628-2026-04-16-成都路桥-2025年年度报告.pdf
2026-04-16 07:11:00,774 - httpx - INFO - HTTP Request: POST https://dashscope.aliyuncs.com/compatible-mode/v1/chat/completions "HTTP/1.1 200 OK"
2026-04-16 07:11:02,260 - httpx - INFO - HTTP Request: POST https://dashscope.aliyuncs.com/compatible-mode/v1/files "HTTP/1.1 200 OK"
2026-04-16 07:11:02,261 - ai_service_enhanced - INFO - 文件上传成功: C:\Users\chenkk\Desktop\新建文件夹\002629-2026-04-16-仁智股份-2025年年度报告.pdf (文件ID: file-fe-722c12dd293f4662b7c3988a)
2026-04-16 07:11:02,261 - __main___file_only - INFO - 上传文件: 002629-2026-04-16-仁智股份-2025年年度报告.pdf (大小: 0.26 MB, ID: file-fe-722c12dd293f4662b7c3988a)
2026-04-16 07:11:02,517 - httpx - INFO - HTTP Request: POST https://dashscope.aliyuncs.com/compatible-mode/v1/files "HTTP/1.1 200 OK"
2026-04-16 07:11:02,517 - ai_service_enhanced - INFO - 文件上传成功: C:\Users\chenkk\Desktop\新建文件夹\净资产收益率和每股收益\002629-2026-04-16-仁智股份-2025年年度报告_mgsy.pdf (文件ID: file-fe-4ae9197f036d49469bb51b11)
2026-04-16 07:11:02,517 - __main___file_only - INFO - 上传文件: 002629-2026-04-16-仁智股份-2025年年度报告_mgsy.pdf (大小: 0.26 MB, ID: file-fe-4ae9197f036d49469bb51b11)
2026-04-16 07:11:02,569 - httpx - INFO - HTTP Request: POST https://dashscope.aliyuncs.com/compatible-mode/v1/chat/completions "HTTP/1.1 200 OK"
2026-04-16 07:11:02,754 - __main__ - INFO - 开始处理: C:\Users\chenkk\Desktop\新建文件夹\002629-2026-04-16-仁智股份-2025年年度报告.pdf
2026-04-16 07:11:04,450 - httpx - INFO - HTTP Request: POST https://dashscope.aliyuncs.com/compatible-mode/v1/files "HTTP/1.1 200 OK"
2026-04-16 07:11:04,450 - ai_service_enhanced - INFO - 文件上传成功: C:\Users\chenkk\Desktop\新建文件夹\净资产收益率和每股收益\002762-2026-04-16-ST金比-2025年年度报告_mgsy.pdf (文件ID: file-fe-e3a2ed02d3a949ff827d3f54)
2026-04-16 07:11:04,451 - __main___file_only - INFO - 上传文件: 002762-2026-04-16-ST金比-2025年年度报告_mgsy.pdf (大小: 0.51 MB, ID: file-fe-e3a2ed02d3a949ff827d3f54)
2026-04-16 07:11:04,556 - httpx - INFO - HTTP Request: POST https://dashscope.aliyuncs.com/compatible-mode/v1/files "HTTP/1.1 200 OK"
2026-04-16 07:11:04,556 - ai_service_enhanced - INFO - 文件上传成功: C:\Users\chenkk\Desktop\新建文件夹\002762-2026-04-16-ST金比-2025年年度报告.pdf (文件ID: file-fe-95a8d543b9864d7fb1823db6)
2026-04-16 07:11:04,557 - __main___file_only - INFO - 上传文件: 002762-2026-04-16-ST金比-2025年年度报告.pdf (大小: 0.73 MB, ID: file-fe-95a8d543b9864d7fb1823db6)
2026-04-16 07:11:04,557 - __main__ - INFO - 开始处理: C:\Users\chenkk\Desktop\新建文件夹\002762-2026-04-16-ST金比-2025年年度报告.pdf
2026-04-16 07:11:06,066 - httpx - INFO - HTTP Request: POST https://dashscope.aliyuncs.com/compatible-mode/v1/chat/completions "HTTP/1.1 200 OK"
2026-04-16 07:11:06,477 - httpx - INFO - HTTP Request: POST https://dashscope.aliyuncs.com/compatible-mode/v1/files "HTTP/1.1 200 OK"
2026-04-16 07:11:06,478 - ai_service_enhanced - INFO - 文件上传成功: C:\Users\chenkk\Desktop\新建文件夹\净资产收益率和每股收益\002823-2026-04-16-凯中精密-2025年年度报告_mgsy.pdf (文件ID: file-fe-2878f98f0bd04ef0ad04cb3c)
2026-04-16 07:11:06,478 - __main___file_only - INFO - 上传文件: 002823-2026-04-16-凯中精密-2025年年度报告_mgsy.pdf (大小: 0.32 MB, ID: file-fe-2878f98f0bd04ef0ad04cb3c)
2026-04-16 07:11:06,802 - httpx - INFO - HTTP Request: POST https://dashscope.aliyuncs.com/compatible-mode/v1/files "HTTP/1.1 200 OK"
2026-04-16 07:11:06,802 - ai_service_enhanced - INFO - 文件上传成功: C:\Users\chenkk\Desktop\新建文件夹\002823-2026-04-16-凯中精密-2025年年度报告.pdf (文件ID: file-fe-983d858f288b48288ff53abe)
2026-04-16 07:11:06,802 - __main___file_only - INFO - 上传文件: 002823-2026-04-16-凯中精密-2025年年度报告.pdf (大小: 0.33 MB, ID: file-fe-983d858f288b48288ff53abe)
2026-04-16 07:11:06,932 - __main__ - INFO - 开始处理: C:\Users\chenkk\Desktop\新建文件夹\002823-2026-04-16-凯中精密-2025年年度报告.pdf
2026-04-16 07:11:08,065 - httpx - INFO - HTTP Request: POST https://dashscope.aliyuncs.com/compatible-mode/v1/chat/completions "HTTP/1.1 200 OK"
2026-04-16 07:11:08,639 - httpx - INFO - HTTP Request: POST https://dashscope.aliyuncs.com/compatible-mode/v1/files "HTTP/1.1 200 OK"
2026-04-16 07:11:08,640 - ai_service_enhanced - INFO - 文件上传成功: C:\Users\chenkk\Desktop\新建文件夹\002896-2026-04-16-中大力德-2025年年度报告.pdf (文件ID: file-fe-3ed72bc229cf480d96359c9a)
2026-04-16 07:11:08,640 - __main___file_only - INFO - 上传文件: 002896-2026-04-16-中大力德-2025年年度报告.pdf (大小: 0.29 MB, ID: file-fe-3ed72bc229cf480d96359c9a)
2026-04-16 07:11:08,888 - httpx - INFO - HTTP Request: POST https://dashscope.aliyuncs.com/compatible-mode/v1/files "HTTP/1.1 200 OK"
2026-04-16 07:11:08,889 - ai_service_enhanced - INFO - 文件上传成功: C:\Users\chenkk\Desktop\新建文件夹\净资产收益率和每股收益\002896-2026-04-16-中大力德-2025年年度报告_mgsy.pdf (文件ID: file-fe-37f1bf1cbdbc43b0a66b4bff)
2026-04-16 07:11:08,889 - __main___file_only - INFO - 上传文件: 002896-2026-04-16-中大力德-2025年年度报告_mgsy.pdf (大小: 0.28 MB, ID: file-fe-37f1bf1cbdbc43b0a66b4bff)
2026-04-16 07:11:09,053 - __main__ - INFO - 开始处理: C:\Users\chenkk\Desktop\新建文件夹\002896-2026-04-16-中大力德-2025年年度报告.pdf
2026-04-16 07:11:10,774 - httpx - INFO - HTTP Request: POST https://dashscope.aliyuncs.com/compatible-mode/v1/files "HTTP/1.1 200 OK"
2026-04-16 07:11:10,775 - ai_service_enhanced - INFO - 文件上传成功: C:\Users\chenkk\Desktop\新建文件夹\002949-2026-04-16-华阳国际-2025年年度报告.pdf (文件ID: file-fe-fd030acc081849c7a1f136f5)
2026-04-16 07:11:10,775 - __main___file_only - INFO - 上传文件: 002949-2026-04-16-华阳国际-2025年年度报告.pdf (大小: 0.33 MB, ID: file-fe-fd030acc081849c7a1f136f5)
2026-04-16 07:11:11,034 - httpx - INFO - HTTP Request: POST https://dashscope.aliyuncs.com/compatible-mode/v1/files "HTTP/1.1 200 OK"
2026-04-16 07:11:11,035 - ai_service_enhanced - INFO - 文件上传成功: C:\Users\chenkk\Desktop\新建文件夹\净资产收益率和每股收益\002949-2026-04-16-华阳国际-2025年年度报告_mgsy.pdf (文件ID: file-fe-681beadb49634504a12d32b0)
2026-04-16 07:11:11,035 - __main___file_only - INFO - 上传文件: 002949-2026-04-16-华阳国际-2025年年度报告_mgsy.pdf (大小: 0.56 MB, ID: file-fe-681beadb49634504a12d32b0)
2026-04-16 07:11:11,175 - __main__ - INFO - 开始处理: C:\Users\chenkk\Desktop\新建文件夹\002949-2026-04-16-华阳国际-2025年年度报告.pdf
2026-04-16 07:11:11,874 - httpx - INFO - HTTP Request: POST https://dashscope.aliyuncs.com/compatible-mode/v1/chat/completions "HTTP/1.1 200 OK"
2026-04-16 07:11:12,338 - httpx - INFO - HTTP Request: POST https://dashscope.aliyuncs.com/compatible-mode/v1/chat/completions "HTTP/1.1 200 OK"
2026-04-16 07:11:12,852 - httpx - INFO - HTTP Request: POST https://dashscope.aliyuncs.com/compatible-mode/v1/files "HTTP/1.1 200 OK"
2026-04-16 07:11:12,853 - ai_service_enhanced - INFO - 文件上传成功: C:\Users\chenkk\Desktop\新建文件夹\净资产收益率和每股收益\002971-2026-04-16-和远气体-2025年年度报告_mgsy.pdf (文件ID: file-fe-319a5087a0bd4a01a4802ac4)
2026-04-16 07:11:12,853 - __main___file_only - INFO - 上传文件: 002971-2026-04-16-和远气体-2025年年度报告_mgsy.pdf (大小: 0.34 MB, ID: file-fe-319a5087a0bd4a01a4802ac4)
2026-04-16 07:11:12,913 - httpx - INFO - HTTP Request: POST https://dashscope.aliyuncs.com/compatible-mode/v1/files "HTTP/1.1 200 OK"
2026-04-16 07:11:12,913 - ai_service_enhanced - INFO - 文件上传成功: C:\Users\chenkk\Desktop\新建文件夹\002971-2026-04-16-和远气体-2025年年度报告.pdf (文件ID: file-fe-d420181d524c4f8f83068fcb)
2026-04-16 07:11:12,914 - __main___file_only - INFO - 上传文件: 002971-2026-04-16-和远气体-2025年年度报告.pdf (大小: 0.34 MB, ID: file-fe-d420181d524c4f8f83068fcb)
2026-04-16 07:11:12,926 - __main__ - INFO - 开始处理: C:\Users\chenkk\Desktop\新建文件夹\002971-2026-04-16-和远气体-2025年年度报告.pdf
2026-04-16 07:11:14,250 - httpx - INFO - HTTP Request: POST https://dashscope.aliyuncs.com/compatible-mode/v1/chat/completions "HTTP/1.1 200 OK"
2026-04-16 07:11:14,913 - httpx - INFO - HTTP Request: POST https://dashscope.aliyuncs.com/compatible-mode/v1/files "HTTP/1.1 200 OK"
2026-04-16 07:11:14,914 - ai_service_enhanced - INFO - 文件上传成功: C:\Users\chenkk\Desktop\新建文件夹\003027-2026-04-16-同兴科技-2025年年度报告.pdf (文件ID: file-fe-40a666107c684dab817e48ba)
2026-04-16 07:11:14,914 - __main___file_only - INFO - 上传文件: 003027-2026-04-16-同兴科技-2025年年度报告.pdf (大小: 0.36 MB, ID: file-fe-40a666107c684dab817e48ba)
2026-04-16 07:11:15,027 - httpx - INFO - HTTP Request: POST https://dashscope.aliyuncs.com/compatible-mode/v1/files "HTTP/1.1 200 OK"
2026-04-16 07:11:15,028 - ai_service_enhanced - INFO - 文件上传成功: C:\Users\chenkk\Desktop\新建文件夹\净资产收益率和每股收益\003027-2026-04-16-同兴科技-2025年年度报告_mgsy.pdf (文件ID: file-fe-8efd68690b2442049802f719)
2026-04-16 07:11:15,028 - __main___file_only - INFO - 上传文件: 003027-2026-04-16-同兴科技-2025年年度报告_mgsy.pdf (大小: 0.35 MB, ID: file-fe-8efd68690b2442049802f719)
2026-04-16 07:11:15,028 - __main__ - INFO - 开始处理: C:\Users\chenkk\Desktop\新建文件夹\003027-2026-04-16-同兴科技-2025年年度报告.pdf
2026-04-16 07:11:15,365 - httpx - INFO - HTTP Request: POST https://dashscope.aliyuncs.com/compatible-mode/v1/chat/completions "HTTP/1.1 200 OK"
2026-04-16 07:11:15,651 - __main___file_only - INFO - 找到数据: 002180 2026-04-15 (3条)
2026-04-16 07:11:15,651 - __main__ - INFO - 处理成功: 002180-2026-04-15
2026-04-16 07:11:15,651 - __main___file_only - INFO - 处理成功: C:\Users\chenkk\Desktop\新建文件夹\002180-2026-04-15-纳思达-2025年年度报告.pdf (耗时: 20.60秒)
2026-04-16 07:11:16,385 - httpx - INFO - HTTP Request: DELETE https://dashscope.aliyuncs.com/compatible-mode/v1/files/file-fe-328344fe70ef42b0b646f8df "HTTP/1.1 200 OK"
2026-04-16 07:11:17,089 - httpx - INFO - HTTP Request: DELETE https://dashscope.aliyuncs.com/compatible-mode/v1/files/file-fe-31f032dd85cc4c73bc286add "HTTP/1.1 200 OK"
2026-04-16 07:11:17,208 - httpx - INFO - HTTP Request: POST https://dashscope.aliyuncs.com/compatible-mode/v1/files "HTTP/1.1 200 OK"
2026-04-16 07:11:17,209 - ai_service_enhanced - INFO - 文件上传成功: C:\Users\chenkk\Desktop\新建文件夹\300058-2026-04-16-蓝色光标-2025年年度报告.pdf (文件ID: file-fe-c80895bcb731453d90ed108a)
2026-04-16 07:11:17,209 - __main___file_only - INFO - 上传文件: 300058-2026-04-16-蓝色光标-2025年年度报告.pdf (大小: 0.66 MB, ID: file-fe-c80895bcb731453d90ed108a)
2026-04-16 07:11:17,384 - httpx - INFO - HTTP Request: POST https://dashscope.aliyuncs.com/compatible-mode/v1/files "HTTP/1.1 200 OK"
2026-04-16 07:11:17,384 - ai_service_enhanced - INFO - 文件上传成功: C:\Users\chenkk\Desktop\新建文件夹\净资产收益率和每股收益\300058-2026-04-16-蓝色光标-2025年年度报告_mgsy.pdf (文件ID: file-fe-344ec315d05f4151b6fd9825)
2026-04-16 07:11:17,385 - __main___file_only - INFO - 上传文件: 300058-2026-04-16-蓝色光标-2025年年度报告_mgsy.pdf (大小: 0.56 MB, ID: file-fe-344ec315d05f4151b6fd9825)
2026-04-16 07:11:17,385 - __main__ - INFO - 开始处理: C:\Users\chenkk\Desktop\新建文件夹\300058-2026-04-16-蓝色光标-2025年年度报告.pdf
2026-04-16 07:11:17,849 - httpx - INFO - HTTP Request: POST https://dashscope.aliyuncs.com/compatible-mode/v1/chat/completions "HTTP/1.1 200 OK"
2026-04-16 07:11:19,105 - httpx - INFO - HTTP Request: POST https://dashscope.aliyuncs.com/compatible-mode/v1/chat/completions "HTTP/1.1 200 OK"
2026-04-16 07:11:19,155 - httpx - INFO - HTTP Request: POST https://dashscope.aliyuncs.com/compatible-mode/v1/files "HTTP/1.1 200 OK"
2026-04-16 07:11:19,156 - ai_service_enhanced - INFO - 文件上传成功: C:\Users\chenkk\Desktop\新建文件夹\净资产收益率和每股收益\300075-2026-04-16-数字政通-2025年年度报告_mgsy.pdf (文件ID: file-fe-395b676eb59f44d2a6a11444)
2026-04-16 07:11:19,156 - __main___file_only - INFO - 上传文件: 300075-2026-04-16-数字政通-2025年年度报告_mgsy.pdf (大小: 0.28 MB, ID: file-fe-395b676eb59f44d2a6a11444)
2026-04-16 07:11:19,198 - __main___file_only - INFO - 找到数据: 000533 2026-04-16 (3条)
2026-04-16 07:11:19,198 - __main__ - INFO - 处理成功: 000533-2026-04-16
2026-04-16 07:11:19,198 - __main___file_only - INFO - 处理成功: C:\Users\chenkk\Desktop\新建文件夹\000533-2026-04-16-顺钠股份-2025年年度报告.pdf (耗时: 27.07秒)
2026-04-16 07:11:19,216 - httpx - INFO - HTTP Request: POST https://dashscope.aliyuncs.com/compatible-mode/v1/files "HTTP/1.1 200 OK"
2026-04-16 07:11:19,216 - ai_service_enhanced - INFO - 文件上传成功: C:\Users\chenkk\Desktop\新建文件夹\300075-2026-04-16-数字政通-2025年年度报告.pdf (文件ID: file-fe-2b2d29be49be46538dfbd725)
2026-04-16 07:11:19,217 - __main___file_only - INFO - 上传文件: 300075-2026-04-16-数字政通-2025年年度报告.pdf (大小: 0.28 MB, ID: file-fe-2b2d29be49be46538dfbd725)
2026-04-16 07:11:19,217 - __main__ - INFO - 开始处理: C:\Users\chenkk\Desktop\新建文件夹\300075-2026-04-16-数字政通-2025年年度报告.pdf
2026-04-16 07:11:19,829 - httpx - INFO - HTTP Request: DELETE https://dashscope.aliyuncs.com/compatible-mode/v1/files/file-fe-59d50556abeb42ddad995904 "HTTP/1.1 200 OK"
2026-04-16 07:11:19,839 - httpx - INFO - HTTP Request: POST https://dashscope.aliyuncs.com/compatible-mode/v1/chat/completions "HTTP/1.1 200 OK"
2026-04-16 07:11:20,601 - httpx - INFO - HTTP Request: DELETE https://dashscope.aliyuncs.com/compatible-mode/v1/files/file-fe-46e734cefe2e44ea82299e9c "HTTP/1.1 200 OK"
2026-04-16 07:11:20,946 - httpx - INFO - HTTP Request: POST https://dashscope.aliyuncs.com/compatible-mode/v1/chat/completions "HTTP/1.1 200 OK"
2026-04-16 07:11:21,277 - httpx - INFO - HTTP Request: POST https://dashscope.aliyuncs.com/compatible-mode/v1/files "HTTP/1.1 200 OK"
2026-04-16 07:11:21,278 - ai_service_enhanced - INFO - 文件上传成功: C:\Users\chenkk\Desktop\新建文件夹\净资产收益率和每股收益\300174-2026-04-16-元力股份-2025年年度报告_mgsy.pdf (文件ID: file-fe-990aad16d4cc40f184bbd9ec)
2026-04-16 07:11:21,278 - __main___file_only - INFO - 上传文件: 300174-2026-04-16-元力股份-2025年年度报告_mgsy.pdf (大小: 0.26 MB, ID: file-fe-990aad16d4cc40f184bbd9ec)
2026-04-16 07:11:21,284 - httpx - INFO - HTTP Request: POST https://dashscope.aliyuncs.com/compatible-mode/v1/files "HTTP/1.1 200 OK"
2026-04-16 07:11:21,284 - ai_service_enhanced - INFO - 文件上传成功: C:\Users\chenkk\Desktop\新建文件夹\300174-2026-04-16-元力股份-2025年年度报告.pdf (文件ID: file-fe-33c2a6d0139b48f09c7aa515)
2026-04-16 07:11:21,285 - __main___file_only - INFO - 上传文件: 300174-2026-04-16-元力股份-2025年年度报告.pdf (大小: 0.26 MB, ID: file-fe-33c2a6d0139b48f09c7aa515)
2026-04-16 07:11:21,285 - __main__ - INFO - 开始处理: C:\Users\chenkk\Desktop\新建文件夹\300174-2026-04-16-元力股份-2025年年度报告.pdf
2026-04-16 07:11:21,626 - httpx - INFO - HTTP Request: POST https://dashscope.aliyuncs.com/compatible-mode/v1/chat/completions "HTTP/1.1 200 OK"
2026-04-16 07:11:21,703 - httpx - INFO - HTTP Request: POST https://dashscope.aliyuncs.com/compatible-mode/v1/chat/completions "HTTP/1.1 200 OK"
2026-04-16 07:11:21,815 - __main___file_only - INFO - 找到数据: 002344 2026-04-16 (3条)
2026-04-16 07:11:21,815 - __main__ - INFO - 处理成功: 002344-2026-04-16
2026-04-16 07:11:21,815 - __main___file_only - INFO - 处理成功: C:\Users\chenkk\Desktop\新建文件夹\002344-2026-04-16-海宁皮城-2025年年度报告.pdf (耗时: 25.45秒)
2026-04-16 07:11:22,351 - httpx - INFO - HTTP Request: POST https://dashscope.aliyuncs.com/compatible-mode/v1/chat/completions "HTTP/1.1 200 OK"
2026-04-16 07:11:22,463 - __main___file_only - INFO - 找到数据: 002001 2026-04-16 (3条)
2026-04-16 07:11:22,463 - __main__ - INFO - 处理成功: 002001-2026-04-16
2026-04-16 07:11:22,463 - __main___file_only - INFO - 处理成功: C:\Users\chenkk\Desktop\新建文件夹\002001-2026-04-16-新和成-2025年年度报告.pdf (耗时: 29.27秒)
2026-04-16 07:11:22,610 - httpx - INFO - HTTP Request: DELETE https://dashscope.aliyuncs.com/compatible-mode/v1/files/file-fe-16e72453f19e40eb93cc3f6e "HTTP/1.1 200 OK"
2026-04-16 07:11:23,134 - httpx - INFO - HTTP Request: DELETE https://dashscope.aliyuncs.com/compatible-mode/v1/files/file-fe-3339e1d92c424a9698098806 "HTTP/1.1 200 OK"
2026-04-16 07:11:23,292 - httpx - INFO - HTTP Request: DELETE https://dashscope.aliyuncs.com/compatible-mode/v1/files/file-fe-8676428d44ab4788a8635dd9 "HTTP/1.1 200 OK"
2026-04-16 07:11:23,355 - httpx - INFO - HTTP Request: POST https://dashscope.aliyuncs.com/compatible-mode/v1/files "HTTP/1.1 200 OK"
2026-04-16 07:11:23,355 - ai_service_enhanced - INFO - 文件上传成功: C:\Users\chenkk\Desktop\新建文件夹\净资产收益率和每股收益\300281-2026-04-16-金明精机-2025年年度报告_mgsy.pdf (文件ID: file-fe-30b5aeba7bcb4065a1ed44cb)
2026-04-16 07:11:23,355 - __main___file_only - INFO - 上传文件: 300281-2026-04-16-金明精机-2025年年度报告_mgsy.pdf (大小: 0.36 MB, ID: file-fe-30b5aeba7bcb4065a1ed44cb)
2026-04-16 07:11:23,413 - httpx - INFO - HTTP Request: POST https://dashscope.aliyuncs.com/compatible-mode/v1/files "HTTP/1.1 200 OK"
2026-04-16 07:11:23,414 - ai_service_enhanced - INFO - 文件上传成功: C:\Users\chenkk\Desktop\新建文件夹\300281-2026-04-16-金明精机-2025年年度报告.pdf (文件ID: file-fe-38c9dabbf1d040a4ba6184b9)
2026-04-16 07:11:23,414 - __main___file_only - INFO - 上传文件: 300281-2026-04-16-金明精机-2025年年度报告.pdf (大小: 0.37 MB, ID: file-fe-38c9dabbf1d040a4ba6184b9)
2026-04-16 07:11:23,670 - __main__ - INFO - 开始处理: C:\Users\chenkk\Desktop\新建文件夹\300281-2026-04-16-金明精机-2025年年度报告.pdf
2026-04-16 07:11:23,730 - httpx - INFO - HTTP Request: POST https://dashscope.aliyuncs.com/compatible-mode/v1/chat/completions "HTTP/1.1 200 OK"
2026-04-16 07:11:23,747 - httpx - INFO - HTTP Request: DELETE https://dashscope.aliyuncs.com/compatible-mode/v1/files/file-fe-4d54cf7a49ed4287837de1b1 "HTTP/1.1 200 OK"
2026-04-16 07:11:25,200 - httpx - INFO - HTTP Request: POST https://dashscope.aliyuncs.com/compatible-mode/v1/chat/completions "HTTP/1.1 200 OK"
2026-04-16 07:11:25,299 - __main___file_only - INFO - 找到数据: 002896 2026-04-16 (3条)
2026-04-16 07:11:25,299 - __main__ - INFO - 处理成功: 002896-2026-04-16
2026-04-16 07:11:25,299 - __main___file_only - INFO - 处理成功: C:\Users\chenkk\Desktop\新建文件夹\002896-2026-04-16-中大力德-2025年年度报告.pdf (耗时: 16.25秒)
2026-04-16 07:11:25,628 - httpx - INFO - HTTP Request: POST https://dashscope.aliyuncs.com/compatible-mode/v1/files "HTTP/1.1 200 OK"
2026-04-16 07:11:25,628 - ai_service_enhanced - INFO - 文件上传成功: C:\Users\chenkk\Desktop\新建文件夹\300296-2026-04-16-利亚德-2025年年度报告.pdf (文件ID: file-fe-a686194accc44af491c94cc8)
2026-04-16 07:11:25,629 - __main___file_only - INFO - 上传文件: 300296-2026-04-16-利亚德-2025年年度报告.pdf (大小: 0.39 MB, ID: file-fe-a686194accc44af491c94cc8)
2026-04-16 07:11:25,643 - httpx - INFO - HTTP Request: POST https://dashscope.aliyuncs.com/compatible-mode/v1/files "HTTP/1.1 200 OK"
2026-04-16 07:11:25,644 - ai_service_enhanced - INFO - 文件上传成功: C:\Users\chenkk\Desktop\新建文件夹\净资产收益率和每股收益\300296-2026-04-16-利亚德-2025年年度报告_mgsy.pdf (文件ID: file-fe-4c0fab8333c94f19bddcf635)
2026-04-16 07:11:25,644 - __main___file_only - INFO - 上传文件: 300296-2026-04-16-利亚德-2025年年度报告_mgsy.pdf (大小: 0.39 MB, ID: file-fe-4c0fab8333c94f19bddcf635)
2026-04-16 07:11:25,685 - __main__ - INFO - 开始处理: C:\Users\chenkk\Desktop\新建文件夹\300296-2026-04-16-利亚德-2025年年度报告.pdf
2026-04-16 07:11:26,005 - httpx - INFO - HTTP Request: POST https://dashscope.aliyuncs.com/compatible-mode/v1/chat/completions "HTTP/1.1 200 OK"
2026-04-16 07:11:26,091 - httpx - INFO - HTTP Request: DELETE https://dashscope.aliyuncs.com/compatible-mode/v1/files/file-fe-3ed72bc229cf480d96359c9a "HTTP/1.1 200 OK"
2026-04-16 07:11:26,306 - httpx - INFO - HTTP Request: POST https://dashscope.aliyuncs.com/compatible-mode/v1/chat/completions "HTTP/1.1 200 OK"
2026-04-16 07:11:26,369 - __main___file_only - INFO - 找到数据: 002407 2026-04-16 (3条)
2026-04-16 07:11:26,370 - __main__ - INFO - 处理成功: 002407-2026-04-16
2026-04-16 07:11:26,370 - __main___file_only - INFO - 处理成功: C:\Users\chenkk\Desktop\新建文件夹\002407-2026-04-16-多氟多-2025年年度报告.pdf (耗时: 28.15秒)
2026-04-16 07:11:26,403 - httpx - INFO - HTTP Request: POST https://dashscope.aliyuncs.com/compatible-mode/v1/chat/completions "HTTP/1.1 200 OK"
2026-04-16 07:11:26,473 - __main___file_only - INFO - 找到数据: 002628 2026-04-16 (3条)
2026-04-16 07:11:26,473 - __main__ - INFO - 处理成功: 002628-2026-04-16
2026-04-16 07:11:26,473 - __main___file_only - INFO - 处理成功: C:\Users\chenkk\Desktop\新建文件夹\002628-2026-04-16-成都路桥-2025年年度报告.pdf (耗时: 25.84秒)
2026-04-16 07:11:26,839 - httpx - INFO - HTTP Request: DELETE https://dashscope.aliyuncs.com/compatible-mode/v1/files/file-fe-37f1bf1cbdbc43b0a66b4bff "HTTP/1.1 200 OK"
2026-04-16 07:11:26,934 - httpx - INFO - HTTP Request: DELETE https://dashscope.aliyuncs.com/compatible-mode/v1/files/file-fe-a4858b215c98468093e4fbf8 "HTTP/1.1 200 OK"
2026-04-16 07:11:27,122 - httpx - INFO - HTTP Request: DELETE https://dashscope.aliyuncs.com/compatible-mode/v1/files/file-fe-e72decfa5ecb4b358218a20c "HTTP/1.1 200 OK"
2026-04-16 07:11:27,634 - httpx - INFO - HTTP Request: POST https://dashscope.aliyuncs.com/compatible-mode/v1/files "HTTP/1.1 200 OK"
2026-04-16 07:11:27,635 - ai_service_enhanced - INFO - 文件上传成功: C:\Users\chenkk\Desktop\新建文件夹\净资产收益率和每股收益\300305-2026-04-16-裕兴股份-2025年年度报告_mgsy.pdf (文件ID: file-fe-b5742b972ace41399e524629)
2026-04-16 07:11:27,635 - __main___file_only - INFO - 上传文件: 300305-2026-04-16-裕兴股份-2025年年度报告_mgsy.pdf (大小: 0.30 MB, ID: file-fe-b5742b972ace41399e524629)
2026-04-16 07:11:27,683 - httpx - INFO - HTTP Request: DELETE https://dashscope.aliyuncs.com/compatible-mode/v1/files/file-fe-6432b7e4ec6a4afeb17a3af6 "HTTP/1.1 200 OK"
2026-04-16 07:11:27,708 - httpx - INFO - HTTP Request: POST https://dashscope.aliyuncs.com/compatible-mode/v1/files "HTTP/1.1 200 OK"
2026-04-16 07:11:27,708 - ai_service_enhanced - INFO - 文件上传成功: C:\Users\chenkk\Desktop\新建文件夹\300305-2026-04-16-裕兴股份-2025年年度报告.pdf (文件ID: file-fe-f7e9747870374fa2a5b15c4c)
2026-04-16 07:11:27,709 - __main___file_only - INFO - 上传文件: 300305-2026-04-16-裕兴股份-2025年年度报告.pdf (大小: 0.31 MB, ID: file-fe-f7e9747870374fa2a5b15c4c)
2026-04-16 07:11:27,709 - __main__ - INFO - 开始处理: C:\Users\chenkk\Desktop\新建文件夹\300305-2026-04-16-裕兴股份-2025年年度报告.pdf
2026-04-16 07:11:27,971 - httpx - INFO - HTTP Request: DELETE https://dashscope.aliyuncs.com/compatible-mode/v1/files/file-fe-3c0f67f4af0d45b49f2a1a76 "HTTP/1.1 200 OK"
2026-04-16 07:11:28,036 - httpx - INFO - HTTP Request: POST https://dashscope.aliyuncs.com/compatible-mode/v1/chat/completions "HTTP/1.1 200 OK"
2026-04-16 07:11:29,424 - httpx - INFO - HTTP Request: POST https://dashscope.aliyuncs.com/compatible-mode/v1/chat/completions "HTTP/1.1 200 OK"
2026-04-16 07:11:29,498 - __main___file_only - INFO - 找到数据: 002629 2026-04-16 (3条)
2026-04-16 07:11:29,498 - __main__ - INFO - 处理成功: 002629-2026-04-16
2026-04-16 07:11:29,498 - __main___file_only - INFO - 处理成功: C:\Users\chenkk\Desktop\新建文件夹\002629-2026-04-16-仁智股份-2025年年度报告.pdf (耗时: 26.74秒)
2026-04-16 07:11:29,802 - httpx - INFO - HTTP Request: POST https://dashscope.aliyuncs.com/compatible-mode/v1/files "HTTP/1.1 200 OK"
2026-04-16 07:11:29,803 - ai_service_enhanced - INFO - 文件上传成功: C:\Users\chenkk\Desktop\新建文件夹\300440-2026-04-16-运达科技-2025年年度报告.pdf (文件ID: file-fe-3d88c9f451f34cc5bd6a8f8c)
2026-04-16 07:11:29,803 - __main___file_only - INFO - 上传文件: 300440-2026-04-16-运达科技-2025年年度报告.pdf (大小: 0.68 MB, ID: file-fe-3d88c9f451f34cc5bd6a8f8c)
2026-04-16 07:11:29,890 - httpx - INFO - HTTP Request: POST https://dashscope.aliyuncs.com/compatible-mode/v1/files "HTTP/1.1 200 OK"
2026-04-16 07:11:29,891 - ai_service_enhanced - INFO - 文件上传成功: C:\Users\chenkk\Desktop\新建文件夹\净资产收益率和每股收益\300440-2026-04-16-运达科技-2025年年度报告_mgsy.pdf (文件ID: file-fe-508774ed84f14b5ebdcd1a1f)
2026-04-16 07:11:29,891 - __main___file_only - INFO - 上传文件: 300440-2026-04-16-运达科技-2025年年度报告_mgsy.pdf (大小: 0.67 MB, ID: file-fe-508774ed84f14b5ebdcd1a1f)
2026-04-16 07:11:30,080 - __main__ - INFO - 开始处理: C:\Users\chenkk\Desktop\新建文件夹\300440-2026-04-16-运达科技-2025年年度报告.pdf
2026-04-16 07:11:30,082 - httpx - INFO - HTTP Request: DELETE https://dashscope.aliyuncs.com/compatible-mode/v1/files/file-fe-722c12dd293f4662b7c3988a "HTTP/1.1 200 OK"
2026-04-16 07:11:30,743 - httpx - INFO - HTTP Request: DELETE https://dashscope.aliyuncs.com/compatible-mode/v1/files/file-fe-4ae9197f036d49469bb51b11 "HTTP/1.1 200 OK"
2026-04-16 07:11:31,012 - httpx - INFO - HTTP Request: POST https://dashscope.aliyuncs.com/compatible-mode/v1/chat/completions "HTTP/1.1 200 OK"
2026-04-16 07:11:31,913 - httpx - INFO - HTTP Request: POST https://dashscope.aliyuncs.com/compatible-mode/v1/files "HTTP/1.1 200 OK"
2026-04-16 07:11:31,914 - ai_service_enhanced - INFO - 文件上传成功: C:\Users\chenkk\Desktop\新建文件夹\300618-2026-04-16-寒锐钴业-2025年年度报告.pdf (文件ID: file-fe-fbd92a5477db451ebff673fe)
2026-04-16 07:11:31,914 - __main___file_only - INFO - 上传文件: 300618-2026-04-16-寒锐钴业-2025年年度报告.pdf (大小: 0.37 MB, ID: file-fe-fbd92a5477db451ebff673fe)
2026-04-16 07:11:31,962 - httpx - INFO - HTTP Request: POST https://dashscope.aliyuncs.com/compatible-mode/v1/files "HTTP/1.1 200 OK"
2026-04-16 07:11:31,962 - ai_service_enhanced - INFO - 文件上传成功: C:\Users\chenkk\Desktop\新建文件夹\净资产收益率和每股收益\300618-2026-04-16-寒锐钴业-2025年年度报告_mgsy.pdf (文件ID: file-fe-c106452e0e4547708bde8482)
2026-04-16 07:11:31,963 - __main___file_only - INFO - 上传文件: 300618-2026-04-16-寒锐钴业-2025年年度报告_mgsy.pdf (大小: 0.35 MB, ID: file-fe-c106452e0e4547708bde8482)
2026-04-16 07:11:32,189 - __main__ - INFO - 开始处理: C:\Users\chenkk\Desktop\新建文件夹\300618-2026-04-16-寒锐钴业-2025年年度报告.pdf
2026-04-16 07:11:32,427 - httpx - INFO - HTTP Request: POST https://dashscope.aliyuncs.com/compatible-mode/v1/chat/completions "HTTP/1.1 200 OK"
2026-04-16 07:11:32,489 - __main___file_only - INFO - 找到数据: 002823 2026-04-16 (3条)
2026-04-16 07:11:32,490 - __main__ - INFO - 处理成功: 002823-2026-04-16
2026-04-16 07:11:32,490 - __main___file_only - INFO - 处理成功: C:\Users\chenkk\Desktop\新建文件夹\002823-2026-04-16-凯中精密-2025年年度报告.pdf (耗时: 25.56秒)
2026-04-16 07:11:32,558 - httpx - INFO - HTTP Request: POST https://dashscope.aliyuncs.com/compatible-mode/v1/chat/completions "HTTP/1.1 200 OK"
2026-04-16 07:11:33,162 - httpx - INFO - HTTP Request: DELETE https://dashscope.aliyuncs.com/compatible-mode/v1/files/file-fe-2878f98f0bd04ef0ad04cb3c "HTTP/1.1 200 OK"
2026-04-16 07:11:33,809 - httpx - INFO - HTTP Request: DELETE https://dashscope.aliyuncs.com/compatible-mode/v1/files/file-fe-983d858f288b48288ff53abe "HTTP/1.1 200 OK"
2026-04-16 07:11:34,031 - httpx - INFO - HTTP Request: POST https://dashscope.aliyuncs.com/compatible-mode/v1/files "HTTP/1.1 200 OK"
2026-04-16 07:11:34,032 - ai_service_enhanced - INFO - 文件上传成功: C:\Users\chenkk\Desktop\新建文件夹\300623-2026-04-16-捷捷微电-2025年年度报告.pdf (文件ID: file-fe-a53ba4548f8340c586947cfc)
2026-04-16 07:11:34,032 - __main___file_only - INFO - 上传文件: 300623-2026-04-16-捷捷微电-2025年年度报告.pdf (大小: 0.34 MB, ID: file-fe-a53ba4548f8340c586947cfc)
2026-04-16 07:11:34,089 - httpx - INFO - HTTP Request: POST https://dashscope.aliyuncs.com/compatible-mode/v1/files "HTTP/1.1 200 OK"
2026-04-16 07:11:34,089 - ai_service_enhanced - INFO - 文件上传成功: C:\Users\chenkk\Desktop\新建文件夹\净资产收益率和每股收益\300623-2026-04-16-捷捷微电-2025年年度报告_mgsy.pdf (文件ID: file-fe-53dc66ff916f43e2a085ce9b)
2026-04-16 07:11:34,090 - __main___file_only - INFO - 上传文件: 300623-2026-04-16-捷捷微电-2025年年度报告_mgsy.pdf (大小: 0.34 MB, ID: file-fe-53dc66ff916f43e2a085ce9b)
2026-04-16 07:11:34,304 - __main__ - INFO - 开始处理: C:\Users\chenkk\Desktop\新建文件夹\300623-2026-04-16-捷捷微电-2025年年度报告.pdf
2026-04-16 07:11:35,481 - httpx - INFO - HTTP Request: POST https://dashscope.aliyuncs.com/compatible-mode/v1/chat/completions "HTTP/1.1 200 OK"
2026-04-16 07:11:36,175 - httpx - INFO - HTTP Request: POST https://dashscope.aliyuncs.com/compatible-mode/v1/files "HTTP/1.1 200 OK"
2026-04-16 07:11:36,176 - ai_service_enhanced - INFO - 文件上传成功: C:\Users\chenkk\Desktop\新建文件夹\300666-2026-04-16-江丰电子-2025年年度报告.pdf (文件ID: file-fe-0d1e190c3468498fa0ace120)
2026-04-16 07:11:36,176 - __main___file_only - INFO - 上传文件: 300666-2026-04-16-江丰电子-2025年年度报告.pdf (大小: 0.36 MB, ID: file-fe-0d1e190c3468498fa0ace120)
2026-04-16 07:11:36,267 - httpx - INFO - HTTP Request: POST https://dashscope.aliyuncs.com/compatible-mode/v1/files "HTTP/1.1 200 OK"
2026-04-16 07:11:36,267 - ai_service_enhanced - INFO - 文件上传成功: C:\Users\chenkk\Desktop\新建文件夹\净资产收益率和每股收益\300666-2026-04-16-江丰电子-2025年年度报告_mgsy.pdf (文件ID: file-fe-9c57204466dd47919c618506)
2026-04-16 07:11:36,268 - __main___file_only - INFO - 上传文件: 300666-2026-04-16-江丰电子-2025年年度报告_mgsy.pdf (大小: 0.35 MB, ID: file-fe-9c57204466dd47919c618506)
2026-04-16 07:11:36,313 - __main__ - INFO - 开始处理: C:\Users\chenkk\Desktop\新建文件夹\300666-2026-04-16-江丰电子-2025年年度报告.pdf
2026-04-16 07:11:36,954 - httpx - INFO - HTTP Request: POST https://dashscope.aliyuncs.com/compatible-mode/v1/chat/completions "HTTP/1.1 200 OK"
2026-04-16 07:11:37,024 - __main___file_only - INFO - 找到数据: 002762 2026-04-16 (3条)
2026-04-16 07:11:37,024 - __main__ - INFO - 处理成功: 002762-2026-04-16
2026-04-16 07:11:37,024 - __main___file_only - INFO - 处理成功: C:\Users\chenkk\Desktop\新建文件夹\002762-2026-04-16-ST金比-2025年年度报告.pdf (耗时: 32.47秒)
2026-04-16 07:11:37,304 - httpx - INFO - HTTP Request: POST https://dashscope.aliyuncs.com/compatible-mode/v1/chat/completions "HTTP/1.1 200 OK"
2026-04-16 07:11:37,376 - __main___file_only - INFO - 找到数据: 002949 2026-04-16 (3条)
2026-04-16 07:11:37,376 - __main__ - INFO - 处理成功: 002949-2026-04-16
2026-04-16 07:11:37,376 - __main___file_only - INFO - 处理成功: C:\Users\chenkk\Desktop\新建文件夹\002949-2026-04-16-华阳国际-2025年年度报告.pdf (耗时: 26.20秒)
2026-04-16 07:11:38,138 - httpx - INFO - HTTP Request: DELETE https://dashscope.aliyuncs.com/compatible-mode/v1/files/file-fe-fd030acc081849c7a1f136f5 "HTTP/1.1 200 OK"
2026-04-16 07:11:38,206 - httpx - INFO - HTTP Request: POST https://dashscope.aliyuncs.com/compatible-mode/v1/files "HTTP/1.1 200 OK"
2026-04-16 07:11:38,207 - ai_service_enhanced - INFO - 文件上传成功: C:\Users\chenkk\Desktop\新建文件夹\300685-2026-04-16-艾德生物-2025年年度报告.pdf (文件ID: file-fe-c1a1be00f861418cac358019)
2026-04-16 07:11:38,207 - __main___file_only - INFO - 上传文件: 300685-2026-04-16-艾德生物-2025年年度报告.pdf (大小: 0.49 MB, ID: file-fe-c1a1be00f861418cac358019)
2026-04-16 07:11:38,223 - httpx - INFO - HTTP Request: DELETE https://dashscope.aliyuncs.com/compatible-mode/v1/files/file-fe-e3a2ed02d3a949ff827d3f54 "HTTP/1.1 200 OK"
2026-04-16 07:11:38,355 - httpx - INFO - HTTP Request: POST https://dashscope.aliyuncs.com/compatible-mode/v1/chat/completions "HTTP/1.1 200 OK"
2026-04-16 07:11:38,426 - __main___file_only - INFO - 找到数据: 002971 2026-04-16 (3条)
2026-04-16 07:11:38,426 - __main__ - INFO - 处理成功: 002971-2026-04-16
2026-04-16 07:11:38,427 - __main___file_only - INFO - 处理成功: C:\Users\chenkk\Desktop\新建文件夹\002971-2026-04-16-和远气体-2025年年度报告.pdf (耗时: 25.50秒)
2026-04-16 07:11:38,605 - httpx - INFO - HTTP Request: POST https://dashscope.aliyuncs.com/compatible-mode/v1/chat/completions "HTTP/1.1 200 OK"
2026-04-16 07:11:38,623 - httpx - INFO - HTTP Request: POST https://dashscope.aliyuncs.com/compatible-mode/v1/chat/completions "HTTP/1.1 200 OK"
2026-04-16 07:11:38,670 - __main___file_only - INFO - 找到数据: 003027 2026-04-16 (3条)
2026-04-16 07:11:38,671 - __main__ - INFO - 处理成功: 003027-2026-04-16
2026-04-16 07:11:38,671 - __main___file_only - INFO - 处理成功: C:\Users\chenkk\Desktop\新建文件夹\003027-2026-04-16-同兴科技-2025年年度报告.pdf (耗时: 23.64秒)
2026-04-16 07:11:38,743 - httpx - INFO - HTTP Request: POST https://dashscope.aliyuncs.com/compatible-mode/v1/files "HTTP/1.1 200 OK"
2026-04-16 07:11:38,744 - ai_service_enhanced - INFO - 文件上传成功: C:\Users\chenkk\Desktop\新建文件夹\净资产收益率和每股收益\300685-2026-04-16-艾德生物-2025年年度报告_mgsy.pdf (文件ID: file-fe-409a712820c24f948cb74dc3)
2026-04-16 07:11:38,744 - __main___file_only - INFO - 上传文件: 300685-2026-04-16-艾德生物-2025年年度报告_mgsy.pdf (大小: 0.48 MB, ID: file-fe-409a712820c24f948cb74dc3)
2026-04-16 07:11:38,769 - httpx - INFO - HTTP Request: DELETE https://dashscope.aliyuncs.com/compatible-mode/v1/files/file-fe-95a8d543b9864d7fb1823db6 "HTTP/1.1 200 OK"
2026-04-16 07:11:38,921 - httpx - INFO - HTTP Request: DELETE https://dashscope.aliyuncs.com/compatible-mode/v1/files/file-fe-681beadb49634504a12d32b0 "HTTP/1.1 200 OK"
2026-04-16 07:11:38,953 - __main__ - INFO - 开始处理: C:\Users\chenkk\Desktop\新建文件夹\300685-2026-04-16-艾德生物-2025年年度报告.pdf
2026-04-16 07:11:39,023 - httpx - INFO - HTTP Request: DELETE https://dashscope.aliyuncs.com/compatible-mode/v1/files/file-fe-319a5087a0bd4a01a4802ac4 "HTTP/1.1 200 OK"
2026-04-16 07:11:39,217 - httpx - INFO - HTTP Request: DELETE https://dashscope.aliyuncs.com/compatible-mode/v1/files/file-fe-40a666107c684dab817e48ba "HTTP/1.1 200 OK"
2026-04-16 07:11:39,594 - httpx - INFO - HTTP Request: DELETE https://dashscope.aliyuncs.com/compatible-mode/v1/files/file-fe-d420181d524c4f8f83068fcb "HTTP/1.1 200 OK"
2026-04-16 07:11:39,775 - httpx - INFO - HTTP Request: DELETE https://dashscope.aliyuncs.com/compatible-mode/v1/files/file-fe-8efd68690b2442049802f719 "HTTP/1.1 200 OK"
2026-04-16 07:11:40,513 - httpx - INFO - HTTP Request: POST https://dashscope.aliyuncs.com/compatible-mode/v1/files "HTTP/1.1 200 OK"
2026-04-16 07:11:40,514 - ai_service_enhanced - INFO - 文件上传成功: C:\Users\chenkk\Desktop\新建文件夹\300717-2026-04-16-华信新材-2025年年度报告.pdf (文件ID: file-fe-47d7247ab27242e0adcf4608)
2026-04-16 07:11:40,514 - __main___file_only - INFO - 上传文件: 300717-2026-04-16-华信新材-2025年年度报告.pdf (大小: 0.26 MB, ID: file-fe-47d7247ab27242e0adcf4608)
2026-04-16 07:11:40,827 - httpx - INFO - HTTP Request: POST https://dashscope.aliyuncs.com/compatible-mode/v1/chat/completions "HTTP/1.1 200 OK"
2026-04-16 07:11:41,706 - httpx - INFO - HTTP Request: POST https://dashscope.aliyuncs.com/compatible-mode/v1/chat/completions "HTTP/1.1 200 OK"
2026-04-16 07:11:42,570 - httpx - INFO - HTTP Request: POST https://dashscope.aliyuncs.com/compatible-mode/v1/files "HTTP/1.1 200 OK"
2026-04-16 07:11:42,570 - ai_service_enhanced - INFO - 文件上传成功: C:\Users\chenkk\Desktop\新建文件夹\300732-2026-04-16-设研院-2025年年度报告.pdf (文件ID: file-fe-0003357089a248e89ff78a0d)
2026-04-16 07:11:42,571 - __main___file_only - INFO - 上传文件: 300732-2026-04-16-设研院-2025年年度报告.pdf (大小: 0.62 MB, ID: file-fe-0003357089a248e89ff78a0d)
2026-04-16 07:11:42,888 - httpx - INFO - HTTP Request: POST https://dashscope.aliyuncs.com/compatible-mode/v1/chat/completions "HTTP/1.1 200 OK"
2026-04-16 07:11:43,572 - httpx - INFO - HTTP Request: POST https://dashscope.aliyuncs.com/compatible-mode/v1/chat/completions "HTTP/1.1 200 OK"
2026-04-16 07:11:43,637 - __main___file_only - INFO - 找到数据: 300281 2026-04-16 (3条)
2026-04-16 07:11:43,638 - __main__ - INFO - 处理成功: 300281-2026-04-16
2026-04-16 07:11:43,638 - __main___file_only - INFO - 处理成功: C:\Users\chenkk\Desktop\新建文件夹\300281-2026-04-16-金明精机-2025年年度报告.pdf (耗时: 19.97秒)
2026-04-16 07:11:44,435 - httpx - INFO - HTTP Request: DELETE https://dashscope.aliyuncs.com/compatible-mode/v1/files/file-fe-30b5aeba7bcb4065a1ed44cb "HTTP/1.1 200 OK"
2026-04-16 07:11:44,752 - httpx - INFO - HTTP Request: POST https://dashscope.aliyuncs.com/compatible-mode/v1/files "HTTP/1.1 200 OK"
2026-04-16 07:11:44,752 - ai_service_enhanced - INFO - 文件上传成功: C:\Users\chenkk\Desktop\新建文件夹\净资产收益率和每股收益\300732-2026-04-16-设研院-2025年年度报告_mgsy.pdf (文件ID: file-fe-f0644e93bce145e3b534c0f6)
2026-04-16 07:11:44,752 - __main___file_only - INFO - 上传文件: 300732-2026-04-16-设研院-2025年年度报告_mgsy.pdf (大小: 0.61 MB, ID: file-fe-f0644e93bce145e3b534c0f6)
2026-04-16 07:11:44,768 - __main__ - INFO - 开始处理: C:\Users\chenkk\Desktop\新建文件夹\300732-2026-04-16-设研院-2025年年度报告.pdf
2026-04-16 07:11:45,081 - httpx - INFO - HTTP Request: DELETE https://dashscope.aliyuncs.com/compatible-mode/v1/files/file-fe-38c9dabbf1d040a4ba6184b9 "HTTP/1.1 200 OK"
2026-04-16 07:11:45,586 - httpx - INFO - HTTP Request: POST https://dashscope.aliyuncs.com/compatible-mode/v1/chat/completions "HTTP/1.1 200 OK"
2026-04-16 07:11:45,664 - __main___file_only - INFO - 找到数据: 300058 2026-04-16 (3条)
2026-04-16 07:11:45,665 - __main__ - INFO - 处理成功: 300058-2026-04-16
2026-04-16 07:11:45,665 - __main___file_only - INFO - 处理成功: C:\Users\chenkk\Desktop\新建文件夹\300058-2026-04-16-蓝色光标-2025年年度报告.pdf (耗时: 28.28秒)
2026-04-16 07:11:46,218 - httpx - INFO - HTTP Request: DELETE https://dashscope.aliyuncs.com/compatible-mode/v1/files/file-fe-c80895bcb731453d90ed108a "HTTP/1.1 200 OK"
2026-04-16 07:11:46,816 - httpx - INFO - HTTP Request: DELETE https://dashscope.aliyuncs.com/compatible-mode/v1/files/file-fe-344ec315d05f4151b6fd9825 "HTTP/1.1 200 OK"
2026-04-16 07:11:46,869 - httpx - INFO - HTTP Request: POST https://dashscope.aliyuncs.com/compatible-mode/v1/files "HTTP/1.1 200 OK"
2026-04-16 07:11:46,869 - ai_service_enhanced - INFO - 文件上传成功: C:\Users\chenkk\Desktop\新建文件夹\300886-2026-04-16-华业香料-2025年年度报告.pdf (文件ID: file-fe-fc6efcafedd540b399d1cdc7)
2026-04-16 07:11:46,870 - __main___file_only - INFO - 上传文件: 300886-2026-04-16-华业香料-2025年年度报告.pdf (大小: 0.33 MB, ID: file-fe-fc6efcafedd540b399d1cdc7)
2026-04-16 07:11:48,166 - httpx - INFO - HTTP Request: POST https://dashscope.aliyuncs.com/compatible-mode/v1/chat/completions "HTTP/1.1 200 OK"
2026-04-16 07:11:48,231 - __main___file_only - INFO - 找到数据: 300174 2026-04-16 (3条)
2026-04-16 07:11:48,231 - __main__ - INFO - 处理成功: 300174-2026-04-16
2026-04-16 07:11:48,232 - __main___file_only - INFO - 处理成功: C:\Users\chenkk\Desktop\新建文件夹\300174-2026-04-16-元力股份-2025年年度报告.pdf (耗时: 26.95秒)
2026-04-16 07:11:48,523 - httpx - INFO - HTTP Request: POST https://dashscope.aliyuncs.com/compatible-mode/v1/chat/completions "HTTP/1.1 200 OK"
2026-04-16 07:11:48,590 - __main___file_only - INFO - 找到数据: 300075 2026-04-16 (3条)
2026-04-16 07:11:48,591 - __main__ - INFO - 处理成功: 300075-2026-04-16
2026-04-16 07:11:48,591 - __main___file_only - INFO - 处理成功: C:\Users\chenkk\Desktop\新建文件夹\300075-2026-04-16-数字政通-2025年年度报告.pdf (耗时: 29.37秒)
2026-04-16 07:11:48,988 - httpx - INFO - HTTP Request: POST https://dashscope.aliyuncs.com/compatible-mode/v1/files "HTTP/1.1 200 OK"
2026-04-16 07:11:48,988 - ai_service_enhanced - INFO - 文件上传成功: C:\Users\chenkk\Desktop\新建文件夹\净资产收益率和每股收益\300886-2026-04-16-华业香料-2025年年度报告_mgsy.pdf (文件ID: file-fe-463749581757496abf231129)
2026-04-16 07:11:48,989 - __main___file_only - INFO - 上传文件: 300886-2026-04-16-华业香料-2025年年度报告_mgsy.pdf (大小: 0.33 MB, ID: file-fe-463749581757496abf231129)
2026-04-16 07:11:49,001 - __main__ - INFO - 开始处理: C:\Users\chenkk\Desktop\新建文件夹\300886-2026-04-16-华业香料-2025年年度报告.pdf
2026-04-16 07:11:49,045 - httpx - INFO - HTTP Request: DELETE https://dashscope.aliyuncs.com/compatible-mode/v1/files/file-fe-990aad16d4cc40f184bbd9ec "HTTP/1.1 200 OK"
2026-04-16 07:11:49,162 - httpx - INFO - HTTP Request: DELETE https://dashscope.aliyuncs.com/compatible-mode/v1/files/file-fe-395b676eb59f44d2a6a11444 "HTTP/1.1 200 OK"
2026-04-16 07:11:49,486 - httpx - INFO - HTTP Request: POST https://dashscope.aliyuncs.com/compatible-mode/v1/chat/completions "HTTP/1.1 200 OK"
2026-04-16 07:11:49,726 - httpx - INFO - HTTP Request: DELETE https://dashscope.aliyuncs.com/compatible-mode/v1/files/file-fe-33c2a6d0139b48f09c7aa515 "HTTP/1.1 200 OK"
2026-04-16 07:11:49,804 - httpx - INFO - HTTP Request: DELETE https://dashscope.aliyuncs.com/compatible-mode/v1/files/file-fe-2b2d29be49be46538dfbd725 "HTTP/1.1 200 OK"
2026-04-16 07:11:49,994 - ai_service_enhanced - ERROR - 文件上传超时(第1次尝试): C:\Users\chenkk\Desktop\新建文件夹\净资产收益率和每股收益\300717-2026-04-16-华信新材-2025年年度报告_mgsy.pdf
2026-04-16 07:11:49,995 - openai._base_client - INFO - Retrying request to /files in 0.384967 seconds
2026-04-16 07:11:50,759 - httpx - INFO - HTTP Request: POST https://dashscope.aliyuncs.com/compatible-mode/v1/files "HTTP/1.1 200 OK"
2026-04-16 07:11:50,760 - ai_service_enhanced - INFO - 等待2秒后重试上传...
2026-04-16 07:11:51,191 - httpx - INFO - HTTP Request: POST https://dashscope.aliyuncs.com/compatible-mode/v1/files "HTTP/1.1 200 OK"
2026-04-16 07:11:51,192 - ai_service_enhanced - INFO - 文件上传成功: C:\Users\chenkk\Desktop\新建文件夹\300918-2026-04-16-南山智尚-2025年年度报告.pdf (文件ID: file-fe-89948ab6aa0245dabf8833ca)
2026-04-16 07:11:51,192 - __main___file_only - INFO - 上传文件: 300918-2026-04-16-南山智尚-2025年年度报告.pdf (大小: 1.24 MB, ID: file-fe-89948ab6aa0245dabf8833ca)
2026-04-16 07:11:53,111 - httpx - INFO - HTTP Request: POST https://dashscope.aliyuncs.com/compatible-mode/v1/files "HTTP/1.1 200 OK"
2026-04-16 07:11:53,112 - ai_service_enhanced - INFO - 文件上传成功: C:\Users\chenkk\Desktop\新建文件夹\净资产收益率和每股收益\300717-2026-04-16-华信新材-2025年年度报告_mgsy.pdf (文件ID: file-fe-5238c3f61b9146f29b06215f)
2026-04-16 07:11:53,112 - __main___file_only - INFO - 上传文件: 300717-2026-04-16-华信新材-2025年年度报告_mgsy.pdf (大小: 0.26 MB, ID: file-fe-5238c3f61b9146f29b06215f)
2026-04-16 07:11:53,225 - __main__ - INFO - 开始处理: C:\Users\chenkk\Desktop\新建文件夹\300717-2026-04-16-华信新材-2025年年度报告.pdf
2026-04-16 07:11:53,326 - httpx - INFO - HTTP Request: POST https://dashscope.aliyuncs.com/compatible-mode/v1/files "HTTP/1.1 200 OK"
2026-04-16 07:11:53,326 - ai_service_enhanced - INFO - 文件上传成功: C:\Users\chenkk\Desktop\新建文件夹\净资产收益率和每股收益\300918-2026-04-16-南山智尚-2025年年度报告_mgsy.pdf (文件ID: file-fe-f9118da958ce4d8b9c883aea)
2026-04-16 07:11:53,326 - __main___file_only - INFO - 上传文件: 300918-2026-04-16-南山智尚-2025年年度报告_mgsy.pdf (大小: 1.23 MB, ID: file-fe-f9118da958ce4d8b9c883aea)
2026-04-16 07:11:53,490 - __main__ - INFO - 开始处理: C:\Users\chenkk\Desktop\新建文件夹\300918-2026-04-16-南山智尚-2025年年度报告.pdf
2026-04-16 07:11:54,233 - httpx - INFO - HTTP Request: POST https://dashscope.aliyuncs.com/compatible-mode/v1/chat/completions "HTTP/1.1 200 OK"
2026-04-16 07:11:54,339 - __main___file_only - INFO - 找到数据: 300296 2026-04-16 (3条)
2026-04-16 07:11:54,339 - __main__ - INFO - 处理成功: 300296-2026-04-16
2026-04-16 07:11:54,339 - __main___file_only - INFO - 处理成功: C:\Users\chenkk\Desktop\新建文件夹\300296-2026-04-16-利亚德-2025年年度报告.pdf (耗时: 28.65秒)
2026-04-16 07:11:54,957 - httpx - INFO - HTTP Request: DELETE https://dashscope.aliyuncs.com/compatible-mode/v1/files/file-fe-4c0fab8333c94f19bddcf635 "HTTP/1.1 200 OK"
2026-04-16 07:11:55,421 - httpx - INFO - HTTP Request: POST https://dashscope.aliyuncs.com/compatible-mode/v1/files "HTTP/1.1 200 OK"
2026-04-16 07:11:55,422 - ai_service_enhanced - INFO - 文件上传成功: C:\Users\chenkk\Desktop\新建文件夹\300967-2026-04-16-晓鸣股份-2025年年度报告.pdf (文件ID: file-fe-c4890591224943b8a88a0aa2)
2026-04-16 07:11:55,422 - __main___file_only - INFO - 上传文件: 300967-2026-04-16-晓鸣股份-2025年年度报告.pdf (大小: 0.35 MB, ID: file-fe-c4890591224943b8a88a0aa2)
2026-04-16 07:11:55,613 - httpx - INFO - HTTP Request: POST https://dashscope.aliyuncs.com/compatible-mode/v1/files "HTTP/1.1 200 OK"
2026-04-16 07:11:55,614 - ai_service_enhanced - INFO - 文件上传成功: C:\Users\chenkk\Desktop\新建文件夹\净资产收益率和每股收益\300967-2026-04-16-晓鸣股份-2025年年度报告_mgsy.pdf (文件ID: file-fe-1d9e8cf345a443ceb1da5a89)
2026-04-16 07:11:55,614 - __main___file_only - INFO - 上传文件: 300967-2026-04-16-晓鸣股份-2025年年度报告_mgsy.pdf (大小: 0.34 MB, ID: file-fe-1d9e8cf345a443ceb1da5a89)
2026-04-16 07:11:55,614 - httpx - INFO - HTTP Request: DELETE https://dashscope.aliyuncs.com/compatible-mode/v1/files/file-fe-a686194accc44af491c94cc8 "HTTP/1.1 200 OK"
2026-04-16 07:11:55,869 - __main__ - INFO - 开始处理: C:\Users\chenkk\Desktop\新建文件夹\300967-2026-04-16-晓鸣股份-2025年年度报告.pdf
2026-04-16 07:11:56,539 - httpx - INFO - HTTP Request: POST https://dashscope.aliyuncs.com/compatible-mode/v1/chat/completions "HTTP/1.1 200 OK"
2026-04-16 07:11:56,636 - __main___file_only - INFO - 找到数据: 300440 2026-04-16 (3条)
2026-04-16 07:11:56,636 - __main__ - INFO - 处理成功: 300440-2026-04-16
2026-04-16 07:11:56,636 - __main___file_only - INFO - 处理成功: C:\Users\chenkk\Desktop\新建文件夹\300440-2026-04-16-运达科技-2025年年度报告.pdf (耗时: 26.56秒)
2026-04-16 07:11:56,828 - httpx - INFO - HTTP Request: POST https://dashscope.aliyuncs.com/compatible-mode/v1/chat/completions "HTTP/1.1 200 OK"
2026-04-16 07:11:56,870 - httpx - INFO - HTTP Request: POST https://dashscope.aliyuncs.com/compatible-mode/v1/chat/completions "HTTP/1.1 200 OK"
2026-04-16 07:11:56,967 - __main___file_only - INFO - 找到数据: 300305 2026-04-16 (3条)
2026-04-16 07:11:56,968 - __main__ - INFO - 处理成功: 300305-2026-04-16
2026-04-16 07:11:56,968 - __main___file_only - INFO - 处理成功: C:\Users\chenkk\Desktop\新建文件夹\300305-2026-04-16-裕兴股份-2025年年度报告.pdf (耗时: 29.26秒)
2026-04-16 07:11:57,256 - httpx - INFO - HTTP Request: DELETE https://dashscope.aliyuncs.com/compatible-mode/v1/files/file-fe-3d88c9f451f34cc5bd6a8f8c "HTTP/1.1 200 OK"
2026-04-16 07:11:57,492 - httpx - INFO - HTTP Request: POST https://dashscope.aliyuncs.com/compatible-mode/v1/files "HTTP/1.1 200 OK"
2026-04-16 07:11:57,493 - ai_service_enhanced - INFO - 文件上传成功: C:\Users\chenkk\Desktop\新建文件夹\净资产收益率和每股收益\301128-2026-04-16-强瑞技术-2025年年度报告_mgsy.pdf (文件ID: file-fe-c2baa0f30140467980ba0ccf)
2026-04-16 07:11:57,493 - __main___file_only - INFO - 上传文件: 301128-2026-04-16-强瑞技术-2025年年度报告_mgsy.pdf (大小: 0.35 MB, ID: file-fe-c2baa0f30140467980ba0ccf)
2026-04-16 07:11:57,543 - httpx - INFO - HTTP Request: POST https://dashscope.aliyuncs.com/compatible-mode/v1/files "HTTP/1.1 200 OK"
2026-04-16 07:11:57,543 - ai_service_enhanced - INFO - 文件上传成功: C:\Users\chenkk\Desktop\新建文件夹\301128-2026-04-16-强瑞技术-2025年年度报告.pdf (文件ID: file-fe-4d895a2aac2a4b3895f0154e)
2026-04-16 07:11:57,544 - __main___file_only - INFO - 上传文件: 301128-2026-04-16-强瑞技术-2025年年度报告.pdf (大小: 0.35 MB, ID: file-fe-4d895a2aac2a4b3895f0154e)
2026-04-16 07:11:57,617 - __main__ - INFO - 开始处理: C:\Users\chenkk\Desktop\新建文件夹\301128-2026-04-16-强瑞技术-2025年年度报告.pdf
2026-04-16 07:11:57,744 - httpx - INFO - HTTP Request: POST https://dashscope.aliyuncs.com/compatible-mode/v1/chat/completions "HTTP/1.1 200 OK"
2026-04-16 07:11:57,757 - httpx - INFO - HTTP Request: DELETE https://dashscope.aliyuncs.com/compatible-mode/v1/files/file-fe-b5742b972ace41399e524629 "HTTP/1.1 200 OK"
2026-04-16 07:11:57,927 - httpx - INFO - HTTP Request: DELETE https://dashscope.aliyuncs.com/compatible-mode/v1/files/file-fe-508774ed84f14b5ebdcd1a1f "HTTP/1.1 200 OK"
2026-04-16 07:11:58,309 - httpx - INFO - HTTP Request: DELETE https://dashscope.aliyuncs.com/compatible-mode/v1/files/file-fe-f7e9747870374fa2a5b15c4c "HTTP/1.1 200 OK"
2026-04-16 07:11:59,359 - httpx - INFO - HTTP Request: POST https://dashscope.aliyuncs.com/compatible-mode/v1/chat/completions "HTTP/1.1 200 OK"
2026-04-16 07:11:59,456 - __main___file_only - INFO - 找到数据: 300618 2026-04-16 (3条)
2026-04-16 07:11:59,456 - __main__ - INFO - 处理成功: 300618-2026-04-16
2026-04-16 07:11:59,456 - __main___file_only - INFO - 处理成功: C:\Users\chenkk\Desktop\新建文件夹\300618-2026-04-16-寒锐钴业-2025年年度报告.pdf (耗时: 27.27秒)
2026-04-16 07:11:59,634 - httpx - INFO - HTTP Request: POST https://dashscope.aliyuncs.com/compatible-mode/v1/files "HTTP/1.1 200 OK"
2026-04-16 07:11:59,635 - ai_service_enhanced - INFO - 文件上传成功: C:\Users\chenkk\Desktop\新建文件夹\301281-2026-04-16-科源制药-2025年年度报告.pdf (文件ID: file-fe-5c314fe2d67e489bbc3aedf9)
2026-04-16 07:11:59,635 - __main___file_only - INFO - 上传文件: 301281-2026-04-16-科源制药-2025年年度报告.pdf (大小: 0.31 MB, ID: file-fe-5c314fe2d67e489bbc3aedf9)
2026-04-16 07:11:59,661 - httpx - INFO - HTTP Request: POST https://dashscope.aliyuncs.com/compatible-mode/v1/files "HTTP/1.1 200 OK"
2026-04-16 07:11:59,662 - ai_service_enhanced - INFO - 文件上传成功: C:\Users\chenkk\Desktop\新建文件夹\净资产收益率和每股收益\301281-2026-04-16-科源制药-2025年年度报告_mgsy.pdf (文件ID: file-fe-e8a69baa13864135b79a2448)
2026-04-16 07:11:59,662 - __main___file_only - INFO - 上传文件: 301281-2026-04-16-科源制药-2025年年度报告_mgsy.pdf (大小: 0.31 MB, ID: file-fe-e8a69baa13864135b79a2448)
2026-04-16 07:11:59,662 - __main__ - INFO - 开始处理: C:\Users\chenkk\Desktop\新建文件夹\301281-2026-04-16-科源制药-2025年年度报告.pdf
2026-04-16 07:11:59,787 - httpx - INFO - HTTP Request: POST https://dashscope.aliyuncs.com/compatible-mode/v1/chat/completions "HTTP/1.1 200 OK"
2026-04-16 07:12:00,076 - httpx - INFO - HTTP Request: POST https://dashscope.aliyuncs.com/compatible-mode/v1/chat/completions "HTTP/1.1 200 OK"
2026-04-16 07:12:00,113 - httpx - INFO - HTTP Request: DELETE https://dashscope.aliyuncs.com/compatible-mode/v1/files/file-fe-fbd92a5477db451ebff673fe "HTTP/1.1 200 OK"
2026-04-16 07:12:00,787 - httpx - INFO - HTTP Request: DELETE https://dashscope.aliyuncs.com/compatible-mode/v1/files/file-fe-c106452e0e4547708bde8482 "HTTP/1.1 200 OK"
2026-04-16 07:12:01,814 - httpx - INFO - HTTP Request: POST https://dashscope.aliyuncs.com/compatible-mode/v1/files "HTTP/1.1 200 OK"
2026-04-16 07:12:01,816 - ai_service_enhanced - INFO - 文件上传成功: C:\Users\chenkk\Desktop\新建文件夹\净资产收益率和每股收益\301283-2026-04-16-聚胶股份-2025年年度报告_mgsy.pdf (文件ID: file-fe-66db8331a97e40d0b3b49e0a)
2026-04-16 07:12:01,816 - __main___file_only - INFO - 上传文件: 301283-2026-04-16-聚胶股份-2025年年度报告_mgsy.pdf (大小: 0.43 MB, ID: file-fe-66db8331a97e40d0b3b49e0a)
2026-04-16 07:12:01,836 - httpx - INFO - HTTP Request: POST https://dashscope.aliyuncs.com/compatible-mode/v1/files "HTTP/1.1 200 OK"
2026-04-16 07:12:01,837 - ai_service_enhanced - INFO - 文件上传成功: C:\Users\chenkk\Desktop\新建文件夹\301283-2026-04-16-聚胶股份-2025年年度报告.pdf (文件ID: file-fe-0c1195b2c93d4cc6932194e1)
2026-04-16 07:12:01,837 - __main___file_only - INFO - 上传文件: 301283-2026-04-16-聚胶股份-2025年年度报告.pdf (大小: 0.52 MB, ID: file-fe-0c1195b2c93d4cc6932194e1)
2026-04-16 07:12:01,945 - __main__ - INFO - 开始处理: C:\Users\chenkk\Desktop\新建文件夹\301283-2026-04-16-聚胶股份-2025年年度报告.pdf
2026-04-16 07:12:02,098 - httpx - INFO - HTTP Request: POST https://dashscope.aliyuncs.com/compatible-mode/v1/chat/completions "HTTP/1.1 200 OK"
2026-04-16 07:12:02,188 - __main___file_only - INFO - 找到数据: 300623 2026-04-16 (3条)
2026-04-16 07:12:02,189 - __main__ - INFO - 处理成功: 300623-2026-04-16
2026-04-16 07:12:02,189 - __main___file_only - INFO - 处理成功: C:\Users\chenkk\Desktop\新建文件夹\300623-2026-04-16-捷捷微电-2025年年度报告.pdf (耗时: 27.88秒)
2026-04-16 07:12:02,539 - httpx - INFO - HTTP Request: POST https://dashscope.aliyuncs.com/compatible-mode/v1/chat/completions "HTTP/1.1 200 OK"
2026-04-16 07:12:02,612 - __main___file_only - INFO - 找到数据: 300666 2026-04-16 (3条)
2026-04-16 07:12:02,612 - __main__ - INFO - 处理成功: 300666-2026-04-16
2026-04-16 07:12:02,612 - __main___file_only - INFO - 处理成功: C:\Users\chenkk\Desktop\新建文件夹\300666-2026-04-16-江丰电子-2025年年度报告.pdf (耗时: 26.30秒)
2026-04-16 07:12:02,966 - httpx - INFO - HTTP Request: DELETE https://dashscope.aliyuncs.com/compatible-mode/v1/files/file-fe-a53ba4548f8340c586947cfc "HTTP/1.1 200 OK"
2026-04-16 07:12:03,273 - httpx - INFO - HTTP Request: DELETE https://dashscope.aliyuncs.com/compatible-mode/v1/files/file-fe-9c57204466dd47919c618506 "HTTP/1.1 200 OK"
2026-04-16 07:12:03,618 - httpx - INFO - HTTP Request: DELETE https://dashscope.aliyuncs.com/compatible-mode/v1/files/file-fe-53dc66ff916f43e2a085ce9b "HTTP/1.1 200 OK"
2026-04-16 07:12:03,728 - httpx - INFO - HTTP Request: POST https://dashscope.aliyuncs.com/compatible-mode/v1/chat/completions "HTTP/1.1 200 OK"
2026-04-16 07:12:03,859 - httpx - INFO - HTTP Request: POST https://dashscope.aliyuncs.com/compatible-mode/v1/files "HTTP/1.1 200 OK"
2026-04-16 07:12:03,860 - ai_service_enhanced - INFO - 文件上传成功: C:\Users\chenkk\Desktop\新建文件夹\净资产收益率和每股收益\301286-2026-04-16-侨源股份-2025年年度报告_mgsy.pdf (文件ID: file-fe-b02deaa48bc146c7a05cd30a)
2026-04-16 07:12:03,860 - __main___file_only - INFO - 上传文件: 301286-2026-04-16-侨源股份-2025年年度报告_mgsy.pdf (大小: 0.28 MB, ID: file-fe-b02deaa48bc146c7a05cd30a)
2026-04-16 07:12:03,992 - httpx - INFO - HTTP Request: DELETE https://dashscope.aliyuncs.com/compatible-mode/v1/files/file-fe-0d1e190c3468498fa0ace120 "HTTP/1.1 200 OK"
2026-04-16 07:12:04,053 - httpx - INFO - HTTP Request: POST https://dashscope.aliyuncs.com/compatible-mode/v1/files "HTTP/1.1 200 OK"
2026-04-16 07:12:04,053 - ai_service_enhanced - INFO - 文件上传成功: C:\Users\chenkk\Desktop\新建文件夹\301286-2026-04-16-侨源股份-2025年年度报告.pdf (文件ID: file-fe-bff28c4e4d944ae4a438fc57)
2026-04-16 07:12:04,053 - __main___file_only - INFO - 上传文件: 301286-2026-04-16-侨源股份-2025年年度报告.pdf (大小: 0.28 MB, ID: file-fe-bff28c4e4d944ae4a438fc57)
2026-04-16 07:12:04,054 - __main__ - INFO - 开始处理: C:\Users\chenkk\Desktop\新建文件夹\301286-2026-04-16-侨源股份-2025年年度报告.pdf
2026-04-16 07:12:04,146 - httpx - INFO - HTTP Request: POST https://dashscope.aliyuncs.com/compatible-mode/v1/chat/completions "HTTP/1.1 200 OK"
2026-04-16 07:12:04,328 - httpx - INFO - HTTP Request: POST https://dashscope.aliyuncs.com/compatible-mode/v1/chat/completions "HTTP/1.1 200 OK"
2026-04-16 07:12:04,421 - __main___file_only - INFO - 找到数据: 300732 2026-04-16 (3条)
2026-04-16 07:12:04,421 - __main__ - INFO - 处理成功: 300732-2026-04-16
2026-04-16 07:12:04,421 - __main___file_only - INFO - 处理成功: C:\Users\chenkk\Desktop\新建文件夹\300732-2026-04-16-设研院-2025年年度报告.pdf (耗时: 19.65秒)
2026-04-16 07:12:04,779 - httpx - INFO - HTTP Request: POST https://dashscope.aliyuncs.com/compatible-mode/v1/chat/completions "HTTP/1.1 200 OK"
2026-04-16 07:12:04,847 - __main___file_only - INFO - 找到数据: 300685 2026-04-16 (3条)
2026-04-16 07:12:04,847 - __main__ - INFO - 处理成功: 300685-2026-04-16
2026-04-16 07:12:04,847 - __main___file_only - INFO - 处理成功: C:\Users\chenkk\Desktop\新建文件夹\300685-2026-04-16-艾德生物-2025年年度报告.pdf (耗时: 25.89秒)
2026-04-16 07:12:04,971 - httpx - INFO - HTTP Request: DELETE https://dashscope.aliyuncs.com/compatible-mode/v1/files/file-fe-0003357089a248e89ff78a0d "HTTP/1.1 200 OK"
2026-04-16 07:12:05,394 - httpx - INFO - HTTP Request: DELETE https://dashscope.aliyuncs.com/compatible-mode/v1/files/file-fe-c1a1be00f861418cac358019 "HTTP/1.1 200 OK"
2026-04-16 07:12:05,586 - httpx - INFO - HTTP Request: DELETE https://dashscope.aliyuncs.com/compatible-mode/v1/files/file-fe-f0644e93bce145e3b534c0f6 "HTTP/1.1 200 OK"
2026-04-16 07:12:05,981 - httpx - INFO - HTTP Request: DELETE https://dashscope.aliyuncs.com/compatible-mode/v1/files/file-fe-409a712820c24f948cb74dc3 "HTTP/1.1 200 OK"
2026-04-16 07:12:06,068 - httpx - INFO - HTTP Request: POST https://dashscope.aliyuncs.com/compatible-mode/v1/files "HTTP/1.1 200 OK"
2026-04-16 07:12:06,069 - ai_service_enhanced - INFO - 文件上传成功: C:\Users\chenkk\Desktop\新建文件夹\301366-2026-04-16-一博科技-2025年年度报告.pdf (文件ID: file-fe-48e1078900484b989e578c83)
2026-04-16 07:12:06,069 - __main___file_only - INFO - 上传文件: 301366-2026-04-16-一博科技-2025年年度报告.pdf (大小: 0.36 MB, ID: file-fe-48e1078900484b989e578c83)
2026-04-16 07:12:06,087 - httpx - INFO - HTTP Request: POST https://dashscope.aliyuncs.com/compatible-mode/v1/files "HTTP/1.1 200 OK"
2026-04-16 07:12:06,088 - ai_service_enhanced - INFO - 文件上传成功: C:\Users\chenkk\Desktop\新建文件夹\净资产收益率和每股收益\301366-2026-04-16-一博科技-2025年年度报告_mgsy.pdf (文件ID: file-fe-f62c728fd9e940e18af0b3ba)
2026-04-16 07:12:06,088 - __main___file_only - INFO - 上传文件: 301366-2026-04-16-一博科技-2025年年度报告_mgsy.pdf (大小: 0.33 MB, ID: file-fe-f62c728fd9e940e18af0b3ba)
2026-04-16 07:12:06,088 - __main__ - INFO - 开始处理: C:\Users\chenkk\Desktop\新建文件夹\301366-2026-04-16-一博科技-2025年年度报告.pdf
2026-04-16 07:12:06,164 - httpx - INFO - HTTP Request: POST https://dashscope.aliyuncs.com/compatible-mode/v1/chat/completions "HTTP/1.1 200 OK"
2026-04-16 07:12:08,147 - httpx - INFO - HTTP Request: POST https://dashscope.aliyuncs.com/compatible-mode/v1/files "HTTP/1.1 200 OK"
2026-04-16 07:12:08,147 - ai_service_enhanced - INFO - 文件上传成功: C:\Users\chenkk\Desktop\新建文件夹\净资产收益率和每股收益\301373-2026-04-16-凌玮科技-2025年年度报告_mgsy.pdf (文件ID: file-fe-78e4250fca3f44fb988d60d3)
2026-04-16 07:12:08,148 - __main___file_only - INFO - 上传文件: 301373-2026-04-16-凌玮科技-2025年年度报告_mgsy.pdf (大小: 0.30 MB, ID: file-fe-78e4250fca3f44fb988d60d3)
2026-04-16 07:12:08,189 - httpx - INFO - HTTP Request: POST https://dashscope.aliyuncs.com/compatible-mode/v1/files "HTTP/1.1 200 OK"
2026-04-16 07:12:08,190 - ai_service_enhanced - INFO - 文件上传成功: C:\Users\chenkk\Desktop\新建文件夹\301373-2026-04-16-凌玮科技-2025年年度报告.pdf (文件ID: file-fe-3d80c5cceacf449cbbe95cf0)
2026-04-16 07:12:08,190 - __main___file_only - INFO - 上传文件: 301373-2026-04-16-凌玮科技-2025年年度报告.pdf (大小: 0.30 MB, ID: file-fe-3d80c5cceacf449cbbe95cf0)
2026-04-16 07:12:08,453 - __main__ - INFO - 开始处理: C:\Users\chenkk\Desktop\新建文件夹\301373-2026-04-16-凌玮科技-2025年年度报告.pdf
2026-04-16 07:12:10,236 - httpx - INFO - HTTP Request: POST https://dashscope.aliyuncs.com/compatible-mode/v1/files "HTTP/1.1 200 OK"
2026-04-16 07:12:10,236 - ai_service_enhanced - INFO - 文件上传成功: C:\Users\chenkk\Desktop\新建文件夹\净资产收益率和每股收益\600089-2026-04-16-特变电工-特变电工股份有限公司2025年年度报告_mgsy.pdf (文件ID: file-fe-e035d316b47b4e48a5c8457c)
2026-04-16 07:12:10,237 - __main___file_only - INFO - 上传文件: 600089-2026-04-16-特变电工-特变电工股份有限公司2025年年度报告_mgsy.pdf (大小: 0.28 MB, ID: file-fe-e035d316b47b4e48a5c8457c)
2026-04-16 07:12:10,656 - httpx - INFO - HTTP Request: POST https://dashscope.aliyuncs.com/compatible-mode/v1/files "HTTP/1.1 200 OK"
2026-04-16 07:12:10,657 - ai_service_enhanced - INFO - 文件上传成功: C:\Users\chenkk\Desktop\新建文件夹\600089-2026-04-16-特变电工-特变电工股份有限公司2025年年度报告.pdf (文件ID: file-fe-aa969d78f7274dc99e4de3c0)
2026-04-16 07:12:10,657 - __main___file_only - INFO - 上传文件: 600089-2026-04-16-特变电工-特变电工股份有限公司2025年年度报告.pdf (大小: 0.35 MB, ID: file-fe-aa969d78f7274dc99e4de3c0)
2026-04-16 07:12:10,834 - __main__ - INFO - 开始处理: C:\Users\chenkk\Desktop\新建文件夹\600089-2026-04-16-特变电工-特变电工股份有限公司2025年年度报告.pdf
2026-04-16 07:12:11,787 - httpx - INFO - HTTP Request: POST https://dashscope.aliyuncs.com/compatible-mode/v1/chat/completions "HTTP/1.1 200 OK"
2026-04-16 07:12:12,267 - httpx - INFO - HTTP Request: POST https://dashscope.aliyuncs.com/compatible-mode/v1/chat/completions "HTTP/1.1 200 OK"
2026-04-16 07:12:12,349 - __main___file_only - INFO - 找到数据: 300886 2026-04-16 (3条)
2026-04-16 07:12:12,350 - __main__ - INFO - 处理成功: 300886-2026-04-16
2026-04-16 07:12:12,350 - __main___file_only - INFO - 处理成功: C:\Users\chenkk\Desktop\新建文件夹\300886-2026-04-16-华业香料-2025年年度报告.pdf (耗时: 23.35秒)
2026-04-16 07:12:12,492 - httpx - INFO - HTTP Request: POST https://dashscope.aliyuncs.com/compatible-mode/v1/files "HTTP/1.1 200 OK"
2026-04-16 07:12:12,493 - ai_service_enhanced - INFO - 文件上传成功: C:\Users\chenkk\Desktop\新建文件夹\600283-2026-04-16-钱江水利-钱江水利2025年年度报告.pdf (文件ID: file-fe-35aaf4c441a74ac5965fd849)
2026-04-16 07:12:12,493 - __main___file_only - INFO - 上传文件: 600283-2026-04-16-钱江水利-钱江水利2025年年度报告.pdf (大小: 0.32 MB, ID: file-fe-35aaf4c441a74ac5965fd849)
2026-04-16 07:12:12,672 - httpx - INFO - HTTP Request: POST https://dashscope.aliyuncs.com/compatible-mode/v1/chat/completions "HTTP/1.1 200 OK"
2026-04-16 07:12:12,728 - httpx - INFO - HTTP Request: POST https://dashscope.aliyuncs.com/compatible-mode/v1/files "HTTP/1.1 200 OK"
2026-04-16 07:12:12,729 - ai_service_enhanced - INFO - 文件上传成功: C:\Users\chenkk\Desktop\新建文件夹\净资产收益率和每股收益\600283-2026-04-16-钱江水利-钱江水利2025年年度报告_mgsy.pdf (文件ID: file-fe-65791572fc56417abfbabaf2)
2026-04-16 07:12:12,729 - __main___file_only - INFO - 上传文件: 600283-2026-04-16-钱江水利-钱江水利2025年年度报告_mgsy.pdf (大小: 0.29 MB, ID: file-fe-65791572fc56417abfbabaf2)
2026-04-16 07:12:12,949 - __main__ - INFO - 开始处理: C:\Users\chenkk\Desktop\新建文件夹\600283-2026-04-16-钱江水利-钱江水利2025年年度报告.pdf
2026-04-16 07:12:13,006 - httpx - INFO - HTTP Request: DELETE https://dashscope.aliyuncs.com/compatible-mode/v1/files/file-fe-fc6efcafedd540b399d1cdc7 "HTTP/1.1 200 OK"
2026-04-16 07:12:13,406 - httpx - INFO - HTTP Request: POST https://dashscope.aliyuncs.com/compatible-mode/v1/chat/completions "HTTP/1.1 200 OK"
2026-04-16 07:12:14,017 - httpx - INFO - HTTP Request: DELETE https://dashscope.aliyuncs.com/compatible-mode/v1/files/file-fe-463749581757496abf231129 "HTTP/1.1 200 OK"
2026-04-16 07:12:14,603 - httpx - INFO - HTTP Request: POST https://dashscope.aliyuncs.com/compatible-mode/v1/files "HTTP/1.1 200 OK"
2026-04-16 07:12:14,604 - ai_service_enhanced - INFO - 文件上传成功: C:\Users\chenkk\Desktop\新建文件夹\净资产收益率和每股收益\600371-2026-04-16-万向德农-万向德农股份有限公司2025年年度报告_mgsy.pdf (文件ID: file-fe-2d925e879eb24c748a7514ac)
2026-04-16 07:12:14,604 - __main___file_only - INFO - 上传文件: 600371-2026-04-16-万向德农-万向德农股份有限公司2025年年度报告_mgsy.pdf (大小: 0.65 MB, ID: file-fe-2d925e879eb24c748a7514ac)
2026-04-16 07:12:14,758 - httpx - INFO - HTTP Request: POST https://dashscope.aliyuncs.com/compatible-mode/v1/files "HTTP/1.1 200 OK"
2026-04-16 07:12:14,759 - ai_service_enhanced - INFO - 文件上传成功: C:\Users\chenkk\Desktop\新建文件夹\600371-2026-04-16-万向德农-万向德农股份有限公司2025年年度报告.pdf (文件ID: file-fe-dba01f723396437da357bacb)
2026-04-16 07:12:14,759 - __main___file_only - INFO - 上传文件: 600371-2026-04-16-万向德农-万向德农股份有限公司2025年年度报告.pdf (大小: 0.70 MB, ID: file-fe-dba01f723396437da357bacb)
2026-04-16 07:12:14,759 - __main__ - INFO - 开始处理: C:\Users\chenkk\Desktop\新建文件夹\600371-2026-04-16-万向德农-万向德农股份有限公司2025年年度报告.pdf
2026-04-16 07:12:14,945 - httpx - INFO - HTTP Request: POST https://dashscope.aliyuncs.com/compatible-mode/v1/chat/completions "HTTP/1.1 200 OK"
2026-04-16 07:12:15,916 - httpx - INFO - HTTP Request: POST https://dashscope.aliyuncs.com/compatible-mode/v1/chat/completions "HTTP/1.1 200 OK"
2026-04-16 07:12:15,988 - __main___file_only - INFO - 找到数据: 300717 2026-04-16 (3条)
2026-04-16 07:12:15,988 - __main__ - INFO - 处理成功: 300717-2026-04-16
2026-04-16 07:12:15,988 - __main___file_only - INFO - 处理成功: C:\Users\chenkk\Desktop\新建文件夹\300717-2026-04-16-华信新材-2025年年度报告.pdf (耗时: 22.76秒)
2026-04-16 07:12:16,668 - httpx - INFO - HTTP Request: POST https://dashscope.aliyuncs.com/compatible-mode/v1/files "HTTP/1.1 200 OK"
2026-04-16 07:12:16,668 - ai_service_enhanced - INFO - 文件上传成功: C:\Users\chenkk\Desktop\新建文件夹\净资产收益率和每股收益\600386-2026-04-16-北巴传媒-北京巴士传媒股份有限公司2025年年度报告_mgsy.pdf (文件ID: file-fe-ed6705c277864430a43e3cea)
2026-04-16 07:12:16,669 - __main___file_only - INFO - 上传文件: 600386-2026-04-16-北巴传媒-北京巴士传媒股份有限公司2025年年度报告_mgsy.pdf (大小: 0.25 MB, ID: file-fe-ed6705c277864430a43e3cea)
2026-04-16 07:12:16,669 - httpx - INFO - HTTP Request: POST https://dashscope.aliyuncs.com/compatible-mode/v1/files "HTTP/1.1 200 OK"
2026-04-16 07:12:16,670 - ai_service_enhanced - INFO - 文件上传成功: C:\Users\chenkk\Desktop\新建文件夹\600386-2026-04-16-北巴传媒-北京巴士传媒股份有限公司2025年年度报告.pdf (文件ID: file-fe-8e07d91a328c46b5bc61e5ec)
2026-04-16 07:12:16,670 - __main___file_only - INFO - 上传文件: 600386-2026-04-16-北巴传媒-北京巴士传媒股份有限公司2025年年度报告.pdf (大小: 0.27 MB, ID: file-fe-8e07d91a328c46b5bc61e5ec)
2026-04-16 07:12:16,697 - httpx - INFO - HTTP Request: DELETE https://dashscope.aliyuncs.com/compatible-mode/v1/files/file-fe-47d7247ab27242e0adcf4608 "HTTP/1.1 200 OK"
2026-04-16 07:12:16,767 - httpx - INFO - HTTP Request: POST https://dashscope.aliyuncs.com/compatible-mode/v1/chat/completions "HTTP/1.1 200 OK"
2026-04-16 07:12:16,771 - __main__ - INFO - 开始处理: C:\Users\chenkk\Desktop\新建文件夹\600386-2026-04-16-北巴传媒-北京巴士传媒股份有限公司2025年年度报告.pdf
2026-04-16 07:12:17,328 - httpx - INFO - HTTP Request: DELETE https://dashscope.aliyuncs.com/compatible-mode/v1/files/file-fe-5238c3f61b9146f29b06215f "HTTP/1.1 200 OK"
2026-04-16 07:12:17,877 - httpx - INFO - HTTP Request: POST https://dashscope.aliyuncs.com/compatible-mode/v1/chat/completions "HTTP/1.1 200 OK"
2026-04-16 07:12:17,947 - __main___file_only - INFO - 找到数据: 300918 2026-04-16 (3条)
2026-04-16 07:12:17,947 - __main__ - INFO - 处理成功: 300918-2026-04-16
2026-04-16 07:12:17,947 - __main___file_only - INFO - 处理成功: C:\Users\chenkk\Desktop\新建文件夹\300918-2026-04-16-南山智尚-2025年年度报告.pdf (耗时: 24.46秒)
2026-04-16 07:12:18,502 - httpx - INFO - HTTP Request: DELETE https://dashscope.aliyuncs.com/compatible-mode/v1/files/file-fe-89948ab6aa0245dabf8833ca "HTTP/1.1 200 OK"
2026-04-16 07:12:18,762 - httpx - INFO - HTTP Request: POST https://dashscope.aliyuncs.com/compatible-mode/v1/files "HTTP/1.1 200 OK"
2026-04-16 07:12:18,762 - ai_service_enhanced - INFO - 文件上传成功: C:\Users\chenkk\Desktop\新建文件夹\600461-2026-04-16-洪城环境-江西洪城环境股份有限公司2025年年度报告.pdf (文件ID: file-fe-2563f42cae0048e892208fdf)
2026-04-16 07:12:18,762 - __main___file_only - INFO - 上传文件: 600461-2026-04-16-洪城环境-江西洪城环境股份有限公司2025年年度报告.pdf (大小: 0.29 MB, ID: file-fe-2563f42cae0048e892208fdf)
2026-04-16 07:12:18,813 - httpx - INFO - HTTP Request: POST https://dashscope.aliyuncs.com/compatible-mode/v1/files "HTTP/1.1 200 OK"
2026-04-16 07:12:18,813 - ai_service_enhanced - INFO - 文件上传成功: C:\Users\chenkk\Desktop\新建文件夹\净资产收益率和每股收益\600461-2026-04-16-洪城环境-江西洪城环境股份有限公司2025年年度报告_mgsy.pdf (文件ID: file-fe-ede87895de2744048e0c840b)
2026-04-16 07:12:18,814 - __main___file_only - INFO - 上传文件: 600461-2026-04-16-洪城环境-江西洪城环境股份有限公司2025年年度报告_mgsy.pdf (大小: 0.24 MB, ID: file-fe-ede87895de2744048e0c840b)
2026-04-16 07:12:18,814 - __main__ - INFO - 开始处理: C:\Users\chenkk\Desktop\新建文件夹\600461-2026-04-16-洪城环境-江西洪城环境股份有限公司2025年年度报告.pdf
2026-04-16 07:12:18,998 - httpx - INFO - HTTP Request: POST https://dashscope.aliyuncs.com/compatible-mode/v1/chat/completions "HTTP/1.1 200 OK"
2026-04-16 07:12:19,094 - httpx - INFO - HTTP Request: DELETE https://dashscope.aliyuncs.com/compatible-mode/v1/files/file-fe-f9118da958ce4d8b9c883aea "HTTP/1.1 200 OK"
2026-04-16 07:12:20,958 - httpx - INFO - HTTP Request: POST https://dashscope.aliyuncs.com/compatible-mode/v1/files "HTTP/1.1 200 OK"
2026-04-16 07:12:20,959 - ai_service_enhanced - INFO - 文件上传成功: C:\Users\chenkk\Desktop\新建文件夹\净资产收益率和每股收益\600666-2026-04-16-奥瑞德-奥瑞德2025年年度报告_mgsy.pdf (文件ID: file-fe-856032fdffc448019adff2ac)
2026-04-16 07:12:20,959 - __main___file_only - INFO - 上传文件: 600666-2026-04-16-奥瑞德-奥瑞德2025年年度报告_mgsy.pdf (大小: 0.26 MB, ID: file-fe-856032fdffc448019adff2ac)
2026-04-16 07:12:20,986 - httpx - INFO - HTTP Request: POST https://dashscope.aliyuncs.com/compatible-mode/v1/files "HTTP/1.1 200 OK"
2026-04-16 07:12:20,987 - ai_service_enhanced - INFO - 文件上传成功: C:\Users\chenkk\Desktop\新建文件夹\600666-2026-04-16-奥瑞德-奥瑞德2025年年度报告.pdf (文件ID: file-fe-b61e244e47f14dd7a5ab81d1)
2026-04-16 07:12:20,987 - __main___file_only - INFO - 上传文件: 600666-2026-04-16-奥瑞德-奥瑞德2025年年度报告.pdf (大小: 0.28 MB, ID: file-fe-b61e244e47f14dd7a5ab81d1)
2026-04-16 07:12:21,087 - __main__ - INFO - 开始处理: C:\Users\chenkk\Desktop\新建文件夹\600666-2026-04-16-奥瑞德-奥瑞德2025年年度报告.pdf
2026-04-16 07:12:21,162 - httpx - INFO - HTTP Request: POST https://dashscope.aliyuncs.com/compatible-mode/v1/chat/completions "HTTP/1.1 200 OK"
2026-04-16 07:12:22,555 - httpx - INFO - HTTP Request: POST https://dashscope.aliyuncs.com/compatible-mode/v1/chat/completions "HTTP/1.1 200 OK"
2026-04-16 07:12:22,631 - __main___file_only - INFO - 找到数据: 300967 2026-04-16 (3条)
2026-04-16 07:12:22,631 - __main__ - INFO - 处理成功: 300967-2026-04-16
2026-04-16 07:12:22,632 - __main___file_only - INFO - 处理成功: C:\Users\chenkk\Desktop\新建文件夹\300967-2026-04-16-晓鸣股份-2025年年度报告.pdf (耗时: 26.76秒)
2026-04-16 07:12:23,000 - httpx - INFO - HTTP Request: POST https://dashscope.aliyuncs.com/compatible-mode/v1/files "HTTP/1.1 200 OK"
2026-04-16 07:12:23,001 - ai_service_enhanced - INFO - 文件上传成功: C:\Users\chenkk\Desktop\新建文件夹\净资产收益率和每股收益\600707-2026-04-16-彩虹股份-彩虹股份2025年年度报告_mgsy.pdf (文件ID: file-fe-43c7530bae8844efad038c10)
2026-04-16 07:12:23,001 - __main___file_only - INFO - 上传文件: 600707-2026-04-16-彩虹股份-彩虹股份2025年年度报告_mgsy.pdf (大小: 0.35 MB, ID: file-fe-43c7530bae8844efad038c10)
2026-04-16 07:12:23,242 - httpx - INFO - HTTP Request: DELETE https://dashscope.aliyuncs.com/compatible-mode/v1/files/file-fe-c4890591224943b8a88a0aa2 "HTTP/1.1 200 OK"
2026-04-16 07:12:23,430 - httpx - INFO - HTTP Request: POST https://dashscope.aliyuncs.com/compatible-mode/v1/files "HTTP/1.1 200 OK"
2026-04-16 07:12:23,430 - ai_service_enhanced - INFO - 文件上传成功: C:\Users\chenkk\Desktop\新建文件夹\600707-2026-04-16-彩虹股份-彩虹股份2025年年度报告.pdf (文件ID: file-fe-6a95108ad8b14024af88b0c5)
2026-04-16 07:12:23,431 - __main___file_only - INFO - 上传文件: 600707-2026-04-16-彩虹股份-彩虹股份2025年年度报告.pdf (大小: 0.33 MB, ID: file-fe-6a95108ad8b14024af88b0c5)
2026-04-16 07:12:23,466 - __main__ - INFO - 开始处理: C:\Users\chenkk\Desktop\新建文件夹\600707-2026-04-16-彩虹股份-彩虹股份2025年年度报告.pdf
2026-04-16 07:12:23,893 - httpx - INFO - HTTP Request: DELETE https://dashscope.aliyuncs.com/compatible-mode/v1/files/file-fe-1d9e8cf345a443ceb1da5a89 "HTTP/1.1 200 OK"
2026-04-16 07:12:24,115 - httpx - INFO - HTTP Request: POST https://dashscope.aliyuncs.com/compatible-mode/v1/chat/completions "HTTP/1.1 200 OK"
2026-04-16 07:12:25,211 - httpx - INFO - HTTP Request: POST https://dashscope.aliyuncs.com/compatible-mode/v1/chat/completions "HTTP/1.1 200 OK"
2026-04-16 07:12:25,258 - httpx - INFO - HTTP Request: POST https://dashscope.aliyuncs.com/compatible-mode/v1/files "HTTP/1.1 200 OK"
2026-04-16 07:12:25,258 - httpx - INFO - HTTP Request: POST https://dashscope.aliyuncs.com/compatible-mode/v1/files "HTTP/1.1 200 OK"
2026-04-16 07:12:25,259 - ai_service_enhanced - INFO - 文件上传成功: C:\Users\chenkk\Desktop\新建文件夹\净资产收益率和每股收益\600757-2026-04-16-长江传媒-长江传媒2025年年度报告_mgsy.pdf (文件ID: file-fe-26e5985cf6594f1294798fe6)
2026-04-16 07:12:25,259 - __main___file_only - INFO - 上传文件: 600757-2026-04-16-长江传媒-长江传媒2025年年度报告_mgsy.pdf (大小: 0.27 MB, ID: file-fe-26e5985cf6594f1294798fe6)
2026-04-16 07:12:25,259 - ai_service_enhanced - INFO - 文件上传成功: C:\Users\chenkk\Desktop\新建文件夹\600757-2026-04-16-长江传媒-长江传媒2025年年度报告.pdf (文件ID: file-fe-5e30029fbd3d46cab2af2dc1)
2026-04-16 07:12:25,259 - __main___file_only - INFO - 上传文件: 600757-2026-04-16-长江传媒-长江传媒2025年年度报告.pdf (大小: 0.33 MB, ID: file-fe-5e30029fbd3d46cab2af2dc1)
2026-04-16 07:12:25,260 - __main__ - INFO - 开始处理: C:\Users\chenkk\Desktop\新建文件夹\600757-2026-04-16-长江传媒-长江传媒2025年年度报告.pdf
2026-04-16 07:12:25,393 - __main___file_only - INFO - 找到数据: 301128 2026-04-16 (3条)
2026-04-16 07:12:25,394 - __main__ - INFO - 处理成功: 301128-2026-04-16
2026-04-16 07:12:25,394 - __main___file_only - INFO - 处理成功: C:\Users\chenkk\Desktop\新建文件夹\301128-2026-04-16-强瑞技术-2025年年度报告.pdf (耗时: 27.78秒)
2026-04-16 07:12:25,741 - httpx - INFO - HTTP Request: POST https://dashscope.aliyuncs.com/compatible-mode/v1/chat/completions "HTTP/1.1 200 OK"
2026-04-16 07:12:26,081 - httpx - INFO - HTTP Request: DELETE https://dashscope.aliyuncs.com/compatible-mode/v1/files/file-fe-4d895a2aac2a4b3895f0154e "HTTP/1.1 200 OK"
2026-04-16 07:12:26,799 - httpx - INFO - HTTP Request: DELETE https://dashscope.aliyuncs.com/compatible-mode/v1/files/file-fe-c2baa0f30140467980ba0ccf "HTTP/1.1 200 OK"
2026-04-16 07:12:27,285 - httpx - INFO - HTTP Request: POST https://dashscope.aliyuncs.com/compatible-mode/v1/files "HTTP/1.1 200 OK"
2026-04-16 07:12:27,286 - ai_service_enhanced - INFO - 文件上传成功: C:\Users\chenkk\Desktop\新建文件夹\净资产收益率和每股收益\600854-2026-04-16-春兰股份-600854_春兰股份_2025年_年度报告_mgsy.pdf (文件ID: file-fe-84cbf607b0074a06bd9466a3)
2026-04-16 07:12:27,286 - __main___file_only - INFO - 上传文件: 600854-2026-04-16-春兰股份-600854_春兰股份_2025年_年度报告_mgsy.pdf (大小: 0.21 MB, ID: file-fe-84cbf607b0074a06bd9466a3)
2026-04-16 07:12:27,488 - httpx - INFO - HTTP Request: POST https://dashscope.aliyuncs.com/compatible-mode/v1/files "HTTP/1.1 200 OK"
2026-04-16 07:12:27,489 - ai_service_enhanced - INFO - 文件上传成功: C:\Users\chenkk\Desktop\新建文件夹\600854-2026-04-16-春兰股份-600854_春兰股份_2025年_年度报告.pdf (文件ID: file-fe-b6ee96dbc1c344a98409c64e)
2026-04-16 07:12:27,489 - __main___file_only - INFO - 上传文件: 600854-2026-04-16-春兰股份-600854_春兰股份_2025年_年度报告.pdf (大小: 0.25 MB, ID: file-fe-b6ee96dbc1c344a98409c64e)
2026-04-16 07:12:27,634 - __main__ - INFO - 开始处理: C:\Users\chenkk\Desktop\新建文件夹\600854-2026-04-16-春兰股份-600854_春兰股份_2025年_年度报告.pdf
2026-04-16 07:12:27,822 - httpx - INFO - HTTP Request: POST https://dashscope.aliyuncs.com/compatible-mode/v1/chat/completions "HTTP/1.1 200 OK"
2026-04-16 07:12:27,898 - __main___file_only - INFO - 找到数据: 301283 2026-04-16 (3条)
2026-04-16 07:12:27,899 - __main__ - INFO - 处理成功: 301283-2026-04-16
2026-04-16 07:12:27,899 - __main___file_only - INFO - 处理成功: C:\Users\chenkk\Desktop\新建文件夹\301283-2026-04-16-聚胶股份-2025年年度报告.pdf (耗时: 25.95秒)
2026-04-16 07:12:28,082 - httpx - INFO - HTTP Request: POST https://dashscope.aliyuncs.com/compatible-mode/v1/chat/completions "HTTP/1.1 200 OK"
2026-04-16 07:12:28,160 - __main___file_only - INFO - 找到数据: 301281 2026-04-16 (3条)
2026-04-16 07:12:28,160 - __main__ - INFO - 处理成功: 301281-2026-04-16
2026-04-16 07:12:28,160 - __main___file_only - INFO - 处理成功: C:\Users\chenkk\Desktop\新建文件夹\301281-2026-04-16-科源制药-2025年年度报告.pdf (耗时: 28.50秒)
2026-04-16 07:12:28,680 - httpx - INFO - HTTP Request: DELETE https://dashscope.aliyuncs.com/compatible-mode/v1/files/file-fe-0c1195b2c93d4cc6932194e1 "HTTP/1.1 200 OK"
2026-04-16 07:12:28,793 - httpx - INFO - HTTP Request: POST https://dashscope.aliyuncs.com/compatible-mode/v1/chat/completions "HTTP/1.1 200 OK"
2026-04-16 07:12:28,897 - httpx - INFO - HTTP Request: DELETE https://dashscope.aliyuncs.com/compatible-mode/v1/files/file-fe-5c314fe2d67e489bbc3aedf9 "HTTP/1.1 200 OK"
2026-04-16 07:12:29,332 - httpx - INFO - HTTP Request: DELETE https://dashscope.aliyuncs.com/compatible-mode/v1/files/file-fe-66db8331a97e40d0b3b49e0a "HTTP/1.1 200 OK"
2026-04-16 07:12:29,545 - httpx - INFO - HTTP Request: POST https://dashscope.aliyuncs.com/compatible-mode/v1/files "HTTP/1.1 200 OK"
2026-04-16 07:12:29,546 - ai_service_enhanced - INFO - 文件上传成功: C:\Users\chenkk\Desktop\新建文件夹\净资产收益率和每股收益\600935-2026-04-16-华塑股份-安徽华塑股份有限公司2025年年度报告_mgsy.pdf (文件ID: file-fe-51a67abbfe1b4cfd89105eb1)
2026-04-16 07:12:29,546 - __main___file_only - INFO - 上传文件: 600935-2026-04-16-华塑股份-安徽华塑股份有限公司2025年年度报告_mgsy.pdf (大小: 0.27 MB, ID: file-fe-51a67abbfe1b4cfd89105eb1)
2026-04-16 07:12:29,604 - httpx - INFO - HTTP Request: DELETE https://dashscope.aliyuncs.com/compatible-mode/v1/files/file-fe-e8a69baa13864135b79a2448 "HTTP/1.1 200 OK"
2026-04-16 07:12:29,698 - httpx - INFO - HTTP Request: POST https://dashscope.aliyuncs.com/compatible-mode/v1/files "HTTP/1.1 200 OK"
2026-04-16 07:12:29,699 - ai_service_enhanced - INFO - 文件上传成功: C:\Users\chenkk\Desktop\新建文件夹\600935-2026-04-16-华塑股份-安徽华塑股份有限公司2025年年度报告.pdf (文件ID: file-fe-0b8e222a38374d2b8143bf84)
2026-04-16 07:12:29,699 - __main___file_only - INFO - 上传文件: 600935-2026-04-16-华塑股份-安徽华塑股份有限公司2025年年度报告.pdf (大小: 0.31 MB, ID: file-fe-0b8e222a38374d2b8143bf84)
2026-04-16 07:12:29,699 - __main__ - INFO - 开始处理: C:\Users\chenkk\Desktop\新建文件夹\600935-2026-04-16-华塑股份-安徽华塑股份有限公司2025年年度报告.pdf
2026-04-16 07:12:30,807 - httpx - INFO - HTTP Request: POST https://dashscope.aliyuncs.com/compatible-mode/v1/chat/completions "HTTP/1.1 200 OK"
2026-04-16 07:12:31,418 - httpx - INFO - HTTP Request: POST https://dashscope.aliyuncs.com/compatible-mode/v1/chat/completions "HTTP/1.1 200 OK"
2026-04-16 07:12:31,484 - __main___file_only - INFO - 找到数据: 301286 2026-04-16 (3条)
2026-04-16 07:12:31,484 - __main__ - INFO - 处理成功: 301286-2026-04-16
2026-04-16 07:12:31,484 - __main___file_only - INFO - 处理成功: C:\Users\chenkk\Desktop\新建文件夹\301286-2026-04-16-侨源股份-2025年年度报告.pdf (耗时: 27.43秒)
2026-04-16 07:12:31,561 - httpx - INFO - HTTP Request: POST https://dashscope.aliyuncs.com/compatible-mode/v1/files "HTTP/1.1 200 OK"
2026-04-16 07:12:31,561 - ai_service_enhanced - INFO - 文件上传成功: C:\Users\chenkk\Desktop\新建文件夹\净资产收益率和每股收益\601339-2026-04-16-百隆东方-百隆东方2025年度报告_mgsy.pdf (文件ID: file-fe-ac07140557d1413d9605bca4)
2026-04-16 07:12:31,561 - __main___file_only - INFO - 上传文件: 601339-2026-04-16-百隆东方-百隆东方2025年度报告_mgsy.pdf (大小: 0.26 MB, ID: file-fe-ac07140557d1413d9605bca4)
2026-04-16 07:12:31,576 - httpx - INFO - HTTP Request: POST https://dashscope.aliyuncs.com/compatible-mode/v1/files "HTTP/1.1 200 OK"
2026-04-16 07:12:31,577 - ai_service_enhanced - INFO - 文件上传成功: C:\Users\chenkk\Desktop\新建文件夹\601339-2026-04-16-百隆东方-百隆东方2025年度报告.pdf (文件ID: file-fe-1944aaea4fb645149f5725b7)
2026-04-16 07:12:31,577 - __main___file_only - INFO - 上传文件: 601339-2026-04-16-百隆东方-百隆东方2025年度报告.pdf (大小: 0.27 MB, ID: file-fe-1944aaea4fb645149f5725b7)
2026-04-16 07:12:31,712 - __main__ - INFO - 开始处理: C:\Users\chenkk\Desktop\新建文件夹\601339-2026-04-16-百隆东方-百隆东方2025年度报告.pdf
2026-04-16 07:12:32,093 - httpx - INFO - HTTP Request: DELETE https://dashscope.aliyuncs.com/compatible-mode/v1/files/file-fe-b02deaa48bc146c7a05cd30a "HTTP/1.1 200 OK"
2026-04-16 07:12:32,565 - httpx - INFO - HTTP Request: POST https://dashscope.aliyuncs.com/compatible-mode/v1/chat/completions "HTTP/1.1 200 OK"
2026-04-16 07:12:32,628 - __main___file_only - INFO - 找到数据: 301366 2026-04-16 (3条)
2026-04-16 07:12:32,629 - __main__ - INFO - 处理成功: 301366-2026-04-16
2026-04-16 07:12:32,629 - __main___file_only - INFO - 处理成功: C:\Users\chenkk\Desktop\新建文件夹\301366-2026-04-16-一博科技-2025年年度报告.pdf (耗时: 26.54秒)
2026-04-16 07:12:32,872 - httpx - INFO - HTTP Request: DELETE https://dashscope.aliyuncs.com/compatible-mode/v1/files/file-fe-bff28c4e4d944ae4a438fc57 "HTTP/1.1 200 OK"
2026-04-16 07:12:33,187 - httpx - INFO - HTTP Request: POST https://dashscope.aliyuncs.com/compatible-mode/v1/chat/completions "HTTP/1.1 200 OK"
2026-04-16 07:12:33,250 - httpx - INFO - HTTP Request: DELETE https://dashscope.aliyuncs.com/compatible-mode/v1/files/file-fe-48e1078900484b989e578c83 "HTTP/1.1 200 OK"
2026-04-16 07:12:33,608 - httpx - INFO - HTTP Request: POST https://dashscope.aliyuncs.com/compatible-mode/v1/files "HTTP/1.1 200 OK"
2026-04-16 07:12:33,608 - ai_service_enhanced - INFO - 文件上传成功: C:\Users\chenkk\Desktop\新建文件夹\净资产收益率和每股收益\601877-2026-04-16-正泰电器-正泰电器2025年年度报告_mgsy.pdf (文件ID: file-fe-1fa0f6e277574bd9a13d18fe)
2026-04-16 07:12:33,609 - __main___file_only - INFO - 上传文件: 601877-2026-04-16-正泰电器-正泰电器2025年年度报告_mgsy.pdf (大小: 0.32 MB, ID: file-fe-1fa0f6e277574bd9a13d18fe)
2026-04-16 07:12:33,656 - httpx - INFO - HTTP Request: POST https://dashscope.aliyuncs.com/compatible-mode/v1/files "HTTP/1.1 200 OK"
2026-04-16 07:12:33,657 - ai_service_enhanced - INFO - 文件上传成功: C:\Users\chenkk\Desktop\新建文件夹\601877-2026-04-16-正泰电器-正泰电器2025年年度报告.pdf (文件ID: file-fe-5b9e36a30cda433f87be70b4)
2026-04-16 07:12:33,657 - __main___file_only - INFO - 上传文件: 601877-2026-04-16-正泰电器-正泰电器2025年年度报告.pdf (大小: 0.35 MB, ID: file-fe-5b9e36a30cda433f87be70b4)
2026-04-16 07:12:33,718 - __main__ - INFO - 开始处理: C:\Users\chenkk\Desktop\新建文件夹\601877-2026-04-16-正泰电器-正泰电器2025年年度报告.pdf
2026-04-16 07:12:33,778 - httpx - INFO - HTTP Request: POST https://dashscope.aliyuncs.com/compatible-mode/v1/chat/completions "HTTP/1.1 200 OK"
2026-04-16 07:12:33,916 - httpx - INFO - HTTP Request: DELETE https://dashscope.aliyuncs.com/compatible-mode/v1/files/file-fe-f62c728fd9e940e18af0b3ba "HTTP/1.1 200 OK"
2026-04-16 07:12:34,375 - httpx - INFO - HTTP Request: POST https://dashscope.aliyuncs.com/compatible-mode/v1/chat/completions "HTTP/1.1 200 OK"
2026-04-16 07:12:34,439 - __main___file_only - INFO - 找到数据: 600089 2026-04-16 (3条)
2026-04-16 07:12:34,439 - __main__ - INFO - 处理成功: 600089-2026-04-16
2026-04-16 07:12:34,439 - __main___file_only - INFO - 处理成功: C:\Users\chenkk\Desktop\新建文件夹\600089-2026-04-16-特变电工-特变电工股份有限公司2025年年度报告.pdf (耗时: 23.61秒)
2026-04-16 07:12:34,471 - httpx - INFO - HTTP Request: POST https://dashscope.aliyuncs.com/compatible-mode/v1/chat/completions "HTTP/1.1 200 OK"
2026-04-16 07:12:34,533 - __main___file_only - INFO - 找到数据: 301373 2026-04-16 (3条)
2026-04-16 07:12:34,533 - __main__ - INFO - 处理成功: 301373-2026-04-16
2026-04-16 07:12:34,533 - __main___file_only - INFO - 处理成功: C:\Users\chenkk\Desktop\新建文件夹\301373-2026-04-16-凌玮科技-2025年年度报告.pdf (耗时: 26.08秒)
2026-04-16 07:12:35,046 - httpx - INFO - HTTP Request: DELETE https://dashscope.aliyuncs.com/compatible-mode/v1/files/file-fe-e035d316b47b4e48a5c8457c "HTTP/1.1 200 OK"
2026-04-16 07:12:35,151 - httpx - INFO - HTTP Request: DELETE https://dashscope.aliyuncs.com/compatible-mode/v1/files/file-fe-78e4250fca3f44fb988d60d3 "HTTP/1.1 200 OK"
2026-04-16 07:12:35,639 - httpx - INFO - HTTP Request: DELETE https://dashscope.aliyuncs.com/compatible-mode/v1/files/file-fe-aa969d78f7274dc99e4de3c0 "HTTP/1.1 200 OK"
2026-04-16 07:12:35,715 - httpx - INFO - HTTP Request: POST https://dashscope.aliyuncs.com/compatible-mode/v1/files "HTTP/1.1 200 OK"
2026-04-16 07:12:35,716 - ai_service_enhanced - INFO - 文件上传成功: C:\Users\chenkk\Desktop\新建文件夹\净资产收益率和每股收益\603075-2026-04-16-热威股份-2025年年度报告_mgsy.pdf (文件ID: file-fe-c82277bb1d124309ba1757ea)
2026-04-16 07:12:35,716 - __main___file_only - INFO - 上传文件: 603075-2026-04-16-热威股份-2025年年度报告_mgsy.pdf (大小: 0.26 MB, ID: file-fe-c82277bb1d124309ba1757ea)
2026-04-16 07:12:35,763 - httpx - INFO - HTTP Request: POST https://dashscope.aliyuncs.com/compatible-mode/v1/files "HTTP/1.1 200 OK"
2026-04-16 07:12:35,764 - ai_service_enhanced - INFO - 文件上传成功: C:\Users\chenkk\Desktop\新建文件夹\603075-2026-04-16-热威股份-2025年年度报告.pdf (文件ID: file-fe-dc02a926f7a44ed392ac9de9)
2026-04-16 07:12:35,764 - __main___file_only - INFO - 上传文件: 603075-2026-04-16-热威股份-2025年年度报告.pdf (大小: 0.33 MB, ID: file-fe-dc02a926f7a44ed392ac9de9)
2026-04-16 07:12:35,765 - __main__ - INFO - 开始处理: C:\Users\chenkk\Desktop\新建文件夹\603075-2026-04-16-热威股份-2025年年度报告.pdf
2026-04-16 07:12:35,790 - httpx - INFO - HTTP Request: DELETE https://dashscope.aliyuncs.com/compatible-mode/v1/files/file-fe-3d80c5cceacf449cbbe95cf0 "HTTP/1.1 200 OK"
2026-04-16 07:12:36,373 - httpx - INFO - HTTP Request: POST https://dashscope.aliyuncs.com/compatible-mode/v1/chat/completions "HTTP/1.1 200 OK"
2026-04-16 07:12:36,437 - __main___file_only - INFO - 找到数据: 600283 2026-04-16 (3条)
2026-04-16 07:12:36,437 - __main__ - INFO - 处理成功: 600283-2026-04-16
2026-04-16 07:12:36,437 - __main___file_only - INFO - 处理成功: C:\Users\chenkk\Desktop\新建文件夹\600283-2026-04-16-钱江水利-钱江水利2025年年度报告.pdf (耗时: 23.49秒)
2026-04-16 07:12:37,096 - httpx - INFO - HTTP Request: DELETE https://dashscope.aliyuncs.com/compatible-mode/v1/files/file-fe-35aaf4c441a74ac5965fd849 "HTTP/1.1 200 OK"
2026-04-16 07:12:37,760 - httpx - INFO - HTTP Request: DELETE https://dashscope.aliyuncs.com/compatible-mode/v1/files/file-fe-65791572fc56417abfbabaf2 "HTTP/1.1 200 OK"
2026-04-16 07:12:37,842 - httpx - INFO - HTTP Request: POST https://dashscope.aliyuncs.com/compatible-mode/v1/files "HTTP/1.1 200 OK"
2026-04-16 07:12:37,843 - ai_service_enhanced - INFO - 文件上传成功: C:\Users\chenkk\Desktop\新建文件夹\净资产收益率和每股收益\603102-2026-04-16-百合股份-威海百合生物技术股份有限公司2025年年度报告_mgsy.pdf (文件ID: file-fe-6116e28bf6b84f92a0e85623)
2026-04-16 07:12:37,843 - __main___file_only - INFO - 上传文件: 603102-2026-04-16-百合股份-威海百合生物技术股份有限公司2025年年度报告_mgsy.pdf (大小: 0.27 MB, ID: file-fe-6116e28bf6b84f92a0e85623)
2026-04-16 07:12:37,869 - httpx - INFO - HTTP Request: POST https://dashscope.aliyuncs.com/compatible-mode/v1/files "HTTP/1.1 200 OK"
2026-04-16 07:12:37,870 - ai_service_enhanced - INFO - 文件上传成功: C:\Users\chenkk\Desktop\新建文件夹\603102-2026-04-16-百合股份-威海百合生物技术股份有限公司2025年年度报告.pdf (文件ID: file-fe-4cae01a6a0694e459108af9a)
2026-04-16 07:12:37,870 - __main___file_only - INFO - 上传文件: 603102-2026-04-16-百合股份-威海百合生物技术股份有限公司2025年年度报告.pdf (大小: 0.39 MB, ID: file-fe-4cae01a6a0694e459108af9a)
2026-04-16 07:12:38,010 - httpx - INFO - HTTP Request: POST https://dashscope.aliyuncs.com/compatible-mode/v1/chat/completions "HTTP/1.1 200 OK"
2026-04-16 07:12:38,133 - __main__ - INFO - 开始处理: C:\Users\chenkk\Desktop\新建文件夹\603102-2026-04-16-百合股份-威海百合生物技术股份有限公司2025年年度报告.pdf
2026-04-16 07:12:39,274 - httpx - INFO - HTTP Request: POST https://dashscope.aliyuncs.com/compatible-mode/v1/chat/completions "HTTP/1.1 200 OK"
2026-04-16 07:12:40,016 - httpx - INFO - HTTP Request: POST https://dashscope.aliyuncs.com/compatible-mode/v1/files "HTTP/1.1 200 OK"
2026-04-16 07:12:40,017 - ai_service_enhanced - INFO - 文件上传成功: C:\Users\chenkk\Desktop\新建文件夹\净资产收益率和每股收益\603129-2026-04-16-春风动力-春风动力2025年年度报告_mgsy.pdf (文件ID: file-fe-70c35b8a66574b88b2f2a6a8)
2026-04-16 07:12:40,017 - __main___file_only - INFO - 上传文件: 603129-2026-04-16-春风动力-春风动力2025年年度报告_mgsy.pdf (大小: 0.28 MB, ID: file-fe-70c35b8a66574b88b2f2a6a8)
2026-04-16 07:12:40,031 - httpx - INFO - HTTP Request: POST https://dashscope.aliyuncs.com/compatible-mode/v1/files "HTTP/1.1 200 OK"
2026-04-16 07:12:40,032 - ai_service_enhanced - INFO - 文件上传成功: C:\Users\chenkk\Desktop\新建文件夹\603129-2026-04-16-春风动力-春风动力2025年年度报告.pdf (文件ID: file-fe-f644c0290ca24a59b4362d86)
2026-04-16 07:12:40,032 - __main___file_only - INFO - 上传文件: 603129-2026-04-16-春风动力-春风动力2025年年度报告.pdf (大小: 0.35 MB, ID: file-fe-f644c0290ca24a59b4362d86)
2026-04-16 07:12:40,134 - __main__ - INFO - 开始处理: C:\Users\chenkk\Desktop\新建文件夹\603129-2026-04-16-春风动力-春风动力2025年年度报告.pdf
2026-04-16 07:12:40,277 - httpx - INFO - HTTP Request: POST https://dashscope.aliyuncs.com/compatible-mode/v1/chat/completions "HTTP/1.1 200 OK"
2026-04-16 07:12:40,322 - httpx - INFO - HTTP Request: POST https://dashscope.aliyuncs.com/compatible-mode/v1/chat/completions "HTTP/1.1 200 OK"
2026-04-16 07:12:40,437 - __main___file_only - INFO - 找到数据: 600371 2026-04-16 (3条)
2026-04-16 07:12:40,437 - __main__ - INFO - 处理成功: 600371-2026-04-16
2026-04-16 07:12:40,437 - __main___file_only - INFO - 处理成功: C:\Users\chenkk\Desktop\新建文件夹\600371-2026-04-16-万向德农-万向德农股份有限公司2025年年度报告.pdf (耗时: 25.68秒)
2026-04-16 07:12:41,157 - httpx - INFO - HTTP Request: DELETE https://dashscope.aliyuncs.com/compatible-mode/v1/files/file-fe-2d925e879eb24c748a7514ac "HTTP/1.1 200 OK"
2026-04-16 07:12:41,716 - httpx - INFO - HTTP Request: DELETE https://dashscope.aliyuncs.com/compatible-mode/v1/files/file-fe-dba01f723396437da357bacb "HTTP/1.1 200 OK"
2026-04-16 07:12:42,160 - httpx - INFO - HTTP Request: POST https://dashscope.aliyuncs.com/compatible-mode/v1/files "HTTP/1.1 200 OK"
2026-04-16 07:12:42,161 - ai_service_enhanced - INFO - 文件上传成功: C:\Users\chenkk\Desktop\新建文件夹\603186-2026-04-16-华正新材-浙江华正新材料股份有限公司2025年年度报告（修订版）.pdf (文件ID: file-fe-b40cb96b313649b8bda704b7)
2026-04-16 07:12:42,161 - __main___file_only - INFO - 上传文件: 603186-2026-04-16-华正新材-浙江华正新材料股份有限公司2025年年度报告（修订版）.pdf (大小: 0.34 MB, ID: file-fe-b40cb96b313649b8bda704b7)
2026-04-16 07:12:42,192 - httpx - INFO - HTTP Request: POST https://dashscope.aliyuncs.com/compatible-mode/v1/files "HTTP/1.1 200 OK"
2026-04-16 07:12:42,192 - ai_service_enhanced - INFO - 文件上传成功: C:\Users\chenkk\Desktop\新建文件夹\净资产收益率和每股收益\603186-2026-04-16-华正新材-浙江华正新材料股份有限公司2025年年度报告（修订版）_mgsy.pdf (文件ID: file-fe-4fac398ad99d4d38902e949a)
2026-04-16 07:12:42,193 - __main___file_only - INFO - 上传文件: 603186-2026-04-16-华正新材-浙江华正新材料股份有限公司2025年年度报告（修订版）_mgsy.pdf (大小: 0.27 MB, ID: file-fe-4fac398ad99d4d38902e949a)
2026-04-16 07:12:42,193 - __main__ - INFO - 开始处理: C:\Users\chenkk\Desktop\新建文件夹\603186-2026-04-16-华正新材-浙江华正新材料股份有限公司2025年年度报告（修订版）.pdf
2026-04-16 07:12:43,614 - httpx - INFO - HTTP Request: POST https://dashscope.aliyuncs.com/compatible-mode/v1/chat/completions "HTTP/1.1 200 OK"
2026-04-16 07:12:44,266 - httpx - INFO - HTTP Request: POST https://dashscope.aliyuncs.com/compatible-mode/v1/files "HTTP/1.1 200 OK"
2026-04-16 07:12:44,267 - ai_service_enhanced - INFO - 文件上传成功: C:\Users\chenkk\Desktop\新建文件夹\净资产收益率和每股收益\603213-2026-04-16-镇洋发展-浙江镇洋发展股份有限公司2025年年度报告_mgsy.pdf (文件ID: file-fe-e056a6a4abc44f399f486dc8)
2026-04-16 07:12:44,267 - __main___file_only - INFO - 上传文件: 603213-2026-04-16-镇洋发展-浙江镇洋发展股份有限公司2025年年度报告_mgsy.pdf (大小: 0.27 MB, ID: file-fe-e056a6a4abc44f399f486dc8)
2026-04-16 07:12:44,293 - httpx - INFO - HTTP Request: POST https://dashscope.aliyuncs.com/compatible-mode/v1/files "HTTP/1.1 200 OK"
2026-04-16 07:12:44,293 - ai_service_enhanced - INFO - 文件上传成功: C:\Users\chenkk\Desktop\新建文件夹\603213-2026-04-16-镇洋发展-浙江镇洋发展股份有限公司2025年年度报告.pdf (文件ID: file-fe-b1c8ead3f3354ed999cd7d75)
2026-04-16 07:12:44,294 - __main___file_only - INFO - 上传文件: 603213-2026-04-16-镇洋发展-浙江镇洋发展股份有限公司2025年年度报告.pdf (大小: 0.31 MB, ID: file-fe-b1c8ead3f3354ed999cd7d75)
2026-04-16 07:12:44,294 - __main__ - INFO - 开始处理: C:\Users\chenkk\Desktop\新建文件夹\603213-2026-04-16-镇洋发展-浙江镇洋发展股份有限公司2025年年度报告.pdf
2026-04-16 07:12:44,413 - httpx - INFO - HTTP Request: POST https://dashscope.aliyuncs.com/compatible-mode/v1/chat/completions "HTTP/1.1 200 OK"
2026-04-16 07:12:44,451 - httpx - INFO - HTTP Request: POST https://dashscope.aliyuncs.com/compatible-mode/v1/chat/completions "HTTP/1.1 200 OK"
2026-04-16 07:12:44,548 - __main___file_only - INFO - 找到数据: 600386 2026-04-16 (3条)
2026-04-16 07:12:44,549 - __main__ - INFO - 处理成功: 600386-2026-04-16
2026-04-16 07:12:44,549 - __main___file_only - INFO - 处理成功: C:\Users\chenkk\Desktop\新建文件夹\600386-2026-04-16-北巴传媒-北京巴士传媒股份有限公司2025年年度报告.pdf (耗时: 27.78秒)
2026-04-16 07:12:44,597 - __main___file_only - INFO - 找到数据: 600461 2026-04-16 (3条)
2026-04-16 07:12:44,597 - __main__ - INFO - 处理成功: 600461-2026-04-16
2026-04-16 07:12:44,598 - __main___file_only - INFO - 处理成功: C:\Users\chenkk\Desktop\新建文件夹\600461-2026-04-16-洪城环境-江西洪城环境股份有限公司2025年年度报告.pdf (耗时: 25.78秒)
2026-04-16 07:12:45,104 - httpx - INFO - HTTP Request: DELETE https://dashscope.aliyuncs.com/compatible-mode/v1/files/file-fe-8e07d91a328c46b5bc61e5ec "HTTP/1.1 200 OK"
2026-04-16 07:12:45,252 - httpx - INFO - HTTP Request: DELETE https://dashscope.aliyuncs.com/compatible-mode/v1/files/file-fe-2563f42cae0048e892208fdf "HTTP/1.1 200 OK"
2026-04-16 07:12:45,680 - httpx - INFO - HTTP Request: POST https://dashscope.aliyuncs.com/compatible-mode/v1/chat/completions "HTTP/1.1 200 OK"
2026-04-16 07:12:45,750 - httpx - INFO - HTTP Request: DELETE https://dashscope.aliyuncs.com/compatible-mode/v1/files/file-fe-ed6705c277864430a43e3cea "HTTP/1.1 200 OK"
2026-04-16 07:12:45,924 - httpx - INFO - HTTP Request: DELETE https://dashscope.aliyuncs.com/compatible-mode/v1/files/file-fe-ede87895de2744048e0c840b "HTTP/1.1 200 OK"
2026-04-16 07:12:46,336 - httpx - INFO - HTTP Request: POST https://dashscope.aliyuncs.com/compatible-mode/v1/files "HTTP/1.1 200 OK"
2026-04-16 07:12:46,337 - ai_service_enhanced - INFO - 文件上传成功: C:\Users\chenkk\Desktop\新建文件夹\603355-2026-04-16-莱克电气-莱克电气2025年年度报告.pdf (文件ID: file-fe-375c48703ef24d538332f484)
2026-04-16 07:12:46,337 - __main___file_only - INFO - 上传文件: 603355-2026-04-16-莱克电气-莱克电气2025年年度报告.pdf (大小: 0.30 MB, ID: file-fe-375c48703ef24d538332f484)
2026-04-16 07:12:46,454 - httpx - INFO - HTTP Request: POST https://dashscope.aliyuncs.com/compatible-mode/v1/files "HTTP/1.1 200 OK"
2026-04-16 07:12:46,454 - ai_service_enhanced - INFO - 文件上传成功: C:\Users\chenkk\Desktop\新建文件夹\净资产收益率和每股收益\603355-2026-04-16-莱克电气-莱克电气2025年年度报告_mgsy.pdf (文件ID: file-fe-e64cf740dc6d47b4959f804d)
2026-04-16 07:12:46,454 - __main___file_only - INFO - 上传文件: 603355-2026-04-16-莱克电气-莱克电气2025年年度报告_mgsy.pdf (大小: 0.28 MB, ID: file-fe-e64cf740dc6d47b4959f804d)
2026-04-16 07:12:46,522 - httpx - INFO - HTTP Request: POST https://dashscope.aliyuncs.com/compatible-mode/v1/chat/completions "HTTP/1.1 200 OK"
2026-04-16 07:12:46,675 - __main__ - INFO - 开始处理: C:\Users\chenkk\Desktop\新建文件夹\603355-2026-04-16-莱克电气-莱克电气2025年年度报告.pdf
2026-04-16 07:12:47,979 - httpx - INFO - HTTP Request: POST https://dashscope.aliyuncs.com/compatible-mode/v1/chat/completions "HTTP/1.1 200 OK"
2026-04-16 07:12:48,062 - __main___file_only - INFO - 找到数据: 600666 2026-04-16 (3条)
2026-04-16 07:12:48,062 - __main__ - INFO - 处理成功: 600666-2026-04-16
2026-04-16 07:12:48,062 - __main___file_only - INFO - 处理成功: C:\Users\chenkk\Desktop\新建文件夹\600666-2026-04-16-奥瑞德-奥瑞德2025年年度报告.pdf (耗时: 26.98秒)
2026-04-16 07:12:48,162 - httpx - INFO - HTTP Request: POST https://dashscope.aliyuncs.com/compatible-mode/v1/chat/completions "HTTP/1.1 200 OK"
2026-04-16 07:12:48,238 - __main___file_only - INFO - 找到数据: 600757 2026-04-16 (3条)
2026-04-16 07:12:48,238 - __main__ - INFO - 处理成功: 600757-2026-04-16
2026-04-16 07:12:48,238 - __main___file_only - INFO - 处理成功: C:\Users\chenkk\Desktop\新建文件夹\600757-2026-04-16-长江传媒-长江传媒2025年年度报告.pdf (耗时: 22.98秒)
2026-04-16 07:12:48,469 - httpx - INFO - HTTP Request: POST https://dashscope.aliyuncs.com/compatible-mode/v1/files "HTTP/1.1 200 OK"
2026-04-16 07:12:48,470 - ai_service_enhanced - INFO - 文件上传成功: C:\Users\chenkk\Desktop\新建文件夹\603383-2026-04-16-顶点软件-顶点软件2025年年度报告.pdf (文件ID: file-fe-f380069a63e34ee88251077a)
2026-04-16 07:12:48,470 - __main___file_only - INFO - 上传文件: 603383-2026-04-16-顶点软件-顶点软件2025年年度报告.pdf (大小: 0.31 MB, ID: file-fe-f380069a63e34ee88251077a)
2026-04-16 07:12:48,522 - httpx - INFO - HTTP Request: POST https://dashscope.aliyuncs.com/compatible-mode/v1/files "HTTP/1.1 200 OK"
2026-04-16 07:12:48,523 - ai_service_enhanced - INFO - 文件上传成功: C:\Users\chenkk\Desktop\新建文件夹\净资产收益率和每股收益\603383-2026-04-16-顶点软件-顶点软件2025年年度报告_mgsy.pdf (文件ID: file-fe-f25175a1b6d84c58aae99445)
2026-04-16 07:12:48,523 - __main___file_only - INFO - 上传文件: 603383-2026-04-16-顶点软件-顶点软件2025年年度报告_mgsy.pdf (大小: 0.24 MB, ID: file-fe-f25175a1b6d84c58aae99445)
2026-04-16 07:12:48,723 - httpx - INFO - HTTP Request: DELETE https://dashscope.aliyuncs.com/compatible-mode/v1/files/file-fe-856032fdffc448019adff2ac "HTTP/1.1 200 OK"
2026-04-16 07:12:48,782 - __main__ - INFO - 开始处理: C:\Users\chenkk\Desktop\新建文件夹\603383-2026-04-16-顶点软件-顶点软件2025年年度报告.pdf
2026-04-16 07:12:48,866 - httpx - INFO - HTTP Request: DELETE https://dashscope.aliyuncs.com/compatible-mode/v1/files/file-fe-26e5985cf6594f1294798fe6 "HTTP/1.1 200 OK"
2026-04-16 07:12:49,028 - httpx - INFO - HTTP Request: POST https://dashscope.aliyuncs.com/compatible-mode/v1/chat/completions "HTTP/1.1 200 OK"
2026-04-16 07:12:49,091 - __main___file_only - INFO - 找到数据: 600707 2026-04-16 (3条)
2026-04-16 07:12:49,092 - __main__ - INFO - 处理成功: 600707-2026-04-16
2026-04-16 07:12:49,092 - __main___file_only - INFO - 处理成功: C:\Users\chenkk\Desktop\新建文件夹\600707-2026-04-16-彩虹股份-彩虹股份2025年年度报告.pdf (耗时: 25.63秒)
2026-04-16 07:12:49,321 - httpx - INFO - HTTP Request: DELETE https://dashscope.aliyuncs.com/compatible-mode/v1/files/file-fe-b61e244e47f14dd7a5ab81d1 "HTTP/1.1 200 OK"
2026-04-16 07:12:49,656 - httpx - INFO - HTTP Request: DELETE https://dashscope.aliyuncs.com/compatible-mode/v1/files/file-fe-5e30029fbd3d46cab2af2dc1 "HTTP/1.1 200 OK"
2026-04-16 07:12:49,694 - httpx - INFO - HTTP Request: DELETE https://dashscope.aliyuncs.com/compatible-mode/v1/files/file-fe-43c7530bae8844efad038c10 "HTTP/1.1 200 OK"
2026-04-16 07:12:49,835 - httpx - INFO - HTTP Request: POST https://dashscope.aliyuncs.com/compatible-mode/v1/chat/completions "HTTP/1.1 200 OK"
2026-04-16 07:12:50,303 - httpx - INFO - HTTP Request: DELETE https://dashscope.aliyuncs.com/compatible-mode/v1/files/file-fe-6a95108ad8b14024af88b0c5 "HTTP/1.1 200 OK"
2026-04-16 07:12:50,586 - httpx - INFO - HTTP Request: POST https://dashscope.aliyuncs.com/compatible-mode/v1/files "HTTP/1.1 200 OK"
2026-04-16 07:12:50,587 - ai_service_enhanced - INFO - 文件上传成功: C:\Users\chenkk\Desktop\新建文件夹\603536-2026-04-16-惠发食品-惠发食品2025年年度报告.pdf (文件ID: file-fe-3b6d717ed4dd4a1f82a954af)
2026-04-16 07:12:50,587 - __main___file_only - INFO - 上传文件: 603536-2026-04-16-惠发食品-惠发食品2025年年度报告.pdf (大小: 0.28 MB, ID: file-fe-3b6d717ed4dd4a1f82a954af)
2026-04-16 07:12:50,772 - httpx - INFO - HTTP Request: POST https://dashscope.aliyuncs.com/compatible-mode/v1/files "HTTP/1.1 200 OK"
2026-04-16 07:12:50,772 - ai_service_enhanced - INFO - 文件上传成功: C:\Users\chenkk\Desktop\新建文件夹\净资产收益率和每股收益\603536-2026-04-16-惠发食品-惠发食品2025年年度报告_mgsy.pdf (文件ID: file-fe-7eb9ecbb60f2454e979c9d93)
2026-04-16 07:12:50,772 - __main___file_only - INFO - 上传文件: 603536-2026-04-16-惠发食品-惠发食品2025年年度报告_mgsy.pdf (大小: 0.26 MB, ID: file-fe-7eb9ecbb60f2454e979c9d93)
2026-04-16 07:12:50,901 - __main__ - INFO - 开始处理: C:\Users\chenkk\Desktop\新建文件夹\603536-2026-04-16-惠发食品-惠发食品2025年年度报告.pdf
2026-04-16 07:12:50,977 - httpx - INFO - HTTP Request: POST https://dashscope.aliyuncs.com/compatible-mode/v1/chat/completions "HTTP/1.1 200 OK"
2026-04-16 07:12:52,784 - httpx - INFO - HTTP Request: POST https://dashscope.aliyuncs.com/compatible-mode/v1/files "HTTP/1.1 200 OK"
2026-04-16 07:12:52,784 - ai_service_enhanced - INFO - 文件上传成功: C:\Users\chenkk\Desktop\新建文件夹\603916-2026-04-16-苏博特-2025年年度报告.pdf (文件ID: file-fe-655ef56771924287a51129a8)
2026-04-16 07:12:52,784 - __main___file_only - INFO - 上传文件: 603916-2026-04-16-苏博特-2025年年度报告.pdf (大小: 0.30 MB, ID: file-fe-655ef56771924287a51129a8)
2026-04-16 07:12:52,789 - httpx - INFO - HTTP Request: POST https://dashscope.aliyuncs.com/compatible-mode/v1/files "HTTP/1.1 200 OK"
2026-04-16 07:12:52,789 - ai_service_enhanced - INFO - 文件上传成功: C:\Users\chenkk\Desktop\新建文件夹\净资产收益率和每股收益\603916-2026-04-16-苏博特-2025年年度报告_mgsy.pdf (文件ID: file-fe-89d57a18b0ca4e62874f5dc0)
2026-04-16 07:12:52,789 - __main___file_only - INFO - 上传文件: 603916-2026-04-16-苏博特-2025年年度报告_mgsy.pdf (大小: 0.26 MB, ID: file-fe-89d57a18b0ca4e62874f5dc0)
2026-04-16 07:12:52,941 - __main__ - INFO - 开始处理: C:\Users\chenkk\Desktop\新建文件夹\603916-2026-04-16-苏博特-2025年年度报告.pdf
2026-04-16 07:12:53,712 - httpx - INFO - HTTP Request: POST https://dashscope.aliyuncs.com/compatible-mode/v1/chat/completions "HTTP/1.1 200 OK"
2026-04-16 07:12:53,779 - __main___file_only - INFO - 找到数据: 600935 2026-04-16 (3条)
2026-04-16 07:12:53,779 - __main__ - INFO - 处理成功: 600935-2026-04-16
2026-04-16 07:12:53,780 - __main___file_only - INFO - 处理成功: C:\Users\chenkk\Desktop\新建文件夹\600935-2026-04-16-华塑股份-安徽华塑股份有限公司2025年年度报告.pdf (耗时: 24.08秒)
2026-04-16 07:12:54,151 - httpx - INFO - HTTP Request: POST https://dashscope.aliyuncs.com/compatible-mode/v1/chat/completions "HTTP/1.1 200 OK"
2026-04-16 07:12:54,483 - httpx - INFO - HTTP Request: DELETE https://dashscope.aliyuncs.com/compatible-mode/v1/files/file-fe-51a67abbfe1b4cfd89105eb1 "HTTP/1.1 200 OK"
2026-04-16 07:12:54,901 - httpx - INFO - HTTP Request: POST https://dashscope.aliyuncs.com/compatible-mode/v1/files "HTTP/1.1 200 OK"
2026-04-16 07:12:54,901 - ai_service_enhanced - INFO - 文件上传成功: C:\Users\chenkk\Desktop\新建文件夹\净资产收益率和每股收益\603938-2026-04-16-三孚股份-2025年年度报告_mgsy.pdf (文件ID: file-fe-805ce89f59584aac920d9080)
2026-04-16 07:12:54,901 - __main___file_only - INFO - 上传文件: 603938-2026-04-16-三孚股份-2025年年度报告_mgsy.pdf (大小: 0.25 MB, ID: file-fe-805ce89f59584aac920d9080)
2026-04-16 07:12:55,034 - httpx - INFO - HTTP Request: DELETE https://dashscope.aliyuncs.com/compatible-mode/v1/files/file-fe-0b8e222a38374d2b8143bf84 "HTTP/1.1 200 OK"
2026-04-16 07:12:55,247 - httpx - INFO - HTTP Request: POST https://dashscope.aliyuncs.com/compatible-mode/v1/files "HTTP/1.1 200 OK"
2026-04-16 07:12:55,248 - ai_service_enhanced - INFO - 文件上传成功: C:\Users\chenkk\Desktop\新建文件夹\603938-2026-04-16-三孚股份-2025年年度报告.pdf (文件ID: file-fe-75799aea915147968e8a8255)
2026-04-16 07:12:55,248 - __main___file_only - INFO - 上传文件: 603938-2026-04-16-三孚股份-2025年年度报告.pdf (大小: 0.29 MB, ID: file-fe-75799aea915147968e8a8255)
2026-04-16 07:12:55,323 - __main__ - INFO - 开始处理: C:\Users\chenkk\Desktop\新建文件夹\603938-2026-04-16-三孚股份-2025年年度报告.pdf
2026-04-16 07:12:56,534 - httpx - INFO - HTTP Request: POST https://dashscope.aliyuncs.com/compatible-mode/v1/chat/completions "HTTP/1.1 200 OK"
2026-04-16 07:12:57,132 - httpx - INFO - HTTP Request: POST https://dashscope.aliyuncs.com/compatible-mode/v1/files "HTTP/1.1 200 OK"
2026-04-16 07:12:57,132 - ai_service_enhanced - INFO - 文件上传成功: C:\Users\chenkk\Desktop\新建文件夹\净资产收益率和每股收益\603977-2026-04-16-国泰集团-江西国泰集团股份有限公司2025年年度报告_mgsy.pdf (文件ID: file-fe-f73b0ab06b8d41a5ba4e0c4e)
2026-04-16 07:12:57,133 - httpx - INFO - HTTP Request: POST https://dashscope.aliyuncs.com/compatible-mode/v1/files "HTTP/1.1 200 OK"
2026-04-16 07:12:57,133 - __main___file_only - INFO - 上传文件: 603977-2026-04-16-国泰集团-江西国泰集团股份有限公司2025年年度报告_mgsy.pdf (大小: 0.27 MB, ID: file-fe-f73b0ab06b8d41a5ba4e0c4e)
2026-04-16 07:12:57,133 - ai_service_enhanced - INFO - 文件上传成功: C:\Users\chenkk\Desktop\新建文件夹\603977-2026-04-16-国泰集团-江西国泰集团股份有限公司2025年年度报告.pdf (文件ID: file-fe-a7a816c46a634efb84f0e0b9)
2026-04-16 07:12:57,134 - __main___file_only - INFO - 上传文件: 603977-2026-04-16-国泰集团-江西国泰集团股份有限公司2025年年度报告.pdf (大小: 0.29 MB, ID: file-fe-a7a816c46a634efb84f0e0b9)
2026-04-16 07:12:57,134 - __main__ - INFO - 开始处理: C:\Users\chenkk\Desktop\新建文件夹\603977-2026-04-16-国泰集团-江西国泰集团股份有限公司2025年年度报告.pdf
2026-04-16 07:12:57,291 - httpx - INFO - HTTP Request: POST https://dashscope.aliyuncs.com/compatible-mode/v1/chat/completions "HTTP/1.1 200 OK"
2026-04-16 07:12:57,544 - httpx - INFO - HTTP Request: POST https://dashscope.aliyuncs.com/compatible-mode/v1/chat/completions "HTTP/1.1 200 OK"
2026-04-16 07:12:57,638 - __main___file_only - INFO - 找到数据: 600854 2026-04-16 (3条)
2026-04-16 07:12:57,639 - __main__ - INFO - 处理成功: 600854-2026-04-16
2026-04-16 07:12:57,639 - __main___file_only - INFO - 处理成功: C:\Users\chenkk\Desktop\新建文件夹\600854-2026-04-16-春兰股份-600854_春兰股份_2025年_年度报告.pdf (耗时: 30.00秒)
2026-04-16 07:12:57,889 - httpx - INFO - HTTP Request: POST https://dashscope.aliyuncs.com/compatible-mode/v1/chat/completions "HTTP/1.1 200 OK"
2026-04-16 07:12:57,957 - __main___file_only - INFO - 找到数据: 601339 2026-04-16 (3条)
2026-04-16 07:12:57,957 - __main__ - INFO - 处理成功: 601339-2026-04-16
2026-04-16 07:12:57,957 - __main___file_only - INFO - 处理成功: C:\Users\chenkk\Desktop\新建文件夹\601339-2026-04-16-百隆东方-百隆东方2025年度报告.pdf (耗时: 26.25秒)
2026-04-16 07:12:58,274 - httpx - INFO - HTTP Request: DELETE https://dashscope.aliyuncs.com/compatible-mode/v1/files/file-fe-84cbf607b0074a06bd9466a3 "HTTP/1.1 200 OK"
2026-04-16 07:12:58,409 - httpx - INFO - HTTP Request: POST https://dashscope.aliyuncs.com/compatible-mode/v1/chat/completions "HTTP/1.1 200 OK"
2026-04-16 07:12:58,478 - __main___file_only - INFO - 找到数据: 601877 2026-04-16 (3条)
2026-04-16 07:12:58,478 - __main__ - INFO - 处理成功: 601877-2026-04-16
2026-04-16 07:12:58,478 - __main___file_only - INFO - 处理成功: C:\Users\chenkk\Desktop\新建文件夹\601877-2026-04-16-正泰电器-正泰电器2025年年度报告.pdf (耗时: 24.76秒)
2026-04-16 07:12:58,737 - httpx - INFO - HTTP Request: DELETE https://dashscope.aliyuncs.com/compatible-mode/v1/files/file-fe-ac07140557d1413d9605bca4 "HTTP/1.1 200 OK"
2026-04-16 07:12:58,817 - httpx - INFO - HTTP Request: DELETE https://dashscope.aliyuncs.com/compatible-mode/v1/files/file-fe-b6ee96dbc1c344a98409c64e "HTTP/1.1 200 OK"
2026-04-16 07:12:59,131 - httpx - INFO - HTTP Request: DELETE https://dashscope.aliyuncs.com/compatible-mode/v1/files/file-fe-1fa0f6e277574bd9a13d18fe "HTTP/1.1 200 OK"
2026-04-16 07:12:59,167 - httpx - INFO - HTTP Request: POST https://dashscope.aliyuncs.com/compatible-mode/v1/files "HTTP/1.1 200 OK"
2026-04-16 07:12:59,168 - ai_service_enhanced - INFO - 文件上传成功: C:\Users\chenkk\Desktop\新建文件夹\净资产收益率和每股收益\605058-2026-04-16-澳弘电子-澳弘电子2025年年度报告_mgsy.pdf (文件ID: file-fe-543b565a472447efb0a01d14)
2026-04-16 07:12:59,168 - __main___file_only - INFO - 上传文件: 605058-2026-04-16-澳弘电子-澳弘电子2025年年度报告_mgsy.pdf (大小: 0.26 MB, ID: file-fe-543b565a472447efb0a01d14)
2026-04-16 07:12:59,231 - httpx - INFO - HTTP Request: POST https://dashscope.aliyuncs.com/compatible-mode/v1/files "HTTP/1.1 200 OK"
2026-04-16 07:12:59,232 - ai_service_enhanced - INFO - 文件上传成功: C:\Users\chenkk\Desktop\新建文件夹\605058-2026-04-16-澳弘电子-澳弘电子2025年年度报告.pdf (文件ID: file-fe-bd4ef981bcda4b41951dc54d)
2026-04-16 07:12:59,232 - __main___file_only - INFO - 上传文件: 605058-2026-04-16-澳弘电子-澳弘电子2025年年度报告.pdf (大小: 0.28 MB, ID: file-fe-bd4ef981bcda4b41951dc54d)
2026-04-16 07:12:59,232 - __main__ - INFO - 开始处理: C:\Users\chenkk\Desktop\新建文件夹\605058-2026-04-16-澳弘电子-澳弘电子2025年年度报告.pdf
2026-04-16 07:12:59,336 - httpx - INFO - HTTP Request: DELETE https://dashscope.aliyuncs.com/compatible-mode/v1/files/file-fe-1944aaea4fb645149f5725b7 "HTTP/1.1 200 OK"
2026-04-16 07:12:59,676 - httpx - INFO - HTTP Request: DELETE https://dashscope.aliyuncs.com/compatible-mode/v1/files/file-fe-5b9e36a30cda433f87be70b4 "HTTP/1.1 200 OK"
2026-04-16 07:13:00,540 - httpx - INFO - HTTP Request: POST https://dashscope.aliyuncs.com/compatible-mode/v1/chat/completions "HTTP/1.1 200 OK"
2026-04-16 07:13:01,096 - httpx - INFO - HTTP Request: POST https://dashscope.aliyuncs.com/compatible-mode/v1/chat/completions "HTTP/1.1 200 OK"
2026-04-16 07:13:01,170 - __main___file_only - INFO - 找到数据: 603075 2026-04-16 (3条)
2026-04-16 07:13:01,170 - __main__ - INFO - 处理成功: 603075-2026-04-16
2026-04-16 07:13:01,170 - __main___file_only - INFO - 处理成功: C:\Users\chenkk\Desktop\新建文件夹\603075-2026-04-16-热威股份-2025年年度报告.pdf (耗时: 25.41秒)
2026-04-16 07:13:01,429 - httpx - INFO - HTTP Request: POST https://dashscope.aliyuncs.com/compatible-mode/v1/files "HTTP/1.1 200 OK"
2026-04-16 07:13:01,429 - ai_service_enhanced - INFO - 文件上传成功: C:\Users\chenkk\Desktop\新建文件夹\605166-2026-04-16-聚合顺-聚合顺新材料股份有限公司2025年年度报告.pdf (文件ID: file-fe-74c9945d517a4bb1a59d8a57)
2026-04-16 07:13:01,430 - __main___file_only - INFO - 上传文件: 605166-2026-04-16-聚合顺-聚合顺新材料股份有限公司2025年年度报告.pdf (大小: 0.32 MB, ID: file-fe-74c9945d517a4bb1a59d8a57)
2026-04-16 07:13:01,436 - httpx - INFO - HTTP Request: POST https://dashscope.aliyuncs.com/compatible-mode/v1/files "HTTP/1.1 200 OK"
2026-04-16 07:13:01,436 - ai_service_enhanced - INFO - 文件上传成功: C:\Users\chenkk\Desktop\新建文件夹\净资产收益率和每股收益\605166-2026-04-16-聚合顺-聚合顺新材料股份有限公司2025年年度报告_mgsy.pdf (文件ID: file-fe-d2de0120918c437b8a08ca45)
2026-04-16 07:13:01,437 - __main___file_only - INFO - 上传文件: 605166-2026-04-16-聚合顺-聚合顺新材料股份有限公司2025年年度报告_mgsy.pdf (大小: 0.29 MB, ID: file-fe-d2de0120918c437b8a08ca45)
2026-04-16 07:13:01,509 - __main__ - INFO - 开始处理: C:\Users\chenkk\Desktop\新建文件夹\605166-2026-04-16-聚合顺-聚合顺新材料股份有限公司2025年年度报告.pdf
2026-04-16 07:13:01,869 - httpx - INFO - HTTP Request: DELETE https://dashscope.aliyuncs.com/compatible-mode/v1/files/file-fe-c82277bb1d124309ba1757ea "HTTP/1.1 200 OK"
2026-04-16 07:13:02,491 - httpx - INFO - HTTP Request: DELETE https://dashscope.aliyuncs.com/compatible-mode/v1/files/file-fe-dc02a926f7a44ed392ac9de9 "HTTP/1.1 200 OK"
2026-04-16 07:13:02,987 - httpx - INFO - HTTP Request: POST https://dashscope.aliyuncs.com/compatible-mode/v1/chat/completions "HTTP/1.1 200 OK"
2026-04-16 07:13:03,072 - __main___file_only - INFO - 找到数据: 603102 2026-04-16 (3条)
2026-04-16 07:13:03,072 - __main__ - INFO - 处理成功: 603102-2026-04-16
2026-04-16 07:13:03,072 - __main___file_only - INFO - 处理成功: C:\Users\chenkk\Desktop\新建文件夹\603102-2026-04-16-百合股份-威海百合生物技术股份有限公司2025年年度报告.pdf (耗时: 24.94秒)
2026-04-16 07:13:03,538 - httpx - INFO - HTTP Request: POST https://dashscope.aliyuncs.com/compatible-mode/v1/files "HTTP/1.1 200 OK"
2026-04-16 07:13:03,538 - ai_service_enhanced - INFO - 文件上传成功: C:\Users\chenkk\Desktop\新建文件夹\净资产收益率和每股收益\605580-2026-04-16-恒盛能源-恒盛能源股份有限公司2025年年度报告全文_mgsy.pdf (文件ID: file-fe-974660a4281743589ff8b996)
2026-04-16 07:13:03,538 - __main___file_only - INFO - 上传文件: 605580-2026-04-16-恒盛能源-恒盛能源股份有限公司2025年年度报告全文_mgsy.pdf (大小: 0.26 MB, ID: file-fe-974660a4281743589ff8b996)
2026-04-16 07:13:03,577 - httpx - INFO - HTTP Request: POST https://dashscope.aliyuncs.com/compatible-mode/v1/files "HTTP/1.1 200 OK"
2026-04-16 07:13:03,577 - ai_service_enhanced - INFO - 文件上传成功: C:\Users\chenkk\Desktop\新建文件夹\605580-2026-04-16-恒盛能源-恒盛能源股份有限公司2025年年度报告全文.pdf (文件ID: file-fe-9c4f90cd6bec45148fa30ffa)
2026-04-16 07:13:03,578 - __main___file_only - INFO - 上传文件: 605580-2026-04-16-恒盛能源-恒盛能源股份有限公司2025年年度报告全文.pdf (大小: 0.28 MB, ID: file-fe-9c4f90cd6bec45148fa30ffa)
2026-04-16 07:13:03,578 - __main__ - INFO - 开始处理: C:\Users\chenkk\Desktop\新建文件夹\605580-2026-04-16-恒盛能源-恒盛能源股份有限公司2025年年度报告全文.pdf
2026-04-16 07:13:03,736 - httpx - INFO - HTTP Request: DELETE https://dashscope.aliyuncs.com/compatible-mode/v1/files/file-fe-6116e28bf6b84f92a0e85623 "HTTP/1.1 200 OK"
2026-04-16 07:13:03,942 - httpx - INFO - HTTP Request: POST https://dashscope.aliyuncs.com/compatible-mode/v1/chat/completions "HTTP/1.1 200 OK"
2026-04-16 07:13:04,470 - httpx - INFO - HTTP Request: POST https://dashscope.aliyuncs.com/compatible-mode/v1/chat/completions "HTTP/1.1 200 OK"
2026-04-16 07:13:04,487 - httpx - INFO - HTTP Request: DELETE https://dashscope.aliyuncs.com/compatible-mode/v1/files/file-fe-4cae01a6a0694e459108af9a "HTTP/1.1 200 OK"
2026-04-16 07:13:05,604 - httpx - INFO - HTTP Request: POST https://dashscope.aliyuncs.com/compatible-mode/v1/files "HTTP/1.1 200 OK"
2026-04-16 07:13:05,605 - ai_service_enhanced - INFO - 文件上传成功: C:\Users\chenkk\Desktop\新建文件夹\净资产收益率和每股收益\688019-2026-04-16-安集科技-2025年年度报告_mgsy.pdf (文件ID: file-fe-53aeeb5fcd5e4d569512301e)
2026-04-16 07:13:05,605 - __main___file_only - INFO - 上传文件: 688019-2026-04-16-安集科技-2025年年度报告_mgsy.pdf (大小: 0.28 MB, ID: file-fe-53aeeb5fcd5e4d569512301e)
2026-04-16 07:13:05,641 - httpx - INFO - HTTP Request: POST https://dashscope.aliyuncs.com/compatible-mode/v1/files "HTTP/1.1 200 OK"
2026-04-16 07:13:05,642 - ai_service_enhanced - INFO - 文件上传成功: C:\Users\chenkk\Desktop\新建文件夹\688019-2026-04-16-安集科技-2025年年度报告.pdf (文件ID: file-fe-e900e82e395f4393a47422cb)
2026-04-16 07:13:05,642 - __main___file_only - INFO - 上传文件: 688019-2026-04-16-安集科技-2025年年度报告.pdf (大小: 0.30 MB, ID: file-fe-e900e82e395f4393a47422cb)
2026-04-16 07:13:05,643 - __main__ - INFO - 开始处理: C:\Users\chenkk\Desktop\新建文件夹\688019-2026-04-16-安集科技-2025年年度报告.pdf
2026-04-16 07:13:05,696 - httpx - INFO - HTTP Request: POST https://dashscope.aliyuncs.com/compatible-mode/v1/chat/completions "HTTP/1.1 200 OK"
2026-04-16 07:13:05,772 - httpx - INFO - HTTP Request: POST https://dashscope.aliyuncs.com/compatible-mode/v1/chat/completions "HTTP/1.1 200 OK"
2026-04-16 07:13:05,803 - httpx - INFO - HTTP Request: POST https://dashscope.aliyuncs.com/compatible-mode/v1/chat/completions "HTTP/1.1 200 OK"
2026-04-16 07:13:05,845 - __main___file_only - INFO - 找到数据: 603129 2026-04-16 (3条)
2026-04-16 07:13:05,846 - __main__ - INFO - 处理成功: 603129-2026-04-16
2026-04-16 07:13:05,846 - __main___file_only - INFO - 处理成功: C:\Users\chenkk\Desktop\新建文件夹\603129-2026-04-16-春风动力-春风动力2025年年度报告.pdf (耗时: 25.71秒)
2026-04-16 07:13:05,866 - __main___file_only - INFO - 未找到数据: 603186 2026-04-16
2026-04-16 07:13:05,866 - __main__ - INFO - 处理成功: 603186-2026-04-16
2026-04-16 07:13:05,866 - __main___file_only - INFO - 处理成功: C:\Users\chenkk\Desktop\新建文件夹\603186-2026-04-16-华正新材-浙江华正新材料股份有限公司2025年年度报告（修订版）.pdf (耗时: 23.67秒)
2026-04-16 07:13:06,509 - httpx - INFO - HTTP Request: DELETE https://dashscope.aliyuncs.com/compatible-mode/v1/files/file-fe-f644c0290ca24a59b4362d86 "HTTP/1.1 200 OK"
2026-04-16 07:13:06,540 - httpx - INFO - HTTP Request: DELETE https://dashscope.aliyuncs.com/compatible-mode/v1/files/file-fe-b40cb96b313649b8bda704b7 "HTTP/1.1 200 OK"
2026-04-16 07:13:07,133 - httpx - INFO - HTTP Request: DELETE https://dashscope.aliyuncs.com/compatible-mode/v1/files/file-fe-70c35b8a66574b88b2f2a6a8 "HTTP/1.1 200 OK"
2026-04-16 07:13:07,229 - httpx - INFO - HTTP Request: DELETE https://dashscope.aliyuncs.com/compatible-mode/v1/files/file-fe-4fac398ad99d4d38902e949a "HTTP/1.1 200 OK"
2026-04-16 07:13:07,796 - httpx - INFO - HTTP Request: POST https://dashscope.aliyuncs.com/compatible-mode/v1/files "HTTP/1.1 200 OK"
2026-04-16 07:13:07,796 - ai_service_enhanced - INFO - 文件上传成功: C:\Users\chenkk\Desktop\新建文件夹\净资产收益率和每股收益\688206-2026-04-16-概伦电子-2025年年度报告_mgsy.pdf (文件ID: file-fe-50ccbe79f6f74b9ca7e7a44b)
2026-04-16 07:13:07,796 - __main___file_only - INFO - 上传文件: 688206-2026-04-16-概伦电子-2025年年度报告_mgsy.pdf (大小: 0.29 MB, ID: file-fe-50ccbe79f6f74b9ca7e7a44b)
2026-04-16 07:13:07,801 - httpx - INFO - HTTP Request: POST https://dashscope.aliyuncs.com/compatible-mode/v1/chat/completions "HTTP/1.1 200 OK"
2026-04-16 07:13:07,818 - httpx - INFO - HTTP Request: POST https://dashscope.aliyuncs.com/compatible-mode/v1/files "HTTP/1.1 200 OK"
2026-04-16 07:13:07,818 - ai_service_enhanced - INFO - 文件上传成功: C:\Users\chenkk\Desktop\新建文件夹\688206-2026-04-16-概伦电子-2025年年度报告.pdf (文件ID: file-fe-04b059685194443faf457675)
2026-04-16 07:13:07,819 - __main___file_only - INFO - 上传文件: 688206-2026-04-16-概伦电子-2025年年度报告.pdf (大小: 0.32 MB, ID: file-fe-04b059685194443faf457675)
2026-04-16 07:13:07,891 - __main___file_only - INFO - 找到数据: 603213 2026-04-16 (3条)
2026-04-16 07:13:07,891 - __main__ - INFO - 处理成功: 603213-2026-04-16
2026-04-16 07:13:07,891 - __main___file_only - INFO - 处理成功: C:\Users\chenkk\Desktop\新建文件夹\603213-2026-04-16-镇洋发展-浙江镇洋发展股份有限公司2025年年度报告.pdf (耗时: 23.60秒)
2026-04-16 07:13:07,907 - __main__ - INFO - 开始处理: C:\Users\chenkk\Desktop\新建文件夹\688206-2026-04-16-概伦电子-2025年年度报告.pdf
2026-04-16 07:13:08,571 - httpx - INFO - HTTP Request: DELETE https://dashscope.aliyuncs.com/compatible-mode/v1/files/file-fe-e056a6a4abc44f399f486dc8 "HTTP/1.1 200 OK"
2026-04-16 07:13:09,212 - httpx - INFO - HTTP Request: DELETE https://dashscope.aliyuncs.com/compatible-mode/v1/files/file-fe-b1c8ead3f3354ed999cd7d75 "HTTP/1.1 200 OK"
2026-04-16 07:13:09,265 - httpx - INFO - HTTP Request: POST https://dashscope.aliyuncs.com/compatible-mode/v1/chat/completions "HTTP/1.1 200 OK"
2026-04-16 07:13:09,854 - httpx - INFO - HTTP Request: POST https://dashscope.aliyuncs.com/compatible-mode/v1/files "HTTP/1.1 200 OK"
2026-04-16 07:13:09,855 - ai_service_enhanced - INFO - 文件上传成功: C:\Users\chenkk\Desktop\新建文件夹\688273-2026-04-16-麦澜德-2025年年度报告.pdf (文件ID: file-fe-659ea2a4383944f8b64e4b5b)
2026-04-16 07:13:09,855 - __main___file_only - INFO - 上传文件: 688273-2026-04-16-麦澜德-2025年年度报告.pdf (大小: 0.33 MB, ID: file-fe-659ea2a4383944f8b64e4b5b)
2026-04-16 07:13:09,974 - httpx - INFO - HTTP Request: POST https://dashscope.aliyuncs.com/compatible-mode/v1/files "HTTP/1.1 200 OK"
2026-04-16 07:13:09,974 - ai_service_enhanced - INFO - 文件上传成功: C:\Users\chenkk\Desktop\新建文件夹\净资产收益率和每股收益\688273-2026-04-16-麦澜德-2025年年度报告_mgsy.pdf (文件ID: file-fe-e35cb6d6672245c8a773e74a)
2026-04-16 07:13:09,974 - __main___file_only - INFO - 上传文件: 688273-2026-04-16-麦澜德-2025年年度报告_mgsy.pdf (大小: 0.30 MB, ID: file-fe-e35cb6d6672245c8a773e74a)
2026-04-16 07:13:09,975 - __main__ - INFO - 开始处理: C:\Users\chenkk\Desktop\新建文件夹\688273-2026-04-16-麦澜德-2025年年度报告.pdf
2026-04-16 07:13:10,061 - httpx - INFO - HTTP Request: POST https://dashscope.aliyuncs.com/compatible-mode/v1/chat/completions "HTTP/1.1 200 OK"
2026-04-16 07:13:12,026 - httpx - INFO - HTTP Request: POST https://dashscope.aliyuncs.com/compatible-mode/v1/files "HTTP/1.1 200 OK"
2026-04-16 07:13:12,027 - ai_service_enhanced - INFO - 文件上传成功: C:\Users\chenkk\Desktop\新建文件夹\688499-2026-04-16-利元亨-广东利元亨智能装备股份有限公司2025年年度报告.pdf (文件ID: file-fe-7741365f70fc4e5ba95e8343)
2026-04-16 07:13:12,027 - __main___file_only - INFO - 上传文件: 688499-2026-04-16-利元亨-广东利元亨智能装备股份有限公司2025年年度报告.pdf (大小: 0.35 MB, ID: file-fe-7741365f70fc4e5ba95e8343)
2026-04-16 07:13:12,077 - httpx - INFO - HTTP Request: POST https://dashscope.aliyuncs.com/compatible-mode/v1/files "HTTP/1.1 200 OK"
2026-04-16 07:13:12,078 - ai_service_enhanced - INFO - 文件上传成功: C:\Users\chenkk\Desktop\新建文件夹\净资产收益率和每股收益\688499-2026-04-16-利元亨-广东利元亨智能装备股份有限公司2025年年度报告_mgsy.pdf (文件ID: file-fe-d6187a1318a84e1fb3394d79)
2026-04-16 07:13:12,078 - __main___file_only - INFO - 上传文件: 688499-2026-04-16-利元亨-广东利元亨智能装备股份有限公司2025年年度报告_mgsy.pdf (大小: 0.31 MB, ID: file-fe-d6187a1318a84e1fb3394d79)
2026-04-16 07:13:12,078 - __main__ - INFO - 开始处理: C:\Users\chenkk\Desktop\新建文件夹\688499-2026-04-16-利元亨-广东利元亨智能装备股份有限公司2025年年度报告.pdf
2026-04-16 07:13:12,377 - httpx - INFO - HTTP Request: POST https://dashscope.aliyuncs.com/compatible-mode/v1/chat/completions "HTTP/1.1 200 OK"
2026-04-16 07:13:12,441 - __main___file_only - INFO - 找到数据: 603355 2026-04-16 (3条)
2026-04-16 07:13:12,442 - __main__ - INFO - 处理成功: 603355-2026-04-16
2026-04-16 07:13:12,442 - __main___file_only - INFO - 处理成功: C:\Users\chenkk\Desktop\新建文件夹\603355-2026-04-16-莱克电气-莱克电气2025年年度报告.pdf (耗时: 25.77秒)
2026-04-16 07:13:13,224 - httpx - INFO - HTTP Request: DELETE https://dashscope.aliyuncs.com/compatible-mode/v1/files/file-fe-375c48703ef24d538332f484 "HTTP/1.1 200 OK"
2026-04-16 07:13:13,495 - httpx - INFO - HTTP Request: POST https://dashscope.aliyuncs.com/compatible-mode/v1/chat/completions "HTTP/1.1 200 OK"
2026-04-16 07:13:13,760 - httpx - INFO - HTTP Request: DELETE https://dashscope.aliyuncs.com/compatible-mode/v1/files/file-fe-e64cf740dc6d47b4959f804d "HTTP/1.1 200 OK"
2026-04-16 07:13:14,225 - httpx - INFO - HTTP Request: POST https://dashscope.aliyuncs.com/compatible-mode/v1/files "HTTP/1.1 200 OK"
2026-04-16 07:13:14,226 - ai_service_enhanced - INFO - 文件上传成功: C:\Users\chenkk\Desktop\新建文件夹\688612-2026-04-16-威迈斯-2025年年度报告.pdf (文件ID: file-fe-25bd4587c6d244cda8956f11)
2026-04-16 07:13:14,226 - __main___file_only - INFO - 上传文件: 688612-2026-04-16-威迈斯-2025年年度报告.pdf (大小: 0.30 MB, ID: file-fe-25bd4587c6d244cda8956f11)
2026-04-16 07:13:14,322 - httpx - INFO - HTTP Request: POST https://dashscope.aliyuncs.com/compatible-mode/v1/files "HTTP/1.1 200 OK"
2026-04-16 07:13:14,322 - ai_service_enhanced - INFO - 文件上传成功: C:\Users\chenkk\Desktop\新建文件夹\净资产收益率和每股收益\688612-2026-04-16-威迈斯-2025年年度报告_mgsy.pdf (文件ID: file-fe-42bae399f30c49229d7fa966)
2026-04-16 07:13:14,323 - __main___file_only - INFO - 上传文件: 688612-2026-04-16-威迈斯-2025年年度报告_mgsy.pdf (大小: 0.27 MB, ID: file-fe-42bae399f30c49229d7fa966)
2026-04-16 07:13:14,350 - __main__ - INFO - 开始处理: C:\Users\chenkk\Desktop\新建文件夹\688612-2026-04-16-威迈斯-2025年年度报告.pdf
2026-04-16 07:13:16,326 - httpx - INFO - HTTP Request: POST https://dashscope.aliyuncs.com/compatible-mode/v1/files "HTTP/1.1 200 OK"
2026-04-16 07:13:16,326 - ai_service_enhanced - INFO - 文件上传成功: C:\Users\chenkk\Desktop\新建文件夹\688681-2026-04-16-科汇股份-2025年年度报告.pdf (文件ID: file-fe-7c4ab30cc0494227a997b8e6)
2026-04-16 07:13:16,327 - __main___file_only - INFO - 上传文件: 688681-2026-04-16-科汇股份-2025年年度报告.pdf (大小: 0.57 MB, ID: file-fe-7c4ab30cc0494227a997b8e6)
2026-04-16 07:13:16,436 - httpx - INFO - HTTP Request: POST https://dashscope.aliyuncs.com/compatible-mode/v1/chat/completions "HTTP/1.1 200 OK"
2026-04-16 07:13:16,700 - httpx - INFO - HTTP Request: POST https://dashscope.aliyuncs.com/compatible-mode/v1/files "HTTP/1.1 200 OK"
2026-04-16 07:13:16,701 - ai_service_enhanced - INFO - 文件上传成功: C:\Users\chenkk\Desktop\新建文件夹\净资产收益率和每股收益\688681-2026-04-16-科汇股份-2025年年度报告_mgsy.pdf (文件ID: file-fe-0c096f4786d44ae1bfb8b8b3)
2026-04-16 07:13:16,701 - __main___file_only - INFO - 上传文件: 688681-2026-04-16-科汇股份-2025年年度报告_mgsy.pdf (大小: 0.56 MB, ID: file-fe-0c096f4786d44ae1bfb8b8b3)
2026-04-16 07:13:16,736 - __main__ - INFO - 开始处理: C:\Users\chenkk\Desktop\新建文件夹\688681-2026-04-16-科汇股份-2025年年度报告.pdf
2026-04-16 07:13:17,080 - httpx - INFO - HTTP Request: POST https://dashscope.aliyuncs.com/compatible-mode/v1/chat/completions "HTTP/1.1 200 OK"
2026-04-16 07:13:17,164 - __main___file_only - INFO - 找到数据: 603536 2026-04-16 (3条)
2026-04-16 07:13:17,164 - __main__ - INFO - 处理成功: 603536-2026-04-16
2026-04-16 07:13:17,164 - __main___file_only - INFO - 处理成功: C:\Users\chenkk\Desktop\新建文件夹\603536-2026-04-16-惠发食品-惠发食品2025年年度报告.pdf (耗时: 26.26秒)
2026-04-16 07:13:17,259 - httpx - INFO - HTTP Request: POST https://dashscope.aliyuncs.com/compatible-mode/v1/chat/completions "HTTP/1.1 200 OK"
2026-04-16 07:13:17,328 - __main___file_only - INFO - 找到数据: 603383 2026-04-16 (3条)
2026-04-16 07:13:17,329 - __main__ - INFO - 处理成功: 603383-2026-04-16
2026-04-16 07:13:17,329 - __main___file_only - INFO - 处理成功: C:\Users\chenkk\Desktop\新建文件夹\603383-2026-04-16-顶点软件-顶点软件2025年年度报告.pdf (耗时: 28.55秒)
2026-04-16 07:13:17,946 - httpx - INFO - HTTP Request: POST https://dashscope.aliyuncs.com/compatible-mode/v1/chat/completions "HTTP/1.1 200 OK"
2026-04-16 07:13:17,957 - httpx - INFO - HTTP Request: DELETE https://dashscope.aliyuncs.com/compatible-mode/v1/files/file-fe-3b6d717ed4dd4a1f82a954af "HTTP/1.1 200 OK"
2026-04-16 07:13:18,032 - httpx - INFO - HTTP Request: DELETE https://dashscope.aliyuncs.com/compatible-mode/v1/files/file-fe-f380069a63e34ee88251077a "HTTP/1.1 200 OK"
2026-04-16 07:13:18,333 - httpx - INFO - HTTP Request: POST https://dashscope.aliyuncs.com/compatible-mode/v1/chat/completions "HTTP/1.1 200 OK"
2026-04-16 07:13:18,420 - httpx - INFO - HTTP Request: POST https://dashscope.aliyuncs.com/compatible-mode/v1/files "HTTP/1.1 200 OK"
2026-04-16 07:13:18,421 - ai_service_enhanced - INFO - 文件上传成功: C:\Users\chenkk\Desktop\新建文件夹\688690-2026-04-16-纳微科技-苏州纳微科技股份有限公司2025年年度报告.pdf (文件ID: file-fe-6f6d4ba257804211b44ef571)
2026-04-16 07:13:18,421 - __main___file_only - INFO - 上传文件: 688690-2026-04-16-纳微科技-苏州纳微科技股份有限公司2025年年度报告.pdf (大小: 0.32 MB, ID: file-fe-6f6d4ba257804211b44ef571)
2026-04-16 07:13:18,422 - __main___file_only - INFO - 找到数据: 603916 2026-04-16 (3条)
2026-04-16 07:13:18,422 - __main__ - INFO - 处理成功: 603916-2026-04-16
2026-04-16 07:13:18,422 - __main___file_only - INFO - 处理成功: C:\Users\chenkk\Desktop\新建文件夹\603916-2026-04-16-苏博特-2025年年度报告.pdf (耗时: 25.48秒)
2026-04-16 07:13:18,483 - httpx - INFO - HTTP Request: POST https://dashscope.aliyuncs.com/compatible-mode/v1/files "HTTP/1.1 200 OK"
2026-04-16 07:13:18,483 - ai_service_enhanced - INFO - 文件上传成功: C:\Users\chenkk\Desktop\新建文件夹\净资产收益率和每股收益\688690-2026-04-16-纳微科技-苏州纳微科技股份有限公司2025年年度报告_mgsy.pdf (文件ID: file-fe-b78b75904f494ea5b9399f1b)
2026-04-16 07:13:18,484 - __main___file_only - INFO - 上传文件: 688690-2026-04-16-纳微科技-苏州纳微科技股份有限公司2025年年度报告_mgsy.pdf (大小: 0.31 MB, ID: file-fe-b78b75904f494ea5b9399f1b)
2026-04-16 07:13:18,484 - __main__ - INFO - 开始处理: C:\Users\chenkk\Desktop\新建文件夹\688690-2026-04-16-纳微科技-苏州纳微科技股份有限公司2025年年度报告.pdf
2026-04-16 07:13:18,626 - httpx - INFO - HTTP Request: DELETE https://dashscope.aliyuncs.com/compatible-mode/v1/files/file-fe-7eb9ecbb60f2454e979c9d93 "HTTP/1.1 200 OK"
2026-04-16 07:13:18,756 - httpx - INFO - HTTP Request: POST https://dashscope.aliyuncs.com/compatible-mode/v1/chat/completions "HTTP/1.1 200 OK"
2026-04-16 07:13:18,779 - httpx - INFO - HTTP Request: DELETE https://dashscope.aliyuncs.com/compatible-mode/v1/files/file-fe-f25175a1b6d84c58aae99445 "HTTP/1.1 200 OK"
2026-04-16 07:13:19,197 - httpx - INFO - HTTP Request: DELETE https://dashscope.aliyuncs.com/compatible-mode/v1/files/file-fe-655ef56771924287a51129a8 "HTTP/1.1 200 OK"
2026-04-16 07:13:19,880 - httpx - INFO - HTTP Request: DELETE https://dashscope.aliyuncs.com/compatible-mode/v1/files/file-fe-89d57a18b0ca4e62874f5dc0 "HTTP/1.1 200 OK"
2026-04-16 07:13:19,941 - httpx - INFO - HTTP Request: POST https://dashscope.aliyuncs.com/compatible-mode/v1/chat/completions "HTTP/1.1 200 OK"
2026-04-16 07:13:20,027 - __main___file_only - INFO - 找到数据: 603938 2026-04-16 (3条)
2026-04-16 07:13:20,028 - __main__ - INFO - 处理成功: 603938-2026-04-16
2026-04-16 07:13:20,028 - __main___file_only - INFO - 处理成功: C:\Users\chenkk\Desktop\新建文件夹\603938-2026-04-16-三孚股份-2025年年度报告.pdf (耗时: 24.70秒)
2026-04-16 07:13:20,569 - httpx - INFO - HTTP Request: POST https://dashscope.aliyuncs.com/compatible-mode/v1/files "HTTP/1.1 200 OK"
2026-04-16 07:13:20,570 - ai_service_enhanced - INFO - 文件上传成功: C:\Users\chenkk\Desktop\新建文件夹\净资产收益率和每股收益\688698-2026-04-16-伟创电气-2025年年度报告_mgsy.pdf (文件ID: file-fe-eb564471fbc04d878068bec9)
2026-04-16 07:13:20,570 - __main___file_only - INFO - 上传文件: 688698-2026-04-16-伟创电气-2025年年度报告_mgsy.pdf (大小: 0.30 MB, ID: file-fe-eb564471fbc04d878068bec9)
2026-04-16 07:13:20,624 - httpx - INFO - HTTP Request: POST https://dashscope.aliyuncs.com/compatible-mode/v1/files "HTTP/1.1 200 OK"
2026-04-16 07:13:20,625 - ai_service_enhanced - INFO - 文件上传成功: C:\Users\chenkk\Desktop\新建文件夹\688698-2026-04-16-伟创电气-2025年年度报告.pdf (文件ID: file-fe-85fb055ff5f247e386cdb501)
2026-04-16 07:13:20,625 - __main___file_only - INFO - 上传文件: 688698-2026-04-16-伟创电气-2025年年度报告.pdf (大小: 0.31 MB, ID: file-fe-85fb055ff5f247e386cdb501)
2026-04-16 07:13:20,683 - httpx - INFO - HTTP Request: DELETE https://dashscope.aliyuncs.com/compatible-mode/v1/files/file-fe-805ce89f59584aac920d9080 "HTTP/1.1 200 OK"
2026-04-16 07:13:20,874 - __main__ - INFO - 开始处理: C:\Users\chenkk\Desktop\新建文件夹\688698-2026-04-16-伟创电气-2025年年度报告.pdf
2026-04-16 07:13:21,243 - httpx - INFO - HTTP Request: DELETE https://dashscope.aliyuncs.com/compatible-mode/v1/files/file-fe-75799aea915147968e8a8255 "HTTP/1.1 200 OK"
2026-04-16 07:13:22,743 - httpx - INFO - HTTP Request: POST https://dashscope.aliyuncs.com/compatible-mode/v1/files "HTTP/1.1 200 OK"
2026-04-16 07:13:22,744 - ai_service_enhanced - INFO - 文件上传成功: C:\Users\chenkk\Desktop\新建文件夹\净资产收益率和每股收益\920007-2026-04-15-酉立智能-2025年年度报告_mgsy.pdf (文件ID: file-fe-24a3cec36b1445ddbb2354d8)
2026-04-16 07:13:22,744 - __main___file_only - INFO - 上传文件: 920007-2026-04-15-酉立智能-2025年年度报告_mgsy.pdf (大小: 0.40 MB, ID: file-fe-24a3cec36b1445ddbb2354d8)
2026-04-16 07:13:22,756 - httpx - INFO - HTTP Request: POST https://dashscope.aliyuncs.com/compatible-mode/v1/files "HTTP/1.1 200 OK"
2026-04-16 07:13:22,757 - ai_service_enhanced - INFO - 文件上传成功: C:\Users\chenkk\Desktop\新建文件夹\920007-2026-04-15-酉立智能-2025年年度报告.pdf (文件ID: file-fe-702a581a11e64efd81c5debe)
2026-04-16 07:13:22,757 - __main___file_only - INFO - 上传文件: 920007-2026-04-15-酉立智能-2025年年度报告.pdf (大小: 0.46 MB, ID: file-fe-702a581a11e64efd81c5debe)
2026-04-16 07:13:22,885 - __main__ - INFO - 开始处理: C:\Users\chenkk\Desktop\新建文件夹\920007-2026-04-15-酉立智能-2025年年度报告.pdf
2026-04-16 07:13:22,904 - httpx - INFO - HTTP Request: POST https://dashscope.aliyuncs.com/compatible-mode/v1/chat/completions "HTTP/1.1 200 OK"
2026-04-16 07:13:23,006 - __main___file_only - INFO - 找到数据: 603977 2026-04-16 (3条)
2026-04-16 07:13:23,006 - httpx - INFO - HTTP Request: POST https://dashscope.aliyuncs.com/compatible-mode/v1/chat/completions "HTTP/1.1 200 OK"
2026-04-16 07:13:23,007 - __main__ - INFO - 处理成功: 603977-2026-04-16
2026-04-16 07:13:23,007 - __main___file_only - INFO - 处理成功: C:\Users\chenkk\Desktop\新建文件夹\603977-2026-04-16-国泰集团-江西国泰集团股份有限公司2025年年度报告.pdf (耗时: 25.87秒)
2026-04-16 07:13:23,592 - httpx - INFO - HTTP Request: DELETE https://dashscope.aliyuncs.com/compatible-mode/v1/files/file-fe-f73b0ab06b8d41a5ba4e0c4e "HTTP/1.1 200 OK"
2026-04-16 07:13:23,983 - httpx - INFO - HTTP Request: POST https://dashscope.aliyuncs.com/compatible-mode/v1/chat/completions "HTTP/1.1 200 OK"
2026-04-16 07:13:24,336 - httpx - INFO - HTTP Request: DELETE https://dashscope.aliyuncs.com/compatible-mode/v1/files/file-fe-a7a816c46a634efb84f0e0b9 "HTTP/1.1 200 OK"
2026-04-16 07:13:24,803 - httpx - INFO - HTTP Request: POST https://dashscope.aliyuncs.com/compatible-mode/v1/files "HTTP/1.1 200 OK"
2026-04-16 07:13:24,804 - ai_service_enhanced - INFO - 文件上传成功: C:\Users\chenkk\Desktop\新建文件夹\净资产收益率和每股收益\920020-2026-04-15-泰凯英-2025年年度报告_mgsy.pdf (文件ID: file-fe-3381c8348fec4c4caee9aea2)
2026-04-16 07:13:24,804 - __main___file_only - INFO - 上传文件: 920020-2026-04-15-泰凯英-2025年年度报告_mgsy.pdf (大小: 0.39 MB, ID: file-fe-3381c8348fec4c4caee9aea2)
2026-04-16 07:13:24,847 - httpx - INFO - HTTP Request: POST https://dashscope.aliyuncs.com/compatible-mode/v1/files "HTTP/1.1 200 OK"
2026-04-16 07:13:24,848 - ai_service_enhanced - INFO - 文件上传成功: C:\Users\chenkk\Desktop\新建文件夹\920020-2026-04-15-泰凯英-2025年年度报告.pdf (文件ID: file-fe-30e940144573426381e8607b)
2026-04-16 07:13:24,849 - __main___file_only - INFO - 上传文件: 920020-2026-04-15-泰凯英-2025年年度报告.pdf (大小: 0.45 MB, ID: file-fe-30e940144573426381e8607b)
2026-04-16 07:13:24,884 - __main__ - INFO - 开始处理: C:\Users\chenkk\Desktop\新建文件夹\920020-2026-04-15-泰凯英-2025年年度报告.pdf
2026-04-16 07:13:25,696 - httpx - INFO - HTTP Request: POST https://dashscope.aliyuncs.com/compatible-mode/v1/chat/completions "HTTP/1.1 200 OK"
2026-04-16 07:13:25,769 - __main___file_only - INFO - 找到数据: 605058 2026-04-16 (3条)
2026-04-16 07:13:25,769 - __main__ - INFO - 处理成功: 605058-2026-04-16
2026-04-16 07:13:25,769 - __main___file_only - INFO - 处理成功: C:\Users\chenkk\Desktop\新建文件夹\605058-2026-04-16-澳弘电子-澳弘电子2025年年度报告.pdf (耗时: 26.54秒)
2026-04-16 07:13:26,358 - httpx - INFO - HTTP Request: POST https://dashscope.aliyuncs.com/compatible-mode/v1/chat/completions "HTTP/1.1 200 OK"
2026-04-16 07:13:26,413 - httpx - INFO - HTTP Request: DELETE https://dashscope.aliyuncs.com/compatible-mode/v1/files/file-fe-543b565a472447efb0a01d14 "HTTP/1.1 200 OK"
2026-04-16 07:13:26,426 - __main___file_only - INFO - 找到数据: 605166 2026-04-16 (3条)
2026-04-16 07:13:26,426 - __main__ - INFO - 处理成功: 605166-2026-04-16
2026-04-16 07:13:26,426 - __main___file_only - INFO - 处理成功: C:\Users\chenkk\Desktop\新建文件夹\605166-2026-04-16-聚合顺-聚合顺新材料股份有限公司2025年年度报告.pdf (耗时: 24.92秒)
2026-04-16 07:13:26,482 - httpx - INFO - HTTP Request: POST https://dashscope.aliyuncs.com/compatible-mode/v1/chat/completions "HTTP/1.1 200 OK"
2026-04-16 07:13:27,034 - httpx - INFO - HTTP Request: POST https://dashscope.aliyuncs.com/compatible-mode/v1/files "HTTP/1.1 200 OK"
2026-04-16 07:13:27,035 - ai_service_enhanced - INFO - 文件上传成功: C:\Users\chenkk\Desktop\新建文件夹\920149-2026-04-15-旭杰科技-2025年年度报告.pdf (文件ID: file-fe-79e04a98ec7b4e9e819cb921)
2026-04-16 07:13:27,036 - httpx - INFO - HTTP Request: POST https://dashscope.aliyuncs.com/compatible-mode/v1/files "HTTP/1.1 200 OK"
2026-04-16 07:13:27,036 - __main___file_only - INFO - 上传文件: 920149-2026-04-15-旭杰科技-2025年年度报告.pdf (大小: 0.75 MB, ID: file-fe-79e04a98ec7b4e9e819cb921)
2026-04-16 07:13:27,037 - ai_service_enhanced - INFO - 文件上传成功: C:\Users\chenkk\Desktop\新建文件夹\净资产收益率和每股收益\920149-2026-04-15-旭杰科技-2025年年度报告_mgsy.pdf (文件ID: file-fe-deb7aeba04ae4315b2d5e227)
2026-04-16 07:13:27,037 - __main___file_only - INFO - 上传文件: 920149-2026-04-15-旭杰科技-2025年年度报告_mgsy.pdf (大小: 0.47 MB, ID: file-fe-deb7aeba04ae4315b2d5e227)
2026-04-16 07:13:27,061 - httpx - INFO - HTTP Request: DELETE https://dashscope.aliyuncs.com/compatible-mode/v1/files/file-fe-bd4ef981bcda4b41951dc54d "HTTP/1.1 200 OK"
2026-04-16 07:13:27,176 - __main__ - INFO - 开始处理: C:\Users\chenkk\Desktop\新建文件夹\920149-2026-04-15-旭杰科技-2025年年度报告.pdf
2026-04-16 07:13:27,216 - httpx - INFO - HTTP Request: DELETE https://dashscope.aliyuncs.com/compatible-mode/v1/files/file-fe-d2de0120918c437b8a08ca45 "HTTP/1.1 200 OK"
2026-04-16 07:13:27,803 - httpx - INFO - HTTP Request: DELETE https://dashscope.aliyuncs.com/compatible-mode/v1/files/file-fe-74c9945d517a4bb1a59d8a57 "HTTP/1.1 200 OK"
2026-04-16 07:13:28,292 - httpx - INFO - HTTP Request: POST https://dashscope.aliyuncs.com/compatible-mode/v1/chat/completions "HTTP/1.1 200 OK"
2026-04-16 07:13:28,366 - __main___file_only - INFO - 找到数据: 605580 2026-04-16 (3条)
2026-04-16 07:13:28,367 - __main__ - INFO - 处理成功: 605580-2026-04-16
2026-04-16 07:13:28,367 - __main___file_only - INFO - 处理成功: C:\Users\chenkk\Desktop\新建文件夹\605580-2026-04-16-恒盛能源-恒盛能源股份有限公司2025年年度报告全文.pdf (耗时: 24.79秒)
2026-04-16 07:13:29,029 - httpx - INFO - HTTP Request: DELETE https://dashscope.aliyuncs.com/compatible-mode/v1/files/file-fe-974660a4281743589ff8b996 "HTTP/1.1 200 OK"
2026-04-16 07:13:29,127 - httpx - INFO - HTTP Request: POST https://dashscope.aliyuncs.com/compatible-mode/v1/files "HTTP/1.1 200 OK"
2026-04-16 07:13:29,127 - ai_service_enhanced - INFO - 文件上传成功: C:\Users\chenkk\Desktop\新建文件夹\920199-2026-04-15-倍益康-2025年年度报告.pdf (文件ID: file-fe-1cdeb6e8e1e748f4a86aa26c)
2026-04-16 07:13:29,127 - __main___file_only - INFO - 上传文件: 920199-2026-04-15-倍益康-2025年年度报告.pdf (大小: 0.50 MB, ID: file-fe-1cdeb6e8e1e748f4a86aa26c)
2026-04-16 07:13:29,186 - httpx - INFO - HTTP Request: POST https://dashscope.aliyuncs.com/compatible-mode/v1/files "HTTP/1.1 200 OK"
2026-04-16 07:13:29,187 - ai_service_enhanced - INFO - 文件上传成功: C:\Users\chenkk\Desktop\新建文件夹\净资产收益率和每股收益\920199-2026-04-15-倍益康-2025年年度报告_mgsy.pdf (文件ID: file-fe-b1db76be9dd04a2ebcaa4a22)
2026-04-16 07:13:29,187 - __main___file_only - INFO - 上传文件: 920199-2026-04-15-倍益康-2025年年度报告_mgsy.pdf (大小: 0.50 MB, ID: file-fe-b1db76be9dd04a2ebcaa4a22)
2026-04-16 07:13:29,188 - __main__ - INFO - 开始处理: C:\Users\chenkk\Desktop\新建文件夹\920199-2026-04-15-倍益康-2025年年度报告.pdf
2026-04-16 07:13:29,600 - httpx - INFO - HTTP Request: POST https://dashscope.aliyuncs.com/compatible-mode/v1/chat/completions "HTTP/1.1 200 OK"
2026-04-16 07:13:29,632 - httpx - INFO - HTTP Request: POST https://dashscope.aliyuncs.com/compatible-mode/v1/chat/completions "HTTP/1.1 200 OK"
2026-04-16 07:13:29,651 - httpx - INFO - HTTP Request: DELETE https://dashscope.aliyuncs.com/compatible-mode/v1/files/file-fe-9c4f90cd6bec45148fa30ffa "HTTP/1.1 200 OK"
2026-04-16 07:13:29,673 - __main___file_only - INFO - 找到数据: 688019 2026-04-16 (3条)
2026-04-16 07:13:29,673 - __main__ - INFO - 处理成功: 688019-2026-04-16
2026-04-16 07:13:29,674 - __main___file_only - INFO - 处理成功: C:\Users\chenkk\Desktop\新建文件夹\688019-2026-04-16-安集科技-2025年年度报告.pdf (耗时: 24.03秒)
2026-04-16 07:13:30,362 - httpx - INFO - HTTP Request: DELETE https://dashscope.aliyuncs.com/compatible-mode/v1/files/file-fe-53aeeb5fcd5e4d569512301e "HTTP/1.1 200 OK"
2026-04-16 07:13:30,716 - httpx - INFO - HTTP Request: POST https://dashscope.aliyuncs.com/compatible-mode/v1/chat/completions "HTTP/1.1 200 OK"
2026-04-16 07:13:31,132 - httpx - INFO - HTTP Request: DELETE https://dashscope.aliyuncs.com/compatible-mode/v1/files/file-fe-e900e82e395f4393a47422cb "HTTP/1.1 200 OK"
2026-04-16 07:13:31,242 - httpx - INFO - HTTP Request: POST https://dashscope.aliyuncs.com/compatible-mode/v1/files "HTTP/1.1 200 OK"
2026-04-16 07:13:31,243 - ai_service_enhanced - INFO - 文件上传成功: C:\Users\chenkk\Desktop\新建文件夹\920223-2026-04-15-荣亿精密-2025年年度报告.pdf (文件ID: file-fe-8f6d0dc2855b40d2973c2c13)
2026-04-16 07:13:31,243 - __main___file_only - INFO - 上传文件: 920223-2026-04-15-荣亿精密-2025年年度报告.pdf (大小: 0.47 MB, ID: file-fe-8f6d0dc2855b40d2973c2c13)
2026-04-16 07:13:31,362 - httpx - INFO - HTTP Request: POST https://dashscope.aliyuncs.com/compatible-mode/v1/files "HTTP/1.1 200 OK"
2026-04-16 07:13:31,363 - ai_service_enhanced - INFO - 文件上传成功: C:\Users\chenkk\Desktop\新建文件夹\净资产收益率和每股收益\920223-2026-04-15-荣亿精密-2025年年度报告_mgsy.pdf (文件ID: file-fe-4d82072269b24990b00d3c0f)
2026-04-16 07:13:31,363 - __main___file_only - INFO - 上传文件: 920223-2026-04-15-荣亿精密-2025年年度报告_mgsy.pdf (大小: 0.24 MB, ID: file-fe-4d82072269b24990b00d3c0f)
2026-04-16 07:13:31,583 - __main__ - INFO - 开始处理: C:\Users\chenkk\Desktop\新建文件夹\920223-2026-04-15-荣亿精密-2025年年度报告.pdf
2026-04-16 07:13:33,196 - httpx - INFO - HTTP Request: POST https://dashscope.aliyuncs.com/compatible-mode/v1/chat/completions "HTTP/1.1 200 OK"
2026-04-16 07:13:33,416 - httpx - INFO - HTTP Request: POST https://dashscope.aliyuncs.com/compatible-mode/v1/files "HTTP/1.1 200 OK"
2026-04-16 07:13:33,417 - ai_service_enhanced - INFO - 文件上传成功: C:\Users\chenkk\Desktop\新建文件夹\净资产收益率和每股收益\920230-2026-04-15-欧康医药-2025年年度报告_mgsy.pdf (文件ID: file-fe-fccda65cf8494b9794635bdd)
2026-04-16 07:13:33,417 - __main___file_only - INFO - 上传文件: 920230-2026-04-15-欧康医药-2025年年度报告_mgsy.pdf (大小: 0.30 MB, ID: file-fe-fccda65cf8494b9794635bdd)
2026-04-16 07:13:33,487 - httpx - INFO - HTTP Request: POST https://dashscope.aliyuncs.com/compatible-mode/v1/files "HTTP/1.1 200 OK"
2026-04-16 07:13:33,488 - ai_service_enhanced - INFO - 文件上传成功: C:\Users\chenkk\Desktop\新建文件夹\920230-2026-04-15-欧康医药-2025年年度报告.pdf (文件ID: file-fe-beaa576ab901434ba5df9e8e)
2026-04-16 07:13:33,488 - __main___file_only - INFO - 上传文件: 920230-2026-04-15-欧康医药-2025年年度报告.pdf (大小: 0.51 MB, ID: file-fe-beaa576ab901434ba5df9e8e)
2026-04-16 07:13:33,715 - __main__ - INFO - 开始处理: C:\Users\chenkk\Desktop\新建文件夹\920230-2026-04-15-欧康医药-2025年年度报告.pdf
2026-04-16 07:13:33,765 - httpx - INFO - HTTP Request: POST https://dashscope.aliyuncs.com/compatible-mode/v1/chat/completions "HTTP/1.1 200 OK"
2026-04-16 07:13:33,969 - httpx - INFO - HTTP Request: POST https://dashscope.aliyuncs.com/compatible-mode/v1/chat/completions "HTTP/1.1 200 OK"
2026-04-16 07:13:34,121 - __main___file_only - INFO - 找到数据: 688206 2026-04-16 (3条)
2026-04-16 07:13:34,122 - __main__ - INFO - 处理成功: 688206-2026-04-16
2026-04-16 07:13:34,122 - __main___file_only - INFO - 处理成功: C:\Users\chenkk\Desktop\新建文件夹\688206-2026-04-16-概伦电子-2025年年度报告.pdf (耗时: 26.21秒)
2026-04-16 07:13:34,805 - httpx - INFO - HTTP Request: DELETE https://dashscope.aliyuncs.com/compatible-mode/v1/files/file-fe-04b059685194443faf457675 "HTTP/1.1 200 OK"
2026-04-16 07:13:35,152 - httpx - INFO - HTTP Request: POST https://dashscope.aliyuncs.com/compatible-mode/v1/chat/completions "HTTP/1.1 200 OK"
2026-04-16 07:13:35,297 - __main___file_only - INFO - 找到数据: 688273 2026-04-16 (3条)
2026-04-16 07:13:35,298 - __main__ - INFO - 处理成功: 688273-2026-04-16
2026-04-16 07:13:35,298 - __main___file_only - INFO - 处理成功: C:\Users\chenkk\Desktop\新建文件夹\688273-2026-04-16-麦澜德-2025年年度报告.pdf (耗时: 25.32秒)
2026-04-16 07:13:35,476 - httpx - INFO - HTTP Request: DELETE https://dashscope.aliyuncs.com/compatible-mode/v1/files/file-fe-50ccbe79f6f74b9ca7e7a44b "HTTP/1.1 200 OK"
2026-04-16 07:13:35,522 - httpx - INFO - HTTP Request: POST https://dashscope.aliyuncs.com/compatible-mode/v1/files "HTTP/1.1 200 OK"
2026-04-16 07:13:35,523 - ai_service_enhanced - INFO - 文件上传成功: C:\Users\chenkk\Desktop\新建文件夹\净资产收益率和每股收益\920249-2026-04-15-利尔达-2025年年度报告_mgsy.pdf (文件ID: file-fe-98bf6b80b52e4020805cc087)
2026-04-16 07:13:35,523 - __main___file_only - INFO - 上传文件: 920249-2026-04-15-利尔达-2025年年度报告_mgsy.pdf (大小: 0.28 MB, ID: file-fe-98bf6b80b52e4020805cc087)
2026-04-16 07:13:35,532 - httpx - INFO - HTTP Request: POST https://dashscope.aliyuncs.com/compatible-mode/v1/files "HTTP/1.1 200 OK"
2026-04-16 07:13:35,533 - ai_service_enhanced - INFO - 文件上传成功: C:\Users\chenkk\Desktop\新建文件夹\920249-2026-04-15-利尔达-2025年年度报告.pdf (文件ID: file-fe-e2cb4d18ee044075ac143d7f)
2026-04-16 07:13:35,533 - __main___file_only - INFO - 上传文件: 920249-2026-04-15-利尔达-2025年年度报告.pdf (大小: 0.72 MB, ID: file-fe-e2cb4d18ee044075ac143d7f)
2026-04-16 07:13:35,533 - __main__ - INFO - 开始处理: C:\Users\chenkk\Desktop\新建文件夹\920249-2026-04-15-利尔达-2025年年度报告.pdf
2026-04-16 07:13:35,966 - httpx - INFO - HTTP Request: DELETE https://dashscope.aliyuncs.com/compatible-mode/v1/files/file-fe-659ea2a4383944f8b64e4b5b "HTTP/1.1 200 OK"
2026-04-16 07:13:36,048 - httpx - INFO - HTTP Request: POST https://dashscope.aliyuncs.com/compatible-mode/v1/chat/completions "HTTP/1.1 200 OK"
2026-04-16 07:13:36,657 - httpx - INFO - HTTP Request: DELETE https://dashscope.aliyuncs.com/compatible-mode/v1/files/file-fe-e35cb6d6672245c8a773e74a "HTTP/1.1 200 OK"
2026-04-16 07:13:37,548 - httpx - INFO - HTTP Request: POST https://dashscope.aliyuncs.com/compatible-mode/v1/chat/completions "HTTP/1.1 200 OK"
2026-04-16 07:13:37,569 - httpx - INFO - HTTP Request: POST https://dashscope.aliyuncs.com/compatible-mode/v1/files "HTTP/1.1 200 OK"
2026-04-16 07:13:37,570 - ai_service_enhanced - INFO - 文件上传成功: C:\Users\chenkk\Desktop\新建文件夹\920357-2026-04-15-雅葆轩-2025年年度报告.pdf (文件ID: file-fe-1a9d100f720c45bbb1d0e6e8)
2026-04-16 07:13:37,570 - __main___file_only - INFO - 上传文件: 920357-2026-04-15-雅葆轩-2025年年度报告.pdf (大小: 0.41 MB, ID: file-fe-1a9d100f720c45bbb1d0e6e8)
2026-04-16 07:13:37,713 - __main___file_only - INFO - 找到数据: 688612 2026-04-16 (3条)
2026-04-16 07:13:37,713 - __main__ - INFO - 处理成功: 688612-2026-04-16
2026-04-16 07:13:37,714 - __main___file_only - INFO - 处理成功: C:\Users\chenkk\Desktop\新建文件夹\688612-2026-04-16-威迈斯-2025年年度报告.pdf (耗时: 23.36秒)
2026-04-16 07:13:37,768 - httpx - INFO - HTTP Request: POST https://dashscope.aliyuncs.com/compatible-mode/v1/files "HTTP/1.1 200 OK"
2026-04-16 07:13:37,769 - ai_service_enhanced - INFO - 文件上传成功: C:\Users\chenkk\Desktop\新建文件夹\净资产收益率和每股收益\920357-2026-04-15-雅葆轩-2025年年度报告_mgsy.pdf (文件ID: file-fe-c48a662150b3427baa740a72)
2026-04-16 07:13:37,770 - __main___file_only - INFO - 上传文件: 920357-2026-04-15-雅葆轩-2025年年度报告_mgsy.pdf (大小: 0.29 MB, ID: file-fe-c48a662150b3427baa740a72)
2026-04-16 07:13:37,909 - __main__ - INFO - 开始处理: C:\Users\chenkk\Desktop\新建文件夹\920357-2026-04-15-雅葆轩-2025年年度报告.pdf
2026-04-16 07:13:38,324 - httpx - INFO - HTTP Request: POST https://dashscope.aliyuncs.com/compatible-mode/v1/chat/completions "HTTP/1.1 200 OK"
2026-04-16 07:13:38,390 - httpx - INFO - HTTP Request: DELETE https://dashscope.aliyuncs.com/compatible-mode/v1/files/file-fe-42bae399f30c49229d7fa966 "HTTP/1.1 200 OK"
2026-04-16 07:13:38,436 - __main___file_only - INFO - 找到数据: 688499 2026-04-16 (3条)
2026-04-16 07:13:38,436 - __main__ - INFO - 处理成功: 688499-2026-04-16
2026-04-16 07:13:38,436 - __main___file_only - INFO - 处理成功: C:\Users\chenkk\Desktop\新建文件夹\688499-2026-04-16-利元亨-广东利元亨智能装备股份有限公司2025年年度报告.pdf (耗时: 26.36秒)
2026-04-16 07:13:38,999 - httpx - INFO - HTTP Request: DELETE https://dashscope.aliyuncs.com/compatible-mode/v1/files/file-fe-25bd4587c6d244cda8956f11 "HTTP/1.1 200 OK"
2026-04-16 07:13:39,058 - httpx - INFO - HTTP Request: POST https://dashscope.aliyuncs.com/compatible-mode/v1/chat/completions "HTTP/1.1 200 OK"
2026-04-16 07:13:39,162 - __main___file_only - INFO - 找到数据: 688681 2026-04-16 (3条)
2026-04-16 07:13:39,163 - __main__ - INFO - 处理成功: 688681-2026-04-16
2026-04-16 07:13:39,163 - __main___file_only - INFO - 处理成功: C:\Users\chenkk\Desktop\新建文件夹\688681-2026-04-16-科汇股份-2025年年度报告.pdf (耗时: 22.43秒)
2026-04-16 07:13:39,218 - httpx - INFO - HTTP Request: DELETE https://dashscope.aliyuncs.com/compatible-mode/v1/files/file-fe-7741365f70fc4e5ba95e8343 "HTTP/1.1 200 OK"
2026-04-16 07:13:39,286 - httpx - INFO - HTTP Request: POST https://dashscope.aliyuncs.com/compatible-mode/v1/chat/completions "HTTP/1.1 200 OK"
2026-04-16 07:13:39,791 - httpx - INFO - HTTP Request: DELETE https://dashscope.aliyuncs.com/compatible-mode/v1/files/file-fe-7c4ab30cc0494227a997b8e6 "HTTP/1.1 200 OK"
2026-04-16 07:13:39,792 - httpx - INFO - HTTP Request: DELETE https://dashscope.aliyuncs.com/compatible-mode/v1/files/file-fe-d6187a1318a84e1fb3394d79 "HTTP/1.1 200 OK"
2026-04-16 07:13:39,847 - httpx - INFO - HTTP Request: POST https://dashscope.aliyuncs.com/compatible-mode/v1/files "HTTP/1.1 200 OK"
2026-04-16 07:13:39,848 - ai_service_enhanced - INFO - 文件上传成功: C:\Users\chenkk\Desktop\新建文件夹\920367-2026-04-15-新赣江-2025年年度报告.pdf (文件ID: file-fe-b7d6eb198cbe428299ee4112)
2026-04-16 07:13:39,848 - __main___file_only - INFO - 上传文件: 920367-2026-04-15-新赣江-2025年年度报告.pdf (大小: 0.98 MB, ID: file-fe-b7d6eb198cbe428299ee4112)
2026-04-16 07:13:39,872 - httpx - INFO - HTTP Request: POST https://dashscope.aliyuncs.com/compatible-mode/v1/files "HTTP/1.1 200 OK"
2026-04-16 07:13:39,872 - ai_service_enhanced - INFO - 文件上传成功: C:\Users\chenkk\Desktop\新建文件夹\净资产收益率和每股收益\920367-2026-04-15-新赣江-2025年年度报告_mgsy.pdf (文件ID: file-fe-69fc38af34cb4437a1ca0069)
2026-04-16 07:13:39,872 - __main___file_only - INFO - 上传文件: 920367-2026-04-15-新赣江-2025年年度报告_mgsy.pdf (大小: 0.47 MB, ID: file-fe-69fc38af34cb4437a1ca0069)
2026-04-16 07:13:39,912 - __main__ - INFO - 开始处理: C:\Users\chenkk\Desktop\新建文件夹\920367-2026-04-15-新赣江-2025年年度报告.pdf
2026-04-16 07:13:40,564 - httpx - INFO - HTTP Request: DELETE https://dashscope.aliyuncs.com/compatible-mode/v1/files/file-fe-0c096f4786d44ae1bfb8b8b3 "HTTP/1.1 200 OK"
2026-04-16 07:13:41,030 - httpx - INFO - HTTP Request: POST https://dashscope.aliyuncs.com/compatible-mode/v1/chat/completions "HTTP/1.1 200 OK"
2026-04-16 07:13:41,941 - httpx - INFO - HTTP Request: POST https://dashscope.aliyuncs.com/compatible-mode/v1/files "HTTP/1.1 200 OK"
2026-04-16 07:13:41,942 - ai_service_enhanced - INFO - 文件上传成功: C:\Users\chenkk\Desktop\新建文件夹\920526-2026-04-15-凯华材料-2025年年度报告.pdf (文件ID: file-fe-ad4889d277d746488f232d70)
2026-04-16 07:13:41,942 - __main___file_only - INFO - 上传文件: 920526-2026-04-15-凯华材料-2025年年度报告.pdf (大小: 0.86 MB, ID: file-fe-ad4889d277d746488f232d70)
2026-04-16 07:13:41,948 - httpx - INFO - HTTP Request: POST https://dashscope.aliyuncs.com/compatible-mode/v1/files "HTTP/1.1 200 OK"
2026-04-16 07:13:41,949 - ai_service_enhanced - INFO - 文件上传成功: C:\Users\chenkk\Desktop\新建文件夹\净资产收益率和每股收益\920526-2026-04-15-凯华材料-2025年年度报告_mgsy.pdf (文件ID: file-fe-642684e911b84163aed6ce7e)
2026-04-16 07:13:41,949 - __main___file_only - INFO - 上传文件: 920526-2026-04-15-凯华材料-2025年年度报告_mgsy.pdf (大小: 0.45 MB, ID: file-fe-642684e911b84163aed6ce7e)
2026-04-16 07:13:41,950 - __main__ - INFO - 开始处理: C:\Users\chenkk\Desktop\新建文件夹\920526-2026-04-15-凯华材料-2025年年度报告.pdf
2026-04-16 07:13:42,408 - httpx - INFO - HTTP Request: POST https://dashscope.aliyuncs.com/compatible-mode/v1/chat/completions "HTTP/1.1 200 OK"
2026-04-16 07:13:43,673 - httpx - INFO - HTTP Request: POST https://dashscope.aliyuncs.com/compatible-mode/v1/chat/completions "HTTP/1.1 200 OK"
2026-04-16 07:13:43,874 - __main___file_only - INFO - 找到数据: 688698 2026-04-16 (3条)
2026-04-16 07:13:43,874 - __main__ - INFO - 处理成功: 688698-2026-04-16
2026-04-16 07:13:43,874 - __main___file_only - INFO - 处理成功: C:\Users\chenkk\Desktop\新建文件夹\688698-2026-04-16-伟创电气-2025年年度报告.pdf (耗时: 23.00秒)
2026-04-16 07:13:44,090 - httpx - INFO - HTTP Request: POST https://dashscope.aliyuncs.com/compatible-mode/v1/files "HTTP/1.1 200 OK"
2026-04-16 07:13:44,091 - ai_service_enhanced - INFO - 文件上传成功: C:\Users\chenkk\Desktop\新建文件夹\净资产收益率和每股收益\920689-2026-04-15-克莱特-2025年年度报告_mgsy.pdf (文件ID: file-fe-21d81141de4e413da4dc3db9)
2026-04-16 07:13:44,092 - __main___file_only - INFO - 上传文件: 920689-2026-04-15-克莱特-2025年年度报告_mgsy.pdf (大小: 0.32 MB, ID: file-fe-21d81141de4e413da4dc3db9)
2026-04-16 07:13:44,107 - httpx - INFO - HTTP Request: POST https://dashscope.aliyuncs.com/compatible-mode/v1/files "HTTP/1.1 200 OK"
2026-04-16 07:13:44,108 - ai_service_enhanced - INFO - 文件上传成功: C:\Users\chenkk\Desktop\新建文件夹\920689-2026-04-15-克莱特-2025年年度报告.pdf (文件ID: file-fe-41e9647cb983475b8185dcc7)
2026-04-16 07:13:44,109 - __main___file_only - INFO - 上传文件: 920689-2026-04-15-克莱特-2025年年度报告.pdf (大小: 0.40 MB, ID: file-fe-41e9647cb983475b8185dcc7)
2026-04-16 07:13:44,252 - __main__ - INFO - 开始处理: C:\Users\chenkk\Desktop\新建文件夹\920689-2026-04-15-克莱特-2025年年度报告.pdf
2026-04-16 07:13:44,515 - httpx - INFO - HTTP Request: DELETE https://dashscope.aliyuncs.com/compatible-mode/v1/files/file-fe-eb564471fbc04d878068bec9 "HTTP/1.1 200 OK"
2026-04-16 07:13:45,187 - httpx - INFO - HTTP Request: DELETE https://dashscope.aliyuncs.com/compatible-mode/v1/files/file-fe-85fb055ff5f247e386cdb501 "HTTP/1.1 200 OK"
2026-04-16 07:13:45,648 - httpx - INFO - HTTP Request: POST https://dashscope.aliyuncs.com/compatible-mode/v1/chat/completions "HTTP/1.1 200 OK"
2026-04-16 07:13:45,741 - __main___file_only - INFO - 找到数据: 920007 2026-04-15 (3条)
2026-04-16 07:13:45,741 - __main__ - INFO - 处理成功: 920007-2026-04-15
2026-04-16 07:13:45,741 - __main___file_only - INFO - 处理成功: C:\Users\chenkk\Desktop\新建文件夹\920007-2026-04-15-酉立智能-2025年年度报告.pdf (耗时: 22.86秒)
2026-04-16 07:13:46,151 - httpx - INFO - HTTP Request: POST https://dashscope.aliyuncs.com/compatible-mode/v1/files "HTTP/1.1 200 OK"
2026-04-16 07:13:46,152 - ai_service_enhanced - INFO - 文件上传成功: C:\Users\chenkk\Desktop\新建文件夹\920693-2026-04-15-阿为特-2025年年度报告.pdf (文件ID: file-fe-047d54e223a24f339b1735fc)
2026-04-16 07:13:46,152 - __main___file_only - INFO - 上传文件: 920693-2026-04-15-阿为特-2025年年度报告.pdf (大小: 0.75 MB, ID: file-fe-047d54e223a24f339b1735fc)
2026-04-16 07:13:46,361 - httpx - INFO - HTTP Request: POST https://dashscope.aliyuncs.com/compatible-mode/v1/files "HTTP/1.1 200 OK"
2026-04-16 07:13:46,361 - ai_service_enhanced - INFO - 文件上传成功: C:\Users\chenkk\Desktop\新建文件夹\净资产收益率和每股收益\920693-2026-04-15-阿为特-2025年年度报告_mgsy.pdf (文件ID: file-fe-6b27bcde4db14b66afccfceb)
2026-04-16 07:13:46,361 - __main___file_only - INFO - 上传文件: 920693-2026-04-15-阿为特-2025年年度报告_mgsy.pdf (大小: 0.29 MB, ID: file-fe-6b27bcde4db14b66afccfceb)
2026-04-16 07:13:46,362 - __main__ - INFO - 开始处理: C:\Users\chenkk\Desktop\新建文件夹\920693-2026-04-15-阿为特-2025年年度报告.pdf
2026-04-16 07:13:46,498 - httpx - INFO - HTTP Request: DELETE https://dashscope.aliyuncs.com/compatible-mode/v1/files/file-fe-24a3cec36b1445ddbb2354d8 "HTTP/1.1 200 OK"
2026-04-16 07:13:46,763 - httpx - INFO - HTTP Request: POST https://dashscope.aliyuncs.com/compatible-mode/v1/chat/completions "HTTP/1.1 200 OK"
2026-04-16 07:13:46,894 - httpx - INFO - HTTP Request: POST https://dashscope.aliyuncs.com/compatible-mode/v1/chat/completions "HTTP/1.1 200 OK"
2026-04-16 07:13:47,000 - __main___file_only - INFO - 找到数据: 688690 2026-04-16 (3条)
2026-04-16 07:13:47,001 - __main__ - INFO - 处理成功: 688690-2026-04-16
2026-04-16 07:13:47,001 - __main___file_only - INFO - 处理成功: C:\Users\chenkk\Desktop\新建文件夹\688690-2026-04-16-纳微科技-苏州纳微科技股份有限公司2025年年度报告.pdf (耗时: 28.52秒)
2026-04-16 07:13:47,241 - httpx - INFO - HTTP Request: DELETE https://dashscope.aliyuncs.com/compatible-mode/v1/files/file-fe-702a581a11e64efd81c5debe "HTTP/1.1 200 OK"
2026-04-16 07:13:47,675 - httpx - INFO - HTTP Request: DELETE https://dashscope.aliyuncs.com/compatible-mode/v1/files/file-fe-6f6d4ba257804211b44ef571 "HTTP/1.1 200 OK"
2026-04-16 07:13:48,290 - httpx - INFO - HTTP Request: POST https://dashscope.aliyuncs.com/compatible-mode/v1/files "HTTP/1.1 200 OK"
2026-04-16 07:13:48,290 - httpx - INFO - HTTP Request: POST https://dashscope.aliyuncs.com/compatible-mode/v1/chat/completions "HTTP/1.1 200 OK"
2026-04-16 07:13:48,291 - ai_service_enhanced - INFO - 文件上传成功: C:\Users\chenkk\Desktop\新建文件夹\净资产收益率和每股收益\920768-2026-04-15-拾比佰-2025年年度报告_mgsy.pdf (文件ID: file-fe-ea7a918f90ca4e8cb7bc5b3a)
2026-04-16 07:13:48,291 - __main___file_only - INFO - 上传文件: 920768-2026-04-15-拾比佰-2025年年度报告_mgsy.pdf (大小: 0.46 MB, ID: file-fe-ea7a918f90ca4e8cb7bc5b3a)
2026-04-16 07:13:48,354 - __main___file_only - INFO - 找到数据: 920020 2026-04-15 (3条)
2026-04-16 07:13:48,354 - __main__ - INFO - 处理成功: 920020-2026-04-15
2026-04-16 07:13:48,354 - __main___file_only - INFO - 处理成功: C:\Users\chenkk\Desktop\新建文件夹\920020-2026-04-15-泰凯英-2025年年度报告.pdf (耗时: 23.47秒)
2026-04-16 07:13:48,356 - httpx - INFO - HTTP Request: POST https://dashscope.aliyuncs.com/compatible-mode/v1/files "HTTP/1.1 200 OK"
2026-04-16 07:13:48,357 - ai_service_enhanced - INFO - 文件上传成功: C:\Users\chenkk\Desktop\新建文件夹\920768-2026-04-15-拾比佰-2025年年度报告.pdf (文件ID: file-fe-9c9b0957c80144a7aa17b52d)
2026-04-16 07:13:48,357 - __main___file_only - INFO - 上传文件: 920768-2026-04-15-拾比佰-2025年年度报告.pdf (大小: 0.57 MB, ID: file-fe-9c9b0957c80144a7aa17b52d)
2026-04-16 07:13:48,383 - __main__ - INFO - 开始处理: C:\Users\chenkk\Desktop\新建文件夹\920768-2026-04-15-拾比佰-2025年年度报告.pdf
2026-04-16 07:13:48,403 - httpx - INFO - HTTP Request: DELETE https://dashscope.aliyuncs.com/compatible-mode/v1/files/file-fe-b78b75904f494ea5b9399f1b "HTTP/1.1 200 OK"
2026-04-16 07:13:48,684 - httpx - INFO - HTTP Request: POST https://dashscope.aliyuncs.com/compatible-mode/v1/chat/completions "HTTP/1.1 200 OK"
2026-04-16 07:13:49,179 - httpx - INFO - HTTP Request: DELETE https://dashscope.aliyuncs.com/compatible-mode/v1/files/file-fe-3381c8348fec4c4caee9aea2 "HTTP/1.1 200 OK"
2026-04-16 07:13:49,763 - httpx - INFO - HTTP Request: DELETE https://dashscope.aliyuncs.com/compatible-mode/v1/files/file-fe-30e940144573426381e8607b "HTTP/1.1 200 OK"
2026-04-16 07:13:50,059 - httpx - INFO - HTTP Request: POST https://dashscope.aliyuncs.com/compatible-mode/v1/chat/completions "HTTP/1.1 200 OK"
2026-04-16 07:13:50,600 - httpx - INFO - HTTP Request: POST https://dashscope.aliyuncs.com/compatible-mode/v1/chat/completions "HTTP/1.1 200 OK"
2026-04-16 07:13:51,292 - httpx - INFO - HTTP Request: POST https://dashscope.aliyuncs.com/compatible-mode/v1/chat/completions "HTTP/1.1 200 OK"
2026-04-16 07:13:51,360 - __main___file_only - INFO - 找到数据: 920149 2026-04-15 (3条)
2026-04-16 07:13:51,360 - __main__ - INFO - 处理成功: 920149-2026-04-15
2026-04-16 07:13:51,360 - __main___file_only - INFO - 处理成功: C:\Users\chenkk\Desktop\新建文件夹\920149-2026-04-15-旭杰科技-2025年年度报告.pdf (耗时: 24.18秒)
2026-04-16 07:13:52,061 - httpx - INFO - HTTP Request: DELETE https://dashscope.aliyuncs.com/compatible-mode/v1/files/file-fe-deb7aeba04ae4315b2d5e227 "HTTP/1.1 200 OK"
2026-04-16 07:13:52,713 - httpx - INFO - HTTP Request: DELETE https://dashscope.aliyuncs.com/compatible-mode/v1/files/file-fe-79e04a98ec7b4e9e819cb921 "HTTP/1.1 200 OK"
2026-04-16 07:13:53,044 - httpx - INFO - HTTP Request: POST https://dashscope.aliyuncs.com/compatible-mode/v1/chat/completions "HTTP/1.1 200 OK"
2026-04-16 07:13:53,210 - __main___file_only - INFO - 找到数据: 920199 2026-04-15 (3条)
2026-04-16 07:13:53,210 - __main__ - INFO - 处理成功: 920199-2026-04-15
2026-04-16 07:13:53,210 - __main___file_only - INFO - 处理成功: C:\Users\chenkk\Desktop\新建文件夹\920199-2026-04-15-倍益康-2025年年度报告.pdf (耗时: 24.02秒)
2026-04-16 07:13:53,802 - httpx - INFO - HTTP Request: DELETE https://dashscope.aliyuncs.com/compatible-mode/v1/files/file-fe-1cdeb6e8e1e748f4a86aa26c "HTTP/1.1 200 OK"
2026-04-16 07:13:54,339 - httpx - INFO - HTTP Request: POST https://dashscope.aliyuncs.com/compatible-mode/v1/chat/completions "HTTP/1.1 200 OK"
2026-04-16 07:13:54,480 - httpx - INFO - HTTP Request: DELETE https://dashscope.aliyuncs.com/compatible-mode/v1/files/file-fe-b1db76be9dd04a2ebcaa4a22 "HTTP/1.1 200 OK"
2026-04-16 07:13:55,802 - httpx - INFO - HTTP Request: POST https://dashscope.aliyuncs.com/compatible-mode/v1/chat/completions "HTTP/1.1 200 OK"
2026-04-16 07:13:55,868 - __main___file_only - INFO - 找到数据: 920223 2026-04-15 (3条)
2026-04-16 07:13:55,868 - __main__ - INFO - 处理成功: 920223-2026-04-15
2026-04-16 07:13:55,868 - __main___file_only - INFO - 处理成功: C:\Users\chenkk\Desktop\新建文件夹\920223-2026-04-15-荣亿精密-2025年年度报告.pdf (耗时: 24.29秒)
2026-04-16 07:13:56,519 - httpx - INFO - HTTP Request: DELETE https://dashscope.aliyuncs.com/compatible-mode/v1/files/file-fe-8f6d0dc2855b40d2973c2c13 "HTTP/1.1 200 OK"
2026-04-16 07:13:56,600 - httpx - INFO - HTTP Request: POST https://dashscope.aliyuncs.com/compatible-mode/v1/chat/completions "HTTP/1.1 200 OK"
2026-04-16 07:13:56,686 - __main___file_only - INFO - 找到数据: 920230 2026-04-15 (3条)
2026-04-16 07:13:56,687 - __main__ - INFO - 处理成功: 920230-2026-04-15
2026-04-16 07:13:56,687 - __main___file_only - INFO - 处理成功: C:\Users\chenkk\Desktop\新建文件夹\920230-2026-04-15-欧康医药-2025年年度报告.pdf (耗时: 22.97秒)
2026-04-16 07:13:57,181 - httpx - INFO - HTTP Request: DELETE https://dashscope.aliyuncs.com/compatible-mode/v1/files/file-fe-4d82072269b24990b00d3c0f "HTTP/1.1 200 OK"
2026-04-16 07:13:57,378 - httpx - INFO - HTTP Request: DELETE https://dashscope.aliyuncs.com/compatible-mode/v1/files/file-fe-fccda65cf8494b9794635bdd "HTTP/1.1 200 OK"
2026-04-16 07:13:57,972 - httpx - INFO - HTTP Request: DELETE https://dashscope.aliyuncs.com/compatible-mode/v1/files/file-fe-beaa576ab901434ba5df9e8e "HTTP/1.1 200 OK"
2026-04-16 07:13:59,423 - httpx - INFO - HTTP Request: POST https://dashscope.aliyuncs.com/compatible-mode/v1/chat/completions "HTTP/1.1 200 OK"
2026-04-16 07:13:59,487 - __main___file_only - INFO - 找到数据: 920249 2026-04-15 (3条)
2026-04-16 07:13:59,487 - __main__ - INFO - 处理成功: 920249-2026-04-15
2026-04-16 07:13:59,487 - __main___file_only - INFO - 处理成功: C:\Users\chenkk\Desktop\新建文件夹\920249-2026-04-15-利尔达-2025年年度报告.pdf (耗时: 23.95秒)
2026-04-16 07:14:00,109 - httpx - INFO - HTTP Request: DELETE https://dashscope.aliyuncs.com/compatible-mode/v1/files/file-fe-98bf6b80b52e4020805cc087 "HTTP/1.1 200 OK"
2026-04-16 07:14:00,873 - httpx - INFO - HTTP Request: DELETE https://dashscope.aliyuncs.com/compatible-mode/v1/files/file-fe-e2cb4d18ee044075ac143d7f "HTTP/1.1 200 OK"
2026-04-16 07:14:00,917 - httpx - INFO - HTTP Request: POST https://dashscope.aliyuncs.com/compatible-mode/v1/chat/completions "HTTP/1.1 200 OK"
2026-04-16 07:14:00,981 - __main___file_only - INFO - 找到数据: 920357 2026-04-15 (3条)
2026-04-16 07:14:00,982 - __main__ - INFO - 处理成功: 920357-2026-04-15
2026-04-16 07:14:00,982 - __main___file_only - INFO - 处理成功: C:\Users\chenkk\Desktop\新建文件夹\920357-2026-04-15-雅葆轩-2025年年度报告.pdf (耗时: 23.07秒)
2026-04-16 07:14:01,667 - httpx - INFO - HTTP Request: DELETE https://dashscope.aliyuncs.com/compatible-mode/v1/files/file-fe-1a9d100f720c45bbb1d0e6e8 "HTTP/1.1 200 OK"
2026-04-16 07:14:02,288 - httpx - INFO - HTTP Request: DELETE https://dashscope.aliyuncs.com/compatible-mode/v1/files/file-fe-c48a662150b3427baa740a72 "HTTP/1.1 200 OK"
2026-04-16 07:14:03,827 - httpx - INFO - HTTP Request: POST https://dashscope.aliyuncs.com/compatible-mode/v1/chat/completions "HTTP/1.1 200 OK"
2026-04-16 07:14:03,948 - __main___file_only - INFO - 找到数据: 920367 2026-04-15 (3条)
2026-04-16 07:14:03,949 - __main__ - INFO - 处理成功: 920367-2026-04-15
2026-04-16 07:14:03,949 - __main___file_only - INFO - 处理成功: C:\Users\chenkk\Desktop\新建文件夹\920367-2026-04-15-新赣江-2025年年度报告.pdf (耗时: 24.04秒)
2026-04-16 07:14:04,543 - httpx - INFO - HTTP Request: POST https://dashscope.aliyuncs.com/compatible-mode/v1/chat/completions "HTTP/1.1 200 OK"
2026-04-16 07:14:04,599 - httpx - INFO - HTTP Request: DELETE https://dashscope.aliyuncs.com/compatible-mode/v1/files/file-fe-b7d6eb198cbe428299ee4112 "HTTP/1.1 200 OK"
2026-04-16 07:14:04,663 - __main___file_only - INFO - 找到数据: 920526 2026-04-15 (3条)
2026-04-16 07:14:04,664 - __main__ - INFO - 处理成功: 920526-2026-04-15
2026-04-16 07:14:04,664 - __main___file_only - INFO - 处理成功: C:\Users\chenkk\Desktop\新建文件夹\920526-2026-04-15-凯华材料-2025年年度报告.pdf (耗时: 22.71秒)
2026-04-16 07:14:05,207 - httpx - INFO - HTTP Request: DELETE https://dashscope.aliyuncs.com/compatible-mode/v1/files/file-fe-69fc38af34cb4437a1ca0069 "HTTP/1.1 200 OK"
2026-04-16 07:14:05,319 - httpx - INFO - HTTP Request: DELETE https://dashscope.aliyuncs.com/compatible-mode/v1/files/file-fe-ad4889d277d746488f232d70 "HTTP/1.1 200 OK"
2026-04-16 07:14:06,005 - httpx - INFO - HTTP Request: DELETE https://dashscope.aliyuncs.com/compatible-mode/v1/files/file-fe-642684e911b84163aed6ce7e "HTTP/1.1 200 OK"
2026-04-16 07:14:09,146 - httpx - INFO - HTTP Request: POST https://dashscope.aliyuncs.com/compatible-mode/v1/chat/completions "HTTP/1.1 200 OK"
2026-04-16 07:14:09,212 - __main___file_only - INFO - 找到数据: 920693 2026-04-15 (3条)
2026-04-16 07:14:09,212 - __main__ - INFO - 处理成功: 920693-2026-04-15
2026-04-16 07:14:09,212 - __main___file_only - INFO - 处理成功: C:\Users\chenkk\Desktop\新建文件夹\920693-2026-04-15-阿为特-2025年年度报告.pdf (耗时: 22.85秒)
2026-04-16 07:14:09,406 - httpx - INFO - HTTP Request: POST https://dashscope.aliyuncs.com/compatible-mode/v1/chat/completions "HTTP/1.1 200 OK"
2026-04-16 07:14:09,466 - __main___file_only - INFO - 找到数据: 920689 2026-04-15 (3条)
2026-04-16 07:14:09,466 - __main__ - INFO - 处理成功: 920689-2026-04-15
2026-04-16 07:14:09,466 - __main___file_only - INFO - 处理成功: C:\Users\chenkk\Desktop\新建文件夹\920689-2026-04-15-克莱特-2025年年度报告.pdf (耗时: 25.21秒)
2026-04-16 07:14:09,861 - httpx - INFO - HTTP Request: DELETE https://dashscope.aliyuncs.com/compatible-mode/v1/files/file-fe-047d54e223a24f339b1735fc "HTTP/1.1 200 OK"
2026-04-16 07:14:10,197 - httpx - INFO - HTTP Request: DELETE https://dashscope.aliyuncs.com/compatible-mode/v1/files/file-fe-41e9647cb983475b8185dcc7 "HTTP/1.1 200 OK"
2026-04-16 07:14:10,523 - httpx - INFO - HTTP Request: DELETE https://dashscope.aliyuncs.com/compatible-mode/v1/files/file-fe-6b27bcde4db14b66afccfceb "HTTP/1.1 200 OK"
2026-04-16 07:14:10,752 - httpx - INFO - HTTP Request: DELETE https://dashscope.aliyuncs.com/compatible-mode/v1/files/file-fe-21d81141de4e413da4dc3db9 "HTTP/1.1 200 OK"
2026-04-16 07:14:11,738 - httpx - INFO - HTTP Request: POST https://dashscope.aliyuncs.com/compatible-mode/v1/chat/completions "HTTP/1.1 200 OK"
2026-04-16 07:14:11,807 - __main___file_only - INFO - 找到数据: 920768 2026-04-15 (3条)
2026-04-16 07:14:11,808 - __main__ - INFO - 处理成功: 920768-2026-04-15
2026-04-16 07:14:11,808 - __main___file_only - INFO - 处理成功: C:\Users\chenkk\Desktop\新建文件夹\920768-2026-04-15-拾比佰-2025年年度报告.pdf (耗时: 23.42秒)
2026-04-16 07:14:12,573 - httpx - INFO - HTTP Request: DELETE https://dashscope.aliyuncs.com/compatible-mode/v1/files/file-fe-ea7a918f90ca4e8cb7bc5b3a "HTTP/1.1 200 OK"
2026-04-16 07:14:13,228 - httpx - INFO - HTTP Request: DELETE https://dashscope.aliyuncs.com/compatible-mode/v1/files/file-fe-9c9b0957c80144a7aa17b52d "HTTP/1.1 200 OK"
2026-04-16 07:14:13,279 - __main__ - INFO - 开始关闭线程池...
2026-04-16 07:14:13,304 - __main__ - INFO - 所有线程池已关闭
2026-04-16 07:14:13,457 - __main__ - INFO - 程序执行完成 - 总耗时: 0:03:22.835444
