
=== 000042-2026-04-18-中洲控股-2025年年度报告.pdf ===
{
  "Leader_Salary_data": {
    "实际所得报酬总额起始": "",
    "实际所得报酬总额截止": "",
    "实际所得报酬总额涉及人数": ""
  },
  "Leader_Hold_data": [
    {
      "领导人姓名": "贾帅",
      "职位描述": "董事长、总裁",
      "期初持股数": "159000",
      "期末持股数": "159000",
      "间接持股数": "",
      "从公司获得年度报酬总额": "3288600",
      "补贴津贴": "",
      "变动原因说明": "0",
      "是否在股东或关联单位领取报酬津贴": "否",
      "在任与否": "是"
    },
    {
      "领导人姓名": "谭华森",
      "职位描述": "副董事长",
      "期初持股数": "556400",
      "期末持股数": "556400",
      "间接持股数": "",
      "从公司获得年度报酬总额": "43800",
      "补贴津贴": "",
      "变动原因说明": "0",
      "是否在股东或关联单位领取报酬津贴": "否",
      "在任与否": "是"
    },
    {
      "领导人姓名": "胡伟",
      "职位描述": "董事",
      "期初持股数": "",
      "期末持股数": "",
      "间接持股数": "",
      "从公司获得年度报酬总额": "",
      "补贴津贴": "",
      "变动原因说明": "",
      "是否在股东或关联单位领取报酬津贴": "是",
      "在任与否": "是"
    },
    {
      "领导人姓名": "吴天洲",
      "职位描述": "董事",
      "期初持股数": "159000",
      "期末持股数": "159000",
      "间接持股数": "",
      "从公司获得年度报酬总额": "37900",
      "补贴津贴": "",
      "变动原因说明": "0",
      "是否在股东或关联单位领取报酬津贴": "否",
      "在任与否": "否"
    },
    {
      "领导人姓名": "叶晓东",
      "职位描述": "董事、副总裁、财务总监、董事会秘书",
      "期初持股数": "",
      "期末持股数": "",
      "间接持股数": "",
      "从公司获得年度报酬总额": "2248100",
      "补贴津贴": "",
      "变动原因说明": "",
      "是否在股东或关联单位领取报酬津贴": "否",
      "在任与否": "是"
    },
    {
      "领导人姓名": "葛亚南",
      "职位描述": "董事、副总裁",
      "期初持股数": "",
      "期末持股数": "",
      "间接持股数": "",
      "从公司获得年度报酬总额": "2072100",
      "补贴津贴": "",
      "变动原因说明": "",
      "是否在股东或关联单位领取报酬津贴": "否",
      "在任与否": "是"
    },
    {
      "领导人姓名": "叶萍",
      "职位描述": "独立董事",
      "期初持股数": "",
      "期末持股数": "",
      "间接持股数": "",
      "从公司获得年度报酬总额": "125000",
      "补贴津贴": "125000",
      "变动原因说明": "",
      "是否在股东或关联单位领取报酬津贴": "否",
      "在任与否": "是"
    },
    {
      "领导人姓名": "潘利平",
      "职位描述": "独立董事",
      "期初持股数": "",
      "期末持股数": "",
      "间接持股数": "",
      "从公司获得年度报酬总额": "125000",
      "补贴津贴": "125000",
      "变动原因说明": "",
      "是否在股东或关联单位领取报酬津贴": "否",
      "在任与否": "是"
    },
    {
      "领导人姓名": "姚卫国",
      "职位描述": "独立董事",
      "期初持股数": "",
      "期末持股数": "",
      "间接持股数": "",
      "从公司获得年度报酬总额": "125000",
      "补贴津贴": "125000",
      "变动原因说明": "",
      "是否在股东或关联单位领取报酬津贴": "否",
      "在任与否": "是"
    },
    {
      "领导人姓名": "陈玲",
      "职位描述": "职工董事",
      "期初持股数": "",
      "期末持股数": "",
      "间接持股数": "",
      "从公司获得年度报酬总额": "180000",
      "补贴津贴": "",
      "变动原因说明": "",
      "是否在股东或关联单位领取报酬津贴": "否",
      "在任与否": "是"
    }
  ]
}

=== 000419-2026-04-18-通程控股-2025年年度报告.pdf ===
{
  "Leader_Salary_data": {
    "实际所得报酬总额起始": "3440000",
    "实际所得报酬总额截止": "3440000",
    "实际所得报酬总额涉及人数": ""
  },
  "Leader_Hold_data": [
    {
      "领导人姓名": "周兆达",
      "职位描述": "董事长、总经理",
      "期初持股数": "247551",
      "期末持股数": "247551",
      "间接持股数": "",
      "从公司获得年度报酬总额": "980000",
      "补贴津贴": "",
      "变动原因说明": "",
      "是否在股东或关联单位领取报酬津贴": "否",
      "在任与否": "是"
    },
    {
      "领导人姓名": "郭虎清",
      "职位描述": "董事",
      "期初持股数": "6408",
      "期末持股数": "6408",
      "间接持股数": "",
      "从公司获得年度报酬总额": "480000",
      "补贴津贴": "",
      "变动原因说明": "",
      "是否在股东或关联单位领取报酬津贴": "否",
      "在任与否": "是"
    },
    {
      "领导人姓名": "李晞",
      "职位描述": "董事、副总经理、财务总监",
      "期初持股数": "",
      "期末持股数": "",
      "间接持股数": "",
      "从公司获得年度报酬总额": "480000",
      "补贴津贴": "",
      "变动原因说明": "",
      "是否在股东或关联单位领取报酬津贴": "否",
      "在任与否": "是"
    },
    {
      "领导人姓名": "杨格艺",
      "职位描述": "董事、董事会秘书",
      "期初持股数": "",
      "期末持股数": "",
      "间接持股数": "",
      "从公司获得年度报酬总额": "450000",
      "补贴津贴": "",
      "变动原因说明": "",
      "是否在股东或关联单位领取报酬津贴": "否",
      "在任与否": "是"
    },
    {
      "领导人姓名": "柳植",
      "职位描述": "董事、副总经理",
      "期初持股数": "29684",
      "期末持股数": "29684",
      "间接持股数": "",
      "从公司获得年度报酬总额": "450000",
      "补贴津贴": "",
      "变动原因说明": "",
      "是否在股东或关联单位领取报酬津贴": "否",
      "在任与否": "是"
    },
    {
      "领导人姓名": "欧阳硕娃",
      "职位描述": "董事",
      "期初持股数": "",
      "期末持股数": "",
      "间接持股数": "",
      "从公司获得年度报酬总额": "450000",
      "补贴津贴": "",
      "变动原因说明": "",
      "是否在股东或关联单位领取报酬津贴": "否",
      "在任与否": "是"
    },
    {
      "领导人姓名": "危平",
      "职位描述": "独立董事",
      "期初持股数": "",
      "期末持股数": "",
      "间接持股数": "",
      "从公司获得年度报酬总额": "50000",
      "补贴津贴": "50000",
      "变动原因说明": "",
      "是否在股东或关联单位领取报酬津贴": "否",
      "在任与否": "是"
    },
    {
      "领导人姓名": "邹华斌",
      "职位描述": "独立董事",
      "期初持股数": "",
      "期末持股数": "",
      "间接持股数": "",
      "从公司获得年度报酬总额": "50000",
      "补贴津贴": "50000",
      "变动原因说明": "",
      "是否在股东或关联单位领取报酬津贴": "否",
      "在任与否": "是"
    },
    {
      "领导人姓名": "贺向阳",
      "职位描述": "独立董事",
      "期初持股数": "",
      "期末持股数": "",
      "间接持股数": "",
      "从公司获得年度报酬总额": "50000",
      "补贴津贴": "50000",
      "变动原因说明": "",
      "是否在股东或关联单位领取报酬津贴": "否",
      "在任与否": "是"
    }
  ]
}

=== 000576-2026-04-20-甘化科工-2025年年度报告.pdf ===
{
  "Leader_Salary_data": {
    "实际所得报酬总额起始": "",
    "实际所得报酬总额截止": "",
    "实际所得报酬总额涉及人数": ""
  },
  "Leader_Hold_data": [
    {
      "领导人姓名": "胡煜𨱑",
      "职位描述": "董事长",
      "期初持股数": "0",
      "期末持股数": "0",
      "间接持股数": "",
      "从公司获得年度报酬总额": "0",
      "补贴津贴": "",
      "变动原因说明": "",
      "是否在股东或关联单位领取报酬津贴": "是",
      "在任与否": "是"
    },
    {
      "领导人姓名": "李忠",
      "职位描述": "副董事长、总经理",
      "期初持股数": "42484",
      "期末持股数": "42484",
      "间接持股数": "",
      "从公司获得年度报酬总额": "999800",
      "补贴津贴": "",
      "变动原因说明": "",
      "是否在股东或关联单位领取报酬津贴": "否",
      "在任与否": "是"
    },
    {
      "领导人姓名": "吕凌",
      "职位描述": "董事",
      "期初持股数": "0",
      "期末持股数": "0",
      "间接持股数": "",
      "从公司获得年度报酬总额": "0",
      "补贴津贴": "",
      "变动原因说明": "",
      "是否在股东或关联单位领取报酬津贴": "是",
      "在任与否": "是"
    },
    {
      "领导人姓名": "杨定轶",
      "职位描述": "董事、副总经理",
      "期初持股数": "23000",
      "期末持股数": "23000",
      "间接持股数": "",
      "从公司获得年度报酬总额": "824000",
      "补贴津贴": "",
      "变动原因说明": "",
      "是否在股东或关联单位领取报酬津贴": "否",
      "在任与否": "是"
    },
    {
      "领导人姓名": "廖义刚",
      "职位描述": "独立董事",
      "期初持股数": "0",
      "期末持股数": "0",
      "间接持股数": "",
      "从公司获得年度报酬总额": "80000",
      "补贴津贴": "80000",
      "变动原因说明": "",
      "是否在股东或关联单位领取报酬津贴": "否",
      "在任与否": "是"
    },
    {
      "领导人姓名": "钟刚",
      "职位描述": "独立董事",
      "期初持股数": "0",
      "期末持股数": "0",
      "间接持股数": "",
      "从公司获得年度报酬总额": "80000",
      "补贴津贴": "80000",
      "变动原因说明": "",
      "是否在股东或关联单位领取报酬津贴": "否",
      "在任与否": "是"
    },
    {
      "领导人姓名": "杨乃定",
      "职位描述": "独立董事",
      "期初持股数": "0",
      "期末持股数": "0",
      "间接持股数": "",
      "从公司获得年度报酬总额": "80000",
      "补贴津贴": "80000",
      "变动原因说明": "",
      "是否在股东或关联单位领取报酬津贴": "否",
      "在任与否": "是"
    },
    {
      "领导人姓名": "陈波",
      "职位描述": "副总经理、董事会秘书",
      "期初持股数": "76874",
      "期末持股数": "76874",
      "间接持股数": "",
      "从公司获得年度报酬总额": "929900",
      "补贴津贴": "",
      "变动原因说明": "",
      "是否在股东或关联单位领取报酬津贴": "否",
      "在任与否": "是"
    },
    {
      "领导人姓名": "彭占凯",
      "职位描述": "财务总监",
      "期初持股数": "0",
      "期末持股数": "0",
      "间接持股数": "",
      "从公司获得年度报酬总额": "602000",
      "补贴津贴": "",
      "变动原因说明": "",
      "是否在股东或关联单位领取报酬津贴": "否",
      "在任与否": "是"
    }
  ]
}

=== 000735-2026-04-18-罗牛山-2025年年度报告.pdf ===
{
  "Leader_Salary_data": {
    "实际所得报酬总额起始": "",
    "实际所得报酬总额截止": "",
    "实际所得报酬总额涉及人数": ""
  },
  "Leader_Hold_data": [
    {
      "领导人姓名": "徐自力",
      "职位描述": "董事长、总裁",
      "期初持股数": "821415",
      "期末持股数": "821415",
      "间接持股数": "",
      "从公司获得年度报酬总额": "913000",
      "补贴津贴": "",
      "变动原因说明": "",
      "是否在股东或关联单位领取报酬津贴": "是",
      "在任与否": "是"
    },
    {
      "领导人姓名": "徐霄杨",
      "职位描述": "董事、副董事长兼副总裁",
      "期初持股数": "",
      "期末持股数": "",
      "间接持股数": "",
      "从公司获得年度报酬总额": "646500",
      "补贴津贴": "",
      "变动原因说明": "",
      "是否在股东或关联单位领取报酬津贴": "否",
      "在任与否": "是"
    },
    {
      "领导人姓名": "王大林",
      "职位描述": "董事、副总裁",
      "期初持股数": "",
      "期末持股数": "",
      "间接持股数": "",
      "从公司获得年度报酬总额": "799700",
      "补贴津贴": "",
      "变动原因说明": "",
      "是否在股东或关联单位领取报酬津贴": "否",
      "在任与否": "是"
    },
    {
      "领导人姓名": "尹焱慜",
      "职位描述": "董事",
      "期初持股数": "",
      "期末持股数": "",
      "间接持股数": "",
      "从公司获得年度报酬总额": "200000",
      "补贴津贴": "",
      "变动原因说明": "",
      "是否在股东或关联单位领取报酬津贴": "否",
      "在任与否": "是"
    },
    {
      "领导人姓名": "张秋生",
      "职位描述": "独立董事",
      "期初持股数": "",
      "期末持股数": "",
      "间接持股数": "",
      "从公司获得年度报酬总额": "200000",
      "补贴津贴": "200000",
      "变动原因说明": "",
      "是否在股东或关联单位领取报酬津贴": "否",
      "在任与否": "是"
    },
    {
      "领导人姓名": "于爱芝",
      "职位描述": "独立董事",
      "期初持股数": "",
      "期末持股数": "",
      "间接持股数": "",
      "从公司获得年度报酬总额": "200000",
      "补贴津贴": "200000",
      "变动原因说明": "",
      "是否在股东或关联单位领取报酬津贴": "否",
      "在任与否": "是"
    },
    {
      "领导人姓名": "邓近平",
      "职位描述": "独立董事",
      "期初持股数": "",
      "期末持股数": "",
      "间接持股数": "",
      "从公司获得年度报酬总额": "200000",
      "补贴津贴": "200000",
      "变动原因说明": "",
      "是否在股东或关联单位领取报酬津贴": "否",
      "在任与否": "是"
    },
    {
      "领导人姓名": "张慧",
      "职位描述": "董事会秘书",
      "期初持股数": "",
      "期末持股数": "",
      "间接持股数": "",
      "从公司获得年度报酬总额": "504300",
      "补贴津贴": "",
      "变动原因说明": "",
      "是否在股东或关联单位领取报酬津贴": "否",
      "在任与否": "是"
    },
    {
      "领导人姓名": "胡旭义",
      "职位描述": "财务总监",
      "期初持股数": "",
      "期末持股数": "",
      "间接持股数": "",
      "从公司获得年度报酬总额": "386100",
      "补贴津贴": "",
      "变动原因说明": "",
      "是否在股东或关联单位领取报酬津贴": "否",
      "在任与否": "是"
    },
    {
      "领导人姓名": "杨向雅",
      "职位描述": "财务总监",
      "期初持股数": "",
      "期末持股数": "",
      "间接持股数": "",
      "从公司获得年度报酬总额": "457100",
      "补贴津贴": "",
      "变动原因说明": "",
      "是否在股东或关联单位领取报酬津贴": "否",
      "在任与否": "否"
    }
  ]
}

=== 000498-2026-04-18-山东路桥-2025年年度报告.pdf ===
{
  "Leader_Salary_data": {
    "实际所得报酬总额起始": "",
    "实际所得报酬总额截止": "",
    "实际所得报酬总额涉及人数": ""
  },
  "Leader_Hold_data": [
    {
      "领导人姓名": "林存友",
      "职位描述": "董事长",
      "期初持股数": "",
      "期末持股数": "",
      "间接持股数": "",
      "从公司获得年度报酬总额": "958700",
      "补贴津贴": "",
      "变动原因说明": "",
      "是否在股东或关联单位领取报酬津贴": "否",
      "在任与否": "是"
    },
    {
      "领导人姓名": "万雨帆",
      "职位描述": "董事、总经理",
      "期初持股数": "",
      "期末持股数": "",
      "间接持股数": "",
      "从公司获得年度报酬总额": "938200",
      "补贴津贴": "",
      "变动原因说明": "",
      "是否在股东或关联单位领取报酬津贴": "否",
      "在任与否": "是"
    },
    {
      "领导人姓名": "马宁",
      "职位描述": "董事",
      "期初持股数": "",
      "期末持股数": "",
      "间接持股数": "",
      "从公司获得年度报酬总额": "0",
      "补贴津贴": "",
      "变动原因说明": "",
      "是否在股东或关联单位领取报酬津贴": "是",
      "在任与否": "是"
    },
    {
      "领导人姓名": "彭学国",
      "职位描述": "董事",
      "期初持股数": "",
      "期末持股数": "",
      "间接持股数": "",
      "从公司获得年度报酬总额": "0",
      "补贴津贴": "",
      "变动原因说明": "",
      "是否在股东或关联单位领取报酬津贴": "是",
      "在任与否": "是"
    },
    {
      "领导人姓名": "程佩宏",
      "职位描述": "董事",
      "期初持股数": "",
      "期末持股数": "",
      "间接持股数": "",
      "从公司获得年度报酬总额": "762800",
      "补贴津贴": "",
      "变动原因说明": "",
      "是否在股东或关联单位领取报酬津贴": "否",
      "在任与否": "是"
    },
    {
      "领导人姓名": "宿玉海",
      "职位描述": "独立董事",
      "期初持股数": "",
      "期末持股数": "",
      "间接持股数": "",
      "从公司获得年度报酬总额": "80000",
      "补贴津贴": "80000",
      "变动原因说明": "",
      "是否在股东或关联单位领取报酬津贴": "否",
      "在任与否": "是"
    },
    {
      "领导人姓名": "魏士荣",
      "职位描述": "独立董事",
      "期初持股数": "",
      "期末持股数": "",
      "间接持股数": "",
      "从公司获得年度报酬总额": "80000",
      "补贴津贴": "80000",
      "变动原因说明": "",
      "是否在股东或关联单位领取报酬津贴": "否",
      "在任与否": "是"
    },
    {
      "领导人姓名": "李建军",
      "职位描述": "独立董事",
      "期初持股数": "",
      "期末持股数": "",
      "间接持股数": "",
      "从公司获得年度报酬总额": "80000",
      "补贴津贴": "80000",
      "变动原因说明": "",
      "是否在股东或关联单位领取报酬津贴": "否",
      "在任与否": "是"
    },
    {
      "领导人姓名": "王莉",
      "职位描述": "独立董事",
      "期初持股数": "",
      "期末持股数": "",
      "间接持股数": "",
      "从公司获得年度报酬总额": "46700",
      "补贴津贴": "80000",
      "变动原因说明": "",
      "是否在股东或关联单位领取报酬津贴": "否",
      "在任与否": "是"
    },
    {
      "领导人姓名": "裴仁海",
      "职位描述": "总会计师",
      "期初持股数": "1950",
      "期末持股数": "1950",
      "间接持股数": "",
      "从公司获得年度报酬总额": "764500",
      "补贴津贴": "",
      "变动原因说明": "",
      "是否在股东或关联单位领取报酬津贴": "否",
      "在任与否": "是"
    },
    {
      "领导人姓名": "王宇驰",
      "职位描述": "副总经理",
      "期初持股数": "",
      "期末持股数": "",
      "间接持股数": "",
      "从公司获得年度报酬总额": "762800",
      "补贴津贴": "",
      "变动原因说明": "",
      "是否在股东或关联单位领取报酬津贴": "否",
      "在任与否": "是"
    },
    {
      "领导人姓名": "王可",
      "职位描述": "副总经理",
      "期初持股数": "",
      "期末持股数": "",
      "间接持股数": "",
      "从公司获得年度报酬总额": "763600",
      "补贴津贴": "",
      "变动原因说明": "",
      "是否在股东或关联单位领取报酬津贴": "否",
      "在任与否": "是"
    },
    {
      "领导人姓名": "丁超",
      "职位描述": "副总经理",
      "期初持股数": "",
      "期末持股数": "",
      "间接持股数": "",
      "从公司获得年度报酬总额": "317900",
      "补贴津贴": "",
      "变动原因说明": "",
      "是否在股东或关联单位领取报酬津贴": "否",
      "在任与否": "是"
    },
    {
      "领导人姓名": "安耀峰",
      "职位描述": "董事会秘书",
      "期初持股数": "",
      "期末持股数": "",
      "间接持股数": "",
      "从公司获得年度报酬总额": "763300",
      "补贴津贴": "",
      "变动原因说明": "",
      "是否在股东或关联单位领取报酬津贴": "否",
      "在任与否": "是"
    },
    {
      "领导人姓名": "赵明学",
      "职位描述": "董事、副总经理、董事会秘书",
      "期初持股数": "",
      "期末持股数": "",
      "间接持股数": "",
      "从公司获得年度报酬总额": "445400",
      "补贴津贴": "",
      "变动原因说明": "",
      "是否在股东或关联单位领取报酬津贴": "否",
      "在任与否": "否"
    },
    {
      "领导人姓名": "张宏",
      "职位描述": "独立董事",
      "期初持股数": "",
      "期末持股数": "",
      "间接持股数": "",
      "从公司获得年度报酬总额": "33300",
      "补贴津贴": "80000",
      "变动原因说明": "",
      "是否在股东或关联单位领取报酬津贴": "否",
      "在任与否": "否"
    }
  ]
}

=== 000417-2026-04-18-合百集团-2025年年度报告.pdf ===
{
  "Leader_Salary_data": {
    "实际所得报酬总额起始": "",
    "实际所得报酬总额截止": "",
    "实际所得报酬总额涉及人数": ""
  },
  "Leader_Hold_data": [
    {
      "领导人姓名": "张同祥",
      "职位描述": "董事长、原总经理",
      "期初持股数": "0",
      "期末持股数": "0",
      "间接持股数": "",
      "从公司获得年度报酬总额": "726400",
      "补贴津贴": "",
      "变动原因说明": "",
      "是否在股东或关联单位领取报酬津贴": "否",
      "在任与否": "是"
    },
    {
      "领导人姓名": "赵伟",
      "职位描述": "董事",
      "期初持股数": "0",
      "期末持股数": "0",
      "间接持股数": "",
      "从公司获得年度报酬总额": "679400",
      "补贴津贴": "",
      "变动原因说明": "",
      "是否在股东或关联单位领取报酬津贴": "否",
      "在任与否": "是"
    },
    {
      "领导人姓名": "裴文娟",
      "职位描述": "职工董事",
      "期初持股数": "0",
      "期末持股数": "0",
      "间接持股数": "",
      "从公司获得年度报酬总额": "653100",
      "补贴津贴": "",
      "变动原因说明": "",
      "是否在股东或关联单位领取报酬津贴": "否",
      "在任与否": "是"
    },
    {
      "领导人姓名": "绳纬",
      "职位描述": "董事",
      "期初持股数": "0",
      "期末持股数": "0",
      "间接持股数": "",
      "从公司获得年度报酬总额": "",
      "补贴津贴": "",
      "变动原因说明": "",
      "是否在股东或关联单位领取报酬津贴": "",
      "在任与否": "是"
    },
    {
      "领导人姓名": "丁斌",
      "职位描述": "独立董事",
      "期初持股数": "0",
      "期末持股数": "0",
      "间接持股数": "",
      "从公司获得年度报酬总额": "90000",
      "补贴津贴": "90000",
      "变动原因说明": "",
      "是否在股东或关联单位领取报酬津贴": "否",
      "在任与否": "是"
    },
    {
      "领导人姓名": "周少元",
      "职位描述": "独立董事",
      "期初持股数": "0",
      "期末持股数": "0",
      "间接持股数": "",
      "从公司获得年度报酬总额": "90000",
      "补贴津贴": "90000",
      "变动原因说明": "",
      "是否在股东或关联单位领取报酬津贴": "否",
      "在任与否": "是"
    },
    {
      "领导人姓名": "陈立平",
      "职位描述": "独立董事",
      "期初持股数": "0",
      "期末持股数": "0",
      "间接持股数": "",
      "从公司获得年度报酬总额": "90000",
      "补贴津贴": "90000",
      "变动原因说明": "",
      "是否在股东或关联单位领取报酬津贴": "否",
      "在任与否": "是"
    },
    {
      "领导人姓名": "张本照",
      "职位描述": "独立董事",
      "期初持股数": "0",
      "期末持股数": "0",
      "间接持股数": "",
      "从公司获得年度报酬总额": "90000",
      "补贴津贴": "90000",
      "变动原因说明": "",
      "是否在股东或关联单位领取报酬津贴": "否",
      "在任与否": "是"
    },
    {
      "领导人姓名": "余綯",
      "职位描述": "副总经理",
      "期初持股数": "0",
      "期末持股数": "0",
      "间接持股数": "",
      "从公司获得年度报酬总额": "640700",
      "补贴津贴": "",
      "变动原因说明": "",
      "是否在股东或关联单位领取报酬津贴": "否",
      "在任与否": "是"
    },
    {
      "领导人姓名": "刘华生",
      "职位描述": "副总经理、总会计师",
      "期初持股数": "0",
      "期末持股数": "0",
      "间接持股数": "",
      "从公司获得年度报酬总额": "688300",
      "补贴津贴": "",
      "变动原因说明": "",
      "是否在股东或关联单位领取报酬津贴": "否",
      "在任与否": "是"
    },
    {
      "领导人姓名": "王皓",
      "职位描述": "副总经理",
      "期初持股数": "0",
      "期末持股数": "0",
      "间接持股数": "",
      "从公司获得年度报酬总额": "556000",
      "补贴津贴": "",
      "变动原因说明": "",
      "是否在股东或关联单位领取报酬津贴": "否",
      "在任与否": "是"
    },
    {
      "领导人姓名": "许杨",
      "职位描述": "副总经理",
      "期初持股数": "0",
      "期末持股数": "0",
      "间接持股数": "",
      "从公司获得年度报酬总额": "525700",
      "补贴津贴": "",
      "变动原因说明": "",
      "是否在股东或关联单位领取报酬津贴": "否",
      "在任与否": "是"
    },
    {
      "领导人姓名": "刘国恺",
      "职位描述": "总工程师",
      "期初持股数": "0",
      "期末持股数": "0",
      "间接持股数": "",
      "从公司获得年度报酬总额": "73900",
      "补贴津贴": "",
      "变动原因说明": "",
      "是否在股东或关联单位领取报酬津贴": "否",
      "在任与否": "是"
    },
    {
      "领导人姓名": "杨志春",
      "职位描述": "董事会秘书",
      "期初持股数": "0",
      "期末持股数": "0",
      "间接持股数": "",
      "从公司获得年度报酬总额": "284100",
      "补贴津贴": "",
      "变动原因说明": "",
      "是否在股东或关联单位领取报酬津贴": "否",
      "在任与否": "是"
    }
  ]
}

=== 000404-2026-04-18-长虹华意-2025年年度报告.pdf ===
{
  "Leader_Salary_data": {
    "实际所得报酬总额起始": "",
    "实际所得报酬总额截止": "",
    "实际所得报酬总额涉及人数": ""
  },
  "Leader_Hold_data": [
    {
      "领导人姓名": "杨秀彪",
      "职位描述": "董事长",
      "期初持股数": "541800",
      "期末持股数": "541800",
      "间接持股数": "",
      "从公司获得年度报酬总额": "0",
      "补贴津贴": "",
      "变动原因说明": "",
      "是否在股东或关联单位领取报酬津贴": "是",
      "在任与否": "是"
    },
    {
      "领导人姓名": "肖文艺",
      "职位描述": "董事、总经理",
      "期初持股数": "266400",
      "期末持股数": "345600",
      "间接持股数": "",
      "从公司获得年度报酬总额": "2251800",
      "补贴津贴": "",
      "变动原因说明": "详见公司于2024年12月27日披露的《关于公司部分董事、监事、高级管理人员增持公司股份计划的公告》（公告编号2024-062）",
      "是否在股东或关联单位领取报酬津贴": "否",
      "在任与否": "是"
    },
    {
      "领导人姓名": "王勇",
      "职位描述": "董事",
      "期初持股数": "0",
      "期末持股数": "0",
      "间接持股数": "",
      "从公司获得年度报酬总额": "0",
      "补贴津贴": "",
      "变动原因说明": "",
      "是否在股东或关联单位领取报酬津贴": "是",
      "在任与否": "是"
    },
    {
      "领导人姓名": "马伴",
      "职位描述": "董事",
      "期初持股数": "0",
      "期末持股数": "0",
      "间接持股数": "",
      "从公司获得年度报酬总额": "0",
      "补贴津贴": "",
      "变动原因说明": "",
      "是否在股东或关联单位领取报酬津贴": "是",
      "在任与否": "是"
    },
    {
      "领导人姓名": "陈思远",
      "职位描述": "职工董事",
      "期初持股数": "349650",
      "期末持股数": "402650",
      "间接持股数": "",
      "从公司获得年度报酬总额": "951500",
      "补贴津贴": "",
      "变动原因说明": "详见公司于2024年12月27日披露的《关于公司部分董事、监事、高级管理人员增持公司股份计划的公告》（公告编号2024-062）",
      "是否在股东或关联单位领取报酬津贴": "否",
      "在任与否": "是"
    },
    {
      "领导人姓名": "任世驰",
      "职位描述": "独立董事",
      "期初持股数": "0",
      "期末持股数": "0",
      "间接持股数": "",
      "从公司获得年度报酬总额": "126500",
      "补贴津贴": "126500",
      "变动原因说明": "",
      "是否在股东或关联单位领取报酬津贴": "否",
      "在任与否": "是"
    },
    {
      "领导人姓名": "林嵩",
      "职位描述": "独立董事",
      "期初持股数": "0",
      "期末持股数": "0",
      "间接持股数": "",
      "从公司获得年度报酬总额": "126500",
      "补贴津贴": "126500",
      "变动原因说明": "",
      "是否在股东或关联单位领取报酬津贴": "否",
      "在任与否": "是"
    },
    {
      "领导人姓名": "邓富民",
      "职位描述": "独立董事",
      "期初持股数": "0",
      "期末持股数": "0",
      "间接持股数": "",
      "从公司获得年度报酬总额": "126500",
      "补贴津贴": "126500",
      "变动原因说明": "",
      "是否在股东或关联单位领取报酬津贴": "否",
      "在任与否": "是"
    },
    {
      "领导人姓名": "姚辉军",
      "职位描述": "副总经理",
      "期初持股数": "142800",
      "期末持股数": "222100",
      "间接持股数": "",
      "从公司获得年度报酬总额": "1653500",
      "补贴津贴": "",
      "变动原因说明": "详见公司于2024年12月27日披露的《关于公司部分董事、监事、高级管理人员增持公司股份计划的公告》（公告编号2024-062）",
      "是否在股东或关联单位领取报酬津贴": "否",
      "在任与否": "是"
    },
    {
      "领导人姓名": "杨凡",
      "职位描述": "首席合规官、副总经理",
      "期初持股数": "415560",
      "期末持股数": "482160",
      "间接持股数": "",
      "从公司获得年度报酬总额": "1403900",
      "补贴津贴": "",
      "变动原因说明": "详见公司于2024年12月27日披露的《关于公司部分董事、监事、高级管理人员增持公司股份计划的公告》（公告编号2024-062）",
      "是否在股东或关联单位领取报酬津贴": "否",
      "在任与否": "是"
    },
    {
      "领导人姓名": "周恩亮",
      "职位描述": "总会计师",
      "期初持股数": "0",
      "期末持股数": "0",
      "间接持股数": "",
      "从公司获得年度报酬总额": "136700",
      "补贴津贴": "",
      "变动原因说明": "",
      "是否在股东或关联单位领取报酬津贴": "否",
      "在任与否": "是"
    },
    {
      "领导人姓名": "周慧",
      "职位描述": "总工程师",
      "期初持股数": "56600",
      "期末持股数": "56950",
      "间接持股数": "",
      "从公司获得年度报酬总额": "136700",
      "补贴津贴": "",
      "变动原因说明": "详见公司于2024年12月11日披露的《关于公司2023年度业绩激励基金分配实施方案及激励对象拟以激励基金及自有资金增持公司股票的公告》（公告编号2024-051）",
      "是否在股东或关联单位领取报酬津贴": "否",
      "在任与否": "是"
    },
    {
      "领导人姓名": "史强",
      "职位描述": "董事、董事会秘书、首席合规官",
      "期初持股数": "230200",
      "期末持股数": "291700",
      "间接持股数": "",
      "从公司获得年度报酬总额": "1347500",
      "补贴津贴": "",
      "变动原因说明": "详见公司于2024年12月27日披露的《关于公司部分董事、监事、高级管理人员增持公司股份计划的公告》（公告编号2024-062）",
      "是否在股东或关联单位领取报酬津贴": "否",
      "在任与否": "否"
    },
    {
      "领导人姓名": "余万春",
      "职位描述": "总会计师",
      "期初持股数": "227600",
      "期末持股数": "293100",
      "间接持股数": "",
      "从公司获得年度报酬总额": "782000",
      "补贴津贴": "",
      "变动原因说明": "详见公司于2024年12月27日披露的《关于公司部分董事、监事、高级管理人员增持公司股份计划的公告》（公告编号2024-062）",
      "是否在股东或关联单位领取报酬津贴": "否",
      "在任与否": "否"
    },
    {
      "领导人姓名": "何成志",
      "职位描述": "总工程师",
      "期初持股数": "198300",
      "期末持股数": "255400",
      "间接持股数": "",
      "从公司获得年度报酬总额": "1116500",
      "补贴津贴": "",
      "变动原因说明": "详见公司于2024年12月27日披露的《关于公司部分董事、监事、高级管理人员增持公司股份计划的公告》（公告编号2024-062）",
      "是否在股东或关联单位领取报酬津贴": "否",
      "在任与否": "否"
    }
  ]
}

=== 000008-2026-04-18-神州高铁-2025年年度报告.pdf ===
{
  "Leader_Salary_data": {
    "实际所得报酬总额起始": "",
    "实际所得报酬总额截止": "",
    "实际所得报酬总额涉及人数": ""
  },
  "Leader_Hold_data": [
    {
      "领导人姓名": "孔令胜",
      "职位描述": "董事、董事长",
      "期初持股数": "0",
      "期末持股数": "0",
      "间接持股数": "",
      "从公司获得年度报酬总额": "1222700",
      "补贴津贴": "",
      "变动原因说明": "",
      "是否在股东或关联单位领取报酬津贴": "否",
      "在任与否": "是"
    },
    {
      "领导人姓名": "周健",
      "职位描述": "董事、总经理",
      "期初持股数": "0",
      "期末持股数": "0",
      "间接持股数": "",
      "从公司获得年度报酬总额": "1008800",
      "补贴津贴": "",
      "变动原因说明": "",
      "是否在股东或关联单位领取报酬津贴": "否",
      "在任与否": "是"
    },
    {
      "领导人姓名": "曹宇",
      "职位描述": "董事、总法律顾问",
      "期初持股数": "0",
      "期末持股数": "0",
      "间接持股数": "",
      "从公司获得年度报酬总额": "489300",
      "补贴津贴": "",
      "变动原因说明": "",
      "是否在股东或关联单位领取报酬津贴": "是",
      "在任与否": "是"
    },
    {
      "领导人姓名": "汪亚杰",
      "职位描述": "董事",
      "期初持股数": "0",
      "期末持股数": "0",
      "间接持股数": "",
      "从公司获得年度报酬总额": "0",
      "补贴津贴": "",
      "变动原因说明": "",
      "是否在股东或关联单位领取报酬津贴": "是",
      "在任与否": "是"
    },
    {
      "领导人姓名": "李帅",
      "职位描述": "董事",
      "期初持股数": "0",
      "期末持股数": "0",
      "间接持股数": "",
      "从公司获得年度报酬总额": "0",
      "补贴津贴": "",
      "变动原因说明": "",
      "是否在股东或关联单位领取报酬津贴": "是",
      "在任与否": "是"
    },
    {
      "领导人姓名": "周晓勤",
      "职位描述": "独立董事",
      "期初持股数": "0",
      "期末持股数": "0",
      "间接持股数": "",
      "从公司获得年度报酬总额": "130000",
      "补贴津贴": "",
      "变动原因说明": "",
      "是否在股东或关联单位领取报酬津贴": "否",
      "在任与否": "是"
    },
    {
      "领导人姓名": "李红薇",
      "职位描述": "独立董事",
      "期初持股数": "0",
      "期末持股数": "0",
      "间接持股数": "",
      "从公司获得年度报酬总额": "130000",
      "补贴津贴": "",
      "变动原因说明": "",
      "是否在股东或关联单位领取报酬津贴": "否",
      "在任与否": "是"
    },
    {
      "领导人姓名": "李先进",
      "职位描述": "独立董事",
      "期初持股数": "0",
      "期末持股数": "0",
      "间接持股数": "",
      "从公司获得年度报酬总额": "0",
      "补贴津贴": "",
      "变动原因说明": "",
      "是否在股东或关联单位领取报酬津贴": "否",
      "在任与否": "是"
    },
    {
      "领导人姓名": "高辉",
      "职位描述": "职工董事",
      "期初持股数": "0",
      "期末持股数": "0",
      "间接持股数": "",
      "从公司获得年度报酬总额": "792800",
      "补贴津贴": "",
      "变动原因说明": "",
      "是否在股东或关联单位领取报酬津贴": "否",
      "在任与否": "是"
    },
    {
      "领导人姓名": "杨浩",
      "职位描述": "副总经理、财务总监",
      "期初持股数": "0",
      "期末持股数": "0",
      "间接持股数": "",
      "从公司获得年度报酬总额": "1032400",
      "补贴津贴": "",
      "变动原因说明": "",
      "是否在股东或关联单位领取报酬津贴": "否",
      "在任与否": "是"
    },
    {
      "领导人姓名": "陈冰清",
      "职位描述": "副总经理",
      "期初持股数": "0",
      "期末持股数": "0",
      "间接持股数": "",
      "从公司获得年度报酬总额": "1091900",
      "补贴津贴": "",
      "变动原因说明": "",
      "是否在股东或关联单位领取报酬津贴": "否",
      "在任与否": "是"
    },
    {
      "领导人姓名": "侯小婧",
      "职位描述": "董事会秘书",
      "期初持股数": "107642",
      "期末持股数": "107642",
      "间接持股数": "",
      "从公司获得年度报酬总额": "1026900",
      "补贴津贴": "",
      "变动原因说明": "无",
      "是否在股东或关联单位领取报酬津贴": "否",
      "在任与否": "是"
    },
    {
      "领导人姓名": "张斌",
      "职位描述": "董事、总法律顾问",
      "期初持股数": "0",
      "期末持股数": "0",
      "间接持股数": "",
      "从公司获得年度报酬总额": "602300",
      "补贴津贴": "",
      "变动原因说明": "无",
      "是否在股东或关联单位领取报酬津贴": "是",
      "在任与否": "否"
    },
    {
      "领导人姓名": "洪铭君",
      "职位描述": "董事",
      "期初持股数": "0",
      "期末持股数": "0",
      "间接持股数": "",
      "从公司获得年度报酬总额": "0",
      "补贴津贴": "",
      "变动原因说明": "无",
      "是否在股东或关联单位领取报酬津贴": "是",
      "在任与否": "否"
    },
    {
      "领导人姓名": "司徒智博",
      "职位描述": "董事",
      "期初持股数": "0",
      "期末持股数": "0",
      "间接持股数": "",
      "从公司获得年度报酬总额": "0",
      "补贴津贴": "",
      "变动原因说明": "无",
      "是否在股东或关联单位领取报酬津贴": "是",
      "在任与否": "否"
    }
  ]
}

=== 000518-2026-04-18-ST四环-2025年年度报告.pdf ===
{
  "Leader_Salary_data": {
    "实际所得报酬总额起始": "",
    "实际所得报酬总额截止": "",
    "实际所得报酬总额涉及人数": ""
  },
  "Leader_Hold_data": [
    {
      "领导人姓名": "邱为碧",
      "职位描述": "董事长",
      "期初持股数": "0",
      "期末持股数": "0",
      "间接持股数": "",
      "从公司获得年度报酬总额": "0",
      "补贴津贴": "",
      "变动原因说明": "",
      "是否在股东或关联单位领取报酬津贴": "是",
      "在任与否": "是"
    },
    {
      "领导人姓名": "陈龙",
      "职位描述": "董事、总经理",
      "期初持股数": "0",
      "期末持股数": "0",
      "间接持股数": "",
      "从公司获得年度报酬总额": "366900",
      "补贴津贴": "",
      "变动原因说明": "",
      "是否在股东或关联单位领取报酬津贴": "否",
      "在任与否": "是"
    },
    {
      "领导人姓名": "韦麟福",
      "职位描述": "董事、副总经理",
      "期初持股数": "0",
      "期末持股数": "0",
      "间接持股数": "",
      "从公司获得年度报酬总额": "291700",
      "补贴津贴": "",
      "变动原因说明": "",
      "是否在股东或关联单位领取报酬津贴": "否",
      "在任与否": "是"
    },
    {
      "领导人姓名": "刘卫",
      "职位描述": "独立董事",
      "期初持股数": "0",
      "期末持股数": "0",
      "间接持股数": "",
      "从公司获得年度报酬总额": "80000",
      "补贴津贴": "80000",
      "变动原因说明": "",
      "是否在股东或关联单位领取报酬津贴": "否",
      "在任与否": "是"
    },
    {
      "领导人姓名": "吴良卫",
      "职位描述": "独立董事",
      "期初持股数": "0",
      "期末持股数": "0",
      "间接持股数": "",
      "从公司获得年度报酬总额": "80000",
      "补贴津贴": "80000",
      "变动原因说明": "",
      "是否在股东或关联单位领取报酬津贴": "否",
      "在任与否": "是"
    },
    {
      "领导人姓名": "刘晓峰",
      "职位描述": "副总经理",
      "期初持股数": "0",
      "期末持股数": "0",
      "间接持股数": "",
      "从公司获得年度报酬总额": "291700",
      "补贴津贴": "",
      "变动原因说明": "",
      "是否在股东或关联单位领取报酬津贴": "否",
      "在任与否": "是"
    },
    {
      "领导人姓名": "刘智江",
      "职位描述": "财务总监",
      "期初持股数": "0",
      "期末持股数": "0",
      "间接持股数": "",
      "从公司获得年度报酬总额": "291700",
      "补贴津贴": "",
      "变动原因说明": "",
      "是否在股东或关联单位领取报酬津贴": "否",
      "在任与否": "是"
    },
    {
      "领导人姓名": "周扬",
      "职位描述": "副总经理、董事会秘书",
      "期初持股数": "0",
      "期末持股数": "0",
      "间接持股数": "",
      "从公司获得年度报酬总额": "375200",
      "补贴津贴": "",
      "变动原因说明": "",
      "是否在股东或关联单位领取报酬津贴": "否",
      "在任与否": "是"
    },
    {
      "领导人姓名": "郭煜",
      "职位描述": "董事长、总经理、代董事会秘书",
      "期初持股数": "0",
      "期末持股数": "0",
      "间接持股数": "",
      "从公司获得年度报酬总额": "140000",
      "补贴津贴": "",
      "变动原因说明": "",
      "是否在股东或关联单位领取报酬津贴": "否",
      "在任与否": "否"
    },
    {
      "领导人姓名": "文军",
      "职位描述": "董事",
      "期初持股数": "0",
      "期末持股数": "0",
      "间接持股数": "",
      "从公司获得年度报酬总额": "217200",
      "补贴津贴": "",
      "变动原因说明": "",
      "是否在股东或关联单位领取报酬津贴": "否",
      "在任与否": "否"
    },
    {
      "领导人姓名": "王莉",
      "职位描述": "独立董事",
      "期初持股数": "0",
      "期末持股数": "0",
      "间接持股数": "",
      "从公司获得年度报酬总额": "40000",
      "补贴津贴": "40000",
      "变动原因说明": "",
      "是否在股东或关联单位领取报酬津贴": "否",
      "在任与否": "否"
    },
    {
      "领导人姓名": "赵洁",
      "职位描述": "财务总监",
      "期初持股数": "0",
      "期末持股数": "0",
      "间接持股数": "",
      "从公司获得年度报酬总额": "140700",
      "补贴津贴": "",
      "变动原因说明": "",
      "是否在股东或关联单位领取报酬津贴": "否",
      "在任与否": "否"
    },
    {
      "领导人姓名": "华璟轩",
      "职位描述": "监事",
      "期初持股数": "0",
      "期末持股数": "0",
      "间接持股数": "",
      "从公司获得年度报酬总额": "",
      "补贴津贴": "",
      "变动原因说明": "",
      "是否在股东或关联单位领取报酬津贴": "",
      "在任与否": "否"
    },
    {
      "领导人姓名": "朱春芳",
      "职位描述": "监事",
      "期初持股数": "0",
      "期末持股数": "0",
      "间接持股数": "",
      "从公司获得年度报酬总额": "",
      "补贴津贴": "",
      "变动原因说明": "",
      "是否在股东或关联单位领取报酬津贴": "",
      "在任与否": "否"
    },
    {
      "领导人姓名": "徐立科",
      "职位描述": "监事",
      "期初持股数": "0",
      "期末持股数": "0",
      "间接持股数": "",
      "从公司获得年度报酬总额": "",
      "补贴津贴": "",
      "变动原因说明": "",
      "是否在股东或关联单位领取报酬津贴": "",
      "在任与否": "否"
    },
    {
      "领导人姓名": "韩明娣",
      "职位描述": "监事",
      "期初持股数": "0",
      "期末持股数": "0",
      "间接持股数": "",
      "从公司获得年度报酬总额": "",
      "补贴津贴": "",
      "变动原因说明": "",
      "是否在股东或关联单位领取报酬津贴": "",
      "在任与否": "否"
    }
  ]
}

=== 000802-2026-04-18-北京文化-2025年年度报告.pdf ===
{
  "Leader_Salary_data": {
    "实际所得报酬总额起始": "",
    "实际所得报酬总额截止": "",
    "实际所得报酬总额涉及人数": ""
  },
  "Leader_Hold_data": [
    {
      "领导人姓名": "李雳",
      "职位描述": "董事长",
      "期初持股数": "0",
      "期末持股数": "0",
      "间接持股数": "",
      "从公司获得年度报酬总额": "967400",
      "补贴津贴": "",
      "变动原因说明": "",
      "是否在股东或关联单位领取报酬津贴": "否",
      "在任与否": "是"
    },
    {
      "领导人姓名": "严雪峰",
      "职位描述": "董事、总裁",
      "期初持股数": "0",
      "期末持股数": "0",
      "间接持股数": "",
      "从公司获得年度报酬总额": "1207400",
      "补贴津贴": "",
      "变动原因说明": "",
      "是否在股东或关联单位领取报酬津贴": "否",
      "在任与否": "是"
    },
    {
      "领导人姓名": "晏晶",
      "职位描述": "董事、副总裁、董事会秘书",
      "期初持股数": "0",
      "期末持股数": "475000",
      "间接持股数": "",
      "从公司获得年度报酬总额": "727800",
      "补贴津贴": "",
      "变动原因说明": "",
      "是否在股东或关联单位领取报酬津贴": "否",
      "在任与否": "是"
    },
    {
      "领导人姓名": "杜扬",
      "职位描述": "董事",
      "期初持股数": "",
      "期末持股数": "475000",
      "间接持股数": "",
      "从公司获得年度报酬总额": "240000",
      "补贴津贴": "",
      "变动原因说明": "",
      "是否在股东或关联单位领取报酬津贴": "否",
      "在任与否": "是"
    },
    {
      "领导人姓名": "郭庆胜",
      "职位描述": "董事",
      "期初持股数": "0",
      "期末持股数": "0",
      "间接持股数": "",
      "从公司获得年度报酬总额": "240000",
      "补贴津贴": "",
      "变动原因说明": "",
      "是否在股东或关联单位领取报酬津贴": "是",
      "在任与否": "是"
    },
    {
      "领导人姓名": "姚岚",
      "职位描述": "董事",
      "期初持股数": "0",
      "期末持股数": "0",
      "间接持股数": "",
      "从公司获得年度报酬总额": "0",
      "补贴津贴": "",
      "变动原因说明": "",
      "是否在股东或关联单位领取报酬津贴": "是",
      "在任与否": "是"
    },
    {
      "领导人姓名": "吴长波",
      "职位描述": "独立董事",
      "期初持股数": "0",
      "期末持股数": "0",
      "间接持股数": "",
      "从公司获得年度报酬总额": "120000",
      "补贴津贴": "120000",
      "变动原因说明": "",
      "是否在股东或关联单位领取报酬津贴": "否",
      "在任与否": "是"
    },
    {
      "领导人姓名": "刘杰",
      "职位描述": "独立董事",
      "期初持股数": "0",
      "期末持股数": "0",
      "间接持股数": "",
      "从公司获得年度报酬总额": "120000",
      "补贴津贴": "120000",
      "变动原因说明": "",
      "是否在股东或关联单位领取报酬津贴": "否",
      "在任与否": "是"
    },
    {
      "领导人姓名": "陆群威",
      "职位描述": "独立董事",
      "期初持股数": "0",
      "期末持股数": "0",
      "间接持股数": "",
      "从公司获得年度报酬总额": "120000",
      "补贴津贴": "120000",
      "变动原因说明": "",
      "是否在股东或关联单位领取报酬津贴": "否",
      "在任与否": "是"
    },
    {
      "领导人姓名": "张雪",
      "职位描述": "财务总监",
      "期初持股数": "0",
      "期末持股数": "0",
      "间接持股数": "",
      "从公司获得年度报酬总额": "727400",
      "补贴津贴": "",
      "变动原因说明": "",
      "是否在股东或关联单位领取报酬津贴": "否",
      "在任与否": "是"
    }
  ]
}

=== 000595-2026-04-18-ST宝实-2025年年度报告.pdf ===
{
  "Leader_Salary_data": {
    "实际所得报酬总额起始": "",
    "实际所得报酬总额截止": "",
    "实际所得报酬总额涉及人数": ""
  },
  "Leader_Hold_data": [
    {
      "领导人姓名": "田林",
      "职位描述": "董事长、董事",
      "期初持股数": "0",
      "期末持股数": "0",
      "间接持股数": "",
      "从公司获得年度报酬总额": "0",
      "补贴津贴": "",
      "变动原因说明": "",
      "是否在股东或关联单位领取报酬津贴": "否",
      "在任与否": "是"
    },
    {
      "领导人姓名": "柳自敏",
      "职位描述": "董事、总经理",
      "期初持股数": "0",
      "期末持股数": "0",
      "间接持股数": "",
      "从公司获得年度报酬总额": "166900",
      "补贴津贴": "",
      "变动原因说明": "",
      "是否在股东或关联单位领取报酬津贴": "否",
      "在任与否": "是"
    },
    {
      "领导人姓名": "郭维宏",
      "职位描述": "董事、副总经理",
      "期初持股数": "0",
      "期末持股数": "0",
      "间接持股数": "",
      "从公司获得年度报酬总额": "307300",
      "补贴津贴": "",
      "变动原因说明": "",
      "是否在股东或关联单位领取报酬津贴": "否",
      "在任与否": "是"
    },
    {
      "领导人姓名": "刘庆林",
      "职位描述": "独立董事",
      "期初持股数": "0",
      "期末持股数": "0",
      "间接持股数": "",
      "从公司获得年度报酬总额": "55000",
      "补贴津贴": "55000",
      "变动原因说明": "",
      "是否在股东或关联单位领取报酬津贴": "否",
      "在任与否": "是"
    },
    {
      "领导人姓名": "叶森",
      "职位描述": "独立董事",
      "期初持股数": "0",
      "期末持股数": "0",
      "间接持股数": "",
      "从公司获得年度报酬总额": "55000",
      "补贴津贴": "55000",
      "变动原因说明": "",
      "是否在股东或关联单位领取报酬津贴": "否",
      "在任与否": "是"
    },
    {
      "领导人姓名": "黄爱学",
      "职位描述": "独立董事",
      "期初持股数": "0",
      "期末持股数": "0",
      "间接持股数": "",
      "从公司获得年度报酬总额": "55000",
      "补贴津贴": "55000",
      "变动原因说明": "",
      "是否在股东或关联单位领取报酬津贴": "否",
      "在任与否": "是"
    },
    {
      "领导人姓名": "闻小华",
      "职位描述": "副总经理",
      "期初持股数": "0",
      "期末持股数": "0",
      "间接持股数": "",
      "从公司获得年度报酬总额": "149200",
      "补贴津贴": "",
      "变动原因说明": "",
      "是否在股东或关联单位领取报酬津贴": "否",
      "在任与否": "是"
    },
    {
      "领导人姓名": "李小军",
      "职位描述": "副总经理",
      "期初持股数": "0",
      "期末持股数": "0",
      "间接持股数": "",
      "从公司获得年度报酬总额": "137900",
      "补贴津贴": "",
      "变动原因说明": "",
      "是否在股东或关联单位领取报酬津贴": "否",
      "在任与否": "是"
    },
    {
      "领导人姓名": "李晓奕",
      "职位描述": "董事会秘书",
      "期初持股数": "0",
      "期末持股数": "0",
      "间接持股数": "",
      "从公司获得年度报酬总额": "142200",
      "补贴津贴": "",
      "变动原因说明": "",
      "是否在股东或关联单位领取报酬津贴": "否",
      "在任与否": "是"
    },
    {
      "领导人姓名": "李丽",
      "职位描述": "财务总监",
      "期初持股数": "0",
      "期末持股数": "0",
      "间接持股数": "",
      "从公司获得年度报酬总额": "120600",
      "补贴津贴": "",
      "变动原因说明": "",
      "是否在股东或关联单位领取报酬津贴": "否",
      "在任与否": "是"
    },
    {
      "领导人姓名": "刘志方",
      "职位描述": "副总经理",
      "期初持股数": "0",
      "期末持股数": "0",
      "间接持股数": "",
      "从公司获得年度报酬总额": "0",
      "补贴津贴": "",
      "变动原因说明": "",
      "是否在股东或关联单位领取报酬津贴": "否",
      "在任与否": "是"
    },
    {
      "领导人姓名": "周峰",
      "职位描述": "副总经理",
      "期初持股数": "0",
      "期末持股数": "0",
      "间接持股数": "",
      "从公司获得年度报酬总额": "0",
      "补贴津贴": "",
      "变动原因说明": "",
      "是否在股东或关联单位领取报酬津贴": "否",
      "在任与否": "是"
    },
    {
      "领导人姓名": "张怀畅",
      "职位描述": "董事长、董事",
      "期初持股数": "0",
      "期末持股数": "0",
      "间接持股数": "",
      "从公司获得年度报酬总额": "169200",
      "补贴津贴": "",
      "变动原因说明": "",
      "是否在股东或关联单位领取报酬津贴": "否",
      "在任与否": "否"
    },
    {
      "领导人姓名": "杜志学",
      "职位描述": "董事长、董事",
      "期初持股数": "0",
      "期末持股数": "0",
      "间接持股数": "",
      "从公司获得年度报酬总额": "320200",
      "补贴津贴": "",
      "变动原因说明": "",
      "是否在股东或关联单位领取报酬津贴": "否",
      "在任与否": "否"
    },
    {
      "领导人姓名": "包小俊",
      "职位描述": "董事、副总经理",
      "期初持股数": "0",
      "期末持股数": "0",
      "间接持股数": "",
      "从公司获得年度报酬总额": "358400",
      "补贴津贴": "",
      "变动原因说明": "",
      "是否在股东或关联单位领取报酬津贴": "否",
      "在任与否": "否"
    },
    {
      "领导人姓名": "哈晓天",
      "职位描述": "董事",
      "期初持股数": "0",
      "期末持股数": "0",
      "间接持股数": "",
      "从公司获得年度报酬总额": "274900",
      "补贴津贴": "",
      "变动原因说明": "",
      "是否在股东或关联单位领取报酬津贴": "否",
      "在任与否": "否"
    },
    {
      "领导人姓名": "周百岭",
      "职位描述": "副总经理",
      "期初持股数": "0",
      "期末持股数": "0",
      "间接持股数": "",
      "从公司获得年度报酬总额": "261300",
      "补贴津贴": "",
      "变动原因说明": "",
      "是否在股东或关联单位领取报酬津贴": "否",
      "在任与否": "否"
    },
    {
      "领导人姓名": "马金保",
      "职位描述": "财务总监",
      "期初持股数": "0",
      "期末持股数": "0",
      "间接持股数": "",
      "从公司获得年度报酬总额": "324900",
      "补贴津贴": "",
      "变动原因说明": "",
      "是否在股东或关联单位领取报酬津贴": "否",
      "在任与否": "否"
    },
    {
      "领导人姓名": "李宏滨",
      "职位描述": "总工程师",
      "期初持股数": "0",
      "期末持股数": "0",
      "间接持股数": "",
      "从公司获得年度报酬总额": "279800",
      "补贴津贴": "",
      "变动原因说明": "",
      "是否在股东或关联单位领取报酬津贴": "否",
      "在任与否": "否"
    },
    {
      "领导人姓名": "修军成",
      "职位描述": "职工董事",
      "期初持股数": "0",
      "期末持股数": "0",
      "间接持股数": "",
      "从公司获得年度报酬总额": "0",
      "补贴津贴": "",
      "变动原因说明": "",
      "是否在股东或关联单位领取报酬津贴": "否",
      "在任与否": "否"
    },
    {
      "领导人姓名": "张玉礼",
      "职位描述": "监事会主席",
      "期初持股数": "0",
      "期末持股数": "0",
      "间接持股数": "",
      "从公司获得年度报酬总额": "0",
      "补贴津贴": "",
      "变动原因说明": "",
      "是否在股东或关联单位领取报酬津贴": "是",
      "在任与否": "否"
    },
    {
      "领导人姓名": "任振华",
      "职位描述": "监事",
      "期初持股数": "0",
      "期末持股数": "0",
      "间接持股数": "",
      "从公司获得年度报酬总额": "0",
      "补贴津贴": "",
      "变动原因说明": "",
      "是否在股东或关联单位领取报酬津贴": "是",
      "在任与否": "否"
    },
    {
      "领导人姓名": "付震",
      "职位描述": "职工监事",
      "期初持股数": "0",
      "期末持股数": "0",
      "间接持股数": "",
      "从公司获得年度报酬总额": "0",
      "补贴津贴": "",
      "变动原因说明": "",
      "是否在股东或关联单位领取报酬津贴": "否",
      "在任与否": "否"
    }
  ]
}

=== 000623-2026-04-18-吉林敖东-2025年年度报告.pdf ===
{
  "Leader_Salary_data": {
    "实际所得报酬总额起始": "",
    "实际所得报酬总额截止": "",
    "实际所得报酬总额涉及人数": ""
  },
  "Leader_Hold_data": [
    {
      "领导人姓名": "李秀林",
      "职位描述": "董事长",
      "期初持股数": "3656172",
      "期末持股数": "3656172",
      "间接持股数": "",
      "从公司获得年度报酬总额": "2707900",
      "补贴津贴": "",
      "变动原因说明": "不适用",
      "是否在股东或关联单位领取报酬津贴": "是",
      "在任与否": "是"
    },
    {
      "领导人姓名": "郭淑芹",
      "职位描述": "副董事长、总经理",
      "期初持股数": "2026789",
      "期末持股数": "2026789",
      "间接持股数": "",
      "从公司获得年度报酬总额": "2166900",
      "补贴津贴": "",
      "变动原因说明": "不适用",
      "是否在股东或关联单位领取报酬津贴": "否",
      "在任与否": "是"
    },
    {
      "领导人姓名": "杨凯",
      "职位描述": "董事、副总经理",
      "期初持股数": "158527",
      "期末持股数": "158527",
      "间接持股数": "",
      "从公司获得年度报酬总额": "284800",
      "补贴津贴": "",
      "变动原因说明": "不适用",
      "是否在股东或关联单位领取报酬津贴": "否",
      "在任与否": "是"
    },
    {
      "领导人姓名": "张淑媛",
      "职位描述": "董事、副总经理、财务总监",
      "期初持股数": "158527",
      "期末持股数": "158527",
      "间接持股数": "",
      "从公司获得年度报酬总额": "265900",
      "补贴津贴": "",
      "变动原因说明": "不适用",
      "是否在股东或关联单位领取报酬津贴": "否",
      "在任与否": "是"
    },
    {
      "领导人姓名": "王振宇",
      "职位描述": "董事、副总经理、董事会秘书",
      "期初持股数": "101492",
      "期末持股数": "101492",
      "间接持股数": "",
      "从公司获得年度报酬总额": "218400",
      "补贴津贴": "",
      "变动原因说明": "不适用",
      "是否在股东或关联单位领取报酬津贴": "是",
      "在任与否": "是"
    },
    {
      "领导人姓名": "赵大龙",
      "职位描述": "董事、党委书记",
      "期初持股数": "72555",
      "期末持股数": "72555",
      "间接持股数": "",
      "从公司获得年度报酬总额": "218400",
      "补贴津贴": "",
      "变动原因说明": "不适用",
      "是否在股东或关联单位领取报酬津贴": "否",
      "在任与否": "是"
    },
    {
      "领导人姓名": "李鹏",
      "职位描述": "独立董事",
      "期初持股数": "0",
      "期末持股数": "0",
      "间接持股数": "",
      "从公司获得年度报酬总额": "126300",
      "补贴津贴": "",
      "变动原因说明": "不适用",
      "是否在股东或关联单位领取报酬津贴": "否",
      "在任与否": "是"
    },
    {
      "领导人姓名": "肖维维",
      "职位描述": "独立董事",
      "期初持股数": "0",
      "期末持股数": "0",
      "间接持股数": "",
      "从公司获得年度报酬总额": "126300",
      "补贴津贴": "",
      "变动原因说明": "不适用",
      "是否在股东或关联单位领取报酬津贴": "否",
      "在任与否": "是"
    },
    {
      "领导人姓名": "梁毕明",
      "职位描述": "独立董事",
      "期初持股数": "0",
      "期末持股数": "0",
      "间接持股数": "",
      "从公司获得年度报酬总额": "113300",
      "补贴津贴": "",
      "变动原因说明": "不适用",
      "是否在股东或关联单位领取报酬津贴": "否",
      "在任与否": "否"
    },
    {
      "领导人姓名": "张春颖",
      "职位描述": "独立董事",
      "期初持股数": "0",
      "期末持股数": "0",
      "间接持股数": "",
      "从公司获得年度报酬总额": "13000",
      "补贴津贴": "",
      "变动原因说明": "不适用",
      "是否在股东或关联单位领取报酬津贴": "否",
      "在任与否": "是"
    },
    {
      "领导人姓名": "林晓林",
      "职位描述": "副总经理",
      "期初持股数": "20010",
      "期末持股数": "20010",
      "间接持股数": "",
      "从公司获得年度报酬总额": "218400",
      "补贴津贴": "",
      "变动原因说明": "不适用",
      "是否在股东或关联单位领取报酬津贴": "否",
      "在任与否": "是"
    },
    {
      "领导人姓名": "王超",
      "职位描述": "副总经理",
      "期初持股数": "74600",
      "期末持股数": "74600",
      "间接持股数": "",
      "从公司获得年度报酬总额": "333300",
      "补贴津贴": "",
      "变动原因说明": "不适用",
      "是否在股东或关联单位领取报酬津贴": "否",
      "在任与否": "是"
    }
  ]
}

=== 000630-2026-04-20-铜陵有色-2025年年度报告.pdf ===
{
  "Leader_Salary_data": {
    "实际所得报酬总额起始": "5291600",
    "实际所得报酬总额截止": "5291600",
    "实际所得报酬总额涉及人数": ""
  },
  "Leader_Hold_data": [
    {
      "领导人姓名": "丁士启",
      "职位描述": "董事长、董事、副董事长",
      "期初持股数": "",
      "期末持股数": "",
      "间接持股数": "",
      "从公司获得年度报酬总额": "0",
      "补贴津贴": "",
      "变动原因说明": "",
      "是否在股东或关联单位领取报酬津贴": "是",
      "在任与否": "是"
    },
    {
      "领导人姓名": "蒋培进",
      "职位描述": "董事",
      "期初持股数": "55600",
      "期末持股数": "55600",
      "间接持股数": "",
      "从公司获得年度报酬总额": "0",
      "补贴津贴": "",
      "变动原因说明": "",
      "是否在股东或关联单位领取报酬津贴": "是",
      "在任与否": "是"
    },
    {
      "领导人姓名": "文燕",
      "职位描述": "董事、经理、副经理",
      "期初持股数": "",
      "期末持股数": "",
      "间接持股数": "",
      "从公司获得年度报酬总额": "847900",
      "补贴津贴": "",
      "变动原因说明": "",
      "是否在股东或关联单位领取报酬津贴": "否",
      "在任与否": "是"
    },
    {
      "领导人姓名": "姚兵",
      "职位描述": "董事、董事会秘书、总会计师",
      "期初持股数": "",
      "期末持股数": "",
      "间接持股数": "",
      "从公司获得年度报酬总额": "721200",
      "补贴津贴": "",
      "变动原因说明": "",
      "是否在股东或关联单位领取报酬津贴": "否",
      "在任与否": "是"
    },
    {
      "领导人姓名": "王彪",
      "职位描述": "职工董事",
      "期初持股数": "",
      "期末持股数": "",
      "间接持股数": "",
      "从公司获得年度报酬总额": "417100",
      "补贴津贴": "",
      "变动原因说明": "",
      "是否在股东或关联单位领取报酬津贴": "否",
      "在任与否": "是"
    },
    {
      "领导人姓名": "姚禄仕",
      "职位描述": "独立董事",
      "期初持股数": "",
      "期末持股数": "",
      "间接持股数": "",
      "从公司获得年度报酬总额": "100000",
      "补贴津贴": "100000",
      "变动原因说明": "",
      "是否在股东或关联单位领取报酬津贴": "否",
      "在任与否": "是"
    },
    {
      "领导人姓名": "汤书昆",
      "职位描述": "独立董事",
      "期初持股数": "",
      "期末持股数": "",
      "间接持股数": "",
      "从公司获得年度报酬总额": "100000",
      "补贴津贴": "100000",
      "变动原因说明": "",
      "是否在股东或关联单位领取报酬津贴": "否",
      "在任与否": "是"
    },
    {
      "领导人姓名": "尤佳",
      "职位描述": "独立董事",
      "期初持股数": "",
      "期末持股数": "",
      "间接持股数": "",
      "从公司获得年度报酬总额": "100000",
      "补贴津贴": "100000",
      "变动原因说明": "",
      "是否在股东或关联单位领取报酬津贴": "否",
      "在任与否": "是"
    },
    {
      "领导人姓名": "姚道春",
      "职位描述": "副经理",
      "期初持股数": "",
      "期末持股数": "",
      "间接持股数": "",
      "从公司获得年度报酬总额": "717100",
      "补贴津贴": "",
      "变动原因说明": "",
      "是否在股东或关联单位领取报酬津贴": "否",
      "在任与否": "是"
    },
    {
      "领导人姓名": "甘国庆",
      "职位描述": "副经理",
      "期初持股数": "",
      "期末持股数": "",
      "间接持股数": "",
      "从公司获得年度报酬总额": "734700",
      "补贴津贴": "",
      "变动原因说明": "",
      "是否在股东或关联单位领取报酬津贴": "否",
      "在任与否": "是"
    },
    {
      "领导人姓名": "龚华东",
      "职位描述": "董事长、董事",
      "期初持股数": "",
      "期末持股数": "",
      "间接持股数": "",
      "从公司获得年度报酬总额": "0",
      "补贴津贴": "",
      "变动原因说明": "",
      "是否在股东或关联单位领取报酬津贴": "是",
      "在任与否": "否"
    },
    {
      "领导人姓名": "梁洪流",
      "职位描述": "董事、经理",
      "期初持股数": "",
      "期末持股数": "",
      "间接持股数": "",
      "从公司获得年度报酬总额": "627600",
      "补贴津贴": "",
      "变动原因说明": "",
      "是否在股东或关联单位领取报酬津贴": "是",
      "在任与否": "否"
    },
    {
      "领导人姓名": "朱明",
      "职位描述": "独立董事",
      "期初持股数": "",
      "期末持股数": "",
      "间接持股数": "",
      "从公司获得年度报酬总额": "41700",
      "补贴津贴": "",
      "变动原因说明": "",
      "是否在股东或关联单位领取报酬津贴": "否",
      "在任与否": "否"
    },
    {
      "领导人姓名": "赵荣升",
      "职位描述": "副经理",
      "期初持股数": "",
      "期末持股数": "",
      "间接持股数": "",
      "从公司获得年度报酬总额": "884300",
      "补贴津贴": "",
      "变动原因说明": "",
      "是否在股东或关联单位领取报酬津贴": "是",
      "在任与否": "否"
    }
  ]
}

=== 000514-2026-04-18-渝开发-2025年年度报告.pdf ===
{
  "Leader_Salary_data": {
    "实际所得报酬总额起始": "",
    "实际所得报酬总额截止": "",
    "实际所得报酬总额涉及人数": ""
  },
  "Leader_Hold_data": [
    {
      "领导人姓名": "陈业",
      "职位描述": "董事长",
      "期初持股数": "0",
      "期末持股数": "0",
      "间接持股数": "",
      "从公司获得年度报酬总额": "0",
      "补贴津贴": "",
      "变动原因说明": "",
      "是否在股东或关联单位领取报酬津贴": "是",
      "在任与否": "是"
    },
    {
      "领导人姓名": "罗异",
      "职位描述": "董事、总经理",
      "期初持股数": "0",
      "期末持股数": "0",
      "间接持股数": "",
      "从公司获得年度报酬总额": "537600",
      "补贴津贴": "",
      "变动原因说明": "",
      "是否在股东或关联单位领取报酬津贴": "否",
      "在任与否": "是"
    },
    {
      "领导人姓名": "向双林",
      "职位描述": "董事",
      "期初持股数": "0",
      "期末持股数": "0",
      "间接持股数": "",
      "从公司获得年度报酬总额": "332100",
      "补贴津贴": "",
      "变动原因说明": "",
      "是否在股东或关联单位领取报酬津贴": "否",
      "在任与否": "是"
    },
    {
      "领导人姓名": "曾德珩",
      "职位描述": "独立董事",
      "期初持股数": "0",
      "期末持股数": "0",
      "间接持股数": "",
      "从公司获得年度报酬总额": "65000",
      "补贴津贴": "65000",
      "变动原因说明": "",
      "是否在股东或关联单位领取报酬津贴": "否",
      "在任与否": "是"
    },
    {
      "领导人姓名": "崔恒忠",
      "职位描述": "独立董事",
      "期初持股数": "0",
      "期末持股数": "0",
      "间接持股数": "",
      "从公司获得年度报酬总额": "65000",
      "补贴津贴": "65000",
      "变动原因说明": "",
      "是否在股东或关联单位领取报酬津贴": "否",
      "在任与否": "是"
    },
    {
      "领导人姓名": "陈定文",
      "职位描述": "独立董事",
      "期初持股数": "0",
      "期末持股数": "0",
      "间接持股数": "",
      "从公司获得年度报酬总额": "65000",
      "补贴津贴": "65000",
      "变动原因说明": "",
      "是否在股东或关联单位领取报酬津贴": "否",
      "在任与否": "是"
    },
    {
      "领导人姓名": "聂涛",
      "职位描述": "常务副总经理",
      "期初持股数": "0",
      "期末持股数": "0",
      "间接持股数": "",
      "从公司获得年度报酬总额": "442800",
      "补贴津贴": "",
      "变动原因说明": "",
      "是否在股东或关联单位领取报酬津贴": "否",
      "在任与否": "是"
    },
    {
      "领导人姓名": "李星一",
      "职位描述": "财务总监、董事会秘书",
      "期初持股数": "0",
      "期末持股数": "0",
      "间接持股数": "",
      "从公司获得年度报酬总额": "332100",
      "补贴津贴": "",
      "变动原因说明": "",
      "是否在股东或关联单位领取报酬津贴": "否",
      "在任与否": "是"
    },
    {
      "领导人姓名": "苏琦",
      "职位描述": "副总经理",
      "期初持股数": "0",
      "期末持股数": "0",
      "间接持股数": "",
      "从公司获得年度报酬总额": "332100",
      "补贴津贴": "",
      "变动原因说明": "",
      "是否在股东或关联单位领取报酬津贴": "否",
      "在任与否": "是"
    },
    {
      "领导人姓名": "宋宗宇",
      "职位描述": "独立董事",
      "期初持股数": "0",
      "期末持股数": "0",
      "间接持股数": "",
      "从公司获得年度报酬总额": "51800",
      "补贴津贴": "51800",
      "变动原因说明": "",
      "是否在股东或关联单位领取报酬津贴": "否",
      "在任与否": "否"
    },
    {
      "领导人姓名": "胡志敏",
      "职位描述": "副总经理",
      "期初持股数": "0",
      "期末持股数": "0",
      "间接持股数": "",
      "从公司获得年度报酬总额": "405900",
      "补贴津贴": "",
      "变动原因说明": "",
      "是否在股东或关联单位领取报酬津贴": "否",
      "在任与否": "否"
    },
    {
      "领导人姓名": "罗升平",
      "职位描述": "董事",
      "期初持股数": "0",
      "期末持股数": "0",
      "间接持股数": "",
      "从公司获得年度报酬总额": "110700",
      "补贴津贴": "",
      "变动原因说明": "",
      "是否在股东或关联单位领取报酬津贴": "否",
      "在任与否": "否"
    },
    {
      "领导人姓名": "朱江",
      "职位描述": "监事会主席",
      "期初持股数": "0",
      "期末持股数": "0",
      "间接持股数": "",
      "从公司获得年度报酬总额": "",
      "补贴津贴": "",
      "变动原因说明": "",
      "是否在股东或关联单位领取报酬津贴": "",
      "在任与否": "否"
    },
    {
      "领导人姓名": "米沙",
      "职位描述": "监事",
      "期初持股数": "0",
      "期末持股数": "0",
      "间接持股数": "",
      "从公司获得年度报酬总额": "",
      "补贴津贴": "",
      "变动原因说明": "",
      "是否在股东或关联单位领取报酬津贴": "",
      "在任与否": "否"
    },
    {
      "领导人姓名": "衣振威",
      "职位描述": "职工监事",
      "期初持股数": "0",
      "期末持股数": "0",
      "间接持股数": "",
      "从公司获得年度报酬总额": "",
      "补贴津贴": "",
      "变动原因说明": "",
      "是否在股东或关联单位领取报酬津贴": "",
      "在任与否": "否"
    },
    {
      "领导人姓名": "谢勇彬",
      "职位描述": "董事会秘书、副总经理、总法律顾问",
      "期初持股数": "0",
      "期末持股数": "0",
      "间接持股数": "",
      "从公司获得年度报酬总额": "110700",
      "补贴津贴": "",
      "变动原因说明": "",
      "是否在股东或关联单位领取报酬津贴": "否",
      "在任与否": "否"
    },
    {
      "领导人姓名": "官燕",
      "职位描述": "财务总监",
      "期初持股数": "0",
      "期末持股数": "0",
      "间接持股数": "",
      "从公司获得年度报酬总额": "110700",
      "补贴津贴": "",
      "变动原因说明": "",
      "是否在股东或关联单位领取报酬津贴": "否",
      "在任与否": "否"
    }
  ]
}

=== 000679-2026-04-18-大连友谊-2025年年度报告.pdf ===
{
  "Leader_Salary_data": {
    "实际所得报酬总额起始": "",
    "实际所得报酬总额截止": "",
    "实际所得报酬总额涉及人数": ""
  },
  "Leader_Hold_data": [
    {
      "领导人姓名": "李剑",
      "职位描述": "董事长",
      "期初持股数": "0",
      "期末持股数": "0",
      "间接持股数": "",
      "从公司获得年度报酬总额": "0",
      "补贴津贴": "",
      "变动原因说明": "",
      "是否在股东或关联单位领取报酬津贴": "是",
      "在任与否": "是"
    },
    {
      "领导人姓名": "熊强",
      "职位描述": "董事",
      "期初持股数": "0",
      "期末持股数": "0",
      "间接持股数": "",
      "从公司获得年度报酬总额": "0",
      "补贴津贴": "",
      "变动原因说明": "",
      "是否在股东或关联单位领取报酬津贴": "是",
      "在任与否": "是"
    },
    {
      "领导人姓名": "张秋玲",
      "职位描述": "董事",
      "期初持股数": "0",
      "期末持股数": "0",
      "间接持股数": "",
      "从公司获得年度报酬总额": "0",
      "补贴津贴": "",
      "变动原因说明": "",
      "是否在股东或关联单位领取报酬津贴": "是",
      "在任与否": "是"
    },
    {
      "领导人姓名": "姜广威",
      "职位描述": "董事、总经理、财务总监、董事会秘书",
      "期初持股数": "0",
      "期末持股数": "0",
      "间接持股数": "",
      "从公司获得年度报酬总额": "599600",
      "补贴津贴": "",
      "变动原因说明": "",
      "是否在股东或关联单位领取报酬津贴": "否",
      "在任与否": "是"
    },
    {
      "领导人姓名": "邵自威",
      "职位描述": "董事",
      "期初持股数": "0",
      "期末持股数": "0",
      "间接持股数": "",
      "从公司获得年度报酬总额": "0",
      "补贴津贴": "",
      "变动原因说明": "",
      "是否在股东或关联单位领取报酬津贴": "是",
      "在任与否": "是"
    },
    {
      "领导人姓名": "方雷",
      "职位描述": "职工董事",
      "期初持股数": "0",
      "期末持股数": "0",
      "间接持股数": "",
      "从公司获得年度报酬总额": "0",
      "补贴津贴": "",
      "变动原因说明": "",
      "是否在股东或关联单位领取报酬津贴": "是",
      "在任与否": "是"
    },
    {
      "领导人姓名": "陈玲莉",
      "职位描述": "独立董事",
      "期初持股数": "0",
      "期末持股数": "0",
      "间接持股数": "",
      "从公司获得年度报酬总额": "71400",
      "补贴津贴": "60000",
      "变动原因说明": "",
      "是否在股东或关联单位领取报酬津贴": "否",
      "在任与否": "是"
    },
    {
      "领导人姓名": "孟利",
      "职位描述": "独立董事",
      "期初持股数": "0",
      "期末持股数": "0",
      "间接持股数": "",
      "从公司获得年度报酬总额": "53600",
      "补贴津贴": "60000",
      "变动原因说明": "",
      "是否在股东或关联单位领取报酬津贴": "否",
      "在任与否": "是"
    },
    {
      "领导人姓名": "刘应民",
      "职位描述": "独立董事",
      "期初持股数": "0",
      "期末持股数": "0",
      "间接持股数": "",
      "从公司获得年度报酬总额": "71400",
      "补贴津贴": "60000",
      "变动原因说明": "",
      "是否在股东或关联单位领取报酬津贴": "否",
      "在任与否": "是"
    },
    {
      "领导人姓名": "王同贵",
      "职位描述": "副总经理",
      "期初持股数": "0",
      "期末持股数": "0",
      "间接持股数": "",
      "从公司获得年度报酬总额": "472500",
      "补贴津贴": "",
      "变动原因说明": "",
      "是否在股东或关联单位领取报酬津贴": "否",
      "在任与否": "是"
    },
    {
      "领导人姓名": "王振波",
      "职位描述": "总经理助理、职工代表监事",
      "期初持股数": "0",
      "期末持股数": "0",
      "间接持股数": "",
      "从公司获得年度报酬总额": "436300",
      "补贴津贴": "",
      "变动原因说明": "",
      "是否在股东或关联单位领取报酬津贴": "否",
      "在任与否": "是"
    },
    {
      "领导人姓名": "张波",
      "职位描述": "董事",
      "期初持股数": "0",
      "期末持股数": "0",
      "间接持股数": "",
      "从公司获得年度报酬总额": "0",
      "补贴津贴": "",
      "变动原因说明": "",
      "是否在股东或关联单位领取报酬津贴": "是",
      "在任与否": "否"
    },
    {
      "领导人姓名": "车文辉",
      "职位描述": "独立董事",
      "期初持股数": "0",
      "期末持股数": "0",
      "间接持股数": "",
      "从公司获得年度报酬总额": "17900",
      "补贴津贴": "",
      "变动原因说明": "",
      "是否在股东或关联单位领取报酬津贴": "是",
      "在任与否": "否"
    },
    {
      "领导人姓名": "高志朝",
      "职位描述": "监事会主席",
      "期初持股数": "0",
      "期末持股数": "0",
      "间接持股数": "",
      "从公司获得年度报酬总额": "0",
      "补贴津贴": "",
      "变动原因说明": "",
      "是否在股东或关联单位领取报酬津贴": "是",
      "在任与否": "否"
    },
    {
      "领导人姓名": "钟超",
      "职位描述": "监事",
      "期初持股数": "0",
      "期末持股数": "0",
      "间接持股数": "",
      "从公司获得年度报酬总额": "0",
      "补贴津贴": "",
      "变动原因说明": "",
      "是否在股东或关联单位领取报酬津贴": "是",
      "在任与否": "否"
    }
  ]
}

=== 000753-2026-04-18-漳州发展-2025年年度报告.pdf ===
{
  "Leader_Salary_data": {
    "实际所得报酬总额起始": "",
    "实际所得报酬总额截止": "",
    "实际所得报酬总额涉及人数": ""
  },
  "Leader_Hold_data": [
    {
      "领导人姓名": "陈毅建",
      "职位描述": "董事长、总经理",
      "期初持股数": "0",
      "期末持股数": "0",
      "间接持股数": "",
      "从公司获得年度报酬总额": "595500",
      "补贴津贴": "",
      "变动原因说明": "",
      "是否在股东或关联单位领取报酬津贴": "否",
      "在任与否": "是"
    },
    {
      "领导人姓名": "赖小强",
      "职位描述": "董事长",
      "期初持股数": "0",
      "期末持股数": "0",
      "间接持股数": "",
      "从公司获得年度报酬总额": "",
      "补贴津贴": "",
      "变动原因说明": "",
      "是否在股东或关联单位领取报酬津贴": "",
      "在任与否": "否"
    },
    {
      "领导人姓名": "杨敦旭",
      "职位描述": "董事、总经理",
      "期初持股数": "0",
      "期末持股数": "0",
      "间接持股数": "",
      "从公司获得年度报酬总额": "241700",
      "补贴津贴": "",
      "变动原因说明": "",
      "是否在股东或关联单位领取报酬津贴": "否",
      "在任与否": "是"
    },
    {
      "领导人姓名": "陈鸿辉",
      "职位描述": "董事、副总经理、董事会秘书",
      "期初持股数": "0",
      "期末持股数": "0",
      "间接持股数": "",
      "从公司获得年度报酬总额": "490600",
      "补贴津贴": "",
      "变动原因说明": "",
      "是否在股东或关联单位领取报酬津贴": "否",
      "在任与否": "是"
    },
    {
      "领导人姓名": "张广宇",
      "职位描述": "董事",
      "期初持股数": "0",
      "期末持股数": "0",
      "间接持股数": "",
      "从公司获得年度报酬总额": "0",
      "补贴津贴": "",
      "变动原因说明": "",
      "是否在股东或关联单位领取报酬津贴": "是",
      "在任与否": "是"
    },
    {
      "领导人姓名": "庄平",
      "职位描述": "独立董事",
      "期初持股数": "0",
      "期末持股数": "0",
      "间接持股数": "",
      "从公司获得年度报酬总额": "80000",
      "补贴津贴": "80000",
      "变动原因说明": "",
      "是否在股东或关联单位领取报酬津贴": "否",
      "在任与否": "是"
    },
    {
      "领导人姓名": "木志荣",
      "职位描述": "独立董事",
      "期初持股数": "0",
      "期末持股数": "0",
      "间接持股数": "",
      "从公司获得年度报酬总额": "80000",
      "补贴津贴": "80000",
      "变动原因说明": "",
      "是否在股东或关联单位领取报酬津贴": "否",
      "在任与否": "是"
    },
    {
      "领导人姓名": "张鹏东",
      "职位描述": "独立董事",
      "期初持股数": "0",
      "期末持股数": "0",
      "间接持股数": "",
      "从公司获得年度报酬总额": "3800",
      "补贴津贴": "3800",
      "变动原因说明": "",
      "是否在股东或关联单位领取报酬津贴": "否",
      "在任与否": "是"
    },
    {
      "领导人姓名": "陈海波",
      "职位描述": "董事",
      "期初持股数": "0",
      "期末持股数": "0",
      "间接持股数": "",
      "从公司获得年度报酬总额": "0",
      "补贴津贴": "",
      "变动原因说明": "",
      "是否在股东或关联单位领取报酬津贴": "是",
      "在任与否": "否"
    },
    {
      "领导人姓名": "林惠娟",
      "职位描述": "董事、副总经理、董事会秘书",
      "期初持股数": "0",
      "期末持股数": "0",
      "间接持股数": "",
      "从公司获得年度报酬总额": "",
      "补贴津贴": "",
      "变动原因说明": "",
      "是否在股东或关联单位领取报酬津贴": "",
      "在任与否": "否"
    },
    {
      "领导人姓名": "陈爱华",
      "职位描述": "独立董事",
      "期初持股数": "0",
      "期末持股数": "0",
      "间接持股数": "",
      "从公司获得年度报酬总额": "76200",
      "补贴津贴": "76200",
      "变动原因说明": "",
      "是否在股东或关联单位领取报酬津贴": "否",
      "在任与否": "否"
    },
    {
      "领导人姓名": "陈连升",
      "职位描述": "副总经理",
      "期初持股数": "0",
      "期末持股数": "0",
      "间接持股数": "",
      "从公司获得年度报酬总额": "158900",
      "补贴津贴": "",
      "变动原因说明": "",
      "是否在股东或关联单位领取报酬津贴": "否",
      "在任与否": "是"
    },
    {
      "领导人姓名": "罗进章",
      "职位描述": "副总经理",
      "期初持股数": "0",
      "期末持股数": "0",
      "间接持股数": "",
      "从公司获得年度报酬总额": "490600",
      "补贴津贴": "",
      "变动原因说明": "",
      "是否在股东或关联单位领取报酬津贴": "否",
      "在任与否": "是"
    },
    {
      "领导人姓名": "吴坤洪",
      "职位描述": "总会计师",
      "期初持股数": "0",
      "期末持股数": "0",
      "间接持股数": "",
      "从公司获得年度报酬总额": "496500",
      "补贴津贴": "",
      "变动原因说明": "",
      "是否在股东或关联单位领取报酬津贴": "否",
      "在任与否": "是"
    },
    {
      "领导人姓名": "杨智元",
      "职位描述": "副总经理",
      "期初持股数": "0",
      "期末持股数": "0",
      "间接持股数": "",
      "从公司获得年度报酬总额": "",
      "补贴津贴": "",
      "变动原因说明": "",
      "是否在股东或关联单位领取报酬津贴": "",
      "在任与否": "否"
    },
    {
      "领导人姓名": "李勤",
      "职位描述": "副总经理、董事会秘书",
      "期初持股数": "0",
      "期末持股数": "0",
      "间接持股数": "",
      "从公司获得年度报酬总额": "341300",
      "补贴津贴": "",
      "变动原因说明": "",
      "是否在股东或关联单位领取报酬津贴": "否",
      "在任与否": "否"
    }
  ]
}

=== 001356-2026-04-18-富岭股份-2025年年度报告.pdf ===
{
  "Leader_Salary_data": {
    "实际所得报酬总额起始": "",
    "实际所得报酬总额截止": "",
    "实际所得报酬总额涉及人数": ""
  },
  "Leader_Hold_data": [
    {
      "领导人姓名": "江桂兰",
      "职位描述": "董事长",
      "期初持股数": "",
      "期末持股数": "",
      "间接持股数": "",
      "从公司获得年度报酬总额": "1161000",
      "补贴津贴": "",
      "变动原因说明": "",
      "是否在股东或关联单位领取报酬津贴": "否",
      "在任与否": "是"
    },
    {
      "领导人姓名": "胡新福",
      "职位描述": "董事、总经理",
      "期初持股数": "",
      "期末持股数": "",
      "间接持股数": "",
      "从公司获得年度报酬总额": "1161000",
      "补贴津贴": "",
      "变动原因说明": "",
      "是否在股东或关联单位领取报酬津贴": "否",
      "在任与否": "是"
    },
    {
      "领导人姓名": "朱素娟",
      "职位描述": "董事",
      "期初持股数": "",
      "期末持股数": "",
      "间接持股数": "",
      "从公司获得年度报酬总额": "411000",
      "补贴津贴": "",
      "变动原因说明": "",
      "是否在股东或关联单位领取报酬津贴": "否",
      "在任与否": "是"
    },
    {
      "领导人姓名": "黄奇俊",
      "职位描述": "董事",
      "期初持股数": "",
      "期末持股数": "",
      "间接持股数": "",
      "从公司获得年度报酬总额": "0",
      "补贴津贴": "",
      "变动原因说明": "",
      "是否在股东或关联单位领取报酬津贴": "否",
      "在任与否": "是"
    },
    {
      "领导人姓名": "沈梦晖",
      "职位描述": "独立董事",
      "期初持股数": "",
      "期末持股数": "",
      "间接持股数": "",
      "从公司获得年度报酬总额": "80000",
      "补贴津贴": "",
      "变动原因说明": "",
      "是否在股东或关联单位领取报酬津贴": "否",
      "在任与否": "是"
    },
    {
      "领导人姓名": "金国达",
      "职位描述": "独立董事",
      "期初持股数": "",
      "期末持股数": "",
      "间接持股数": "",
      "从公司获得年度报酬总额": "80000",
      "补贴津贴": "",
      "变动原因说明": "",
      "是否在股东或关联单位领取报酬津贴": "否",
      "在任与否": "是"
    },
    {
      "领导人姓名": "王新平",
      "职位描述": "独立董事",
      "期初持股数": "",
      "期末持股数": "",
      "间接持股数": "",
      "从公司获得年度报酬总额": "80000",
      "补贴津贴": "",
      "变动原因说明": "",
      "是否在股东或关联单位领取报酬津贴": "否",
      "在任与否": "是"
    },
    {
      "领导人姓名": "郭勇军",
      "职位描述": "职工代表董事",
      "期初持股数": "",
      "期末持股数": "",
      "间接持股数": "",
      "从公司获得年度报酬总额": "460900",
      "补贴津贴": "",
      "变动原因说明": "",
      "是否在股东或关联单位领取报酬津贴": "否",
      "在任与否": "是"
    },
    {
      "领导人姓名": "胡乾",
      "职位描述": "副总经理",
      "期初持股数": "",
      "期末持股数": "",
      "间接持股数": "",
      "从公司获得年度报酬总额": "391200",
      "补贴津贴": "",
      "变动原因说明": "",
      "是否在股东或关联单位领取报酬津贴": "否",
      "在任与否": "是"
    },
    {
      "领导人姓名": "潘梅红",
      "职位描述": "财务负责人、董事会秘书",
      "期初持股数": "",
      "期末持股数": "",
      "间接持股数": "",
      "从公司获得年度报酬总额": "531400",
      "补贴津贴": "",
      "变动原因说明": "",
      "是否在股东或关联单位领取报酬津贴": "否",
      "在任与否": "是"
    }
  ]
}

=== 000809-2026-04-18-和展能源-2025年年度报告.pdf ===
{
  "Leader_Salary_data": {
    "实际所得报酬总额起始": "",
    "实际所得报酬总额截止": "",
    "实际所得报酬总额涉及人数": ""
  },
  "Leader_Hold_data": [
    {
      "领导人姓名": "王海波",
      "职位描述": "董事、董事长",
      "期初持股数": "0",
      "期末持股数": "0",
      "间接持股数": "",
      "从公司获得年度报酬总额": "1242300",
      "补贴津贴": "",
      "变动原因说明": "",
      "是否在股东或关联单位领取报酬津贴": "否",
      "在任与否": "是"
    },
    {
      "领导人姓名": "刘建立",
      "职位描述": "董事",
      "期初持股数": "0",
      "期末持股数": "0",
      "间接持股数": "",
      "从公司获得年度报酬总额": "0",
      "补贴津贴": "",
      "变动原因说明": "",
      "是否在股东或关联单位领取报酬津贴": "否",
      "在任与否": "是"
    },
    {
      "领导人姓名": "杨宇",
      "职位描述": "董事",
      "期初持股数": "0",
      "期末持股数": "0",
      "间接持股数": "",
      "从公司获得年度报酬总额": "0",
      "补贴津贴": "",
      "变动原因说明": "",
      "是否在股东或关联单位领取报酬津贴": "否",
      "在任与否": "是"
    },
    {
      "领导人姓名": "雷鸣",
      "职位描述": "董事、总裁",
      "期初持股数": "0",
      "期末持股数": "0",
      "间接持股数": "",
      "从公司获得年度报酬总额": "1146300",
      "补贴津贴": "",
      "变动原因说明": "",
      "是否在股东或关联单位领取报酬津贴": "否",
      "在任与否": "是"
    },
    {
      "领导人姓名": "冉然",
      "职位描述": "董事、副总裁",
      "期初持股数": "0",
      "期末持股数": "0",
      "间接持股数": "",
      "从公司获得年度报酬总额": "1092300",
      "补贴津贴": "",
      "变动原因说明": "",
      "是否在股东或关联单位领取报酬津贴": "否",
      "在任与否": "是"
    },
    {
      "领导人姓名": "冯碧秋",
      "职位描述": "董事",
      "期初持股数": "0",
      "期末持股数": "0",
      "间接持股数": "",
      "从公司获得年度报酬总额": "0",
      "补贴津贴": "",
      "变动原因说明": "",
      "是否在股东或关联单位领取报酬津贴": "是",
      "在任与否": "是"
    },
    {
      "领导人姓名": "肖和勇",
      "职位描述": "独立董事",
      "期初持股数": "0",
      "期末持股数": "0",
      "间接持股数": "",
      "从公司获得年度报酬总额": "200000",
      "补贴津贴": "200000",
      "变动原因说明": "",
      "是否在股东或关联单位领取报酬津贴": "否",
      "在任与否": "是"
    },
    {
      "领导人姓名": "张军洲",
      "职位描述": "独立董事",
      "期初持股数": "0",
      "期末持股数": "0",
      "间接持股数": "",
      "从公司获得年度报酬总额": "200000",
      "补贴津贴": "200000",
      "变动原因说明": "",
      "是否在股东或关联单位领取报酬津贴": "否",
      "在任与否": "是"
    },
    {
      "领导人姓名": "李哲",
      "职位描述": "独立董事",
      "期初持股数": "0",
      "期末持股数": "0",
      "间接持股数": "",
      "从公司获得年度报酬总额": "200000",
      "补贴津贴": "200000",
      "变动原因说明": "",
      "是否在股东或关联单位领取报酬津贴": "否",
      "在任与否": "是"
    },
    {
      "领导人姓名": "任万鹏",
      "职位描述": "首席财务官",
      "期初持股数": "0",
      "期末持股数": "0",
      "间接持股数": "",
      "从公司获得年度报酬总额": "866700",
      "补贴津贴": "",
      "变动原因说明": "",
      "是否在股东或关联单位领取报酬津贴": "否",
      "在任与否": "是"
    },
    {
      "领导人姓名": "隋景宝",
      "职位描述": "副总裁",
      "期初持股数": "0",
      "期末持股数": "0",
      "间接持股数": "",
      "从公司获得年度报酬总额": "787600",
      "补贴津贴": "",
      "变动原因说明": "",
      "是否在股东或关联单位领取报酬津贴": "否",
      "在任与否": "是"
    },
    {
      "领导人姓名": "郑权",
      "职位描述": "副总裁",
      "期初持股数": "0",
      "期末持股数": "0",
      "间接持股数": "",
      "从公司获得年度报酬总额": "884900",
      "补贴津贴": "",
      "变动原因说明": "",
      "是否在股东或关联单位领取报酬津贴": "否",
      "在任与否": "是"
    },
    {
      "领导人姓名": "迟峰",
      "职位描述": "董事会秘书",
      "期初持股数": "0",
      "期末持股数": "0",
      "间接持股数": "",
      "从公司获得年度报酬总额": "499600",
      "补贴津贴": "",
      "变动原因说明": "",
      "是否在股东或关联单位领取报酬津贴": "否",
      "在任与否": "是"
    },
    {
      "领导人姓名": "张潇潇",
      "职位描述": "董事",
      "期初持股数": "0",
      "期末持股数": "0",
      "间接持股数": "",
      "从公司获得年度报酬总额": "0",
      "补贴津贴": "",
      "变动原因说明": "",
      "是否在股东或关联单位领取报酬津贴": "是",
      "在任与否": "否"
    }
  ]
}

=== 001308-2026-04-20-康冠科技-2025年年度报告.pdf ===
{
  "Leader_Salary_data": {
    "实际所得报酬总额起始": "",
    "实际所得报酬总额截止": "",
    "实际所得报酬总额涉及人数": ""
  },
  "Leader_Hold_data": [
    {
      "领导人姓名": "凌斌",
      "职位描述": "董事长",
      "期初持股数": "189553861",
      "期末持股数": "189553861",
      "间接持股数": "",
      "从公司获得年度报酬总额": "1334500",
      "补贴津贴": "",
      "变动原因说明": "",
      "是否在股东或关联单位领取报酬津贴": "否",
      "在任与否": "是"
    },
    {
      "领导人姓名": "李宇彬",
      "职位描述": "董事、总经理",
      "期初持股数": "45862617",
      "期末持股数": "45862617",
      "间接持股数": "",
      "从公司获得年度报酬总额": "1327200",
      "补贴津贴": "",
      "变动原因说明": "",
      "是否在股东或关联单位领取报酬津贴": "否",
      "在任与否": "是"
    },
    {
      "领导人姓名": "廖科华",
      "职位描述": "董事、财务总监",
      "期初持股数": "36660",
      "期末持股数": "72155",
      "间接持股数": "",
      "从公司获得年度报酬总额": "1099400",
      "补贴津贴": "",
      "变动原因说明": "股票期权行权",
      "是否在股东或关联单位领取报酬津贴": "否",
      "在任与否": "是"
    },
    {
      "领导人姓名": "陈茂华",
      "职位描述": "职工代表董事、副总经理",
      "期初持股数": "36660",
      "期末持股数": "99155",
      "间接持股数": "",
      "从公司获得年度报酬总额": "1076400",
      "补贴津贴": "",
      "变动原因说明": "股票期权行权",
      "是否在股东或关联单位领取报酬津贴": "否",
      "在任与否": "否"
    },
    {
      "领导人姓名": "孙建华",
      "职位描述": "副总经理、董事会秘书",
      "期初持股数": "100167",
      "期末持股数": "100167",
      "间接持股数": "",
      "从公司获得年度报酬总额": "1052000",
      "补贴津贴": "",
      "变动原因说明": "",
      "是否在股东或关联单位领取报酬津贴": "否",
      "在任与否": "是"
    },
    {
      "领导人姓名": "林志峰",
      "职位描述": "副总经理",
      "期初持股数": "0",
      "期末持股数": "0",
      "间接持股数": "",
      "从公司获得年度报酬总额": "318800",
      "补贴津贴": "",
      "变动原因说明": "",
      "是否在股东或关联单位领取报酬津贴": "否",
      "在任与否": "是"
    },
    {
      "领导人姓名": "邓燏",
      "职位描述": "独立董事",
      "期初持股数": "0",
      "期末持股数": "0",
      "间接持股数": "",
      "从公司获得年度报酬总额": "120000",
      "补贴津贴": "120000",
      "变动原因说明": "",
      "是否在股东或关联单位领取报酬津贴": "否",
      "在任与否": "是"
    },
    {
      "领导人姓名": "孙小卫",
      "职位描述": "独立董事",
      "期初持股数": "0",
      "期末持股数": "0",
      "间接持股数": "",
      "从公司获得年度报酬总额": "30000",
      "补贴津贴": "30000",
      "变动原因说明": "",
      "是否在股东或关联单位领取报酬津贴": "否",
      "在任与否": "是"
    },
    {
      "领导人姓名": "何绍茂",
      "职位描述": "独立董事",
      "期初持股数": "0",
      "期末持股数": "0",
      "间接持股数": "",
      "从公司获得年度报酬总额": "30000",
      "补贴津贴": "30000",
      "变动原因说明": "",
      "是否在股东或关联单位领取报酬津贴": "否",
      "在任与否": "是"
    },
    {
      "领导人姓名": "黄绍彬",
      "职位描述": "独立董事",
      "期初持股数": "0",
      "期末持股数": "0",
      "间接持股数": "",
      "从公司获得年度报酬总额": "100000",
      "补贴津贴": "100000",
      "变动原因说明": "",
      "是否在股东或关联单位领取报酬津贴": "否",
      "在任与否": "否"
    },
    {
      "领导人姓名": "杨健君",
      "职位描述": "独立董事",
      "期初持股数": "0",
      "期末持股数": "0",
      "间接持股数": "",
      "从公司获得年度报酬总额": "100000",
      "补贴津贴": "100000",
      "变动原因说明": "",
      "是否在股东或关联单位领取报酬津贴": "否",
      "在任与否": "否"
    },
    {
      "领导人姓名": "凌峰",
      "职位描述": "副总经理",
      "期初持股数": "39984450",
      "期末持股数": "39984450",
      "间接持股数": "",
      "从公司获得年度报酬总额": "747500",
      "补贴津贴": "",
      "变动原因说明": "",
      "是否在股东或关联单位领取报酬津贴": "否",
      "在任与否": "否"
    },
    {
      "领导人姓名": "张斌",
      "职位描述": "副总经理",
      "期初持股数": "35067",
      "期末持股数": "94209",
      "间接持股数": "",
      "从公司获得年度报酬总额": "710600",
      "补贴津贴": "",
      "变动原因说明": "股票期权行权",
      "是否在股东或关联单位领取报酬津贴": "否",
      "在任与否": "否"
    }
  ]
}

=== 002034-2026-04-18-旺能环境-2025年年度报告.pdf ===
{
  "Leader_Salary_data": {
    "实际所得报酬总额起始": "",
    "实际所得报酬总额截止": "",
    "实际所得报酬总额涉及人数": ""
  },
  "Leader_Hold_data": [
    {
      "领导人姓名": "单超",
      "职位描述": "董事长",
      "期初持股数": "",
      "期末持股数": "",
      "间接持股数": "",
      "从公司获得年度报酬总额": "759100",
      "补贴津贴": "",
      "变动原因说明": "",
      "是否在股东或关联单位领取报酬津贴": "否",
      "在任与否": "是"
    },
    {
      "领导人姓名": "芮勇",
      "职位描述": "董事",
      "期初持股数": "1000000",
      "期末持股数": "1000000",
      "间接持股数": "",
      "从公司获得年度报酬总额": "36000",
      "补贴津贴": "",
      "变动原因说明": "",
      "是否在股东或关联单位领取报酬津贴": "是",
      "在任与否": "是"
    },
    {
      "领导人姓名": "金来富",
      "职位描述": "董事",
      "期初持股数": "371718",
      "期末持股数": "371718",
      "间接持股数": "",
      "从公司获得年度报酬总额": "36000",
      "补贴津贴": "",
      "变动原因说明": "",
      "是否在股东或关联单位领取报酬津贴": "是",
      "在任与否": "是"
    },
    {
      "领导人姓名": "宋平",
      "职位描述": "董事、总经理",
      "期初持股数": "1000000",
      "期末持股数": "1000000",
      "间接持股数": "",
      "从公司获得年度报酬总额": "719100",
      "补贴津贴": "",
      "变动原因说明": "",
      "是否在股东或关联单位领取报酬津贴": "否",
      "在任与否": "是"
    },
    {
      "领导人姓名": "姜晓明",
      "职位描述": "财务总监、董事、副总经理",
      "期初持股数": "300000",
      "期末持股数": "300000",
      "间接持股数": "",
      "从公司获得年度报酬总额": "538100",
      "补贴津贴": "",
      "变动原因说明": "",
      "是否在股东或关联单位领取报酬津贴": "否",
      "在任与否": "是"
    },
    {
      "领导人姓名": "匡彬",
      "职位描述": "董事",
      "期初持股数": "",
      "期末持股数": "",
      "间接持股数": "",
      "从公司获得年度报酬总额": "509700",
      "补贴津贴": "",
      "变动原因说明": "",
      "是否在股东或关联单位领取报酬津贴": "否",
      "在任与否": "是"
    },
    {
      "领导人姓名": "傅涛",
      "职位描述": "独立董事",
      "期初持股数": "",
      "期末持股数": "",
      "间接持股数": "",
      "从公司获得年度报酬总额": "100000",
      "补贴津贴": "",
      "变动原因说明": "",
      "是否在股东或关联单位领取报酬津贴": "否",
      "在任与否": "是"
    },
    {
      "领导人姓名": "胡俊杰",
      "职位描述": "独立董事",
      "期初持股数": "",
      "期末持股数": "",
      "间接持股数": "",
      "从公司获得年度报酬总额": "100000",
      "补贴津贴": "",
      "变动原因说明": "",
      "是否在股东或关联单位领取报酬津贴": "否",
      "在任与否": "是"
    },
    {
      "领导人姓名": "谢乔昕",
      "职位描述": "独立董事",
      "期初持股数": "",
      "期末持股数": "",
      "间接持股数": "",
      "从公司获得年度报酬总额": "100000",
      "补贴津贴": "",
      "变动原因说明": "",
      "是否在股东或关联单位领取报酬津贴": "否",
      "在任与否": "是"
    },
    {
      "领导人姓名": "周飞",
      "职位描述": "副总经理",
      "期初持股数": "",
      "期末持股数": "",
      "间接持股数": "",
      "从公司获得年度报酬总额": "586800",
      "补贴津贴": "",
      "变动原因说明": "",
      "是否在股东或关联单位领取报酬津贴": "否",
      "在任与否": "是"
    },
    {
      "领导人姓名": "林春娜",
      "职位描述": "董事会秘书",
      "期初持股数": "200000",
      "期末持股数": "200000",
      "间接持股数": "",
      "从公司获得年度报酬总额": "594600",
      "补贴津贴": "",
      "变动原因说明": "",
      "是否在股东或关联单位领取报酬津贴": "否",
      "在任与否": "是"
    }
  ]
}

=== 000931-2026-04-18-中关村-2025年年度报告.pdf ===
{
  "Leader_Salary_data": {
    "实际所得报酬总额起始": "",
    "实际所得报酬总额截止": "",
    "实际所得报酬总额涉及人数": ""
  },
  "Leader_Hold_data": [
    {
      "领导人姓名": "许钟民",
      "职位描述": "董事长",
      "期初持股数": "0",
      "期末持股数": "0",
      "间接持股数": "",
      "从公司获得年度报酬总额": "0",
      "补贴津贴": "",
      "变动原因说明": "",
      "是否在股东或关联单位领取报酬津贴": "否",
      "在任与否": "是"
    },
    {
      "领导人姓名": "侯占军",
      "职位描述": "董事、职工代表董事、总裁",
      "期初持股数": "190000",
      "期末持股数": "190000",
      "间接持股数": "",
      "从公司获得年度报酬总额": "1091200",
      "补贴津贴": "",
      "变动原因说明": "",
      "是否在股东或关联单位领取报酬津贴": "否",
      "在任与否": "是"
    },
    {
      "领导人姓名": "黄秀虹",
      "职位描述": "董事",
      "期初持股数": "0",
      "期末持股数": "0",
      "间接持股数": "",
      "从公司获得年度报酬总额": "0",
      "补贴津贴": "",
      "变动原因说明": "",
      "是否在股东或关联单位领取报酬津贴": "是",
      "在任与否": "是"
    },
    {
      "领导人姓名": "邹晓春",
      "职位描述": "董事",
      "期初持股数": "0",
      "期末持股数": "0",
      "间接持股数": "",
      "从公司获得年度报酬总额": "0",
      "补贴津贴": "",
      "变动原因说明": "",
      "是否在股东或关联单位领取报酬津贴": "是",
      "在任与否": "是"
    },
    {
      "领导人姓名": "陈萍",
      "职位描述": "董事",
      "期初持股数": "0",
      "期末持股数": "0",
      "间接持股数": "",
      "从公司获得年度报酬总额": "0",
      "补贴津贴": "",
      "变动原因说明": "",
      "是否在股东或关联单位领取报酬津贴": "是",
      "在任与否": "是"
    },
    {
      "领导人姓名": "张晔",
      "职位描述": "董事",
      "期初持股数": "0",
      "期末持股数": "0",
      "间接持股数": "",
      "从公司获得年度报酬总额": "0",
      "补贴津贴": "",
      "变动原因说明": "",
      "是否在股东或关联单位领取报酬津贴": "是",
      "在任与否": "是"
    },
    {
      "领导人姓名": "史录文",
      "职位描述": "独立董事",
      "期初持股数": "0",
      "期末持股数": "0",
      "间接持股数": "",
      "从公司获得年度报酬总额": "120000",
      "补贴津贴": "120000",
      "变动原因说明": "",
      "是否在股东或关联单位领取报酬津贴": "否",
      "在任与否": "是"
    },
    {
      "领导人姓名": "毕克",
      "职位描述": "独立董事",
      "期初持股数": "0",
      "期末持股数": "0",
      "间接持股数": "",
      "从公司获得年度报酬总额": "120000",
      "补贴津贴": "120000",
      "变动原因说明": "",
      "是否在股东或关联单位领取报酬津贴": "否",
      "在任与否": "是"
    },
    {
      "领导人姓名": "夏琴",
      "职位描述": "独立董事",
      "期初持股数": "0",
      "期末持股数": "0",
      "间接持股数": "",
      "从公司获得年度报酬总额": "113300",
      "补贴津贴": "120000",
      "变动原因说明": "",
      "是否在股东或关联单位领取报酬津贴": "否",
      "在任与否": "是"
    },
    {
      "领导人姓名": "董磊",
      "职位描述": "独立董事",
      "期初持股数": "0",
      "期末持股数": "0",
      "间接持股数": "",
      "从公司获得年度报酬总额": "6700",
      "补贴津贴": "120000",
      "变动原因说明": "",
      "是否在股东或关联单位领取报酬津贴": "否",
      "在任与否": "否"
    },
    {
      "领导人姓名": "李斌",
      "职位描述": "副总裁",
      "期初持股数": "56600",
      "期末持股数": "56600",
      "间接持股数": "",
      "从公司获得年度报酬总额": "700800",
      "补贴津贴": "",
      "变动原因说明": "",
      "是否在股东或关联单位领取报酬津贴": "否",
      "在任与否": "是"
    },
    {
      "领导人姓名": "王熙红",
      "职位描述": "副总裁",
      "期初持股数": "0",
      "期末持股数": "0",
      "间接持股数": "",
      "从公司获得年度报酬总额": "540700",
      "补贴津贴": "",
      "变动原因说明": "",
      "是否在股东或关联单位领取报酬津贴": "否",
      "在任与否": "是"
    },
    {
      "领导人姓名": "车德辉",
      "职位描述": "副总裁",
      "期初持股数": "0",
      "期末持股数": "0",
      "间接持股数": "",
      "从公司获得年度报酬总额": "669500",
      "补贴津贴": "",
      "变动原因说明": "",
      "是否在股东或关联单位领取报酬津贴": "否",
      "在任与否": "是"
    },
    {
      "领导人姓名": "范秀君",
      "职位描述": "副总裁",
      "期初持股数": "0",
      "期末持股数": "0",
      "间接持股数": "",
      "从公司获得年度报酬总额": "1215400",
      "补贴津贴": "",
      "变动原因说明": "",
      "是否在股东或关联单位领取报酬津贴": "否",
      "在任与否": "是"
    },
    {
      "领导人姓名": "宋学武",
      "职位描述": "副总裁、财务总监",
      "期初持股数": "100000",
      "期末持股数": "100000",
      "间接持股数": "",
      "从公司获得年度报酬总额": "682200",
      "补贴津贴": "",
      "变动原因说明": "",
      "是否在股东或关联单位领取报酬津贴": "否",
      "在任与否": "是"
    },
    {
      "领导人姓名": "黄志宇",
      "职位描述": "副总裁、董事会秘书",
      "期初持股数": "50000",
      "期末持股数": "50000",
      "间接持股数": "",
      "从公司获得年度报酬总额": "801400",
      "补贴津贴": "",
      "变动原因说明": "",
      "是否在股东或关联单位领取报酬津贴": "否",
      "在任与否": "是"
    }
  ]
}

=== 002016-2026-04-18-世荣兆业-2025年年度报告.pdf ===
{
  "Leader_Salary_data": {
    "实际所得报酬总额起始": "",
    "实际所得报酬总额截止": "",
    "实际所得报酬总额涉及人数": ""
  },
  "Leader_Hold_data": [
    {
      "领导人姓名": "王宇声",
      "职位描述": "董事长、董事",
      "期初持股数": "",
      "期末持股数": "",
      "间接持股数": "",
      "从公司获得年度报酬总额": "0",
      "补贴津贴": "",
      "变动原因说明": "",
      "是否在股东或关联单位领取报酬津贴": "是",
      "在任与否": "是"
    },
    {
      "领导人姓名": "吕海涛",
      "职位描述": "董事",
      "期初持股数": "",
      "期末持股数": "",
      "间接持股数": "",
      "从公司获得年度报酬总额": "0",
      "补贴津贴": "",
      "变动原因说明": "",
      "是否在股东或关联单位领取报酬津贴": "是",
      "在任与否": "是"
    },
    {
      "领导人姓名": "姜会红",
      "职位描述": "董事、副总裁",
      "期初持股数": "",
      "期末持股数": "",
      "间接持股数": "",
      "从公司获得年度报酬总额": "31000",
      "补贴津贴": "",
      "变动原因说明": "",
      "是否在股东或关联单位领取报酬津贴": "是",
      "在任与否": "是"
    },
    {
      "领导人姓名": "刘阿苹",
      "职位描述": "独立董事",
      "期初持股数": "",
      "期末持股数": "",
      "间接持股数": "",
      "从公司获得年度报酬总额": "240000",
      "补贴津贴": "",
      "变动原因说明": "",
      "是否在股东或关联单位领取报酬津贴": "否",
      "在任与否": "是"
    },
    {
      "领导人姓名": "薛自强",
      "职位描述": "独立董事",
      "期初持股数": "",
      "期末持股数": "",
      "间接持股数": "",
      "从公司获得年度报酬总额": "240000",
      "补贴津贴": "",
      "变动原因说明": "",
      "是否在股东或关联单位领取报酬津贴": "否",
      "在任与否": "是"
    },
    {
      "领导人姓名": "王晓华",
      "职位描述": "独立董事",
      "期初持股数": "",
      "期末持股数": "",
      "间接持股数": "",
      "从公司获得年度报酬总额": "240000",
      "补贴津贴": "",
      "变动原因说明": "",
      "是否在股东或关联单位领取报酬津贴": "否",
      "在任与否": "是"
    },
    {
      "领导人姓名": "李江生",
      "职位描述": "总裁、副总裁",
      "期初持股数": "",
      "期末持股数": "",
      "间接持股数": "",
      "从公司获得年度报酬总额": "1718000",
      "补贴津贴": "",
      "变动原因说明": "",
      "是否在股东或关联单位领取报酬津贴": "否",
      "在任与否": "是"
    },
    {
      "领导人姓名": "汪礼宏",
      "职位描述": "副总裁、财务总监",
      "期初持股数": "",
      "期末持股数": "",
      "间接持股数": "",
      "从公司获得年度报酬总额": "1256500",
      "补贴津贴": "",
      "变动原因说明": "",
      "是否在股东或关联单位领取报酬津贴": "否",
      "在任与否": "是"
    },
    {
      "领导人姓名": "郑黎明",
      "职位描述": "副总裁",
      "期初持股数": "",
      "期末持股数": "",
      "间接持股数": "",
      "从公司获得年度报酬总额": "1070300",
      "补贴津贴": "",
      "变动原因说明": "",
      "是否在股东或关联单位领取报酬津贴": "否",
      "在任与否": "是"
    },
    {
      "领导人姓名": "刘佳",
      "职位描述": "副总裁",
      "期初持股数": "",
      "期末持股数": "",
      "间接持股数": "",
      "从公司获得年度报酬总额": "1081300",
      "补贴津贴": "",
      "变动原因说明": "",
      "是否在股东或关联单位领取报酬津贴": "否",
      "在任与否": "是"
    },
    {
      "领导人姓名": "蒋凛",
      "职位描述": "董事会秘书",
      "期初持股数": "",
      "期末持股数": "",
      "间接持股数": "",
      "从公司获得年度报酬总额": "794000",
      "补贴津贴": "",
      "变动原因说明": "",
      "是否在股东或关联单位领取报酬津贴": "否",
      "在任与否": "是"
    },
    {
      "领导人姓名": "李绪鹏",
      "职位描述": "董事、总裁",
      "期初持股数": "",
      "期末持股数": "",
      "间接持股数": "",
      "从公司获得年度报酬总额": "542300",
      "补贴津贴": "",
      "变动原因说明": "",
      "是否在股东或关联单位领取报酬津贴": "否",
      "在任与否": "否"
    },
    {
      "领导人姓名": "冯荣超",
      "职位描述": "副总裁",
      "期初持股数": "",
      "期末持股数": "",
      "间接持股数": "",
      "从公司获得年度报酬总额": "148600",
      "补贴津贴": "",
      "变动原因说明": "",
      "是否在股东或关联单位领取报酬津贴": "否",
      "在任与否": "否"
    }
  ]
}

=== 002094-2026-04-18-青岛金王-2025年年度报告.pdf ===
{
  "Leader_Salary_data": {
    "实际所得报酬总额起始": "",
    "实际所得报酬总额截止": "",
    "实际所得报酬总额涉及人数": ""
  },
  "Leader_Hold_data": [
    {
      "领导人姓名": "陈索斌",
      "职位描述": "董事长",
      "期初持股数": "",
      "期末持股数": "",
      "间接持股数": "",
      "从公司获得年度报酬总额": "605400",
      "补贴津贴": "",
      "变动原因说明": "",
      "是否在股东或关联单位领取报酬津贴": "否",
      "在任与否": "是"
    },
    {
      "领导人姓名": "唐风杰",
      "职位描述": "董事、总裁",
      "期初持股数": "285000",
      "期末持股数": "285000",
      "间接持股数": "",
      "从公司获得年度报酬总额": "505400",
      "补贴津贴": "",
      "变动原因说明": "",
      "是否在股东或关联单位领取报酬津贴": "否",
      "在任与否": "是"
    },
    {
      "领导人姓名": "姜颖",
      "职位描述": "董事",
      "期初持股数": "",
      "期末持股数": "",
      "间接持股数": "",
      "从公司获得年度报酬总额": "0",
      "补贴津贴": "",
      "变动原因说明": "",
      "是否在股东或关联单位领取报酬津贴": "是",
      "在任与否": "是"
    },
    {
      "领导人姓名": "杜心强",
      "职位描述": "董事、副总裁、董事会秘书",
      "期初持股数": "307000",
      "期末持股数": "307000",
      "间接持股数": "",
      "从公司获得年度报酬总额": "405400",
      "补贴津贴": "",
      "变动原因说明": "",
      "是否在股东或关联单位领取报酬津贴": "否",
      "在任与否": "是"
    },
    {
      "领导人姓名": "王传磊",
      "职位描述": "职工代表董事",
      "期初持股数": "",
      "期末持股数": "",
      "间接持股数": "",
      "从公司获得年度报酬总额": "139000",
      "补贴津贴": "",
      "变动原因说明": "",
      "是否在股东或关联单位领取报酬津贴": "否",
      "在任与否": "是"
    },
    {
      "领导人姓名": "陈波",
      "职位描述": "独立董事",
      "期初持股数": "",
      "期末持股数": "",
      "间接持股数": "",
      "从公司获得年度报酬总额": "100000",
      "补贴津贴": "100000",
      "变动原因说明": "",
      "是否在股东或关联单位领取报酬津贴": "否",
      "在任与否": "是"
    },
    {
      "领导人姓名": "权锡鉴",
      "职位描述": "独立董事",
      "期初持股数": "",
      "期末持股数": "",
      "间接持股数": "",
      "从公司获得年度报酬总额": "100000",
      "补贴津贴": "100000",
      "变动原因说明": "",
      "是否在股东或关联单位领取报酬津贴": "否",
      "在任与否": "是"
    },
    {
      "领导人姓名": "孙莹",
      "职位描述": "独立董事",
      "期初持股数": "",
      "期末持股数": "",
      "间接持股数": "",
      "从公司获得年度报酬总额": "100000",
      "补贴津贴": "100000",
      "变动原因说明": "",
      "是否在股东或关联单位领取报酬津贴": "否",
      "在任与否": "是"
    },
    {
      "领导人姓名": "徐耀东",
      "职位描述": "副总裁",
      "期初持股数": "",
      "期末持股数": "",
      "间接持股数": "",
      "从公司获得年度报酬总额": "180500",
      "补贴津贴": "",
      "变动原因说明": "",
      "是否在股东或关联单位领取报酬津贴": "否",
      "在任与否": "是"
    },
    {
      "领导人姓名": "王彬",
      "职位描述": "财务总监",
      "期初持股数": "",
      "期末持股数": "",
      "间接持股数": "",
      "从公司获得年度报酬总额": "355400",
      "补贴津贴": "",
      "变动原因说明": "",
      "是否在股东或关联单位领取报酬津贴": "否",
      "在任与否": "是"
    }
  ]
}

=== 000955-2026-04-18-欣龙控股-2025年年度报告.pdf ===
{
  "Leader_Salary_data": {
    "实际所得报酬总额起始": "",
    "实际所得报酬总额截止": "",
    "实际所得报酬总额涉及人数": ""
  },
  "Leader_Hold_data": [
    {
      "领导人姓名": "于春山",
      "职位描述": "董事长、董事、总裁、副董事长",
      "期初持股数": "0",
      "期末持股数": "0",
      "间接持股数": "",
      "从公司获得年度报酬总额": "1508600",
      "补贴津贴": "",
      "变动原因说明": "",
      "是否在股东或关联单位领取报酬津贴": "否",
      "在任与否": "是"
    },
    {
      "领导人姓名": "鲍钺",
      "职位描述": "董事、董事长",
      "期初持股数": "0",
      "期末持股数": "0",
      "间接持股数": "",
      "从公司获得年度报酬总额": "0",
      "补贴津贴": "",
      "变动原因说明": "",
      "是否在股东或关联单位领取报酬津贴": "是",
      "在任与否": "是"
    },
    {
      "领导人姓名": "莫跃明",
      "职位描述": "董事",
      "期初持股数": "0",
      "期末持股数": "0",
      "间接持股数": "",
      "从公司获得年度报酬总额": "72000",
      "补贴津贴": "",
      "变动原因说明": "",
      "是否在股东或关联单位领取报酬津贴": "否",
      "在任与否": "是"
    },
    {
      "领导人姓名": "周兰",
      "职位描述": "独立董事",
      "期初持股数": "0",
      "期末持股数": "0",
      "间接持股数": "",
      "从公司获得年度报酬总额": "40000",
      "补贴津贴": "",
      "变动原因说明": "",
      "是否在股东或关联单位领取报酬津贴": "否",
      "在任与否": "是"
    },
    {
      "领导人姓名": "FENG VIVIAN FEI",
      "职位描述": "独立董事",
      "期初持股数": "0",
      "期末持股数": "0",
      "间接持股数": "",
      "从公司获得年度报酬总额": "40000",
      "补贴津贴": "",
      "变动原因说明": "",
      "是否在股东或关联单位领取报酬津贴": "否",
      "在任与否": "是"
    },
    {
      "领导人姓名": "崔学刚",
      "职位描述": "独立董事",
      "期初持股数": "0",
      "期末持股数": "0",
      "间接持股数": "",
      "从公司获得年度报酬总额": "40000",
      "补贴津贴": "",
      "变动原因说明": "",
      "是否在股东或关联单位领取报酬津贴": "否",
      "在任与否": "是"
    },
    {
      "领导人姓名": "代晓",
      "职位描述": "职工代表董事、财务总监、副总裁",
      "期初持股数": "0",
      "期末持股数": "0",
      "间接持股数": "",
      "从公司获得年度报酬总额": "769000",
      "补贴津贴": "",
      "变动原因说明": "",
      "是否在股东或关联单位领取报酬津贴": "否",
      "在任与否": "是"
    },
    {
      "领导人姓名": "潘英",
      "职位描述": "副总裁",
      "期初持股数": "109500",
      "期末持股数": "109500",
      "间接持股数": "",
      "从公司获得年度报酬总额": "610300",
      "补贴津贴": "",
      "变动原因说明": "",
      "是否在股东或关联单位领取报酬津贴": "否",
      "在任与否": "是"
    },
    {
      "领导人姓名": "郭勇德",
      "职位描述": "副总裁",
      "期初持股数": "0",
      "期末持股数": "0",
      "间接持股数": "",
      "从公司获得年度报酬总额": "765800",
      "补贴津贴": "",
      "变动原因说明": "",
      "是否在股东或关联单位领取报酬津贴": "否",
      "在任与否": "是"
    },
    {
      "领导人姓名": "周菊锋",
      "职位描述": "董事会秘书、副总裁",
      "期初持股数": "",
      "期末持股数": "0",
      "间接持股数": "",
      "从公司获得年度报酬总额": "604300",
      "补贴津贴": "",
      "变动原因说明": "",
      "是否在股东或关联单位领取报酬津贴": "否",
      "在任与否": "是"
    },
    {
      "领导人姓名": "张全有",
      "职位描述": "董事",
      "期初持股数": "0",
      "期末持股数": "",
      "间接持股数": "",
      "从公司获得年度报酬总额": "0",
      "补贴津贴": "",
      "变动原因说明": "",
      "是否在股东或关联单位领取报酬津贴": "是",
      "在任与否": "否"
    },
    {
      "领导人姓名": "张晟",
      "职位描述": "董事",
      "期初持股数": "0",
      "期末持股数": "",
      "间接持股数": "",
      "从公司获得年度报酬总额": "0",
      "补贴津贴": "",
      "变动原因说明": "",
      "是否在股东或关联单位领取报酬津贴": "是",
      "在任与否": "否"
    },
    {
      "领导人姓名": "黄阳",
      "职位描述": "董事",
      "期初持股数": "0",
      "期末持股数": "",
      "间接持股数": "",
      "从公司获得年度报酬总额": "0",
      "补贴津贴": "",
      "变动原因说明": "",
      "是否在股东或关联单位领取报酬津贴": "是",
      "在任与否": "否"
    },
    {
      "领导人姓名": "何佳",
      "职位描述": "独立董事",
      "期初持股数": "0",
      "期末持股数": "",
      "间接持股数": "",
      "从公司获得年度报酬总额": "56000",
      "补贴津贴": "",
      "变动原因说明": "",
      "是否在股东或关联单位领取报酬津贴": "否",
      "在任与否": "否"
    },
    {
      "领导人姓名": "张瑞君",
      "职位描述": "独立董事",
      "期初持股数": "0",
      "期末持股数": "",
      "间接持股数": "",
      "从公司获得年度报酬总额": "56000",
      "补贴津贴": "",
      "变动原因说明": "",
      "是否在股东或关联单位领取报酬津贴": "否",
      "在任与否": "否"
    },
    {
      "领导人姓名": "高志勇",
      "职位描述": "独立董事",
      "期初持股数": "0",
      "期末持股数": "",
      "间接持股数": "",
      "从公司获得年度报酬总额": "56000",
      "补贴津贴": "",
      "变动原因说明": "",
      "是否在股东或关联单位领取报酬津贴": "否",
      "在任与否": "否"
    },
    {
      "领导人姓名": "欧阳宇",
      "职位描述": "副总裁",
      "期初持股数": "88900",
      "期末持股数": "",
      "间接持股数": "",
      "从公司获得年度报酬总额": "311000",
      "补贴津贴": "",
      "变动原因说明": "",
      "是否在股东或关联单位领取报酬津贴": "否",
      "在任与否": "否"
    }
  ]
}

=== 000869-2026-04-18-张裕A-2025年年度报告.pdf ===
{
  "Leader_Salary_data": {
    "实际所得报酬总额起始": "",
    "实际所得报酬总额截止": "",
    "实际所得报酬总额涉及人数": ""
  },
  "Leader_Hold_data": [
    {
      "领导人姓名": "周洪江",
      "职位描述": "董事长",
      "期初持股数": "279600",
      "期末持股数": "207600",
      "间接持股数": "",
      "从公司获得年度报酬总额": "988800",
      "补贴津贴": "",
      "变动原因说明": "被公司回购限制性股票",
      "是否在股东或关联单位领取报酬津贴": "否",
      "在任与否": "是"
    },
    {
      "领导人姓名": "孙健",
      "职位描述": "董事、总经理",
      "期初持股数": "360000",
      "期末持股数": "297000",
      "间接持股数": "",
      "从公司获得年度报酬总额": "906900",
      "补贴津贴": "",
      "变动原因说明": "被公司回购限制性股票",
      "是否在股东或关联单位领取报酬津贴": "否",
      "在任与否": "是"
    },
    {
      "领导人姓名": "李记明",
      "职位描述": "董事、副总经理",
      "期初持股数": "160000",
      "期末持股数": "112000",
      "间接持股数": "",
      "从公司获得年度报酬总额": "702200",
      "补贴津贴": "",
      "变动原因说明": "被公司回购限制性股票",
      "是否在股东或关联单位领取报酬津贴": "否",
      "在任与否": "是"
    },
    {
      "领导人姓名": "刘勋章",
      "职位描述": "董事",
      "期初持股数": "",
      "期末持股数": "0",
      "间接持股数": "",
      "从公司获得年度报酬总额": "",
      "补贴津贴": "",
      "变动原因说明": "",
      "是否在股东或关联单位领取报酬津贴": "",
      "在任与否": "否"
    },
    {
      "领导人姓名": "马克·乔瓦尼·法拉利",
      "职位描述": "董事",
      "期初持股数": "",
      "期末持股数": "0",
      "间接持股数": "",
      "从公司获得年度报酬总额": "",
      "补贴津贴": "",
      "变动原因说明": "",
      "是否在股东或关联单位领取报酬津贴": "是",
      "在任与否": "是"
    },
    {
      "领导人姓名": "姜建勋",
      "职位描述": "董事、副总经理、董事会秘书",
      "期初持股数": "160000",
      "期末持股数": "112000",
      "间接持股数": "",
      "从公司获得年度报酬总额": "702200",
      "补贴津贴": "",
      "变动原因说明": "被公司回购限制性股票",
      "是否在股东或关联单位领取报酬津贴": "否",
      "在任与否": "是"
    },
    {
      "领导人姓名": "任金峰",
      "职位描述": "董事",
      "期初持股数": "",
      "期末持股数": "0",
      "间接持股数": "",
      "从公司获得年度报酬总额": "0",
      "补贴津贴": "",
      "变动原因说明": "",
      "是否在股东或关联单位领取报酬津贴": "是",
      "在任与否": "是"
    },
    {
      "领导人姓名": "Stefano Battioni",
      "职位描述": "董事",
      "期初持股数": "",
      "期末持股数": "0",
      "间接持股数": "",
      "从公司获得年度报酬总额": "",
      "补贴津贴": "",
      "变动原因说明": "",
      "是否在股东或关联单位领取报酬津贴": "是",
      "在任与否": "否"
    },
    {
      "领导人姓名": "恩里科･西维利",
      "职位描述": "董事",
      "期初持股数": "",
      "期末持股数": "0",
      "间接持股数": "",
      "从公司获得年度报酬总额": "",
      "补贴津贴": "",
      "变动原因说明": "",
      "是否在股东或关联单位领取报酬津贴": "是",
      "在任与否": "否"
    },
    {
      "领导人姓名": "张昀",
      "职位描述": "董事",
      "期初持股数": "",
      "期末持股数": "0",
      "间接持股数": "",
      "从公司获得年度报酬总额": "",
      "补贴津贴": "",
      "变动原因说明": "",
      "是否在股东或关联单位领取报酬津贴": "是",
      "在任与否": "是"
    },
    {
      "领导人姓名": "克劳迪奥･米凯莱･达戈斯蒂诺",
      "职位描述": "董事",
      "期初持股数": "",
      "期末持股数": "",
      "间接持股数": "",
      "从公司获得年度报酬总额": "",
      "补贴津贴": "",
      "变动原因说明": "",
      "是否在股东或关联单位领取报酬津贴": "",
      "在任与否": "是"
    },
    {
      "领导人姓名": "萨玛拉·奥萨帝",
      "职位描述": "董事",
      "期初持股数": "",
      "期末持股数": "0",
      "间接持股数": "",
      "从公司获得年度报酬总额": "",
      "补贴津贴": "",
      "变动原因说明": "",
      "是否在股东或关联单位领取报酬津贴": "是",
      "在任与否": "是"
    },
    {
      "领导人姓名": "段长青",
      "职位描述": "独立董事",
      "期初持股数": "",
      "期末持股数": "0",
      "间接持股数": "",
      "从公司获得年度报酬总额": "41700",
      "补贴津贴": "",
      "变动原因说明": "",
      "是否在股东或关联单位领取报酬津贴": "否",
      "在任与否": "否"
    },
    {
      "领导人姓名": "刘惠荣",
      "职位描述": "独立董事",
      "期初持股数": "",
      "期末持股数": "0",
      "间接持股数": "",
      "从公司获得年度报酬总额": "41700",
      "补贴津贴": "",
      "变动原因说明": "",
      "是否在股东或关联单位领取报酬津贴": "否",
      "在任与否": "否"
    },
    {
      "领导人姓名": "刘庆林",
      "职位描述": "独立董事",
      "期初持股数": "",
      "期末持股数": "0",
      "间接持股数": "",
      "从公司获得年度报酬总额": "41700",
      "补贴津贴": "",
      "变动原因说明": "",
      "是否在股东或关联单位领取报酬津贴": "否",
      "在任与否": "否"
    },
    {
      "领导人姓名": "于仁竹",
      "职位描述": "独立董事",
      "期初持股数": "",
      "期末持股数": "0",
      "间接持股数": "",
      "从公司获得年度报酬总额": "100000",
      "补贴津贴": "",
      "变动原因说明": "",
      "是否在股东或关联单位领取报酬津贴": "否",
      "在任与否": "是"
    },
    {
      "领导人姓名": "王竹泉",
      "职位描述": "独立董事",
      "期初持股数": "",
      "期末持股数": "0",
      "间接持股数": "",
      "从公司获得年度报酬总额": "100000",
      "补贴津贴": "",
      "变动原因说明": "",
      "是否在股东或关联单位领取报酬津贴": "否",
      "在任与否": "是"
    },
    {
      "领导人姓名": "徐岩",
      "职位描述": "独立董事",
      "期初持股数": "",
      "期末持股数": "0",
      "间接持股数": "",
      "从公司获得年度报酬总额": "60300",
      "补贴津贴": "",
      "变动原因说明": "",
      "是否在股东或关联单位领取报酬津贴": "否",
      "在任与否": "是"
    },
    {
      "领导人姓名": "郭建鸾",
      "职位描述": "独立董事",
      "期初持股数": "",
      "期末持股数": "0",
      "间接持股数": "",
      "从公司获得年度报酬总额": "60300",
      "补贴津贴": "",
      "变动原因说明": "",
      "是否在股东或关联单位领取报酬津贴": "否",
      "在任与否": "是"
    },
    {
      "领导人姓名": "苏昕",
      "职位描述": "独立董事",
      "期初持股数": "",
      "期末持股数": "0",
      "间接持股数": "",
      "从公司获得年度报酬总额": "60300",
      "补贴津贴": "",
      "变动原因说明": "",
      "是否在股东或关联单位领取报酬津贴": "否",
      "在任与否": "是"
    },
    {
      "领导人姓名": "冷斌",
      "职位描述": "监事会主席",
      "期初持股数": "",
      "期末持股数": "0",
      "间接持股数": "",
      "从公司获得年度报酬总额": "",
      "补贴津贴": "",
      "变动原因说明": "",
      "是否在股东或关联单位领取报酬津贴": "",
      "在任与否": "否"
    },
    {
      "领导人姓名": "刘志军",
      "职位描述": "监事",
      "期初持股数": "",
      "期末持股数": "0",
      "间接持股数": "",
      "从公司获得年度报酬总额": "",
      "补贴津贴": "",
      "变动原因说明": "",
      "是否在股东或关联单位领取报酬津贴": "",
      "在任与否": "否"
    },
    {
      "领导人姓名": "于锦凤",
      "职位描述": "监事",
      "期初持股数": "",
      "期末持股数": "0",
      "间接持股数": "",
      "从公司获得年度报酬总额": "",
      "补贴津贴": "",
      "变动原因说明": "",
      "是否在股东或关联单位领取报酬津贴": "",
      "在任与否": "否"
    },
    {
      "领导人姓名": "姜华",
      "职位描述": "副总经理",
      "期初持股数": "170000",
      "期末持股数": "74000",
      "间接持股数": "",
      "从公司获得年度报酬总额": "288600",
      "补贴津贴": "",
      "变动原因说明": "二级市场减持股票和被公司回购限制性股票",
      "是否在股东或关联单位领取报酬津贴": "否",
      "在任与否": "否"
    },
    {
      "领导人姓名": "彭斌",
      "职位描述": "副总经理",
      "期初持股数": "160000",
      "期末持股数": "87900",
      "间接持股数": "",
      "从公司获得年度报酬总额": "702200",
      "补贴津贴": "",
      "变动原因说明": "二级市场减持股票和被公司回购限制性股票",
      "是否在股东或关联单位领取报酬津贴": "否",
      "在任与否": "是"
    },
    {
      "领导人姓名": "潘建富",
      "职位描述": "总经理助理",
      "期初持股数": "70000",
      "期末持股数": "40000",
      "间接持股数": "",
      "从公司获得年度报酬总额": "497400",
      "补贴津贴": "",
      "变动原因说明": "被公司回购限制性股票",
      "是否在股东或关联单位领取报酬津贴": "否",
      "在任与否": "是"
    },
    {
      "领导人姓名": "孔庆昆",
      "职位描述": "总经理助理",
      "期初持股数": "75000",
      "期末持股数": "45000",
      "间接持股数": "",
      "从公司获得年度报酬总额": "497400",
      "补贴津贴": "",
      "变动原因说明": "被公司回购限制性股票",
      "是否在股东或关联单位领取报酬津贴": "否",
      "在任与否": "是"
    },
    {
      "领导人姓名": "刘世禄",
      "职位描述": "总经理助理",
      "期初持股数": "70000",
      "期末持股数": "40000",
      "间接持股数": "",
      "从公司获得年度报酬总额": "479700",
      "补贴津贴": "",
      "变动原因说明": "被公司回购限制性股票",
      "是否在股东或关联单位领取报酬津贴": "否",
      "在任与否": "是"
    },
    {
      "领导人姓名": "肖震波",
      "职位描述": "总经理助理",
      "期初持股数": "75000",
      "期末持股数": "45000",
      "间接持股数": "",
      "从公司获得年度报酬总额": "497400",
      "补贴津贴": "",
      "变动原因说明": "被公司回购限制性股票",
      "是否在股东或关联单位领取报酬津贴": "否",
      "在任与否": "是"
    },
    {
      "领导人姓名": "孙鸿博",
      "职位描述": "总经理助理",
      "期初持股数": "25182",
      "期末持股数": "14389",
      "间接持股数": "",
      "从公司获得年度报酬总额": "135500",
      "补贴津贴": "",
      "变动原因说明": "被公司回购限制性股票",
      "是否在股东或关联单位领取报酬津贴": "否",
      "在任与否": "是"
    },
    {
      "领导人姓名": "郭翠梅",
      "职位描述": "总经理助理",
      "期初持股数": "41090",
      "期末持股数": "16436",
      "间接持股数": "",
      "从公司获得年度报酬总额": "275300",
      "补贴津贴": "",
      "变动原因说明": "二级市场减持股票和被公司回购限制性股票",
      "是否在股东或关联单位领取报酬津贴": "否",
      "在任与否": "是"
    }
  ]
}

=== 002144-2026-04-18-宏达高科-2025年年度报告.pdf ===
{
  "Leader_Salary_data": {
    "实际所得报酬总额起始": "",
    "实际所得报酬总额截止": "",
    "实际所得报酬总额涉及人数": ""
  },
  "Leader_Hold_data": [
    {
      "领导人姓名": "沈国甫",
      "职位描述": "董事长",
      "期初持股数": "42600090",
      "期末持股数": "42600090",
      "间接持股数": "",
      "从公司获得年度报酬总额": "1635700",
      "补贴津贴": "",
      "变动原因说明": "",
      "是否在股东或关联单位领取报酬津贴": "否",
      "在任与否": "是"
    },
    {
      "领导人姓名": "沈珺",
      "职位描述": "副董事长",
      "期初持股数": "0",
      "期末持股数": "0",
      "间接持股数": "",
      "从公司获得年度报酬总额": "0",
      "补贴津贴": "",
      "变动原因说明": "",
      "是否在股东或关联单位领取报酬津贴": "是",
      "在任与否": "是"
    },
    {
      "领导人姓名": "毛志林",
      "职位描述": "副董事长",
      "期初持股数": "8529001",
      "期末持股数": "8529001",
      "间接持股数": "",
      "从公司获得年度报酬总额": "350000",
      "补贴津贴": "",
      "变动原因说明": "",
      "是否在股东或关联单位领取报酬津贴": "否",
      "在任与否": "是"
    },
    {
      "领导人姓名": "许建舟",
      "职位描述": "董事、总经理",
      "期初持股数": "243386",
      "期末持股数": "243386",
      "间接持股数": "",
      "从公司获得年度报酬总额": "579500",
      "补贴津贴": "",
      "变动原因说明": "",
      "是否在股东或关联单位领取报酬津贴": "否",
      "在任与否": "是"
    },
    {
      "领导人姓名": "顾伟锋",
      "职位描述": "董事、副总经理",
      "期初持股数": "750000",
      "期末持股数": "730000",
      "间接持股数": "",
      "从公司获得年度报酬总额": "501500",
      "补贴津贴": "",
      "变动原因说明": "在二级市场减持",
      "是否在股东或关联单位领取报酬津贴": "否",
      "在任与否": "是"
    },
    {
      "领导人姓名": "王凤娟",
      "职位描述": "董事、副总经理、财务总监",
      "期初持股数": "0",
      "期末持股数": "0",
      "间接持股数": "",
      "从公司获得年度报酬总额": "452800",
      "补贴津贴": "",
      "变动原因说明": "",
      "是否在股东或关联单位领取报酬津贴": "否",
      "在任与否": "是"
    },
    {
      "领导人姓名": "于斌",
      "职位描述": "独立董事",
      "期初持股数": "0",
      "期末持股数": "0",
      "间接持股数": "",
      "从公司获得年度报酬总额": "0",
      "补贴津贴": "",
      "变动原因说明": "",
      "是否在股东或关联单位领取报酬津贴": "否",
      "在任与否": "是"
    },
    {
      "领导人姓名": "陈相瑜",
      "职位描述": "独立董事",
      "期初持股数": "0",
      "期末持股数": "0",
      "间接持股数": "",
      "从公司获得年度报酬总额": "80000",
      "补贴津贴": "",
      "变动原因说明": "",
      "是否在股东或关联单位领取报酬津贴": "否",
      "在任与否": "是"
    },
    {
      "领导人姓名": "张敏华",
      "职位描述": "独立董事",
      "期初持股数": "0",
      "期末持股数": "0",
      "间接持股数": "",
      "从公司获得年度报酬总额": "80000",
      "补贴津贴": "",
      "变动原因说明": "",
      "是否在股东或关联单位领取报酬津贴": "否",
      "在任与否": "是"
    },
    {
      "领导人姓名": "孙云浩",
      "职位描述": "副总经理",
      "期初持股数": "25193",
      "期末持股数": "25193",
      "间接持股数": "",
      "从公司获得年度报酬总额": "502600",
      "补贴津贴": "",
      "变动原因说明": "",
      "是否在股东或关联单位领取报酬津贴": "否",
      "在任与否": "是"
    },
    {
      "领导人姓名": "金小红",
      "职位描述": "副总经理",
      "期初持股数": "0",
      "期末持股数": "0",
      "间接持股数": "",
      "从公司获得年度报酬总额": "456100",
      "补贴津贴": "",
      "变动原因说明": "",
      "是否在股东或关联单位领取报酬津贴": "否",
      "在任与否": "是"
    },
    {
      "领导人姓名": "马强强",
      "职位描述": "董事会秘书",
      "期初持股数": "0",
      "期末持股数": "0",
      "间接持股数": "",
      "从公司获得年度报酬总额": "297000",
      "补贴津贴": "",
      "变动原因说明": "",
      "是否在股东或关联单位领取报酬津贴": "否",
      "在任与否": "是"
    }
  ]
}

=== 000899-2026-04-18-赣能股份-2025年年度报告.pdf ===
{
  "Leader_Salary_data": {
    "实际所得报酬总额起始": "",
    "实际所得报酬总额截止": "",
    "实际所得报酬总额涉及人数": ""
  },
  "Leader_Hold_data": [
    {
      "领导人姓名": "宋和斌",
      "职位描述": "董事长、董事、总经理",
      "期初持股数": "0",
      "期末持股数": "0",
      "间接持股数": "",
      "从公司获得年度报酬总额": "781800",
      "补贴津贴": "",
      "变动原因说明": "",
      "是否在股东或关联单位领取报酬津贴": "否",
      "在任与否": "是"
    },
    {
      "领导人姓名": "周长信",
      "职位描述": "副董事长、董事",
      "期初持股数": "0",
      "期末持股数": "0",
      "间接持股数": "",
      "从公司获得年度报酬总额": "0",
      "补贴津贴": "",
      "变动原因说明": "",
      "是否在股东或关联单位领取报酬津贴": "是",
      "在任与否": "是"
    },
    {
      "领导人姓名": "周圆",
      "职位描述": "董事",
      "期初持股数": "0",
      "期末持股数": "0",
      "间接持股数": "",
      "从公司获得年度报酬总额": "0",
      "补贴津贴": "",
      "变动原因说明": "",
      "是否在股东或关联单位领取报酬津贴": "是",
      "在任与否": "是"
    },
    {
      "领导人姓名": "李声意",
      "职位描述": "董事",
      "期初持股数": "0",
      "期末持股数": "0",
      "间接持股数": "",
      "从公司获得年度报酬总额": "254400",
      "补贴津贴": "",
      "变动原因说明": "",
      "是否在股东或关联单位领取报酬津贴": "否",
      "在任与否": "是"
    },
    {
      "领导人姓名": "李斌",
      "职位描述": "董事",
      "期初持股数": "0",
      "期末持股数": "0",
      "间接持股数": "",
      "从公司获得年度报酬总额": "0",
      "补贴津贴": "",
      "变动原因说明": "",
      "是否在股东或关联单位领取报酬津贴": "是",
      "在任与否": "是"
    },
    {
      "领导人姓名": "马文晋",
      "职位描述": "董事",
      "期初持股数": "0",
      "期末持股数": "0",
      "间接持股数": "",
      "从公司获得年度报酬总额": "0",
      "补贴津贴": "",
      "变动原因说明": "",
      "是否在股东或关联单位领取报酬津贴": "是",
      "在任与否": "是"
    },
    {
      "领导人姓名": "王善铭",
      "职位描述": "独立董事",
      "期初持股数": "0",
      "期末持股数": "0",
      "间接持股数": "",
      "从公司获得年度报酬总额": "73300",
      "补贴津贴": "80000",
      "变动原因说明": "",
      "是否在股东或关联单位领取报酬津贴": "否",
      "在任与否": "是"
    },
    {
      "领导人姓名": "罗小平",
      "职位描述": "独立董事",
      "期初持股数": "0",
      "期末持股数": "0",
      "间接持股数": "",
      "从公司获得年度报酬总额": "73300",
      "补贴津贴": "80000",
      "变动原因说明": "",
      "是否在股东或关联单位领取报酬津贴": "否",
      "在任与否": "是"
    },
    {
      "领导人姓名": "蒙淑平",
      "职位描述": "独立董事",
      "期初持股数": "0",
      "期末持股数": "0",
      "间接持股数": "",
      "从公司获得年度报酬总额": "73300",
      "补贴津贴": "80000",
      "变动原因说明": "",
      "是否在股东或关联单位领取报酬津贴": "否",
      "在任与否": "是"
    },
    {
      "领导人姓名": "廖县生",
      "职位描述": "独立董事",
      "期初持股数": "0",
      "期末持股数": "0",
      "间接持股数": "",
      "从公司获得年度报酬总额": "73300",
      "补贴津贴": "80000",
      "变动原因说明": "",
      "是否在股东或关联单位领取报酬津贴": "否",
      "在任与否": "是"
    },
    {
      "领导人姓名": "高海",
      "职位描述": "副董事长、董事",
      "期初持股数": "0",
      "期末持股数": "0",
      "间接持股数": "",
      "从公司获得年度报酬总额": "0",
      "补贴津贴": "",
      "变动原因说明": "",
      "是否在股东或关联单位领取报酬津贴": "是",
      "在任与否": "否"
    },
    {
      "领导人姓名": "黄博",
      "职位描述": "董事",
      "期初持股数": "0",
      "期末持股数": "0",
      "间接持股数": "",
      "从公司获得年度报酬总额": "0",
      "补贴津贴": "",
      "变动原因说明": "",
      "是否在股东或关联单位领取报酬津贴": "是",
      "在任与否": "否"
    },
    {
      "领导人姓名": "王伟荣",
      "职位描述": "董事",
      "期初持股数": "0",
      "期末持股数": "0",
      "间接持股数": "",
      "从公司获得年度报酬总额": "0",
      "补贴津贴": "",
      "变动原因说明": "",
      "是否在股东或关联单位领取报酬津贴": "是",
      "在任与否": "否"
    },
    {
      "领导人姓名": "李根东",
      "职位描述": "副总经理",
      "期初持股数": "0",
      "期末持股数": "0",
      "间接持股数": "",
      "从公司获得年度报酬总额": "616300",
      "补贴津贴": "",
      "变动原因说明": "",
      "是否在股东或关联单位领取报酬津贴": "否",
      "在任与否": "是"
    },
    {
      "领导人姓名": "曹宇",
      "职位描述": "副总经理",
      "期初持股数": "0",
      "期末持股数": "0",
      "间接持股数": "",
      "从公司获得年度报酬总额": "618500",
      "补贴津贴": "",
      "变动原因说明": "",
      "是否在股东或关联单位领取报酬津贴": "否",
      "在任与否": "是"
    },
    {
      "领导人姓名": "黄辉",
      "职位描述": "副总经理",
      "期初持股数": "0",
      "期末持股数": "0",
      "间接持股数": "",
      "从公司获得年度报酬总额": "629300",
      "补贴津贴": "",
      "变动原因说明": "",
      "是否在股东或关联单位领取报酬津贴": "否",
      "在任与否": "是"
    },
    {
      "领导人姓名": "许扬",
      "职位描述": "副总经理",
      "期初持股数": "0",
      "期末持股数": "0",
      "间接持股数": "",
      "从公司获得年度报酬总额": "619400",
      "补贴津贴": "",
      "变动原因说明": "",
      "是否在股东或关联单位领取报酬津贴": "否",
      "在任与否": "是"
    },
    {
      "领导人姓名": "李洁",
      "职位描述": "副总经理、董事会秘书",
      "期初持股数": "0",
      "期末持股数": "0",
      "间接持股数": "",
      "从公司获得年度报酬总额": "618500",
      "补贴津贴": "",
      "变动原因说明": "",
      "是否在股东或关联单位领取报酬津贴": "否",
      "在任与否": "是"
    },
    {
      "领导人姓名": "张大海",
      "职位描述": "副总经理",
      "期初持股数": "0",
      "期末持股数": "0",
      "间接持股数": "",
      "从公司获得年度报酬总额": "0",
      "补贴津贴": "",
      "变动原因说明": "",
      "是否在股东或关联单位领取报酬津贴": "否",
      "在任与否": "否"
    }
  ]
}

=== 002006-2026-04-18-精工科技-2025年年度报告.pdf ===
{
  "Leader_Salary_data": {
    "实际所得报酬总额起始": "",
    "实际所得报酬总额截止": "",
    "实际所得报酬总额涉及人数": ""
  },
  "Leader_Hold_data": [
    {
      "领导人姓名": "孙国君",
      "职位描述": "董事长",
      "期初持股数": "0",
      "期末持股数": "0",
      "间接持股数": "",
      "从公司获得年度报酬总额": "1406500",
      "补贴津贴": "",
      "变动原因说明": "",
      "是否在股东或关联单位领取报酬津贴": "是",
      "在任与否": "是"
    },
    {
      "领导人姓名": "金力",
      "职位描述": "副董事长",
      "期初持股数": "0",
      "期末持股数": "0",
      "间接持股数": "",
      "从公司获得年度报酬总额": "849800",
      "补贴津贴": "",
      "变动原因说明": "",
      "是否在股东或关联单位领取报酬津贴": "否",
      "在任与否": "是"
    },
    {
      "领导人姓名": "方朝阳",
      "职位描述": "董事",
      "期初持股数": "0",
      "期末持股数": "0",
      "间接持股数": "",
      "从公司获得年度报酬总额": "0",
      "补贴津贴": "",
      "变动原因说明": "",
      "是否在股东或关联单位领取报酬津贴": "是",
      "在任与否": "是"
    },
    {
      "领导人姓名": "李爱军",
      "职位描述": "董事、总裁",
      "期初持股数": "0",
      "期末持股数": "0",
      "间接持股数": "",
      "从公司获得年度报酬总额": "2231000",
      "补贴津贴": "",
      "变动原因说明": "",
      "是否在股东或关联单位领取报酬津贴": "否",
      "在任与否": "是"
    },
    {
      "领导人姓名": "孙关富",
      "职位描述": "董事",
      "期初持股数": "0",
      "期末持股数": "0",
      "间接持股数": "",
      "从公司获得年度报酬总额": "0",
      "补贴津贴": "",
      "变动原因说明": "",
      "是否在股东或关联单位领取报酬津贴": "是",
      "在任与否": "是"
    },
    {
      "领导人姓名": "吴慧琴",
      "职位描述": "董事",
      "期初持股数": "0",
      "期末持股数": "0",
      "间接持股数": "",
      "从公司获得年度报酬总额": "0",
      "补贴津贴": "",
      "变动原因说明": "",
      "是否在股东或关联单位领取报酬津贴": "是",
      "在任与否": "是"
    },
    {
      "领导人姓名": "陈三联",
      "职位描述": "独立董事",
      "期初持股数": "0",
      "期末持股数": "0",
      "间接持股数": "",
      "从公司获得年度报酬总额": "100000",
      "补贴津贴": "100000",
      "变动原因说明": "",
      "是否在股东或关联单位领取报酬津贴": "否",
      "在任与否": "是"
    },
    {
      "领导人姓名": "严建苗",
      "职位描述": "独立董事",
      "期初持股数": "0",
      "期末持股数": "0",
      "间接持股数": "",
      "从公司获得年度报酬总额": "100000",
      "补贴津贴": "100000",
      "变动原因说明": "",
      "是否在股东或关联单位领取报酬津贴": "否",
      "在任与否": "是"
    },
    {
      "领导人姓名": "夏杰斌",
      "职位描述": "独立董事",
      "期初持股数": "0",
      "期末持股数": "0",
      "间接持股数": "",
      "从公司获得年度报酬总额": "100000",
      "补贴津贴": "100000",
      "变动原因说明": "",
      "是否在股东或关联单位领取报酬津贴": "否",
      "在任与否": "是"
    },
    {
      "领导人姓名": "陈建华",
      "职位描述": "副总裁",
      "期初持股数": "0",
      "期末持股数": "0",
      "间接持股数": "",
      "从公司获得年度报酬总额": "638700",
      "补贴津贴": "",
      "变动原因说明": "",
      "是否在股东或关联单位领取报酬津贴": "否",
      "在任与否": "是"
    },
    {
      "领导人姓名": "卫国军",
      "职位描述": "高级副总裁",
      "期初持股数": "0",
      "期末持股数": "0",
      "间接持股数": "",
      "从公司获得年度报酬总额": "730500",
      "补贴津贴": "",
      "变动原因说明": "",
      "是否在股东或关联单位领取报酬津贴": "否",
      "在任与否": "否"
    },
    {
      "领导人姓名": "黄伟明",
      "职位描述": "副总裁、财务负责人、董事会秘书",
      "期初持股数": "0",
      "期末持股数": "0",
      "间接持股数": "",
      "从公司获得年度报酬总额": "828500",
      "补贴津贴": "",
      "变动原因说明": "",
      "是否在股东或关联单位领取报酬津贴": "否",
      "在任与否": "是"
    },
    {
      "领导人姓名": "倪建勋",
      "职位描述": "副总裁",
      "期初持股数": "0",
      "期末持股数": "0",
      "间接持股数": "",
      "从公司获得年度报酬总额": "1000500",
      "补贴津贴": "",
      "变动原因说明": "",
      "是否在股东或关联单位领取报酬津贴": "否",
      "在任与否": "是"
    },
    {
      "领导人姓名": "沈建明",
      "职位描述": "副总裁",
      "期初持股数": "0",
      "期末持股数": "0",
      "间接持股数": "",
      "从公司获得年度报酬总额": "",
      "补贴津贴": "",
      "变动原因说明": "",
      "是否在股东或关联单位领取报酬津贴": "",
      "在任与否": "是"
    }
  ]
}

=== 000959-2026-04-18-首钢股份-2025年年度报告.pdf ===
{
  "Leader_Salary_data": {
    "实际所得报酬总额起始": "",
    "实际所得报酬总额截止": "",
    "实际所得报酬总额涉及人数": ""
  },
  "Leader_Hold_data": [
    {
      "领导人姓名": "朱国森",
      "职位描述": "董事长",
      "期初持股数": "0",
      "期末持股数": "0",
      "间接持股数": "",
      "从公司获得年度报酬总额": "0",
      "补贴津贴": "",
      "变动原因说明": "",
      "是否在股东或关联单位领取报酬津贴": "是",
      "在任与否": "是"
    },
    {
      "领导人姓名": "王立峰",
      "职位描述": "董事",
      "期初持股数": "0",
      "期末持股数": "0",
      "间接持股数": "",
      "从公司获得年度报酬总额": "0",
      "补贴津贴": "",
      "变动原因说明": "",
      "是否在股东或关联单位领取报酬津贴": "否",
      "在任与否": "是"
    },
    {
      "领导人姓名": "李明",
      "职位描述": "董事",
      "期初持股数": "88740",
      "期末持股数": "0",
      "间接持股数": "",
      "从公司获得年度报酬总额": "1149400",
      "补贴津贴": "",
      "变动原因说明": "因公司业绩未达到解除限售条件回购注销。",
      "是否在股东或关联单位领取报酬津贴": "否",
      "在任与否": "是"
    },
    {
      "领导人姓名": "陈小伟",
      "职位描述": "职工代表董事",
      "期初持股数": "88740",
      "期末持股数": "0",
      "间接持股数": "",
      "从公司获得年度报酬总额": "0",
      "补贴津贴": "",
      "变动原因说明": "因公司业绩未达到解除限售条件回购注销。",
      "是否在股东或关联单位领取报酬津贴": "否",
      "在任与否": "是"
    },
    {
      "领导人姓名": "余兴喜",
      "职位描述": "独立董事",
      "期初持股数": "0",
      "期末持股数": "0",
      "间接持股数": "",
      "从公司获得年度报酬总额": "120000",
      "补贴津贴": "120000",
      "变动原因说明": "",
      "是否在股东或关联单位领取报酬津贴": "否",
      "在任与否": "是"
    },
    {
      "领导人姓名": "彭锋",
      "职位描述": "独立董事",
      "期初持股数": "0",
      "期末持股数": "0",
      "间接持股数": "",
      "从公司获得年度报酬总额": "0",
      "补贴津贴": "120000",
      "变动原因说明": "",
      "是否在股东或关联单位领取报酬津贴": "否",
      "在任与否": "是"
    },
    {
      "领导人姓名": "王翠敏",
      "职位描述": "独立董事",
      "期初持股数": "0",
      "期末持股数": "0",
      "间接持股数": "",
      "从公司获得年度报酬总额": "120000",
      "补贴津贴": "120000",
      "变动原因说明": "",
      "是否在股东或关联单位领取报酬津贴": "否",
      "在任与否": "是"
    },
    {
      "领导人姓名": "刘俊",
      "职位描述": "董事",
      "期初持股数": "0",
      "期末持股数": "0",
      "间接持股数": "",
      "从公司获得年度报酬总额": "0",
      "补贴津贴": "",
      "变动原因说明": "",
      "是否在股东或关联单位领取报酬津贴": "是",
      "在任与否": "是"
    },
    {
      "领导人姓名": "金锡",
      "职位描述": "董事",
      "期初持股数": "0",
      "期末持股数": "0",
      "间接持股数": "",
      "从公司获得年度报酬总额": "0",
      "补贴津贴": "",
      "变动原因说明": "",
      "是否在股东或关联单位领取报酬津贴": "是",
      "在任与否": "是"
    },
    {
      "领导人姓名": "孙茂林",
      "职位描述": "总经理、董事",
      "期初持股数": "88740",
      "期末持股数": "0",
      "间接持股数": "",
      "从公司获得年度报酬总额": "1066200",
      "补贴津贴": "",
      "变动原因说明": "因公司业绩未达到解除限售条件回购注销。",
      "是否在股东或关联单位领取报酬津贴": "否",
      "在任与否": "是"
    },
    {
      "领导人姓名": "赵鹏",
      "职位描述": "副总经理",
      "期初持股数": "0",
      "期末持股数": "0",
      "间接持股数": "",
      "从公司获得年度报酬总额": "959400",
      "补贴津贴": "",
      "变动原因说明": "",
      "是否在股东或关联单位领取报酬津贴": "否",
      "在任与否": "是"
    },
    {
      "领导人姓名": "刘同合",
      "职位描述": "总会计师",
      "期初持股数": "0",
      "期末持股数": "0",
      "间接持股数": "",
      "从公司获得年度报酬总额": "834500",
      "补贴津贴": "",
      "变动原因说明": "",
      "是否在股东或关联单位领取报酬津贴": "否",
      "在任与否": "是"
    },
    {
      "领导人姓名": "谢天伟",
      "职位描述": "副总经理",
      "期初持股数": "69320",
      "期末持股数": "300",
      "间接持股数": "",
      "从公司获得年度报酬总额": "898800",
      "补贴津贴": "",
      "变动原因说明": "因公司业绩未达到解除限售条件回购注销。",
      "是否在股东或关联单位领取报酬津贴": "否",
      "在任与否": "是"
    },
    {
      "领导人姓名": "徐海卫",
      "职位描述": "副总经理",
      "期初持股数": "69020",
      "期末持股数": "0",
      "间接持股数": "",
      "从公司获得年度报酬总额": "147500",
      "补贴津贴": "",
      "变动原因说明": "因公司业绩未达到解除限售条件回购注销。",
      "是否在股东或关联单位领取报酬津贴": "否",
      "在任与否": "是"
    },
    {
      "领导人姓名": "乔雨菲",
      "职位描述": "董事会秘书、总法律顾问",
      "期初持股数": "0",
      "期末持股数": "0",
      "间接持股数": "",
      "从公司获得年度报酬总额": "1003700",
      "补贴津贴": "",
      "变动原因说明": "",
      "是否在股东或关联单位领取报酬津贴": "否",
      "在任与否": "是"
    },
    {
      "领导人姓名": "邱银富",
      "职位描述": "董事长",
      "期初持股数": "0",
      "期末持股数": "0",
      "间接持股数": "",
      "从公司获得年度报酬总额": "0",
      "补贴津贴": "",
      "变动原因说明": "",
      "是否在股东或关联单位领取报酬津贴": "是",
      "在任与否": "否"
    },
    {
      "领导人姓名": "李建涛",
      "职位描述": "董事",
      "期初持股数": "0",
      "期末持股数": "0",
      "间接持股数": "",
      "从公司获得年度报酬总额": "0",
      "补贴津贴": "",
      "变动原因说明": "",
      "是否在股东或关联单位领取报酬津贴": "是",
      "在任与否": "否"
    },
    {
      "领导人姓名": "刘燊",
      "职位描述": "独立董事",
      "期初持股数": "0",
      "期末持股数": "0",
      "间接持股数": "",
      "从公司获得年度报酬总额": "120000",
      "补贴津贴": "120000",
      "变动原因说明": "",
      "是否在股东或关联单位领取报酬津贴": "否",
      "在任与否": "否"
    },
    {
      "领导人姓名": "王凯",
      "职位描述": "副总经理",
      "期初持股数": "69020",
      "期末持股数": "0",
      "间接持股数": "",
      "从公司获得年度报酬总额": "638300",
      "补贴津贴": "",
      "变动原因说明": "因工作调动及公司业绩未达到解除限售条件回购注销。",
      "是否在股东或关联单位领取报酬津贴": "否",
      "在任与否": "否"
    }
  ]
}

=== 000998-2026-04-18-隆平高科-2025年年度报告.pdf ===
{
  "Leader_Salary_data": {
    "实际所得报酬总额起始": "",
    "实际所得报酬总额截止": "",
    "实际所得报酬总额涉及人数": ""
  },
  "Leader_Hold_data": [
    {
      "领导人姓名": "刘志勇",
      "职位描述": "党委书记、董事长",
      "期初持股数": "0",
      "期末持股数": "0",
      "间接持股数": "",
      "从公司获得年度报酬总额": "0",
      "补贴津贴": "",
      "变动原因说明": "",
      "是否在股东或关联单位领取报酬津贴": "是",
      "在任与否": "是"
    },
    {
      "领导人姓名": "黄征",
      "职位描述": "董事",
      "期初持股数": "0",
      "期末持股数": "0",
      "间接持股数": "",
      "从公司获得年度报酬总额": "0",
      "补贴津贴": "",
      "变动原因说明": "",
      "是否在股东或关联单位领取报酬津贴": "是",
      "在任与否": "是"
    },
    {
      "领导人姓名": "桑瑜",
      "职位描述": "董事",
      "期初持股数": "0",
      "期末持股数": "0",
      "间接持股数": "",
      "从公司获得年度报酬总额": "0",
      "补贴津贴": "",
      "变动原因说明": "",
      "是否在股东或关联单位领取报酬津贴": "是",
      "在任与否": "是"
    },
    {
      "领导人姓名": "许靖波",
      "职位描述": "董事",
      "期初持股数": "0",
      "期末持股数": "0",
      "间接持股数": "",
      "从公司获得年度报酬总额": "0",
      "补贴津贴": "",
      "变动原因说明": "",
      "是否在股东或关联单位领取报酬津贴": "是",
      "在任与否": "是"
    },
    {
      "领导人姓名": "林彦超",
      "职位描述": "董事",
      "期初持股数": "0",
      "期末持股数": "0",
      "间接持股数": "",
      "从公司获得年度报酬总额": "0",
      "补贴津贴": "",
      "变动原因说明": "",
      "是否在股东或关联单位领取报酬津贴": "是",
      "在任与否": "是"
    },
    {
      "领导人姓名": "",
      "职位描述": "党委委员、董事",
      "期初持股数": "0",
      "期末持股数": "0",
      "间接持股数": "",
      "从公司获得年度报酬总额": "1610400",
      "补贴津贴": "",
      "变动原因说明": "",
      "是否在股东或关联单位领取报酬津贴": "否",
      "在任与否": "是"
    },
    {
      "领导人姓名": "",
      "职位描述": "总裁",
      "期初持股数": "0",
      "期末持股数": "0",
      "间接持股数": "",
      "从公司获得年度报酬总额": "",
      "补贴津贴": "",
      "变动原因说明": "",
      "是否在股东或关联单位领取报酬津贴": "",
      "在任与否": "否"
    },
    {
      "领导人姓名": "李皎予",
      "职位描述": "独立董事",
      "期初持股数": "0",
      "期末持股数": "0",
      "间接持股数": "",
      "从公司获得年度报酬总额": "100000",
      "补贴津贴": "",
      "变动原因说明": "",
      "是否在股东或关联单位领取报酬津贴": "否",
      "在任与否": "是"
    },
    {
      "领导人姓名": "李少昆",
      "职位描述": "独立董事",
      "期初持股数": "0",
      "期末持股数": "0",
      "间接持股数": "",
      "从公司获得年度报酬总额": "100000",
      "补贴津贴": "",
      "变动原因说明": "",
      "是否在股东或关联单位领取报酬津贴": "否",
      "在任与否": "是"
    },
    {
      "领导人姓名": "刘贵富",
      "职位描述": "独立董事",
      "期初持股数": "0",
      "期末持股数": "0",
      "间接持股数": "",
      "从公司获得年度报酬总额": "100000",
      "补贴津贴": "",
      "变动原因说明": "",
      "是否在股东或关联单位领取报酬津贴": "否",
      "在任与否": "是"
    },
    {
      "领导人姓名": "尹贤文",
      "职位描述": "总裁、轮值总裁",
      "期初持股数": "0",
      "期末持股数": "0",
      "间接持股数": "",
      "从公司获得年度报酬总额": "3743900",
      "补贴津贴": "",
      "变动原因说明": "",
      "是否在股东或关联单位领取报酬津贴": "否",
      "在任与否": "是"
    },
    {
      "领导人姓名": "杨远柱",
      "职位描述": "副总裁、水稻首席专家",
      "期初持股数": "1000",
      "期末持股数": "1000",
      "间接持股数": "",
      "从公司获得年度报酬总额": "2255200",
      "补贴津贴": "",
      "变动原因说明": "",
      "是否在股东或关联单位领取报酬津贴": "否",
      "在任与否": "是"
    },
    {
      "领导人姓名": "纪绍勤",
      "职位描述": "党委副书记、副总裁",
      "期初持股数": "0",
      "期末持股数": "0",
      "间接持股数": "",
      "从公司获得年度报酬总额": "",
      "补贴津贴": "",
      "变动原因说明": "",
      "是否在股东或关联单位领取报酬津贴": "否",
      "在任与否": "是"
    },
    {
      "领导人姓名": "黄冀湘",
      "职位描述": "副总裁、财务总监",
      "期初持股数": "0",
      "期末持股数": "0",
      "间接持股数": "",
      "从公司获得年度报酬总额": "1889600",
      "补贴津贴": "",
      "变动原因说明": "",
      "是否在股东或关联单位领取报酬津贴": "否",
      "在任与否": "是"
    },
    {
      "领导人姓名": "胡博",
      "职位描述": "董事会秘书、副总裁",
      "期初持股数": "0",
      "期末持股数": "0",
      "间接持股数": "",
      "从公司获得年度报酬总额": "",
      "补贴津贴": "",
      "变动原因说明": "",
      "是否在股东或关联单位领取报酬津贴": "否",
      "在任与否": "是"
    },
    {
      "领导人姓名": "",
      "职位描述": "董事",
      "期初持股数": "0",
      "期末持股数": "0",
      "间接持股数": "",
      "从公司获得年度报酬总额": "1520800",
      "补贴津贴": "",
      "变动原因说明": "",
      "是否在股东或关联单位领取报酬津贴": "",
      "在任与否": "否"
    },
    {
      "领导人姓名": "罗永根",
      "职位描述": "董事、副总裁",
      "期初持股数": "0",
      "期末持股数": "0",
      "间接持股数": "",
      "从公司获得年度报酬总额": "461400",
      "补贴津贴": "",
      "变动原因说明": "",
      "是否在股东或关联单位领取报酬津贴": "是",
      "在任与否": "否"
    },
    {
      "领导人姓名": "袁定江",
      "职位描述": "监事会主席",
      "期初持股数": "2559670",
      "期末持股数": "2559670",
      "间接持股数": "",
      "从公司获得年度报酬总额": "",
      "补贴津贴": "",
      "变动原因说明": "",
      "是否在股东或关联单位领取报酬津贴": "",
      "在任与否": "否"
    },
    {
      "领导人姓名": "",
      "职位描述": "监事",
      "期初持股数": "0",
      "期末持股数": "0",
      "间接持股数": "",
      "从公司获得年度报酬总额": "",
      "补贴津贴": "",
      "变动原因说明": "",
      "是否在股东或关联单位领取报酬津贴": "",
      "在任与否": "否"
    },
    {
      "领导人姓名": "邹振宇",
      "职位描述": "职工代表监事",
      "期初持股数": "0",
      "期末持股数": "0",
      "间接持股数": "",
      "从公司获得年度报酬总额": "",
      "补贴津贴": "",
      "变动原因说明": "",
      "是否在股东或关联单位领取报酬津贴": "",
      "在任与否": "否"
    },
    {
      "领导人姓名": "宫俊涛",
      "职位描述": "副总裁",
      "期初持股数": "0",
      "期末持股数": "0",
      "间接持股数": "",
      "从公司获得年度报酬总额": "13473300",
      "补贴津贴": "",
      "变动原因说明": "",
      "是否在股东或关联单位领取报酬津贴": "",
      "在任与否": "否"
    }
  ]
}

=== 002206-2026-04-18-海利得-2025年年度报告.pdf ===
{
  "Leader_Salary_data": {
    "实际所得报酬总额起始": "",
    "实际所得报酬总额截止": "",
    "实际所得报酬总额涉及人数": ""
  },
  "Leader_Hold_data": [
    {
      "领导人姓名": "高王伟",
      "职位描述": "董事长、总裁、董事",
      "期初持股数": "124011645",
      "期末持股数": "124011645",
      "间接持股数": "",
      "从公司获得年度报酬总额": "2080000",
      "补贴津贴": "",
      "变动原因说明": "",
      "是否在股东或关联单位领取报酬津贴": "否",
      "在任与否": "是"
    },
    {
      "领导人姓名": "朱文祥",
      "职位描述": "副董事长、高级副总裁、董事",
      "期初持股数": "100000",
      "期末持股数": "400000",
      "间接持股数": "",
      "从公司获得年度报酬总额": "1900000",
      "补贴津贴": "",
      "变动原因说明": "股权激励授予",
      "是否在股东或关联单位领取报酬津贴": "否",
      "在任与否": "是"
    },
    {
      "领导人姓名": "李阳",
      "职位描述": "董事",
      "期初持股数": "0",
      "期末持股数": "250000",
      "间接持股数": "",
      "从公司获得年度报酬总额": "1000000",
      "补贴津贴": "",
      "变动原因说明": "股权激励授予",
      "是否在股东或关联单位领取报酬津贴": "否",
      "在任与否": "是"
    },
    {
      "领导人姓名": "王心航",
      "职位描述": "职工代表董事",
      "期初持股数": "0",
      "期末持股数": "250000",
      "间接持股数": "",
      "从公司获得年度报酬总额": "850000",
      "补贴津贴": "",
      "变动原因说明": "股权激励授予",
      "是否在股东或关联单位领取报酬津贴": "否",
      "在任与否": "是"
    },
    {
      "领导人姓名": "束小江",
      "职位描述": "独立董事",
      "期初持股数": "0",
      "期末持股数": "0",
      "间接持股数": "",
      "从公司获得年度报酬总额": "58300",
      "补贴津贴": "",
      "变动原因说明": "",
      "是否在股东或关联单位领取报酬津贴": "否",
      "在任与否": "是"
    },
    {
      "领导人姓名": "王宗宝",
      "职位描述": "独立董事",
      "期初持股数": "0",
      "期末持股数": "0",
      "间接持股数": "",
      "从公司获得年度报酬总额": "100000",
      "补贴津贴": "",
      "变动原因说明": "",
      "是否在股东或关联单位领取报酬津贴": "否",
      "在任与否": "是"
    },
    {
      "领导人姓名": "徐鼎一",
      "职位描述": "独立董事",
      "期初持股数": "0",
      "期末持股数": "0",
      "间接持股数": "",
      "从公司获得年度报酬总额": "100000",
      "补贴津贴": "",
      "变动原因说明": "",
      "是否在股东或关联单位领取报酬津贴": "否",
      "在任与否": "是"
    },
    {
      "领导人姓名": "薛永峰",
      "职位描述": "高级副总裁",
      "期初持股数": "100000",
      "期末持股数": "400000",
      "间接持股数": "",
      "从公司获得年度报酬总额": "1900000",
      "补贴津贴": "",
      "变动原因说明": "股权激励授予",
      "是否在股东或关联单位领取报酬津贴": "否",
      "在任与否": "是"
    },
    {
      "领导人姓名": "陈伯存",
      "职位描述": "高级副总裁",
      "期初持股数": "100000",
      "期末持股数": "400000",
      "间接持股数": "",
      "从公司获得年度报酬总额": "1550000",
      "补贴津贴": "",
      "变动原因说明": "股权激励授予",
      "是否在股东或关联单位领取报酬津贴": "否",
      "在任与否": "是"
    },
    {
      "领导人姓名": "沈桂宏",
      "职位描述": "高级副总裁",
      "期初持股数": "10000",
      "期末持股数": "310000",
      "间接持股数": "",
      "从公司获得年度报酬总额": "1550000",
      "补贴津贴": "",
      "变动原因说明": "股权激励授予",
      "是否在股东或关联单位领取报酬津贴": "否",
      "在任与否": "是"
    },
    {
      "领导人姓名": "张竞",
      "职位描述": "董事会秘书",
      "期初持股数": "80000",
      "期末持股数": "380000",
      "间接持股数": "",
      "从公司获得年度报酬总额": "1350000",
      "补贴津贴": "",
      "变动原因说明": "股权激励授予",
      "是否在股东或关联单位领取报酬津贴": "否",
      "在任与否": "是"
    },
    {
      "领导人姓名": "魏静聪",
      "职位描述": "财务负责人",
      "期初持股数": "80000",
      "期末持股数": "380000",
      "间接持股数": "",
      "从公司获得年度报酬总额": "1300000",
      "补贴津贴": "",
      "变动原因说明": "股权激励授予",
      "是否在股东或关联单位领取报酬津贴": "否",
      "在任与否": "是"
    },
    {
      "领导人姓名": "高利民",
      "职位描述": "董事长、董事",
      "期初持股数": "201187500",
      "期末持股数": "201187500",
      "间接持股数": "",
      "从公司获得年度报酬总额": "451500",
      "补贴津贴": "",
      "变动原因说明": "",
      "是否在股东或关联单位领取报酬津贴": "否",
      "在任与否": "否"
    },
    {
      "领导人姓名": "姚峻",
      "职位描述": "副总经理、董事",
      "期初持股数": "1286800",
      "期末持股数": "1586800",
      "间接持股数": "",
      "从公司获得年度报酬总额": "424200",
      "补贴津贴": "",
      "变动原因说明": "股权激励授予",
      "是否在股东或关联单位领取报酬津贴": "否",
      "在任与否": "否"
    },
    {
      "领导人姓名": "孟繁锋",
      "职位描述": "独立董事",
      "期初持股数": "0",
      "期末持股数": "0",
      "间接持股数": "",
      "从公司获得年度报酬总额": "41700",
      "补贴津贴": "",
      "变动原因说明": "",
      "是否在股东或关联单位领取报酬津贴": "否",
      "在任与否": "否"
    },
    {
      "领导人姓名": "章林",
      "职位描述": "副总经理",
      "期初持股数": "450000",
      "期末持股数": "750000",
      "间接持股数": "",
      "从公司获得年度报酬总额": "325100",
      "补贴津贴": "",
      "变动原因说明": "股权激励授予",
      "是否在股东或关联单位领取报酬津贴": "否",
      "在任与否": "否"
    },
    {
      "领导人姓名": "沈玉华",
      "职位描述": "副总经理",
      "期初持股数": "312500",
      "期末持股数": "612500",
      "间接持股数": "",
      "从公司获得年度报酬总额": "300900",
      "补贴津贴": "",
      "变动原因说明": "股权激励授予",
      "是否在股东或关联单位领取报酬津贴": "否",
      "在任与否": "否"
    },
    {
      "领导人姓名": "彭皓",
      "职位描述": "副总经理",
      "期初持股数": "525000",
      "期末持股数": "825000",
      "间接持股数": "",
      "从公司获得年度报酬总额": "310400",
      "补贴津贴": "",
      "变动原因说明": "股权激励授予",
      "是否在股东或关联单位领取报酬津贴": "否",
      "在任与否": "否"
    }
  ]
}

=== 002274-2026-04-18-华昌化工-2025年年度报告.pdf ===
{
  "Leader_Salary_data": {
    "实际所得报酬总额起始": "",
    "实际所得报酬总额截止": "",
    "实际所得报酬总额涉及人数": ""
  },
  "Leader_Hold_data": [
    {
      "领导人姓名": "胡波",
      "职位描述": "董事长",
      "期初持股数": "",
      "期末持股数": "",
      "间接持股数": "",
      "从公司获得年度报酬总额": 1157700,
      "补贴津贴": "",
      "变动原因说明": "",
      "是否在股东或关联单位领取报酬津贴": "否",
      "在任与否": "是"
    },
    {
      "领导人姓名": "朱郁健",
      "职位描述": "副董事长",
      "期初持股数": 800000,
      "期末持股数": 800000,
      "间接持股数": "",
      "从公司获得年度报酬总额": 1157700,
      "补贴津贴": "",
      "变动原因说明": "--",
      "是否在股东或关联单位领取报酬津贴": "否",
      "在任与否": "是"
    },
    {
      "领导人姓名": "张汉卿",
      "职位描述": "董事、总经理",
      "期初持股数": "",
      "期末持股数": "",
      "间接持股数": "",
      "从公司获得年度报酬总额": 1157700,
      "补贴津贴": "",
      "变动原因说明": "",
      "是否在股东或关联单位领取报酬津贴": "否",
      "在任与否": "是"
    },
    {
      "领导人姓名": "贺小伟",
      "职位描述": "董事、副总经理",
      "期初持股数": "",
      "期末持股数": "",
      "间接持股数": "",
      "从公司获得年度报酬总额": 1092300,
      "补贴津贴": "",
      "变动原因说明": "",
      "是否在股东或关联单位领取报酬津贴": "否",
      "在任与否": "是"
    },
    {
      "领导人姓名": "卢龙",
      "职位描述": "董事会秘书、董事",
      "期初持股数": "",
      "期末持股数": "",
      "间接持股数": "",
      "从公司获得年度报酬总额": 995800,
      "补贴津贴": "",
      "变动原因说明": "",
      "是否在股东或关联单位领取报酬津贴": "否",
      "在任与否": "是"
    },
    {
      "领导人姓名": "赵惠芬",
      "职位描述": "董事、财务总监",
      "期初持股数": "",
      "期末持股数": "",
      "间接持股数": "",
      "从公司获得年度报酬总额": 995800,
      "补贴津贴": "",
      "变动原因说明": "",
      "是否在股东或关联单位领取报酬津贴": "否",
      "在任与否": "是"
    },
    {
      "领导人姓名": "李莉",
      "职位描述": "独立董事",
      "期初持股数": "",
      "期末持股数": "",
      "间接持股数": "",
      "从公司获得年度报酬总额": 144000,
      "补贴津贴": "",
      "变动原因说明": "",
      "是否在股东或关联单位领取报酬津贴": "否",
      "在任与否": "是"
    },
    {
      "领导人姓名": "汪激清",
      "职位描述": "独立董事",
      "期初持股数": "",
      "期末持股数": "",
      "间接持股数": "",
      "从公司获得年度报酬总额": 144000,
      "补贴津贴": "",
      "变动原因说明": "",
      "是否在股东或关联单位领取报酬津贴": "否",
      "在任与否": "是"
    },
    {
      "领导人姓名": "陈强",
      "职位描述": "独立董事",
      "期初持股数": "",
      "期末持股数": "",
      "间接持股数": "",
      "从公司获得年度报酬总额": 144000,
      "补贴津贴": "",
      "变动原因说明": "",
      "是否在股东或关联单位领取报酬津贴": "否",
      "在任与否": "是"
    },
    {
      "领导人姓名": "周如一",
      "职位描述": "副总经理",
      "期初持股数": "",
      "期末持股数": "",
      "间接持股数": "",
      "从公司获得年度报酬总额": 984800,
      "补贴津贴": "",
      "变动原因说明": "",
      "是否在股东或关联单位领取报酬津贴": "否",
      "在任与否": "是"
    },
    {
      "领导人姓名": "李长胜",
      "职位描述": "副总经理",
      "期初持股数": "",
      "期末持股数": "",
      "间接持股数": "",
      "从公司获得年度报酬总额": 1002900,
      "补贴津贴": "",
      "变动原因说明": "",
      "是否在股东或关联单位领取报酬津贴": "否",
      "在任与否": "是"
    },
    {
      "领导人姓名": "谈爱冬",
      "职位描述": "副总经理",
      "期初持股数": "",
      "期末持股数": "",
      "间接持股数": "",
      "从公司获得年度报酬总额": 995800,
      "补贴津贴": "",
      "变动原因说明": "",
      "是否在股东或关联单位领取报酬津贴": "否",
      "在任与否": "是"
    },
    {
      "领导人姓名": "许彬斌",
      "职位描述": "职工董事",
      "期初持股数": "",
      "期末持股数": "",
      "间接持股数": "",
      "从公司获得年度报酬总额": 386900,
      "补贴津贴": "",
      "变动原因说明": "",
      "是否在股东或关联单位领取报酬津贴": "否",
      "在任与否": "是"
    }
  ]
}

=== 002236-2026-04-18-大华股份-2025年年度报告.pdf ===
{
  "Leader_Salary_data": {
    "实际所得报酬总额起始": "",
    "实际所得报酬总额截止": "",
    "实际所得报酬总额涉及人数": ""
  },
  "Leader_Hold_data": [
    {
      "领导人姓名": "傅利泉",
      "职位描述": "董事长、总裁",
      "期初持股数": "1023868980",
      "期末持股数": "1023868980",
      "间接持股数": "",
      "从公司获得年度报酬总额": "4525900",
      "补贴津贴": "",
      "变动原因说明": "",
      "是否在股东或关联单位领取报酬津贴": "否",
      "在任与否": "是"
    },
    {
      "领导人姓名": "吴军",
      "职位描述": "副董事长",
      "期初持股数": "69172886",
      "期末持股数": "69172886",
      "间接持股数": "",
      "从公司获得年度报酬总额": "96200",
      "补贴津贴": "",
      "变动原因说明": "",
      "是否在股东或关联单位领取报酬津贴": "否",
      "在任与否": "是"
    },
    {
      "领导人姓名": "陈爱玲",
      "职位描述": "董事",
      "期初持股数": "71262813",
      "期末持股数": "71262813",
      "间接持股数": "",
      "从公司获得年度报酬总额": "0",
      "补贴津贴": "",
      "变动原因说明": "",
      "是否在股东或关联单位领取报酬津贴": "否",
      "在任与否": "是"
    },
    {
      "领导人姓名": "赵宇宁",
      "职位描述": "董事、总裁",
      "期初持股数": "1312600",
      "期末持股数": "1067800",
      "间接持股数": "",
      "从公司获得年度报酬总额": "5349700",
      "补贴津贴": "",
      "变动原因说明": "参与公司股权激励计划，持有的部分股票被回购注销",
      "是否在股东或关联单位领取报酬津贴": "否",
      "在任与否": "是"
    },
    {
      "领导人姓名": "袁利华",
      "职位描述": "董事",
      "期初持股数": "0",
      "期末持股数": "0",
      "间接持股数": "",
      "从公司获得年度报酬总额": "0",
      "补贴津贴": "",
      "变动原因说明": "",
      "是否在股东或关联单位领取报酬津贴": "是",
      "在任与否": "是"
    },
    {
      "领导人姓名": "张晓明",
      "职位描述": "董事",
      "期初持股数": "0",
      "期末持股数": "0",
      "间接持股数": "",
      "从公司获得年度报酬总额": "1927300",
      "补贴津贴": "",
      "变动原因说明": "",
      "是否在股东或关联单位领取报酬津贴": "否",
      "在任与否": "是"
    },
    {
      "领导人姓名": "刘翰林",
      "职位描述": "独立董事",
      "期初持股数": "0",
      "期末持股数": "0",
      "间接持股数": "",
      "从公司获得年度报酬总额": "280000",
      "补贴津贴": "280000",
      "变动原因说明": "",
      "是否在股东或关联单位领取报酬津贴": "否",
      "在任与否": "是"
    },
    {
      "领导人姓名": "张玉利",
      "职位描述": "独立董事",
      "期初持股数": "0",
      "期末持股数": "0",
      "间接持股数": "",
      "从公司获得年度报酬总额": "280000",
      "补贴津贴": "280000",
      "变动原因说明": "",
      "是否在股东或关联单位领取报酬津贴": "否",
      "在任与否": "是"
    },
    {
      "领导人姓名": "曹衍龙",
      "职位描述": "独立董事",
      "期初持股数": "0",
      "期末持股数": "0",
      "间接持股数": "",
      "从公司获得年度报酬总额": "280000",
      "补贴津贴": "280000",
      "变动原因说明": "",
      "是否在股东或关联单位领取报酬津贴": "否",
      "在任与否": "是"
    },
    {
      "领导人姓名": "刘明",
      "职位描述": "高级副总裁",
      "期初持股数": "805500",
      "期末持股数": "614700",
      "间接持股数": "",
      "从公司获得年度报酬总额": "2646500",
      "补贴津贴": "",
      "变动原因说明": "参与公司股权激励计划，持有的部分股票被回购注销",
      "是否在股东或关联单位领取报酬津贴": "否",
      "在任与否": "是"
    },
    {
      "领导人姓名": "李智杰",
      "职位描述": "高级副总裁",
      "期初持股数": "940600",
      "期末持股数": "749800",
      "间接持股数": "",
      "从公司获得年度报酬总额": "2399100",
      "补贴津贴": "",
      "变动原因说明": "参与公司股权激励计划，持有的部分股票被回购注销",
      "是否在股东或关联单位领取报酬津贴": "否",
      "在任与否": "是"
    },
    {
      "领导人姓名": "宋轲",
      "职位描述": "高级副总裁",
      "期初持股数": "327600",
      "期末持股数": "163800",
      "间接持股数": "",
      "从公司获得年度报酬总额": "2331100",
      "补贴津贴": "",
      "变动原因说明": "参与公司股权激励计划，持有的部分股票被回购注销",
      "是否在股东或关联单位领取报酬津贴": "否",
      "在任与否": "是"
    },
    {
      "领导人姓名": "吴坚",
      "职位描述": "董事会秘书、高级副总裁",
      "期初持股数": "1624935",
      "期末持股数": "1434135",
      "间接持股数": "",
      "从公司获得年度报酬总额": "2366400",
      "补贴津贴": "",
      "变动原因说明": "参与公司股权激励计划，持有的部分股票被回购注销",
      "是否在股东或关联单位领取报酬津贴": "否",
      "在任与否": "是"
    },
    {
      "领导人姓名": "徐巧芬",
      "职位描述": "高级副总裁、财务总监",
      "期初持股数": "828600",
      "期末持股数": "664800",
      "间接持股数": "",
      "从公司获得年度报酬总额": "2331100",
      "补贴津贴": "",
      "变动原因说明": "参与公司股权激励计划，持有的部分股票被回购注销",
      "是否在股东或关联单位领取报酬津贴": "否",
      "在任与否": "是"
    },
    {
      "领导人姓名": "许志成",
      "职位描述": "高级副总裁",
      "期初持股数": "882600",
      "期末持股数": "691800",
      "间接持股数": "",
      "从公司获得年度报酬总额": "2506000",
      "补贴津贴": "",
      "变动原因说明": "参与公司股权激励计划，持有的部分股票被回购注销",
      "是否在股东或关联单位领取报酬津贴": "否",
      "在任与否": "是"
    },
    {
      "领导人姓名": "朱建堂",
      "职位描述": "高级副总裁",
      "期初持股数": "1075825",
      "期末持股数": "885025",
      "间接持股数": "",
      "从公司获得年度报酬总额": "2603200",
      "补贴津贴": "",
      "变动原因说明": "参与公司股权激励计划，持有的部分股票被回购注销",
      "是否在股东或关联单位领取报酬津贴": "否",
      "在任与否": "是"
    },
    {
      "领导人姓名": "陈强",
      "职位描述": "高级副总裁",
      "期初持股数": "53040",
      "期末持股数": "26520",
      "间接持股数": "",
      "从公司获得年度报酬总额": "3476900",
      "补贴津贴": "",
      "变动原因说明": "参与公司股权激励计划，持有的部分股票被回购注销",
      "是否在股东或关联单位领取报酬津贴": "否",
      "在任与否": "是"
    }
  ]
}

=== 002262-2026-04-18-恩华药业-2025年年度报告.pdf ===
{
  "Leader_Salary_data": {
    "实际所得报酬总额起始": "",
    "实际所得报酬总额截止": "",
    "实际所得报酬总额涉及人数": ""
  },
  "Leader_Hold_data": [
    {
      "领导人姓名": "孙彭生",
      "职位描述": "董事长",
      "期初持股数": "49500638",
      "期末持股数": "49738538",
      "间接持股数": "",
      "从公司获得年度报酬总额": "250000",
      "补贴津贴": "",
      "变动原因说明": "以集中竞价交易方式增持公司股票",
      "是否在股东或关联单位领取报酬津贴": "否",
      "在任与否": "是"
    },
    {
      "领导人姓名": "孙家权",
      "职位描述": "董事、总经理",
      "期初持股数": "787542",
      "期末持股数": "785250",
      "间接持股数": "",
      "从公司获得年度报酬总额": "4800000",
      "补贴津贴": "",
      "变动原因说明": "回购注销部分授予的未能解锁的限制性股票",
      "是否在股东或关联单位领取报酬津贴": "否",
      "在任与否": "是"
    },
    {
      "领导人姓名": "付卿",
      "职位描述": "董事、副总经理",
      "期初持股数": "39928587",
      "期末持股数": "39928587",
      "间接持股数": "",
      "从公司获得年度报酬总额": "200000",
      "补贴津贴": "",
      "变动原因说明": "",
      "是否在股东或关联单位领取报酬津贴": "否",
      "在任与否": "是"
    },
    {
      "领导人姓名": "陈增良",
      "职位描述": "董事、副总经理",
      "期初持股数": "39928590",
      "期末持股数": "39928590",
      "间接持股数": "",
      "从公司获得年度报酬总额": "200000",
      "补贴津贴": "",
      "变动原因说明": "",
      "是否在股东或关联单位领取报酬津贴": "否",
      "在任与否": "是"
    },
    {
      "领导人姓名": "杨自亮",
      "职位描述": "董事、副总经理",
      "期初持股数": "37532435",
      "期末持股数": "37532435",
      "间接持股数": "",
      "从公司获得年度报酬总额": "200000",
      "补贴津贴": "",
      "变动原因说明": "",
      "是否在股东或关联单位领取报酬津贴": "否",
      "在任与否": "是"
    },
    {
      "领导人姓名": "印晓星",
      "职位描述": "独立董事",
      "期初持股数": "0",
      "期末持股数": "0",
      "间接持股数": "",
      "从公司获得年度报酬总额": "0",
      "补贴津贴": "",
      "变动原因说明": "",
      "是否在股东或关联单位领取报酬津贴": "否",
      "在任与否": "是"
    },
    {
      "领导人姓名": "李玉兰",
      "职位描述": "独立董事",
      "期初持股数": "0",
      "期末持股数": "0",
      "间接持股数": "",
      "从公司获得年度报酬总额": "50000",
      "补贴津贴": "",
      "变动原因说明": "",
      "是否在股东或关联单位领取报酬津贴": "否",
      "在任与否": "是"
    },
    {
      "领导人姓名": "陈国祥",
      "职位描述": "独立董事",
      "期初持股数": "0",
      "期末持股数": "0",
      "间接持股数": "",
      "从公司获得年度报酬总额": "50000",
      "补贴津贴": "",
      "变动原因说明": "",
      "是否在股东或关联单位领取报酬津贴": "否",
      "在任与否": "是"
    },
    {
      "领导人姓名": "孔徐生",
      "职位描述": "独立董事",
      "期初持股数": "0",
      "期末持股数": "0",
      "间接持股数": "",
      "从公司获得年度报酬总额": "4200",
      "补贴津贴": "",
      "变动原因说明": "",
      "是否在股东或关联单位领取报酬津贴": "否",
      "在任与否": "是"
    },
    {
      "领导人姓名": "贾兴雷",
      "职位描述": "董事",
      "期初持股数": "0",
      "期末持股数": "0",
      "间接持股数": "",
      "从公司获得年度报酬总额": "383700",
      "补贴津贴": "",
      "变动原因说明": "",
      "是否在股东或关联单位领取报酬津贴": "否",
      "在任与否": "是"
    },
    {
      "领导人姓名": "段保州",
      "职位描述": "副总经理、董事会秘书",
      "期初持股数": "97000",
      "期末持股数": "97000",
      "间接持股数": "",
      "从公司获得年度报酬总额": "413700",
      "补贴津贴": "",
      "变动原因说明": "",
      "是否在股东或关联单位领取报酬津贴": "否",
      "在任与否": "是"
    },
    {
      "领导人姓名": "李岗生",
      "职位描述": "财务总监",
      "期初持股数": "43200",
      "期末持股数": "43200",
      "间接持股数": "",
      "从公司获得年度报酬总额": "633600",
      "补贴津贴": "",
      "变动原因说明": "",
      "是否在股东或关联单位领取报酬津贴": "否",
      "在任与否": "是"
    }
  ]
}

=== 002413-2026-04-18-雷科防务-2025年年度报告.pdf ===
{
  "Leader_Salary_data": {
    "实际所得报酬总额起始": "",
    "实际所得报酬总额截止": "",
    "实际所得报酬总额涉及人数": ""
  },
  "Leader_Hold_data": [
    {
      "领导人姓名": "高立宁",
      "职位描述": "董事、董事长、董事会秘书",
      "期初持股数": "8909499",
      "期末持股数": "8909499",
      "间接持股数": "",
      "从公司获得年度报酬总额": "1100000",
      "补贴津贴": "",
      "变动原因说明": "",
      "是否在股东或关联单位领取报酬津贴": "否",
      "在任与否": "是"
    },
    {
      "领导人姓名": "刘峰",
      "职位描述": "董事、总经理",
      "期初持股数": "22788407",
      "期末持股数": "22788407",
      "间接持股数": "",
      "从公司获得年度报酬总额": "1000000",
      "补贴津贴": "",
      "变动原因说明": "",
      "是否在股东或关联单位领取报酬津贴": "否",
      "在任与否": "是"
    },
    {
      "领导人姓名": "和培仁",
      "职位描述": "董事",
      "期初持股数": "2000",
      "期末持股数": "2000",
      "间接持股数": "",
      "从公司获得年度报酬总额": "120000",
      "补贴津贴": "",
      "变动原因说明": "",
      "是否在股东或关联单位领取报酬津贴": "否",
      "在任与否": "是"
    },
    {
      "领导人姓名": "王少奇",
      "职位描述": "董事",
      "期初持股数": "",
      "期末持股数": "",
      "间接持股数": "",
      "从公司获得年度报酬总额": "530000",
      "补贴津贴": "",
      "变动原因说明": "",
      "是否在股东或关联单位领取报酬津贴": "否",
      "在任与否": "是"
    },
    {
      "领导人姓名": "刘迎喜",
      "职位描述": "董事",
      "期初持股数": "132399",
      "期末持股数": "132399",
      "间接持股数": "",
      "从公司获得年度报酬总额": "600000",
      "补贴津贴": "",
      "变动原因说明": "",
      "是否在股东或关联单位领取报酬津贴": "否",
      "在任与否": "是"
    },
    {
      "领导人姓名": "王长杰",
      "职位描述": "职工代表董事",
      "期初持股数": "",
      "期末持股数": "",
      "间接持股数": "",
      "从公司获得年度报酬总额": "850000",
      "补贴津贴": "",
      "变动原因说明": "",
      "是否在股东或关联单位领取报酬津贴": "否",
      "在任与否": "是"
    },
    {
      "领导人姓名": "关峻",
      "职位描述": "独立董事",
      "期初持股数": "",
      "期末持股数": "",
      "间接持股数": "",
      "从公司获得年度报酬总额": "120000",
      "补贴津贴": "",
      "变动原因说明": "",
      "是否在股东或关联单位领取报酬津贴": "否",
      "在任与否": "是"
    },
    {
      "领导人姓名": "赵保卿",
      "职位描述": "独立董事",
      "期初持股数": "",
      "期末持股数": "",
      "间接持股数": "",
      "从公司获得年度报酬总额": "120000",
      "补贴津贴": "",
      "变动原因说明": "",
      "是否在股东或关联单位领取报酬津贴": "否",
      "在任与否": "是"
    },
    {
      "领导人姓名": "谢卉",
      "职位描述": "独立董事",
      "期初持股数": "",
      "期末持股数": "",
      "间接持股数": "",
      "从公司获得年度报酬总额": "120000",
      "补贴津贴": "",
      "变动原因说明": "",
      "是否在股东或关联单位领取报酬津贴": "否",
      "在任与否": "是"
    },
    {
      "领导人姓名": "宋鑫",
      "职位描述": "财务总监",
      "期初持股数": "48000",
      "期末持股数": "48000",
      "间接持股数": "",
      "从公司获得年度报酬总额": "500000",
      "补贴津贴": "",
      "变动原因说明": "",
      "是否在股东或关联单位领取报酬津贴": "否",
      "在任与否": "是"
    }
  ]
}

=== 002122-2026-04-20-ST汇洲-2025年年度报告.pdf ===
{
  "Leader_Salary_data": {
    "实际所得报酬总额起始": "",
    "实际所得报酬总额截止": "",
    "实际所得报酬总额涉及人数": ""
  },
  "Leader_Hold_data": [
    {
      "领导人姓名": "武剑飞",
      "职位描述": "董事长、总经理",
      "期初持股数": "8784600",
      "期末持股数": "9203700",
      "间接持股数": "",
      "从公司获得年度报酬总额": "1486400",
      "补贴津贴": "",
      "变动原因说明": "实施股份增持计划",
      "是否在股东或关联单位领取报酬津贴": "否",
      "在任与否": "是"
    },
    {
      "领导人姓名": "刘京平",
      "职位描述": "董事",
      "期初持股数": "0",
      "期末持股数": "0",
      "间接持股数": "",
      "从公司获得年度报酬总额": "",
      "补贴津贴": "",
      "变动原因说明": "",
      "是否在股东或关联单位领取报酬津贴": "",
      "在任与否": "是"
    },
    {
      "领导人姓名": "孙斌",
      "职位描述": "董事",
      "期初持股数": "0",
      "期末持股数": "74000",
      "间接持股数": "",
      "从公司获得年度报酬总额": "378000",
      "补贴津贴": "",
      "变动原因说明": "实施股份增持计划",
      "是否在股东或关联单位领取报酬津贴": "否",
      "在任与否": "是"
    },
    {
      "领导人姓名": "苏丽",
      "职位描述": "董事",
      "期初持股数": "0",
      "期末持股数": "73700",
      "间接持股数": "",
      "从公司获得年度报酬总额": "1131700",
      "补贴津贴": "",
      "变动原因说明": "实施股份增持计划",
      "是否在股东或关联单位领取报酬津贴": "否",
      "在任与否": "是"
    },
    {
      "领导人姓名": "陈灿梅",
      "职位描述": "职工董事",
      "期初持股数": "0",
      "期末持股数": "0",
      "间接持股数": "",
      "从公司获得年度报酬总额": "",
      "补贴津贴": "",
      "变动原因说明": "",
      "是否在股东或关联单位领取报酬津贴": "",
      "在任与否": "是"
    },
    {
      "领导人姓名": "夏朝恒",
      "职位描述": "独立董事",
      "期初持股数": "0",
      "期末持股数": "0",
      "间接持股数": "",
      "从公司获得年度报酬总额": "120000",
      "补贴津贴": "",
      "变动原因说明": "",
      "是否在股东或关联单位领取报酬津贴": "否",
      "在任与否": "是"
    },
    {
      "领导人姓名": "刘天保",
      "职位描述": "独立董事",
      "期初持股数": "0",
      "期末持股数": "0",
      "间接持股数": "",
      "从公司获得年度报酬总额": "120000",
      "补贴津贴": "",
      "变动原因说明": "",
      "是否在股东或关联单位领取报酬津贴": "否",
      "在任与否": "是"
    },
    {
      "领导人姓名": "胡传雨",
      "职位描述": "独立董事",
      "期初持股数": "0",
      "期末持股数": "0",
      "间接持股数": "",
      "从公司获得年度报酬总额": "120000",
      "补贴津贴": "",
      "变动原因说明": "",
      "是否在股东或关联单位领取报酬津贴": "否",
      "在任与否": "是"
    },
    {
      "领导人姓名": "侯雪峰",
      "职位描述": "副总经理",
      "期初持股数": "999000",
      "期末持股数": "1084000",
      "间接持股数": "",
      "从公司获得年度报酬总额": "813000",
      "补贴津贴": "",
      "变动原因说明": "实施股份增持计划",
      "是否在股东或关联单位领取报酬津贴": "否",
      "在任与否": "是"
    },
    {
      "领导人姓名": "孙伟",
      "职位描述": "副总经理",
      "期初持股数": "876800",
      "期末持股数": "953800",
      "间接持股数": "",
      "从公司获得年度报酬总额": "733300",
      "补贴津贴": "",
      "变动原因说明": "实施股份增持计划",
      "是否在股东或关联单位领取报酬津贴": "否",
      "在任与否": "是"
    },
    {
      "领导人姓名": "王俊峰",
      "职位描述": "副总经理",
      "期初持股数": "1066800",
      "期末持股数": "1146800",
      "间接持股数": "",
      "从公司获得年度报酬总额": "1506900",
      "补贴津贴": "",
      "变动原因说明": "实施股份增持计划",
      "是否在股东或关联单位领取报酬津贴": "否",
      "在任与否": "是"
    },
    {
      "领导人姓名": "陈莹莹",
      "职位描述": "财务总监",
      "期初持股数": "1373150",
      "期末持股数": "1456950",
      "间接持股数": "",
      "从公司获得年度报酬总额": "742500",
      "补贴津贴": "",
      "变动原因说明": "实施股份增持计划",
      "是否在股东或关联单位领取报酬津贴": "否",
      "在任与否": "是"
    },
    {
      "领导人姓名": "张丽",
      "职位描述": "董事会秘书",
      "期初持股数": "0",
      "期末持股数": "0",
      "间接持股数": "",
      "从公司获得年度报酬总额": "",
      "补贴津贴": "",
      "变动原因说明": "",
      "是否在股东或关联单位领取报酬津贴": "否",
      "在任与否": "是"
    },
    {
      "领导人姓名": "陈友德",
      "职位描述": "董事",
      "期初持股数": "0",
      "期末持股数": "0",
      "间接持股数": "",
      "从公司获得年度报酬总额": "0",
      "补贴津贴": "",
      "变动原因说明": "",
      "是否在股东或关联单位领取报酬津贴": "是",
      "在任与否": "否"
    },
    {
      "领导人姓名": "吴昌霞",
      "职位描述": "董事、副董事长",
      "期初持股数": "1200000",
      "期末持股数": "1277600",
      "间接持股数": "",
      "从公司获得年度报酬总额": "603600",
      "补贴津贴": "",
      "变动原因说明": "实施股份增持计划",
      "是否在股东或关联单位领取报酬津贴": "否",
      "在任与否": "否"
    },
    {
      "领导人姓名": "姜学谦",
      "职位描述": "董事、副总经理",
      "期初持股数": "1998000",
      "期末持股数": "2076000",
      "间接持股数": "",
      "从公司获得年度报酬总额": "733000",
      "补贴津贴": "",
      "变动原因说明": "实施股份增持计划",
      "是否在股东或关联单位领取报酬津贴": "否",
      "在任与否": "否"
    },
    {
      "领导人姓名": "武宁",
      "职位描述": "董事会秘书",
      "期初持股数": "498600",
      "期末持股数": "577600",
      "间接持股数": "",
      "从公司获得年度报酬总额": "540900",
      "补贴津贴": "",
      "变动原因说明": "实施股份增持计划",
      "是否在股东或关联单位领取报酬津贴": "否",
      "在任与否": "否"
    },
    {
      "领导人姓名": "李光",
      "职位描述": "监事",
      "期初持股数": "0",
      "期末持股数": "0",
      "间接持股数": "",
      "从公司获得年度报酬总额": "392000",
      "补贴津贴": "",
      "变动原因说明": "",
      "是否在股东或关联单位领取报酬津贴": "否",
      "在任与否": "否"
    },
    {
      "领导人姓名": "张勇",
      "职位描述": "监事",
      "期初持股数": "0",
      "期末持股数": "0",
      "间接持股数": "",
      "从公司获得年度报酬总额": "0",
      "补贴津贴": "",
      "变动原因说明": "",
      "是否在股东或关联单位领取报酬津贴": "否",
      "在任与否": "否"
    },
    {
      "领导人姓名": "王琳",
      "职位描述": "监事",
      "期初持股数": "0",
      "期末持股数": "0",
      "间接持股数": "",
      "从公司获得年度报酬总额": "382000",
      "补贴津贴": "",
      "变动原因说明": "",
      "是否在股东或关联单位领取报酬津贴": "否",
      "在任与否": "否"
    }
  ]
}

=== 002248-2026-04-18-华东数控-2025年年度报告.pdf ===
{
  "Leader_Salary_data": {
    "实际所得报酬总额起始": "",
    "实际所得报酬总额截止": "",
    "实际所得报酬总额涉及人数": ""
  },
  "Leader_Hold_data": [
    {
      "领导人姓名": "连小明",
      "职位描述": "董事长、董事",
      "期初持股数": "0",
      "期末持股数": "0",
      "间接持股数": "",
      "从公司获得年度报酬总额": "",
      "补贴津贴": "",
      "变动原因说明": "",
      "是否在股东或关联单位领取报酬津贴": "",
      "在任与否": "是"
    },
    {
      "领导人姓名": "汤正鹏",
      "职位描述": "副董事长、董事",
      "期初持股数": "0",
      "期末持股数": "0",
      "间接持股数": "",
      "从公司获得年度报酬总额": "",
      "补贴津贴": "",
      "变动原因说明": "",
      "是否在股东或关联单位领取报酬津贴": "",
      "在任与否": "是"
    },
    {
      "领导人姓名": "丛日楠",
      "职位描述": "董事",
      "期初持股数": "0",
      "期末持股数": "0",
      "间接持股数": "",
      "从公司获得年度报酬总额": "",
      "补贴津贴": "",
      "变动原因说明": "",
      "是否在股东或关联单位领取报酬津贴": "",
      "在任与否": "是"
    },
    {
      "领导人姓名": "赵春旭",
      "职位描述": "董事",
      "期初持股数": "0",
      "期末持股数": "0",
      "间接持股数": "",
      "从公司获得年度报酬总额": "",
      "补贴津贴": "",
      "变动原因说明": "",
      "是否在股东或关联单位领取报酬津贴": "",
      "在任与否": "是"
    },
    {
      "领导人姓名": "王海波",
      "职位描述": "董事、总经理",
      "期初持股数": "0",
      "期末持股数": "0",
      "间接持股数": "",
      "从公司获得年度报酬总额": "1206500",
      "补贴津贴": "",
      "变动原因说明": "",
      "是否在股东或关联单位领取报酬津贴": "否",
      "在任与否": "是"
    },
    {
      "领导人姓名": "乔永强",
      "职位描述": "职工代表董事",
      "期初持股数": "",
      "期末持股数": "",
      "间接持股数": "",
      "从公司获得年度报酬总额": "201900",
      "补贴津贴": "",
      "变动原因说明": "",
      "是否在股东或关联单位领取报酬津贴": "否",
      "在任与否": "是"
    },
    {
      "领导人姓名": "石贵泉",
      "职位描述": "独立董事",
      "期初持股数": "0",
      "期末持股数": "0",
      "间接持股数": "",
      "从公司获得年度报酬总额": "70000",
      "补贴津贴": "70000",
      "变动原因说明": "",
      "是否在股东或关联单位领取报酬津贴": "否",
      "在任与否": "是"
    },
    {
      "领导人姓名": "李海峰",
      "职位描述": "独立董事",
      "期初持股数": "0",
      "期末持股数": "0",
      "间接持股数": "",
      "从公司获得年度报酬总额": "70000",
      "补贴津贴": "70000",
      "变动原因说明": "",
      "是否在股东或关联单位领取报酬津贴": "否",
      "在任与否": "是"
    },
    {
      "领导人姓名": "包敦安",
      "职位描述": "独立董事",
      "期初持股数": "0",
      "期末持股数": "0",
      "间接持股数": "",
      "从公司获得年度报酬总额": "70000",
      "补贴津贴": "70000",
      "变动原因说明": "",
      "是否在股东或关联单位领取报酬津贴": "否",
      "在任与否": "是"
    },
    {
      "领导人姓名": "肖崔英",
      "职位描述": "财务总监",
      "期初持股数": "0",
      "期末持股数": "0",
      "间接持股数": "",
      "从公司获得年度报酬总额": "650000",
      "补贴津贴": "",
      "变动原因说明": "",
      "是否在股东或关联单位领取报酬津贴": "否",
      "在任与否": "是"
    },
    {
      "领导人姓名": "种亚东",
      "职位描述": "副总经理",
      "期初持股数": "0",
      "期末持股数": "0",
      "间接持股数": "",
      "从公司获得年度报酬总额": "650000",
      "补贴津贴": "",
      "变动原因说明": "",
      "是否在股东或关联单位领取报酬津贴": "否",
      "在任与否": "是"
    },
    {
      "领导人姓名": "刘璐",
      "职位描述": "董事会秘书",
      "期初持股数": "0",
      "期末持股数": "0",
      "间接持股数": "",
      "从公司获得年度报酬总额": "110600",
      "补贴津贴": "",
      "变动原因说明": "",
      "是否在股东或关联单位领取报酬津贴": "否",
      "在任与否": "是"
    },
    {
      "领导人姓名": "雷志刚",
      "职位描述": "董事",
      "期初持股数": "0",
      "期末持股数": "0",
      "间接持股数": "",
      "从公司获得年度报酬总额": "",
      "补贴津贴": "",
      "变动原因说明": "",
      "是否在股东或关联单位领取报酬津贴": "",
      "在任与否": "否"
    },
    {
      "领导人姓名": "宋大鹏",
      "职位描述": "监事会主席",
      "期初持股数": "0",
      "期末持股数": "0",
      "间接持股数": "",
      "从公司获得年度报酬总额": "",
      "补贴津贴": "",
      "变动原因说明": "",
      "是否在股东或关联单位领取报酬津贴": "",
      "在任与否": "否"
    },
    {
      "领导人姓名": "谷美君",
      "职位描述": "监事",
      "期初持股数": "0",
      "期末持股数": "0",
      "间接持股数": "",
      "从公司获得年度报酬总额": "",
      "补贴津贴": "",
      "变动原因说明": "",
      "是否在股东或关联单位领取报酬津贴": "",
      "在任与否": "否"
    },
    {
      "领导人姓名": "于永军",
      "职位描述": "监事",
      "期初持股数": "0",
      "期末持股数": "0",
      "间接持股数": "",
      "从公司获得年度报酬总额": "557200",
      "补贴津贴": "",
      "变动原因说明": "",
      "是否在股东或关联单位领取报酬津贴": "否",
      "在任与否": "否"
    }
  ]
}

=== 002273-2026-04-18-水晶光电-2025年年度报告.pdf ===
{
  "Leader_Salary_data": {
    "实际所得报酬总额起始": "",
    "实际所得报酬总额截止": "",
    "实际所得报酬总额涉及人数": ""
  },
  "Leader_Hold_data": [
    {
      "领导人姓名": "李夏云",
      "职位描述": "董事长",
      "期初持股数": "8956000",
      "期末持股数": "8456000",
      "间接持股数": "",
      "从公司获得年度报酬总额": "3025300",
      "补贴津贴": "",
      "变动原因说明": "个人减持100万股；2025年限制性股票激励计划授予50万股",
      "是否在股东或关联单位领取报酬津贴": "否",
      "在任与否": "是"
    },
    {
      "领导人姓名": "林敏",
      "职位描述": "董事",
      "期初持股数": "25891605",
      "期末持股数": "23391605",
      "间接持股数": "",
      "从公司获得年度报酬总额": "2838900",
      "补贴津贴": "",
      "变动原因说明": "个人减持",
      "是否在股东或关联单位领取报酬津贴": "否",
      "在任与否": "是"
    },
    {
      "领导人姓名": "王震宇",
      "职位描述": "董事、总经理",
      "期初持股数": "197900",
      "期末持股数": "197900",
      "间接持股数": "",
      "从公司获得年度报酬总额": "2492800",
      "补贴津贴": "",
      "变动原因说明": "",
      "是否在股东或关联单位领取报酬津贴": "否",
      "在任与否": "是"
    },
    {
      "领导人姓名": "刘风雷",
      "职位描述": "董事、副总经理",
      "期初持股数": "99800",
      "期末持股数": "99800",
      "间接持股数": "",
      "从公司获得年度报酬总额": "2755200",
      "补贴津贴": "",
      "变动原因说明": "",
      "是否在股东或关联单位领取报酬津贴": "否",
      "在任与否": "是"
    },
    {
      "领导人姓名": "蒋亦标",
      "职位描述": "董事",
      "期初持股数": "3804",
      "期末持股数": "3804",
      "间接持股数": "",
      "从公司获得年度报酬总额": "",
      "补贴津贴": "",
      "变动原因说明": "",
      "是否在股东或关联单位领取报酬津贴": "是",
      "在任与否": "是"
    },
    {
      "领导人姓名": "陈庆中",
      "职位描述": "董事",
      "期初持股数": "0",
      "期末持股数": "0",
      "间接持股数": "",
      "从公司获得年度报酬总额": "",
      "补贴津贴": "",
      "变动原因说明": "",
      "是否在股东或关联单位领取报酬津贴": "是",
      "在任与否": "是"
    },
    {
      "领导人姓名": "叶静",
      "职位描述": "董事",
      "期初持股数": "0",
      "期末持股数": "0",
      "间接持股数": "",
      "从公司获得年度报酬总额": "",
      "补贴津贴": "",
      "变动原因说明": "",
      "是否在股东或关联单位领取报酬津贴": "是",
      "在任与否": "是"
    },
    {
      "领导人姓名": "王建华",
      "职位描述": "职工董事",
      "期初持股数": "0",
      "期末持股数": "5300",
      "间接持股数": "",
      "从公司获得年度报酬总额": "1690100",
      "补贴津贴": "",
      "变动原因说明": "注",
      "是否在股东或关联单位领取报酬津贴": "否",
      "在任与否": "是"
    },
    {
      "领导人姓名": "李宗彦",
      "职位描述": "独立董事",
      "期初持股数": "0",
      "期末持股数": "0",
      "间接持股数": "",
      "从公司获得年度报酬总额": "100000",
      "补贴津贴": "",
      "变动原因说明": "",
      "是否在股东或关联单位领取报酬津贴": "否",
      "在任与否": "是"
    },
    {
      "领导人姓名": "甘为民",
      "职位描述": "独立董事",
      "期初持股数": "0",
      "期末持股数": "0",
      "间接持股数": "",
      "从公司获得年度报酬总额": "100000",
      "补贴津贴": "",
      "变动原因说明": "",
      "是否在股东或关联单位领取报酬津贴": "否",
      "在任与否": "是"
    },
    {
      "领导人姓名": "张宏旺",
      "职位描述": "独立董事",
      "期初持股数": "0",
      "期末持股数": "0",
      "间接持股数": "",
      "从公司获得年度报酬总额": "100000",
      "补贴津贴": "",
      "变动原因说明": "",
      "是否在股东或关联单位领取报酬津贴": "否",
      "在任与否": "是"
    },
    {
      "领导人姓名": "方刚",
      "职位描述": "独立董事",
      "期初持股数": "0",
      "期末持股数": "0",
      "间接持股数": "",
      "从公司获得年度报酬总额": "100000",
      "补贴津贴": "",
      "变动原因说明": "",
      "是否在股东或关联单位领取报酬津贴": "否",
      "在任与否": "是"
    },
    {
      "领导人姓名": "郑萍",
      "职位描述": "副总经理、财务总监",
      "期初持股数": "580050",
      "期末持股数": "580050",
      "间接持股数": "",
      "从公司获得年度报酬总额": "1863600",
      "补贴津贴": "",
      "变动原因说明": "",
      "是否在股东或关联单位领取报酬津贴": "否",
      "在任与否": "是"
    },
    {
      "领导人姓名": "唐健",
      "职位描述": "副总经理",
      "期初持股数": "0",
      "期末持股数": "0",
      "间接持股数": "",
      "从公司获得年度报酬总额": "2333100",
      "补贴津贴": "",
      "变动原因说明": "",
      "是否在股东或关联单位领取报酬津贴": "否",
      "在任与否": "是"
    },
    {
      "领导人姓名": "钱滔",
      "职位描述": "副总经理",
      "期初持股数": "0",
      "期末持股数": "0",
      "间接持股数": "",
      "从公司获得年度报酬总额": "1964000",
      "补贴津贴": "",
      "变动原因说明": "",
      "是否在股东或关联单位领取报酬津贴": "否",
      "在任与否": "是"
    },
    {
      "领导人姓名": "韩莉",
      "职位描述": "副总经理、董事会秘书",
      "期初持股数": "0",
      "期末持股数": "0",
      "间接持股数": "",
      "从公司获得年度报酬总额": "1492000",
      "补贴津贴": "",
      "变动原因说明": "",
      "是否在股东或关联单位领取报酬津贴": "否",
      "在任与否": "是"
    },
    {
      "领导人姓名": "俞志刚",
      "职位描述": "董事",
      "期初持股数": "0",
      "期末持股数": "0",
      "间接持股数": "",
      "从公司获得年度报酬总额": "",
      "补贴津贴": "",
      "变动原因说明": "",
      "是否在股东或关联单位领取报酬津贴": "是",
      "在任与否": "否"
    },
    {
      "领导人姓名": "熊波",
      "职位描述": "副总经理",
      "期初持股数": "353800",
      "期末持股数": "353800",
      "间接持股数": "",
      "从公司获得年度报酬总额": "1158100",
      "补贴津贴": "",
      "变动原因说明": "",
      "是否在股东或关联单位领取报酬津贴": "否",
      "在任与否": "否"
    },
    {
      "领导人姓名": "金利剑",
      "职位描述": "副总经理",
      "期初持股数": "160000",
      "期末持股数": "160000",
      "间接持股数": "",
      "从公司获得年度报酬总额": "1208300",
      "补贴津贴": "",
      "变动原因说明": "",
      "是否在股东或关联单位领取报酬津贴": "否",
      "在任与否": "否"
    },
    {
      "领导人姓名": "王保新",
      "职位描述": "副总经理",
      "期初持股数": "984198",
      "期末持股数": "738198",
      "间接持股数": "",
      "从公司获得年度报酬总额": "1115300",
      "补贴津贴": "",
      "变动原因说明": "个人减持",
      "是否在股东或关联单位领取报酬津贴": "否",
      "在任与否": "否"
    }
  ]
}

=== 002268-2026-04-18-电科网安-2025年年度报告.pdf ===
{
  "Leader_Salary_data": {
    "实际所得报酬总额起始": "",
    "实际所得报酬总额截止": "",
    "实际所得报酬总额涉及人数": ""
  },
  "Leader_Hold_data": [
    {
      "领导人姓名": "陈鑫",
      "职位描述": "董事、董事长",
      "期初持股数": "0",
      "期末持股数": "0",
      "间接持股数": "",
      "从公司获得年度报酬总额": "0",
      "补贴津贴": "",
      "变动原因说明": "",
      "是否在股东或关联单位领取报酬津贴": "是",
      "在任与否": "是"
    },
    {
      "领导人姓名": "魏敏",
      "职位描述": "董事、副董事长",
      "期初持股数": "0",
      "期末持股数": "0",
      "间接持股数": "",
      "从公司获得年度报酬总额": "0",
      "补贴津贴": "",
      "变动原因说明": "",
      "是否在股东或关联单位领取报酬津贴": "是",
      "在任与否": "是"
    },
    {
      "领导人姓名": "汪再军",
      "职位描述": "董事",
      "期初持股数": "0",
      "期末持股数": "0",
      "间接持股数": "",
      "从公司获得年度报酬总额": "0",
      "补贴津贴": "",
      "变动原因说明": "",
      "是否在股东或关联单位领取报酬津贴": "是",
      "在任与否": "是"
    },
    {
      "领导人姓名": "王运兵",
      "职位描述": "董事",
      "期初持股数": "0",
      "期末持股数": "0",
      "间接持股数": "",
      "从公司获得年度报酬总额": "0",
      "补贴津贴": "",
      "变动原因说明": "",
      "是否在股东或关联单位领取报酬津贴": "是",
      "在任与否": "是"
    },
    {
      "领导人姓名": "陈澜",
      "职位描述": "职工董事",
      "期初持股数": "58700",
      "期末持股数": "57900",
      "间接持股数": "",
      "从公司获得年度报酬总额": "103800",
      "补贴津贴": "",
      "变动原因说明": "未担任董事期间二级市场卖出",
      "是否在股东或关联单位领取报酬津贴": "否",
      "在任与否": "是"
    },
    {
      "领导人姓名": "黄卫平",
      "职位描述": "独立董事",
      "期初持股数": "0",
      "期末持股数": "0",
      "间接持股数": "",
      "从公司获得年度报酬总额": "100000",
      "补贴津贴": "100000",
      "变动原因说明": "",
      "是否在股东或关联单位领取报酬津贴": "否",
      "在任与否": "是"
    },
    {
      "领导人姓名": "唐光兴",
      "职位描述": "独立董事",
      "期初持股数": "0",
      "期末持股数": "0",
      "间接持股数": "",
      "从公司获得年度报酬总额": "100000",
      "补贴津贴": "100000",
      "变动原因说明": "",
      "是否在股东或关联单位领取报酬津贴": "否",
      "在任与否": "是"
    },
    {
      "领导人姓名": "刘志惠",
      "职位描述": "财务总监、副总经理、董事会秘书",
      "期初持股数": "80000",
      "期末持股数": "80000",
      "间接持股数": "",
      "从公司获得年度报酬总额": "613100",
      "补贴津贴": "",
      "变动原因说明": "",
      "是否在股东或关联单位领取报酬津贴": "否",
      "在任与否": "是"
    },
    {
      "领导人姓名": "魏兰",
      "职位描述": "副总经理",
      "期初持股数": "0",
      "期末持股数": "0",
      "间接持股数": "",
      "从公司获得年度报酬总额": "569500",
      "补贴津贴": "",
      "变动原因说明": "",
      "是否在股东或关联单位领取报酬津贴": "否",
      "在任与否": "是"
    },
    {
      "领导人姓名": "张剑",
      "职位描述": "副总经理",
      "期初持股数": "30000",
      "期末持股数": "30000",
      "间接持股数": "",
      "从公司获得年度报酬总额": "563100",
      "补贴津贴": "",
      "变动原因说明": "",
      "是否在股东或关联单位领取报酬津贴": "否",
      "在任与否": "是"
    },
    {
      "领导人姓名": "王培春",
      "职位描述": "副总经理",
      "期初持股数": "80000",
      "期末持股数": "80000",
      "间接持股数": "",
      "从公司获得年度报酬总额": "613100",
      "补贴津贴": "",
      "变动原因说明": "",
      "是否在股东或关联单位领取报酬津贴": "否",
      "在任与否": "是"
    },
    {
      "领导人姓名": "魏洪宽",
      "职位描述": "董事、副总经理",
      "期初持股数": "80000",
      "期末持股数": "80000",
      "间接持股数": "",
      "从公司获得年度报酬总额": "760200",
      "补贴津贴": "",
      "变动原因说明": "",
      "是否在股东或关联单位领取报酬津贴": "否",
      "在任与否": "否"
    },
    {
      "领导人姓名": "冯渊",
      "职位描述": "独立董事",
      "期初持股数": "0",
      "期末持股数": "0",
      "间接持股数": "",
      "从公司获得年度报酬总额": "100000",
      "补贴津贴": "100000",
      "变动原因说明": "",
      "是否在股东或关联单位领取报酬津贴": "否",
      "在任与否": "否"
    },
    {
      "领导人姓名": "吴向阳",
      "职位描述": "副总经理",
      "期初持股数": "100900",
      "期末持股数": "100900",
      "间接持股数": "",
      "从公司获得年度报酬总额": "523100",
      "补贴津贴": "",
      "变动原因说明": "",
      "是否在股东或关联单位领取报酬津贴": "否",
      "在任与否": "否"
    },
    {
      "领导人姓名": "周俊",
      "职位描述": "副总经理、董事",
      "期初持股数": "80000",
      "期末持股数": "80000",
      "间接持股数": "",
      "从公司获得年度报酬总额": "558800",
      "补贴津贴": "",
      "变动原因说明": "",
      "是否在股东或关联单位领取报酬津贴": "否",
      "在任与否": "否"
    }
  ]
}

=== 002356-2026-04-20-赫美集团-2025年年度报告.pdf ===
{
  "Leader_Salary_data": {
    "实际所得报酬总额起始": "",
    "实际所得报酬总额截止": "",
    "实际所得报酬总额涉及人数": ""
  },
  "Leader_Hold_data": [
    {
      "领导人姓名": "郑梓微",
      "职位描述": "董事长",
      "期初持股数": "0",
      "期末持股数": "0",
      "间接持股数": "",
      "从公司获得年度报酬总额": "869000",
      "补贴津贴": "",
      "变动原因说明": "",
      "是否在股东或关联单位领取报酬津贴": "否",
      "在任与否": "是"
    },
    {
      "领导人姓名": "郑梓豪",
      "职位描述": "副董事长",
      "期初持股数": "0",
      "期末持股数": "0",
      "间接持股数": "",
      "从公司获得年度报酬总额": "0",
      "补贴津贴": "",
      "变动原因说明": "",
      "是否在股东或关联单位领取报酬津贴": "是",
      "在任与否": "是"
    },
    {
      "领导人姓名": "许明",
      "职位描述": "董事、总经理",
      "期初持股数": "0",
      "期末持股数": "0",
      "间接持股数": "",
      "从公司获得年度报酬总额": "1013400",
      "补贴津贴": "",
      "变动原因说明": "",
      "是否在股东或关联单位领取报酬津贴": "否",
      "在任与否": "是"
    },
    {
      "领导人姓名": "马小龙",
      "职位描述": "董事",
      "期初持股数": "0",
      "期末持股数": "0",
      "间接持股数": "",
      "从公司获得年度报酬总额": "0",
      "补贴津贴": "",
      "变动原因说明": "",
      "是否在股东或关联单位领取报酬津贴": "是",
      "在任与否": "是"
    },
    {
      "领导人姓名": "郝斌",
      "职位描述": "董事",
      "期初持股数": "0",
      "期末持股数": "0",
      "间接持股数": "",
      "从公司获得年度报酬总额": "0",
      "补贴津贴": "",
      "变动原因说明": "",
      "是否在股东或关联单位领取报酬津贴": "是",
      "在任与否": "是"
    },
    {
      "领导人姓名": "姚如玫",
      "职位描述": "职工董事",
      "期初持股数": "0",
      "期末持股数": "0",
      "间接持股数": "",
      "从公司获得年度报酬总额": "0",
      "补贴津贴": "",
      "变动原因说明": "",
      "是否在股东或关联单位领取报酬津贴": "否",
      "在任与否": "是"
    },
    {
      "领导人姓名": "赵亦希",
      "职位描述": "独立董事",
      "期初持股数": "0",
      "期末持股数": "0",
      "间接持股数": "",
      "从公司获得年度报酬总额": "100000",
      "补贴津贴": "100000",
      "变动原因说明": "",
      "是否在股东或关联单位领取报酬津贴": "否",
      "在任与否": "是"
    },
    {
      "领导人姓名": "郭淑娟",
      "职位描述": "独立董事",
      "期初持股数": "0",
      "期末持股数": "0",
      "间接持股数": "",
      "从公司获得年度报酬总额": "0",
      "补贴津贴": "100000",
      "变动原因说明": "",
      "是否在股东或关联单位领取报酬津贴": "否",
      "在任与否": "是"
    },
    {
      "领导人姓名": "李国敏",
      "职位描述": "独立董事",
      "期初持股数": "0",
      "期末持股数": "0",
      "间接持股数": "",
      "从公司获得年度报酬总额": "0",
      "补贴津贴": "100000",
      "变动原因说明": "",
      "是否在股东或关联单位领取报酬津贴": "否",
      "在任与否": "是"
    },
    {
      "领导人姓名": "于阳",
      "职位描述": "副总经理",
      "期初持股数": "0",
      "期末持股数": "0",
      "间接持股数": "",
      "从公司获得年度报酬总额": "1005800",
      "补贴津贴": "",
      "变动原因说明": "",
      "是否在股东或关联单位领取报酬津贴": "否",
      "在任与否": "是"
    },
    {
      "领导人姓名": "田希",
      "职位描述": "副总经理、董事会秘书",
      "期初持股数": "0",
      "期末持股数": "0",
      "间接持股数": "",
      "从公司获得年度报酬总额": "873800",
      "补贴津贴": "",
      "变动原因说明": "",
      "是否在股东或关联单位领取报酬津贴": "否",
      "在任与否": "是"
    },
    {
      "领导人姓名": "宋晓飞",
      "职位描述": "财务总监",
      "期初持股数": "0",
      "期末持股数": "0",
      "间接持股数": "",
      "从公司获得年度报酬总额": "1436800",
      "补贴津贴": "",
      "变动原因说明": "",
      "是否在股东或关联单位领取报酬津贴": "否",
      "在任与否": "是"
    },
    {
      "领导人姓名": "范卓",
      "职位描述": "董事",
      "期初持股数": "0",
      "期末持股数": "0",
      "间接持股数": "",
      "从公司获得年度报酬总额": "879200",
      "补贴津贴": "",
      "变动原因说明": "",
      "是否在股东或关联单位领取报酬津贴": "否",
      "在任与否": "否"
    },
    {
      "领导人姓名": "李海刚",
      "职位描述": "董事",
      "期初持股数": "0",
      "期末持股数": "0",
      "间接持股数": "",
      "从公司获得年度报酬总额": "0",
      "补贴津贴": "",
      "变动原因说明": "",
      "是否在股东或关联单位领取报酬津贴": "是",
      "在任与否": "否"
    },
    {
      "领导人姓名": "李玉敏",
      "职位描述": "独立董事",
      "期初持股数": "0",
      "期末持股数": "0",
      "间接持股数": "",
      "从公司获得年度报酬总额": "100000",
      "补贴津贴": "100000",
      "变动原因说明": "",
      "是否在股东或关联单位领取报酬津贴": "否",
      "在任与否": "否"
    },
    {
      "领导人姓名": "周亮亮",
      "职位描述": "独立董事",
      "期初持股数": "0",
      "期末持股数": "0",
      "间接持股数": "",
      "从公司获得年度报酬总额": "100000",
      "补贴津贴": "100000",
      "变动原因说明": "",
      "是否在股东或关联单位领取报酬津贴": "否",
      "在任与否": "否"
    }
  ]
}

=== 002373-2026-04-18-千方科技-2025年年度报告.pdf ===
{
  "Leader_Salary_data": {
    "实际所得报酬总额起始": "10927500",
    "实际所得报酬总额截止": "10927500",
    "实际所得报酬总额涉及人数": ""
  },
  "Leader_Hold_data": [
    {
      "领导人姓名": "夏曙东",
      "职位描述": "董事长、总经理",
      "期初持股数": "239692806",
      "期末持股数": "239692806",
      "间接持股数": "",
      "从公司获得年度报酬总额": "1965600",
      "补贴津贴": "",
      "变动原因说明": "",
      "是否在股东或关联单位领取报酬津贴": "否",
      "在任与否": "是"
    },
    {
      "领导人姓名": "尹建平",
      "职位描述": "董事",
      "期初持股数": "0",
      "期末持股数": "0",
      "间接持股数": "",
      "从公司获得年度报酬总额": "80000",
      "补贴津贴": "",
      "变动原因说明": "",
      "是否在股东或关联单位领取报酬津贴": "否",
      "在任与否": "是"
    },
    {
      "领导人姓名": "陈铨",
      "职位描述": "董事",
      "期初持股数": "0",
      "期末持股数": "0",
      "间接持股数": "",
      "从公司获得年度报酬总额": "0",
      "补贴津贴": "",
      "变动原因说明": "",
      "是否在股东或关联单位领取报酬津贴": "是",
      "在任与否": "是"
    },
    {
      "领导人姓名": "张鹏国",
      "职位描述": "董事、副总经理",
      "期初持股数": "13884511",
      "期末持股数": "13884511",
      "间接持股数": "",
      "从公司获得年度报酬总额": "3501100",
      "补贴津贴": "",
      "变动原因说明": "",
      "是否在股东或关联单位领取报酬津贴": "否",
      "在任与否": "是"
    },
    {
      "领导人姓名": "夏曙锋",
      "职位描述": "董事",
      "期初持股数": "16333836",
      "期末持股数": "16333836",
      "间接持股数": "",
      "从公司获得年度报酬总额": "463900",
      "补贴津贴": "",
      "变动原因说明": "",
      "是否在股东或关联单位领取报酬津贴": "是",
      "在任与否": "是"
    },
    {
      "领导人姓名": "孙大勇",
      "职位描述": "职工代表董事、监事会主席",
      "期初持股数": "27600",
      "期末持股数": "27600",
      "间接持股数": "",
      "从公司获得年度报酬总额": "596200",
      "补贴津贴": "",
      "变动原因说明": "",
      "是否在股东或关联单位领取报酬津贴": "否",
      "在任与否": "否"
    },
    {
      "领导人姓名": "史薇",
      "职位描述": "独立董事",
      "期初持股数": "0",
      "期末持股数": "0",
      "间接持股数": "",
      "从公司获得年度报酬总额": "80000",
      "补贴津贴": "",
      "变动原因说明": "",
      "是否在股东或关联单位领取报酬津贴": "否",
      "在任与否": "是"
    },
    {
      "领导人姓名": "慕丽娜",
      "职位描述": "独立董事",
      "期初持股数": "0",
      "期末持股数": "0",
      "间接持股数": "",
      "从公司获得年度报酬总额": "80000",
      "补贴津贴": "",
      "变动原因说明": "",
      "是否在股东或关联单位领取报酬津贴": "否",
      "在任与否": "是"
    },
    {
      "领导人姓名": "王新英",
      "职位描述": "独立董事",
      "期初持股数": "0",
      "期末持股数": "0",
      "间接持股数": "",
      "从公司获得年度报酬总额": "80000",
      "补贴津贴": "",
      "变动原因说明": "",
      "是否在股东或关联单位领取报酬津贴": "否",
      "在任与否": "是"
    },
    {
      "领导人姓名": "毛晓光",
      "职位描述": "副总经理",
      "期初持股数": "0",
      "期末持股数": "0",
      "间接持股数": "",
      "从公司获得年度报酬总额": "1259700",
      "补贴津贴": "",
      "变动原因说明": "",
      "是否在股东或关联单位领取报酬津贴": "否",
      "在任与否": "是"
    },
    {
      "领导人姓名": "韩婧",
      "职位描述": "副总经理",
      "期初持股数": "16600",
      "期末持股数": "16600",
      "间接持股数": "",
      "从公司获得年度报酬总额": "928200",
      "补贴津贴": "",
      "变动原因说明": "",
      "是否在股东或关联单位领取报酬津贴": "否",
      "在任与否": "是"
    },
    {
      "领导人姓名": "张丽娟",
      "职位描述": "副总经理、财务总监",
      "期初持股数": "170100",
      "期末持股数": "170100",
      "间接持股数": "",
      "从公司获得年度报酬总额": "791800",
      "补贴津贴": "",
      "变动原因说明": "",
      "是否在股东或关联单位领取报酬津贴": "否",
      "在任与否": "是"
    },
    {
      "领导人姓名": "孔祥熙",
      "职位描述": "副总经理、董事会秘书",
      "期初持股数": "0",
      "期末持股数": "0",
      "间接持股数": "",
      "从公司获得年度报酬总额": "27700",
      "补贴津贴": "",
      "变动原因说明": "",
      "是否在股东或关联单位领取报酬津贴": "否",
      "在任与否": "是"
    },
    {
      "领导人姓名": "孙霖",
      "职位描述": "监事",
      "期初持股数": "0",
      "期末持股数": "0",
      "间接持股数": "",
      "从公司获得年度报酬总额": "0",
      "补贴津贴": "",
      "变动原因说明": "",
      "是否在股东或关联单位领取报酬津贴": "是",
      "在任与否": "否"
    },
    {
      "领导人姓名": "黄华",
      "职位描述": "职工监事",
      "期初持股数": "0",
      "期末持股数": "0",
      "间接持股数": "",
      "从公司获得年度报酬总额": "521800",
      "补贴津贴": "",
      "变动原因说明": "",
      "是否在股东或关联单位领取报酬津贴": "否",
      "在任与否": "否"
    },
    {
      "领导人姓名": "史广建",
      "职位描述": "副总经理、董事会秘书",
      "期初持股数": "0",
      "期末持股数": "0",
      "间接持股数": "",
      "从公司获得年度报酬总额": "551500",
      "补贴津贴": "",
      "变动原因说明": "",
      "是否在股东或关联单位领取报酬津贴": "否",
      "在任与否": "否"
    },
    {
      "领导人姓名": "吴司韵",
      "职位描述": "董事",
      "期初持股数": "0",
      "期末持股数": "0",
      "间接持股数": "",
      "从公司获得年度报酬总额": "0",
      "补贴津贴": "",
      "变动原因说明": "",
      "是否在股东或关联单位领取报酬津贴": "是",
      "在任与否": "否"
    }
  ]
}

=== 002377-2026-04-18-国创高新-2025年年度报告.pdf ===
{
  "Leader_Salary_data": {
    "实际所得报酬总额起始": "",
    "实际所得报酬总额截止": "",
    "实际所得报酬总额涉及人数": ""
  },
  "Leader_Hold_data": [
    {
      "领导人姓名": "黄振华",
      "职位描述": "董事长、董事",
      "期初持股数": "0",
      "期末持股数": "0",
      "间接持股数": "",
      "从公司获得年度报酬总额": "685400",
      "补贴津贴": "",
      "变动原因说明": "",
      "是否在股东或关联单位领取报酬津贴": "否",
      "在任与否": "是"
    },
    {
      "领导人姓名": "高攀文",
      "职位描述": "副董事长、董事",
      "期初持股数": "7462686",
      "期末持股数": "7462686",
      "间接持股数": "",
      "从公司获得年度报酬总额": "0",
      "补贴津贴": "",
      "变动原因说明": "",
      "是否在股东或关联单位领取报酬津贴": "是",
      "在任与否": "是"
    },
    {
      "领导人姓名": "陶春风",
      "职位描述": "董事",
      "期初持股数": "45816261",
      "期末持股数": "45816261",
      "间接持股数": "",
      "从公司获得年度报酬总额": "0",
      "补贴津贴": "",
      "变动原因说明": "",
      "是否在股东或关联单位领取报酬津贴": "是",
      "在任与否": "是"
    },
    {
      "领导人姓名": "陶钱伟",
      "职位描述": "董事",
      "期初持股数": "0",
      "期末持股数": "0",
      "间接持股数": "",
      "从公司获得年度报酬总额": "0",
      "补贴津贴": "",
      "变动原因说明": "",
      "是否在股东或关联单位领取报酬津贴": "是",
      "在任与否": "是"
    },
    {
      "领导人姓名": "张超亮",
      "职位描述": "董事",
      "期初持股数": "2000",
      "期末持股数": "2000",
      "间接持股数": "",
      "从公司获得年度报酬总额": "0",
      "补贴津贴": "",
      "变动原因说明": "",
      "是否在股东或关联单位领取报酬津贴": "是",
      "在任与否": "是"
    },
    {
      "领导人姓名": "严先发",
      "职位描述": "董事、董事会秘书、财务总监、副总经理",
      "期初持股数": "0",
      "期末持股数": "0",
      "间接持股数": "",
      "从公司获得年度报酬总额": "760000",
      "补贴津贴": "",
      "变动原因说明": "",
      "是否在股东或关联单位领取报酬津贴": "否",
      "在任与否": "是"
    },
    {
      "领导人姓名": "梅祖伟",
      "职位描述": "独立董事",
      "期初持股数": "0",
      "期末持股数": "0",
      "间接持股数": "",
      "从公司获得年度报酬总额": "120000",
      "补贴津贴": "120000",
      "变动原因说明": "",
      "是否在股东或关联单位领取报酬津贴": "否",
      "在任与否": "是"
    },
    {
      "领导人姓名": "邱建萍",
      "职位描述": "独立董事",
      "期初持股数": "0",
      "期末持股数": "0",
      "间接持股数": "",
      "从公司获得年度报酬总额": "120000",
      "补贴津贴": "120000",
      "变动原因说明": "",
      "是否在股东或关联单位领取报酬津贴": "否",
      "在任与否": "是"
    },
    {
      "领导人姓名": "李锐",
      "职位描述": "独立董事",
      "期初持股数": "0",
      "期末持股数": "0",
      "间接持股数": "",
      "从公司获得年度报酬总额": "120000",
      "补贴津贴": "120000",
      "变动原因说明": "",
      "是否在股东或关联单位领取报酬津贴": "否",
      "在任与否": "是"
    },
    {
      "领导人姓名": "吕华生",
      "职位描述": "总经理",
      "期初持股数": "2129600",
      "期末持股数": "2129600",
      "间接持股数": "",
      "从公司获得年度报酬总额": "1000000",
      "补贴津贴": "",
      "变动原因说明": "",
      "是否在股东或关联单位领取报酬津贴": "否",
      "在任与否": "是"
    },
    {
      "领导人姓名": "吉永海",
      "职位描述": "副总经理",
      "期初持股数": "493600",
      "期末持股数": "493600",
      "间接持股数": "",
      "从公司获得年度报酬总额": "760000",
      "补贴津贴": "",
      "变动原因说明": "",
      "是否在股东或关联单位领取报酬津贴": "否",
      "在任与否": "是"
    }
  ]
}

=== 002321-2026-04-18-华英农业-2025年年度报告.pdf ===
{
  "Leader_Salary_data": {
    "实际所得报酬总额起始": "",
    "实际所得报酬总额截止": "",
    "实际所得报酬总额涉及人数": ""
  },
  "Leader_Hold_data": [
    {
      "领导人姓名": "许水均",
      "职位描述": "董事长、总经理",
      "期初持股数": "6612950",
      "期末持股数": "6612950",
      "间接持股数": "",
      "从公司获得年度报酬总额": "430000",
      "补贴津贴": "",
      "变动原因说明": "",
      "是否在股东或关联单位领取报酬津贴": "否",
      "在任与否": "是"
    },
    {
      "领导人姓名": "周子钦",
      "职位描述": "董事",
      "期初持股数": "",
      "期末持股数": "",
      "间接持股数": "",
      "从公司获得年度报酬总额": "",
      "补贴津贴": "",
      "变动原因说明": "",
      "是否在股东或关联单位领取报酬津贴": "",
      "在任与否": "是"
    },
    {
      "领导人姓名": "张勇",
      "职位描述": "董事、常务副总经理",
      "期初持股数": "1601200",
      "期末持股数": "1601200",
      "间接持股数": "",
      "从公司获得年度报酬总额": "420000",
      "补贴津贴": "",
      "变动原因说明": "",
      "是否在股东或关联单位领取报酬津贴": "否",
      "在任与否": "是"
    },
    {
      "领导人姓名": "陈尧华",
      "职位描述": "董事、副总经理",
      "期初持股数": "",
      "期末持股数": "",
      "间接持股数": "",
      "从公司获得年度报酬总额": "400000",
      "补贴津贴": "",
      "变动原因说明": "",
      "是否在股东或关联单位领取报酬津贴": "否",
      "在任与否": "是"
    },
    {
      "领导人姓名": "朱明红",
      "职位描述": "董事",
      "期初持股数": "231800",
      "期末持股数": "231800",
      "间接持股数": "",
      "从公司获得年度报酬总额": "0",
      "补贴津贴": "",
      "变动原因说明": "",
      "是否在股东或关联单位领取报酬津贴": "是",
      "在任与否": "是"
    },
    {
      "领导人姓名": "张巍",
      "职位描述": "董事",
      "期初持股数": "",
      "期末持股数": "",
      "间接持股数": "",
      "从公司获得年度报酬总额": "0",
      "补贴津贴": "",
      "变动原因说明": "",
      "是否在股东或关联单位领取报酬津贴": "是",
      "在任与否": "否"
    },
    {
      "领导人姓名": "龚保峰",
      "职位描述": "董事、财务总监",
      "期初持股数": "150000",
      "期末持股数": "150000",
      "间接持股数": "",
      "从公司获得年度报酬总额": "380000",
      "补贴津贴": "",
      "变动原因说明": "",
      "是否在股东或关联单位领取报酬津贴": "否",
      "在任与否": "是"
    },
    {
      "领导人姓名": "王华君",
      "职位描述": "职工董事",
      "期初持股数": "",
      "期末持股数": "",
      "间接持股数": "",
      "从公司获得年度报酬总额": "292100",
      "补贴津贴": "",
      "变动原因说明": "",
      "是否在股东或关联单位领取报酬津贴": "否",
      "在任与否": "是"
    },
    {
      "领导人姓名": "叶金鹏",
      "职位描述": "独立董事",
      "期初持股数": "",
      "期末持股数": "",
      "间接持股数": "",
      "从公司获得年度报酬总额": "100000",
      "补贴津贴": "100000",
      "变动原因说明": "",
      "是否在股东或关联单位领取报酬津贴": "否",
      "在任与否": "是"
    },
    {
      "领导人姓名": "王火红",
      "职位描述": "独立董事",
      "期初持股数": "",
      "期末持股数": "",
      "间接持股数": "",
      "从公司获得年度报酬总额": "100000",
      "补贴津贴": "100000",
      "变动原因说明": "",
      "是否在股东或关联单位领取报酬津贴": "是",
      "在任与否": "是"
    },
    {
      "领导人姓名": "张瑞",
      "职位描述": "独立董事",
      "期初持股数": "",
      "期末持股数": "",
      "间接持股数": "",
      "从公司获得年度报酬总额": "100000",
      "补贴津贴": "100000",
      "变动原因说明": "",
      "是否在股东或关联单位领取报酬津贴": "否",
      "在任与否": "是"
    },
    {
      "领导人姓名": "张家明",
      "职位描述": "副总经理",
      "期初持股数": "436800",
      "期末持股数": "436800",
      "间接持股数": "",
      "从公司获得年度报酬总额": "320000",
      "补贴津贴": "",
      "变动原因说明": "",
      "是否在股东或关联单位领取报酬津贴": "否",
      "在任与否": "是"
    },
    {
      "领导人姓名": "胡奎",
      "职位描述": "副总经理",
      "期初持股数": "1154000",
      "期末持股数": "1154000",
      "间接持股数": "",
      "从公司获得年度报酬总额": "704500",
      "补贴津贴": "",
      "变动原因说明": "",
      "是否在股东或关联单位领取报酬津贴": "否",
      "在任与否": "是"
    },
    {
      "领导人姓名": "范俊岭",
      "职位描述": "副总经理",
      "期初持股数": "",
      "期末持股数": "",
      "间接持股数": "",
      "从公司获得年度报酬总额": "320000",
      "补贴津贴": "",
      "变动原因说明": "",
      "是否在股东或关联单位领取报酬津贴": "否",
      "在任与否": "是"
    },
    {
      "领导人姓名": "郭德国",
      "职位描述": "副总经理",
      "期初持股数": "",
      "期末持股数": "",
      "间接持股数": "",
      "从公司获得年度报酬总额": "300000",
      "补贴津贴": "",
      "变动原因说明": "",
      "是否在股东或关联单位领取报酬津贴": "否",
      "在任与否": "是"
    },
    {
      "领导人姓名": "任宏星",
      "职位描述": "副总经理",
      "期初持股数": "",
      "期末持股数": "",
      "间接持股数": "",
      "从公司获得年度报酬总额": "305000",
      "补贴津贴": "",
      "变动原因说明": "",
      "是否在股东或关联单位领取报酬津贴": "否",
      "在任与否": "是"
    },
    {
      "领导人姓名": "何志峰",
      "职位描述": "董事会秘书",
      "期初持股数": "",
      "期末持股数": "",
      "间接持股数": "",
      "从公司获得年度报酬总额": "300000",
      "补贴津贴": "",
      "变动原因说明": "",
      "是否在股东或关联单位领取报酬津贴": "否",
      "在任与否": "是"
    }
  ]
}

=== 002374-2026-04-20-中锐股份-2025年年度报告.pdf ===
{
  "Leader_Salary_data": {
    "实际所得报酬总额起始": "",
    "实际所得报酬总额截止": "",
    "实际所得报酬总额涉及人数": ""
  },
  "Leader_Hold_data": [
    {
      "领导人姓名": "钱建蓉",
      "职位描述": "董事长",
      "期初持股数": "0",
      "期末持股数": "0",
      "间接持股数": "",
      "从公司获得年度报酬总额": "840000",
      "补贴津贴": "",
      "变动原因说明": "",
      "是否在股东或关联单位领取报酬津贴": "是",
      "在任与否": "是"
    },
    {
      "领导人姓名": "田洪雷",
      "职位描述": "董事",
      "期初持股数": "0",
      "期末持股数": "0",
      "间接持股数": "",
      "从公司获得年度报酬总额": "0",
      "补贴津贴": "",
      "变动原因说明": "",
      "是否在股东或关联单位领取报酬津贴": "是",
      "在任与否": "是"
    },
    {
      "领导人姓名": "茹雯燕",
      "职位描述": "董事",
      "期初持股数": "0",
      "期末持股数": "0",
      "间接持股数": "",
      "从公司获得年度报酬总额": "0",
      "补贴津贴": "",
      "变动原因说明": "",
      "是否在股东或关联单位领取报酬津贴": "是",
      "在任与否": "是"
    },
    {
      "领导人姓名": "周科轩",
      "职位描述": "董事、总裁",
      "期初持股数": "0",
      "期末持股数": "0",
      "间接持股数": "",
      "从公司获得年度报酬总额": "1206000",
      "补贴津贴": "",
      "变动原因说明": "",
      "是否在股东或关联单位领取报酬津贴": "否",
      "在任与否": "是"
    },
    {
      "领导人姓名": "孙伟厚",
      "职位描述": "董事、副总裁",
      "期初持股数": "0",
      "期末持股数": "0",
      "间接持股数": "",
      "从公司获得年度报酬总额": "686600",
      "补贴津贴": "",
      "变动原因说明": "",
      "是否在股东或关联单位领取报酬津贴": "否",
      "在任与否": "是"
    },
    {
      "领导人姓名": "吴侃",
      "职位描述": "职工董事",
      "期初持股数": "0",
      "期末持股数": "0",
      "间接持股数": "",
      "从公司获得年度报酬总额": "27000",
      "补贴津贴": "",
      "变动原因说明": "",
      "是否在股东或关联单位领取报酬津贴": "否",
      "在任与否": "是"
    },
    {
      "领导人姓名": "刘胜军",
      "职位描述": "独立董事",
      "期初持股数": "0",
      "期末持股数": "0",
      "间接持股数": "",
      "从公司获得年度报酬总额": "120000",
      "补贴津贴": "",
      "变动原因说明": "",
      "是否在股东或关联单位领取报酬津贴": "否",
      "在任与否": "是"
    },
    {
      "领导人姓名": "郑先弘",
      "职位描述": "独立董事",
      "期初持股数": "0",
      "期末持股数": "0",
      "间接持股数": "",
      "从公司获得年度报酬总额": "16300",
      "补贴津贴": "",
      "变动原因说明": "",
      "是否在股东或关联单位领取报酬津贴": "否",
      "在任与否": "是"
    },
    {
      "领导人姓名": "郭斌",
      "职位描述": "独立董事",
      "期初持股数": "0",
      "期末持股数": "0",
      "间接持股数": "",
      "从公司获得年度报酬总额": "16300",
      "补贴津贴": "",
      "变动原因说明": "",
      "是否在股东或关联单位领取报酬津贴": "否",
      "在任与否": "是"
    },
    {
      "领导人姓名": "罗田",
      "职位描述": "董事、副总裁",
      "期初持股数": "0",
      "期末持股数": "0",
      "间接持股数": "",
      "从公司获得年度报酬总额": "712500",
      "补贴津贴": "",
      "变动原因说明": "",
      "是否在股东或关联单位领取报酬津贴": "否",
      "在任与否": "是"
    },
    {
      "领导人姓名": "周俊",
      "职位描述": "财务总监",
      "期初持股数": "0",
      "期末持股数": "0",
      "间接持股数": "",
      "从公司获得年度报酬总额": "607400",
      "补贴津贴": "",
      "变动原因说明": "",
      "是否在股东或关联单位领取报酬津贴": "否",
      "在任与否": "是"
    },
    {
      "领导人姓名": "朱拓",
      "职位描述": "董事会秘书",
      "期初持股数": "0",
      "期末持股数": "0",
      "间接持股数": "",
      "从公司获得年度报酬总额": "621600",
      "补贴津贴": "",
      "变动原因说明": "",
      "是否在股东或关联单位领取报酬津贴": "否",
      "在任与否": "是"
    },
    {
      "领导人姓名": "朱亚辉",
      "职位描述": "副董事长、总裁",
      "期初持股数": "0",
      "期末持股数": "0",
      "间接持股数": "",
      "从公司获得年度报酬总额": "0",
      "补贴津贴": "",
      "变动原因说明": "",
      "是否在股东或关联单位领取报酬津贴": "否",
      "在任与否": "否"
    },
    {
      "领导人姓名": "卞世军",
      "职位描述": "董事、财务总监",
      "期初持股数": "0",
      "期末持股数": "0",
      "间接持股数": "",
      "从公司获得年度报酬总额": "1020400",
      "补贴津贴": "",
      "变动原因说明": "",
      "是否在股东或关联单位领取报酬津贴": "否",
      "在任与否": "否"
    },
    {
      "领导人姓名": "贡明",
      "职位描述": "董事",
      "期初持股数": "0",
      "期末持股数": "0",
      "间接持股数": "",
      "从公司获得年度报酬总额": "0",
      "补贴津贴": "",
      "变动原因说明": "",
      "是否在股东或关联单位领取报酬津贴": "是",
      "在任与否": "否"
    },
    {
      "领导人姓名": "钱志昂",
      "职位描述": "独立董事",
      "期初持股数": "0",
      "期末持股数": "0",
      "间接持股数": "",
      "从公司获得年度报酬总额": "104000",
      "补贴津贴": "",
      "变动原因说明": "",
      "是否在股东或关联单位领取报酬津贴": "否",
      "在任与否": "否"
    },
    {
      "领导人姓名": "朱永新",
      "职位描述": "独立董事",
      "期初持股数": "0",
      "期末持股数": "0",
      "间接持股数": "",
      "从公司获得年度报酬总额": "104000",
      "补贴津贴": "",
      "变动原因说明": "",
      "是否在股东或关联单位领取报酬津贴": "否",
      "在任与否": "否"
    }
  ]
}

=== 002371-2026-04-18-北方华创-2025年年度报告.pdf ===
{
  "Leader_Salary_data": {
    "实际所得报酬总额起始": "",
    "实际所得报酬总额截止": "",
    "实际所得报酬总额涉及人数": ""
  },
  "Leader_Hold_data": [
    {
      "领导人姓名": "赵晋荣",
      "职位描述": "董事长、执行委员会主席",
      "期初持股数": "100000",
      "期末持股数": "135000",
      "间接持股数": "",
      "从公司获得年度报酬总额": "3760000",
      "补贴津贴": "",
      "变动原因说明": "年度利润分配，每10股转增3.5股",
      "是否在股东或关联单位领取报酬津贴": "否",
      "在任与否": "是"
    },
    {
      "领导人姓名": "陶海虹",
      "职位描述": "副董事长",
      "期初持股数": "70000",
      "期末持股数": "94500",
      "间接持股数": "",
      "从公司获得年度报酬总额": "3160000",
      "补贴津贴": "",
      "变动原因说明": "年度利润分配，每10股转增3.5股",
      "是否在股东或关联单位领取报酬津贴": "否",
      "在任与否": "是"
    },
    {
      "领导人姓名": "纪安宽",
      "职位描述": "董事、执行委员会副主席、高级副总裁",
      "期初持股数": "79400",
      "期末持股数": "107190",
      "间接持股数": "",
      "从公司获得年度报酬总额": "3100000",
      "补贴津贴": "",
      "变动原因说明": "年度利润分配，每10股转增3.5股",
      "是否在股东或关联单位领取报酬津贴": "否",
      "在任与否": "是"
    },
    {
      "领导人姓名": "叶枫",
      "职位描述": "董事",
      "期初持股数": "0",
      "期末持股数": "0",
      "间接持股数": "",
      "从公司获得年度报酬总额": "",
      "补贴津贴": "",
      "变动原因说明": "",
      "是否在股东或关联单位领取报酬津贴": "",
      "在任与否": "是"
    },
    {
      "领导人姓名": "董博宇",
      "职位描述": "董事、执行委员会副主席、高级副总裁",
      "期初持股数": "0",
      "期末持股数": "0",
      "间接持股数": "",
      "从公司获得年度报酬总额": "2510000",
      "补贴津贴": "",
      "变动原因说明": "",
      "是否在股东或关联单位领取报酬津贴": "否",
      "在任与否": "是"
    },
    {
      "领导人姓名": "冯倩",
      "职位描述": "董事",
      "期初持股数": "0",
      "期末持股数": "0",
      "间接持股数": "",
      "从公司获得年度报酬总额": "",
      "补贴津贴": "",
      "变动原因说明": "",
      "是否在股东或关联单位领取报酬津贴": "",
      "在任与否": "是"
    },
    {
      "领导人姓名": "袁训",
      "职位描述": "董事",
      "期初持股数": "0",
      "期末持股数": "0",
      "间接持股数": "",
      "从公司获得年度报酬总额": "",
      "补贴津贴": "",
      "变动原因说明": "",
      "是否在股东或关联单位领取报酬津贴": "",
      "在任与否": "是"
    },
    {
      "领导人姓名": "陈胜华",
      "职位描述": "独立董事",
      "期初持股数": "0",
      "期末持股数": "0",
      "间接持股数": "",
      "从公司获得年度报酬总额": "100000",
      "补贴津贴": "100000",
      "变动原因说明": "",
      "是否在股东或关联单位领取报酬津贴": "否",
      "在任与否": "是"
    },
    {
      "领导人姓名": "刘怡",
      "职位描述": "独立董事",
      "期初持股数": "0",
      "期末持股数": "0",
      "间接持股数": "",
      "从公司获得年度报酬总额": "100000",
      "补贴津贴": "100000",
      "变动原因说明": "",
      "是否在股东或关联单位领取报酬津贴": "否",
      "在任与否": "是"
    },
    {
      "领导人姓名": "张大成",
      "职位描述": "独立董事",
      "期初持股数": "0",
      "期末持股数": "0",
      "间接持股数": "",
      "从公司获得年度报酬总额": "62500",
      "补贴津贴": "62500",
      "变动原因说明": "",
      "是否在股东或关联单位领取报酬津贴": "否",
      "在任与否": "是"
    },
    {
      "领导人姓名": "王志成",
      "职位描述": "独立董事",
      "期初持股数": "0",
      "期末持股数": "0",
      "间接持股数": "",
      "从公司获得年度报酬总额": "62500",
      "补贴津贴": "62500",
      "变动原因说明": "",
      "是否在股东或关联单位领取报酬津贴": "否",
      "在任与否": "是"
    },
    {
      "领导人姓名": "唐飞",
      "职位描述": "执行委员会委员、高级副总裁",
      "期初持股数": "59000",
      "期末持股数": "74250",
      "间接持股数": "",
      "从公司获得年度报酬总额": "2420000",
      "补贴津贴": "",
      "变动原因说明": "个人资金需求减持；年度利润分配，每10股转增3.5股",
      "是否在股东或关联单位领取报酬津贴": "否",
      "在任与否": "是"
    },
    {
      "领导人姓名": "顾为群",
      "职位描述": "执行委员会委员、高级副总裁",
      "期初持股数": "58500",
      "期末持股数": "74250",
      "间接持股数": "",
      "从公司获得年度报酬总额": "2310000",
      "补贴津贴": "",
      "变动原因说明": "个人资金需求减持；年度利润分配，每10股转增3.5股",
      "是否在股东或关联单位领取报酬津贴": "否",
      "在任与否": "是"
    },
    {
      "领导人姓名": "李延辉",
      "职位描述": "执行委员会委员、首席财务官",
      "期初持股数": "53500",
      "期末持股数": "72225",
      "间接持股数": "",
      "从公司获得年度报酬总额": "2250000",
      "补贴津贴": "",
      "变动原因说明": "年度利润分配，每10股转增3.5股",
      "是否在股东或关联单位领取报酬津贴": "否",
      "在任与否": "是"
    },
    {
      "领导人姓名": "王晓宁",
      "职位描述": "执行委员会委员、副总裁、董事会秘书",
      "期初持股数": "45500",
      "期末持股数": "58725",
      "间接持股数": "",
      "从公司获得年度报酬总额": "2180000",
      "补贴津贴": "",
      "变动原因说明": "个人资金需求减持；年度利润分配，每10股转增3.5股",
      "是否在股东或关联单位领取报酬津贴": "否",
      "在任与否": "是"
    },
    {
      "领导人姓名": "郑炜",
      "职位描述": "执行委员会委员、副总裁",
      "期初持股数": "70000",
      "期末持股数": "94500",
      "间接持股数": "",
      "从公司获得年度报酬总额": "2030000",
      "补贴津贴": "",
      "变动原因说明": "年度利润分配，每10股转增3.5股",
      "是否在股东或关联单位领取报酬津贴": "否",
      "在任与否": "是"
    },
    {
      "领导人姓名": "夏威",
      "职位描述": "执行委员会委员、副总裁",
      "期初持股数": "33000",
      "期末持股数": "44550",
      "间接持股数": "",
      "从公司获得年度报酬总额": "1980000",
      "补贴津贴": "",
      "变动原因说明": "年度利润分配，每10股转增3.5股",
      "是否在股东或关联单位领取报酬津贴": "否",
      "在任与否": "是"
    },
    {
      "领导人姓名": "宋立功",
      "职位描述": "董事",
      "期初持股数": "0",
      "期末持股数": "0",
      "间接持股数": "",
      "从公司获得年度报酬总额": "",
      "补贴津贴": "",
      "变动原因说明": "",
      "是否在股东或关联单位领取报酬津贴": "",
      "在任与否": "否"
    },
    {
      "领导人姓名": "李前",
      "职位描述": "副董事长",
      "期初持股数": "0",
      "期末持股数": "0",
      "间接持股数": "",
      "从公司获得年度报酬总额": "",
      "补贴津贴": "",
      "变动原因说明": "",
      "是否在股东或关联单位领取报酬津贴": "",
      "在任与否": "否"
    },
    {
      "领导人姓名": "杨卓",
      "职位描述": "董事",
      "期初持股数": "0",
      "期末持股数": "0",
      "间接持股数": "",
      "从公司获得年度报酬总额": "",
      "补贴津贴": "",
      "变动原因说明": "",
      "是否在股东或关联单位领取报酬津贴": "",
      "在任与否": "否"
    },
    {
      "领导人姓名": "杨柳",
      "职位描述": "董事",
      "期初持股数": "0",
      "期末持股数": "0",
      "间接持股数": "",
      "从公司获得年度报酬总额": "",
      "补贴津贴": "",
      "变动原因说明": "",
      "是否在股东或关联单位领取报酬津贴": "",
      "在任与否": "否"
    },
    {
      "领导人姓名": "吴汉明",
      "职位描述": "独立董事",
      "期初持股数": "0",
      "期末持股数": "0",
      "间接持股数": "",
      "从公司获得年度报酬总额": "0",
      "补贴津贴": "",
      "变动原因说明": "",
      "是否在股东或关联单位领取报酬津贴": "否",
      "在任与否": "否"
    },
    {
      "领导人姓名": "罗毅",
      "职位描述": "独立董事",
      "期初持股数": "0",
      "期末持股数": "0",
      "间接持股数": "",
      "从公司获得年度报酬总额": "0",
      "补贴津贴": "",
      "变动原因说明": "",
      "是否在股东或关联单位领取报酬津贴": "否",
      "在任与否": "否"
    },
    {
      "领导人姓名": "王谨",
      "职位描述": "监事会主席",
      "期初持股数": "0",
      "期末持股数": "0",
      "间接持股数": "",
      "从公司获得年度报酬总额": "",
      "补贴津贴": "",
      "变动原因说明": "",
      "是否在股东或关联单位领取报酬津贴": "",
      "在任与否": "否"
    },
    {
      "领导人姓名": "张天翔",
      "职位描述": "监事",
      "期初持股数": "0",
      "期末持股数": "0",
      "间接持股数": "",
      "从公司获得年度报酬总额": "",
      "补贴津贴": "",
      "变动原因说明": "",
      "是否在股东或关联单位领取报酬津贴": "",
      "在任与否": "否"
    },
    {
      "领导人姓名": "高华东",
      "职位描述": "职工监事",
      "期初持股数": "0",
      "期末持股数": "0",
      "间接持股数": "",
      "从公司获得年度报酬总额": "380000",
      "补贴津贴": "",
      "变动原因说明": "",
      "是否在股东或关联单位领取报酬津贴": "否",
      "在任与否": "否"
    }
  ]
}

=== 002513-2026-04-18-蓝丰生化-2025年年度报告.pdf ===
{
  "Leader_Salary_data": {
    "实际所得报酬总额起始": "5771800",
    "实际所得报酬总额截止": "5771800",
    "实际所得报酬总额涉及人数": ""
  },
  "Leader_Hold_data": [
    {
      "领导人姓名": "郑旭",
      "职位描述": "董事长",
      "期初持股数": "67457432",
      "期末持股数": "67457432",
      "间接持股数": "",
      "从公司获得年度报酬总额": "705700",
      "补贴津贴": "",
      "变动原因说明": "",
      "是否在股东或关联单位领取报酬津贴": "否",
      "在任与否": "是"
    },
    {
      "领导人姓名": "崔海峰",
      "职位描述": "副董事长",
      "期初持股数": "1500000",
      "期末持股数": "1550000",
      "间接持股数": "",
      "从公司获得年度报酬总额": "451400",
      "补贴津贴": "",
      "变动原因说明": "股权激励限制性股票授予、回购注销公司",
      "是否在股东或关联单位领取报酬津贴": "否",
      "在任与否": "是"
    },
    {
      "领导人姓名": "李少华",
      "职位描述": "副董事长",
      "期初持股数": "3000000",
      "期末持股数": "3100000",
      "间接持股数": "",
      "从公司获得年度报酬总额": "636600",
      "补贴津贴": "",
      "变动原因说明": "股权激励限制性股票授予、回购注销公司",
      "是否在股东或关联单位领取报酬津贴": "否",
      "在任与否": "是"
    },
    {
      "领导人姓名": "李质磊",
      "职位描述": "董事、总经理",
      "期初持股数": "3000000",
      "期末持股数": "2100000",
      "间接持股数": "",
      "从公司获得年度报酬总额": "595100",
      "补贴津贴": "",
      "变动原因说明": "股权激励限制性股票回购注销公司",
      "是否在股东或关联单位领取报酬津贴": "否",
      "在任与否": "是"
    },
    {
      "领导人姓名": "路忠林",
      "职位描述": "董事",
      "期初持股数": "1900000",
      "期末持股数": "1330000",
      "间接持股数": "",
      "从公司获得年度报酬总额": "604700",
      "补贴津贴": "",
      "变动原因说明": "激励限制性股票回购注销",
      "是否在股东或关联单位领取报酬津贴": "否",
      "在任与否": "是"
    },
    {
      "领导人姓名": "刘兴翀",
      "职位描述": "独立董事",
      "期初持股数": "0",
      "期末持股数": "0",
      "间接持股数": "",
      "从公司获得年度报酬总额": "102000",
      "补贴津贴": "",
      "变动原因说明": "",
      "是否在股东或关联单位领取报酬津贴": "否",
      "在任与否": "是"
    },
    {
      "领导人姓名": "袁坚",
      "职位描述": "独立董事",
      "期初持股数": "0",
      "期末持股数": "0",
      "间接持股数": "",
      "从公司获得年度报酬总额": "102000",
      "补贴津贴": "",
      "变动原因说明": "",
      "是否在股东或关联单位领取报酬津贴": "否",
      "在任与否": "是"
    },
    {
      "领导人姓名": "汤健",
      "职位描述": "独立董事",
      "期初持股数": "0",
      "期末持股数": "0",
      "间接持股数": "",
      "从公司获得年度报酬总额": "102000",
      "补贴津贴": "",
      "变动原因说明": "",
      "是否在股东或关联单位领取报酬津贴": "否",
      "在任与否": "否"
    },
    {
      "领导人姓名": "韩宜辰",
      "职位描述": "监事会主席",
      "期初持股数": "0",
      "期末持股数": "0",
      "间接持股数": "",
      "从公司获得年度报酬总额": "344000",
      "补贴津贴": "",
      "变动原因说明": "",
      "是否在股东或关联单位领取报酬津贴": "否",
      "在任与否": "否"
    },
    {
      "领导人姓名": "任军利",
      "职位描述": "监事",
      "期初持股数": "",
      "期末持股数": "1000000",
      "间接持股数": "",
      "从公司获得年度报酬总额": "542800",
      "补贴津贴": "",
      "变动原因说明": "股权激励限制性股票授予",
      "是否在股东或关联单位领取报酬津贴": "否",
      "在任与否": "否"
    },
    {
      "领导人姓名": "王天立",
      "职位描述": "监事",
      "期初持股数": "0",
      "期末持股数": "100000",
      "间接持股数": "",
      "从公司获得年度报酬总额": "265000",
      "补贴津贴": "",
      "变动原因说明": "公司股权激励限制性股票授予",
      "是否在股东或关联单位领取报酬津贴": "否",
      "在任与否": "否"
    },
    {
      "领导人姓名": "邢军",
      "职位描述": "副总经理、财务总监",
      "期初持股数": "500000",
      "期末持股数": "450000",
      "间接持股数": "",
      "从公司获得年度报酬总额": "656400",
      "补贴津贴": "",
      "变动原因说明": "公司股权激励限制性股票授予、回购注销",
      "是否在股东或关联单位领取报酬津贴": "否",
      "在任与否": "否"
    },
    {
      "领导人姓名": "唐海军",
      "职位描述": "副总经理、董事会秘书",
      "期初持股数": "1320000",
      "期末持股数": "1000000",
      "间接持股数": "",
      "从公司获得年度报酬总额": "664100",
      "补贴津贴": "",
      "变动原因说明": "公司股权激励限制性股票授予、回购注销",
      "是否在股东或关联单位领取报酬津贴": "否",
      "在任与否": "是"
    }
  ]
}

=== 002441-2026-04-18-众业达-2025年年度报告.pdf ===
{
  "Leader_Salary_data": {
    "实际所得报酬总额起始": "",
    "实际所得报酬总额截止": "",
    "实际所得报酬总额涉及人数": ""
  },
  "Leader_Hold_data": [
    {
      "领导人姓名": "吴开贤",
      "职位描述": "董事长",
      "期初持股数": "158508340",
      "期末持股数": "158508340",
      "间接持股数": "",
      "从公司获得年度报酬总额": "1223400",
      "补贴津贴": "",
      "变动原因说明": "",
      "是否在股东或关联单位领取报酬津贴": "否",
      "在任与否": "是"
    },
    {
      "领导人姓名": "吴森杰",
      "职位描述": "副董事长、总经理",
      "期初持股数": "32000000",
      "期末持股数": "32000000",
      "间接持股数": "",
      "从公司获得年度报酬总额": "1038800",
      "补贴津贴": "",
      "变动原因说明": "",
      "是否在股东或关联单位领取报酬津贴": "否",
      "在任与否": "是"
    },
    {
      "领导人姓名": "杨松",
      "职位描述": "董事",
      "期初持股数": "460000",
      "期末持股数": "460000",
      "间接持股数": "",
      "从公司获得年度报酬总额": "213600",
      "补贴津贴": "",
      "变动原因说明": "",
      "是否在股东或关联单位领取报酬津贴": "否",
      "在任与否": "是"
    },
    {
      "领导人姓名": "王宝玉",
      "职位描述": "董事、财务总监",
      "期初持股数": "175000",
      "期末持股数": "175000",
      "间接持股数": "",
      "从公司获得年度报酬总额": "1780300",
      "补贴津贴": "",
      "变动原因说明": "",
      "是否在股东或关联单位领取报酬津贴": "否",
      "在任与否": "是"
    },
    {
      "领导人姓名": "陈钿瑞",
      "职位描述": "董事、副总经理",
      "期初持股数": "631500",
      "期末持股数": "631500",
      "间接持股数": "",
      "从公司获得年度报酬总额": "1391100",
      "补贴津贴": "",
      "变动原因说明": "",
      "是否在股东或关联单位领取报酬津贴": "否",
      "在任与否": "是"
    },
    {
      "领导人姓名": "黄海鹏",
      "职位描述": "董事、职工代表董事",
      "期初持股数": "0",
      "期末持股数": "0",
      "间接持股数": "",
      "从公司获得年度报酬总额": "798600",
      "补贴津贴": "",
      "变动原因说明": "",
      "是否在股东或关联单位领取报酬津贴": "否",
      "在任与否": "是"
    },
    {
      "领导人姓名": "陈名芹",
      "职位描述": "独立董事",
      "期初持股数": "0",
      "期末持股数": "0",
      "间接持股数": "",
      "从公司获得年度报酬总额": "80000",
      "补贴津贴": "80000",
      "变动原因说明": "",
      "是否在股东或关联单位领取报酬津贴": "否",
      "在任与否": "是"
    },
    {
      "领导人姓名": "李昇平",
      "职位描述": "独立董事",
      "期初持股数": "0",
      "期末持股数": "0",
      "间接持股数": "",
      "从公司获得年度报酬总额": "80000",
      "补贴津贴": "80000",
      "变动原因说明": "",
      "是否在股东或关联单位领取报酬津贴": "否",
      "在任与否": "是"
    },
    {
      "领导人姓名": "沈忆勇",
      "职位描述": "独立董事",
      "期初持股数": "0",
      "期末持股数": "0",
      "间接持股数": "",
      "从公司获得年度报酬总额": "80000",
      "补贴津贴": "80000",
      "变动原因说明": "",
      "是否在股东或关联单位领取报酬津贴": "否",
      "在任与否": "是"
    },
    {
      "领导人姓名": "张海娜",
      "职位描述": "副总经理、董事会秘书",
      "期初持股数": "0",
      "期末持股数": "0",
      "间接持股数": "",
      "从公司获得年度报酬总额": "345700",
      "补贴津贴": "",
      "变动原因说明": "",
      "是否在股东或关联单位领取报酬津贴": "否",
      "在任与否": "是"
    },
    {
      "领导人姓名": "林洁",
      "职位描述": "副总经理",
      "期初持股数": "77000",
      "期末持股数": "77000",
      "间接持股数": "",
      "从公司获得年度报酬总额": "517300",
      "补贴津贴": "",
      "变动原因说明": "",
      "是否在股东或关联单位领取报酬津贴": "否",
      "在任与否": "是"
    }
  ]
}

=== 002541-2026-04-18-鸿路钢构-2025年年度报告.pdf ===
{
  "Leader_Salary_data": {
    "实际所得报酬总额起始": "",
    "实际所得报酬总额截止": "",
    "实际所得报酬总额涉及人数": ""
  },
  "Leader_Hold_data": [
    {
      "领导人姓名": "万胜平",
      "职位描述": "董事长",
      "期初持股数": "2748687",
      "期末持股数": "2748687",
      "间接持股数": "",
      "从公司获得年度报酬总额": "648000",
      "补贴津贴": "",
      "变动原因说明": "",
      "是否在股东或关联单位领取报酬津贴": "否",
      "在任与否": "是"
    },
    {
      "领导人姓名": "商晓波",
      "职位描述": "董事、总经理",
      "期初持股数": "249519764",
      "期末持股数": "249519764",
      "间接持股数": "",
      "从公司获得年度报酬总额": "250000",
      "补贴津贴": "",
      "变动原因说明": "",
      "是否在股东或关联单位领取报酬津贴": "否",
      "在任与否": "是"
    },
    {
      "领导人姓名": "商晓红",
      "职位描述": "职工代表董事",
      "期初持股数": "5731050",
      "期末持股数": "5731050",
      "间接持股数": "",
      "从公司获得年度报酬总额": "278600",
      "补贴津贴": "",
      "变动原因说明": "",
      "是否在股东或关联单位领取报酬津贴": "否",
      "在任与否": "是"
    },
    {
      "领导人姓名": "王琦",
      "职位描述": "独立董事",
      "期初持股数": "",
      "期末持股数": "",
      "间接持股数": "",
      "从公司获得年度报酬总额": "80400",
      "补贴津贴": "",
      "变动原因说明": "",
      "是否在股东或关联单位领取报酬津贴": "否",
      "在任与否": "是"
    },
    {
      "领导人姓名": "潘平",
      "职位描述": "独立董事",
      "期初持股数": "",
      "期末持股数": "",
      "间接持股数": "",
      "从公司获得年度报酬总额": "80400",
      "补贴津贴": "",
      "变动原因说明": "",
      "是否在股东或关联单位领取报酬津贴": "否",
      "在任与否": "是"
    },
    {
      "领导人姓名": "姚洪伟",
      "职位描述": "副总经理",
      "期初持股数": "67340",
      "期末持股数": "67340",
      "间接持股数": "",
      "从公司获得年度报酬总额": "261900",
      "补贴津贴": "",
      "变动原因说明": "",
      "是否在股东或关联单位领取报酬津贴": "否",
      "在任与否": "是"
    },
    {
      "领导人姓名": "孟凡利",
      "职位描述": "副总经理",
      "期初持股数": "109460",
      "期末持股数": "109460",
      "间接持股数": "",
      "从公司获得年度报酬总额": "380700",
      "补贴津贴": "",
      "变动原因说明": "",
      "是否在股东或关联单位领取报酬津贴": "否",
      "在任与否": "是"
    },
    {
      "领导人姓名": "祝霄",
      "职位描述": "副总经理",
      "期初持股数": "",
      "期末持股数": "",
      "间接持股数": "",
      "从公司获得年度报酬总额": "286800",
      "补贴津贴": "",
      "变动原因说明": "",
      "是否在股东或关联单位领取报酬津贴": "否",
      "在任与否": "是"
    },
    {
      "领导人姓名": "刘斌",
      "职位描述": "副总经理",
      "期初持股数": "",
      "期末持股数": "",
      "间接持股数": "",
      "从公司获得年度报酬总额": "360400",
      "补贴津贴": "",
      "变动原因说明": "",
      "是否在股东或关联单位领取报酬津贴": "否",
      "在任与否": "是"
    },
    {
      "领导人姓名": "张玲",
      "职位描述": "财务总监",
      "期初持股数": "22620",
      "期末持股数": "22620",
      "间接持股数": "",
      "从公司获得年度报酬总额": "351000",
      "补贴津贴": "",
      "变动原因说明": "",
      "是否在股东或关联单位领取报酬津贴": "否",
      "在任与否": "是"
    },
    {
      "领导人姓名": "吕庆荣",
      "职位描述": "董事会秘书",
      "期初持股数": "15990",
      "期末持股数": "15990",
      "间接持股数": "",
      "从公司获得年度报酬总额": "295600",
      "补贴津贴": "",
      "变动原因说明": "",
      "是否在股东或关联单位领取报酬津贴": "否",
      "在任与否": "是"
    },
    {
      "领导人姓名": "王军民",
      "职位描述": "总经理",
      "期初持股数": "206830",
      "期末持股数": "206830",
      "间接持股数": "",
      "从公司获得年度报酬总额": "481600",
      "补贴津贴": "",
      "变动原因说明": "",
      "是否在股东或关联单位领取报酬津贴": "否",
      "在任与否": "否"
    }
  ]
}

=== 002496-2026-04-18-ST辉丰-2025年年度报告.pdf ===
{
  "Leader_Salary_data": {
    "实际所得报酬总额起始": "",
    "实际所得报酬总额截止": "",
    "实际所得报酬总额涉及人数": ""
  },
  "Leader_Hold_data": [
    {
      "领导人姓名": "仲汉根",
      "职位描述": "董事长、董事、总经理",
      "期初持股数": "433423393",
      "期末持股数": "433423393",
      "间接持股数": "",
      "从公司获得年度报酬总额": "1148800",
      "补贴津贴": "",
      "变动原因说明": "",
      "是否在股东或关联单位领取报酬津贴": "否",
      "在任与否": "是"
    },
    {
      "领导人姓名": "裴柏平",
      "职位描述": "副董事长、副总经理",
      "期初持股数": "30400",
      "期末持股数": "30400",
      "间接持股数": "",
      "从公司获得年度报酬总额": "545500",
      "补贴津贴": "",
      "变动原因说明": "",
      "是否在股东或关联单位领取报酬津贴": "否",
      "在任与否": "是"
    },
    {
      "领导人姓名": "张建国",
      "职位描述": "董事",
      "期初持股数": "1161761",
      "期末持股数": "1161761",
      "间接持股数": "",
      "从公司获得年度报酬总额": "0",
      "补贴津贴": "",
      "变动原因说明": "",
      "是否在股东或关联单位领取报酬津贴": "是",
      "在任与否": "是"
    },
    {
      "领导人姓名": "周京",
      "职位描述": "董事、副总经理、财务负责人",
      "期初持股数": "",
      "期末持股数": "",
      "间接持股数": "",
      "从公司获得年度报酬总额": "395400",
      "补贴津贴": "",
      "变动原因说明": "",
      "是否在股东或关联单位领取报酬津贴": "否",
      "在任与否": "否"
    },
    {
      "领导人姓名": "孙永良",
      "职位描述": "副总经理、董事会秘书",
      "期初持股数": "88000",
      "期末持股数": "88000",
      "间接持股数": "",
      "从公司获得年度报酬总额": "418200",
      "补贴津贴": "",
      "变动原因说明": "",
      "是否在股东或关联单位领取报酬津贴": "否",
      "在任与否": "是"
    },
    {
      "领导人姓名": "杨进华",
      "职位描述": "董事",
      "期初持股数": "233936",
      "期末持股数": "233936",
      "间接持股数": "",
      "从公司获得年度报酬总额": "0",
      "补贴津贴": "",
      "变动原因说明": "",
      "是否在股东或关联单位领取报酬津贴": "是",
      "在任与否": "否"
    },
    {
      "领导人姓名": "冷盼盼",
      "职位描述": "董事、副总经理",
      "期初持股数": "",
      "期末持股数": "",
      "间接持股数": "",
      "从公司获得年度报酬总额": "561600",
      "补贴津贴": "",
      "变动原因说明": "",
      "是否在股东或关联单位领取报酬津贴": "否",
      "在任与否": "是"
    },
    {
      "领导人姓名": "裴彬彬",
      "职位描述": "董事",
      "期初持股数": "",
      "期末持股数": "106100",
      "间接持股数": "",
      "从公司获得年度报酬总额": "383500",
      "补贴津贴": "",
      "变动原因说明": "",
      "是否在股东或关联单位领取报酬津贴": "否",
      "在任与否": "是"
    },
    {
      "领导人姓名": "施伟锋",
      "职位描述": "监事、董事、财务负责人",
      "期初持股数": "",
      "期末持股数": "",
      "间接持股数": "",
      "从公司获得年度报酬总额": "310300",
      "补贴津贴": "",
      "变动原因说明": "",
      "是否在股东或关联单位领取报酬津贴": "否",
      "在任与否": "是"
    },
    {
      "领导人姓名": "王彬彬",
      "职位描述": "监事",
      "期初持股数": "",
      "期末持股数": "",
      "间接持股数": "",
      "从公司获得年度报酬总额": "",
      "补贴津贴": "",
      "变动原因说明": "",
      "是否在股东或关联单位领取报酬津贴": "",
      "在任与否": "否"
    },
    {
      "领导人姓名": "卞宏群",
      "职位描述": "监事",
      "期初持股数": "",
      "期末持股数": "",
      "间接持股数": "",
      "从公司获得年度报酬总额": "",
      "补贴津贴": "",
      "变动原因说明": "",
      "是否在股东或关联单位领取报酬津贴": "",
      "在任与否": "否"
    },
    {
      "领导人姓名": "杨兆全",
      "职位描述": "独立董事",
      "期初持股数": "",
      "期末持股数": "",
      "间接持股数": "",
      "从公司获得年度报酬总额": "120000",
      "补贴津贴": "",
      "变动原因说明": "",
      "是否在股东或关联单位领取报酬津贴": "否",
      "在任与否": "是"
    },
    {
      "领导人姓名": "花荣军",
      "职位描述": "独立董事",
      "期初持股数": "",
      "期末持股数": "",
      "间接持股数": "",
      "从公司获得年度报酬总额": "120000",
      "补贴津贴": "",
      "变动原因说明": "",
      "是否在股东或关联单位领取报酬津贴": "否",
      "在任与否": "是"
    },
    {
      "领导人姓名": "李昌莲",
      "职位描述": "独立董事",
      "期初持股数": "",
      "期末持股数": "",
      "间接持股数": "",
      "从公司获得年度报酬总额": "120000",
      "补贴津贴": "",
      "变动原因说明": "",
      "是否在股东或关联单位领取报酬津贴": "否",
      "在任与否": "是"
    }
  ]
}

=== 002749-2026-04-18-国光股份-2025年年度报告.pdf ===
{
  "Leader_Salary_data": {
    "实际所得报酬总额起始": "",
    "实际所得报酬总额截止": "",
    "实际所得报酬总额涉及人数": ""
  },
  "Leader_Hold_data": [
    {
      "领导人姓名": "何颉",
      "职位描述": "董事长、总裁",
      "期初持股数": "482675",
      "期末持股数": "434345",
      "间接持股数": "",
      "从公司获得年度报酬总额": "1174400",
      "补贴津贴": "",
      "变动原因说明": "2024年限制性股票激励计划第一次回购注销",
      "是否在股东或关联单位领取报酬津贴": "否",
      "在任与否": "是"
    },
    {
      "领导人姓名": "何鹏",
      "职位描述": "董事、副总裁",
      "期初持股数": "455248",
      "期末持股数": "405478",
      "间接持股数": "",
      "从公司获得年度报酬总额": "819900",
      "补贴津贴": "",
      "变动原因说明": "2024年限制性股票激励计划第一次回购注销",
      "是否在股东或关联单位领取报酬津贴": "否",
      "在任与否": "是"
    },
    {
      "领导人姓名": "邹涛",
      "职位描述": "董事、副总裁",
      "期初持股数": "132000",
      "期末持股数": "92400",
      "间接持股数": "",
      "从公司获得年度报酬总额": "733900",
      "补贴津贴": "",
      "变动原因说明": "2024年限制性股票激励计划第一次回购注销",
      "是否在股东或关联单位领取报酬津贴": "否",
      "在任与否": "是"
    },
    {
      "领导人姓名": "陈曦",
      "职位描述": "董事",
      "期初持股数": "1897987",
      "期末持股数": "1872247",
      "间接持股数": "",
      "从公司获得年度报酬总额": "438200",
      "补贴津贴": "",
      "变动原因说明": "2024年限制性股票激励计划第一次回购注销",
      "是否在股东或关联单位领取报酬津贴": "否",
      "在任与否": "是"
    },
    {
      "领导人姓名": "兰金珠",
      "职位描述": "董事",
      "期初持股数": "103000",
      "期末持股数": "70000",
      "间接持股数": "",
      "从公司获得年度报酬总额": "675900",
      "补贴津贴": "",
      "变动原因说明": "2024年限制性股票激励计划第一次回购注销及担任董事前通过集中竞价交易",
      "是否在股东或关联单位领取报酬津贴": "否",
      "在任与否": "是"
    },
    {
      "领导人姓名": "欧阳文恒",
      "职位描述": "职工董事",
      "期初持股数": "63500",
      "期末持股数": "44450",
      "间接持股数": "",
      "从公司获得年度报酬总额": "397300",
      "补贴津贴": "",
      "变动原因说明": "2024年限制性股票激励计划第一次回购注销",
      "是否在股东或关联单位领取报酬津贴": "否",
      "在任与否": "是"
    },
    {
      "领导人姓名": "花荣军",
      "职位描述": "独立董事",
      "期初持股数": "0",
      "期末持股数": "0",
      "间接持股数": "",
      "从公司获得年度报酬总额": "80000",
      "补贴津贴": "",
      "变动原因说明": "无",
      "是否在股东或关联单位领取报酬津贴": "否",
      "在任与否": "是"
    },
    {
      "领导人姓名": "毕超",
      "职位描述": "独立董事",
      "期初持股数": "0",
      "期末持股数": "0",
      "间接持股数": "",
      "从公司获得年度报酬总额": "0",
      "补贴津贴": "",
      "变动原因说明": "无",
      "是否在股东或关联单位领取报酬津贴": "否",
      "在任与否": "是"
    },
    {
      "领导人姓名": "刘云平",
      "职位描述": "独立董事",
      "期初持股数": "0",
      "期末持股数": "0",
      "间接持股数": "",
      "从公司获得年度报酬总额": "80000",
      "补贴津贴": "",
      "变动原因说明": "无",
      "是否在股东或关联单位领取报酬津贴": "否",
      "在任与否": "是"
    },
    {
      "领导人姓名": "吴攀道",
      "职位描述": "副总裁",
      "期初持股数": "340069",
      "期末持股数": "311329",
      "间接持股数": "",
      "从公司获得年度报酬总额": "615400",
      "补贴津贴": "",
      "变动原因说明": "2024年限制性股票激励计划第一次回购注销",
      "是否在股东或关联单位领取报酬津贴": "否",
      "在任与否": "是"
    },
    {
      "领导人姓名": "颜铭",
      "职位描述": "董事会秘书",
      "期初持股数": "7006345",
      "期末持股数": "6977305",
      "间接持股数": "",
      "从公司获得年度报酬总额": "500700",
      "补贴津贴": "",
      "变动原因说明": "2024年限制性股票激励计划第一次回购注销",
      "是否在股东或关联单位领取报酬津贴": "否",
      "在任与否": "是"
    },
    {
      "领导人姓名": "杨磊",
      "职位描述": "财务总监",
      "期初持股数": "124700",
      "期末持股数": "99350",
      "间接持股数": "",
      "从公司获得年度报酬总额": "540300",
      "补贴津贴": "",
      "变动原因说明": "2024年限制性股票激励计划第一次回购注销",
      "是否在股东或关联单位领取报酬津贴": "否",
      "在任与否": "是"
    }
  ]
}

=== 002457-2026-04-18-青龙管业-2025年年度报告.pdf ===
{
  "Leader_Salary_data": {
    "实际所得报酬总额起始": "",
    "实际所得报酬总额截止": "",
    "实际所得报酬总额涉及人数": ""
  },
  "Leader_Hold_data": [
    {
      "领导人姓名": "李骞",
      "职位描述": "董事长、总经理、副董事长",
      "期初持股数": "",
      "期末持股数": "",
      "间接持股数": "",
      "从公司获得年度报酬总额": "550000",
      "补贴津贴": "",
      "变动原因说明": "",
      "是否在股东或关联单位领取报酬津贴": "否",
      "在任与否": "是"
    },
    {
      "领导人姓名": "高健宝",
      "职位描述": "董事、副总经理",
      "期初持股数": "",
      "期末持股数": "",
      "间接持股数": "",
      "从公司获得年度报酬总额": "500000",
      "补贴津贴": "",
      "变动原因说明": "",
      "是否在股东或关联单位领取报酬津贴": "否",
      "在任与否": "是"
    },
    {
      "领导人姓名": "赵灵山",
      "职位描述": "董事、副总经理",
      "期初持股数": "",
      "期末持股数": "",
      "间接持股数": "",
      "从公司获得年度报酬总额": "500000",
      "补贴津贴": "",
      "变动原因说明": "",
      "是否在股东或关联单位领取报酬津贴": "否",
      "在任与否": "是"
    },
    {
      "领导人姓名": "宋永东",
      "职位描述": "董事、财务总监、董事会秘书",
      "期初持股数": "",
      "期末持股数": "",
      "间接持股数": "",
      "从公司获得年度报酬总额": "400000",
      "补贴津贴": "",
      "变动原因说明": "",
      "是否在股东或关联单位领取报酬津贴": "否",
      "在任与否": "是"
    },
    {
      "领导人姓名": "任志超",
      "职位描述": "董事",
      "期初持股数": "",
      "期末持股数": "",
      "间接持股数": "",
      "从公司获得年度报酬总额": "200000",
      "补贴津贴": "",
      "变动原因说明": "",
      "是否在股东或关联单位领取报酬津贴": "否",
      "在任与否": "是"
    },
    {
      "领导人姓名": "王天骄",
      "职位描述": "董事",
      "期初持股数": "",
      "期末持股数": "",
      "间接持股数": "",
      "从公司获得年度报酬总额": "200000",
      "补贴津贴": "",
      "变动原因说明": "",
      "是否在股东或关联单位领取报酬津贴": "否",
      "在任与否": "是"
    },
    {
      "领导人姓名": "王海智",
      "职位描述": "独立董事",
      "期初持股数": "",
      "期末持股数": "",
      "间接持股数": "",
      "从公司获得年度报酬总额": "0",
      "补贴津贴": "80000",
      "变动原因说明": "",
      "是否在股东或关联单位领取报酬津贴": "否",
      "在任与否": "是"
    },
    {
      "领导人姓名": "汤鹏",
      "职位描述": "独立董事",
      "期初持股数": "",
      "期末持股数": "",
      "间接持股数": "",
      "从公司获得年度报酬总额": "0",
      "补贴津贴": "80000",
      "变动原因说明": "",
      "是否在股东或关联单位领取报酬津贴": "否",
      "在任与否": "是"
    },
    {
      "领导人姓名": "马开茂",
      "职位描述": "独立董事",
      "期初持股数": "",
      "期末持股数": "",
      "间接持股数": "",
      "从公司获得年度报酬总额": "0",
      "补贴津贴": "80000",
      "变动原因说明": "",
      "是否在股东或关联单位领取报酬津贴": "否",
      "在任与否": "是"
    },
    {
      "领导人姓名": "范仁平",
      "职位描述": "董事会秘书",
      "期初持股数": "",
      "期末持股数": "",
      "间接持股数": "",
      "从公司获得年度报酬总额": "100000",
      "补贴津贴": "",
      "变动原因说明": "",
      "是否在股东或关联单位领取报酬津贴": "否",
      "在任与否": "否"
    },
    {
      "领导人姓名": "高宏斌",
      "职位描述": "董事长",
      "期初持股数": "",
      "期末持股数": "",
      "间接持股数": "",
      "从公司获得年度报酬总额": "300000",
      "补贴津贴": "",
      "变动原因说明": "",
      "是否在股东或关联单位领取报酬津贴": "否",
      "在任与否": "否"
    },
    {
      "领导人姓名": "陈永伟",
      "职位描述": "董事",
      "期初持股数": "15000",
      "期末持股数": "15000",
      "间接持股数": "",
      "从公司获得年度报酬总额": "360000",
      "补贴津贴": "",
      "变动原因说明": "",
      "是否在股东或关联单位领取报酬津贴": "否",
      "在任与否": "否"
    },
    {
      "领导人姓名": "路洪泉",
      "职位描述": "董事",
      "期初持股数": "",
      "期末持股数": "",
      "间接持股数": "",
      "从公司获得年度报酬总额": "80000",
      "补贴津贴": "",
      "变动原因说明": "",
      "是否在股东或关联单位领取报酬津贴": "否",
      "在任与否": "否"
    },
    {
      "领导人姓名": "吴春芳",
      "职位描述": "独立董事",
      "期初持股数": "",
      "期末持股数": "",
      "间接持股数": "",
      "从公司获得年度报酬总额": "80000",
      "补贴津贴": "80000",
      "变动原因说明": "",
      "是否在股东或关联单位领取报酬津贴": "否",
      "在任与否": "否"
    },
    {
      "领导人姓名": "王力",
      "职位描述": "独立董事",
      "期初持股数": "",
      "期末持股数": "",
      "间接持股数": "",
      "从公司获得年度报酬总额": "80000",
      "补贴津贴": "80000",
      "变动原因说明": "",
      "是否在股东或关联单位领取报酬津贴": "否",
      "在任与否": "否"
    },
    {
      "领导人姓名": "黄玖立",
      "职位描述": "独立董事",
      "期初持股数": "",
      "期末持股数": "",
      "间接持股数": "",
      "从公司获得年度报酬总额": "80000",
      "补贴津贴": "80000",
      "变动原因说明": "",
      "是否在股东或关联单位领取报酬津贴": "否",
      "在任与否": "否"
    },
    {
      "领导人姓名": "柳灵运",
      "职位描述": "监事",
      "期初持股数": "205201",
      "期末持股数": "205201",
      "间接持股数": "",
      "从公司获得年度报酬总额": "233000",
      "补贴津贴": "",
      "变动原因说明": "",
      "是否在股东或关联单位领取报酬津贴": "否",
      "在任与否": "否"
    },
    {
      "领导人姓名": "董攀",
      "职位描述": "监事",
      "期初持股数": "",
      "期末持股数": "",
      "间接持股数": "",
      "从公司获得年度报酬总额": "100000",
      "补贴津贴": "",
      "变动原因说明": "",
      "是否在股东或关联单位领取报酬津贴": "否",
      "在任与否": "否"
    },
    {
      "领导人姓名": "张建华",
      "职位描述": "监事",
      "期初持股数": "",
      "期末持股数": "",
      "间接持股数": "",
      "从公司获得年度报酬总额": "120000",
      "补贴津贴": "",
      "变动原因说明": "",
      "是否在股东或关联单位领取报酬津贴": "否",
      "在任与否": "否"
    }
  ]
}

=== 002572-2026-04-18-索菲亚-2025年年度报告.pdf ===
{
  "Leader_Salary_data": {
    "实际所得报酬总额起始": "",
    "实际所得报酬总额截止": "",
    "实际所得报酬总额涉及人数": ""
  },
  "Leader_Hold_data": [
    {
      "领导人姓名": "江淦钧",
      "职位描述": "董事长、董事",
      "期初持股数": "207422363",
      "期末持股数": "155566773",
      "间接持股数": "",
      "从公司获得年度报酬总额": "1275100",
      "补贴津贴": "",
      "变动原因说明": "股份转让",
      "是否在股东或关联单位领取报酬津贴": "否",
      "在任与否": "是"
    },
    {
      "领导人姓名": "柯建生",
      "职位描述": "董事",
      "期初持股数": "207422363",
      "期末持股数": "155566773",
      "间接持股数": "",
      "从公司获得年度报酬总额": "1275100",
      "补贴津贴": "",
      "变动原因说明": "股份转让",
      "是否在股东或关联单位领取报酬津贴": "否",
      "在任与否": "是"
    },
    {
      "领导人姓名": "王亚晶",
      "职位描述": "董事",
      "期初持股数": "0",
      "期末持股数": "0",
      "间接持股数": "",
      "从公司获得年度报酬总额": "224600",
      "补贴津贴": "",
      "变动原因说明": "",
      "是否在股东或关联单位领取报酬津贴": "否",
      "在任与否": "是"
    },
    {
      "领导人姓名": "李力",
      "职位描述": "董事",
      "期初持股数": "0",
      "期末持股数": "0",
      "间接持股数": "",
      "从公司获得年度报酬总额": "0",
      "补贴津贴": "",
      "变动原因说明": "",
      "是否在股东或关联单位领取报酬津贴": "是",
      "在任与否": "是"
    },
    {
      "领导人姓名": "吉争雄",
      "职位描述": "独立董事",
      "期初持股数": "0",
      "期末持股数": "0",
      "间接持股数": "",
      "从公司获得年度报酬总额": "120000",
      "补贴津贴": "120000",
      "变动原因说明": "",
      "是否在股东或关联单位领取报酬津贴": "否",
      "在任与否": "是"
    },
    {
      "领导人姓名": "徐勇",
      "职位描述": "独立董事",
      "期初持股数": "0",
      "期末持股数": "0",
      "间接持股数": "",
      "从公司获得年度报酬总额": "120000",
      "补贴津贴": "120000",
      "变动原因说明": "",
      "是否在股东或关联单位领取报酬津贴": "否",
      "在任与否": "是"
    },
    {
      "领导人姓名": "郭飏",
      "职位描述": "独立董事",
      "期初持股数": "0",
      "期末持股数": "0",
      "间接持股数": "",
      "从公司获得年度报酬总额": "120000",
      "补贴津贴": "120000",
      "变动原因说明": "",
      "是否在股东或关联单位领取报酬津贴": "否",
      "在任与否": "是"
    },
    {
      "领导人姓名": "王兵",
      "职位描述": "总经理",
      "期初持股数": "0",
      "期末持股数": "0",
      "间接持股数": "",
      "从公司获得年度报酬总额": "2607400",
      "补贴津贴": "",
      "变动原因说明": "",
      "是否在股东或关联单位领取报酬津贴": "否",
      "在任与否": "是"
    },
    {
      "领导人姓名": "吕先红",
      "职位描述": "副总经理",
      "期初持股数": "0",
      "期末持股数": "0",
      "间接持股数": "",
      "从公司获得年度报酬总额": "670700",
      "补贴津贴": "",
      "变动原因说明": "",
      "是否在股东或关联单位领取报酬津贴": "否",
      "在任与否": "否"
    },
    {
      "领导人姓名": "陈炜",
      "职位描述": "副总经理",
      "期初持股数": "0",
      "期末持股数": "0",
      "间接持股数": "",
      "从公司获得年度报酬总额": "2213700",
      "补贴津贴": "",
      "变动原因说明": "",
      "是否在股东或关联单位领取报酬津贴": "否",
      "在任与否": "是"
    },
    {
      "领导人姓名": "马远宁",
      "职位描述": "财务总监",
      "期初持股数": "0",
      "期末持股数": "0",
      "间接持股数": "",
      "从公司获得年度报酬总额": "1160400",
      "补贴津贴": "",
      "变动原因说明": "",
      "是否在股东或关联单位领取报酬津贴": "否",
      "在任与否": "是"
    },
    {
      "领导人姓名": "陈蓉",
      "职位描述": "董事会秘书",
      "期初持股数": "0",
      "期末持股数": "0",
      "间接持股数": "",
      "从公司获得年度报酬总额": "330400",
      "补贴津贴": "",
      "变动原因说明": "",
      "是否在股东或关联单位领取报酬津贴": "否",
      "在任与否": "是"
    }
  ]
}

=== 002664-2026-04-18-信质集团-2025年年度报告.pdf ===
{
  "Leader_Salary_data": {
    "实际所得报酬总额起始": "",
    "实际所得报酬总额截止": "",
    "实际所得报酬总额涉及人数": ""
  },
  "Leader_Hold_data": [
    {
      "领导人姓名": "尹巍",
      "职位描述": "董事长",
      "期初持股数": "6292550",
      "期末持股数": "6292550",
      "间接持股数": "",
      "从公司获得年度报酬总额": "369900",
      "补贴津贴": "",
      "变动原因说明": "",
      "是否在股东或关联单位领取报酬津贴": "否",
      "在任与否": "是"
    },
    {
      "领导人姓名": "徐正辉",
      "职位描述": "副董事长、总裁",
      "期初持股数": "260000",
      "期末持股数": "195000",
      "间接持股数": "",
      "从公司获得年度报酬总额": "950000",
      "补贴津贴": "",
      "变动原因说明": "个人资金需求",
      "是否在股东或关联单位领取报酬津贴": "否",
      "在任与否": "是"
    },
    {
      "领导人姓名": "李立峰",
      "职位描述": "董事",
      "期初持股数": "0",
      "期末持股数": "0",
      "间接持股数": "",
      "从公司获得年度报酬总额": "0",
      "补贴津贴": "",
      "变动原因说明": "",
      "是否在股东或关联单位领取报酬津贴": "是",
      "在任与否": "是"
    },
    {
      "领导人姓名": "周苏娇",
      "职位描述": "董事",
      "期初持股数": "172000",
      "期末持股数": "129000",
      "间接持股数": "",
      "从公司获得年度报酬总额": "612000",
      "补贴津贴": "",
      "变动原因说明": "个人资金需求",
      "是否在股东或关联单位领取报酬津贴": "否",
      "在任与否": "是"
    },
    {
      "领导人姓名": "马前程",
      "职位描述": "董事",
      "期初持股数": "",
      "期末持股数": "0",
      "间接持股数": "",
      "从公司获得年度报酬总额": "90000",
      "补贴津贴": "",
      "变动原因说明": "",
      "是否在股东或关联单位领取报酬津贴": "否",
      "在任与否": "是"
    },
    {
      "领导人姓名": "毛美英",
      "职位描述": "独立董事",
      "期初持股数": "",
      "期末持股数": "0",
      "间接持股数": "",
      "从公司获得年度报酬总额": "90000",
      "补贴津贴": "",
      "变动原因说明": "",
      "是否在股东或关联单位领取报酬津贴": "否",
      "在任与否": "是"
    },
    {
      "领导人姓名": "陈毅敏",
      "职位描述": "独立董事",
      "期初持股数": "",
      "期末持股数": "0",
      "间接持股数": "",
      "从公司获得年度报酬总额": "90000",
      "补贴津贴": "",
      "变动原因说明": "",
      "是否在股东或关联单位领取报酬津贴": "否",
      "在任与否": "是"
    },
    {
      "领导人姓名": "陈琪",
      "职位描述": "独立董事",
      "期初持股数": "",
      "期末持股数": "0",
      "间接持股数": "",
      "从公司获得年度报酬总额": "0",
      "补贴津贴": "",
      "变动原因说明": "",
      "是否在股东或关联单位领取报酬津贴": "否",
      "在任与否": "是"
    },
    {
      "领导人姓名": "陶开江",
      "职位描述": "职工代表董事",
      "期初持股数": "",
      "期末持股数": "0",
      "间接持股数": "",
      "从公司获得年度报酬总额": "640000",
      "补贴津贴": "",
      "变动原因说明": "",
      "是否在股东或关联单位领取报酬津贴": "否",
      "在任与否": "是"
    },
    {
      "领导人姓名": "楚瑞明",
      "职位描述": "财务负责人",
      "期初持股数": "258000",
      "期末持股数": "193500",
      "间接持股数": "",
      "从公司获得年度报酬总额": "604800",
      "补贴津贴": "",
      "变动原因说明": "个人资金需求",
      "是否在股东或关联单位领取报酬津贴": "否",
      "在任与否": "是"
    },
    {
      "领导人姓名": "陈世海",
      "职位描述": "董事会秘书",
      "期初持股数": "258000",
      "期末持股数": "193500",
      "间接持股数": "",
      "从公司获得年度报酬总额": "514800",
      "补贴津贴": "",
      "变动原因说明": "个人资金需求",
      "是否在股东或关联单位领取报酬津贴": "否",
      "在任与否": "是"
    },
    {
      "领导人姓名": "李海强",
      "职位描述": "董事、副总裁",
      "期初持股数": "258000",
      "期末持股数": "193500",
      "间接持股数": "",
      "从公司获得年度报酬总额": "320000",
      "补贴津贴": "",
      "变动原因说明": "个人资金需求",
      "是否在股东或关联单位领取报酬津贴": "否",
      "在任与否": "否"
    },
    {
      "领导人姓名": "喻璠",
      "职位描述": "董事",
      "期初持股数": "0",
      "期末持股数": "0",
      "间接持股数": "",
      "从公司获得年度报酬总额": "0",
      "补贴津贴": "",
      "变动原因说明": "",
      "是否在股东或关联单位领取报酬津贴": "否",
      "在任与否": "否"
    },
    {
      "领导人姓名": "周岳江",
      "职位描述": "独立董事",
      "期初持股数": "0",
      "期末持股数": "0",
      "间接持股数": "",
      "从公司获得年度报酬总额": "90000",
      "补贴津贴": "",
      "变动原因说明": "",
      "是否在股东或关联单位领取报酬津贴": "否",
      "在任与否": "否"
    }
  ]
}

=== 002968-2026-04-18-新大正-2025年年度报告.pdf ===
{
  "Leader_Salary_data": {
    "实际所得报酬总额起始": "",
    "实际所得报酬总额截止": "",
    "实际所得报酬总额涉及人数": ""
  },
  "Leader_Hold_data": [
    {
      "领导人姓名": "李茂顺",
      "职位描述": "董事长",
      "期初持股数": "15750000",
      "期末持股数": "15750000",
      "间接持股数": "",
      "从公司获得年度报酬总额": "1331000",
      "补贴津贴": "",
      "变动原因说明": "",
      "是否在股东或关联单位领取报酬津贴": "否",
      "在任与否": "是"
    },
    {
      "领导人姓名": "刘文波",
      "职位描述": "董事、首席执行官（总裁）",
      "期初持股数": "654500",
      "期末持股数": "654500",
      "间接持股数": "",
      "从公司获得年度报酬总额": "1330600",
      "补贴津贴": "",
      "变动原因说明": "",
      "是否在股东或关联单位领取报酬津贴": "否",
      "在任与否": "是"
    },
    {
      "领导人姓名": "王荣",
      "职位描述": "董事",
      "期初持股数": "",
      "期末持股数": "",
      "间接持股数": "",
      "从公司获得年度报酬总额": "60000",
      "补贴津贴": "",
      "变动原因说明": "",
      "是否在股东或关联单位领取报酬津贴": "否",
      "在任与否": "是"
    },
    {
      "领导人姓名": "刘星",
      "职位描述": "董事",
      "期初持股数": "",
      "期末持股数": "",
      "间接持股数": "",
      "从公司获得年度报酬总额": "60000",
      "补贴津贴": "",
      "变动原因说明": "",
      "是否在股东或关联单位领取报酬津贴": "否",
      "在任与否": "是"
    },
    {
      "领导人姓名": "张璐",
      "职位描述": "独立董事",
      "期初持股数": "",
      "期末持股数": "",
      "间接持股数": "",
      "从公司获得年度报酬总额": "60000",
      "补贴津贴": "",
      "变动原因说明": "",
      "是否在股东或关联单位领取报酬津贴": "否",
      "在任与否": "是"
    },
    {
      "领导人姓名": "蒋弘",
      "职位描述": "独立董事",
      "期初持股数": "",
      "期末持股数": "",
      "间接持股数": "",
      "从公司获得年度报酬总额": "60000",
      "补贴津贴": "",
      "变动原因说明": "",
      "是否在股东或关联单位领取报酬津贴": "否",
      "在任与否": "是"
    },
    {
      "领导人姓名": "梁舒楠",
      "职位描述": "独立董事",
      "期初持股数": "",
      "期末持股数": "",
      "间接持股数": "",
      "从公司获得年度报酬总额": "60000",
      "补贴津贴": "",
      "变动原因说明": "",
      "是否在股东或关联单位领取报酬津贴": "否",
      "在任与否": "是"
    },
    {
      "领导人姓名": "熊淑英",
      "职位描述": "职工代表董事",
      "期初持股数": "1000",
      "期末持股数": "1000",
      "间接持股数": "",
      "从公司获得年度报酬总额": "475300",
      "补贴津贴": "",
      "变动原因说明": "",
      "是否在股东或关联单位领取报酬津贴": "否",
      "在任与否": "是"
    },
    {
      "领导人姓名": "杨谭",
      "职位描述": "财务负责人、董事会秘书",
      "期初持股数": "74500",
      "期末持股数": "74500",
      "间接持股数": "",
      "从公司获得年度报酬总额": "872600",
      "补贴津贴": "",
      "变动原因说明": "",
      "是否在股东或关联单位领取报酬津贴": "否",
      "在任与否": "是"
    },
    {
      "领导人姓名": "高文田",
      "职位描述": "首席运营官",
      "期初持股数": "211200",
      "期末持股数": "211200",
      "间接持股数": "",
      "从公司获得年度报酬总额": "988900",
      "补贴津贴": "",
      "变动原因说明": "",
      "是否在股东或关联单位领取报酬津贴": "否",
      "在任与否": "否"
    },
    {
      "领导人姓名": "于亭",
      "职位描述": "首席数字官",
      "期初持股数": "",
      "期末持股数": "",
      "间接持股数": "",
      "从公司获得年度报酬总额": "711900",
      "补贴津贴": "",
      "变动原因说明": "",
      "是否在股东或关联单位领取报酬津贴": "否",
      "在任与否": "是"
    },
    {
      "领导人姓名": "柏余斌",
      "职位描述": "首席人力资源官",
      "期初持股数": "",
      "期末持股数": "",
      "间接持股数": "",
      "从公司获得年度报酬总额": "735900",
      "补贴津贴": "",
      "变动原因说明": "",
      "是否在股东或关联单位领取报酬津贴": "否",
      "在任与否": "是"
    },
    {
      "领导人姓名": "汪英武",
      "职位描述": "首席市场官",
      "期初持股数": "",
      "期末持股数": "",
      "间接持股数": "",
      "从公司获得年度报酬总额": "1101200",
      "补贴津贴": "",
      "变动原因说明": "",
      "是否在股东或关联单位领取报酬津贴": "否",
      "在任与否": "是"
    },
    {
      "领导人姓名": "翁家林",
      "职位描述": "董事会秘书",
      "期初持股数": "106300",
      "期末持股数": "106300",
      "间接持股数": "",
      "从公司获得年度报酬总额": "237400",
      "补贴津贴": "",
      "变动原因说明": "",
      "是否在股东或关联单位领取报酬津贴": "否",
      "在任与否": "否"
    }
  ]
}

=== 003006-2026-04-18-百亚股份-2025年年度报告.pdf ===
{
  "Leader_Salary_data": {
    "实际所得报酬总额起始": "",
    "实际所得报酬总额截止": "",
    "实际所得报酬总额涉及人数": ""
  },
  "Leader_Hold_data": [
    {
      "领导人姓名": "冯永林",
      "职位描述": "董事长、总经理",
      "期初持股数": "0",
      "期末持股数": "0",
      "间接持股数": "",
      "从公司获得年度报酬总额": "1445600",
      "补贴津贴": "",
      "变动原因说明": "",
      "是否在股东或关联单位领取报酬津贴": "否",
      "在任与否": "是"
    },
    {
      "领导人姓名": "谢秋林",
      "职位描述": "董事",
      "期初持股数": "0",
      "期末持股数": "1433100",
      "间接持股数": "",
      "从公司获得年度报酬总额": "0",
      "补贴津贴": "",
      "变动原因说明": "个人原因",
      "是否在股东或关联单位领取报酬津贴": "是",
      "在任与否": "是"
    },
    {
      "领导人姓名": "金铭",
      "职位描述": "董事",
      "期初持股数": "0",
      "期末持股数": "0",
      "间接持股数": "",
      "从公司获得年度报酬总额": "0",
      "补贴津贴": "",
      "变动原因说明": "",
      "是否在股东或关联单位领取报酬津贴": "否",
      "在任与否": "是"
    },
    {
      "领导人姓名": "曹业林",
      "职位描述": "董事、营销总监",
      "期初持股数": "0",
      "期末持股数": "0",
      "间接持股数": "",
      "从公司获得年度报酬总额": "1396200",
      "补贴津贴": "",
      "变动原因说明": "",
      "是否在股东或关联单位领取报酬津贴": "否",
      "在任与否": "是"
    },
    {
      "领导人姓名": "张黎",
      "职位描述": "董事、财务总监、董事会秘书",
      "期初持股数": "0",
      "期末持股数": "0",
      "间接持股数": "",
      "从公司获得年度报酬总额": "818100",
      "补贴津贴": "",
      "变动原因说明": "",
      "是否在股东或关联单位领取报酬津贴": "否",
      "在任与否": "是"
    },
    {
      "领导人姓名": "梅莹鹏",
      "职位描述": "职工代表董事、董事",
      "期初持股数": "0",
      "期末持股数": "0",
      "间接持股数": "",
      "从公司获得年度报酬总额": "1040700",
      "补贴津贴": "",
      "变动原因说明": "",
      "是否在股东或关联单位领取报酬津贴": "否",
      "在任与否": "是"
    },
    {
      "领导人姓名": "江积海",
      "职位描述": "独立董事",
      "期初持股数": "0",
      "期末持股数": "0",
      "间接持股数": "",
      "从公司获得年度报酬总额": "150000",
      "补贴津贴": "",
      "变动原因说明": "",
      "是否在股东或关联单位领取报酬津贴": "否",
      "在任与否": "是"
    },
    {
      "领导人姓名": "郝颖",
      "职位描述": "独立董事",
      "期初持股数": "0",
      "期末持股数": "0",
      "间接持股数": "",
      "从公司获得年度报酬总额": "150000",
      "补贴津贴": "",
      "变动原因说明": "",
      "是否在股东或关联单位领取报酬津贴": "否",
      "在任与否": "是"
    },
    {
      "领导人姓名": "马赟",
      "职位描述": "独立董事",
      "期初持股数": "0",
      "期末持股数": "0",
      "间接持股数": "",
      "从公司获得年度报酬总额": "150000",
      "补贴津贴": "",
      "变动原因说明": "",
      "是否在股东或关联单位领取报酬津贴": "否",
      "在任与否": "是"
    }
  ]
}

=== 002415-2026-04-18-海康威视-2025年年度报告.pdf ===
{
  "Leader_Salary_data": {
    "实际所得报酬总额起始": "",
    "实际所得报酬总额截止": "",
    "实际所得报酬总额涉及人数": ""
  },
  "Leader_Hold_data": [
    {
      "领导人姓名": "胡扬忠",
      "职位描述": "董事长",
      "期初持股数": "155996477",
      "期末持股数": "155996477",
      "间接持股数": "",
      "从公司获得年度报酬总额": "2990000",
      "补贴津贴": "",
      "变动原因说明": "",
      "是否在股东或关联单位领取报酬津贴": "否",
      "在任与否": "是"
    },
    {
      "领导人姓名": "傅柏军",
      "职位描述": "董事",
      "期初持股数": "0",
      "期末持股数": "0",
      "间接持股数": "",
      "从公司获得年度报酬总额": "0",
      "补贴津贴": "",
      "变动原因说明": "",
      "是否在股东或关联单位领取报酬津贴": "是",
      "在任与否": "是"
    },
    {
      "领导人姓名": "徐立兴",
      "职位描述": "董事",
      "期初持股数": "0",
      "期末持股数": "0",
      "间接持股数": "",
      "从公司获得年度报酬总额": "0",
      "补贴津贴": "",
      "变动原因说明": "",
      "是否在股东或关联单位领取报酬津贴": "是",
      "在任与否": "是"
    },
    {
      "领导人姓名": "徐鹏",
      "职位描述": "董事、总经理",
      "期初持股数": "38622",
      "期末持股数": "38622",
      "间接持股数": "",
      "从公司获得年度报酬总额": "3450000",
      "补贴津贴": "",
      "变动原因说明": "",
      "是否在股东或关联单位领取报酬津贴": "否",
      "在任与否": "是"
    },
    {
      "领导人姓名": "王秋潮",
      "职位描述": "董事",
      "期初持股数": "35000",
      "期末持股数": "35000",
      "间接持股数": "",
      "从公司获得年度报酬总额": "300000",
      "补贴津贴": "",
      "变动原因说明": "",
      "是否在股东或关联单位领取报酬津贴": "否",
      "在任与否": "是"
    },
    {
      "领导人姓名": "吴晓波",
      "职位描述": "独立董事",
      "期初持股数": "0",
      "期末持股数": "0",
      "间接持股数": "",
      "从公司获得年度报酬总额": "300000",
      "补贴津贴": "300000",
      "变动原因说明": "",
      "是否在股东或关联单位领取报酬津贴": "否",
      "在任与否": "是"
    },
    {
      "领导人姓名": "胡瑞敏",
      "职位描述": "独立董事",
      "期初持股数": "0",
      "期末持股数": "0",
      "间接持股数": "",
      "从公司获得年度报酬总额": "300000",
      "补贴津贴": "300000",
      "变动原因说明": "",
      "是否在股东或关联单位领取报酬津贴": "否",
      "在任与否": "是"
    },
    {
      "领导人姓名": "吕长江",
      "职位描述": "独立董事",
      "期初持股数": "0",
      "期末持股数": "0",
      "间接持股数": "",
      "从公司获得年度报酬总额": "300000",
      "补贴津贴": "300000",
      "变动原因说明": "",
      "是否在股东或关联单位领取报酬津贴": "否",
      "在任与否": "是"
    },
    {
      "领导人姓名": "谭小芬",
      "职位描述": "独立董事",
      "期初持股数": "0",
      "期末持股数": "0",
      "间接持股数": "",
      "从公司获得年度报酬总额": "300000",
      "补贴津贴": "300000",
      "变动原因说明": "",
      "是否在股东或关联单位领取报酬津贴": "否",
      "在任与否": "是"
    },
    {
      "领导人姓名": "王丹",
      "职位描述": "职工代表董事",
      "期初持股数": "23690",
      "期末持股数": "23690",
      "间接持股数": "",
      "从公司获得年度报酬总额": "320000",
      "补贴津贴": "",
      "变动原因说明": "",
      "是否在股东或关联单位领取报酬津贴": "否",
      "在任与否": "是"
    },
    {
      "领导人姓名": "何虹丽",
      "职位描述": "高级副总经理",
      "期初持股数": "331500",
      "期末持股数": "331500",
      "间接持股数": "",
      "从公司获得年度报酬总额": "3340000",
      "补贴津贴": "",
      "变动原因说明": "",
      "是否在股东或关联单位领取报酬津贴": "否",
      "在任与否": "是"
    },
    {
      "领导人姓名": "浦世亮",
      "职位描述": "高级副总经理",
      "期初持股数": "265900",
      "期末持股数": "265900",
      "间接持股数": "",
      "从公司获得年度报酬总额": "3350000",
      "补贴津贴": "",
      "变动原因说明": "",
      "是否在股东或关联单位领取报酬津贴": "否",
      "在任与否": "是"
    },
    {
      "领导人姓名": "郭旭东",
      "职位描述": "高级副总经理",
      "期初持股数": "51140",
      "期末持股数": "51140",
      "间接持股数": "",
      "从公司获得年度报酬总额": "3170000",
      "补贴津贴": "",
      "变动原因说明": "",
      "是否在股东或关联单位领取报酬津贴": "否",
      "在任与否": "是"
    },
    {
      "领导人姓名": "徐习明",
      "职位描述": "高级副总经理",
      "期初持股数": "147900",
      "期末持股数": "147900",
      "间接持股数": "",
      "从公司获得年度报酬总额": "3150000",
      "补贴津贴": "",
      "变动原因说明": "",
      "是否在股东或关联单位领取报酬津贴": "否",
      "在任与否": "是"
    },
    {
      "领导人姓名": "陈军科",
      "职位描述": "高级副总经理",
      "期初持股数": "0",
      "期末持股数": "0",
      "间接持股数": "",
      "从公司获得年度报酬总额": "2890000",
      "补贴津贴": "",
      "变动原因说明": "",
      "是否在股东或关联单位领取报酬津贴": "否",
      "在任与否": "是"
    },
    {
      "领导人姓名": "黄方红",
      "职位描述": "高级副总经理",
      "期初持股数": "399500",
      "期末持股数": "399500",
      "间接持股数": "",
      "从公司获得年度报酬总额": "3050000",
      "补贴津贴": "",
      "变动原因说明": "",
      "是否在股东或关联单位领取报酬津贴": "否",
      "在任与否": "是"
    },
    {
      "领导人姓名": "金艳",
      "职位描述": "高级副总经理、财务负责人",
      "期初持股数": "251000",
      "期末持股数": "251000",
      "间接持股数": "",
      "从公司获得年度报酬总额": "2890000",
      "补贴津贴": "",
      "变动原因说明": "",
      "是否在股东或关联单位领取报酬津贴": "否",
      "在任与否": "是"
    },
    {
      "领导人姓名": "蔡昶阳",
      "职位描述": "高级副总经理",
      "期初持股数": "109500",
      "期末持股数": "109500",
      "间接持股数": "",
      "从公司获得年度报酬总额": "2890000",
      "补贴津贴": "",
      "变动原因说明": "",
      "是否在股东或关联单位领取报酬津贴": "否",
      "在任与否": "是"
    },
    {
      "领导人姓名": "奉玮",
      "职位描述": "高级副总经理、董事会秘书",
      "期初持股数": "0",
      "期末持股数": "0",
      "间接持股数": "",
      "从公司获得年度报酬总额": "2890000",
      "补贴津贴": "",
      "变动原因说明": "",
      "是否在股东或关联单位领取报酬津贴": "否",
      "在任与否": "是"
    },
    {
      "领导人姓名": "陆建忠",
      "职位描述": "监事会主席",
      "期初持股数": "0",
      "期末持股数": "0",
      "间接持股数": "",
      "从公司获得年度报酬总额": "150000",
      "补贴津贴": "",
      "变动原因说明": "",
      "是否在股东或关联单位领取报酬津贴": "否",
      "在任与否": "否"
    },
    {
      "领导人姓名": "黄星",
      "职位描述": "监事",
      "期初持股数": "0",
      "期末持股数": "0",
      "间接持股数": "",
      "从公司获得年度报酬总额": "0",
      "补贴津贴": "",
      "变动原因说明": "",
      "是否在股东或关联单位领取报酬津贴": "是",
      "在任与否": "否"
    },
    {
      "领导人姓名": "潘佳",
      "职位描述": "职工代表监事",
      "期初持股数": "54625",
      "期末持股数": "54625",
      "间接持股数": "",
      "从公司获得年度报酬总额": "1060000",
      "补贴津贴": "",
      "变动原因说明": "",
      "是否在股东或关联单位领取报酬津贴": "否",
      "在任与否": "否"
    }
  ]
}

=== 002987-2026-04-18-京北方-2025年年度报告.pdf ===
{
  "Leader_Salary_data": {
    "实际所得报酬总额起始": "",
    "实际所得报酬总额截止": "",
    "实际所得报酬总额涉及人数": ""
  },
  "Leader_Hold_data": [
    {
      "领导人姓名": "费振勇",
      "职位描述": "董事长、总经理",
      "期初持股数": "1205523",
      "期末持股数": "1687732",
      "间接持股数": "",
      "从公司获得年度报酬总额": "1251200",
      "补贴津贴": "",
      "变动原因说明": "公司进行2024年年度权益分派，每10股转增4股",
      "是否在股东或关联单位领取报酬津贴": "否",
      "在任与否": "是"
    },
    {
      "领导人姓名": "丁志鹏",
      "职位描述": "副董事长",
      "期初持股数": "19894116",
      "期末持股数": "25052446",
      "间接持股数": "",
      "从公司获得年度报酬总额": "927100",
      "补贴津贴": "",
      "变动原因说明": "通过集中竞价方式减持1999512股；公司进行2024年年度权益分派，每10股转增4股",
      "是否在股东或关联单位领取报酬津贴": "否",
      "在任与否": "是"
    },
    {
      "领导人姓名": "刘海凝",
      "职位描述": "董事",
      "期初持股数": "0",
      "期末持股数": "0",
      "间接持股数": "",
      "从公司获得年度报酬总额": "180000",
      "补贴津贴": "",
      "变动原因说明": "",
      "是否在股东或关联单位领取报酬津贴": "否",
      "在任与否": "是"
    },
    {
      "领导人姓名": "赵龙虎",
      "职位描述": "董事、副总经理",
      "期初持股数": "1648844",
      "期末持股数": "1591022",
      "间接持股数": "",
      "从公司获得年度报酬总额": "1076800",
      "补贴津贴": "",
      "变动原因说明": "通过集中竞价方式减529200股；2023年股票期权与限制性股票激励计划部分限制性股票回购注销；公司进行2024年年度权益分派，每10股转增4股",
      "是否在股东或关联单位领取报酬津贴": "否",
      "在任与否": "是"
    },
    {
      "领导人姓名": "樊湄筑",
      "职位描述": "董事、副总经理",
      "期初持股数": "0",
      "期末持股数": "0",
      "间接持股数": "",
      "从公司获得年度报酬总额": "1137600",
      "补贴津贴": "",
      "变动原因说明": "",
      "是否在股东或关联单位领取报酬津贴": "否",
      "在任与否": "是"
    },
    {
      "领导人姓名": "许承梁",
      "职位描述": "职工董事",
      "期初持股数": "0",
      "期末持股数": "3100",
      "间接持股数": "",
      "从公司获得年度报酬总额": "7600",
      "补贴津贴": "",
      "变动原因说明": "2025年12月22日任职时持有3100股",
      "是否在股东或关联单位领取报酬津贴": "否",
      "在任与否": "是"
    },
    {
      "领导人姓名": "索绪权",
      "职位描述": "独立董事",
      "期初持股数": "0",
      "期末持股数": "0",
      "间接持股数": "",
      "从公司获得年度报酬总额": "0",
      "补贴津贴": "",
      "变动原因说明": "",
      "是否在股东或关联单位领取报酬津贴": "否",
      "在任与否": "否"
    },
    {
      "领导人姓名": "郜卓",
      "职位描述": "独立董事",
      "期初持股数": "0",
      "期末持股数": "0",
      "间接持股数": "",
      "从公司获得年度报酬总额": "120000",
      "补贴津贴": "",
      "变动原因说明": "",
      "是否在股东或关联单位领取报酬津贴": "否",
      "在任与否": "是"
    },
    {
      "领导人姓名": "王芳",
      "职位描述": "独立董事",
      "期初持股数": "0",
      "期末持股数": "0",
      "间接持股数": "",
      "从公司获得年度报酬总额": "120000",
      "补贴津贴": "",
      "变动原因说明": "",
      "是否在股东或关联单位领取报酬津贴": "否",
      "在任与否": "是"
    },
    {
      "领导人姓名": "王敦平",
      "职位描述": "独立董事",
      "期初持股数": "0",
      "期末持股数": "0",
      "间接持股数": "",
      "从公司获得年度报酬总额": "106700",
      "补贴津贴": "",
      "变动原因说明": "",
      "是否在股东或关联单位领取报酬津贴": "否",
      "在任与否": "是"
    },
    {
      "领导人姓名": "刘颖",
      "职位描述": "副总经理",
      "期初持股数": "0",
      "期末持股数": "0",
      "间接持股数": "",
      "从公司获得年度报酬总额": "1051700",
      "补贴津贴": "",
      "变动原因说明": "",
      "是否在股东或关联单位领取报酬津贴": "否",
      "在任与否": "是"
    },
    {
      "领导人姓名": "高昊江",
      "职位描述": "副总经理",
      "期初持股数": "49000",
      "期末持股数": "34300",
      "间接持股数": "",
      "从公司获得年度报酬总额": "986400",
      "补贴津贴": "",
      "变动原因说明": "2023年股票期权与限制性股票激励计划部分限制性股票回购注销；公司进行2024年年度权益分派，每10股转增4股",
      "是否在股东或关联单位领取报酬津贴": "否",
      "在任与否": "是"
    },
    {
      "领导人姓名": "曹景广",
      "职位描述": "副总经理",
      "期初持股数": "210000",
      "期末持股数": "131040",
      "间接持股数": "",
      "从公司获得年度报酬总额": "896600",
      "补贴津贴": "",
      "变动原因说明": "通过集中竞价方式减持43400股；2023年股票期权与限制性股票激励计划部分限制性股票回购注销；公司进行2024年年度权益分派，每10股转增4股",
      "是否在股东或关联单位领取报酬津贴": "否",
      "在任与否": "是"
    },
    {
      "领导人姓名": "马志刚",
      "职位描述": "副总经理、财务负责人",
      "期初持股数": "0",
      "期末持股数": "0",
      "间接持股数": "",
      "从公司获得年度报酬总额": "907400",
      "补贴津贴": "",
      "变动原因说明": "",
      "是否在股东或关联单位领取报酬津贴": "否",
      "在任与否": "是"
    },
    {
      "领导人姓名": "颜志顺",
      "职位描述": "副总经理",
      "期初持股数": "0",
      "期末持股数": "53379",
      "间接持股数": "",
      "从公司获得年度报酬总额": "856900",
      "补贴津贴": "",
      "变动原因说明": "通过集中竞价方式减持17793股；2023年股票期权与限制性股票激励计划股票期权行权；公司进行2024年年度权益分派，每10股转增4股",
      "是否在股东或关联单位领取报酬津贴": "否",
      "在任与否": "是"
    },
    {
      "领导人姓名": "成帅",
      "职位描述": "副总经理",
      "期初持股数": "0",
      "期末持股数": "49772",
      "间接持股数": "",
      "从公司获得年度报酬总额": "750500",
      "补贴津贴": "",
      "变动原因说明": "2023年股票期权与限制性股票激励计划股票期权行权；公司进行2024年年度权益分派，每10股转增4股",
      "是否在股东或关联单位领取报酬津贴": "否",
      "在任与否": "是"
    },
    {
      "领导人姓名": "连轻",
      "职位描述": "副总经理",
      "期初持股数": "0",
      "期末持股数": "0",
      "间接持股数": "",
      "从公司获得年度报酬总额": "0",
      "补贴津贴": "",
      "变动原因说明": "",
      "是否在股东或关联单位领取报酬津贴": "否",
      "在任与否": "是"
    },
    {
      "领导人姓名": "王潇",
      "职位描述": "董事会秘书",
      "期初持股数": "0",
      "期末持股数": "39635",
      "间接持股数": "",
      "从公司获得年度报酬总额": "649700",
      "补贴津贴": "",
      "变动原因说明": "2023年股票期权与限制性股票激励计划股票期权行权；公司进行2024年年度权益分派，每10股转增4股",
      "是否在股东或关联单位领取报酬津贴": "否",
      "在任与否": "是"
    }
  ]
}

=== 300107-2026-04-18-建新股份-2025年年度报告.pdf ===
{
  "Leader_Salary_data": {
    "实际所得报酬总额起始": "",
    "实际所得报酬总额截止": "",
    "实际所得报酬总额涉及人数": ""
  },
  "Leader_Hold_data": [
    {
      "领导人姓名": "朱守琛",
      "职位描述": "董事长",
      "期初持股数": "215768643",
      "期末持股数": "215768643",
      "间接持股数": "",
      "从公司获得年度报酬总额": "120000",
      "补贴津贴": "",
      "变动原因说明": "",
      "是否在股东或关联单位领取报酬津贴": "是",
      "在任与否": "是"
    },
    {
      "领导人姓名": "陈学为",
      "职位描述": "董事、总经理、董事会秘书",
      "期初持股数": "6978469",
      "期末持股数": "6847219",
      "间接持股数": "",
      "从公司获得年度报酬总额": "363600",
      "补贴津贴": "",
      "变动原因说明": "个人资金需求",
      "是否在股东或关联单位领取报酬津贴": "否",
      "在任与否": "是"
    },
    {
      "领导人姓名": "黄吉芬",
      "职位描述": "董事",
      "期初持股数": "19978577",
      "期末持股数": "19978577",
      "间接持股数": "",
      "从公司获得年度报酬总额": "50000",
      "补贴津贴": "",
      "变动原因说明": "",
      "是否在股东或关联单位领取报酬津贴": "否",
      "在任与否": "是"
    },
    {
      "领导人姓名": "朱泽瑞",
      "职位描述": "董事",
      "期初持股数": "35961440",
      "期末持股数": "35961440",
      "间接持股数": "",
      "从公司获得年度报酬总额": "426300",
      "补贴津贴": "",
      "变动原因说明": "",
      "是否在股东或关联单位领取报酬津贴": "否",
      "在任与否": "是"
    },
    {
      "领导人姓名": "朱秀全",
      "职位描述": "董事、常务副总经理",
      "期初持股数": "6745724",
      "期末持股数": "6655124",
      "间接持股数": "",
      "从公司获得年度报酬总额": "357900",
      "补贴津贴": "",
      "变动原因说明": "个人资金需求",
      "是否在股东或关联单位领取报酬津贴": "否",
      "在任与否": "是"
    },
    {
      "领导人姓名": "徐光武",
      "职位描述": "董事、副总经理",
      "期初持股数": "457500",
      "期末持股数": "343200",
      "间接持股数": "",
      "从公司获得年度报酬总额": "333600",
      "补贴津贴": "",
      "变动原因说明": "个人资金需求",
      "是否在股东或关联单位领取报酬津贴": "否",
      "在任与否": "是"
    },
    {
      "领导人姓名": "贺一君",
      "职位描述": "职工董事",
      "期初持股数": "",
      "期末持股数": "",
      "间接持股数": "",
      "从公司获得年度报酬总额": "25700",
      "补贴津贴": "",
      "变动原因说明": "",
      "是否在股东或关联单位领取报酬津贴": "否",
      "在任与否": "是"
    },
    {
      "领导人姓名": "李胜楠",
      "职位描述": "独立董事",
      "期初持股数": "",
      "期末持股数": "",
      "间接持股数": "",
      "从公司获得年度报酬总额": "50000",
      "补贴津贴": "",
      "变动原因说明": "",
      "是否在股东或关联单位领取报酬津贴": "否",
      "在任与否": "是"
    },
    {
      "领导人姓名": "张先中",
      "职位描述": "独立董事",
      "期初持股数": "",
      "期末持股数": "",
      "间接持股数": "",
      "从公司获得年度报酬总额": "50000",
      "补贴津贴": "",
      "变动原因说明": "",
      "是否在股东或关联单位领取报酬津贴": "否",
      "在任与否": "是"
    },
    {
      "领导人姓名": "张兰丁",
      "职位描述": "独立董事",
      "期初持股数": "",
      "期末持股数": "",
      "间接持股数": "",
      "从公司获得年度报酬总额": "50000",
      "补贴津贴": "",
      "变动原因说明": "",
      "是否在股东或关联单位领取报酬津贴": "否",
      "在任与否": "是"
    },
    {
      "领导人姓名": "高辉",
      "职位描述": "财务总监",
      "期初持股数": "470843",
      "期末持股数": "346738",
      "间接持股数": "",
      "从公司获得年度报酬总额": "174200",
      "补贴津贴": "",
      "变动原因说明": "个人资金需求",
      "是否在股东或关联单位领取报酬津贴": "否",
      "在任与否": "是"
    },
    {
      "领导人姓名": "王吉文",
      "职位描述": "副总经理",
      "期初持股数": "",
      "期末持股数": "",
      "间接持股数": "",
      "从公司获得年度报酬总额": "78300",
      "补贴津贴": "",
      "变动原因说明": "个人资金需求",
      "是否在股东或关联单位领取报酬津贴": "否",
      "在任与否": "否"
    },
    {
      "领导人姓名": "刘佳伟",
      "职位描述": "总工程师",
      "期初持股数": "0",
      "期末持股数": "202500",
      "间接持股数": "",
      "从公司获得年度报酬总额": "351800",
      "补贴津贴": "",
      "变动原因说明": "个人资金需求",
      "是否在股东或关联单位领取报酬津贴": "否",
      "在任与否": "是"
    },
    {
      "领导人姓名": "张贵海",
      "职位描述": "副总经理",
      "期初持股数": "185250",
      "期末持股数": "139250",
      "间接持股数": "",
      "从公司获得年度报酬总额": "280500",
      "补贴津贴": "",
      "变动原因说明": "个人资金需求",
      "是否在股东或关联单位领取报酬津贴": "否",
      "在任与否": "是"
    }
  ]
}

=== 002542-2026-04-18-中化岩土-2025年年度报告.pdf ===
{
  "Leader_Salary_data": {
    "实际所得报酬总额起始": "",
    "实际所得报酬总额截止": "",
    "实际所得报酬总额涉及人数": ""
  },
  "Leader_Hold_data": [
    {
      "领导人姓名": "刘明俊",
      "职位描述": "董事长",
      "期初持股数": "",
      "期末持股数": "",
      "间接持股数": "",
      "从公司获得年度报酬总额": "353600",
      "补贴津贴": "",
      "变动原因说明": "",
      "是否在股东或关联单位领取报酬津贴": "否",
      "在任与否": "是"
    },
    {
      "领导人姓名": "张赟",
      "职位描述": "董事、总经理",
      "期初持股数": "",
      "期末持股数": "",
      "间接持股数": "",
      "从公司获得年度报酬总额": "28400",
      "补贴津贴": "",
      "变动原因说明": "",
      "是否在股东或关联单位领取报酬津贴": "否",
      "在任与否": "是"
    },
    {
      "领导人姓名": "宋伟民",
      "职位描述": "董事",
      "期初持股数": "27052982",
      "期末持股数": "20289737",
      "间接持股数": "",
      "从公司获得年度报酬总额": "120000",
      "补贴津贴": "",
      "变动原因说明": "司法强制执行",
      "是否在股东或关联单位领取报酬津贴": "否",
      "在任与否": "是"
    },
    {
      "领导人姓名": "刘忠池",
      "职位描述": "董事",
      "期初持股数": "33071191",
      "期末持股数": "24803393",
      "间接持股数": "",
      "从公司获得年度报酬总额": "120000",
      "补贴津贴": "",
      "变动原因说明": "个人资金需求",
      "是否在股东或关联单位领取报酬津贴": "否",
      "在任与否": "是"
    },
    {
      "领导人姓名": "王浩",
      "职位描述": "董事",
      "期初持股数": "2500000",
      "期末持股数": "2000000",
      "间接持股数": "",
      "从公司获得年度报酬总额": "88000",
      "补贴津贴": "",
      "变动原因说明": "个人资金需求",
      "是否在股东或关联单位领取报酬津贴": "否",
      "在任与否": "是"
    },
    {
      "领导人姓名": "王璇",
      "职位描述": "职工代表董事、职工代表监事",
      "期初持股数": "",
      "期末持股数": "",
      "间接持股数": "",
      "从公司获得年度报酬总额": "395000",
      "补贴津贴": "",
      "变动原因说明": "",
      "是否在股东或关联单位领取报酬津贴": "否",
      "在任与否": "是"
    },
    {
      "领导人姓名": "庄卫林",
      "职位描述": "独立董事",
      "期初持股数": "",
      "期末持股数": "",
      "间接持股数": "",
      "从公司获得年度报酬总额": "80000",
      "补贴津贴": "",
      "变动原因说明": "",
      "是否在股东或关联单位领取报酬津贴": "否",
      "在任与否": "是"
    },
    {
      "领导人姓名": "胡靖",
      "职位描述": "独立董事",
      "期初持股数": "",
      "期末持股数": "",
      "间接持股数": "",
      "从公司获得年度报酬总额": "80000",
      "补贴津贴": "",
      "变动原因说明": "",
      "是否在股东或关联单位领取报酬津贴": "否",
      "在任与否": "是"
    },
    {
      "领导人姓名": "金智",
      "职位描述": "独立董事",
      "期初持股数": "",
      "期末持股数": "",
      "间接持股数": "",
      "从公司获得年度报酬总额": "10000",
      "补贴津贴": "",
      "变动原因说明": "",
      "是否在股东或关联单位领取报酬津贴": "否",
      "在任与否": "是"
    },
    {
      "领导人姓名": "刘悦",
      "职位描述": "副总经理",
      "期初持股数": "",
      "期末持股数": "",
      "间接持股数": "",
      "从公司获得年度报酬总额": "372400",
      "补贴津贴": "",
      "变动原因说明": "",
      "是否在股东或关联单位领取报酬津贴": "否",
      "在任与否": "是"
    },
    {
      "领导人姓名": "陈强",
      "职位描述": "副总经理、首席合规官",
      "期初持股数": "",
      "期末持股数": "",
      "间接持股数": "",
      "从公司获得年度报酬总额": "395000",
      "补贴津贴": "",
      "变动原因说明": "",
      "是否在股东或关联单位领取报酬津贴": "否",
      "在任与否": "是"
    },
    {
      "领导人姓名": "冯杰",
      "职位描述": "副总经理、财务负责人",
      "期初持股数": "",
      "期末持股数": "",
      "间接持股数": "",
      "从公司获得年度报酬总额": "148500",
      "补贴津贴": "",
      "变动原因说明": "",
      "是否在股东或关联单位领取报酬津贴": "否",
      "在任与否": "是"
    },
    {
      "领导人姓名": "高斌峰",
      "职位描述": "总工程师",
      "期初持股数": "3100",
      "期末持股数": "3100",
      "间接持股数": "",
      "从公司获得年度报酬总额": "395000",
      "补贴津贴": "",
      "变动原因说明": "",
      "是否在股东或关联单位领取报酬津贴": "否",
      "在任与否": "是"
    },
    {
      "领导人姓名": "侯强",
      "职位描述": "董事会秘书",
      "期初持股数": "",
      "期末持股数": "",
      "间接持股数": "",
      "从公司获得年度报酬总额": "",
      "补贴津贴": "",
      "变动原因说明": "",
      "是否在股东或关联单位领取报酬津贴": "",
      "在任与否": "是"
    },
    {
      "领导人姓名": "熊欢",
      "职位描述": "董事、总经理",
      "期初持股数": "",
      "期末持股数": "",
      "间接持股数": "",
      "从公司获得年度报酬总额": "409400",
      "补贴津贴": "",
      "变动原因说明": "",
      "是否在股东或关联单位领取报酬津贴": "否",
      "在任与否": "否"
    },
    {
      "领导人姓名": "连文致",
      "职位描述": "董事、副总经理",
      "期初持股数": "",
      "期末持股数": "",
      "间接持股数": "",
      "从公司获得年度报酬总额": "69900",
      "补贴津贴": "",
      "变动原因说明": "",
      "是否在股东或关联单位领取报酬津贴": "否",
      "在任与否": "否"
    },
    {
      "领导人姓名": "李慧聪",
      "职位描述": "独立董事",
      "期初持股数": "",
      "期末持股数": "",
      "间接持股数": "",
      "从公司获得年度报酬总额": "70300",
      "补贴津贴": "",
      "变动原因说明": "",
      "是否在股东或关联单位领取报酬津贴": "否",
      "在任与否": "否"
    },
    {
      "领导人姓名": "陈晓波",
      "职位描述": "监事会主席",
      "期初持股数": "",
      "期末持股数": "",
      "间接持股数": "",
      "从公司获得年度报酬总额": "0",
      "补贴津贴": "",
      "变动原因说明": "",
      "是否在股东或关联单位领取报酬津贴": "是",
      "在任与否": "否"
    },
    {
      "领导人姓名": "刘莹泽",
      "职位描述": "监事",
      "期初持股数": "",
      "期末持股数": "",
      "间接持股数": "",
      "从公司获得年度报酬总额": "0",
      "补贴津贴": "",
      "变动原因说明": "",
      "是否在股东或关联单位领取报酬津贴": "是",
      "在任与否": "否"
    },
    {
      "领导人姓名": "杨勇",
      "职位描述": "监事会主席",
      "期初持股数": "",
      "期末持股数": "",
      "间接持股数": "",
      "从公司获得年度报酬总额": "0",
      "补贴津贴": "",
      "变动原因说明": "",
      "是否在股东或关联单位领取报酬津贴": "是",
      "在任与否": "否"
    },
    {
      "领导人姓名": "肖兵兵",
      "职位描述": "副总经理、财务负责人",
      "期初持股数": "",
      "期末持股数": "",
      "间接持股数": "",
      "从公司获得年度报酬总额": "234500",
      "补贴津贴": "",
      "变动原因说明": "",
      "是否在股东或关联单位领取报酬津贴": "否",
      "在任与否": "否"
    },
    {
      "领导人姓名": "罗小凤",
      "职位描述": "董事会秘书",
      "期初持股数": "",
      "期末持股数": "",
      "间接持股数": "",
      "从公司获得年度报酬总额": "247500",
      "补贴津贴": "",
      "变动原因说明": "",
      "是否在股东或关联单位领取报酬津贴": "否",
      "在任与否": "否"
    }
  ]
}

=== 002693-2026-04-18-ST双成-2025年年度报告.pdf ===
{
  "Leader_Salary_data": {
    "实际所得报酬总额起始": "",
    "实际所得报酬总额截止": "",
    "实际所得报酬总额涉及人数": ""
  },
  "Leader_Hold_data": [
    {
      "领导人姓名": "王成栋",
      "职位描述": "董事长",
      "期初持股数": "2110906",
      "期末持股数": "2110906",
      "间接持股数": "",
      "从公司获得年度报酬总额": "0",
      "补贴津贴": "",
      "变动原因说明": "",
      "是否在股东或关联单位领取报酬津贴": "是",
      "在任与否": "是"
    },
    {
      "领导人姓名": "Wang Yingpu",
      "职位描述": "副董事长",
      "期初持股数": "0",
      "期末持股数": "0",
      "间接持股数": "",
      "从公司获得年度报酬总额": "794600",
      "补贴津贴": "",
      "变动原因说明": "",
      "是否在股东或关联单位领取报酬津贴": "否",
      "在任与否": "是"
    },
    {
      "领导人姓名": "LI JIANMING",
      "职位描述": "职工代表董事、总经理",
      "期初持股数": "1150000",
      "期末持股数": "1150000",
      "间接持股数": "",
      "从公司获得年度报酬总额": "833400",
      "补贴津贴": "",
      "变动原因说明": "",
      "是否在股东或关联单位领取报酬津贴": "否",
      "在任与否": "是"
    },
    {
      "领导人姓名": "肖建华",
      "职位描述": "独立董事",
      "期初持股数": "0",
      "期末持股数": "0",
      "间接持股数": "",
      "从公司获得年度报酬总额": "60000",
      "补贴津贴": "60000",
      "变动原因说明": "",
      "是否在股东或关联单位领取报酬津贴": "否",
      "在任与否": "是"
    },
    {
      "领导人姓名": "李建伟",
      "职位描述": "独立董事",
      "期初持股数": "0",
      "期末持股数": "0",
      "间接持股数": "",
      "从公司获得年度报酬总额": "60000",
      "补贴津贴": "60000",
      "变动原因说明": "",
      "是否在股东或关联单位领取报酬津贴": "否",
      "在任与否": "是"
    },
    {
      "领导人姓名": "袁剑琳",
      "职位描述": "副总经理",
      "期初持股数": "324000",
      "期末持股数": "324000",
      "间接持股数": "",
      "从公司获得年度报酬总额": "481500",
      "补贴津贴": "",
      "变动原因说明": "",
      "是否在股东或关联单位领取报酬津贴": "否",
      "在任与否": "是"
    },
    {
      "领导人姓名": "王旭光",
      "职位描述": "财务总监",
      "期初持股数": "418500",
      "期末持股数": "418500",
      "间接持股数": "",
      "从公司获得年度报酬总额": "389300",
      "补贴津贴": "",
      "变动原因说明": "",
      "是否在股东或关联单位领取报酬津贴": "否",
      "在任与否": "是"
    },
    {
      "领导人姓名": "于晓风",
      "职位描述": "副总经理、董事会秘书",
      "期初持股数": "400500",
      "期末持股数": "400500",
      "间接持股数": "",
      "从公司获得年度报酬总额": "381600",
      "补贴津贴": "",
      "变动原因说明": "",
      "是否在股东或关联单位领取报酬津贴": "否",
      "在任与否": "是"
    },
    {
      "领导人姓名": "姚忠",
      "职位描述": "副总经理",
      "期初持股数": "162000",
      "期末持股数": "162000",
      "间接持股数": "",
      "从公司获得年度报酬总额": "768700",
      "补贴津贴": "",
      "变动原因说明": "",
      "是否在股东或关联单位领取报酬津贴": "否",
      "在任与否": "是"
    },
    {
      "领导人姓名": "王仕银",
      "职位描述": "副总经理",
      "期初持股数": "123900",
      "期末持股数": "123900",
      "间接持股数": "",
      "从公司获得年度报酬总额": "378700",
      "补贴津贴": "",
      "变动原因说明": "",
      "是否在股东或关联单位领取报酬津贴": "否",
      "在任与否": "是"
    },
    {
      "领导人姓名": "艾一祥",
      "职位描述": "副总经理",
      "期初持股数": "72000",
      "期末持股数": "72000",
      "间接持股数": "",
      "从公司获得年度报酬总额": "407600",
      "补贴津贴": "",
      "变动原因说明": "",
      "是否在股东或关联单位领取报酬津贴": "否",
      "在任与否": "是"
    },
    {
      "领导人姓名": "李海艳",
      "职位描述": "副总经理",
      "期初持股数": "54300",
      "期末持股数": "54300",
      "间接持股数": "",
      "从公司获得年度报酬总额": "359500",
      "补贴津贴": "",
      "变动原因说明": "",
      "是否在股东或关联单位领取报酬津贴": "否",
      "在任与否": "是"
    },
    {
      "领导人姓名": "王蕊",
      "职位描述": "副总经理",
      "期初持股数": "62100",
      "期末持股数": "62100",
      "间接持股数": "",
      "从公司获得年度报酬总额": "425200",
      "补贴津贴": "",
      "变动原因说明": "",
      "是否在股东或关联单位领取报酬津贴": "否",
      "在任与否": "是"
    },
    {
      "领导人姓名": "李媛",
      "职位描述": "副总经理",
      "期初持股数": "66000",
      "期末持股数": "66000",
      "间接持股数": "",
      "从公司获得年度报酬总额": "387500",
      "补贴津贴": "",
      "变动原因说明": "",
      "是否在股东或关联单位领取报酬津贴": "否",
      "在任与否": "是"
    },
    {
      "领导人姓名": "白晶",
      "职位描述": "副董事长",
      "期初持股数": "0",
      "期末持股数": "0",
      "间接持股数": "",
      "从公司获得年度报酬总额": "0",
      "补贴津贴": "",
      "变动原因说明": "",
      "是否在股东或关联单位领取报酬津贴": "是",
      "在任与否": "否"
    },
    {
      "领导人姓名": "王红雨",
      "职位描述": "监事会主席",
      "期初持股数": "0",
      "期末持股数": "0",
      "间接持股数": "",
      "从公司获得年度报酬总额": "77300",
      "补贴津贴": "",
      "变动原因说明": "",
      "是否在股东或关联单位领取报酬津贴": "否",
      "在任与否": "否"
    },
    {
      "领导人姓名": "符斌",
      "职位描述": "监事",
      "期初持股数": "0",
      "期末持股数": "0",
      "间接持股数": "",
      "从公司获得年度报酬总额": "79100",
      "补贴津贴": "",
      "变动原因说明": "",
      "是否在股东或关联单位领取报酬津贴": "否",
      "在任与否": "否"
    },
    {
      "领导人姓名": "陈英",
      "职位描述": "监事",
      "期初持股数": "0",
      "期末持股数": "0",
      "间接持股数": "",
      "从公司获得年度报酬总额": "41400",
      "补贴津贴": "",
      "变动原因说明": "",
      "是否在股东或关联单位领取报酬津贴": "否",
      "在任与否": "否"
    }
  ]
}

=== 300098-2026-04-18-高新兴-2025年年度报告.pdf ===
{
  "Leader_Salary_data": {
    "实际所得报酬总额起始": "",
    "实际所得报酬总额截止": "",
    "实际所得报酬总额涉及人数": ""
  },
  "Leader_Hold_data": [
    {
      "领导人姓名": "刘双广",
      "职位描述": "董事长、总裁",
      "期初持股数": "260584559",
      "期末持股数": "260584559",
      "间接持股数": "",
      "从公司获得年度报酬总额": "450900",
      "补贴津贴": "",
      "变动原因说明": "",
      "是否在股东或关联单位领取报酬津贴": "否",
      "在任与否": "是"
    },
    {
      "领导人姓名": "贾幼尧",
      "职位描述": "董事",
      "期初持股数": "0",
      "期末持股数": "0",
      "间接持股数": "",
      "从公司获得年度报酬总额": "1092600",
      "补贴津贴": "",
      "变动原因说明": "",
      "是否在股东或关联单位领取报酬津贴": "否",
      "在任与否": "是"
    },
    {
      "领导人姓名": "李婷",
      "职位描述": "职工代表董事",
      "期初持股数": "0",
      "期末持股数": "0",
      "间接持股数": "",
      "从公司获得年度报酬总额": "0",
      "补贴津贴": "",
      "变动原因说明": "",
      "是否在股东或关联单位领取报酬津贴": "否",
      "在任与否": "是"
    },
    {
      "领导人姓名": "罗翼",
      "职位描述": "独立董事",
      "期初持股数": "0",
      "期末持股数": "0",
      "间接持股数": "",
      "从公司获得年度报酬总额": "80000",
      "补贴津贴": "80000",
      "变动原因说明": "",
      "是否在股东或关联单位领取报酬津贴": "否",
      "在任与否": "是"
    },
    {
      "领导人姓名": "应华江",
      "职位描述": "独立董事",
      "期初持股数": "0",
      "期末持股数": "0",
      "间接持股数": "",
      "从公司获得年度报酬总额": "0",
      "补贴津贴": "0",
      "变动原因说明": "",
      "是否在股东或关联单位领取报酬津贴": "否",
      "在任与否": "是"
    },
    {
      "领导人姓名": "吴向能",
      "职位描述": "独立董事",
      "期初持股数": "0",
      "期末持股数": "0",
      "间接持股数": "",
      "从公司获得年度报酬总额": "0",
      "补贴津贴": "0",
      "变动原因说明": "",
      "是否在股东或关联单位领取报酬津贴": "否",
      "在任与否": "是"
    },
    {
      "领导人姓名": "刘佳漩",
      "职位描述": "董事会秘书、副总裁",
      "期初持股数": "0",
      "期末持股数": "0",
      "间接持股数": "",
      "从公司获得年度报酬总额": "435100",
      "补贴津贴": "",
      "变动原因说明": "",
      "是否在股东或关联单位领取报酬津贴": "否",
      "在任与否": "是"
    },
    {
      "领导人姓名": "刘宇斌",
      "职位描述": "财务总监",
      "期初持股数": "0",
      "期末持股数": "0",
      "间接持股数": "",
      "从公司获得年度报酬总额": "581700",
      "补贴津贴": "",
      "变动原因说明": "",
      "是否在股东或关联单位领取报酬津贴": "否",
      "在任与否": "是"
    },
    {
      "领导人姓名": "黄海涛",
      "职位描述": "监事会主席",
      "期初持股数": "1700",
      "期末持股数": "1700",
      "间接持股数": "",
      "从公司获得年度报酬总额": "",
      "补贴津贴": "",
      "变动原因说明": "",
      "是否在股东或关联单位领取报酬津贴": "",
      "在任与否": "否"
    },
    {
      "领导人姓名": "孙倩",
      "职位描述": "监事",
      "期初持股数": "0",
      "期末持股数": "0",
      "间接持股数": "",
      "从公司获得年度报酬总额": "",
      "补贴津贴": "",
      "变动原因说明": "",
      "是否在股东或关联单位领取报酬津贴": "",
      "在任与否": "否"
    },
    {
      "领导人姓名": "周洁莹",
      "职位描述": "职工代表监事",
      "期初持股数": "0",
      "期末持股数": "0",
      "间接持股数": "",
      "从公司获得年度报酬总额": "",
      "补贴津贴": "",
      "变动原因说明": "",
      "是否在股东或关联单位领取报酬津贴": "",
      "在任与否": "否"
    },
    {
      "领导人姓名": "黄国兴",
      "职位描述": "董事",
      "期初持股数": "0",
      "期末持股数": "0",
      "间接持股数": "",
      "从公司获得年度报酬总额": "416100",
      "补贴津贴": "",
      "变动原因说明": "",
      "是否在股东或关联单位领取报酬津贴": "否",
      "在任与否": "否"
    },
    {
      "领导人姓名": "江斌",
      "职位描述": "独立董事",
      "期初持股数": "0",
      "期末持股数": "0",
      "间接持股数": "",
      "从公司获得年度报酬总额": "80000",
      "补贴津贴": "80000",
      "变动原因说明": "",
      "是否在股东或关联单位领取报酬津贴": "否",
      "在任与否": "否"
    },
    {
      "领导人姓名": "胡志勇",
      "职位描述": "独立董事",
      "期初持股数": "0",
      "期末持股数": "0",
      "间接持股数": "",
      "从公司获得年度报酬总额": "80000",
      "补贴津贴": "80000",
      "变动原因说明": "",
      "是否在股东或关联单位领取报酬津贴": "否",
      "在任与否": "否"
    }
  ]
}

=== 300184-2026-04-20-力源信息-2025年年度报告.pdf ===
{
  "Leader_Salary_data": {
    "实际所得报酬总额起始": "",
    "实际所得报酬总额截止": "",
    "实际所得报酬总额涉及人数": ""
  },
  "Leader_Hold_data": [
    {
      "领导人姓名": "赵马克",
      "职位描述": "董事长、总经理",
      "期初持股数": "137357108",
      "期末持股数": "127564160",
      "间接持股数": "",
      "从公司获得年度报酬总额": "9768500",
      "补贴津贴": "",
      "变动原因说明": "个人资金需求减持",
      "是否在股东或关联单位领取报酬津贴": "否",
      "在任与否": "是"
    },
    {
      "领导人姓名": "王晓东",
      "职位描述": "董事、副总经理、董事会秘书",
      "期初持股数": "2109200",
      "期末持股数": "1581900",
      "间接持股数": "",
      "从公司获得年度报酬总额": "5843800",
      "补贴津贴": "",
      "变动原因说明": "个人资金需求减持",
      "是否在股东或关联单位领取报酬津贴": "否",
      "在任与否": "是"
    },
    {
      "领导人姓名": "邵伟",
      "职位描述": "董事",
      "期初持股数": "0",
      "期末持股数": "0",
      "间接持股数": "",
      "从公司获得年度报酬总额": "3690300",
      "补贴津贴": "",
      "变动原因说明": "无",
      "是否在股东或关联单位领取报酬津贴": "否",
      "在任与否": "是"
    },
    {
      "领导人姓名": "刘昌柏",
      "职位描述": "董事、副总经理、财务总监",
      "期初持股数": "299962",
      "期末持股数": "224971",
      "间接持股数": "",
      "从公司获得年度报酬总额": "2835500",
      "补贴津贴": "",
      "变动原因说明": "个人资金需求减持",
      "是否在股东或关联单位领取报酬津贴": "否",
      "在任与否": "是"
    },
    {
      "领导人姓名": "李燕萍",
      "职位描述": "独立董事",
      "期初持股数": "0",
      "期末持股数": "0",
      "间接持股数": "",
      "从公司获得年度报酬总额": "80000",
      "补贴津贴": "80000",
      "变动原因说明": "无",
      "是否在股东或关联单位领取报酬津贴": "否",
      "在任与否": "是"
    },
    {
      "领导人姓名": "郭月梅",
      "职位描述": "独立董事",
      "期初持股数": "0",
      "期末持股数": "0",
      "间接持股数": "",
      "从公司获得年度报酬总额": "80000",
      "补贴津贴": "80000",
      "变动原因说明": "无",
      "是否在股东或关联单位领取报酬津贴": "否",
      "在任与否": "是"
    },
    {
      "领导人姓名": "田志龙",
      "职位描述": "独立董事",
      "期初持股数": "0",
      "期末持股数": "0",
      "间接持股数": "",
      "从公司获得年度报酬总额": "0",
      "补贴津贴": "0",
      "变动原因说明": "无",
      "是否在股东或关联单位领取报酬津贴": "否",
      "在任与否": "是"
    },
    {
      "领导人姓名": "廖莉华",
      "职位描述": "副总经理、投资总监",
      "期初持股数": "0",
      "期末持股数": "0",
      "间接持股数": "",
      "从公司获得年度报酬总额": "3606500",
      "补贴津贴": "",
      "变动原因说明": "无",
      "是否在股东或关联单位领取报酬津贴": "否",
      "在任与否": "是"
    },
    {
      "领导人姓名": "郭炜",
      "职位描述": "独立董事",
      "期初持股数": "0",
      "期末持股数": "0",
      "间接持股数": "",
      "从公司获得年度报酬总额": "80000",
      "补贴津贴": "80000",
      "变动原因说明": "无",
      "是否在股东或关联单位领取报酬津贴": "否",
      "在任与否": "否"
    }
  ]
}

=== 003039-2026-04-20-顺控发展-2025年年度报告.pdf ===
{
  "Leader_Salary_data": {
    "实际所得报酬总额起始": "",
    "实际所得报酬总额截止": "",
    "实际所得报酬总额涉及人数": ""
  },
  "Leader_Hold_data": [
    {
      "领导人姓名": "蒋力",
      "职位描述": "董事长、董事、总经理",
      "期初持股数": "0",
      "期末持股数": "0",
      "间接持股数": "",
      "从公司获得年度报酬总额": "802300",
      "补贴津贴": "",
      "变动原因说明": "",
      "是否在股东或关联单位领取报酬津贴": "否",
      "在任与否": "是"
    },
    {
      "领导人姓名": "麦展棠",
      "职位描述": "董事",
      "期初持股数": "0",
      "期末持股数": "0",
      "间接持股数": "",
      "从公司获得年度报酬总额": "0",
      "补贴津贴": "",
      "变动原因说明": "",
      "是否在股东或关联单位领取报酬津贴": "是",
      "在任与否": "是"
    },
    {
      "领导人姓名": "李云晖",
      "职位描述": "董事",
      "期初持股数": "0",
      "期末持股数": "0",
      "间接持股数": "",
      "从公司获得年度报酬总额": "0",
      "补贴津贴": "",
      "变动原因说明": "",
      "是否在股东或关联单位领取报酬津贴": "否",
      "在任与否": "是"
    },
    {
      "领导人姓名": "彭丹红",
      "职位描述": "职工董事",
      "期初持股数": "0",
      "期末持股数": "0",
      "间接持股数": "",
      "从公司获得年度报酬总额": "623200",
      "补贴津贴": "",
      "变动原因说明": "",
      "是否在股东或关联单位领取报酬津贴": "否",
      "在任与否": "是"
    },
    {
      "领导人姓名": "梁伟峰",
      "职位描述": "董事、副总经理",
      "期初持股数": "0",
      "期末持股数": "0",
      "间接持股数": "",
      "从公司获得年度报酬总额": "577000",
      "补贴津贴": "",
      "变动原因说明": "",
      "是否在股东或关联单位领取报酬津贴": "否",
      "在任与否": "是"
    },
    {
      "领导人姓名": "聂织锦",
      "职位描述": "独立董事",
      "期初持股数": "0",
      "期末持股数": "0",
      "间接持股数": "",
      "从公司获得年度报酬总额": "90000",
      "补贴津贴": "",
      "变动原因说明": "",
      "是否在股东或关联单位领取报酬津贴": "是",
      "在任与否": "是"
    },
    {
      "领导人姓名": "王立章",
      "职位描述": "独立董事",
      "期初持股数": "0",
      "期末持股数": "0",
      "间接持股数": "",
      "从公司获得年度报酬总额": "90000",
      "补贴津贴": "",
      "变动原因说明": "",
      "是否在股东或关联单位领取报酬津贴": "是",
      "在任与否": "是"
    },
    {
      "领导人姓名": "徐芳",
      "职位描述": "独立董事",
      "期初持股数": "0",
      "期末持股数": "0",
      "间接持股数": "",
      "从公司获得年度报酬总额": "90000",
      "补贴津贴": "",
      "变动原因说明": "",
      "是否在股东或关联单位领取报酬津贴": "是",
      "在任与否": "是"
    },
    {
      "领导人姓名": "宋嘉雯",
      "职位描述": "独立董事",
      "期初持股数": "0",
      "期末持股数": "0",
      "间接持股数": "",
      "从公司获得年度报酬总额": "90000",
      "补贴津贴": "",
      "变动原因说明": "",
      "是否在股东或关联单位领取报酬津贴": "是",
      "在任与否": "是"
    },
    {
      "领导人姓名": "袁慧燕",
      "职位描述": "副总经理",
      "期初持股数": "0",
      "期末持股数": "0",
      "间接持股数": "",
      "从公司获得年度报酬总额": "519300",
      "补贴津贴": "",
      "变动原因说明": "",
      "是否在股东或关联单位领取报酬津贴": "否",
      "在任与否": "是"
    },
    {
      "领导人姓名": "张长征",
      "职位描述": "副总经理",
      "期初持股数": "0",
      "期末持股数": "0",
      "间接持股数": "",
      "从公司获得年度报酬总额": "534300",
      "补贴津贴": "",
      "变动原因说明": "",
      "是否在股东或关联单位领取报酬津贴": "否",
      "在任与否": "是"
    },
    {
      "领导人姓名": "梁朝华",
      "职位描述": "副总经理",
      "期初持股数": "0",
      "期末持股数": "0",
      "间接持股数": "",
      "从公司获得年度报酬总额": "480400",
      "补贴津贴": "",
      "变动原因说明": "",
      "是否在股东或关联单位领取报酬津贴": "否",
      "在任与否": "是"
    },
    {
      "领导人姓名": "方朝晖",
      "职位描述": "副总经理、财务负责人",
      "期初持股数": "0",
      "期末持股数": "0",
      "间接持股数": "",
      "从公司获得年度报酬总额": "484800",
      "补贴津贴": "",
      "变动原因说明": "",
      "是否在股东或关联单位领取报酬津贴": "否",
      "在任与否": "是"
    },
    {
      "领导人姓名": "吕锶宇",
      "职位描述": "董事会秘书",
      "期初持股数": "0",
      "期末持股数": "0",
      "间接持股数": "",
      "从公司获得年度报酬总额": "341500",
      "补贴津贴": "",
      "变动原因说明": "",
      "是否在股东或关联单位领取报酬津贴": "否",
      "在任与否": "是"
    },
    {
      "领导人姓名": "陈海燕",
      "职位描述": "董事长",
      "期初持股数": "0",
      "期末持股数": "0",
      "间接持股数": "",
      "从公司获得年度报酬总额": "721000",
      "补贴津贴": "",
      "变动原因说明": "",
      "是否在股东或关联单位领取报酬津贴": "否",
      "在任与否": "否"
    },
    {
      "领导人姓名": "张平",
      "职位描述": "董事",
      "期初持股数": "0",
      "期末持股数": "0",
      "间接持股数": "",
      "从公司获得年度报酬总额": "88800",
      "补贴津贴": "",
      "变动原因说明": "",
      "是否在股东或关联单位领取报酬津贴": "否",
      "在任与否": "否"
    },
    {
      "领导人姓名": "蒋毅",
      "职位描述": "董事会秘书、副总经理",
      "期初持股数": "0",
      "期末持股数": "0",
      "间接持股数": "",
      "从公司获得年度报酬总额": "16000",
      "补贴津贴": "",
      "变动原因说明": "",
      "是否在股东或关联单位领取报酬津贴": "否",
      "在任与否": "否"
    }
  ]
}

=== 300303-2026-04-18-聚飞光电-2025年年度报告.pdf ===
{
  "Leader_Salary_data": {
    "实际所得报酬总额起始": "",
    "实际所得报酬总额截止": "",
    "实际所得报酬总额涉及人数": ""
  },
  "Leader_Hold_data": [
    {
      "领导人姓名": "邢美正",
      "职位描述": "董事长、总经理",
      "期初持股数": "108851644",
      "期末持股数": "108851644",
      "间接持股数": "",
      "从公司获得年度报酬总额": "2316400",
      "补贴津贴": "",
      "变动原因说明": "",
      "是否在股东或关联单位领取报酬津贴": "否",
      "在任与否": "是"
    },
    {
      "领导人姓名": "曹石麟",
      "职位描述": "董事",
      "期初持股数": "0",
      "期末持股数": "0",
      "间接持股数": "",
      "从公司获得年度报酬总额": "516000",
      "补贴津贴": "",
      "变动原因说明": "",
      "是否在股东或关联单位领取报酬津贴": "否",
      "在任与否": "是"
    },
    {
      "领导人姓名": "李小放",
      "职位描述": "董事",
      "期初持股数": "0",
      "期末持股数": "0",
      "间接持股数": "",
      "从公司获得年度报酬总额": "0",
      "补贴津贴": "",
      "变动原因说明": "",
      "是否在股东或关联单位领取报酬津贴": "否",
      "在任与否": "是"
    },
    {
      "领导人姓名": "周丽丽",
      "职位描述": "董事",
      "期初持股数": "178200",
      "期末持股数": "178200",
      "间接持股数": "",
      "从公司获得年度报酬总额": "60000",
      "补贴津贴": "",
      "变动原因说明": "",
      "是否在股东或关联单位领取报酬津贴": "否",
      "在任与否": "否"
    },
    {
      "领导人姓名": "柴广跃",
      "职位描述": "独立董事",
      "期初持股数": "0",
      "期末持股数": "0",
      "间接持股数": "",
      "从公司获得年度报酬总额": "84000",
      "补贴津贴": "",
      "变动原因说明": "",
      "是否在股东或关联单位领取报酬津贴": "否",
      "在任与否": "是"
    },
    {
      "领导人姓名": "吉杏丹",
      "职位描述": "独立董事",
      "期初持股数": "0",
      "期末持股数": "0",
      "间接持股数": "",
      "从公司获得年度报酬总额": "84000",
      "补贴津贴": "",
      "变动原因说明": "",
      "是否在股东或关联单位领取报酬津贴": "否",
      "在任与否": "是"
    },
    {
      "领导人姓名": "李丹宁",
      "职位描述": "副总经理",
      "期初持股数": "1800000",
      "期末持股数": "1430000",
      "间接持股数": "",
      "从公司获得年度报酬总额": "1162000",
      "补贴津贴": "",
      "变动原因说明": "个人资金需求",
      "是否在股东或关联单位领取报酬津贴": "否",
      "在任与否": "是"
    },
    {
      "领导人姓名": "吕加奎",
      "职位描述": "财务总监",
      "期初持股数": "3884014",
      "期末持股数": "4184014",
      "间接持股数": "",
      "从公司获得年度报酬总额": "1002700",
      "补贴津贴": "",
      "变动原因说明": "股权激励归属",
      "是否在股东或关联单位领取报酬津贴": "否",
      "在任与否": "是"
    },
    {
      "领导人姓名": "于芳",
      "职位描述": "董事会秘书",
      "期初持股数": "2017897",
      "期末持股数": "1622897",
      "间接持股数": "",
      "从公司获得年度报酬总额": "688900",
      "补贴津贴": "",
      "变动原因说明": "个人资金需求",
      "是否在股东或关联单位领取报酬津贴": "否",
      "在任与否": "是"
    }
  ]
}

=== 300123-2026-04-18-亚光科技-2025年年度报告.pdf ===
{
  "Leader_Salary_data": {
    "实际所得报酬总额起始": "2797700",
    "实际所得报酬总额截止": "2797700",
    "实际所得报酬总额涉及人数": ""
  },
  "Leader_Hold_data": [
    {
      "领导人姓名": "胡代荣",
      "职位描述": "董事、董事长、总经理",
      "期初持股数": "400000",
      "期末持股数": "400000",
      "间接持股数": "",
      "从公司获得年度报酬总额": "483800",
      "补贴津贴": "",
      "变动原因说明": "不适用",
      "是否在股东或关联单位领取报酬津贴": "否",
      "在任与否": "是"
    },
    {
      "领导人姓名": "饶冰笑",
      "职位描述": "董事、副总裁、财务总监、董事会秘书",
      "期初持股数": "400000",
      "期末持股数": "400000",
      "间接持股数": "",
      "从公司获得年度报酬总额": "313100",
      "补贴津贴": "",
      "变动原因说明": "不适用",
      "是否在股东或关联单位领取报酬津贴": "否",
      "在任与否": "是"
    },
    {
      "领导人姓名": "李基",
      "职位描述": "董事、副总裁",
      "期初持股数": "0",
      "期末持股数": "0",
      "间接持股数": "",
      "从公司获得年度报酬总额": "275800",
      "补贴津贴": "",
      "变动原因说明": "不适用",
      "是否在股东或关联单位领取报酬津贴": "否",
      "在任与否": "是"
    },
    {
      "领导人姓名": "沈晓峰",
      "职位描述": "独立董事",
      "期初持股数": "0",
      "期末持股数": "0",
      "间接持股数": "",
      "从公司获得年度报酬总额": "60000",
      "补贴津贴": "",
      "变动原因说明": "不适用",
      "是否在股东或关联单位领取报酬津贴": "否",
      "在任与否": "是"
    },
    {
      "领导人姓名": "熊超",
      "职位描述": "独立董事",
      "期初持股数": "0",
      "期末持股数": "0",
      "间接持股数": "",
      "从公司获得年度报酬总额": "60000",
      "补贴津贴": "",
      "变动原因说明": "不适用",
      "是否在股东或关联单位领取报酬津贴": "否",
      "在任与否": "是"
    },
    {
      "领导人姓名": "皮长春",
      "职位描述": "职工代表董事、副总经理",
      "期初持股数": "0",
      "期末持股数": "0",
      "间接持股数": "",
      "从公司获得年度报酬总额": "309500",
      "补贴津贴": "",
      "变动原因说明": "不适用",
      "是否在股东或关联单位领取报酬津贴": "否",
      "在任与否": "是"
    },
    {
      "领导人姓名": "石凌涛",
      "职位描述": "总裁、董事",
      "期初持股数": "400000",
      "期末持股数": "400000",
      "间接持股数": "",
      "从公司获得年度报酬总额": "483600",
      "补贴津贴": "",
      "变动原因说明": "不适用",
      "是否在股东或关联单位领取报酬津贴": "否",
      "在任与否": "是"
    },
    {
      "领导人姓名": "刘卫斌",
      "职位描述": "副总裁、董事",
      "期初持股数": "400000",
      "期末持股数": "400000",
      "间接持股数": "",
      "从公司获得年度报酬总额": "302300",
      "补贴津贴": "",
      "变动原因说明": "不适用",
      "是否在股东或关联单位领取报酬津贴": "否",
      "在任与否": "是"
    },
    {
      "领导人姓名": "李跃先",
      "职位描述": "董事、董事长",
      "期初持股数": "26605440",
      "期末持股数": "26605440",
      "间接持股数": "",
      "从公司获得年度报酬总额": "378400",
      "补贴津贴": "",
      "变动原因说明": "不适用",
      "是否在股东或关联单位领取报酬津贴": "否",
      "在任与否": "否"
    },
    {
      "领导人姓名": "马放建",
      "职位描述": "监事、监事会主席",
      "期初持股数": "8300",
      "期末持股数": "8300",
      "间接持股数": "",
      "从公司获得年度报酬总额": "40100",
      "补贴津贴": "",
      "变动原因说明": "不适用",
      "是否在股东或关联单位领取报酬津贴": "否",
      "在任与否": "否"
    },
    {
      "领导人姓名": "王杏香",
      "职位描述": "监事",
      "期初持股数": "0",
      "期末持股数": "0",
      "间接持股数": "",
      "从公司获得年度报酬总额": "23000",
      "补贴津贴": "",
      "变动原因说明": "不适用",
      "是否在股东或关联单位领取报酬津贴": "否",
      "在任与否": "否"
    },
    {
      "领导人姓名": "何少康",
      "职位描述": "监事、职工代表监事",
      "期初持股数": "0",
      "期末持股数": "0",
      "间接持股数": "",
      "从公司获得年度报酬总额": "68000",
      "补贴津贴": "",
      "变动原因说明": "不适用",
      "是否在股东或关联单位领取报酬津贴": "否",
      "在任与否": "否"
    }
  ]
}

=== 300188-2026-04-18-国投智能-2025年年度报告.pdf ===
{
  "Leader_Salary_data": {
    "实际所得报酬总额起始": "",
    "实际所得报酬总额截止": "",
    "实际所得报酬总额涉及人数": ""
  },
  "Leader_Hold_data": [
    {
      "领导人姓名": "滕达",
      "职位描述": "董事长",
      "期初持股数": "1940941",
      "期末持股数": "1940941",
      "间接持股数": "",
      "从公司获得年度报酬总额": "746800",
      "补贴津贴": "",
      "变动原因说明": "",
      "是否在股东或关联单位领取报酬津贴": "否",
      "在任与否": "是"
    },
    {
      "领导人姓名": "惠澎",
      "职位描述": "董事",
      "期初持股数": "0",
      "期末持股数": "0",
      "间接持股数": "",
      "从公司获得年度报酬总额": "0",
      "补贴津贴": "",
      "变动原因说明": "",
      "是否在股东或关联单位领取报酬津贴": "是",
      "在任与否": "是"
    },
    {
      "领导人姓名": "申强",
      "职位描述": "董事",
      "期初持股数": "1783900",
      "期末持股数": "1783900",
      "间接持股数": "",
      "从公司获得年度报酬总额": "718400",
      "补贴津贴": "",
      "变动原因说明": "",
      "是否在股东或关联单位领取报酬津贴": "否",
      "在任与否": "是"
    },
    {
      "领导人姓名": "夏成楼",
      "职位描述": "董事",
      "期初持股数": "0",
      "期末持股数": "0",
      "间接持股数": "",
      "从公司获得年度报酬总额": "0",
      "补贴津贴": "",
      "变动原因说明": "",
      "是否在股东或关联单位领取报酬津贴": "是",
      "在任与否": "是"
    },
    {
      "领导人姓名": "杨瑾",
      "职位描述": "董事",
      "期初持股数": "0",
      "期末持股数": "0",
      "间接持股数": "",
      "从公司获得年度报酬总额": "0",
      "补贴津贴": "",
      "变动原因说明": "",
      "是否在股东或关联单位领取报酬津贴": "是",
      "在任与否": "是"
    },
    {
      "领导人姓名": "陈晶",
      "职位描述": "董事",
      "期初持股数": "0",
      "期末持股数": "0",
      "间接持股数": "",
      "从公司获得年度报酬总额": "0",
      "补贴津贴": "",
      "变动原因说明": "",
      "是否在股东或关联单位领取报酬津贴": "是",
      "在任与否": "是"
    },
    {
      "领导人姓名": "陈少华",
      "职位描述": "独立董事",
      "期初持股数": "0",
      "期末持股数": "0",
      "间接持股数": "",
      "从公司获得年度报酬总额": "120000",
      "补贴津贴": "",
      "变动原因说明": "",
      "是否在股东或关联单位领取报酬津贴": "否",
      "在任与否": "是"
    },
    {
      "领导人姓名": "郑文元",
      "职位描述": "独立董事",
      "期初持股数": "0",
      "期末持股数": "0",
      "间接持股数": "",
      "从公司获得年度报酬总额": "120000",
      "补贴津贴": "",
      "变动原因说明": "",
      "是否在股东或关联单位领取报酬津贴": "否",
      "在任与否": "是"
    },
    {
      "领导人姓名": "杨晨晖",
      "职位描述": "独立董事",
      "期初持股数": "0",
      "期末持股数": "0",
      "间接持股数": "",
      "从公司获得年度报酬总额": "120000",
      "补贴津贴": "",
      "变动原因说明": "",
      "是否在股东或关联单位领取报酬津贴": "否",
      "在任与否": "是"
    },
    {
      "领导人姓名": "许瑾光",
      "职位描述": "董事",
      "期初持股数": "0",
      "期末持股数": "0",
      "间接持股数": "",
      "从公司获得年度报酬总额": "0",
      "补贴津贴": "",
      "变动原因说明": "",
      "是否在股东或关联单位领取报酬津贴": "是",
      "在任与否": "否"
    },
    {
      "领导人姓名": "周成祖",
      "职位描述": "总经理",
      "期初持股数": "116780",
      "期末持股数": "156780",
      "间接持股数": "",
      "从公司获得年度报酬总额": "651800",
      "补贴津贴": "",
      "变动原因说明": "增持",
      "是否在股东或关联单位领取报酬津贴": "否",
      "在任与否": "是"
    },
    {
      "领导人姓名": "栾江霞",
      "职位描述": "副总经理",
      "期初持股数": "719032",
      "期末持股数": "769032",
      "间接持股数": "",
      "从公司获得年度报酬总额": "629100",
      "补贴津贴": "",
      "变动原因说明": "增持",
      "是否在股东或关联单位领取报酬津贴": "否",
      "在任与否": "是"
    },
    {
      "领导人姓名": "涂峥",
      "职位描述": "副总经理",
      "期初持股数": "0",
      "期末持股数": "39200",
      "间接持股数": "",
      "从公司获得年度报酬总额": "814900",
      "补贴津贴": "",
      "变动原因说明": "增持",
      "是否在股东或关联单位领取报酬津贴": "否",
      "在任与否": "是"
    },
    {
      "领导人姓名": "水军",
      "职位描述": "副总经理",
      "期初持股数": "423013",
      "期末持股数": "463013",
      "间接持股数": "",
      "从公司获得年度报酬总额": "670300",
      "补贴津贴": "",
      "变动原因说明": "增持",
      "是否在股东或关联单位领取报酬津贴": "否",
      "在任与否": "是"
    },
    {
      "领导人姓名": "高碧梅",
      "职位描述": "副总经理、董事会秘书",
      "期初持股数": "44760",
      "期末持股数": "84760",
      "间接持股数": "",
      "从公司获得年度报酬总额": "597700",
      "补贴津贴": "",
      "变动原因说明": "增持",
      "是否在股东或关联单位领取报酬津贴": "否",
      "在任与否": "是"
    },
    {
      "领导人姓名": "柳杨",
      "职位描述": "总会计师、总法律顾问",
      "期初持股数": "0",
      "期末持股数": "40000",
      "间接持股数": "",
      "从公司获得年度报酬总额": "472200",
      "补贴津贴": "",
      "变动原因说明": "增持",
      "是否在股东或关联单位领取报酬津贴": "否",
      "在任与否": "是"
    }
  ]
}

=== 300007-2026-04-18-汉威科技-2025年年度报告.pdf ===
{
  "Leader_Salary_data": {
    "实际所得报酬总额起始": "",
    "实际所得报酬总额截止": "",
    "实际所得报酬总额涉及人数": ""
  },
  "Leader_Hold_data": [
    {
      "领导人姓名": "任红军",
      "职位描述": "董事长",
      "期初持股数": "52879243",
      "期末持股数": "52879243",
      "间接持股数": "",
      "从公司获得年度报酬总额": "1004400",
      "补贴津贴": "",
      "变动原因说明": "",
      "是否在股东或关联单位领取报酬津贴": "否",
      "在任与否": "是"
    },
    {
      "领导人姓名": "李志刚",
      "职位描述": "董事、总经理",
      "期初持股数": "247450",
      "期末持股数": "185650",
      "间接持股数": "",
      "从公司获得年度报酬总额": "1104200",
      "补贴津贴": "",
      "变动原因说明": "个人资金需求，二级市场减持",
      "是否在股东或关联单位领取报酬津贴": "否",
      "在任与否": "是"
    },
    {
      "领导人姓名": "尚中锋",
      "职位描述": "董事、副总经理",
      "期初持股数": "1585748",
      "期末持股数": "1585748",
      "间接持股数": "",
      "从公司获得年度报酬总额": "764200",
      "补贴津贴": "",
      "变动原因说明": "",
      "是否在股东或关联单位领取报酬津贴": "否",
      "在任与否": "是"
    },
    {
      "领导人姓名": "杨昌再",
      "职位描述": "董事",
      "期初持股数": "175780",
      "期末持股数": "131835",
      "间接持股数": "",
      "从公司获得年度报酬总额": "725200",
      "补贴津贴": "",
      "变动原因说明": "个人资金需求，二级市场减持",
      "是否在股东或关联单位领取报酬津贴": "否",
      "在任与否": "是"
    },
    {
      "领导人姓名": "肖锋",
      "职位描述": "董事会秘书、副总经理、董事",
      "期初持股数": "64000",
      "期末持股数": "48000",
      "间接持股数": "",
      "从公司获得年度报酬总额": "566000",
      "补贴津贴": "",
      "变动原因说明": "个人资金需求，二级市场减持",
      "是否在股东或关联单位领取报酬津贴": "否",
      "在任与否": "是"
    },
    {
      "领导人姓名": "古瑞琴",
      "职位描述": "职工代表董事",
      "期初持股数": "0",
      "期末持股数": "0",
      "间接持股数": "",
      "从公司获得年度报酬总额": "",
      "补贴津贴": "",
      "变动原因说明": "",
      "是否在股东或关联单位领取报酬津贴": "",
      "在任与否": "是"
    },
    {
      "领导人姓名": "申香华",
      "职位描述": "独立董事",
      "期初持股数": "0",
      "期末持股数": "0",
      "间接持股数": "",
      "从公司获得年度报酬总额": "",
      "补贴津贴": "70000",
      "变动原因说明": "",
      "是否在股东或关联单位领取报酬津贴": "",
      "在任与否": "是"
    },
    {
      "领导人姓名": "吴宇",
      "职位描述": "独立董事",
      "期初持股数": "0",
      "期末持股数": "0",
      "间接持股数": "",
      "从公司获得年度报酬总额": "",
      "补贴津贴": "70000",
      "变动原因说明": "",
      "是否在股东或关联单位领取报酬津贴": "",
      "在任与否": "是"
    },
    {
      "领导人姓名": "刘之斐",
      "职位描述": "独立董事",
      "期初持股数": "0",
      "期末持股数": "0",
      "间接持股数": "",
      "从公司获得年度报酬总额": "",
      "补贴津贴": "70000",
      "变动原因说明": "",
      "是否在股东或关联单位领取报酬津贴": "",
      "在任与否": "是"
    },
    {
      "领导人姓名": "杨承霖",
      "职位描述": "副总经理",
      "期初持股数": "0",
      "期末持股数": "0",
      "间接持股数": "",
      "从公司获得年度报酬总额": "",
      "补贴津贴": "",
      "变动原因说明": "",
      "是否在股东或关联单位领取报酬津贴": "",
      "在任与否": "是"
    },
    {
      "领导人姓名": "关凤艳",
      "职位描述": "财务负责人",
      "期初持股数": "13280",
      "期末持股数": "13280",
      "间接持股数": "",
      "从公司获得年度报酬总额": "378900",
      "补贴津贴": "",
      "变动原因说明": "",
      "是否在股东或关联单位领取报酬津贴": "否",
      "在任与否": "是"
    },
    {
      "领导人姓名": "刘瑞玲",
      "职位描述": "董事、副总经理",
      "期初持股数": "2491940",
      "期末持股数": "2491940",
      "间接持股数": "",
      "从公司获得年度报酬总额": "880100",
      "补贴津贴": "",
      "变动原因说明": "",
      "是否在股东或关联单位领取报酬津贴": "否",
      "在任与否": "否"
    },
    {
      "领导人姓名": "高延明",
      "职位描述": "董事、副总经理",
      "期初持股数": "15000",
      "期末持股数": "15000",
      "间接持股数": "",
      "从公司获得年度报酬总额": "582600",
      "补贴津贴": "",
      "变动原因说明": "",
      "是否在股东或关联单位领取报酬津贴": "否",
      "在任与否": "否"
    },
    {
      "领导人姓名": "李山",
      "职位描述": "独立董事",
      "期初持股数": "0",
      "期末持股数": "0",
      "间接持股数": "",
      "从公司获得年度报酬总额": "70000",
      "补贴津贴": "70000",
      "变动原因说明": "",
      "是否在股东或关联单位领取报酬津贴": "否",
      "在任与否": "否"
    },
    {
      "领导人姓名": "王立章",
      "职位描述": "独立董事",
      "期初持股数": "0",
      "期末持股数": "0",
      "间接持股数": "",
      "从公司获得年度报酬总额": "70000",
      "补贴津贴": "70000",
      "变动原因说明": "",
      "是否在股东或关联单位领取报酬津贴": "否",
      "在任与否": "否"
    },
    {
      "领导人姓名": "宛虹",
      "职位描述": "独立董事",
      "期初持股数": "0",
      "期末持股数": "0",
      "间接持股数": "",
      "从公司获得年度报酬总额": "70000",
      "补贴津贴": "70000",
      "变动原因说明": "",
      "是否在股东或关联单位领取报酬津贴": "否",
      "在任与否": "否"
    }
  ]
}

=== 300265-2026-04-18-通光线缆-2025年年度报告.pdf ===
{
  "Leader_Salary_data": {
    "实际所得报酬总额起始": "",
    "实际所得报酬总额截止": "",
    "实际所得报酬总额涉及人数": ""
  },
  "Leader_Hold_data": [
    {
      "领导人姓名": "张忠",
      "职位描述": "董事长、总经理",
      "期初持股数": "393500",
      "期末持股数": "393500",
      "间接持股数": "",
      "从公司获得年度报酬总额": "788900",
      "补贴津贴": "",
      "变动原因说明": "",
      "是否在股东或关联单位领取报酬津贴": "否",
      "在任与否": "是"
    },
    {
      "领导人姓名": "张强",
      "职位描述": "董事",
      "期初持股数": "0",
      "期末持股数": "0",
      "间接持股数": "",
      "从公司获得年度报酬总额": "0",
      "补贴津贴": "",
      "变动原因说明": "",
      "是否在股东或关联单位领取报酬津贴": "是",
      "在任与否": "是"
    },
    {
      "领导人姓名": "雷建设",
      "职位描述": "董事",
      "期初持股数": "0",
      "期末持股数": "0",
      "间接持股数": "",
      "从公司获得年度报酬总额": "950300",
      "补贴津贴": "",
      "变动原因说明": "",
      "是否在股东或关联单位领取报酬津贴": "否",
      "在任与否": "是"
    },
    {
      "领导人姓名": "徐军",
      "职位描述": "董事",
      "期初持股数": "0",
      "期末持股数": "0",
      "间接持股数": "",
      "从公司获得年度报酬总额": "465100",
      "补贴津贴": "",
      "变动原因说明": "",
      "是否在股东或关联单位领取报酬津贴": "否",
      "在任与否": "是"
    },
    {
      "领导人姓名": "唐正国",
      "职位描述": "独立董事",
      "期初持股数": "0",
      "期末持股数": "0",
      "间接持股数": "",
      "从公司获得年度报酬总额": "72000",
      "补贴津贴": "72000",
      "变动原因说明": "",
      "是否在股东或关联单位领取报酬津贴": "否",
      "在任与否": "是"
    },
    {
      "领导人姓名": "和敬涵",
      "职位描述": "独立董事",
      "期初持股数": "0",
      "期末持股数": "0",
      "间接持股数": "",
      "从公司获得年度报酬总额": "72000",
      "补贴津贴": "72000",
      "变动原因说明": "",
      "是否在股东或关联单位领取报酬津贴": "否",
      "在任与否": "是"
    },
    {
      "领导人姓名": "李远慧",
      "职位描述": "独立董事",
      "期初持股数": "0",
      "期末持股数": "0",
      "间接持股数": "",
      "从公司获得年度报酬总额": "72000",
      "补贴津贴": "72000",
      "变动原因说明": "",
      "是否在股东或关联单位领取报酬津贴": "否",
      "在任与否": "是"
    },
    {
      "领导人姓名": "姜独松",
      "职位描述": "副总经理、董事会秘书",
      "期初持股数": "0",
      "期末持股数": "0",
      "间接持股数": "",
      "从公司获得年度报酬总额": "348400",
      "补贴津贴": "",
      "变动原因说明": "",
      "是否在股东或关联单位领取报酬津贴": "否",
      "在任与否": "是"
    },
    {
      "领导人姓名": "龚利群",
      "职位描述": "财务总监",
      "期初持股数": "0",
      "期末持股数": "0",
      "间接持股数": "",
      "从公司获得年度报酬总额": "236900",
      "补贴津贴": "",
      "变动原因说明": "",
      "是否在股东或关联单位领取报酬津贴": "否",
      "在任与否": "是"
    },
    {
      "领导人姓名": "陈建旭",
      "职位描述": "财务总监",
      "期初持股数": "0",
      "期末持股数": "0",
      "间接持股数": "",
      "从公司获得年度报酬总额": "302900",
      "补贴津贴": "",
      "变动原因说明": "",
      "是否在股东或关联单位领取报酬津贴": "否",
      "在任与否": "否"
    }
  ]
}

=== 300115-2026-04-18-长盈精密-2025年年度报告.pdf ===
{
  "Leader_Salary_data": {
    "实际所得报酬总额起始": "",
    "实际所得报酬总额截止": "",
    "实际所得报酬总额涉及人数": ""
  },
  "Leader_Hold_data": [
    {
      "领导人姓名": "陈奇星",
      "职位描述": "董事长",
      "期初持股数": "3388800",
      "期末持股数": "3388800",
      "间接持股数": "",
      "从公司获得年度报酬总额": "840000",
      "补贴津贴": "",
      "变动原因说明": "",
      "是否在股东或关联单位领取报酬津贴": "否",
      "在任与否": "是"
    },
    {
      "领导人姓名": "陈小硕",
      "职位描述": "总经理、副董事长",
      "期初持股数": "529200",
      "期末持股数": "529200",
      "间接持股数": "",
      "从公司获得年度报酬总额": "2023300",
      "补贴津贴": "",
      "变动原因说明": "",
      "是否在股东或关联单位领取报酬津贴": "否",
      "在任与否": "是"
    },
    {
      "领导人姓名": "朱守力",
      "职位描述": "财务总监、董事",
      "期初持股数": "441600",
      "期末持股数": "441600",
      "间接持股数": "",
      "从公司获得年度报酬总额": "1474900",
      "补贴津贴": "",
      "变动原因说明": "",
      "是否在股东或关联单位领取报酬津贴": "否",
      "在任与否": "是"
    },
    {
      "领导人姓名": "徐达海",
      "职位描述": "职工代表董事",
      "期初持股数": "0",
      "期末持股数": "0",
      "间接持股数": "",
      "从公司获得年度报酬总额": "146500",
      "补贴津贴": "",
      "变动原因说明": "",
      "是否在股东或关联单位领取报酬津贴": "否",
      "在任与否": "是"
    },
    {
      "领导人姓名": "彭建春",
      "职位描述": "董事",
      "期初持股数": "0",
      "期末持股数": "0",
      "间接持股数": "",
      "从公司获得年度报酬总额": "120000",
      "补贴津贴": "",
      "变动原因说明": "",
      "是否在股东或关联单位领取报酬津贴": "否",
      "在任与否": "是"
    },
    {
      "领导人姓名": "罗强",
      "职位描述": "董事",
      "期初持股数": "0",
      "期末持股数": "0",
      "间接持股数": "",
      "从公司获得年度报酬总额": "",
      "补贴津贴": "",
      "变动原因说明": "",
      "是否在股东或关联单位领取报酬津贴": "",
      "在任与否": "是"
    },
    {
      "领导人姓名": "詹伟哉",
      "职位描述": "独立董事",
      "期初持股数": "0",
      "期末持股数": "12900",
      "间接持股数": "",
      "从公司获得年度报酬总额": "120000",
      "补贴津贴": "",
      "变动原因说明": "二级市场增持",
      "是否在股东或关联单位领取报酬津贴": "否",
      "在任与否": "是"
    },
    {
      "领导人姓名": "梁融",
      "职位描述": "独立董事",
      "期初持股数": "0",
      "期末持股数": "0",
      "间接持股数": "",
      "从公司获得年度报酬总额": "120000",
      "补贴津贴": "",
      "变动原因说明": "",
      "是否在股东或关联单位领取报酬津贴": "否",
      "在任与否": "是"
    },
    {
      "领导人姓名": "孙进山",
      "职位描述": "独立董事",
      "期初持股数": "0",
      "期末持股数": "0",
      "间接持股数": "",
      "从公司获得年度报酬总额": "120000",
      "补贴津贴": "",
      "变动原因说明": "",
      "是否在股东或关联单位领取报酬津贴": "否",
      "在任与否": "是"
    },
    {
      "领导人姓名": "黎英岳",
      "职位描述": "副总经理",
      "期初持股数": "0",
      "期末持股数": "0",
      "间接持股数": "",
      "从公司获得年度报酬总额": "1577700",
      "补贴津贴": "",
      "变动原因说明": "",
      "是否在股东或关联单位领取报酬津贴": "否",
      "在任与否": "是"
    },
    {
      "领导人姓名": "钟发志",
      "职位描述": "副总经理",
      "期初持股数": "412915",
      "期末持股数": "412915",
      "间接持股数": "",
      "从公司获得年度报酬总额": "1474900",
      "补贴津贴": "",
      "变动原因说明": "",
      "是否在股东或关联单位领取报酬津贴": "否",
      "在任与否": "是"
    },
    {
      "领导人姓名": "田刚",
      "职位描述": "副总经理",
      "期初持股数": "0",
      "期末持股数": "0",
      "间接持股数": "",
      "从公司获得年度报酬总额": "1457100",
      "补贴津贴": "",
      "变动原因说明": "",
      "是否在股东或关联单位领取报酬津贴": "否",
      "在任与否": "是"
    },
    {
      "领导人姓名": "胡宇龙",
      "职位描述": "副总经理、董事会秘书",
      "期初持股数": "122400",
      "期末持股数": "122400",
      "间接持股数": "",
      "从公司获得年度报酬总额": "1303200",
      "补贴津贴": "",
      "变动原因说明": "",
      "是否在股东或关联单位领取报酬津贴": "否",
      "在任与否": "是"
    },
    {
      "领导人姓名": "来旭春",
      "职位描述": "副总经理",
      "期初持股数": "24000",
      "期末持股数": "24000",
      "间接持股数": "",
      "从公司获得年度报酬总额": "1500600",
      "补贴津贴": "",
      "变动原因说明": "",
      "是否在股东或关联单位领取报酬津贴": "否",
      "在任与否": "是"
    },
    {
      "领导人姓名": "陈杭",
      "职位描述": "监事会主席",
      "期初持股数": "334381",
      "期末持股数": "334381",
      "间接持股数": "",
      "从公司获得年度报酬总额": "813400",
      "补贴津贴": "",
      "变动原因说明": "",
      "是否在股东或关联单位领取报酬津贴": "否",
      "在任与否": "否"
    },
    {
      "领导人姓名": "文乐平",
      "职位描述": "监事",
      "期初持股数": "",
      "期末持股数": "0",
      "间接持股数": "",
      "从公司获得年度报酬总额": "185800",
      "补贴津贴": "",
      "变动原因说明": "",
      "是否在股东或关联单位领取报酬津贴": "否",
      "在任与否": "否"
    },
    {
      "领导人姓名": "占敏",
      "职位描述": "监事",
      "期初持股数": "0",
      "期末持股数": "0",
      "间接持股数": "",
      "从公司获得年度报酬总额": "0",
      "补贴津贴": "",
      "变动原因说明": "",
      "是否在股东或关联单位领取报酬津贴": "是",
      "在任与否": "否"
    }
  ]
}

=== 300401-2026-04-18-花园生物-2025年年度报告.pdf ===
{
  "Leader_Salary_data": {
    "实际所得报酬总额起始": "",
    "实际所得报酬总额截止": "",
    "实际所得报酬总额涉及人数": ""
  },
  "Leader_Hold_data": [
    {
      "领导人姓名": "邵钦祥",
      "职位描述": "董事",
      "期初持股数": "0",
      "期末持股数": "0",
      "间接持股数": "",
      "从公司获得年度报酬总额": "0",
      "补贴津贴": "",
      "变动原因说明": "",
      "是否在股东或关联单位领取报酬津贴": "是",
      "在任与否": "是"
    },
    {
      "领导人姓名": "邵徐君",
      "职位描述": "董事长",
      "期初持股数": "2454250",
      "期末持股数": "2454250",
      "间接持股数": "",
      "从公司获得年度报酬总额": "1101300",
      "补贴津贴": "",
      "变动原因说明": "",
      "是否在股东或关联单位领取报酬津贴": "否",
      "在任与否": "是"
    },
    {
      "领导人姓名": "马焕政",
      "职位描述": "副董事长、总经理",
      "期初持股数": "3750000",
      "期末持股数": "3750000",
      "间接持股数": "",
      "从公司获得年度报酬总额": "1010000",
      "补贴津贴": "",
      "变动原因说明": "",
      "是否在股东或关联单位领取报酬津贴": "否",
      "在任与否": "是"
    },
    {
      "领导人姓名": "魏忠岚",
      "职位描述": "副董事长",
      "期初持股数": "0",
      "期末持股数": "0",
      "间接持股数": "",
      "从公司获得年度报酬总额": "1054000",
      "补贴津贴": "",
      "变动原因说明": "",
      "是否在股东或关联单位领取报酬津贴": "否",
      "在任与否": "是"
    },
    {
      "领导人姓名": "方福生",
      "职位描述": "董事",
      "期初持股数": "0",
      "期末持股数": "0",
      "间接持股数": "",
      "从公司获得年度报酬总额": "970100",
      "补贴津贴": "",
      "变动原因说明": "",
      "是否在股东或关联单位领取报酬津贴": "否",
      "在任与否": "是"
    },
    {
      "领导人姓名": "喻铨衡",
      "职位描述": "董事、副总经理、董秘",
      "期初持股数": "2812500",
      "期末持股数": "2812500",
      "间接持股数": "",
      "从公司获得年度报酬总额": "600200",
      "补贴津贴": "",
      "变动原因说明": "",
      "是否在股东或关联单位领取报酬津贴": "否",
      "在任与否": "是"
    },
    {
      "领导人姓名": "严建苗",
      "职位描述": "独立董事",
      "期初持股数": "0",
      "期末持股数": "0",
      "间接持股数": "",
      "从公司获得年度报酬总额": "100000",
      "补贴津贴": "100000",
      "变动原因说明": "",
      "是否在股东或关联单位领取报酬津贴": "否",
      "在任与否": "是"
    },
    {
      "领导人姓名": "厉国威",
      "职位描述": "独立董事",
      "期初持股数": "0",
      "期末持股数": "0",
      "间接持股数": "",
      "从公司获得年度报酬总额": "100000",
      "补贴津贴": "100000",
      "变动原因说明": "",
      "是否在股东或关联单位领取报酬津贴": "否",
      "在任与否": "是"
    },
    {
      "领导人姓名": "杨启炜",
      "职位描述": "独立董事",
      "期初持股数": "0",
      "期末持股数": "0",
      "间接持股数": "",
      "从公司获得年度报酬总额": "100000",
      "补贴津贴": "100000",
      "变动原因说明": "",
      "是否在股东或关联单位领取报酬津贴": "否",
      "在任与否": "是"
    },
    {
      "领导人姓名": "刘建刚",
      "职位描述": "常务副总",
      "期初持股数": "1314000",
      "期末持股数": "1314000",
      "间接持股数": "",
      "从公司获得年度报酬总额": "761900",
      "补贴津贴": "",
      "变动原因说明": "",
      "是否在股东或关联单位领取报酬津贴": "否",
      "在任与否": "是"
    },
    {
      "领导人姓名": "钱国平",
      "职位描述": "副总经理",
      "期初持股数": "506250",
      "期末持股数": "506250",
      "间接持股数": "",
      "从公司获得年度报酬总额": "725200",
      "补贴津贴": "",
      "变动原因说明": "",
      "是否在股东或关联单位领取报酬津贴": "否",
      "在任与否": "是"
    },
    {
      "领导人姓名": "刘小平",
      "职位描述": "副总经理",
      "期初持股数": "387500",
      "期末持股数": "387500",
      "间接持股数": "",
      "从公司获得年度报酬总额": "388300",
      "补贴津贴": "",
      "变动原因说明": "",
      "是否在股东或关联单位领取报酬津贴": "否",
      "在任与否": "是"
    },
    {
      "领导人姓名": "吴春华",
      "职位描述": "财务总监",
      "期初持股数": "0",
      "期末持股数": "0",
      "间接持股数": "",
      "从公司获得年度报酬总额": "610000",
      "补贴津贴": "",
      "变动原因说明": "",
      "是否在股东或关联单位领取报酬津贴": "否",
      "在任与否": "是"
    }
  ]
}

=== 300399-2026-04-18-天利科技-2025年年度报告.pdf ===
{
  "Leader_Salary_data": {
    "实际所得报酬总额起始": "2320700",
    "实际所得报酬总额截止": "2320700",
    "实际所得报酬总额涉及人数": ""
  },
  "Leader_Hold_data": [
    {
      "领导人姓名": "高磊",
      "职位描述": "董事、董事长",
      "期初持股数": "0",
      "期末持股数": "0",
      "间接持股数": "",
      "从公司获得年度报酬总额": "0",
      "补贴津贴": "",
      "变动原因说明": "",
      "是否在股东或关联单位领取报酬津贴": "是",
      "在任与否": "是"
    },
    {
      "领导人姓名": "周洪璀",
      "职位描述": "董事、副董事长",
      "期初持股数": "0",
      "期末持股数": "0",
      "间接持股数": "",
      "从公司获得年度报酬总额": "380400",
      "补贴津贴": "",
      "变动原因说明": "",
      "是否在股东或关联单位领取报酬津贴": "否",
      "在任与否": "否"
    },
    {
      "领导人姓名": "钟继伟",
      "职位描述": "董事",
      "期初持股数": "0",
      "期末持股数": "0",
      "间接持股数": "",
      "从公司获得年度报酬总额": "0",
      "补贴津贴": "",
      "变动原因说明": "",
      "是否在股东或关联单位领取报酬津贴": "是",
      "在任与否": "是"
    },
    {
      "领导人姓名": "叶鹏飞",
      "职位描述": "董事",
      "期初持股数": "0",
      "期末持股数": "0",
      "间接持股数": "",
      "从公司获得年度报酬总额": "0",
      "补贴津贴": "",
      "变动原因说明": "",
      "是否在股东或关联单位领取报酬津贴": "是",
      "在任与否": "是"
    },
    {
      "领导人姓名": "顾兰芳",
      "职位描述": "董事、财务总监、董事会秘书",
      "期初持股数": "0",
      "期末持股数": "0",
      "间接持股数": "",
      "从公司获得年度报酬总额": "476800",
      "补贴津贴": "",
      "变动原因说明": "",
      "是否在股东或关联单位领取报酬津贴": "否",
      "在任与否": "是"
    },
    {
      "领导人姓名": "赵丹",
      "职位描述": "董事、副总经理",
      "期初持股数": "0",
      "期末持股数": "0",
      "间接持股数": "",
      "从公司获得年度报酬总额": "362200",
      "补贴津贴": "",
      "变动原因说明": "",
      "是否在股东或关联单位领取报酬津贴": "否",
      "在任与否": "是"
    },
    {
      "领导人姓名": "赵贺春",
      "职位描述": "独立董事",
      "期初持股数": "0",
      "期末持股数": "0",
      "间接持股数": "",
      "从公司获得年度报酬总额": "90000",
      "补贴津贴": "",
      "变动原因说明": "",
      "是否在股东或关联单位领取报酬津贴": "否",
      "在任与否": "是"
    },
    {
      "领导人姓名": "柳习科",
      "职位描述": "独立董事",
      "期初持股数": "0",
      "期末持股数": "0",
      "间接持股数": "",
      "从公司获得年度报酬总额": "90000",
      "补贴津贴": "",
      "变动原因说明": "",
      "是否在股东或关联单位领取报酬津贴": "否",
      "在任与否": "是"
    },
    {
      "领导人姓名": "张骏",
      "职位描述": "独立董事",
      "期初持股数": "0",
      "期末持股数": "0",
      "间接持股数": "",
      "从公司获得年度报酬总额": "0",
      "补贴津贴": "",
      "变动原因说明": "",
      "是否在股东或关联单位领取报酬津贴": "否",
      "在任与否": "是"
    },
    {
      "领导人姓名": "江蔚文",
      "职位描述": "监事、监事会主席",
      "期初持股数": "0",
      "期末持股数": "0",
      "间接持股数": "",
      "从公司获得年度报酬总额": "0",
      "补贴津贴": "",
      "变动原因说明": "",
      "是否在股东或关联单位领取报酬津贴": "是",
      "在任与否": "否"
    },
    {
      "领导人姓名": "吴建军",
      "职位描述": "监事",
      "期初持股数": "0",
      "期末持股数": "0",
      "间接持股数": "",
      "从公司获得年度报酬总额": "0",
      "补贴津贴": "",
      "变动原因说明": "",
      "是否在股东或关联单位领取报酬津贴": "是",
      "在任与否": "否"
    },
    {
      "领导人姓名": "高岗",
      "职位描述": "监事",
      "期初持股数": "0",
      "期末持股数": "0",
      "间接持股数": "",
      "从公司获得年度报酬总额": "223000",
      "补贴津贴": "",
      "变动原因说明": "",
      "是否在股东或关联单位领取报酬津贴": "否",
      "在任与否": "否"
    },
    {
      "领导人姓名": "齐亚魁",
      "职位描述": "副总经理",
      "期初持股数": "25700",
      "期末持股数": "25700",
      "间接持股数": "",
      "从公司获得年度报酬总额": "698200",
      "补贴津贴": "",
      "变动原因说明": "自身原因",
      "是否在股东或关联单位领取报酬津贴": "否",
      "在任与否": "是"
    },
    {
      "领导人姓名": "王黎贤",
      "职位描述": "董事",
      "期初持股数": "0",
      "期末持股数": "0",
      "间接持股数": "",
      "从公司获得年度报酬总额": "0",
      "补贴津贴": "",
      "变动原因说明": "",
      "是否在股东或关联单位领取报酬津贴": "是",
      "在任与否": "是"
    }
  ]
}

=== 300517-2026-04-20-海波重科-2025年年度报告.pdf ===
{
  "Leader_Salary_data": {
    "实际所得报酬总额起始": "",
    "实际所得报酬总额截止": "",
    "实际所得报酬总额涉及人数": ""
  },
  "Leader_Hold_data": [
    {
      "领导人姓名": "张海波",
      "职位描述": "董事长",
      "期初持股数": "0",
      "期末持股数": "98868500",
      "间接持股数": "",
      "从公司获得年度报酬总额": "160900",
      "补贴津贴": "",
      "变动原因说明": "个人资金需求减持",
      "是否在股东或关联单位领取报酬津贴": "否",
      "在任与否": "是"
    },
    {
      "领导人姓名": "答浩",
      "职位描述": "董事、总经理",
      "期初持股数": "0",
      "期末持股数": "0",
      "间接持股数": "",
      "从公司获得年度报酬总额": "152300",
      "补贴津贴": "",
      "变动原因说明": "",
      "是否在股东或关联单位领取报酬津贴": "否",
      "在任与否": "是"
    },
    {
      "领导人姓名": "张雪",
      "职位描述": "董事、副总经理、董事会秘书",
      "期初持股数": "0",
      "期末持股数": "0",
      "间接持股数": "",
      "从公司获得年度报酬总额": "150800",
      "补贴津贴": "",
      "变动原因说明": "",
      "是否在股东或关联单位领取报酬津贴": "否",
      "在任与否": "是"
    },
    {
      "领导人姓名": "吕敏康",
      "职位描述": "独立董事",
      "期初持股数": "0",
      "期末持股数": "0",
      "间接持股数": "",
      "从公司获得年度报酬总额": "60000",
      "补贴津贴": "",
      "变动原因说明": "",
      "是否在股东或关联单位领取报酬津贴": "否",
      "在任与否": "是"
    },
    {
      "领导人姓名": "邓文娟",
      "职位描述": "独立董事",
      "期初持股数": "0",
      "期末持股数": "24300",
      "间接持股数": "",
      "从公司获得年度报酬总额": "60000",
      "补贴津贴": "",
      "变动原因说明": "",
      "是否在股东或关联单位领取报酬津贴": "否",
      "在任与否": "是"
    },
    {
      "领导人姓名": "徐卫民",
      "职位描述": "财务总监",
      "期初持股数": "24300",
      "期末持股数": "24300",
      "间接持股数": "",
      "从公司获得年度报酬总额": "147200",
      "补贴津贴": "",
      "变动原因说明": "",
      "是否在股东或关联单位领取报酬津贴": "否",
      "在任与否": "是"
    },
    {
      "领导人姓名": "张正兵",
      "职位描述": "副总经理",
      "期初持股数": "0",
      "期末持股数": "0",
      "间接持股数": "",
      "从公司获得年度报酬总额": "489400",
      "补贴津贴": "",
      "变动原因说明": "",
      "是否在股东或关联单位领取报酬津贴": "否",
      "在任与否": "否"
    }
  ]
}

=== 300412-2026-04-18-迦南科技-2025年年度报告.pdf ===
{
  "Leader_Salary_data": {
    "实际所得报酬总额起始": "",
    "实际所得报酬总额截止": "",
    "实际所得报酬总额涉及人数": ""
  },
  "Leader_Hold_data": [
    {
      "领导人姓名": "方正",
      "职位描述": "董事长、总裁",
      "期初持股数": "7480000",
      "期末持股数": "7480000",
      "间接持股数": "",
      "从公司获得年度报酬总额": "713000",
      "补贴津贴": "",
      "变动原因说明": "",
      "是否在股东或关联单位领取报酬津贴": "否",
      "在任与否": "是"
    },
    {
      "领导人姓名": "方志义",
      "职位描述": "副董事长",
      "期初持股数": "22440000",
      "期末持股数": "22440000",
      "间接持股数": "",
      "从公司获得年度报酬总额": "540600",
      "补贴津贴": "",
      "变动原因说明": "",
      "是否在股东或关联单位领取报酬津贴": "否",
      "在任与否": "是"
    },
    {
      "领导人姓名": "周真道",
      "职位描述": "职工董事",
      "期初持股数": "2861188",
      "期末持股数": "2861188",
      "间接持股数": "",
      "从公司获得年度报酬总额": "325000",
      "补贴津贴": "",
      "变动原因说明": "",
      "是否在股东或关联单位领取报酬津贴": "否",
      "在任与否": "是"
    },
    {
      "领导人姓名": "晁虎",
      "职位描述": "董事、董事会秘书、副总裁",
      "期初持股数": "40800",
      "期末持股数": "40800",
      "间接持股数": "",
      "从公司获得年度报酬总额": "480400",
      "补贴津贴": "",
      "变动原因说明": "",
      "是否在股东或关联单位领取报酬津贴": "否",
      "在任与否": "是"
    },
    {
      "领导人姓名": "徐海智",
      "职位描述": "董事、财务总监",
      "期初持股数": "306000",
      "期末持股数": "306000",
      "间接持股数": "",
      "从公司获得年度报酬总额": "491000",
      "补贴津贴": "",
      "变动原因说明": "",
      "是否在股东或关联单位领取报酬津贴": "否",
      "在任与否": "是"
    },
    {
      "领导人姓名": "黄斌斌",
      "职位描述": "董事",
      "期初持股数": "6732000",
      "期末持股数": "6732000",
      "间接持股数": "",
      "从公司获得年度报酬总额": "294400",
      "补贴津贴": "",
      "变动原因说明": "",
      "是否在股东或关联单位领取报酬津贴": "否",
      "在任与否": "是"
    },
    {
      "领导人姓名": "郑高利",
      "职位描述": "独立董事",
      "期初持股数": "0",
      "期末持股数": "0",
      "间接持股数": "",
      "从公司获得年度报酬总额": "72000",
      "补贴津贴": "",
      "变动原因说明": "",
      "是否在股东或关联单位领取报酬津贴": "否",
      "在任与否": "是"
    },
    {
      "领导人姓名": "许小明",
      "职位描述": "独立董事",
      "期初持股数": "0",
      "期末持股数": "0",
      "间接持股数": "",
      "从公司获得年度报酬总额": "72000",
      "补贴津贴": "",
      "变动原因说明": "",
      "是否在股东或关联单位领取报酬津贴": "否",
      "在任与否": "是"
    },
    {
      "领导人姓名": "樊德珠",
      "职位描述": "独立董事",
      "期初持股数": "0",
      "期末持股数": "0",
      "间接持股数": "",
      "从公司获得年度报酬总额": "72000",
      "补贴津贴": "",
      "变动原因说明": "",
      "是否在股东或关联单位领取报酬津贴": "否",
      "在任与否": "是"
    }
  ]
}

=== 300855-2026-04-18-图南股份-2025年年度报告.pdf ===
{
  "Leader_Salary_data": {
    "实际所得报酬总额起始": "",
    "实际所得报酬总额截止": "",
    "实际所得报酬总额涉及人数": ""
  },
  "Leader_Hold_data": [
    {
      "领导人姓名": "万柏方",
      "职位描述": "董事长、总经理",
      "期初持股数": "109242900",
      "期末持股数": "109242900",
      "间接持股数": "",
      "从公司获得年度报酬总额": "1691700",
      "补贴津贴": "",
      "变动原因说明": "",
      "是否在股东或关联单位领取报酬津贴": "否",
      "在任与否": "是"
    },
    {
      "领导人姓名": "李洪东",
      "职位描述": "董事、副总经理",
      "期初持股数": "390000",
      "期末持股数": "390000",
      "间接持股数": "",
      "从公司获得年度报酬总额": "850300",
      "补贴津贴": "",
      "变动原因说明": "",
      "是否在股东或关联单位领取报酬津贴": "否",
      "在任与否": "是"
    },
    {
      "领导人姓名": "何剑",
      "职位描述": "董事、副总经理、财务总监、董事会秘书",
      "期初持股数": "",
      "期末持股数": "",
      "间接持股数": "",
      "从公司获得年度报酬总额": "1375000",
      "补贴津贴": "",
      "变动原因说明": "",
      "是否在股东或关联单位领取报酬津贴": "否",
      "在任与否": "是"
    },
    {
      "领导人姓名": "陈建平",
      "职位描述": "董事",
      "期初持股数": "26354250",
      "期末持股数": "26354250",
      "间接持股数": "",
      "从公司获得年度报酬总额": "0",
      "补贴津贴": "",
      "变动原因说明": "",
      "是否在股东或关联单位领取报酬津贴": "是",
      "在任与否": "是"
    },
    {
      "领导人姓名": "金建海",
      "职位描述": "独立董事",
      "期初持股数": "",
      "期末持股数": "",
      "间接持股数": "",
      "从公司获得年度报酬总额": "120000",
      "补贴津贴": "",
      "变动原因说明": "",
      "是否在股东或关联单位领取报酬津贴": "是",
      "在任与否": "是"
    },
    {
      "领导人姓名": "李伟群",
      "职位描述": "独立董事",
      "期初持股数": "",
      "期末持股数": "",
      "间接持股数": "",
      "从公司获得年度报酬总额": "120000",
      "补贴津贴": "",
      "变动原因说明": "",
      "是否在股东或关联单位领取报酬津贴": "否",
      "在任与否": "是"
    },
    {
      "领导人姓名": "周珺",
      "职位描述": "独立董事",
      "期初持股数": "",
      "期末持股数": "",
      "间接持股数": "",
      "从公司获得年度报酬总额": "120000",
      "补贴津贴": "",
      "变动原因说明": "",
      "是否在股东或关联单位领取报酬津贴": "否",
      "在任与否": "是"
    },
    {
      "领导人姓名": "张建国",
      "职位描述": "副总经理",
      "期初持股数": "390000",
      "期末持股数": "390000",
      "间接持股数": "",
      "从公司获得年度报酬总额": "833200",
      "补贴津贴": "",
      "变动原因说明": "",
      "是否在股东或关联单位领取报酬津贴": "否",
      "在任与否": "是"
    },
    {
      "领导人姓名": "王林涛",
      "职位描述": "总工程师",
      "期初持股数": "390000",
      "期末持股数": "390000",
      "间接持股数": "",
      "从公司获得年度报酬总额": "838500",
      "补贴津贴": "",
      "变动原因说明": "",
      "是否在股东或关联单位领取报酬津贴": "否",
      "在任与否": "是"
    }
  ]
}

=== 300326-2026-04-18-ST凯利-2025年年度报告.pdf ===
{
  "Leader_Salary_data": {
    "实际所得报酬总额起始": "",
    "实际所得报酬总额截止": "",
    "实际所得报酬总额涉及人数": ""
  },
  "Leader_Hold_data": [
    {
      "领导人姓名": "王冲",
      "职位描述": "董事、董事长、总经理",
      "期初持股数": "0",
      "期末持股数": "0",
      "间接持股数": "",
      "从公司获得年度报酬总额": "634900",
      "补贴津贴": "",
      "变动原因说明": "",
      "是否在股东或关联单位领取报酬津贴": "否",
      "在任与否": "是"
    },
    {
      "领导人姓名": "惠一微",
      "职位描述": "董事、副总经理",
      "期初持股数": "0",
      "期末持股数": "0",
      "间接持股数": "",
      "从公司获得年度报酬总额": "210000",
      "补贴津贴": "",
      "变动原因说明": "",
      "是否在股东或关联单位领取报酬津贴": "否",
      "在任与否": "是"
    },
    {
      "领导人姓名": "WENCHEN（陈文）",
      "职位描述": "董事",
      "期初持股数": "0",
      "期末持股数": "0",
      "间接持股数": "",
      "从公司获得年度报酬总额": "0",
      "补贴津贴": "",
      "变动原因说明": "",
      "是否在股东或关联单位领取报酬津贴": "否",
      "在任与否": "是"
    },
    {
      "领导人姓名": "金诗强",
      "职位描述": "董事",
      "期初持股数": "0",
      "期末持股数": "0",
      "间接持股数": "",
      "从公司获得年度报酬总额": "0",
      "补贴津贴": "",
      "变动原因说明": "",
      "是否在股东或关联单位领取报酬津贴": "否",
      "在任与否": "是"
    },
    {
      "领导人姓名": "朱丁敏",
      "职位描述": "独立董事",
      "期初持股数": "0",
      "期末持股数": "0",
      "间接持股数": "",
      "从公司获得年度报酬总额": "140500",
      "补贴津贴": "200000",
      "变动原因说明": "",
      "是否在股东或关联单位领取报酬津贴": "否",
      "在任与否": "是"
    },
    {
      "领导人姓名": "刘学文",
      "职位描述": "独立董事",
      "期初持股数": "0",
      "期末持股数": "0",
      "间接持股数": "",
      "从公司获得年度报酬总额": "114200",
      "补贴津贴": "200000",
      "变动原因说明": "",
      "是否在股东或关联单位领取报酬津贴": "否",
      "在任与否": "是"
    },
    {
      "领导人姓名": "刘思伟",
      "职位描述": "独立董事",
      "期初持股数": "0",
      "期末持股数": "0",
      "间接持股数": "",
      "从公司获得年度报酬总额": "38900",
      "补贴津贴": "200000",
      "变动原因说明": "",
      "是否在股东或关联单位领取报酬津贴": "否",
      "在任与否": "是"
    },
    {
      "领导人姓名": "丁魁",
      "职位描述": "总经理、董事会秘书、副总经理",
      "期初持股数": "368407",
      "期末持股数": "368407",
      "间接持股数": "",
      "从公司获得年度报酬总额": "1597500",
      "补贴津贴": "",
      "变动原因说明": "",
      "是否在股东或关联单位领取报酬津贴": "否",
      "在任与否": "是"
    },
    {
      "领导人姓名": "李元平",
      "职位描述": "副总经理、财务总监",
      "期初持股数": "25000",
      "期末持股数": "25000",
      "间接持股数": "",
      "从公司获得年度报酬总额": "1596000",
      "补贴津贴": "",
      "变动原因说明": "",
      "是否在股东或关联单位领取报酬津贴": "否",
      "在任与否": "是"
    },
    {
      "领导人姓名": "张劲羽",
      "职位描述": "副总经理",
      "期初持股数": "0",
      "期末持股数": "0",
      "间接持股数": "",
      "从公司获得年度报酬总额": "1300000",
      "补贴津贴": "",
      "变动原因说明": "",
      "是否在股东或关联单位领取报酬津贴": "否",
      "在任与否": "是"
    },
    {
      "领导人姓名": "刘威",
      "职位描述": "副总经理",
      "期初持股数": "0",
      "期末持股数": "0",
      "间接持股数": "",
      "从公司获得年度报酬总额": "1285200",
      "补贴津贴": "",
      "变动原因说明": "",
      "是否在股东或关联单位领取报酬津贴": "否",
      "在任与否": "是"
    },
    {
      "领导人姓名": "刘庆",
      "职位描述": "董事会秘书",
      "期初持股数": "0",
      "期末持股数": "0",
      "间接持股数": "",
      "从公司获得年度报酬总额": "98300",
      "补贴津贴": "",
      "变动原因说明": "",
      "是否在股东或关联单位领取报酬津贴": "否",
      "在任与否": "是"
    },
    {
      "领导人姓名": "蔡仲曦",
      "职位描述": "董事、董事长",
      "期初持股数": "0",
      "期末持股数": "0",
      "间接持股数": "",
      "从公司获得年度报酬总额": "0",
      "补贴津贴": "",
      "变动原因说明": "",
      "是否在股东或关联单位领取报酬津贴": "否",
      "在任与否": "否"
    },
    {
      "领导人姓名": "张斌",
      "职位描述": "独立董事",
      "期初持股数": "0",
      "期末持股数": "0",
      "间接持股数": "",
      "从公司获得年度报酬总额": "43800",
      "补贴津贴": "",
      "变动原因说明": "",
      "是否在股东或关联单位领取报酬津贴": "否",
      "在任与否": "否"
    },
    {
      "领导人姓名": "狄朝平",
      "职位描述": "独立董事",
      "期初持股数": "0",
      "期末持股数": "0",
      "间接持股数": "",
      "从公司获得年度报酬总额": "90500",
      "补贴津贴": "",
      "变动原因说明": "",
      "是否在股东或关联单位领取报酬津贴": "否",
      "在任与否": "否"
    },
    {
      "领导人姓名": "夏天",
      "职位描述": "总经理",
      "期初持股数": "0",
      "期末持股数": "0",
      "间接持股数": "",
      "从公司获得年度报酬总额": "0",
      "补贴津贴": "",
      "变动原因说明": "",
      "是否在股东或关联单位领取报酬津贴": "否",
      "在任与否": "否"
    },
    {
      "领导人姓名": "郭海波",
      "职位描述": "董事会秘书",
      "期初持股数": "0",
      "期末持股数": "0",
      "间接持股数": "",
      "从公司获得年度报酬总额": "99300",
      "补贴津贴": "",
      "变动原因说明": "",
      "是否在股东或关联单位领取报酬津贴": "否",
      "在任与否": "否"
    },
    {
      "领导人姓名": "袁征",
      "职位描述": "董事、董事长",
      "期初持股数": "0",
      "期末持股数": "8626100",
      "间接持股数": "",
      "从公司获得年度报酬总额": "416700",
      "补贴津贴": "",
      "变动原因说明": "二级市场增持",
      "是否在股东或关联单位领取报酬津贴": "否",
      "在任与否": "否"
    },
    {
      "领导人姓名": "鲁旭波",
      "职位描述": "独立董事",
      "期初持股数": "0",
      "期末持股数": "0",
      "间接持股数": "",
      "从公司获得年度报酬总额": "93500",
      "补贴津贴": "",
      "变动原因说明": "",
      "是否在股东或关联单位领取报酬津贴": "否",
      "在任与否": "否"
    },
    {
      "领导人姓名": "戴雪光",
      "职位描述": "独立董事",
      "期初持股数": "0",
      "期末持股数": "0",
      "间接持股数": "",
      "从公司获得年度报酬总额": "93500",
      "补贴津贴": "",
      "变动原因说明": "",
      "是否在股东或关联单位领取报酬津贴": "否",
      "在任与否": "否"
    },
    {
      "领导人姓名": "郑卫茂",
      "职位描述": "独立董事",
      "期初持股数": "0",
      "期末持股数": "0",
      "间接持股数": "",
      "从公司获得年度报酬总额": "93500",
      "补贴津贴": "",
      "变动原因说明": "",
      "是否在股东或关联单位领取报酬津贴": "否",
      "在任与否": "否"
    },
    {
      "领导人姓名": "王正民",
      "职位描述": "董事、总经理",
      "期初持股数": "190087",
      "期末持股数": "190087",
      "间接持股数": "",
      "从公司获得年度报酬总额": "300000",
      "补贴津贴": "",
      "变动原因说明": "",
      "是否在股东或关联单位领取报酬津贴": "否",
      "在任与否": "否"
    }
  ]
}

=== 300671-2026-04-18-富满微-2025年年度报告.pdf ===
{
  "Leader_Salary_data": {
    "实际所得报酬总额起始": "",
    "实际所得报酬总额截止": "",
    "实际所得报酬总额涉及人数": ""
  },
  "Leader_Hold_data": [
    {
      "领导人姓名": "刘景裕",
      "职位描述": "董事长、总经理",
      "期初持股数": "0",
      "期末持股数": "0",
      "间接持股数": "",
      "从公司获得年度报酬总额": "595900",
      "补贴津贴": "",
      "变动原因说明": "不适用",
      "是否在股东或关联单位领取报酬津贴": "否",
      "在任与否": "是"
    },
    {
      "领导人姓名": "罗琼",
      "职位描述": "董事、副总经理、董事会秘书、财务总监",
      "期初持股数": "532675",
      "期末持股数": "563875",
      "间接持股数": "",
      "从公司获得年度报酬总额": "476700",
      "补贴津贴": "",
      "变动原因说明": "第二类限制性股票授予",
      "是否在股东或关联单位领取报酬津贴": "否",
      "在任与否": "是"
    },
    {
      "领导人姓名": "张涛",
      "职位描述": "职工董事",
      "期初持股数": "0",
      "期末持股数": "8190",
      "间接持股数": "",
      "从公司获得年度报酬总额": "204000",
      "补贴津贴": "",
      "变动原因说明": "第二类限制性股票授予",
      "是否在股东或关联单位领取报酬津贴": "否",
      "在任与否": "是"
    },
    {
      "领导人姓名": "王秋娟",
      "职位描述": "董事",
      "期初持股数": "36060",
      "期末持股数": "39960",
      "间接持股数": "",
      "从公司获得年度报酬总额": "125100",
      "补贴津贴": "",
      "变动原因说明": "第二类限制性股票授予",
      "是否在股东或关联单位领取报酬津贴": "否",
      "在任与否": "是"
    },
    {
      "领导人姓名": "骆悦",
      "职位描述": "董事",
      "期初持股数": "4264",
      "期末持股数": "10660",
      "间接持股数": "",
      "从公司获得年度报酬总额": "193500",
      "补贴津贴": "",
      "变动原因说明": "第二类限制性股票授予",
      "是否在股东或关联单位领取报酬津贴": "否",
      "在任与否": "是"
    },
    {
      "领导人姓名": "徐浙",
      "职位描述": "董事",
      "期初持股数": "8207",
      "期末持股数": "8207",
      "间接持股数": "",
      "从公司获得年度报酬总额": "0",
      "补贴津贴": "",
      "变动原因说明": "不适用",
      "是否在股东或关联单位领取报酬津贴": "否",
      "在任与否": "是"
    },
    {
      "领导人姓名": "陈岚清",
      "职位描述": "独立董事",
      "期初持股数": "0",
      "期末持股数": "0",
      "间接持股数": "",
      "从公司获得年度报酬总额": "60000",
      "补贴津贴": "",
      "变动原因说明": "",
      "是否在股东或关联单位领取报酬津贴": "否",
      "在任与否": "是"
    },
    {
      "领导人姓名": "丛丰森",
      "职位描述": "独立董事",
      "期初持股数": "0",
      "期末持股数": "0",
      "间接持股数": "",
      "从公司获得年度报酬总额": "60000",
      "补贴津贴": "",
      "变动原因说明": "",
      "是否在股东或关联单位领取报酬津贴": "否",
      "在任与否": "是"
    },
    {
      "领导人姓名": "赖警予",
      "职位描述": "独立董事",
      "期初持股数": "0",
      "期末持股数": "0",
      "间接持股数": "",
      "从公司获得年度报酬总额": "60000",
      "补贴津贴": "",
      "变动原因说明": "",
      "是否在股东或关联单位领取报酬津贴": "否",
      "在任与否": "是"
    },
    {
      "领导人姓名": "奚国平",
      "职位描述": "监事",
      "期初持股数": "108518",
      "期末持股数": "108518",
      "间接持股数": "",
      "从公司获得年度报酬总额": "512700",
      "补贴津贴": "",
      "变动原因说明": "不适用",
      "是否在股东或关联单位领取报酬津贴": "否",
      "在任与否": "否"
    },
    {
      "领导人姓名": "陈映",
      "职位描述": "监事",
      "期初持股数": "",
      "期末持股数": "10238",
      "间接持股数": "",
      "从公司获得年度报酬总额": "115200",
      "补贴津贴": "",
      "变动原因说明": "不适用",
      "是否在股东或关联单位领取报酬津贴": "否",
      "在任与否": "否"
    },
    {
      "领导人姓名": "李志雄",
      "职位描述": "监事",
      "期初持股数": "51188",
      "期末持股数": "39488",
      "间接持股数": "",
      "从公司获得年度报酬总额": "",
      "补贴津贴": "",
      "变动原因说明": "减持",
      "是否在股东或关联单位领取报酬津贴": "",
      "在任与否": "否"
    },
    {
      "领导人姓名": "兰海军",
      "职位描述": "监事",
      "期初持股数": "",
      "期末持股数": "12868",
      "间接持股数": "",
      "从公司获得年度报酬总额": "390400",
      "补贴津贴": "",
      "变动原因说明": "不适用",
      "是否在股东或关联单位领取报酬津贴": "否",
      "在任与否": "否"
    }
  ]
}

=== 300136-2026-04-18-信维通信-2025年年度报告.pdf ===
{
  "Leader_Salary_data": {
    "实际所得报酬总额起始": "",
    "实际所得报酬总额截止": "",
    "实际所得报酬总额涉及人数": ""
  },
  "Leader_Hold_data": [
    {
      "领导人姓名": "彭浩",
      "职位描述": "董事长、总经理",
      "期初持股数": "188503533",
      "期末持股数": "188503533",
      "间接持股数": "",
      "从公司获得年度报酬总额": "2700300",
      "补贴津贴": "",
      "变动原因说明": "",
      "是否在股东或关联单位领取报酬津贴": "否",
      "在任与否": "是"
    },
    {
      "领导人姓名": "周进军",
      "职位描述": "董事、副总经理",
      "期初持股数": "0",
      "期末持股数": "200000",
      "间接持股数": "",
      "从公司获得年度报酬总额": "1712100",
      "补贴津贴": "",
      "变动原因说明": "股权激励限制性股票归属",
      "是否在股东或关联单位领取报酬津贴": "否",
      "在任与否": "是"
    },
    {
      "领导人姓名": "虞成城",
      "职位描述": "职工董事",
      "期初持股数": "0",
      "期末持股数": "120000",
      "间接持股数": "",
      "从公司获得年度报酬总额": "1309200",
      "补贴津贴": "",
      "变动原因说明": "股权激励限制性股票归属",
      "是否在股东或关联单位领取报酬津贴": "否",
      "在任与否": "是"
    },
    {
      "领导人姓名": "彭宇斐",
      "职位描述": "董事",
      "期初持股数": "",
      "期末持股数": "",
      "间接持股数": "",
      "从公司获得年度报酬总额": "266700",
      "补贴津贴": "",
      "变动原因说明": "",
      "是否在股东或关联单位领取报酬津贴": "否",
      "在任与否": "是"
    },
    {
      "领导人姓名": "单莉莉",
      "职位描述": "董事",
      "期初持股数": "",
      "期末持股数": "",
      "间接持股数": "",
      "从公司获得年度报酬总额": "200000",
      "补贴津贴": "",
      "变动原因说明": "",
      "是否在股东或关联单位领取报酬津贴": "否",
      "在任与否": "是"
    },
    {
      "领导人姓名": "李莉",
      "职位描述": "独立董事",
      "期初持股数": "",
      "期末持股数": "",
      "间接持股数": "",
      "从公司获得年度报酬总额": "200000",
      "补贴津贴": "",
      "变动原因说明": "",
      "是否在股东或关联单位领取报酬津贴": "否",
      "在任与否": "是"
    },
    {
      "领导人姓名": "李天明",
      "职位描述": "独立董事",
      "期初持股数": "",
      "期末持股数": "",
      "间接持股数": "",
      "从公司获得年度报酬总额": "66700",
      "补贴津贴": "",
      "变动原因说明": "",
      "是否在股东或关联单位领取报酬津贴": "否",
      "在任与否": "是"
    },
    {
      "领导人姓名": "夏俊",
      "职位描述": "独立董事",
      "期初持股数": "",
      "期末持股数": "",
      "间接持股数": "",
      "从公司获得年度报酬总额": "66700",
      "补贴津贴": "",
      "变动原因说明": "",
      "是否在股东或关联单位领取报酬津贴": "否",
      "在任与否": "是"
    },
    {
      "领导人姓名": "刘辛男",
      "职位描述": "董事、财务总监",
      "期初持股数": "0",
      "期末持股数": "120000",
      "间接持股数": "",
      "从公司获得年度报酬总额": "1181800",
      "补贴津贴": "",
      "变动原因说明": "股权激励限制性股票归属",
      "是否在股东或关联单位领取报酬津贴": "否",
      "在任与否": "是"
    },
    {
      "领导人姓名": "卢信",
      "职位描述": "董事会秘书",
      "期初持股数": "0",
      "期末持股数": "120000",
      "间接持股数": "",
      "从公司获得年度报酬总额": "1029900",
      "补贴津贴": "",
      "变动原因说明": "股权激励限制性股票归属",
      "是否在股东或关联单位领取报酬津贴": "否",
      "在任与否": "是"
    },
    {
      "领导人姓名": "缪祥如",
      "职位描述": "副总经理",
      "期初持股数": "0",
      "期末持股数": "120000",
      "间接持股数": "",
      "从公司获得年度报酬总额": "1348900",
      "补贴津贴": "",
      "变动原因说明": "股权激励限制性股票归属",
      "是否在股东或关联单位领取报酬津贴": "否",
      "在任与否": "是"
    },
    {
      "领导人姓名": "毛大栋",
      "职位描述": "职工董事",
      "期初持股数": "441000",
      "期末持股数": "641000",
      "间接持股数": "",
      "从公司获得年度报酬总额": "2214700",
      "补贴津贴": "",
      "变动原因说明": "股权激励限制性股票归属",
      "是否在股东或关联单位领取报酬津贴": "否",
      "在任与否": "否"
    },
    {
      "领导人姓名": "邓磊",
      "职位描述": "独立董事",
      "期初持股数": "",
      "期末持股数": "",
      "间接持股数": "",
      "从公司获得年度报酬总额": "133300",
      "补贴津贴": "",
      "变动原因说明": "",
      "是否在股东或关联单位领取报酬津贴": "否",
      "在任与否": "否"
    },
    {
      "领导人姓名": "徐坚",
      "职位描述": "独立董事",
      "期初持股数": "",
      "期末持股数": "",
      "间接持股数": "",
      "从公司获得年度报酬总额": "133300",
      "补贴津贴": "",
      "变动原因说明": "",
      "是否在股东或关联单位领取报酬津贴": "否",
      "在任与否": "否"
    },
    {
      "领导人姓名": "吴会林",
      "职位描述": "董事、执行副总经理",
      "期初持股数": "1723083",
      "期末持股数": "1923083",
      "间接持股数": "",
      "从公司获得年度报酬总额": "1460800",
      "补贴津贴": "",
      "变动原因说明": "股权激励限制性股票归属",
      "是否在股东或关联单位领取报酬津贴": "否",
      "在任与否": "否"
    },
    {
      "领导人姓名": "李敢",
      "职位描述": "董事",
      "期初持股数": "0",
      "期末持股数": "120000",
      "间接持股数": "",
      "从公司获得年度报酬总额": "837300",
      "补贴津贴": "",
      "变动原因说明": "股权激励限制性股票归属",
      "是否在股东或关联单位领取报酬津贴": "否",
      "在任与否": "否"
    },
    {
      "领导人姓名": "李爱华",
      "职位描述": "副总经理",
      "期初持股数": "0",
      "期末持股数": "120000",
      "间接持股数": "",
      "从公司获得年度报酬总额": "792000",
      "补贴津贴": "",
      "变动原因说明": "股权激励限制性股票归属",
      "是否在股东或关联单位领取报酬津贴": "否",
      "在任与否": "否"
    },
    {
      "领导人姓名": "徐成新",
      "职位描述": "副总经理",
      "期初持股数": "0",
      "期末持股数": "120000",
      "间接持股数": "",
      "从公司获得年度报酬总额": "912800",
      "补贴津贴": "",
      "变动原因说明": "股权激励限制性股票归属",
      "是否在股东或关联单位领取报酬津贴": "否",
      "在任与否": "否"
    },
    {
      "领导人姓名": "张驰",
      "职位描述": "副总经理",
      "期初持股数": "0",
      "期末持股数": "200000",
      "间接持股数": "",
      "从公司获得年度报酬总额": "942800",
      "补贴津贴": "",
      "变动原因说明": "股权激励限制性股票归属",
      "是否在股东或关联单位领取报酬津贴": "否",
      "在任与否": "否"
    }
  ]
}

=== 300507-2026-04-18-苏奥传感-2025年年度报告.pdf ===
{
  "Leader_Salary_data": {
    "实际所得报酬总额起始": "",
    "实际所得报酬总额截止": "",
    "实际所得报酬总额涉及人数": ""
  },
  "Leader_Hold_data": [
    {
      "领导人姓名": "刘静瑜",
      "职位描述": "董事长",
      "期初持股数": "0",
      "期末持股数": "0",
      "间接持股数": "",
      "从公司获得年度报酬总额": "0",
      "补贴津贴": "",
      "变动原因说明": "",
      "是否在股东或关联单位领取报酬津贴": "是",
      "在任与否": "是"
    },
    {
      "领导人姓名": "戴颖",
      "职位描述": "董事",
      "期初持股数": "0",
      "期末持股数": "0",
      "间接持股数": "",
      "从公司获得年度报酬总额": "0",
      "补贴津贴": "",
      "变动原因说明": "",
      "是否在股东或关联单位领取报酬津贴": "是",
      "在任与否": "是"
    },
    {
      "领导人姓名": "滕飞",
      "职位描述": "董事、职工代表董事、总经理、董事长",
      "期初持股数": "28135045",
      "期末持股数": "28435045",
      "间接持股数": "",
      "从公司获得年度报酬总额": "864100",
      "补贴津贴": "",
      "变动原因说明": "限制性股票股权激励计划股票归属",
      "是否在股东或关联单位领取报酬津贴": "否",
      "在任与否": "是"
    },
    {
      "领导人姓名": "方太郎",
      "职位描述": "董事会秘书、副总经理、董事",
      "期初持股数": "339238",
      "期末持股数": "489238",
      "间接持股数": "",
      "从公司获得年度报酬总额": "522900",
      "补贴津贴": "",
      "变动原因说明": "限制性股票股权激励计划股票归属",
      "是否在股东或关联单位领取报酬津贴": "否",
      "在任与否": "是"
    },
    {
      "领导人姓名": "潘传奇",
      "职位描述": "独立董事",
      "期初持股数": "0",
      "期末持股数": "0",
      "间接持股数": "",
      "从公司获得年度报酬总额": "",
      "补贴津贴": "",
      "变动原因说明": "",
      "是否在股东或关联单位领取报酬津贴": "",
      "在任与否": "否"
    },
    {
      "领导人姓名": "金善明",
      "职位描述": "独立董事",
      "期初持股数": "0",
      "期末持股数": "0",
      "间接持股数": "",
      "从公司获得年度报酬总额": "0",
      "补贴津贴": "",
      "变动原因说明": "",
      "是否在股东或关联单位领取报酬津贴": "否",
      "在任与否": "是"
    },
    {
      "领导人姓名": "孙红梅",
      "职位描述": "独立董事",
      "期初持股数": "0",
      "期末持股数": "0",
      "间接持股数": "",
      "从公司获得年度报酬总额": "0",
      "补贴津贴": "",
      "变动原因说明": "",
      "是否在股东或关联单位领取报酬津贴": "否",
      "在任与否": "是"
    },
    {
      "领导人姓名": "戴兆喜",
      "职位描述": "副总经理",
      "期初持股数": "420147",
      "期末持股数": "570147",
      "间接持股数": "",
      "从公司获得年度报酬总额": "530800",
      "补贴津贴": "",
      "变动原因说明": "限制性股票股权激励计划股票归属",
      "是否在股东或关联单位领取报酬津贴": "否",
      "在任与否": "是"
    },
    {
      "领导人姓名": "左强",
      "职位描述": "副总经理",
      "期初持股数": "200000",
      "期末持股数": "350000",
      "间接持股数": "",
      "从公司获得年度报酬总额": "522300",
      "补贴津贴": "",
      "变动原因说明": "限制性股票股权激励计划股票归属",
      "是否在股东或关联单位领取报酬津贴": "否",
      "在任与否": "是"
    },
    {
      "领导人姓名": "孔有田",
      "职位描述": "副总经理、财务总监",
      "期初持股数": "4212450",
      "期末持股数": "4362450",
      "间接持股数": "",
      "从公司获得年度报酬总额": "524300",
      "补贴津贴": "",
      "变动原因说明": "限制性股票股权激励计划股票归属",
      "是否在股东或关联单位领取报酬津贴": "否",
      "在任与否": "是"
    },
    {
      "领导人姓名": "李家文",
      "职位描述": "董事",
      "期初持股数": "0",
      "期末持股数": "0",
      "间接持股数": "",
      "从公司获得年度报酬总额": "",
      "补贴津贴": "",
      "变动原因说明": "",
      "是否在股东或关联单位领取报酬津贴": "否",
      "在任与否": "否"
    },
    {
      "领导人姓名": "于平",
      "职位描述": "独立董事",
      "期初持股数": "0",
      "期末持股数": "0",
      "间接持股数": "",
      "从公司获得年度报酬总额": "75000",
      "补贴津贴": "",
      "变动原因说明": "",
      "是否在股东或关联单位领取报酬津贴": "否",
      "在任与否": "否"
    }
  ]
}

=== 300129-2026-04-18-泰胜风能-2025年年度报告.pdf ===
{
  "Leader_Salary_data": {
    "实际所得报酬总额起始": "",
    "实际所得报酬总额截止": "",
    "实际所得报酬总额涉及人数": ""
  },
  "Leader_Hold_data": [
    {
      "领导人姓名": "黎伟涛",
      "职位描述": "董事长",
      "期初持股数": "0",
      "期末持股数": "0",
      "间接持股数": "",
      "从公司获得年度报酬总额": "147100",
      "补贴津贴": "",
      "变动原因说明": "",
      "是否在股东或关联单位领取报酬津贴": "是",
      "在任与否": "是"
    },
    {
      "领导人姓名": "邹涛",
      "职位描述": "董事、总裁",
      "期初持股数": "590760",
      "期末持股数": "590760",
      "间接持股数": "",
      "从公司获得年度报酬总额": "908500",
      "补贴津贴": "",
      "变动原因说明": "",
      "是否在股东或关联单位领取报酬津贴": "否",
      "在任与否": "是"
    },
    {
      "领导人姓名": "唐庆荣",
      "职位描述": "董事",
      "期初持股数": "0",
      "期末持股数": "0",
      "间接持股数": "",
      "从公司获得年度报酬总额": "0",
      "补贴津贴": "",
      "变动原因说明": "",
      "是否在股东或关联单位领取报酬津贴": "是",
      "在任与否": "是"
    },
    {
      "领导人姓名": "廖子华",
      "职位描述": "董事、监事",
      "期初持股数": "0",
      "期末持股数": "0",
      "间接持股数": "",
      "从公司获得年度报酬总额": "0",
      "补贴津贴": "",
      "变动原因说明": "",
      "是否在股东或关联单位领取报酬津贴": "是",
      "在任与否": "是"
    },
    {
      "领导人姓名": "李海锋",
      "职位描述": "独立董事",
      "期初持股数": "0",
      "期末持股数": "0",
      "间接持股数": "",
      "从公司获得年度报酬总额": "86100",
      "补贴津贴": "86100",
      "变动原因说明": "",
      "是否在股东或关联单位领取报酬津贴": "否",
      "在任与否": "是"
    },
    {
      "领导人姓名": "杨林武",
      "职位描述": "独立董事",
      "期初持股数": "0",
      "期末持股数": "0",
      "间接持股数": "",
      "从公司获得年度报酬总额": "86100",
      "补贴津贴": "86100",
      "变动原因说明": "",
      "是否在股东或关联单位领取报酬津贴": "否",
      "在任与否": "是"
    },
    {
      "领导人姓名": "陈辉",
      "职位描述": "独立董事",
      "期初持股数": "0",
      "期末持股数": "0",
      "间接持股数": "",
      "从公司获得年度报酬总额": "86100",
      "补贴津贴": "86100",
      "变动原因说明": "",
      "是否在股东或关联单位领取报酬津贴": "否",
      "在任与否": "是"
    },
    {
      "领导人姓名": "赵建民",
      "职位描述": "副总裁",
      "期初持股数": "0",
      "期末持股数": "0",
      "间接持股数": "",
      "从公司获得年度报酬总额": "695900",
      "补贴津贴": "",
      "变动原因说明": "",
      "是否在股东或关联单位领取报酬津贴": "否",
      "在任与否": "是"
    },
    {
      "领导人姓名": "郭文辉",
      "职位描述": "副总裁",
      "期初持股数": "0",
      "期末持股数": "0",
      "间接持股数": "",
      "从公司获得年度报酬总额": "458400",
      "补贴津贴": "",
      "变动原因说明": "",
      "是否在股东或关联单位领取报酬津贴": "否",
      "在任与否": "是"
    },
    {
      "领导人姓名": "朱华",
      "职位描述": "首席财务管",
      "期初持股数": "0",
      "期末持股数": "0",
      "间接持股数": "",
      "从公司获得年度报酬总额": "598600",
      "补贴津贴": "",
      "变动原因说明": "",
      "是否在股东或关联单位领取报酬津贴": "否",
      "在任与否": "是"
    },
    {
      "领导人姓名": "李鎔伊",
      "职位描述": "董事会秘书",
      "期初持股数": "0",
      "期末持股数": "0",
      "间接持股数": "",
      "从公司获得年度报酬总额": "492900",
      "补贴津贴": "",
      "变动原因说明": "",
      "是否在股东或关联单位领取报酬津贴": "否",
      "在任与否": "是"
    },
    {
      "领导人姓名": "郭川舟",
      "职位描述": "董事长",
      "期初持股数": "",
      "期末持股数": "",
      "间接持股数": "",
      "从公司获得年度报酬总额": "0",
      "补贴津贴": "",
      "变动原因说明": "",
      "是否在股东或关联单位领取报酬津贴": "是",
      "在任与否": "否"
    },
    {
      "领导人姓名": "柳志成",
      "职位描述": "董事",
      "期初持股数": "33609567",
      "期末持股数": "24267175",
      "间接持股数": "",
      "从公司获得年度报酬总额": "144900",
      "补贴津贴": "",
      "变动原因说明": "二级市场减持",
      "是否在股东或关联单位领取报酬津贴": "否",
      "在任与否": "否"
    },
    {
      "领导人姓名": "张福林",
      "职位描述": "副董事长",
      "期初持股数": "9416515",
      "期末持股数": "2530715",
      "间接持股数": "",
      "从公司获得年度报酬总额": "149000",
      "补贴津贴": "",
      "变动原因说明": "二级市场减持",
      "是否在股东或关联单位领取报酬津贴": "否",
      "在任与否": "否"
    },
    {
      "领导人姓名": "黄京明",
      "职位描述": "董事",
      "期初持股数": "29231131",
      "期末持股数": "19928531",
      "间接持股数": "",
      "从公司获得年度报酬总额": "118700",
      "补贴津贴": "",
      "变动原因说明": "二级市场减持",
      "是否在股东或关联单位领取报酬津贴": "否",
      "在任与否": "否"
    },
    {
      "领导人姓名": "徐晓",
      "职位描述": "董事",
      "期初持股数": "",
      "期末持股数": "",
      "间接持股数": "",
      "从公司获得年度报酬总额": "0",
      "补贴津贴": "",
      "变动原因说明": "",
      "是否在股东或关联单位领取报酬津贴": "是",
      "在任与否": "否"
    },
    {
      "领导人姓名": "詹俊河",
      "职位描述": "董事",
      "期初持股数": "",
      "期末持股数": "",
      "间接持股数": "",
      "从公司获得年度报酬总额": "0",
      "补贴津贴": "",
      "变动原因说明": "",
      "是否在股东或关联单位领取报酬津贴": "是",
      "在任与否": "否"
    },
    {
      "领导人姓名": "魏占志",
      "职位描述": "独立董事",
      "期初持股数": "",
      "期末持股数": "",
      "间接持股数": "",
      "从公司获得年度报酬总额": "17100",
      "补贴津贴": "",
      "变动原因说明": "",
      "是否在股东或关联单位领取报酬津贴": "否",
      "在任与否": "否"
    },
    {
      "领导人姓名": "李诗鸿",
      "职位描述": "独立董事",
      "期初持股数": "",
      "期末持股数": "",
      "间接持股数": "",
      "从公司获得年度报酬总额": "17100",
      "补贴津贴": "",
      "变动原因说明": "",
      "是否在股东或关联单位领取报酬津贴": "否",
      "在任与否": "否"
    },
    {
      "领导人姓名": "杨兴龙",
      "职位描述": "监事会主席",
      "期初持股数": "",
      "期末持股数": "",
      "间接持股数": "",
      "从公司获得年度报酬总额": "0",
      "补贴津贴": "",
      "变动原因说明": "",
      "是否在股东或关联单位领取报酬津贴": "是",
      "在任与否": "否"
    },
    {
      "领导人姓名": "庞盼盼",
      "职位描述": "监事",
      "期初持股数": "",
      "期末持股数": "",
      "间接持股数": "",
      "从公司获得年度报酬总额": "262400",
      "补贴津贴": "",
      "变动原因说明": "",
      "是否在股东或关联单位领取报酬津贴": "否",
      "在任与否": "否"
    },
    {
      "领导人姓名": "周奕",
      "职位描述": "监事",
      "期初持股数": "",
      "期末持股数": "",
      "间接持股数": "",
      "从公司获得年度报酬总额": "318400",
      "补贴津贴": "",
      "变动原因说明": "",
      "是否在股东或关联单位领取报酬津贴": "否",
      "在任与否": "否"
    }
  ]
}

=== 300738-2026-04-18-奥飞数据-2025年年度报告.pdf ===
{
  "Leader_Salary_data": {
    "实际所得报酬总额起始": "5057300",
    "实际所得报酬总额截止": "5057300",
    "实际所得报酬总额涉及人数": ""
  },
  "Leader_Hold_data": [
    {
      "领导人姓名": "冯康",
      "职位描述": "董事长",
      "期初持股数": "0",
      "期末持股数": "0",
      "间接持股数": "",
      "从公司获得年度报酬总额": "74400",
      "补贴津贴": "",
      "变动原因说明": "",
      "是否在股东或关联单位领取报酬津贴": "是",
      "在任与否": "是"
    },
    {
      "领导人姓名": "黄展鹏",
      "职位描述": "董事、总经理",
      "期初持股数": "123984",
      "期末持股数": "123984",
      "间接持股数": "",
      "从公司获得年度报酬总额": "490900",
      "补贴津贴": "",
      "变动原因说明": "",
      "是否在股东或关联单位领取报酬津贴": "否",
      "在任与否": "否"
    },
    {
      "领导人姓名": "丁洪陆",
      "职位描述": "董事、副总经理",
      "期初持股数": "123984",
      "期末持股数": "123984",
      "间接持股数": "",
      "从公司获得年度报酬总额": "836800",
      "补贴津贴": "",
      "变动原因说明": "",
      "是否在股东或关联单位领取报酬津贴": "否",
      "在任与否": "是"
    },
    {
      "领导人姓名": "林卫云",
      "职位描述": "董事、财务总监",
      "期初持股数": "123984",
      "期末持股数": "123984",
      "间接持股数": "",
      "从公司获得年度报酬总额": "1012900",
      "补贴津贴": "",
      "变动原因说明": "",
      "是否在股东或关联单位领取报酬津贴": "否",
      "在任与否": "是"
    },
    {
      "领导人姓名": "张天松",
      "职位描述": "董事、副总经理",
      "期初持股数": "0",
      "期末持股数": "0",
      "间接持股数": "",
      "从公司获得年度报酬总额": "1233800",
      "补贴津贴": "",
      "变动原因说明": "",
      "是否在股东或关联单位领取报酬津贴": "否",
      "在任与否": "是"
    },
    {
      "领导人姓名": "邹创铭",
      "职位描述": "董事",
      "期初持股数": "0",
      "期末持股数": "0",
      "间接持股数": "",
      "从公司获得年度报酬总额": "681600",
      "补贴津贴": "",
      "变动原因说明": "",
      "是否在股东或关联单位领取报酬津贴": "否",
      "在任与否": "是"
    },
    {
      "领导人姓名": "李刚",
      "职位描述": "独立董事",
      "期初持股数": "0",
      "期末持股数": "0",
      "间接持股数": "",
      "从公司获得年度报酬总额": "79200",
      "补贴津贴": "",
      "变动原因说明": "",
      "是否在股东或关联单位领取报酬津贴": "否",
      "在任与否": "是"
    },
    {
      "领导人姓名": "金泳锋",
      "职位描述": "独立董事",
      "期初持股数": "0",
      "期末持股数": "0",
      "间接持股数": "",
      "从公司获得年度报酬总额": "79200",
      "补贴津贴": "",
      "变动原因说明": "",
      "是否在股东或关联单位领取报酬津贴": "否",
      "在任与否": "是"
    },
    {
      "领导人姓名": "康海文",
      "职位描述": "独立董事",
      "期初持股数": "0",
      "期末持股数": "0",
      "间接持股数": "",
      "从公司获得年度报酬总额": "79200",
      "补贴津贴": "",
      "变动原因说明": "",
      "是否在股东或关联单位领取报酬津贴": "否",
      "在任与否": "是"
    },
    {
      "领导人姓名": "刘海晏",
      "职位描述": "董事会秘书",
      "期初持股数": "0",
      "期末持股数": "0",
      "间接持股数": "",
      "从公司获得年度报酬总额": "489300",
      "补贴津贴": "",
      "变动原因说明": "",
      "是否在股东或关联单位领取报酬津贴": "否",
      "在任与否": "是"
    }
  ]
}

=== 301192-2026-04-18-泰祥股份-2025年年度报告.pdf ===
{
  "Leader_Salary_data": {
    "实际所得报酬总额起始": "",
    "实际所得报酬总额截止": "",
    "实际所得报酬总额涉及人数": ""
  },
  "Leader_Hold_data": [
    {
      "领导人姓名": "王世斌",
      "职位描述": "董事长、总经理",
      "期初持股数": "53850000",
      "期末持股数": "53850000",
      "间接持股数": "",
      "从公司获得年度报酬总额": "1187000",
      "补贴津贴": "",
      "变动原因说明": "",
      "是否在股东或关联单位领取报酬津贴": "否",
      "在任与否": "是"
    },
    {
      "领导人姓名": "姜雪",
      "职位描述": "董事、董事会秘书",
      "期初持股数": "13875000",
      "期末持股数": "12241730",
      "间接持股数": "",
      "从公司获得年度报酬总额": "382400",
      "补贴津贴": "",
      "变动原因说明": "自身资金需求",
      "是否在股东或关联单位领取报酬津贴": "否",
      "在任与否": "是"
    },
    {
      "领导人姓名": "蒋在春",
      "职位描述": "董事、副总经理",
      "期初持股数": "825000",
      "期末持股数": "711800",
      "间接持股数": "",
      "从公司获得年度报酬总额": "953300",
      "补贴津贴": "",
      "变动原因说明": "自身资金需求",
      "是否在股东或关联单位领取报酬津贴": "否",
      "在任与否": "是"
    },
    {
      "领导人姓名": "何华强",
      "职位描述": "董事、副总经理",
      "期初持股数": "825000",
      "期末持股数": "625000",
      "间接持股数": "",
      "从公司获得年度报酬总额": "980300",
      "补贴津贴": "",
      "变动原因说明": "自身资金需求",
      "是否在股东或关联单位领取报酬津贴": "否",
      "在任与否": "是"
    },
    {
      "领导人姓名": "杨长生",
      "职位描述": "董事",
      "期初持股数": "0",
      "期末持股数": "0",
      "间接持股数": "",
      "从公司获得年度报酬总额": "30000",
      "补贴津贴": "",
      "变动原因说明": "",
      "是否在股东或关联单位领取报酬津贴": "否",
      "在任与否": "是"
    },
    {
      "领导人姓名": "沈烈",
      "职位描述": "独立董事",
      "期初持股数": "0",
      "期末持股数": "0",
      "间接持股数": "",
      "从公司获得年度报酬总额": "80000",
      "补贴津贴": "",
      "变动原因说明": "",
      "是否在股东或关联单位领取报酬津贴": "否",
      "在任与否": "是"
    },
    {
      "领导人姓名": "孙洁",
      "职位描述": "独立董事",
      "期初持股数": "0",
      "期末持股数": "0",
      "间接持股数": "",
      "从公司获得年度报酬总额": "80000",
      "补贴津贴": "",
      "变动原因说明": "",
      "是否在股东或关联单位领取报酬津贴": "否",
      "在任与否": "是"
    },
    {
      "领导人姓名": "许霞",
      "职位描述": "独立董事",
      "期初持股数": "0",
      "期末持股数": "0",
      "间接持股数": "",
      "从公司获得年度报酬总额": "80000",
      "补贴津贴": "",
      "变动原因说明": "",
      "是否在股东或关联单位领取报酬津贴": "否",
      "在任与否": "是"
    },
    {
      "领导人姓名": "王奎",
      "职位描述": "财务总监",
      "期初持股数": "0",
      "期末持股数": "0",
      "间接持股数": "",
      "从公司获得年度报酬总额": "330300",
      "补贴津贴": "",
      "变动原因说明": "",
      "是否在股东或关联单位领取报酬津贴": "否",
      "在任与否": "是"
    }
  ]
}

=== 301217-2026-04-18-铜冠铜箔-2025年年度报告.pdf ===
{
  "Leader_Salary_data": {
    "实际所得报酬总额起始": "2605100",
    "实际所得报酬总额截止": "2605100",
    "实际所得报酬总额涉及人数": ""
  },
  "Leader_Hold_data": [
    {
      "领导人姓名": "甘国庆",
      "职位描述": "董事、董事长",
      "期初持股数": "0",
      "期末持股数": "0",
      "间接持股数": "",
      "从公司获得年度报酬总额": "51600",
      "补贴津贴": "",
      "变动原因说明": "",
      "是否在股东或关联单位领取报酬津贴": "是",
      "在任与否": "是"
    },
    {
      "领导人姓名": "印大维",
      "职位描述": "董事、经理",
      "期初持股数": "0",
      "期末持股数": "0",
      "间接持股数": "",
      "从公司获得年度报酬总额": "472900",
      "补贴津贴": "",
      "变动原因说明": "",
      "是否在股东或关联单位领取报酬津贴": "否",
      "在任与否": "是"
    },
    {
      "领导人姓名": "王同",
      "职位描述": "董事、副经理",
      "期初持股数": "0",
      "期末持股数": "0",
      "间接持股数": "",
      "从公司获得年度报酬总额": "454600",
      "补贴津贴": "",
      "变动原因说明": "",
      "是否在股东或关联单位领取报酬津贴": "否",
      "在任与否": "是"
    },
    {
      "领导人姓名": "陈四新",
      "职位描述": "董事",
      "期初持股数": "0",
      "期末持股数": "0",
      "间接持股数": "",
      "从公司获得年度报酬总额": "0",
      "补贴津贴": "",
      "变动原因说明": "",
      "是否在股东或关联单位领取报酬津贴": "是",
      "在任与否": "是"
    },
    {
      "领导人姓名": "李大双",
      "职位描述": "职工董事",
      "期初持股数": "0",
      "期末持股数": "0",
      "间接持股数": "",
      "从公司获得年度报酬总额": "258900",
      "补贴津贴": "",
      "变动原因说明": "",
      "是否在股东或关联单位领取报酬津贴": "否",
      "在任与否": "是"
    },
    {
      "领导人姓名": "谢晓昕",
      "职位描述": "董事",
      "期初持股数": "0",
      "期末持股数": "0",
      "间接持股数": "",
      "从公司获得年度报酬总额": "0",
      "补贴津贴": "",
      "变动原因说明": "",
      "是否在股东或关联单位领取报酬津贴": "否",
      "在任与否": "是"
    },
    {
      "领导人姓名": "於恒强",
      "职位描述": "独立董事",
      "期初持股数": "0",
      "期末持股数": "0",
      "间接持股数": "",
      "从公司获得年度报酬总额": "75000",
      "补贴津贴": "",
      "变动原因说明": "",
      "是否在股东或关联单位领取报酬津贴": "否",
      "在任与否": "是"
    },
    {
      "领导人姓名": "丁新民",
      "职位描述": "独立董事",
      "期初持股数": "0",
      "期末持股数": "0",
      "间接持股数": "",
      "从公司获得年度报酬总额": "75000",
      "补贴津贴": "",
      "变动原因说明": "",
      "是否在股东或关联单位领取报酬津贴": "否",
      "在任与否": "是"
    },
    {
      "领导人姓名": "张真",
      "职位描述": "独立董事",
      "期初持股数": "0",
      "期末持股数": "0",
      "间接持股数": "",
      "从公司获得年度报酬总额": "75000",
      "补贴津贴": "",
      "变动原因说明": "",
      "是否在股东或关联单位领取报酬津贴": "否",
      "在任与否": "是"
    },
    {
      "领导人姓名": "郑小伟",
      "职位描述": "副经理",
      "期初持股数": "0",
      "期末持股数": "0",
      "间接持股数": "",
      "从公司获得年度报酬总额": "392000",
      "补贴津贴": "",
      "变动原因说明": "",
      "是否在股东或关联单位领取报酬津贴": "否",
      "在任与否": "是"
    },
    {
      "领导人姓名": "贾金涛",
      "职位描述": "副经理",
      "期初持股数": "0",
      "期末持股数": "0",
      "间接持股数": "",
      "从公司获得年度报酬总额": "409900",
      "补贴津贴": "",
      "变动原因说明": "",
      "是否在股东或关联单位领取报酬津贴": "否",
      "在任与否": "是"
    },
    {
      "领导人姓名": "王俊林",
      "职位描述": "董事会秘书、财务负责人",
      "期初持股数": "0",
      "期末持股数": "0",
      "间接持股数": "",
      "从公司获得年度报酬总额": "340200",
      "补贴津贴": "",
      "变动原因说明": "",
      "是否在股东或关联单位领取报酬津贴": "否",
      "在任与否": "是"
    },
    {
      "领导人姓名": "姚兵",
      "职位描述": "监事会主席",
      "期初持股数": "0",
      "期末持股数": "0",
      "间接持股数": "",
      "从公司获得年度报酬总额": "",
      "补贴津贴": "",
      "变动原因说明": "",
      "是否在股东或关联单位领取报酬津贴": "",
      "在任与否": "否"
    },
    {
      "领导人姓名": "赵金敏",
      "职位描述": "职工监事",
      "期初持股数": "0",
      "期末持股数": "0",
      "间接持股数": "",
      "从公司获得年度报酬总额": "",
      "补贴津贴": "",
      "变动原因说明": "",
      "是否在股东或关联单位领取报酬津贴": "",
      "在任与否": "否"
    },
    {
      "领导人姓名": "田军",
      "职位描述": "监事",
      "期初持股数": "0",
      "期末持股数": "0",
      "间接持股数": "",
      "从公司获得年度报酬总额": "",
      "补贴津贴": "",
      "变动原因说明": "",
      "是否在股东或关联单位领取报酬津贴": "",
      "在任与否": "否"
    }
  ]
}

=== 300694-2026-04-18-蠡湖股份-2025年年度报告.pdf ===
{
  "Leader_Salary_data": {
    "实际所得报酬总额起始": "",
    "实际所得报酬总额截止": "",
    "实际所得报酬总额涉及人数": ""
  },
  "Leader_Hold_data": [
    {
      "领导人姓名": "刘秋志",
      "职位描述": "董事长、董事",
      "期初持股数": "0",
      "期末持股数": "0",
      "间接持股数": "",
      "从公司获得年度报酬总额": "0",
      "补贴津贴": "",
      "变动原因说明": "不适用",
      "是否在股东或关联单位领取报酬津贴": "是",
      "在任与否": "是"
    },
    {
      "领导人姓名": "张嘉斌",
      "职位描述": "董事长、董事",
      "期初持股数": "0",
      "期末持股数": "0",
      "间接持股数": "",
      "从公司获得年度报酬总额": "0",
      "补贴津贴": "",
      "变动原因说明": "不适用",
      "是否在股东或关联单位领取报酬津贴": "是",
      "在任与否": "否"
    },
    {
      "领导人姓名": "王洪其",
      "职位描述": "副董事长、董事",
      "期初持股数": "0",
      "期末持股数": "0",
      "间接持股数": "",
      "从公司获得年度报酬总额": "171400",
      "补贴津贴": "",
      "变动原因说明": "不适用",
      "是否在股东或关联单位领取报酬津贴": "否",
      "在任与否": "否"
    },
    {
      "领导人姓名": "林庆民",
      "职位描述": "董事、副董事长、总经理",
      "期初持股数": "0",
      "期末持股数": "0",
      "间接持股数": "",
      "从公司获得年度报酬总额": "716500",
      "补贴津贴": "",
      "变动原因说明": "不适用",
      "是否在股东或关联单位领取报酬津贴": "是",
      "在任与否": "是"
    },
    {
      "领导人姓名": "郑旭晖",
      "职位描述": "董事",
      "期初持股数": "0",
      "期末持股数": "0",
      "间接持股数": "",
      "从公司获得年度报酬总额": "0",
      "补贴津贴": "",
      "变动原因说明": "不适用",
      "是否在股东或关联单位领取报酬津贴": "是",
      "在任与否": "是"
    },
    {
      "领导人姓名": "陈加珍",
      "职位描述": "职工代表董事、副总经理",
      "期初持股数": "0",
      "期末持股数": "60000",
      "间接持股数": "",
      "从公司获得年度报酬总额": "739400",
      "补贴津贴": "",
      "变动原因说明": "2023年限制性股票激励计划首次授予部分第一期归属",
      "是否在股东或关联单位领取报酬津贴": "否",
      "在任与否": "是"
    },
    {
      "领导人姓名": "刘大进",
      "职位描述": "独立董事",
      "期初持股数": "0",
      "期末持股数": "0",
      "间接持股数": "",
      "从公司获得年度报酬总额": "72000",
      "补贴津贴": "",
      "变动原因说明": "不适用",
      "是否在股东或关联单位领取报酬津贴": "否",
      "在任与否": "是"
    },
    {
      "领导人姓名": "谭丕强",
      "职位描述": "独立董事",
      "期初持股数": "0",
      "期末持股数": "0",
      "间接持股数": "",
      "从公司获得年度报酬总额": "24000",
      "补贴津贴": "",
      "变动原因说明": "不适用",
      "是否在股东或关联单位领取报酬津贴": "否",
      "在任与否": "是"
    },
    {
      "领导人姓名": "赵威",
      "职位描述": "独立董事",
      "期初持股数": "0",
      "期末持股数": "0",
      "间接持股数": "",
      "从公司获得年度报酬总额": "24000",
      "补贴津贴": "",
      "变动原因说明": "不适用",
      "是否在股东或关联单位领取报酬津贴": "否",
      "在任与否": "是"
    },
    {
      "领导人姓名": "徐雁清",
      "职位描述": "独立董事",
      "期初持股数": "0",
      "期末持股数": "0",
      "间接持股数": "",
      "从公司获得年度报酬总额": "48000",
      "补贴津贴": "",
      "变动原因说明": "不适用",
      "是否在股东或关联单位领取报酬津贴": "否",
      "在任与否": "否"
    },
    {
      "领导人姓名": "黄正权",
      "职位描述": "独立董事",
      "期初持股数": "0",
      "期末持股数": "0",
      "间接持股数": "",
      "从公司获得年度报酬总额": "48000",
      "补贴津贴": "",
      "变动原因说明": "不适用",
      "是否在股东或关联单位领取报酬津贴": "否",
      "在任与否": "否"
    },
    {
      "领导人姓名": "史开旺",
      "职位描述": "副总经理",
      "期初持股数": "0",
      "期末持股数": "100000",
      "间接持股数": "",
      "从公司获得年度报酬总额": "1131900",
      "补贴津贴": "",
      "变动原因说明": "2023年限制性股票激励计划首次授予部分第一期归属",
      "是否在股东或关联单位领取报酬津贴": "否",
      "在任与否": "是"
    },
    {
      "领导人姓名": "陈义标",
      "职位描述": "副总经理",
      "期初持股数": "0",
      "期末持股数": "32000",
      "间接持股数": "",
      "从公司获得年度报酬总额": "71200",
      "补贴津贴": "",
      "变动原因说明": "2023年限制性股票激励计划首次授予部分第一期归属",
      "是否在股东或关联单位领取报酬津贴": "否",
      "在任与否": "否"
    },
    {
      "领导人姓名": "潘杰",
      "职位描述": "副总经理",
      "期初持股数": "0",
      "期末持股数": "70000",
      "间接持股数": "",
      "从公司获得年度报酬总额": "733400",
      "补贴津贴": "",
      "变动原因说明": "2023年限制性股票激励计划首次授予部分第一期归属",
      "是否在股东或关联单位领取报酬津贴": "否",
      "在任与否": "是"
    },
    {
      "领导人姓名": "陈瑶",
      "职位描述": "董事会秘书、副总经理",
      "期初持股数": "0",
      "期末持股数": "60000",
      "间接持股数": "",
      "从公司获得年度报酬总额": "733400",
      "补贴津贴": "",
      "变动原因说明": "2023年限制性股票激励计划首次授予部分第一期归属",
      "是否在股东或关联单位领取报酬津贴": "否",
      "在任与否": "是"
    },
    {
      "领导人姓名": "陈平",
      "职位描述": "财务总监、副总经理",
      "期初持股数": "0",
      "期末持股数": "60000",
      "间接持股数": "",
      "从公司获得年度报酬总额": "736900",
      "补贴津贴": "",
      "变动原因说明": "2023年限制性股票激励计划首次授予部分第一期归属",
      "是否在股东或关联单位领取报酬津贴": "否",
      "在任与否": "是"
    }
  ]
}

=== 300939-2026-04-18-秋田微-2025年年度报告.pdf ===
{
  "Leader_Salary_data": {
    "实际所得报酬总额起始": "",
    "实际所得报酬总额截止": "",
    "实际所得报酬总额涉及人数": ""
  },
  "Leader_Hold_data": [
    {
      "领导人姓名": "黄志毅",
      "职位描述": "董事长",
      "期初持股数": "36825905",
      "期末持股数": "37153886",
      "间接持股数": "37153886",
      "从公司获得年度报酬总额": "0",
      "补贴津贴": "",
      "变动原因说明": "增持",
      "是否在股东或关联单位领取报酬津贴": "是",
      "在任与否": "是"
    },
    {
      "领导人姓名": "陈稳见",
      "职位描述": "董事、总经理",
      "期初持股数": "0",
      "期末持股数": "0",
      "间接持股数": "",
      "从公司获得年度报酬总额": "1293300",
      "补贴津贴": "",
      "变动原因说明": "",
      "是否在股东或关联单位领取报酬津贴": "否",
      "在任与否": "是"
    },
    {
      "领导人姓名": "简廷宪",
      "职位描述": "董事、副总经理",
      "期初持股数": "0",
      "期末持股数": "50000",
      "间接持股数": "50000",
      "从公司获得年度报酬总额": "1021600",
      "补贴津贴": "",
      "变动原因说明": "参与公司2025年员工持股计划",
      "是否在股东或关联单位领取报酬津贴": "否",
      "在任与否": "是"
    },
    {
      "领导人姓名": "张凤",
      "职位描述": "职工代表董事、副总经理",
      "期初持股数": "148646",
      "期末持股数": "161485",
      "间接持股数": "161485",
      "从公司获得年度报酬总额": "1119600",
      "补贴津贴": "",
      "变动原因说明": "参与公司2025年员工持股计划；减持",
      "是否在股东或关联单位领取报酬津贴": "否",
      "在任与否": "是"
    },
    {
      "领导人姓名": "宋萍萍",
      "职位描述": "独立董事",
      "期初持股数": "0",
      "期末持股数": "0",
      "间接持股数": "",
      "从公司获得年度报酬总额": "100000",
      "补贴津贴": "100000",
      "变动原因说明": "",
      "是否在股东或关联单位领取报酬津贴": "否",
      "在任与否": "是"
    },
    {
      "领导人姓名": "柴广跃",
      "职位描述": "独立董事",
      "期初持股数": "0",
      "期末持股数": "0",
      "间接持股数": "",
      "从公司获得年度报酬总额": "100000",
      "补贴津贴": "100000",
      "变动原因说明": "",
      "是否在股东或关联单位领取报酬津贴": "否",
      "在任与否": "是"
    },
    {
      "领导人姓名": "杨轶彬",
      "职位描述": "独立董事",
      "期初持股数": "0",
      "期末持股数": "0",
      "间接持股数": "",
      "从公司获得年度报酬总额": "100000",
      "补贴津贴": "100000",
      "变动原因说明": "",
      "是否在股东或关联单位领取报酬津贴": "否",
      "在任与否": "是"
    },
    {
      "领导人姓名": "王亚彬",
      "职位描述": "董事、副总经理、董事会秘书",
      "期初持股数": "2803100",
      "期末持股数": "2803100",
      "间接持股数": "2803100",
      "从公司获得年度报酬总额": "1800000",
      "补贴津贴": "",
      "变动原因说明": "",
      "是否在股东或关联单位领取报酬津贴": "否",
      "在任与否": "是"
    },
    {
      "领导人姓名": "李正国",
      "职位描述": "副总经理",
      "期初持股数": "0",
      "期末持股数": "0",
      "间接持股数": "",
      "从公司获得年度报酬总额": "1197700",
      "补贴津贴": "",
      "变动原因说明": "",
      "是否在股东或关联单位领取报酬津贴": "否",
      "在任与否": "是"
    },
    {
      "领导人姓名": "洪俊斌",
      "职位描述": "副总经理",
      "期初持股数": "174940",
      "期末持股数": "131206",
      "间接持股数": "131206",
      "从公司获得年度报酬总额": "890800",
      "补贴津贴": "",
      "变动原因说明": "减持",
      "是否在股东或关联单位领取报酬津贴": "否",
      "在任与否": "是"
    },
    {
      "领导人姓名": "石俊",
      "职位描述": "财务负责人",
      "期初持股数": "96301",
      "期末持股数": "92226",
      "间接持股数": "92226",
      "从公司获得年度报酬总额": "706100",
      "补贴津贴": "",
      "变动原因说明": "参与公司2025年员工持股计划；减持",
      "是否在股东或关联单位领取报酬津贴": "否",
      "在任与否": "是"
    },
    {
      "领导人姓名": "王细昂",
      "职位描述": "副总经理",
      "期初持股数": "70546",
      "期末持股数": "102910",
      "间接持股数": "102910",
      "从公司获得年度报酬总额": "836600",
      "补贴津贴": "",
      "变动原因说明": "参与公司2025年员工持股计划；减持",
      "是否在股东或关联单位领取报酬津贴": "否",
      "在任与否": "是"
    }
  ]
}

=== 301090-2026-04-20-华润材料-2025年年度报告.pdf ===
{
  "Leader_Salary_data": {
    "实际所得报酬总额起始": "",
    "实际所得报酬总额截止": "",
    "实际所得报酬总额涉及人数": ""
  },
  "Leader_Hold_data": [
    {
      "领导人姓名": "燕现军",
      "职位描述": "董事长、董事",
      "期初持股数": "0",
      "期末持股数": "0",
      "间接持股数": "",
      "从公司获得年度报酬总额": "1210700",
      "补贴津贴": "",
      "变动原因说明": "",
      "是否在股东或关联单位领取报酬津贴": "是",
      "在任与否": "是"
    },
    {
      "领导人姓名": "许洪波",
      "职位描述": "董事、总经理、副总经理",
      "期初持股数": "253900",
      "期末持股数": "86326",
      "间接持股数": "",
      "从公司获得年度报酬总额": "1289000",
      "补贴津贴": "",
      "变动原因说明": "所持部分限制性股票未解锁，由公司回购注销",
      "是否在股东或关联单位领取报酬津贴": "否",
      "在任与否": "是"
    },
    {
      "领导人姓名": "陈向军",
      "职位描述": "董事",
      "期初持股数": "0",
      "期末持股数": "0",
      "间接持股数": "",
      "从公司获得年度报酬总额": "0",
      "补贴津贴": "",
      "变动原因说明": "",
      "是否在股东或关联单位领取报酬津贴": "是",
      "在任与否": "是"
    },
    {
      "领导人姓名": "王成伟",
      "职位描述": "董事",
      "期初持股数": "0",
      "期末持股数": "0",
      "间接持股数": "",
      "从公司获得年度报酬总额": "0",
      "补贴津贴": "",
      "变动原因说明": "",
      "是否在股东或关联单位领取报酬津贴": "是",
      "在任与否": "是"
    },
    {
      "领导人姓名": "张宏山",
      "职位描述": "董事",
      "期初持股数": "0",
      "期末持股数": "0",
      "间接持股数": "",
      "从公司获得年度报酬总额": "0",
      "补贴津贴": "",
      "变动原因说明": "",
      "是否在股东或关联单位领取报酬津贴": "是",
      "在任与否": "是"
    },
    {
      "领导人姓名": "王高强",
      "职位描述": "职工代表董事",
      "期初持股数": "0",
      "期末持股数": "0",
      "间接持股数": "",
      "从公司获得年度报酬总额": "0",
      "补贴津贴": "",
      "变动原因说明": "",
      "是否在股东或关联单位领取报酬津贴": "是",
      "在任与否": "是"
    },
    {
      "领导人姓名": "傅仁辉",
      "职位描述": "独立董事",
      "期初持股数": "0",
      "期末持股数": "0",
      "间接持股数": "",
      "从公司获得年度报酬总额": "120000",
      "补贴津贴": "120000",
      "变动原因说明": "",
      "是否在股东或关联单位领取报酬津贴": "否",
      "在任与否": "是"
    },
    {
      "领导人姓名": "李春成",
      "职位描述": "独立董事",
      "期初持股数": "0",
      "期末持股数": "0",
      "间接持股数": "",
      "从公司获得年度报酬总额": "0",
      "补贴津贴": "120000",
      "变动原因说明": "",
      "是否在股东或关联单位领取报酬津贴": "否",
      "在任与否": "是"
    },
    {
      "领导人姓名": "郑文革",
      "职位描述": "独立董事",
      "期初持股数": "0",
      "期末持股数": "0",
      "间接持股数": "",
      "从公司获得年度报酬总额": "0",
      "补贴津贴": "120000",
      "变动原因说明": "",
      "是否在股东或关联单位领取报酬津贴": "否",
      "在任与否": "是"
    },
    {
      "领导人姓名": "陈群",
      "职位描述": "副总经理",
      "期初持股数": "229900",
      "期末持股数": "78166",
      "间接持股数": "",
      "从公司获得年度报酬总额": "828500",
      "补贴津贴": "",
      "变动原因说明": "所持部分限制性股票未解锁，由公司回购注销",
      "是否在股东或关联单位领取报酬津贴": "否",
      "在任与否": "是"
    },
    {
      "领导人姓名": "李小俊",
      "职位描述": "财务总监、董事会秘书",
      "期初持股数": "0",
      "期末持股数": "0",
      "间接持股数": "",
      "从公司获得年度报酬总额": "505200",
      "补贴津贴": "",
      "变动原因说明": "",
      "是否在股东或关联单位领取报酬津贴": "是",
      "在任与否": "是"
    },
    {
      "领导人姓名": "杨士旭",
      "职位描述": "董事",
      "期初持股数": "0",
      "期末持股数": "0",
      "间接持股数": "",
      "从公司获得年度报酬总额": "0",
      "补贴津贴": "",
      "变动原因说明": "",
      "是否在股东或关联单位领取报酬津贴": "是",
      "在任与否": "否"
    },
    {
      "领导人姓名": "张应中",
      "职位描述": "董事",
      "期初持股数": "0",
      "期末持股数": "0",
      "间接持股数": "",
      "从公司获得年度报酬总额": "0",
      "补贴津贴": "",
      "变动原因说明": "",
      "是否在股东或关联单位领取报酬津贴": "是",
      "在任与否": "否"
    },
    {
      "领导人姓名": "朱利民",
      "职位描述": "独立董事",
      "期初持股数": "0",
      "期末持股数": "0",
      "间接持股数": "",
      "从公司获得年度报酬总额": "120000",
      "补贴津贴": "120000",
      "变动原因说明": "",
      "是否在股东或关联单位领取报酬津贴": "否",
      "在任与否": "否"
    },
    {
      "领导人姓名": "郭宝华",
      "职位描述": "独立董事",
      "期初持股数": "0",
      "期末持股数": "0",
      "间接持股数": "",
      "从公司获得年度报酬总额": "120000",
      "补贴津贴": "120000",
      "变动原因说明": "",
      "是否在股东或关联单位领取报酬津贴": "否",
      "在任与否": "否"
    },
    {
      "领导人姓名": "王宇航",
      "职位描述": "副总经理",
      "期初持股数": "0",
      "期末持股数": "0",
      "间接持股数": "",
      "从公司获得年度报酬总额": "440300",
      "补贴津贴": "",
      "变动原因说明": "",
      "是否在股东或关联单位领取报酬津贴": "是",
      "在任与否": "否"
    },
    {
      "领导人姓名": "王庆文",
      "职位描述": "财务总监、董事会秘书",
      "期初持股数": "0",
      "期末持股数": "0",
      "间接持股数": "",
      "从公司获得年度报酬总额": "294100",
      "补贴津贴": "",
      "变动原因说明": "",
      "是否在股东或关联单位领取报酬津贴": "是",
      "在任与否": "否"
    },
    {
      "领导人姓名": "田美圆",
      "职位描述": "副总经理",
      "期初持股数": "229900",
      "期末持股数": "0",
      "间接持股数": "",
      "从公司获得年度报酬总额": "100800",
      "补贴津贴": "",
      "变动原因说明": "所持全部限制性股票未解锁，由公司回购注销",
      "是否在股东或关联单位领取报酬津贴": "是",
      "在任与否": "否"
    }
  ]
}

=== 301223-2026-04-20-中荣股份-2025年年度报告.pdf ===
{
  "Leader_Salary_data": {
    "实际所得报酬总额起始": "",
    "实际所得报酬总额截止": "",
    "实际所得报酬总额涉及人数": ""
  },
  "Leader_Hold_data": [
    {
      "领导人姓名": "黄焕然",
      "职位描述": "董事长、总经理",
      "期初持股数": "45320636",
      "期末持股数": "45320636",
      "间接持股数": "",
      "从公司获得年度报酬总额": "2300400",
      "补贴津贴": "",
      "变动原因说明": "",
      "是否在股东或关联单位领取报酬津贴": "否",
      "在任与否": "是"
    },
    {
      "领导人姓名": "林海舟",
      "职位描述": "副董事长、副总经理、董事",
      "期初持股数": "1448276",
      "期末持股数": "1448276",
      "间接持股数": "",
      "从公司获得年度报酬总额": "2229000",
      "补贴津贴": "",
      "变动原因说明": "",
      "是否在股东或关联单位领取报酬津贴": "否",
      "在任与否": "是"
    },
    {
      "领导人姓名": "赵成华",
      "职位描述": "董事、总经理、副总经理",
      "期初持股数": "3410690",
      "期末持股数": "3410690",
      "间接持股数": "",
      "从公司获得年度报酬总额": "2098900",
      "补贴津贴": "",
      "变动原因说明": "",
      "是否在股东或关联单位领取报酬津贴": "否",
      "在任与否": "是"
    },
    {
      "领导人姓名": "屈义俭",
      "职位描述": "董事、副总经理",
      "期初持股数": "",
      "期末持股数": "",
      "间接持股数": "",
      "从公司获得年度报酬总额": "1678900",
      "补贴津贴": "",
      "变动原因说明": "",
      "是否在股东或关联单位领取报酬津贴": "否",
      "在任与否": "是"
    },
    {
      "领导人姓名": "张志华",
      "职位描述": "董事、副总经理",
      "期初持股数": "17324981",
      "期末持股数": "17324981",
      "间接持股数": "",
      "从公司获得年度报酬总额": "1075000",
      "补贴津贴": "",
      "变动原因说明": "",
      "是否在股东或关联单位领取报酬津贴": "否",
      "在任与否": "是"
    },
    {
      "领导人姓名": "罗莹",
      "职位描述": "职工代表董事",
      "期初持股数": "506897",
      "期末持股数": "506897",
      "间接持股数": "",
      "从公司获得年度报酬总额": "121900",
      "补贴津贴": "",
      "变动原因说明": "",
      "是否在股东或关联单位领取报酬津贴": "否",
      "在任与否": "是"
    },
    {
      "领导人姓名": "蒋基路",
      "职位描述": "独立董事",
      "期初持股数": "",
      "期末持股数": "",
      "间接持股数": "",
      "从公司获得年度报酬总额": "90000",
      "补贴津贴": "",
      "变动原因说明": "",
      "是否在股东或关联单位领取报酬津贴": "否",
      "在任与否": "是"
    },
    {
      "领导人姓名": "王铁刚",
      "职位描述": "独立董事",
      "期初持股数": "",
      "期末持股数": "",
      "间接持股数": "",
      "从公司获得年度报酬总额": "90000",
      "补贴津贴": "",
      "变动原因说明": "",
      "是否在股东或关联单位领取报酬津贴": "否",
      "在任与否": "是"
    },
    {
      "领导人姓名": "吴跃中",
      "职位描述": "独立董事",
      "期初持股数": "",
      "期末持股数": "",
      "间接持股数": "",
      "从公司获得年度报酬总额": "7500",
      "补贴津贴": "",
      "变动原因说明": "",
      "是否在股东或关联单位领取报酬津贴": "否",
      "在任与否": "是"
    },
    {
      "领导人姓名": "欧志刚",
      "职位描述": "副总经理",
      "期初持股数": "1575000",
      "期末持股数": "1575000",
      "间接持股数": "",
      "从公司获得年度报酬总额": "99200",
      "补贴津贴": "",
      "变动原因说明": "",
      "是否在股东或关联单位领取报酬津贴": "否",
      "在任与否": "是"
    },
    {
      "领导人姓名": "陶凯",
      "职位描述": "副总经理",
      "期初持股数": "",
      "期末持股数": "",
      "间接持股数": "",
      "从公司获得年度报酬总额": "171200",
      "补贴津贴": "",
      "变动原因说明": "",
      "是否在股东或关联单位领取报酬津贴": "否",
      "在任与否": "是"
    },
    {
      "领导人姓名": "赵琪",
      "职位描述": "财务负责人",
      "期初持股数": "",
      "期末持股数": "",
      "间接持股数": "",
      "从公司获得年度报酬总额": "783600",
      "补贴津贴": "",
      "变动原因说明": "",
      "是否在股东或关联单位领取报酬津贴": "否",
      "在任与否": "是"
    },
    {
      "领导人姓名": "林贵华",
      "职位描述": "董事会秘书",
      "期初持股数": "",
      "期末持股数": "",
      "间接持股数": "",
      "从公司获得年度报酬总额": "32200",
      "补贴津贴": "",
      "变动原因说明": "",
      "是否在股东或关联单位领取报酬津贴": "否",
      "在任与否": "是"
    },
    {
      "领导人姓名": "黄仲贤",
      "职位描述": "董事",
      "期初持股数": "362069",
      "期末持股数": "362069",
      "间接持股数": "",
      "从公司获得年度报酬总额": "802800",
      "补贴津贴": "",
      "变动原因说明": "",
      "是否在股东或关联单位领取报酬津贴": "否",
      "在任与否": "否"
    },
    {
      "领导人姓名": "吴胜涛",
      "职位描述": "独立董事",
      "期初持股数": "",
      "期末持股数": "",
      "间接持股数": "",
      "从公司获得年度报酬总额": "82500",
      "补贴津贴": "",
      "变动原因说明": "",
      "是否在股东或关联单位领取报酬津贴": "否",
      "在任与否": "否"
    },
    {
      "领导人姓名": "陈彬海",
      "职位描述": "董事会秘书",
      "期初持股数": "2882069",
      "期末持股数": "2882069",
      "间接持股数": "",
      "从公司获得年度报酬总额": "1010100",
      "补贴津贴": "",
      "变动原因说明": "",
      "是否在股东或关联单位领取报酬津贴": "否",
      "在任与否": "否"
    }
  ]
}

=== 301479-2026-04-20-弘景光电-2025年年度报告.pdf ===
{
  "Leader_Salary_data": {
    "实际所得报酬总额起始": "5648700",
    "实际所得报酬总额截止": "5648700",
    "实际所得报酬总额涉及人数": ""
  },
  "Leader_Hold_data": [
    {
      "领导人姓名": "赵治平",
      "职位描述": "董事长、总经理",
      "期初持股数": "13391100",
      "期末持股数": "18747540",
      "间接持股数": "",
      "从公司获得年度报酬总额": "843400",
      "补贴津贴": "",
      "变动原因说明": "资本公积转增股本所致",
      "是否在股东或关联单位领取报酬津贴": "否",
      "在任与否": "是"
    },
    {
      "领导人姓名": "周东",
      "职位描述": "董事、常务副总经理",
      "期初持股数": "5629100",
      "期末持股数": "7880740",
      "间接持股数": "",
      "从公司获得年度报酬总额": "697000",
      "补贴津贴": "",
      "变动原因说明": "资本公积转增股本所致",
      "是否在股东或关联单位领取报酬津贴": "否",
      "在任与否": "是"
    },
    {
      "领导人姓名": "程芳陆",
      "职位描述": "董事、职工代表董事、副总经理",
      "期初持股数": "",
      "期末持股数": "",
      "间接持股数": "",
      "从公司获得年度报酬总额": "769000",
      "补贴津贴": "",
      "变动原因说明": "",
      "是否在股东或关联单位领取报酬津贴": "否",
      "在任与否": "是"
    },
    {
      "领导人姓名": "李萍",
      "职位描述": "独立董事",
      "期初持股数": "",
      "期末持股数": "",
      "间接持股数": "",
      "从公司获得年度报酬总额": "61000",
      "补贴津贴": "61000",
      "变动原因说明": "",
      "是否在股东或关联单位领取报酬津贴": "否",
      "在任与否": "是"
    },
    {
      "领导人姓名": "杨常郁",
      "职位描述": "独立董事",
      "期初持股数": "",
      "期末持股数": "",
      "间接持股数": "",
      "从公司获得年度报酬总额": "61000",
      "补贴津贴": "61000",
      "变动原因说明": "",
      "是否在股东或关联单位领取报酬津贴": "否",
      "在任与否": "是"
    },
    {
      "领导人姓名": "肖金陵",
      "职位描述": "独立董事",
      "期初持股数": "",
      "期末持股数": "",
      "间接持股数": "",
      "从公司获得年度报酬总额": "44700",
      "补贴津贴": "44700",
      "变动原因说明": "",
      "是否在股东或关联单位领取报酬津贴": "否",
      "在任与否": "是"
    },
    {
      "领导人姓名": "李乐乐",
      "职位描述": "董事",
      "期初持股数": "",
      "期末持股数": "",
      "间接持股数": "",
      "从公司获得年度报酬总额": "0",
      "补贴津贴": "",
      "变动原因说明": "",
      "是否在股东或关联单位领取报酬津贴": "是",
      "在任与否": "是"
    },
    {
      "领导人姓名": "段拥政",
      "职位描述": "董事",
      "期初持股数": "",
      "期末持股数": "",
      "间接持股数": "",
      "从公司获得年度报酬总额": "0",
      "补贴津贴": "",
      "变动原因说明": "",
      "是否在股东或关联单位领取报酬津贴": "是",
      "在任与否": "否"
    },
    {
      "领导人姓名": "马冬林",
      "职位描述": "独立董事",
      "期初持股数": "",
      "期末持股数": "",
      "间接持股数": "",
      "从公司获得年度报酬总额": "16300",
      "补贴津贴": "",
      "变动原因说明": "",
      "是否在股东或关联单位领取报酬津贴": "否",
      "在任与否": "否"
    },
    {
      "领导人姓名": "赵卫平",
      "职位描述": "副总经理",
      "期初持股数": "",
      "期末持股数": "",
      "间接持股数": "",
      "从公司获得年度报酬总额": "787500",
      "补贴津贴": "",
      "变动原因说明": "",
      "是否在股东或关联单位领取报酬津贴": "否",
      "在任与否": "是"
    },
    {
      "领导人姓名": "曹秀锋",
      "职位描述": "副总经理",
      "期初持股数": "",
      "期末持股数": "",
      "间接持股数": "",
      "从公司获得年度报酬总额": "734000",
      "补贴津贴": "",
      "变动原因说明": "",
      "是否在股东或关联单位领取报酬津贴": "否",
      "在任与否": "是"
    },
    {
      "领导人姓名": "林琼芸",
      "职位描述": "董事会秘书",
      "期初持股数": "",
      "期末持股数": "",
      "间接持股数": "",
      "从公司获得年度报酬总额": "546200",
      "补贴津贴": "",
      "变动原因说明": "",
      "是否在股东或关联单位领取报酬津贴": "否",
      "在任与否": "是"
    },
    {
      "领导人姓名": "周伟刚",
      "职位描述": "财务总监",
      "期初持股数": "",
      "期末持股数": "",
      "间接持股数": "",
      "从公司获得年度报酬总额": "384000",
      "补贴津贴": "",
      "变动原因说明": "",
      "是否在股东或关联单位领取报酬津贴": "否",
      "在任与否": "是"
    },
    {
      "领导人姓名": "杨文冠",
      "职位描述": "副总经理",
      "期初持股数": "",
      "期末持股数": "",
      "间接持股数": "",
      "从公司获得年度报酬总额": "536200",
      "补贴津贴": "",
      "变动原因说明": "",
      "是否在股东或关联单位领取报酬津贴": "否",
      "在任与否": "否"
    },
    {
      "领导人姓名": "魏庆阳",
      "职位描述": "副总经理、董事会秘书、财务总监",
      "期初持股数": "280550",
      "期末持股数": "392770",
      "间接持股数": "",
      "从公司获得年度报酬总额": "168500",
      "补贴津贴": "",
      "变动原因说明": "资本公积转增股本所致",
      "是否在股东或关联单位领取报酬津贴": "否",
      "在任与否": "否"
    }
  ]
}

=== 300999-2026-04-18-金龙鱼-2025年年度报告.pdf ===
{
  "Leader_Salary_data": {
    "实际所得报酬总额起始": "44730500",
    "实际所得报酬总额截止": "44730500",
    "实际所得报酬总额涉及人数": ""
  },
  "Leader_Hold_data": [
    {
      "领导人姓名": "Kuok Khoon Hong（郭孔丰）",
      "职位描述": "董事长",
      "期初持股数": "",
      "期末持股数": "",
      "间接持股数": "",
      "从公司获得年度报酬总额": "",
      "补贴津贴": "",
      "变动原因说明": "",
      "是否在股东或关联单位领取报酬津贴": "是",
      "在任与否": "是"
    },
    {
      "领导人姓名": "Pua Seck Guan（潘锡源）",
      "职位描述": "董事",
      "期初持股数": "",
      "期末持股数": "",
      "间接持股数": "",
      "从公司获得年度报酬总额": "",
      "补贴津贴": "",
      "变动原因说明": "",
      "是否在股东或关联单位领取报酬津贴": "是",
      "在任与否": "是"
    },
    {
      "领导人姓名": "穆彦魁",
      "职位描述": "董事、总裁",
      "期初持股数": "",
      "期末持股数": "",
      "间接持股数": "",
      "从公司获得年度报酬总额": "15400000",
      "补贴津贴": "",
      "变动原因说明": "",
      "是否在股东或关联单位领取报酬津贴": "否",
      "在任与否": "是"
    },
    {
      "领导人姓名": "牛余新",
      "职位描述": "董事、常务副总裁",
      "期初持股数": "",
      "期末持股数": "",
      "间接持股数": "",
      "从公司获得年度报酬总额": "10200000",
      "补贴津贴": "",
      "变动原因说明": "",
      "是否在股东或关联单位领取报酬津贴": "否",
      "在任与否": "是"
    },
    {
      "领导人姓名": "Loke Mun Yee（陆玟妤）",
      "职位描述": "董事、财务总监",
      "期初持股数": "",
      "期末持股数": "",
      "间接持股数": "",
      "从公司获得年度报酬总额": "4300000",
      "补贴津贴": "",
      "变动原因说明": "",
      "是否在股东或关联单位领取报酬津贴": "否",
      "在任与否": "是"
    },
    {
      "领导人姓名": "Tong Shao Ming（唐绍明）",
      "职位描述": "董事",
      "期初持股数": "",
      "期末持股数": "",
      "间接持股数": "",
      "从公司获得年度报酬总额": "",
      "补贴津贴": "",
      "变动原因说明": "",
      "是否在股东或关联单位领取报酬津贴": "是",
      "在任与否": "是"
    },
    {
      "领导人姓名": "钱爱民",
      "职位描述": "独立董事",
      "期初持股数": "",
      "期末持股数": "",
      "间接持股数": "",
      "从公司获得年度报酬总额": "300000",
      "补贴津贴": "300000",
      "变动原因说明": "",
      "是否在股东或关联单位领取报酬津贴": "否",
      "在任与否": "是"
    },
    {
      "领导人姓名": "韩一军",
      "职位描述": "独立董事",
      "期初持股数": "",
      "期末持股数": "",
      "间接持股数": "",
      "从公司获得年度报酬总额": "300000",
      "补贴津贴": "300000",
      "变动原因说明": "",
      "是否在股东或关联单位领取报酬津贴": "否",
      "在任与否": "是"
    },
    {
      "领导人姓名": "Teo Kim Yong（张金荣）",
      "职位描述": "独立董事",
      "期初持股数": "",
      "期末持股数": "",
      "间接持股数": "",
      "从公司获得年度报酬总额": "300000",
      "补贴津贴": "300000",
      "变动原因说明": "",
      "是否在股东或关联单位领取报酬津贴": "否",
      "在任与否": "是"
    },
    {
      "领导人姓名": "陈世敏",
      "职位描述": "独立董事",
      "期初持股数": "",
      "期末持股数": "",
      "间接持股数": "",
      "从公司获得年度报酬总额": "10500",
      "补贴津贴": "10500",
      "变动原因说明": "",
      "是否在股东或关联单位领取报酬津贴": "否",
      "在任与否": "是"
    },
    {
      "领导人姓名": "李长平",
      "职位描述": "职工代表董事",
      "期初持股数": "",
      "期末持股数": "",
      "间接持股数": "",
      "从公司获得年度报酬总额": "2520000",
      "补贴津贴": "",
      "变动原因说明": "",
      "是否在股东或关联单位领取报酬津贴": "否",
      "在任与否": "是"
    },
    {
      "领导人姓名": "邵斌",
      "职位描述": "副总裁",
      "期初持股数": "",
      "期末持股数": "",
      "间接持股数": "",
      "从公司获得年度报酬总额": "7700000",
      "补贴津贴": "",
      "变动原因说明": "",
      "是否在股东或关联单位领取报酬津贴": "否",
      "在任与否": "是"
    },
    {
      "领导人姓名": "Ang Bee Ling（洪美玲）",
      "职位描述": "董事会秘书、财务副总监",
      "期初持股数": "",
      "期末持股数": "",
      "间接持股数": "",
      "从公司获得年度报酬总额": "3700000",
      "补贴津贴": "",
      "变动原因说明": "",
      "是否在股东或关联单位领取报酬津贴": "否",
      "在任与否": "是"
    }
  ]
}

=== 301487-2026-04-18-盟固利-2025年年度报告.pdf ===
{
  "Leader_Salary_data": {
    "实际所得报酬总额起始": "",
    "实际所得报酬总额截止": "",
    "实际所得报酬总额涉及人数": ""
  },
  "Leader_Hold_data": [
    {
      "领导人姓名": "钱建林",
      "职位描述": "董事长",
      "期初持股数": "0",
      "期末持股数": "0",
      "间接持股数": "",
      "从公司获得年度报酬总额": "",
      "补贴津贴": "",
      "变动原因说明": "",
      "是否在股东或关联单位领取报酬津贴": "",
      "在任与否": "是"
    },
    {
      "领导人姓名": "崔巍",
      "职位描述": "董事",
      "期初持股数": "0",
      "期末持股数": "0",
      "间接持股数": "",
      "从公司获得年度报酬总额": "",
      "补贴津贴": "",
      "变动原因说明": "",
      "是否在股东或关联单位领取报酬津贴": "",
      "在任与否": "是"
    },
    {
      "领导人姓名": "陆春良",
      "职位描述": "董事",
      "期初持股数": "0",
      "期末持股数": "0",
      "间接持股数": "",
      "从公司获得年度报酬总额": "",
      "补贴津贴": "",
      "变动原因说明": "",
      "是否在股东或关联单位领取报酬津贴": "",
      "在任与否": "是"
    },
    {
      "领导人姓名": "朱武",
      "职位描述": "董事、总裁",
      "期初持股数": "0",
      "期末持股数": "0",
      "间接持股数": "",
      "从公司获得年度报酬总额": "",
      "补贴津贴": "",
      "变动原因说明": "",
      "是否在股东或关联单位领取报酬津贴": "",
      "在任与否": "是"
    },
    {
      "领导人姓名": "朱奕霏",
      "职位描述": "董事",
      "期初持股数": "0",
      "期末持股数": "0",
      "间接持股数": "",
      "从公司获得年度报酬总额": "",
      "补贴津贴": "",
      "变动原因说明": "",
      "是否在股东或关联单位领取报酬津贴": "",
      "在任与否": "是"
    },
    {
      "领导人姓名": "金光春",
      "职位描述": "董事",
      "期初持股数": "0",
      "期末持股数": "0",
      "间接持股数": "",
      "从公司获得年度报酬总额": "",
      "补贴津贴": "",
      "变动原因说明": "",
      "是否在股东或关联单位领取报酬津贴": "",
      "在任与否": "是"
    },
    {
      "领导人姓名": "许金道",
      "职位描述": "独立董事",
      "期初持股数": "0",
      "期末持股数": "0",
      "间接持股数": "",
      "从公司获得年度报酬总额": "",
      "补贴津贴": "",
      "变动原因说明": "",
      "是否在股东或关联单位领取报酬津贴": "",
      "在任与否": "是"
    },
    {
      "领导人姓名": "唐长江",
      "职位描述": "独立董事",
      "期初持股数": "0",
      "期末持股数": "0",
      "间接持股数": "",
      "从公司获得年度报酬总额": "",
      "补贴津贴": "",
      "变动原因说明": "",
      "是否在股东或关联单位领取报酬津贴": "",
      "在任与否": "是"
    },
    {
      "领导人姓名": "高学平",
      "职位描述": "独立董事",
      "期初持股数": "0",
      "期末持股数": "0",
      "间接持股数": "",
      "从公司获得年度报酬总额": "",
      "补贴津贴": "",
      "变动原因说明": "",
      "是否在股东或关联单位领取报酬津贴": "",
      "在任与否": "是"
    },
    {
      "领导人姓名": "金玉",
      "职位描述": "副总裁",
      "期初持股数": "0",
      "期末持股数": "0",
      "间接持股数": "",
      "从公司获得年度报酬总额": "",
      "补贴津贴": "",
      "变动原因说明": "",
      "是否在股东或关联单位领取报酬津贴": "",
      "在任与否": "是"
    },
    {
      "领导人姓名": "张虎",
      "职位描述": "副总裁",
      "期初持股数": "0",
      "期末持股数": "0",
      "间接持股数": "",
      "从公司获得年度报酬总额": "",
      "补贴津贴": "",
      "变动原因说明": "",
      "是否在股东或关联单位领取报酬津贴": "",
      "在任与否": "是"
    },
    {
      "领导人姓名": "闫东伟",
      "职位描述": "新材料首席技术官",
      "期初持股数": "0",
      "期末持股数": "0",
      "间接持股数": "",
      "从公司获得年度报酬总额": "",
      "补贴津贴": "",
      "变动原因说明": "",
      "是否在股东或关联单位领取报酬津贴": "",
      "在任与否": "是"
    },
    {
      "领导人姓名": "李文强",
      "职位描述": "新产品首席技术官",
      "期初持股数": "0",
      "期末持股数": "0",
      "间接持股数": "",
      "从公司获得年度报酬总额": "",
      "补贴津贴": "",
      "变动原因说明": "",
      "是否在股东或关联单位领取报酬津贴": "",
      "在任与否": "是"
    },
    {
      "领导人姓名": "周国水",
      "职位描述": "财务总监",
      "期初持股数": "0",
      "期末持股数": "0",
      "间接持股数": "",
      "从公司获得年度报酬总额": "",
      "补贴津贴": "",
      "变动原因说明": "",
      "是否在股东或关联单位领取报酬津贴": "",
      "在任与否": "是"
    },
    {
      "领导人姓名": "胡杰",
      "职位描述": "董事会秘书",
      "期初持股数": "0",
      "期末持股数": "0",
      "间接持股数": "",
      "从公司获得年度报酬总额": "",
      "补贴津贴": "",
      "变动原因说明": "",
      "是否在股东或关联单位领取报酬津贴": "",
      "在任与否": "是"
    },
    {
      "领导人姓名": "郭飚",
      "职位描述": "董事",
      "期初持股数": "0",
      "期末持股数": "0",
      "间接持股数": "",
      "从公司获得年度报酬总额": "",
      "补贴津贴": "",
      "变动原因说明": "",
      "是否在股东或关联单位领取报酬津贴": "",
      "在任与否": "否"
    }
  ]
}

=== 301335-2026-04-18-天元宠物-2025年年度报告.pdf ===
{
  "Leader_Salary_data": {
    "实际所得报酬总额起始": "",
    "实际所得报酬总额截止": "",
    "实际所得报酬总额涉及人数": ""
  },
  "Leader_Hold_data": [
    {
      "领导人姓名": "薛元潮",
      "职位描述": "董事长、总裁",
      "期初持股数": "30592769",
      "期末持股数": "30592769",
      "间接持股数": "",
      "从公司获得年度报酬总额": "923100",
      "补贴津贴": "",
      "变动原因说明": "",
      "是否在股东或关联单位领取报酬津贴": "否",
      "在任与否": "是"
    },
    {
      "领导人姓名": "江灵兵",
      "职位描述": "副董事长、副总裁、董事",
      "期初持股数": "14711269",
      "期末持股数": "14711269",
      "间接持股数": "",
      "从公司获得年度报酬总额": "850100",
      "补贴津贴": "",
      "变动原因说明": "",
      "是否在股东或关联单位领取报酬津贴": "否",
      "在任与否": "是"
    },
    {
      "领导人姓名": "薛雅利",
      "职位描述": "董事、副总裁",
      "期初持股数": "7031832",
      "期末持股数": "7031832",
      "间接持股数": "",
      "从公司获得年度报酬总额": "683600",
      "补贴津贴": "",
      "变动原因说明": "",
      "是否在股东或关联单位领取报酬津贴": "否",
      "在任与否": "是"
    },
    {
      "领导人姓名": "虞晓春",
      "职位描述": "董事、副总裁",
      "期初持股数": "",
      "期末持股数": "54000",
      "间接持股数": "",
      "从公司获得年度报酬总额": "860900",
      "补贴津贴": "",
      "变动原因说明": "2024年限制性股票激励计划第二类限制性股票归属",
      "是否在股东或关联单位领取报酬津贴": "否",
      "在任与否": "是"
    },
    {
      "领导人姓名": "李安",
      "职位描述": "董事",
      "期初持股数": "",
      "期末持股数": "43400",
      "间接持股数": "",
      "从公司获得年度报酬总额": "854800",
      "补贴津贴": "",
      "变动原因说明": "其中43200股为2024年限制性股票激励计划第二类限制性股票归属；200股为其基于二级市场交易情况的独立判断而进行的操作",
      "是否在股东或关联单位领取报酬津贴": "否",
      "在任与否": "是"
    },
    {
      "领导人姓名": "张根壮",
      "职位描述": "职工代表董事",
      "期初持股数": "",
      "期末持股数": "28000",
      "间接持股数": "",
      "从公司获得年度报酬总额": "669900",
      "补贴津贴": "",
      "变动原因说明": "2024年限制性股票激励计划第二类限制性股票归属",
      "是否在股东或关联单位领取报酬津贴": "否",
      "在任与否": "是"
    },
    {
      "领导人姓名": "余景选",
      "职位描述": "独立董事",
      "期初持股数": "",
      "期末持股数": "",
      "间接持股数": "",
      "从公司获得年度报酬总额": "75000",
      "补贴津贴": "",
      "变动原因说明": "",
      "是否在股东或关联单位领取报酬津贴": "否",
      "在任与否": "是"
    },
    {
      "领导人姓名": "陈斐",
      "职位描述": "独立董事",
      "期初持股数": "",
      "期末持股数": "",
      "间接持股数": "",
      "从公司获得年度报酬总额": "75000",
      "补贴津贴": "",
      "变动原因说明": "",
      "是否在股东或关联单位领取报酬津贴": "否",
      "在任与否": "是"
    },
    {
      "领导人姓名": "宋永高",
      "职位描述": "独立董事",
      "期初持股数": "",
      "期末持股数": "",
      "间接持股数": "",
      "从公司获得年度报酬总额": "75000",
      "补贴津贴": "",
      "变动原因说明": "",
      "是否在股东或关联单位领取报酬津贴": "否",
      "在任与否": "是"
    },
    {
      "领导人姓名": "张中平",
      "职位描述": "财务总监、副总裁",
      "期初持股数": "",
      "期末持股数": "40000",
      "间接持股数": "",
      "从公司获得年度报酬总额": "717800",
      "补贴津贴": "",
      "变动原因说明": "2024年限制性股票激励计划第二类限制性股票归属",
      "是否在股东或关联单位领取报酬津贴": "否",
      "在任与否": "是"
    },
    {
      "领导人姓名": "叶青",
      "职位描述": "董事会秘书、副总裁",
      "期初持股数": "",
      "期末持股数": "",
      "间接持股数": "",
      "从公司获得年度报酬总额": "100200",
      "补贴津贴": "",
      "变动原因说明": "",
      "是否在股东或关联单位领取报酬津贴": "否",
      "在任与否": "是"
    },
    {
      "领导人姓名": "田金明",
      "职位描述": "董事会秘书、副总裁",
      "期初持股数": "",
      "期末持股数": "40000",
      "间接持股数": "",
      "从公司获得年度报酬总额": "217700",
      "补贴津贴": "",
      "变动原因说明": "2024年限制性股票激励计划第二类限制性股票归属",
      "是否在股东或关联单位领取报酬津贴": "否",
      "在任与否": "否"
    }
  ]
}

=== 300865-2026-04-18-大宏立-2025年年度报告.pdf ===
{
  "Leader_Salary_data": {
    "实际所得报酬总额起始": "4845800",
    "实际所得报酬总额截止": "4845800",
    "实际所得报酬总额涉及人数": ""
  },
  "Leader_Hold_data": [
    {
      "领导人姓名": "甘德宏",
      "职位描述": "董事长、总经理",
      "期初持股数": "34441338",
      "期末持股数": "30176938",
      "间接持股数": "",
      "从公司获得年度报酬总额": "480000",
      "补贴津贴": "",
      "变动原因说明": "个人原因",
      "是否在股东或关联单位领取报酬津贴": "否",
      "在任与否": "是"
    },
    {
      "领导人姓名": "LI ZEQUAN",
      "职位描述": "董事、董事会秘书、财务总监",
      "期初持股数": "0",
      "期末持股数": "0",
      "间接持股数": "",
      "从公司获得年度报酬总额": "440200",
      "补贴津贴": "",
      "变动原因说明": "",
      "是否在股东或关联单位领取报酬津贴": "否",
      "在任与否": "是"
    },
    {
      "领导人姓名": "甘德君",
      "职位描述": "董事、副总经理",
      "期初持股数": "1092987",
      "期末持股数": "819840",
      "间接持股数": "",
      "从公司获得年度报酬总额": "451900",
      "补贴津贴": "",
      "变动原因说明": "个人原因",
      "是否在股东或关联单位领取报酬津贴": "否",
      "在任与否": "是"
    },
    {
      "领导人姓名": "张文秀",
      "职位描述": "董事",
      "期初持股数": "15395923",
      "期末持股数": "13721523",
      "间接持股数": "",
      "从公司获得年度报酬总额": "290000",
      "补贴津贴": "",
      "变动原因说明": "个人原因",
      "是否在股东或关联单位领取报酬津贴": "否",
      "在任与否": "是"
    },
    {
      "领导人姓名": "姜燕",
      "职位描述": "职工代表董事",
      "期初持股数": "0",
      "期末持股数": "0",
      "间接持股数": "",
      "从公司获得年度报酬总额": "252600",
      "补贴津贴": "",
      "变动原因说明": "",
      "是否在股东或关联单位领取报酬津贴": "否",
      "在任与否": "是"
    },
    {
      "领导人姓名": "王振伟",
      "职位描述": "独立董事",
      "期初持股数": "0",
      "期末持股数": "0",
      "间接持股数": "",
      "从公司获得年度报酬总额": "23800",
      "补贴津贴": "23800",
      "变动原因说明": "",
      "是否在股东或关联单位领取报酬津贴": "否",
      "在任与否": "否"
    },
    {
      "领导人姓名": "何熙琼",
      "职位描述": "独立董事",
      "期初持股数": "0",
      "期末持股数": "0",
      "间接持股数": "",
      "从公司获得年度报酬总额": "23800",
      "补贴津贴": "23800",
      "变动原因说明": "",
      "是否在股东或关联单位领取报酬津贴": "否",
      "在任与否": "否"
    },
    {
      "领导人姓名": "李西臣",
      "职位描述": "独立董事",
      "期初持股数": "0",
      "期末持股数": "0",
      "间接持股数": "",
      "从公司获得年度报酬总额": "47600",
      "补贴津贴": "47600",
      "变动原因说明": "",
      "是否在股东或关联单位领取报酬津贴": "否",
      "在任与否": "是"
    },
    {
      "领导人姓名": "徐正松",
      "职位描述": "独立董事",
      "期初持股数": "0",
      "期末持股数": "0",
      "间接持股数": "",
      "从公司获得年度报酬总额": "23800",
      "补贴津贴": "23800",
      "变动原因说明": "",
      "是否在股东或关联单位领取报酬津贴": "否",
      "在任与否": "是"
    },
    {
      "领导人姓名": "杨中民",
      "职位描述": "副总经理",
      "期初持股数": "615287",
      "期末持股数": "547787",
      "间接持股数": "",
      "从公司获得年度报酬总额": "382100",
      "补贴津贴": "",
      "变动原因说明": "个人原因",
      "是否在股东或关联单位领取报酬津贴": "否",
      "在任与否": "否"
    },
    {
      "领导人姓名": "先敬",
      "职位描述": "副总经理",
      "期初持股数": "0",
      "期末持股数": "0",
      "间接持股数": "",
      "从公司获得年度报酬总额": "349500",
      "补贴津贴": "",
      "变动原因说明": "",
      "是否在股东或关联单位领取报酬津贴": "否",
      "在任与否": "否"
    },
    {
      "领导人姓名": "甘德忠",
      "职位描述": "副总经理",
      "期初持股数": "0",
      "期末持股数": "0",
      "间接持股数": "",
      "从公司获得年度报酬总额": "497900",
      "补贴津贴": "",
      "变动原因说明": "",
      "是否在股东或关联单位领取报酬津贴": "否",
      "在任与否": "否"
    },
    {
      "领导人姓名": "李恩明",
      "职位描述": "副总经理",
      "期初持股数": "0",
      "期末持股数": "0",
      "间接持股数": "",
      "从公司获得年度报酬总额": "174900",
      "补贴津贴": "",
      "变动原因说明": "",
      "是否在股东或关联单位领取报酬津贴": "否",
      "在任与否": "否"
    },
    {
      "领导人姓名": "陈莉",
      "职位描述": "副总经理",
      "期初持股数": "0",
      "期末持股数": "0",
      "间接持股数": "",
      "从公司获得年度报酬总额": "261900",
      "补贴津贴": "",
      "变动原因说明": "",
      "是否在股东或关联单位领取报酬津贴": "否",
      "在任与否": "否"
    },
    {
      "领导人姓名": "甘泽清",
      "职位描述": "副总经理",
      "期初持股数": "0",
      "期末持股数": "0",
      "间接持股数": "",
      "从公司获得年度报酬总额": "402600",
      "补贴津贴": "",
      "变动原因说明": "",
      "是否在股东或关联单位领取报酬津贴": "否",
      "在任与否": "是"
    },
    {
      "领导人姓名": "周杰",
      "职位描述": "副总经理",
      "期初持股数": "0",
      "期末持股数": "0",
      "间接持股数": "",
      "从公司获得年度报酬总额": "412100",
      "补贴津贴": "",
      "变动原因说明": "",
      "是否在股东或关联单位领取报酬津贴": "否",
      "在任与否": "是"
    },
    {
      "领导人姓名": "李海林",
      "职位描述": "副总经理",
      "期初持股数": "0",
      "期末持股数": "0",
      "间接持股数": "",
      "从公司获得年度报酬总额": "331100",
      "补贴津贴": "",
      "变动原因说明": "",
      "是否在股东或关联单位领取报酬津贴": "否",
      "在任与否": "是"
    }
  ]
}

=== 600033-2026-04-18-福建高速-2025年年度报告.pdf ===
{
  "Leader_Salary_data": {
    "实际所得报酬总额起始": "2299400",
    "实际所得报酬总额截止": "2299400",
    "实际所得报酬总额涉及人数": ""
  },
  "Leader_Hold_data": [
    {
      "领导人姓名": "方晓东",
      "职位描述": "党委书记、董事长",
      "期初持股数": "0",
      "期末持股数": "0",
      "间接持股数": "",
      "从公司获得年度报酬总额": "408800",
      "补贴津贴": "",
      "变动原因说明": "",
      "是否在股东或关联单位领取报酬津贴": "否",
      "在任与否": "是"
    },
    {
      "领导人姓名": "李晟",
      "职位描述": "副董事长",
      "期初持股数": "0",
      "期末持股数": "0",
      "间接持股数": "",
      "从公司获得年度报酬总额": "9600",
      "补贴津贴": "9600",
      "变动原因说明": "",
      "是否在股东或关联单位领取报酬津贴": "是",
      "在任与否": "是"
    },
    {
      "领导人姓名": "杨建国",
      "职位描述": "董事",
      "期初持股数": "0",
      "期末持股数": "0",
      "间接持股数": "",
      "从公司获得年度报酬总额": "8400",
      "补贴津贴": "8400",
      "变动原因说明": "",
      "是否在股东或关联单位领取报酬津贴": "是",
      "在任与否": "是"
    },
    {
      "领导人姓名": "徐梦",
      "职位描述": "董事",
      "期初持股数": "0",
      "期末持股数": "0",
      "间接持股数": "",
      "从公司获得年度报酬总额": "0",
      "补贴津贴": "",
      "变动原因说明": "",
      "是否在股东或关联单位领取报酬津贴": "是",
      "在任与否": "是"
    },
    {
      "领导人姓名": "张善金",
      "职位描述": "董事",
      "期初持股数": "0",
      "期末持股数": "0",
      "间接持股数": "",
      "从公司获得年度报酬总额": "0",
      "补贴津贴": "",
      "变动原因说明": "",
      "是否在股东或关联单位领取报酬津贴": "是",
      "在任与否": "是"
    },
    {
      "领导人姓名": "陈裕平",
      "职位描述": "董事",
      "期初持股数": "0",
      "期末持股数": "0",
      "间接持股数": "",
      "从公司获得年度报酬总额": "0",
      "补贴津贴": "",
      "变动原因说明": "",
      "是否在股东或关联单位领取报酬津贴": "是",
      "在任与否": "是"
    },
    {
      "领导人姓名": "钟永元",
      "职位描述": "董事、总经理",
      "期初持股数": "0",
      "期末持股数": "0",
      "间接持股数": "",
      "从公司获得年度报酬总额": "410100",
      "补贴津贴": "",
      "变动原因说明": "",
      "是否在股东或关联单位领取报酬津贴": "否",
      "在任与否": "是"
    },
    {
      "领导人姓名": "李芸",
      "职位描述": "独立董事",
      "期初持股数": "0",
      "期末持股数": "0",
      "间接持股数": "",
      "从公司获得年度报酬总额": "72000",
      "补贴津贴": "72000",
      "变动原因说明": "",
      "是否在股东或关联单位领取报酬津贴": "否",
      "在任与否": "是"
    },
    {
      "领导人姓名": "许明",
      "职位描述": "独立董事",
      "期初持股数": "0",
      "期末持股数": "0",
      "间接持股数": "",
      "从公司获得年度报酬总额": "72000",
      "补贴津贴": "72000",
      "变动原因说明": "",
      "是否在股东或关联单位领取报酬津贴": "否",
      "在任与否": "是"
    },
    {
      "领导人姓名": "刘宁",
      "职位描述": "独立董事",
      "期初持股数": "0",
      "期末持股数": "0",
      "间接持股数": "",
      "从公司获得年度报酬总额": "72000",
      "补贴津贴": "72000",
      "变动原因说明": "",
      "是否在股东或关联单位领取报酬津贴": "否",
      "在任与否": "是"
    },
    {
      "领导人姓名": "陈建华",
      "职位描述": "独立董事",
      "期初持股数": "0",
      "期末持股数": "0",
      "间接持股数": "",
      "从公司获得年度报酬总额": "72000",
      "补贴津贴": "72000",
      "变动原因说明": "",
      "是否在股东或关联单位领取报酬津贴": "否",
      "在任与否": "是"
    },
    {
      "领导人姓名": "郑建雄",
      "职位描述": "党委委员、总法律顾问、副总经理",
      "期初持股数": "0",
      "期末持股数": "0",
      "间接持股数": "",
      "从公司获得年度报酬总额": "331300",
      "补贴津贴": "",
      "变动原因说明": "",
      "是否在股东或关联单位领取报酬津贴": "否",
      "在任与否": "是"
    },
    {
      "领导人姓名": "杨帆",
      "职位描述": "党委委员、董事会秘书、副总经理",
      "期初持股数": "0",
      "期末持股数": "0",
      "间接持股数": "",
      "从公司获得年度报酬总额": "347300",
      "补贴津贴": "",
      "变动原因说明": "",
      "是否在股东或关联单位领取报酬津贴": "否",
      "在任与否": "是"
    },
    {
      "领导人姓名": "邱路阳",
      "职位描述": "党委委员、副总经理",
      "期初持股数": "0",
      "期末持股数": "0",
      "间接持股数": "",
      "从公司获得年度报酬总额": "341500",
      "补贴津贴": "",
      "变动原因说明": "",
      "是否在股东或关联单位领取报酬津贴": "否",
      "在任与否": "是"
    },
    {
      "领导人姓名": "王彦",
      "职位描述": "党委委员、财务总监、财务负责人",
      "期初持股数": "0",
      "期末持股数": "0",
      "间接持股数": "",
      "从公司获得年度报酬总额": "154400",
      "补贴津贴": "",
      "变动原因说明": "",
      "是否在股东或关联单位领取报酬津贴": "否",
      "在任与否": "是"
    }
  ]
}

=== 600054-2026-04-18-黄山旅游-2025年年度报告.pdf ===
{
  "Leader_Salary_data": {
    "实际所得报酬总额起始": "4807200",
    "实际所得报酬总额截止": "4807200",
    "实际所得报酬总额涉及人数": ""
  },
  "Leader_Hold_data": [
    {
      "领导人姓名": "章德辉",
      "职位描述": "董事、董事长",
      "期初持股数": "",
      "期末持股数": "",
      "间接持股数": "",
      "从公司获得年度报酬总额": "558700",
      "补贴津贴": "",
      "变动原因说明": "",
      "是否在股东或关联单位领取报酬津贴": "否",
      "在任与否": "是"
    },
    {
      "领导人姓名": "秦国元",
      "职位描述": "董事",
      "期初持股数": "",
      "期末持股数": "",
      "间接持股数": "",
      "从公司获得年度报酬总额": "",
      "补贴津贴": "",
      "变动原因说明": "",
      "是否在股东或关联单位领取报酬津贴": "是",
      "在任与否": "是"
    },
    {
      "领导人姓名": "孙峻",
      "职位描述": "董事、总裁",
      "期初持股数": "",
      "期末持股数": "",
      "间接持股数": "",
      "从公司获得年度报酬总额": "558500",
      "补贴津贴": "",
      "变动原因说明": "",
      "是否在股东或关联单位领取报酬津贴": "否",
      "在任与否": "是"
    },
    {
      "领导人姓名": "胡彩宝",
      "职位描述": "董事",
      "期初持股数": "",
      "期末持股数": "",
      "间接持股数": "",
      "从公司获得年度报酬总额": "",
      "补贴津贴": "",
      "变动原因说明": "",
      "是否在股东或关联单位领取报酬津贴": "是",
      "在任与否": "是"
    },
    {
      "领导人姓名": "汤石男",
      "职位描述": "董事、高级副总裁",
      "期初持股数": "",
      "期末持股数": "",
      "间接持股数": "",
      "从公司获得年度报酬总额": "501900",
      "补贴津贴": "",
      "变动原因说明": "",
      "是否在股东或关联单位领取报酬津贴": "否",
      "在任与否": "是"
    },
    {
      "领导人姓名": "丁维",
      "职位描述": "董事、高级副总裁、董事会秘书",
      "期初持股数": "",
      "期末持股数": "",
      "间接持股数": "",
      "从公司获得年度报酬总额": "501900",
      "补贴津贴": "",
      "变动原因说明": "",
      "是否在股东或关联单位领取报酬津贴": "否",
      "在任与否": "是"
    },
    {
      "领导人姓名": "章锦河",
      "职位描述": "独立董事",
      "期初持股数": "",
      "期末持股数": "",
      "间接持股数": "",
      "从公司获得年度报酬总额": "100000",
      "补贴津贴": "",
      "变动原因说明": "",
      "是否在股东或关联单位领取报酬津贴": "否",
      "在任与否": "是"
    },
    {
      "领导人姓名": "姚国荣",
      "职位描述": "独立董事",
      "期初持股数": "",
      "期末持股数": "",
      "间接持股数": "",
      "从公司获得年度报酬总额": "100000",
      "补贴津贴": "",
      "变动原因说明": "",
      "是否在股东或关联单位领取报酬津贴": "否",
      "在任与否": "是"
    },
    {
      "领导人姓名": "吴忠生",
      "职位描述": "独立董事",
      "期初持股数": "",
      "期末持股数": "",
      "间接持股数": "",
      "从公司获得年度报酬总额": "100000",
      "补贴津贴": "",
      "变动原因说明": "",
      "是否在股东或关联单位领取报酬津贴": "否",
      "在任与否": "是"
    },
    {
      "领导人姓名": "刘照慧",
      "职位描述": "独立董事",
      "期初持股数": "",
      "期末持股数": "",
      "间接持股数": "",
      "从公司获得年度报酬总额": "4200",
      "补贴津贴": "",
      "变动原因说明": "",
      "是否在股东或关联单位领取报酬津贴": "否",
      "在任与否": "是"
    },
    {
      "领导人姓名": "刘敏",
      "职位描述": "职工代表董事",
      "期初持股数": "",
      "期末持股数": "",
      "间接持股数": "",
      "从公司获得年度报酬总额": "12300",
      "补贴津贴": "",
      "变动原因说明": "",
      "是否在股东或关联单位领取报酬津贴": "否",
      "在任与否": "是"
    },
    {
      "领导人姓名": "迟武",
      "职位描述": "高级副总裁",
      "期初持股数": "",
      "期末持股数": "",
      "间接持股数": "",
      "从公司获得年度报酬总额": "538400",
      "补贴津贴": "",
      "变动原因说明": "",
      "是否在股东或关联单位领取报酬津贴": "否",
      "在任与否": "是"
    },
    {
      "领导人姓名": "卫超",
      "职位描述": "副总裁",
      "期初持股数": "",
      "期末持股数": "",
      "间接持股数": "",
      "从公司获得年度报酬总额": "488800",
      "补贴津贴": "",
      "变动原因说明": "",
      "是否在股东或关联单位领取报酬津贴": "否",
      "在任与否": "是"
    },
    {
      "领导人姓名": "丁丽萍",
      "职位描述": "总工程师",
      "期初持股数": "",
      "期末持股数": "",
      "间接持股数": "",
      "从公司获得年度报酬总额": "335700",
      "补贴津贴": "",
      "变动原因说明": "",
      "是否在股东或关联单位领取报酬津贴": "否",
      "在任与否": "是"
    },
    {
      "领导人姓名": "石月红",
      "职位描述": "副总裁",
      "期初持股数": "",
      "期末持股数": "",
      "间接持股数": "",
      "从公司获得年度报酬总额": "335700",
      "补贴津贴": "",
      "变动原因说明": "",
      "是否在股东或关联单位领取报酬津贴": "否",
      "在任与否": "是"
    },
    {
      "领导人姓名": "许飞",
      "职位描述": "副总裁",
      "期初持股数": "",
      "期末持股数": "",
      "间接持股数": "",
      "从公司获得年度报酬总额": "335700",
      "补贴津贴": "",
      "变动原因说明": "",
      "是否在股东或关联单位领取报酬津贴": "否",
      "在任与否": "是"
    },
    {
      "领导人姓名": "王雁",
      "职位描述": "总会计师",
      "期初持股数": "",
      "期末持股数": "",
      "间接持股数": "",
      "从公司获得年度报酬总额": "335700",
      "补贴津贴": "",
      "变动原因说明": "",
      "是否在股东或关联单位领取报酬津贴": "否",
      "在任与否": "是"
    }
  ]
}

=== 600048-2026-04-18-保利发展-保利发展控股集团股份有限公司2025年年度报告.pdf ===
{
  "Leader_Salary_data": {
    "实际所得报酬总额起始": "23010000",
    "实际所得报酬总额截止": "23010000",
    "实际所得报酬总额涉及人数": ""
  },
  "Leader_Hold_data": [
    {
      "领导人姓名": "刘平",
      "职位描述": "董事长",
      "期初持股数": "7723184",
      "期末持股数": "7723184",
      "间接持股数": "",
      "从公司获得年度报酬总额": "2610000",
      "补贴津贴": "",
      "变动原因说明": "",
      "是否在股东或关联单位领取报酬津贴": "否",
      "在任与否": "是"
    },
    {
      "领导人姓名": "陈关中",
      "职位描述": "董事",
      "期初持股数": "0",
      "期末持股数": "0",
      "间接持股数": "",
      "从公司获得年度报酬总额": "",
      "补贴津贴": "",
      "变动原因说明": "",
      "是否在股东或关联单位领取报酬津贴": "是",
      "在任与否": "是"
    },
    {
      "领导人姓名": "潘志华",
      "职位描述": "董事、总经理",
      "期初持股数": "302622",
      "期末持股数": "302622",
      "间接持股数": "",
      "从公司获得年度报酬总额": "2570000",
      "补贴津贴": "",
      "变动原因说明": "",
      "是否在股东或关联单位领取报酬津贴": "否",
      "在任与否": "是"
    },
    {
      "领导人姓名": "彭祎",
      "职位描述": "董事",
      "期初持股数": "",
      "期末持股数": "",
      "间接持股数": "",
      "从公司获得年度报酬总额": "",
      "补贴津贴": "",
      "变动原因说明": "",
      "是否在股东或关联单位领取报酬津贴": "是",
      "在任与否": "是"
    },
    {
      "领导人姓名": "童云翔",
      "职位描述": "董事",
      "期初持股数": "",
      "期末持股数": "",
      "间接持股数": "",
      "从公司获得年度报酬总额": "",
      "补贴津贴": "",
      "变动原因说明": "",
      "是否在股东或关联单位领取报酬津贴": "是",
      "在任与否": "是"
    },
    {
      "领导人姓名": "张方斌",
      "职位描述": "董事",
      "期初持股数": "0",
      "期末持股数": "0",
      "间接持股数": "",
      "从公司获得年度报酬总额": "2240000",
      "补贴津贴": "",
      "变动原因说明": "",
      "是否在股东或关联单位领取报酬津贴": "否",
      "在任与否": "是"
    },
    {
      "领导人姓名": "章靖忠",
      "职位描述": "独立董事",
      "期初持股数": "0",
      "期末持股数": "0",
      "间接持股数": "",
      "从公司获得年度报酬总额": "400000",
      "补贴津贴": "400000",
      "变动原因说明": "",
      "是否在股东或关联单位领取报酬津贴": "否",
      "在任与否": "是"
    },
    {
      "领导人姓名": "张峥",
      "职位描述": "独立董事",
      "期初持股数": "0",
      "期末持股数": "0",
      "间接持股数": "",
      "从公司获得年度报酬总额": "400000",
      "补贴津贴": "400000",
      "变动原因说明": "",
      "是否在股东或关联单位领取报酬津贴": "否",
      "在任与否": "是"
    },
    {
      "领导人姓名": "张俊生",
      "职位描述": "独立董事",
      "期初持股数": "0",
      "期末持股数": "0",
      "间接持股数": "",
      "从公司获得年度报酬总额": "400000",
      "补贴津贴": "400000",
      "变动原因说明": "",
      "是否在股东或关联单位领取报酬津贴": "否",
      "在任与否": "是"
    },
    {
      "领导人姓名": "王一夫",
      "职位描述": "财务总监",
      "期初持股数": "0",
      "期末持股数": "0",
      "间接持股数": "",
      "从公司获得年度报酬总额": "2470000",
      "补贴津贴": "",
      "变动原因说明": "",
      "是否在股东或关联单位领取报酬津贴": "否",
      "在任与否": "是"
    },
    {
      "领导人姓名": "黄海",
      "职位描述": "董事会秘书",
      "期初持股数": "1115697",
      "期末持股数": "1115697",
      "间接持股数": "",
      "从公司获得年度报酬总额": "2400000",
      "补贴津贴": "",
      "变动原因说明": "",
      "是否在股东或关联单位领取报酬津贴": "否",
      "在任与否": "是"
    },
    {
      "领导人姓名": "张艳华",
      "职位描述": "副总经理",
      "期初持股数": "32500",
      "期末持股数": "32500",
      "间接持股数": "",
      "从公司获得年度报酬总额": "2360000",
      "补贴津贴": "",
      "变动原因说明": "",
      "是否在股东或关联单位领取报酬津贴": "否",
      "在任与否": "是"
    },
    {
      "领导人姓名": "唐翔",
      "职位描述": "副总经理",
      "期初持股数": "80000",
      "期末持股数": "80000",
      "间接持股数": "",
      "从公司获得年度报酬总额": "2420000",
      "补贴津贴": "",
      "变动原因说明": "",
      "是否在股东或关联单位领取报酬津贴": "否",
      "在任与否": "是"
    },
    {
      "领导人姓名": "陈刚",
      "职位描述": "副总经理",
      "期初持股数": "0",
      "期末持股数": "0",
      "间接持股数": "",
      "从公司获得年度报酬总额": "2420000",
      "补贴津贴": "",
      "变动原因说明": "",
      "是否在股东或关联单位领取报酬津贴": "否",
      "在任与否": "是"
    },
    {
      "领导人姓名": "吴兰玉",
      "职位描述": "副总经理",
      "期初持股数": "0",
      "期末持股数": "0",
      "间接持股数": "",
      "从公司获得年度报酬总额": "2320000",
      "补贴津贴": "",
      "变动原因说明": "",
      "是否在股东或关联单位领取报酬津贴": "否",
      "在任与否": "是"
    },
    {
      "领导人姓名": "於骁冬",
      "职位描述": "离任董事",
      "期初持股数": "",
      "期末持股数": "",
      "间接持股数": "",
      "从公司获得年度报酬总额": "",
      "补贴津贴": "",
      "变动原因说明": "",
      "是否在股东或关联单位领取报酬津贴": "是",
      "在任与否": "否"
    },
    {
      "领导人姓名": "陈育文",
      "职位描述": "离任董事",
      "期初持股数": "",
      "期末持股数": "",
      "间接持股数": "",
      "从公司获得年度报酬总额": "",
      "补贴津贴": "",
      "变动原因说明": "",
      "是否在股东或关联单位领取报酬津贴": "是",
      "在任与否": "否"
    }
  ]
}

=== 600010-2026-04-18-包钢股份-包钢股份2025年年度报告.pdf ===
{
  "Leader_Salary_data": {
    "实际所得报酬总额起始": "5908800",
    "实际所得报酬总额截止": "5908800",
    "实际所得报酬总额涉及人数": ""
  },
  "Leader_Hold_data": [
    {
      "领导人姓名": "张昭",
      "职位描述": "董事长",
      "期初持股数": "",
      "期末持股数": "",
      "间接持股数": "",
      "从公司获得年度报酬总额": "",
      "补贴津贴": "",
      "变动原因说明": "",
      "是否在股东或关联单位领取报酬津贴": "是",
      "在任与否": "是"
    },
    {
      "领导人姓名": "梁志刚",
      "职位描述": "董事、总经理",
      "期初持股数": "",
      "期末持股数": "",
      "间接持股数": "",
      "从公司获得年度报酬总额": "661600",
      "补贴津贴": "",
      "变动原因说明": "",
      "是否在股东或关联单位领取报酬津贴": "否",
      "在任与否": "是"
    },
    {
      "领导人姓名": "王占成",
      "职位描述": "董事",
      "期初持股数": "",
      "期末持股数": "",
      "间接持股数": "",
      "从公司获得年度报酬总额": "",
      "补贴津贴": "",
      "变动原因说明": "",
      "是否在股东或关联单位领取报酬津贴": "是",
      "在任与否": "是"
    },
    {
      "领导人姓名": "余英武",
      "职位描述": "董事",
      "期初持股数": "",
      "期末持股数": "",
      "间接持股数": "",
      "从公司获得年度报酬总额": "",
      "补贴津贴": "",
      "变动原因说明": "",
      "是否在股东或关联单位领取报酬津贴": "是",
      "在任与否": "是"
    },
    {
      "领导人姓名": "王伟平",
      "职位描述": "董事",
      "期初持股数": "",
      "期末持股数": "",
      "间接持股数": "",
      "从公司获得年度报酬总额": "628100",
      "补贴津贴": "",
      "变动原因说明": "",
      "是否在股东或关联单位领取报酬津贴": "否",
      "在任与否": "是"
    },
    {
      "领导人姓名": "郭文亮",
      "职位描述": "董事、董事会秘书、首席合规官",
      "期初持股数": "",
      "期末持股数": "",
      "间接持股数": "",
      "从公司获得年度报酬总额": "582800",
      "补贴津贴": "",
      "变动原因说明": "",
      "是否在股东或关联单位领取报酬津贴": "否",
      "在任与否": "是"
    },
    {
      "领导人姓名": "刘宓",
      "职位描述": "董事、财务总监",
      "期初持股数": "",
      "期末持股数": "",
      "间接持股数": "",
      "从公司获得年度报酬总额": "658100",
      "补贴津贴": "",
      "变动原因说明": "",
      "是否在股东或关联单位领取报酬津贴": "否",
      "在任与否": "是"
    },
    {
      "领导人姓名": "薛飞",
      "职位描述": "职工董事",
      "期初持股数": "",
      "期末持股数": "",
      "间接持股数": "",
      "从公司获得年度报酬总额": "",
      "补贴津贴": "",
      "变动原因说明": "",
      "是否在股东或关联单位领取报酬津贴": "否",
      "在任与否": "是"
    },
    {
      "领导人姓名": "魏喆妍",
      "职位描述": "独立董事",
      "期初持股数": "",
      "期末持股数": "",
      "间接持股数": "",
      "从公司获得年度报酬总额": "100000",
      "补贴津贴": "",
      "变动原因说明": "",
      "是否在股东或关联单位领取报酬津贴": "否",
      "在任与否": "是"
    },
    {
      "领导人姓名": "肖军",
      "职位描述": "独立董事",
      "期初持股数": "",
      "期末持股数": "",
      "间接持股数": "",
      "从公司获得年度报酬总额": "100000",
      "补贴津贴": "",
      "变动原因说明": "",
      "是否在股东或关联单位领取报酬津贴": "否",
      "在任与否": "是"
    },
    {
      "领导人姓名": "文守逊",
      "职位描述": "独立董事",
      "期初持股数": "",
      "期末持股数": "",
      "间接持股数": "",
      "从公司获得年度报酬总额": "100000",
      "补贴津贴": "",
      "变动原因说明": "",
      "是否在股东或关联单位领取报酬津贴": "否",
      "在任与否": "是"
    },
    {
      "领导人姓名": "付明月",
      "职位描述": "独立董事",
      "期初持股数": "",
      "期末持股数": "",
      "间接持股数": "",
      "从公司获得年度报酬总额": "100000",
      "补贴津贴": "",
      "变动原因说明": "",
      "是否在股东或关联单位领取报酬津贴": "否",
      "在任与否": "是"
    },
    {
      "领导人姓名": "倪鑫",
      "职位描述": "副总经理、总工程师",
      "期初持股数": "",
      "期末持股数": "",
      "间接持股数": "",
      "从公司获得年度报酬总额": "575400",
      "补贴津贴": "",
      "变动原因说明": "",
      "是否在股东或关联单位领取报酬津贴": "否",
      "在任与否": "是"
    },
    {
      "领导人姓名": "郭伟",
      "职位描述": "副总经理",
      "期初持股数": "",
      "期末持股数": "",
      "间接持股数": "",
      "从公司获得年度报酬总额": "615100",
      "补贴津贴": "",
      "变动原因说明": "",
      "是否在股东或关联单位领取报酬津贴": "否",
      "在任与否": "是"
    },
    {
      "领导人姓名": "黄雅彬",
      "职位描述": "副总经理",
      "期初持股数": "",
      "期末持股数": "",
      "间接持股数": "",
      "从公司获得年度报酬总额": "626100",
      "补贴津贴": "",
      "变动原因说明": "",
      "是否在股东或关联单位领取报酬津贴": "否",
      "在任与否": "是"
    },
    {
      "领导人姓名": "周远平",
      "职位描述": "监事",
      "期初持股数": "40",
      "期末持股数": "40",
      "间接持股数": "",
      "从公司获得年度报酬总额": "",
      "补贴津贴": "",
      "变动原因说明": "",
      "是否在股东或关联单位领取报酬津贴": "否",
      "在任与否": "否"
    },
    {
      "领导人姓名": "孙浩",
      "职位描述": "独立董事",
      "期初持股数": "",
      "期末持股数": "",
      "间接持股数": "",
      "从公司获得年度报酬总额": "50000",
      "补贴津贴": "",
      "变动原因说明": "",
      "是否在股东或关联单位领取报酬津贴": "否",
      "在任与否": "否"
    },
    {
      "领导人姓名": "韩培信",
      "职位描述": "董事",
      "期初持股数": "",
      "期末持股数": "",
      "间接持股数": "",
      "从公司获得年度报酬总额": "",
      "补贴津贴": "",
      "变动原因说明": "",
      "是否在股东或关联单位领取报酬津贴": "是",
      "在任与否": "否"
    },
    {
      "领导人姓名": "胡明哲",
      "职位描述": "监事会主席",
      "期初持股数": "",
      "期末持股数": "",
      "间接持股数": "",
      "从公司获得年度报酬总额": "",
      "补贴津贴": "",
      "变动原因说明": "",
      "是否在股东或关联单位领取报酬津贴": "是",
      "在任与否": "否"
    },
    {
      "领导人姓名": "陈桂荣",
      "职位描述": "职工监事",
      "期初持股数": "62300",
      "期末持股数": "62300",
      "间接持股数": "",
      "从公司获得年度报酬总额": "655200",
      "补贴津贴": "",
      "变动原因说明": "",
      "是否在股东或关联单位领取报酬津贴": "否",
      "在任与否": "否"
    },
    {
      "领导人姓名": "邢立凯",
      "职位描述": "职工监事",
      "期初持股数": "12200",
      "期末持股数": "12200",
      "间接持股数": "",
      "从公司获得年度报酬总额": "456400",
      "补贴津贴": "",
      "变动原因说明": "",
      "是否在股东或关联单位领取报酬津贴": "否",
      "在任与否": "否"
    }
  ]
}

=== 600149-2026-04-18-廊坊发展-廊坊发展股份有限公司2025年年度报告全文.pdf ===
{
  "Leader_Salary_data": {
    "实际所得报酬总额起始": "2058300",
    "实际所得报酬总额截止": "2058300",
    "实际所得报酬总额涉及人数": ""
  },
  "Leader_Hold_data": [
    {
      "领导人姓名": "曹玫",
      "职位描述": "董事长、职工董事、总经理",
      "期初持股数": "0",
      "期末持股数": "0",
      "间接持股数": "",
      "从公司获得年度报酬总额": "946800",
      "补贴津贴": "",
      "变动原因说明": "",
      "是否在股东或关联单位领取报酬津贴": "否",
      "在任与否": "是"
    },
    {
      "领导人姓名": "张春岭",
      "职位描述": "职工董事、副总经理、董事会秘书",
      "期初持股数": "0",
      "期末持股数": "0",
      "间接持股数": "",
      "从公司获得年度报酬总额": "411400",
      "补贴津贴": "",
      "变动原因说明": "",
      "是否在股东或关联单位领取报酬津贴": "否",
      "在任与否": "是"
    },
    {
      "领导人姓名": "张斌",
      "职位描述": "董事",
      "期初持股数": "0",
      "期末持股数": "0",
      "间接持股数": "",
      "从公司获得年度报酬总额": "",
      "补贴津贴": "",
      "变动原因说明": "",
      "是否在股东或关联单位领取报酬津贴": "是",
      "在任与否": "是"
    },
    {
      "领导人姓名": "张东辉",
      "职位描述": "董事",
      "期初持股数": "0",
      "期末持股数": "0",
      "间接持股数": "",
      "从公司获得年度报酬总额": "",
      "补贴津贴": "",
      "变动原因说明": "",
      "是否在股东或关联单位领取报酬津贴": "是",
      "在任与否": "是"
    },
    {
      "领导人姓名": "孙海侠",
      "职位描述": "独立董事",
      "期初持股数": "0",
      "期末持股数": "0",
      "间接持股数": "",
      "从公司获得年度报酬总额": "95200",
      "补贴津贴": "",
      "变动原因说明": "",
      "是否在股东或关联单位领取报酬津贴": "否",
      "在任与否": "是"
    },
    {
      "领导人姓名": "赵玉梅",
      "职位描述": "独立董事",
      "期初持股数": "0",
      "期末持股数": "0",
      "间接持股数": "",
      "从公司获得年度报酬总额": "95200",
      "补贴津贴": "",
      "变动原因说明": "",
      "是否在股东或关联单位领取报酬津贴": "否",
      "在任与否": "是"
    },
    {
      "领导人姓名": "王倩",
      "职位描述": "独立董事",
      "期初持股数": "0",
      "期末持股数": "0",
      "间接持股数": "",
      "从公司获得年度报酬总额": "32900",
      "补贴津贴": "",
      "变动原因说明": "",
      "是否在股东或关联单位领取报酬津贴": "否",
      "在任与否": "是"
    },
    {
      "领导人姓名": "许艳宁",
      "职位描述": "财务总监",
      "期初持股数": "0",
      "期末持股数": "0",
      "间接持股数": "",
      "从公司获得年度报酬总额": "292000",
      "补贴津贴": "",
      "变动原因说明": "",
      "是否在股东或关联单位领取报酬津贴": "否",
      "在任与否": "是"
    },
    {
      "领导人姓名": "冯国馨",
      "职位描述": "独立董事",
      "期初持股数": "0",
      "期末持股数": "0",
      "间接持股数": "",
      "从公司获得年度报酬总额": "62600",
      "补贴津贴": "",
      "变动原因说明": "",
      "是否在股东或关联单位领取报酬津贴": "否",
      "在任与否": "否"
    },
    {
      "领导人姓名": "李君彦",
      "职位描述": "董事",
      "期初持股数": "0",
      "期末持股数": "0",
      "间接持股数": "",
      "从公司获得年度报酬总额": "",
      "补贴津贴": "",
      "变动原因说明": "",
      "是否在股东或关联单位领取报酬津贴": "是",
      "在任与否": "否"
    },
    {
      "领导人姓名": "刘畅",
      "职位描述": "董事",
      "期初持股数": "0",
      "期末持股数": "0",
      "间接持股数": "",
      "从公司获得年度报酬总额": "122200",
      "补贴津贴": "",
      "变动原因说明": "",
      "是否在股东或关联单位领取报酬津贴": "否",
      "在任与否": "否"
    }
  ]
}

=== 600120-2026-04-18-浙江东方-浙江东方控股集团股份有限公司2025年年度报告.pdf ===
{
  "Leader_Salary_data": {
    "实际所得报酬总额起始": "",
    "实际所得报酬总额截止": "",
    "实际所得报酬总额涉及人数": ""
  },
  "Leader_Hold_data": [
    {
      "领导人姓名": "王正甲",
      "职位描述": "董事长、董事、总经理",
      "期初持股数": "",
      "期末持股数": "",
      "间接持股数": "",
      "从公司获得年度报酬总额": 1767200,
      "补贴津贴": "",
      "变动原因说明": "",
      "是否在股东或关联单位领取报酬津贴": "否",
      "在任与否": "是"
    },
    {
      "领导人姓名": "杨永军",
      "职位描述": "董事",
      "期初持股数": "",
      "期末持股数": "",
      "间接持股数": "",
      "从公司获得年度报酬总额": 1212300,
      "补贴津贴": "",
      "变动原因说明": "",
      "是否在股东或关联单位领取报酬津贴": "否",
      "在任与否": "是"
    },
    {
      "领导人姓名": "沈旗",
      "职位描述": "董事",
      "期初持股数": "",
      "期末持股数": "",
      "间接持股数": "",
      "从公司获得年度报酬总额": 0,
      "补贴津贴": "",
      "变动原因说明": "",
      "是否在股东或关联单位领取报酬津贴": "是",
      "在任与否": "是"
    },
    {
      "领导人姓名": "夏胜平",
      "职位描述": "董事",
      "期初持股数": "",
      "期末持股数": "",
      "间接持股数": "",
      "从公司获得年度报酬总额": 0,
      "补贴津贴": "",
      "变动原因说明": "",
      "是否在股东或关联单位领取报酬津贴": "是",
      "在任与否": "是"
    },
    {
      "领导人姓名": "贲圣林",
      "职位描述": "独立董事",
      "期初持股数": "",
      "期末持股数": "",
      "间接持股数": "",
      "从公司获得年度报酬总额": 150000,
      "补贴津贴": "",
      "变动原因说明": "",
      "是否在股东或关联单位领取报酬津贴": "否",
      "在任与否": "是"
    },
    {
      "领导人姓名": "王义中",
      "职位描述": "独立董事",
      "期初持股数": "",
      "期末持股数": "",
      "间接持股数": "",
      "从公司获得年度报酬总额": 150000,
      "补贴津贴": "",
      "变动原因说明": "",
      "是否在股东或关联单位领取报酬津贴": "否",
      "在任与否": "是"
    },
    {
      "领导人姓名": "肖作平",
      "职位描述": "独立董事",
      "期初持股数": "",
      "期末持股数": "",
      "间接持股数": "",
      "从公司获得年度报酬总额": 150000,
      "补贴津贴": "",
      "变动原因说明": "",
      "是否在股东或关联单位领取报酬津贴": "否",
      "在任与否": "是"
    },
    {
      "领导人姓名": "刘伟",
      "职位描述": "副总经理",
      "期初持股数": "",
      "期末持股数": "",
      "间接持股数": "",
      "从公司获得年度报酬总额": 802100,
      "补贴津贴": "",
      "变动原因说明": "",
      "是否在股东或关联单位领取报酬津贴": "否",
      "在任与否": "是"
    },
    {
      "领导人姓名": "何欣",
      "职位描述": "副总经理、董事会秘书",
      "期初持股数": "",
      "期末持股数": "",
      "间接持股数": "",
      "从公司获得年度报酬总额": 1728000,
      "补贴津贴": "",
      "变动原因说明": "",
      "是否在股东或关联单位领取报酬津贴": "否",
      "在任与否": "是"
    },
    {
      "领导人姓名": "童超",
      "职位描述": "副总经理、财务负责人",
      "期初持股数": "",
      "期末持股数": "",
      "间接持股数": "",
      "从公司获得年度报酬总额": 956700,
      "补贴津贴": "",
      "变动原因说明": "",
      "是否在股东或关联单位领取报酬津贴": "否",
      "在任与否": "是"
    },
    {
      "领导人姓名": "金朝萍",
      "职位描述": "董事长",
      "期初持股数": "",
      "期末持股数": "",
      "间接持股数": "",
      "从公司获得年度报酬总额": 0,
      "补贴津贴": "",
      "变动原因说明": "",
      "是否在股东或关联单位领取报酬津贴": "是",
      "在任与否": "否"
    },
    {
      "领导人姓名": "余冬筠",
      "职位描述": "董事",
      "期初持股数": "",
      "期末持股数": "",
      "间接持股数": "",
      "从公司获得年度报酬总额": 0,
      "补贴津贴": "",
      "变动原因说明": "",
      "是否在股东或关联单位领取报酬津贴": "是",
      "在任与否": "否"
    },
    {
      "领导人姓名": "金栋健",
      "职位描述": "董事",
      "期初持股数": "",
      "期末持股数": "",
      "间接持股数": "",
      "从公司获得年度报酬总额": 0,
      "补贴津贴": "",
      "变动原因说明": "",
      "是否在股东或关联单位领取报酬津贴": "是",
      "在任与否": "否"
    },
    {
      "领导人姓名": "孙勇",
      "职位描述": "董事",
      "期初持股数": "",
      "期末持股数": "",
      "间接持股数": "",
      "从公司获得年度报酬总额": 0,
      "补贴津贴": "",
      "变动原因说明": "",
      "是否在股东或关联单位领取报酬津贴": "是",
      "在任与否": "否"
    }
  ]
}

=== 600250-2026-04-18-南京商旅-南京商旅2025年年度报告.pdf ===
{
  "Leader_Salary_data": {
    "实际所得报酬总额起始": "2937000",
    "实际所得报酬总额截止": "2937000",
    "实际所得报酬总额涉及人数": ""
  },
  "Leader_Hold_data": [
    {
      "领导人姓名": "沈颖",
      "职位描述": "董事长、总经理",
      "期初持股数": "0",
      "期末持股数": "0",
      "间接持股数": "",
      "从公司获得年度报酬总额": "511700",
      "补贴津贴": "",
      "变动原因说明": "",
      "是否在股东或关联单位领取报酬津贴": "否",
      "在任与否": "是"
    },
    {
      "领导人姓名": "刘晶晶",
      "职位描述": "副董事长",
      "期初持股数": "0",
      "期末持股数": "0",
      "间接持股数": "",
      "从公司获得年度报酬总额": "0",
      "补贴津贴": "",
      "变动原因说明": "",
      "是否在股东或关联单位领取报酬津贴": "是",
      "在任与否": "是"
    },
    {
      "领导人姓名": "张国栋",
      "职位描述": "董事",
      "期初持股数": "0",
      "期末持股数": "0",
      "间接持股数": "",
      "从公司获得年度报酬总额": "680500",
      "补贴津贴": "",
      "变动原因说明": "",
      "是否在股东或关联单位领取报酬津贴": "否",
      "在任与否": "是"
    },
    {
      "领导人姓名": "方红渊",
      "职位描述": "董事",
      "期初持股数": "0",
      "期末持股数": "0",
      "间接持股数": "",
      "从公司获得年度报酬总额": "0",
      "补贴津贴": "",
      "变动原因说明": "",
      "是否在股东或关联单位领取报酬津贴": "是",
      "在任与否": "是"
    },
    {
      "领导人姓名": "张金源",
      "职位描述": "董事、副总经理",
      "期初持股数": "0",
      "期末持股数": "0",
      "间接持股数": "",
      "从公司获得年度报酬总额": "496400",
      "补贴津贴": "",
      "变动原因说明": "",
      "是否在股东或关联单位领取报酬津贴": "否",
      "在任与否": "是"
    },
    {
      "领导人姓名": "江小三",
      "职位描述": "独立董事",
      "期初持股数": "0",
      "期末持股数": "0",
      "间接持股数": "",
      "从公司获得年度报酬总额": "100000",
      "补贴津贴": "100000",
      "变动原因说明": "",
      "是否在股东或关联单位领取报酬津贴": "否",
      "在任与否": "是"
    },
    {
      "领导人姓名": "黄震方",
      "职位描述": "独立董事",
      "期初持股数": "0",
      "期末持股数": "0",
      "间接持股数": "",
      "从公司获得年度报酬总额": "100000",
      "补贴津贴": "100000",
      "变动原因说明": "",
      "是否在股东或关联单位领取报酬津贴": "否",
      "在任与否": "是"
    },
    {
      "领导人姓名": "赵恒志",
      "职位描述": "独立董事",
      "期初持股数": "0",
      "期末持股数": "0",
      "间接持股数": "",
      "从公司获得年度报酬总额": "100000",
      "补贴津贴": "100000",
      "变动原因说明": "",
      "是否在股东或关联单位领取报酬津贴": "否",
      "在任与否": "是"
    },
    {
      "领导人姓名": "马焕栋",
      "职位描述": "财务总监、董事会秘书",
      "期初持股数": "0",
      "期末持股数": "0",
      "间接持股数": "",
      "从公司获得年度报酬总额": "479000",
      "补贴津贴": "",
      "变动原因说明": "",
      "是否在股东或关联单位领取报酬津贴": "否",
      "在任与否": "是"
    },
    {
      "领导人姓名": "袁一骏",
      "职位描述": "副总经理",
      "期初持股数": "0",
      "期末持股数": "0",
      "间接持股数": "",
      "从公司获得年度报酬总额": "469400",
      "补贴津贴": "",
      "变动原因说明": "",
      "是否在股东或关联单位领取报酬津贴": "否",
      "在任与否": "是"
    },
    {
      "领导人姓名": "袁艳",
      "职位描述": "前董事",
      "期初持股数": "0",
      "期末持股数": "0",
      "间接持股数": "",
      "从公司获得年度报酬总额": "0",
      "补贴津贴": "",
      "变动原因说明": "",
      "是否在股东或关联单位领取报酬津贴": "是",
      "在任与否": "否"
    }
  ]
}

=== 600126-2026-04-18-杭钢股份-杭州钢铁股份有限公司2025年年度报告.pdf ===
{
  "Leader_Salary_data": {
    "实际所得报酬总额起始": "6961300",
    "实际所得报酬总额截止": "6961300",
    "实际所得报酬总额涉及人数": ""
  },
  "Leader_Hold_data": [
    {
      "领导人姓名": "吴东明",
      "职位描述": "董事长",
      "期初持股数": "0",
      "期末持股数": "0",
      "间接持股数": "",
      "从公司获得年度报酬总额": "0",
      "补贴津贴": "",
      "变动原因说明": "",
      "是否在股东或关联单位领取报酬津贴": "是",
      "在任与否": "是"
    },
    {
      "领导人姓名": "瞿涛",
      "职位描述": "副董事长",
      "期初持股数": "0",
      "期末持股数": "0",
      "间接持股数": "",
      "从公司获得年度报酬总额": "0",
      "补贴津贴": "",
      "变动原因说明": "",
      "是否在股东或关联单位领取报酬津贴": "是",
      "在任与否": "是"
    },
    {
      "领导人姓名": "牟晨晖",
      "职位描述": "董事、总经理",
      "期初持股数": "0",
      "期末持股数": "0",
      "间接持股数": "",
      "从公司获得年度报酬总额": "2511700",
      "补贴津贴": "",
      "变动原因说明": "",
      "是否在股东或关联单位领取报酬津贴": "否",
      "在任与否": "是"
    },
    {
      "领导人姓名": "王伶俐",
      "职位描述": "董事",
      "期初持股数": "0",
      "期末持股数": "0",
      "间接持股数": "",
      "从公司获得年度报酬总额": "0",
      "补贴津贴": "",
      "变动原因说明": "",
      "是否在股东或关联单位领取报酬津贴": "是",
      "在任与否": "是"
    },
    {
      "领导人姓名": "陆才平",
      "职位描述": "董事、财务总监",
      "期初持股数": "0",
      "期末持股数": "0",
      "间接持股数": "",
      "从公司获得年度报酬总额": "711100",
      "补贴津贴": "",
      "变动原因说明": "",
      "是否在股东或关联单位领取报酬津贴": "否",
      "在任与否": "是"
    },
    {
      "领导人姓名": "陈丽君",
      "职位描述": "独立董事",
      "期初持股数": "0",
      "期末持股数": "0",
      "间接持股数": "",
      "从公司获得年度报酬总额": "100000",
      "补贴津贴": "",
      "变动原因说明": "",
      "是否在股东或关联单位领取报酬津贴": "否",
      "在任与否": "是"
    },
    {
      "领导人姓名": "周俊明",
      "职位描述": "独立董事",
      "期初持股数": "0",
      "期末持股数": "0",
      "间接持股数": "",
      "从公司获得年度报酬总额": "136800",
      "补贴津贴": "",
      "变动原因说明": "",
      "是否在股东或关联单位领取报酬津贴": "否",
      "在任与否": "是"
    },
    {
      "领导人姓名": "俞乐平",
      "职位描述": "独立董事",
      "期初持股数": "0",
      "期末持股数": "0",
      "间接持股数": "",
      "从公司获得年度报酬总额": "136800",
      "补贴津贴": "",
      "变动原因说明": "",
      "是否在股东或关联单位领取报酬津贴": "否",
      "在任与否": "是"
    },
    {
      "领导人姓名": "王海军",
      "职位描述": "职工董事",
      "期初持股数": "0",
      "期末持股数": "0",
      "间接持股数": "",
      "从公司获得年度报酬总额": "691000",
      "补贴津贴": "",
      "变动原因说明": "",
      "是否在股东或关联单位领取报酬津贴": "否",
      "在任与否": "是"
    },
    {
      "领导人姓名": "吴洪义",
      "职位描述": "副总经理",
      "期初持股数": "0",
      "期末持股数": "0",
      "间接持股数": "",
      "从公司获得年度报酬总额": "695300",
      "补贴津贴": "",
      "变动原因说明": "",
      "是否在股东或关联单位领取报酬津贴": "否",
      "在任与否": "是"
    },
    {
      "领导人姓名": "吴继华",
      "职位描述": "董事会秘书",
      "期初持股数": "0",
      "期末持股数": "0",
      "间接持股数": "",
      "从公司获得年度报酬总额": "706100",
      "补贴津贴": "",
      "变动原因说明": "",
      "是否在股东或关联单位领取报酬津贴": "否",
      "在任与否": "是"
    },
    {
      "领导人姓名": "秦炬",
      "职位描述": "董事",
      "期初持股数": "0",
      "期末持股数": "0",
      "间接持股数": "",
      "从公司获得年度报酬总额": "0",
      "补贴津贴": "",
      "变动原因说明": "",
      "是否在股东或关联单位领取报酬津贴": "是",
      "在任与否": "否"
    },
    {
      "领导人姓名": "范永强",
      "职位描述": "董事",
      "期初持股数": "0",
      "期末持股数": "0",
      "间接持股数": "",
      "从公司获得年度报酬总额": "707700",
      "补贴津贴": "",
      "变动原因说明": "",
      "是否在股东或关联单位领取报酬津贴": "否",
      "在任与否": "否"
    },
    {
      "领导人姓名": "王红雯",
      "职位描述": "独立董事",
      "期初持股数": "0",
      "期末持股数": "0",
      "间接持股数": "",
      "从公司获得年度报酬总额": "63200",
      "补贴津贴": "",
      "变动原因说明": "",
      "是否在股东或关联单位领取报酬津贴": "否",
      "在任与否": "否"
    },
    {
      "领导人姓名": "陈晓东",
      "职位描述": "副总经理",
      "期初持股数": "0",
      "期末持股数": "0",
      "间接持股数": "",
      "从公司获得年度报酬总额": "501600",
      "补贴津贴": "",
      "变动原因说明": "",
      "是否在股东或关联单位领取报酬津贴": "否",
      "在任与否": "否"
    }
  ]
}

=== 600207-2026-04-18-安彩高科-安彩高科2025年年度报告.pdf ===
{
  "Leader_Salary_data": {
    "实际所得报酬总额起始": "3894800",
    "实际所得报酬总额截止": "3894800",
    "实际所得报酬总额涉及人数": ""
  },
  "Leader_Hold_data": [
    {
      "领导人姓名": "徐东伟",
      "职位描述": "董事长",
      "期初持股数": "",
      "期末持股数": "",
      "间接持股数": "",
      "从公司获得年度报酬总额": "0",
      "补贴津贴": "",
      "变动原因说明": "",
      "是否在股东或关联单位领取报酬津贴": "是",
      "在任与否": "是"
    },
    {
      "领导人姓名": "杨建新",
      "职位描述": "党委书记、董事、总经理",
      "期初持股数": "",
      "期末持股数": "",
      "间接持股数": "",
      "从公司获得年度报酬总额": "575900",
      "补贴津贴": "",
      "变动原因说明": "",
      "是否在股东或关联单位领取报酬津贴": "否",
      "在任与否": "是"
    },
    {
      "领导人姓名": "马楠",
      "职位描述": "董事",
      "期初持股数": "",
      "期末持股数": "",
      "间接持股数": "",
      "从公司获得年度报酬总额": "",
      "补贴津贴": "",
      "变动原因说明": "",
      "是否在股东或关联单位领取报酬津贴": "是",
      "在任与否": "是"
    },
    {
      "领导人姓名": "张仁维",
      "职位描述": "董事",
      "期初持股数": "",
      "期末持股数": "",
      "间接持股数": "",
      "从公司获得年度报酬总额": "0",
      "补贴津贴": "",
      "变动原因说明": "",
      "是否在股东或关联单位领取报酬津贴": "是",
      "在任与否": "是"
    },
    {
      "领导人姓名": "付春晖",
      "职位描述": "职工董事",
      "期初持股数": "",
      "期末持股数": "",
      "间接持股数": "",
      "从公司获得年度报酬总额": "216100",
      "补贴津贴": "",
      "变动原因说明": "",
      "是否在股东或关联单位领取报酬津贴": "否",
      "在任与否": "是"
    },
    {
      "领导人姓名": "郑明",
      "职位描述": "独立董事",
      "期初持股数": "",
      "期末持股数": "",
      "间接持股数": "",
      "从公司获得年度报酬总额": "",
      "补贴津贴": "",
      "变动原因说明": "",
      "是否在股东或关联单位领取报酬津贴": "否",
      "在任与否": "是"
    },
    {
      "领导人姓名": "王艳华",
      "职位描述": "独立董事",
      "期初持股数": "",
      "期末持股数": "",
      "间接持股数": "",
      "从公司获得年度报酬总额": "36000",
      "补贴津贴": "",
      "变动原因说明": "",
      "是否在股东或关联单位领取报酬津贴": "否",
      "在任与否": "是"
    },
    {
      "领导人姓名": "张功富",
      "职位描述": "独立董事",
      "期初持股数": "",
      "期末持股数": "",
      "间接持股数": "",
      "从公司获得年度报酬总额": "36000",
      "补贴津贴": "",
      "变动原因说明": "",
      "是否在股东或关联单位领取报酬津贴": "否",
      "在任与否": "是"
    },
    {
      "领导人姓名": "吕建光",
      "职位描述": "副总经理",
      "期初持股数": "",
      "期末持股数": "",
      "间接持股数": "",
      "从公司获得年度报酬总额": "576000",
      "补贴津贴": "",
      "变动原因说明": "",
      "是否在股东或关联单位领取报酬津贴": "否",
      "在任与否": "是"
    },
    {
      "领导人姓名": "王珊珊",
      "职位描述": "财务负责人、总会计师",
      "期初持股数": "",
      "期末持股数": "",
      "间接持股数": "",
      "从公司获得年度报酬总额": "583900",
      "补贴津贴": "",
      "变动原因说明": "",
      "是否在股东或关联单位领取报酬津贴": "否",
      "在任与否": "是"
    },
    {
      "领导人姓名": "郭松昌",
      "职位描述": "副总经理",
      "期初持股数": "",
      "期末持股数": "",
      "间接持股数": "",
      "从公司获得年度报酬总额": "584200",
      "补贴津贴": "",
      "变动原因说明": "",
      "是否在股东或关联单位领取报酬津贴": "否",
      "在任与否": "是"
    },
    {
      "领导人姓名": "王路",
      "职位描述": "副总经理、董事会秘书",
      "期初持股数": "",
      "期末持股数": "",
      "间接持股数": "",
      "从公司获得年度报酬总额": "591200",
      "补贴津贴": "",
      "变动原因说明": "",
      "是否在股东或关联单位领取报酬津贴": "否",
      "在任与否": "是"
    },
    {
      "领导人姓名": "李同正",
      "职位描述": "董事",
      "期初持股数": "",
      "期末持股数": "",
      "间接持股数": "",
      "从公司获得年度报酬总额": "0",
      "补贴津贴": "",
      "变动原因说明": "",
      "是否在股东或关联单位领取报酬津贴": "是",
      "在任与否": "否"
    },
    {
      "领导人姓名": "刘耀辉",
      "职位描述": "独立董事",
      "期初持股数": "",
      "期末持股数": "",
      "间接持股数": "",
      "从公司获得年度报酬总额": "36000",
      "补贴津贴": "",
      "变动原因说明": "",
      "是否在股东或关联单位领取报酬津贴": "否",
      "在任与否": "否"
    },
    {
      "领导人姓名": "苍利民",
      "职位描述": "副总经理",
      "期初持股数": "",
      "期末持股数": "",
      "间接持股数": "",
      "从公司获得年度报酬总额": "659500",
      "补贴津贴": "",
      "变动原因说明": "",
      "是否在股东或关联单位领取报酬津贴": "否",
      "在任与否": "否"
    }
  ]
}

=== 600078-2026-04-18-澄星股份-江苏澄星磷化工股份有限公司2025年年度报告.pdf ===
{
  "Leader_Salary_data": {
    "实际所得报酬总额起始": "8724700",
    "实际所得报酬总额截止": "8724700",
    "实际所得报酬总额涉及人数": ""
  },
  "Leader_Hold_data": [
    {
      "领导人姓名": "李星星",
      "职位描述": "董事长",
      "期初持股数": "0",
      "期末持股数": "0",
      "间接持股数": "",
      "从公司获得年度报酬总额": "0",
      "补贴津贴": "",
      "变动原因说明": "",
      "是否在股东或关联单位领取报酬津贴": "是",
      "在任与否": "是"
    },
    {
      "领导人姓名": "刘晓光",
      "职位描述": "董事、首席执行官",
      "期初持股数": "0",
      "期末持股数": "1200000",
      "间接持股数": "",
      "从公司获得年度报酬总额": "2267400",
      "补贴津贴": "",
      "变动原因说明": "限制性股票激励计划获授",
      "是否在股东或关联单位领取报酬津贴": "否",
      "在任与否": "是"
    },
    {
      "领导人姓名": "江国林",
      "职位描述": "董事、总裁",
      "期初持股数": "0",
      "期末持股数": "800000",
      "间接持股数": "",
      "从公司获得年度报酬总额": "1290400",
      "补贴津贴": "",
      "变动原因说明": "限制性股票激励计划获授",
      "是否在股东或关联单位领取报酬津贴": "否",
      "在任与否": "是"
    },
    {
      "领导人姓名": "丁学国",
      "职位描述": "职工董事",
      "期初持股数": "0",
      "期末持股数": "0",
      "间接持股数": "",
      "从公司获得年度报酬总额": "151200",
      "补贴津贴": "",
      "变动原因说明": "",
      "是否在股东或关联单位领取报酬津贴": "否",
      "在任与否": "是"
    },
    {
      "领导人姓名": "薛健",
      "职位描述": "董事",
      "期初持股数": "0",
      "期末持股数": "0",
      "间接持股数": "",
      "从公司获得年度报酬总额": "0",
      "补贴津贴": "",
      "变动原因说明": "",
      "是否在股东或关联单位领取报酬津贴": "是",
      "在任与否": "是"
    },
    {
      "领导人姓名": "金亚洪",
      "职位描述": "董事",
      "期初持股数": "0",
      "期末持股数": "0",
      "间接持股数": "",
      "从公司获得年度报酬总额": "0",
      "补贴津贴": "",
      "变动原因说明": "",
      "是否在股东或关联单位领取报酬津贴": "是",
      "在任与否": "是"
    },
    {
      "领导人姓名": "吴波",
      "职位描述": "独立董事",
      "期初持股数": "0",
      "期末持股数": "0",
      "间接持股数": "",
      "从公司获得年度报酬总额": "17700",
      "补贴津贴": "",
      "变动原因说明": "",
      "是否在股东或关联单位领取报酬津贴": "否",
      "在任与否": "是"
    },
    {
      "领导人姓名": "孙涛",
      "职位描述": "独立董事",
      "期初持股数": "0",
      "期末持股数": "0",
      "间接持股数": "",
      "从公司获得年度报酬总额": "17700",
      "补贴津贴": "",
      "变动原因说明": "",
      "是否在股东或关联单位领取报酬津贴": "否",
      "在任与否": "是"
    },
    {
      "领导人姓名": "曲天明",
      "职位描述": "独立董事",
      "期初持股数": "0",
      "期末持股数": "0",
      "间接持股数": "",
      "从公司获得年度报酬总额": "17700",
      "补贴津贴": "",
      "变动原因说明": "",
      "是否在股东或关联单位领取报酬津贴": "否",
      "在任与否": "是"
    },
    {
      "领导人姓名": "贺兴友",
      "职位描述": "副总裁、首席战略官",
      "期初持股数": "0",
      "期末持股数": "600000",
      "间接持股数": "",
      "从公司获得年度报酬总额": "938000",
      "补贴津贴": "",
      "变动原因说明": "限制性股票激励计划获授",
      "是否在股东或关联单位领取报酬津贴": "否",
      "在任与否": "是"
    },
    {
      "领导人姓名": "徐西瑞",
      "职位描述": "副总裁、财务负责人",
      "期初持股数": "0",
      "期末持股数": "600000",
      "间接持股数": "",
      "从公司获得年度报酬总额": "924800",
      "补贴津贴": "",
      "变动原因说明": "限制性股票激励计划获授",
      "是否在股东或关联单位领取报酬津贴": "否",
      "在任与否": "是"
    },
    {
      "领导人姓名": "汪洋",
      "职位描述": "副总裁、董事会秘书",
      "期初持股数": "0",
      "期末持股数": "600000",
      "间接持股数": "",
      "从公司获得年度报酬总额": "988400",
      "补贴津贴": "",
      "变动原因说明": "限制性股票激励计划获授",
      "是否在股东或关联单位领取报酬津贴": "否",
      "在任与否": "是"
    },
    {
      "领导人姓名": "郑鑫",
      "职位描述": "董事",
      "期初持股数": "0",
      "期末持股数": "0",
      "间接持股数": "",
      "从公司获得年度报酬总额": "0",
      "补贴津贴": "",
      "变动原因说明": "",
      "是否在股东或关联单位领取报酬津贴": "是",
      "在任与否": "否"
    },
    {
      "领导人姓名": "徐海圣",
      "职位描述": "董事、副董事长",
      "期初持股数": "0",
      "期末持股数": "0",
      "间接持股数": "",
      "从公司获得年度报酬总额": "1804500",
      "补贴津贴": "",
      "变动原因说明": "",
      "是否在股东或关联单位领取报酬津贴": "否",
      "在任与否": "否"
    },
    {
      "领导人姓名": "丁剑",
      "职位描述": "独立董事",
      "期初持股数": "0",
      "期末持股数": "0",
      "间接持股数": "",
      "从公司获得年度报酬总额": "102300",
      "补贴津贴": "",
      "变动原因说明": "",
      "是否在股东或关联单位领取报酬津贴": "否",
      "在任与否": "否"
    },
    {
      "领导人姓名": "詹应斌",
      "职位描述": "独立董事",
      "期初持股数": "0",
      "期末持股数": "0",
      "间接持股数": "",
      "从公司获得年度报酬总额": "102300",
      "补贴津贴": "",
      "变动原因说明": "",
      "是否在股东或关联单位领取报酬津贴": "否",
      "在任与否": "否"
    },
    {
      "领导人姓名": "陈华妹",
      "职位描述": "独立董事",
      "期初持股数": "0",
      "期末持股数": "0",
      "间接持股数": "",
      "从公司获得年度报酬总额": "102300",
      "补贴津贴": "",
      "变动原因说明": "",
      "是否在股东或关联单位领取报酬津贴": "否",
      "在任与否": "否"
    }
  ]
}

=== 600313-2026-04-18-农发种业-农发种业2025年年度报告.pdf ===
{
  "Leader_Salary_data": {
    "实际所得报酬总额起始": "6630700",
    "实际所得报酬总额截止": "6630700",
    "实际所得报酬总额涉及人数": ""
  },
  "Leader_Hold_data": [
    {
      "领导人姓名": "何才文",
      "职位描述": "董事长、总经理、董事",
      "期初持股数": "0",
      "期末持股数": "0",
      "间接持股数": "",
      "从公司获得年度报酬总额": "2173300",
      "补贴津贴": "",
      "变动原因说明": "",
      "是否在股东或关联单位领取报酬津贴": "否",
      "在任与否": "是"
    },
    {
      "领导人姓名": "张磊",
      "职位描述": "董事",
      "期初持股数": "0",
      "期末持股数": "0",
      "间接持股数": "",
      "从公司获得年度报酬总额": "",
      "补贴津贴": "",
      "变动原因说明": "",
      "是否在股东或关联单位领取报酬津贴": "是",
      "在任与否": "是"
    },
    {
      "领导人姓名": "吴刚",
      "职位描述": "原董事",
      "期初持股数": "0",
      "期末持股数": "0",
      "间接持股数": "",
      "从公司获得年度报酬总额": "60000",
      "补贴津贴": "",
      "变动原因说明": "",
      "是否在股东或关联单位领取报酬津贴": "否",
      "在任与否": "否"
    },
    {
      "领导人姓名": "张日明",
      "职位描述": "董事",
      "期初持股数": "0",
      "期末持股数": "0",
      "间接持股数": "",
      "从公司获得年度报酬总额": "70000",
      "补贴津贴": "",
      "变动原因说明": "",
      "是否在股东或关联单位领取报酬津贴": "否",
      "在任与否": "是"
    },
    {
      "领导人姓名": "韩一军",
      "职位描述": "独立董事",
      "期初持股数": "0",
      "期末持股数": "0",
      "间接持股数": "",
      "从公司获得年度报酬总额": "103300",
      "补贴津贴": "",
      "变动原因说明": "",
      "是否在股东或关联单位领取报酬津贴": "否",
      "在任与否": "是"
    },
    {
      "领导人姓名": "何安妮",
      "职位描述": "独立董事",
      "期初持股数": "0",
      "期末持股数": "0",
      "间接持股数": "",
      "从公司获得年度报酬总额": "103300",
      "补贴津贴": "",
      "变动原因说明": "",
      "是否在股东或关联单位领取报酬津贴": "否",
      "在任与否": "是"
    },
    {
      "领导人姓名": "杨鹏",
      "职位描述": "独立董事",
      "期初持股数": "0",
      "期末持股数": "0",
      "间接持股数": "",
      "从公司获得年度报酬总额": "103300",
      "补贴津贴": "",
      "变动原因说明": "",
      "是否在股东或关联单位领取报酬津贴": "否",
      "在任与否": "是"
    },
    {
      "领导人姓名": "李大伟",
      "职位描述": "原副总经理、党委副书记、工会主席",
      "期初持股数": "0",
      "期末持股数": "0",
      "间接持股数": "",
      "从公司获得年度报酬总额": "1244100",
      "补贴津贴": "",
      "变动原因说明": "",
      "是否在股东或关联单位领取报酬津贴": "否",
      "在任与否": "否"
    },
    {
      "领导人姓名": "于雪冬",
      "职位描述": "总会计师",
      "期初持股数": "0",
      "期末持股数": "0",
      "间接持股数": "",
      "从公司获得年度报酬总额": "1400700",
      "补贴津贴": "",
      "变动原因说明": "",
      "是否在股东或关联单位领取报酬津贴": "否",
      "在任与否": "是"
    },
    {
      "领导人姓名": "陈才良",
      "职位描述": "副总经理、董事会秘书",
      "期初持股数": "0",
      "期末持股数": "0",
      "间接持股数": "",
      "从公司获得年度报酬总额": "682000",
      "补贴津贴": "",
      "变动原因说明": "",
      "是否在股东或关联单位领取报酬津贴": "否",
      "在任与否": "是"
    },
    {
      "领导人姓名": "王伟",
      "职位描述": "副总经理",
      "期初持股数": "0",
      "期末持股数": "0",
      "间接持股数": "",
      "从公司获得年度报酬总额": "421100",
      "补贴津贴": "",
      "变动原因说明": "",
      "是否在股东或关联单位领取报酬津贴": "否",
      "在任与否": "是"
    },
    {
      "领导人姓名": "张力科",
      "职位描述": "副总经理",
      "期初持股数": "0",
      "期末持股数": "0",
      "间接持股数": "",
      "从公司获得年度报酬总额": "269600",
      "补贴津贴": "",
      "变动原因说明": "",
      "是否在股东或关联单位领取报酬津贴": "否",
      "在任与否": "是"
    }
  ]
}

=== 600228-2026-04-18-ST返利-返利网数字科技股份有限公司2025年年度报告.pdf ===
{
  "Leader_Salary_data": {
    "实际所得报酬总额起始": "5528500",
    "实际所得报酬总额截止": "5528500",
    "实际所得报酬总额涉及人数": ""
  },
  "Leader_Hold_data": [
    {
      "领导人姓名": "葛永昌",
      "职位描述": "董事长、总经理",
      "期初持股数": "0",
      "期末持股数": "0",
      "间接持股数": "",
      "从公司获得年度报酬总额": "1531700",
      "补贴津贴": "",
      "变动原因说明": "",
      "是否在股东或关联单位领取报酬津贴": "否",
      "在任与否": "是"
    },
    {
      "领导人姓名": "隗元元",
      "职位描述": "董事、副总经理、财务负责人",
      "期初持股数": "0",
      "期末持股数": "0",
      "间接持股数": "",
      "从公司获得年度报酬总额": "1058900",
      "补贴津贴": "",
      "变动原因说明": "",
      "是否在股东或关联单位领取报酬津贴": "否",
      "在任与否": "是"
    },
    {
      "领导人姓名": "李季",
      "职位描述": "董事、首席商业官",
      "期初持股数": "0",
      "期末持股数": "0",
      "间接持股数": "",
      "从公司获得年度报酬总额": "1300000",
      "补贴津贴": "",
      "变动原因说明": "",
      "是否在股东或关联单位领取报酬津贴": "否",
      "在任与否": "是"
    },
    {
      "领导人姓名": "宋雪光",
      "职位描述": "董事",
      "期初持股数": "0",
      "期末持股数": "0",
      "间接持股数": "",
      "从公司获得年度报酬总额": "0",
      "补贴津贴": "",
      "变动原因说明": "",
      "是否在股东或关联单位领取报酬津贴": "否",
      "在任与否": "是"
    },
    {
      "领导人姓名": "宋晓满",
      "职位描述": "独立董事",
      "期初持股数": "0",
      "期末持股数": "0",
      "间接持股数": "",
      "从公司获得年度报酬总额": "84000",
      "补贴津贴": "",
      "变动原因说明": "",
      "是否在股东或关联单位领取报酬津贴": "否",
      "在任与否": "是"
    },
    {
      "领导人姓名": "孙益功",
      "职位描述": "独立董事",
      "期初持股数": "0",
      "期末持股数": "0",
      "间接持股数": "",
      "从公司获得年度报酬总额": "84000",
      "补贴津贴": "",
      "变动原因说明": "",
      "是否在股东或关联单位领取报酬津贴": "否",
      "在任与否": "是"
    },
    {
      "领导人姓名": "刘欢",
      "职位描述": "独立董事",
      "期初持股数": "0",
      "期末持股数": "0",
      "间接持股数": "",
      "从公司获得年度报酬总额": "84000",
      "补贴津贴": "",
      "变动原因说明": "",
      "是否在股东或关联单位领取报酬津贴": "否",
      "在任与否": "是"
    },
    {
      "领导人姓名": "刘华雯",
      "职位描述": "董事会秘书",
      "期初持股数": "21000",
      "期末持股数": "14700",
      "间接持股数": "",
      "从公司获得年度报酬总额": "865300",
      "补贴津贴": "",
      "变动原因说明": "回购注销",
      "是否在股东或关联单位领取报酬津贴": "否",
      "在任与否": "是"
    },
    {
      "领导人姓名": "JAMES MIN ZHU",
      "职位描述": "董事、副总经理",
      "期初持股数": "0",
      "期末持股数": "0",
      "间接持股数": "",
      "从公司获得年度报酬总额": "520600",
      "补贴津贴": "",
      "变动原因说明": "",
      "是否在股东或关联单位领取报酬津贴": "否",
      "在任与否": "否"
    },
    {
      "领导人姓名": "陈明",
      "职位描述": "董事会秘书、首席数据官",
      "期初持股数": "76400",
      "期末持股数": "53480",
      "间接持股数": "",
      "从公司获得年度报酬总额": "0",
      "补贴津贴": "",
      "变动原因说明": "回购注销",
      "是否在股东或关联单位领取报酬津贴": "否",
      "在任与否": "否"
    }
  ]
}

=== 600266-2026-04-18-城建发展-2025年年度报告.pdf ===
{
  "Leader_Salary_data": {
    "实际所得报酬总额起始": "8298900",
    "实际所得报酬总额截止": "8298900",
    "实际所得报酬总额涉及人数": ""
  },
  "Leader_Hold_data": [
    {
      "领导人姓名": "齐占峰",
      "职位描述": "董事、董事长",
      "期初持股数": "0",
      "期末持股数": "0",
      "间接持股数": "",
      "从公司获得年度报酬总额": "",
      "补贴津贴": "",
      "变动原因说明": "",
      "是否在股东或关联单位领取报酬津贴": "否",
      "在任与否": "是"
    },
    {
      "领导人姓名": "储昭武",
      "职位描述": "董事、董事长",
      "期初持股数": "0",
      "期末持股数": "0",
      "间接持股数": "",
      "从公司获得年度报酬总额": "929300",
      "补贴津贴": "",
      "变动原因说明": "",
      "是否在股东或关联单位领取报酬津贴": "否",
      "在任与否": "否"
    },
    {
      "领导人姓名": "邹哲",
      "职位描述": "董事、总经理",
      "期初持股数": "0",
      "期末持股数": "0",
      "间接持股数": "",
      "从公司获得年度报酬总额": "1007200",
      "补贴津贴": "",
      "变动原因说明": "",
      "是否在股东或关联单位领取报酬津贴": "否",
      "在任与否": "是"
    },
    {
      "领导人姓名": "许禄德",
      "职位描述": "董事、副总经理、董事会秘书",
      "期初持股数": "0",
      "期末持股数": "0",
      "间接持股数": "",
      "从公司获得年度报酬总额": "751200",
      "补贴津贴": "",
      "变动原因说明": "",
      "是否在股东或关联单位领取报酬津贴": "否",
      "在任与否": "是"
    },
    {
      "领导人姓名": "杨芝萍",
      "职位描述": "董事",
      "期初持股数": "0",
      "期末持股数": "0",
      "间接持股数": "",
      "从公司获得年度报酬总额": "",
      "补贴津贴": "",
      "变动原因说明": "",
      "是否在股东或关联单位领取报酬津贴": "否",
      "在任与否": "是"
    },
    {
      "领导人姓名": "张成思",
      "职位描述": "独立董事",
      "期初持股数": "0",
      "期末持股数": "0",
      "间接持股数": "",
      "从公司获得年度报酬总额": "142900",
      "补贴津贴": "142900",
      "变动原因说明": "",
      "是否在股东或关联单位领取报酬津贴": "否",
      "在任与否": "是"
    },
    {
      "领导人姓名": "宋建波",
      "职位描述": "独立董事",
      "期初持股数": "0",
      "期末持股数": "0",
      "间接持股数": "",
      "从公司获得年度报酬总额": "142900",
      "补贴津贴": "142900",
      "变动原因说明": "",
      "是否在股东或关联单位领取报酬津贴": "否",
      "在任与否": "是"
    },
    {
      "领导人姓名": "周清杰",
      "职位描述": "独立董事",
      "期初持股数": "0",
      "期末持股数": "0",
      "间接持股数": "",
      "从公司获得年度报酬总额": "142900",
      "补贴津贴": "142900",
      "变动原因说明": "",
      "是否在股东或关联单位领取报酬津贴": "否",
      "在任与否": "是"
    },
    {
      "领导人姓名": "肖木军",
      "职位描述": "财务总监",
      "期初持股数": "20000",
      "期末持股数": "20000",
      "间接持股数": "",
      "从公司获得年度报酬总额": "265200",
      "补贴津贴": "",
      "变动原因说明": "任前持有",
      "是否在股东或关联单位领取报酬津贴": "否",
      "在任与否": "是"
    },
    {
      "领导人姓名": "李洪兵",
      "职位描述": "副总经理",
      "期初持股数": "0",
      "期末持股数": "0",
      "间接持股数": "",
      "从公司获得年度报酬总额": "850400",
      "补贴津贴": "",
      "变动原因说明": "",
      "是否在股东或关联单位领取报酬津贴": "否",
      "在任与否": "是"
    },
    {
      "领导人姓名": "武涛",
      "职位描述": "副总经理",
      "期初持股数": "0",
      "期末持股数": "0",
      "间接持股数": "",
      "从公司获得年度报酬总额": "849900",
      "补贴津贴": "",
      "变动原因说明": "",
      "是否在股东或关联单位领取报酬津贴": "否",
      "在任与否": "是"
    },
    {
      "领导人姓名": "蔡志强",
      "职位描述": "副总经理",
      "期初持股数": "0",
      "期末持股数": "0",
      "间接持股数": "",
      "从公司获得年度报酬总额": "849600",
      "补贴津贴": "",
      "变动原因说明": "",
      "是否在股东或关联单位领取报酬津贴": "否",
      "在任与否": "是"
    },
    {
      "领导人姓名": "刘锋",
      "职位描述": "副总经理、总法律顾问",
      "期初持股数": "0",
      "期末持股数": "0",
      "间接持股数": "",
      "从公司获得年度报酬总额": "847100",
      "补贴津贴": "",
      "变动原因说明": "",
      "是否在股东或关联单位领取报酬津贴": "否",
      "在任与否": "否"
    },
    {
      "领导人姓名": "左江南",
      "职位描述": "副总经理",
      "期初持股数": "0",
      "期末持股数": "0",
      "间接持股数": "",
      "从公司获得年度报酬总额": "840400",
      "补贴津贴": "",
      "变动原因说明": "",
      "是否在股东或关联单位领取报酬津贴": "否",
      "在任与否": "是"
    },
    {
      "领导人姓名": "杨振鹏",
      "职位描述": "副总经理",
      "期初持股数": "0",
      "期末持股数": "0",
      "间接持股数": "",
      "从公司获得年度报酬总额": "679900",
      "补贴津贴": "",
      "变动原因说明": "",
      "是否在股东或关联单位领取报酬津贴": "否",
      "在任与否": "是"
    }
  ]
}

=== 600088-2026-04-18-中视传媒-中视传媒股份有限公司2025年年度报告.pdf ===
{
  "Leader_Salary_data": {
    "实际所得报酬总额起始": "4812200",
    "实际所得报酬总额截止": "4812200",
    "实际所得报酬总额涉及人数": ""
  },
  "Leader_Hold_data": [
    {
      "领导人姓名": "王钧",
      "职位描述": "董事长、董事、总经理",
      "期初持股数": "0",
      "期末持股数": "0",
      "间接持股数": "",
      "从公司获得年度报酬总额": "1144200",
      "补贴津贴": "",
      "变动原因说明": "",
      "是否在股东或关联单位领取报酬津贴": "否",
      "在任与否": "是"
    },
    {
      "领导人姓名": "胡源广",
      "职位描述": "董事、总经理",
      "期初持股数": "0",
      "期末持股数": "0",
      "间接持股数": "",
      "从公司获得年度报酬总额": "276000",
      "补贴津贴": "",
      "变动原因说明": "",
      "是否在股东或关联单位领取报酬津贴": "否",
      "在任与否": "是"
    },
    {
      "领导人姓名": "闫文强",
      "职位描述": "董事",
      "期初持股数": "0",
      "期末持股数": "0",
      "间接持股数": "",
      "从公司获得年度报酬总额": "0",
      "补贴津贴": "",
      "变动原因说明": "",
      "是否在股东或关联单位领取报酬津贴": "是",
      "在任与否": "是"
    },
    {
      "领导人姓名": "韩喜明",
      "职位描述": "董事",
      "期初持股数": "0",
      "期末持股数": "0",
      "间接持股数": "",
      "从公司获得年度报酬总额": "0",
      "补贴津贴": "",
      "变动原因说明": "",
      "是否在股东或关联单位领取报酬津贴": "是",
      "在任与否": "是"
    },
    {
      "领导人姓名": "刘树明",
      "职位描述": "董事",
      "期初持股数": "0",
      "期末持股数": "0",
      "间接持股数": "",
      "从公司获得年度报酬总额": "0",
      "补贴津贴": "",
      "变动原因说明": "",
      "是否在股东或关联单位领取报酬津贴": "是",
      "在任与否": "是"
    },
    {
      "领导人姓名": "曾雪云",
      "职位描述": "独立董事",
      "期初持股数": "0",
      "期末持股数": "0",
      "间接持股数": "",
      "从公司获得年度报酬总额": "30000",
      "补贴津贴": "",
      "变动原因说明": "",
      "是否在股东或关联单位领取报酬津贴": "否",
      "在任与否": "是"
    },
    {
      "领导人姓名": "杜帅",
      "职位描述": "独立董事",
      "期初持股数": "0",
      "期末持股数": "0",
      "间接持股数": "",
      "从公司获得年度报酬总额": "30000",
      "补贴津贴": "",
      "变动原因说明": "",
      "是否在股东或关联单位领取报酬津贴": "否",
      "在任与否": "是"
    },
    {
      "领导人姓名": "田英辉",
      "职位描述": "独立董事",
      "期初持股数": "0",
      "期末持股数": "0",
      "间接持股数": "",
      "从公司获得年度报酬总额": "30000",
      "补贴津贴": "",
      "变动原因说明": "",
      "是否在股东或关联单位领取报酬津贴": "否",
      "在任与否": "是"
    },
    {
      "领导人姓名": "李越",
      "职位描述": "职工代表董事",
      "期初持股数": "0",
      "期末持股数": "0",
      "间接持股数": "",
      "从公司获得年度报酬总额": "1044000",
      "补贴津贴": "",
      "变动原因说明": "",
      "是否在股东或关联单位领取报酬津贴": "否",
      "在任与否": "是"
    },
    {
      "领导人姓名": "贺芳",
      "职位描述": "副总经理、董事会秘书",
      "期初持股数": "0",
      "期末持股数": "0",
      "间接持股数": "",
      "从公司获得年度报酬总额": "994000",
      "补贴津贴": "",
      "变动原因说明": "",
      "是否在股东或关联单位领取报酬津贴": "否",
      "在任与否": "是"
    },
    {
      "领导人姓名": "李敏",
      "职位描述": "总会计师",
      "期初持股数": "0",
      "期末持股数": "0",
      "间接持股数": "",
      "从公司获得年度报酬总额": "994000",
      "补贴津贴": "",
      "变动原因说明": "",
      "是否在股东或关联单位领取报酬津贴": "否",
      "在任与否": "是"
    },
    {
      "领导人姓名": "李颖",
      "职位描述": "董事长、董事",
      "期初持股数": "0",
      "期末持股数": "0",
      "间接持股数": "",
      "从公司获得年度报酬总额": "0",
      "补贴津贴": "",
      "变动原因说明": "",
      "是否在股东或关联单位领取报酬津贴": "是",
      "在任与否": "否"
    },
    {
      "领导人姓名": "肖志涛",
      "职位描述": "董事",
      "期初持股数": "0",
      "期末持股数": "0",
      "间接持股数": "",
      "从公司获得年度报酬总额": "0",
      "补贴津贴": "",
      "变动原因说明": "",
      "是否在股东或关联单位领取报酬津贴": "是",
      "在任与否": "否"
    },
    {
      "领导人姓名": "陈海燕",
      "职位描述": "独立董事",
      "期初持股数": "0",
      "期末持股数": "0",
      "间接持股数": "",
      "从公司获得年度报酬总额": "90000",
      "补贴津贴": "",
      "变动原因说明": "",
      "是否在股东或关联单位领取报酬津贴": "否",
      "在任与否": "否"
    },
    {
      "领导人姓名": "庞文忠",
      "职位描述": "独立董事",
      "期初持股数": "0",
      "期末持股数": "0",
      "间接持股数": "",
      "从公司获得年度报酬总额": "90000",
      "补贴津贴": "",
      "变动原因说明": "",
      "是否在股东或关联单位领取报酬津贴": "否",
      "在任与否": "否"
    },
    {
      "领导人姓名": "宗文龙",
      "职位描述": "独立董事",
      "期初持股数": "0",
      "期末持股数": "0",
      "间接持股数": "",
      "从公司获得年度报酬总额": "90000",
      "补贴津贴": "",
      "变动原因说明": "",
      "是否在股东或关联单位领取报酬津贴": "否",
      "在任与否": "否"
    }
  ]
}

=== 600251-2026-04-18-冠农股份-新疆冠农股份有限公司2025年年度报告.pdf ===
{
  "Leader_Salary_data": {
    "实际所得报酬总额起始": "2207300",
    "实际所得报酬总额截止": "2207300",
    "实际所得报酬总额涉及人数": ""
  },
  "Leader_Hold_data": [
    {
      "领导人姓名": "刘中海",
      "职位描述": "董事长",
      "期初持股数": "",
      "期末持股数": "",
      "间接持股数": "",
      "从公司获得年度报酬总额": "",
      "补贴津贴": "",
      "变动原因说明": "",
      "是否在股东或关联单位领取报酬津贴": "是",
      "在任与否": "是"
    },
    {
      "领导人姓名": "张金焱",
      "职位描述": "董事",
      "期初持股数": "",
      "期末持股数": "",
      "间接持股数": "",
      "从公司获得年度报酬总额": "",
      "补贴津贴": "",
      "变动原因说明": "",
      "是否在股东或关联单位领取报酬津贴": "是",
      "在任与否": "是"
    },
    {
      "领导人姓名": "明东",
      "职位描述": "董事",
      "期初持股数": "",
      "期末持股数": "",
      "间接持股数": "",
      "从公司获得年度报酬总额": "",
      "补贴津贴": "",
      "变动原因说明": "",
      "是否在股东或关联单位领取报酬津贴": "是",
      "在任与否": "是"
    },
    {
      "领导人姓名": "孙保新",
      "职位描述": "总经理、董事",
      "期初持股数": "",
      "期末持股数": "",
      "间接持股数": "",
      "从公司获得年度报酬总额": "580000",
      "补贴津贴": "",
      "变动原因说明": "见说明1",
      "是否在股东或关联单位领取报酬津贴": "否",
      "在任与否": "是"
    },
    {
      "领导人姓名": "姚文英",
      "职位描述": "独立董事",
      "期初持股数": "",
      "期末持股数": "",
      "间接持股数": "",
      "从公司获得年度报酬总额": "46700",
      "补贴津贴": "",
      "变动原因说明": "",
      "是否在股东或关联单位领取报酬津贴": "否",
      "在任与否": "是"
    },
    {
      "领导人姓名": "王传兵",
      "职位描述": "独立董事",
      "期初持股数": "",
      "期末持股数": "",
      "间接持股数": "",
      "从公司获得年度报酬总额": "80000",
      "补贴津贴": "",
      "变动原因说明": "",
      "是否在股东或关联单位领取报酬津贴": "否",
      "在任与否": "是"
    },
    {
      "领导人姓名": "毕新胜",
      "职位描述": "独立董事",
      "期初持股数": "",
      "期末持股数": "",
      "间接持股数": "",
      "从公司获得年度报酬总额": "46700",
      "补贴津贴": "",
      "变动原因说明": "",
      "是否在股东或关联单位领取报酬津贴": "否",
      "在任与否": "是"
    },
    {
      "领导人姓名": "康晨",
      "职位描述": "独立董事",
      "期初持股数": "",
      "期末持股数": "",
      "间接持股数": "",
      "从公司获得年度报酬总额": "46700",
      "补贴津贴": "",
      "变动原因说明": "",
      "是否在股东或关联单位领取报酬津贴": "否",
      "在任与否": "是"
    },
    {
      "领导人姓名": "彭智茹",
      "职位描述": "职工董事",
      "期初持股数": "",
      "期末持股数": "",
      "间接持股数": "",
      "从公司获得年度报酬总额": "288000",
      "补贴津贴": "",
      "变动原因说明": "",
      "是否在股东或关联单位领取报酬津贴": "否",
      "在任与否": "是"
    },
    {
      "领导人姓名": "金建霞",
      "职位描述": "财务总监、董事会秘书、董事",
      "期初持股数": "",
      "期末持股数": "",
      "间接持股数": "",
      "从公司获得年度报酬总额": "493000",
      "补贴津贴": "",
      "变动原因说明": "",
      "是否在股东或关联单位领取报酬津贴": "否",
      "在任与否": "是"
    },
    {
      "领导人姓名": "张国玉",
      "职位描述": "副总经理",
      "期初持股数": "",
      "期末持股数": "",
      "间接持股数": "",
      "从公司获得年度报酬总额": "493000",
      "补贴津贴": "",
      "变动原因说明": "",
      "是否在股东或关联单位领取报酬津贴": "否",
      "在任与否": "是"
    },
    {
      "领导人姓名": "李小红",
      "职位描述": "董事",
      "期初持股数": "",
      "期末持股数": "",
      "间接持股数": "",
      "从公司获得年度报酬总额": "",
      "补贴津贴": "",
      "变动原因说明": "",
      "是否在股东或关联单位领取报酬津贴": "否",
      "在任与否": "否"
    },
    {
      "领导人姓名": "胡本源",
      "职位描述": "独立董事",
      "期初持股数": "",
      "期末持股数": "",
      "间接持股数": "",
      "从公司获得年度报酬总额": "33300",
      "补贴津贴": "",
      "变动原因说明": "",
      "是否在股东或关联单位领取报酬津贴": "否",
      "在任与否": "否"
    },
    {
      "领导人姓名": "李大明",
      "职位描述": "独立董事",
      "期初持股数": "",
      "期末持股数": "",
      "间接持股数": "",
      "从公司获得年度报酬总额": "33300",
      "补贴津贴": "",
      "变动原因说明": "",
      "是否在股东或关联单位领取报酬津贴": "否",
      "在任与否": "否"
    },
    {
      "领导人姓名": "何新益",
      "职位描述": "独立董事",
      "期初持股数": "",
      "期末持股数": "",
      "间接持股数": "",
      "从公司获得年度报酬总额": "33300",
      "补贴津贴": "",
      "变动原因说明": "",
      "是否在股东或关联单位领取报酬津贴": "否",
      "在任与否": "否"
    },
    {
      "领导人姓名": "万江春",
      "职位描述": "独立董事",
      "期初持股数": "",
      "期末持股数": "",
      "间接持股数": "",
      "从公司获得年度报酬总额": "33300",
      "补贴津贴": "",
      "变动原因说明": "",
      "是否在股东或关联单位领取报酬津贴": "否",
      "在任与否": "否"
    }
  ]
}

=== 600327-2026-04-18-大东方-大东方2025年年度报告.pdf ===
{
  "Leader_Salary_data": {
    "实际所得报酬总额起始": "5466900",
    "实际所得报酬总额截止": "5466900",
    "实际所得报酬总额涉及人数": ""
  },
  "Leader_Hold_data": [
    {
      "领导人姓名": "林乃机",
      "职位描述": "董事长",
      "期初持股数": "0",
      "期末持股数": "0",
      "间接持股数": "",
      "从公司获得年度报酬总额": "1222140",
      "补贴津贴": "",
      "变动原因说明": "",
      "是否在股东或关联单位领取报酬津贴": "否",
      "在任与否": "是"
    },
    {
      "领导人姓名": "席国良",
      "职位描述": "董事、总裁",
      "期初持股数": "41245",
      "期末持股数": "41245",
      "间接持股数": "",
      "从公司获得年度报酬总额": "1142140",
      "补贴津贴": "",
      "变动原因说明": "",
      "是否在股东或关联单位领取报酬津贴": "否",
      "在任与否": "是"
    },
    {
      "领导人姓名": "倪军",
      "职位描述": "董事",
      "期初持股数": "0",
      "期末持股数": "0",
      "间接持股数": "",
      "从公司获得年度报酬总额": "0",
      "补贴津贴": "",
      "变动原因说明": "",
      "是否在股东或关联单位领取报酬津贴": "是",
      "在任与否": "是"
    },
    {
      "领导人姓名": "朱晓明",
      "职位描述": "董事",
      "期初持股数": "0",
      "期末持股数": "0",
      "间接持股数": "",
      "从公司获得年度报酬总额": "0",
      "补贴津贴": "",
      "变动原因说明": "",
      "是否在股东或关联单位领取报酬津贴": "是",
      "在任与否": "是"
    },
    {
      "领导人姓名": "邵琼",
      "职位描述": "董事",
      "期初持股数": "0",
      "期末持股数": "0",
      "间接持股数": "",
      "从公司获得年度报酬总额": "0",
      "补贴津贴": "",
      "变动原因说明": "",
      "是否在股东或关联单位领取报酬津贴": "是",
      "在任与否": "是"
    },
    {
      "领导人姓名": "张中原",
      "职位描述": "董事、副总裁",
      "期初持股数": "0",
      "期末持股数": "0",
      "间接持股数": "",
      "从公司获得年度报酬总额": "622140",
      "补贴津贴": "",
      "变动原因说明": "",
      "是否在股东或关联单位领取报酬津贴": "否",
      "在任与否": "是"
    },
    {
      "领导人姓名": "居晓林",
      "职位描述": "独立董事",
      "期初持股数": "0",
      "期末持股数": "0",
      "间接持股数": "",
      "从公司获得年度报酬总额": "180000",
      "补贴津贴": "",
      "变动原因说明": "",
      "是否在股东或关联单位领取报酬津贴": "否",
      "在任与否": "是"
    },
    {
      "领导人姓名": "董慧",
      "职位描述": "独立董事",
      "期初持股数": "0",
      "期末持股数": "0",
      "间接持股数": "",
      "从公司获得年度报酬总额": "180000",
      "补贴津贴": "",
      "变动原因说明": "",
      "是否在股东或关联单位领取报酬津贴": "否",
      "在任与否": "是"
    },
    {
      "领导人姓名": "郑永强",
      "职位描述": "独立董事",
      "期初持股数": "0",
      "期末持股数": "0",
      "间接持股数": "",
      "从公司获得年度报酬总额": "180000",
      "补贴津贴": "",
      "变动原因说明": "",
      "是否在股东或关联单位领取报酬津贴": "否",
      "在任与否": "是"
    },
    {
      "领导人姓名": "朱宪",
      "职位描述": "副总裁",
      "期初持股数": "0",
      "期末持股数": "0",
      "间接持股数": "",
      "从公司获得年度报酬总额": "918140",
      "补贴津贴": "",
      "变动原因说明": "",
      "是否在股东或关联单位领取报酬津贴": "否",
      "在任与否": "是"
    },
    {
      "领导人姓名": "徐文武",
      "职位描述": "财务总监",
      "期初持股数": "0",
      "期末持股数": "0",
      "间接持股数": "",
      "从公司获得年度报酬总额": "552140",
      "补贴津贴": "",
      "变动原因说明": "",
      "是否在股东或关联单位领取报酬津贴": "否",
      "在任与否": "是"
    },
    {
      "领导人姓名": "陈辉",
      "职位描述": "董事会秘书",
      "期初持股数": "0",
      "期末持股数": "0",
      "间接持股数": "",
      "从公司获得年度报酬总额": "470182",
      "补贴津贴": "",
      "变动原因说明": "",
      "是否在股东或关联单位领取报酬津贴": "否",
      "在任与否": "是"
    }
  ]
}

=== 600303-2026-04-18-曙光股份-曙光股份2025年年度报告.pdf ===
{
  "Leader_Salary_data": {
    "实际所得报酬总额起始": "7508400",
    "实际所得报酬总额截止": "7508400",
    "实际所得报酬总额涉及人数": ""
  },
  "Leader_Hold_data": [
    {
      "领导人姓名": "权维",
      "职位描述": "董事长、董事、原副总裁",
      "期初持股数": "0",
      "期末持股数": "0",
      "间接持股数": "",
      "从公司获得年度报酬总额": "920500",
      "补贴津贴": "",
      "变动原因说明": "",
      "是否在股东或关联单位领取报酬津贴": "否",
      "在任与否": "是"
    },
    {
      "领导人姓名": "梁卫东",
      "职位描述": "董事",
      "期初持股数": "0",
      "期末持股数": "0",
      "间接持股数": "",
      "从公司获得年度报酬总额": "20000",
      "补贴津贴": "",
      "变动原因说明": "",
      "是否在股东或关联单位领取报酬津贴": "是",
      "在任与否": "是"
    },
    {
      "领导人姓名": "李全栋",
      "职位描述": "董事、总裁",
      "期初持股数": "1200000",
      "期末持股数": "1200000",
      "间接持股数": "",
      "从公司获得年度报酬总额": "1488100",
      "补贴津贴": "",
      "变动原因说明": "",
      "是否在股东或关联单位领取报酬津贴": "否",
      "在任与否": "是"
    },
    {
      "领导人姓名": "陈青",
      "职位描述": "董事",
      "期初持股数": "0",
      "期末持股数": "0",
      "间接持股数": "",
      "从公司获得年度报酬总额": "0",
      "补贴津贴": "",
      "变动原因说明": "",
      "是否在股东或关联单位领取报酬津贴": "是",
      "在任与否": "是"
    },
    {
      "领导人姓名": "孙建东",
      "职位描述": "职工董事、原董事",
      "期初持股数": "200000",
      "期末持股数": "200000",
      "间接持股数": "",
      "从公司获得年度报酬总额": "504000",
      "补贴津贴": "",
      "变动原因说明": "",
      "是否在股东或关联单位领取报酬津贴": "否",
      "在任与否": "是"
    },
    {
      "领导人姓名": "崔青莲",
      "职位描述": "独立董事",
      "期初持股数": "0",
      "期末持股数": "0",
      "间接持股数": "",
      "从公司获得年度报酬总额": "100000",
      "补贴津贴": "",
      "变动原因说明": "",
      "是否在股东或关联单位领取报酬津贴": "否",
      "在任与否": "是"
    },
    {
      "领导人姓名": "于敏",
      "职位描述": "独立董事",
      "期初持股数": "0",
      "期末持股数": "0",
      "间接持股数": "",
      "从公司获得年度报酬总额": "100000",
      "补贴津贴": "",
      "变动原因说明": "",
      "是否在股东或关联单位领取报酬津贴": "否",
      "在任与否": "是"
    },
    {
      "领导人姓名": "王旭",
      "职位描述": "独立董事",
      "期初持股数": "0",
      "期末持股数": "0",
      "间接持股数": "",
      "从公司获得年度报酬总额": "100000",
      "补贴津贴": "",
      "变动原因说明": "",
      "是否在股东或关联单位领取报酬津贴": "是",
      "在任与否": "是"
    },
    {
      "领导人姓名": "马浩旗",
      "职位描述": "副总裁、财务总监",
      "期初持股数": "400000",
      "期末持股数": "400000",
      "间接持股数": "",
      "从公司获得年度报酬总额": "819600",
      "补贴津贴": "",
      "变动原因说明": "",
      "是否在股东或关联单位领取报酬津贴": "否",
      "在任与否": "是"
    },
    {
      "领导人姓名": "连江",
      "职位描述": "副总裁",
      "期初持股数": "600000",
      "期末持股数": "600000",
      "间接持股数": "",
      "从公司获得年度报酬总额": "615800",
      "补贴津贴": "",
      "变动原因说明": "",
      "是否在股东或关联单位领取报酬津贴": "否",
      "在任与否": "是"
    },
    {
      "领导人姓名": "白晓亮",
      "职位描述": "副总裁",
      "期初持股数": "400000",
      "期末持股数": "400000",
      "间接持股数": "",
      "从公司获得年度报酬总额": "688800",
      "补贴津贴": "",
      "变动原因说明": "",
      "是否在股东或关联单位领取报酬津贴": "否",
      "在任与否": "是"
    },
    {
      "领导人姓名": "臧志斌",
      "职位描述": "董事会秘书",
      "期初持股数": "400000",
      "期末持股数": "400000",
      "间接持股数": "",
      "从公司获得年度报酬总额": "660000",
      "补贴津贴": "",
      "变动原因说明": "",
      "是否在股东或关联单位领取报酬津贴": "否",
      "在任与否": "是"
    },
    {
      "领导人姓名": "贾木云",
      "职位描述": "原董事长、原董事",
      "期初持股数": "9864801",
      "期末持股数": "9864801",
      "间接持股数": "",
      "从公司获得年度报酬总额": "1476600",
      "补贴津贴": "",
      "变动原因说明": "",
      "是否在股东或关联单位领取报酬津贴": "是",
      "在任与否": "否"
    },
    {
      "领导人姓名": "蒋婉",
      "职位描述": "原董事",
      "期初持股数": "0",
      "期末持股数": "0",
      "间接持股数": "",
      "从公司获得年度报酬总额": "15000",
      "补贴津贴": "",
      "变动原因说明": "",
      "是否在股东或关联单位领取报酬津贴": "否",
      "在任与否": "否"
    }
  ]
}

=== 600111-2026-04-18-北方稀土-北方稀土2025年度报告全文.pdf ===
{
  "Leader_Salary_data": {
    "实际所得报酬总额起始": "5678800",
    "实际所得报酬总额截止": "5678800",
    "实际所得报酬总额涉及人数": ""
  },
  "Leader_Hold_data": [
    {
      "领导人姓名": "刘培勋",
      "职位描述": "董事长",
      "期初持股数": "",
      "期末持股数": "",
      "间接持股数": "",
      "从公司获得年度报酬总额": "0",
      "补贴津贴": "",
      "变动原因说明": "",
      "是否在股东或关联单位领取报酬津贴": "是",
      "在任与否": "是"
    },
    {
      "领导人姓名": "汪辉文",
      "职位描述": "副董事长",
      "期初持股数": "",
      "期末持股数": "",
      "间接持股数": "",
      "从公司获得年度报酬总额": "70000",
      "补贴津贴": "",
      "变动原因说明": "",
      "是否在股东或关联单位领取报酬津贴": "是",
      "在任与否": "是"
    },
    {
      "领导人姓名": "瞿业栋",
      "职位描述": "董事、总经理",
      "期初持股数": "",
      "期末持股数": "",
      "间接持股数": "",
      "从公司获得年度报酬总额": "736100",
      "补贴津贴": "",
      "变动原因说明": "",
      "是否在股东或关联单位领取报酬津贴": "否",
      "在任与否": "是"
    },
    {
      "领导人姓名": "张庆峰",
      "职位描述": "董事、职工董事",
      "期初持股数": "",
      "期末持股数": "",
      "间接持股数": "",
      "从公司获得年度报酬总额": "624800",
      "补贴津贴": "",
      "变动原因说明": "",
      "是否在股东或关联单位领取报酬津贴": "否",
      "在任与否": "是"
    },
    {
      "领导人姓名": "吴永钢",
      "职位描述": "董事、董事会秘书、首席合规官",
      "期初持股数": "",
      "期末持股数": "",
      "间接持股数": "",
      "从公司获得年度报酬总额": "644700",
      "补贴津贴": "",
      "变动原因说明": "",
      "是否在股东或关联单位领取报酬津贴": "否",
      "在任与否": "是"
    },
    {
      "领导人姓名": "王昭明",
      "职位描述": "董事",
      "期初持股数": "",
      "期末持股数": "",
      "间接持股数": "",
      "从公司获得年度报酬总额": "0",
      "补贴津贴": "",
      "变动原因说明": "",
      "是否在股东或关联单位领取报酬津贴": "是",
      "在任与否": "是"
    },
    {
      "领导人姓名": "宋泠",
      "职位描述": "董事、财务总监",
      "期初持股数": "",
      "期末持股数": "",
      "间接持股数": "",
      "从公司获得年度报酬总额": "594900",
      "补贴津贴": "",
      "变动原因说明": "",
      "是否在股东或关联单位领取报酬津贴": "否",
      "在任与否": "是"
    },
    {
      "领导人姓名": "杨志强",
      "职位描述": "董事",
      "期初持股数": "",
      "期末持股数": "",
      "间接持股数": "",
      "从公司获得年度报酬总额": "0",
      "补贴津贴": "",
      "变动原因说明": "",
      "是否在股东或关联单位领取报酬津贴": "是",
      "在任与否": "是"
    },
    {
      "领导人姓名": "李晓燕",
      "职位描述": "董事",
      "期初持股数": "",
      "期末持股数": "",
      "间接持股数": "",
      "从公司获得年度报酬总额": "2900",
      "补贴津贴": "",
      "变动原因说明": "",
      "是否在股东或关联单位领取报酬津贴": "是",
      "在任与否": "是"
    },
    {
      "领导人姓名": "白宝生",
      "职位描述": "原董事",
      "期初持股数": "",
      "期末持股数": "",
      "间接持股数": "",
      "从公司获得年度报酬总额": "0",
      "补贴津贴": "",
      "变动原因说明": "",
      "是否在股东或关联单位领取报酬津贴": "是",
      "在任与否": "否"
    },
    {
      "领导人姓名": "张丽华",
      "职位描述": "原董事",
      "期初持股数": "",
      "期末持股数": "",
      "间接持股数": "",
      "从公司获得年度报酬总额": "61300",
      "补贴津贴": "",
      "变动原因说明": "",
      "是否在股东或关联单位领取报酬津贴": "是",
      "在任与否": "否"
    },
    {
      "领导人姓名": "李星国",
      "职位描述": "独立董事",
      "期初持股数": "",
      "期末持股数": "",
      "间接持股数": "",
      "从公司获得年度报酬总额": "70000",
      "补贴津贴": "",
      "变动原因说明": "",
      "是否在股东或关联单位领取报酬津贴": "否",
      "在任与否": "是"
    },
    {
      "领导人姓名": "戴璐",
      "职位描述": "独立董事",
      "期初持股数": "",
      "期末持股数": "",
      "间接持股数": "",
      "从公司获得年度报酬总额": "70000",
      "补贴津贴": "",
      "变动原因说明": "",
      "是否在股东或关联单位领取报酬津贴": "否",
      "在任与否": "是"
    },
    {
      "领导人姓名": "杨文浩",
      "职位描述": "独立董事",
      "期初持股数": "",
      "期末持股数": "",
      "间接持股数": "",
      "从公司获得年度报酬总额": "55400",
      "补贴津贴": "",
      "变动原因说明": "",
      "是否在股东或关联单位领取报酬津贴": "否",
      "在任与否": "是"
    },
    {
      "领导人姓名": "吴绍朋",
      "职位描述": "独立董事",
      "期初持股数": "",
      "期末持股数": "",
      "间接持股数": "",
      "从公司获得年度报酬总额": "55400",
      "补贴津贴": "",
      "变动原因说明": "",
      "是否在股东或关联单位领取报酬津贴": "否",
      "在任与否": "是"
    },
    {
      "领导人姓名": "徐佳宾",
      "职位描述": "独立董事",
      "期初持股数": "",
      "期末持股数": "",
      "间接持股数": "",
      "从公司获得年度报酬总额": "2900",
      "补贴津贴": "",
      "变动原因说明": "",
      "是否在股东或关联单位领取报酬津贴": "否",
      "在任与否": "是"
    },
    {
      "领导人姓名": "祝社民",
      "职位描述": "原独立董事",
      "期初持股数": "",
      "期末持股数": "",
      "间接持股数": "",
      "从公司获得年度报酬总额": "14600",
      "补贴津贴": "",
      "变动原因说明": "",
      "是否在股东或关联单位领取报酬津贴": "否",
      "在任与否": "否"
    },
    {
      "领导人姓名": "王晓铁",
      "职位描述": "原独立董事",
      "期初持股数": "",
      "期末持股数": "",
      "间接持股数": "",
      "从公司获得年度报酬总额": "14600",
      "补贴津贴": "",
      "变动原因说明": "",
      "是否在股东或关联单位领取报酬津贴": "否",
      "在任与否": "否"
    },
    {
      "领导人姓名": "杜颖",
      "职位描述": "原独立董事",
      "期初持股数": "",
      "期末持股数": "",
      "间接持股数": "",
      "从公司获得年度报酬总额": "67100",
      "补贴津贴": "",
      "变动原因说明": "",
      "是否在股东或关联单位领取报酬津贴": "否",
      "在任与否": "否"
    },
    {
      "领导人姓名": "赵治华",
      "职位描述": "总工程师",
      "期初持股数": "23760",
      "期末持股数": "23760",
      "间接持股数": "",
      "从公司获得年度报酬总额": "547700",
      "补贴津贴": "",
      "变动原因说明": "",
      "是否在股东或关联单位领取报酬津贴": "否",
      "在任与否": "是"
    },
    {
      "领导人姓名": "许晨阳",
      "职位描述": "副总经理",
      "期初持股数": "",
      "期末持股数": "",
      "间接持股数": "",
      "从公司获得年度报酬总额": "596400",
      "补贴津贴": "",
      "变动原因说明": "",
      "是否在股东或关联单位领取报酬津贴": "否",
      "在任与否": "是"
    },
    {
      "领导人姓名": "刘见强",
      "职位描述": "副总经理",
      "期初持股数": "",
      "期末持股数": "",
      "间接持股数": "",
      "从公司获得年度报酬总额": "627700",
      "补贴津贴": "",
      "变动原因说明": "",
      "是否在股东或关联单位领取报酬津贴": "否",
      "在任与否": "是"
    },
    {
      "领导人姓名": "廉华",
      "职位描述": "副总经理",
      "期初持股数": "",
      "期末持股数": "",
      "间接持股数": "",
      "从公司获得年度报酬总额": "822300",
      "补贴津贴": "",
      "变动原因说明": "",
      "是否在股东或关联单位领取报酬津贴": "否",
      "在任与否": "是"
    },
    {
      "领导人姓名": "韩瑞",
      "职位描述": "副总经理",
      "期初持股数": "",
      "期末持股数": "",
      "间接持股数": "",
      "从公司获得年度报酬总额": "0",
      "补贴津贴": "",
      "变动原因说明": "",
      "是否在股东或关联单位领取报酬津贴": "否",
      "在任与否": "是"
    }
  ]
}

=== 600271-2026-04-18-航天信息-航天信息股份有限公司2025年年度报告.pdf ===
{
  "Leader_Salary_data": {
    "实际所得报酬总额起始": "8931700",
    "实际所得报酬总额截止": "8931700",
    "实际所得报酬总额涉及人数": ""
  },
  "Leader_Hold_data": [
    {
      "领导人姓名": "张镝",
      "职位描述": "董事、董事长",
      "期初持股数": "0",
      "期末持股数": "0",
      "间接持股数": "",
      "从公司获得年度报酬总额": "0",
      "补贴津贴": "",
      "变动原因说明": "",
      "是否在股东或关联单位领取报酬津贴": "是",
      "在任与否": "是"
    },
    {
      "领导人姓名": "陈荣兴",
      "职位描述": "董事、总经理",
      "期初持股数": "30000",
      "期末持股数": "30000",
      "间接持股数": "",
      "从公司获得年度报酬总额": "1199400",
      "补贴津贴": "",
      "变动原因说明": "",
      "是否在股东或关联单位领取报酬津贴": "否",
      "在任与否": "是"
    },
    {
      "领导人姓名": "宋友军",
      "职位描述": "董事",
      "期初持股数": "0",
      "期末持股数": "0",
      "间接持股数": "",
      "从公司获得年度报酬总额": "0",
      "补贴津贴": "",
      "变动原因说明": "",
      "是否在股东或关联单位领取报酬津贴": "是",
      "在任与否": "是"
    },
    {
      "领导人姓名": "王清胤",
      "职位描述": "董事",
      "期初持股数": "0",
      "期末持股数": "0",
      "间接持股数": "",
      "从公司获得年度报酬总额": "0",
      "补贴津贴": "",
      "变动原因说明": "",
      "是否在股东或关联单位领取报酬津贴": "是",
      "在任与否": "是"
    },
    {
      "领导人姓名": "姚宇红",
      "职位描述": "董事",
      "期初持股数": "0",
      "期末持股数": "0",
      "间接持股数": "",
      "从公司获得年度报酬总额": "0",
      "补贴津贴": "",
      "变动原因说明": "",
      "是否在股东或关联单位领取报酬津贴": "是",
      "在任与否": "是"
    },
    {
      "领导人姓名": "张玉杰",
      "职位描述": "独立董事",
      "期初持股数": "0",
      "期末持股数": "0",
      "间接持股数": "",
      "从公司获得年度报酬总额": "142900",
      "补贴津贴": "",
      "变动原因说明": "",
      "是否在股东或关联单位领取报酬津贴": "否",
      "在任与否": "是"
    },
    {
      "领导人姓名": "陈钟",
      "职位描述": "独立董事",
      "期初持股数": "0",
      "期末持股数": "0",
      "间接持股数": "",
      "从公司获得年度报酬总额": "142900",
      "补贴津贴": "",
      "变动原因说明": "",
      "是否在股东或关联单位领取报酬津贴": "否",
      "在任与否": "是"
    },
    {
      "领导人姓名": "韩菲",
      "职位描述": "独立董事",
      "期初持股数": "0",
      "期末持股数": "0",
      "间接持股数": "",
      "从公司获得年度报酬总额": "142900",
      "补贴津贴": "",
      "变动原因说明": "",
      "是否在股东或关联单位领取报酬津贴": "否",
      "在任与否": "是"
    },
    {
      "领导人姓名": "孙岩",
      "职位描述": "职工董事",
      "期初持股数": "0",
      "期末持股数": "0",
      "间接持股数": "",
      "从公司获得年度报酬总额": "219400",
      "补贴津贴": "",
      "变动原因说明": "",
      "是否在股东或关联单位领取报酬津贴": "否",
      "在任与否": "是"
    },
    {
      "领导人姓名": "张萍",
      "职位描述": "副总经理",
      "期初持股数": "0",
      "期末持股数": "0",
      "间接持股数": "",
      "从公司获得年度报酬总额": "1012500",
      "补贴津贴": "",
      "变动原因说明": "",
      "是否在股东或关联单位领取报酬津贴": "否",
      "在任与否": "是"
    },
    {
      "领导人姓名": "马振洲",
      "职位描述": "副总经理、董事会秘书",
      "期初持股数": "28520",
      "期末持股数": "28520",
      "间接持股数": "",
      "从公司获得年度报酬总额": "1011200",
      "补贴津贴": "",
      "变动原因说明": "",
      "是否在股东或关联单位领取报酬津贴": "否",
      "在任与否": "是"
    },
    {
      "领导人姓名": "高宇明",
      "职位描述": "财务总监、法律顾问",
      "期初持股数": "0",
      "期末持股数": "0",
      "间接持股数": "",
      "从公司获得年度报酬总额": "967900",
      "补贴津贴": "",
      "变动原因说明": "",
      "是否在股东或关联单位领取报酬津贴": "否",
      "在任与否": "是"
    },
    {
      "领导人姓名": "刘海法",
      "职位描述": "副总经理",
      "期初持股数": "20000",
      "期末持股数": "20000",
      "间接持股数": "",
      "从公司获得年度报酬总额": "952300",
      "补贴津贴": "",
      "变动原因说明": "",
      "是否在股东或关联单位领取报酬津贴": "否",
      "在任与否": "是"
    },
    {
      "领导人姓名": "杨为琛",
      "职位描述": "副总经理",
      "期初持股数": "0",
      "期末持股数": "0",
      "间接持股数": "",
      "从公司获得年度报酬总额": "939000",
      "补贴津贴": "",
      "变动原因说明": "",
      "是否在股东或关联单位领取报酬津贴": "否",
      "在任与否": "是"
    },
    {
      "领导人姓名": "支俊辉",
      "职位描述": "副总经理",
      "期初持股数": "0",
      "期末持股数": "0",
      "间接持股数": "",
      "从公司获得年度报酬总额": "939000",
      "补贴津贴": "",
      "变动原因说明": "",
      "是否在股东或关联单位领取报酬津贴": "否",
      "在任与否": "是"
    },
    {
      "领导人姓名": "马天晖",
      "职位描述": "董事、董事长",
      "期初持股数": "0",
      "期末持股数": "0",
      "间接持股数": "",
      "从公司获得年度报酬总额": "618800",
      "补贴津贴": "",
      "变动原因说明": "",
      "是否在股东或关联单位领取报酬津贴": "否",
      "在任与否": "否"
    },
    {
      "领导人姓名": "杨嘉伟",
      "职位描述": "董事",
      "期初持股数": "0",
      "期末持股数": "0",
      "间接持股数": "",
      "从公司获得年度报酬总额": "0",
      "补贴津贴": "",
      "变动原因说明": "",
      "是否在股东或关联单位领取报酬津贴": "是",
      "在任与否": "否"
    },
    {
      "领导人姓名": "王大伟",
      "职位描述": "董事",
      "期初持股数": "0",
      "期末持股数": "0",
      "间接持股数": "",
      "从公司获得年度报酬总额": "0",
      "补贴津贴": "",
      "变动原因说明": "",
      "是否在股东或关联单位领取报酬津贴": "是",
      "在任与否": "否"
    },
    {
      "领导人姓名": "赵晓燕",
      "职位描述": "董事",
      "期初持股数": "0",
      "期末持股数": "0",
      "间接持股数": "",
      "从公司获得年度报酬总额": "0",
      "补贴津贴": "",
      "变动原因说明": "",
      "是否在股东或关联单位领取报酬津贴": "否",
      "在任与否": "否"
    },
    {
      "领导人姓名": "周振浩",
      "职位描述": "副总经理",
      "期初持股数": "0",
      "期末持股数": "0",
      "间接持股数": "",
      "从公司获得年度报酬总额": "643500",
      "补贴津贴": "",
      "变动原因说明": "",
      "是否在股东或关联单位领取报酬津贴": "否",
      "在任与否": "否"
    }
  ]
}

=== 600368-2026-04-18-五洲交通-广西五洲交通股份有限公司2025年年度报告.pdf ===
{
  "Leader_Salary_data": {
    "实际所得报酬总额起始": "3664800",
    "实际所得报酬总额截止": "3664800",
    "实际所得报酬总额涉及人数": ""
  },
  "Leader_Hold_data": [
    {
      "领导人姓名": "吴忠杰",
      "职位描述": "董事长",
      "期初持股数": "0",
      "期末持股数": "0",
      "间接持股数": "",
      "从公司获得年度报酬总额": "189600",
      "补贴津贴": "",
      "变动原因说明": "",
      "是否在股东或关联单位领取报酬津贴": "否",
      "在任与否": "是"
    },
    {
      "领导人姓名": "杨旭东",
      "职位描述": "副董事长",
      "期初持股数": "0",
      "期末持股数": "0",
      "间接持股数": "",
      "从公司获得年度报酬总额": "66000",
      "补贴津贴": "",
      "变动原因说明": "",
      "是否在股东或关联单位领取报酬津贴": "是",
      "在任与否": "是"
    },
    {
      "领导人姓名": "许国平",
      "职位描述": "副董事长、总经理",
      "期初持股数": "0",
      "期末持股数": "0",
      "间接持股数": "",
      "从公司获得年度报酬总额": "701100",
      "补贴津贴": "",
      "变动原因说明": "",
      "是否在股东或关联单位领取报酬津贴": "否",
      "在任与否": "是"
    },
    {
      "领导人姓名": "张劢",
      "职位描述": "职工董事、工会主席",
      "期初持股数": "0",
      "期末持股数": "0",
      "间接持股数": "",
      "从公司获得年度报酬总额": "611500",
      "补贴津贴": "",
      "变动原因说明": "",
      "是否在股东或关联单位领取报酬津贴": "否",
      "在任与否": "是"
    },
    {
      "领导人姓名": "黄英强",
      "职位描述": "董事、副总经理、总法律顾问、首席合规官",
      "期初持股数": "0",
      "期末持股数": "0",
      "间接持股数": "",
      "从公司获得年度报酬总额": "613500",
      "补贴津贴": "",
      "变动原因说明": "",
      "是否在股东或关联单位领取报酬津贴": "否",
      "在任与否": "是"
    },
    {
      "领导人姓名": "玉莉",
      "职位描述": "董事、副总经理、总会计师、董事会秘书",
      "期初持股数": "0",
      "期末持股数": "0",
      "间接持股数": "",
      "从公司获得年度报酬总额": "588500",
      "补贴津贴": "",
      "变动原因说明": "",
      "是否在股东或关联单位领取报酬津贴": "否",
      "在任与否": "是"
    },
    {
      "领导人姓名": "王小雪",
      "职位描述": "董事",
      "期初持股数": "0",
      "期末持股数": "0",
      "间接持股数": "",
      "从公司获得年度报酬总额": "0",
      "补贴津贴": "",
      "变动原因说明": "",
      "是否在股东或关联单位领取报酬津贴": "是",
      "在任与否": "是"
    },
    {
      "领导人姓名": "杨建国",
      "职位描述": "董事",
      "期初持股数": "0",
      "期末持股数": "0",
      "间接持股数": "",
      "从公司获得年度报酬总额": "0",
      "补贴津贴": "",
      "变动原因说明": "",
      "是否在股东或关联单位领取报酬津贴": "是",
      "在任与否": "是"
    },
    {
      "领导人姓名": "李崇刚",
      "职位描述": "独立董事",
      "期初持股数": "0",
      "期末持股数": "0",
      "间接持股数": "",
      "从公司获得年度报酬总额": "84000",
      "补贴津贴": "",
      "变动原因说明": "",
      "是否在股东或关联单位领取报酬津贴": "否",
      "在任与否": "是"
    },
    {
      "领导人姓名": "张国军",
      "职位描述": "独立董事",
      "期初持股数": "0",
      "期末持股数": "0",
      "间接持股数": "",
      "从公司获得年度报酬总额": "0",
      "补贴津贴": "",
      "变动原因说明": "",
      "是否在股东或关联单位领取报酬津贴": "否",
      "在任与否": "是"
    },
    {
      "领导人姓名": "梁淑红",
      "职位描述": "独立董事",
      "期初持股数": "0",
      "期末持股数": "0",
      "间接持股数": "",
      "从公司获得年度报酬总额": "0",
      "补贴津贴": "",
      "变动原因说明": "",
      "是否在股东或关联单位领取报酬津贴": "否",
      "在任与否": "是"
    },
    {
      "领导人姓名": "于博",
      "职位描述": "独立董事",
      "期初持股数": "0",
      "期末持股数": "0",
      "间接持股数": "",
      "从公司获得年度报酬总额": "0",
      "补贴津贴": "",
      "变动原因说明": "",
      "是否在股东或关联单位领取报酬津贴": "否",
      "在任与否": "是"
    },
    {
      "领导人姓名": "周异助",
      "职位描述": "董事长",
      "期初持股数": "0",
      "期末持股数": "0",
      "间接持股数": "",
      "从公司获得年度报酬总额": "529000",
      "补贴津贴": "",
      "变动原因说明": "",
      "是否在股东或关联单位领取报酬津贴": "否",
      "在任与否": "否"
    },
    {
      "领导人姓名": "孟杰",
      "职位描述": "董事",
      "期初持股数": "0",
      "期末持股数": "0",
      "间接持股数": "",
      "从公司获得年度报酬总额": "29600",
      "补贴津贴": "",
      "变动原因说明": "",
      "是否在股东或关联单位领取报酬津贴": "是",
      "在任与否": "否"
    },
    {
      "领导人姓名": "邵旭东",
      "职位描述": "独立董事",
      "期初持股数": "0",
      "期末持股数": "0",
      "间接持股数": "",
      "从公司获得年度报酬总额": "84000",
      "补贴津贴": "",
      "变动原因说明": "",
      "是否在股东或关联单位领取报酬津贴": "否",
      "在任与否": "否"
    },
    {
      "领导人姓名": "廖东声",
      "职位描述": "独立董事",
      "期初持股数": "0",
      "期末持股数": "0",
      "间接持股数": "",
      "从公司获得年度报酬总额": "84000",
      "补贴津贴": "",
      "变动原因说明": "",
      "是否在股东或关联单位领取报酬津贴": "否",
      "在任与否": "否"
    },
    {
      "领导人姓名": "莫伟华",
      "职位描述": "独立董事",
      "期初持股数": "0",
      "期末持股数": "0",
      "间接持股数": "",
      "从公司获得年度报酬总额": "84000",
      "补贴津贴": "",
      "变动原因说明": "",
      "是否在股东或关联单位领取报酬津贴": "否",
      "在任与否": "否"
    }
  ]
}

=== 600390-2026-04-18-五矿资本-五矿资本股份有限公司2025年年度报告.pdf ===
{
  "Leader_Salary_data": {
    "实际所得报酬总额起始": "7139600",
    "实际所得报酬总额截止": "7139600",
    "实际所得报酬总额涉及人数": ""
  },
  "Leader_Hold_data": [
    {
      "领导人姓名": "赵立功",
      "职位描述": "董事长、董事",
      "期初持股数": "0",
      "期末持股数": "0",
      "间接持股数": "",
      "从公司获得年度报酬总额": "944000",
      "补贴津贴": "",
      "变动原因说明": "",
      "是否在股东或关联单位领取报酬津贴": "",
      "在任与否": "是"
    },
    {
      "领导人姓名": "陈辉",
      "职位描述": "董事、总经理、董事会秘书（离任）",
      "期初持股数": "0",
      "期末持股数": "0",
      "间接持股数": "",
      "从公司获得年度报酬总额": "964500",
      "补贴津贴": "",
      "变动原因说明": "",
      "是否在股东或关联单位领取报酬津贴": "",
      "在任与否": "是"
    },
    {
      "领导人姓名": "梁建波",
      "职位描述": "董事、职工董事",
      "期初持股数": "0",
      "期末持股数": "0",
      "间接持股数": "",
      "从公司获得年度报酬总额": "741400",
      "补贴津贴": "",
      "变动原因说明": "",
      "是否在股东或关联单位领取报酬津贴": "",
      "在任与否": "是"
    },
    {
      "领导人姓名": "任建华",
      "职位描述": "董事",
      "期初持股数": "0",
      "期末持股数": "0",
      "间接持股数": "",
      "从公司获得年度报酬总额": "80000",
      "补贴津贴": "",
      "变动原因说明": "",
      "是否在股东或关联单位领取报酬津贴": "",
      "在任与否": "是"
    },
    {
      "领导人姓名": "杜维吾",
      "职位描述": "董事",
      "期初持股数": "0",
      "期末持股数": "0",
      "间接持股数": "",
      "从公司获得年度报酬总额": "591200",
      "补贴津贴": "",
      "变动原因说明": "",
      "是否在股东或关联单位领取报酬津贴": "",
      "在任与否": "是"
    },
    {
      "领导人姓名": "赵晓红",
      "职位描述": "董事",
      "期初持股数": "0",
      "期末持股数": "0",
      "间接持股数": "",
      "从公司获得年度报酬总额": "100000",
      "补贴津贴": "",
      "变动原因说明": "",
      "是否在股东或关联单位领取报酬津贴": "",
      "在任与否": "是"
    },
    {
      "领导人姓名": "王彦超",
      "职位描述": "独立董事",
      "期初持股数": "0",
      "期末持股数": "0",
      "间接持股数": "",
      "从公司获得年度报酬总额": "200000",
      "补贴津贴": "",
      "变动原因说明": "",
      "是否在股东或关联单位领取报酬津贴": "",
      "在任与否": "是"
    },
    {
      "领导人姓名": "张子学",
      "职位描述": "独立董事",
      "期初持股数": "0",
      "期末持股数": "0",
      "间接持股数": "",
      "从公司获得年度报酬总额": "200000",
      "补贴津贴": "",
      "变动原因说明": "",
      "是否在股东或关联单位领取报酬津贴": "",
      "在任与否": "是"
    },
    {
      "领导人姓名": "李正强",
      "职位描述": "独立董事",
      "期初持股数": "0",
      "期末持股数": "0",
      "间接持股数": "",
      "从公司获得年度报酬总额": "200000",
      "补贴津贴": "",
      "变动原因说明": "",
      "是否在股东或关联单位领取报酬津贴": "",
      "在任与否": "是"
    },
    {
      "领导人姓名": "叶志翔",
      "职位描述": "财务总监、董事会秘书",
      "期初持股数": "0",
      "期末持股数": "0",
      "间接持股数": "",
      "从公司获得年度报酬总额": "161700",
      "补贴津贴": "",
      "变动原因说明": "",
      "是否在股东或关联单位领取报酬津贴": "",
      "在任与否": "是"
    },
    {
      "领导人姓名": "谢颖",
      "职位描述": "副总经理、总经理助理（首席风险官）（离任）",
      "期初持股数": "0",
      "期末持股数": "0",
      "间接持股数": "",
      "从公司获得年度报酬总额": "1256800",
      "补贴津贴": "",
      "变动原因说明": "",
      "是否在股东或关联单位领取报酬津贴": "",
      "在任与否": "是"
    },
    {
      "领导人姓名": "周敏",
      "职位描述": "总法律顾问",
      "期初持股数": "0",
      "期末持股数": "0",
      "间接持股数": "",
      "从公司获得年度报酬总额": "967800",
      "补贴津贴": "",
      "变动原因说明": "",
      "是否在股东或关联单位领取报酬津贴": "",
      "在任与否": "是"
    },
    {
      "领导人姓名": "郭泽林",
      "职位描述": "副总经理（离任）",
      "期初持股数": "0",
      "期末持股数": "0",
      "间接持股数": "",
      "从公司获得年度报酬总额": "732200",
      "补贴津贴": "",
      "变动原因说明": "",
      "是否在股东或关联单位领取报酬津贴": "",
      "在任与否": "否"
    }
  ]
}

=== 600373-2026-04-18-中文传媒-中文传媒2025年年度报告（全文）.pdf ===
{
  "Leader_Salary_data": {
    "实际所得报酬总额起始": "5148500",
    "实际所得报酬总额截止": "5148500",
    "实际所得报酬总额涉及人数": ""
  },
  "Leader_Hold_data": [
    {
      "领导人姓名": "吴卫东",
      "职位描述": "副董事长",
      "期初持股数": "0",
      "期末持股数": "0",
      "间接持股数": "",
      "从公司获得年度报酬总额": "0",
      "补贴津贴": "",
      "变动原因说明": "",
      "是否在股东或关联单位领取报酬津贴": "是",
      "在任与否": "是"
    },
    {
      "领导人姓名": "夏玉峰",
      "职位描述": "董事",
      "期初持股数": "0",
      "期末持股数": "0",
      "间接持股数": "",
      "从公司获得年度报酬总额": "0",
      "补贴津贴": "",
      "变动原因说明": "",
      "是否在股东或关联单位领取报酬津贴": "否",
      "在任与否": "是"
    },
    {
      "领导人姓名": "吴涤",
      "职位描述": "执行董事、总经理",
      "期初持股数": "61000",
      "期末持股数": "61000",
      "间接持股数": "",
      "从公司获得年度报酬总额": "888700",
      "补贴津贴": "",
      "变动原因说明": "",
      "是否在股东或关联单位领取报酬津贴": "否",
      "在任与否": "是"
    },
    {
      "领导人姓名": "汪维国",
      "职位描述": "董事",
      "期初持股数": "0",
      "期末持股数": "0",
      "间接持股数": "",
      "从公司获得年度报酬总额": "0",
      "补贴津贴": "",
      "变动原因说明": "",
      "是否在股东或关联单位领取报酬津贴": "是",
      "在任与否": "是"
    },
    {
      "领导人姓名": "张其洪",
      "职位描述": "董事",
      "期初持股数": "67500",
      "期末持股数": "67500",
      "间接持股数": "",
      "从公司获得年度报酬总额": "0",
      "补贴津贴": "",
      "变动原因说明": "",
      "是否在股东或关联单位领取报酬津贴": "否",
      "在任与否": "是"
    },
    {
      "领导人姓名": "蒋定平",
      "职位描述": "董事",
      "期初持股数": "0",
      "期末持股数": "0",
      "间接持股数": "",
      "从公司获得年度报酬总额": "0",
      "补贴津贴": "",
      "变动原因说明": "",
      "是否在股东或关联单位领取报酬津贴": "否",
      "在任与否": "是"
    },
    {
      "领导人姓名": "李汉国",
      "职位描述": "独立董事",
      "期初持股数": "0",
      "期末持股数": "0",
      "间接持股数": "",
      "从公司获得年度报酬总额": "90000",
      "补贴津贴": "90000",
      "变动原因说明": "",
      "是否在股东或关联单位领取报酬津贴": "否",
      "在任与否": "是"
    },
    {
      "领导人姓名": "涂书田",
      "职位描述": "独立董事",
      "期初持股数": "0",
      "期末持股数": "0",
      "间接持股数": "",
      "从公司获得年度报酬总额": "90000",
      "补贴津贴": "90000",
      "变动原因说明": "",
      "是否在股东或关联单位领取报酬津贴": "否",
      "在任与否": "是"
    },
    {
      "领导人姓名": "廖县生",
      "职位描述": "独立董事",
      "期初持股数": "0",
      "期末持股数": "0",
      "间接持股数": "",
      "从公司获得年度报酬总额": "90000",
      "补贴津贴": "90000",
      "变动原因说明": "",
      "是否在股东或关联单位领取报酬津贴": "否",
      "在任与否": "是"
    },
    {
      "领导人姓名": "姜帆",
      "职位描述": "独立董事",
      "期初持股数": "0",
      "期末持股数": "0",
      "间接持股数": "",
      "从公司获得年度报酬总额": "90000",
      "补贴津贴": "90000",
      "变动原因说明": "",
      "是否在股东或关联单位领取报酬津贴": "否",
      "在任与否": "是"
    },
    {
      "领导人姓名": "饶威",
      "职位描述": "独立董事",
      "期初持股数": "0",
      "期末持股数": "0",
      "间接持股数": "",
      "从公司获得年度报酬总额": "90000",
      "补贴津贴": "90000",
      "变动原因说明": "",
      "是否在股东或关联单位领取报酬津贴": "否",
      "在任与否": "是"
    },
    {
      "领导人姓名": "凌卫",
      "职位描述": "董事长",
      "期初持股数": "0",
      "期末持股数": "0",
      "间接持股数": "",
      "从公司获得年度报酬总额": "0",
      "补贴津贴": "",
      "变动原因说明": "",
      "是否在股东或关联单位领取报酬津贴": "否",
      "在任与否": "否"
    },
    {
      "领导人姓名": "周照云",
      "职位描述": "副总经理",
      "期初持股数": "0",
      "期末持股数": "0",
      "间接持股数": "",
      "从公司获得年度报酬总额": "837500",
      "补贴津贴": "",
      "变动原因说明": "",
      "是否在股东或关联单位领取报酬津贴": "否",
      "在任与否": "是"
    },
    {
      "领导人姓名": "李学群",
      "职位描述": "副总经理",
      "期初持股数": "0",
      "期末持股数": "0",
      "间接持股数": "",
      "从公司获得年度报酬总额": "737400",
      "补贴津贴": "",
      "变动原因说明": "",
      "是否在股东或关联单位领取报酬津贴": "否",
      "在任与否": "是"
    },
    {
      "领导人姓名": "毛剑波",
      "职位描述": "董事会秘书",
      "期初持股数": "0",
      "期末持股数": "0",
      "间接持股数": "",
      "从公司获得年度报酬总额": "828000",
      "补贴津贴": "",
      "变动原因说明": "",
      "是否在股东或关联单位领取报酬津贴": "否",
      "在任与否": "是"
    },
    {
      "领导人姓名": "游道勤",
      "职位描述": "总编辑",
      "期初持股数": "0",
      "期末持股数": "0",
      "间接持股数": "",
      "从公司获得年度报酬总额": "614400",
      "补贴津贴": "",
      "变动原因说明": "",
      "是否在股东或关联单位领取报酬津贴": "否",
      "在任与否": "否"
    },
    {
      "领导人姓名": "陈佳羚",
      "职位描述": "副总经理",
      "期初持股数": "0",
      "期末持股数": "0",
      "间接持股数": "",
      "从公司获得年度报酬总额": "792500",
      "补贴津贴": "",
      "变动原因说明": "",
      "是否在股东或关联单位领取报酬津贴": "否",
      "在任与否": "否"
    }
  ]
}

=== 600221-2026-04-18-海航控股-2025年年度报告.pdf ===
{
  "Leader_Salary_data": {
    "实际所得报酬总额起始": "12413500",
    "实际所得报酬总额截止": "12413500",
    "实际所得报酬总额涉及人数": ""
  },
  "Leader_Hold_data": [
    {
      "领导人姓名": "祝涛",
      "职位描述": "董事长、董事",
      "期初持股数": "0",
      "期末持股数": "0",
      "间接持股数": "",
      "从公司获得年度报酬总额": "2008700",
      "补贴津贴": "",
      "变动原因说明": "",
      "是否在股东或关联单位领取报酬津贴": "否",
      "在任与否": "是"
    },
    {
      "领导人姓名": "吴锋",
      "职位描述": "副董事长、董事",
      "期初持股数": "34200",
      "期末持股数": "34200",
      "间接持股数": "",
      "从公司获得年度报酬总额": "",
      "补贴津贴": "",
      "变动原因说明": "",
      "是否在股东或关联单位领取报酬津贴": "是",
      "在任与否": "是"
    },
    {
      "领导人姓名": "余超杰",
      "职位描述": "董事、总裁",
      "期初持股数": "0",
      "期末持股数": "0",
      "间接持股数": "",
      "从公司获得年度报酬总额": "900700",
      "补贴津贴": "",
      "变动原因说明": "",
      "是否在股东或关联单位领取报酬津贴": "否",
      "在任与否": "是"
    },
    {
      "领导人姓名": "丁拥政",
      "职位描述": "董事",
      "期初持股数": "0",
      "期末持股数": "0",
      "间接持股数": "",
      "从公司获得年度报酬总额": "0",
      "补贴津贴": "",
      "变动原因说明": "",
      "是否在股东或关联单位领取报酬津贴": "是",
      "在任与否": "是"
    },
    {
      "领导人姓名": "李都都",
      "职位描述": "董事、财务总监",
      "期初持股数": "3593",
      "期末持股数": "3593",
      "间接持股数": "",
      "从公司获得年度报酬总额": "413100",
      "补贴津贴": "",
      "变动原因说明": "",
      "是否在股东或关联单位领取报酬津贴": "否",
      "在任与否": "是"
    },
    {
      "领导人姓名": "张晓辉",
      "职位描述": "独立董事",
      "期初持股数": "0",
      "期末持股数": "0",
      "间接持股数": "",
      "从公司获得年度报酬总额": "150000",
      "补贴津贴": "",
      "变动原因说明": "",
      "是否在股东或关联单位领取报酬津贴": "否",
      "在任与否": "是"
    },
    {
      "领导人姓名": "戴新民",
      "职位描述": "独立董事",
      "期初持股数": "0",
      "期末持股数": "0",
      "间接持股数": "",
      "从公司获得年度报酬总额": "150000",
      "补贴津贴": "",
      "变动原因说明": "",
      "是否在股东或关联单位领取报酬津贴": "否",
      "在任与否": "是"
    },
    {
      "领导人姓名": "吴成昌",
      "职位描述": "独立董事",
      "期初持股数": "0",
      "期末持股数": "0",
      "间接持股数": "",
      "从公司获得年度报酬总额": "150000",
      "补贴津贴": "",
      "变动原因说明": "",
      "是否在股东或关联单位领取报酬津贴": "否",
      "在任与否": "是"
    },
    {
      "领导人姓名": "王童",
      "职位描述": "职工董事、职工监事",
      "期初持股数": "0",
      "期末持股数": "0",
      "间接持股数": "",
      "从公司获得年度报酬总额": "502000",
      "补贴津贴": "",
      "变动原因说明": "",
      "是否在股东或关联单位领取报酬津贴": "否",
      "在任与否": "是"
    },
    {
      "领导人姓名": "安自辉",
      "职位描述": "副总裁",
      "期初持股数": "32009",
      "期末持股数": "32009",
      "间接持股数": "",
      "从公司获得年度报酬总额": "713700",
      "补贴津贴": "",
      "变动原因说明": "",
      "是否在股东或关联单位领取报酬津贴": "否",
      "在任与否": "是"
    },
    {
      "领导人姓名": "丁国清",
      "职位描述": "副总裁、董事",
      "期初持股数": "0",
      "期末持股数": "0",
      "间接持股数": "",
      "从公司获得年度报酬总额": "1199500",
      "补贴津贴": "",
      "变动原因说明": "",
      "是否在股东或关联单位领取报酬津贴": "否",
      "在任与否": "是"
    },
    {
      "领导人姓名": "张国平",
      "职位描述": "副总裁",
      "期初持股数": "0",
      "期末持股数": "0",
      "间接持股数": "",
      "从公司获得年度报酬总额": "823300",
      "补贴津贴": "",
      "变动原因说明": "",
      "是否在股东或关联单位领取报酬津贴": "否",
      "在任与否": "是"
    },
    {
      "领导人姓名": "郭烁",
      "职位描述": "副总裁",
      "期初持股数": "0",
      "期末持股数": "0",
      "间接持股数": "",
      "从公司获得年度报酬总额": "102700",
      "补贴津贴": "",
      "变动原因说明": "",
      "是否在股东或关联单位领取报酬津贴": "否",
      "在任与否": "是"
    },
    {
      "领导人姓名": "刘伟斌",
      "职位描述": "副总裁",
      "期初持股数": "0",
      "期末持股数": "0",
      "间接持股数": "",
      "从公司获得年度报酬总额": "829300",
      "补贴津贴": "",
      "变动原因说明": "",
      "是否在股东或关联单位领取报酬津贴": "否",
      "在任与否": "是"
    },
    {
      "领导人姓名": "李明帅",
      "职位描述": "副总裁",
      "期初持股数": "0",
      "期末持股数": "0",
      "间接持股数": "",
      "从公司获得年度报酬总额": "625100",
      "补贴津贴": "",
      "变动原因说明": "",
      "是否在股东或关联单位领取报酬津贴": "否",
      "在任与否": "是"
    },
    {
      "领导人姓名": "刘永德",
      "职位描述": "安全总监",
      "期初持股数": "0",
      "期末持股数": "0",
      "间接持股数": "",
      "从公司获得年度报酬总额": "948400",
      "补贴津贴": "",
      "变动原因说明": "",
      "是否在股东或关联单位领取报酬津贴": "否",
      "在任与否": "是"
    },
    {
      "领导人姓名": "葛兴峰",
      "职位描述": "董事会秘书",
      "期初持股数": "0",
      "期末持股数": "0",
      "间接持股数": "",
      "从公司获得年度报酬总额": "754000",
      "补贴津贴": "",
      "变动原因说明": "",
      "是否在股东或关联单位领取报酬津贴": "否",
      "在任与否": "是"
    },
    {
      "领导人姓名": "陈垚",
      "职位描述": "董事、财务总监",
      "期初持股数": "0",
      "期末持股数": "0",
      "间接持股数": "",
      "从公司获得年度报酬总额": "996600",
      "补贴津贴": "",
      "变动原因说明": "",
      "是否在股东或关联单位领取报酬津贴": "否",
      "在任与否": "否"
    },
    {
      "领导人姓名": "邱亚鹏",
      "职位描述": "董事",
      "期初持股数": "0",
      "期末持股数": "0",
      "间接持股数": "",
      "从公司获得年度报酬总额": "",
      "补贴津贴": "",
      "变动原因说明": "",
      "是否在股东或关联单位领取报酬津贴": "是",
      "在任与否": "否"
    },
    {
      "领导人姓名": "田海",
      "职位描述": "董事",
      "期初持股数": "0",
      "期末持股数": "0",
      "间接持股数": "",
      "从公司获得年度报酬总额": "371900",
      "补贴津贴": "",
      "变动原因说明": "",
      "是否在股东或关联单位领取报酬津贴": "否",
      "在任与否": "否"
    },
    {
      "领导人姓名": "欧哲伟",
      "职位描述": "董事",
      "期初持股数": "0",
      "期末持股数": "0",
      "间接持股数": "",
      "从公司获得年度报酬总额": "",
      "补贴津贴": "",
      "变动原因说明": "",
      "是否在股东或关联单位领取报酬津贴": "否",
      "在任与否": "否"
    },
    {
      "领导人姓名": "姜山赫",
      "职位描述": "独立董事",
      "期初持股数": "0",
      "期末持股数": "0",
      "间接持股数": "",
      "从公司获得年度报酬总额": "144200",
      "补贴津贴": "",
      "变动原因说明": "",
      "是否在股东或关联单位领取报酬津贴": "否",
      "在任与否": "否"
    },
    {
      "领导人姓名": "刘军",
      "职位描述": "副总裁",
      "期初持股数": "0",
      "期末持股数": "0",
      "间接持股数": "",
      "从公司获得年度报酬总额": "630300",
      "补贴津贴": "",
      "变动原因说明": "",
      "是否在股东或关联单位领取报酬津贴": "否",
      "在任与否": "否"
    }
  ]
}

=== 600446-2026-04-18-金证股份-金证股份2025年年度报告.pdf ===
{
  "Leader_Salary_data": {
    "实际所得报酬总额起始": "11304200",
    "实际所得报酬总额截止": "11304200",
    "实际所得报酬总额涉及人数": ""
  },
  "Leader_Hold_data": [
    {
      "领导人姓名": "李结义",
      "职位描述": "董事长",
      "期初持股数": "84566270",
      "期末持股数": "84566270",
      "间接持股数": "",
      "从公司获得年度报酬总额": "1397800",
      "补贴津贴": "",
      "变动原因说明": "",
      "是否在股东或关联单位领取报酬津贴": "否",
      "在任与否": "是"
    },
    {
      "领导人姓名": "杜宣",
      "职位描述": "董事",
      "期初持股数": "76116433",
      "期末持股数": "76116433",
      "间接持股数": "",
      "从公司获得年度报酬总额": "601800",
      "补贴津贴": "",
      "变动原因说明": "",
      "是否在股东或关联单位领取报酬津贴": "否",
      "在任与否": "是"
    },
    {
      "领导人姓名": "赵剑",
      "职位描述": "董事",
      "期初持股数": "71028638",
      "期末持股数": "61793738",
      "间接持股数": "",
      "从公司获得年度报酬总额": "601800",
      "补贴津贴": "",
      "变动原因说明": "二级市场减持",
      "是否在股东或关联单位领取报酬津贴": "否",
      "在任与否": "是"
    },
    {
      "领导人姓名": "徐岷波",
      "职位描述": "董事",
      "期初持股数": "44562621",
      "期末持股数": "43562621",
      "间接持股数": "",
      "从公司获得年度报酬总额": "553600",
      "补贴津贴": "",
      "变动原因说明": "二级市场减持",
      "是否在股东或关联单位领取报酬津贴": "否",
      "在任与否": "否"
    },
    {
      "领导人姓名": "杨正洪",
      "职位描述": "独立董事",
      "期初持股数": "0",
      "期末持股数": "0",
      "间接持股数": "",
      "从公司获得年度报酬总额": "95200",
      "补贴津贴": "",
      "变动原因说明": "",
      "是否在股东或关联单位领取报酬津贴": "否",
      "在任与否": "是"
    },
    {
      "领导人姓名": "权进国",
      "职位描述": "独立董事",
      "期初持股数": "0",
      "期末持股数": "0",
      "间接持股数": "",
      "从公司获得年度报酬总额": "95200",
      "补贴津贴": "",
      "变动原因说明": "",
      "是否在股东或关联单位领取报酬津贴": "否",
      "在任与否": "是"
    },
    {
      "领导人姓名": "邵丽丽",
      "职位描述": "独立董事",
      "期初持股数": "0",
      "期末持股数": "0",
      "间接持股数": "",
      "从公司获得年度报酬总额": "95200",
      "补贴津贴": "",
      "变动原因说明": "",
      "是否在股东或关联单位领取报酬津贴": "否",
      "在任与否": "是"
    },
    {
      "领导人姓名": "王清若",
      "职位描述": "总裁",
      "期初持股数": "350000",
      "期末持股数": "350000",
      "间接持股数": "",
      "从公司获得年度报酬总额": "1731400",
      "补贴津贴": "",
      "变动原因说明": "",
      "是否在股东或关联单位领取报酬津贴": "否",
      "在任与否": "是"
    },
    {
      "领导人姓名": "吴晓琳",
      "职位描述": "高级副总裁",
      "期初持股数": "520000",
      "期末持股数": "520000",
      "间接持股数": "",
      "从公司获得年度报酬总额": "1205200",
      "补贴津贴": "",
      "变动原因说明": "",
      "是否在股东或关联单位领取报酬津贴": "否",
      "在任与否": "是"
    },
    {
      "领导人姓名": "张海龙",
      "职位描述": "高级副总裁",
      "期初持股数": "440000",
      "期末持股数": "440000",
      "间接持股数": "",
      "从公司获得年度报酬总额": "1177500",
      "补贴津贴": "",
      "变动原因说明": "",
      "是否在股东或关联单位领取报酬津贴": "否",
      "在任与否": "是"
    },
    {
      "领导人姓名": "钟桂全",
      "职位描述": "高级副总裁",
      "期初持股数": "180000",
      "期末持股数": "180000",
      "间接持股数": "",
      "从公司获得年度报酬总额": "1304900",
      "补贴津贴": "",
      "变动原因说明": "",
      "是否在股东或关联单位领取报酬津贴": "否",
      "在任与否": "是"
    },
    {
      "领导人姓名": "殷明",
      "职位描述": "高级副总裁、董事会秘书",
      "期初持股数": "350000",
      "期末持股数": "350000",
      "间接持股数": "",
      "从公司获得年度报酬总额": "1356300",
      "补贴津贴": "",
      "变动原因说明": "",
      "是否在股东或关联单位领取报酬津贴": "否",
      "在任与否": "是"
    },
    {
      "领导人姓名": "周志超",
      "职位描述": "财务负责人",
      "期初持股数": "350000",
      "期末持股数": "350000",
      "间接持股数": "",
      "从公司获得年度报酬总额": "1088300",
      "补贴津贴": "",
      "变动原因说明": "",
      "是否在股东或关联单位领取报酬津贴": "否",
      "在任与否": "是"
    }
  ]
}

=== 600397-2026-04-20-江钨装备-江钨装备2025年年度报告.pdf ===
{
  "Leader_Salary_data": {
    "实际所得报酬总额起始": "2032400",
    "实际所得报酬总额截止": "2032400",
    "实际所得报酬总额涉及人数": ""
  },
  "Leader_Hold_data": [
    {
      "领导人姓名": "熊腊元",
      "职位描述": "董事长",
      "期初持股数": "0",
      "期末持股数": "0",
      "间接持股数": "",
      "从公司获得年度报酬总额": "138000",
      "补贴津贴": "",
      "变动原因说明": "",
      "是否在股东或关联单位领取报酬津贴": "否",
      "在任与否": "否"
    },
    {
      "领导人姓名": "金江涛",
      "职位描述": "董事、总经理",
      "期初持股数": "0",
      "期末持股数": "5600",
      "间接持股数": "",
      "从公司获得年度报酬总额": "138000",
      "补贴津贴": "",
      "变动原因说明": "二级市场买卖",
      "是否在股东或关联单位领取报酬津贴": "否",
      "在任与否": "否"
    },
    {
      "领导人姓名": "张海峰",
      "职位描述": "董事、财务总监",
      "期初持股数": "0",
      "期末持股数": "0",
      "间接持股数": "",
      "从公司获得年度报酬总额": "110300",
      "补贴津贴": "",
      "变动原因说明": "",
      "是否在股东或关联单位领取报酬津贴": "否",
      "在任与否": "否"
    },
    {
      "领导人姓名": "张保泉",
      "职位描述": "董事",
      "期初持股数": "0",
      "期末持股数": "0",
      "间接持股数": "",
      "从公司获得年度报酬总额": "0",
      "补贴津贴": "",
      "变动原因说明": "",
      "是否在股东或关联单位领取报酬津贴": "是",
      "在任与否": "否"
    },
    {
      "领导人姓名": "余新培",
      "职位描述": "独立董事",
      "期初持股数": "0",
      "期末持股数": "0",
      "间接持股数": "",
      "从公司获得年度报酬总额": "21500",
      "补贴津贴": "",
      "变动原因说明": "",
      "是否在股东或关联单位领取报酬津贴": "否",
      "在任与否": "否"
    },
    {
      "领导人姓名": "徐建标",
      "职位描述": "董事",
      "期初持股数": "0",
      "期末持股数": "0",
      "间接持股数": "",
      "从公司获得年度报酬总额": "76500",
      "补贴津贴": "",
      "变动原因说明": "",
      "是否在股东或关联单位领取报酬津贴": "是",
      "在任与否": "否"
    },
    {
      "领导人姓名": "胡冬平",
      "职位描述": "总工程师",
      "期初持股数": "0",
      "期末持股数": "0",
      "间接持股数": "",
      "从公司获得年度报酬总额": "110300",
      "补贴津贴": "",
      "变动原因说明": "",
      "是否在股东或关联单位领取报酬津贴": "否",
      "在任与否": "否"
    },
    {
      "领导人姓名": "查金水",
      "职位描述": "副总经理",
      "期初持股数": "0",
      "期末持股数": "0",
      "间接持股数": "",
      "从公司获得年度报酬总额": "110300",
      "补贴津贴": "",
      "变动原因说明": "",
      "是否在股东或关联单位领取报酬津贴": "否",
      "在任与否": "否"
    },
    {
      "领导人姓名": "韩丽敏",
      "职位描述": "副总经理",
      "期初持股数": "0",
      "期末持股数": "0",
      "间接持股数": "",
      "从公司获得年度报酬总额": "110300",
      "补贴津贴": "",
      "变动原因说明": "",
      "是否在股东或关联单位领取报酬津贴": "否",
      "在任与否": "否"
    },
    {
      "领导人姓名": "刘后明",
      "职位描述": "副总经理",
      "期初持股数": "0",
      "期末持股数": "0",
      "间接持股数": "",
      "从公司获得年度报酬总额": "110300",
      "补贴津贴": "",
      "变动原因说明": "",
      "是否在股东或关联单位领取报酬津贴": "否",
      "在任与否": "否"
    },
    {
      "领导人姓名": "钱蔚",
      "职位描述": "董事会秘书",
      "期初持股数": "0",
      "期末持股数": "0",
      "间接持股数": "",
      "从公司获得年度报酬总额": "109300",
      "补贴津贴": "",
      "变动原因说明": "",
      "是否在股东或关联单位领取报酬津贴": "否",
      "在任与否": "否"
    },
    {
      "领导人姓名": "熊旭晴",
      "职位描述": "董事长",
      "期初持股数": "0",
      "期末持股数": "0",
      "间接持股数": "",
      "从公司获得年度报酬总额": "0",
      "补贴津贴": "",
      "变动原因说明": "",
      "是否在股东或关联单位领取报酬津贴": "是",
      "在任与否": "是"
    },
    {
      "领导人姓名": "潘长福",
      "职位描述": "董事",
      "期初持股数": "0",
      "期末持股数": "0",
      "间接持股数": "",
      "从公司获得年度报酬总额": "0",
      "补贴津贴": "",
      "变动原因说明": "",
      "是否在股东或关联单位领取报酬津贴": "是",
      "在任与否": "是"
    },
    {
      "领导人姓名": "阳颖霖",
      "职位描述": "董事、副总经理",
      "期初持股数": "0",
      "期末持股数": "0",
      "间接持股数": "",
      "从公司获得年度报酬总额": "324200",
      "补贴津贴": "",
      "变动原因说明": "",
      "是否在股东或关联单位领取报酬津贴": "否",
      "在任与否": "是"
    },
    {
      "领导人姓名": "江莉娇",
      "职位描述": "董事、财务总监",
      "期初持股数": "0",
      "期末持股数": "0",
      "间接持股数": "",
      "从公司获得年度报酬总额": "184400",
      "补贴津贴": "",
      "变动原因说明": "",
      "是否在股东或关联单位领取报酬津贴": "否",
      "在任与否": "是"
    },
    {
      "领导人姓名": "毕利军",
      "职位描述": "董事、董事会秘书",
      "期初持股数": "0",
      "期末持股数": "0",
      "间接持股数": "",
      "从公司获得年度报酬总额": "330500",
      "补贴津贴": "",
      "变动原因说明": "",
      "是否在股东或关联单位领取报酬津贴": "否",
      "在任与否": "是"
    },
    {
      "领导人姓名": "温鹏",
      "职位描述": "董事",
      "期初持股数": "0",
      "期末持股数": "0",
      "间接持股数": "",
      "从公司获得年度报酬总额": "0",
      "补贴津贴": "",
      "变动原因说明": "",
      "是否在股东或关联单位领取报酬津贴": "是",
      "在任与否": "是"
    },
    {
      "领导人姓名": "孟祥云",
      "职位描述": "独立董事",
      "期初持股数": "0",
      "期末持股数": "0",
      "间接持股数": "",
      "从公司获得年度报酬总额": "38500",
      "补贴津贴": "",
      "变动原因说明": "",
      "是否在股东或关联单位领取报酬津贴": "否",
      "在任与否": "是"
    },
    {
      "领导人姓名": "徐光华",
      "职位描述": "独立董事",
      "期初持股数": "0",
      "期末持股数": "0",
      "间接持股数": "",
      "从公司获得年度报酬总额": "60000",
      "补贴津贴": "",
      "变动原因说明": "",
      "是否在股东或关联单位领取报酬津贴": "否",
      "在任与否": "是"
    },
    {
      "领导人姓名": "刘振林",
      "职位描述": "独立董事",
      "期初持股数": "0",
      "期末持股数": "0",
      "间接持股数": "",
      "从公司获得年度报酬总额": "60000",
      "补贴津贴": "",
      "变动原因说明": "",
      "是否在股东或关联单位领取报酬津贴": "否",
      "在任与否": "是"
    }
  ]
}

=== 600531-2026-04-18-豫光金铅-河南豫光金铅股份有限公司2025年年度报告.pdf ===
{
  "Leader_Salary_data": {
    "实际所得报酬总额起始": "4572000",
    "实际所得报酬总额截止": "4572000",
    "实际所得报酬总额涉及人数": ""
  },
  "Leader_Hold_data": [
    {
      "领导人姓名": "赵金刚",
      "职位描述": "董事、董事长",
      "期初持股数": "0",
      "期末持股数": "0",
      "间接持股数": "",
      "从公司获得年度报酬总额": "525200",
      "补贴津贴": "",
      "变动原因说明": "",
      "是否在股东或关联单位领取报酬津贴": "是",
      "在任与否": "是"
    },
    {
      "领导人姓名": "任文艺",
      "职位描述": "董事、副董事长",
      "期初持股数": "0",
      "期末持股数": "0",
      "间接持股数": "",
      "从公司获得年度报酬总额": "",
      "补贴津贴": "",
      "变动原因说明": "",
      "是否在股东或关联单位领取报酬津贴": "是",
      "在任与否": "是"
    },
    {
      "领导人姓名": "李新战",
      "职位描述": "董事、总经理",
      "期初持股数": "0",
      "期末持股数": "0",
      "间接持股数": "",
      "从公司获得年度报酬总额": "654700",
      "补贴津贴": "",
      "变动原因说明": "",
      "是否在股东或关联单位领取报酬津贴": "否",
      "在任与否": "是"
    },
    {
      "领导人姓名": "张安邦",
      "职位描述": "董事",
      "期初持股数": "0",
      "期末持股数": "0",
      "间接持股数": "",
      "从公司获得年度报酬总额": "",
      "补贴津贴": "",
      "变动原因说明": "",
      "是否在股东或关联单位领取报酬津贴": "是",
      "在任与否": "是"
    },
    {
      "领导人姓名": "王拥军",
      "职位描述": "职工董事、副总经理",
      "期初持股数": "0",
      "期末持股数": "0",
      "间接持股数": "",
      "从公司获得年度报酬总额": "589300",
      "补贴津贴": "",
      "变动原因说明": "",
      "是否在股东或关联单位领取报酬津贴": "否",
      "在任与否": "是"
    },
    {
      "领导人姓名": "孔祥征",
      "职位描述": "董事",
      "期初持股数": "0",
      "期末持股数": "0",
      "间接持股数": "",
      "从公司获得年度报酬总额": "",
      "补贴津贴": "",
      "变动原因说明": "",
      "是否在股东或关联单位领取报酬津贴": "是",
      "在任与否": "是"
    },
    {
      "领导人姓名": "郑远民",
      "职位描述": "独立董事",
      "期初持股数": "0",
      "期末持股数": "0",
      "间接持股数": "",
      "从公司获得年度报酬总额": "100000",
      "补贴津贴": "",
      "变动原因说明": "",
      "是否在股东或关联单位领取报酬津贴": "否",
      "在任与否": "是"
    },
    {
      "领导人姓名": "张选军",
      "职位描述": "独立董事",
      "期初持股数": "0",
      "期末持股数": "0",
      "间接持股数": "",
      "从公司获得年度报酬总额": "100000",
      "补贴津贴": "",
      "变动原因说明": "",
      "是否在股东或关联单位领取报酬津贴": "否",
      "在任与否": "是"
    },
    {
      "领导人姓名": "潘慧峰",
      "职位描述": "独立董事",
      "期初持股数": "0",
      "期末持股数": "0",
      "间接持股数": "",
      "从公司获得年度报酬总额": "100000",
      "补贴津贴": "",
      "变动原因说明": "",
      "是否在股东或关联单位领取报酬津贴": "否",
      "在任与否": "是"
    },
    {
      "领导人姓名": "苗红强",
      "职位描述": "财务总监、副总经理",
      "期初持股数": "0",
      "期末持股数": "0",
      "间接持股数": "",
      "从公司获得年度报酬总额": "772400",
      "补贴津贴": "",
      "变动原因说明": "",
      "是否在股东或关联单位领取报酬津贴": "否",
      "在任与否": "是"
    },
    {
      "领导人姓名": "翟居付",
      "职位描述": "副总经理",
      "期初持股数": "0",
      "期末持股数": "0",
      "间接持股数": "",
      "从公司获得年度报酬总额": "435700",
      "补贴津贴": "",
      "变动原因说明": "",
      "是否在股东或关联单位领取报酬津贴": "否",
      "在任与否": "是"
    },
    {
      "领导人姓名": "李晓东",
      "职位描述": "销售总监",
      "期初持股数": "0",
      "期末持股数": "0",
      "间接持股数": "",
      "从公司获得年度报酬总额": "411000",
      "补贴津贴": "",
      "变动原因说明": "",
      "是否在股东或关联单位领取报酬津贴": "否",
      "在任与否": "是"
    },
    {
      "领导人姓名": "李慧玲",
      "职位描述": "董事会秘书",
      "期初持股数": "0",
      "期末持股数": "0",
      "间接持股数": "",
      "从公司获得年度报酬总额": "411000",
      "补贴津贴": "",
      "变动原因说明": "",
      "是否在股东或关联单位领取报酬津贴": "否",
      "在任与否": "是"
    },
    {
      "领导人姓名": "高富娥",
      "职位描述": "采购总监",
      "期初持股数": "0",
      "期末持股数": "0",
      "间接持股数": "",
      "从公司获得年度报酬总额": "472700",
      "补贴津贴": "",
      "变动原因说明": "",
      "是否在股东或关联单位领取报酬津贴": "否",
      "在任与否": "是"
    },
    {
      "领导人姓名": "胡宇权",
      "职位描述": "董事",
      "期初持股数": "0",
      "期末持股数": "0",
      "间接持股数": "",
      "从公司获得年度报酬总额": "",
      "补贴津贴": "",
      "变动原因说明": "",
      "是否在股东或关联单位领取报酬津贴": "否",
      "在任与否": "否"
    }
  ]
}

=== 600538-2026-04-18-国发股份-国发股份2025年年度报告.pdf ===
{
  "Leader_Salary_data": {
    "实际所得报酬总额起始": "4854400",
    "实际所得报酬总额截止": "4854400",
    "实际所得报酬总额涉及人数": ""
  },
  "Leader_Hold_data": [
    {
      "领导人姓名": "程芳才",
      "职位描述": "董事长",
      "期初持股数": "",
      "期末持股数": "",
      "间接持股数": "",
      "从公司获得年度报酬总额": 0,
      "补贴津贴": "",
      "变动原因说明": "",
      "是否在股东或关联单位领取报酬津贴": "否",
      "在任与否": "是"
    },
    {
      "领导人姓名": "姜烨",
      "职位描述": "董事长",
      "期初持股数": "0",
      "期末持股数": "4804900",
      "间接持股数": "",
      "从公司获得年度报酬总额": 1402600,
      "补贴津贴": "",
      "变动原因说明": "增持",
      "是否在股东或关联单位领取报酬津贴": "否",
      "在任与否": "否"
    },
    {
      "领导人姓名": "张小玮",
      "职位描述": "董事、总裁",
      "期初持股数": "",
      "期末持股数": "",
      "间接持股数": "",
      "从公司获得年度报酬总额": 978100,
      "补贴津贴": "",
      "变动原因说明": "",
      "是否在股东或关联单位领取报酬津贴": "否",
      "在任与否": "是"
    },
    {
      "领导人姓名": "吴培诚",
      "职位描述": "董事",
      "期初持股数": "3504209",
      "期末持股数": "3885709",
      "间接持股数": "",
      "从公司获得年度报酬总额": 80000,
      "补贴津贴": "",
      "变动原因说明": "增持",
      "是否在股东或关联单位领取报酬津贴": "否",
      "在任与否": "是"
    },
    {
      "领导人姓名": "彭韬",
      "职位描述": "董事",
      "期初持股数": "3472700",
      "期末持股数": "3472700",
      "间接持股数": "",
      "从公司获得年度报酬总额": 80000,
      "补贴津贴": "",
      "变动原因说明": "",
      "是否在股东或关联单位领取报酬津贴": "否",
      "在任与否": "是"
    },
    {
      "领导人姓名": "尹志波",
      "职位描述": "董事、副总裁、财务总监",
      "期初持股数": "",
      "期末持股数": "",
      "间接持股数": "",
      "从公司获得年度报酬总额": 1040000,
      "补贴津贴": "",
      "变动原因说明": "",
      "是否在股东或关联单位领取报酬津贴": "否",
      "在任与否": "是"
    },
    {
      "领导人姓名": "李勇",
      "职位描述": "职工董事、副总裁、董事会秘书",
      "期初持股数": "",
      "期末持股数": "",
      "间接持股数": "",
      "从公司获得年度报酬总额": 970000,
      "补贴津贴": "",
      "变动原因说明": "",
      "是否在股东或关联单位领取报酬津贴": "否",
      "在任与否": "是"
    },
    {
      "领导人姓名": "宋晓芳",
      "职位描述": "独立董事",
      "期初持股数": "",
      "期末持股数": "",
      "间接持股数": "",
      "从公司获得年度报酬总额": 100000,
      "补贴津贴": "",
      "变动原因说明": "",
      "是否在股东或关联单位领取报酬津贴": "否",
      "在任与否": "是"
    },
    {
      "领导人姓名": "许泽杨",
      "职位描述": "独立董事",
      "期初持股数": "",
      "期末持股数": "",
      "间接持股数": "",
      "从公司获得年度报酬总额": 100000,
      "补贴津贴": "",
      "变动原因说明": "",
      "是否在股东或关联单位领取报酬津贴": "否",
      "在任与否": "是"
    },
    {
      "领导人姓名": "董秋红",
      "职位描述": "独立董事",
      "期初持股数": "",
      "期末持股数": "",
      "间接持股数": "",
      "从公司获得年度报酬总额": 45400,
      "补贴津贴": "",
      "变动原因说明": "",
      "是否在股东或关联单位领取报酬津贴": "否",
      "在任与否": "是"
    },
    {
      "领导人姓名": "曾艳琳",
      "职位描述": "独立董事",
      "期初持股数": "",
      "期末持股数": "",
      "间接持股数": "",
      "从公司获得年度报酬总额": 58300,
      "补贴津贴": "",
      "变动原因说明": "",
      "是否在股东或关联单位领取报酬津贴": "否",
      "在任与否": "否"
    }
  ]
}

=== 600308-2026-04-18-华泰股份-华泰股份2025年年度报告.pdf ===
{
  "Leader_Salary_data": {
    "实际所得报酬总额起始": "6909800",
    "实际所得报酬总额截止": "6909800",
    "实际所得报酬总额涉及人数": ""
  },
  "Leader_Hold_data": [
    {
      "领导人姓名": "李晓亮",
      "职位描述": "董事长",
      "期初持股数": "64960",
      "期末持股数": "64960",
      "间接持股数": "",
      "从公司获得年度报酬总额": "577100",
      "补贴津贴": "",
      "变动原因说明": "",
      "是否在股东或关联单位领取报酬津贴": "否",
      "在任与否": "是"
    },
    {
      "领导人姓名": "魏文光",
      "职位描述": "副董事长",
      "期初持股数": "64960",
      "期末持股数": "64960",
      "间接持股数": "",
      "从公司获得年度报酬总额": "619700",
      "补贴津贴": "",
      "变动原因说明": "",
      "是否在股东或关联单位领取报酬津贴": "否",
      "在任与否": "是"
    },
    {
      "领导人姓名": "魏立军",
      "职位描述": "董事、总经理",
      "期初持股数": "64960",
      "期末持股数": "64960",
      "间接持股数": "",
      "从公司获得年度报酬总额": "542600",
      "补贴津贴": "",
      "变动原因说明": "",
      "是否在股东或关联单位领取报酬津贴": "否",
      "在任与否": "是"
    },
    {
      "领导人姓名": "张凤山",
      "职位描述": "董事",
      "期初持股数": "64960",
      "期末持股数": "64960",
      "间接持股数": "",
      "从公司获得年度报酬总额": "357900",
      "补贴津贴": "",
      "变动原因说明": "",
      "是否在股东或关联单位领取报酬津贴": "否",
      "在任与否": "是"
    },
    {
      "领导人姓名": "孙曰平",
      "职位描述": "职工代表董事",
      "期初持股数": "612640",
      "期末持股数": "612640",
      "间接持股数": "",
      "从公司获得年度报酬总额": "471600",
      "补贴津贴": "",
      "变动原因说明": "",
      "是否在股东或关联单位领取报酬津贴": "否",
      "在任与否": "是"
    },
    {
      "领导人姓名": "任英祥",
      "职位描述": "董事、副总经理、董事会秘书",
      "期初持股数": "0",
      "期末持股数": "0",
      "间接持股数": "",
      "从公司获得年度报酬总额": "309100",
      "补贴津贴": "",
      "变动原因说明": "",
      "是否在股东或关联单位领取报酬津贴": "否",
      "在任与否": "是"
    },
    {
      "领导人姓名": "戚祥河",
      "职位描述": "独立董事",
      "期初持股数": "0",
      "期末持股数": "0",
      "间接持股数": "",
      "从公司获得年度报酬总额": "107400",
      "补贴津贴": "",
      "变动原因说明": "",
      "是否在股东或关联单位领取报酬津贴": "否",
      "在任与否": "是"
    },
    {
      "领导人姓名": "寇祥河",
      "职位描述": "独立董事",
      "期初持股数": "0",
      "期末持股数": "0",
      "间接持股数": "",
      "从公司获得年度报酬总额": "107400",
      "补贴津贴": "",
      "变动原因说明": "",
      "是否在股东或关联单位领取报酬津贴": "否",
      "在任与否": "是"
    },
    {
      "领导人姓名": "田国兴",
      "职位描述": "独立董事",
      "期初持股数": "0",
      "期末持股数": "0",
      "间接持股数": "",
      "从公司获得年度报酬总额": "107400",
      "补贴津贴": "",
      "变动原因说明": "",
      "是否在股东或关联单位领取报酬津贴": "否",
      "在任与否": "是"
    },
    {
      "领导人姓名": "李国顺",
      "职位描述": "副总经理",
      "期初持股数": "64960",
      "期末持股数": "64960",
      "间接持股数": "",
      "从公司获得年度报酬总额": "468500",
      "补贴津贴": "",
      "变动原因说明": "",
      "是否在股东或关联单位领取报酬津贴": "否",
      "在任与否": "是"
    },
    {
      "领导人姓名": "谢士兵",
      "职位描述": "副总经理",
      "期初持股数": "64960",
      "期末持股数": "64960",
      "间接持股数": "",
      "从公司获得年度报酬总额": "349500",
      "补贴津贴": "",
      "变动原因说明": "",
      "是否在股东或关联单位领取报酬津贴": "否",
      "在任与否": "是"
    },
    {
      "领导人姓名": "李丽",
      "职位描述": "副总经理",
      "期初持股数": "64960",
      "期末持股数": "64960",
      "间接持股数": "",
      "从公司获得年度报酬总额": "305200",
      "补贴津贴": "",
      "变动原因说明": "",
      "是否在股东或关联单位领取报酬津贴": "否",
      "在任与否": "是"
    },
    {
      "领导人姓名": "田志文",
      "职位描述": "副总经理",
      "期初持股数": "0",
      "期末持股数": "0",
      "间接持股数": "",
      "从公司获得年度报酬总额": "349400",
      "补贴津贴": "",
      "变动原因说明": "",
      "是否在股东或关联单位领取报酬津贴": "否",
      "在任与否": "是"
    },
    {
      "领导人姓名": "张安钵",
      "职位描述": "副总经理",
      "期初持股数": "0",
      "期末持股数": "0",
      "间接持股数": "",
      "从公司获得年度报酬总额": "454300",
      "补贴津贴": "",
      "变动原因说明": "",
      "是否在股东或关联单位领取报酬津贴": "否",
      "在任与否": "是"
    },
    {
      "领导人姓名": "曹战龙",
      "职位描述": "副总经理",
      "期初持股数": "0",
      "期末持股数": "0",
      "间接持股数": "",
      "从公司获得年度报酬总额": "502600",
      "补贴津贴": "",
      "变动原因说明": "",
      "是否在股东或关联单位领取报酬津贴": "否",
      "在任与否": "是"
    },
    {
      "领导人姓名": "陈国营",
      "职位描述": "财务总监",
      "期初持股数": "64960",
      "期末持股数": "64960",
      "间接持股数": "",
      "从公司获得年度报酬总额": "349300",
      "补贴津贴": "",
      "变动原因说明": "",
      "是否在股东或关联单位领取报酬津贴": "否",
      "在任与否": "是"
    },
    {
      "领导人姓名": "李艳",
      "职位描述": "副总经理",
      "期初持股数": "0",
      "期末持股数": "0",
      "间接持股数": "",
      "从公司获得年度报酬总额": "323000",
      "补贴津贴": "",
      "变动原因说明": "",
      "是否在股东或关联单位领取报酬津贴": "否",
      "在任与否": "是"
    },
    {
      "领导人姓名": "李世山",
      "职位描述": "监事会副主席",
      "期初持股数": "0",
      "期末持股数": "0",
      "间接持股数": "",
      "从公司获得年度报酬总额": "127700",
      "补贴津贴": "",
      "变动原因说明": "",
      "是否在股东或关联单位领取报酬津贴": "否",
      "在任与否": "否"
    },
    {
      "领导人姓名": "李开诚",
      "职位描述": "监事",
      "期初持股数": "0",
      "期末持股数": "0",
      "间接持股数": "",
      "从公司获得年度报酬总额": "0",
      "补贴津贴": "",
      "变动原因说明": "",
      "是否在股东或关联单位领取报酬津贴": "是",
      "在任与否": "否"
    },
    {
      "领导人姓名": "李建均",
      "职位描述": "监事",
      "期初持股数": "0",
      "期末持股数": "0",
      "间接持股数": "",
      "从公司获得年度报酬总额": "140800",
      "补贴津贴": "",
      "变动原因说明": "",
      "是否在股东或关联单位领取报酬津贴": "否",
      "在任与否": "否"
    },
    {
      "领导人姓名": "王翠珍",
      "职位描述": "职工监事",
      "期初持股数": "0",
      "期末持股数": "0",
      "间接持股数": "",
      "从公司获得年度报酬总额": "89600",
      "补贴津贴": "",
      "变动原因说明": "",
      "是否在股东或关联单位领取报酬津贴": "否",
      "在任与否": "否"
    },
    {
      "领导人姓名": "马厚悦",
      "职位描述": "职工监事",
      "期初持股数": "0",
      "期末持股数": "0",
      "间接持股数": "",
      "从公司获得年度报酬总额": "134000",
      "补贴津贴": "",
      "变动原因说明": "",
      "是否在股东或关联单位领取报酬津贴": "否",
      "在任与否": "否"
    },
    {
      "领导人姓名": "黄鹏",
      "职位描述": "职工监事",
      "期初持股数": "0",
      "期末持股数": "0",
      "间接持股数": "",
      "从公司获得年度报酬总额": "115700",
      "补贴津贴": "",
      "变动原因说明": "",
      "是否在股东或关联单位领取报酬津贴": "否",
      "在任与否": "否"
    }
  ]
}

=== 600604-2026-04-18-市北高新-2025年年度报告.pdf ===
{
  "Leader_Salary_data": {
    "实际所得报酬总额起始": "2688300",
    "实际所得报酬总额截止": "2688300",
    "实际所得报酬总额涉及人数": ""
  },
  "Leader_Hold_data": [
    {
      "领导人姓名": "孙中峰",
      "职位描述": "董事长",
      "期初持股数": "",
      "期末持股数": "",
      "间接持股数": "",
      "从公司获得年度报酬总额": "",
      "补贴津贴": "",
      "变动原因说明": "",
      "是否在股东或关联单位领取报酬津贴": "是",
      "在任与否": "是"
    },
    {
      "领导人姓名": "卢醇",
      "职位描述": "董事",
      "期初持股数": "",
      "期末持股数": "",
      "间接持股数": "",
      "从公司获得年度报酬总额": "",
      "补贴津贴": "",
      "变动原因说明": "",
      "是否在股东或关联单位领取报酬津贴": "是",
      "在任与否": "是"
    },
    {
      "领导人姓名": "王晓丹",
      "职位描述": "董事",
      "期初持股数": "",
      "期末持股数": "",
      "间接持股数": "",
      "从公司获得年度报酬总额": "",
      "补贴津贴": "",
      "变动原因说明": "",
      "是否在股东或关联单位领取报酬津贴": "是",
      "在任与否": "是"
    },
    {
      "领导人姓名": "马慧民",
      "职位描述": "董事、总经理",
      "期初持股数": "",
      "期末持股数": "",
      "间接持股数": "",
      "从公司获得年度报酬总额": "603300",
      "补贴津贴": "",
      "变动原因说明": "",
      "是否在股东或关联单位领取报酬津贴": "是",
      "在任与否": "是"
    },
    {
      "领导人姓名": "黄钟伟",
      "职位描述": "独立董事",
      "期初持股数": "",
      "期末持股数": "",
      "间接持股数": "",
      "从公司获得年度报酬总额": "150000",
      "补贴津贴": "150000",
      "变动原因说明": "",
      "是否在股东或关联单位领取报酬津贴": "否",
      "在任与否": "是"
    },
    {
      "领导人姓名": "毛玲玲",
      "职位描述": "独立董事",
      "期初持股数": "",
      "期末持股数": "",
      "间接持股数": "",
      "从公司获得年度报酬总额": "150000",
      "补贴津贴": "150000",
      "变动原因说明": "",
      "是否在股东或关联单位领取报酬津贴": "否",
      "在任与否": "是"
    },
    {
      "领导人姓名": "任新建",
      "职位描述": "独立董事",
      "期初持股数": "",
      "期末持股数": "",
      "间接持股数": "",
      "从公司获得年度报酬总额": "129000",
      "补贴津贴": "129000",
      "变动原因说明": "",
      "是否在股东或关联单位领取报酬津贴": "否",
      "在任与否": "是"
    },
    {
      "领导人姓名": "胡申",
      "职位描述": "副总经理、董事会秘书",
      "期初持股数": "",
      "期末持股数": "",
      "间接持股数": "",
      "从公司获得年度报酬总额": "509300",
      "补贴津贴": "",
      "变动原因说明": "",
      "是否在股东或关联单位领取报酬津贴": "否",
      "在任与否": "是"
    },
    {
      "领导人姓名": "成佳",
      "职位描述": "副总经理",
      "期初持股数": "",
      "期末持股数": "",
      "间接持股数": "",
      "从公司获得年度报酬总额": "434700",
      "补贴津贴": "",
      "变动原因说明": "",
      "是否在股东或关联单位领取报酬津贴": "否",
      "在任与否": "是"
    },
    {
      "领导人姓名": "赵浚宏",
      "职位描述": "副总经理",
      "期初持股数": "",
      "期末持股数": "",
      "间接持股数": "",
      "从公司获得年度报酬总额": "245000",
      "补贴津贴": "",
      "变动原因说明": "",
      "是否在股东或关联单位领取报酬津贴": "否",
      "在任与否": "是"
    },
    {
      "领导人姓名": "李炜勇",
      "职位描述": "财务总监",
      "期初持股数": "",
      "期末持股数": "",
      "间接持股数": "",
      "从公司获得年度报酬总额": "446000",
      "补贴津贴": "",
      "变动原因说明": "",
      "是否在股东或关联单位领取报酬津贴": "否",
      "在任与否": "是"
    },
    {
      "领导人姓名": "何万篷",
      "职位描述": "独立董事",
      "期初持股数": "",
      "期末持股数": "",
      "间接持股数": "",
      "从公司获得年度报酬总额": "21000",
      "补贴津贴": "",
      "变动原因说明": "",
      "是否在股东或关联单位领取报酬津贴": "否",
      "在任与否": "否"
    }
  ]
}

=== 600500-2026-04-18-中化国际-中化国际2025年年度报告.pdf ===
{
  "Leader_Salary_data": {
    "实际所得报酬总额起始": "7876900",
    "实际所得报酬总额截止": "7876900",
    "实际所得报酬总额涉及人数": ""
  },
  "Leader_Hold_data": [
    {
      "领导人姓名": "庞小琳",
      "职位描述": "董事长、总经理",
      "期初持股数": "",
      "期末持股数": "",
      "间接持股数": "",
      "从公司获得年度报酬总额": "454800",
      "补贴津贴": "",
      "变动原因说明": "",
      "是否在股东或关联单位领取报酬津贴": "否",
      "在任与否": "是"
    },
    {
      "领导人姓名": "胡斌",
      "职位描述": "董事",
      "期初持股数": "",
      "期末持股数": "",
      "间接持股数": "",
      "从公司获得年度报酬总额": "",
      "补贴津贴": "",
      "变动原因说明": "",
      "是否在股东或关联单位领取报酬津贴": "是",
      "在任与否": "是"
    },
    {
      "领导人姓名": "刘文",
      "职位描述": "董事",
      "期初持股数": "",
      "期末持股数": "",
      "间接持股数": "",
      "从公司获得年度报酬总额": "",
      "补贴津贴": "",
      "变动原因说明": "",
      "是否在股东或关联单位领取报酬津贴": "是",
      "在任与否": "是"
    },
    {
      "领导人姓名": "程凤朝",
      "职位描述": "独立董事",
      "期初持股数": "",
      "期末持股数": "",
      "间接持股数": "",
      "从公司获得年度报酬总额": "206000",
      "补贴津贴": "",
      "变动原因说明": "",
      "是否在股东或关联单位领取报酬津贴": "否",
      "在任与否": "是"
    },
    {
      "领导人姓名": "蒋惟明",
      "职位描述": "独立董事",
      "期初持股数": "",
      "期末持股数": "",
      "间接持股数": "",
      "从公司获得年度报酬总额": "187000",
      "补贴津贴": "",
      "变动原因说明": "",
      "是否在股东或关联单位领取报酬津贴": "否",
      "在任与否": "是"
    },
    {
      "领导人姓名": "钱明星",
      "职位描述": "独立董事",
      "期初持股数": "",
      "期末持股数": "",
      "间接持股数": "",
      "从公司获得年度报酬总额": "198400",
      "补贴津贴": "",
      "变动原因说明": "",
      "是否在股东或关联单位领取报酬津贴": "否",
      "在任与否": "是"
    },
    {
      "领导人姓名": "董建华",
      "职位描述": "副总经理",
      "期初持股数": "536000",
      "期末持股数": "536000",
      "间接持股数": "",
      "从公司获得年度报酬总额": "1012200",
      "补贴津贴": "",
      "变动原因说明": "",
      "是否在股东或关联单位领取报酬津贴": "否",
      "在任与否": "是"
    },
    {
      "领导人姓名": "陈洪波",
      "职位描述": "副总经理",
      "期初持股数": "",
      "期末持股数": "",
      "间接持股数": "",
      "从公司获得年度报酬总额": "838400",
      "补贴津贴": "",
      "变动原因说明": "",
      "是否在股东或关联单位领取报酬津贴": "否",
      "在任与否": "是"
    },
    {
      "领导人姓名": "兰海",
      "职位描述": "首席财务官",
      "期初持股数": "932270",
      "期末持股数": "932270",
      "间接持股数": "",
      "从公司获得年度报酬总额": "1028000",
      "补贴津贴": "",
      "变动原因说明": "",
      "是否在股东或关联单位领取报酬津贴": "否",
      "在任与否": "是"
    },
    {
      "领导人姓名": "周颖华",
      "职位描述": "副总经理",
      "期初持股数": "791200",
      "期末持股数": "791200",
      "间接持股数": "",
      "从公司获得年度报酬总额": "1047800",
      "补贴津贴": "",
      "变动原因说明": "",
      "是否在股东或关联单位领取报酬津贴": "否",
      "在任与否": "是"
    },
    {
      "领导人姓名": "方国钰",
      "职位描述": "副总经理",
      "期初持股数": "410700",
      "期末持股数": "410700",
      "间接持股数": "",
      "从公司获得年度报酬总额": "885500",
      "补贴津贴": "",
      "变动原因说明": "",
      "是否在股东或关联单位领取报酬津贴": "否",
      "在任与否": "是"
    },
    {
      "领导人姓名": "浦江",
      "职位描述": "董事会秘书",
      "期初持股数": "",
      "期末持股数": "",
      "间接持股数": "",
      "从公司获得年度报酬总额": "146700",
      "补贴津贴": "",
      "变动原因说明": "",
      "是否在股东或关联单位领取报酬津贴": "否",
      "在任与否": "是"
    },
    {
      "领导人姓名": "张学工",
      "职位描述": "董事长、总经理",
      "期初持股数": "",
      "期末持股数": "",
      "间接持股数": "",
      "从公司获得年度报酬总额": "987800",
      "补贴津贴": "",
      "变动原因说明": "",
      "是否在股东或关联单位领取报酬津贴": "否",
      "在任与否": "否"
    },
    {
      "领导人姓名": "揭玉斌",
      "职位描述": "董事",
      "期初持股数": "",
      "期末持股数": "",
      "间接持股数": "",
      "从公司获得年度报酬总额": "",
      "补贴津贴": "",
      "变动原因说明": "",
      "是否在股东或关联单位领取报酬津贴": "是",
      "在任与否": "否"
    },
    {
      "领导人姓名": "王锋",
      "职位描述": "董事",
      "期初持股数": "",
      "期末持股数": "",
      "间接持股数": "",
      "从公司获得年度报酬总额": "",
      "补贴津贴": "",
      "变动原因说明": "",
      "是否在股东或关联单位领取报酬津贴": "是",
      "在任与否": "否"
    },
    {
      "领导人姓名": "刘兴",
      "职位描述": "董事",
      "期初持股数": "",
      "期末持股数": "",
      "间接持股数": "",
      "从公司获得年度报酬总额": "",
      "补贴津贴": "",
      "变动原因说明": "",
      "是否在股东或关联单位领取报酬津贴": "是",
      "在任与否": "否"
    },
    {
      "领导人姓名": "柯希霆",
      "职位描述": "董事会秘书",
      "期初持股数": "673000",
      "期末持股数": "673000",
      "间接持股数": "",
      "从公司获得年度报酬总额": "884200",
      "补贴津贴": "",
      "变动原因说明": "",
      "是否在股东或关联单位领取报酬津贴": "否",
      "在任与否": "否"
    }
  ]
}

=== 600496-2026-04-18-精工钢构-精工钢构2025年年度报告.pdf ===
{
  "Leader_Salary_data": {
    "实际所得报酬总额起始": "13939000",
    "实际所得报酬总额截止": "13939000",
    "实际所得报酬总额涉及人数": ""
  },
  "Leader_Hold_data": [
    {
      "领导人姓名": "方朝阳",
      "职位描述": "董事长、总裁",
      "期初持股数": "5028124",
      "期末持股数": "5028124",
      "间接持股数": "",
      "从公司获得年度报酬总额": "2154200",
      "补贴津贴": "",
      "变动原因说明": "",
      "是否在股东或关联单位领取报酬津贴": "否",
      "在任与否": "是"
    },
    {
      "领导人姓名": "孙关富",
      "职位描述": "执行董事长、执行总裁",
      "期初持股数": "396000",
      "期末持股数": "396000",
      "间接持股数": "",
      "从公司获得年度报酬总额": "1610200",
      "补贴津贴": "",
      "变动原因说明": "",
      "是否在股东或关联单位领取报酬津贴": "否",
      "在任与否": "是"
    },
    {
      "领导人姓名": "裘建华",
      "职位描述": "董事、联席总裁",
      "期初持股数": "198000",
      "期末持股数": "198000",
      "间接持股数": "",
      "从公司获得年度报酬总额": "1000200",
      "补贴津贴": "",
      "变动原因说明": "",
      "是否在股东或关联单位领取报酬津贴": "否",
      "在任与否": "是"
    },
    {
      "领导人姓名": "孙国君",
      "职位描述": "董事",
      "期初持股数": "0",
      "期末持股数": "0",
      "间接持股数": "",
      "从公司获得年度报酬总额": "0",
      "补贴津贴": "",
      "变动原因说明": "",
      "是否在股东或关联单位领取报酬津贴": "是",
      "在任与否": "是"
    },
    {
      "领导人姓名": "黄幼仙",
      "职位描述": "职工代表董事",
      "期初持股数": "0",
      "期末持股数": "0",
      "间接持股数": "",
      "从公司获得年度报酬总额": "540500",
      "补贴津贴": "",
      "变动原因说明": "",
      "是否在股东或关联单位领取报酬津贴": "否",
      "在任与否": "是"
    },
    {
      "领导人姓名": "陈国栋",
      "职位描述": "董事",
      "期初持股数": "195030",
      "期末持股数": "195030",
      "间接持股数": "",
      "从公司获得年度报酬总额": "145600",
      "补贴津贴": "",
      "变动原因说明": "",
      "是否在股东或关联单位领取报酬津贴": "否",
      "在任与否": "是"
    },
    {
      "领导人姓名": "李国强",
      "职位描述": "独立董事",
      "期初持股数": "0",
      "期末持股数": "0",
      "间接持股数": "",
      "从公司获得年度报酬总额": "80000",
      "补贴津贴": "80000",
      "变动原因说明": "",
      "是否在股东或关联单位领取报酬津贴": "否",
      "在任与否": "是"
    },
    {
      "领导人姓名": "赵平",
      "职位描述": "独立董事",
      "期初持股数": "0",
      "期末持股数": "0",
      "间接持股数": "",
      "从公司获得年度报酬总额": "80000",
      "补贴津贴": "80000",
      "变动原因说明": "",
      "是否在股东或关联单位领取报酬津贴": "否",
      "在任与否": "是"
    },
    {
      "领导人姓名": "戴文涛",
      "职位描述": "独立董事",
      "期初持股数": "0",
      "期末持股数": "0",
      "间接持股数": "",
      "从公司获得年度报酬总额": "80000",
      "补贴津贴": "80000",
      "变动原因说明": "",
      "是否在股东或关联单位领取报酬津贴": "否",
      "在任与否": "是"
    },
    {
      "领导人姓名": "李栋",
      "职位描述": "联席总裁",
      "期初持股数": "0",
      "期末持股数": "16400",
      "间接持股数": "",
      "从公司获得年度报酬总额": "836200",
      "补贴津贴": "",
      "变动原因说明": "二级市场买入",
      "是否在股东或关联单位领取报酬津贴": "否",
      "在任与否": "是"
    },
    {
      "领导人姓名": "洪国松",
      "职位描述": "高级副总裁",
      "期初持股数": "0",
      "期末持股数": "0",
      "间接持股数": "",
      "从公司获得年度报酬总额": "1005600",
      "补贴津贴": "",
      "变动原因说明": "",
      "是否在股东或关联单位领取报酬津贴": "否",
      "在任与否": "是"
    },
    {
      "领导人姓名": "刘中华",
      "职位描述": "高级副总裁、总工程师",
      "期初持股数": "0",
      "期末持股数": "0",
      "间接持股数": "",
      "从公司获得年度报酬总额": "1039800",
      "补贴津贴": "",
      "变动原因说明": "",
      "是否在股东或关联单位领取报酬津贴": "否",
      "在任与否": "是"
    },
    {
      "领导人姓名": "张泉谷",
      "职位描述": "高级副总裁",
      "期初持股数": "0",
      "期末持股数": "0",
      "间接持股数": "",
      "从公司获得年度报酬总额": "1467800",
      "补贴津贴": "",
      "变动原因说明": "",
      "是否在股东或关联单位领取报酬津贴": "否",
      "在任与否": "是"
    },
    {
      "领导人姓名": "车松岩",
      "职位描述": "高级副总裁",
      "期初持股数": "0",
      "期末持股数": "0",
      "间接持股数": "",
      "从公司获得年度报酬总额": "1023400",
      "补贴津贴": "",
      "变动原因说明": "",
      "是否在股东或关联单位领取报酬津贴": "否",
      "在任与否": "是"
    },
    {
      "领导人姓名": "齐三六",
      "职位描述": "高级副总裁、财务总监",
      "期初持股数": "0",
      "期末持股数": "0",
      "间接持股数": "",
      "从公司获得年度报酬总额": "620000",
      "补贴津贴": "",
      "变动原因说明": "",
      "是否在股东或关联单位领取报酬津贴": "否",
      "在任与否": "是"
    },
    {
      "领导人姓名": "沈月华",
      "职位描述": "副总裁、董事会秘书",
      "期初持股数": "148500",
      "期末持股数": "148500",
      "间接持股数": "",
      "从公司获得年度报酬总额": "680200",
      "补贴津贴": "",
      "变动原因说明": "",
      "是否在股东或关联单位领取报酬津贴": "否",
      "在任与否": "是"
    },
    {
      "领导人姓名": "张磊",
      "职位描述": "副总裁",
      "期初持股数": "0",
      "期末持股数": "0",
      "间接持股数": "",
      "从公司获得年度报酬总额": "500200",
      "补贴津贴": "",
      "变动原因说明": "",
      "是否在股东或关联单位领取报酬津贴": "否",
      "在任与否": "是"
    },
    {
      "领导人姓名": "王爱民",
      "职位描述": "高级副总裁",
      "期初持股数": "0",
      "期末持股数": "0",
      "间接持股数": "",
      "从公司获得年度报酬总额": "1075100",
      "补贴津贴": "",
      "变动原因说明": "",
      "是否在股东或关联单位领取报酬津贴": "否",
      "在任与否": "否"
    }
  ]
}

=== 600512-2026-04-18-腾达建设-腾达建设2025年年度报告.pdf ===
{
  "Leader_Salary_data": {
    "实际所得报酬总额起始": "16341300",
    "实际所得报酬总额截止": "16341300",
    "实际所得报酬总额涉及人数": ""
  },
  "Leader_Hold_data": [
    {
      "领导人姓名": "叶丽君",
      "职位描述": "董事长",
      "期初持股数": "1642500",
      "期末持股数": "1149750",
      "间接持股数": "",
      "从公司获得年度报酬总额": "2335000",
      "补贴津贴": "",
      "变动原因说明": "股权激励限售股回购注销",
      "是否在股东或关联单位领取报酬津贴": "否",
      "在任与否": "是"
    },
    {
      "领导人姓名": "杨九如",
      "职位描述": "副董事长、总裁",
      "期初持股数": "1642500",
      "期末持股数": "1149750",
      "间接持股数": "",
      "从公司获得年度报酬总额": "2288900",
      "补贴津贴": "",
      "变动原因说明": "股权激励限售股回购注销",
      "是否在股东或关联单位领取报酬津贴": "否",
      "在任与否": "是"
    },
    {
      "领导人姓名": "叶弘历",
      "职位描述": "副董事长",
      "期初持股数": "0",
      "期末持股数": "0",
      "间接持股数": "",
      "从公司获得年度报酬总额": "1131600",
      "补贴津贴": "",
      "变动原因说明": "",
      "是否在股东或关联单位领取报酬津贴": "否",
      "在任与否": "是"
    },
    {
      "领导人姓名": "孙九春",
      "职位描述": "董事、副总裁、总工程师",
      "期初持股数": "1314000",
      "期末持股数": "919800",
      "间接持股数": "",
      "从公司获得年度报酬总额": "1942500",
      "补贴津贴": "",
      "变动原因说明": "股权激励限售股回购注销",
      "是否在股东或关联单位领取报酬津贴": "否",
      "在任与否": "是"
    },
    {
      "领导人姓名": "王正初",
      "职位描述": "董事、副总裁",
      "期初持股数": "981800",
      "期末持股数": "705860",
      "间接持股数": "",
      "从公司获得年度报酬总额": "1563600",
      "补贴津贴": "",
      "变动原因说明": "股权激励限售股回购注销",
      "是否在股东或关联单位领取报酬津贴": "否",
      "在任与否": "是"
    },
    {
      "领导人姓名": "林欢",
      "职位描述": "职工代表董事",
      "期初持股数": "986500",
      "期末持股数": "625240",
      "间接持股数": "",
      "从公司获得年度报酬总额": "56500",
      "补贴津贴": "",
      "变动原因说明": "股权激励限售股回购注销、二级市场减持",
      "是否在股东或关联单位领取报酬津贴": "否",
      "在任与否": "是"
    },
    {
      "领导人姓名": "张湧",
      "职位描述": "独立董事",
      "期初持股数": "0",
      "期末持股数": "0",
      "间接持股数": "",
      "从公司获得年度报酬总额": "130000",
      "补贴津贴": "",
      "变动原因说明": "无",
      "是否在股东或关联单位领取报酬津贴": "否",
      "在任与否": "是"
    },
    {
      "领导人姓名": "谭勇",
      "职位描述": "独立董事",
      "期初持股数": "0",
      "期末持股数": "0",
      "间接持股数": "",
      "从公司获得年度报酬总额": "10000",
      "补贴津贴": "",
      "变动原因说明": "无",
      "是否在股东或关联单位领取报酬津贴": "否",
      "在任与否": "是"
    },
    {
      "领导人姓名": "李挺",
      "职位描述": "独立董事",
      "期初持股数": "0",
      "期末持股数": "0",
      "间接持股数": "",
      "从公司获得年度报酬总额": "10000",
      "补贴津贴": "",
      "变动原因说明": "无",
      "是否在股东或关联单位领取报酬津贴": "否",
      "在任与否": "是"
    },
    {
      "领导人姓名": "严炜雷",
      "职位描述": "副总裁",
      "期初持股数": "953900",
      "期末持股数": "677960",
      "间接持股数": "",
      "从公司获得年度报酬总额": "1504100",
      "补贴津贴": "",
      "变动原因说明": "股权激励限售股回购注销",
      "是否在股东或关联单位领取报酬津贴": "否",
      "在任与否": "是"
    },
    {
      "领导人姓名": "王贵",
      "职位描述": "副总裁",
      "期初持股数": "919800",
      "期末持股数": "643860",
      "间接持股数": "",
      "从公司获得年度报酬总额": "1462300",
      "补贴津贴": "",
      "变动原因说明": "股权激励限售股回购注销",
      "是否在股东或关联单位领取报酬津贴": "否",
      "在任与否": "是"
    },
    {
      "领导人姓名": "林尚连",
      "职位描述": "副总裁",
      "期初持股数": "919800",
      "期末持股数": "643860",
      "间接持股数": "",
      "从公司获得年度报酬总额": "1221400",
      "补贴津贴": "",
      "变动原因说明": "股权激励限售股回购注销",
      "是否在股东或关联单位领取报酬津贴": "否",
      "在任与否": "是"
    },
    {
      "领导人姓名": "王士金",
      "职位描述": "董事会秘书",
      "期初持股数": "0",
      "期末持股数": "0",
      "间接持股数": "",
      "从公司获得年度报酬总额": "937200",
      "补贴津贴": "",
      "变动原因说明": "无",
      "是否在股东或关联单位领取报酬津贴": "否",
      "在任与否": "是"
    },
    {
      "领导人姓名": "陈德锋",
      "职位描述": "总会计师",
      "期初持股数": "0",
      "期末持股数": "0",
      "间接持股数": "",
      "从公司获得年度报酬总额": "1032400",
      "补贴津贴": "",
      "变动原因说明": "无",
      "是否在股东或关联单位领取报酬津贴": "否",
      "在任与否": "是"
    },
    {
      "领导人姓名": "赵峰",
      "职位描述": "审计总监",
      "期初持股数": "0",
      "期末持股数": "0",
      "间接持股数": "",
      "从公司获得年度报酬总额": "475800",
      "补贴津贴": "",
      "变动原因说明": "无",
      "是否在股东或关联单位领取报酬津贴": "否",
      "在任与否": "是"
    },
    {
      "领导人姓名": "廖少明",
      "职位描述": "独立董事",
      "期初持股数": "0",
      "期末持股数": "0",
      "间接持股数": "",
      "从公司获得年度报酬总额": "120000",
      "补贴津贴": "",
      "变动原因说明": "无",
      "是否在股东或关联单位领取报酬津贴": "否",
      "在任与否": "否"
    },
    {
      "领导人姓名": "黄俊",
      "职位描述": "独立董事",
      "期初持股数": "0",
      "期末持股数": "0",
      "间接持股数": "",
      "从公司获得年度报酬总额": "120000",
      "补贴津贴": "",
      "变动原因说明": "无",
      "是否在股东或关联单位领取报酬津贴": "否",
      "在任与否": "否"
    }
  ]
}

=== 600691-2026-04-18-潞化科技-山西潞安化工科技股份有限公司2025年年度报告.pdf ===
{
  "Leader_Salary_data": {
    "实际所得报酬总额起始": "",
    "实际所得报酬总额截止": "",
    "实际所得报酬总额涉及人数": ""
  },
  "Leader_Hold_data": [
    {
      "领导人姓名": "马军祥",
      "职位描述": "董事长",
      "期初持股数": "0",
      "期末持股数": "0",
      "间接持股数": "",
      "从公司获得年度报酬总额": "",
      "补贴津贴": "",
      "变动原因说明": "",
      "是否在股东或关联单位领取报酬津贴": "是",
      "在任与否": "是"
    },
    {
      "领导人姓名": "朱壮瑞",
      "职位描述": "董事、总经理",
      "期初持股数": "0",
      "期末持股数": "0",
      "间接持股数": "",
      "从公司获得年度报酬总额": "788900",
      "补贴津贴": "",
      "变动原因说明": "",
      "是否在股东或关联单位领取报酬津贴": "否",
      "在任与否": "是"
    },
    {
      "领导人姓名": "孙燕飞",
      "职位描述": "董事",
      "期初持股数": "0",
      "期末持股数": "0",
      "间接持股数": "",
      "从公司获得年度报酬总额": "",
      "补贴津贴": "",
      "变动原因说明": "",
      "是否在股东或关联单位领取报酬津贴": "是",
      "在任与否": "是"
    },
    {
      "领导人姓名": "赵哲军",
      "职位描述": "董事",
      "期初持股数": "0",
      "期末持股数": "0",
      "间接持股数": "",
      "从公司获得年度报酬总额": "",
      "补贴津贴": "",
      "变动原因说明": "",
      "是否在股东或关联单位领取报酬津贴": "是",
      "在任与否": "是"
    },
    {
      "领导人姓名": "孙晓光",
      "职位描述": "董事",
      "期初持股数": "0",
      "期末持股数": "0",
      "间接持股数": "",
      "从公司获得年度报酬总额": "",
      "补贴津贴": "",
      "变动原因说明": "",
      "是否在股东或关联单位领取报酬津贴": "是",
      "在任与否": "是"
    },
    {
      "领导人姓名": "高峰杰",
      "职位描述": "董事、董事会秘书、副总经理",
      "期初持股数": "0",
      "期末持股数": "0",
      "间接持股数": "",
      "从公司获得年度报酬总额": "398300",
      "补贴津贴": "",
      "变动原因说明": "",
      "是否在股东或关联单位领取报酬津贴": "否",
      "在任与否": "是"
    },
    {
      "领导人姓名": "王东升",
      "职位描述": "独立董事",
      "期初持股数": "0",
      "期末持股数": "0",
      "间接持股数": "",
      "从公司获得年度报酬总额": "60000",
      "补贴津贴": "",
      "变动原因说明": "",
      "是否在股东或关联单位领取报酬津贴": "否",
      "在任与否": "是"
    },
    {
      "领导人姓名": "李文华",
      "职位描述": "独立董事",
      "期初持股数": "0",
      "期末持股数": "0",
      "间接持股数": "",
      "从公司获得年度报酬总额": "60000",
      "补贴津贴": "",
      "变动原因说明": "",
      "是否在股东或关联单位领取报酬津贴": "否",
      "在任与否": "是"
    },
    {
      "领导人姓名": "金安钦",
      "职位描述": "独立董事",
      "期初持股数": "0",
      "期末持股数": "0",
      "间接持股数": "",
      "从公司获得年度报酬总额": "60000",
      "补贴津贴": "",
      "变动原因说明": "",
      "是否在股东或关联单位领取报酬津贴": "否",
      "在任与否": "是"
    },
    {
      "领导人姓名": "成晓宇",
      "职位描述": "副总经理、董事会秘书",
      "期初持股数": "0",
      "期末持股数": "0",
      "间接持股数": "",
      "从公司获得年度报酬总额": "449900",
      "补贴津贴": "",
      "变动原因说明": "",
      "是否在股东或关联单位领取报酬津贴": "否",
      "在任与否": "是"
    },
    {
      "领导人姓名": "程计红",
      "职位描述": "财务总监",
      "期初持股数": "0",
      "期末持股数": "0",
      "间接持股数": "",
      "从公司获得年度报酬总额": "455900",
      "补贴津贴": "",
      "变动原因说明": "",
      "是否在股东或关联单位领取报酬津贴": "否",
      "在任与否": "是"
    },
    {
      "领导人姓名": "梁军军",
      "职位描述": "副总经理",
      "期初持股数": "0",
      "期末持股数": "0",
      "间接持股数": "",
      "从公司获得年度报酬总额": "437800",
      "补贴津贴": "",
      "变动原因说明": "",
      "是否在股东或关联单位领取报酬津贴": "否",
      "在任与否": "是"
    },
    {
      "领导人姓名": "李慧琼",
      "职位描述": "副总经理",
      "期初持股数": "0",
      "期末持股数": "0",
      "间接持股数": "",
      "从公司获得年度报酬总额": "402800",
      "补贴津贴": "",
      "变动原因说明": "",
      "是否在股东或关联单位领取报酬津贴": "否",
      "在任与否": "是"
    }
  ]
}

=== 600561-2026-04-18-江西长运-江西长运2025年年度报告.pdf ===
{
  "Leader_Salary_data": {
    "实际所得报酬总额起始": "2364700",
    "实际所得报酬总额截止": "2364700",
    "实际所得报酬总额涉及人数": ""
  },
  "Leader_Hold_data": [
    {
      "领导人姓名": "王晓",
      "职位描述": "董事长",
      "期初持股数": "0",
      "期末持股数": "0",
      "间接持股数": "",
      "从公司获得年度报酬总额": "0",
      "补贴津贴": "",
      "变动原因说明": "",
      "是否在股东或关联单位领取报酬津贴": "是",
      "在任与否": "是"
    },
    {
      "领导人姓名": "刘磊",
      "职位描述": "董事、副总经理（代行总经理职责）",
      "期初持股数": "0",
      "期末持股数": "0",
      "间接持股数": "",
      "从公司获得年度报酬总额": "447600",
      "补贴津贴": "",
      "变动原因说明": "",
      "是否在股东或关联单位领取报酬津贴": "否",
      "在任与否": "是"
    },
    {
      "领导人姓名": "张小平",
      "职位描述": "董事",
      "期初持股数": "0",
      "期末持股数": "0",
      "间接持股数": "",
      "从公司获得年度报酬总额": "0",
      "补贴津贴": "",
      "变动原因说明": "",
      "是否在股东或关联单位领取报酬津贴": "是",
      "在任与否": "是"
    },
    {
      "领导人姓名": "穆孙祥",
      "职位描述": "董事",
      "期初持股数": "",
      "期末持股数": "0",
      "间接持股数": "",
      "从公司获得年度报酬总额": "0",
      "补贴津贴": "",
      "变动原因说明": "",
      "是否在股东或关联单位领取报酬津贴": "是",
      "在任与否": "是"
    },
    {
      "领导人姓名": "刘志坚",
      "职位描述": "董事",
      "期初持股数": "10000",
      "期末持股数": "10000",
      "间接持股数": "",
      "从公司获得年度报酬总额": "0",
      "补贴津贴": "",
      "变动原因说明": "",
      "是否在股东或关联单位领取报酬津贴": "是",
      "在任与否": "是"
    },
    {
      "领导人姓名": "魏春云",
      "职位描述": "董事、董事会秘书",
      "期初持股数": "0",
      "期末持股数": "0",
      "间接持股数": "",
      "从公司获得年度报酬总额": "236500",
      "补贴津贴": "",
      "变动原因说明": "",
      "是否在股东或关联单位领取报酬津贴": "否",
      "在任与否": "是"
    },
    {
      "领导人姓名": "王雪峰",
      "职位描述": "独立董事",
      "期初持股数": "0",
      "期末持股数": "0",
      "间接持股数": "",
      "从公司获得年度报酬总额": "60000",
      "补贴津贴": "60000",
      "变动原因说明": "",
      "是否在股东或关联单位领取报酬津贴": "否",
      "在任与否": "是"
    },
    {
      "领导人姓名": "肖征山",
      "职位描述": "独立董事",
      "期初持股数": "0",
      "期末持股数": "0",
      "间接持股数": "",
      "从公司获得年度报酬总额": "60000",
      "补贴津贴": "60000",
      "变动原因说明": "",
      "是否在股东或关联单位领取报酬津贴": "否",
      "在任与否": "是"
    },
    {
      "领导人姓名": "王咏梅",
      "职位描述": "独立董事",
      "期初持股数": "0",
      "期末持股数": "0",
      "间接持股数": "",
      "从公司获得年度报酬总额": "60000",
      "补贴津贴": "60000",
      "变动原因说明": "",
      "是否在股东或关联单位领取报酬津贴": "否",
      "在任与否": "是"
    },
    {
      "领导人姓名": "占梁",
      "职位描述": "副总经理",
      "期初持股数": "0",
      "期末持股数": "0",
      "间接持股数": "",
      "从公司获得年度报酬总额": "414000",
      "补贴津贴": "",
      "变动原因说明": "",
      "是否在股东或关联单位领取报酬津贴": "否",
      "在任与否": "是"
    },
    {
      "领导人姓名": "傅琳雁",
      "职位描述": "财务总监",
      "期初持股数": "0",
      "期末持股数": "0",
      "间接持股数": "",
      "从公司获得年度报酬总额": "415900",
      "补贴津贴": "",
      "变动原因说明": "",
      "是否在股东或关联单位领取报酬津贴": "否",
      "在任与否": "是"
    },
    {
      "领导人姓名": "吴隼",
      "职位描述": "离任董事、董秘、副总经理",
      "期初持股数": "0",
      "期末持股数": "0",
      "间接持股数": "",
      "从公司获得年度报酬总额": "329000",
      "补贴津贴": "",
      "变动原因说明": "",
      "是否在股东或关联单位领取报酬津贴": "否",
      "在任与否": "否"
    },
    {
      "领导人姓名": "张云燕",
      "职位描述": "离任独立董事",
      "期初持股数": "0",
      "期末持股数": "0",
      "间接持股数": "",
      "从公司获得年度报酬总额": "55000",
      "补贴津贴": "55000",
      "变动原因说明": "",
      "是否在股东或关联单位领取报酬津贴": "否",
      "在任与否": "否"
    },
    {
      "领导人姓名": "肖良芝",
      "职位描述": "离任副总经理",
      "期初持股数": "0",
      "期末持股数": "0",
      "间接持股数": "",
      "从公司获得年度报酬总额": "286700",
      "补贴津贴": "",
      "变动原因说明": "",
      "是否在股东或关联单位领取报酬津贴": "是",
      "在任与否": "否"
    }
  ]
}

=== 600697-2026-04-18-欧亚集团-长春欧亚集团股份有限公司2025年年度报告.pdf ===
{
  "Leader_Salary_data": {
    "实际所得报酬总额起始": "13954500",
    "实际所得报酬总额截止": "13954500",
    "实际所得报酬总额涉及人数": ""
  },
  "Leader_Hold_data": [
    {
      "领导人姓名": "曹和平",
      "职位描述": "董事长",
      "期初持股数": "7932146",
      "期末持股数": "7932146",
      "间接持股数": "",
      "从公司获得年度报酬总额": "2000000",
      "补贴津贴": "",
      "变动原因说明": "",
      "是否在股东或关联单位领取报酬津贴": "否",
      "在任与否": "是"
    },
    {
      "领导人姓名": "赵首沣",
      "职位描述": "副董事长、总经理",
      "期初持股数": "",
      "期末持股数": "",
      "间接持股数": "",
      "从公司获得年度报酬总额": "1650000",
      "补贴津贴": "",
      "变动原因说明": "",
      "是否在股东或关联单位领取报酬津贴": "否",
      "在任与否": "是"
    },
    {
      "领导人姓名": "于惠舫",
      "职位描述": "副董事长、副总经理",
      "期初持股数": "185870",
      "期末持股数": "185870",
      "间接持股数": "",
      "从公司获得年度报酬总额": "1500000",
      "补贴津贴": "",
      "变动原因说明": "",
      "是否在股东或关联单位领取报酬津贴": "否",
      "在任与否": "是"
    },
    {
      "领导人姓名": "王雷",
      "职位描述": "董事",
      "期初持股数": "",
      "期末持股数": "",
      "间接持股数": "",
      "从公司获得年度报酬总额": "0",
      "补贴津贴": "",
      "变动原因说明": "",
      "是否在股东或关联单位领取报酬津贴": "是",
      "在任与否": "是"
    },
    {
      "领导人姓名": "苏焱",
      "职位描述": "董事、董事会秘书（副总）",
      "期初持股数": "143000",
      "期末持股数": "143000",
      "间接持股数": "",
      "从公司获得年度报酬总额": "1000000",
      "补贴津贴": "",
      "变动原因说明": "",
      "是否在股东或关联单位领取报酬津贴": "否",
      "在任与否": "是"
    },
    {
      "领导人姓名": "刘晓宇",
      "职位描述": "职工董事",
      "期初持股数": "",
      "期末持股数": "",
      "间接持股数": "",
      "从公司获得年度报酬总额": "124500",
      "补贴津贴": "",
      "变动原因说明": "",
      "是否在股东或关联单位领取报酬津贴": "否",
      "在任与否": "是"
    },
    {
      "领导人姓名": "于莹",
      "职位描述": "独立董事",
      "期初持股数": "",
      "期末持股数": "",
      "间接持股数": "",
      "从公司获得年度报酬总额": "60000",
      "补贴津贴": "",
      "变动原因说明": "",
      "是否在股东或关联单位领取报酬津贴": "否",
      "在任与否": "是"
    },
    {
      "领导人姓名": "王和春",
      "职位描述": "独立董事",
      "期初持股数": "",
      "期末持股数": "",
      "间接持股数": "",
      "从公司获得年度报酬总额": "60000",
      "补贴津贴": "",
      "变动原因说明": "",
      "是否在股东或关联单位领取报酬津贴": "否",
      "在任与否": "是"
    },
    {
      "领导人姓名": "王树武",
      "职位描述": "独立董事",
      "期初持股数": "",
      "期末持股数": "",
      "间接持股数": "",
      "从公司获得年度报酬总额": "60000",
      "补贴津贴": "",
      "变动原因说明": "",
      "是否在股东或关联单位领取报酬津贴": "否",
      "在任与否": "是"
    },
    {
      "领导人姓名": "黄永超",
      "职位描述": "副总经理",
      "期初持股数": "10900",
      "期末持股数": "10900",
      "间接持股数": "",
      "从公司获得年度报酬总额": "1500000",
      "补贴津贴": "",
      "变动原因说明": "",
      "是否在股东或关联单位领取报酬津贴": "否",
      "在任与否": "是"
    },
    {
      "领导人姓名": "邹德东",
      "职位描述": "副总经理",
      "期初持股数": "22300",
      "期末持股数": "22300",
      "间接持股数": "",
      "从公司获得年度报酬总额": "1500000",
      "补贴津贴": "",
      "变动原因说明": "",
      "是否在股东或关联单位领取报酬津贴": "否",
      "在任与否": "是"
    },
    {
      "领导人姓名": "周伟",
      "职位描述": "副总经理",
      "期初持股数": "10000",
      "期末持股数": "10000",
      "间接持股数": "",
      "从公司获得年度报酬总额": "1500000",
      "补贴津贴": "",
      "变动原因说明": "",
      "是否在股东或关联单位领取报酬津贴": "否",
      "在任与否": "是"
    },
    {
      "领导人姓名": "曹乃文",
      "职位描述": "副总经理",
      "期初持股数": "",
      "期末持股数": "",
      "间接持股数": "",
      "从公司获得年度报酬总额": "1000000",
      "补贴津贴": "",
      "变动原因说明": "",
      "是否在股东或关联单位领取报酬津贴": "否",
      "在任与否": "是"
    },
    {
      "领导人姓名": "韩淑辉",
      "职位描述": "总会计师（副总）",
      "期初持股数": "40000",
      "期末持股数": "40000",
      "间接持股数": "",
      "从公司获得年度报酬总额": "1000000",
      "补贴津贴": "",
      "变动原因说明": "",
      "是否在股东或关联单位领取报酬津贴": "否",
      "在任与否": "是"
    },
    {
      "领导人姓名": "高岗",
      "职位描述": "首席信息官（副总）",
      "期初持股数": "30000",
      "期末持股数": "30000",
      "间接持股数": "",
      "从公司获得年度报酬总额": "1000000",
      "补贴津贴": "",
      "变动原因说明": "",
      "是否在股东或关联单位领取报酬津贴": "否",
      "在任与否": "是"
    }
  ]
}

=== 600518-2026-04-18-康美药业-康美药业2025年年度报告.pdf ===
{
  "Leader_Salary_data": {
    "实际所得报酬总额起始": "11963100",
    "实际所得报酬总额截止": "11963100",
    "实际所得报酬总额涉及人数": ""
  },
  "Leader_Hold_data": [
    {
      "领导人姓名": "赖志坚",
      "职位描述": "董事长",
      "期初持股数": "0",
      "期末持股数": "0",
      "间接持股数": "",
      "从公司获得年度报酬总额": "1500000",
      "补贴津贴": "",
      "变动原因说明": "",
      "是否在股东或关联单位领取报酬津贴": "否",
      "在任与否": "是"
    },
    {
      "领导人姓名": "欧国雄",
      "职位描述": "董事、总经理、原副总经理",
      "期初持股数": "0",
      "期末持股数": "0",
      "间接持股数": "",
      "从公司获得年度报酬总额": "1471100",
      "补贴津贴": "",
      "变动原因说明": "",
      "是否在股东或关联单位领取报酬津贴": "否",
      "在任与否": "是"
    },
    {
      "领导人姓名": "周云峰",
      "职位描述": "董事、副总经理、董事会秘书",
      "期初持股数": "0",
      "期末持股数": "0",
      "间接持股数": "",
      "从公司获得年度报酬总额": "1350000",
      "补贴津贴": "",
      "变动原因说明": "",
      "是否在股东或关联单位领取报酬津贴": "否",
      "在任与否": "是"
    },
    {
      "领导人姓名": "夏华悦",
      "职位描述": "董事",
      "期初持股数": "0",
      "期末持股数": "0",
      "间接持股数": "",
      "从公司获得年度报酬总额": "0",
      "补贴津贴": "",
      "变动原因说明": "",
      "是否在股东或关联单位领取报酬津贴": "是",
      "在任与否": "是"
    },
    {
      "领导人姓名": "梁珺",
      "职位描述": "董事",
      "期初持股数": "0",
      "期末持股数": "0",
      "间接持股数": "",
      "从公司获得年度报酬总额": "0",
      "补贴津贴": "",
      "变动原因说明": "",
      "是否在股东或关联单位领取报酬津贴": "是",
      "在任与否": "是"
    },
    {
      "领导人姓名": "黄伟忠",
      "职位描述": "董事",
      "期初持股数": "0",
      "期末持股数": "0",
      "间接持股数": "",
      "从公司获得年度报酬总额": "0",
      "补贴津贴": "",
      "变动原因说明": "",
      "是否在股东或关联单位领取报酬津贴": "是",
      "在任与否": "是"
    },
    {
      "领导人姓名": "余宇莹",
      "职位描述": "独立董事",
      "期初持股数": "0",
      "期末持股数": "0",
      "间接持股数": "",
      "从公司获得年度报酬总额": "1800",
      "补贴津贴": "",
      "变动原因说明": "",
      "是否在股东或关联单位领取报酬津贴": "否",
      "在任与否": "是"
    },
    {
      "领导人姓名": "赖小平",
      "职位描述": "独立董事",
      "期初持股数": "0",
      "期末持股数": "0",
      "间接持股数": "",
      "从公司获得年度报酬总额": "120000",
      "补贴津贴": "",
      "变动原因说明": "",
      "是否在股东或关联单位领取报酬津贴": "否",
      "在任与否": "是"
    },
    {
      "领导人姓名": "林辉",
      "职位描述": "独立董事",
      "期初持股数": "0",
      "期末持股数": "0",
      "间接持股数": "",
      "从公司获得年度报酬总额": "107700",
      "补贴津贴": "",
      "变动原因说明": "",
      "是否在股东或关联单位领取报酬津贴": "否",
      "在任与否": "是"
    },
    {
      "领导人姓名": "宫贵博",
      "职位描述": "副总经理、财务总监",
      "期初持股数": "0",
      "期末持股数": "0",
      "间接持股数": "",
      "从公司获得年度报酬总额": "1350000",
      "补贴津贴": "",
      "变动原因说明": "",
      "是否在股东或关联单位领取报酬津贴": "否",
      "在任与否": "是"
    },
    {
      "领导人姓名": "刘新泉",
      "职位描述": "副总经理",
      "期初持股数": "0",
      "期末持股数": "0",
      "间接持股数": "",
      "从公司获得年度报酬总额": "1200000",
      "补贴津贴": "",
      "变动原因说明": "",
      "是否在股东或关联单位领取报酬津贴": "否",
      "在任与否": "是"
    },
    {
      "领导人姓名": "陈启鋆",
      "职位描述": "副总经理",
      "期初持股数": "0",
      "期末持股数": "0",
      "间接持股数": "",
      "从公司获得年度报酬总额": "1200000",
      "补贴津贴": "",
      "变动原因说明": "",
      "是否在股东或关联单位领取报酬津贴": "否",
      "在任与否": "是"
    },
    {
      "领导人姓名": "李泽彬",
      "职位描述": "总经理助理",
      "期初持股数": "0",
      "期末持股数": "0",
      "间接持股数": "",
      "从公司获得年度报酬总额": "1050700",
      "补贴津贴": "",
      "变动原因说明": "",
      "是否在股东或关联单位领取报酬津贴": "否",
      "在任与否": "是"
    },
    {
      "领导人姓名": "张津津",
      "职位描述": "总经理助理",
      "期初持股数": "0",
      "期末持股数": "0",
      "间接持股数": "",
      "从公司获得年度报酬总额": "984800",
      "补贴津贴": "",
      "变动原因说明": "",
      "是否在股东或关联单位领取报酬津贴": "否",
      "在任与否": "是"
    },
    {
      "领导人姓名": "刘国伟",
      "职位描述": "原董事、原总经理",
      "期初持股数": "0",
      "期末持股数": "0",
      "间接持股数": "",
      "从公司获得年度报酬总额": "250000",
      "补贴津贴": "",
      "变动原因说明": "",
      "是否在股东或关联单位领取报酬津贴": "是",
      "在任与否": "否"
    },
    {
      "领导人姓名": "米琪",
      "职位描述": "原董事",
      "期初持股数": "0",
      "期末持股数": "0",
      "间接持股数": "",
      "从公司获得年度报酬总额": "119600",
      "补贴津贴": "",
      "变动原因说明": "",
      "是否在股东或关联单位领取报酬津贴": "否",
      "在任与否": "否"
    },
    {
      "领导人姓名": "方妙双",
      "职位描述": "原董事",
      "期初持股数": "0",
      "期末持股数": "0",
      "间接持股数": "",
      "从公司获得年度报酬总额": "0",
      "补贴津贴": "",
      "变动原因说明": "",
      "是否在股东或关联单位领取报酬津贴": "是",
      "在任与否": "否"
    },
    {
      "领导人姓名": "曾庆",
      "职位描述": "原独立董事",
      "期初持股数": "0",
      "期末持股数": "0",
      "间接持股数": "",
      "从公司获得年度报酬总额": "12800",
      "补贴津贴": "",
      "变动原因说明": "",
      "是否在股东或关联单位领取报酬津贴": "否",
      "在任与否": "否"
    },
    {
      "领导人姓名": "骆涛",
      "职位描述": "原独立董事",
      "期初持股数": "0",
      "期末持股数": "0",
      "间接持股数": "",
      "从公司获得年度报酬总额": "118600",
      "补贴津贴": "",
      "变动原因说明": "",
      "是否在股东或关联单位领取报酬津贴": "是",
      "在任与否": "否"
    },
    {
      "领导人姓名": "何则正",
      "职位描述": "原副总经理、原监事会主席",
      "期初持股数": "0",
      "期末持股数": "0",
      "间接持股数": "",
      "从公司获得年度报酬总额": "1126000",
      "补贴津贴": "",
      "变动原因说明": "",
      "是否在股东或关联单位领取报酬津贴": "否",
      "在任与否": "否"
    }
  ]
}

=== 600689-2026-04-18-上海三毛-2025年年度报告.pdf ===
{
  "Leader_Salary_data": {
    "实际所得报酬总额起始": "3537300",
    "实际所得报酬总额截止": "3537300",
    "实际所得报酬总额涉及人数": ""
  },
  "Leader_Hold_data": [
    {
      "领导人姓名": "吴重晖",
      "职位描述": "董事长",
      "期初持股数": "0",
      "期末持股数": "0",
      "间接持股数": "",
      "从公司获得年度报酬总额": "0",
      "补贴津贴": "",
      "变动原因说明": "",
      "是否在股东或关联单位领取报酬津贴": "是",
      "在任与否": "是"
    },
    {
      "领导人姓名": "方果",
      "职位描述": "董事、总经理",
      "期初持股数": "0",
      "期末持股数": "0",
      "间接持股数": "",
      "从公司获得年度报酬总额": "276300",
      "补贴津贴": "",
      "变动原因说明": "",
      "是否在股东或关联单位领取报酬津贴": "否",
      "在任与否": "是"
    },
    {
      "领导人姓名": "何贵云",
      "职位描述": "董事、董事会秘书、财务总监、财务管理部经理",
      "期初持股数": "0",
      "期末持股数": "0",
      "间接持股数": "",
      "从公司获得年度报酬总额": "819400",
      "补贴津贴": "",
      "变动原因说明": "",
      "是否在股东或关联单位领取报酬津贴": "否",
      "在任与否": "是"
    },
    {
      "领导人姓名": "易珽",
      "职位描述": "职工代表董事、职工代表监事",
      "期初持股数": "0",
      "期末持股数": "0",
      "间接持股数": "",
      "从公司获得年度报酬总额": "811800",
      "补贴津贴": "",
      "变动原因说明": "",
      "是否在股东或关联单位领取报酬津贴": "否",
      "在任与否": "是"
    },
    {
      "领导人姓名": "杨克泉",
      "职位描述": "独立董事",
      "期初持股数": "0",
      "期末持股数": "0",
      "间接持股数": "",
      "从公司获得年度报酬总额": "41700",
      "补贴津贴": "",
      "变动原因说明": "",
      "是否在股东或关联单位领取报酬津贴": "否",
      "在任与否": "是"
    },
    {
      "领导人姓名": "张勇",
      "职位描述": "独立董事",
      "期初持股数": "0",
      "期末持股数": "0",
      "间接持股数": "",
      "从公司获得年度报酬总额": "41700",
      "补贴津贴": "",
      "变动原因说明": "",
      "是否在股东或关联单位领取报酬津贴": "否",
      "在任与否": "是"
    },
    {
      "领导人姓名": "刘志强",
      "职位描述": "独立董事",
      "期初持股数": "0",
      "期末持股数": "0",
      "间接持股数": "",
      "从公司获得年度报酬总额": "41700",
      "补贴津贴": "",
      "变动原因说明": "",
      "是否在股东或关联单位领取报酬津贴": "否",
      "在任与否": "是"
    },
    {
      "领导人姓名": "胡渝",
      "职位描述": "原董事长",
      "期初持股数": "0",
      "期末持股数": "0",
      "间接持股数": "",
      "从公司获得年度报酬总额": "636100",
      "补贴津贴": "",
      "变动原因说明": "",
      "是否在股东或关联单位领取报酬津贴": "否",
      "在任与否": "否"
    },
    {
      "领导人姓名": "刘杰",
      "职位描述": "原董事、原总经理",
      "期初持股数": "0",
      "期末持股数": "0",
      "间接持股数": "",
      "从公司获得年度报酬总额": "693700",
      "补贴津贴": "",
      "变动原因说明": "",
      "是否在股东或关联单位领取报酬津贴": "否",
      "在任与否": "否"
    },
    {
      "领导人姓名": "李迪",
      "职位描述": "原董事",
      "期初持股数": "0",
      "期末持股数": "0",
      "间接持股数": "",
      "从公司获得年度报酬总额": "0",
      "补贴津贴": "",
      "变动原因说明": "",
      "是否在股东或关联单位领取报酬津贴": "是",
      "在任与否": "否"
    },
    {
      "领导人姓名": "曹惠民",
      "职位描述": "原独立董事",
      "期初持股数": "0",
      "期末持股数": "0",
      "间接持股数": "",
      "从公司获得年度报酬总额": "58300",
      "补贴津贴": "",
      "变动原因说明": "",
      "是否在股东或关联单位领取报酬津贴": "否",
      "在任与否": "否"
    },
    {
      "领导人姓名": "赵晓雷",
      "职位描述": "原独立董事",
      "期初持股数": "0",
      "期末持股数": "0",
      "间接持股数": "",
      "从公司获得年度报酬总额": "58300",
      "补贴津贴": "",
      "变动原因说明": "",
      "是否在股东或关联单位领取报酬津贴": "否",
      "在任与否": "否"
    },
    {
      "领导人姓名": "刘战尧",
      "职位描述": "原独立董事",
      "期初持股数": "0",
      "期末持股数": "0",
      "间接持股数": "",
      "从公司获得年度报酬总额": "58300",
      "补贴津贴": "",
      "变动原因说明": "",
      "是否在股东或关联单位领取报酬津贴": "否",
      "在任与否": "否"
    }
  ]
}

=== 600674-2026-04-18-川投能源-四川川投能源股份有限公司2025年年度报告.pdf ===
{
  "Leader_Salary_data": {
    "实际所得报酬总额起始": "6944000",
    "实际所得报酬总额截止": "6944000",
    "实际所得报酬总额涉及人数": ""
  },
  "Leader_Hold_data": [
    {
      "领导人姓名": "刘胜金",
      "职位描述": "董事长、董事、法定代表人",
      "期初持股数": "0",
      "期末持股数": "0",
      "间接持股数": "",
      "从公司获得年度报酬总额": "53400",
      "补贴津贴": "",
      "变动原因说明": "",
      "是否在股东或关联单位领取报酬津贴": "否",
      "在任与否": "是"
    },
    {
      "领导人姓名": "黄强",
      "职位描述": "副董事长、董事、总经理",
      "期初持股数": "0",
      "期末持股数": "0",
      "间接持股数": "",
      "从公司获得年度报酬总额": "53400",
      "补贴津贴": "",
      "变动原因说明": "",
      "是否在股东或关联单位领取报酬津贴": "否",
      "在任与否": "是"
    },
    {
      "领导人姓名": "向永忠",
      "职位描述": "独立董事",
      "期初持股数": "0",
      "期末持股数": "0",
      "间接持股数": "",
      "从公司获得年度报酬总额": "160000",
      "补贴津贴": "",
      "变动原因说明": "",
      "是否在股东或关联单位领取报酬津贴": "否",
      "在任与否": "是"
    },
    {
      "领导人姓名": "王劲夫",
      "职位描述": "独立董事",
      "期初持股数": "0",
      "期末持股数": "0",
      "间接持股数": "",
      "从公司获得年度报酬总额": "160000",
      "补贴津贴": "",
      "变动原因说明": "",
      "是否在股东或关联单位领取报酬津贴": "否",
      "在任与否": "是"
    },
    {
      "领导人姓名": "唐忠诚",
      "职位描述": "独立董事",
      "期初持股数": "0",
      "期末持股数": "0",
      "间接持股数": "",
      "从公司获得年度报酬总额": "160000",
      "补贴津贴": "",
      "变动原因说明": "",
      "是否在股东或关联单位领取报酬津贴": "否",
      "在任与否": "是"
    },
    {
      "领导人姓名": "郑声安",
      "职位描述": "独立董事",
      "期初持股数": "0",
      "期末持股数": "0",
      "间接持股数": "",
      "从公司获得年度报酬总额": "0",
      "补贴津贴": "",
      "变动原因说明": "",
      "是否在股东或关联单位领取报酬津贴": "否",
      "在任与否": "是"
    },
    {
      "领导人姓名": "冉兰平",
      "职位描述": "职工董事、工会主席",
      "期初持股数": "0",
      "期末持股数": "0",
      "间接持股数": "",
      "从公司获得年度报酬总额": "742800",
      "补贴津贴": "",
      "变动原因说明": "",
      "是否在股东或关联单位领取报酬津贴": "否",
      "在任与否": "是"
    },
    {
      "领导人姓名": "韩云文",
      "职位描述": "董事",
      "期初持股数": "0",
      "期末持股数": "0",
      "间接持股数": "",
      "从公司获得年度报酬总额": "0",
      "补贴津贴": "",
      "变动原因说明": "",
      "是否在股东或关联单位领取报酬津贴": "是",
      "在任与否": "是"
    },
    {
      "领导人姓名": "赵云龙",
      "职位描述": "董事",
      "期初持股数": "0",
      "期末持股数": "0",
      "间接持股数": "",
      "从公司获得年度报酬总额": "0",
      "补贴津贴": "",
      "变动原因说明": "",
      "是否在股东或关联单位领取报酬津贴": "是",
      "在任与否": "是"
    },
    {
      "领导人姓名": "涂莹",
      "职位描述": "董事",
      "期初持股数": "0",
      "期末持股数": "0",
      "间接持股数": "",
      "从公司获得年度报酬总额": "0",
      "补贴津贴": "",
      "变动原因说明": "",
      "是否在股东或关联单位领取报酬津贴": "是",
      "在任与否": "是"
    },
    {
      "领导人姓名": "曾志伟",
      "职位描述": "董事",
      "期初持股数": "0",
      "期末持股数": "0",
      "间接持股数": "",
      "从公司获得年度报酬总额": "0",
      "补贴津贴": "",
      "变动原因说明": "",
      "是否在股东或关联单位领取报酬津贴": "是",
      "在任与否": "是"
    },
    {
      "领导人姓名": "刘好",
      "职位描述": "财务总监",
      "期初持股数": "0",
      "期末持股数": "0",
      "间接持股数": "",
      "从公司获得年度报酬总额": "771400",
      "补贴津贴": "",
      "变动原因说明": "",
      "是否在股东或关联单位领取报酬津贴": "否",
      "在任与否": "是"
    },
    {
      "领导人姓名": "戴月洪",
      "职位描述": "纪委书记",
      "期初持股数": "0",
      "期末持股数": "0",
      "间接持股数": "",
      "从公司获得年度报酬总额": "742800",
      "补贴津贴": "",
      "变动原因说明": "",
      "是否在股东或关联单位领取报酬津贴": "否",
      "在任与否": "是"
    },
    {
      "领导人姓名": "王行仁",
      "职位描述": "副总经理",
      "期初持股数": "0",
      "期末持股数": "0",
      "间接持股数": "",
      "从公司获得年度报酬总额": "796000",
      "补贴津贴": "",
      "变动原因说明": "",
      "是否在股东或关联单位领取报酬津贴": "否",
      "在任与否": "是"
    },
    {
      "领导人姓名": "鲁晋川",
      "职位描述": "董事会秘书",
      "期初持股数": "0",
      "期末持股数": "0",
      "间接持股数": "",
      "从公司获得年度报酬总额": "750000",
      "补贴津贴": "",
      "变动原因说明": "",
      "是否在股东或关联单位领取报酬津贴": "否",
      "在任与否": "是"
    },
    {
      "领导人姓名": "吴晓曦",
      "职位描述": "董事长、董事、法定代表人",
      "期初持股数": "0",
      "期末持股数": "0",
      "间接持股数": "",
      "从公司获得年度报酬总额": "0",
      "补贴津贴": "",
      "变动原因说明": "",
      "是否在股东或关联单位领取报酬津贴": "是",
      "在任与否": "否"
    },
    {
      "领导人姓名": "李文志",
      "职位描述": "董事",
      "期初持股数": "0",
      "期末持股数": "0",
      "间接持股数": "",
      "从公司获得年度报酬总额": "0",
      "补贴津贴": "",
      "变动原因说明": "",
      "是否在股东或关联单位领取报酬津贴": "是",
      "在任与否": "否"
    },
    {
      "领导人姓名": "徐天春",
      "职位描述": "独立董事",
      "期初持股数": "",
      "期末持股数": "",
      "间接持股数": "",
      "从公司获得年度报酬总额": "160000",
      "补贴津贴": "",
      "变动原因说明": "",
      "是否在股东或关联单位领取报酬津贴": "否",
      "在任与否": "否"
    },
    {
      "领导人姓名": "张昊",
      "职位描述": "董事",
      "期初持股数": "0",
      "期末持股数": "0",
      "间接持股数": "",
      "从公司获得年度报酬总额": "0",
      "补贴津贴": "",
      "变动原因说明": "",
      "是否在股东或关联单位领取报酬津贴": "是",
      "在任与否": "否"
    },
    {
      "领导人姓名": "杨洪",
      "职位描述": "副董事长、董事、总经理",
      "期初持股数": "0",
      "期末持股数": "0",
      "间接持股数": "",
      "从公司获得年度报酬总额": "873900",
      "补贴津贴": "",
      "变动原因说明": "",
      "是否在股东或关联单位领取报酬津贴": "否",
      "在任与否": "否"
    },
    {
      "领导人姓名": "龚圆",
      "职位描述": "董事",
      "期初持股数": "0",
      "期末持股数": "0",
      "间接持股数": "",
      "从公司获得年度报酬总额": "0",
      "补贴津贴": "",
      "变动原因说明": "",
      "是否在股东或关联单位领取报酬津贴": "否",
      "在任与否": "否"
    },
    {
      "领导人姓名": "孙文良",
      "职位描述": "董事",
      "期初持股数": "0",
      "期末持股数": "0",
      "间接持股数": "",
      "从公司获得年度报酬总额": "0",
      "补贴津贴": "",
      "变动原因说明": "",
      "是否在股东或关联单位领取报酬津贴": "是",
      "在任与否": "否"
    },
    {
      "领导人姓名": "杨平",
      "职位描述": "副总经理",
      "期初持股数": "0",
      "期末持股数": "0",
      "间接持股数": "",
      "从公司获得年度报酬总额": "735700",
      "补贴津贴": "",
      "变动原因说明": "",
      "是否在股东或关联单位领取报酬津贴": "否",
      "在任与否": "否"
    },
    {
      "领导人姓名": "徐孝刚",
      "职位描述": "副总经理",
      "期初持股数": "15000",
      "期末持股数": "15000",
      "间接持股数": "",
      "从公司获得年度报酬总额": "784600",
      "补贴津贴": "",
      "变动原因说明": "",
      "是否在股东或关联单位领取报酬津贴": "否",
      "在任与否": "否"
    }
  ]
}

=== 600729-2026-04-18-重庆百货-重庆百货大楼股份有限公司2025年年度报告.pdf ===
{
  "Leader_Salary_data": {
    "实际所得报酬总额起始": "8660400",
    "实际所得报酬总额截止": "8660400",
    "实际所得报酬总额涉及人数": ""
  },
  "Leader_Hold_data": [
    {
      "领导人姓名": "张文中",
      "职位描述": "董事长",
      "期初持股数": "",
      "期末持股数": "",
      "间接持股数": "",
      "从公司获得年度报酬总额": "",
      "补贴津贴": "",
      "变动原因说明": "",
      "是否在股东或关联单位领取报酬津贴": "是",
      "在任与否": "是"
    },
    {
      "领导人姓名": "乔红兵",
      "职位描述": "董事",
      "期初持股数": "111300",
      "期末持股数": "83500",
      "间接持股数": "",
      "从公司获得年度报酬总额": "1181800",
      "补贴津贴": "",
      "变动原因说明": "减持股份",
      "是否在股东或关联单位领取报酬津贴": "否",
      "在任与否": "是"
    },
    {
      "领导人姓名": "胡淳",
      "职位描述": "副董事长",
      "期初持股数": "",
      "期末持股数": "",
      "间接持股数": "",
      "从公司获得年度报酬总额": "",
      "补贴津贴": "",
      "变动原因说明": "",
      "是否在股东或关联单位领取报酬津贴": "是",
      "在任与否": "是"
    },
    {
      "领导人姓名": "朱颖",
      "职位描述": "董事",
      "期初持股数": "",
      "期末持股数": "",
      "间接持股数": "",
      "从公司获得年度报酬总额": "",
      "补贴津贴": "",
      "变动原因说明": "",
      "是否在股东或关联单位领取报酬津贴": "是",
      "在任与否": "是"
    },
    {
      "领导人姓名": "胡宏伟",
      "职位描述": "董事、总经理",
      "期初持股数": "108000",
      "期末持股数": "81000",
      "间接持股数": "",
      "从公司获得年度报酬总额": "2568700",
      "补贴津贴": "",
      "变动原因说明": "减持股份",
      "是否在股东或关联单位领取报酬津贴": "否",
      "在任与否": "是"
    },
    {
      "领导人姓名": "赵国庆",
      "职位描述": "副董事长",
      "期初持股数": "3000",
      "期末持股数": "3000",
      "间接持股数": "",
      "从公司获得年度报酬总额": "",
      "补贴津贴": "",
      "变动原因说明": "",
      "是否在股东或关联单位领取报酬津贴": "是",
      "在任与否": "是"
    },
    {
      "领导人姓名": "陈兵",
      "职位描述": "独立董事",
      "期初持股数": "",
      "期末持股数": "",
      "间接持股数": "",
      "从公司获得年度报酬总额": "120000",
      "补贴津贴": "120000",
      "变动原因说明": "",
      "是否在股东或关联单位领取报酬津贴": "否",
      "在任与否": "是"
    },
    {
      "领导人姓名": "冉茂盛",
      "职位描述": "独立董事",
      "期初持股数": "",
      "期末持股数": "",
      "间接持股数": "",
      "从公司获得年度报酬总额": "120000",
      "补贴津贴": "120000",
      "变动原因说明": "",
      "是否在股东或关联单位领取报酬津贴": "否",
      "在任与否": "是"
    },
    {
      "领导人姓名": "梁雨谷",
      "职位描述": "独立董事",
      "期初持股数": "",
      "期末持股数": "",
      "间接持股数": "",
      "从公司获得年度报酬总额": "120000",
      "补贴津贴": "120000",
      "变动原因说明": "",
      "是否在股东或关联单位领取报酬津贴": "否",
      "在任与否": "是"
    },
    {
      "领导人姓名": "叶明",
      "职位描述": "独立董事",
      "期初持股数": "",
      "期末持股数": "",
      "间接持股数": "",
      "从公司获得年度报酬总额": "120000",
      "补贴津贴": "120000",
      "变动原因说明": "",
      "是否在股东或关联单位领取报酬津贴": "否",
      "在任与否": "是"
    },
    {
      "领导人姓名": "陈广垒",
      "职位描述": "独立董事",
      "期初持股数": "",
      "期末持股数": "",
      "间接持股数": "",
      "从公司获得年度报酬总额": "120000",
      "补贴津贴": "120000",
      "变动原因说明": "",
      "是否在股东或关联单位领取报酬津贴": "否",
      "在任与否": "是"
    },
    {
      "领导人姓名": "王欢",
      "职位描述": "副总经理",
      "期初持股数": "110900",
      "期末持股数": "83900",
      "间接持股数": "",
      "从公司获得年度报酬总额": "1159200",
      "补贴津贴": "",
      "变动原因说明": "减持股份",
      "是否在股东或关联单位领取报酬津贴": "否",
      "在任与否": "是"
    },
    {
      "领导人姓名": "韩伟",
      "职位描述": "副总经理",
      "期初持股数": "94350",
      "期末持股数": "63200",
      "间接持股数": "",
      "从公司获得年度报酬总额": "822100",
      "补贴津贴": "",
      "变动原因说明": "减持股份回购注销",
      "是否在股东或关联单位领取报酬津贴": "否",
      "在任与否": "是"
    },
    {
      "领导人姓名": "王金录",
      "职位描述": "财务总监（财务负责人）",
      "期初持股数": "88300",
      "期末持股数": "88300",
      "间接持股数": "",
      "从公司获得年度报酬总额": "1163100",
      "补贴津贴": "",
      "变动原因说明": "",
      "是否在股东或关联单位领取报酬津贴": "否",
      "在任与否": "是"
    },
    {
      "领导人姓名": "陈果",
      "职位描述": "董事会秘书",
      "期初持股数": "98800",
      "期末持股数": "74100",
      "间接持股数": "",
      "从公司获得年度报酬总额": "1165500",
      "补贴津贴": "",
      "变动原因说明": "减持股份",
      "是否在股东或关联单位领取报酬津贴": "否",
      "在任与否": "是"
    },
    {
      "领导人姓名": "彭叶冰",
      "职位描述": "董事",
      "期初持股数": "",
      "期末持股数": "",
      "间接持股数": "",
      "从公司获得年度报酬总额": "",
      "补贴津贴": "",
      "变动原因说明": "",
      "是否在股东或关联单位领取报酬津贴": "是",
      "在任与否": "否"
    }
  ]
}

=== 600756-2026-04-18-浪潮软件-浪潮软件2025年年度报告全文.pdf ===
{
  "Leader_Salary_data": {
    "实际所得报酬总额起始": "3281900",
    "实际所得报酬总额截止": "3281900",
    "实际所得报酬总额涉及人数": ""
  },
  "Leader_Hold_data": [
    {
      "领导人姓名": "薛军利",
      "职位描述": "董事长",
      "期初持股数": "0",
      "期末持股数": "0",
      "间接持股数": "",
      "从公司获得年度报酬总额": "0",
      "补贴津贴": "",
      "变动原因说明": "",
      "是否在股东或关联单位领取报酬津贴": "是",
      "在任与否": "是"
    },
    {
      "领导人姓名": "纪磊",
      "职位描述": "董事、总经理",
      "期初持股数": "0",
      "期末持股数": "0",
      "间接持股数": "",
      "从公司获得年度报酬总额": "328100",
      "补贴津贴": "",
      "变动原因说明": "",
      "是否在股东或关联单位领取报酬津贴": "否",
      "在任与否": "是"
    },
    {
      "领导人姓名": "韩志鹏",
      "职位描述": "董事",
      "期初持股数": "0",
      "期末持股数": "0",
      "间接持股数": "",
      "从公司获得年度报酬总额": "0",
      "补贴津贴": "",
      "变动原因说明": "",
      "是否在股东或关联单位领取报酬津贴": "是",
      "在任与否": "是"
    },
    {
      "领导人姓名": "王冰",
      "职位描述": "董事",
      "期初持股数": "0",
      "期末持股数": "0",
      "间接持股数": "",
      "从公司获得年度报酬总额": "0",
      "补贴津贴": "",
      "变动原因说明": "",
      "是否在股东或关联单位领取报酬津贴": "是",
      "在任与否": "是"
    },
    {
      "领导人姓名": "王守海",
      "职位描述": "独立董事",
      "期初持股数": "0",
      "期末持股数": "0",
      "间接持股数": "",
      "从公司获得年度报酬总额": "60000",
      "补贴津贴": "60000",
      "变动原因说明": "",
      "是否在股东或关联单位领取报酬津贴": "否",
      "在任与否": "是"
    },
    {
      "领导人姓名": "朱仁奎",
      "职位描述": "独立董事",
      "期初持股数": "0",
      "期末持股数": "0",
      "间接持股数": "",
      "从公司获得年度报酬总额": "60000",
      "补贴津贴": "60000",
      "变动原因说明": "",
      "是否在股东或关联单位领取报酬津贴": "否",
      "在任与否": "是"
    },
    {
      "领导人姓名": "梁兰锋",
      "职位描述": "独立董事",
      "期初持股数": "0",
      "期末持股数": "0",
      "间接持股数": "",
      "从公司获得年度报酬总额": "60000",
      "补贴津贴": "60000",
      "变动原因说明": "",
      "是否在股东或关联单位领取报酬津贴": "否",
      "在任与否": "是"
    },
    {
      "领导人姓名": "张玉新",
      "职位描述": "副总经理、财务总监",
      "期初持股数": "0",
      "期末持股数": "0",
      "间接持股数": "",
      "从公司获得年度报酬总额": "294100",
      "补贴津贴": "",
      "变动原因说明": "",
      "是否在股东或关联单位领取报酬津贴": "否",
      "在任与否": "是"
    },
    {
      "领导人姓名": "王康",
      "职位描述": "副总经理",
      "期初持股数": "0",
      "期末持股数": "0",
      "间接持股数": "",
      "从公司获得年度报酬总额": "233300",
      "补贴津贴": "",
      "变动原因说明": "",
      "是否在股东或关联单位领取报酬津贴": "否",
      "在任与否": "是"
    },
    {
      "领导人姓名": "陈兆亮",
      "职位描述": "副总经理",
      "期初持股数": "0",
      "期末持股数": "0",
      "间接持股数": "",
      "从公司获得年度报酬总额": "243000",
      "补贴津贴": "",
      "变动原因说明": "",
      "是否在股东或关联单位领取报酬津贴": "否",
      "在任与否": "是"
    },
    {
      "领导人姓名": "张连超",
      "职位描述": "副总经理",
      "期初持股数": "0",
      "期末持股数": "0",
      "间接持股数": "",
      "从公司获得年度报酬总额": "324800",
      "补贴津贴": "",
      "变动原因说明": "",
      "是否在股东或关联单位领取报酬津贴": "否",
      "在任与否": "是"
    },
    {
      "领导人姓名": "王亚飞",
      "职位描述": "董事会秘书",
      "期初持股数": "0",
      "期末持股数": "0",
      "间接持股数": "",
      "从公司获得年度报酬总额": "230900",
      "补贴津贴": "",
      "变动原因说明": "",
      "是否在股东或关联单位领取报酬津贴": "否",
      "在任与否": "是"
    },
    {
      "领导人姓名": "赵绍祥",
      "职位描述": "董事长",
      "期初持股数": "0",
      "期末持股数": "0",
      "间接持股数": "",
      "从公司获得年度报酬总额": "378500",
      "补贴津贴": "",
      "变动原因说明": "",
      "是否在股东或关联单位领取报酬津贴": "否",
      "在任与否": "否"
    },
    {
      "领导人姓名": "赵新",
      "职位描述": "监事会主席",
      "期初持股数": "0",
      "期末持股数": "0",
      "间接持股数": "",
      "从公司获得年度报酬总额": "0",
      "补贴津贴": "",
      "变动原因说明": "",
      "是否在股东或关联单位领取报酬津贴": "是",
      "在任与否": "否"
    },
    {
      "领导人姓名": "刘燕",
      "职位描述": "职工代表监事",
      "期初持股数": "0",
      "期末持股数": "0",
      "间接持股数": "",
      "从公司获得年度报酬总额": "372000",
      "补贴津贴": "",
      "变动原因说明": "",
      "是否在股东或关联单位领取报酬津贴": "否",
      "在任与否": "否"
    },
    {
      "领导人姓名": "董玲",
      "职位描述": "监事",
      "期初持股数": "0",
      "期末持股数": "0",
      "间接持股数": "",
      "从公司获得年度报酬总额": "254600",
      "补贴津贴": "",
      "变动原因说明": "",
      "是否在股东或关联单位领取报酬津贴": "否",
      "在任与否": "否"
    },
    {
      "领导人姓名": "黄磊",
      "职位描述": "副总经理",
      "期初持股数": "0",
      "期末持股数": "0",
      "间接持股数": "",
      "从公司获得年度报酬总额": "244200",
      "补贴津贴": "",
      "变动原因说明": "",
      "是否在股东或关联单位领取报酬津贴": "否",
      "在任与否": "否"
    },
    {
      "领导人姓名": "肖守明",
      "职位描述": "副总经理",
      "期初持股数": "0",
      "期末持股数": "0",
      "间接持股数": "",
      "从公司获得年度报酬总额": "198600",
      "补贴津贴": "",
      "变动原因说明": "",
      "是否在股东或关联单位领取报酬津贴": "否",
      "在任与否": "否"
    }
  ]
}

=== 600746-2026-04-18-江苏索普-江苏索普2025年年度报告.pdf ===
{
  "Leader_Salary_data": {
    "实际所得报酬总额起始": "4967700",
    "实际所得报酬总额截止": "4967700",
    "实际所得报酬总额涉及人数": ""
  },
  "Leader_Hold_data": [
    {
      "领导人姓名": "邵守言",
      "职位描述": "董事长",
      "期初持股数": "4100",
      "期末持股数": "4100",
      "间接持股数": "",
      "从公司获得年度报酬总额": "",
      "补贴津贴": "",
      "变动原因说明": "",
      "是否在股东或关联单位领取报酬津贴": "是",
      "在任与否": "是"
    },
    {
      "领导人姓名": "马克和",
      "职位描述": "副董事长",
      "期初持股数": "",
      "期末持股数": "",
      "间接持股数": "",
      "从公司获得年度报酬总额": "",
      "补贴津贴": "",
      "变动原因说明": "",
      "是否在股东或关联单位领取报酬津贴": "是",
      "在任与否": "是"
    },
    {
      "领导人姓名": "陈志林",
      "职位描述": "董事、总经理、代行财务总监",
      "期初持股数": "",
      "期末持股数": "",
      "间接持股数": "",
      "从公司获得年度报酬总额": "669500",
      "补贴津贴": "",
      "变动原因说明": "",
      "是否在股东或关联单位领取报酬津贴": "否",
      "在任与否": "是"
    },
    {
      "领导人姓名": "蔡可庆",
      "职位描述": "职工代表董事、安全总监",
      "期初持股数": "",
      "期末持股数": "",
      "间接持股数": "",
      "从公司获得年度报酬总额": "517400",
      "补贴津贴": "",
      "变动原因说明": "",
      "是否在股东或关联单位领取报酬津贴": "否",
      "在任与否": "是"
    },
    {
      "领导人姓名": "范明",
      "职位描述": "外部董事",
      "期初持股数": "",
      "期末持股数": "",
      "间接持股数": "",
      "从公司获得年度报酬总额": "60000",
      "补贴津贴": "",
      "变动原因说明": "",
      "是否在股东或关联单位领取报酬津贴": "否",
      "在任与否": "是"
    },
    {
      "领导人姓名": "吴君民",
      "职位描述": "外部董事",
      "期初持股数": "",
      "期末持股数": "",
      "间接持股数": "",
      "从公司获得年度报酬总额": "60000",
      "补贴津贴": "",
      "变动原因说明": "",
      "是否在股东或关联单位领取报酬津贴": "否",
      "在任与否": "是"
    },
    {
      "领导人姓名": "赵伟建",
      "职位描述": "独立董事",
      "期初持股数": "",
      "期末持股数": "",
      "间接持股数": "",
      "从公司获得年度报酬总额": "100000",
      "补贴津贴": "",
      "变动原因说明": "",
      "是否在股东或关联单位领取报酬津贴": "否",
      "在任与否": "是"
    },
    {
      "领导人姓名": "孔玉生",
      "职位描述": "独立董事",
      "期初持股数": "",
      "期末持股数": "",
      "间接持股数": "",
      "从公司获得年度报酬总额": "100000",
      "补贴津贴": "",
      "变动原因说明": "",
      "是否在股东或关联单位领取报酬津贴": "否",
      "在任与否": "是"
    },
    {
      "领导人姓名": "刘同君",
      "职位描述": "独立董事",
      "期初持股数": "",
      "期末持股数": "",
      "间接持股数": "",
      "从公司获得年度报酬总额": "100000",
      "补贴津贴": "",
      "变动原因说明": "",
      "是否在股东或关联单位领取报酬津贴": "否",
      "在任与否": "是"
    },
    {
      "领导人姓名": "段红宇",
      "职位描述": "副总经理",
      "期初持股数": "",
      "期末持股数": "",
      "间接持股数": "",
      "从公司获得年度报酬总额": "656500",
      "补贴津贴": "",
      "变动原因说明": "",
      "是否在股东或关联单位领取报酬津贴": "否",
      "在任与否": "是"
    },
    {
      "领导人姓名": "廖红伟",
      "职位描述": "副总经理",
      "期初持股数": "",
      "期末持股数": "",
      "间接持股数": "",
      "从公司获得年度报酬总额": "657100",
      "补贴津贴": "",
      "变动原因说明": "",
      "是否在股东或关联单位领取报酬津贴": "否",
      "在任与否": "是"
    },
    {
      "领导人姓名": "戴小卉",
      "职位描述": "运行总监",
      "期初持股数": "",
      "期末持股数": "",
      "间接持股数": "",
      "从公司获得年度报酬总额": "512000",
      "补贴津贴": "",
      "变动原因说明": "",
      "是否在股东或关联单位领取报酬津贴": "否",
      "在任与否": "是"
    },
    {
      "领导人姓名": "许炎",
      "职位描述": "装备总监",
      "期初持股数": "",
      "期末持股数": "",
      "间接持股数": "",
      "从公司获得年度报酬总额": "512300",
      "补贴津贴": "",
      "变动原因说明": "",
      "是否在股东或关联单位领取报酬津贴": "否",
      "在任与否": "是"
    },
    {
      "领导人姓名": "范国林",
      "职位描述": "董事会秘书",
      "期初持股数": "",
      "期末持股数": "",
      "间接持股数": "",
      "从公司获得年度报酬总额": "508500",
      "补贴津贴": "",
      "变动原因说明": "",
      "是否在股东或关联单位领取报酬津贴": "否",
      "在任与否": "是"
    },
    {
      "领导人姓名": "李俊锋",
      "职位描述": "质量总监",
      "期初持股数": "",
      "期末持股数": "",
      "间接持股数": "",
      "从公司获得年度报酬总额": "514400",
      "补贴津贴": "",
      "变动原因说明": "",
      "是否在股东或关联单位领取报酬津贴": "否",
      "在任与否": "否"
    }
  ]
}

=== 600763-2026-04-18-通策医疗-通策医疗股份有限公司2025年年度报告.pdf ===
{
  "Leader_Salary_data": {
    "实际所得报酬总额起始": "2814300",
    "实际所得报酬总额截止": "2814300",
    "实际所得报酬总额涉及人数": ""
  },
  "Leader_Hold_data": [
    {
      "领导人姓名": "王毅",
      "职位描述": "董事长、总经理",
      "期初持股数": "0",
      "期末持股数": "0",
      "间接持股数": "",
      "从公司获得年度报酬总额": "519300",
      "补贴津贴": "",
      "变动原因说明": "",
      "是否在股东或关联单位领取报酬津贴": "否",
      "在任与否": "是"
    },
    {
      "领导人姓名": "黄浴华",
      "职位描述": "董事",
      "期初持股数": "0",
      "期末持股数": "0",
      "间接持股数": "",
      "从公司获得年度报酬总额": "",
      "补贴津贴": "",
      "变动原因说明": "",
      "是否在股东或关联单位领取报酬津贴": "是",
      "在任与否": "是"
    },
    {
      "领导人姓名": "王维倩",
      "职位描述": "董事",
      "期初持股数": "0",
      "期末持股数": "0",
      "间接持股数": "",
      "从公司获得年度报酬总额": "832800",
      "补贴津贴": "",
      "变动原因说明": "",
      "是否在股东或关联单位领取报酬津贴": "否",
      "在任与否": "是"
    },
    {
      "领导人姓名": "吕紫萱",
      "职位描述": "董事",
      "期初持股数": "0",
      "期末持股数": "0",
      "间接持股数": "",
      "从公司获得年度报酬总额": "",
      "补贴津贴": "",
      "变动原因说明": "",
      "是否在股东或关联单位领取报酬津贴": "是",
      "在任与否": "是"
    },
    {
      "领导人姓名": "王绪强",
      "职位描述": "独立董事",
      "期初持股数": "0",
      "期末持股数": "0",
      "间接持股数": "",
      "从公司获得年度报酬总额": "120000",
      "补贴津贴": "120000",
      "变动原因说明": "",
      "是否在股东或关联单位领取报酬津贴": "否",
      "在任与否": "是"
    },
    {
      "领导人姓名": "刘曙峰",
      "职位描述": "独立董事",
      "期初持股数": "0",
      "期末持股数": "0",
      "间接持股数": "",
      "从公司获得年度报酬总额": "120000",
      "补贴津贴": "120000",
      "变动原因说明": "",
      "是否在股东或关联单位领取报酬津贴": "否",
      "在任与否": "是"
    },
    {
      "领导人姓名": "李敏",
      "职位描述": "独立董事",
      "期初持股数": "43714",
      "期末持股数": "43714",
      "间接持股数": "",
      "从公司获得年度报酬总额": "120000",
      "补贴津贴": "120000",
      "变动原因说明": "",
      "是否在股东或关联单位领取报酬津贴": "否",
      "在任与否": "是"
    },
    {
      "领导人姓名": "张晓露",
      "职位描述": "监事长",
      "期初持股数": "0",
      "期末持股数": "0",
      "间接持股数": "",
      "从公司获得年度报酬总额": "114000",
      "补贴津贴": "",
      "变动原因说明": "",
      "是否在股东或关联单位领取报酬津贴": "否",
      "在任与否": "是"
    },
    {
      "领导人姓名": "周辉",
      "职位描述": "监事",
      "期初持股数": "0",
      "期末持股数": "0",
      "间接持股数": "",
      "从公司获得年度报酬总额": "216300",
      "补贴津贴": "",
      "变动原因说明": "",
      "是否在股东或关联单位领取报酬津贴": "否",
      "在任与否": "是"
    },
    {
      "领导人姓名": "赵敏",
      "职位描述": "监事",
      "期初持股数": "840",
      "期末持股数": "840",
      "间接持股数": "",
      "从公司获得年度报酬总额": "199300",
      "补贴津贴": "",
      "变动原因说明": "",
      "是否在股东或关联单位领取报酬津贴": "否",
      "在任与否": "是"
    },
    {
      "领导人姓名": "张华",
      "职位描述": "董事会秘书",
      "期初持股数": "0",
      "期末持股数": "0",
      "间接持股数": "",
      "从公司获得年度报酬总额": "319300",
      "补贴津贴": "",
      "变动原因说明": "",
      "是否在股东或关联单位领取报酬津贴": "否",
      "在任与否": "是"
    },
    {
      "领导人姓名": "徐国喜",
      "职位描述": "财务总监",
      "期初持股数": "0",
      "期末持股数": "0",
      "间接持股数": "",
      "从公司获得年度报酬总额": "253200",
      "补贴津贴": "",
      "变动原因说明": "",
      "是否在股东或关联单位领取报酬津贴": "否",
      "在任与否": "是"
    }
  ]
}

=== 600715-2026-04-18-文投控股-文投控股股份有限公司2025年年度报告.pdf ===
{
  "Leader_Salary_data": {
    "实际所得报酬总额起始": "5858700",
    "实际所得报酬总额截止": "5858700",
    "实际所得报酬总额涉及人数": ""
  },
  "Leader_Hold_data": [
    {
      "领导人姓名": "徐建",
      "职位描述": "董事长、董事",
      "期初持股数": "",
      "期末持股数": "",
      "间接持股数": "",
      "从公司获得年度报酬总额": "",
      "补贴津贴": "",
      "变动原因说明": "",
      "是否在股东或关联单位领取报酬津贴": "是",
      "在任与否": "是"
    },
    {
      "领导人姓名": "施煜",
      "职位描述": "董事、总经理",
      "期初持股数": "",
      "期末持股数": "",
      "间接持股数": "",
      "从公司获得年度报酬总额": "",
      "补贴津贴": "",
      "变动原因说明": "",
      "是否在股东或关联单位领取报酬津贴": "是",
      "在任与否": "是"
    },
    {
      "领导人姓名": "金青海",
      "职位描述": "董事、总经理",
      "期初持股数": "",
      "期末持股数": "",
      "间接持股数": "",
      "从公司获得年度报酬总额": "1151800",
      "补贴津贴": "",
      "变动原因说明": "",
      "是否在股东或关联单位领取报酬津贴": "是",
      "在任与否": "是"
    },
    {
      "领导人姓名": "何斐",
      "职位描述": "董事",
      "期初持股数": "",
      "期末持股数": "",
      "间接持股数": "",
      "从公司获得年度报酬总额": "",
      "补贴津贴": "",
      "变动原因说明": "",
      "是否在股东或关联单位领取报酬津贴": "是",
      "在任与否": "是"
    },
    {
      "领导人姓名": "李玥",
      "职位描述": "董事",
      "期初持股数": "",
      "期末持股数": "",
      "间接持股数": "",
      "从公司获得年度报酬总额": "",
      "补贴津贴": "",
      "变动原因说明": "",
      "是否在股东或关联单位领取报酬津贴": "是",
      "在任与否": "是"
    },
    {
      "领导人姓名": "冯亚星",
      "职位描述": "董事",
      "期初持股数": "",
      "期末持股数": "",
      "间接持股数": "",
      "从公司获得年度报酬总额": "",
      "补贴津贴": "",
      "变动原因说明": "",
      "是否在股东或关联单位领取报酬津贴": "是",
      "在任与否": "是"
    },
    {
      "领导人姓名": "杨步亭",
      "职位描述": "独立董事",
      "期初持股数": "",
      "期末持股数": "",
      "间接持股数": "",
      "从公司获得年度报酬总额": "100000",
      "补贴津贴": "",
      "变动原因说明": "",
      "是否在股东或关联单位领取报酬津贴": "否",
      "在任与否": "是"
    },
    {
      "领导人姓名": "安景文",
      "职位描述": "独立董事",
      "期初持股数": "",
      "期末持股数": "",
      "间接持股数": "",
      "从公司获得年度报酬总额": "100000",
      "补贴津贴": "",
      "变动原因说明": "",
      "是否在股东或关联单位领取报酬津贴": "否",
      "在任与否": "是"
    },
    {
      "领导人姓名": "崔松鹤",
      "职位描述": "独立董事",
      "期初持股数": "",
      "期末持股数": "",
      "间接持股数": "",
      "从公司获得年度报酬总额": "100000",
      "补贴津贴": "",
      "变动原因说明": "",
      "是否在股东或关联单位领取报酬津贴": "否",
      "在任与否": "是"
    },
    {
      "领导人姓名": "刘武",
      "职位描述": "董事长、董事",
      "期初持股数": "",
      "期末持股数": "",
      "间接持股数": "",
      "从公司获得年度报酬总额": "987400",
      "补贴津贴": "",
      "变动原因说明": "",
      "是否在股东或关联单位领取报酬津贴": "是",
      "在任与否": "否"
    },
    {
      "领导人姓名": "沈睿",
      "职位描述": "董事",
      "期初持股数": "",
      "期末持股数": "",
      "间接持股数": "",
      "从公司获得年度报酬总额": "",
      "补贴津贴": "",
      "变动原因说明": "",
      "是否在股东或关联单位领取报酬津贴": "是",
      "在任与否": "否"
    },
    {
      "领导人姓名": "蔡敏",
      "职位描述": "董事、副总经理",
      "期初持股数": "",
      "期末持股数": "",
      "间接持股数": "",
      "从公司获得年度报酬总额": "725000",
      "补贴津贴": "",
      "变动原因说明": "",
      "是否在股东或关联单位领取报酬津贴": "否",
      "在任与否": "是"
    },
    {
      "领导人姓名": "高海涛",
      "职位描述": "董事、副总经理、董事会秘书",
      "期初持股数": "",
      "期末持股数": "",
      "间接持股数": "",
      "从公司获得年度报酬总额": "1169700",
      "补贴津贴": "",
      "变动原因说明": "",
      "是否在股东或关联单位领取报酬津贴": "否",
      "在任与否": "是"
    },
    {
      "领导人姓名": "曹蕾娜",
      "职位描述": "副总经理、财务总监",
      "期初持股数": "",
      "期末持股数": "",
      "间接持股数": "",
      "从公司获得年度报酬总额": "863700",
      "补贴津贴": "",
      "变动原因说明": "",
      "是否在股东或关联单位领取报酬津贴": "否",
      "在任与否": "是"
    },
    {
      "领导人姓名": "张贵芝",
      "职位描述": "副总经理",
      "期初持股数": "",
      "期末持股数": "",
      "间接持股数": "",
      "从公司获得年度报酬总额": "661100",
      "补贴津贴": "",
      "变动原因说明": "",
      "是否在股东或关联单位领取报酬津贴": "是",
      "在任与否": "是"
    }
  ]
}

=== 600671-2026-04-18-天目药业-杭州天目山药业股份有限公司2025年年度报告.pdf ===
{
  "Leader_Salary_data": {
    "实际所得报酬总额起始": "5288700",
    "实际所得报酬总额截止": "5288700",
    "实际所得报酬总额涉及人数": ""
  },
  "Leader_Hold_data": [
    {
      "领导人姓名": "刘加勇",
      "职位描述": "董事长",
      "期初持股数": "0",
      "期末持股数": "0",
      "间接持股数": "",
      "从公司获得年度报酬总额": "729700",
      "补贴津贴": "",
      "变动原因说明": "",
      "是否在股东或关联单位领取报酬津贴": "否",
      "在任与否": "是"
    },
    {
      "领导人姓名": "党国峻",
      "职位描述": "董事、董事会秘书、财务总监",
      "期初持股数": "0",
      "期末持股数": "0",
      "间接持股数": "",
      "从公司获得年度报酬总额": "665500",
      "补贴津贴": "",
      "变动原因说明": "",
      "是否在股东或关联单位领取报酬津贴": "否",
      "在任与否": "是"
    },
    {
      "领导人姓名": "黄俊德",
      "职位描述": "董事",
      "期初持股数": "0",
      "期末持股数": "0",
      "间接持股数": "",
      "从公司获得年度报酬总额": "0",
      "补贴津贴": "",
      "变动原因说明": "",
      "是否在股东或关联单位领取报酬津贴": "是",
      "在任与否": "是"
    },
    {
      "领导人姓名": "贾云松",
      "职位描述": "董事",
      "期初持股数": "0",
      "期末持股数": "0",
      "间接持股数": "",
      "从公司获得年度报酬总额": "291600",
      "补贴津贴": "",
      "变动原因说明": "",
      "是否在股东或关联单位领取报酬津贴": "否",
      "在任与否": "是"
    },
    {
      "领导人姓名": "刘士彬",
      "职位描述": "董事",
      "期初持股数": "0",
      "期末持股数": "0",
      "间接持股数": "",
      "从公司获得年度报酬总额": "40000",
      "补贴津贴": "",
      "变动原因说明": "",
      "是否在股东或关联单位领取报酬津贴": "是",
      "在任与否": "是"
    },
    {
      "领导人姓名": "盛筱艨",
      "职位描述": "独立董事",
      "期初持股数": "0",
      "期末持股数": "0",
      "间接持股数": "",
      "从公司获得年度报酬总额": "100000",
      "补贴津贴": "100000",
      "变动原因说明": "",
      "是否在股东或关联单位领取报酬津贴": "否",
      "在任与否": "是"
    },
    {
      "领导人姓名": "裴阳",
      "职位描述": "独立董事",
      "期初持股数": "0",
      "期末持股数": "0",
      "间接持股数": "",
      "从公司获得年度报酬总额": "100000",
      "补贴津贴": "100000",
      "变动原因说明": "",
      "是否在股东或关联单位领取报酬津贴": "否",
      "在任与否": "是"
    },
    {
      "领导人姓名": "聂学民",
      "职位描述": "独立董事",
      "期初持股数": "0",
      "期末持股数": "0",
      "间接持股数": "",
      "从公司获得年度报酬总额": "100000",
      "补贴津贴": "100000",
      "变动原因说明": "",
      "是否在股东或关联单位领取报酬津贴": "否",
      "在任与否": "是"
    },
    {
      "领导人姓名": "孙学建",
      "职位描述": "总经理",
      "期初持股数": "0",
      "期末持股数": "0",
      "间接持股数": "",
      "从公司获得年度报酬总额": "708500",
      "补贴津贴": "",
      "变动原因说明": "",
      "是否在股东或关联单位领取报酬津贴": "否",
      "在任与否": "是"
    },
    {
      "领导人姓名": "李银俊",
      "职位描述": "副总经理",
      "期初持股数": "0",
      "期末持股数": "0",
      "间接持股数": "",
      "从公司获得年度报酬总额": "491600",
      "补贴津贴": "",
      "变动原因说明": "",
      "是否在股东或关联单位领取报酬津贴": "否",
      "在任与否": "是"
    },
    {
      "领导人姓名": "姬生斌",
      "职位描述": "副总经理",
      "期初持股数": "0",
      "期末持股数": "0",
      "间接持股数": "",
      "从公司获得年度报酬总额": "650400",
      "补贴津贴": "",
      "变动原因说明": "",
      "是否在股东或关联单位领取报酬津贴": "否",
      "在任与否": "是"
    },
    {
      "领导人姓名": "冷亮",
      "职位描述": "副总经理",
      "期初持股数": "0",
      "期末持股数": "0",
      "间接持股数": "",
      "从公司获得年度报酬总额": "438900",
      "补贴津贴": "",
      "变动原因说明": "",
      "是否在股东或关联单位领取报酬津贴": "否",
      "在任与否": "是"
    },
    {
      "领导人姓名": "韩同旻",
      "职位描述": "副总经理",
      "期初持股数": "0",
      "期末持股数": "0",
      "间接持股数": "",
      "从公司获得年度报酬总额": "104500",
      "补贴津贴": "",
      "变动原因说明": "",
      "是否在股东或关联单位领取报酬津贴": "否",
      "在任与否": "是"
    },
    {
      "领导人姓名": "于鸿坚",
      "职位描述": "董事、副总经理、财务总监",
      "期初持股数": "0",
      "期末持股数": "0",
      "间接持股数": "",
      "从公司获得年度报酬总额": "270300",
      "补贴津贴": "",
      "变动原因说明": "",
      "是否在股东或关联单位领取报酬津贴": "否",
      "在任与否": "否"
    },
    {
      "领导人姓名": "王一惠",
      "职位描述": "董事、财务总监",
      "期初持股数": "0",
      "期末持股数": "0",
      "间接持股数": "",
      "从公司获得年度报酬总额": "285300",
      "补贴津贴": "",
      "变动原因说明": "",
      "是否在股东或关联单位领取报酬津贴": "否",
      "在任与否": "否"
    },
    {
      "领导人姓名": "刘德胜",
      "职位描述": "监事会主席",
      "期初持股数": "0",
      "期末持股数": "0",
      "间接持股数": "",
      "从公司获得年度报酬总额": "0",
      "补贴津贴": "",
      "变动原因说明": "",
      "是否在股东或关联单位领取报酬津贴": "是",
      "在任与否": "否"
    },
    {
      "领导人姓名": "王璐",
      "职位描述": "监事",
      "期初持股数": "0",
      "期末持股数": "0",
      "间接持股数": "",
      "从公司获得年度报酬总额": "0",
      "补贴津贴": "",
      "变动原因说明": "",
      "是否在股东或关联单位领取报酬津贴": "是",
      "在任与否": "否"
    },
    {
      "领导人姓名": "承华",
      "职位描述": "职工监事",
      "期初持股数": "0",
      "期末持股数": "0",
      "间接持股数": "",
      "从公司获得年度报酬总额": "312400",
      "补贴津贴": "",
      "变动原因说明": "",
      "是否在股东或关联单位领取报酬津贴": "否",
      "在任与否": "否"
    }
  ]
}

=== 600588-2026-04-18-用友网络-用友网络2025年年度报告.pdf ===
{
  "Leader_Salary_data": {
    "实际所得报酬总额起始": "27106586",
    "实际所得报酬总额截止": "27106586",
    "实际所得报酬总额涉及人数": ""
  },
  "Leader_Hold_data": [
    {
      "领导人姓名": "王文京",
      "职位描述": "董事长、总裁",
      "期初持股数": "",
      "期末持股数": "",
      "间接持股数": "",
      "从公司获得年度报酬总额": "1985553",
      "补贴津贴": "",
      "变动原因说明": "",
      "是否在股东或关联单位领取报酬津贴": "否",
      "在任与否": "是"
    },
    {
      "领导人姓名": "郭新平",
      "职位描述": "副董事长",
      "期初持股数": "",
      "期末持股数": "",
      "间接持股数": "",
      "从公司获得年度报酬总额": "1856486",
      "补贴津贴": "",
      "变动原因说明": "",
      "是否在股东或关联单位领取报酬津贴": "否",
      "在任与否": "是"
    },
    {
      "领导人姓名": "吴政平",
      "职位描述": "董事、财务总监",
      "期初持股数": "1867450",
      "期末持股数": "1867450",
      "间接持股数": "",
      "从公司获得年度报酬总额": "1714431",
      "补贴津贴": "",
      "变动原因说明": "",
      "是否在股东或关联单位领取报酬津贴": "否",
      "在任与否": "是"
    },
    {
      "领导人姓名": "黄陈宏",
      "职位描述": "董事、总裁",
      "期初持股数": "",
      "期末持股数": "",
      "间接持股数": "",
      "从公司获得年度报酬总额": "1610615",
      "补贴津贴": "",
      "变动原因说明": "",
      "是否在股东或关联单位领取报酬津贴": "否",
      "在任与否": "是"
    },
    {
      "领导人姓名": "耿凡",
      "职位描述": "职工董事",
      "期初持股数": "",
      "期末持股数": "",
      "间接持股数": "",
      "从公司获得年度报酬总额": "539530",
      "补贴津贴": "",
      "变动原因说明": "",
      "是否在股东或关联单位领取报酬津贴": "否",
      "在任与否": "是"
    },
    {
      "领导人姓名": "张瑞君",
      "职位描述": "独立董事",
      "期初持股数": "",
      "期末持股数": "",
      "间接持股数": "",
      "从公司获得年度报酬总额": "120000",
      "补贴津贴": "120000",
      "变动原因说明": "",
      "是否在股东或关联单位领取报酬津贴": "否",
      "在任与否": "是"
    },
    {
      "领导人姓名": "周剑",
      "职位描述": "独立董事",
      "期初持股数": "",
      "期末持股数": "",
      "间接持股数": "",
      "从公司获得年度报酬总额": "120000",
      "补贴津贴": "120000",
      "变动原因说明": "",
      "是否在股东或关联单位领取报酬津贴": "否",
      "在任与否": "是"
    },
    {
      "领导人姓名": "王丰",
      "职位描述": "独立董事",
      "期初持股数": "",
      "期末持股数": "",
      "间接持股数": "",
      "从公司获得年度报酬总额": "120000",
      "补贴津贴": "120000",
      "变动原因说明": "",
      "是否在股东或关联单位领取报酬津贴": "否",
      "在任与否": "是"
    },
    {
      "领导人姓名": "樊冠军",
      "职位描述": "执行副总裁",
      "期初持股数": "67800",
      "期末持股数": "67800",
      "间接持股数": "",
      "从公司获得年度报酬总额": "2084066",
      "补贴津贴": "",
      "变动原因说明": "",
      "是否在股东或关联单位领取报酬津贴": "否",
      "在任与否": "是"
    },
    {
      "领导人姓名": "谢志华",
      "职位描述": "高级副总裁",
      "期初持股数": "1185415",
      "期末持股数": "1185415",
      "间接持股数": "",
      "从公司获得年度报酬总额": "1793664",
      "补贴津贴": "",
      "变动原因说明": "",
      "是否在股东或关联单位领取报酬津贴": "否",
      "在任与否": "是"
    },
    {
      "领导人姓名": "徐洋",
      "职位描述": "高级副总裁",
      "期初持股数": "596749",
      "期末持股数": "596749",
      "间接持股数": "",
      "从公司获得年度报酬总额": "1401314",
      "补贴津贴": "",
      "变动原因说明": "",
      "是否在股东或关联单位领取报酬津贴": "否",
      "在任与否": "是"
    },
    {
      "领导人姓名": "任志刚",
      "职位描述": "高级副总裁",
      "期初持股数": "725848",
      "期末持股数": "725848",
      "间接持股数": "",
      "从公司获得年度报酬总额": "1514067",
      "补贴津贴": "",
      "变动原因说明": "",
      "是否在股东或关联单位领取报酬津贴": "否",
      "在任与否": "是"
    },
    {
      "领导人姓名": "吴平",
      "职位描述": "高级副总裁",
      "期初持股数": "302125",
      "期末持股数": "302125",
      "间接持股数": "",
      "从公司获得年度报酬总额": "1310007",
      "补贴津贴": "",
      "变动原因说明": "",
      "是否在股东或关联单位领取报酬津贴": "否",
      "在任与否": "是"
    },
    {
      "领导人姓名": "张纪雄",
      "职位描述": "高级副总裁",
      "期初持股数": "107500",
      "期末持股数": "107500",
      "间接持股数": "",
      "从公司获得年度报酬总额": "1320522",
      "补贴津贴": "",
      "变动原因说明": "",
      "是否在股东或关联单位领取报酬津贴": "否",
      "在任与否": "是"
    },
    {
      "领导人姓名": "张志刚",
      "职位描述": "高级副总裁",
      "期初持股数": "105000",
      "期末持股数": "105000",
      "间接持股数": "",
      "从公司获得年度报酬总额": "1486555",
      "补贴津贴": "",
      "变动原因说明": "",
      "是否在股东或关联单位领取报酬津贴": "否",
      "在任与否": "是"
    },
    {
      "领导人姓名": "杜宇",
      "职位描述": "高级副总裁",
      "期初持股数": "320000",
      "期末持股数": "320000",
      "间接持股数": "",
      "从公司获得年度报酬总额": "1420746",
      "补贴津贴": "",
      "变动原因说明": "",
      "是否在股东或关联单位领取报酬津贴": "否",
      "在任与否": "是"
    },
    {
      "领导人姓名": "沈崇锋",
      "职位描述": "高级副总裁",
      "期初持股数": "5000",
      "期末持股数": "",
      "间接持股数": "",
      "从公司获得年度报酬总额": "194594",
      "补贴津贴": "",
      "变动原因说明": "任高级管理人员前于二级市场买卖",
      "是否在股东或关联单位领取报酬津贴": "否",
      "在任与否": "是"
    },
    {
      "领导人姓名": "齐麟",
      "职位描述": "副总裁、董事会秘书",
      "期初持股数": "17800",
      "期末持股数": "17800",
      "间接持股数": "",
      "从公司获得年度报酬总额": "1297800",
      "补贴津贴": "",
      "变动原因说明": "",
      "是否在股东或关联单位领取报酬津贴": "否",
      "在任与否": "是"
    },
    {
      "领导人姓名": "陈蕴奇",
      "职位描述": "副总裁、总会计师",
      "期初持股数": "",
      "期末持股数": "",
      "间接持股数": "",
      "从公司获得年度报酬总额": "539730",
      "补贴津贴": "",
      "变动原因说明": "",
      "是否在股东或关联单位领取报酬津贴": "否",
      "在任与否": "是"
    },
    {
      "领导人姓名": "李伟民",
      "职位描述": "副总裁",
      "期初持股数": "",
      "期末持股数": "",
      "间接持股数": "",
      "从公司获得年度报酬总额": "593025",
      "补贴津贴": "",
      "变动原因说明": "",
      "是否在股东或关联单位领取报酬津贴": "否",
      "在任与否": "是"
    },
    {
      "领导人姓名": "陈强兵",
      "职位描述": "董事",
      "期初持股数": "1805442",
      "期末持股数": "1755442",
      "间接持股数": "",
      "从公司获得年度报酬总额": "277826",
      "补贴津贴": "",
      "变动原因说明": "离任董事后于二级市场买卖",
      "是否在股东或关联单位领取报酬津贴": "否",
      "在任与否": "否"
    },
    {
      "领导人姓名": "李俊毅",
      "职位描述": "高级副总裁",
      "期初持股数": "373756",
      "期末持股数": "373756",
      "间接持股数": "",
      "从公司获得年度报酬总额": "881354",
      "补贴津贴": "",
      "变动原因说明": "",
      "是否在股东或关联单位领取报酬津贴": "否",
      "在任与否": "否"
    },
    {
      "领导人姓名": "张成雨",
      "职位描述": "高级副总裁",
      "期初持股数": "300996",
      "期末持股数": "300996",
      "间接持股数": "",
      "从公司获得年度报酬总额": "881354",
      "补贴津贴": "",
      "变动原因说明": "",
      "是否在股东或关联单位领取报酬津贴": "否",
      "在任与否": "否"
    },
    {
      "领导人姓名": "范东",
      "职位描述": "高级副总裁",
      "期初持股数": "56300",
      "期末持股数": "56300",
      "间接持股数": "",
      "从公司获得年度报酬总额": "602616",
      "补贴津贴": "",
      "变动原因说明": "",
      "是否在股东或关联单位领取报酬津贴": "否",
      "在任与否": "否"
    },
    {
      "领导人姓名": "王勇",
      "职位描述": "高级副总裁",
      "期初持股数": "126971",
      "期末持股数": "126971",
      "间接持股数": "",
      "从公司获得年度报酬总额": "666877",
      "补贴津贴": "",
      "变动原因说明": "",
      "是否在股东或关联单位领取报酬津贴": "否",
      "在任与否": "否"
    },
    {
      "领导人姓名": "史周军",
      "职位描述": "高级副总裁",
      "期初持股数": "33085",
      "期末持股数": "33085",
      "间接持股数": "",
      "从公司获得年度报酬总额": "773854",
      "补贴津贴": "",
      "变动原因说明": "",
      "是否在股东或关联单位领取报酬津贴": "否",
      "在任与否": "否"
    }
  ]
}

=== 600815-2026-04-18-厦工股份-厦工股份2025年年度报告.pdf ===
{
  "Leader_Salary_data": {
    "实际所得报酬总额起始": "",
    "实际所得报酬总额截止": "",
    "实际所得报酬总额涉及人数": ""
  },
  "Leader_Hold_data": [
    {
      "领导人姓名": "金中权",
      "职位描述": "董事、董事长",
      "期初持股数": "0",
      "期末持股数": "0",
      "间接持股数": "",
      "从公司获得年度报酬总额": "0",
      "补贴津贴": "",
      "变动原因说明": "",
      "是否在股东或关联单位领取报酬津贴": "是",
      "在任与否": "是"
    },
    {
      "领导人姓名": "林瑞进",
      "职位描述": "董事",
      "期初持股数": "0",
      "期末持股数": "0",
      "间接持股数": "",
      "从公司获得年度报酬总额": "0",
      "补贴津贴": "",
      "变动原因说明": "",
      "是否在股东或关联单位领取报酬津贴": "是",
      "在任与否": "是"
    },
    {
      "领导人姓名": "黄朝晖",
      "职位描述": "董事",
      "期初持股数": "0",
      "期末持股数": "0",
      "间接持股数": "",
      "从公司获得年度报酬总额": "0",
      "补贴津贴": "",
      "变动原因说明": "",
      "是否在股东或关联单位领取报酬津贴": "是",
      "在任与否": "是"
    },
    {
      "领导人姓名": "简淑军",
      "职位描述": "董事",
      "期初持股数": "0",
      "期末持股数": "0",
      "间接持股数": "",
      "从公司获得年度报酬总额": "0",
      "补贴津贴": "",
      "变动原因说明": "",
      "是否在股东或关联单位领取报酬津贴": "是",
      "在任与否": "是"
    },
    {
      "领导人姓名": "王志强",
      "职位描述": "独立董事",
      "期初持股数": "0",
      "期末持股数": "0",
      "间接持股数": "",
      "从公司获得年度报酬总额": "80000",
      "补贴津贴": "80000",
      "变动原因说明": "",
      "是否在股东或关联单位领取报酬津贴": "否",
      "在任与否": "是"
    },
    {
      "领导人姓名": "朱小勤",
      "职位描述": "独立董事",
      "期初持股数": "0",
      "期末持股数": "0",
      "间接持股数": "",
      "从公司获得年度报酬总额": "80000",
      "补贴津贴": "80000",
      "变动原因说明": "",
      "是否在股东或关联单位领取报酬津贴": "否",
      "在任与否": "是"
    },
    {
      "领导人姓名": "刘昕晖",
      "职位描述": "独立董事",
      "期初持股数": "0",
      "期末持股数": "0",
      "间接持股数": "",
      "从公司获得年度报酬总额": "62900",
      "补贴津贴": "62900",
      "变动原因说明": "",
      "是否在股东或关联单位领取报酬津贴": "否",
      "在任与否": "是"
    },
    {
      "领导人姓名": "黄志欣",
      "职位描述": "职工代表董事",
      "期初持股数": "0",
      "期末持股数": "0",
      "间接持股数": "",
      "从公司获得年度报酬总额": "347000",
      "补贴津贴": "",
      "变动原因说明": "",
      "是否在股东或关联单位领取报酬津贴": "否",
      "在任与否": "是"
    },
    {
      "领导人姓名": "刘焕寿",
      "职位描述": "总裁",
      "期初持股数": "0",
      "期末持股数": "0",
      "间接持股数": "",
      "从公司获得年度报酬总额": "960000",
      "补贴津贴": "",
      "变动原因说明": "",
      "是否在股东或关联单位领取报酬津贴": "否",
      "在任与否": "是"
    },
    {
      "领导人姓名": "黄小芳",
      "职位描述": "财务总监、副总裁",
      "期初持股数": "0",
      "期末持股数": "0",
      "间接持股数": "",
      "从公司获得年度报酬总额": "740000",
      "补贴津贴": "",
      "变动原因说明": "",
      "是否在股东或关联单位领取报酬津贴": "否",
      "在任与否": "是"
    },
    {
      "领导人姓名": "周兰秀",
      "职位描述": "董事会秘书、副总裁",
      "期初持股数": "0",
      "期末持股数": "0",
      "间接持股数": "",
      "从公司获得年度报酬总额": "790000",
      "补贴津贴": "",
      "变动原因说明": "",
      "是否在股东或关联单位领取报酬津贴": "否",
      "在任与否": "是"
    },
    {
      "领导人姓名": "黄征宇",
      "职位描述": "副总裁",
      "期初持股数": "0",
      "期末持股数": "0",
      "间接持股数": "",
      "从公司获得年度报酬总额": "0",
      "补贴津贴": "",
      "变动原因说明": "",
      "是否在股东或关联单位领取报酬津贴": "是",
      "在任与否": "是"
    },
    {
      "领导人姓名": "李文智",
      "职位描述": "副总裁",
      "期初持股数": "0",
      "期末持股数": "0",
      "间接持股数": "",
      "从公司获得年度报酬总额": "",
      "补贴津贴": "",
      "变动原因说明": "",
      "是否在股东或关联单位领取报酬津贴": "否",
      "在任与否": "是"
    },
    {
      "领导人姓名": "林菁",
      "职位描述": "董事",
      "期初持股数": "0",
      "期末持股数": "0",
      "间接持股数": "",
      "从公司获得年度报酬总额": "0",
      "补贴津贴": "",
      "变动原因说明": "",
      "是否在股东或关联单位领取报酬津贴": "是",
      "在任与否": "否"
    },
    {
      "领导人姓名": "王金星",
      "职位描述": "独立董事",
      "期初持股数": "0",
      "期末持股数": "0",
      "间接持股数": "",
      "从公司获得年度报酬总额": "17100",
      "补贴津贴": "17100",
      "变动原因说明": "",
      "是否在股东或关联单位领取报酬津贴": "否",
      "在任与否": "否"
    }
  ]
}

=== 600644-2026-04-18-乐山电力-乐山电力股份有限公司2025年年度报告全文.pdf ===
{
  "Leader_Salary_data": {
    "实际所得报酬总额起始": "6722900",
    "实际所得报酬总额截止": "6722900",
    "实际所得报酬总额涉及人数": ""
  },
  "Leader_Hold_data": [
    {
      "领导人姓名": "何明",
      "职位描述": "董事长",
      "期初持股数": "",
      "期末持股数": "",
      "间接持股数": "",
      "从公司获得年度报酬总额": "0",
      "补贴津贴": "",
      "变动原因说明": "",
      "是否在股东或关联单位领取报酬津贴": "否",
      "在任与否": "是"
    },
    {
      "领导人姓名": "林晓华",
      "职位描述": "副董事长",
      "期初持股数": "",
      "期末持股数": "",
      "间接持股数": "",
      "从公司获得年度报酬总额": "40000",
      "补贴津贴": "",
      "变动原因说明": "",
      "是否在股东或关联单位领取报酬津贴": "是",
      "在任与否": "是"
    },
    {
      "领导人姓名": "邱永志",
      "职位描述": "董事、总经理",
      "期初持股数": "",
      "期末持股数": "",
      "间接持股数": "",
      "从公司获得年度报酬总额": "880000",
      "补贴津贴": "",
      "变动原因说明": "",
      "是否在股东或关联单位领取报酬津贴": "否",
      "在任与否": "是"
    },
    {
      "领导人姓名": "尹强",
      "职位描述": "董事",
      "期初持股数": "",
      "期末持股数": "",
      "间接持股数": "",
      "从公司获得年度报酬总额": "0",
      "补贴津贴": "",
      "变动原因说明": "",
      "是否在股东或关联单位领取报酬津贴": "是",
      "在任与否": "是"
    },
    {
      "领导人姓名": "徐强",
      "职位描述": "董事",
      "期初持股数": "",
      "期末持股数": "",
      "间接持股数": "",
      "从公司获得年度报酬总额": "0",
      "补贴津贴": "",
      "变动原因说明": "",
      "是否在股东或关联单位领取报酬津贴": "是",
      "在任与否": "是"
    },
    {
      "领导人姓名": "乔一桐",
      "职位描述": "董事",
      "期初持股数": "",
      "期末持股数": "",
      "间接持股数": "",
      "从公司获得年度报酬总额": "30000",
      "补贴津贴": "",
      "变动原因说明": "",
      "是否在股东或关联单位领取报酬津贴": "是",
      "在任与否": "是"
    },
    {
      "领导人姓名": "贾海燕",
      "职位描述": "职工董事",
      "期初持股数": "",
      "期末持股数": "",
      "间接持股数": "",
      "从公司获得年度报酬总额": "770000",
      "补贴津贴": "",
      "变动原因说明": "",
      "是否在股东或关联单位领取报酬津贴": "否",
      "在任与否": "是"
    },
    {
      "领导人姓名": "何曙光",
      "职位描述": "独立董事",
      "期初持股数": "",
      "期末持股数": "",
      "间接持股数": "",
      "从公司获得年度报酬总额": "80000",
      "补贴津贴": "80000",
      "变动原因说明": "",
      "是否在股东或关联单位领取报酬津贴": "否",
      "在任与否": "是"
    },
    {
      "领导人姓名": "吉利",
      "职位描述": "独立董事",
      "期初持股数": "",
      "期末持股数": "",
      "间接持股数": "",
      "从公司获得年度报酬总额": "80000",
      "补贴津贴": "80000",
      "变动原因说明": "",
      "是否在股东或关联单位领取报酬津贴": "否",
      "在任与否": "是"
    },
    {
      "领导人姓名": "潘鹰",
      "职位描述": "独立董事",
      "期初持股数": "",
      "期末持股数": "",
      "间接持股数": "",
      "从公司获得年度报酬总额": "80000",
      "补贴津贴": "80000",
      "变动原因说明": "",
      "是否在股东或关联单位领取报酬津贴": "否",
      "在任与否": "是"
    },
    {
      "领导人姓名": "周凯",
      "职位描述": "独立董事",
      "期初持股数": "",
      "期末持股数": "",
      "间接持股数": "",
      "从公司获得年度报酬总额": "8900",
      "补贴津贴": "80000",
      "变动原因说明": "",
      "是否在股东或关联单位领取报酬津贴": "否",
      "在任与否": "是"
    },
    {
      "领导人姓名": "邬良军",
      "职位描述": "总会计师",
      "期初持股数": "",
      "期末持股数": "",
      "间接持股数": "",
      "从公司获得年度报酬总额": "770000",
      "补贴津贴": "",
      "变动原因说明": "",
      "是否在股东或关联单位领取报酬津贴": "否",
      "在任与否": "是"
    },
    {
      "领导人姓名": "赖毅",
      "职位描述": "副总经理",
      "期初持股数": "",
      "期末持股数": "",
      "间接持股数": "",
      "从公司获得年度报酬总额": "458300",
      "补贴津贴": "",
      "变动原因说明": "",
      "是否在股东或关联单位领取报酬津贴": "否",
      "在任与否": "是"
    },
    {
      "领导人姓名": "黄红",
      "职位描述": "副总经理",
      "期初持股数": "",
      "期末持股数": "",
      "间接持股数": "",
      "从公司获得年度报酬总额": "649600",
      "补贴津贴": "",
      "变动原因说明": "",
      "是否在股东或关联单位领取报酬津贴": "否",
      "在任与否": "是"
    },
    {
      "领导人姓名": "张泽秋",
      "职位描述": "副总经理",
      "期初持股数": "",
      "期末持股数": "",
      "间接持股数": "",
      "从公司获得年度报酬总额": "385000",
      "补贴津贴": "",
      "变动原因说明": "",
      "是否在股东或关联单位领取报酬津贴": "否",
      "在任与否": "是"
    },
    {
      "领导人姓名": "黄廷彬",
      "职位描述": "副总经理",
      "期初持股数": "",
      "期末持股数": "",
      "间接持股数": "",
      "从公司获得年度报酬总额": "0",
      "补贴津贴": "",
      "变动原因说明": "",
      "是否在股东或关联单位领取报酬津贴": "是",
      "在任与否": "是"
    },
    {
      "领导人姓名": "刘江",
      "职位描述": "董事长",
      "期初持股数": "",
      "期末持股数": "",
      "间接持股数": "",
      "从公司获得年度报酬总额": "880000",
      "补贴津贴": "",
      "变动原因说明": "",
      "是否在股东或关联单位领取报酬津贴": "否",
      "在任与否": "否"
    },
    {
      "领导人姓名": "姜希猛",
      "职位描述": "独立董事",
      "期初持股数": "",
      "期末持股数": "",
      "间接持股数": "",
      "从公司获得年度报酬总额": "71100",
      "补贴津贴": "80000",
      "变动原因说明": "",
      "是否在股东或关联单位领取报酬津贴": "否",
      "在任与否": "否"
    },
    {
      "领导人姓名": "康军",
      "职位描述": "董事",
      "期初持股数": "",
      "期末持股数": "",
      "间接持股数": "",
      "从公司获得年度报酬总额": "0",
      "补贴津贴": "",
      "变动原因说明": "",
      "是否在股东或关联单位领取报酬津贴": "是",
      "在任与否": "否"
    },
    {
      "领导人姓名": "刘苒",
      "职位描述": "董事",
      "期初持股数": "",
      "期末持股数": "",
      "间接持股数": "",
      "从公司获得年度报酬总额": "0",
      "补贴津贴": "",
      "变动原因说明": "",
      "是否在股东或关联单位领取报酬津贴": "否",
      "在任与否": "否"
    },
    {
      "领导人姓名": "游涛",
      "职位描述": "副总经理、董事会秘书",
      "期初持股数": "",
      "期末持股数": "",
      "间接持股数": "",
      "从公司获得年度报酬总额": "192500",
      "补贴津贴": "",
      "变动原因说明": "",
      "是否在股东或关联单位领取报酬津贴": "是",
      "在任与否": "否"
    },
    {
      "领导人姓名": "周雪宁",
      "职位描述": "副总经理",
      "期初持股数": "",
      "期末持股数": "",
      "间接持股数": "",
      "从公司获得年度报酬总额": "192500",
      "补贴津贴": "",
      "变动原因说明": "",
      "是否在股东或关联单位领取报酬津贴": "是",
      "在任与否": "否"
    },
    {
      "领导人姓名": "吴英俊",
      "职位描述": "副总经理",
      "期初持股数": "",
      "期末持股数": "",
      "间接持股数": "",
      "从公司获得年度报酬总额": "385000",
      "补贴津贴": "",
      "变动原因说明": "",
      "是否在股东或关联单位领取报酬津贴": "否",
      "在任与否": "否"
    },
    {
      "领导人姓名": "熊海涛",
      "职位描述": "副总经理",
      "期初持股数": "",
      "期末持股数": "",
      "间接持股数": "",
      "从公司获得年度报酬总额": "770000",
      "补贴津贴": "",
      "变动原因说明": "",
      "是否在股东或关联单位领取报酬津贴": "否",
      "在任与否": "否"
    }
  ]
}

=== 600955-2026-04-18-维远股份-利华益维远化学股份有限公司2025年年度报告.pdf ===
{
  "Leader_Salary_data": {
    "实际所得报酬总额起始": "5408200",
    "实际所得报酬总额截止": "5408200",
    "实际所得报酬总额涉及人数": ""
  },
  "Leader_Hold_data": [
    {
      "领导人姓名": "魏玉东",
      "职位描述": "董事长",
      "期初持股数": "3500000",
      "期末持股数": "3500000",
      "间接持股数": "",
      "从公司获得年度报酬总额": "1064200",
      "补贴津贴": "",
      "变动原因说明": "",
      "是否在股东或关联单位领取报酬津贴": "否",
      "在任与否": "是"
    },
    {
      "领导人姓名": "李秀民",
      "职位描述": "董事、总经理",
      "期初持股数": "3500000",
      "期末持股数": "3500000",
      "间接持股数": "",
      "从公司获得年度报酬总额": "1109200",
      "补贴津贴": "",
      "变动原因说明": "",
      "是否在股东或关联单位领取报酬津贴": "否",
      "在任与否": "是"
    },
    {
      "领导人姓名": "李润生",
      "职位描述": "独立董事",
      "期初持股数": "",
      "期末持股数": "",
      "间接持股数": "",
      "从公司获得年度报酬总额": "99200",
      "补贴津贴": "",
      "变动原因说明": "",
      "是否在股东或关联单位领取报酬津贴": "否",
      "在任与否": "是"
    },
    {
      "领导人姓名": "刘兴华",
      "职位描述": "独立董事",
      "期初持股数": "",
      "期末持股数": "",
      "间接持股数": "",
      "从公司获得年度报酬总额": "238100",
      "补贴津贴": "",
      "变动原因说明": "",
      "是否在股东或关联单位领取报酬津贴": "否",
      "在任与否": "是"
    },
    {
      "领导人姓名": "巴树青",
      "职位描述": "独立董事",
      "期初持股数": "",
      "期末持股数": "",
      "间接持股数": "",
      "从公司获得年度报酬总额": "238100",
      "补贴津贴": "",
      "变动原因说明": "",
      "是否在股东或关联单位领取报酬津贴": "否",
      "在任与否": "是"
    },
    {
      "领导人姓名": "殷鹏刚",
      "职位描述": "独立董事",
      "期初持股数": "",
      "期末持股数": "",
      "间接持股数": "",
      "从公司获得年度报酬总额": "158700",
      "补贴津贴": "",
      "变动原因说明": "",
      "是否在股东或关联单位领取报酬津贴": "否",
      "在任与否": "是"
    },
    {
      "领导人姓名": "吕立强",
      "职位描述": "董事、副总经理、董事会秘书",
      "期初持股数": "",
      "期末持股数": "",
      "间接持股数": "",
      "从公司获得年度报酬总额": "302900",
      "补贴津贴": "",
      "变动原因说明": "",
      "是否在股东或关联单位领取报酬津贴": "否",
      "在任与否": "是"
    },
    {
      "领导人姓名": "宋成国",
      "职位描述": "董事、副总经理、财务总监",
      "期初持股数": "",
      "期末持股数": "",
      "间接持股数": "",
      "从公司获得年度报酬总额": "292900",
      "补贴津贴": "",
      "变动原因说明": "",
      "是否在股东或关联单位领取报酬津贴": "否",
      "在任与否": "是"
    },
    {
      "领导人姓名": "崔占新",
      "职位描述": "副总经理",
      "期初持股数": "",
      "期末持股数": "",
      "间接持股数": "",
      "从公司获得年度报酬总额": "308100",
      "补贴津贴": "",
      "变动原因说明": "",
      "是否在股东或关联单位领取报酬津贴": "否",
      "在任与否": "是"
    },
    {
      "领导人姓名": "陈承恩",
      "职位描述": "副总经理",
      "期初持股数": "",
      "期末持股数": "",
      "间接持股数": "",
      "从公司获得年度报酬总额": "307900",
      "补贴津贴": "",
      "变动原因说明": "",
      "是否在股东或关联单位领取报酬津贴": "否",
      "在任与否": "是"
    },
    {
      "领导人姓名": "崔汝民",
      "职位描述": "副总经理",
      "期初持股数": "",
      "期末持股数": "",
      "间接持股数": "",
      "从公司获得年度报酬总额": "313500",
      "补贴津贴": "",
      "变动原因说明": "",
      "是否在股东或关联单位领取报酬津贴": "否",
      "在任与否": "是"
    },
    {
      "领导人姓名": "马晓",
      "职位描述": "副总经理",
      "期初持股数": "",
      "期末持股数": "",
      "间接持股数": "",
      "从公司获得年度报酬总额": "975400",
      "补贴津贴": "",
      "变动原因说明": "",
      "是否在股东或关联单位领取报酬津贴": "否",
      "在任与否": "是"
    }
  ]
}

=== 600867-2026-04-20-通化东宝-通化东宝2025年年度报告.pdf ===
{
  "Leader_Salary_data": {
    "实际所得报酬总额起始": "14202600",
    "实际所得报酬总额截止": "14202600",
    "实际所得报酬总额涉及人数": ""
  },
  "Leader_Hold_data": [
    {
      "领导人姓名": "李佳鸿",
      "职位描述": "董事长、总裁",
      "期初持股数": "5279900",
      "期末持股数": "5279900",
      "间接持股数": "",
      "从公司获得年度报酬总额": "3315600",
      "补贴津贴": "",
      "变动原因说明": "",
      "是否在股东或关联单位领取报酬津贴": "是",
      "在任与否": "是"
    },
    {
      "领导人姓名": "冷春生",
      "职位描述": "副董事长、总经理（已离任）",
      "期初持股数": "2280960",
      "期末持股数": "2280960",
      "间接持股数": "",
      "从公司获得年度报酬总额": "3003300",
      "补贴津贴": "",
      "变动原因说明": "",
      "是否在股东或关联单位领取报酬津贴": "是",
      "在任与否": "是"
    },
    {
      "领导人姓名": "张国栋",
      "职位描述": "董事、职工代表董事、副总裁",
      "期初持股数": "264120",
      "期末持股数": "264120",
      "间接持股数": "",
      "从公司获得年度报酬总额": "2143200",
      "补贴津贴": "",
      "变动原因说明": "",
      "是否在股东或关联单位领取报酬津贴": "否",
      "在任与否": "是"
    },
    {
      "领导人姓名": "张文海",
      "职位描述": "董事、副总裁",
      "期初持股数": "597067",
      "期末持股数": "597067",
      "间接持股数": "",
      "从公司获得年度报酬总额": "1843200",
      "补贴津贴": "",
      "变动原因说明": "",
      "是否在股东或关联单位领取报酬津贴": "否",
      "在任与否": "是"
    },
    {
      "领导人姓名": "王玮",
      "职位描述": "董事",
      "期初持股数": "0",
      "期末持股数": "0",
      "间接持股数": "",
      "从公司获得年度报酬总额": "0",
      "补贴津贴": "",
      "变动原因说明": "",
      "是否在股东或关联单位领取报酬津贴": "否",
      "在任与否": "是"
    },
    {
      "领导人姓名": "曾健纯",
      "职位描述": "董事",
      "期初持股数": "0",
      "期末持股数": "0",
      "间接持股数": "",
      "从公司获得年度报酬总额": "0",
      "补贴津贴": "",
      "变动原因说明": "",
      "是否在股东或关联单位领取报酬津贴": "否",
      "在任与否": "是"
    },
    {
      "领导人姓名": "毕焱",
      "职位描述": "独立董事",
      "期初持股数": "0",
      "期末持股数": "0",
      "间接持股数": "",
      "从公司获得年度报酬总额": "100000",
      "补贴津贴": "",
      "变动原因说明": "",
      "是否在股东或关联单位领取报酬津贴": "否",
      "在任与否": "是"
    },
    {
      "领导人姓名": "徐岱",
      "职位描述": "独立董事",
      "期初持股数": "0",
      "期末持股数": "0",
      "间接持股数": "",
      "从公司获得年度报酬总额": "100000",
      "补贴津贴": "",
      "变动原因说明": "",
      "是否在股东或关联单位领取报酬津贴": "否",
      "在任与否": "是"
    },
    {
      "领导人姓名": "徐力",
      "职位描述": "独立董事",
      "期初持股数": "0",
      "期末持股数": "0",
      "间接持股数": "",
      "从公司获得年度报酬总额": "100000",
      "补贴津贴": "",
      "变动原因说明": "",
      "是否在股东或关联单位领取报酬津贴": "否",
      "在任与否": "是"
    },
    {
      "领导人姓名": "迟军玉",
      "职位描述": "总会计师",
      "期初持股数": "0",
      "期末持股数": "0",
      "间接持股数": "",
      "从公司获得年度报酬总额": "1162400",
      "补贴津贴": "",
      "变动原因说明": "",
      "是否在股东或关联单位领取报酬津贴": "否",
      "在任与否": "是"
    },
    {
      "领导人姓名": "范朴",
      "职位描述": "副总裁",
      "期初持股数": "0",
      "期末持股数": "0",
      "间接持股数": "",
      "从公司获得年度报酬总额": "",
      "补贴津贴": "",
      "变动原因说明": "",
      "是否在股东或关联单位领取报酬津贴": "否",
      "在任与否": "是"
    },
    {
      "领导人姓名": "关东亮",
      "职位描述": "副总裁",
      "期初持股数": "0",
      "期末持股数": "0",
      "间接持股数": "",
      "从公司获得年度报酬总额": "",
      "补贴津贴": "",
      "变动原因说明": "",
      "是否在股东或关联单位领取报酬津贴": "否",
      "在任与否": "是"
    },
    {
      "领导人姓名": "苏璠",
      "职位描述": "副总经理（已离任）、董事会秘书（已离任）",
      "期初持股数": "0",
      "期末持股数": "0",
      "间接持股数": "",
      "从公司获得年度报酬总额": "1133400",
      "补贴津贴": "",
      "变动原因说明": "",
      "是否在股东或关联单位领取报酬津贴": "否",
      "在任与否": "否"
    },
    {
      "领导人姓名": "陈红",
      "职位描述": "副总经理（已离任）",
      "期初持股数": "290845",
      "期末持股数": "218845",
      "间接持股数": "",
      "从公司获得年度报酬总额": "522200",
      "补贴津贴": "",
      "变动原因说明": "陈红先生报告期内减持72,000股，为离任6个月后减持。",
      "是否在股东或关联单位领取报酬津贴": "否",
      "在任与否": "否"
    },
    {
      "领导人姓名": "Du Zhiqiang（杜治强）",
      "职位描述": "副总经理（已离任）",
      "期初持股数": "0",
      "期末持股数": "0",
      "间接持股数": "",
      "从公司获得年度报酬总额": "779300",
      "补贴津贴": "",
      "变动原因说明": "",
      "是否在股东或关联单位领取报酬津贴": "否",
      "在任与否": "否"
    }
  ]
}

=== 600821-2026-04-18-金开新能-2025年年度报告(1).pdf ===
{
  "Leader_Salary_data": {
    "实际所得报酬总额起始": "",
    "实际所得报酬总额截止": "",
    "实际所得报酬总额涉及人数": ""
  },
  "Leader_Hold_data": [
    {
      "领导人姓名": "尤明杨",
      "职位描述": "党委书记、董事长",
      "期初持股数": "0",
      "期末持股数": "235600",
      "间接持股数": "",
      "从公司获得年度报酬总额": "0",
      "补贴津贴": "",
      "变动原因说明": "二级市场买卖",
      "是否在股东或关联单位领取报酬津贴": "是",
      "在任与否": "是"
    },
    {
      "领导人姓名": "王维",
      "职位描述": "董事",
      "期初持股数": "0",
      "期末持股数": "0",
      "间接持股数": "",
      "从公司获得年度报酬总额": "0",
      "补贴津贴": "",
      "变动原因说明": "",
      "是否在股东或关联单位领取报酬津贴": "是",
      "在任与否": "是"
    },
    {
      "领导人姓名": "战友",
      "职位描述": "董事",
      "期初持股数": "0",
      "期末持股数": "0",
      "间接持股数": "",
      "从公司获得年度报酬总额": "0",
      "补贴津贴": "",
      "变动原因说明": "",
      "是否在股东或关联单位领取报酬津贴": "是",
      "在任与否": "是"
    },
    {
      "领导人姓名": "秦海岩",
      "职位描述": "独立董事",
      "期初持股数": "0",
      "期末持股数": "0",
      "间接持股数": "",
      "从公司获得年度报酬总额": "150000",
      "补贴津贴": "150000",
      "变动原因说明": "",
      "是否在股东或关联单位领取报酬津贴": "否",
      "在任与否": "是"
    },
    {
      "领导人姓名": "刘澜飚",
      "职位描述": "独立董事",
      "期初持股数": "0",
      "期末持股数": "0",
      "间接持股数": "",
      "从公司获得年度报酬总额": "150000",
      "补贴津贴": "150000",
      "变动原因说明": "",
      "是否在股东或关联单位领取报酬津贴": "否",
      "在任与否": "是"
    },
    {
      "领导人姓名": "曹强",
      "职位描述": "独立董事",
      "期初持股数": "0",
      "期末持股数": "0",
      "间接持股数": "",
      "从公司获得年度报酬总额": "150000",
      "补贴津贴": "150000",
      "变动原因说明": "",
      "是否在股东或关联单位领取报酬津贴": "否",
      "在任与否": "是"
    },
    {
      "领导人姓名": "刘江波",
      "职位描述": "董事",
      "期初持股数": "0",
      "期末持股数": "0",
      "间接持股数": "",
      "从公司获得年度报酬总额": "0",
      "补贴津贴": "",
      "变动原因说明": "",
      "是否在股东或关联单位领取报酬津贴": "是",
      "在任与否": "是"
    },
    {
      "领导人姓名": "刘瑞坤",
      "职位描述": "董事",
      "期初持股数": "0",
      "期末持股数": "0",
      "间接持股数": "",
      "从公司获得年度报酬总额": "0",
      "补贴津贴": "",
      "变动原因说明": "",
      "是否在股东或关联单位领取报酬津贴": "是",
      "在任与否": "是"
    },
    {
      "领导人姓名": "邓鹏",
      "职位描述": "职工董事",
      "期初持股数": "0",
      "期末持股数": "90000",
      "间接持股数": "",
      "从公司获得年度报酬总额": "786000",
      "补贴津贴": "",
      "变动原因说明": "二级市场买卖",
      "是否在股东或关联单位领取报酬津贴": "否",
      "在任与否": "是"
    },
    {
      "领导人姓名": "夏璐",
      "职位描述": "董事",
      "期初持股数": "0",
      "期末持股数": "0",
      "间接持股数": "",
      "从公司获得年度报酬总额": "0",
      "补贴津贴": "",
      "变动原因说明": "",
      "是否在股东或关联单位领取报酬津贴": "是",
      "在任与否": "否"
    },
    {
      "领导人姓名": "范晓波",
      "职位描述": "副总经理、董事会秘书",
      "期初持股数": "0",
      "期末持股数": "147700",
      "间接持股数": "",
      "从公司获得年度报酬总额": "826300",
      "补贴津贴": "",
      "变动原因说明": "二级市场买卖",
      "是否在股东或关联单位领取报酬津贴": "否",
      "在任与否": "是"
    },
    {
      "领导人姓名": "宋璐璐",
      "职位描述": "财务负责人、副总经理",
      "期初持股数": "0",
      "期末持股数": "143400",
      "间接持股数": "",
      "从公司获得年度报酬总额": "604800",
      "补贴津贴": "",
      "变动原因说明": "二级市场买卖",
      "是否在股东或关联单位领取报酬津贴": "否",
      "在任与否": "是"
    }
  ]
}

=== 600812-2026-04-18-华北制药-2025年年度报告.pdf ===
{
  "Leader_Salary_data": {
    "实际所得报酬总额起始": "2588000",
    "实际所得报酬总额截止": "2588000",
    "实际所得报酬总额涉及人数": ""
  },
  "Leader_Hold_data": [
    {
      "领导人姓名": "潘广成",
      "职位描述": "独立董事",
      "期初持股数": "0",
      "期末持股数": "0",
      "间接持股数": "",
      "从公司获得年度报酬总额": "29800",
      "补贴津贴": "",
      "变动原因说明": "",
      "是否在股东或关联单位领取报酬津贴": "否",
      "在任与否": "否"
    },
    {
      "领导人姓名": "周德敏",
      "职位描述": "独立董事",
      "期初持股数": "0",
      "期末持股数": "0",
      "间接持股数": "",
      "从公司获得年度报酬总额": "29800",
      "补贴津贴": "",
      "变动原因说明": "",
      "是否在股东或关联单位领取报酬津贴": "否",
      "在任与否": "否"
    },
    {
      "领导人姓名": "谢纪刚",
      "职位描述": "独立董事",
      "期初持股数": "0",
      "期末持股数": "0",
      "间接持股数": "",
      "从公司获得年度报酬总额": "71400",
      "补贴津贴": "",
      "变动原因说明": "",
      "是否在股东或关联单位领取报酬津贴": "否",
      "在任与否": "是"
    },
    {
      "领导人姓名": "柴振国",
      "职位描述": "独立董事",
      "期初持股数": "0",
      "期末持股数": "0",
      "间接持股数": "",
      "从公司获得年度报酬总额": "71400",
      "补贴津贴": "",
      "变动原因说明": "",
      "是否在股东或关联单位领取报酬津贴": "否",
      "在任与否": "是"
    },
    {
      "领导人姓名": "史英哲",
      "职位描述": "独立董事",
      "期初持股数": "0",
      "期末持股数": "0",
      "间接持股数": "",
      "从公司获得年度报酬总额": "71400",
      "补贴津贴": "",
      "变动原因说明": "",
      "是否在股东或关联单位领取报酬津贴": "否",
      "在任与否": "是"
    },
    {
      "领导人姓名": "王立鑫",
      "职位描述": "董事长、总经理",
      "期初持股数": "0",
      "期末持股数": "0",
      "间接持股数": "",
      "从公司获得年度报酬总额": "375600",
      "补贴津贴": "",
      "变动原因说明": "",
      "是否在股东或关联单位领取报酬津贴": "否",
      "在任与否": "是"
    },
    {
      "领导人姓名": "张民",
      "职位描述": "副董事长、总经理、副总经理",
      "期初持股数": "0",
      "期末持股数": "0",
      "间接持股数": "",
      "从公司获得年度报酬总额": "317800",
      "补贴津贴": "",
      "变动原因说明": "",
      "是否在股东或关联单位领取报酬津贴": "否",
      "在任与否": "是"
    },
    {
      "领导人姓名": "王亚楼",
      "职位描述": "董事",
      "期初持股数": "0",
      "期末持股数": "0",
      "间接持股数": "",
      "从公司获得年度报酬总额": "376800",
      "补贴津贴": "",
      "变动原因说明": "",
      "是否在股东或关联单位领取报酬津贴": "否",
      "在任与否": "是"
    },
    {
      "领导人姓名": "曹尧",
      "职位描述": "董事",
      "期初持股数": "0",
      "期末持股数": "0",
      "间接持股数": "",
      "从公司获得年度报酬总额": "308800",
      "补贴津贴": "",
      "变动原因说明": "",
      "是否在股东或关联单位领取报酬津贴": "否",
      "在任与否": "是"
    },
    {
      "领导人姓名": "肖志广",
      "职位描述": "董事、总会计师、董事会秘书",
      "期初持股数": "0",
      "期末持股数": "0",
      "间接持股数": "",
      "从公司获得年度报酬总额": "308200",
      "补贴津贴": "",
      "变动原因说明": "",
      "是否在股东或关联单位领取报酬津贴": "否",
      "在任与否": "是"
    },
    {
      "领导人姓名": "王秀军",
      "职位描述": "董事",
      "期初持股数": "0",
      "期末持股数": "0",
      "间接持股数": "",
      "从公司获得年度报酬总额": "0",
      "补贴津贴": "",
      "变动原因说明": "",
      "是否在股东或关联单位领取报酬津贴": "是",
      "在任与否": "是"
    },
    {
      "领导人姓名": "宋仁涛",
      "职位描述": "董事",
      "期初持股数": "0",
      "期末持股数": "0",
      "间接持股数": "",
      "从公司获得年度报酬总额": "0",
      "补贴津贴": "",
      "变动原因说明": "",
      "是否在股东或关联单位领取报酬津贴": "是",
      "在任与否": "是"
    },
    {
      "领导人姓名": "常志山",
      "职位描述": "副总经理",
      "期初持股数": "0",
      "期末持股数": "0",
      "间接持股数": "",
      "从公司获得年度报酬总额": "14600",
      "补贴津贴": "",
      "变动原因说明": "",
      "是否在股东或关联单位领取报酬津贴": "否",
      "在任与否": "是"
    },
    {
      "领导人姓名": "段志钢",
      "职位描述": "副总经理",
      "期初持股数": "0",
      "期末持股数": "0",
      "间接持股数": "",
      "从公司获得年度报酬总额": "306200",
      "补贴津贴": "",
      "变动原因说明": "",
      "是否在股东或关联单位领取报酬津贴": "否",
      "在任与否": "是"
    },
    {
      "领导人姓名": "刘荣亮",
      "职位描述": "副总经理",
      "期初持股数": "0",
      "期末持股数": "0",
      "间接持股数": "",
      "从公司获得年度报酬总额": "306200",
      "补贴津贴": "",
      "变动原因说明": "",
      "是否在股东或关联单位领取报酬津贴": "否",
      "在任与否": "是"
    }
  ]
}

=== 601086-2026-04-18-国芳集团-2025年年度报告.pdf ===
{
  "Leader_Salary_data": {
    "实际所得报酬总额起始": "3903900",
    "实际所得报酬总额截止": "3903900",
    "实际所得报酬总额涉及人数": ""
  },
  "Leader_Hold_data": [
    {
      "领导人姓名": "张辉阳",
      "职位描述": "董事长",
      "期初持股数": "43037000",
      "期末持股数": "40050000",
      "间接持股数": "",
      "从公司获得年度报酬总额": "0",
      "补贴津贴": "",
      "变动原因说明": "减持",
      "是否在股东或关联单位领取报酬津贴": "是",
      "在任与否": "是"
    },
    {
      "领导人姓名": "张辉",
      "职位描述": "董事、总经理",
      "期初持股数": "40050000",
      "期末持股数": "40050000",
      "间接持股数": "",
      "从公司获得年度报酬总额": "730700",
      "补贴津贴": "",
      "变动原因说明": "",
      "是否在股东或关联单位领取报酬津贴": "是",
      "在任与否": "是"
    },
    {
      "领导人姓名": "孟丽",
      "职位描述": "董事、副总经理",
      "期初持股数": "",
      "期末持股数": "",
      "间接持股数": "",
      "从公司获得年度报酬总额": "737500",
      "补贴津贴": "",
      "变动原因说明": "",
      "是否在股东或关联单位领取报酬津贴": "否",
      "在任与否": "是"
    },
    {
      "领导人姓名": "李源",
      "职位描述": "董事、财务总监",
      "期初持股数": "",
      "期末持股数": "",
      "间接持股数": "",
      "从公司获得年度报酬总额": "374000",
      "补贴津贴": "",
      "变动原因说明": "",
      "是否在股东或关联单位领取报酬津贴": "否",
      "在任与否": "是"
    },
    {
      "领导人姓名": "柳吉弟",
      "职位描述": "职工董事",
      "期初持股数": "",
      "期末持股数": "",
      "间接持股数": "",
      "从公司获得年度报酬总额": "947800",
      "补贴津贴": "",
      "变动原因说明": "",
      "是否在股东或关联单位领取报酬津贴": "否",
      "在任与否": "是"
    },
    {
      "领导人姓名": "杨建兴",
      "职位描述": "董事",
      "期初持股数": "",
      "期末持股数": "",
      "间接持股数": "",
      "从公司获得年度报酬总额": "0",
      "补贴津贴": "",
      "变动原因说明": "",
      "是否在股东或关联单位领取报酬津贴": "是",
      "在任与否": "是"
    },
    {
      "领导人姓名": "李宗义",
      "职位描述": "独立董事",
      "期初持股数": "",
      "期末持股数": "",
      "间接持股数": "",
      "从公司获得年度报酬总额": "75000",
      "补贴津贴": "",
      "变动原因说明": "",
      "是否在股东或关联单位领取报酬津贴": "否",
      "在任与否": "是"
    },
    {
      "领导人姓名": "李成言",
      "职位描述": "独立董事",
      "期初持股数": "",
      "期末持股数": "",
      "间接持股数": "",
      "从公司获得年度报酬总额": "75000",
      "补贴津贴": "",
      "变动原因说明": "",
      "是否在股东或关联单位领取报酬津贴": "否",
      "在任与否": "是"
    },
    {
      "领导人姓名": "陈永平",
      "职位描述": "独立董事",
      "期初持股数": "",
      "期末持股数": "",
      "间接持股数": "",
      "从公司获得年度报酬总额": "0",
      "补贴津贴": "",
      "变动原因说明": "",
      "是否在股东或关联单位领取报酬津贴": "否",
      "在任与否": "是"
    },
    {
      "领导人姓名": "马琳",
      "职位描述": "董事会秘书",
      "期初持股数": "",
      "期末持股数": "",
      "间接持股数": "",
      "从公司获得年度报酬总额": "268200",
      "补贴津贴": "",
      "变动原因说明": "",
      "是否在股东或关联单位领取报酬津贴": "否",
      "在任与否": "是"
    },
    {
      "领导人姓名": "洪艳蓉",
      "职位描述": "独立董事",
      "期初持股数": "",
      "期末持股数": "",
      "间接持股数": "",
      "从公司获得年度报酬总额": "75000",
      "补贴津贴": "",
      "变动原因说明": "",
      "是否在股东或关联单位领取报酬津贴": "否",
      "在任与否": "否"
    },
    {
      "领导人姓名": "白海源",
      "职位描述": "监事会主席",
      "期初持股数": "",
      "期末持股数": "",
      "间接持股数": "",
      "从公司获得年度报酬总额": "173300",
      "补贴津贴": "",
      "变动原因说明": "",
      "是否在股东或关联单位领取报酬津贴": "否",
      "在任与否": "否"
    },
    {
      "领导人姓名": "魏莉丽",
      "职位描述": "职工监事",
      "期初持股数": "",
      "期末持股数": "",
      "间接持股数": "",
      "从公司获得年度报酬总额": "103400",
      "补贴津贴": "",
      "变动原因说明": "",
      "是否在股东或关联单位领取报酬津贴": "否",
      "在任与否": "否"
    },
    {
      "领导人姓名": "王颖",
      "职位描述": "监事",
      "期初持股数": "",
      "期末持股数": "",
      "间接持股数": "",
      "从公司获得年度报酬总额": "344000",
      "补贴津贴": "",
      "变动原因说明": "",
      "是否在股东或关联单位领取报酬津贴": "否",
      "在任与否": "否"
    }
  ]
}

=== 601956-2026-04-18-东贝集团-湖北东贝机电集团股份有限公司2025年年度报告.pdf ===
{
  "Leader_Salary_data": {
    "实际所得报酬总额起始": "6318200",
    "实际所得报酬总额截止": "6318200",
    "实际所得报酬总额涉及人数": ""
  },
  "Leader_Hold_data": [
    {
      "领导人姓名": "杨百昌",
      "职位描述": "董事",
      "期初持股数": "0",
      "期末持股数": "0",
      "间接持股数": "",
      "从公司获得年度报酬总额": "1159000",
      "补贴津贴": "",
      "变动原因说明": "",
      "是否在股东或关联单位领取报酬津贴": "否",
      "在任与否": "是"
    },
    {
      "领导人姓名": "廖汉钢",
      "职位描述": "职工代表董事",
      "期初持股数": "470500",
      "期末持股数": "470500",
      "间接持股数": "",
      "从公司获得年度报酬总额": "1784000",
      "补贴津贴": "",
      "变动原因说明": "",
      "是否在股东或关联单位领取报酬津贴": "否",
      "在任与否": "是"
    },
    {
      "领导人姓名": "姜敏",
      "职位描述": "董事长",
      "期初持股数": "481000",
      "期末持股数": "481000",
      "间接持股数": "",
      "从公司获得年度报酬总额": "1270900",
      "补贴津贴": "",
      "变动原因说明": "",
      "是否在股东或关联单位领取报酬津贴": "否",
      "在任与否": "是"
    },
    {
      "领导人姓名": "朱宇杉",
      "职位描述": "董事、总经理、财务负责人",
      "期初持股数": "418200",
      "期末持股数": "418200",
      "间接持股数": "",
      "从公司获得年度报酬总额": "1014000",
      "补贴津贴": "",
      "变动原因说明": "",
      "是否在股东或关联单位领取报酬津贴": "否",
      "在任与否": "是"
    },
    {
      "领导人姓名": "付雪东",
      "职位描述": "董事、副总经理、董事会秘书",
      "期初持股数": "250000",
      "期末持股数": "250000",
      "间接持股数": "",
      "从公司获得年度报酬总额": "850300",
      "补贴津贴": "",
      "变动原因说明": "",
      "是否在股东或关联单位领取报酬津贴": "否",
      "在任与否": "是"
    },
    {
      "领导人姓名": "阮正亚",
      "职位描述": "董事",
      "期初持股数": "0",
      "期末持股数": "0",
      "间接持股数": "",
      "从公司获得年度报酬总额": "0",
      "补贴津贴": "",
      "变动原因说明": "",
      "是否在股东或关联单位领取报酬津贴": "是",
      "在任与否": "是"
    },
    {
      "领导人姓名": "徐晔彪",
      "职位描述": "独立董事",
      "期初持股数": "0",
      "期末持股数": "0",
      "间接持股数": "",
      "从公司获得年度报酬总额": "80000",
      "补贴津贴": "",
      "变动原因说明": "",
      "是否在股东或关联单位领取报酬津贴": "否",
      "在任与否": "是"
    },
    {
      "领导人姓名": "谢进城",
      "职位描述": "独立董事",
      "期初持股数": "0",
      "期末持股数": "0",
      "间接持股数": "",
      "从公司获得年度报酬总额": "80000",
      "补贴津贴": "",
      "变动原因说明": "",
      "是否在股东或关联单位领取报酬津贴": "否",
      "在任与否": "是"
    },
    {
      "领导人姓名": "赵纯祥",
      "职位描述": "独立董事",
      "期初持股数": "0",
      "期末持股数": "0",
      "间接持股数": "",
      "从公司获得年度报酬总额": "80000",
      "补贴津贴": "",
      "变动原因说明": "",
      "是否在股东或关联单位领取报酬津贴": "否",
      "在任与否": "是"
    },
    {
      "领导人姓名": "叶攀峰",
      "职位描述": "监事会主席",
      "期初持股数": "0",
      "期末持股数": "0",
      "间接持股数": "",
      "从公司获得年度报酬总额": "",
      "补贴津贴": "",
      "变动原因说明": "",
      "是否在股东或关联单位领取报酬津贴": "否",
      "在任与否": "否"
    },
    {
      "领导人姓名": "桂州",
      "职位描述": "监事",
      "期初持股数": "0",
      "期末持股数": "0",
      "间接持股数": "",
      "从公司获得年度报酬总额": "",
      "补贴津贴": "",
      "变动原因说明": "",
      "是否在股东或关联单位领取报酬津贴": "否",
      "在任与否": "否"
    },
    {
      "领导人姓名": "胡荣枝",
      "职位描述": "职工监事",
      "期初持股数": "0",
      "期末持股数": "0",
      "间接持股数": "",
      "从公司获得年度报酬总额": "",
      "补贴津贴": "",
      "变动原因说明": "",
      "是否在股东或关联单位领取报酬津贴": "否",
      "在任与否": "否"
    }
  ]
}

=== 600796-2026-04-18-钱江生化-钱江生化2025年年度报告.pdf ===
{
  "Leader_Salary_data": {
    "实际所得报酬总额起始": "5841810",
    "实际所得报酬总额截止": "5841810",
    "实际所得报酬总额涉及人数": ""
  },
  "Leader_Hold_data": [
    {
      "领导人姓名": "沈燕明",
      "职位描述": "副董事长",
      "期初持股数": "0",
      "期末持股数": "0",
      "间接持股数": "",
      "从公司获得年度报酬总额": "144000",
      "补贴津贴": "",
      "变动原因说明": "",
      "是否在股东或关联单位领取报酬津贴": "否",
      "在任与否": "是"
    },
    {
      "领导人姓名": "莫文毅",
      "职位描述": "副董事长、副总经理",
      "期初持股数": "0",
      "期末持股数": "0",
      "间接持股数": "",
      "从公司获得年度报酬总额": "0",
      "补贴津贴": "",
      "变动原因说明": "",
      "是否在股东或关联单位领取报酬津贴": "否",
      "在任与否": "是"
    },
    {
      "领导人姓名": "张欢",
      "职位描述": "董事",
      "期初持股数": "0",
      "期末持股数": "0",
      "间接持股数": "",
      "从公司获得年度报酬总额": "0",
      "补贴津贴": "",
      "变动原因说明": "",
      "是否在股东或关联单位领取报酬津贴": "是",
      "在任与否": "是"
    },
    {
      "领导人姓名": "沈洵奔",
      "职位描述": "董事",
      "期初持股数": "0",
      "期末持股数": "0",
      "间接持股数": "",
      "从公司获得年度报酬总额": "0",
      "补贴津贴": "",
      "变动原因说明": "",
      "是否在股东或关联单位领取报酬津贴": "是",
      "在任与否": "是"
    },
    {
      "领导人姓名": "钱宏声",
      "职位描述": "董事",
      "期初持股数": "0",
      "期末持股数": "0",
      "间接持股数": "",
      "从公司获得年度报酬总额": "0",
      "补贴津贴": "",
      "变动原因说明": "",
      "是否在股东或关联单位领取报酬津贴": "是",
      "在任与否": "是"
    },
    {
      "领导人姓名": "张广冬",
      "职位描述": "独立董事",
      "期初持股数": "0",
      "期末持股数": "0",
      "间接持股数": "",
      "从公司获得年度报酬总额": "52500",
      "补贴津贴": "",
      "变动原因说明": "",
      "是否在股东或关联单位领取报酬津贴": "否",
      "在任与否": "是"
    },
    {
      "领导人姓名": "王利达",
      "职位描述": "独立董事",
      "期初持股数": "0",
      "期末持股数": "0",
      "间接持股数": "",
      "从公司获得年度报酬总额": "80833",
      "补贴津贴": "",
      "变动原因说明": "",
      "是否在股东或关联单位领取报酬津贴": "否",
      "在任与否": "是"
    },
    {
      "领导人姓名": "韦彦斐",
      "职位描述": "独立董事",
      "期初持股数": "0",
      "期末持股数": "0",
      "间接持股数": "",
      "从公司获得年度报酬总额": "80833",
      "补贴津贴": "",
      "变动原因说明": "",
      "是否在股东或关联单位领取报酬津贴": "否",
      "在任与否": "是"
    },
    {
      "领导人姓名": "柴赟凯",
      "职位描述": "副总经理",
      "期初持股数": "0",
      "期末持股数": "0",
      "间接持股数": "",
      "从公司获得年度报酬总额": "128000",
      "补贴津贴": "",
      "变动原因说明": "",
      "是否在股东或关联单位领取报酬津贴": "否",
      "在任与否": "是"
    },
    {
      "领导人姓名": "冯国强",
      "职位描述": "副总经理",
      "期初持股数": "0",
      "期末持股数": "0",
      "间接持股数": "",
      "从公司获得年度报酬总额": "569164",
      "补贴津贴": "",
      "变动原因说明": "",
      "是否在股东或关联单位领取报酬津贴": "否",
      "在任与否": "是"
    },
    {
      "领导人姓名": "陈占峻",
      "职位描述": "副总经理",
      "期初持股数": "0",
      "期末持股数": "0",
      "间接持股数": "",
      "从公司获得年度报酬总额": "605016",
      "补贴津贴": "",
      "变动原因说明": "",
      "是否在股东或关联单位领取报酬津贴": "否",
      "在任与否": "是"
    },
    {
      "领导人姓名": "陆萍燕",
      "职位描述": "董事会秘书",
      "期初持股数": "0",
      "期末持股数": "0",
      "间接持股数": "",
      "从公司获得年度报酬总额": "593429",
      "补贴津贴": "",
      "变动原因说明": "",
      "是否在股东或关联单位领取报酬津贴": "否",
      "在任与否": "是"
    },
    {
      "领导人姓名": "马月忠",
      "职位描述": "财务总监",
      "期初持股数": "0",
      "期末持股数": "0",
      "间接持股数": "",
      "从公司获得年度报酬总额": "593429",
      "补贴津贴": "",
      "变动原因说明": "",
      "是否在股东或关联单位领取报酬津贴": "否",
      "在任与否": "是"
    },
    {
      "领导人姓名": "朱燕刚",
      "职位描述": "董事长、总经理",
      "期初持股数": "0",
      "期末持股数": "0",
      "间接持股数": "",
      "从公司获得年度报酬总额": "320000",
      "补贴津贴": "",
      "变动原因说明": "",
      "是否在股东或关联单位领取报酬津贴": "否",
      "在任与否": "否"
    },
    {
      "领导人姓名": "孙玉超",
      "职位描述": "董事长、总经理",
      "期初持股数": "0",
      "期末持股数": "0",
      "间接持股数": "",
      "从公司获得年度报酬总额": "681753",
      "补贴津贴": "",
      "变动原因说明": "",
      "是否在股东或关联单位领取报酬津贴": "否",
      "在任与否": "否"
    },
    {
      "领导人姓名": "陈鹃",
      "职位描述": "副董事长",
      "期初持股数": "0",
      "期末持股数": "0",
      "间接持股数": "",
      "从公司获得年度报酬总额": "681830",
      "补贴津贴": "",
      "变动原因说明": "",
      "是否在股东或关联单位领取报酬津贴": "否",
      "在任与否": "否"
    },
    {
      "领导人姓名": "张松",
      "职位描述": "副董事长、副总经理",
      "期初持股数": "0",
      "期末持股数": "0",
      "间接持股数": "",
      "从公司获得年度报酬总额": "664950",
      "补贴津贴": "",
      "变动原因说明": "",
      "是否在股东或关联单位领取报酬津贴": "否",
      "在任与否": "否"
    },
    {
      "领导人姓名": "裘益政",
      "职位描述": "独立董事",
      "期初持股数": "0",
      "期末持股数": "0",
      "间接持股数": "",
      "从公司获得年度报酬总额": "33333",
      "补贴津贴": "",
      "变动原因说明": "",
      "是否在股东或关联单位领取报酬津贴": "否",
      "在任与否": "否"
    },
    {
      "领导人姓名": "邬海凤",
      "职位描述": "董事",
      "期初持股数": "0",
      "期末持股数": "0",
      "间接持股数": "",
      "从公司获得年度报酬总额": "0",
      "补贴津贴": "",
      "变动原因说明": "",
      "是否在股东或关联单位领取报酬津贴": "是",
      "在任与否": "否"
    },
    {
      "领导人姓名": "祝金山",
      "职位描述": "副总经理",
      "期初持股数": "400000",
      "期末持股数": "400000",
      "间接持股数": "",
      "从公司获得年度报酬总额": "612740",
      "补贴津贴": "",
      "变动原因说明": "",
      "是否在股东或关联单位领取报酬津贴": "否",
      "在任与否": "否"
    }
  ]
}

=== 600936-2026-04-18-北投科技-北投科技2025年年度报告.pdf ===
{
  "Leader_Salary_data": {
    "实际所得报酬总额起始": "3517200",
    "实际所得报酬总额截止": "3517200",
    "实际所得报酬总额涉及人数": ""
  },
  "Leader_Hold_data": [
    {
      "领导人姓名": "冯坚",
      "职位描述": "董事长",
      "期初持股数": "0",
      "期末持股数": "0",
      "间接持股数": "",
      "从公司获得年度报酬总额": "0",
      "补贴津贴": "",
      "变动原因说明": "",
      "是否在股东或关联单位领取报酬津贴": "否",
      "在任与否": "是"
    },
    {
      "领导人姓名": "熊剑平",
      "职位描述": "副董事长、总经理",
      "期初持股数": "0",
      "期末持股数": "0",
      "间接持股数": "",
      "从公司获得年度报酬总额": "0",
      "补贴津贴": "",
      "变动原因说明": "",
      "是否在股东或关联单位领取报酬津贴": "否",
      "在任与否": "是"
    },
    {
      "领导人姓名": "余世好",
      "职位描述": "职工董事",
      "期初持股数": "0",
      "期末持股数": "0",
      "间接持股数": "",
      "从公司获得年度报酬总额": "0",
      "补贴津贴": "",
      "变动原因说明": "",
      "是否在股东或关联单位领取报酬津贴": "否",
      "在任与否": "是"
    },
    {
      "领导人姓名": "周杰",
      "职位描述": "董事",
      "期初持股数": "0",
      "期末持股数": "0",
      "间接持股数": "",
      "从公司获得年度报酬总额": "0",
      "补贴津贴": "",
      "变动原因说明": "",
      "是否在股东或关联单位领取报酬津贴": "是",
      "在任与否": "是"
    },
    {
      "领导人姓名": "沈涛",
      "职位描述": "董事",
      "期初持股数": "0",
      "期末持股数": "0",
      "间接持股数": "",
      "从公司获得年度报酬总额": "0",
      "补贴津贴": "",
      "变动原因说明": "",
      "是否在股东或关联单位领取报酬津贴": "是",
      "在任与否": "是"
    },
    {
      "领导人姓名": "刘永超",
      "职位描述": "董事",
      "期初持股数": "0",
      "期末持股数": "0",
      "间接持股数": "",
      "从公司获得年度报酬总额": "0",
      "补贴津贴": "",
      "变动原因说明": "",
      "是否在股东或关联单位领取报酬津贴": "是",
      "在任与否": "是"
    },
    {
      "领导人姓名": "李春友",
      "职位描述": "独立董事",
      "期初持股数": "0",
      "期末持股数": "0",
      "间接持股数": "",
      "从公司获得年度报酬总额": "60000",
      "补贴津贴": "",
      "变动原因说明": "",
      "是否在股东或关联单位领取报酬津贴": "否",
      "在任与否": "是"
    },
    {
      "领导人姓名": "邓炜辉",
      "职位描述": "独立董事",
      "期初持股数": "0",
      "期末持股数": "0",
      "间接持股数": "",
      "从公司获得年度报酬总额": "60000",
      "补贴津贴": "",
      "变动原因说明": "",
      "是否在股东或关联单位领取报酬津贴": "否",
      "在任与否": "是"
    },
    {
      "领导人姓名": "王勇",
      "职位描述": "独立董事",
      "期初持股数": "0",
      "期末持股数": "0",
      "间接持股数": "",
      "从公司获得年度报酬总额": "60000",
      "补贴津贴": "",
      "变动原因说明": "",
      "是否在股东或关联单位领取报酬津贴": "否",
      "在任与否": "是"
    },
    {
      "领导人姓名": "易红梅",
      "职位描述": "副总经理、董事会秘书、总法律顾问",
      "期初持股数": "0",
      "期末持股数": "0",
      "间接持股数": "",
      "从公司获得年度报酬总额": "0",
      "补贴津贴": "",
      "变动原因说明": "",
      "是否在股东或关联单位领取报酬津贴": "否",
      "在任与否": "是"
    },
    {
      "领导人姓名": "邓必栋",
      "职位描述": "副总经理",
      "期初持股数": "0",
      "期末持股数": "0",
      "间接持股数": "",
      "从公司获得年度报酬总额": "0",
      "补贴津贴": "",
      "变动原因说明": "",
      "是否在股东或关联单位领取报酬津贴": "否",
      "在任与否": "否"
    },
    {
      "领导人姓名": "刘斌清",
      "职位描述": "副总经理",
      "期初持股数": "0",
      "期末持股数": "0",
      "间接持股数": "",
      "从公司获得年度报酬总额": "0",
      "补贴津贴": "",
      "变动原因说明": "",
      "是否在股东或关联单位领取报酬津贴": "否",
      "在任与否": "是"
    },
    {
      "领导人姓名": "宋建平",
      "职位描述": "副总经理",
      "期初持股数": "0",
      "期末持股数": "0",
      "间接持股数": "",
      "从公司获得年度报酬总额": "0",
      "补贴津贴": "",
      "变动原因说明": "",
      "是否在股东或关联单位领取报酬津贴": "否",
      "在任与否": "是"
    },
    {
      "领导人姓名": "唐健",
      "职位描述": "总会计师",
      "期初持股数": "0",
      "期末持股数": "0",
      "间接持股数": "",
      "从公司获得年度报酬总额": "0",
      "补贴津贴": "",
      "变动原因说明": "",
      "是否在股东或关联单位领取报酬津贴": "否",
      "在任与否": "是"
    },
    {
      "领导人姓名": "谢向阳",
      "职位描述": "党委书记、董事长",
      "期初持股数": "0",
      "期末持股数": "0",
      "间接持股数": "",
      "从公司获得年度报酬总额": "490900",
      "补贴津贴": "",
      "变动原因说明": "",
      "是否在股东或关联单位领取报酬津贴": "否",
      "在任与否": "否"
    },
    {
      "领导人姓名": "陈远程",
      "职位描述": "党委副书记、副董事长、总经理",
      "期初持股数": "0",
      "期末持股数": "0",
      "间接持股数": "",
      "从公司获得年度报酬总额": "489500",
      "补贴津贴": "",
      "变动原因说明": "",
      "是否在股东或关联单位领取报酬津贴": "否",
      "在任与否": "否"
    },
    {
      "领导人姓名": "杨耀清",
      "职位描述": "董事",
      "期初持股数": "0",
      "期末持股数": "0",
      "间接持股数": "",
      "从公司获得年度报酬总额": "0",
      "补贴津贴": "",
      "变动原因说明": "",
      "是否在股东或关联单位领取报酬津贴": "是",
      "在任与否": "否"
    },
    {
      "领导人姓名": "黄松良",
      "职位描述": "董事",
      "期初持股数": "0",
      "期末持股数": "0",
      "间接持股数": "",
      "从公司获得年度报酬总额": "322700",
      "补贴津贴": "",
      "变动原因说明": "",
      "是否在股东或关联单位领取报酬津贴": "否",
      "在任与否": "否"
    },
    {
      "领导人姓名": "黄海山",
      "职位描述": "党委委员、常务副总经理、总法律顾问",
      "期初持股数": "0",
      "期末持股数": "0",
      "间接持股数": "",
      "从公司获得年度报酬总额": "454700",
      "补贴津贴": "",
      "变动原因说明": "",
      "是否在股东或关联单位领取报酬津贴": "否",
      "在任与否": "否"
    },
    {
      "领导人姓名": "涂钧",
      "职位描述": "党委委员、副总经理",
      "期初持股数": "0",
      "期末持股数": "0",
      "间接持股数": "",
      "从公司获得年度报酬总额": "454700",
      "补贴津贴": "",
      "变动原因说明": "",
      "是否在股东或关联单位领取报酬津贴": "否",
      "在任与否": "否"
    },
    {
      "领导人姓名": "梁永忠",
      "职位描述": "副总经理",
      "期初持股数": "0",
      "期末持股数": "0",
      "间接持股数": "",
      "从公司获得年度报酬总额": "441900",
      "补贴津贴": "",
      "变动原因说明": "",
      "是否在股东或关联单位领取报酬津贴": "否",
      "在任与否": "否"
    },
    {
      "领导人姓名": "李一玲",
      "职位描述": "财务总监",
      "期初持股数": "0",
      "期末持股数": "0",
      "间接持股数": "",
      "从公司获得年度报酬总额": "342200",
      "补贴津贴": "",
      "变动原因说明": "",
      "是否在股东或关联单位领取报酬津贴": "否",
      "在任与否": "否"
    },
    {
      "领导人姓名": "张超",
      "职位描述": "董事会秘书",
      "期初持股数": "0",
      "期末持股数": "0",
      "间接持股数": "",
      "从公司获得年度报酬总额": "340600",
      "补贴津贴": "",
      "变动原因说明": "",
      "是否在股东或关联单位领取报酬津贴": "否",
      "在任与否": "否"
    }
  ]
}

=== 600977-2026-04-18-中国电影-中国电影2025年年度报告.pdf ===
{
  "Leader_Salary_data": {
    "实际所得报酬总额起始": "",
    "实际所得报酬总额截止": "",
    "实际所得报酬总额涉及人数": ""
  },
  "Leader_Hold_data": [
    {
      "领导人姓名": "傅若清",
      "职位描述": "董事长、总经理",
      "期初持股数": "0",
      "期末持股数": "0",
      "间接持股数": "",
      "从公司获得年度报酬总额": "701200",
      "补贴津贴": "",
      "变动原因说明": "0",
      "是否在股东或关联单位领取报酬津贴": "否",
      "在任与否": "是"
    },
    {
      "领导人姓名": "李现曾",
      "职位描述": "副董事长、总经理",
      "期初持股数": "0",
      "期末持股数": "0",
      "间接持股数": "",
      "从公司获得年度报酬总额": "104900",
      "补贴津贴": "",
      "变动原因说明": "0",
      "是否在股东或关联单位领取报酬津贴": "否",
      "在任与否": "是"
    },
    {
      "领导人姓名": "王蓓",
      "职位描述": "董事、总会计师",
      "期初持股数": "0",
      "期末持股数": "0",
      "间接持股数": "",
      "从公司获得年度报酬总额": "631200",
      "补贴津贴": "",
      "变动原因说明": "0",
      "是否在股东或关联单位领取报酬津贴": "否",
      "在任与否": "是"
    },
    {
      "领导人姓名": "陈哲新",
      "职位描述": "董事、副总经理",
      "期初持股数": "0",
      "期末持股数": "0",
      "间接持股数": "",
      "从公司获得年度报酬总额": "62200",
      "补贴津贴": "",
      "变动原因说明": "0",
      "是否在股东或关联单位领取报酬津贴": "是",
      "在任与否": "是"
    },
    {
      "领导人姓名": "卜树升",
      "职位描述": "董事、副总经理、董事会秘书",
      "期初持股数": "0",
      "期末持股数": "0",
      "间接持股数": "",
      "从公司获得年度报酬总额": "560800",
      "补贴津贴": "",
      "变动原因说明": "0",
      "是否在股东或关联单位领取报酬津贴": "否",
      "在任与否": "是"
    },
    {
      "领导人姓名": "高山",
      "职位描述": "董事、副总经理",
      "期初持股数": "0",
      "期末持股数": "0",
      "间接持股数": "",
      "从公司获得年度报酬总额": "93200",
      "补贴津贴": "",
      "变动原因说明": "0",
      "是否在股东或关联单位领取报酬津贴": "否",
      "在任与否": "是"
    },
    {
      "领导人姓名": "李燕",
      "职位描述": "独立董事",
      "期初持股数": "0",
      "期末持股数": "0",
      "间接持股数": "",
      "从公司获得年度报酬总额": "11500",
      "补贴津贴": "",
      "变动原因说明": "0",
      "是否在股东或关联单位领取报酬津贴": "否",
      "在任与否": "是"
    },
    {
      "领导人姓名": "张树武",
      "职位描述": "独立董事",
      "期初持股数": "0",
      "期末持股数": "0",
      "间接持股数": "",
      "从公司获得年度报酬总额": "138000",
      "补贴津贴": "",
      "变动原因说明": "0",
      "是否在股东或关联单位领取报酬津贴": "否",
      "在任与否": "是"
    },
    {
      "领导人姓名": "王梦秋",
      "职位描述": "独立董事",
      "期初持股数": "0",
      "期末持股数": "0",
      "间接持股数": "",
      "从公司获得年度报酬总额": "138000",
      "补贴津贴": "",
      "变动原因说明": "0",
      "是否在股东或关联单位领取报酬津贴": "否",
      "在任与否": "是"
    },
    {
      "领导人姓名": "张影",
      "职位描述": "独立董事",
      "期初持股数": "0",
      "期末持股数": "0",
      "间接持股数": "",
      "从公司获得年度报酬总额": "138000",
      "补贴津贴": "",
      "变动原因说明": "0",
      "是否在股东或关联单位领取报酬津贴": "否",
      "在任与否": "是"
    },
    {
      "领导人姓名": "李小荣",
      "职位描述": "独立董事",
      "期初持股数": "0",
      "期末持股数": "0",
      "间接持股数": "",
      "从公司获得年度报酬总额": "138000",
      "补贴津贴": "",
      "变动原因说明": "0",
      "是否在股东或关联单位领取报酬津贴": "否",
      "在任与否": "是"
    },
    {
      "领导人姓名": "雷振宇",
      "职位描述": "总工程师",
      "期初持股数": "0",
      "期末持股数": "0",
      "间接持股数": "",
      "从公司获得年度报酬总额": "560800",
      "补贴津贴": "",
      "变动原因说明": "0",
      "是否在股东或关联单位领取报酬津贴": "否",
      "在任与否": "是"
    },
    {
      "领导人姓名": "刘春",
      "职位描述": "副总经理",
      "期初持股数": "0",
      "期末持股数": "0",
      "间接持股数": "",
      "从公司获得年度报酬总额": "62200",
      "补贴津贴": "",
      "变动原因说明": "0",
      "是否在股东或关联单位领取报酬津贴": "否",
      "在任与否": "是"
    },
    {
      "领导人姓名": "任月",
      "职位描述": "董事、董事会秘书、副总经理",
      "期初持股数": "0",
      "期末持股数": "0",
      "间接持股数": "",
      "从公司获得年度报酬总额": "488500",
      "补贴津贴": "",
      "变动原因说明": "0",
      "是否在股东或关联单位领取报酬津贴": "否",
      "在任与否": "否"
    },
    {
      "领导人姓名": "杨有红",
      "职位描述": "独立董事",
      "期初持股数": "0",
      "期末持股数": "0",
      "间接持股数": "",
      "从公司获得年度报酬总额": "115000",
      "补贴津贴": "",
      "变动原因说明": "0",
      "是否在股东或关联单位领取报酬津贴": "否",
      "在任与否": "否"
    }
  ]
}

=== 601668-2026-04-18-中国建筑-中国建筑股份有限公司2025年年度报告.pdf ===
{
  "Leader_Salary_data": {
    "实际所得报酬总额起始": "",
    "实际所得报酬总额截止": "",
    "实际所得报酬总额涉及人数": ""
  },
  "Leader_Hold_data": [
    {
      "领导人姓名": "郑学选",
      "职位描述": "董事长",
      "期初持股数": "",
      "期末持股数": "",
      "间接持股数": "",
      "从公司获得年度报酬总额": "",
      "补贴津贴": "",
      "变动原因说明": "",
      "是否在股东或关联单位领取报酬津贴": "",
      "在任与否": "是"
    },
    {
      "领导人姓名": "文兵",
      "职位描述": "董事、总裁",
      "期初持股数": "",
      "期末持股数": "",
      "间接持股数": "",
      "从公司获得年度报酬总额": "",
      "补贴津贴": "",
      "变动原因说明": "",
      "是否在股东或关联单位领取报酬津贴": "",
      "在任与否": "是"
    },
    {
      "领导人姓名": "单广袖",
      "职位描述": "董事",
      "期初持股数": "",
      "期末持股数": "",
      "间接持股数": "",
      "从公司获得年度报酬总额": "",
      "补贴津贴": "",
      "变动原因说明": "",
      "是否在股东或关联单位领取报酬津贴": "",
      "在任与否": "是"
    },
    {
      "领导人姓名": "马王军",
      "职位描述": "独立董事",
      "期初持股数": "",
      "期末持股数": "",
      "间接持股数": "",
      "从公司获得年度报酬总额": "",
      "补贴津贴": "",
      "变动原因说明": "",
      "是否在股东或关联单位领取报酬津贴": "",
      "在任与否": "是"
    },
    {
      "领导人姓名": "孙承铭",
      "职位描述": "独立董事",
      "期初持股数": "",
      "期末持股数": "",
      "间接持股数": "",
      "从公司获得年度报酬总额": "",
      "补贴津贴": "",
      "变动原因说明": "",
      "是否在股东或关联单位领取报酬津贴": "",
      "在任与否": "是"
    },
    {
      "领导人姓名": "刘汝臣",
      "职位描述": "独立董事",
      "期初持股数": "",
      "期末持股数": "",
      "间接持股数": "",
      "从公司获得年度报酬总额": "",
      "补贴津贴": "",
      "变动原因说明": "",
      "是否在股东或关联单位领取报酬津贴": "",
      "在任与否": "是"
    },
    {
      "领导人姓名": "梁维特",
      "职位描述": "独立董事",
      "期初持股数": "",
      "期末持股数": "",
      "间接持股数": "",
      "从公司获得年度报酬总额": "",
      "补贴津贴": "",
      "变动原因说明": "",
      "是否在股东或关联单位领取报酬津贴": "",
      "在任与否": "是"
    },
    {
      "领导人姓名": "赵晓江",
      "职位描述": "副总裁",
      "期初持股数": "",
      "期末持股数": "",
      "间接持股数": "",
      "从公司获得年度报酬总额": "",
      "补贴津贴": "",
      "变动原因说明": "",
      "是否在股东或关联单位领取报酬津贴": "",
      "在任与否": "是"
    },
    {
      "领导人姓名": "黄杰",
      "职位描述": "副总裁、财务总监、总法律顾问",
      "期初持股数": "",
      "期末持股数": "",
      "间接持股数": "",
      "从公司获得年度报酬总额": "",
      "补贴津贴": "",
      "变动原因说明": "",
      "是否在股东或关联单位领取报酬津贴": "",
      "在任与否": "是"
    },
    {
      "领导人姓名": "吴爱国",
      "职位描述": "副总裁",
      "期初持股数": "",
      "期末持股数": "",
      "间接持股数": "",
      "从公司获得年度报酬总额": "",
      "补贴津贴": "",
      "变动原因说明": "",
      "是否在股东或关联单位领取报酬津贴": "",
      "在任与否": "是"
    },
    {
      "领导人姓名": "陈勇",
      "职位描述": "副总裁",
      "期初持股数": "",
      "期末持股数": "",
      "间接持股数": "",
      "从公司获得年度报酬总额": "",
      "补贴津贴": "",
      "变动原因说明": "",
      "是否在股东或关联单位领取报酬津贴": "",
      "在任与否": "是"
    },
    {
      "领导人姓名": "刘立新",
      "职位描述": "董事会秘书",
      "期初持股数": "",
      "期末持股数": "",
      "间接持股数": "",
      "从公司获得年度报酬总额": "",
      "补贴津贴": "",
      "变动原因说明": "",
      "是否在股东或关联单位领取报酬津贴": "",
      "在任与否": "是"
    },
    {
      "领导人姓名": "薛克庆",
      "职位描述": "原董事会秘书",
      "期初持股数": "",
      "期末持股数": "",
      "间接持股数": "",
      "从公司获得年度报酬总额": "",
      "补贴津贴": "",
      "变动原因说明": "",
      "是否在股东或关联单位领取报酬津贴": "",
      "在任与否": "否"
    },
    {
      "领导人姓名": "吴秉琪",
      "职位描述": "原副总裁、总法律顾问",
      "期初持股数": "",
      "期末持股数": "",
      "间接持股数": "",
      "从公司获得年度报酬总额": "",
      "补贴津贴": "",
      "变动原因说明": "",
      "是否在股东或关联单位领取报酬津贴": "",
      "在任与否": "否"
    },
    {
      "领导人姓名": "李永明",
      "职位描述": "原副总裁",
      "期初持股数": "",
      "期末持股数": "",
      "间接持股数": "",
      "从公司获得年度报酬总额": "",
      "补贴津贴": "",
      "变动原因说明": "",
      "是否在股东或关联单位领取报酬津贴": "",
      "在任与否": "否"
    }
  ]
}

=== 603136-2026-04-20-天目湖-江苏天目湖旅游股份有限公司2025年年度报告（图文版）.pdf ===
{
  "Leader_Salary_data": {
    "实际所得报酬总额起始": "3795600",
    "实际所得报酬总额截止": "3795600",
    "实际所得报酬总额涉及人数": ""
  },
  "Leader_Hold_data": [
    {
      "领导人姓名": "李淑香",
      "职位描述": "董事",
      "期初持股数": "",
      "期末持股数": "",
      "间接持股数": "",
      "从公司获得年度报酬总额": "",
      "补贴津贴": "",
      "变动原因说明": "",
      "是否在股东或关联单位领取报酬津贴": "",
      "在任与否": "是"
    },
    {
      "领导人姓名": "孟广才",
      "职位描述": "董事",
      "期初持股数": "",
      "期末持股数": "",
      "间接持股数": "",
      "从公司获得年度报酬总额": "",
      "补贴津贴": "",
      "变动原因说明": "",
      "是否在股东或关联单位领取报酬津贴": "",
      "在任与否": "是"
    },
    {
      "领导人姓名": "陶平",
      "职位描述": "董事",
      "期初持股数": "",
      "期末持股数": "",
      "间接持股数": "",
      "从公司获得年度报酬总额": "",
      "补贴津贴": "",
      "变动原因说明": "",
      "是否在股东或关联单位领取报酬津贴": "",
      "在任与否": "是"
    },
    {
      "领导人姓名": "陈东海",
      "职位描述": "董事",
      "期初持股数": "",
      "期末持股数": "",
      "间接持股数": "",
      "从公司获得年度报酬总额": "",
      "补贴津贴": "",
      "变动原因说明": "",
      "是否在股东或关联单位领取报酬津贴": "",
      "在任与否": "是"
    },
    {
      "领导人姓名": "刘科",
      "职位描述": "董事",
      "期初持股数": "",
      "期末持股数": "",
      "间接持股数": "",
      "从公司获得年度报酬总额": "",
      "补贴津贴": "",
      "变动原因说明": "",
      "是否在股东或关联单位领取报酬津贴": "",
      "在任与否": "是"
    },
    {
      "领导人姓名": "潘际泳",
      "职位描述": "董事",
      "期初持股数": "",
      "期末持股数": "",
      "间接持股数": "",
      "从公司获得年度报酬总额": "",
      "补贴津贴": "",
      "变动原因说明": "",
      "是否在股东或关联单位领取报酬津贴": "",
      "在任与否": "是"
    },
    {
      "领导人姓名": "张燕",
      "职位描述": "独立董事",
      "期初持股数": "",
      "期末持股数": "",
      "间接持股数": "",
      "从公司获得年度报酬总额": "",
      "补贴津贴": "",
      "变动原因说明": "",
      "是否在股东或关联单位领取报酬津贴": "",
      "在任与否": "是"
    },
    {
      "领导人姓名": "吕博文",
      "职位描述": "独立董事",
      "期初持股数": "",
      "期末持股数": "",
      "间接持股数": "",
      "从公司获得年度报酬总额": "",
      "补贴津贴": "",
      "变动原因说明": "",
      "是否在股东或关联单位领取报酬津贴": "",
      "在任与否": "是"
    },
    {
      "领导人姓名": "刘照慧",
      "职位描述": "独立董事",
      "期初持股数": "",
      "期末持股数": "",
      "间接持股数": "",
      "从公司获得年度报酬总额": "",
      "补贴津贴": "",
      "变动原因说明": "",
      "是否在股东或关联单位领取报酬津贴": "",
      "在任与否": "是"
    }
  ]
}

=== 600872-2026-04-18-中炬高新-中炬高新2025年年度报告.pdf ===
{
  "Leader_Salary_data": {
    "实际所得报酬总额起始": "",
    "实际所得报酬总额截止": "",
    "实际所得报酬总额涉及人数": ""
  },
  "Leader_Hold_data": [
    {
      "领导人姓名": "黎汝雄",
      "职位描述": "董事长",
      "期初持股数": "",
      "期末持股数": "100500",
      "间接持股数": "",
      "从公司获得年度报酬总额": "3186800",
      "补贴津贴": "",
      "变动原因说明": "个人增持",
      "是否在股东或关联单位领取报酬津贴": "否",
      "在任与否": "是"
    },
    {
      "领导人姓名": "余健华",
      "职位描述": "副董事长、职工董事",
      "期初持股数": "626473",
      "期末持股数": "438532",
      "间接持股数": "",
      "从公司获得年度报酬总额": "3142400",
      "补贴津贴": "",
      "变动原因说明": "股权激励限制性股票第一个解锁期解锁条件未达成回购注销",
      "是否在股东或关联单位领取报酬津贴": "否",
      "在任与否": "是"
    },
    {
      "领导人姓名": "刘戈锐",
      "职位描述": "董事",
      "期初持股数": "",
      "期末持股数": "",
      "间接持股数": "",
      "从公司获得年度报酬总额": "0",
      "补贴津贴": "",
      "变动原因说明": "",
      "是否在股东或关联单位领取报酬津贴": "是",
      "在任与否": "是"
    },
    {
      "领导人姓名": "万鹤群",
      "职位描述": "董事",
      "期初持股数": "",
      "期末持股数": "",
      "间接持股数": "",
      "从公司获得年度报酬总额": "0",
      "补贴津贴": "",
      "变动原因说明": "",
      "是否在股东或关联单位领取报酬津贴": "是",
      "在任与否": "是"
    },
    {
      "领导人姓名": "李军威",
      "职位描述": "董事",
      "期初持股数": "",
      "期末持股数": "",
      "间接持股数": "",
      "从公司获得年度报酬总额": "0",
      "补贴津贴": "",
      "变动原因说明": "",
      "是否在股东或关联单位领取报酬津贴": "是",
      "在任与否": "是"
    },
    {
      "领导人姓名": "林颖",
      "职位描述": "董事、常务副总经理",
      "期初持股数": "438149",
      "期末持股数": "312854",
      "间接持股数": "",
      "从公司获得年度报酬总额": "2174100",
      "补贴津贴": "",
      "变动原因说明": "股权激励限制性股票第一个解锁期解锁条件未达成回购注销",
      "是否在股东或关联单位领取报酬津贴": "否",
      "在任与否": "是"
    },
    {
      "领导人姓名": "黄著文",
      "职位描述": "独立董事",
      "期初持股数": "",
      "期末持股数": "",
      "间接持股数": "",
      "从公司获得年度报酬总额": "122100",
      "补贴津贴": "",
      "变动原因说明": "",
      "是否在股东或关联单位领取报酬津贴": "否",
      "在任与否": "是"
    },
    {
      "领导人姓名": "李刚",
      "职位描述": "独立董事",
      "期初持股数": "",
      "期末持股数": "",
      "间接持股数": "",
      "从公司获得年度报酬总额": "250000",
      "补贴津贴": "",
      "变动原因说明": "",
      "是否在股东或关联单位领取报酬津贴": "否",
      "在任与否": "是"
    },
    {
      "领导人姓名": "方祥",
      "职位描述": "独立董事",
      "期初持股数": "",
      "期末持股数": "",
      "间接持股数": "",
      "从公司获得年度报酬总额": "233500",
      "补贴津贴": "",
      "变动原因说明": "",
      "是否在股东或关联单位领取报酬津贴": "否",
      "在任与否": "是"
    },
    {
      "领导人姓名": "余向阳",
      "职位描述": "总经理",
      "期初持股数": "552761",
      "期末持股数": "396142",
      "间接持股数": "",
      "从公司获得年度报酬总额": "3221500",
      "补贴津贴": "",
      "变动原因说明": "股权激励限制性股票第一个解锁期解锁条件未达成回购注销",
      "是否在股东或关联单位领取报酬津贴": "否",
      "在任与否": "是"
    },
    {
      "领导人姓名": "陈代坚",
      "职位描述": "副总经理",
      "期初持股数": "365443",
      "期末持股数": "255810",
      "间接持股数": "",
      "从公司获得年度报酬总额": "2019400",
      "补贴津贴": "",
      "变动原因说明": "股权激励限制性股票第一个解锁期解锁条件未达成回购注销",
      "是否在股东或关联单位领取报酬津贴": "否",
      "在任与否": "是"
    },
    {
      "领导人姓名": "余曼妮",
      "职位描述": "董事会秘书",
      "期初持股数": "25931",
      "期末持股数": "18152",
      "间接持股数": "",
      "从公司获得年度报酬总额": "170300",
      "补贴津贴": "",
      "变动原因说明": "股权激励限制性股票第一个解锁期解锁条件未达成回购注销",
      "是否在股东或关联单位领取报酬津贴": "否",
      "在任与否": "是"
    },
    {
      "领导人姓名": "梁大衡",
      "职位描述": "董事",
      "期初持股数": "",
      "期末持股数": "",
      "间接持股数": "",
      "从公司获得年度报酬总额": "0",
      "补贴津贴": "",
      "变动原因说明": "",
      "是否在股东或关联单位领取报酬津贴": "是",
      "在任与否": "否"
    },
    {
      "领导人姓名": "甘耀仁",
      "职位描述": "独立董事",
      "期初持股数": "",
      "期末持股数": "",
      "间接持股数": "",
      "从公司获得年度报酬总额": "127900",
      "补贴津贴": "",
      "变动原因说明": "",
      "是否在股东或关联单位领取报酬津贴": "否",
      "在任与否": "否"
    },
    {
      "领导人姓名": "秦志华",
      "职位描述": "独立董事",
      "期初持股数": "",
      "期末持股数": "",
      "间接持股数": "",
      "从公司获得年度报酬总额": "15300",
      "补贴津贴": "",
      "变动原因说明": "",
      "是否在股东或关联单位领取报酬津贴": "",
      "在任与否": "否"
    },
    {
      "领导人姓名": "吴剑",
      "职位描述": "副总经理",
      "期初持股数": "365443",
      "期末持股数": "0",
      "间接持股数": "",
      "从公司获得年度报酬总额": "1598700",
      "补贴津贴": "",
      "变动原因说明": "已离职",
      "是否在股东或关联单位领取报酬津贴": "否",
      "在任与否": "否"
    },
    {
      "领导人姓名": "郭毅航",
      "职位描述": "副总经理、董事会秘书",
      "期初持股数": "365443",
      "期末持股数": "255810",
      "间接持股数": "",
      "从公司获得年度报酬总额": "1386600",
      "补贴津贴": "",
      "变动原因说明": "股权激励限制性股票第一个解锁期解锁条件未达成回购注销",
      "是否在股东或关联单位领取报酬津贴": "否",
      "在任与否": "否"
    }
  ]
}

=== 601878-2026-04-18-浙商证券-浙商证券股份有限公司2025年年度报告.pdf ===
{
  "Leader_Salary_data": {
    "实际所得报酬总额起始": "",
    "实际所得报酬总额截止": "",
    "实际所得报酬总额涉及人数": ""
  },
  "Leader_Hold_data": [
    {
      "领导人姓名": "钱文海",
      "职位描述": "董事长、总裁、财务负责人(代行)",
      "期初持股数": "0",
      "期末持股数": "0",
      "间接持股数": "",
      "从公司获得年度报酬总额": "877000",
      "补贴津贴": "",
      "变动原因说明": "",
      "是否在股东或关联单位领取报酬津贴": "否",
      "在任与否": "否"
    },
    {
      "领导人姓名": "王俊",
      "职位描述": "副董事长、董事",
      "期初持股数": "0",
      "期末持股数": "0",
      "间接持股数": "",
      "从公司获得年度报酬总额": "0",
      "补贴津贴": "",
      "变动原因说明": "",
      "是否在股东或关联单位领取报酬津贴": "是",
      "在任与否": "是"
    },
    {
      "领导人姓名": "程景东",
      "职位描述": "总裁、财务负责人(代行)",
      "期初持股数": "0",
      "期末持股数": "0",
      "间接持股数": "",
      "从公司获得年度报酬总额": "745400",
      "补贴津贴": "",
      "变动原因说明": "",
      "是否在股东或关联单位领取报酬津贴": "否",
      "在任与否": "是"
    },
    {
      "领导人姓名": "阮丽雅",
      "职位描述": "董事",
      "期初持股数": "0",
      "期末持股数": "0",
      "间接持股数": "",
      "从公司获得年度报酬总额": "0",
      "补贴津贴": "",
      "变动原因说明": "",
      "是否在股东或关联单位领取报酬津贴": "是",
      "在任与否": "是"
    },
    {
      "领导人姓名": "楼敏",
      "职位描述": "职工董事",
      "期初持股数": "0",
      "期末持股数": "0",
      "间接持股数": "",
      "从公司获得年度报酬总额": "0",
      "补贴津贴": "",
      "变动原因说明": "",
      "是否在股东或关联单位领取报酬津贴": "否",
      "在任与否": "是"
    },
    {
      "领导人姓名": "许长松",
      "职位描述": "董事",
      "期初持股数": "0",
      "期末持股数": "0",
      "间接持股数": "",
      "从公司获得年度报酬总额": "0",
      "补贴津贴": "",
      "变动原因说明": "",
      "是否在股东或关联单位领取报酬津贴": "是",
      "在任与否": "是"
    },
    {
      "领导人姓名": "沈思",
      "职位描述": "独立董事",
      "期初持股数": "0",
      "期末持股数": "0",
      "间接持股数": "",
      "从公司获得年度报酬总额": "200000",
      "补贴津贴": "",
      "变动原因说明": "",
      "是否在股东或关联单位领取报酬津贴": "否",
      "在任与否": "是"
    },
    {
      "领导人姓名": "金雪军",
      "职位描述": "独立董事",
      "期初持股数": "0",
      "期末持股数": "0",
      "间接持股数": "",
      "从公司获得年度报酬总额": "200000",
      "补贴津贴": "",
      "变动原因说明": "",
      "是否在股东或关联单位领取报酬津贴": "是",
      "在任与否": "是"
    },
    {
      "领导人姓名": "曾爱民",
      "职位描述": "独立董事",
      "期初持股数": "0",
      "期末持股数": "0",
      "间接持股数": "",
      "从公司获得年度报酬总额": "157900",
      "补贴津贴": "",
      "变动原因说明": "",
      "是否在股东或关联单位领取报酬津贴": "是",
      "在任与否": "是"
    },
    {
      "领导人姓名": "盛建龙",
      "职位描述": "副总裁、财务总监(离任)",
      "期初持股数": "0",
      "期末持股数": "0",
      "间接持股数": "",
      "从公司获得年度报酬总额": "745400",
      "补贴津贴": "",
      "变动原因说明": "",
      "是否在股东或关联单位领取报酬津贴": "否",
      "在任与否": "否"
    },
    {
      "领导人姓名": "吴思铭",
      "职位描述": "副总裁",
      "期初持股数": "0",
      "期末持股数": "0",
      "间接持股数": "",
      "从公司获得年度报酬总额": "877000",
      "补贴津贴": "",
      "变动原因说明": "",
      "是否在股东或关联单位领取报酬津贴": "否",
      "在任与否": "是"
    },
    {
      "领导人姓名": "楼小平",
      "职位描述": "副总裁",
      "期初持股数": "0",
      "期末持股数": "0",
      "间接持股数": "",
      "从公司获得年度报酬总额": "701500",
      "补贴津贴": "",
      "变动原因说明": "",
      "是否在股东或关联单位领取报酬津贴": "否",
      "在任与否": "是"
    },
    {
      "领导人姓名": "胡南生",
      "职位描述": "高级管理人员、总裁助理",
      "期初持股数": "0",
      "期末持股数": "0",
      "间接持股数": "",
      "从公司获得年度报酬总额": "657700",
      "补贴津贴": "",
      "变动原因说明": "",
      "是否在股东或关联单位领取报酬津贴": "否",
      "在任与否": "是"
    },
    {
      "领导人姓名": "黄玉锋",
      "职位描述": "首席信息官",
      "期初持股数": "0",
      "期末持股数": "0",
      "间接持股数": "",
      "从公司获得年度报酬总额": "657700",
      "补贴津贴": "",
      "变动原因说明": "",
      "是否在股东或关联单位领取报酬津贴": "否",
      "在任与否": "是"
    },
    {
      "领导人姓名": "邓宏光",
      "职位描述": "董事会秘书",
      "期初持股数": "0",
      "期末持股数": "0",
      "间接持股数": "",
      "从公司获得年度报酬总额": "701500",
      "补贴津贴": "",
      "变动原因说明": "",
      "是否在股东或关联单位领取报酬津贴": "否",
      "在任与否": "是"
    },
    {
      "领导人姓名": "吕小萍",
      "职位描述": "合规总监",
      "期初持股数": "0",
      "期末持股数": "0",
      "间接持股数": "",
      "从公司获得年度报酬总额": "0",
      "补贴津贴": "",
      "变动原因说明": "",
      "是否在股东或关联单位领取报酬津贴": "否",
      "在任与否": "是"
    },
    {
      "领导人姓名": "吴承根",
      "职位描述": "董事长(离任)",
      "期初持股数": "0",
      "期末持股数": "0",
      "间接持股数": "",
      "从公司获得年度报酬总额": "780900",
      "补贴津贴": "",
      "变动原因说明": "",
      "是否在股东或关联单位领取报酬津贴": "否",
      "在任与否": "否"
    },
    {
      "领导人姓名": "陈溪俊",
      "职位描述": "董事(离任)",
      "期初持股数": "0",
      "期末持股数": "0",
      "间接持股数": "",
      "从公司获得年度报酬总额": "49900",
      "补贴津贴": "",
      "变动原因说明": "",
      "是否在股东或关联单位领取报酬津贴": "是",
      "在任与否": "否"
    },
    {
      "领导人姓名": "熊建益",
      "职位描述": "独立董事(离任)",
      "期初持股数": "0",
      "期末持股数": "0",
      "间接持股数": "",
      "从公司获得年度报酬总额": "0",
      "补贴津贴": "",
      "变动原因说明": "",
      "是否在股东或关联单位领取报酬津贴": "是",
      "在任与否": "否"
    },
    {
      "领导人姓名": "张晖",
      "职位描述": "副总裁、首席风险官(离任)",
      "期初持股数": "0",
      "期末持股数": "0",
      "间接持股数": "",
      "从公司获得年度报酬总额": "58500",
      "补贴津贴": "",
      "变动原因说明": "",
      "是否在股东或关联单位领取报酬津贴": "否",
      "在任与否": "否"
    },
    {
      "领导人姓名": "许向军",
      "职位描述": "合规总监(离任)",
      "期初持股数": "0",
      "期末持股数": "0",
      "间接持股数": "",
      "从公司获得年度报酬总额": "701500",
      "补贴津贴": "",
      "变动原因说明": "",
      "是否在股东或关联单位领取报酬津贴": "否",
      "在任与否": "否"
    }
  ]
}

=== 601121-2026-04-18-宝地矿业-新疆宝地矿业股份有限公司2025年年度报告.pdf ===
{
  "Leader_Salary_data": {
    "实际所得报酬总额起始": "4945800",
    "实际所得报酬总额截止": "4945800",
    "实际所得报酬总额涉及人数": ""
  },
  "Leader_Hold_data": [
    {
      "领导人姓名": "高伟",
      "职位描述": "董事长、董事、总经理（离任）",
      "期初持股数": "0",
      "期末持股数": "0",
      "间接持股数": "",
      "从公司获得年度报酬总额": "773300",
      "补贴津贴": "",
      "变动原因说明": "",
      "是否在股东或关联单位领取报酬津贴": "否",
      "在任与否": "是"
    },
    {
      "领导人姓名": "赵颀炜",
      "职位描述": "董事、总经理、副总经理（离任）",
      "期初持股数": "0",
      "期末持股数": "0",
      "间接持股数": "",
      "从公司获得年度报酬总额": "664800",
      "补贴津贴": "",
      "变动原因说明": "",
      "是否在股东或关联单位领取报酬津贴": "否",
      "在任与否": "是"
    },
    {
      "领导人姓名": "戚俊杰",
      "职位描述": "董事",
      "期初持股数": "0",
      "期末持股数": "0",
      "间接持股数": "",
      "从公司获得年度报酬总额": "0",
      "补贴津贴": "",
      "变动原因说明": "",
      "是否在股东或关联单位领取报酬津贴": "是",
      "在任与否": "是"
    },
    {
      "领导人姓名": "尚德",
      "职位描述": "董事",
      "期初持股数": "0",
      "期末持股数": "0",
      "间接持股数": "",
      "从公司获得年度报酬总额": "0",
      "补贴津贴": "",
      "变动原因说明": "",
      "是否在股东或关联单位领取报酬津贴": "是",
      "在任与否": "是"
    },
    {
      "领导人姓名": "周毅",
      "职位描述": "董事",
      "期初持股数": "0",
      "期末持股数": "0",
      "间接持股数": "",
      "从公司获得年度报酬总额": "0",
      "补贴津贴": "",
      "变动原因说明": "",
      "是否在股东或关联单位领取报酬津贴": "否",
      "在任与否": "是"
    },
    {
      "领导人姓名": "杜金花",
      "职位描述": "职工代表董事",
      "期初持股数": "0",
      "期末持股数": "0",
      "间接持股数": "",
      "从公司获得年度报酬总额": "216800",
      "补贴津贴": "",
      "变动原因说明": "",
      "是否在股东或关联单位领取报酬津贴": "否",
      "在任与否": "是"
    },
    {
      "领导人姓名": "宋岩",
      "职位描述": "独立董事",
      "期初持股数": "0",
      "期末持股数": "0",
      "间接持股数": "",
      "从公司获得年度报酬总额": "70000",
      "补贴津贴": "70000",
      "变动原因说明": "",
      "是否在股东或关联单位领取报酬津贴": "否",
      "在任与否": "是"
    },
    {
      "领导人姓名": "王庆明",
      "职位描述": "独立董事",
      "期初持股数": "0",
      "期末持股数": "0",
      "间接持股数": "",
      "从公司获得年度报酬总额": "0",
      "补贴津贴": "",
      "变动原因说明": "",
      "是否在股东或关联单位领取报酬津贴": "否",
      "在任与否": "是"
    },
    {
      "领导人姓名": "潘银生",
      "职位描述": "独立董事",
      "期初持股数": "0",
      "期末持股数": "0",
      "间接持股数": "",
      "从公司获得年度报酬总额": "70000",
      "补贴津贴": "70000",
      "变动原因说明": "",
      "是否在股东或关联单位领取报酬津贴": "否",
      "在任与否": "是"
    },
    {
      "领导人姓名": "陈韬",
      "职位描述": "副总经理",
      "期初持股数": "0",
      "期末持股数": "0",
      "间接持股数": "",
      "从公司获得年度报酬总额": "634200",
      "补贴津贴": "",
      "变动原因说明": "",
      "是否在股东或关联单位领取报酬津贴": "否",
      "在任与否": "是"
    },
    {
      "领导人姓名": "张丕洪",
      "职位描述": "副总经理",
      "期初持股数": "0",
      "期末持股数": "0",
      "间接持股数": "",
      "从公司获得年度报酬总额": "596700",
      "补贴津贴": "",
      "变动原因说明": "",
      "是否在股东或关联单位领取报酬津贴": "否",
      "在任与否": "是"
    },
    {
      "领导人姓名": "岳新强",
      "职位描述": "副总经理",
      "期初持股数": "0",
      "期末持股数": "0",
      "间接持股数": "",
      "从公司获得年度报酬总额": "603900",
      "补贴津贴": "",
      "变动原因说明": "",
      "是否在股东或关联单位领取报酬津贴": "否",
      "在任与否": "是"
    },
    {
      "领导人姓名": "王江朋",
      "职位描述": "副总经理、董事会秘书",
      "期初持股数": "0",
      "期末持股数": "0",
      "间接持股数": "",
      "从公司获得年度报酬总额": "591100",
      "补贴津贴": "",
      "变动原因说明": "",
      "是否在股东或关联单位领取报酬津贴": "否",
      "在任与否": "是"
    },
    {
      "领导人姓名": "王灵",
      "职位描述": "财务总监",
      "期初持股数": "0",
      "期末持股数": "0",
      "间接持股数": "",
      "从公司获得年度报酬总额": "725000",
      "补贴津贴": "",
      "变动原因说明": "",
      "是否在股东或关联单位领取报酬津贴": "否",
      "在任与否": "是"
    },
    {
      "领导人姓名": "邹艳平",
      "职位描述": "董事长（离任）",
      "期初持股数": "0",
      "期末持股数": "0",
      "间接持股数": "",
      "从公司获得年度报酬总额": "0",
      "补贴津贴": "",
      "变动原因说明": "",
      "是否在股东或关联单位领取报酬津贴": "是",
      "在任与否": "否"
    },
    {
      "领导人姓名": "姚瑶",
      "职位描述": "董事（离任）",
      "期初持股数": "0",
      "期末持股数": "0",
      "间接持股数": "",
      "从公司获得年度报酬总额": "0",
      "补贴津贴": "",
      "变动原因说明": "",
      "是否在股东或关联单位领取报酬津贴": "否",
      "在任与否": "否"
    }
  ]
}

=== 603115-2026-04-18-海星股份-2025年年度报告.pdf ===
{
  "Leader_Salary_data": {
    "实际所得报酬总额起始": "7672100",
    "实际所得报酬总额截止": "7672100",
    "实际所得报酬总额涉及人数": ""
  },
  "Leader_Hold_data": [
    {
      "领导人姓名": "周小兵",
      "职位描述": "董事长",
      "期初持股数": "0",
      "期末持股数": "240000",
      "间接持股数": "",
      "从公司获得年度报酬总额": "948400",
      "补贴津贴": "",
      "变动原因说明": "股票期权行权",
      "是否在股东或关联单位领取报酬津贴": "否",
      "在任与否": "是"
    },
    {
      "领导人姓名": "严季新",
      "职位描述": "董事",
      "期初持股数": "0",
      "期末持股数": "0",
      "间接持股数": "",
      "从公司获得年度报酬总额": "1311700",
      "补贴津贴": "",
      "变动原因说明": "",
      "是否在股东或关联单位领取报酬津贴": "否",
      "在任与否": "是"
    },
    {
      "领导人姓名": "施克俭",
      "职位描述": "董事",
      "期初持股数": "0",
      "期末持股数": "0",
      "间接持股数": "",
      "从公司获得年度报酬总额": "698500",
      "补贴津贴": "",
      "变动原因说明": "",
      "是否在股东或关联单位领取报酬津贴": "否",
      "在任与否": "是"
    },
    {
      "领导人姓名": "孙新明",
      "职位描述": "董事、总经理",
      "期初持股数": "0",
      "期末持股数": "180000",
      "间接持股数": "",
      "从公司获得年度报酬总额": "902600",
      "补贴津贴": "",
      "变动原因说明": "股票期权行权",
      "是否在股东或关联单位领取报酬津贴": "否",
      "在任与否": "是"
    },
    {
      "领导人姓名": "王建中",
      "职位描述": "董事、副总经理",
      "期初持股数": "0",
      "期末持股数": "0",
      "间接持股数": "",
      "从公司获得年度报酬总额": "750700",
      "补贴津贴": "",
      "变动原因说明": "",
      "是否在股东或关联单位领取报酬津贴": "否",
      "在任与否": "是"
    },
    {
      "领导人姓名": "朱建东",
      "职位描述": "董事、副总经理",
      "期初持股数": "0",
      "期末持股数": "135000",
      "间接持股数": "",
      "从公司获得年度报酬总额": "671400",
      "补贴津贴": "",
      "变动原因说明": "股票期权行权",
      "是否在股东或关联单位领取报酬津贴": "否",
      "在任与否": "是"
    },
    {
      "领导人姓名": "苏美丽",
      "职位描述": "财务总监、董事会秘书",
      "期初持股数": "0",
      "期末持股数": "105000",
      "间接持股数": "",
      "从公司获得年度报酬总额": "548800",
      "补贴津贴": "",
      "变动原因说明": "股票期权行权",
      "是否在股东或关联单位领取报酬津贴": "否",
      "在任与否": "是"
    },
    {
      "领导人姓名": "李强",
      "职位描述": "独立董事",
      "期初持股数": "0",
      "期末持股数": "0",
      "间接持股数": "",
      "从公司获得年度报酬总额": "107100",
      "补贴津贴": "",
      "变动原因说明": "",
      "是否在股东或关联单位领取报酬津贴": "否",
      "在任与否": "是"
    },
    {
      "领导人姓名": "徐光华",
      "职位描述": "独立董事",
      "期初持股数": "0",
      "期末持股数": "0",
      "间接持股数": "",
      "从公司获得年度报酬总额": "107100",
      "补贴津贴": "",
      "变动原因说明": "",
      "是否在股东或关联单位领取报酬津贴": "否",
      "在任与否": "是"
    },
    {
      "领导人姓名": "金学军",
      "职位描述": "独立董事",
      "期初持股数": "0",
      "期末持股数": "0",
      "间接持股数": "",
      "从公司获得年度报酬总额": "107100",
      "补贴津贴": "",
      "变动原因说明": "",
      "是否在股东或关联单位领取报酬津贴": "否",
      "在任与否": "是"
    },
    {
      "领导人姓名": "顾卫平",
      "职位描述": "独立董事",
      "期初持股数": "0",
      "期末持股数": "0",
      "间接持股数": "",
      "从公司获得年度报酬总额": "0",
      "补贴津贴": "",
      "变动原因说明": "",
      "是否在股东或关联单位领取报酬津贴": "否",
      "在任与否": "否"
    },
    {
      "领导人姓名": "严鸣",
      "职位描述": "副总经理",
      "期初持股数": "0",
      "期末持股数": "0",
      "间接持股数": "",
      "从公司获得年度报酬总额": "893200",
      "补贴津贴": "",
      "变动原因说明": "",
      "是否在股东或关联单位领取报酬津贴": "否",
      "在任与否": "是"
    },
    {
      "领导人姓名": "刘慧",
      "职位描述": "副总经理",
      "期初持股数": "0",
      "期末持股数": "45000",
      "间接持股数": "",
      "从公司获得年度报酬总额": "625500",
      "补贴津贴": "",
      "变动原因说明": "股票期权行权",
      "是否在股东或关联单位领取报酬津贴": "否",
      "在任与否": "是"
    }
  ]
}

=== 603183-2026-04-18-建研院-2025年年度报告.pdf ===
{
  "Leader_Salary_data": {
    "实际所得报酬总额起始": "8863800",
    "实际所得报酬总额截止": "8863800",
    "实际所得报酬总额涉及人数": ""
  },
  "Leader_Hold_data": [
    {
      "领导人姓名": "吴小翔",
      "职位描述": "董事长、总经理",
      "期初持股数": "37055723",
      "期末持股数": "37055723",
      "间接持股数": "",
      "从公司获得年度报酬总额": "1300800",
      "补贴津贴": "",
      "变动原因说明": "",
      "是否在股东或关联单位领取报酬津贴": "否",
      "在任与否": "是"
    },
    {
      "领导人姓名": "王惠明",
      "职位描述": "董事、副总经理",
      "期初持股数": "23425020",
      "期末持股数": "23425020",
      "间接持股数": "",
      "从公司获得年度报酬总额": "1144000",
      "补贴津贴": "",
      "变动原因说明": "",
      "是否在股东或关联单位领取报酬津贴": "否",
      "在任与否": "是"
    },
    {
      "领导人姓名": "黄春生",
      "职位描述": "董事、副总经理",
      "期初持股数": "31323420",
      "期末持股数": "31323420",
      "间接持股数": "",
      "从公司获得年度报酬总额": "1126000",
      "补贴津贴": "",
      "变动原因说明": "",
      "是否在股东或关联单位领取报酬津贴": "否",
      "在任与否": "是"
    },
    {
      "领导人姓名": "吴其超",
      "职位描述": "董事",
      "期初持股数": "25526897",
      "期末持股数": "25257397",
      "间接持股数": "",
      "从公司获得年度报酬总额": "186900",
      "补贴津贴": "",
      "变动原因说明": "减持",
      "是否在股东或关联单位领取报酬津贴": "否",
      "在任与否": "是"
    },
    {
      "领导人姓名": "任凭",
      "职位描述": "董事、财务总监",
      "期初持股数": "1009676",
      "期末持股数": "1009676",
      "间接持股数": "",
      "从公司获得年度报酬总额": "537000",
      "补贴津贴": "",
      "变动原因说明": "",
      "是否在股东或关联单位领取报酬津贴": "否",
      "在任与否": "是"
    },
    {
      "领导人姓名": "丁整伟",
      "职位描述": "董事",
      "期初持股数": "4812612",
      "期末持股数": "4812612",
      "间接持股数": "",
      "从公司获得年度报酬总额": "1295900",
      "补贴津贴": "",
      "变动原因说明": "",
      "是否在股东或关联单位领取报酬津贴": "否",
      "在任与否": "是"
    },
    {
      "领导人姓名": "袁建新",
      "职位描述": "独立董事",
      "期初持股数": "",
      "期末持股数": "",
      "间接持股数": "",
      "从公司获得年度报酬总额": "100000",
      "补贴津贴": "",
      "变动原因说明": "",
      "是否在股东或关联单位领取报酬津贴": "否",
      "在任与否": "是"
    },
    {
      "领导人姓名": "韩坚",
      "职位描述": "独立董事",
      "期初持股数": "",
      "期末持股数": "",
      "间接持股数": "",
      "从公司获得年度报酬总额": "100000",
      "补贴津贴": "",
      "变动原因说明": "",
      "是否在股东或关联单位领取报酬津贴": "否",
      "在任与否": "是"
    },
    {
      "领导人姓名": "李丹云",
      "职位描述": "独立董事",
      "期初持股数": "",
      "期末持股数": "",
      "间接持股数": "",
      "从公司获得年度报酬总额": "100000",
      "补贴津贴": "",
      "变动原因说明": "",
      "是否在股东或关联单位领取报酬津贴": "否",
      "在任与否": "是"
    },
    {
      "领导人姓名": "江文林",
      "职位描述": "副总经理",
      "期初持股数": "168000",
      "期末持股数": "168000",
      "间接持股数": "",
      "从公司获得年度报酬总额": "962900",
      "补贴津贴": "",
      "变动原因说明": "",
      "是否在股东或关联单位领取报酬津贴": "否",
      "在任与否": "是"
    },
    {
      "领导人姓名": "吴戈辅",
      "职位描述": "副总经理",
      "期初持股数": "1367688",
      "期末持股数": "1367688",
      "间接持股数": "",
      "从公司获得年度报酬总额": "702000",
      "补贴津贴": "",
      "变动原因说明": "",
      "是否在股东或关联单位领取报酬津贴": "否",
      "在任与否": "是"
    },
    {
      "领导人姓名": "李永霞",
      "职位描述": "副总经理",
      "期初持股数": "92198",
      "期末持股数": "92198",
      "间接持股数": "",
      "从公司获得年度报酬总额": "876400",
      "补贴津贴": "",
      "变动原因说明": "",
      "是否在股东或关联单位领取报酬津贴": "否",
      "在任与否": "是"
    },
    {
      "领导人姓名": "许业峰",
      "职位描述": "董事会秘书",
      "期初持股数": "36880",
      "期末持股数": "36880",
      "间接持股数": "",
      "从公司获得年度报酬总额": "431900",
      "补贴津贴": "",
      "变动原因说明": "",
      "是否在股东或关联单位领取报酬津贴": "否",
      "在任与否": "是"
    }
  ]
}

=== 601369-2026-04-18-陕鼓动力-2025年年度报告.pdf ===
{
  "Leader_Salary_data": {
    "实际所得报酬总额起始": "",
    "实际所得报酬总额截止": "",
    "实际所得报酬总额涉及人数": ""
  },
  "Leader_Hold_data": [
    {
      "领导人姓名": "任矿",
      "职位描述": "董事长",
      "期初持股数": "154100",
      "期末持股数": "154100",
      "间接持股数": "",
      "从公司获得年度报酬总额": "",
      "补贴津贴": "",
      "变动原因说明": "",
      "是否在股东或关联单位领取报酬津贴": "是",
      "在任与否": "是"
    },
    {
      "领导人姓名": "刘海军",
      "职位描述": "副董事长、总经理",
      "期初持股数": "490000",
      "期末持股数": "477130",
      "间接持股数": "",
      "从公司获得年度报酬总额": "947800",
      "补贴津贴": "",
      "变动原因说明": "回购注销",
      "是否在股东或关联单位领取报酬津贴": "否",
      "在任与否": "是"
    },
    {
      "领导人姓名": "王建轩",
      "职位描述": "董事",
      "期初持股数": "771875",
      "期末持股数": "771875",
      "间接持股数": "",
      "从公司获得年度报酬总额": "",
      "补贴津贴": "",
      "变动原因说明": "",
      "是否在股东或关联单位领取报酬津贴": "是",
      "在任与否": "是"
    },
    {
      "领导人姓名": "周根标",
      "职位描述": "董事、副总经理",
      "期初持股数": "149700",
      "期末持股数": "149700",
      "间接持股数": "",
      "从公司获得年度报酬总额": "505500",
      "补贴津贴": "",
      "变动原因说明": "",
      "是否在股东或关联单位领取报酬津贴": "是",
      "在任与否": "否"
    },
    {
      "领导人姓名": "宁旻",
      "职位描述": "董事",
      "期初持股数": "0",
      "期末持股数": "0",
      "间接持股数": "",
      "从公司获得年度报酬总额": "",
      "补贴津贴": "",
      "变动原因说明": "",
      "是否在股东或关联单位领取报酬津贴": "否",
      "在任与否": "是"
    },
    {
      "领导人姓名": "杨芳",
      "职位描述": "独立董事",
      "期初持股数": "0",
      "期末持股数": "0",
      "间接持股数": "",
      "从公司获得年度报酬总额": "120000",
      "补贴津贴": "",
      "变动原因说明": "",
      "是否在股东或关联单位领取报酬津贴": "否",
      "在任与否": "是"
    },
    {
      "领导人姓名": "徐光华",
      "职位描述": "独立董事",
      "期初持股数": "0",
      "期末持股数": "0",
      "间接持股数": "",
      "从公司获得年度报酬总额": "120000",
      "补贴津贴": "",
      "变动原因说明": "",
      "是否在股东或关联单位领取报酬津贴": "否",
      "在任与否": "是"
    },
    {
      "领导人姓名": "王喆",
      "职位描述": "独立董事",
      "期初持股数": "0",
      "期末持股数": "0",
      "间接持股数": "",
      "从公司获得年度报酬总额": "120000",
      "补贴津贴": "",
      "变动原因说明": "",
      "是否在股东或关联单位领取报酬津贴": "否",
      "在任与否": "是"
    },
    {
      "领导人姓名": "张毅",
      "职位描述": "职工董事",
      "期初持股数": "0",
      "期末持股数": "0",
      "间接持股数": "",
      "从公司获得年度报酬总额": "293300",
      "补贴津贴": "",
      "变动原因说明": "",
      "是否在股东或关联单位领取报酬津贴": "否",
      "在任与否": "是"
    },
    {
      "领导人姓名": "苗福源",
      "职位描述": "副总经理",
      "期初持股数": "179400",
      "期末持股数": "40800",
      "间接持股数": "",
      "从公司获得年度报酬总额": "652500",
      "补贴津贴": "",
      "变动原因说明": "回购注销；任前二级市场卖出",
      "是否在股东或关联单位领取报酬津贴": "否",
      "在任与否": "是"
    },
    {
      "领导人姓名": "李付俊",
      "职位描述": "副总经理",
      "期初持股数": "574655",
      "期末持股数": "523505",
      "间接持股数": "",
      "从公司获得年度报酬总额": "1662600",
      "补贴津贴": "",
      "变动原因说明": "回购注销",
      "是否在股东或关联单位领取报酬津贴": "否",
      "在任与否": "是"
    },
    {
      "领导人姓名": "杜国栋",
      "职位描述": "副总经理",
      "期初持股数": "108400",
      "期末持股数": "82600",
      "间接持股数": "",
      "从公司获得年度报酬总额": "674000",
      "补贴津贴": "",
      "变动原因说明": "任前二级市场卖出",
      "是否在股东或关联单位领取报酬津贴": "否",
      "在任与否": "是"
    },
    {
      "领导人姓名": "刘忠",
      "职位描述": "副总经理、总工程师",
      "期初持股数": "219200",
      "期末持股数": "219200",
      "间接持股数": "",
      "从公司获得年度报酬总额": "1391900",
      "补贴津贴": "",
      "变动原因说明": "",
      "是否在股东或关联单位领取报酬津贴": "否",
      "在任与否": "是"
    },
    {
      "领导人姓名": "赵甲文",
      "职位描述": "财务总监",
      "期初持股数": "949675",
      "期末持股数": "938290",
      "间接持股数": "",
      "从公司获得年度报酬总额": "1020600",
      "补贴津贴": "",
      "变动原因说明": "回购注销",
      "是否在股东或关联单位领取报酬津贴": "否",
      "在任与否": "是"
    },
    {
      "领导人姓名": "柴进",
      "职位描述": "投资副总监、董事会秘书",
      "期初持股数": "221000",
      "期末持股数": "221000",
      "间接持股数": "",
      "从公司获得年度报酬总额": "647300",
      "补贴津贴": "",
      "变动原因说明": "",
      "是否在股东或关联单位领取报酬津贴": "否",
      "在任与否": "是"
    },
    {
      "领导人姓名": "李宏安",
      "职位描述": "董事长",
      "期初持股数": "4270500",
      "期末持股数": "4270500",
      "间接持股数": "",
      "从公司获得年度报酬总额": "",
      "补贴津贴": "",
      "变动原因说明": "",
      "是否在股东或关联单位领取报酬津贴": "是",
      "在任与否": "否"
    },
    {
      "领导人姓名": "陈党民",
      "职位描述": "副董事长、总经理",
      "期初持股数": "3721450",
      "期末持股数": "3721450",
      "间接持股数": "",
      "从公司获得年度报酬总额": "2146000",
      "补贴津贴": "",
      "变动原因说明": "",
      "是否在股东或关联单位领取报酬津贴": "否",
      "在任与否": "否"
    },
    {
      "领导人姓名": "李广友",
      "职位描述": "副总经理",
      "期初持股数": "1325575",
      "期末持股数": "1325575",
      "间接持股数": "",
      "从公司获得年度报酬总额": "1544900",
      "补贴津贴": "",
      "变动原因说明": "",
      "是否在股东或关联单位领取报酬津贴": "否",
      "在任与否": "否"
    }
  ]
}

=== 603098-2026-04-20-森特股份-森特股份2025年年度报告.pdf ===
{
  "Leader_Salary_data": {
    "实际所得报酬总额起始": "6180000",
    "实际所得报酬总额截止": "6180000",
    "实际所得报酬总额涉及人数": ""
  },
  "Leader_Hold_data": [
    {
      "领导人姓名": "刘爱森",
      "职位描述": "董事长、总经理",
      "期初持股数": "135226381",
      "期末持股数": "135413381",
      "间接持股数": "",
      "从公司获得年度报酬总额": "600000",
      "补贴津贴": "",
      "变动原因说明": "实施增持公司股份计划",
      "是否在股东或关联单位领取报酬津贴": "否",
      "在任与否": "是"
    },
    {
      "领导人姓名": "李桂茹",
      "职位描述": "董事",
      "期初持股数": "240",
      "期末持股数": "240",
      "间接持股数": "",
      "从公司获得年度报酬总额": "",
      "补贴津贴": "",
      "变动原因说明": "",
      "是否在股东或关联单位领取报酬津贴": "否",
      "在任与否": "是"
    },
    {
      "领导人姓名": "张进军",
      "职位描述": "董事",
      "期初持股数": "",
      "期末持股数": "",
      "间接持股数": "",
      "从公司获得年度报酬总额": "",
      "补贴津贴": "",
      "变动原因说明": "",
      "是否在股东或关联单位领取报酬津贴": "否",
      "在任与否": "是"
    },
    {
      "领导人姓名": "白忠学",
      "职位描述": "董事",
      "期初持股数": "",
      "期末持股数": "",
      "间接持股数": "",
      "从公司获得年度报酬总额": "",
      "补贴津贴": "",
      "变动原因说明": "",
      "是否在股东或关联单位领取报酬津贴": "否",
      "在任与否": "是"
    },
    {
      "领导人姓名": "翁家恩",
      "职位描述": "职工代表董事、副总经理",
      "期初持股数": "21040000",
      "期末持股数": "21040000",
      "间接持股数": "",
      "从公司获得年度报酬总额": "600000",
      "补贴津贴": "",
      "变动原因说明": "",
      "是否在股东或关联单位领取报酬津贴": "否",
      "在任与否": "是"
    },
    {
      "领导人姓名": "苏中一",
      "职位描述": "独立董事",
      "期初持股数": "",
      "期末持股数": "",
      "间接持股数": "",
      "从公司获得年度报酬总额": "100000",
      "补贴津贴": "",
      "变动原因说明": "",
      "是否在股东或关联单位领取报酬津贴": "否",
      "在任与否": "是"
    },
    {
      "领导人姓名": "束伟农",
      "职位描述": "独立董事",
      "期初持股数": "",
      "期末持股数": "",
      "间接持股数": "",
      "从公司获得年度报酬总额": "70000",
      "补贴津贴": "",
      "变动原因说明": "",
      "是否在股东或关联单位领取报酬津贴": "否",
      "在任与否": "是"
    },
    {
      "领导人姓名": "杜晓明",
      "职位描述": "独立董事",
      "期初持股数": "",
      "期末持股数": "",
      "间接持股数": "",
      "从公司获得年度报酬总额": "70000",
      "补贴津贴": "",
      "变动原因说明": "",
      "是否在股东或关联单位领取报酬津贴": "否",
      "在任与否": "是"
    },
    {
      "领导人姓名": "颜坚",
      "职位描述": "副总经理",
      "期初持股数": "1190000",
      "期末持股数": "1190000",
      "间接持股数": "",
      "从公司获得年度报酬总额": "960000",
      "补贴津贴": "",
      "变动原因说明": "",
      "是否在股东或关联单位领取报酬津贴": "否",
      "在任与否": "是"
    },
    {
      "领导人姓名": "叶渊",
      "职位描述": "副总经理",
      "期初持股数": "405000",
      "期末持股数": "405000",
      "间接持股数": "",
      "从公司获得年度报酬总额": "800000",
      "补贴津贴": "",
      "变动原因说明": "",
      "是否在股东或关联单位领取报酬津贴": "否",
      "在任与否": "是"
    },
    {
      "领导人姓名": "陈俊臣",
      "职位描述": "副总经理",
      "期初持股数": "840350",
      "期末持股数": "840350",
      "间接持股数": "",
      "从公司获得年度报酬总额": "800000",
      "补贴津贴": "",
      "变动原因说明": "",
      "是否在股东或关联单位领取报酬津贴": "否",
      "在任与否": "是"
    },
    {
      "领导人姓名": "高伟",
      "职位描述": "副总经理",
      "期初持股数": "110000",
      "期末持股数": "110000",
      "间接持股数": "",
      "从公司获得年度报酬总额": "800000",
      "补贴津贴": "",
      "变动原因说明": "",
      "是否在股东或关联单位领取报酬津贴": "否",
      "在任与否": "是"
    },
    {
      "领导人姓名": "徐晓楠",
      "职位描述": "董事会秘书",
      "期初持股数": "60000",
      "期末持股数": "60000",
      "间接持股数": "",
      "从公司获得年度报酬总额": "430000",
      "补贴津贴": "",
      "变动原因说明": "",
      "是否在股东或关联单位领取报酬津贴": "否",
      "在任与否": "是"
    },
    {
      "领导人姓名": "周智敏",
      "职位描述": "财务总监",
      "期初持股数": "",
      "期末持股数": "",
      "间接持股数": "",
      "从公司获得年度报酬总额": "900000",
      "补贴津贴": "",
      "变动原因说明": "",
      "是否在股东或关联单位领取报酬津贴": "否",
      "在任与否": "是"
    },
    {
      "领导人姓名": "李文学",
      "职位描述": "董事",
      "期初持股数": "",
      "期末持股数": "",
      "间接持股数": "",
      "从公司获得年度报酬总额": "",
      "补贴津贴": "",
      "变动原因说明": "",
      "是否在股东或关联单位领取报酬津贴": "否",
      "在任与否": "否"
    },
    {
      "领导人姓名": "石小敏",
      "职位描述": "独立董事",
      "期初持股数": "",
      "期末持股数": "",
      "间接持股数": "",
      "从公司获得年度报酬总额": "25000",
      "补贴津贴": "",
      "变动原因说明": "",
      "是否在股东或关联单位领取报酬津贴": "否",
      "在任与否": "否"
    },
    {
      "领导人姓名": "王琪",
      "职位描述": "独立董事",
      "期初持股数": "",
      "期末持股数": "",
      "间接持股数": "",
      "从公司获得年度报酬总额": "25000",
      "补贴津贴": "",
      "变动原因说明": "",
      "是否在股东或关联单位领取报酬津贴": "否",
      "在任与否": "否"
    }
  ]
}

=== 603223-2026-04-18-恒通股份-恒通物流股份有限公司2025年年度报告.pdf ===
{
  "Leader_Salary_data": {
    "实际所得报酬总额起始": "3909000",
    "实际所得报酬总额截止": "3909000",
    "实际所得报酬总额涉及人数": ""
  },
  "Leader_Hold_data": [
    {
      "领导人姓名": "隋永峰",
      "职位描述": "董事长",
      "期初持股数": "0",
      "期末持股数": "0",
      "间接持股数": "",
      "从公司获得年度报酬总额": "236000",
      "补贴津贴": "",
      "变动原因说明": "",
      "是否在股东或关联单位领取报酬津贴": "否",
      "在任与否": "是"
    },
    {
      "领导人姓名": "王进",
      "职位描述": "董事",
      "期初持股数": "0",
      "期末持股数": "0",
      "间接持股数": "",
      "从公司获得年度报酬总额": "67400",
      "补贴津贴": "",
      "变动原因说明": "",
      "是否在股东或关联单位领取报酬津贴": "否",
      "在任与否": "是"
    },
    {
      "领导人姓名": "李华山",
      "职位描述": "董事、副总经理",
      "期初持股数": "0",
      "期末持股数": "0",
      "间接持股数": "",
      "从公司获得年度报酬总额": "383200",
      "补贴津贴": "",
      "变动原因说明": "",
      "是否在股东或关联单位领取报酬津贴": "否",
      "在任与否": "是"
    },
    {
      "领导人姓名": "姜舒文",
      "职位描述": "董事、财务总监",
      "期初持股数": "0",
      "期末持股数": "0",
      "间接持股数": "",
      "从公司获得年度报酬总额": "240300",
      "补贴津贴": "",
      "变动原因说明": "",
      "是否在股东或关联单位领取报酬津贴": "否",
      "在任与否": "是"
    },
    {
      "领导人姓名": "王仁权",
      "职位描述": "董事、副总经理、董事会秘书",
      "期初持股数": "0",
      "期末持股数": "0",
      "间接持股数": "",
      "从公司获得年度报酬总额": "309500",
      "补贴津贴": "",
      "变动原因说明": "",
      "是否在股东或关联单位领取报酬津贴": "否",
      "在任与否": "是"
    },
    {
      "领导人姓名": "曲俊宇",
      "职位描述": "职工董事",
      "期初持股数": "0",
      "期末持股数": "0",
      "间接持股数": "",
      "从公司获得年度报酬总额": "185000",
      "补贴津贴": "",
      "变动原因说明": "",
      "是否在股东或关联单位领取报酬津贴": "否",
      "在任与否": "是"
    },
    {
      "领导人姓名": "孙德坤",
      "职位描述": "独立董事",
      "期初持股数": "0",
      "期末持股数": "0",
      "间接持股数": "",
      "从公司获得年度报酬总额": "87300",
      "补贴津贴": "",
      "变动原因说明": "",
      "是否在股东或关联单位领取报酬津贴": "否",
      "在任与否": "是"
    },
    {
      "领导人姓名": "高建军",
      "职位描述": "独立董事",
      "期初持股数": "0",
      "期末持股数": "0",
      "间接持股数": "",
      "从公司获得年度报酬总额": "87300",
      "补贴津贴": "",
      "变动原因说明": "",
      "是否在股东或关联单位领取报酬津贴": "否",
      "在任与否": "是"
    },
    {
      "领导人姓名": "胡元木",
      "职位描述": "独立董事",
      "期初持股数": "0",
      "期末持股数": "0",
      "间接持股数": "",
      "从公司获得年度报酬总额": "87300",
      "补贴津贴": "",
      "变动原因说明": "",
      "是否在股东或关联单位领取报酬津贴": "否",
      "在任与否": "是"
    },
    {
      "领导人姓名": "隋来智",
      "职位描述": "总经理",
      "期初持股数": "0",
      "期末持股数": "0",
      "间接持股数": "",
      "从公司获得年度报酬总额": "296600",
      "补贴津贴": "",
      "变动原因说明": "",
      "是否在股东或关联单位领取报酬津贴": "否",
      "在任与否": "是"
    },
    {
      "领导人姓名": "龚晨曦",
      "职位描述": "副总经理",
      "期初持股数": "0",
      "期末持股数": "0",
      "间接持股数": "",
      "从公司获得年度报酬总额": "467600",
      "补贴津贴": "",
      "变动原因说明": "",
      "是否在股东或关联单位领取报酬津贴": "否",
      "在任与否": "是"
    },
    {
      "领导人姓名": "刘国阳",
      "职位描述": "副总经理",
      "期初持股数": "0",
      "期末持股数": "0",
      "间接持股数": "",
      "从公司获得年度报酬总额": "242000",
      "补贴津贴": "",
      "变动原因说明": "",
      "是否在股东或关联单位领取报酬津贴": "否",
      "在任与否": "是"
    },
    {
      "领导人姓名": "李洪波",
      "职位描述": "董事长",
      "期初持股数": "30576",
      "期末持股数": "30576",
      "间接持股数": "",
      "从公司获得年度报酬总额": "931000",
      "补贴津贴": "",
      "变动原因说明": "",
      "是否在股东或关联单位领取报酬津贴": "否",
      "在任与否": "否"
    },
    {
      "领导人姓名": "周国杰",
      "职位描述": "副总经理",
      "期初持股数": "420",
      "期末持股数": "420",
      "间接持股数": "",
      "从公司获得年度报酬总额": "288500",
      "补贴津贴": "",
      "变动原因说明": "",
      "是否在股东或关联单位领取报酬津贴": "否",
      "在任与否": "否"
    }
  ]
}

=== 603018-2026-04-20-华设集团-华设集团2025年年度报告.pdf ===
{
  "Leader_Salary_data": {
    "实际所得报酬总额起始": "12830000",
    "实际所得报酬总额截止": "12830000",
    "实际所得报酬总额涉及人数": ""
  },
  "Leader_Hold_data": [
    {
      "领导人姓名": "杨卫东",
      "职位描述": "董事长",
      "期初持股数": "27222434",
      "期末持股数": "27222434",
      "间接持股数": "",
      "从公司获得年度报酬总额": "1280000",
      "补贴津贴": "",
      "变动原因说明": "",
      "是否在股东或关联单位领取报酬津贴": "否",
      "在任与否": "是"
    },
    {
      "领导人姓名": "姚宇",
      "职位描述": "董事、总经理",
      "期初持股数": "1724420",
      "期末持股数": "1724420",
      "间接持股数": "",
      "从公司获得年度报酬总额": "1180000",
      "补贴津贴": "",
      "变动原因说明": "",
      "是否在股东或关联单位领取报酬津贴": "否",
      "在任与否": "是"
    },
    {
      "领导人姓名": "刘鹏",
      "职位描述": "董事、党委书记",
      "期初持股数": "3723237",
      "期末持股数": "3723237",
      "间接持股数": "",
      "从公司获得年度报酬总额": "1100000",
      "补贴津贴": "",
      "变动原因说明": "",
      "是否在股东或关联单位领取报酬津贴": "否",
      "在任与否": "是"
    },
    {
      "领导人姓名": "胡安兵",
      "职位描述": "董事、董事会秘书",
      "期初持股数": "19703574",
      "期末持股数": "19703574",
      "间接持股数": "",
      "从公司获得年度报酬总额": "1100000",
      "补贴津贴": "",
      "变动原因说明": "",
      "是否在股东或关联单位领取报酬津贴": "否",
      "在任与否": "是"
    },
    {
      "领导人姓名": "徐一岗",
      "职位描述": "董事、执行副总经理",
      "期初持股数": "3608556",
      "期末持股数": "3608556",
      "间接持股数": "",
      "从公司获得年度报酬总额": "1100000",
      "补贴津贴": "",
      "变动原因说明": "",
      "是否在股东或关联单位领取报酬津贴": "否",
      "在任与否": "是"
    },
    {
      "领导人姓名": "翟剑峰",
      "职位描述": "董事、执行副总经理、职工董事、执行副总经理",
      "期初持股数": "",
      "期末持股数": "1252334",
      "间接持股数": "",
      "从公司获得年度报酬总额": "1150000",
      "补贴津贴": "",
      "变动原因说明": "",
      "是否在股东或关联单位领取报酬津贴": "否",
      "在任与否": "是"
    },
    {
      "领导人姓名": "高阳",
      "职位描述": "独立董事",
      "期初持股数": "",
      "期末持股数": "",
      "间接持股数": "",
      "从公司获得年度报酬总额": "",
      "补贴津贴": "",
      "变动原因说明": "",
      "是否在股东或关联单位领取报酬津贴": "否",
      "在任与否": "是"
    },
    {
      "领导人姓名": "郑国华",
      "职位描述": "独立董事",
      "期初持股数": "",
      "期末持股数": "",
      "间接持股数": "",
      "从公司获得年度报酬总额": "100000",
      "补贴津贴": "",
      "变动原因说明": "",
      "是否在股东或关联单位领取报酬津贴": "否",
      "在任与否": "是"
    },
    {
      "领导人姓名": "新夫",
      "职位描述": "独立董事",
      "期初持股数": "",
      "期末持股数": "",
      "间接持股数": "",
      "从公司获得年度报酬总额": "100000",
      "补贴津贴": "",
      "变动原因说明": "",
      "是否在股东或关联单位领取报酬津贴": "否",
      "在任与否": "是"
    },
    {
      "领导人姓名": "侯力纲",
      "职位描述": "副总经理、财务负责人",
      "期初持股数": "1315418",
      "期末持股数": "1315418",
      "间接持股数": "",
      "从公司获得年度报酬总额": "1000000",
      "补贴津贴": "",
      "变动原因说明": "",
      "是否在股东或关联单位领取报酬津贴": "否",
      "在任与否": "是"
    },
    {
      "领导人姓名": "范东涛",
      "职位描述": "副总经理",
      "期初持股数": "2861136",
      "期末持股数": "2861136",
      "间接持股数": "",
      "从公司获得年度报酬总额": "1050000",
      "补贴津贴": "",
      "变动原因说明": "",
      "是否在股东或关联单位领取报酬津贴": "否",
      "在任与否": "是"
    },
    {
      "领导人姓名": "李剑锋",
      "职位描述": "副总经理",
      "期初持股数": "1107356",
      "期末持股数": "1107356",
      "间接持股数": "",
      "从公司获得年度报酬总额": "850000",
      "补贴津贴": "",
      "变动原因说明": "",
      "是否在股东或关联单位领取报酬津贴": "否",
      "在任与否": "是"
    },
    {
      "领导人姓名": "张健康",
      "职位描述": "副总经理、总工程师",
      "期初持股数": "3279602",
      "期末持股数": "3279602",
      "间接持股数": "",
      "从公司获得年度报酬总额": "900000",
      "补贴津贴": "",
      "变动原因说明": "",
      "是否在股东或关联单位领取报酬津贴": "否",
      "在任与否": "是"
    },
    {
      "领导人姓名": "陈汝扬",
      "职位描述": "副总经理",
      "期初持股数": "916908",
      "期末持股数": "916908",
      "间接持股数": "",
      "从公司获得年度报酬总额": "850000",
      "补贴津贴": "",
      "变动原因说明": "",
      "是否在股东或关联单位领取报酬津贴": "否",
      "在任与否": "是"
    },
    {
      "领导人姓名": "曹亚丽",
      "职位描述": "副总经理",
      "期初持股数": "149185",
      "期末持股数": "149185",
      "间接持股数": "",
      "从公司获得年度报酬总额": "970000",
      "补贴津贴": "",
      "变动原因说明": "",
      "是否在股东或关联单位领取报酬津贴": "否",
      "在任与否": "是"
    },
    {
      "领导人姓名": "徐锦荣",
      "职位描述": "独立董事",
      "期初持股数": "",
      "期末持股数": "",
      "间接持股数": "",
      "从公司获得年度报酬总额": "100000",
      "补贴津贴": "",
      "变动原因说明": "",
      "是否在股东或关联单位领取报酬津贴": "否",
      "在任与否": "否"
    }
  ]
}

=== 603400-2026-04-20-华之杰-2025年年度报告.pdf ===
{
  "Leader_Salary_data": {
    "实际所得报酬总额起始": "10223300",
    "实际所得报酬总额截止": "10223300",
    "实际所得报酬总额涉及人数": ""
  },
  "Leader_Hold_data": [
    {
      "领导人姓名": "陆亚洲",
      "职位描述": "董事长",
      "期初持股数": "0",
      "期末持股数": "0",
      "间接持股数": "",
      "从公司获得年度报酬总额": "4194900",
      "补贴津贴": "",
      "变动原因说明": "",
      "是否在股东或关联单位领取报酬津贴": "否",
      "在任与否": "是"
    },
    {
      "领导人姓名": "陈芳",
      "职位描述": "董事、财务总监、董事会秘书",
      "期初持股数": "0",
      "期末持股数": "0",
      "间接持股数": "",
      "从公司获得年度报酬总额": "1502700",
      "补贴津贴": "",
      "变动原因说明": "",
      "是否在股东或关联单位领取报酬津贴": "否",
      "在任与否": "是"
    },
    {
      "领导人姓名": "陆静宇",
      "职位描述": "董事",
      "期初持股数": "0",
      "期末持股数": "0",
      "间接持股数": "",
      "从公司获得年度报酬总额": "4066700",
      "补贴津贴": "",
      "变动原因说明": "",
      "是否在股东或关联单位领取报酬津贴": "否",
      "在任与否": "是"
    },
    {
      "领导人姓名": "罗勇君",
      "职位描述": "独立董事",
      "期初持股数": "0",
      "期末持股数": "0",
      "间接持股数": "",
      "从公司获得年度报酬总额": "80000",
      "补贴津贴": "80000",
      "变动原因说明": "",
      "是否在股东或关联单位领取报酬津贴": "否",
      "在任与否": "是"
    },
    {
      "领导人姓名": "陈双叶",
      "职位描述": "独立董事",
      "期初持股数": "0",
      "期末持股数": "0",
      "间接持股数": "",
      "从公司获得年度报酬总额": "80000",
      "补贴津贴": "80000",
      "变动原因说明": "",
      "是否在股东或关联单位领取报酬津贴": "否",
      "在任与否": "是"
    },
    {
      "领导人姓名": "王天浩",
      "职位描述": "职工代表董事",
      "期初持股数": "0",
      "期末持股数": "0",
      "间接持股数": "",
      "从公司获得年度报酬总额": "487900",
      "补贴津贴": "",
      "变动原因说明": "",
      "是否在股东或关联单位领取报酬津贴": "否",
      "在任与否": "是"
    },
    {
      "领导人姓名": "王奕",
      "职位描述": "总经理",
      "期初持股数": "0",
      "期末持股数": "0",
      "间接持股数": "",
      "从公司获得年度报酬总额": "952400",
      "补贴津贴": "",
      "变动原因说明": "",
      "是否在股东或关联单位领取报酬津贴": "否",
      "在任与否": "是"
    },
    {
      "领导人姓名": "沈雷",
      "职位描述": "副总经理",
      "期初持股数": "0",
      "期末持股数": "0",
      "间接持股数": "",
      "从公司获得年度报酬总额": "907500",
      "补贴津贴": "",
      "变动原因说明": "",
      "是否在股东或关联单位领取报酬津贴": "否",
      "在任与否": "是"
    },
    {
      "领导人姓名": "顾飞峰",
      "职位描述": "副总经理、董事",
      "期初持股数": "0",
      "期末持股数": "0",
      "间接持股数": "",
      "从公司获得年度报酬总额": "857600",
      "补贴津贴": "",
      "变动原因说明": "",
      "是否在股东或关联单位领取报酬津贴": "否",
      "在任与否": "是"
    },
    {
      "领导人姓名": "郭惠玖",
      "职位描述": "副总经理",
      "期初持股数": "0",
      "期末持股数": "0",
      "间接持股数": "",
      "从公司获得年度报酬总额": "847800",
      "补贴津贴": "",
      "变动原因说明": "",
      "是否在股东或关联单位领取报酬津贴": "否",
      "在任与否": "是"
    }
  ]
}

=== 603332-2026-04-18-苏州龙杰-2025年年度报告.pdf ===
{
  "Leader_Salary_data": {
    "实际所得报酬总额起始": "4577900",
    "实际所得报酬总额截止": "4577900",
    "实际所得报酬总额涉及人数": ""
  },
  "Leader_Hold_data": [
    {
      "领导人姓名": "席文杰",
      "职位描述": "董事长",
      "期初持股数": "6886880",
      "期末持股数": "6886880",
      "间接持股数": "",
      "从公司获得年度报酬总额": "897500",
      "补贴津贴": "",
      "变动原因说明": "",
      "是否在股东或关联单位领取报酬津贴": "否",
      "在任与否": "是"
    },
    {
      "领导人姓名": "邹凯东",
      "职位描述": "董事、总经理",
      "期初持股数": "0",
      "期末持股数": "0",
      "间接持股数": "",
      "从公司获得年度报酬总额": "621500",
      "补贴津贴": "",
      "变动原因说明": "",
      "是否在股东或关联单位领取报酬津贴": "否",
      "在任与否": "是"
    },
    {
      "领导人姓名": "何小林",
      "职位描述": "董事、副总经理、董事会秘书",
      "期初持股数": "2882880",
      "期末持股数": "2718480",
      "间接持股数": "",
      "从公司获得年度报酬总额": "368000",
      "补贴津贴": "",
      "变动原因说明": "减持",
      "是否在股东或关联单位领取报酬津贴": "否",
      "在任与否": "是"
    },
    {
      "领导人姓名": "王建新",
      "职位描述": "董事、副总经理",
      "期初持股数": "564824",
      "期末持股数": "564824",
      "间接持股数": "",
      "从公司获得年度报酬总额": "591400",
      "补贴津贴": "",
      "变动原因说明": "",
      "是否在股东或关联单位领取报酬津贴": "否",
      "在任与否": "是"
    },
    {
      "领导人姓名": "关乐",
      "职位描述": "职工代表董事、副总经理",
      "期初持股数": "273000",
      "期末持股数": "240000",
      "间接持股数": "",
      "从公司获得年度报酬总额": "365600",
      "补贴津贴": "",
      "变动原因说明": "减持",
      "是否在股东或关联单位领取报酬津贴": "否",
      "在任与否": "是"
    },
    {
      "领导人姓名": "冯晓东",
      "职位描述": "独立董事",
      "期初持股数": "0",
      "期末持股数": "0",
      "间接持股数": "",
      "从公司获得年度报酬总额": "60000",
      "补贴津贴": "",
      "变动原因说明": "",
      "是否在股东或关联单位领取报酬津贴": "否",
      "在任与否": "是"
    },
    {
      "领导人姓名": "梁俪琼",
      "职位描述": "独立董事",
      "期初持股数": "0",
      "期末持股数": "0",
      "间接持股数": "",
      "从公司获得年度报酬总额": "60000",
      "补贴津贴": "",
      "变动原因说明": "",
      "是否在股东或关联单位领取报酬津贴": "否",
      "在任与否": "是"
    },
    {
      "领导人姓名": "陈达俊",
      "职位描述": "独立董事",
      "期初持股数": "0",
      "期末持股数": "0",
      "间接持股数": "",
      "从公司获得年度报酬总额": "60000",
      "补贴津贴": "",
      "变动原因说明": "",
      "是否在股东或关联单位领取报酬津贴": "否",
      "在任与否": "是"
    },
    {
      "领导人姓名": "潘正良",
      "职位描述": "副总经理",
      "期初持股数": "910000",
      "期末持股数": "910000",
      "间接持股数": "",
      "从公司获得年度报酬总额": "65000",
      "补贴津贴": "",
      "变动原因说明": "",
      "是否在股东或关联单位领取报酬津贴": "否",
      "在任与否": "否"
    },
    {
      "领导人姓名": "徐志刚",
      "职位描述": "副总经理",
      "期初持股数": "0",
      "期末持股数": "0",
      "间接持股数": "",
      "从公司获得年度报酬总额": "493300",
      "补贴津贴": "",
      "变动原因说明": "",
      "是否在股东或关联单位领取报酬津贴": "否",
      "在任与否": "是"
    },
    {
      "领导人姓名": "钱夏董",
      "职位描述": "副总经理",
      "期初持股数": "0",
      "期末持股数": "0",
      "间接持股数": "",
      "从公司获得年度报酬总额": "410500",
      "补贴津贴": "",
      "变动原因说明": "",
      "是否在股东或关联单位领取报酬津贴": "否",
      "在任与否": "是"
    },
    {
      "领导人姓名": "景丹",
      "职位描述": "财务总监",
      "期初持股数": "0",
      "期末持股数": "0",
      "间接持股数": "",
      "从公司获得年度报酬总额": "245500",
      "补贴津贴": "",
      "变动原因说明": "",
      "是否在股东或关联单位领取报酬津贴": "否",
      "在任与否": "是"
    },
    {
      "领导人姓名": "马冬贤",
      "职位描述": "职工代表监事",
      "期初持股数": "12740",
      "期末持股数": "9655",
      "间接持股数": "",
      "从公司获得年度报酬总额": "109000",
      "补贴津贴": "",
      "变动原因说明": "减持",
      "是否在股东或关联单位领取报酬津贴": "否",
      "在任与否": "否"
    },
    {
      "领导人姓名": "葛海英",
      "职位描述": "监事会主席、监事",
      "期初持股数": "0",
      "期末持股数": "0",
      "间接持股数": "",
      "从公司获得年度报酬总额": "107400",
      "补贴津贴": "",
      "变动原因说明": "",
      "是否在股东或关联单位领取报酬津贴": "否",
      "在任与否": "否"
    },
    {
      "领导人姓名": "樊双江",
      "职位描述": "监事",
      "期初持股数": "0",
      "期末持股数": "0",
      "间接持股数": "",
      "从公司获得年度报酬总额": "123000",
      "补贴津贴": "",
      "变动原因说明": "",
      "是否在股东或关联单位领取报酬津贴": "否",
      "在任与否": "否"
    }
  ]
}

=== 603409-2026-04-18-汇通控股-2025年年度报告.pdf ===
{
  "Leader_Salary_data": {
    "实际所得报酬总额起始": "5648400",
    "实际所得报酬总额截止": "5648400",
    "实际所得报酬总额涉及人数": ""
  },
  "Leader_Hold_data": [
    {
      "领导人姓名": "陈王保",
      "职位描述": "董事长",
      "期初持股数": "17963400",
      "期末持股数": "17963400",
      "间接持股数": "",
      "从公司获得年度报酬总额": "335900",
      "补贴津贴": "",
      "变动原因说明": "",
      "是否在股东或关联单位领取报酬津贴": "否",
      "在任与否": "是"
    },
    {
      "领导人姓名": "张丽",
      "职位描述": "董事、总经理",
      "期初持股数": "",
      "期末持股数": "",
      "间接持股数": "",
      "从公司获得年度报酬总额": "865300",
      "补贴津贴": "",
      "变动原因说明": "",
      "是否在股东或关联单位领取报酬津贴": "否",
      "在任与否": "是"
    },
    {
      "领导人姓名": "陈方明",
      "职位描述": "董事",
      "期初持股数": "2567100",
      "期末持股数": "2567100",
      "间接持股数": "",
      "从公司获得年度报酬总额": "523500",
      "补贴津贴": "",
      "变动原因说明": "",
      "是否在股东或关联单位领取报酬津贴": "否",
      "在任与否": "是"
    },
    {
      "领导人姓名": "王巧生",
      "职位描述": "董事、财务总监",
      "期初持股数": "",
      "期末持股数": "",
      "间接持股数": "",
      "从公司获得年度报酬总额": "585100",
      "补贴津贴": "",
      "变动原因说明": "",
      "是否在股东或关联单位领取报酬津贴": "否",
      "在任与否": "是"
    },
    {
      "领导人姓名": "丁绍成",
      "职位描述": "董事、分管采购副总经理",
      "期初持股数": "",
      "期末持股数": "",
      "间接持股数": "",
      "从公司获得年度报酬总额": "563800",
      "补贴津贴": "",
      "变动原因说明": "",
      "是否在股东或关联单位领取报酬津贴": "否",
      "在任与否": "是"
    },
    {
      "领导人姓名": "黄华",
      "职位描述": "董事",
      "期初持股数": "",
      "期末持股数": "",
      "间接持股数": "",
      "从公司获得年度报酬总额": "277200",
      "补贴津贴": "",
      "变动原因说明": "",
      "是否在股东或关联单位领取报酬津贴": "否",
      "在任与否": "是"
    },
    {
      "领导人姓名": "颜苏",
      "职位描述": "独立董事",
      "期初持股数": "",
      "期末持股数": "",
      "间接持股数": "",
      "从公司获得年度报酬总额": "50000",
      "补贴津贴": "",
      "变动原因说明": "",
      "是否在股东或关联单位领取报酬津贴": "否",
      "在任与否": "是"
    },
    {
      "领导人姓名": "戴欣苗",
      "职位描述": "独立董事",
      "期初持股数": "",
      "期末持股数": "",
      "间接持股数": "",
      "从公司获得年度报酬总额": "50000",
      "补贴津贴": "",
      "变动原因说明": "",
      "是否在股东或关联单位领取报酬津贴": "否",
      "在任与否": "是"
    },
    {
      "领导人姓名": "张圣亮",
      "职位描述": "独立董事",
      "期初持股数": "",
      "期末持股数": "",
      "间接持股数": "",
      "从公司获得年度报酬总额": "50000",
      "补贴津贴": "",
      "变动原因说明": "",
      "是否在股东或关联单位领取报酬津贴": "否",
      "在任与否": "是"
    },
    {
      "领导人姓名": "蔡卫民",
      "职位描述": "分管运营副总经理",
      "期初持股数": "",
      "期末持股数": "",
      "间接持股数": "",
      "从公司获得年度报酬总额": "651000",
      "补贴津贴": "",
      "变动原因说明": "",
      "是否在股东或关联单位领取报酬津贴": "否",
      "在任与否": "是"
    },
    {
      "领导人姓名": "吴照娟",
      "职位描述": "分管营销副总经理",
      "期初持股数": "",
      "期末持股数": "",
      "间接持股数": "",
      "从公司获得年度报酬总额": "644300",
      "补贴津贴": "",
      "变动原因说明": "",
      "是否在股东或关联单位领取报酬津贴": "否",
      "在任与否": "是"
    },
    {
      "领导人姓名": "李明友",
      "职位描述": "分管技术副总经理",
      "期初持股数": "",
      "期末持股数": "",
      "间接持股数": "",
      "从公司获得年度报酬总额": "552600",
      "补贴津贴": "",
      "变动原因说明": "",
      "是否在股东或关联单位领取报酬津贴": "否",
      "在任与否": "是"
    },
    {
      "领导人姓名": "周文竹",
      "职位描述": "董事会秘书",
      "期初持股数": "",
      "期末持股数": "",
      "间接持股数": "",
      "从公司获得年度报酬总额": "499700",
      "补贴津贴": "",
      "变动原因说明": "",
      "是否在股东或关联单位领取报酬津贴": "否",
      "在任与否": "是"
    }
  ]
}

=== 603402-2026-04-20-陕西旅游-2025年年度报告.pdf ===
{
  "Leader_Salary_data": {
    "实际所得报酬总额起始": "1863300",
    "实际所得报酬总额截止": "1863300",
    "实际所得报酬总额涉及人数": ""
  },
  "Leader_Hold_data": [
    {
      "领导人姓名": "马婷",
      "职位描述": "董事长",
      "期初持股数": "0",
      "期末持股数": "0",
      "间接持股数": "",
      "从公司获得年度报酬总额": "447100",
      "补贴津贴": "",
      "变动原因说明": "",
      "是否在股东或关联单位领取报酬津贴": "否",
      "在任与否": "是"
    },
    {
      "领导人姓名": "金哲楠",
      "职位描述": "董事",
      "期初持股数": "0",
      "期末持股数": "0",
      "间接持股数": "",
      "从公司获得年度报酬总额": "0",
      "补贴津贴": "",
      "变动原因说明": "",
      "是否在股东或关联单位领取报酬津贴": "是",
      "在任与否": "是"
    },
    {
      "领导人姓名": "靳勇",
      "职位描述": "董事、总经理",
      "期初持股数": "0",
      "期末持股数": "0",
      "间接持股数": "",
      "从公司获得年度报酬总额": "506000",
      "补贴津贴": "",
      "变动原因说明": "",
      "是否在股东或关联单位领取报酬津贴": "否",
      "在任与否": "是"
    },
    {
      "领导人姓名": "罗娜",
      "职位描述": "董事、副总经理、董事会秘书",
      "期初持股数": "0",
      "期末持股数": "0",
      "间接持股数": "",
      "从公司获得年度报酬总额": "170900",
      "补贴津贴": "",
      "变动原因说明": "",
      "是否在股东或关联单位领取报酬津贴": "否",
      "在任与否": "是"
    },
    {
      "领导人姓名": "范飞龙",
      "职位描述": "董事",
      "期初持股数": "0",
      "期末持股数": "0",
      "间接持股数": "",
      "从公司获得年度报酬总额": "0",
      "补贴津贴": "",
      "变动原因说明": "",
      "是否在股东或关联单位领取报酬津贴": "是",
      "在任与否": "是"
    },
    {
      "领导人姓名": "贾琨",
      "职位描述": "董事",
      "期初持股数": "0",
      "期末持股数": "0",
      "间接持股数": "",
      "从公司获得年度报酬总额": "0",
      "补贴津贴": "",
      "变动原因说明": "",
      "是否在股东或关联单位领取报酬津贴": "是",
      "在任与否": "是"
    },
    {
      "领导人姓名": "徐秉惠",
      "职位描述": "独立董事",
      "期初持股数": "0",
      "期末持股数": "0",
      "间接持股数": "",
      "从公司获得年度报酬总额": "18500",
      "补贴津贴": "",
      "变动原因说明": "",
      "是否在股东或关联单位领取报酬津贴": "否",
      "在任与否": "是"
    },
    {
      "领导人姓名": "马王平",
      "职位描述": "独立董事",
      "期初持股数": "0",
      "期末持股数": "0",
      "间接持股数": "",
      "从公司获得年度报酬总额": "18500",
      "补贴津贴": "",
      "变动原因说明": "",
      "是否在股东或关联单位领取报酬津贴": "否",
      "在任与否": "是"
    },
    {
      "领导人姓名": "李倩",
      "职位描述": "独立董事",
      "期初持股数": "0",
      "期末持股数": "0",
      "间接持股数": "",
      "从公司获得年度报酬总额": "18500",
      "补贴津贴": "",
      "变动原因说明": "",
      "是否在股东或关联单位领取报酬津贴": "否",
      "在任与否": "是"
    },
    {
      "领导人姓名": "王新建",
      "职位描述": "副总经理",
      "期初持股数": "0",
      "期末持股数": "0",
      "间接持股数": "",
      "从公司获得年度报酬总额": "229900",
      "补贴津贴": "",
      "变动原因说明": "",
      "是否在股东或关联单位领取报酬津贴": "否",
      "在任与否": "是"
    },
    {
      "领导人姓名": "吴涛",
      "职位描述": "CFO（财务负责人）",
      "期初持股数": "0",
      "期末持股数": "0",
      "间接持股数": "",
      "从公司获得年度报酬总额": "330700",
      "补贴津贴": "",
      "变动原因说明": "",
      "是否在股东或关联单位领取报酬津贴": "否",
      "在任与否": "是"
    },
    {
      "领导人姓名": "李彤",
      "职位描述": "独立董事",
      "期初持股数": "0",
      "期末持股数": "0",
      "间接持股数": "",
      "从公司获得年度报酬总额": "41100",
      "补贴津贴": "",
      "变动原因说明": "",
      "是否在股东或关联单位领取报酬津贴": "否",
      "在任与否": "否"
    },
    {
      "领导人姓名": "苏坤",
      "职位描述": "独立董事",
      "期初持股数": "0",
      "期末持股数": "0",
      "间接持股数": "",
      "从公司获得年度报酬总额": "41100",
      "补贴津贴": "",
      "变动原因说明": "",
      "是否在股东或关联单位领取报酬津贴": "否",
      "在任与否": "否"
    },
    {
      "领导人姓名": "蒋仁爱",
      "职位描述": "独立董事",
      "期初持股数": "0",
      "期末持股数": "0",
      "间接持股数": "",
      "从公司获得年度报酬总额": "41100",
      "补贴津贴": "",
      "变动原因说明": "",
      "是否在股东或关联单位领取报酬津贴": "否",
      "在任与否": "否"
    }
  ]
}

=== 603377-2026-04-18-ST东时-2025年年度报告.pdf ===
{
  "Leader_Salary_data": {
    "实际所得报酬总额起始": "4605200",
    "实际所得报酬总额截止": "4605200",
    "实际所得报酬总额涉及人数": ""
  },
  "Leader_Hold_data": [
    {
      "领导人姓名": "孙翔",
      "职位描述": "董事、董事长",
      "期初持股数": "0",
      "期末持股数": "0",
      "间接持股数": "",
      "从公司获得年度报酬总额": "373600",
      "补贴津贴": "",
      "变动原因说明": "0",
      "是否在股东或关联单位领取报酬津贴": "否",
      "在任与否": "是"
    },
    {
      "领导人姓名": "闫文辉",
      "职位描述": "董事、副董事长（离任）、总经理",
      "期初持股数": "0",
      "期末持股数": "0",
      "间接持股数": "",
      "从公司获得年度报酬总额": "630000",
      "补贴津贴": "",
      "变动原因说明": "0",
      "是否在股东或关联单位领取报酬津贴": "否",
      "在任与否": "是"
    },
    {
      "领导人姓名": "王红玉",
      "职位描述": "董事、财务总监、副总经理",
      "期初持股数": "0",
      "期末持股数": "0",
      "间接持股数": "",
      "从公司获得年度报酬总额": "440600",
      "补贴津贴": "",
      "变动原因说明": "0",
      "是否在股东或关联单位领取报酬津贴": "否",
      "在任与否": "是"
    },
    {
      "领导人姓名": "杨骁腾",
      "职位描述": "董事",
      "期初持股数": "0",
      "期末持股数": "0",
      "间接持股数": "",
      "从公司获得年度报酬总额": "0",
      "补贴津贴": "",
      "变动原因说明": "0",
      "是否在股东或关联单位领取报酬津贴": "是",
      "在任与否": "是"
    },
    {
      "领导人姓名": "魏然",
      "职位描述": "董事",
      "期初持股数": "0",
      "期末持股数": "0",
      "间接持股数": "",
      "从公司获得年度报酬总额": "0",
      "补贴津贴": "",
      "变动原因说明": "0",
      "是否在股东或关联单位领取报酬津贴": "是",
      "在任与否": "是"
    },
    {
      "领导人姓名": "温子健",
      "职位描述": "执行总经理、职工代表董事、董事（离任）",
      "期初持股数": "0",
      "期末持股数": "0",
      "间接持股数": "",
      "从公司获得年度报酬总额": "438800",
      "补贴津贴": "",
      "变动原因说明": "0",
      "是否在股东或关联单位领取报酬津贴": "否",
      "在任与否": "是"
    },
    {
      "领导人姓名": "徐劲松",
      "职位描述": "董事、总经理（代行）、董事长（离任）",
      "期初持股数": "0",
      "期末持股数": "0",
      "间接持股数": "",
      "从公司获得年度报酬总额": "420000",
      "补贴津贴": "",
      "变动原因说明": "0",
      "是否在股东或关联单位领取报酬津贴": "否",
      "在任与否": "是"
    },
    {
      "领导人姓名": "丛培红",
      "职位描述": "独立董事",
      "期初持股数": "0",
      "期末持股数": "0",
      "间接持股数": "",
      "从公司获得年度报酬总额": "145100",
      "补贴津贴": "",
      "变动原因说明": "0",
      "是否在股东或关联单位领取报酬津贴": "否",
      "在任与否": "是"
    },
    {
      "领导人姓名": "万勇",
      "职位描述": "独立董事",
      "期初持股数": "0",
      "期末持股数": "0",
      "间接持股数": "",
      "从公司获得年度报酬总额": "145100",
      "补贴津贴": "",
      "变动原因说明": "0",
      "是否在股东或关联单位领取报酬津贴": "否",
      "在任与否": "是"
    },
    {
      "领导人姓名": "许余洁",
      "职位描述": "独立董事",
      "期初持股数": "0",
      "期末持股数": "0",
      "间接持股数": "",
      "从公司获得年度报酬总额": "145100",
      "补贴津贴": "",
      "变动原因说明": "0",
      "是否在股东或关联单位领取报酬津贴": "否",
      "在任与否": "是"
    },
    {
      "领导人姓名": "申娟",
      "职位描述": "独立董事",
      "期初持股数": "0",
      "期末持股数": "0",
      "间接持股数": "",
      "从公司获得年度报酬总额": "145100",
      "补贴津贴": "",
      "变动原因说明": "0",
      "是否在股东或关联单位领取报酬津贴": "否",
      "在任与否": "是"
    },
    {
      "领导人姓名": "赵晨光",
      "职位描述": "副总经理",
      "期初持股数": "0",
      "期末持股数": "0",
      "间接持股数": "",
      "从公司获得年度报酬总额": "408100",
      "补贴津贴": "",
      "变动原因说明": "0",
      "是否在股东或关联单位领取报酬津贴": "否",
      "在任与否": "是"
    },
    {
      "领导人姓名": "王卫新",
      "职位描述": "副总经理",
      "期初持股数": "0",
      "期末持股数": "0",
      "间接持股数": "",
      "从公司获得年度报酬总额": "408100",
      "补贴津贴": "",
      "变动原因说明": "0",
      "是否在股东或关联单位领取报酬津贴": "否",
      "在任与否": "是"
    },
    {
      "领导人姓名": "郝秀花",
      "职位描述": "副总经理",
      "期初持股数": "0",
      "期末持股数": "0",
      "间接持股数": "",
      "从公司获得年度报酬总额": "408200",
      "补贴津贴": "",
      "变动原因说明": "0",
      "是否在股东或关联单位领取报酬津贴": "否",
      "在任与否": "是"
    },
    {
      "领导人姓名": "杜雅洁",
      "职位描述": "董事会秘书",
      "期初持股数": "0",
      "期末持股数": "0",
      "间接持股数": "",
      "从公司获得年度报酬总额": "497300",
      "补贴津贴": "",
      "变动原因说明": "0",
      "是否在股东或关联单位领取报酬津贴": "否",
      "在任与否": "是"
    }
  ]
}

=== 603519-2026-04-18-立霸股份-2025年年度报告.pdf ===
{
  "Leader_Salary_data": {
    "实际所得报酬总额起始": "5601400",
    "实际所得报酬总额截止": "5601400",
    "实际所得报酬总额涉及人数": ""
  },
  "Leader_Hold_data": [
    {
      "领导人姓名": "卢凤仙",
      "职位描述": "董事长、总经理",
      "期初持股数": "69039049",
      "期末持股数": "69039049",
      "间接持股数": "",
      "从公司获得年度报酬总额": "620000",
      "补贴津贴": "",
      "变动原因说明": "",
      "是否在股东或关联单位领取报酬津贴": "否",
      "在任与否": "否"
    },
    {
      "领导人姓名": "周昊",
      "职位描述": "董事长",
      "期初持股数": "",
      "期末持股数": "",
      "间接持股数": "",
      "从公司获得年度报酬总额": "1500000",
      "补贴津贴": "",
      "变动原因说明": "",
      "是否在股东或关联单位领取报酬津贴": "否",
      "在任与否": "是"
    },
    {
      "领导人姓名": "宋剑锐",
      "职位描述": "董事长、总经理",
      "期初持股数": "",
      "期末持股数": "",
      "间接持股数": "",
      "从公司获得年度报酬总额": "17300",
      "补贴津贴": "",
      "变动原因说明": "",
      "是否在股东或关联单位领取报酬津贴": "否",
      "在任与否": "否"
    },
    {
      "领导人姓名": "孙为军",
      "职位描述": "董事",
      "期初持股数": "",
      "期末持股数": "",
      "间接持股数": "",
      "从公司获得年度报酬总额": "0",
      "补贴津贴": "",
      "变动原因说明": "",
      "是否在股东或关联单位领取报酬津贴": "是",
      "在任与否": "是"
    },
    {
      "领导人姓名": "刘伟",
      "职位描述": "董事",
      "期初持股数": "",
      "期末持股数": "",
      "间接持股数": "",
      "从公司获得年度报酬总额": "0",
      "补贴津贴": "",
      "变动原因说明": "",
      "是否在股东或关联单位领取报酬津贴": "是",
      "在任与否": "是"
    },
    {
      "领导人姓名": "吴志忠",
      "职位描述": "董事",
      "期初持股数": "",
      "期末持股数": "",
      "间接持股数": "",
      "从公司获得年度报酬总额": "420000",
      "补贴津贴": "",
      "变动原因说明": "",
      "是否在股东或关联单位领取报酬津贴": "否",
      "在任与否": "是"
    },
    {
      "领导人姓名": "汪晓东",
      "职位描述": "独立董事",
      "期初持股数": "",
      "期末持股数": "",
      "间接持股数": "",
      "从公司获得年度报酬总额": "120000",
      "补贴津贴": "",
      "变动原因说明": "",
      "是否在股东或关联单位领取报酬津贴": "否",
      "在任与否": "是"
    },
    {
      "领导人姓名": "夏维剑",
      "职位描述": "独立董事",
      "期初持股数": "",
      "期末持股数": "",
      "间接持股数": "",
      "从公司获得年度报酬总额": "120000",
      "补贴津贴": "",
      "变动原因说明": "",
      "是否在股东或关联单位领取报酬津贴": "否",
      "在任与否": "是"
    },
    {
      "领导人姓名": "益智",
      "职位描述": "独立董事",
      "期初持股数": "",
      "期末持股数": "",
      "间接持股数": "",
      "从公司获得年度报酬总额": "120000",
      "补贴津贴": "",
      "变动原因说明": "",
      "是否在股东或关联单位领取报酬津贴": "否",
      "在任与否": "否"
    },
    {
      "领导人姓名": "宁敖",
      "职位描述": "独立董事",
      "期初持股数": "",
      "期末持股数": "",
      "间接持股数": "",
      "从公司获得年度报酬总额": "0",
      "补贴津贴": "",
      "变动原因说明": "",
      "是否在股东或关联单位领取报酬津贴": "否",
      "在任与否": "是"
    },
    {
      "领导人姓名": "韦刚",
      "职位描述": "总经理",
      "期初持股数": "",
      "期末持股数": "",
      "间接持股数": "",
      "从公司获得年度报酬总额": "501300",
      "补贴津贴": "",
      "变动原因说明": "",
      "是否在股东或关联单位领取报酬津贴": "否",
      "在任与否": "是"
    },
    {
      "领导人姓名": "杨敏",
      "职位描述": "财务负责人",
      "期初持股数": "",
      "期末持股数": "",
      "间接持股数": "",
      "从公司获得年度报酬总额": "717600",
      "补贴津贴": "",
      "变动原因说明": "",
      "是否在股东或关联单位领取报酬津贴": "否",
      "在任与否": "是"
    },
    {
      "领导人姓名": "徐月霞",
      "职位描述": "副总经理",
      "期初持股数": "",
      "期末持股数": "",
      "间接持股数": "",
      "从公司获得年度报酬总额": "747600",
      "补贴津贴": "",
      "变动原因说明": "",
      "是否在股东或关联单位领取报酬津贴": "否",
      "在任与否": "否"
    },
    {
      "领导人姓名": "顾春兰",
      "职位描述": "董事会秘书",
      "期初持股数": "",
      "期末持股数": "",
      "间接持股数": "",
      "从公司获得年度报酬总额": "717600",
      "补贴津贴": "",
      "变动原因说明": "",
      "是否在股东或关联单位领取报酬津贴": "否",
      "在任与否": "是"
    }
  ]
}

=== 603587-2026-04-18-地素时尚-地素时尚2025年年度报告.pdf ===
{
  "Leader_Salary_data": {
    "实际所得报酬总额起始": "11319200",
    "实际所得报酬总额截止": "11319200",
    "实际所得报酬总额涉及人数": ""
  },
  "Leader_Hold_data": [
    {
      "领导人姓名": "马瑞敏",
      "职位描述": "董事长、总经理",
      "期初持股数": "260295065",
      "期末持股数": "260295065",
      "间接持股数": "",
      "从公司获得年度报酬总额": "2152600",
      "补贴津贴": "",
      "变动原因说明": "",
      "是否在股东或关联单位领取报酬津贴": "否",
      "在任与否": "是"
    },
    {
      "领导人姓名": "马丽敏",
      "职位描述": "副董事长、副总经理",
      "期初持股数": "32640000",
      "期末持股数": "32640000",
      "间接持股数": "",
      "从公司获得年度报酬总额": "2597200",
      "补贴津贴": "",
      "变动原因说明": "",
      "是否在股东或关联单位领取报酬津贴": "否",
      "在任与否": "是"
    },
    {
      "领导人姓名": "马姝敏",
      "职位描述": "董事、副总经理",
      "期初持股数": "5653393",
      "期末持股数": "5653393",
      "间接持股数": "",
      "从公司获得年度报酬总额": "1524500",
      "补贴津贴": "",
      "变动原因说明": "",
      "是否在股东或关联单位领取报酬津贴": "否",
      "在任与否": "是"
    },
    {
      "领导人姓名": "江瀛",
      "职位描述": "董事",
      "期初持股数": "16378605",
      "期末持股数": "16378605",
      "间接持股数": "",
      "从公司获得年度报酬总额": "200700",
      "补贴津贴": "",
      "变动原因说明": "",
      "是否在股东或关联单位领取报酬津贴": "是",
      "在任与否": "是"
    },
    {
      "领导人姓名": "马艺芯",
      "职位描述": "董事、研发管理总监",
      "期初持股数": "48016296",
      "期末持股数": "48016296",
      "间接持股数": "",
      "从公司获得年度报酬总额": "1270000",
      "补贴津贴": "",
      "变动原因说明": "",
      "是否在股东或关联单位领取报酬津贴": "否",
      "在任与否": "是"
    },
    {
      "领导人姓名": "沈志春",
      "职位描述": "职工代表董事、董事会秘书",
      "期初持股数": "78000",
      "期末持股数": "48000",
      "间接持股数": "",
      "从公司获得年度报酬总额": "1465900",
      "补贴津贴": "",
      "变动原因说明": "2023年股票期权与限制性股票激励计划第二个解除限售期公司层面的业绩考核未达成，公司回购并注销激励对象已获授但尚未解除限售的限制性股票",
      "是否在股东或关联单位领取报酬津贴": "否",
      "在任与否": "是"
    },
    {
      "领导人姓名": "张纯",
      "职位描述": "原独立董事",
      "期初持股数": "0",
      "期末持股数": "0",
      "间接持股数": "",
      "从公司获得年度报酬总额": "75000",
      "补贴津贴": "",
      "变动原因说明": "",
      "是否在股东或关联单位领取报酬津贴": "否",
      "在任与否": "否"
    },
    {
      "领导人姓名": "李海波",
      "职位描述": "原独立董事",
      "期初持股数": "0",
      "期末持股数": "0",
      "间接持股数": "",
      "从公司获得年度报酬总额": "75000",
      "补贴津贴": "",
      "变动原因说明": "",
      "是否在股东或关联单位领取报酬津贴": "否",
      "在任与否": "否"
    },
    {
      "领导人姓名": "石维磊",
      "职位描述": "独立董事",
      "期初持股数": "0",
      "期末持股数": "0",
      "间接持股数": "",
      "从公司获得年度报酬总额": "180000",
      "补贴津贴": "",
      "变动原因说明": "",
      "是否在股东或关联单位领取报酬津贴": "否",
      "在任与否": "是"
    },
    {
      "领导人姓名": "范徵",
      "职位描述": "独立董事",
      "期初持股数": "0",
      "期末持股数": "0",
      "间接持股数": "",
      "从公司获得年度报酬总额": "105000",
      "补贴津贴": "",
      "变动原因说明": "",
      "是否在股东或关联单位领取报酬津贴": "否",
      "在任与否": "是"
    },
    {
      "领导人姓名": "李平",
      "职位描述": "独立董事",
      "期初持股数": "0",
      "期末持股数": "0",
      "间接持股数": "",
      "从公司获得年度报酬总额": "105000",
      "补贴津贴": "",
      "变动原因说明": "",
      "是否在股东或关联单位领取报酬津贴": "否",
      "在任与否": "是"
    },
    {
      "领导人姓名": "张俊",
      "职位描述": "财务总监",
      "期初持股数": "130000",
      "期末持股数": "80000",
      "间接持股数": "",
      "从公司获得年度报酬总额": "1568300",
      "补贴津贴": "",
      "变动原因说明": "2023年股票期权与限制性股票激励计划第二个解除限售期公司层面的业绩考核未达成，公司回购并注销激励对象已获授但尚未解除限售的限制性股票",
      "是否在股东或关联单位领取报酬津贴": "否",
      "在任与否": "是"
    }
  ]
}

=== 603060-2026-04-18-国检集团-国检集团2025年年度报告.pdf ===
{
  "Leader_Salary_data": {
    "实际所得报酬总额起始": "8720200",
    "实际所得报酬总额截止": "8720200",
    "实际所得报酬总额涉及人数": ""
  },
  "Leader_Hold_data": [
    {
      "领导人姓名": "朱连滨",
      "职位描述": "董事长",
      "期初持股数": "155759",
      "期末持股数": "155759",
      "间接持股数": "",
      "从公司获得年度报酬总额": "1264600",
      "补贴津贴": "",
      "变动原因说明": "",
      "是否在股东或关联单位领取报酬津贴": "否",
      "在任与否": "是"
    },
    {
      "领导人姓名": "杨槐",
      "职位描述": "独立董事",
      "期初持股数": "0",
      "期末持股数": "0",
      "间接持股数": "",
      "从公司获得年度报酬总额": "144000",
      "补贴津贴": "144000",
      "变动原因说明": "",
      "是否在股东或关联单位领取报酬津贴": "否",
      "在任与否": "是"
    },
    {
      "领导人姓名": "尹美群",
      "职位描述": "独立董事",
      "期初持股数": "0",
      "期末持股数": "0",
      "间接持股数": "",
      "从公司获得年度报酬总额": "144000",
      "补贴津贴": "144000",
      "变动原因说明": "",
      "是否在股东或关联单位领取报酬津贴": "否",
      "在任与否": "是"
    },
    {
      "领导人姓名": "秦永慧",
      "职位描述": "独立董事",
      "期初持股数": "0",
      "期末持股数": "0",
      "间接持股数": "",
      "从公司获得年度报酬总额": "144000",
      "补贴津贴": "144000",
      "变动原因说明": "",
      "是否在股东或关联单位领取报酬津贴": "否",
      "在任与否": "是"
    },
    {
      "领导人姓名": "陈璐",
      "职位描述": "董事、总经理",
      "期初持股数": "7920",
      "期末持股数": "7920",
      "间接持股数": "",
      "从公司获得年度报酬总额": "1187700",
      "补贴津贴": "",
      "变动原因说明": "",
      "是否在股东或关联单位领取报酬津贴": "否",
      "在任与否": "是"
    },
    {
      "领导人姓名": "王华",
      "职位描述": "董事",
      "期初持股数": "0",
      "期末持股数": "0",
      "间接持股数": "",
      "从公司获得年度报酬总额": "",
      "补贴津贴": "",
      "变动原因说明": "",
      "是否在股东或关联单位领取报酬津贴": "是",
      "在任与否": "是"
    },
    {
      "领导人姓名": "刘登林",
      "职位描述": "董事",
      "期初持股数": "0",
      "期末持股数": "0",
      "间接持股数": "",
      "从公司获得年度报酬总额": "",
      "补贴津贴": "",
      "变动原因说明": "",
      "是否在股东或关联单位领取报酬津贴": "是",
      "在任与否": "是"
    },
    {
      "领导人姓名": "权宗刚",
      "职位描述": "董事",
      "期初持股数": "0",
      "期末持股数": "0",
      "间接持股数": "",
      "从公司获得年度报酬总额": "",
      "补贴津贴": "",
      "变动原因说明": "",
      "是否在股东或关联单位领取报酬津贴": "是",
      "在任与否": "是"
    },
    {
      "领导人姓名": "贺朝栋",
      "职位描述": "职工董事",
      "期初持股数": "0",
      "期末持股数": "0",
      "间接持股数": "",
      "从公司获得年度报酬总额": "954700",
      "补贴津贴": "",
      "变动原因说明": "",
      "是否在股东或关联单位领取报酬津贴": "否",
      "在任与否": "是"
    },
    {
      "领导人姓名": "张继军",
      "职位描述": "副总经理、总法律顾问、首席合规官",
      "期初持股数": "0",
      "期末持股数": "0",
      "间接持股数": "",
      "从公司获得年度报酬总额": "988100",
      "补贴津贴": "",
      "变动原因说明": "",
      "是否在股东或关联单位领取报酬津贴": "否",
      "在任与否": "是"
    },
    {
      "领导人姓名": "杨京红",
      "职位描述": "财务总监",
      "期初持股数": "1552",
      "期末持股数": "1552",
      "间接持股数": "",
      "从公司获得年度报酬总额": "964700",
      "补贴津贴": "",
      "变动原因说明": "",
      "是否在股东或关联单位领取报酬津贴": "否",
      "在任与否": "是"
    },
    {
      "领导人姓名": "宋开森",
      "职位描述": "副总经理、董事会秘书",
      "期初持股数": "142671",
      "期末持股数": "142671",
      "间接持股数": "",
      "从公司获得年度报酬总额": "884500",
      "补贴津贴": "",
      "变动原因说明": "",
      "是否在股东或关联单位领取报酬津贴": "否",
      "在任与否": "是"
    },
    {
      "领导人姓名": "张庆华",
      "职位描述": "副总经理",
      "期初持股数": "151019",
      "期末持股数": "151019",
      "间接持股数": "",
      "从公司获得年度报酬总额": "936200",
      "补贴津贴": "",
      "变动原因说明": "",
      "是否在股东或关联单位领取报酬津贴": "否",
      "在任与否": "是"
    },
    {
      "领导人姓名": "张永贵",
      "职位描述": "副总经理",
      "期初持股数": "73273",
      "期末持股数": "73273",
      "间接持股数": "",
      "从公司获得年度报酬总额": "805300",
      "补贴津贴": "",
      "变动原因说明": "",
      "是否在股东或关联单位领取报酬津贴": "否",
      "在任与否": "是"
    },
    {
      "领导人姓名": "佟立金",
      "职位描述": "原任董事",
      "期初持股数": "0",
      "期末持股数": "0",
      "间接持股数": "",
      "从公司获得年度报酬总额": "",
      "补贴津贴": "",
      "变动原因说明": "",
      "是否在股东或关联单位领取报酬津贴": "是",
      "在任与否": "否"
    },
    {
      "领导人姓名": "李桂金",
      "职位描述": "原任董事",
      "期初持股数": "0",
      "期末持股数": "0",
      "间接持股数": "",
      "从公司获得年度报酬总额": "",
      "补贴津贴": "",
      "变动原因说明": "",
      "是否在股东或关联单位领取报酬津贴": "是",
      "在任与否": "否"
    },
    {
      "领导人姓名": "杨娟",
      "职位描述": "原任监事会主席",
      "期初持股数": "51227",
      "期末持股数": "51227",
      "间接持股数": "",
      "从公司获得年度报酬总额": "",
      "补贴津贴": "",
      "变动原因说明": "",
      "是否在股东或关联单位领取报酬津贴": "是",
      "在任与否": "否"
    },
    {
      "领导人姓名": "王健",
      "职位描述": "原任监事",
      "期初持股数": "0",
      "期末持股数": "0",
      "间接持股数": "",
      "从公司获得年度报酬总额": "",
      "补贴津贴": "",
      "变动原因说明": "",
      "是否在股东或关联单位领取报酬津贴": "是",
      "在任与否": "否"
    },
    {
      "领导人姓名": "李虎",
      "职位描述": "原任监事",
      "期初持股数": "0",
      "期末持股数": "0",
      "间接持股数": "",
      "从公司获得年度报酬总额": "",
      "补贴津贴": "",
      "变动原因说明": "",
      "是否在股东或关联单位领取报酬津贴": "是",
      "在任与否": "否"
    },
    {
      "领导人姓名": "黄小楼",
      "职位描述": "原任职工监事",
      "期初持股数": "52180",
      "期末持股数": "52180",
      "间接持股数": "",
      "从公司获得年度报酬总额": "150000",
      "补贴津贴": "",
      "变动原因说明": "",
      "是否在股东或关联单位领取报酬津贴": "否",
      "在任与否": "否"
    },
    {
      "领导人姓名": "刘婷婷",
      "职位描述": "原任职工监事",
      "期初持股数": "0",
      "期末持股数": "0",
      "间接持股数": "",
      "从公司获得年度报酬总额": "152400",
      "补贴津贴": "",
      "变动原因说明": "",
      "是否在股东或关联单位领取报酬津贴": "否",
      "在任与否": "否"
    }
  ]
}

=== 603568-2026-04-18-伟明环保-伟明环保2025年年度报告.pdf ===
{
  "Leader_Salary_data": {
    "实际所得报酬总额起始": "13628300",
    "实际所得报酬总额截止": "13628300",
    "实际所得报酬总额涉及人数": ""
  },
  "Leader_Hold_data": [
    {
      "领导人姓名": "项光明",
      "职位描述": "董事长、总裁",
      "期初持股数": "170630782",
      "期末持股数": "170630782",
      "间接持股数": "",
      "从公司获得年度报酬总额": "1265500",
      "补贴津贴": "",
      "变动原因说明": "",
      "是否在股东或关联单位领取报酬津贴": "否",
      "在任与否": "是"
    },
    {
      "领导人姓名": "朱善银",
      "职位描述": "副董事长",
      "期初持股数": "48196645",
      "期末持股数": "48196645",
      "间接持股数": "",
      "从公司获得年度报酬总额": "1221300",
      "补贴津贴": "",
      "变动原因说明": "",
      "是否在股东或关联单位领取报酬津贴": "否",
      "在任与否": "是"
    },
    {
      "领导人姓名": "陈革",
      "职位描述": "董事、副总裁",
      "期初持股数": "5943441",
      "期末持股数": "5943441",
      "间接持股数": "",
      "从公司获得年度报酬总额": "1107600",
      "补贴津贴": "",
      "变动原因说明": "",
      "是否在股东或关联单位领取报酬津贴": "否",
      "在任与否": "是"
    },
    {
      "领导人姓名": "朱善玉",
      "职位描述": "董事",
      "期初持股数": "53286983",
      "期末持股数": "45506983",
      "间接持股数": "",
      "从公司获得年度报酬总额": "420000",
      "补贴津贴": "",
      "变动原因说明": "个人资金需求",
      "是否在股东或关联单位领取报酬津贴": "否",
      "在任与否": "是"
    },
    {
      "领导人姓名": "项鹏宇",
      "职位描述": "董事、副总裁",
      "期初持股数": "3900000",
      "期末持股数": "3900000",
      "间接持股数": "",
      "从公司获得年度报酬总额": "1554800",
      "补贴津贴": "",
      "变动原因说明": "",
      "是否在股东或关联单位领取报酬津贴": "是",
      "在任与否": "是"
    },
    {
      "领导人姓名": "项奕豪",
      "职位描述": "董事、副总裁",
      "期初持股数": "3900000",
      "期末持股数": "3900000",
      "间接持股数": "",
      "从公司获得年度报酬总额": "1857800",
      "补贴津贴": "",
      "变动原因说明": "",
      "是否在股东或关联单位领取报酬津贴": "否",
      "在任与否": "是"
    },
    {
      "领导人姓名": "李玉燕",
      "职位描述": "职工董事",
      "期初持股数": "0",
      "期末持股数": "0",
      "间接持股数": "",
      "从公司获得年度报酬总额": "539300",
      "补贴津贴": "",
      "变动原因说明": "",
      "是否在股东或关联单位领取报酬津贴": "否",
      "在任与否": "是"
    },
    {
      "领导人姓名": "李莫愁",
      "职位描述": "独立董事",
      "期初持股数": "0",
      "期末持股数": "0",
      "间接持股数": "",
      "从公司获得年度报酬总额": "180000",
      "补贴津贴": "",
      "变动原因说明": "",
      "是否在股东或关联单位领取报酬津贴": "否",
      "在任与否": "是"
    },
    {
      "领导人姓名": "李光明",
      "职位描述": "独立董事",
      "期初持股数": "0",
      "期末持股数": "0",
      "间接持股数": "",
      "从公司获得年度报酬总额": "180000",
      "补贴津贴": "",
      "变动原因说明": "",
      "是否在股东或关联单位领取报酬津贴": "否",
      "在任与否": "是"
    },
    {
      "领导人姓名": "章剑生",
      "职位描述": "独立董事",
      "期初持股数": "0",
      "期末持股数": "0",
      "间接持股数": "",
      "从公司获得年度报酬总额": "180000",
      "补贴津贴": "",
      "变动原因说明": "",
      "是否在股东或关联单位领取报酬津贴": "否",
      "在任与否": "是"
    },
    {
      "领导人姓名": "余明阳",
      "职位描述": "独立董事",
      "期初持股数": "0",
      "期末持股数": "0",
      "间接持股数": "",
      "从公司获得年度报酬总额": "21000",
      "补贴津贴": "",
      "变动原因说明": "",
      "是否在股东或关联单位领取报酬津贴": "否",
      "在任与否": "是"
    },
    {
      "领导人姓名": "程鹏",
      "职位描述": "副总裁、财务总监、董事会秘书",
      "期初持股数": "4607938",
      "期末持股数": "4607938",
      "间接持股数": "",
      "从公司获得年度报酬总额": "1227600",
      "补贴津贴": "",
      "变动原因说明": "",
      "是否在股东或关联单位领取报酬津贴": "否",
      "在任与否": "是"
    },
    {
      "领导人姓名": "章小建",
      "职位描述": "副总裁",
      "期初持股数": "11164501",
      "期末持股数": "9606501",
      "间接持股数": "",
      "从公司获得年度报酬总额": "866800",
      "补贴津贴": "",
      "变动原因说明": "个人资金需求",
      "是否在股东或关联单位领取报酬津贴": "否",
      "在任与否": "是"
    },
    {
      "领导人姓名": "程五良",
      "职位描述": "副总裁",
      "期初持股数": "2100845",
      "期末持股数": "2100845",
      "间接持股数": "",
      "从公司获得年度报酬总额": "1143900",
      "补贴津贴": "",
      "变动原因说明": "",
      "是否在股东或关联单位领取报酬津贴": "否",
      "在任与否": "是"
    },
    {
      "领导人姓名": "朱达海",
      "职位描述": "副总裁",
      "期初持股数": "13089229",
      "期末持股数": "13089229",
      "间接持股数": "",
      "从公司获得年度报酬总额": "915600",
      "补贴津贴": "",
      "变动原因说明": "",
      "是否在股东或关联单位领取报酬津贴": "否",
      "在任与否": "是"
    },
    {
      "领导人姓名": "李凌",
      "职位描述": "副总裁",
      "期初持股数": "243080",
      "期末持股数": "243080",
      "间接持股数": "",
      "从公司获得年度报酬总额": "915600",
      "补贴津贴": "",
      "变动原因说明": "",
      "是否在股东或关联单位领取报酬津贴": "否",
      "在任与否": "是"
    },
    {
      "领导人姓名": "李建勇",
      "职位描述": "副总裁",
      "期初持股数": "1273252",
      "期末持股数": "1195445",
      "间接持股数": "",
      "从公司获得年度报酬总额": "31500",
      "补贴津贴": "",
      "变动原因说明": "个人资金需求",
      "是否在股东或关联单位领取报酬津贴": "否",
      "在任与否": "否"
    }
  ]
}

=== 603706-2026-04-20-东方环宇-东方环宇2025年年度报告.pdf ===
{
  "Leader_Salary_data": {
    "实际所得报酬总额起始": "4504800",
    "实际所得报酬总额截止": "4504800",
    "实际所得报酬总额涉及人数": ""
  },
  "Leader_Hold_data": [
    {
      "领导人姓名": "李明",
      "职位描述": "董事长",
      "期初持股数": "62399588",
      "期末持股数": "62399588",
      "间接持股数": "",
      "从公司获得年度报酬总额": "1167400",
      "补贴津贴": "",
      "变动原因说明": "",
      "是否在股东或关联单位领取报酬津贴": "是",
      "在任与否": "是"
    },
    {
      "领导人姓名": "田荣江",
      "职位描述": "副董事长、总经理",
      "期初持股数": "876600",
      "期末持股数": "876600",
      "间接持股数": "",
      "从公司获得年度报酬总额": "879800",
      "补贴津贴": "",
      "变动原因说明": "",
      "是否在股东或关联单位领取报酬津贴": "否",
      "在任与否": "是"
    },
    {
      "领导人姓名": "陈思武",
      "职位描述": "董事、副总经理",
      "期初持股数": "243300",
      "期末持股数": "243300",
      "间接持股数": "",
      "从公司获得年度报酬总额": "565300",
      "补贴津贴": "",
      "变动原因说明": "",
      "是否在股东或关联单位领取报酬津贴": "否",
      "在任与否": "是"
    },
    {
      "领导人姓名": "李伟伟",
      "职位描述": "董事、副总经理",
      "期初持股数": "12848067",
      "期末持股数": "12848067",
      "间接持股数": "",
      "从公司获得年度报酬总额": "441600",
      "补贴津贴": "",
      "变动原因说明": "",
      "是否在股东或关联单位领取报酬津贴": "否",
      "在任与否": "是"
    },
    {
      "领导人姓名": "田佳",
      "职位描述": "董事、财务总监",
      "期初持股数": "250000",
      "期末持股数": "250000",
      "间接持股数": "",
      "从公司获得年度报酬总额": "429700",
      "补贴津贴": "",
      "变动原因说明": "",
      "是否在股东或关联单位领取报酬津贴": "否",
      "在任与否": "是"
    },
    {
      "领导人姓名": "董军",
      "职位描述": "董事",
      "期初持股数": "150000",
      "期末持股数": "150000",
      "间接持股数": "",
      "从公司获得年度报酬总额": "426500",
      "补贴津贴": "",
      "变动原因说明": "",
      "是否在股东或关联单位领取报酬津贴": "否",
      "在任与否": "是"
    },
    {
      "领导人姓名": "曾玉波",
      "职位描述": "独立董事",
      "期初持股数": "",
      "期末持股数": "",
      "间接持股数": "",
      "从公司获得年度报酬总额": "60000",
      "补贴津贴": "",
      "变动原因说明": "",
      "是否在股东或关联单位领取报酬津贴": "否",
      "在任与否": "是"
    },
    {
      "领导人姓名": "范敏燕",
      "职位描述": "独立董事",
      "期初持股数": "",
      "期末持股数": "",
      "间接持股数": "",
      "从公司获得年度报酬总额": "60000",
      "补贴津贴": "",
      "变动原因说明": "",
      "是否在股东或关联单位领取报酬津贴": "否",
      "在任与否": "是"
    },
    {
      "领导人姓名": "刘安萍",
      "职位描述": "独立董事",
      "期初持股数": "",
      "期末持股数": "",
      "间接持股数": "",
      "从公司获得年度报酬总额": "60000",
      "补贴津贴": "",
      "变动原因说明": "",
      "是否在股东或关联单位领取报酬津贴": "否",
      "在任与否": "是"
    },
    {
      "领导人姓名": "周静",
      "职位描述": "董事会秘书",
      "期初持股数": "86000",
      "期末持股数": "86000",
      "间接持股数": "",
      "从公司获得年度报酬总额": "414500",
      "补贴津贴": "",
      "变动原因说明": "",
      "是否在股东或关联单位领取报酬津贴": "否",
      "在任与否": "是"
    }
  ]
}

=== 603053-2026-04-18-成都燃气-成都燃气2025年年度报告.pdf ===
{
  "Leader_Salary_data": {
    "实际所得报酬总额起始": "",
    "实际所得报酬总额截止": "",
    "实际所得报酬总额涉及人数": ""
  },
  "Leader_Hold_data": [
    {
      "领导人姓名": "王柄皓",
      "职位描述": "董事长",
      "期初持股数": "0",
      "期末持股数": "0",
      "间接持股数": "",
      "从公司获得年度报酬总额": "1327800",
      "补贴津贴": "",
      "变动原因说明": "",
      "是否在股东或关联单位领取报酬津贴": "否",
      "在任与否": "是"
    },
    {
      "领导人姓名": "王礼全",
      "职位描述": "副董事长、总经理",
      "期初持股数": "0",
      "期末持股数": "0",
      "间接持股数": "",
      "从公司获得年度报酬总额": "1108700",
      "补贴津贴": "",
      "变动原因说明": "",
      "是否在股东或关联单位领取报酬津贴": "否",
      "在任与否": "是"
    },
    {
      "领导人姓名": "周昕",
      "职位描述": "董事",
      "期初持股数": "0",
      "期末持股数": "0",
      "间接持股数": "",
      "从公司获得年度报酬总额": "0",
      "补贴津贴": "",
      "变动原因说明": "",
      "是否在股东或关联单位领取报酬津贴": "是",
      "在任与否": "是"
    },
    {
      "领导人姓名": "邵晓峰",
      "职位描述": "董事",
      "期初持股数": "0",
      "期末持股数": "0",
      "间接持股数": "",
      "从公司获得年度报酬总额": "0",
      "补贴津贴": "",
      "变动原因说明": "",
      "是否在股东或关联单位领取报酬津贴": "是",
      "在任与否": "是"
    },
    {
      "领导人姓名": "王钟贤",
      "职位描述": "董事",
      "期初持股数": "0",
      "期末持股数": "0",
      "间接持股数": "",
      "从公司获得年度报酬总额": "0",
      "补贴津贴": "",
      "变动原因说明": "",
      "是否在股东或关联单位领取报酬津贴": "是",
      "在任与否": "是"
    },
    {
      "领导人姓名": "徐林",
      "职位描述": "董事",
      "期初持股数": "0",
      "期末持股数": "0",
      "间接持股数": "",
      "从公司获得年度报酬总额": "0",
      "补贴津贴": "",
      "变动原因说明": "",
      "是否在股东或关联单位领取报酬津贴": "是",
      "在任与否": "是"
    },
    {
      "领导人姓名": "宋雪雪",
      "职位描述": "董事",
      "期初持股数": "40769",
      "期末持股数": "40769",
      "间接持股数": "",
      "从公司获得年度报酬总额": "386400",
      "补贴津贴": "",
      "变动原因说明": "",
      "是否在股东或关联单位领取报酬津贴": "否",
      "在任与否": "是"
    },
    {
      "领导人姓名": "刘军",
      "职位描述": "职工代表董事、副总经理",
      "期初持股数": "0",
      "期末持股数": "0",
      "间接持股数": "",
      "从公司获得年度报酬总额": "272600",
      "补贴津贴": "",
      "变动原因说明": "",
      "是否在股东或关联单位领取报酬津贴": "否",
      "在任与否": "是"
    },
    {
      "领导人姓名": "李华清",
      "职位描述": "独立董事",
      "期初持股数": "0",
      "期末持股数": "0",
      "间接持股数": "",
      "从公司获得年度报酬总额": "80000",
      "补贴津贴": "80000",
      "变动原因说明": "",
      "是否在股东或关联单位领取报酬津贴": "否",
      "在任与否": "是"
    },
    {
      "领导人姓名": "陈浩文",
      "职位描述": "独立董事",
      "期初持股数": "0",
      "期末持股数": "0",
      "间接持股数": "",
      "从公司获得年度报酬总额": "80000",
      "补贴津贴": "80000",
      "变动原因说明": "",
      "是否在股东或关联单位领取报酬津贴": "否",
      "在任与否": "是"
    },
    {
      "领导人姓名": "叶勇",
      "职位描述": "独立董事",
      "期初持股数": "0",
      "期末持股数": "0",
      "间接持股数": "",
      "从公司获得年度报酬总额": "80000",
      "补贴津贴": "80000",
      "变动原因说明": "",
      "是否在股东或关联单位领取报酬津贴": "否",
      "在任与否": "是"
    },
    {
      "领导人姓名": "李建勋",
      "职位描述": "独立董事",
      "期初持股数": "0",
      "期末持股数": "0",
      "间接持股数": "",
      "从公司获得年度报酬总额": "80000",
      "补贴津贴": "80000",
      "变动原因说明": "",
      "是否在股东或关联单位领取报酬津贴": "否",
      "在任与否": "是"
    },
    {
      "领导人姓名": "吴家正",
      "职位描述": "独立董事",
      "期初持股数": "0",
      "期末持股数": "0",
      "间接持股数": "",
      "从公司获得年度报酬总额": "80000",
      "补贴津贴": "80000",
      "变动原因说明": "",
      "是否在股东或关联单位领取报酬津贴": "否",
      "在任与否": "是"
    },
    {
      "领导人姓名": "杨楠",
      "职位描述": "纪委书记",
      "期初持股数": "0",
      "期末持股数": "0",
      "间接持股数": "",
      "从公司获得年度报酬总额": "0",
      "补贴津贴": "",
      "变动原因说明": "",
      "是否在股东或关联单位领取报酬津贴": "否",
      "在任与否": "是"
    },
    {
      "领导人姓名": "高文",
      "职位描述": "副总经理",
      "期初持股数": "0",
      "期末持股数": "0",
      "间接持股数": "",
      "从公司获得年度报酬总额": "529100",
      "补贴津贴": "",
      "变动原因说明": "",
      "是否在股东或关联单位领取报酬津贴": "否",
      "在任与否": "是"
    },
    {
      "领导人姓名": "曾涛",
      "职位描述": "副总经理",
      "期初持股数": "0",
      "期末持股数": "0",
      "间接持股数": "",
      "从公司获得年度报酬总额": "272600",
      "补贴津贴": "",
      "变动原因说明": "",
      "是否在股东或关联单位领取报酬津贴": "否",
      "在任与否": "是"
    },
    {
      "领导人姓名": "潘强",
      "职位描述": "副总经理",
      "期初持股数": "0",
      "期末持股数": "0",
      "间接持股数": "",
      "从公司获得年度报酬总额": "828600",
      "补贴津贴": "",
      "变动原因说明": "",
      "是否在股东或关联单位领取报酬津贴": "否",
      "在任与否": "是"
    },
    {
      "领导人姓名": "杨剑峰",
      "职位描述": "董事会秘书",
      "期初持股数": "65007",
      "期末持股数": "65007",
      "间接持股数": "",
      "从公司获得年度报酬总额": "267200",
      "补贴津贴": "",
      "变动原因说明": "",
      "是否在股东或关联单位领取报酬津贴": "否",
      "在任与否": "是"
    },
    {
      "领导人姓名": "郭诚",
      "职位描述": "副总经理",
      "期初持股数": "63269",
      "期末持股数": "63269",
      "间接持股数": "",
      "从公司获得年度报酬总额": "642500",
      "补贴津贴": "",
      "变动原因说明": "",
      "是否在股东或关联单位领取报酬津贴": "否",
      "在任与否": "否"
    },
    {
      "领导人姓名": "霍志昌",
      "职位描述": "监事会主席",
      "期初持股数": "0",
      "期末持股数": "0",
      "间接持股数": "",
      "从公司获得年度报酬总额": "0",
      "补贴津贴": "",
      "变动原因说明": "",
      "是否在股东或关联单位领取报酬津贴": "是",
      "在任与否": "否"
    },
    {
      "领导人姓名": "赵青海",
      "职位描述": "监事",
      "期初持股数": "0",
      "期末持股数": "0",
      "间接持股数": "",
      "从公司获得年度报酬总额": "0",
      "补贴津贴": "",
      "变动原因说明": "",
      "是否在股东或关联单位领取报酬津贴": "是",
      "在任与否": "否"
    },
    {
      "领导人姓名": "白宏磊",
      "职位描述": "监事",
      "期初持股数": "0",
      "期末持股数": "0",
      "间接持股数": "",
      "从公司获得年度报酬总额": "0",
      "补贴津贴": "",
      "变动原因说明": "",
      "是否在股东或关联单位领取报酬津贴": "是",
      "在任与否": "否"
    },
    {
      "领导人姓名": "杨晓明",
      "职位描述": "职工监事",
      "期初持股数": "0",
      "期末持股数": "0",
      "间接持股数": "",
      "从公司获得年度报酬总额": "176400",
      "补贴津贴": "",
      "变动原因说明": "",
      "是否在股东或关联单位领取报酬津贴": "否",
      "在任与否": "否"
    },
    {
      "领导人姓名": "吴彬彬",
      "职位描述": "职工监事",
      "期初持股数": "0",
      "期末持股数": "0",
      "间接持股数": "",
      "从公司获得年度报酬总额": "242400",
      "补贴津贴": "",
      "变动原因说明": "",
      "是否在股东或关联单位领取报酬津贴": "否",
      "在任与否": "否"
    },
    {
      "领导人姓名": "项君",
      "职位描述": "董事",
      "期初持股数": "0",
      "期末持股数": "0",
      "间接持股数": "",
      "从公司获得年度报酬总额": "0",
      "补贴津贴": "",
      "变动原因说明": "",
      "是否在股东或关联单位领取报酬津贴": "是",
      "在任与否": "否"
    },
    {
      "领导人姓名": "杨从善",
      "职位描述": "纪委书记",
      "期初持股数": "0",
      "期末持股数": "0",
      "间接持股数": "",
      "从公司获得年度报酬总额": "853400",
      "补贴津贴": "",
      "变动原因说明": "",
      "是否在股东或关联单位领取报酬津贴": "否",
      "在任与否": "否"
    }
  ]
}

=== 603610-2026-04-18-麒盛科技-2025年年度报告.pdf ===
{
  "Leader_Salary_data": {
    "实际所得报酬总额起始": "8206100",
    "实际所得报酬总额截止": "8206100",
    "实际所得报酬总额涉及人数": ""
  },
  "Leader_Hold_data": [
    {
      "领导人姓名": "黄小卫",
      "职位描述": "董事长、总经理",
      "期初持股数": "25154500",
      "期末持股数": "25154500",
      "间接持股数": "",
      "从公司获得年度报酬总额": "2276700",
      "补贴津贴": "",
      "变动原因说明": "",
      "是否在股东或关联单位领取报酬津贴": "否",
      "在任与否": "是"
    },
    {
      "领导人姓名": "唐颖",
      "职位描述": "董事",
      "期初持股数": "3211365",
      "期末持股数": "3211365",
      "间接持股数": "",
      "从公司获得年度报酬总额": "748500",
      "补贴津贴": "",
      "变动原因说明": "",
      "是否在股东或关联单位领取报酬津贴": "否",
      "在任与否": "是"
    },
    {
      "领导人姓名": "徐建春",
      "职位描述": "职工代表董事",
      "期初持股数": "34407493",
      "期末持股数": "34407493",
      "间接持股数": "",
      "从公司获得年度报酬总额": "298600",
      "补贴津贴": "",
      "变动原因说明": "",
      "是否在股东或关联单位领取报酬津贴": "否",
      "在任与否": "是"
    },
    {
      "领导人姓名": "于团叶",
      "职位描述": "独立董事",
      "期初持股数": "0",
      "期末持股数": "0",
      "间接持股数": "",
      "从公司获得年度报酬总额": "6700",
      "补贴津贴": "",
      "变动原因说明": "",
      "是否在股东或关联单位领取报酬津贴": "否",
      "在任与否": "是"
    },
    {
      "领导人姓名": "郑云瑞",
      "职位描述": "独立董事",
      "期初持股数": "0",
      "期末持股数": "0",
      "间接持股数": "",
      "从公司获得年度报酬总额": "6700",
      "补贴津贴": "",
      "变动原因说明": "",
      "是否在股东或关联单位领取报酬津贴": "否",
      "在任与否": "是"
    },
    {
      "领导人姓名": "张诚",
      "职位描述": "独立董事",
      "期初持股数": "0",
      "期末持股数": "0",
      "间接持股数": "",
      "从公司获得年度报酬总额": "52500",
      "补贴津贴": "",
      "变动原因说明": "",
      "是否在股东或关联单位领取报酬津贴": "否",
      "在任与否": "是"
    },
    {
      "领导人姓名": "陈艮雷",
      "职位描述": "副总经理",
      "期初持股数": "1246929",
      "期末持股数": "935929",
      "间接持股数": "",
      "从公司获得年度报酬总额": "1716000",
      "补贴津贴": "",
      "变动原因说明": "个人资金需求",
      "是否在股东或关联单位领取报酬津贴": "否",
      "在任与否": "是"
    },
    {
      "领导人姓名": "王晓成",
      "职位描述": "财务总监、副总经理",
      "期初持股数": "0",
      "期末持股数": "0",
      "间接持股数": "",
      "从公司获得年度报酬总额": "1529700",
      "补贴津贴": "",
      "变动原因说明": "",
      "是否在股东或关联单位领取报酬津贴": "否",
      "在任与否": "是"
    },
    {
      "领导人姓名": "曹辉",
      "职位描述": "副总经理",
      "期初持股数": "0",
      "期末持股数": "0",
      "间接持股数": "",
      "从公司获得年度报酬总额": "1051000",
      "补贴津贴": "",
      "变动原因说明": "",
      "是否在股东或关联单位领取报酬津贴": "否",
      "在任与否": "是"
    },
    {
      "领导人姓名": "唐蒙恬",
      "职位描述": "董事会秘书",
      "期初持股数": "0",
      "期末持股数": "0",
      "间接持股数": "",
      "从公司获得年度报酬总额": "409700",
      "补贴津贴": "",
      "变动原因说明": "",
      "是否在股东或关联单位领取报酬津贴": "否",
      "在任与否": "是"
    },
    {
      "领导人姓名": "唐国海",
      "职位描述": "董事长",
      "期初持股数": "61811713",
      "期末持股数": "58361713",
      "间接持股数": "",
      "从公司获得年度报酬总额": "0",
      "补贴津贴": "",
      "变动原因说明": "个人资金需求",
      "是否在股东或关联单位领取报酬津贴": "否",
      "在任与否": "否"
    },
    {
      "领导人姓名": "周易",
      "职位描述": "独立董事",
      "期初持股数": "0",
      "期末持股数": "0",
      "间接持股数": "",
      "从公司获得年度报酬总额": "60000",
      "补贴津贴": "",
      "变动原因说明": "",
      "是否在股东或关联单位领取报酬津贴": "否",
      "在任与否": "否"
    },
    {
      "领导人姓名": "李荣华",
      "职位描述": "独立董事",
      "期初持股数": "0",
      "期末持股数": "0",
      "间接持股数": "",
      "从公司获得年度报酬总额": "50000",
      "补贴津贴": "",
      "变动原因说明": "",
      "是否在股东或关联单位领取报酬津贴": "否",
      "在任与否": "否"
    }
  ]
}

=== 603650-2026-04-18-彤程新材-彤程新材料集团股份有限公司2025年年度报告.pdf ===
{
  "Leader_Salary_data": {
    "实际所得报酬总额起始": "",
    "实际所得报酬总额截止": "",
    "实际所得报酬总额涉及人数": ""
  },
  "Leader_Hold_data": [
    {
      "领导人姓名": "ZHANG NING",
      "职位描述": "董事、董事长",
      "期初持股数": "837500",
      "期末持股数": "837500",
      "间接持股数": "",
      "从公司获得年度报酬总额": "1564300",
      "补贴津贴": "",
      "变动原因说明": "",
      "是否在股东或关联单位领取报酬津贴": "是",
      "在任与否": "是"
    },
    {
      "领导人姓名": "丁林",
      "职位描述": "董事、副董事长、总裁",
      "期初持股数": "100000",
      "期末持股数": "100000",
      "间接持股数": "",
      "从公司获得年度报酬总额": "5351800",
      "补贴津贴": "",
      "变动原因说明": "",
      "是否在股东或关联单位领取报酬津贴": "否",
      "在任与否": "是"
    },
    {
      "领导人姓名": "袁敏健",
      "职位描述": "董事、副总裁",
      "期初持股数": "150000",
      "期末持股数": "150000",
      "间接持股数": "",
      "从公司获得年度报酬总额": "1602800",
      "补贴津贴": "",
      "变动原因说明": "",
      "是否在股东或关联单位领取报酬津贴": "否",
      "在任与否": "是"
    },
    {
      "领导人姓名": "俞尧明",
      "职位描述": "董事、副总裁、财务负责人",
      "期初持股数": "120000",
      "期末持股数": "120000",
      "间接持股数": "",
      "从公司获得年度报酬总额": "1601700",
      "补贴津贴": "",
      "变动原因说明": "",
      "是否在股东或关联单位领取报酬津贴": "否",
      "在任与否": "是"
    },
    {
      "领导人姓名": "汤捷",
      "职位描述": "董事、副总裁",
      "期初持股数": "308540",
      "期末持股数": "308540",
      "间接持股数": "",
      "从公司获得年度报酬总额": "1403400",
      "补贴津贴": "",
      "变动原因说明": "",
      "是否在股东或关联单位领取报酬津贴": "否",
      "在任与否": "是"
    },
    {
      "领导人姓名": "李晓光",
      "职位描述": "董事",
      "期初持股数": "0",
      "期末持股数": "0",
      "间接持股数": "",
      "从公司获得年度报酬总额": "0",
      "补贴津贴": "",
      "变动原因说明": "",
      "是否在股东或关联单位领取报酬津贴": "否",
      "在任与否": "是"
    },
    {
      "领导人姓名": "Zhang Yun",
      "职位描述": "独立董事",
      "期初持股数": "0",
      "期末持股数": "0",
      "间接持股数": "",
      "从公司获得年度报酬总额": "120000",
      "补贴津贴": "",
      "变动原因说明": "",
      "是否在股东或关联单位领取报酬津贴": "否",
      "在任与否": "是"
    },
    {
      "领导人姓名": "蒋昌建",
      "职位描述": "独立董事",
      "期初持股数": "0",
      "期末持股数": "0",
      "间接持股数": "",
      "从公司获得年度报酬总额": "20000",
      "补贴津贴": "",
      "变动原因说明": "",
      "是否在股东或关联单位领取报酬津贴": "否",
      "在任与否": "是"
    },
    {
      "领导人姓名": "冯耀岭",
      "职位描述": "独立董事",
      "期初持股数": "0",
      "期末持股数": "0",
      "间接持股数": "",
      "从公司获得年度报酬总额": "120000",
      "补贴津贴": "",
      "变动原因说明": "",
      "是否在股东或关联单位领取报酬津贴": "否",
      "在任与否": "是"
    },
    {
      "领导人姓名": "徐重璞",
      "职位描述": "董事会秘书",
      "期初持股数": "0",
      "期末持股数": "0",
      "间接持股数": "",
      "从公司获得年度报酬总额": "175000",
      "补贴津贴": "",
      "变动原因说明": "",
      "是否在股东或关联单位领取报酬津贴": "否",
      "在任与否": "是"
    },
    {
      "领导人姓名": "周建辉",
      "职位描述": "董事、副董事长",
      "期初持股数": "0",
      "期末持股数": "0",
      "间接持股数": "",
      "从公司获得年度报酬总额": "653300",
      "补贴津贴": "",
      "变动原因说明": "",
      "是否在股东或关联单位领取报酬津贴": "否",
      "在任与否": "否"
    },
    {
      "领导人姓名": "吴胜武",
      "职位描述": "独立董事",
      "期初持股数": "0",
      "期末持股数": "0",
      "间接持股数": "",
      "从公司获得年度报酬总额": "100000",
      "补贴津贴": "",
      "变动原因说明": "",
      "是否在股东或关联单位领取报酬津贴": "否",
      "在任与否": "否"
    },
    {
      "领导人姓名": "郝锴",
      "职位描述": "副总裁、董事会秘书",
      "期初持股数": "50000",
      "期末持股数": "50000",
      "间接持股数": "",
      "从公司获得年度报酬总额": "1547600",
      "补贴津贴": "",
      "变动原因说明": "",
      "是否在股东或关联单位领取报酬津贴": "否",
      "在任与否": "否"
    }
  ]
}

=== 603836-2026-04-18-海程邦达-2025年年度报告.pdf ===
{
  "Leader_Salary_data": {
    "实际所得报酬总额起始": "7426800",
    "实际所得报酬总额截止": "7426800",
    "实际所得报酬总额涉及人数": ""
  },
  "Leader_Hold_data": [
    {
      "领导人姓名": "唐海",
      "职位描述": "董事长、总经理",
      "期初持股数": "54250000",
      "期末持股数": "54250000",
      "间接持股数": "",
      "从公司获得年度报酬总额": "1503700",
      "补贴津贴": "",
      "变动原因说明": "",
      "是否在股东或关联单位领取报酬津贴": "否",
      "在任与否": "是"
    },
    {
      "领导人姓名": "王希平",
      "职位描述": "副董事长",
      "期初持股数": "7936100",
      "期末持股数": "6480600",
      "间接持股数": "",
      "从公司获得年度报酬总额": "630000",
      "补贴津贴": "",
      "变动原因说明": "个人资金需求",
      "是否在股东或关联单位领取报酬津贴": "否",
      "在任与否": "是"
    },
    {
      "领导人姓名": "王佳芬",
      "职位描述": "董事",
      "期初持股数": "",
      "期末持股数": "",
      "间接持股数": "",
      "从公司获得年度报酬总额": "180000",
      "补贴津贴": "",
      "变动原因说明": "",
      "是否在股东或关联单位领取报酬津贴": "是",
      "在任与否": "是"
    },
    {
      "领导人姓名": "尉安宁",
      "职位描述": "独立董事",
      "期初持股数": "",
      "期末持股数": "",
      "间接持股数": "",
      "从公司获得年度报酬总额": "180000",
      "补贴津贴": "",
      "变动原因说明": "",
      "是否在股东或关联单位领取报酬津贴": "是",
      "在任与否": "是"
    },
    {
      "领导人姓名": "张英",
      "职位描述": "独立董事",
      "期初持股数": "",
      "期末持股数": "",
      "间接持股数": "",
      "从公司获得年度报酬总额": "0",
      "补贴津贴": "",
      "变动原因说明": "",
      "是否在股东或关联单位领取报酬津贴": "否",
      "在任与否": "是"
    },
    {
      "领导人姓名": "惠惠",
      "职位描述": "职工代表董事",
      "期初持股数": "",
      "期末持股数": "",
      "间接持股数": "",
      "从公司获得年度报酬总额": "242800",
      "补贴津贴": "",
      "变动原因说明": "",
      "是否在股东或关联单位领取报酬津贴": "否",
      "在任与否": "是"
    },
    {
      "领导人姓名": "周寿红",
      "职位描述": "总经理",
      "期初持股数": "",
      "期末持股数": "",
      "间接持股数": "",
      "从公司获得年度报酬总额": "1080000",
      "补贴津贴": "",
      "变动原因说明": "",
      "是否在股东或关联单位领取报酬津贴": "否",
      "在任与否": "否"
    },
    {
      "领导人姓名": "邹健",
      "职位描述": "副总经理",
      "期初持股数": "",
      "期末持股数": "",
      "间接持股数": "",
      "从公司获得年度报酬总额": "1005300",
      "补贴津贴": "",
      "变动原因说明": "",
      "是否在股东或关联单位领取报酬津贴": "否",
      "在任与否": "是"
    },
    {
      "领导人姓名": "李庆",
      "职位描述": "副总经理",
      "期初持股数": "",
      "期末持股数": "",
      "间接持股数": "",
      "从公司获得年度报酬总额": "1002300",
      "补贴津贴": "",
      "变动原因说明": "",
      "是否在股东或关联单位领取报酬津贴": "否",
      "在任与否": "是"
    },
    {
      "领导人姓名": "雷晨",
      "职位描述": "董事会秘书",
      "期初持股数": "",
      "期末持股数": "",
      "间接持股数": "",
      "从公司获得年度报酬总额": "400000",
      "补贴津贴": "",
      "变动原因说明": "",
      "是否在股东或关联单位领取报酬津贴": "否",
      "在任与否": "是"
    },
    {
      "领导人姓名": "殷海平",
      "职位描述": "财务总监、董事会秘书",
      "期初持股数": "",
      "期末持股数": "",
      "间接持股数": "",
      "从公司获得年度报酬总额": "1202700",
      "补贴津贴": "",
      "变动原因说明": "",
      "是否在股东或关联单位领取报酬津贴": "否",
      "在任与否": "是"
    }
  ]
}

=== 603881-2026-04-18-数据港-上海数据港股份有限公司2025年年度报告.pdf ===
{
  "Leader_Salary_data": {
    "实际所得报酬总额起始": "8004300",
    "实际所得报酬总额截止": "8004300",
    "实际所得报酬总额涉及人数": ""
  },
  "Leader_Hold_data": [
    {
      "领导人姓名": "孙中峰",
      "职位描述": "董事长",
      "期初持股数": "",
      "期末持股数": "",
      "间接持股数": "",
      "从公司获得年度报酬总额": "",
      "补贴津贴": "",
      "变动原因说明": "",
      "是否在股东或关联单位领取报酬津贴": "是",
      "在任与否": "是"
    },
    {
      "领导人姓名": "卢醇",
      "职位描述": "董事",
      "期初持股数": "",
      "期末持股数": "",
      "间接持股数": "",
      "从公司获得年度报酬总额": "",
      "补贴津贴": "",
      "变动原因说明": "",
      "是否在股东或关联单位领取报酬津贴": "是",
      "在任与否": "是"
    },
    {
      "领导人姓名": "王信菁",
      "职位描述": "董事、总裁",
      "期初持股数": "",
      "期末持股数": "",
      "间接持股数": "",
      "从公司获得年度报酬总额": "808800",
      "补贴津贴": "",
      "变动原因说明": "",
      "是否在股东或关联单位领取报酬津贴": "否",
      "在任与否": "是"
    },
    {
      "领导人姓名": "金源",
      "职位描述": "独立董事",
      "期初持股数": "",
      "期末持股数": "",
      "间接持股数": "",
      "从公司获得年度报酬总额": "136800",
      "补贴津贴": "136800",
      "变动原因说明": "",
      "是否在股东或关联单位领取报酬津贴": "否",
      "在任与否": "是"
    },
    {
      "领导人姓名": "丁绍宽",
      "职位描述": "独立董事",
      "期初持股数": "",
      "期末持股数": "",
      "间接持股数": "",
      "从公司获得年度报酬总额": "0",
      "补贴津贴": "0",
      "变动原因说明": "",
      "是否在股东或关联单位领取报酬津贴": "否",
      "在任与否": "是"
    },
    {
      "领导人姓名": "曾昭斌",
      "职位描述": "独立董事",
      "期初持股数": "",
      "期末持股数": "",
      "间接持股数": "",
      "从公司获得年度报酬总额": "136800",
      "补贴津贴": "136800",
      "变动原因说明": "",
      "是否在股东或关联单位领取报酬津贴": "否",
      "在任与否": "是"
    },
    {
      "领导人姓名": "顾佳晓",
      "职位描述": "董事、高级副总裁",
      "期初持股数": "",
      "期末持股数": "",
      "间接持股数": "",
      "从公司获得年度报酬总额": "1464000",
      "补贴津贴": "",
      "变动原因说明": "",
      "是否在股东或关联单位领取报酬津贴": "否",
      "在任与否": "是"
    },
    {
      "领导人姓名": "宋志刚",
      "职位描述": "董事、高级副总裁",
      "期初持股数": "",
      "期末持股数": "",
      "间接持股数": "",
      "从公司获得年度报酬总额": "1480400",
      "补贴津贴": "",
      "变动原因说明": "",
      "是否在股东或关联单位领取报酬津贴": "否",
      "在任与否": "是"
    },
    {
      "领导人姓名": "张宇",
      "职位描述": "董事",
      "期初持股数": "",
      "期末持股数": "",
      "间接持股数": "",
      "从公司获得年度报酬总额": "1177400",
      "补贴津贴": "",
      "变动原因说明": "",
      "是否在股东或关联单位领取报酬津贴": "否",
      "在任与否": "是"
    },
    {
      "领导人姓名": "李华",
      "职位描述": "副总裁",
      "期初持股数": "",
      "期末持股数": "",
      "间接持股数": "",
      "从公司获得年度报酬总额": "1179500",
      "补贴津贴": "",
      "变动原因说明": "",
      "是否在股东或关联单位领取报酬津贴": "否",
      "在任与否": "是"
    },
    {
      "领导人姓名": "王臆凯",
      "职位描述": "董事会秘书",
      "期初持股数": "",
      "期末持股数": "",
      "间接持股数": "",
      "从公司获得年度报酬总额": "787100",
      "补贴津贴": "",
      "变动原因说明": "",
      "是否在股东或关联单位领取报酬津贴": "否",
      "在任与否": "是"
    },
    {
      "领导人姓名": "李静",
      "职位描述": "财务总监",
      "期初持股数": "",
      "期末持股数": "",
      "间接持股数": "",
      "从公司获得年度报酬总额": "696700",
      "补贴津贴": "",
      "变动原因说明": "",
      "是否在股东或关联单位领取报酬津贴": "否",
      "在任与否": "是"
    },
    {
      "领导人姓名": "梅向荣",
      "职位描述": "独立董事",
      "期初持股数": "",
      "期末持股数": "",
      "间接持股数": "",
      "从公司获得年度报酬总额": "136800",
      "补贴津贴": "136800",
      "变动原因说明": "",
      "是否在股东或关联单位领取报酬津贴": "否",
      "在任与否": "否"
    }
  ]
}

=== 603966-2026-04-18-法兰泰克-2025年年度报告全文.pdf ===
{
  "Leader_Salary_data": {
    "实际所得报酬总额起始": "6300000",
    "实际所得报酬总额截止": "6300000",
    "实际所得报酬总额涉及人数": ""
  },
  "Leader_Hold_data": [
    {
      "领导人姓名": "陶峰华",
      "职位描述": "董事长、总经理",
      "期初持股数": "50337665",
      "期末持股数": "50337665",
      "间接持股数": "",
      "从公司获得年度报酬总额": "1260000",
      "补贴津贴": "",
      "变动原因说明": "",
      "是否在股东或关联单位领取报酬津贴": "否",
      "在任与否": "是"
    },
    {
      "领导人姓名": "袁秀峰",
      "职位描述": "副董事长、副总经理",
      "期初持股数": "524160",
      "期末持股数": "524160",
      "间接持股数": "",
      "从公司获得年度报酬总额": "730000",
      "补贴津贴": "",
      "变动原因说明": "",
      "是否在股东或关联单位领取报酬津贴": "否",
      "在任与否": "是"
    },
    {
      "领导人姓名": "徐珽",
      "职位描述": "董事、副总经理、职工代表董事",
      "期初持股数": "1213048",
      "期末持股数": "1213048",
      "间接持股数": "",
      "从公司获得年度报酬总额": "650000",
      "补贴津贴": "",
      "变动原因说明": "",
      "是否在股东或关联单位领取报酬津贴": "否",
      "在任与否": "是"
    },
    {
      "领导人姓名": "王文艺",
      "职位描述": "董事、副总经理",
      "期初持股数": "96979",
      "期末持股数": "152479",
      "间接持股数": "",
      "从公司获得年度报酬总额": "890000",
      "补贴津贴": "",
      "变动原因说明": "股权激励",
      "是否在股东或关联单位领取报酬津贴": "否",
      "在任与否": "是"
    },
    {
      "领导人姓名": "蒋毅刚",
      "职位描述": "独立董事",
      "期初持股数": "0",
      "期末持股数": "0",
      "间接持股数": "",
      "从公司获得年度报酬总额": "80000",
      "补贴津贴": "",
      "变动原因说明": "",
      "是否在股东或关联单位领取报酬津贴": "否",
      "在任与否": "是"
    },
    {
      "领导人姓名": "任凌玉",
      "职位描述": "独立董事",
      "期初持股数": "0",
      "期末持股数": "0",
      "间接持股数": "",
      "从公司获得年度报酬总额": "80000",
      "补贴津贴": "",
      "变动原因说明": "",
      "是否在股东或关联单位领取报酬津贴": "否",
      "在任与否": "是"
    },
    {
      "领导人姓名": "袁鸿昌",
      "职位描述": "独立董事",
      "期初持股数": "0",
      "期末持股数": "0",
      "间接持股数": "",
      "从公司获得年度报酬总额": "80000",
      "补贴津贴": "",
      "变动原因说明": "",
      "是否在股东或关联单位领取报酬津贴": "否",
      "在任与否": "是"
    },
    {
      "领导人姓名": "顾海清",
      "职位描述": "副总经理",
      "期初持股数": "524160",
      "期末持股数": "524160",
      "间接持股数": "",
      "从公司获得年度报酬总额": "1120000",
      "补贴津贴": "",
      "变动原因说明": "",
      "是否在股东或关联单位领取报酬津贴": "否",
      "在任与否": "是"
    },
    {
      "领导人姓名": "贾凯",
      "职位描述": "副总经理",
      "期初持股数": "524160",
      "期末持股数": "393460",
      "间接持股数": "",
      "从公司获得年度报酬总额": "150000",
      "补贴津贴": "",
      "变动原因说明": "减持",
      "是否在股东或关联单位领取报酬津贴": "否",
      "在任与否": "否"
    },
    {
      "领导人姓名": "向希",
      "职位描述": "财务总监",
      "期初持股数": "32000",
      "期末持股数": "70400",
      "间接持股数": "",
      "从公司获得年度报酬总额": "630000",
      "补贴津贴": "",
      "变动原因说明": "股权激励",
      "是否在股东或关联单位领取报酬津贴": "否",
      "在任与否": "是"
    },
    {
      "领导人姓名": "王堰川",
      "职位描述": "董事会秘书",
      "期初持股数": "32000",
      "期末持股数": "70400",
      "间接持股数": "",
      "从公司获得年度报酬总额": "630000",
      "补贴津贴": "",
      "变动原因说明": "股权激励",
      "是否在股东或关联单位领取报酬津贴": "否",
      "在任与否": "是"
    }
  ]
}

=== 603595-2026-04-18-ST东尼-浙江东尼电子股份有限公司2025年年度报告.pdf ===
{
  "Leader_Salary_data": {
    "实际所得报酬总额起始": "9317500",
    "实际所得报酬总额截止": "9317500",
    "实际所得报酬总额涉及人数": ""
  },
  "Leader_Hold_data": [
    {
      "领导人姓名": "沈晓宇",
      "职位描述": "董事长、总经理",
      "期初持股数": "38704602",
      "期末持股数": "38704602",
      "间接持股数": "",
      "从公司获得年度报酬总额": "664000",
      "补贴津贴": "",
      "变动原因说明": "",
      "是否在股东或关联单位领取报酬津贴": "否",
      "在任与否": "是"
    },
    {
      "领导人姓名": "吴月娟",
      "职位描述": "董事",
      "期初持股数": "1313865",
      "期末持股数": "1313865",
      "间接持股数": "",
      "从公司获得年度报酬总额": "",
      "补贴津贴": "",
      "变动原因说明": "",
      "是否在股东或关联单位领取报酬津贴": "是",
      "在任与否": "是"
    },
    {
      "领导人姓名": "吴燕燕",
      "职位描述": "职工代表董事",
      "期初持股数": "",
      "期末持股数": "",
      "间接持股数": "",
      "从公司获得年度报酬总额": "255200",
      "补贴津贴": "",
      "变动原因说明": "",
      "是否在股东或关联单位领取报酬津贴": "否",
      "在任与否": "是"
    },
    {
      "领导人姓名": "罗正英",
      "职位描述": "独立董事",
      "期初持股数": "",
      "期末持股数": "",
      "间接持股数": "",
      "从公司获得年度报酬总额": "120000",
      "补贴津贴": "120000",
      "变动原因说明": "",
      "是否在股东或关联单位领取报酬津贴": "",
      "在任与否": "是"
    },
    {
      "领导人姓名": "邹荣",
      "职位描述": "独立董事",
      "期初持股数": "",
      "期末持股数": "",
      "间接持股数": "",
      "从公司获得年度报酬总额": "120000",
      "补贴津贴": "120000",
      "变动原因说明": "",
      "是否在股东或关联单位领取报酬津贴": "否",
      "在任与否": "是"
    },
    {
      "领导人姓名": "吴旭华",
      "职位描述": "副总经理",
      "期初持股数": "",
      "期末持股数": "",
      "间接持股数": "",
      "从公司获得年度报酬总额": "653100",
      "补贴津贴": "",
      "变动原因说明": "",
      "是否在股东或关联单位领取报酬津贴": "否",
      "在任与否": "是"
    },
    {
      "领导人姓名": "陈泉强",
      "职位描述": "副总经理",
      "期初持股数": "82488",
      "期末持股数": "82488",
      "间接持股数": "",
      "从公司获得年度报酬总额": "709000",
      "补贴津贴": "",
      "变动原因说明": "",
      "是否在股东或关联单位领取报酬津贴": "否",
      "在任与否": "是"
    },
    {
      "领导人姓名": "戴兴根",
      "职位描述": "副总经理",
      "期初持股数": "",
      "期末持股数": "",
      "间接持股数": "",
      "从公司获得年度报酬总额": "707500",
      "补贴津贴": "",
      "变动原因说明": "",
      "是否在股东或关联单位领取报酬津贴": "否",
      "在任与否": "是"
    },
    {
      "领导人姓名": "丁勇",
      "职位描述": "副总经理",
      "期初持股数": "102700",
      "期末持股数": "102700",
      "间接持股数": "",
      "从公司获得年度报酬总额": "690900",
      "补贴津贴": "",
      "变动原因说明": "",
      "是否在股东或关联单位领取报酬津贴": "否",
      "在任与否": "是"
    },
    {
      "领导人姓名": "李峰",
      "职位描述": "副总经理",
      "期初持股数": "76588",
      "期末持股数": "76588",
      "间接持股数": "",
      "从公司获得年度报酬总额": "682600",
      "补贴津贴": "",
      "变动原因说明": "",
      "是否在股东或关联单位领取报酬津贴": "否",
      "在任与否": "是"
    },
    {
      "领导人姓名": "李艳军",
      "职位描述": "副总经理",
      "期初持股数": "",
      "期末持股数": "",
      "间接持股数": "",
      "从公司获得年度报酬总额": "1041200",
      "补贴津贴": "",
      "变动原因说明": "",
      "是否在股东或关联单位领取报酬津贴": "否",
      "在任与否": "是"
    },
    {
      "领导人姓名": "吴红星",
      "职位描述": "副总经理",
      "期初持股数": "",
      "期末持股数": "",
      "间接持股数": "",
      "从公司获得年度报酬总额": "662500",
      "补贴津贴": "",
      "变动原因说明": "",
      "是否在股东或关联单位领取报酬津贴": "否",
      "在任与否": "是"
    },
    {
      "领导人姓名": "吴佳",
      "职位描述": "副总经理",
      "期初持股数": "",
      "期末持股数": "",
      "间接持股数": "",
      "从公司获得年度报酬总额": "615400",
      "补贴津贴": "",
      "变动原因说明": "",
      "是否在股东或关联单位领取报酬津贴": "否",
      "在任与否": "是"
    },
    {
      "领导人姓名": "许国帅",
      "职位描述": "副总经理",
      "期初持股数": "",
      "期末持股数": "",
      "间接持股数": "",
      "从公司获得年度报酬总额": "700800",
      "补贴津贴": "",
      "变动原因说明": "",
      "是否在股东或关联单位领取报酬津贴": "否",
      "在任与否": "是"
    },
    {
      "领导人姓名": "殷勤",
      "职位描述": "副总经理、董事会秘书",
      "期初持股数": "",
      "期末持股数": "",
      "间接持股数": "",
      "从公司获得年度报酬总额": "",
      "补贴津贴": "",
      "变动原因说明": "",
      "是否在股东或关联单位领取报酬津贴": "否",
      "在任与否": "是"
    },
    {
      "领导人姓名": "谭国荣",
      "职位描述": "财务负责人",
      "期初持股数": "",
      "期末持股数": "",
      "间接持股数": "",
      "从公司获得年度报酬总额": "685600",
      "补贴津贴": "",
      "变动原因说明": "",
      "是否在股东或关联单位领取报酬津贴": "否",
      "在任与否": "是"
    },
    {
      "领导人姓名": "翁鑫怡",
      "职位描述": "董事会秘书",
      "期初持股数": "",
      "期末持股数": "",
      "间接持股数": "",
      "从公司获得年度报酬总额": "482700",
      "补贴津贴": "",
      "变动原因说明": "",
      "是否在股东或关联单位领取报酬津贴": "否",
      "在任与否": "否"
    },
    {
      "领导人姓名": "杨利群",
      "职位描述": "监事会主席",
      "期初持股数": "",
      "期末持股数": "",
      "间接持股数": "",
      "从公司获得年度报酬总额": "283400",
      "补贴津贴": "",
      "变动原因说明": "",
      "是否在股东或关联单位领取报酬津贴": "否",
      "在任与否": "否"
    },
    {
      "领导人姓名": "姚伟",
      "职位描述": "监事",
      "期初持股数": "",
      "期末持股数": "",
      "间接持股数": "",
      "从公司获得年度报酬总额": "243400",
      "补贴津贴": "",
      "变动原因说明": "",
      "是否在股东或关联单位领取报酬津贴": "否",
      "在任与否": "否"
    }
  ]
}

=== 603721-2026-04-18-ST天择-中广天择传媒股份有限公司2025年年度报告.pdf ===
{
  "Leader_Salary_data": {
    "实际所得报酬总额起始": "",
    "实际所得报酬总额截止": "",
    "实际所得报酬总额涉及人数": ""
  },
  "Leader_Hold_data": [
    {
      "领导人姓名": "彭勇",
      "职位描述": "董事长",
      "期初持股数": "0",
      "期末持股数": "0",
      "间接持股数": "",
      "从公司获得年度报酬总额": "0",
      "补贴津贴": "",
      "变动原因说明": "",
      "是否在股东或关联单位领取报酬津贴": "否",
      "在任与否": "是"
    },
    {
      "领导人姓名": "余江",
      "职位描述": "副董事长",
      "期初持股数": "0",
      "期末持股数": "0",
      "间接持股数": "",
      "从公司获得年度报酬总额": "0",
      "补贴津贴": "",
      "变动原因说明": "",
      "是否在股东或关联单位领取报酬津贴": "否",
      "在任与否": "是"
    },
    {
      "领导人姓名": "蒋娜",
      "职位描述": "监事会主席、副董事长",
      "期初持股数": "0",
      "期末持股数": "0",
      "间接持股数": "",
      "从公司获得年度报酬总额": "0",
      "补贴津贴": "",
      "变动原因说明": "",
      "是否在股东或关联单位领取报酬津贴": "否",
      "在任与否": "是"
    },
    {
      "领导人姓名": "傅冠军",
      "职位描述": "董事、总经理",
      "期初持股数": "0",
      "期末持股数": "0",
      "间接持股数": "",
      "从公司获得年度报酬总额": "815500",
      "补贴津贴": "",
      "变动原因说明": "",
      "是否在股东或关联单位领取报酬津贴": "否",
      "在任与否": "是"
    },
    {
      "领导人姓名": "周智",
      "职位描述": "董事、副总经理、董事会秘书",
      "期初持股数": "0",
      "期末持股数": "0",
      "间接持股数": "",
      "从公司获得年度报酬总额": "568100",
      "补贴津贴": "",
      "变动原因说明": "",
      "是否在股东或关联单位领取报酬津贴": "否",
      "在任与否": "是"
    },
    {
      "领导人姓名": "唐红",
      "职位描述": "独立董事",
      "期初持股数": "0",
      "期末持股数": "0",
      "间接持股数": "",
      "从公司获得年度报酬总额": "80000",
      "补贴津贴": "",
      "变动原因说明": "",
      "是否在股东或关联单位领取报酬津贴": "否",
      "在任与否": "是"
    },
    {
      "领导人姓名": "曾德明",
      "职位描述": "独立董事",
      "期初持股数": "0",
      "期末持股数": "0",
      "间接持股数": "",
      "从公司获得年度报酬总额": "80000",
      "补贴津贴": "",
      "变动原因说明": "",
      "是否在股东或关联单位领取报酬津贴": "否",
      "在任与否": "是"
    },
    {
      "领导人姓名": "黄昇民",
      "职位描述": "独立董事",
      "期初持股数": "0",
      "期末持股数": "0",
      "间接持股数": "",
      "从公司获得年度报酬总额": "80000",
      "补贴津贴": "",
      "变动原因说明": "",
      "是否在股东或关联单位领取报酬津贴": "否",
      "在任与否": "是"
    },
    {
      "领导人姓名": "胡小卓",
      "职位描述": "独立董事",
      "期初持股数": "0",
      "期末持股数": "0",
      "间接持股数": "",
      "从公司获得年度报酬总额": "0",
      "补贴津贴": "",
      "变动原因说明": "",
      "是否在股东或关联单位领取报酬津贴": "否",
      "在任与否": "是"
    },
    {
      "领导人姓名": "汪志刚",
      "职位描述": "独立董事",
      "期初持股数": "0",
      "期末持股数": "0",
      "间接持股数": "",
      "从公司获得年度报酬总额": "0",
      "补贴津贴": "",
      "变动原因说明": "",
      "是否在股东或关联单位领取报酬津贴": "否",
      "在任与否": "是"
    },
    {
      "领导人姓名": "陈宏义",
      "职位描述": "独立董事",
      "期初持股数": "0",
      "期末持股数": "0",
      "间接持股数": "",
      "从公司获得年度报酬总额": "0",
      "补贴津贴": "",
      "变动原因说明": "",
      "是否在股东或关联单位领取报酬津贴": "否",
      "在任与否": "是"
    },
    {
      "领导人姓名": "邹柳",
      "职位描述": "职工董事",
      "期初持股数": "0",
      "期末持股数": "0",
      "间接持股数": "",
      "从公司获得年度报酬总额": "50100",
      "补贴津贴": "",
      "变动原因说明": "",
      "是否在股东或关联单位领取报酬津贴": "否",
      "在任与否": "是"
    },
    {
      "领导人姓名": "夏巧樨",
      "职位描述": "职工监事",
      "期初持股数": "0",
      "期末持股数": "0",
      "间接持股数": "",
      "从公司获得年度报酬总额": "448200",
      "补贴津贴": "",
      "变动原因说明": "",
      "是否在股东或关联单位领取报酬津贴": "否",
      "在任与否": "是"
    },
    {
      "领导人姓名": "谭新华",
      "职位描述": "监事",
      "期初持股数": "0",
      "期末持股数": "0",
      "间接持股数": "",
      "从公司获得年度报酬总额": "278800",
      "补贴津贴": "",
      "变动原因说明": "",
      "是否在股东或关联单位领取报酬津贴": "否",
      "在任与否": "是"
    },
    {
      "领导人姓名": "关敬蓉",
      "职位描述": "副总经理",
      "期初持股数": "0",
      "期末持股数": "0",
      "间接持股数": "",
      "从公司获得年度报酬总额": "783600",
      "补贴津贴": "",
      "变动原因说明": "",
      "是否在股东或关联单位领取报酬津贴": "否",
      "在任与否": "是"
    },
    {
      "领导人姓名": "邓集慧",
      "职位描述": "副总经理",
      "期初持股数": "0",
      "期末持股数": "0",
      "间接持股数": "",
      "从公司获得年度报酬总额": "591600",
      "补贴津贴": "",
      "变动原因说明": "",
      "是否在股东或关联单位领取报酬津贴": "否",
      "在任与否": "是"
    },
    {
      "领导人姓名": "乔志",
      "职位描述": "副总经理",
      "期初持股数": "0",
      "期末持股数": "0",
      "间接持股数": "",
      "从公司获得年度报酬总额": "700800",
      "补贴津贴": "",
      "变动原因说明": "",
      "是否在股东或关联单位领取报酬津贴": "否",
      "在任与否": "是"
    },
    {
      "领导人姓名": "孙静",
      "职位描述": "副总经理、财务总监",
      "期初持股数": "0",
      "期末持股数": "0",
      "间接持股数": "",
      "从公司获得年度报酬总额": "618100",
      "补贴津贴": "",
      "变动原因说明": "",
      "是否在股东或关联单位领取报酬津贴": "否",
      "在任与否": "是"
    },
    {
      "领导人姓名": "程震",
      "职位描述": "副总经理",
      "期初持股数": "0",
      "期末持股数": "0",
      "间接持股数": "",
      "从公司获得年度报酬总额": "229600",
      "补贴津贴": "",
      "变动原因说明": "",
      "是否在股东或关联单位领取报酬津贴": "否",
      "在任与否": "是"
    }
  ]
}

=== 605168-2026-04-18-三人行-2025年年度报告全文.pdf ===
{
  "Leader_Salary_data": {
    "实际所得报酬总额起始": "10303800",
    "实际所得报酬总额截止": "10303800",
    "实际所得报酬总额涉及人数": ""
  },
  "Leader_Hold_data": [
    {
      "领导人姓名": "钱俊冬",
      "职位描述": "董事长、总经理",
      "期初持股数": "25643568",
      "期末持股数": "25643568",
      "间接持股数": "",
      "从公司获得年度报酬总额": "2289600",
      "补贴津贴": "",
      "变动原因说明": "",
      "是否在股东或关联单位领取报酬津贴": "否",
      "在任与否": "是"
    },
    {
      "领导人姓名": "崔蕾",
      "职位描述": "董事",
      "期初持股数": "10166729",
      "期末持股数": "10166729",
      "间接持股数": "",
      "从公司获得年度报酬总额": "1295200",
      "补贴津贴": "",
      "变动原因说明": "",
      "是否在股东或关联单位领取报酬津贴": "否",
      "在任与否": "是"
    },
    {
      "领导人姓名": "王川",
      "职位描述": "董事、副总经理",
      "期初持股数": "1112475",
      "期末持股数": "1112475",
      "间接持股数": "",
      "从公司获得年度报酬总额": "1845300",
      "补贴津贴": "",
      "变动原因说明": "",
      "是否在股东或关联单位领取报酬津贴": "否",
      "在任与否": "是"
    },
    {
      "领导人姓名": "张昊",
      "职位描述": "董事、副总经理",
      "期初持股数": "182788",
      "期末持股数": "182788",
      "间接持股数": "",
      "从公司获得年度报酬总额": "1173700",
      "补贴津贴": "",
      "变动原因说明": "",
      "是否在股东或关联单位领取报酬津贴": "否",
      "在任与否": "是"
    },
    {
      "领导人姓名": "刘德寰",
      "职位描述": "独立董事",
      "期初持股数": "0",
      "期末持股数": "0",
      "间接持股数": "",
      "从公司获得年度报酬总额": "120000",
      "补贴津贴": "120000",
      "变动原因说明": "",
      "是否在股东或关联单位领取报酬津贴": "否",
      "在任与否": "是"
    },
    {
      "领导人姓名": "张大志",
      "职位描述": "独立董事",
      "期初持股数": "0",
      "期末持股数": "0",
      "间接持股数": "",
      "从公司获得年度报酬总额": "120000",
      "补贴津贴": "120000",
      "变动原因说明": "",
      "是否在股东或关联单位领取报酬津贴": "否",
      "在任与否": "是"
    },
    {
      "领导人姓名": "赛娜",
      "职位描述": "独立董事",
      "期初持股数": "0",
      "期末持股数": "0",
      "间接持股数": "",
      "从公司获得年度报酬总额": "120000",
      "补贴津贴": "120000",
      "变动原因说明": "",
      "是否在股东或关联单位领取报酬津贴": "否",
      "在任与否": "是"
    },
    {
      "领导人姓名": "陈胜",
      "职位描述": "首席财务官",
      "期初持股数": "5717",
      "期末持股数": "4317",
      "间接持股数": "",
      "从公司获得年度报酬总额": "51900",
      "补贴津贴": "",
      "变动原因说明": "个人资金需求",
      "是否在股东或关联单位领取报酬津贴": "否",
      "在任与否": "否"
    },
    {
      "领导人姓名": "李达",
      "职位描述": "副总经理、董事会秘书",
      "期初持股数": "182782",
      "期末持股数": "182782",
      "间接持股数": "",
      "从公司获得年度报酬总额": "994300",
      "补贴津贴": "",
      "变动原因说明": "",
      "是否在股东或关联单位领取报酬津贴": "否",
      "在任与否": "是"
    },
    {
      "领导人姓名": "史润",
      "职位描述": "副总经理",
      "期初持股数": "0",
      "期末持股数": "0",
      "间接持股数": "",
      "从公司获得年度报酬总额": "1552400",
      "补贴津贴": "",
      "变动原因说明": "",
      "是否在股东或关联单位领取报酬津贴": "否",
      "在任与否": "是"
    },
    {
      "领导人姓名": "张文菊",
      "职位描述": "财务总监",
      "期初持股数": "0",
      "期末持股数": "0",
      "间接持股数": "",
      "从公司获得年度报酬总额": "741400",
      "补贴津贴": "",
      "变动原因说明": "",
      "是否在股东或关联单位领取报酬津贴": "否",
      "在任与否": "是"
    }
  ]
}

=== 603699-2026-04-18-纽威股份-纽威股份2025年年度报告.pdf ===
{
  "Leader_Salary_data": {
    "实际所得报酬总额起始": "26952100",
    "实际所得报酬总额截止": "26952100",
    "实际所得报酬总额涉及人数": ""
  },
  "Leader_Hold_data": [
    {
      "领导人姓名": "鲁良锋",
      "职位描述": "董事长",
      "期初持股数": "1211709",
      "期末持股数": "1633579",
      "间接持股数": "",
      "从公司获得年度报酬总额": "4788700",
      "补贴津贴": "",
      "变动原因说明": "股权激励授予",
      "是否在股东或关联单位领取报酬津贴": "否",
      "在任与否": "是"
    },
    {
      "领导人姓名": "冯银龙",
      "职位描述": "董事、总经理",
      "期初持股数": "1007700",
      "期末持股数": "1407700",
      "间接持股数": "",
      "从公司获得年度报酬总额": "3599500",
      "补贴津贴": "",
      "变动原因说明": "股权激励授予",
      "是否在股东或关联单位领取报酬津贴": "否",
      "在任与否": "是"
    },
    {
      "领导人姓名": "黎娜",
      "职位描述": "董事、副总经理",
      "期初持股数": "849002",
      "期末持股数": "1130483",
      "间接持股数": "",
      "从公司获得年度报酬总额": "3697200",
      "补贴津贴": "",
      "变动原因说明": "股权激励授予",
      "是否在股东或关联单位领取报酬津贴": "否",
      "在任与否": "是"
    },
    {
      "领导人姓名": "王世文",
      "职位描述": "董事",
      "期初持股数": "0",
      "期末持股数": "0",
      "间接持股数": "",
      "从公司获得年度报酬总额": "38000",
      "补贴津贴": "",
      "变动原因说明": "",
      "是否在股东或关联单位领取报酬津贴": "否",
      "在任与否": "是"
    },
    {
      "领导人姓名": "黄强",
      "职位描述": "独立董事",
      "期初持股数": "0",
      "期末持股数": "0",
      "间接持股数": "",
      "从公司获得年度报酬总额": "60000",
      "补贴津贴": "",
      "变动原因说明": "",
      "是否在股东或关联单位领取报酬津贴": "否",
      "在任与否": "是"
    },
    {
      "领导人姓名": "周玫芬",
      "职位描述": "独立董事",
      "期初持股数": "0",
      "期末持股数": "0",
      "间接持股数": "",
      "从公司获得年度报酬总额": "60000",
      "补贴津贴": "",
      "变动原因说明": "",
      "是否在股东或关联单位领取报酬津贴": "否",
      "在任与否": "是"
    },
    {
      "领导人姓名": "高钟",
      "职位描述": "独立董事",
      "期初持股数": "0",
      "期末持股数": "0",
      "间接持股数": "",
      "从公司获得年度报酬总额": "60000",
      "补贴津贴": "",
      "变动原因说明": "",
      "是否在股东或关联单位领取报酬津贴": "否",
      "在任与否": "是"
    },
    {
      "领导人姓名": "高则伟",
      "职位描述": "职工代表董事",
      "期初持股数": "438545",
      "期末持股数": "557760",
      "间接持股数": "",
      "从公司获得年度报酬总额": "",
      "补贴津贴": "",
      "变动原因说明": "股权激励授予",
      "是否在股东或关联单位领取报酬津贴": "否",
      "在任与否": "是"
    },
    {
      "领导人姓名": "周桂林",
      "职位描述": "职工代表董事",
      "期初持股数": "337200",
      "期末持股数": "411260",
      "间接持股数": "",
      "从公司获得年度报酬总额": "",
      "补贴津贴": "",
      "变动原因说明": "股权激励授予",
      "是否在股东或关联单位领取报酬津贴": "否",
      "在任与否": "是"
    },
    {
      "领导人姓名": "程学来",
      "职位描述": "副总经理",
      "期初持股数": "546300",
      "期末持股数": "596300",
      "间接持股数": "",
      "从公司获得年度报酬总额": "2168400",
      "补贴津贴": "",
      "变动原因说明": "股权激励授予",
      "是否在股东或关联单位领取报酬津贴": "否",
      "在任与否": "是"
    },
    {
      "领导人姓名": "陆建红",
      "职位描述": "副总经理",
      "期初持股数": "612600",
      "期末持股数": "762600",
      "间接持股数": "",
      "从公司获得年度报酬总额": "2863500",
      "补贴津贴": "",
      "变动原因说明": "股权激励授予",
      "是否在股东或关联单位领取报酬津贴": "否",
      "在任与否": "是"
    },
    {
      "领导人姓名": "陈斌",
      "职位描述": "副总经理",
      "期初持股数": "512600",
      "期末持股数": "632600",
      "间接持股数": "",
      "从公司获得年度报酬总额": "2735600",
      "补贴津贴": "",
      "变动原因说明": "股权激励授予",
      "是否在股东或关联单位领取报酬津贴": "否",
      "在任与否": "是"
    },
    {
      "领导人姓名": "凌蕾菁",
      "职位描述": "财务总监、董事会秘书",
      "期初持股数": "509000",
      "期末持股数": "604000",
      "间接持股数": "",
      "从公司获得年度报酬总额": "2103800",
      "补贴津贴": "",
      "变动原因说明": "股权激励授予",
      "是否在股东或关联单位领取报酬津贴": "否",
      "在任与否": "是"
    },
    {
      "领导人姓名": "庄益军",
      "职位描述": "副总经理",
      "期初持股数": "394700",
      "期末持股数": "347350",
      "间接持股数": "",
      "从公司获得年度报酬总额": "66000",
      "补贴津贴": "",
      "变动原因说明": "二级市场买卖",
      "是否在股东或关联单位领取报酬津贴": "否",
      "在任与否": "否"
    },
    {
      "领导人姓名": "吴真林",
      "职位描述": "董事",
      "期初持股数": "0",
      "期末持股数": "0",
      "间接持股数": "",
      "从公司获得年度报酬总额": "11100",
      "补贴津贴": "",
      "变动原因说明": "",
      "是否在股东或关联单位领取报酬津贴": "否",
      "在任与否": "否"
    },
    {
      "领导人姓名": "邹琴",
      "职位描述": "监事会主席",
      "期初持股数": "0",
      "期末持股数": "0",
      "间接持股数": "",
      "从公司获得年度报酬总额": "1909400",
      "补贴津贴": "",
      "变动原因说明": "",
      "是否在股东或关联单位领取报酬津贴": "否",
      "在任与否": "否"
    },
    {
      "领导人姓名": "朱小华",
      "职位描述": "监事",
      "期初持股数": "0",
      "期末持股数": "0",
      "间接持股数": "",
      "从公司获得年度报酬总额": "2206500",
      "补贴津贴": "",
      "变动原因说明": "",
      "是否在股东或关联单位领取报酬津贴": "否",
      "在任与否": "否"
    },
    {
      "领导人姓名": "王素琴",
      "职位描述": "职工代表监事",
      "期初持股数": "0",
      "期末持股数": "0",
      "间接持股数": "",
      "从公司获得年度报酬总额": "584500",
      "补贴津贴": "",
      "变动原因说明": "",
      "是否在股东或关联单位领取报酬津贴": "否",
      "在任与否": "否"
    }
  ]
}

=== 605178-2026-04-18-时空科技-2025年年度报告.pdf ===
{
  "Leader_Salary_data": {
    "实际所得报酬总额起始": "6944100",
    "实际所得报酬总额截止": "6944100",
    "实际所得报酬总额涉及人数": ""
  },
  "Leader_Hold_data": [
    {
      "领导人姓名": "宫殿海",
      "职位描述": "董事长、总经理",
      "期初持股数": "37168589",
      "期末持股数": "37168589",
      "间接持股数": "",
      "从公司获得年度报酬总额": "1056300",
      "补贴津贴": "",
      "变动原因说明": "",
      "是否在股东或关联单位领取报酬津贴": "否",
      "在任与否": "是"
    },
    {
      "领导人姓名": "王新才",
      "职位描述": "董事、财务总监、董事会秘书",
      "期初持股数": "0",
      "期末持股数": "0",
      "间接持股数": "",
      "从公司获得年度报酬总额": "1054500",
      "补贴津贴": "",
      "变动原因说明": "",
      "是否在股东或关联单位领取报酬津贴": "否",
      "在任与否": "是"
    },
    {
      "领导人姓名": "杨庆民",
      "职位描述": "董事、副总经理",
      "期初持股数": "0",
      "期末持股数": "0",
      "间接持股数": "",
      "从公司获得年度报酬总额": "753000",
      "补贴津贴": "",
      "变动原因说明": "",
      "是否在股东或关联单位领取报酬津贴": "否",
      "在任与否": "是"
    },
    {
      "领导人姓名": "刘景呈",
      "职位描述": "董事",
      "期初持股数": "",
      "期末持股数": "0",
      "间接持股数": "",
      "从公司获得年度报酬总额": "772700",
      "补贴津贴": "",
      "变动原因说明": "",
      "是否在股东或关联单位领取报酬津贴": "否",
      "在任与否": "是"
    },
    {
      "领导人姓名": "于桂红",
      "职位描述": "独立董事",
      "期初持股数": "",
      "期末持股数": "0",
      "间接持股数": "",
      "从公司获得年度报酬总额": "90000",
      "补贴津贴": "90000",
      "变动原因说明": "",
      "是否在股东或关联单位领取报酬津贴": "否",
      "在任与否": "是"
    },
    {
      "领导人姓名": "窦林平",
      "职位描述": "独立董事",
      "期初持股数": "0",
      "期末持股数": "0",
      "间接持股数": "",
      "从公司获得年度报酬总额": "120000",
      "补贴津贴": "120000",
      "变动原因说明": "",
      "是否在股东或关联单位领取报酬津贴": "否",
      "在任与否": "是"
    },
    {
      "领导人姓名": "张善英",
      "职位描述": "独立董事",
      "期初持股数": "0",
      "期末持股数": "0",
      "间接持股数": "",
      "从公司获得年度报酬总额": "120000",
      "补贴津贴": "120000",
      "变动原因说明": "",
      "是否在股东或关联单位领取报酬津贴": "否",
      "在任与否": "是"
    },
    {
      "领导人姓名": "杜慧娟",
      "职位描述": "副总经理",
      "期初持股数": "0",
      "期末持股数": "0",
      "间接持股数": "",
      "从公司获得年度报酬总额": "927600",
      "补贴津贴": "",
      "变动原因说明": "",
      "是否在股东或关联单位领取报酬津贴": "否",
      "在任与否": "是"
    },
    {
      "领导人姓名": "魏鹏伟",
      "职位描述": "副总经理",
      "期初持股数": "0",
      "期末持股数": "0",
      "间接持股数": "",
      "从公司获得年度报酬总额": "781000",
      "补贴津贴": "",
      "变动原因说明": "",
      "是否在股东或关联单位领取报酬津贴": "否",
      "在任与否": "是"
    },
    {
      "领导人姓名": "魏梦莹",
      "职位描述": "副总经理",
      "期初持股数": "",
      "期末持股数": "0",
      "间接持股数": "",
      "从公司获得年度报酬总额": "771200",
      "补贴津贴": "",
      "变动原因说明": "",
      "是否在股东或关联单位领取报酬津贴": "否",
      "在任与否": "是"
    },
    {
      "领导人姓名": "方芳",
      "职位描述": "独立董事",
      "期初持股数": "0",
      "期末持股数": "0",
      "间接持股数": "",
      "从公司获得年度报酬总额": "30000",
      "补贴津贴": "30000",
      "变动原因说明": "",
      "是否在股东或关联单位领取报酬津贴": "否",
      "在任与否": "否"
    },
    {
      "领导人姓名": "姜化朋",
      "职位描述": "董事、总经理",
      "期初持股数": "516258",
      "期末持股数": "0",
      "间接持股数": "",
      "从公司获得年度报酬总额": "376300",
      "补贴津贴": "",
      "变动原因说明": "合规减持",
      "是否在股东或关联单位领取报酬津贴": "否",
      "在任与否": "否"
    },
    {
      "领导人姓名": "赵杰",
      "职位描述": "董事",
      "期初持股数": "0",
      "期末持股数": "0",
      "间接持股数": "",
      "从公司获得年度报酬总额": "91600",
      "补贴津贴": "",
      "变动原因说明": "",
      "是否在股东或关联单位领取报酬津贴": "否",
      "在任与否": "否"
    }
  ]
}

=== 605007-2026-04-18-五洲特纸-五洲特种纸业集团股份有限公司2025年年度报告.pdf ===
{
  "Leader_Salary_data": {
    "实际所得报酬总额起始": "7209900",
    "实际所得报酬总额截止": "7209900",
    "实际所得报酬总额涉及人数": ""
  },
  "Leader_Hold_data": [
    {
      "领导人姓名": "赵磊",
      "职位描述": "董事长、总经理",
      "期初持股数": "153950845",
      "期末持股数": "153950845",
      "间接持股数": "",
      "从公司获得年度报酬总额": "2164000",
      "补贴津贴": "",
      "变动原因说明": "",
      "是否在股东或关联单位领取报酬津贴": "否",
      "在任与否": "是"
    },
    {
      "领导人姓名": "赵晨佳",
      "职位描述": "副董事长",
      "期初持股数": "97048329",
      "期末持股数": "97048329",
      "间接持股数": "",
      "从公司获得年度报酬总额": "329900",
      "补贴津贴": "",
      "变动原因说明": "",
      "是否在股东或关联单位领取报酬津贴": "否",
      "在任与否": "是"
    },
    {
      "领导人姓名": "赵云福",
      "职位描述": "董事",
      "期初持股数": "14442071",
      "期末持股数": "14442071",
      "间接持股数": "",
      "从公司获得年度报酬总额": "756700",
      "补贴津贴": "",
      "变动原因说明": "",
      "是否在股东或关联单位领取报酬津贴": "否",
      "在任与否": "是"
    },
    {
      "领导人姓名": "林彩玲",
      "职位描述": "董事",
      "期初持股数": "58227739",
      "期末持股数": "58227739",
      "间接持股数": "",
      "从公司获得年度报酬总额": "263600",
      "补贴津贴": "",
      "变动原因说明": "",
      "是否在股东或关联单位领取报酬津贴": "否",
      "在任与否": "是"
    },
    {
      "领导人姓名": "李英",
      "职位描述": "独立董事",
      "期初持股数": "0",
      "期末持股数": "0",
      "间接持股数": "",
      "从公司获得年度报酬总额": "70000",
      "补贴津贴": "",
      "变动原因说明": "",
      "是否在股东或关联单位领取报酬津贴": "否",
      "在任与否": "是"
    },
    {
      "领导人姓名": "汪志锋",
      "职位描述": "独立董事",
      "期初持股数": "0",
      "期末持股数": "0",
      "间接持股数": "",
      "从公司获得年度报酬总额": "70000",
      "补贴津贴": "",
      "变动原因说明": "",
      "是否在股东或关联单位领取报酬津贴": "否",
      "在任与否": "是"
    },
    {
      "领导人姓名": "张益焕",
      "职位描述": "独立董事",
      "期初持股数": "0",
      "期末持股数": "0",
      "间接持股数": "",
      "从公司获得年度报酬总额": "70000",
      "补贴津贴": "",
      "变动原因说明": "",
      "是否在股东或关联单位领取报酬津贴": "是",
      "在任与否": "是"
    },
    {
      "领导人姓名": "张洁",
      "职位描述": "职工代表董事",
      "期初持股数": "0",
      "期末持股数": "0",
      "间接持股数": "",
      "从公司获得年度报酬总额": "362400",
      "补贴津贴": "",
      "变动原因说明": "",
      "是否在股东或关联单位领取报酬津贴": "否",
      "在任与否": "是"
    },
    {
      "领导人姓名": "张海峡",
      "职位描述": "董事会秘书、财务总监",
      "期初持股数": "183900",
      "期末持股数": "131400",
      "间接持股数": "",
      "从公司获得年度报酬总额": "764400",
      "补贴津贴": "",
      "变动原因说明": "股权激励限制性股票回购注销（公司2024年度业绩考核未达标，第二个解除限售期条件未成就）",
      "是否在股东或关联单位领取报酬津贴": "否",
      "在任与否": "是"
    },
    {
      "领导人姓名": "张宴臣",
      "职位描述": "副总经理",
      "期初持股数": "173800",
      "期末持股数": "126550",
      "间接持股数": "",
      "从公司获得年度报酬总额": "1091500",
      "补贴津贴": "",
      "变动原因说明": "股权激励限制性股票回购注销（公司2024年度业绩考核未达标，第二个解除限售期条件未成就）",
      "是否在股东或关联单位领取报酬津贴": "否",
      "在任与否": "是"
    },
    {
      "领导人姓名": "徐喜中",
      "职位描述": "副总经理",
      "期初持股数": "184000",
      "期末持股数": "131500",
      "间接持股数": "",
      "从公司获得年度报酬总额": "600400",
      "补贴津贴": "",
      "变动原因说明": "限售期条件未成就",
      "是否在股东或关联单位领取报酬津贴": "否",
      "在任与否": "是"
    },
    {
      "领导人姓名": "曹亮",
      "职位描述": "副总经理",
      "期初持股数": "1285318",
      "期末持股数": "1285318",
      "间接持股数": "",
      "从公司获得年度报酬总额": "667000",
      "补贴津贴": "",
      "变动原因说明": "",
      "是否在股东或关联单位领取报酬津贴": "否",
      "在任与否": "是"
    }
  ]
}

=== 603988-2026-04-18-中电电机-中电电机2025年年度报告.pdf ===
{
  "Leader_Salary_data": {
    "实际所得报酬总额起始": "6072400",
    "实际所得报酬总额截止": "6072400",
    "实际所得报酬总额涉及人数": ""
  },
  "Leader_Hold_data": [
    {
      "领导人姓名": "轩秀丽",
      "职位描述": "董事长",
      "期初持股数": "0",
      "期末持股数": "0",
      "间接持股数": "",
      "从公司获得年度报酬总额": "1980000",
      "补贴津贴": "",
      "变动原因说明": "",
      "是否在股东或关联单位领取报酬津贴": "否",
      "在任与否": "是"
    },
    {
      "领导人姓名": "郭文军",
      "职位描述": "董事",
      "期初持股数": "0",
      "期末持股数": "0",
      "间接持股数": "",
      "从公司获得年度报酬总额": "0",
      "补贴津贴": "",
      "变动原因说明": "",
      "是否在股东或关联单位领取报酬津贴": "是",
      "在任与否": "是"
    },
    {
      "领导人姓名": "郭文忠",
      "职位描述": "董事",
      "期初持股数": "0",
      "期末持股数": "0",
      "间接持股数": "",
      "从公司获得年度报酬总额": "0",
      "补贴津贴": "",
      "变动原因说明": "",
      "是否在股东或关联单位领取报酬津贴": "是",
      "在任与否": "是"
    },
    {
      "领导人姓名": "刘黎明",
      "职位描述": "董事、总经理、董秘",
      "期初持股数": "0",
      "期末持股数": "0",
      "间接持股数": "",
      "从公司获得年度报酬总额": "1466700",
      "补贴津贴": "",
      "变动原因说明": "",
      "是否在股东或关联单位领取报酬津贴": "否",
      "在任与否": "是"
    },
    {
      "领导人姓名": "王萱",
      "职位描述": "董事、副总经理、财务负责人",
      "期初持股数": "0",
      "期末持股数": "0",
      "间接持股数": "",
      "从公司获得年度报酬总额": "1466700",
      "补贴津贴": "",
      "变动原因说明": "",
      "是否在股东或关联单位领取报酬津贴": "否",
      "在任与否": "是"
    },
    {
      "领导人姓名": "刘锴",
      "职位描述": "董事、副总经理",
      "期初持股数": "0",
      "期末持股数": "0",
      "间接持股数": "",
      "从公司获得年度报酬总额": "589500",
      "补贴津贴": "",
      "变动原因说明": "",
      "是否在股东或关联单位领取报酬津贴": "否",
      "在任与否": "是"
    },
    {
      "领导人姓名": "黄荷暑",
      "职位描述": "独立董事",
      "期初持股数": "0",
      "期末持股数": "0",
      "间接持股数": "",
      "从公司获得年度报酬总额": "75000",
      "补贴津贴": "",
      "变动原因说明": "",
      "是否在股东或关联单位领取报酬津贴": "否",
      "在任与否": "是"
    },
    {
      "领导人姓名": "王造吉",
      "职位描述": "独立董事",
      "期初持股数": "0",
      "期末持股数": "0",
      "间接持股数": "",
      "从公司获得年度报酬总额": "75000",
      "补贴津贴": "",
      "变动原因说明": "",
      "是否在股东或关联单位领取报酬津贴": "否",
      "在任与否": "是"
    },
    {
      "领导人姓名": "黄侦武",
      "职位描述": "独立董事",
      "期初持股数": "0",
      "期末持股数": "0",
      "间接持股数": "",
      "从公司获得年度报酬总额": "75000",
      "补贴津贴": "",
      "变动原因说明": "",
      "是否在股东或关联单位领取报酬津贴": "否",
      "在任与否": "是"
    },
    {
      "领导人姓名": "熊小兵",
      "职位描述": "董事长",
      "期初持股数": "0",
      "期末持股数": "0",
      "间接持股数": "",
      "从公司获得年度报酬总额": "0",
      "补贴津贴": "",
      "变动原因说明": "",
      "是否在股东或关联单位领取报酬津贴": "否",
      "在任与否": "否"
    },
    {
      "领导人姓名": "陈铨",
      "职位描述": "董事",
      "期初持股数": "0",
      "期末持股数": "0",
      "间接持股数": "",
      "从公司获得年度报酬总额": "0",
      "补贴津贴": "",
      "变动原因说明": "",
      "是否在股东或关联单位领取报酬津贴": "否",
      "在任与否": "否"
    },
    {
      "领导人姓名": "任思潼",
      "职位描述": "董事",
      "期初持股数": "0",
      "期末持股数": "0",
      "间接持股数": "",
      "从公司获得年度报酬总额": "0",
      "补贴津贴": "",
      "变动原因说明": "",
      "是否在股东或关联单位领取报酬津贴": "否",
      "在任与否": "否"
    },
    {
      "领导人姓名": "王建裕",
      "职位描述": "董事、总经理",
      "期初持股数": "37928294",
      "期末持股数": "37928294",
      "间接持股数": "",
      "从公司获得年度报酬总额": "98200",
      "补贴津贴": "",
      "变动原因说明": "",
      "是否在股东或关联单位领取报酬津贴": "是",
      "在任与否": "否"
    },
    {
      "领导人姓名": "黄益建",
      "职位描述": "独立董事",
      "期初持股数": "0",
      "期末持股数": "0",
      "间接持股数": "",
      "从公司获得年度报酬总额": "20800",
      "补贴津贴": "",
      "变动原因说明": "",
      "是否在股东或关联单位领取报酬津贴": "否",
      "在任与否": "否"
    },
    {
      "领导人姓名": "吕丹丹",
      "职位描述": "独立董事",
      "期初持股数": "0",
      "期末持股数": "0",
      "间接持股数": "",
      "从公司获得年度报酬总额": "20800",
      "补贴津贴": "",
      "变动原因说明": "",
      "是否在股东或关联单位领取报酬津贴": "否",
      "在任与否": "否"
    },
    {
      "领导人姓名": "陈伟华",
      "职位描述": "独立董事",
      "期初持股数": "0",
      "期末持股数": "0",
      "间接持股数": "",
      "从公司获得年度报酬总额": "20800",
      "补贴津贴": "",
      "变动原因说明": "",
      "是否在股东或关联单位领取报酬津贴": "否",
      "在任与否": "否"
    },
    {
      "领导人姓名": "杨志明",
      "职位描述": "副经理、财务负责人",
      "期初持股数": "0",
      "期末持股数": "0",
      "间接持股数": "",
      "从公司获得年度报酬总额": "60600",
      "补贴津贴": "",
      "变动原因说明": "",
      "是否在股东或关联单位领取报酬津贴": "否",
      "在任与否": "否"
    },
    {
      "领导人姓名": "沈国新",
      "职位描述": "副经理",
      "期初持股数": "0",
      "期末持股数": "0",
      "间接持股数": "",
      "从公司获得年度报酬总额": "64500",
      "补贴津贴": "",
      "变动原因说明": "",
      "是否在股东或关联单位领取报酬津贴": "否",
      "在任与否": "否"
    },
    {
      "领导人姓名": "刘国徽",
      "职位描述": "副经理、工程师",
      "期初持股数": "0",
      "期末持股数": "0",
      "间接持股数": "",
      "从公司获得年度报酬总额": "58800",
      "补贴津贴": "",
      "变动原因说明": "",
      "是否在股东或关联单位领取报酬津贴": "否",
      "在任与否": "否"
    }
  ]
}

=== 603708-2026-04-18-家家悦-家家悦集团股份有限公司2025年年度报告.pdf ===
{
  "Leader_Salary_data": {
    "实际所得报酬总额起始": "10020100",
    "实际所得报酬总额截止": "10020100",
    "实际所得报酬总额涉及人数": ""
  },
  "Leader_Hold_data": [
    {
      "领导人姓名": "王培桓",
      "职位描述": "董事长、总经理",
      "期初持股数": "0",
      "期末持股数": "0",
      "间接持股数": "",
      "从公司获得年度报酬总额": "1100000",
      "补贴津贴": "",
      "变动原因说明": "",
      "是否在股东或关联单位领取报酬津贴": "否",
      "在任与否": "是"
    },
    {
      "领导人姓名": "傅元惠",
      "职位描述": "董事、常务副总经理",
      "期初持股数": "0",
      "期末持股数": "0",
      "间接持股数": "",
      "从公司获得年度报酬总额": "1320000",
      "补贴津贴": "",
      "变动原因说明": "",
      "是否在股东或关联单位领取报酬津贴": "否",
      "在任与否": "是"
    },
    {
      "领导人姓名": "毕美云",
      "职位描述": "职工代表董事",
      "期初持股数": "0",
      "期末持股数": "0",
      "间接持股数": "",
      "从公司获得年度报酬总额": "380000",
      "补贴津贴": "",
      "变动原因说明": "",
      "是否在股东或关联单位领取报酬津贴": "否",
      "在任与否": "是"
    },
    {
      "领导人姓名": "赵熠",
      "职位描述": "董事",
      "期初持股数": "0",
      "期末持股数": "0",
      "间接持股数": "",
      "从公司获得年度报酬总额": "",
      "补贴津贴": "",
      "变动原因说明": "",
      "是否在股东或关联单位领取报酬津贴": "是",
      "在任与否": "是"
    },
    {
      "领导人姓名": "刘红霞",
      "职位描述": "独立董事",
      "期初持股数": "0",
      "期末持股数": "0",
      "间接持股数": "",
      "从公司获得年度报酬总额": "59700",
      "补贴津贴": "",
      "变动原因说明": "",
      "是否在股东或关联单位领取报酬津贴": "否",
      "在任与否": "是"
    },
    {
      "领导人姓名": "曲国霞",
      "职位描述": "独立董事",
      "期初持股数": "0",
      "期末持股数": "0",
      "间接持股数": "",
      "从公司获得年度报酬总额": "59700",
      "补贴津贴": "",
      "变动原因说明": "",
      "是否在股东或关联单位领取报酬津贴": "否",
      "在任与否": "是"
    },
    {
      "领导人姓名": "姜爱丽",
      "职位描述": "独立董事",
      "期初持股数": "0",
      "期末持股数": "0",
      "间接持股数": "",
      "从公司获得年度报酬总额": "59700",
      "补贴津贴": "",
      "变动原因说明": "",
      "是否在股东或关联单位领取报酬津贴": "否",
      "在任与否": "是"
    },
    {
      "领导人姓名": "丁明波",
      "职位描述": "副总经理",
      "期初持股数": "0",
      "期末持股数": "0",
      "间接持股数": "",
      "从公司获得年度报酬总额": "800000",
      "补贴津贴": "",
      "变动原因说明": "",
      "是否在股东或关联单位领取报酬津贴": "否",
      "在任与否": "是"
    },
    {
      "领导人姓名": "李美",
      "职位描述": "副总经理",
      "期初持股数": "0",
      "期末持股数": "0",
      "间接持股数": "",
      "从公司获得年度报酬总额": "1200000",
      "补贴津贴": "",
      "变动原因说明": "",
      "是否在股东或关联单位领取报酬津贴": "否",
      "在任与否": "是"
    },
    {
      "领导人姓名": "李新",
      "职位描述": "副总经理",
      "期初持股数": "0",
      "期末持股数": "0",
      "间接持股数": "",
      "从公司获得年度报酬总额": "1100000",
      "补贴津贴": "",
      "变动原因说明": "",
      "是否在股东或关联单位领取报酬津贴": "否",
      "在任与否": "是"
    },
    {
      "领导人姓名": "谢文龙",
      "职位描述": "副总经理",
      "期初持股数": "0",
      "期末持股数": "0",
      "间接持股数": "",
      "从公司获得年度报酬总额": "1040000",
      "补贴津贴": "",
      "变动原因说明": "",
      "是否在股东或关联单位领取报酬津贴": "否",
      "在任与否": "是"
    },
    {
      "领导人姓名": "杨敏",
      "职位描述": "副总经理",
      "期初持股数": "0",
      "期末持股数": "0",
      "间接持股数": "",
      "从公司获得年度报酬总额": "950000",
      "补贴津贴": "",
      "变动原因说明": "",
      "是否在股东或关联单位领取报酬津贴": "否",
      "在任与否": "是"
    },
    {
      "领导人姓名": "侯翠蓉",
      "职位描述": "副总经理",
      "期初持股数": "0",
      "期末持股数": "0",
      "间接持股数": "",
      "从公司获得年度报酬总额": "800000",
      "补贴津贴": "",
      "变动原因说明": "",
      "是否在股东或关联单位领取报酬津贴": "否",
      "在任与否": "是"
    },
    {
      "领导人姓名": "周承生",
      "职位描述": "董事会秘书",
      "期初持股数": "0",
      "期末持股数": "0",
      "间接持股数": "",
      "从公司获得年度报酬总额": "550000",
      "补贴津贴": "",
      "变动原因说明": "",
      "是否在股东或关联单位领取报酬津贴": "否",
      "在任与否": "是"
    },
    {
      "领导人姓名": "姜文霞",
      "职位描述": "财务总监",
      "期初持股数": "0",
      "期末持股数": "0",
      "间接持股数": "",
      "从公司获得年度报酬总额": "480000",
      "补贴津贴": "",
      "变动原因说明": "",
      "是否在股东或关联单位领取报酬津贴": "否",
      "在任与否": "是"
    },
    {
      "领导人姓名": "翁怡诺",
      "职位描述": "董事",
      "期初持股数": "0",
      "期末持股数": "0",
      "间接持股数": "",
      "从公司获得年度报酬总额": "",
      "补贴津贴": "",
      "变动原因说明": "",
      "是否在股东或关联单位领取报酬津贴": "是",
      "在任与否": "否"
    },
    {
      "领导人姓名": "顾国建",
      "职位描述": "独立董事",
      "期初持股数": "0",
      "期末持股数": "0",
      "间接持股数": "",
      "从公司获得年度报酬总额": "40300",
      "补贴津贴": "",
      "变动原因说明": "",
      "是否在股东或关联单位领取报酬津贴": "否",
      "在任与否": "否"
    },
    {
      "领导人姓名": "刘京建",
      "职位描述": "独立董事",
      "期初持股数": "0",
      "期末持股数": "0",
      "间接持股数": "",
      "从公司获得年度报酬总额": "40300",
      "补贴津贴": "",
      "变动原因说明": "",
      "是否在股东或关联单位领取报酬津贴": "否",
      "在任与否": "否"
    },
    {
      "领导人姓名": "魏紫",
      "职位描述": "独立董事",
      "期初持股数": "0",
      "期末持股数": "0",
      "间接持股数": "",
      "从公司获得年度报酬总额": "40300",
      "补贴津贴": "",
      "变动原因说明": "",
      "是否在股东或关联单位领取报酬津贴": "否",
      "在任与否": "否"
    }
  ]
}

=== 603615-2026-04-18-茶花股份-2025年年度报告.pdf ===
{
  "Leader_Salary_data": {
    "实际所得报酬总额起始": "",
    "实际所得报酬总额截止": "",
    "实际所得报酬总额涉及人数": ""
  },
  "Leader_Hold_data": [
    {
      "领导人姓名": "陈葵生",
      "职位描述": "董事长",
      "期初持股数": "17956412",
      "期末持股数": "17956412",
      "间接持股数": "",
      "从公司获得年度报酬总额": "985260.00",
      "补贴津贴": "",
      "变动原因说明": "",
      "是否在股东或关联单位领取报酬津贴": "否",
      "在任与否": "是"
    },
    {
      "领导人姓名": "张程",
      "职位描述": "董事",
      "期初持股数": "0",
      "期末持股数": "0",
      "间接持股数": "",
      "从公司获得年度报酬总额": "0.00",
      "补贴津贴": "",
      "变动原因说明": "",
      "是否在股东或关联单位领取报酬津贴": "是",
      "在任与否": "是"
    },
    {
      "领导人姓名": "王永庆",
      "职位描述": "董事",
      "期初持股数": "0",
      "期末持股数": "0",
      "间接持股数": "",
      "从公司获得年度报酬总额": "0.00",
      "补贴津贴": "",
      "变动原因说明": "",
      "是否在股东或关联单位领取报酬津贴": "是",
      "在任与否": "是"
    },
    {
      "领导人姓名": "陈友梅",
      "职位描述": "董事、总经理",
      "期初持股数": "0",
      "期末持股数": "0",
      "间接持股数": "",
      "从公司获得年度报酬总额": "1525260.00",
      "补贴津贴": "",
      "变动原因说明": "",
      "是否在股东或关联单位领取报酬津贴": "否",
      "在任与否": "是"
    },
    {
      "领导人姓名": "翁林彦",
      "职位描述": "董事、副总经理、董事会秘书",
      "期初持股数": "120000",
      "期末持股数": "120000",
      "间接持股数": "",
      "从公司获得年度报酬总额": "1028867.00",
      "补贴津贴": "",
      "变动原因说明": "",
      "是否在股东或关联单位领取报酬津贴": "否",
      "在任与否": "是"
    },
    {
      "领导人姓名": "陈志海",
      "职位描述": "职工代表董事、副总经理、董事",
      "期初持股数": "160000",
      "期末持股数": "120000",
      "间接持股数": "",
      "从公司获得年度报酬总额": "1528860.00",
      "补贴津贴": "",
      "变动原因说明": "个人资金需求",
      "是否在股东或关联单位领取报酬津贴": "否",
      "在任与否": "是"
    },
    {
      "领导人姓名": "林琳",
      "职位描述": "独立董事",
      "期初持股数": "0",
      "期末持股数": "0",
      "间接持股数": "",
      "从公司获得年度报酬总额": "64163.00",
      "补贴津贴": "",
      "变动原因说明": "",
      "是否在股东或关联单位领取报酬津贴": "否",
      "在任与否": "是"
    },
    {
      "领导人姓名": "肖阳",
      "职位描述": "独立董事",
      "期初持股数": "0",
      "期末持股数": "0",
      "间接持股数": "",
      "从公司获得年度报酬总额": "69996.00",
      "补贴津贴": "",
      "变动原因说明": "",
      "是否在股东或关联单位领取报酬津贴": "否",
      "在任与否": "是"
    },
    {
      "领导人姓名": "胡跃明",
      "职位描述": "独立董事",
      "期初持股数": "0",
      "期末持股数": "0",
      "间接持股数": "",
      "从公司获得年度报酬总额": "64163.00",
      "补贴津贴": "",
      "变动原因说明": "",
      "是否在股东或关联单位领取报酬津贴": "否",
      "在任与否": "是"
    },
    {
      "领导人姓名": "林杰",
      "职位描述": "财务总监",
      "期初持股数": "0",
      "期末持股数": "0",
      "间接持股数": "",
      "从公司获得年度报酬总额": "581364.00",
      "补贴津贴": "",
      "变动原因说明": "",
      "是否在股东或关联单位领取报酬津贴": "否",
      "在任与否": "是"
    },
    {
      "领导人姓名": "陈明生",
      "职位描述": "董事",
      "期初持股数": "19433126",
      "期末持股数": "19433126",
      "间接持股数": "",
      "从公司获得年度报酬总额": "0.00",
      "补贴津贴": "",
      "变动原因说明": "",
      "是否在股东或关联单位领取报酬津贴": "否",
      "在任与否": "否"
    },
    {
      "领导人姓名": "林世福",
      "职位描述": "董事",
      "期初持股数": "9087513",
      "期末持股数": "9087513",
      "间接持股数": "",
      "从公司获得年度报酬总额": "0.00",
      "补贴津贴": "",
      "变动原因说明": "",
      "是否在股东或关联单位领取报酬津贴": "否",
      "在任与否": "否"
    },
    {
      "领导人姓名": "陈冠宇",
      "职位描述": "董事",
      "期初持股数": "45796611",
      "期末持股数": "45796611",
      "间接持股数": "",
      "从公司获得年度报酬总额": "16946.00",
      "补贴津贴": "",
      "变动原因说明": "",
      "是否在股东或关联单位领取报酬津贴": "否",
      "在任与否": "否"
    },
    {
      "领导人姓名": "王艳艳",
      "职位描述": "独立董事",
      "期初持股数": "0",
      "期末持股数": "0",
      "间接持股数": "",
      "从公司获得年度报酬总额": "11666.00",
      "补贴津贴": "",
      "变动原因说明": "",
      "是否在股东或关联单位领取报酬津贴": "否",
      "在任与否": "否"
    },
    {
      "领导人姓名": "罗希",
      "职位描述": "独立董事",
      "期初持股数": "0",
      "期末持股数": "0",
      "间接持股数": "",
      "从公司获得年度报酬总额": "11666.00",
      "补贴津贴": "",
      "变动原因说明": "",
      "是否在股东或关联单位领取报酬津贴": "否",
      "在任与否": "否"
    },
    {
      "领导人姓名": "阮建锐",
      "职位描述": "监事会主席",
      "期初持股数": "0",
      "期末持股数": "0",
      "间接持股数": "",
      "从公司获得年度报酬总额": "17935.00",
      "补贴津贴": "",
      "变动原因说明": "",
      "是否在股东或关联单位领取报酬津贴": "否",
      "在任与否": "否"
    },
    {
      "领导人姓名": "李凯",
      "职位描述": "监事会主席",
      "期初持股数": "0",
      "期末持股数": "0",
      "间接持股数": "",
      "从公司获得年度报酬总额": "137700.00",
      "补贴津贴": "",
      "变动原因说明": "",
      "是否在股东或关联单位领取报酬津贴": "否",
      "在任与否": "否"
    },
    {
      "领导人姓名": "黄群",
      "职位描述": "股东代表监事",
      "期初持股数": "0",
      "期末持股数": "0",
      "间接持股数": "",
      "从公司获得年度报酬总额": "683690.00",
      "补贴津贴": "",
      "变动原因说明": "",
      "是否在股东或关联单位领取报酬津贴": "否",
      "在任与否": "否"
    },
    {
      "领导人姓名": "陈奋明",
      "职位描述": "职工代表监事",
      "期初持股数": "0",
      "期末持股数": "0",
      "间接持股数": "",
      "从公司获得年度报酬总额": "238794.88",
      "补贴津贴": "",
      "变动原因说明": "",
      "是否在股东或关联单位领取报酬津贴": "否",
      "在任与否": "否"
    },
    {
      "领导人姓名": "叶蕻蒨",
      "职位描述": "副总经理",
      "期初持股数": "40000",
      "期末持股数": "0",
      "间接持股数": "",
      "从公司获得年度报酬总额": "44780.00",
      "补贴津贴": "",
      "变动原因说明": "无",
      "是否在股东或关联单位领取报酬津贴": "否",
      "在任与否": "否"
    },
    {
      "领导人姓名": "唐震坤",
      "职位描述": "副总经理",
      "期初持股数": "17800",
      "期末持股数": "17800",
      "间接持股数": "",
      "从公司获得年度报酬总额": "180681.30",
      "补贴津贴": "",
      "变动原因说明": "",
      "是否在股东或关联单位领取报酬津贴": "否",
      "在任与否": "否"
    }
  ]
}

=== 603766-2026-04-18-隆鑫通用-隆鑫通用动力股份有限公司2025年年度报告.pdf ===
{
  "Leader_Salary_data": {
    "实际所得报酬总额起始": "24979600",
    "实际所得报酬总额截止": "24979600",
    "实际所得报酬总额涉及人数": ""
  },
  "Leader_Hold_data": [
    {
      "领导人姓名": "李耀",
      "职位描述": "董事长、董事",
      "期初持股数": "0",
      "期末持股数": "0",
      "间接持股数": "",
      "从公司获得年度报酬总额": "300000",
      "补贴津贴": "",
      "变动原因说明": "",
      "是否在股东或关联单位领取报酬津贴": "是",
      "在任与否": "是"
    },
    {
      "领导人姓名": "胡显源",
      "职位描述": "董事",
      "期初持股数": "0",
      "期末持股数": "0",
      "间接持股数": "",
      "从公司获得年度报酬总额": "200000",
      "补贴津贴": "",
      "变动原因说明": "",
      "是否在股东或关联单位领取报酬津贴": "是",
      "在任与否": "是"
    },
    {
      "领导人姓名": "黄培国",
      "职位描述": "董事",
      "期初持股数": "0",
      "期末持股数": "0",
      "间接持股数": "",
      "从公司获得年度报酬总额": "200000",
      "补贴津贴": "",
      "变动原因说明": "",
      "是否在股东或关联单位领取报酬津贴": "是",
      "在任与否": "是"
    },
    {
      "领导人姓名": "焦一洋",
      "职位描述": "董事",
      "期初持股数": "0",
      "期末持股数": "0",
      "间接持股数": "",
      "从公司获得年度报酬总额": "200000",
      "补贴津贴": "",
      "变动原因说明": "",
      "是否在股东或关联单位领取报酬津贴": "是",
      "在任与否": "是"
    },
    {
      "领导人姓名": "刘昭",
      "职位描述": "董事",
      "期初持股数": "0",
      "期末持股数": "0",
      "间接持股数": "",
      "从公司获得年度报酬总额": "200000",
      "补贴津贴": "",
      "变动原因说明": "",
      "是否在股东或关联单位领取报酬津贴": "是",
      "在任与否": "是"
    },
    {
      "领导人姓名": "龚晖",
      "职位描述": "董事（离任）、总经理、职工董事",
      "期初持股数": "1429250",
      "期末持股数": "1079250",
      "间接持股数": "",
      "从公司获得年度报酬总额": "6751600",
      "补贴津贴": "",
      "变动原因说明": "集中竞价减持",
      "是否在股东或关联单位领取报酬津贴": "否",
      "在任与否": "是"
    },
    {
      "领导人姓名": "刘建新",
      "职位描述": "独立董事",
      "期初持股数": "0",
      "期末持股数": "0",
      "间接持股数": "",
      "从公司获得年度报酬总额": "250000",
      "补贴津贴": "",
      "变动原因说明": "",
      "是否在股东或关联单位领取报酬津贴": "否",
      "在任与否": "是"
    },
    {
      "领导人姓名": "陈定文",
      "职位描述": "独立董事",
      "期初持股数": "0",
      "期末持股数": "0",
      "间接持股数": "",
      "从公司获得年度报酬总额": "250000",
      "补贴津贴": "",
      "变动原因说明": "",
      "是否在股东或关联单位领取报酬津贴": "否",
      "在任与否": "是"
    },
    {
      "领导人姓名": "杨泽延",
      "职位描述": "独立董事",
      "期初持股数": "0",
      "期末持股数": "0",
      "间接持股数": "",
      "从公司获得年度报酬总额": "208300",
      "补贴津贴": "",
      "变动原因说明": "",
      "是否在股东或关联单位领取报酬津贴": "否",
      "在任与否": "是"
    },
    {
      "领导人姓名": "陈艺方",
      "职位描述": "副总经理、常务副总经理",
      "期初持股数": "0",
      "期末持股数": "0",
      "间接持股数": "",
      "从公司获得年度报酬总额": "4250200",
      "补贴津贴": "",
      "变动原因说明": "",
      "是否在股东或关联单位领取报酬津贴": "否",
      "在任与否": "是"
    },
    {
      "领导人姓名": "黎军",
      "职位描述": "副总经理",
      "期初持股数": "160100",
      "期末持股数": "160100",
      "间接持股数": "",
      "从公司获得年度报酬总额": "3365200",
      "补贴津贴": "",
      "变动原因说明": "",
      "是否在股东或关联单位领取报酬津贴": "否",
      "在任与否": "是"
    },
    {
      "领导人姓名": "余波",
      "职位描述": "副总经理",
      "期初持股数": "0",
      "期末持股数": "0",
      "间接持股数": "",
      "从公司获得年度报酬总额": "3115100",
      "补贴津贴": "",
      "变动原因说明": "",
      "是否在股东或关联单位领取报酬津贴": "否",
      "在任与否": "是"
    },
    {
      "领导人姓名": "王建超",
      "职位描述": "财务总监、副总经理",
      "期初持股数": "408750",
      "期末持股数": "308750",
      "间接持股数": "",
      "从公司获得年度报酬总额": "2739000",
      "补贴津贴": "",
      "变动原因说明": "集中竞价减持",
      "是否在股东或关联单位领取报酬津贴": "否",
      "在任与否": "是"
    },
    {
      "领导人姓名": "张诚",
      "职位描述": "副总经理",
      "期初持股数": "0",
      "期末持股数": "0",
      "间接持股数": "",
      "从公司获得年度报酬总额": "420200",
      "补贴津贴": "",
      "变动原因说明": "",
      "是否在股东或关联单位领取报酬津贴": "否",
      "在任与否": "是"
    },
    {
      "领导人姓名": "叶珂伽",
      "职位描述": "董事会秘书",
      "期初持股数": "0",
      "期末持股数": "0",
      "间接持股数": "",
      "从公司获得年度报酬总额": "2460900",
      "补贴津贴": "",
      "变动原因说明": "",
      "是否在股东或关联单位领取报酬津贴": "否",
      "在任与否": "是"
    },
    {
      "领导人姓名": "刘嘉祺",
      "职位描述": "董事（离任)",
      "期初持股数": "0",
      "期末持股数": "0",
      "间接持股数": "",
      "从公司获得年度报酬总额": "27400",
      "补贴津贴": "",
      "变动原因说明": "",
      "是否在股东或关联单位领取报酬津贴": "否",
      "在任与否": "否"
    },
    {
      "领导人姓名": "晏国菀",
      "职位描述": "独立董事（离任)",
      "期初持股数": "0",
      "期末持股数": "0",
      "间接持股数": "",
      "从公司获得年度报酬总额": "41700",
      "补贴津贴": "",
      "变动原因说明": "",
      "是否在股东或关联单位领取报酬津贴": "否",
      "在任与否": "否"
    }
  ]
}

=== 605376-2026-04-18-博迁新材-江苏博迁新材料股份有限公司2025年年度报告.pdf ===
{
  "Leader_Salary_data": {
    "实际所得报酬总额起始": "9137800",
    "实际所得报酬总额截止": "9137800",
    "实际所得报酬总额涉及人数": ""
  },
  "Leader_Hold_data": [
    {
      "领导人姓名": "王利平",
      "职位描述": "董事长",
      "期初持股数": "0",
      "期末持股数": "0",
      "间接持股数": "",
      "从公司获得年度报酬总额": "1403500",
      "补贴津贴": "",
      "变动原因说明": "",
      "是否在股东或关联单位领取报酬津贴": "是",
      "在任与否": "是"
    },
    {
      "领导人姓名": "陈钢强",
      "职位描述": "董事、总经理",
      "期初持股数": "12999200",
      "期末持股数": "13080000",
      "间接持股数": "",
      "从公司获得年度报酬总额": "1401400",
      "补贴津贴": "",
      "变动原因说明": "增持",
      "是否在股东或关联单位领取报酬津贴": "否",
      "在任与否": "否"
    },
    {
      "领导人姓名": "裘欧特",
      "职位描述": "董事、财务负责人、总经理",
      "期初持股数": "0",
      "期末持股数": "0",
      "间接持股数": "",
      "从公司获得年度报酬总额": "1083500",
      "补贴津贴": "",
      "变动原因说明": "",
      "是否在股东或关联单位领取报酬津贴": "否",
      "在任与否": "是"
    },
    {
      "领导人姓名": "江益龙",
      "职位描述": "董事、副总经理",
      "期初持股数": "0",
      "期末持股数": "0",
      "间接持股数": "",
      "从公司获得年度报酬总额": "1083500",
      "补贴津贴": "",
      "变动原因说明": "",
      "是否在股东或关联单位领取报酬津贴": "否",
      "在任与否": "是"
    },
    {
      "领导人姓名": "赵登永",
      "职位描述": "董事",
      "期初持股数": "0",
      "期末持股数": "0",
      "间接持股数": "",
      "从公司获得年度报酬总额": "903500",
      "补贴津贴": "",
      "变动原因说明": "",
      "是否在股东或关联单位领取报酬津贴": "否",
      "在任与否": "是"
    },
    {
      "领导人姓名": "蒋颖",
      "职位描述": "董事、董事会秘书",
      "期初持股数": "0",
      "期末持股数": "0",
      "间接持股数": "",
      "从公司获得年度报酬总额": "928500",
      "补贴津贴": "",
      "变动原因说明": "",
      "是否在股东或关联单位领取报酬津贴": "否",
      "在任与否": "是"
    },
    {
      "领导人姓名": "蔡俊",
      "职位描述": "监事会主席、职工董事",
      "期初持股数": "0",
      "期末持股数": "0",
      "间接持股数": "",
      "从公司获得年度报酬总额": "485000",
      "补贴津贴": "",
      "变动原因说明": "",
      "是否在股东或关联单位领取报酬津贴": "否",
      "在任与否": "是"
    },
    {
      "领导人姓名": "冷军",
      "职位描述": "独立董事",
      "期初持股数": "0",
      "期末持股数": "0",
      "间接持股数": "",
      "从公司获得年度报酬总额": "100000",
      "补贴津贴": "",
      "变动原因说明": "",
      "是否在股东或关联单位领取报酬津贴": "否",
      "在任与否": "是"
    },
    {
      "领导人姓名": "姜苏挺",
      "职位描述": "独立董事",
      "期初持股数": "0",
      "期末持股数": "0",
      "间接持股数": "",
      "从公司获得年度报酬总额": "100000",
      "补贴津贴": "",
      "变动原因说明": "",
      "是否在股东或关联单位领取报酬津贴": "否",
      "在任与否": "是"
    },
    {
      "领导人姓名": "徐金富",
      "职位描述": "独立董事",
      "期初持股数": "0",
      "期末持股数": "0",
      "间接持股数": "",
      "从公司获得年度报酬总额": "3500",
      "补贴津贴": "",
      "变动原因说明": "",
      "是否在股东或关联单位领取报酬津贴": "否",
      "在任与否": "是"
    },
    {
      "领导人姓名": "杨洪新",
      "职位描述": "独立董事",
      "期初持股数": "0",
      "期末持股数": "0",
      "间接持股数": "",
      "从公司获得年度报酬总额": "96500",
      "补贴津贴": "",
      "变动原因说明": "",
      "是否在股东或关联单位领取报酬津贴": "否",
      "在任与否": "否"
    },
    {
      "领导人姓名": "舒丽红",
      "职位描述": "副总经理",
      "期初持股数": "0",
      "期末持股数": "0",
      "间接持股数": "",
      "从公司获得年度报酬总额": "773500",
      "补贴津贴": "",
      "变动原因说明": "",
      "是否在股东或关联单位领取报酬津贴": "否",
      "在任与否": "是"
    },
    {
      "领导人姓名": "彭家斌",
      "职位描述": "职工监事、副总经理",
      "期初持股数": "0",
      "期末持股数": "0",
      "间接持股数": "",
      "从公司获得年度报酬总额": "763000",
      "补贴津贴": "",
      "变动原因说明": "",
      "是否在股东或关联单位领取报酬津贴": "否",
      "在任与否": "是"
    },
    {
      "领导人姓名": "李景厅",
      "职位描述": "财务负责人",
      "期初持股数": "0",
      "期末持股数": "0",
      "间接持股数": "",
      "从公司获得年度报酬总额": "12400",
      "补贴津贴": "",
      "变动原因说明": "",
      "是否在股东或关联单位领取报酬津贴": "否",
      "在任与否": "是"
    }
  ]
}

=== 688020-2026-04-20-方邦股份-2025年年度报告.pdf ===
{
  "Leader_Salary_data": {
    "实际所得报酬总额起始": "8862100",
    "实际所得报酬总额截止": "8862100",
    "实际所得报酬总额涉及人数": ""
  },
  "Leader_Hold_data": [
    {
      "领导人姓名": "苏陟",
      "职位描述": "董事长、总经理",
      "期初持股数": "73800",
      "期末持股数": "133800",
      "间接持股数": "",
      "从公司获得年度报酬总额": "1650700",
      "补贴津贴": "",
      "变动原因说明": "股权激励归属",
      "是否在股东或关联单位领取报酬津贴": "否",
      "在任与否": "是"
    },
    {
      "领导人姓名": "胡云连",
      "职位描述": "董事",
      "期初持股数": "14555802",
      "期末持股数": "14555802",
      "间接持股数": "",
      "从公司获得年度报酬总额": "0",
      "补贴津贴": "",
      "变动原因说明": "",
      "是否在股东或关联单位领取报酬津贴": "否",
      "在任与否": "是"
    },
    {
      "领导人姓名": "李冬梅",
      "职位描述": "董事、副总经理",
      "期初持股数": "2368089",
      "期末持股数": "2428089",
      "间接持股数": "",
      "从公司获得年度报酬总额": "1821400",
      "补贴津贴": "",
      "变动原因说明": "股权激励归属",
      "是否在股东或关联单位领取报酬津贴": "否",
      "在任与否": "是"
    },
    {
      "领导人姓名": "高强",
      "职位描述": "董事、首席技术官",
      "期初持股数": "2687",
      "期末持股数": "27687",
      "间接持股数": "",
      "从公司获得年度报酬总额": "839700",
      "补贴津贴": "",
      "变动原因说明": "股权激励归属",
      "是否在股东或关联单位领取报酬津贴": "否",
      "在任与否": "是"
    },
    {
      "领导人姓名": "王靖国",
      "职位描述": "董事",
      "期初持股数": "0",
      "期末持股数": "0",
      "间接持股数": "",
      "从公司获得年度报酬总额": "48000",
      "补贴津贴": "",
      "变动原因说明": "",
      "是否在股东或关联单位领取报酬津贴": "否",
      "在任与否": "否"
    },
    {
      "领导人姓名": "叶勇",
      "职位描述": "董事",
      "期初持股数": "604018",
      "期末持股数": "454419",
      "间接持股数": "",
      "从公司获得年度报酬总额": "0",
      "补贴津贴": "",
      "变动原因说明": "减持",
      "是否在股东或关联单位领取报酬津贴": "否",
      "在任与否": "是"
    },
    {
      "领导人姓名": "张政军",
      "职位描述": "独立董事",
      "期初持股数": "0",
      "期末持股数": "0",
      "间接持股数": "",
      "从公司获得年度报酬总额": "72000",
      "补贴津贴": "",
      "变动原因说明": "",
      "是否在股东或关联单位领取报酬津贴": "否",
      "在任与否": "否"
    },
    {
      "领导人姓名": "金鹏",
      "职位描述": "独立董事",
      "期初持股数": "0",
      "期末持股数": "0",
      "间接持股数": "",
      "从公司获得年度报酬总额": "0",
      "补贴津贴": "",
      "变动原因说明": "",
      "是否在股东或关联单位领取报酬津贴": "否",
      "在任与否": "是"
    },
    {
      "领导人姓名": "崔小乐",
      "职位描述": "独立董事",
      "期初持股数": "0",
      "期末持股数": "0",
      "间接持股数": "",
      "从公司获得年度报酬总额": "72000",
      "补贴津贴": "",
      "变动原因说明": "",
      "是否在股东或关联单位领取报酬津贴": "否",
      "在任与否": "是"
    },
    {
      "领导人姓名": "倪丽丽",
      "职位描述": "独立董事",
      "期初持股数": "0",
      "期末持股数": "0",
      "间接持股数": "",
      "从公司获得年度报酬总额": "72000",
      "补贴津贴": "",
      "变动原因说明": "",
      "是否在股东或关联单位领取报酬津贴": "否",
      "在任与否": "是"
    },
    {
      "领导人姓名": "喻建国",
      "职位描述": "职工代表董事",
      "期初持股数": "0",
      "期末持股数": "0",
      "间接持股数": "",
      "从公司获得年度报酬总额": "598300",
      "补贴津贴": "",
      "变动原因说明": "",
      "是否在股东或关联单位领取报酬津贴": "否",
      "在任与否": "是"
    },
    {
      "领导人姓名": "王作凯",
      "职位描述": "董事会秘书",
      "期初持股数": "8130",
      "期末持股数": "33130",
      "间接持股数": "",
      "从公司获得年度报酬总额": "497500",
      "补贴津贴": "",
      "变动原因说明": "股权激励归属",
      "是否在股东或关联单位领取报酬津贴": "否",
      "在任与否": "是"
    },
    {
      "领导人姓名": "汪友涛",
      "职位描述": "财务总监",
      "期初持股数": "0",
      "期末持股数": "30000",
      "间接持股数": "",
      "从公司获得年度报酬总额": "700100",
      "补贴津贴": "",
      "变动原因说明": "股权激励归属",
      "是否在股东或关联单位领取报酬津贴": "否",
      "在任与否": "是"
    }
  ]
}

=== 605376-2026-04-20-博迁新材-江苏博迁新材料股份有限公司2025年年度报告（更正后）.pdf ===
{
  "Leader_Salary_data": {
    "实际所得报酬总额起始": "9137800",
    "实际所得报酬总额截止": "9137800",
    "实际所得报酬总额涉及人数": ""
  },
  "Leader_Hold_data": [
    {
      "领导人姓名": "王利平",
      "职位描述": "董事长",
      "期初持股数": "0",
      "期末持股数": "0",
      "间接持股数": "",
      "从公司获得年度报酬总额": "1403500",
      "补贴津贴": "",
      "变动原因说明": "",
      "是否在股东或关联单位领取报酬津贴": "是",
      "在任与否": "是"
    },
    {
      "领导人姓名": "陈钢强",
      "职位描述": "董事、总经理",
      "期初持股数": "12999200",
      "期末持股数": "13080000",
      "间接持股数": "",
      "从公司获得年度报酬总额": "1401400",
      "补贴津贴": "",
      "变动原因说明": "增持",
      "是否在股东或关联单位领取报酬津贴": "否",
      "在任与否": "否"
    },
    {
      "领导人姓名": "裘欧特",
      "职位描述": "董事、财务负责人、总经理",
      "期初持股数": "0",
      "期末持股数": "0",
      "间接持股数": "",
      "从公司获得年度报酬总额": "1083500",
      "补贴津贴": "",
      "变动原因说明": "",
      "是否在股东或关联单位领取报酬津贴": "否",
      "在任与否": "是"
    },
    {
      "领导人姓名": "江益龙",
      "职位描述": "董事、副总经理",
      "期初持股数": "0",
      "期末持股数": "0",
      "间接持股数": "",
      "从公司获得年度报酬总额": "1083500",
      "补贴津贴": "",
      "变动原因说明": "",
      "是否在股东或关联单位领取报酬津贴": "否",
      "在任与否": "是"
    },
    {
      "领导人姓名": "赵登永",
      "职位描述": "董事",
      "期初持股数": "0",
      "期末持股数": "0",
      "间接持股数": "",
      "从公司获得年度报酬总额": "903500",
      "补贴津贴": "",
      "变动原因说明": "",
      "是否在股东或关联单位领取报酬津贴": "否",
      "在任与否": "是"
    },
    {
      "领导人姓名": "蒋颖",
      "职位描述": "董事、董事会秘书",
      "期初持股数": "0",
      "期末持股数": "0",
      "间接持股数": "",
      "从公司获得年度报酬总额": "928500",
      "补贴津贴": "",
      "变动原因说明": "",
      "是否在股东或关联单位领取报酬津贴": "否",
      "在任与否": "是"
    },
    {
      "领导人姓名": "蔡俊",
      "职位描述": "监事会主席、职工董事",
      "期初持股数": "0",
      "期末持股数": "0",
      "间接持股数": "",
      "从公司获得年度报酬总额": "485000",
      "补贴津贴": "",
      "变动原因说明": "",
      "是否在股东或关联单位领取报酬津贴": "否",
      "在任与否": "是"
    },
    {
      "领导人姓名": "冷军",
      "职位描述": "独立董事",
      "期初持股数": "0",
      "期末持股数": "0",
      "间接持股数": "",
      "从公司获得年度报酬总额": "100000",
      "补贴津贴": "",
      "变动原因说明": "",
      "是否在股东或关联单位领取报酬津贴": "否",
      "在任与否": "是"
    },
    {
      "领导人姓名": "姜苏挺",
      "职位描述": "独立董事",
      "期初持股数": "0",
      "期末持股数": "0",
      "间接持股数": "",
      "从公司获得年度报酬总额": "100000",
      "补贴津贴": "",
      "变动原因说明": "",
      "是否在股东或关联单位领取报酬津贴": "否",
      "在任与否": "是"
    },
    {
      "领导人姓名": "徐金富",
      "职位描述": "独立董事",
      "期初持股数": "0",
      "期末持股数": "0",
      "间接持股数": "",
      "从公司获得年度报酬总额": "3500",
      "补贴津贴": "",
      "变动原因说明": "",
      "是否在股东或关联单位领取报酬津贴": "否",
      "在任与否": "是"
    },
    {
      "领导人姓名": "杨洪新",
      "职位描述": "独立董事",
      "期初持股数": "0",
      "期末持股数": "0",
      "间接持股数": "",
      "从公司获得年度报酬总额": "96500",
      "补贴津贴": "",
      "变动原因说明": "",
      "是否在股东或关联单位领取报酬津贴": "否",
      "在任与否": "否"
    },
    {
      "领导人姓名": "舒丽红",
      "职位描述": "副总经理",
      "期初持股数": "0",
      "期末持股数": "0",
      "间接持股数": "",
      "从公司获得年度报酬总额": "773500",
      "补贴津贴": "",
      "变动原因说明": "",
      "是否在股东或关联单位领取报酬津贴": "否",
      "在任与否": "是"
    },
    {
      "领导人姓名": "彭家斌",
      "职位描述": "职工监事、副总经理",
      "期初持股数": "0",
      "期末持股数": "0",
      "间接持股数": "",
      "从公司获得年度报酬总额": "763000",
      "补贴津贴": "",
      "变动原因说明": "",
      "是否在股东或关联单位领取报酬津贴": "否",
      "在任与否": "是"
    },
    {
      "领导人姓名": "李景厅",
      "职位描述": "财务负责人",
      "期初持股数": "0",
      "期末持股数": "0",
      "间接持股数": "",
      "从公司获得年度报酬总额": "12400",
      "补贴津贴": "",
      "变动原因说明": "",
      "是否在股东或关联单位领取报酬津贴": "否",
      "在任与否": "是"
    }
  ]
}

=== 605066-2026-04-18-天正电气-2025年年度报告.pdf ===
{
  "Leader_Salary_data": {
    "实际所得报酬总额起始": "10190600",
    "实际所得报酬总额截止": "10190600",
    "实际所得报酬总额涉及人数": ""
  },
  "Leader_Hold_data": [
    {
      "领导人姓名": "高天乐",
      "职位描述": "董事长、总裁",
      "期初持股数": 83413275,
      "期末持股数": 75340275,
      "间接持股数": "",
      "从公司获得年度报酬总额": 1586500,
      "补贴津贴": "",
      "是否在股东或关联单位领取报酬津贴": "否",
      "变动原因说明": "二级市场减持",
      "在任与否": "是"
    },
    {
      "领导人姓名": "周光辉",
      "职位描述": "董事、副总裁",
      "期初持股数": 1606250,
      "期末持股数": 1437500,
      "间接持股数": "",
      "从公司获得年度报酬总额": 1566200,
      "补贴津贴": "",
      "是否在股东或关联单位领取报酬津贴": "否",
      "变动原因说明": "回购注销限制性股票",
      "在任与否": "是"
    },
    {
      "领导人姓名": "葛世伟",
      "职位描述": "董事、副总裁",
      "期初持股数": 418750,
      "期末持股数": 325000,
      "间接持股数": "",
      "从公司获得年度报酬总额": 1363100,
      "补贴津贴": "",
      "是否在股东或关联单位领取报酬津贴": "否",
      "变动原因说明": "回购注销限制性股票",
      "在任与否": "是"
    },
    {
      "领导人姓名": "方初富",
      "职位描述": "董事、总裁",
      "期初持股数": 913750,
      "期末持股数": 820000,
      "间接持股数": "",
      "从公司获得年度报酬总额": 1213400,
      "补贴津贴": "",
      "是否在股东或关联单位领取报酬津贴": "否",
      "变动原因说明": "回购注销限制性股票",
      "在任与否": "是"
    },
    {
      "领导人姓名": "赵银丹",
      "职位描述": "职工代表董事",
      "期初持股数": 0,
      "期末持股数": 0,
      "间接持股数": "",
      "从公司获得年度报酬总额": 149000,
      "补贴津贴": "",
      "是否在股东或关联单位领取报酬津贴": "否",
      "变动原因说明": "",
      "在任与否": "是"
    },
    {
      "领导人姓名": "黄岳池",
      "职位描述": "董事",
      "期初持股数": 4036725,
      "期末持股数": 4036725,
      "间接持股数": "",
      "从公司获得年度报酬总额": 125200,
      "补贴津贴": "",
      "是否在股东或关联单位领取报酬津贴": "否",
      "变动原因说明": "",
      "在任与否": "是"
    },
    {
      "领导人姓名": "赵敏鸽",
      "职位描述": "董事",
      "期初持股数": 0,
      "期末持股数": 0,
      "间接持股数": "",
      "从公司获得年度报酬总额": 0,
      "补贴津贴": "",
      "是否在股东或关联单位领取报酬津贴": "是",
      "变动原因说明": "",
      "在任与否": "是"
    },
    {
      "领导人姓名": "朱利宏",
      "职位描述": "独立董事",
      "期初持股数": 0,
      "期末持股数": 0,
      "间接持股数": "",
      "从公司获得年度报酬总额": 33300,
      "补贴津贴": "",
      "是否在股东或关联单位领取报酬津贴": "否",
      "变动原因说明": "",
      "在任与否": "否"
    },
    {
      "领导人姓名": "辛耀中",
      "职位描述": "独立董事",
      "期初持股数": 0,
      "期末持股数": 0,
      "间接持股数": "",
      "从公司获得年度报酬总额": 81000,
      "补贴津贴": "",
      "是否在股东或关联单位领取报酬津贴": "否",
      "变动原因说明": "",
      "在任与否": "是"
    },
    {
      "领导人姓名": "沈福俊",
      "职位描述": "独立董事",
      "期初持股数": 0,
      "期末持股数": 0,
      "间接持股数": "",
      "从公司获得年度报酬总额": 114300,
      "补贴津贴": "",
      "是否在股东或关联单位领取报酬津贴": "否",
      "变动原因说明": "",
      "在任与否": "是"
    },
    {
      "领导人姓名": "董雅姝",
      "职位描述": "独立董事",
      "期初持股数": 0,
      "期末持股数": 0,
      "间接持股数": "",
      "从公司获得年度报酬总额": 114300,
      "补贴津贴": "",
      "是否在股东或关联单位领取报酬津贴": "否",
      "变动原因说明": "",
      "在任与否": "是"
    },
    {
      "领导人姓名": "杜楠",
      "职位描述": "副总裁",
      "期初持股数": 317000,
      "期末持股数": 242000,
      "间接持股数": "",
      "从公司获得年度报酬总额": 1144700,
      "补贴津贴": "",
      "是否在股东或关联单位领取报酬津贴": "否",
      "变动原因说明": "回购注销限制性股票",
      "在任与否": "是"
    },
    {
      "领导人姓名": "黄渊",
      "职位描述": "副总裁、财务总监、董事会秘书",
      "期初持股数": 445000,
      "期末持股数": 370000,
      "间接持股数": "",
      "从公司获得年度报酬总额": 1164600,
      "补贴津贴": "",
      "是否在股东或关联单位领取报酬津贴": "否",
      "变动原因说明": "回购注销限制性股票",
      "在任与否": "是"
    },
    {
      "领导人姓名": "吕杨名",
      "职位描述": "副总裁",
      "期初持股数": 137500,
      "期末持股数": 65625,
      "间接持股数": "",
      "从公司获得年度报酬总额": 1535000,
      "补贴津贴": "",
      "是否在股东或关联单位领取报酬津贴": "否",
      "变动原因说明": "二级市场减持、回购注销限制性股票",
      "在任与否": "是"
    }
  ]
}

=== 605011-2026-04-18-杭州热电-杭州热电集团股份有限公司2025年年度报告.pdf ===
{
  "Leader_Salary_data": {
    "实际所得报酬总额起始": "4705200",
    "实际所得报酬总额截止": "4705200",
    "实际所得报酬总额涉及人数": ""
  },
  "Leader_Hold_data": [
    {
      "领导人姓名": "李炳",
      "职位描述": "董事长",
      "期初持股数": "",
      "期末持股数": "",
      "间接持股数": "",
      "从公司获得年度报酬总额": "168400",
      "补贴津贴": "",
      "变动原因说明": "",
      "是否在股东或关联单位领取报酬津贴": "是",
      "在任与否": "是"
    },
    {
      "领导人姓名": "俞峻",
      "职位描述": "董事、总经理",
      "期初持股数": "",
      "期末持股数": "",
      "间接持股数": "",
      "从公司获得年度报酬总额": "794900",
      "补贴津贴": "",
      "变动原因说明": "",
      "是否在股东或关联单位领取报酬津贴": "是",
      "在任与否": "是"
    },
    {
      "领导人姓名": "吴玲红",
      "职位描述": "董事、副总经理、财务负责人、董事会秘书",
      "期初持股数": "",
      "期末持股数": "",
      "间接持股数": "",
      "从公司获得年度报酬总额": "673700",
      "补贴津贴": "",
      "变动原因说明": "",
      "是否在股东或关联单位领取报酬津贴": "是",
      "在任与否": "是"
    },
    {
      "领导人姓名": "章力为",
      "职位描述": "董事",
      "期初持股数": "",
      "期末持股数": "",
      "间接持股数": "",
      "从公司获得年度报酬总额": "0",
      "补贴津贴": "",
      "变动原因说明": "",
      "是否在股东或关联单位领取报酬津贴": "是",
      "在任与否": "是"
    },
    {
      "领导人姓名": "金威任",
      "职位描述": "董事",
      "期初持股数": "",
      "期末持股数": "",
      "间接持股数": "",
      "从公司获得年度报酬总额": "0",
      "补贴津贴": "",
      "变动原因说明": "",
      "是否在股东或关联单位领取报酬津贴": "是",
      "在任与否": "是"
    },
    {
      "领导人姓名": "倪明江",
      "职位描述": "独立董事",
      "期初持股数": "",
      "期末持股数": "",
      "间接持股数": "",
      "从公司获得年度报酬总额": "100000",
      "补贴津贴": "100000",
      "变动原因说明": "",
      "是否在股东或关联单位领取报酬津贴": "否",
      "在任与否": "是"
    },
    {
      "领导人姓名": "厉国威",
      "职位描述": "独立董事",
      "期初持股数": "",
      "期末持股数": "",
      "间接持股数": "",
      "从公司获得年度报酬总额": "100000",
      "补贴津贴": "100000",
      "变动原因说明": "",
      "是否在股东或关联单位领取报酬津贴": "否",
      "在任与否": "是"
    },
    {
      "领导人姓名": "钱雪慧",
      "职位描述": "独立董事",
      "期初持股数": "",
      "期末持股数": "",
      "间接持股数": "",
      "从公司获得年度报酬总额": "100000",
      "补贴津贴": "100000",
      "变动原因说明": "",
      "是否在股东或关联单位领取报酬津贴": "否",
      "在任与否": "是"
    },
    {
      "领导人姓名": "宁锋",
      "职位描述": "职工董事",
      "期初持股数": "",
      "期末持股数": "",
      "间接持股数": "",
      "从公司获得年度报酬总额": "514700",
      "补贴津贴": "",
      "变动原因说明": "",
      "是否在股东或关联单位领取报酬津贴": "否",
      "在任与否": "是"
    },
    {
      "领导人姓名": "冯其栋",
      "职位描述": "副总经理",
      "期初持股数": "",
      "期末持股数": "",
      "间接持股数": "",
      "从公司获得年度报酬总额": "804400",
      "补贴津贴": "",
      "变动原因说明": "",
      "是否在股东或关联单位领取报酬津贴": "否",
      "在任与否": "是"
    },
    {
      "领导人姓名": "徐益峰",
      "职位描述": "副总经理",
      "期初持股数": "",
      "期末持股数": "",
      "间接持股数": "",
      "从公司获得年度报酬总额": "656200",
      "补贴津贴": "",
      "变动原因说明": "",
      "是否在股东或关联单位领取报酬津贴": "否",
      "在任与否": "是"
    },
    {
      "领导人姓名": "刘祥剑",
      "职位描述": "董事长",
      "期初持股数": "",
      "期末持股数": "",
      "间接持股数": "",
      "从公司获得年度报酬总额": "605700",
      "补贴津贴": "",
      "变动原因说明": "",
      "是否在股东或关联单位领取报酬津贴": "否",
      "在任与否": "否"
    },
    {
      "领导人姓名": "徐佳",
      "职位描述": "董事会秘书",
      "期初持股数": "89974",
      "期末持股数": "89974",
      "间接持股数": "89974",
      "从公司获得年度报酬总额": "187200",
      "补贴津贴": "",
      "变动原因说明": "",
      "是否在股东或关联单位领取报酬津贴": "是",
      "在任与否": "否"
    }
  ]
}

=== 688048-2026-04-18-长光华芯-2025年年度报告.pdf ===
{
  "Leader_Salary_data": {
    "实际所得报酬总额起始": "10230000",
    "实际所得报酬总额截止": "10230000",
    "实际所得报酬总额涉及人数": ""
  },
  "Leader_Hold_data": [
    {
      "领导人姓名": "闵大勇",
      "职位描述": "董事长、总经理、核心技术人员",
      "期初持股数": "3734484",
      "期末持股数": "3325293",
      "间接持股数": "",
      "从公司获得年度报酬总额": "1627200",
      "补贴津贴": "",
      "变动原因说明": "减持",
      "是否在股东或关联单位领取报酬津贴": "否",
      "在任与否": "是"
    },
    {
      "领导人姓名": "王俊",
      "职位描述": "副董事长、常务副总经理、核心技术人员",
      "期初持股数": "13424840",
      "期末持股数": "12044058",
      "间接持股数": "",
      "从公司获得年度报酬总额": "1654400",
      "补贴津贴": "",
      "变动原因说明": "减持",
      "是否在股东或关联单位领取报酬津贴": "否",
      "在任与否": "是"
    },
    {
      "领导人姓名": "于赢博",
      "职位描述": "董事",
      "期初持股数": "0",
      "期末持股数": "0",
      "间接持股数": "",
      "从公司获得年度报酬总额": "",
      "补贴津贴": "",
      "变动原因说明": "",
      "是否在股东或关联单位领取报酬津贴": "否",
      "在任与否": "是"
    },
    {
      "领导人姓名": "吴世丁",
      "职位描述": "独立董事",
      "期初持股数": "0",
      "期末持股数": "0",
      "间接持股数": "",
      "从公司获得年度报酬总额": "96000",
      "补贴津贴": "96000",
      "变动原因说明": "",
      "是否在股东或关联单位领取报酬津贴": "否",
      "在任与否": "是"
    },
    {
      "领导人姓名": "陈长军",
      "职位描述": "独立董事",
      "期初持股数": "0",
      "期末持股数": "0",
      "间接持股数": "",
      "从公司获得年度报酬总额": "96000",
      "补贴津贴": "96000",
      "变动原因说明": "",
      "是否在股东或关联单位领取报酬津贴": "否",
      "在任与否": "是"
    },
    {
      "领导人姓名": "王则斌",
      "职位描述": "独立董事",
      "期初持股数": "0",
      "期末持股数": "0",
      "间接持股数": "",
      "从公司获得年度报酬总额": "48000",
      "补贴津贴": "48000",
      "变动原因说明": "",
      "是否在股东或关联单位领取报酬津贴": "否",
      "在任与否": "否"
    },
    {
      "领导人姓名": "余玮",
      "职位描述": "独立董事",
      "期初持股数": "0",
      "期末持股数": "0",
      "间接持股数": "",
      "从公司获得年度报酬总额": "50900",
      "补贴津贴": "50900",
      "变动原因说明": "",
      "是否在股东或关联单位领取报酬津贴": "否",
      "在任与否": "是"
    },
    {
      "领导人姓名": "谭少阳",
      "职位描述": "监事、职工董事",
      "期初持股数": "105040",
      "期末持股数": "78780",
      "间接持股数": "",
      "从公司获得年度报酬总额": "595300",
      "补贴津贴": "",
      "变动原因说明": "减持",
      "是否在股东或关联单位领取报酬津贴": "否",
      "在任与否": "是"
    },
    {
      "领导人姓名": "潘华东",
      "职位描述": "副总经理、核心技术人员",
      "期初持股数": "2722746",
      "期末持股数": "2450471",
      "间接持股数": "",
      "从公司获得年度报酬总额": "866100",
      "补贴津贴": "",
      "变动原因说明": "减持",
      "是否在股东或关联单位领取报酬津贴": "否",
      "在任与否": "是"
    },
    {
      "领导人姓名": "吴真林",
      "职位描述": "副总经理",
      "期初持股数": "1040000",
      "期末持股数": "780000",
      "间接持股数": "",
      "从公司获得年度报酬总额": "720700",
      "补贴津贴": "",
      "变动原因说明": "减持",
      "是否在股东或关联单位领取报酬津贴": "否",
      "在任与否": "是"
    },
    {
      "领导人姓名": "李晓绕",
      "职位描述": "董事会秘书、财务总监",
      "期初持股数": "0",
      "期末持股数": "0",
      "间接持股数": "",
      "从公司获得年度报酬总额": "327700",
      "补贴津贴": "",
      "变动原因说明": "",
      "是否在股东或关联单位领取报酬津贴": "否",
      "在任与否": "否"
    }
  ]
}

=== 688069-2026-04-18-德林海-德林海2025年年度报告.pdf ===
{
  "Leader_Salary_data": {
    "实际所得报酬总额起始": "11133800",
    "实际所得报酬总额截止": "11133800",
    "实际所得报酬总额涉及人数": ""
  },
  "Leader_Hold_data": [
    {
      "领导人姓名": "胡明明",
      "职位描述": "董事长、核心技术人员、总经理",
      "期初持股数": "45080000",
      "期末持股数": "45080000",
      "间接持股数": "",
      "从公司获得年度报酬总额": "623400",
      "补贴津贴": "",
      "变动原因说明": "",
      "是否在股东或关联单位领取报酬津贴": "否",
      "在任与否": "是"
    },
    {
      "领导人姓名": "孙阳",
      "职位描述": "董事、核心技术人员",
      "期初持股数": "2022427",
      "期末持股数": "1516821",
      "间接持股数": "",
      "从公司获得年度报酬总额": "533500",
      "补贴津贴": "",
      "变动原因说明": "个人资金需求",
      "是否在股东或关联单位领取报酬津贴": "否",
      "在任与否": "是"
    },
    {
      "领导人姓名": "马建华",
      "职位描述": "副董事长、董事",
      "期初持股数": "784000",
      "期末持股数": "784000",
      "间接持股数": "",
      "从公司获得年度报酬总额": "619200",
      "补贴津贴": "",
      "变动原因说明": "",
      "是否在股东或关联单位领取报酬津贴": "否",
      "在任与否": "是"
    },
    {
      "领导人姓名": "许金键",
      "职位描述": "董事、副总经理",
      "期初持股数": "0",
      "期末持股数": "0",
      "间接持股数": "",
      "从公司获得年度报酬总额": "571700",
      "补贴津贴": "",
      "变动原因说明": "",
      "是否在股东或关联单位领取报酬津贴": "否",
      "在任与否": "是"
    },
    {
      "领导人姓名": "郭昱",
      "职位描述": "独立董事",
      "期初持股数": "0",
      "期末持股数": "0",
      "间接持股数": "",
      "从公司获得年度报酬总额": "80000",
      "补贴津贴": "80000",
      "变动原因说明": "",
      "是否在股东或关联单位领取报酬津贴": "否",
      "在任与否": "是"
    },
    {
      "领导人姓名": "王岩",
      "职位描述": "独立董事",
      "期初持股数": "0",
      "期末持股数": "0",
      "间接持股数": "",
      "从公司获得年度报酬总额": "80000",
      "补贴津贴": "80000",
      "变动原因说明": "",
      "是否在股东或关联单位领取报酬津贴": "否",
      "在任与否": "否"
    },
    {
      "领导人姓名": "季润芝",
      "职位描述": "独立董事",
      "期初持股数": "0",
      "期末持股数": "0",
      "间接持股数": "",
      "从公司获得年度报酬总额": "80000",
      "补贴津贴": "80000",
      "变动原因说明": "",
      "是否在股东或关联单位领取报酬津贴": "否",
      "在任与否": "是"
    },
    {
      "领导人姓名": "韩曙光",
      "职位描述": "总经理、核心技术人员、副总经理",
      "期初持股数": "0",
      "期末持股数": "0",
      "间接持股数": "",
      "从公司获得年度报酬总额": "921600",
      "补贴津贴": "",
      "变动原因说明": "",
      "是否在股东或关联单位领取报酬津贴": "否",
      "在任与否": "是"
    },
    {
      "领导人姓名": "刘彦萍",
      "职位描述": "董事会秘书",
      "期初持股数": "0",
      "期末持股数": "0",
      "间接持股数": "",
      "从公司获得年度报酬总额": "493300",
      "补贴津贴": "",
      "变动原因说明": "",
      "是否在股东或关联单位领取报酬津贴": "否",
      "在任与否": "是"
    },
    {
      "领导人姓名": "季乐华",
      "职位描述": "财务总监、副总经理",
      "期初持股数": "0",
      "期末持股数": "0",
      "间接持股数": "",
      "从公司获得年度报酬总额": "916700",
      "补贴津贴": "",
      "变动原因说明": "",
      "是否在股东或关联单位领取报酬津贴": "否",
      "在任与否": "是"
    },
    {
      "领导人姓名": "石军",
      "职位描述": "副总经理",
      "期初持股数": "0",
      "期末持股数": "0",
      "间接持股数": "",
      "从公司获得年度报酬总额": "746700",
      "补贴津贴": "",
      "变动原因说明": "",
      "是否在股东或关联单位领取报酬津贴": "否",
      "在任与否": "是"
    },
    {
      "领导人姓名": "周聪",
      "职位描述": "副总经理",
      "期初持股数": "0",
      "期末持股数": "0",
      "间接持股数": "",
      "从公司获得年度报酬总额": "469000",
      "补贴津贴": "",
      "变动原因说明": "",
      "是否在股东或关联单位领取报酬津贴": "否",
      "在任与否": "是"
    },
    {
      "领导人姓名": "徐国辉",
      "职位描述": "董事",
      "期初持股数": "0",
      "期末持股数": "0",
      "间接持股数": "",
      "从公司获得年度报酬总额": "0",
      "补贴津贴": "",
      "变动原因说明": "",
      "是否在股东或关联单位领取报酬津贴": "否",
      "在任与否": "否"
    },
    {
      "领导人姓名": "李晓磊",
      "职位描述": "副总经理",
      "期初持股数": "0",
      "期末持股数": "0",
      "间接持股数": "",
      "从公司获得年度报酬总额": "72100",
      "补贴津贴": "",
      "变动原因说明": "",
      "是否在股东或关联单位领取报酬津贴": "否",
      "在任与否": "否"
    },
    {
      "领导人姓名": "朱霖毅",
      "职位描述": "中宇宙实验中心主任、核心技术人员",
      "期初持股数": "0",
      "期末持股数": "0",
      "间接持股数": "",
      "从公司获得年度报酬总额": "222900",
      "补贴津贴": "",
      "变动原因说明": "",
      "是否在股东或关联单位领取报酬津贴": "否",
      "在任与否": "是"
    },
    {
      "领导人姓名": "潘正国",
      "职位描述": "研发中心总监、核心技术人员",
      "期初持股数": "0",
      "期末持股数": "0",
      "间接持股数": "",
      "从公司获得年度报酬总额": "614000",
      "补贴津贴": "",
      "变动原因说明": "",
      "是否在股东或关联单位领取报酬津贴": "否",
      "在任与否": "是"
    },
    {
      "领导人姓名": "徐项哲",
      "职位描述": "美人鱼事业部总监、核心技术人员",
      "期初持股数": "0",
      "期末持股数": "0",
      "间接持股数": "",
      "从公司获得年度报酬总额": "511200",
      "补贴津贴": "",
      "变动原因说明": "",
      "是否在股东或关联单位领取报酬津贴": "否",
      "在任与否": "是"
    }
  ]
}

=== 688093-2026-04-18-世华科技-2025年年度报告.pdf ===
{
  "Leader_Salary_data": {
    "实际所得报酬总额起始": "16643800",
    "实际所得报酬总额截止": "16643800",
    "实际所得报酬总额涉及人数": ""
  },
  "Leader_Hold_data": [
    {
      "领导人姓名": "顾正青",
      "职位描述": "董事长、总经理、核心技术人员",
      "期初持股数": "71778269",
      "期末持股数": "71778269",
      "间接持股数": "",
      "从公司获得年度报酬总额": "2202900",
      "补贴津贴": "",
      "变动原因说明": "",
      "是否在股东或关联单位领取报酬津贴": "否",
      "在任与否": "是"
    },
    {
      "领导人姓名": "吕刚",
      "职位描述": "董事",
      "期初持股数": "48220200",
      "期末持股数": "48220200",
      "间接持股数": "",
      "从公司获得年度报酬总额": "0",
      "补贴津贴": "",
      "变动原因说明": "",
      "是否在股东或关联单位领取报酬津贴": "否",
      "在任与否": "是"
    },
    {
      "领导人姓名": "计建荣",
      "职位描述": "董事",
      "期初持股数": "0",
      "期末持股数": "0",
      "间接持股数": "",
      "从公司获得年度报酬总额": "875400",
      "补贴津贴": "",
      "变动原因说明": "",
      "是否在股东或关联单位领取报酬津贴": "否",
      "在任与否": "是"
    },
    {
      "领导人姓名": "蒯丽丽",
      "职位描述": "董事",
      "期初持股数": "0",
      "期末持股数": "0",
      "间接持股数": "",
      "从公司获得年度报酬总额": "1141500",
      "补贴津贴": "",
      "变动原因说明": "",
      "是否在股东或关联单位领取报酬津贴": "否",
      "在任与否": "是"
    },
    {
      "领导人姓名": "周昌胜",
      "职位描述": "董事、财务总监",
      "期初持股数": "0",
      "期末持股数": "0",
      "间接持股数": "",
      "从公司获得年度报酬总额": "1715400",
      "补贴津贴": "",
      "变动原因说明": "",
      "是否在股东或关联单位领取报酬津贴": "否",
      "在任与否": "是"
    },
    {
      "领导人姓名": "张乃奎",
      "职位描述": "职工代表董事",
      "期初持股数": "0",
      "期末持股数": "0",
      "间接持股数": "",
      "从公司获得年度报酬总额": "2475800",
      "补贴津贴": "",
      "变动原因说明": "",
      "是否在股东或关联单位领取报酬津贴": "否",
      "在任与否": "是"
    },
    {
      "领导人姓名": "王亮亮",
      "职位描述": "独立董事",
      "期初持股数": "0",
      "期末持股数": "0",
      "间接持股数": "",
      "从公司获得年度报酬总额": "210000",
      "补贴津贴": "210000",
      "变动原因说明": "",
      "是否在股东或关联单位领取报酬津贴": "否",
      "在任与否": "是"
    },
    {
      "领导人姓名": "池漫郊",
      "职位描述": "独立董事",
      "期初持股数": "0",
      "期末持股数": "0",
      "间接持股数": "",
      "从公司获得年度报酬总额": "210000",
      "补贴津贴": "210000",
      "变动原因说明": "",
      "是否在股东或关联单位领取报酬津贴": "否",
      "在任与否": "是"
    },
    {
      "领导人姓名": "徐幼农",
      "职位描述": "独立董事",
      "期初持股数": "0",
      "期末持股数": "0",
      "间接持股数": "",
      "从公司获得年度报酬总额": "210000",
      "补贴津贴": "210000",
      "变动原因说明": "",
      "是否在股东或关联单位领取报酬津贴": "否",
      "在任与否": "是"
    },
    {
      "领导人姓名": "计毓雯",
      "职位描述": "董事会秘书",
      "期初持股数": "0",
      "期末持股数": "0",
      "间接持股数": "",
      "从公司获得年度报酬总额": "1354100",
      "补贴津贴": "",
      "变动原因说明": "",
      "是否在股东或关联单位领取报酬津贴": "否",
      "在任与否": "是"
    },
    {
      "领导人姓名": "周奎任",
      "职位描述": "核心技术人员",
      "期初持股数": "0",
      "期末持股数": "0",
      "间接持股数": "",
      "从公司获得年度报酬总额": "1460100",
      "补贴津贴": "",
      "变动原因说明": "",
      "是否在股东或关联单位领取报酬津贴": "否",
      "在任与否": "是"
    },
    {
      "领导人姓名": "周帅",
      "职位描述": "核心技术人员",
      "期初持股数": "9800",
      "期末持股数": "9800",
      "间接持股数": "",
      "从公司获得年度报酬总额": "1019400",
      "补贴津贴": "",
      "变动原因说明": "",
      "是否在股东或关联单位领取报酬津贴": "否",
      "在任与否": "是"
    },
    {
      "领导人姓名": "温强",
      "职位描述": "核心技术人员",
      "期初持股数": "5880",
      "期末持股数": "4480",
      "间接持股数": "",
      "从公司获得年度报酬总额": "750200",
      "补贴津贴": "",
      "变动原因说明": "二级市场交易",
      "是否在股东或关联单位领取报酬津贴": "否",
      "在任与否": "是"
    },
    {
      "领导人姓名": "韩朝庆",
      "职位描述": "核心技术人员",
      "期初持股数": "0",
      "期末持股数": "0",
      "间接持股数": "",
      "从公司获得年度报酬总额": "813200",
      "补贴津贴": "",
      "变动原因说明": "",
      "是否在股东或关联单位领取报酬津贴": "否",
      "在任与否": "是"
    }
  ]
}

=== 688290-2026-04-20-景业智能-景业智能2025年年度报告.pdf ===
{
  "Leader_Salary_data": {
    "实际所得报酬总额起始": "5466000",
    "实际所得报酬总额截止": "5466000",
    "实际所得报酬总额涉及人数": ""
  },
  "Leader_Hold_data": [
    {
      "领导人姓名": "来建良",
      "职位描述": "董事长、核心技术人员",
      "期初持股数": "5600003",
      "期末持股数": "5600003",
      "间接持股数": "",
      "从公司获得年度报酬总额": "754000",
      "补贴津贴": "",
      "变动原因说明": "",
      "是否在股东或关联单位领取报酬津贴": "否",
      "在任与否": "是"
    },
    {
      "领导人姓名": "章逸丰",
      "职位描述": "董事、总经理",
      "期初持股数": "0",
      "期末持股数": "0",
      "间接持股数": "",
      "从公司获得年度报酬总额": "787600",
      "补贴津贴": "",
      "变动原因说明": "",
      "是否在股东或关联单位领取报酬津贴": "否",
      "在任与否": "是"
    },
    {
      "领导人姓名": "金杰峰",
      "职位描述": "董事、副总经理、核心技术人员、职工代表董事",
      "期初持股数": "0",
      "期末持股数": "0",
      "间接持股数": "",
      "从公司获得年度报酬总额": "621600",
      "补贴津贴": "",
      "变动原因说明": "",
      "是否在股东或关联单位领取报酬津贴": "否",
      "在任与否": "是"
    },
    {
      "领导人姓名": "朱艳秋",
      "职位描述": "董事、副总经理、董事会秘书、财务总监",
      "期初持股数": "0",
      "期末持股数": "0",
      "间接持股数": "",
      "从公司获得年度报酬总额": "643300",
      "补贴津贴": "",
      "变动原因说明": "",
      "是否在股东或关联单位领取报酬津贴": "否",
      "在任与否": "是"
    },
    {
      "领导人姓名": "吴薇",
      "职位描述": "董事",
      "期初持股数": "0",
      "期末持股数": "0",
      "间接持股数": "",
      "从公司获得年度报酬总额": "0",
      "补贴津贴": "",
      "变动原因说明": "",
      "是否在股东或关联单位领取报酬津贴": "是",
      "在任与否": "是"
    },
    {
      "领导人姓名": "滕越",
      "职位描述": "董事",
      "期初持股数": "0",
      "期末持股数": "0",
      "间接持股数": "",
      "从公司获得年度报酬总额": "0",
      "补贴津贴": "",
      "变动原因说明": "",
      "是否在股东或关联单位领取报酬津贴": "是",
      "在任与否": "是"
    },
    {
      "领导人姓名": "楼翔",
      "职位描述": "独立董事",
      "期初持股数": "0",
      "期末持股数": "0",
      "间接持股数": "",
      "从公司获得年度报酬总额": "70000",
      "补贴津贴": "",
      "变动原因说明": "",
      "是否在股东或关联单位领取报酬津贴": "否",
      "在任与否": "是"
    },
    {
      "领导人姓名": "伊国栋",
      "职位描述": "独立董事",
      "期初持股数": "0",
      "期末持股数": "0",
      "间接持股数": "",
      "从公司获得年度报酬总额": "70000",
      "补贴津贴": "",
      "变动原因说明": "",
      "是否在股东或关联单位领取报酬津贴": "否",
      "在任与否": "是"
    },
    {
      "领导人姓名": "杨将新",
      "职位描述": "独立董事",
      "期初持股数": "0",
      "期末持股数": "0",
      "间接持股数": "",
      "从公司获得年度报酬总额": "70000",
      "补贴津贴": "",
      "变动原因说明": "",
      "是否在股东或关联单位领取报酬津贴": "否",
      "在任与否": "是"
    },
    {
      "领导人姓名": "邵礼光",
      "职位描述": "副总经理",
      "期初持股数": "0",
      "期末持股数": "0",
      "间接持股数": "",
      "从公司获得年度报酬总额": "554200",
      "补贴津贴": "",
      "变动原因说明": "",
      "是否在股东或关联单位领取报酬津贴": "否",
      "在任与否": "是"
    },
    {
      "领导人姓名": "孔灿方",
      "职位描述": "副总经理",
      "期初持股数": "0",
      "期末持股数": "0",
      "间接持股数": "",
      "从公司获得年度报酬总额": "",
      "补贴津贴": "",
      "变动原因说明": "",
      "是否在股东或关联单位领取报酬津贴": "否",
      "在任与否": "是"
    },
    {
      "领导人姓名": "童毅",
      "职位描述": "副总经理",
      "期初持股数": "0",
      "期末持股数": "0",
      "间接持股数": "",
      "从公司获得年度报酬总额": "",
      "补贴津贴": "",
      "变动原因说明": "",
      "是否在股东或关联单位领取报酬津贴": "否",
      "在任与否": "是"
    },
    {
      "领导人姓名": "田利刚",
      "职位描述": "核心技术人员",
      "期初持股数": "0",
      "期末持股数": "0",
      "间接持股数": "",
      "从公司获得年度报酬总额": "519700",
      "补贴津贴": "",
      "变动原因说明": "",
      "是否在股东或关联单位领取报酬津贴": "否",
      "在任与否": "是"
    },
    {
      "领导人姓名": "孙治国",
      "职位描述": "董事",
      "期初持股数": "0",
      "期末持股数": "0",
      "间接持股数": "",
      "从公司获得年度报酬总额": "",
      "补贴津贴": "",
      "变动原因说明": "",
      "是否在股东或关联单位领取报酬津贴": "是",
      "在任与否": "否"
    }
  ]
}

=== 688197-2026-04-18-首药控股-首药控股（北京）股份有限公司2025年年度报告.pdf ===
{
  "Leader_Salary_data": {
    "实际所得报酬总额起始": "22076800",
    "实际所得报酬总额截止": "22076800",
    "实际所得报酬总额涉及人数": ""
  },
  "Leader_Hold_data": [
    {
      "领导人姓名": "李文军",
      "职位描述": "董事长、总经理",
      "期初持股数": "72953101",
      "期末持股数": "72953101",
      "间接持股数": "",
      "从公司获得年度报酬总额": "586900",
      "补贴津贴": "",
      "变动原因说明": "",
      "是否在股东或关联单位领取报酬津贴": "否",
      "在任与否": "是"
    },
    {
      "领导人姓名": "许新合",
      "职位描述": "董事、核心技术人员",
      "期初持股数": "",
      "期末持股数": "",
      "间接持股数": "",
      "从公司获得年度报酬总额": "671300",
      "补贴津贴": "",
      "变动原因说明": "",
      "是否在股东或关联单位领取报酬津贴": "否",
      "在任与否": "是"
    },
    {
      "领导人姓名": "王静晗",
      "职位描述": "董事、核心技术人员",
      "期初持股数": "",
      "期末持股数": "",
      "间接持股数": "",
      "从公司获得年度报酬总额": "729400",
      "补贴津贴": "",
      "变动原因说明": "",
      "是否在股东或关联单位领取报酬津贴": "否",
      "在任与否": "是"
    },
    {
      "领导人姓名": "江骥",
      "职位描述": "独立董事",
      "期初持股数": "",
      "期末持股数": "",
      "间接持股数": "",
      "从公司获得年度报酬总额": "100000",
      "补贴津贴": "",
      "变动原因说明": "",
      "是否在股东或关联单位领取报酬津贴": "否",
      "在任与否": "是"
    },
    {
      "领导人姓名": "刘学",
      "职位描述": "独立董事",
      "期初持股数": "",
      "期末持股数": "",
      "间接持股数": "",
      "从公司获得年度报酬总额": "100000",
      "补贴津贴": "",
      "变动原因说明": "",
      "是否在股东或关联单位领取报酬津贴": "否",
      "在任与否": "是"
    },
    {
      "领导人姓名": "杨国杰",
      "职位描述": "独立董事",
      "期初持股数": "",
      "期末持股数": "",
      "间接持股数": "",
      "从公司获得年度报酬总额": "100000",
      "补贴津贴": "",
      "变动原因说明": "",
      "是否在股东或关联单位领取报酬津贴": "否",
      "在任与否": "是"
    },
    {
      "领导人姓名": "李庭",
      "职位描述": "董事",
      "期初持股数": "",
      "期末持股数": "",
      "间接持股数": "",
      "从公司获得年度报酬总额": "0",
      "补贴津贴": "",
      "变动原因说明": "",
      "是否在股东或关联单位领取报酬津贴": "是",
      "在任与否": "否"
    },
    {
      "领导人姓名": "刘希杰",
      "职位描述": "副总经理、核心技术人员",
      "期初持股数": "",
      "期末持股数": "",
      "间接持股数": "",
      "从公司获得年度报酬总额": "1251800",
      "补贴津贴": "",
      "变动原因说明": "",
      "是否在股东或关联单位领取报酬津贴": "否",
      "在任与否": "是"
    },
    {
      "领导人姓名": "朱岩",
      "职位描述": "副总经理、核心技术人员",
      "期初持股数": "",
      "期末持股数": "",
      "间接持股数": "",
      "从公司获得年度报酬总额": "1251600",
      "补贴津贴": "",
      "变动原因说明": "",
      "是否在股东或关联单位领取报酬津贴": "否",
      "在任与否": "是"
    },
    {
      "领导人姓名": "孙颖慧",
      "职位描述": "副总经理、核心技术人员",
      "期初持股数": "",
      "期末持股数": "",
      "间接持股数": "",
      "从公司获得年度报酬总额": "1351600",
      "补贴津贴": "",
      "变动原因说明": "",
      "是否在股东或关联单位领取报酬津贴": "否",
      "在任与否": "是"
    },
    {
      "领导人姓名": "杨利民",
      "职位描述": "副总经理、核心技术人员",
      "期初持股数": "",
      "期末持股数": "",
      "间接持股数": "",
      "从公司获得年度报酬总额": "1251800",
      "补贴津贴": "",
      "变动原因说明": "",
      "是否在股东或关联单位领取报酬津贴": "否",
      "在任与否": "是"
    },
    {
      "领导人姓名": "王亚杰",
      "职位描述": "财务总监",
      "期初持股数": "",
      "期末持股数": "",
      "间接持股数": "",
      "从公司获得年度报酬总额": "891800",
      "补贴津贴": "",
      "变动原因说明": "",
      "是否在股东或关联单位领取报酬津贴": "否",
      "在任与否": "是"
    },
    {
      "领导人姓名": "张英利",
      "职位描述": "董事会秘书",
      "期初持股数": "",
      "期末持股数": "",
      "间接持股数": "",
      "从公司获得年度报酬总额": "891700",
      "补贴津贴": "",
      "变动原因说明": "",
      "是否在股东或关联单位领取报酬津贴": "否",
      "在任与否": "是"
    },
    {
      "领导人姓名": "王安娜",
      "职位描述": "核心技术人员",
      "期初持股数": "",
      "期末持股数": "",
      "间接持股数": "",
      "从公司获得年度报酬总额": "1085700",
      "补贴津贴": "",
      "变动原因说明": "",
      "是否在股东或关联单位领取报酬津贴": "否",
      "在任与否": "是"
    },
    {
      "领导人姓名": "王婧璨",
      "职位描述": "核心技术人员",
      "期初持股数": "",
      "期末持股数": "",
      "间接持股数": "",
      "从公司获得年度报酬总额": "1018800",
      "补贴津贴": "",
      "变动原因说明": "",
      "是否在股东或关联单位领取报酬津贴": "否",
      "在任与否": "是"
    },
    {
      "领导人姓名": "HONG LUO（罗鸿）",
      "职位描述": "核心技术人员",
      "期初持股数": "",
      "期末持股数": "",
      "间接持股数": "",
      "从公司获得年度报酬总额": "1087200",
      "补贴津贴": "",
      "变动原因说明": "",
      "是否在股东或关联单位领取报酬津贴": "否",
      "在任与否": "否"
    }
  ]
}

=== 688322-2026-04-20-奥比中光-2025年年度报告.pdf ===
{
  "Leader_Salary_data": {
    "实际所得报酬总额起始": "7276900",
    "实际所得报酬总额截止": "7276900",
    "实际所得报酬总额涉及人数": ""
  },
  "Leader_Hold_data": [
    {
      "领导人姓名": "黄源浩",
      "职位描述": "董事长、总经理、核心技术人员",
      "期初持股数": "108903960",
      "期末持股数": "108903960",
      "间接持股数": "",
      "从公司获得年度报酬总额": "1133600",
      "补贴津贴": "",
      "变动原因说明": "",
      "是否在股东或关联单位领取报酬津贴": "否",
      "在任与否": "是"
    },
    {
      "领导人姓名": "肖振中",
      "职位描述": "董事、首席技术官、核心技术人员",
      "期初持股数": "9603000",
      "期末持股数": "9603000",
      "间接持股数": "",
      "从公司获得年度报酬总额": "987200",
      "补贴津贴": "",
      "变动原因说明": "",
      "是否在股东或关联单位领取报酬津贴": "否",
      "在任与否": "是"
    },
    {
      "领导人姓名": "陈彬",
      "职位描述": "董事、首席财务官",
      "期初持股数": "0",
      "期末持股数": "24000",
      "间接持股数": "",
      "从公司获得年度报酬总额": "1273600",
      "补贴津贴": "",
      "变动原因说明": "股权激励归属",
      "是否在股东或关联单位领取报酬津贴": "否",
      "在任与否": "是"
    },
    {
      "领导人姓名": "纪纲",
      "职位描述": "董事",
      "期初持股数": "0",
      "期末持股数": "0",
      "间接持股数": "",
      "从公司获得年度报酬总额": "0",
      "补贴津贴": "",
      "变动原因说明": "",
      "是否在股东或关联单位领取报酬津贴": "是",
      "在任与否": "是"
    },
    {
      "领导人姓名": "周广大",
      "职位描述": "董事",
      "期初持股数": "26968320",
      "期末持股数": "26968320",
      "间接持股数": "",
      "从公司获得年度报酬总额": "0",
      "补贴津贴": "",
      "变动原因说明": "",
      "是否在股东或关联单位领取报酬津贴": "否",
      "在任与否": "是"
    },
    {
      "领导人姓名": "张丁军",
      "职位描述": "职工代表董事",
      "期初持股数": "0",
      "期末持股数": "31200",
      "间接持股数": "",
      "从公司获得年度报酬总额": "1597600",
      "补贴津贴": "",
      "变动原因说明": "股权激励归属",
      "是否在股东或关联单位领取报酬津贴": "否",
      "在任与否": "是"
    },
    {
      "领导人姓名": "傅愉（Fu Yu）",
      "职位描述": "独立董事",
      "期初持股数": "0",
      "期末持股数": "0",
      "间接持股数": "",
      "从公司获得年度报酬总额": "100000",
      "补贴津贴": "100000",
      "变动原因说明": "",
      "是否在股东或关联单位领取报酬津贴": "否",
      "在任与否": "是"
    },
    {
      "领导人姓名": "陈淡敏",
      "职位描述": "独立董事",
      "期初持股数": "0",
      "期末持股数": "0",
      "间接持股数": "",
      "从公司获得年度报酬总额": "100000",
      "补贴津贴": "100000",
      "变动原因说明": "",
      "是否在股东或关联单位领取报酬津贴": "否",
      "在任与否": "是"
    },
    {
      "领导人姓名": "晏磊",
      "职位描述": "独立董事",
      "期初持股数": "0",
      "期末持股数": "0",
      "间接持股数": "",
      "从公司获得年度报酬总额": "100000",
      "补贴津贴": "100000",
      "变动原因说明": "",
      "是否在股东或关联单位领取报酬津贴": "否",
      "在任与否": "是"
    },
    {
      "领导人姓名": "徐雪妙",
      "职位描述": "独立董事",
      "期初持股数": "0",
      "期末持股数": "0",
      "间接持股数": "",
      "从公司获得年度报酬总额": "100000",
      "补贴津贴": "100000",
      "变动原因说明": "",
      "是否在股东或关联单位领取报酬津贴": "否",
      "在任与否": "是"
    },
    {
      "领导人姓名": "梅小露",
      "职位描述": "高级副总裁、核心技术人员",
      "期初持股数": "0",
      "期末持股数": "0",
      "间接持股数": "",
      "从公司获得年度报酬总额": "1246200",
      "补贴津贴": "",
      "变动原因说明": "",
      "是否在股东或关联单位领取报酬津贴": "否",
      "在任与否": "是"
    },
    {
      "领导人姓名": "靳尚",
      "职位描述": "董事会秘书",
      "期初持股数": "0",
      "期末持股数": "19200",
      "间接持股数": "",
      "从公司获得年度报酬总额": "638800",
      "补贴津贴": "",
      "变动原因说明": "股权激励归属",
      "是否在股东或关联单位领取报酬津贴": "否",
      "在任与否": "是"
    }
  ]
}

=== 688358-2026-04-20-祥生医疗-无锡祥生医疗科技股份有限公司2025年年度报告.pdf ===
{
  "Leader_Salary_data": {
    "实际所得报酬总额起始": "13744700",
    "实际所得报酬总额截止": "13744700",
    "实际所得报酬总额涉及人数": ""
  },
  "Leader_Hold_data": [
    {
      "领导人姓名": "莫善珏",
      "职位描述": "董事",
      "期初持股数": "",
      "期末持股数": "",
      "间接持股数": "",
      "从公司获得年度报酬总额": "414000",
      "补贴津贴": "",
      "变动原因说明": "",
      "是否在股东或关联单位领取报酬津贴": "否",
      "在任与否": "是"
    },
    {
      "领导人姓名": "莫若理",
      "职位描述": "董事长、总经理",
      "期初持股数": "26460000",
      "期末持股数": "24644006",
      "间接持股数": "",
      "从公司获得年度报酬总额": "3515200",
      "补贴津贴": "",
      "变动原因说明": "因股东自身资金需求及资金规划实施减持计划。",
      "是否在股东或关联单位领取报酬津贴": "否",
      "在任与否": "是"
    },
    {
      "领导人姓名": "周峰",
      "职位描述": "董事、副总经理、董事会秘书、财务负责人",
      "期初持股数": "",
      "期末持股数": "",
      "间接持股数": "",
      "从公司获得年度报酬总额": "818400",
      "补贴津贴": "",
      "变动原因说明": "",
      "是否在股东或关联单位领取报酬津贴": "否",
      "在任与否": "是"
    },
    {
      "领导人姓名": "罗国政",
      "职位描述": "职工代表董事",
      "期初持股数": "",
      "期末持股数": "",
      "间接持股数": "",
      "从公司获得年度报酬总额": "127200",
      "补贴津贴": "",
      "变动原因说明": "",
      "是否在股东或关联单位领取报酬津贴": "否",
      "在任与否": "是"
    },
    {
      "领导人姓名": "宋安成",
      "职位描述": "独立董事",
      "期初持股数": "",
      "期末持股数": "",
      "间接持股数": "",
      "从公司获得年度报酬总额": "120000",
      "补贴津贴": "120000",
      "变动原因说明": "",
      "是否在股东或关联单位领取报酬津贴": "否",
      "在任与否": "是"
    },
    {
      "领导人姓名": "李寿喜",
      "职位描述": "独立董事",
      "期初持股数": "",
      "期末持股数": "",
      "间接持股数": "",
      "从公司获得年度报酬总额": "120000",
      "补贴津贴": "120000",
      "变动原因说明": "",
      "是否在股东或关联单位领取报酬津贴": "否",
      "在任与否": "是"
    },
    {
      "领导人姓名": "胡耀新",
      "职位描述": "监事会主席、职工代表监事、探头生产经理",
      "期初持股数": "",
      "期末持股数": "",
      "间接持股数": "",
      "从公司获得年度报酬总额": "167400",
      "补贴津贴": "",
      "变动原因说明": "",
      "是否在股东或关联单位领取报酬津贴": "否",
      "在任与否": "否"
    },
    {
      "领导人姓名": "张勇",
      "职位描述": "监事、研发中心高端彩超总监",
      "期初持股数": "",
      "期末持股数": "",
      "间接持股数": "",
      "从公司获得年度报酬总额": "1085400",
      "补贴津贴": "",
      "变动原因说明": "",
      "是否在股东或关联单位领取报酬津贴": "否",
      "在任与否": "是"
    },
    {
      "领导人姓名": "龚栋梁",
      "职位描述": "监事、软件部经理",
      "期初持股数": "",
      "期末持股数": "",
      "间接持股数": "",
      "从公司获得年度报酬总额": "460700",
      "补贴津贴": "",
      "变动原因说明": "",
      "是否在股东或关联单位领取报酬津贴": "否",
      "在任与否": "否"
    },
    {
      "领导人姓名": "HONG WANG（王鋐）",
      "职位描述": "首席技术官",
      "期初持股数": "",
      "期末持股数": "",
      "间接持股数": "",
      "从公司获得年度报酬总额": "1311500",
      "补贴津贴": "",
      "变动原因说明": "",
      "是否在股东或关联单位领取报酬津贴": "否",
      "在任与否": "是"
    },
    {
      "领导人姓名": "陈建军",
      "职位描述": "研发中心总监",
      "期初持股数": "",
      "期末持股数": "",
      "间接持股数": "",
      "从公司获得年度报酬总额": "928700",
      "补贴津贴": "",
      "变动原因说明": "",
      "是否在股东或关联单位领取报酬津贴": "否",
      "在任与否": "是"
    },
    {
      "领导人姓名": "诸晓明",
      "职位描述": "创新中心总监",
      "期初持股数": "",
      "期末持股数": "",
      "间接持股数": "",
      "从公司获得年度报酬总额": "871700",
      "补贴津贴": "",
      "变动原因说明": "",
      "是否在股东或关联单位领取报酬津贴": "否",
      "在任与否": "是"
    }
  ]
}

=== 688352-2026-04-20-颀中科技-合肥颀中科技股份有限公司2025年年度报告.pdf ===
{
  "Leader_Salary_data": {
    "实际所得报酬总额起始": "11669000",
    "实际所得报酬总额截止": "11669000",
    "实际所得报酬总额涉及人数": ""
  },
  "Leader_Hold_data": [
    {
      "领导人姓名": "陈小蓓",
      "职位描述": "董事长",
      "期初持股数": "0",
      "期末持股数": "0",
      "间接持股数": "",
      "从公司获得年度报酬总额": "",
      "补贴津贴": "",
      "变动原因说明": "",
      "是否在股东或关联单位领取报酬津贴": "是",
      "在任与否": "是"
    },
    {
      "领导人姓名": "赵章华",
      "职位描述": "董事",
      "期初持股数": "0",
      "期末持股数": "0",
      "间接持股数": "",
      "从公司获得年度报酬总额": "",
      "补贴津贴": "",
      "变动原因说明": "",
      "是否在股东或关联单位领取报酬津贴": "是",
      "在任与否": "是"
    },
    {
      "领导人姓名": "黄玲",
      "职位描述": "董事",
      "期初持股数": "0",
      "期末持股数": "0",
      "间接持股数": "",
      "从公司获得年度报酬总额": "",
      "补贴津贴": "",
      "变动原因说明": "",
      "是否在股东或关联单位领取报酬津贴": "是",
      "在任与否": "是"
    },
    {
      "领导人姓名": "罗世蔚",
      "职位描述": "董事",
      "期初持股数": "0",
      "期末持股数": "0",
      "间接持股数": "",
      "从公司获得年度报酬总额": "",
      "补贴津贴": "",
      "变动原因说明": "",
      "是否在股东或关联单位领取报酬津贴": "是",
      "在任与否": "是"
    },
    {
      "领导人姓名": "崔也光",
      "职位描述": "独立董事",
      "期初持股数": "0",
      "期末持股数": "0",
      "间接持股数": "",
      "从公司获得年度报酬总额": "127000",
      "补贴津贴": "127000",
      "变动原因说明": "",
      "是否在股东或关联单位领取报酬津贴": "否",
      "在任与否": "是"
    },
    {
      "领导人姓名": "王新",
      "职位描述": "独立董事",
      "期初持股数": "0",
      "期末持股数": "0",
      "间接持股数": "",
      "从公司获得年度报酬总额": "127000",
      "补贴津贴": "127000",
      "变动原因说明": "",
      "是否在股东或关联单位领取报酬津贴": "否",
      "在任与否": "是"
    },
    {
      "领导人姓名": "胡晓林",
      "职位描述": "独立董事",
      "期初持股数": "0",
      "期末持股数": "0",
      "间接持股数": "",
      "从公司获得年度报酬总额": "85400",
      "补贴津贴": "85400",
      "变动原因说明": "",
      "是否在股东或关联单位领取报酬津贴": "否",
      "在任与否": "否"
    },
    {
      "领导人姓名": "解光军",
      "职位描述": "独立董事",
      "期初持股数": "0",
      "期末持股数": "0",
      "间接持股数": "",
      "从公司获得年度报酬总额": "42000",
      "补贴津贴": "42000",
      "变动原因说明": "",
      "是否在股东或关联单位领取报酬津贴": "否",
      "在任与否": "是"
    },
    {
      "领导人姓名": "杨宗铭",
      "职位描述": "董事、总经理、核心技术人员",
      "期初持股数": "0",
      "期末持股数": "1799867",
      "间接持股数": "",
      "从公司获得年度报酬总额": "2498200",
      "补贴津贴": "",
      "变动原因说明": "原持股平台解散清算",
      "是否在股东或关联单位领取报酬津贴": "否",
      "在任与否": "是"
    },
    {
      "领导人姓名": "余成强",
      "职位描述": "董事、副总经理、董事会秘书、财务总监、职工董事",
      "期初持股数": "0",
      "期末持股数": "614195",
      "间接持股数": "",
      "从公司获得年度报酬总额": "1730600",
      "补贴津贴": "",
      "变动原因说明": "原持股平台解散清算",
      "是否在股东或关联单位领取报酬津贴": "否",
      "在任与否": "是"
    },
    {
      "领导人姓名": "张玲玲",
      "职位描述": "副总经理",
      "期初持股数": "0",
      "期末持股数": "0",
      "间接持股数": "",
      "从公司获得年度报酬总额": "1126800",
      "补贴津贴": "",
      "变动原因说明": "",
      "是否在股东或关联单位领取报酬津贴": "否",
      "在任与否": "是"
    },
    {
      "领导人姓名": "周小青",
      "职位描述": "副总经理",
      "期初持股数": "0",
      "期末持股数": "463541",
      "间接持股数": "",
      "从公司获得年度报酬总额": "1319500",
      "补贴津贴": "",
      "变动原因说明": "原持股平台解散清算",
      "是否在股东或关联单位领取报酬津贴": "否",
      "在任与否": "是"
    },
    {
      "领导人姓名": "朱晓玲",
      "职位描述": "副总经理",
      "期初持股数": "0",
      "期末持股数": "0",
      "间接持股数": "",
      "从公司获得年度报酬总额": "701300",
      "补贴津贴": "",
      "变动原因说明": "",
      "是否在股东或关联单位领取报酬津贴": "否",
      "在任与否": "是"
    },
    {
      "领导人姓名": "王小锋",
      "职位描述": "核心技术人员",
      "期初持股数": "1000",
      "期末持股数": "464480",
      "间接持股数": "",
      "从公司获得年度报酬总额": "941900",
      "补贴津贴": "",
      "变动原因说明": "原持股平台解散清算",
      "是否在股东或关联单位领取报酬津贴": "否",
      "在任与否": "是"
    },
    {
      "领导人姓名": "戴磊",
      "职位描述": "核心技术人员",
      "期初持股数": "0",
      "期末持股数": "0",
      "间接持股数": "",
      "从公司获得年度报酬总额": "963700",
      "补贴津贴": "",
      "变动原因说明": "",
      "是否在股东或关联单位领取报酬津贴": "否",
      "在任与否": "是"
    }
  ]
}

=== 688071-2026-04-20-华依科技-上海华依科技集团股份有限公司2025年年度报告.pdf ===
{
  "Leader_Salary_data": {
    "实际所得报酬总额起始": "6151225.16",
    "实际所得报酬总额截止": "6151225.16",
    "实际所得报酬总额涉及人数": ""
  },
  "Leader_Hold_data": [
    {
      "领导人姓名": "励寅",
      "职位描述": "董事长、总经理",
      "期初持股数": "17844546",
      "期末持股数": "17844546",
      "间接持股数": "",
      "从公司获得年度报酬总额": "900000.00",
      "补贴津贴": "",
      "变动原因说明": "",
      "是否在股东或关联单位领取报酬津贴": "否",
      "在任与否": "是"
    },
    {
      "领导人姓名": "潘旻",
      "职位描述": "董事、副总经理、财务总监",
      "期初持股数": "695304",
      "期末持股数": "575304",
      "间接持股数": "",
      "从公司获得年度报酬总额": "985482.16",
      "补贴津贴": "",
      "变动原因说明": "二级市场买卖",
      "是否在股东或关联单位领取报酬津贴": "否",
      "在任与否": "是"
    },
    {
      "领导人姓名": "申洪淳",
      "职位描述": "董事",
      "期初持股数": "5093580",
      "期末持股数": "5093580",
      "间接持股数": "",
      "从公司获得年度报酬总额": "0",
      "补贴津贴": "",
      "变动原因说明": "",
      "是否在股东或关联单位领取报酬津贴": "是",
      "在任与否": "是"
    },
    {
      "领导人姓名": "沈晓枫",
      "职位描述": "董事、董事会秘书",
      "期初持股数": "0",
      "期末持股数": "0",
      "间接持股数": "",
      "从公司获得年度报酬总额": "995482.22",
      "补贴津贴": "",
      "变动原因说明": "",
      "是否在股东或关联单位领取报酬津贴": "否",
      "在任与否": "是"
    },
    {
      "领导人姓名": "陈瑛",
      "职位描述": "职工董事",
      "期初持股数": "0",
      "期末持股数": "0",
      "间接持股数": "",
      "从公司获得年度报酬总额": "0",
      "补贴津贴": "",
      "变动原因说明": "",
      "是否在股东或关联单位领取报酬津贴": "否",
      "在任与否": "是"
    },
    {
      "领导人姓名": "查胤群",
      "职位描述": "独立董事",
      "期初持股数": "0",
      "期末持股数": "0",
      "间接持股数": "",
      "从公司获得年度报酬总额": "80000.00",
      "补贴津贴": "80000.00",
      "变动原因说明": "",
      "是否在股东或关联单位领取报酬津贴": "否",
      "在任与否": "是"
    },
    {
      "领导人姓名": "王从宝",
      "职位描述": "独立董事",
      "期初持股数": "0",
      "期末持股数": "0",
      "间接持股数": "",
      "从公司获得年度报酬总额": "30246.58",
      "补贴津贴": "30246.58",
      "变动原因说明": "",
      "是否在股东或关联单位领取报酬津贴": "否",
      "在任与否": "是"
    },
    {
      "领导人姓名": "夏飞",
      "职位描述": "独立董事",
      "期初持股数": "0",
      "期末持股数": "0",
      "间接持股数": "",
      "从公司获得年度报酬总额": "30246.58",
      "补贴津贴": "30246.58",
      "变动原因说明": "",
      "是否在股东或关联单位领取报酬津贴": "否",
      "在任与否": "是"
    },
    {
      "领导人姓名": "朱丹青",
      "职位描述": "独立董事",
      "期初持股数": "0",
      "期末持股数": "0",
      "间接持股数": "",
      "从公司获得年度报酬总额": "438.36",
      "补贴津贴": "438.36",
      "变动原因说明": "",
      "是否在股东或关联单位领取报酬津贴": "否",
      "在任与否": "是"
    },
    {
      "领导人姓名": "崔承刚",
      "职位描述": "独立董事",
      "期初持股数": "0",
      "期末持股数": "0",
      "间接持股数": "",
      "从公司获得年度报酬总额": "49753.42",
      "补贴津贴": "49753.42",
      "变动原因说明": "",
      "是否在股东或关联单位领取报酬津贴": "否",
      "在任与否": "否"
    },
    {
      "领导人姓名": "胡佩芳",
      "职位描述": "独立董事",
      "期初持股数": "0",
      "期末持股数": "0",
      "间接持股数": "",
      "从公司获得年度报酬总额": "49753.42",
      "补贴津贴": "49753.42",
      "变动原因说明": "",
      "是否在股东或关联单位领取报酬津贴": "否",
      "在任与否": "否"
    },
    {
      "领导人姓名": "汪彤",
      "职位描述": "核心技术人员",
      "期初持股数": "0",
      "期末持股数": "0",
      "间接持股数": "",
      "从公司获得年度报酬总额": "996208.13",
      "补贴津贴": "",
      "变动原因说明": "",
      "是否在股东或关联单位领取报酬津贴": "否",
      "在任与否": "是"
    },
    {
      "领导人姓名": "张建军",
      "职位描述": "核心技术人员",
      "期初持股数": "2680",
      "期末持股数": "2680",
      "间接持股数": "",
      "从公司获得年度报酬总额": "600000.00",
      "补贴津贴": "",
      "变动原因说明": "",
      "是否在股东或关联单位领取报酬津贴": "否",
      "在任与否": "是"
    },
    {
      "领导人姓名": "李粉花",
      "职位描述": "核心技术人员",
      "期初持股数": "10400",
      "期末持股数": "10000",
      "间接持股数": "",
      "从公司获得年度报酬总额": "693354.20",
      "补贴津贴": "",
      "变动原因说明": "二级市场买卖",
      "是否在股东或关联单位领取报酬津贴": "否",
      "在任与否": "是"
    },
    {
      "领导人姓名": "张洁萍",
      "职位描述": "核心技术人员",
      "期初持股数": "2080",
      "期末持股数": "2080",
      "间接持股数": "",
      "从公司获得年度报酬总额": "740260.09",
      "补贴津贴": "",
      "变动原因说明": "",
      "是否在股东或关联单位领取报酬津贴": "否",
      "在任与否": "否"
    }
  ]
}

=== 688313-2026-04-18-仕佳光子-2025年年度报告.pdf ===
{
  "Leader_Salary_data": {
    "实际所得报酬总额起始": "11441000",
    "实际所得报酬总额截止": "11441000",
    "实际所得报酬总额涉及人数": ""
  },
  "Leader_Hold_data": [
    {
      "领导人姓名": "葛海泉",
      "职位描述": "董事长、总经理",
      "期初持股数": "30541172",
      "期末持股数": "30541172",
      "间接持股数": "",
      "从公司获得年度报酬总额": "1958700",
      "补贴津贴": "",
      "变动原因说明": "",
      "是否在股东或关联单位领取报酬津贴": "否",
      "在任与否": "是"
    },
    {
      "领导人姓名": "吕克进",
      "职位描述": "董事、副总经理、总经理",
      "期初持股数": "1490713",
      "期末持股数": "1490713",
      "间接持股数": "",
      "从公司获得年度报酬总额": "1746400",
      "补贴津贴": "",
      "变动原因说明": "",
      "是否在股东或关联单位领取报酬津贴": "否",
      "在任与否": "是"
    },
    {
      "领导人姓名": "黄永光",
      "职位描述": "董事、副总经理、核心技术人员",
      "期初持股数": "900000",
      "期末持股数": "900000",
      "间接持股数": "",
      "从公司获得年度报酬总额": "1215300",
      "补贴津贴": "",
      "变动原因说明": "",
      "是否在股东或关联单位领取报酬津贴": "否",
      "在任与否": "是"
    },
    {
      "领导人姓名": "张志奇",
      "职位描述": "董事",
      "期初持股数": "540105",
      "期末持股数": "540105",
      "间接持股数": "",
      "从公司获得年度报酬总额": "293700",
      "补贴津贴": "",
      "变动原因说明": "",
      "是否在股东或关联单位领取报酬津贴": "否",
      "在任与否": "是"
    },
    {
      "领导人姓名": "张晓光",
      "职位描述": "董事、核心技术人员",
      "期初持股数": "360000",
      "期末持股数": "360000",
      "间接持股数": "",
      "从公司获得年度报酬总额": "549900",
      "补贴津贴": "",
      "变动原因说明": "",
      "是否在股东或关联单位领取报酬津贴": "否",
      "在任与否": "是"
    },
    {
      "领导人姓名": "张可",
      "职位描述": "职工代表董事",
      "期初持股数": "0",
      "期末持股数": "0",
      "间接持股数": "",
      "从公司获得年度报酬总额": "529700",
      "补贴津贴": "",
      "变动原因说明": "",
      "是否在股东或关联单位领取报酬津贴": "否",
      "在任与否": "是"
    },
    {
      "领导人姓名": "胡卫升",
      "职位描述": "独立董事",
      "期初持股数": "0",
      "期末持股数": "0",
      "间接持股数": "",
      "从公司获得年度报酬总额": "60000",
      "补贴津贴": "",
      "变动原因说明": "",
      "是否在股东或关联单位领取报酬津贴": "否",
      "在任与否": "是"
    },
    {
      "领导人姓名": "鲁平",
      "职位描述": "独立董事",
      "期初持股数": "0",
      "期末持股数": "0",
      "间接持股数": "",
      "从公司获得年度报酬总额": "60000",
      "补贴津贴": "",
      "变动原因说明": "",
      "是否在股东或关联单位领取报酬津贴": "否",
      "在任与否": "是"
    },
    {
      "领导人姓名": "王菲",
      "职位描述": "独立董事",
      "期初持股数": "0",
      "期末持股数": "0",
      "间接持股数": "",
      "从公司获得年度报酬总额": "60000",
      "补贴津贴": "",
      "变动原因说明": "",
      "是否在股东或关联单位领取报酬津贴": "否",
      "在任与否": "是"
    },
    {
      "领导人姓名": "赵艳涛",
      "职位描述": "董事、财务总监",
      "期初持股数": "0",
      "期末持股数": "0",
      "间接持股数": "",
      "从公司获得年度报酬总额": "1183600",
      "补贴津贴": "",
      "变动原因说明": "",
      "是否在股东或关联单位领取报酬津贴": "否",
      "在任与否": "否"
    },
    {
      "领导人姓名": "梅雪",
      "职位描述": "董事会秘书",
      "期初持股数": "0",
      "期末持股数": "5000",
      "间接持股数": "",
      "从公司获得年度报酬总额": "835500",
      "补贴津贴": "",
      "变动原因说明": "二级市场买卖",
      "是否在股东或关联单位领取报酬津贴": "否",
      "在任与否": "是"
    },
    {
      "领导人姓名": "王欢",
      "职位描述": "核心技术人员",
      "期初持股数": "0",
      "期末持股数": "0",
      "间接持股数": "",
      "从公司获得年度报酬总额": "568800",
      "补贴津贴": "",
      "变动原因说明": "",
      "是否在股东或关联单位领取报酬津贴": "否",
      "在任与否": "是"
    },
    {
      "领导人姓名": "周天红",
      "职位描述": "核心技术人员",
      "期初持股数": "204000",
      "期末持股数": "148000",
      "间接持股数": "",
      "从公司获得年度报酬总额": "637000",
      "补贴津贴": "",
      "变动原因说明": "二级市场买卖",
      "是否在股东或关联单位领取报酬津贴": "否",
      "在任与否": "是"
    },
    {
      "领导人姓名": "陈军",
      "职位描述": "核心技术人员",
      "期初持股数": "0",
      "期末持股数": "0",
      "间接持股数": "",
      "从公司获得年度报酬总额": "426700",
      "补贴津贴": "",
      "变动原因说明": "",
      "是否在股东或关联单位领取报酬津贴": "否",
      "在任与否": "是"
    },
    {
      "领导人姓名": "徐嘉宏",
      "职位描述": "核心技术人员",
      "期初持股数": "0",
      "期末持股数": "0",
      "间接持股数": "",
      "从公司获得年度报酬总额": "928800",
      "补贴津贴": "",
      "变动原因说明": "",
      "是否在股东或关联单位领取报酬津贴": "否",
      "在任与否": "否"
    },
    {
      "领导人姓名": "孙健",
      "职位描述": "核心技术人员",
      "期初持股数": "184000",
      "期末持股数": "15000",
      "间接持股数": "",
      "从公司获得年度报酬总额": "386900",
      "补贴津贴": "",
      "变动原因说明": "二级市场买卖",
      "是否在股东或关联单位领取报酬津贴": "否",
      "在任与否": "否"
    }
  ]
}

=== 688181-2026-04-18-八亿时空-八亿时空2025年年度报告.pdf ===
{
  "Leader_Salary_data": {
    "实际所得报酬总额起始": "12158000",
    "实际所得报酬总额截止": "12158000",
    "实际所得报酬总额涉及人数": ""
  },
  "Leader_Hold_data": [
    {
      "领导人姓名": "赵雷",
      "职位描述": "董事长、总经理",
      "期初持股数": "27519873",
      "期末持股数": "27519873",
      "间接持股数": "",
      "从公司获得年度报酬总额": "739300",
      "补贴津贴": "",
      "变动原因说明": "",
      "是否在股东或关联单位领取报酬津贴": "否",
      "在任与否": "是"
    },
    {
      "领导人姓名": "葛思恩",
      "职位描述": "董事",
      "期初持股数": "879747",
      "期末持股数": "879747",
      "间接持股数": "",
      "从公司获得年度报酬总额": "770700",
      "补贴津贴": "",
      "变动原因说明": "",
      "是否在股东或关联单位领取报酬津贴": "否",
      "在任与否": "是"
    },
    {
      "领导人姓名": "于海龙",
      "职位描述": "董事、副总经理、核心技术人员",
      "期初持股数": "",
      "期末持股数": "",
      "间接持股数": "",
      "从公司获得年度报酬总额": "977100",
      "补贴津贴": "",
      "变动原因说明": "",
      "是否在股东或关联单位领取报酬津贴": "否",
      "在任与否": "是"
    },
    {
      "领导人姓名": "邢文丽",
      "职位描述": "董事、核心技术人员",
      "期初持股数": "",
      "期末持股数": "",
      "间接持股数": "",
      "从公司获得年度报酬总额": "634000",
      "补贴津贴": "",
      "变动原因说明": "",
      "是否在股东或关联单位领取报酬津贴": "否",
      "在任与否": "是"
    },
    {
      "领导人姓名": "张霞红",
      "职位描述": "董事、副总经理、财务总监",
      "期初持股数": "",
      "期末持股数": "",
      "间接持股数": "",
      "从公司获得年度报酬总额": "692900",
      "补贴津贴": "",
      "变动原因说明": "",
      "是否在股东或关联单位领取报酬津贴": "否",
      "在任与否": "是"
    },
    {
      "领导人姓名": "曹磊",
      "职位描述": "独立董事",
      "期初持股数": "",
      "期末持股数": "",
      "间接持股数": "",
      "从公司获得年度报酬总额": "150000",
      "补贴津贴": "",
      "变动原因说明": "",
      "是否在股东或关联单位领取报酬津贴": "否",
      "在任与否": "是"
    },
    {
      "领导人姓名": "鲁瑾",
      "职位描述": "独立董事",
      "期初持股数": "",
      "期末持股数": "",
      "间接持股数": "",
      "从公司获得年度报酬总额": "150000",
      "补贴津贴": "",
      "变动原因说明": "",
      "是否在股东或关联单位领取报酬津贴": "否",
      "在任与否": "是"
    },
    {
      "领导人姓名": "崔彦军",
      "职位描述": "独立董事",
      "期初持股数": "",
      "期末持股数": "",
      "间接持股数": "",
      "从公司获得年度报酬总额": "150000",
      "补贴津贴": "",
      "变动原因说明": "",
      "是否在股东或关联单位领取报酬津贴": "否",
      "在任与否": "是"
    },
    {
      "领导人姓名": "薛秀媛",
      "职位描述": "副总经理、董事会秘书",
      "期初持股数": "",
      "期末持股数": "",
      "间接持股数": "",
      "从公司获得年度报酬总额": "692400",
      "补贴津贴": "",
      "变动原因说明": "",
      "是否在股东或关联单位领取报酬津贴": "否",
      "在任与否": "是"
    },
    {
      "领导人姓名": "蒋明远",
      "职位描述": "副总经理",
      "期初持股数": "",
      "期末持股数": "",
      "间接持股数": "",
      "从公司获得年度报酬总额": "874700",
      "补贴津贴": "",
      "变动原因说明": "",
      "是否在股东或关联单位领取报酬津贴": "否",
      "在任与否": "是"
    },
    {
      "领导人姓名": "刘俊",
      "职位描述": "职工代表董事、副总经理、核心技术人员",
      "期初持股数": "",
      "期末持股数": "",
      "间接持股数": "",
      "从公司获得年度报酬总额": "515500",
      "补贴津贴": "",
      "变动原因说明": "",
      "是否在股东或关联单位领取报酬津贴": "否",
      "在任与否": "是"
    },
    {
      "领导人姓名": "陈卯先",
      "职位描述": "核心技术人员",
      "期初持股数": "",
      "期末持股数": "",
      "间接持股数": "",
      "从公司获得年度报酬总额": "1050300",
      "补贴津贴": "",
      "变动原因说明": "",
      "是否在股东或关联单位领取报酬津贴": "否",
      "在任与否": "是"
    },
    {
      "领导人姓名": "苏学辉",
      "职位描述": "核心技术人员",
      "期初持股数": "",
      "期末持股数": "",
      "间接持股数": "",
      "从公司获得年度报酬总额": "632100",
      "补贴津贴": "",
      "变动原因说明": "",
      "是否在股东或关联单位领取报酬津贴": "否",
      "在任与否": "是"
    },
    {
      "领导人姓名": "高立龙",
      "职位描述": "核心技术人员",
      "期初持股数": "",
      "期末持股数": "",
      "间接持股数": "",
      "从公司获得年度报酬总额": "719600",
      "补贴津贴": "",
      "变动原因说明": "",
      "是否在股东或关联单位领取报酬津贴": "否",
      "在任与否": "是"
    },
    {
      "领导人姓名": "王杰",
      "职位描述": "核心技术人员",
      "期初持股数": "",
      "期末持股数": "",
      "间接持股数": "",
      "从公司获得年度报酬总额": "594600",
      "补贴津贴": "",
      "变动原因说明": "",
      "是否在股东或关联单位领取报酬津贴": "否",
      "在任与否": "是"
    },
    {
      "领导人姓名": "戴雄",
      "职位描述": "核心技术人员",
      "期初持股数": "",
      "期末持股数": "",
      "间接持股数": "",
      "从公司获得年度报酬总额": "625100",
      "补贴津贴": "",
      "变动原因说明": "",
      "是否在股东或关联单位领取报酬津贴": "否",
      "在任与否": "是"
    },
    {
      "领导人姓名": "郭云鹏",
      "职位描述": "核心技术人员",
      "期初持股数": "",
      "期末持股数": "",
      "间接持股数": "",
      "从公司获得年度报酬总额": "649300",
      "补贴津贴": "",
      "变动原因说明": "",
      "是否在股东或关联单位领取报酬津贴": "否",
      "在任与否": "是"
    },
    {
      "领导人姓名": "王俊军",
      "职位描述": "核心技术人员",
      "期初持股数": "",
      "期末持股数": "",
      "间接持股数": "",
      "从公司获得年度报酬总额": "650400",
      "补贴津贴": "",
      "变动原因说明": "",
      "是否在股东或关联单位领取报酬津贴": "否",
      "在任与否": "是"
    },
    {
      "领导人姓名": "田会强",
      "职位描述": "核心技术人员",
      "期初持股数": "292337",
      "期末持股数": "292337",
      "间接持股数": "",
      "从公司获得年度报酬总额": "890000",
      "补贴津贴": "",
      "变动原因说明": "",
      "是否在股东或关联单位领取报酬津贴": "否",
      "在任与否": "是"
    },
    {
      "领导人姓名": "刘俊（离任）",
      "职位描述": "董事",
      "期初持股数": "",
      "期末持股数": "",
      "间接持股数": "",
      "从公司获得年度报酬总额": "0",
      "补贴津贴": "",
      "变动原因说明": "",
      "是否在股东或关联单位领取报酬津贴": "否",
      "在任与否": "否"
    },
    {
      "领导人姓名": "孟子扬（离任）",
      "职位描述": "董事",
      "期初持股数": "",
      "期末持股数": "",
      "间接持股数": "",
      "从公司获得年度报酬总额": "0",
      "补贴津贴": "",
      "变动原因说明": "",
      "是否在股东或关联单位领取报酬津贴": "是",
      "在任与否": "否"
    }
  ]
}

=== 688037-2026-04-18-芯源微-芯源微2025年年度报告.pdf ===
{
  "Leader_Salary_data": {
    "实际所得报酬总额起始": "18646600",
    "实际所得报酬总额截止": "18646600",
    "实际所得报酬总额涉及人数": ""
  },
  "Leader_Hold_data": [
    {
      "领导人姓名": "董博宇",
      "职位描述": "董事长",
      "期初持股数": "0",
      "期末持股数": "0",
      "间接持股数": "",
      "从公司获得年度报酬总额": "0",
      "补贴津贴": "",
      "变动原因说明": "",
      "是否在股东或关联单位领取报酬津贴": "是",
      "在任与否": "是"
    },
    {
      "领导人姓名": "崔晓微",
      "职位描述": "董事、执行委员会副主席",
      "期初持股数": "138176",
      "期末持股数": "163928",
      "间接持股数": "",
      "从公司获得年度报酬总额": "2631800",
      "补贴津贴": "",
      "变动原因说明": "股权激励归属",
      "是否在股东或关联单位领取报酬津贴": "否",
      "在任与否": "否"
    },
    {
      "领导人姓名": "李延辉",
      "职位描述": "董事",
      "期初持股数": "0",
      "期末持股数": "0",
      "间接持股数": "",
      "从公司获得年度报酬总额": "0",
      "补贴津贴": "",
      "变动原因说明": "",
      "是否在股东或关联单位领取报酬津贴": "是",
      "在任与否": "是"
    },
    {
      "领导人姓名": "邓晓军",
      "职位描述": "董事、执行委员会主席、核心技术人员",
      "期初持股数": "0",
      "期末持股数": "0",
      "间接持股数": "",
      "从公司获得年度报酬总额": "1922800",
      "补贴津贴": "",
      "变动原因说明": "",
      "是否在股东或关联单位领取报酬津贴": "否",
      "在任与否": "是"
    },
    {
      "领导人姓名": "黄鹤",
      "职位描述": "董事",
      "期初持股数": "0",
      "期末持股数": "0",
      "间接持股数": "",
      "从公司获得年度报酬总额": "0",
      "补贴津贴": "",
      "变动原因说明": "",
      "是否在股东或关联单位领取报酬津贴": "是",
      "在任与否": "是"
    },
    {
      "领导人姓名": "王玉宝",
      "职位描述": "职工代表董事",
      "期初持股数": "0",
      "期末持股数": "5800",
      "间接持股数": "",
      "从公司获得年度报酬总额": "727400",
      "补贴津贴": "",
      "变动原因说明": "股权激励归属",
      "是否在股东或关联单位领取报酬津贴": "否",
      "在任与否": "是"
    },
    {
      "领导人姓名": "潘伟",
      "职位描述": "独立董事",
      "期初持股数": "0",
      "期末持股数": "0",
      "间接持股数": "",
      "从公司获得年度报酬总额": "60000",
      "补贴津贴": "",
      "变动原因说明": "",
      "是否在股东或关联单位领取报酬津贴": "否",
      "在任与否": "是"
    },
    {
      "领导人姓名": "李宝玉",
      "职位描述": "独立董事",
      "期初持股数": "0",
      "期末持股数": "0",
      "间接持股数": "",
      "从公司获得年度报酬总额": "60000",
      "补贴津贴": "",
      "变动原因说明": "",
      "是否在股东或关联单位领取报酬津贴": "否",
      "在任与否": "是"
    },
    {
      "领导人姓名": "钟宇",
      "职位描述": "独立董事",
      "期初持股数": "0",
      "期末持股数": "0",
      "间接持股数": "",
      "从公司获得年度报酬总额": "120000",
      "补贴津贴": "",
      "变动原因说明": "",
      "是否在股东或关联单位领取报酬津贴": "否",
      "在任与否": "是"
    },
    {
      "领导人姓名": "汪明波",
      "职位描述": "执行委员会委员、副总裁",
      "期初持股数": "64986",
      "期末持股数": "80930",
      "间接持股数": "",
      "从公司获得年度报酬总额": "2499200",
      "补贴津贴": "",
      "变动原因说明": "股权激励归属及二级市场买卖",
      "是否在股东或关联单位领取报酬津贴": "否",
      "在任与否": "是"
    },
    {
      "领导人姓名": "程虎",
      "职位描述": "执行委员会委员、副总裁、核心技术人员",
      "期初持股数": "85898",
      "期末持股数": "88798",
      "间接持股数": "",
      "从公司获得年度报酬总额": "1721500",
      "补贴津贴": "",
      "变动原因说明": "股权激励归属",
      "是否在股东或关联单位领取报酬津贴": "否",
      "在任与否": "是"
    },
    {
      "领导人姓名": "赵乃霞",
      "职位描述": "执行委员会委员、副总裁、核心技术人员",
      "期初持股数": "0",
      "期末持股数": "0",
      "间接持股数": "",
      "从公司获得年度报酬总额": "1532300",
      "补贴津贴": "",
      "变动原因说明": "",
      "是否在股东或关联单位领取报酬津贴": "否",
      "在任与否": "是"
    },
    {
      "领导人姓名": "张新超",
      "职位描述": "执行委员会委员、副总裁、财务总监",
      "期初持股数": "30160",
      "期末持股数": "35960",
      "间接持股数": "",
      "从公司获得年度报酬总额": "1793800",
      "补贴津贴": "",
      "变动原因说明": "股权激励归属",
      "是否在股东或关联单位领取报酬津贴": "否",
      "在任与否": "是"
    },
    {
      "领导人姓名": "刘书杰",
      "职位描述": "执行委员会委员、副总裁、董事会秘书",
      "期初持股数": "40890",
      "期末持股数": "46690",
      "间接持股数": "",
      "从公司获得年度报酬总额": "1454700",
      "补贴津贴": "",
      "变动原因说明": "股权激励归属",
      "是否在股东或关联单位领取报酬津贴": "否",
      "在任与否": "是"
    },
    {
      "领导人姓名": "宗润福",
      "职位描述": "董事长、总裁、核心技术人员",
      "期初持股数": "3231146",
      "期末持股数": "2700000",
      "间接持股数": "",
      "从公司获得年度报酬总额": "2403000",
      "补贴津贴": "",
      "变动原因说明": "股权激励归属及二级市场买卖",
      "是否在股东或关联单位领取报酬津贴": "否",
      "在任与否": "否"
    },
    {
      "领导人姓名": "郑广文",
      "职位描述": "董事",
      "期初持股数": "0",
      "期末持股数": "0",
      "间接持股数": "",
      "从公司获得年度报酬总额": "0",
      "补贴津贴": "",
      "变动原因说明": "",
      "是否在股东或关联单位领取报酬津贴": "是",
      "在任与否": "否"
    },
    {
      "领导人姓名": "胡琨元",
      "职位描述": "董事",
      "期初持股数": "0",
      "期末持股数": "0",
      "间接持股数": "",
      "从公司获得年度报酬总额": "0",
      "补贴津贴": "",
      "变动原因说明": "",
      "是否在股东或关联单位领取报酬津贴": "是",
      "在任与否": "否"
    },
    {
      "领导人姓名": "孙华",
      "职位描述": "董事",
      "期初持股数": "0",
      "期末持股数": "0",
      "间接持股数": "",
      "从公司获得年度报酬总额": "0",
      "补贴津贴": "",
      "变动原因说明": "",
      "是否在股东或关联单位领取报酬津贴": "否",
      "在任与否": "否"
    },
    {
      "领导人姓名": "陈兴隆",
      "职位描述": "董事、副总裁、核心技术人员",
      "期初持股数": "199073",
      "期末持股数": "179073",
      "间接持股数": "",
      "从公司获得年度报酬总额": "466700",
      "补贴津贴": "",
      "变动原因说明": "二级市场买卖",
      "是否在股东或关联单位领取报酬津贴": "否",
      "在任与否": "否"
    },
    {
      "领导人姓名": "朱煜",
      "职位描述": "独立董事",
      "期初持股数": "0",
      "期末持股数": "0",
      "间接持股数": "",
      "从公司获得年度报酬总额": "56900",
      "补贴津贴": "",
      "变动原因说明": "",
      "是否在股东或关联单位领取报酬津贴": "否",
      "在任与否": "否"
    },
    {
      "领导人姓名": "宋雷",
      "职位描述": "独立董事",
      "期初持股数": "0",
      "期末持股数": "0",
      "间接持股数": "",
      "从公司获得年度报酬总额": "56900",
      "补贴津贴": "",
      "变动原因说明": "",
      "是否在股东或关联单位领取报酬津贴": "否",
      "在任与否": "否"
    },
    {
      "领导人姓名": "顾永田",
      "职位描述": "副总裁",
      "期初持股数": "136738",
      "期末持股数": "6632",
      "间接持股数": "",
      "从公司获得年度报酬总额": "1139600",
      "补贴津贴": "",
      "变动原因说明": "股权激励归属及二级市场买卖",
      "是否在股东或关联单位领取报酬津贴": "否",
      "在任与否": "否"
    }
  ]
}

=== 688176-2026-04-18-亚虹医药-江苏亚虹医药科技股份有限公司2025年年度报告.pdf ===
{
  "Leader_Salary_data": {
    "实际所得报酬总额起始": "18797500",
    "实际所得报酬总额截止": "18797500",
    "实际所得报酬总额涉及人数": ""
  },
  "Leader_Hold_data": [
    {
      "领导人姓名": "PAN KE",
      "职位描述": "董事长、总经理、核心技术人员",
      "期初持股数": "130103577",
      "期末持股数": "130103577",
      "间接持股数": "",
      "从公司获得年度报酬总额": "4609400",
      "补贴津贴": "",
      "变动原因说明": "",
      "是否在股东或关联单位领取报酬津贴": "否",
      "在任与否": "是"
    },
    {
      "领导人姓名": "ZHUANG CHENG FENG JOHN",
      "职位描述": "董事、副总经理",
      "期初持股数": "6019189",
      "期末持股数": "6076564",
      "间接持股数": "",
      "从公司获得年度报酬总额": "154900",
      "补贴津贴": "",
      "变动原因说明": "股权激励归属",
      "是否在股东或关联单位领取报酬津贴": "否",
      "在任与否": "是"
    },
    {
      "领导人姓名": "徐瑛",
      "职位描述": "董事",
      "期初持股数": "0",
      "期末持股数": "0",
      "间接持股数": "",
      "从公司获得年度报酬总额": "1491500",
      "补贴津贴": "",
      "变动原因说明": "",
      "是否在股东或关联单位领取报酬津贴": "否",
      "在任与否": "是"
    },
    {
      "领导人姓名": "陈宝华",
      "职位描述": "职工代表董事、财务负责人、董事会秘书",
      "期初持股数": "0",
      "期末持股数": "0",
      "间接持股数": "",
      "从公司获得年度报酬总额": "428800",
      "补贴津贴": "",
      "变动原因说明": "",
      "是否在股东或关联单位领取报酬津贴": "否",
      "在任与否": "是"
    },
    {
      "领导人姓名": "陈文德",
      "职位描述": "董事",
      "期初持股数": "0",
      "期末持股数": "0",
      "间接持股数": "",
      "从公司获得年度报酬总额": "417700",
      "补贴津贴": "",
      "变动原因说明": "",
      "是否在股东或关联单位领取报酬津贴": "否",
      "在任与否": "是"
    },
    {
      "领导人姓名": "黄彬",
      "职位描述": "独立董事",
      "期初持股数": "0",
      "期末持股数": "0",
      "间接持股数": "",
      "从公司获得年度报酬总额": "150000",
      "补贴津贴": "",
      "变动原因说明": "",
      "是否在股东或关联单位领取报酬津贴": "否",
      "在任与否": "是"
    },
    {
      "领导人姓名": "张炳辉",
      "职位描述": "独立董事",
      "期初持股数": "0",
      "期末持股数": "0",
      "间接持股数": "",
      "从公司获得年度报酬总额": "150000",
      "补贴津贴": "",
      "变动原因说明": "",
      "是否在股东或关联单位领取报酬津贴": "否",
      "在任与否": "是"
    },
    {
      "领导人姓名": "王文宁",
      "职位描述": "独立董事",
      "期初持股数": "0",
      "期末持股数": "0",
      "间接持股数": "",
      "从公司获得年度报酬总额": "150000",
      "补贴津贴": "",
      "变动原因说明": "",
      "是否在股东或关联单位领取报酬津贴": "否",
      "在任与否": "是"
    },
    {
      "领导人姓名": "孙龙伟",
      "职位描述": "核心技术人员",
      "期初持股数": "0",
      "期末持股数": "",
      "间接持股数": "",
      "从公司获得年度报酬总额": "",
      "补贴津贴": "",
      "变动原因说明": "",
      "是否在股东或关联单位领取报酬津贴": "否",
      "在任与否": "是"
    },
    {
      "领导人姓名": "孙巧玲",
      "职位描述": "核心技术人员",
      "期初持股数": "0",
      "期末持股数": "21000",
      "间接持股数": "",
      "从公司获得年度报酬总额": "",
      "补贴津贴": "",
      "变动原因说明": "股权激励归属",
      "是否在股东或关联单位领取报酬津贴": "否",
      "在任与否": "是"
    },
    {
      "领导人姓名": "吴亮",
      "职位描述": "核心技术人员",
      "期初持股数": "0",
      "期末持股数": "9000",
      "间接持股数": "",
      "从公司获得年度报酬总额": "",
      "补贴津贴": "",
      "变动原因说明": "股权激励归属、卖出",
      "是否在股东或关联单位领取报酬津贴": "否",
      "在任与否": "是"
    },
    {
      "领导人姓名": "刘江华",
      "职位描述": "核心技术人员",
      "期初持股数": "0",
      "期末持股数": "9000",
      "间接持股数": "",
      "从公司获得年度报酬总额": "",
      "补贴津贴": "",
      "变动原因说明": "股权激励归属",
      "是否在股东或关联单位领取报酬津贴": "否",
      "在任与否": "是"
    },
    {
      "领导人姓名": "江新明",
      "职位描述": "董事",
      "期初持股数": "0",
      "期末持股数": "29000",
      "间接持股数": "",
      "从公司获得年度报酬总额": "978200",
      "补贴津贴": "",
      "变动原因说明": "股权激励归属",
      "是否在股东或关联单位领取报酬津贴": "否",
      "在任与否": "否"
    },
    {
      "领导人姓名": "杨明远",
      "职位描述": "董事、董事会秘书、财务负责人",
      "期初持股数": "35800",
      "期末持股数": "59800",
      "间接持股数": "",
      "从公司获得年度报酬总额": "869000",
      "补贴津贴": "",
      "变动原因说明": "股权激励归属",
      "是否在股东或关联单位领取报酬津贴": "否",
      "在任与否": "否"
    },
    {
      "领导人姓名": "李显显",
      "职位描述": "董事",
      "期初持股数": "0",
      "期末持股数": "0",
      "间接持股数": "",
      "从公司获得年度报酬总额": "",
      "补贴津贴": "",
      "变动原因说明": "",
      "是否在股东或关联单位领取报酬津贴": "否",
      "在任与否": "否"
    },
    {
      "领导人姓名": "YIJUN DENG",
      "职位描述": "核心技术人员",
      "期初持股数": "0",
      "期末持股数": "0",
      "间接持股数": "",
      "从公司获得年度报酬总额": "",
      "补贴津贴": "",
      "变动原因说明": "",
      "是否在股东或关联单位领取报酬津贴": "否",
      "在任与否": "否"
    },
    {
      "领导人姓名": "YUSHEN GUO",
      "职位描述": "核心技术人员",
      "期初持股数": "0",
      "期末持股数": "0",
      "间接持股数": "",
      "从公司获得年度报酬总额": "",
      "补贴津贴": "",
      "变动原因说明": "",
      "是否在股东或关联单位领取报酬津贴": "否",
      "在任与否": "否"
    }
  ]
}

=== 688371-2026-04-18-菲沃泰-2025年年度报告.pdf ===
{
  "Leader_Salary_data": {
    "实际所得报酬总额起始": "13097900",
    "实际所得报酬总额截止": "13097900",
    "实际所得报酬总额涉及人数": ""
  },
  "Leader_Hold_data": [
    {
      "领导人姓名": "宗坚",
      "职位描述": "董事长、总经理、财务总监、核心技术人员",
      "期初持股数": "",
      "期末持股数": "",
      "间接持股数": "",
      "从公司获得年度报酬总额": "1789300",
      "补贴津贴": "",
      "变动原因说明": "",
      "是否在股东或关联单位领取报酬津贴": "否",
      "在任与否": "是"
    },
    {
      "领导人姓名": "竹民",
      "职位描述": "独立董事",
      "期初持股数": "",
      "期末持股数": "",
      "间接持股数": "",
      "从公司获得年度报酬总额": "100000",
      "补贴津贴": "100000",
      "变动原因说明": "",
      "是否在股东或关联单位领取报酬津贴": "否",
      "在任与否": "是"
    },
    {
      "领导人姓名": "童越",
      "职位描述": "独立董事",
      "期初持股数": "",
      "期末持股数": "",
      "间接持股数": "",
      "从公司获得年度报酬总额": "100000",
      "补贴津贴": "100000",
      "变动原因说明": "",
      "是否在股东或关联单位领取报酬津贴": "否",
      "在任与否": "是"
    },
    {
      "领导人姓名": "周频",
      "职位描述": "独立董事",
      "期初持股数": "",
      "期末持股数": "",
      "间接持股数": "",
      "从公司获得年度报酬总额": "100000",
      "补贴津贴": "100000",
      "变动原因说明": "",
      "是否在股东或关联单位领取报酬津贴": "否",
      "在任与否": "是"
    },
    {
      "领导人姓名": "赵静艳",
      "职位描述": "董事",
      "期初持股数": "",
      "期末持股数": "",
      "间接持股数": "",
      "从公司获得年度报酬总额": "839000",
      "补贴津贴": "",
      "变动原因说明": "",
      "是否在股东或关联单位领取报酬津贴": "否",
      "在任与否": "是"
    },
    {
      "领导人姓名": "冯国满",
      "职位描述": "董事、副总经理",
      "期初持股数": "",
      "期末持股数": "",
      "间接持股数": "",
      "从公司获得年度报酬总额": "253000",
      "补贴津贴": "",
      "变动原因说明": "",
      "是否在股东或关联单位领取报酬津贴": "否",
      "在任与否": "否"
    },
    {
      "领导人姓名": "孙西林",
      "职位描述": "董事、副总经理、董事会秘书",
      "期初持股数": "",
      "期末持股数": "",
      "间接持股数": "",
      "从公司获得年度报酬总额": "1072300",
      "补贴津贴": "",
      "变动原因说明": "",
      "是否在股东或关联单位领取报酬津贴": "否",
      "在任与否": "是"
    },
    {
      "领导人姓名": "单伟",
      "职位描述": "董事",
      "期初持股数": "",
      "期末持股数": "",
      "间接持股数": "",
      "从公司获得年度报酬总额": "188200",
      "补贴津贴": "",
      "变动原因说明": "",
      "是否在股东或关联单位领取报酬津贴": "否",
      "在任与否": "否"
    },
    {
      "领导人姓名": "兰竹瑶",
      "职位描述": "董事、菲沃泰深圳总经理、核心技术人员",
      "期初持股数": "",
      "期末持股数": "",
      "间接持股数": "",
      "从公司获得年度报酬总额": "748700",
      "补贴津贴": "",
      "变动原因说明": "",
      "是否在股东或关联单位领取报酬津贴": "否",
      "在任与否": "是"
    },
    {
      "领导人姓名": "宗沛霖",
      "职位描述": "董事",
      "期初持股数": "",
      "期末持股数": "",
      "间接持股数": "",
      "从公司获得年度报酬总额": "577300",
      "补贴津贴": "",
      "变动原因说明": "",
      "是否在股东或关联单位领取报酬津贴": "否",
      "在任与否": "是"
    },
    {
      "领导人姓名": "夏欣",
      "职位描述": "董事",
      "期初持股数": "0",
      "期末持股数": "50000",
      "间接持股数": "",
      "从公司获得年度报酬总额": "449800",
      "补贴津贴": "",
      "变动原因说明": "2024年股票期权激励计划集中行权",
      "是否在股东或关联单位领取报酬津贴": "否",
      "在任与否": "是"
    },
    {
      "领导人姓名": "赵钱波",
      "职位描述": "董事会秘书、财务总监",
      "期初持股数": "",
      "期末持股数": "",
      "间接持股数": "",
      "从公司获得年度报酬总额": "276600",
      "补贴津贴": "",
      "变动原因说明": "",
      "是否在股东或关联单位领取报酬津贴": "否",
      "在任与否": "否"
    },
    {
      "领导人姓名": "曲宁",
      "职位描述": "财务总监",
      "期初持股数": "",
      "期末持股数": "",
      "间接持股数": "",
      "从公司获得年度报酬总额": "92500",
      "补贴津贴": "",
      "变动原因说明": "",
      "是否在股东或关联单位领取报酬津贴": "否",
      "在任与否": "是"
    },
    {
      "领导人姓名": "韦庆宇",
      "职位描述": "核心技术人员",
      "期初持股数": "",
      "期末持股数": "",
      "间接持股数": "",
      "从公司获得年度报酬总额": "705700",
      "补贴津贴": "",
      "变动原因说明": "",
      "是否在股东或关联单位领取报酬津贴": "否",
      "在任与否": "是"
    },
    {
      "领导人姓名": "康必显",
      "职位描述": "核心技术人员",
      "期初持股数": "",
      "期末持股数": "",
      "间接持股数": "",
      "从公司获得年度报酬总额": "591600",
      "补贴津贴": "",
      "变动原因说明": "",
      "是否在股东或关联单位领取报酬津贴": "否",
      "在任与否": "否"
    },
    {
      "领导人姓名": "隋爱国",
      "职位描述": "核心技术人员、研发技术中心部门负责人",
      "期初持股数": "0",
      "期末持股数": "73388",
      "间接持股数": "",
      "从公司获得年度报酬总额": "675900",
      "补贴津贴": "",
      "变动原因说明": "2024年股票期权激励计划集中行权并卖出",
      "是否在股东或关联单位领取报酬津贴": "否",
      "在任与否": "是"
    }
  ]
}

=== 688416-2026-04-18-恒烁股份-2025年年度报告.pdf ===
{
  "Leader_Salary_data": {
    "实际所得报酬总额起始": "7275200",
    "实际所得报酬总额截止": "7275200",
    "实际所得报酬总额涉及人数": ""
  },
  "Leader_Hold_data": [
    {
      "领导人姓名": "XIANGDONG LU",
      "职位描述": "董事长、总经理、核心技术人员",
      "期初持股数": "10828156",
      "期末持股数": "10828156",
      "间接持股数": "",
      "从公司获得年度报酬总额": "1033100",
      "补贴津贴": "",
      "变动原因说明": "",
      "是否在股东或关联单位领取报酬津贴": "否",
      "在任与否": "是"
    },
    {
      "领导人姓名": "吕轶南",
      "职位描述": "董事",
      "期初持股数": "6864800",
      "期末持股数": "6864800",
      "间接持股数": "",
      "从公司获得年度报酬总额": "0",
      "补贴津贴": "",
      "变动原因说明": "",
      "是否在股东或关联单位领取报酬津贴": "否",
      "在任与否": "是"
    },
    {
      "领导人姓名": "任军",
      "职位描述": "董事、副总经理、核心技术人员",
      "期初持股数": "0",
      "期末持股数": "0",
      "间接持股数": "",
      "从公司获得年度报酬总额": "967200",
      "补贴津贴": "",
      "变动原因说明": "",
      "是否在股东或关联单位领取报酬津贴": "否",
      "在任与否": "是"
    },
    {
      "领导人姓名": "文冬梅",
      "职位描述": "独立董事",
      "期初持股数": "0",
      "期末持股数": "0",
      "间接持股数": "",
      "从公司获得年度报酬总额": "100000",
      "补贴津贴": "100000",
      "变动原因说明": "",
      "是否在股东或关联单位领取报酬津贴": "否",
      "在任与否": "是"
    },
    {
      "领导人姓名": "贺宇",
      "职位描述": "独立董事",
      "期初持股数": "0",
      "期末持股数": "0",
      "间接持股数": "",
      "从公司获得年度报酬总额": "100000",
      "补贴津贴": "100000",
      "变动原因说明": "",
      "是否在股东或关联单位领取报酬津贴": "否",
      "在任与否": "是"
    },
    {
      "领导人姓名": "赵新林",
      "职位描述": "副总经理",
      "期初持股数": "0",
      "期末持股数": "0",
      "间接持股数": "",
      "从公司获得年度报酬总额": "964600",
      "补贴津贴": "",
      "变动原因说明": "",
      "是否在股东或关联单位领取报酬津贴": "否",
      "在任与否": "是"
    },
    {
      "领导人姓名": "周晓芳",
      "职位描述": "副总经理、董事会秘书",
      "期初持股数": "0",
      "期末持股数": "14606",
      "间接持股数": "",
      "从公司获得年度报酬总额": "420800",
      "补贴津贴": "",
      "变动原因说明": "第二类限制性股票归属",
      "是否在股东或关联单位领取报酬津贴": "否",
      "在任与否": "是"
    },
    {
      "领导人姓名": "唐文红",
      "职位描述": "财务总监",
      "期初持股数": "0",
      "期末持股数": "8115",
      "间接持股数": "",
      "从公司获得年度报酬总额": "421900",
      "补贴津贴": "",
      "变动原因说明": "第二类限制性股票归属",
      "是否在股东或关联单位领取报酬津贴": "否",
      "在任与否": "是"
    },
    {
      "领导人姓名": "张峰",
      "职位描述": "核心技术人员",
      "期初持股数": "0",
      "期末持股数": "3623",
      "间接持股数": "",
      "从公司获得年度报酬总额": "765700",
      "补贴津贴": "",
      "变动原因说明": "第二类限制性股票归属、二级市场买卖",
      "是否在股东或关联单位领取报酬津贴": "否",
      "在任与否": "是"
    },
    {
      "领导人姓名": "周瑞",
      "职位描述": "核心技术人员",
      "期初持股数": "0",
      "期末持股数": "0",
      "间接持股数": "",
      "从公司获得年度报酬总额": "501600",
      "补贴津贴": "",
      "变动原因说明": "",
      "是否在股东或关联单位领取报酬津贴": "否",
      "在任与否": "是"
    }
  ]
}

=== 688368-2026-04-18-晶丰明源-上海晶丰明源半导体股份有限公司2025年年度报告.pdf ===
{
  "Leader_Salary_data": {
    "实际所得报酬总额起始": "6006100",
    "实际所得报酬总额截止": "6006100",
    "实际所得报酬总额涉及人数": ""
  },
  "Leader_Hold_data": [
    {
      "领导人姓名": "胡黎强",
      "职位描述": "董事长、总经理、核心技术人员",
      "期初持股数": "21428995",
      "期末持股数": "21428995",
      "间接持股数": "",
      "从公司获得年度报酬总额": "1387800",
      "补贴津贴": "",
      "变动原因说明": "",
      "是否在股东或关联单位领取报酬津贴": "否",
      "在任与否": "是"
    },
    {
      "领导人姓名": "刘洁茜",
      "职位描述": "董事、副总经理",
      "期初持股数": "0",
      "期末持股数": "0",
      "间接持股数": "",
      "从公司获得年度报酬总额": "999500",
      "补贴津贴": "",
      "变动原因说明": "",
      "是否在股东或关联单位领取报酬津贴": "否",
      "在任与否": "是"
    },
    {
      "领导人姓名": "夏风",
      "职位描述": "董事",
      "期初持股数": "19630184",
      "期末持股数": "19630184",
      "间接持股数": "",
      "从公司获得年度报酬总额": "",
      "补贴津贴": "",
      "变动原因说明": "",
      "是否在股东或关联单位领取报酬津贴": "是",
      "在任与否": "是"
    },
    {
      "领导人姓名": "李宁",
      "职位描述": "职工代表董事",
      "期初持股数": "182000",
      "期末持股数": "182000",
      "间接持股数": "",
      "从公司获得年度报酬总额": "370900",
      "补贴津贴": "",
      "变动原因说明": "",
      "是否在股东或关联单位领取报酬津贴": "否",
      "在任与否": "是"
    },
    {
      "领导人姓名": "孙顺根",
      "职位描述": "董事、副总经理、核心技术人员",
      "期初持股数": "0",
      "期末持股数": "6275",
      "间接持股数": "",
      "从公司获得年度报酬总额": "1168000",
      "补贴津贴": "",
      "变动原因说明": "6,275限制性股票归属",
      "是否在股东或关联单位领取报酬津贴": "否",
      "在任与否": "否"
    },
    {
      "领导人姓名": "洪志良",
      "职位描述": "独立董事",
      "期初持股数": "0",
      "期末持股数": "0",
      "间接持股数": "",
      "从公司获得年度报酬总额": "120000",
      "补贴津贴": "",
      "变动原因说明": "",
      "是否在股东或关联单位领取报酬津贴": "否",
      "在任与否": "是"
    },
    {
      "领导人姓名": "王晓野",
      "职位描述": "独立董事",
      "期初持股数": "0",
      "期末持股数": "0",
      "间接持股数": "",
      "从公司获得年度报酬总额": "120000",
      "补贴津贴": "",
      "变动原因说明": "",
      "是否在股东或关联单位领取报酬津贴": "否",
      "在任与否": "是"
    },
    {
      "领导人姓名": "于延国",
      "职位描述": "独立董事",
      "期初持股数": "0",
      "期末持股数": "0",
      "间接持股数": "",
      "从公司获得年度报酬总额": "120000",
      "补贴津贴": "",
      "变动原因说明": "",
      "是否在股东或关联单位领取报酬津贴": "否",
      "在任与否": "是"
    },
    {
      "领导人姓名": "杨彪",
      "职位描述": "董事会秘书",
      "期初持股数": "36000",
      "期末持股数": "36000",
      "间接持股数": "",
      "从公司获得年度报酬总额": "687900",
      "补贴津贴": "",
      "变动原因说明": "",
      "是否在股东或关联单位领取报酬津贴": "否",
      "在任与否": "是"
    },
    {
      "领导人姓名": "张漪萌",
      "职位描述": "董事会秘书",
      "期初持股数": "0",
      "期末持股数": "0",
      "间接持股数": "",
      "从公司获得年度报酬总额": "240900",
      "补贴津贴": "",
      "变动原因说明": "",
      "是否在股东或关联单位领取报酬津贴": "否",
      "在任与否": "否"
    },
    {
      "领导人姓名": "徐雯",
      "职位描述": "财务负责人",
      "期初持股数": "0",
      "期末持股数": "4086",
      "间接持股数": "",
      "从公司获得年度报酬总额": "791100",
      "补贴津贴": "",
      "变动原因说明": "4,086限制性股票归属",
      "是否在股东或关联单位领取报酬津贴": "否",
      "在任与否": "是"
    },
    {
      "领导人姓名": "郜小茹",
      "职位描述": "核心技术人员",
      "期初持股数": "23954",
      "期末持股数": "31432",
      "间接持股数": "",
      "从公司获得年度报酬总额": "",
      "补贴津贴": "",
      "变动原因说明": "7,478限制性股票归属",
      "是否在股东或关联单位领取报酬津贴": "否",
      "在任与否": "是"
    }
  ]
}

=== 688522-2026-04-18-纳睿雷达-广东纳睿雷达科技股份有限公司2025年年度报告.pdf ===
{
  "Leader_Salary_data": {
    "实际所得报酬总额起始": "14043400",
    "实际所得报酬总额截止": "14043400",
    "实际所得报酬总额涉及人数": ""
  },
  "Leader_Hold_data": [
    {
      "领导人姓名": "包晓军",
      "职位描述": "董事长、总裁、核心技术人员",
      "期初持股数": "",
      "期末持股数": "",
      "间接持股数": "",
      "从公司获得年度报酬总额": "2038900",
      "补贴津贴": "",
      "变动原因说明": "",
      "是否在股东或关联单位领取报酬津贴": "否",
      "在任与否": "是"
    },
    {
      "领导人姓名": "刘素玲",
      "职位描述": "董事、副总裁",
      "期初持股数": "",
      "期末持股数": "",
      "间接持股数": "",
      "从公司获得年度报酬总额": "1474900",
      "补贴津贴": "",
      "变动原因说明": "",
      "是否在股东或关联单位领取报酬津贴": "否",
      "在任与否": "是"
    },
    {
      "领导人姓名": "熊小平",
      "职位描述": "董事",
      "期初持股数": "",
      "期末持股数": "",
      "间接持股数": "",
      "从公司获得年度报酬总额": "",
      "补贴津贴": "",
      "变动原因说明": "",
      "是否在股东或关联单位领取报酬津贴": "否",
      "在任与否": "是"
    },
    {
      "领导人姓名": "夏建波",
      "职位描述": "独立董事",
      "期初持股数": "",
      "期末持股数": "",
      "间接持股数": "",
      "从公司获得年度报酬总额": "100000",
      "补贴津贴": "100000",
      "变动原因说明": "",
      "是否在股东或关联单位领取报酬津贴": "否",
      "在任与否": "是"
    },
    {
      "领导人姓名": "陈坚",
      "职位描述": "独立董事",
      "期初持股数": "",
      "期末持股数": "",
      "间接持股数": "",
      "从公司获得年度报酬总额": "100000",
      "补贴津贴": "100000",
      "变动原因说明": "",
      "是否在股东或关联单位领取报酬津贴": "否",
      "在任与否": "是"
    },
    {
      "领导人姓名": "LIN LI（李琳）",
      "职位描述": "核心技术人员",
      "期初持股数": "",
      "期末持股数": "",
      "间接持股数": "",
      "从公司获得年度报酬总额": "1277900",
      "补贴津贴": "",
      "变动原因说明": "",
      "是否在股东或关联单位领取报酬津贴": "否",
      "在任与否": "是"
    },
    {
      "领导人姓名": "刘远曦",
      "职位描述": "副总裁、核心技术人员",
      "期初持股数": "",
      "期末持股数": "",
      "间接持股数": "",
      "从公司获得年度报酬总额": "1595500",
      "补贴津贴": "",
      "变动原因说明": "",
      "是否在股东或关联单位领取报酬津贴": "否",
      "在任与否": "是"
    },
    {
      "领导人姓名": "龚雪华",
      "职位描述": "董事会秘书、副总裁",
      "期初持股数": "",
      "期末持股数": "",
      "间接持股数": "",
      "从公司获得年度报酬总额": "1584900",
      "补贴津贴": "",
      "变动原因说明": "",
      "是否在股东或关联单位领取报酬津贴": "否",
      "在任与否": "是"
    },
    {
      "领导人姓名": "黄辉",
      "职位描述": "副总裁",
      "期初持股数": "",
      "期末持股数": "",
      "间接持股数": "",
      "从公司获得年度报酬总额": "1519100",
      "补贴津贴": "",
      "变动原因说明": "",
      "是否在股东或关联单位领取报酬津贴": "否",
      "在任与否": "是"
    },
    {
      "领导人姓名": "林静端",
      "职位描述": "财务总监",
      "期初持股数": "",
      "期末持股数": "",
      "间接持股数": "",
      "从公司获得年度报酬总额": "717500",
      "补贴津贴": "",
      "变动原因说明": "",
      "是否在股东或关联单位领取报酬津贴": "否",
      "在任与否": "是"
    }
  ]
}

=== 688175-2026-04-18-高凌信息-2025年年度报告.pdf ===
{
  "Leader_Salary_data": {
    "实际所得报酬总额起始": "9270700",
    "实际所得报酬总额截止": "9270700",
    "实际所得报酬总额涉及人数": ""
  },
  "Leader_Hold_data": [
    {
      "领导人姓名": "冯志峰",
      "职位描述": "董事长、总经理",
      "期初持股数": "0",
      "期末持股数": "0",
      "间接持股数": "",
      "从公司获得年度报酬总额": "688500",
      "补贴津贴": "",
      "变动原因说明": "",
      "是否在股东或关联单位领取报酬津贴": "否",
      "在任与否": "是"
    },
    {
      "领导人姓名": "刘广红",
      "职位描述": "董事、副总经理",
      "期初持股数": "0",
      "期末持股数": "0",
      "间接持股数": "",
      "从公司获得年度报酬总额": "579000",
      "补贴津贴": "",
      "变动原因说明": "",
      "是否在股东或关联单位领取报酬津贴": "否",
      "在任与否": "是"
    },
    {
      "领导人姓名": "孙统帅",
      "职位描述": "董事、副总经理",
      "期初持股数": "0",
      "期末持股数": "0",
      "间接持股数": "",
      "从公司获得年度报酬总额": "633000",
      "补贴津贴": "",
      "变动原因说明": "",
      "是否在股东或关联单位领取报酬津贴": "否",
      "在任与否": "是"
    },
    {
      "领导人姓名": "张建军",
      "职位描述": "董事、核心技术人员、副总经理（卸任）",
      "期初持股数": "0",
      "期末持股数": "0",
      "间接持股数": "",
      "从公司获得年度报酬总额": "527300",
      "补贴津贴": "",
      "变动原因说明": "",
      "是否在股东或关联单位领取报酬津贴": "否",
      "在任与否": "是"
    },
    {
      "领导人姓名": "石磊",
      "职位描述": "董事、核心技术人员、监事（卸任）",
      "期初持股数": "0",
      "期末持股数": "0",
      "间接持股数": "",
      "从公司获得年度报酬总额": "416000",
      "补贴津贴": "",
      "变动原因说明": "",
      "是否在股东或关联单位领取报酬津贴": "否",
      "在任与否": "是"
    },
    {
      "领导人姓名": "王忠玉",
      "职位描述": "职工董事",
      "期初持股数": "0",
      "期末持股数": "0",
      "间接持股数": "",
      "从公司获得年度报酬总额": "237200",
      "补贴津贴": "",
      "变动原因说明": "",
      "是否在股东或关联单位领取报酬津贴": "否",
      "在任与否": "是"
    },
    {
      "领导人姓名": "何彦峰",
      "职位描述": "独立董事",
      "期初持股数": "0",
      "期末持股数": "0",
      "间接持股数": "",
      "从公司获得年度报酬总额": "4900",
      "补贴津贴": "4900",
      "变动原因说明": "",
      "是否在股东或关联单位领取报酬津贴": "否",
      "在任与否": "是"
    },
    {
      "领导人姓名": "郑伟强",
      "职位描述": "独立董事",
      "期初持股数": "0",
      "期末持股数": "0",
      "间接持股数": "",
      "从公司获得年度报酬总额": "4900",
      "补贴津贴": "4900",
      "变动原因说明": "",
      "是否在股东或关联单位领取报酬津贴": "否",
      "在任与否": "是"
    },
    {
      "领导人姓名": "郑文军",
      "职位描述": "独立董事",
      "期初持股数": "0",
      "期末持股数": "0",
      "间接持股数": "",
      "从公司获得年度报酬总额": "4900",
      "补贴津贴": "4900",
      "变动原因说明": "",
      "是否在股东或关联单位领取报酬津贴": "否",
      "在任与否": "是"
    },
    {
      "领导人姓名": "姜晓会",
      "职位描述": "董事会秘书、财务总监（卸任）",
      "期初持股数": "0",
      "期末持股数": "0",
      "间接持股数": "",
      "从公司获得年度报酬总额": "492600",
      "补贴津贴": "",
      "变动原因说明": "",
      "是否在股东或关联单位领取报酬津贴": "否",
      "在任与否": "是"
    },
    {
      "领导人姓名": "徐昕华",
      "职位描述": "财务总监",
      "期初持股数": "0",
      "期末持股数": "0",
      "间接持股数": "",
      "从公司获得年度报酬总额": "176300",
      "补贴津贴": "",
      "变动原因说明": "",
      "是否在股东或关联单位领取报酬津贴": "否",
      "在任与否": "是"
    },
    {
      "领导人姓名": "韩霜",
      "职位描述": "核心技术人员、监事（卸任）",
      "期初持股数": "0",
      "期末持股数": "0",
      "间接持股数": "",
      "从公司获得年度报酬总额": "321300",
      "补贴津贴": "",
      "变动原因说明": "",
      "是否在股东或关联单位领取报酬津贴": "否",
      "在任与否": "是"
    },
    {
      "领导人姓名": "鲍尚策",
      "职位描述": "核心技术人员",
      "期初持股数": "0",
      "期末持股数": "0",
      "间接持股数": "",
      "从公司获得年度报酬总额": "516600",
      "补贴津贴": "",
      "变动原因说明": "",
      "是否在股东或关联单位领取报酬津贴": "否",
      "在任与否": "是"
    },
    {
      "领导人姓名": "邵文超",
      "职位描述": "核心技术人员",
      "期初持股数": "0",
      "期末持股数": "0",
      "间接持股数": "",
      "从公司获得年度报酬总额": "365500",
      "补贴津贴": "",
      "变动原因说明": "",
      "是否在股东或关联单位领取报酬津贴": "否",
      "在任与否": "是"
    },
    {
      "领导人姓名": "曾洪生",
      "职位描述": "核心技术人员",
      "期初持股数": "0",
      "期末持股数": "0",
      "间接持股数": "",
      "从公司获得年度报酬总额": "233500",
      "补贴津贴": "",
      "变动原因说明": "",
      "是否在股东或关联单位领取报酬津贴": "否",
      "在任与否": "是"
    },
    {
      "领导人姓名": "胡云林",
      "职位描述": "董事（卸任）",
      "期初持股数": "0",
      "期末持股数": "0",
      "间接持股数": "",
      "从公司获得年度报酬总额": "0",
      "补贴津贴": "",
      "变动原因说明": "",
      "是否在股东或关联单位领取报酬津贴": "是",
      "在任与否": "否"
    },
    {
      "领导人姓名": "武泽东",
      "职位描述": "董事（卸任）",
      "期初持股数": "0",
      "期末持股数": "0",
      "间接持股数": "",
      "从公司获得年度报酬总额": "268500",
      "补贴津贴": "",
      "变动原因说明": "",
      "是否在股东或关联单位领取报酬津贴": "否",
      "在任与否": "否"
    },
    {
      "领导人姓名": "李红滨",
      "职位描述": "独立董事（卸任）",
      "期初持股数": "0",
      "期末持股数": "0",
      "间接持股数": "",
      "从公司获得年度报酬总额": "67100",
      "补贴津贴": "",
      "变动原因说明": "",
      "是否在股东或关联单位领取报酬津贴": "否",
      "在任与否": "否"
    },
    {
      "领导人姓名": "夏建波",
      "职位描述": "独立董事（卸任）",
      "期初持股数": "0",
      "期末持股数": "0",
      "间接持股数": "",
      "从公司获得年度报酬总额": "67100",
      "补贴津贴": "",
      "变动原因说明": "",
      "是否在股东或关联单位领取报酬津贴": "否",
      "在任与否": "否"
    },
    {
      "领导人姓名": "梁枫",
      "职位描述": "独立董事（卸任）",
      "期初持股数": "0",
      "期末持股数": "0",
      "间接持股数": "",
      "从公司获得年度报酬总额": "67100",
      "补贴津贴": "",
      "变动原因说明": "",
      "是否在股东或关联单位领取报酬津贴": "否",
      "在任与否": "否"
    },
    {
      "领导人姓名": "王宪法",
      "职位描述": "核心技术人员（离任）",
      "期初持股数": "0",
      "期末持股数": "0",
      "间接持股数": "",
      "从公司获得年度报酬总额": "306600",
      "补贴津贴": "",
      "变动原因说明": "",
      "是否在股东或关联单位领取报酬津贴": "否",
      "在任与否": "否"
    },
    {
      "领导人姓名": "王文重",
      "职位描述": "核心技术人员（离任）",
      "期初持股数": "0",
      "期末持股数": "0",
      "间接持股数": "",
      "从公司获得年度报酬总额": "349200",
      "补贴津贴": "",
      "变动原因说明": "",
      "是否在股东或关联单位领取报酬津贴": "否",
      "在任与否": "否"
    }
  ]
}

=== 688306-2026-04-18-均普智能-宁波均普智能制造股份有限公司2025年年度报告.pdf ===
{
  "Leader_Salary_data": {
    "实际所得报酬总额起始": "19388900",
    "实际所得报酬总额截止": "19388900",
    "实际所得报酬总额涉及人数": ""
  },
  "Leader_Hold_data": [
    {
      "领导人姓名": "王剑峰",
      "职位描述": "董事长、董事",
      "期初持股数": "0",
      "期末持股数": "0",
      "间接持股数": "",
      "从公司获得年度报酬总额": "0",
      "补贴津贴": "",
      "变动原因说明": "",
      "是否在股东或关联单位领取报酬津贴": "是",
      "在任与否": "是"
    },
    {
      "领导人姓名": "周兴宥",
      "职位描述": "董事",
      "期初持股数": "0",
      "期末持股数": "0",
      "间接持股数": "",
      "从公司获得年度报酬总额": "0",
      "补贴津贴": "",
      "变动原因说明": "",
      "是否在股东或关联单位领取报酬津贴": "是",
      "在任与否": "是"
    },
    {
      "领导人姓名": "朱雪松",
      "职位描述": "董事",
      "期初持股数": "1200",
      "期末持股数": "1200",
      "间接持股数": "",
      "从公司获得年度报酬总额": "0",
      "补贴津贴": "",
      "变动原因说明": "",
      "是否在股东或关联单位领取报酬津贴": "是",
      "在任与否": "是"
    },
    {
      "领导人姓名": "Shilai Xie",
      "职位描述": "董事、总经理",
      "期初持股数": "0",
      "期末持股数": "0",
      "间接持股数": "",
      "从公司获得年度报酬总额": "2330000",
      "补贴津贴": "",
      "变动原因说明": "",
      "是否在股东或关联单位领取报酬津贴": "否",
      "在任与否": "是"
    },
    {
      "领导人姓名": "潘进",
      "职位描述": "董事",
      "期初持股数": "0",
      "期末持股数": "0",
      "间接持股数": "",
      "从公司获得年度报酬总额": "",
      "补贴津贴": "",
      "变动原因说明": "",
      "是否在股东或关联单位领取报酬津贴": "是",
      "在任与否": "是"
    },
    {
      "领导人姓名": "孙健",
      "职位描述": "独立董事",
      "期初持股数": "0",
      "期末持股数": "0",
      "间接持股数": "",
      "从公司获得年度报酬总额": "80000",
      "补贴津贴": "",
      "变动原因说明": "",
      "是否在股东或关联单位领取报酬津贴": "否",
      "在任与否": "是"
    },
    {
      "领导人姓名": "赵大东",
      "职位描述": "独立董事",
      "期初持股数": "0",
      "期末持股数": "0",
      "间接持股数": "",
      "从公司获得年度报酬总额": "6100",
      "补贴津贴": "",
      "变动原因说明": "",
      "是否在股东或关联单位领取报酬津贴": "否",
      "在任与否": "是"
    },
    {
      "领导人姓名": "郭志明",
      "职位描述": "独立董事",
      "期初持股数": "0",
      "期末持股数": "0",
      "间接持股数": "",
      "从公司获得年度报酬总额": "80000",
      "补贴津贴": "",
      "变动原因说明": "",
      "是否在股东或关联单位领取报酬津贴": "是",
      "在任与否": "是"
    },
    {
      "领导人姓名": "Thomas Ernst",
      "职位描述": "副总经理、核心技术人员",
      "期初持股数": "0",
      "期末持股数": "0",
      "间接持股数": "",
      "从公司获得年度报酬总额": "2672100",
      "补贴津贴": "",
      "变动原因说明": "",
      "是否在股东或关联单位领取报酬津贴": "否",
      "在任与否": "是"
    },
    {
      "领导人姓名": "陶然",
      "职位描述": "财务负责人",
      "期初持股数": "0",
      "期末持股数": "0",
      "间接持股数": "",
      "从公司获得年度报酬总额": "1500000",
      "补贴津贴": "",
      "变动原因说明": "",
      "是否在股东或关联单位领取报酬津贴": "否",
      "在任与否": "是"
    },
    {
      "领导人姓名": "柴俊",
      "职位描述": "董事会秘书",
      "期初持股数": "0",
      "期末持股数": "0",
      "间接持股数": "",
      "从公司获得年度报酬总额": "1045700",
      "补贴津贴": "",
      "变动原因说明": "",
      "是否在股东或关联单位领取报酬津贴": "否",
      "在任与否": "是"
    },
    {
      "领导人姓名": "黄浩勇",
      "职位描述": "总经理助理、核心技术人员",
      "期初持股数": "0",
      "期末持股数": "0",
      "间接持股数": "",
      "从公司获得年度报酬总额": "1831800",
      "补贴津贴": "",
      "变动原因说明": "",
      "是否在股东或关联单位领取报酬津贴": "否",
      "在任与否": "是"
    },
    {
      "领导人姓名": "陆建",
      "职位描述": "总经理助理、核心技术人员",
      "期初持股数": "0",
      "期末持股数": "0",
      "间接持股数": "",
      "从公司获得年度报酬总额": "1704600",
      "补贴津贴": "",
      "变动原因说明": "",
      "是否在股东或关联单位领取报酬津贴": "否",
      "在任与否": "是"
    },
    {
      "领导人姓名": "Stefan Amann",
      "职位描述": "核心技术人员",
      "期初持股数": "0",
      "期末持股数": "0",
      "间接持股数": "",
      "从公司获得年度报酬总额": "1408500",
      "补贴津贴": "",
      "变动原因说明": "",
      "是否在股东或关联单位领取报酬津贴": "否",
      "在任与否": "是"
    },
    {
      "领导人姓名": "Andrè Vales",
      "职位描述": "核心技术人员",
      "期初持股数": "0",
      "期末持股数": "0",
      "间接持股数": "",
      "从公司获得年度报酬总额": "1800000",
      "补贴津贴": "",
      "变动原因说明": "",
      "是否在股东或关联单位领取报酬津贴": "否",
      "在任与否": "是"
    },
    {
      "领导人姓名": "Roland Horny",
      "职位描述": "核心技术人员",
      "期初持股数": "0",
      "期末持股数": "0",
      "间接持股数": "",
      "从公司获得年度报酬总额": "1233800",
      "补贴津贴": "",
      "变动原因说明": "",
      "是否在股东或关联单位领取报酬津贴": "否",
      "在任与否": "是"
    },
    {
      "领导人姓名": "杨杰",
      "职位描述": "核心技术人员",
      "期初持股数": "0",
      "期末持股数": "0",
      "间接持股数": "",
      "从公司获得年度报酬总额": "585500",
      "补贴津贴": "",
      "变动原因说明": "",
      "是否在股东或关联单位领取报酬津贴": "否",
      "在任与否": "是"
    },
    {
      "领导人姓名": "王海峰",
      "职位描述": "核心技术人员",
      "期初持股数": "0",
      "期末持股数": "0",
      "间接持股数": "",
      "从公司获得年度报酬总额": "522800",
      "补贴津贴": "",
      "变动原因说明": "",
      "是否在股东或关联单位领取报酬津贴": "否",
      "在任与否": "是"
    },
    {
      "领导人姓名": "刘元",
      "职位描述": "董事长",
      "期初持股数": "0",
      "期末持股数": "0",
      "间接持股数": "",
      "从公司获得年度报酬总额": "360000",
      "补贴津贴": "",
      "变动原因说明": "",
      "是否在股东或关联单位领取报酬津贴": "是",
      "在任与否": "否"
    },
    {
      "领导人姓名": "何新锋",
      "职位描述": "职工代表董事、副总经理",
      "期初持股数": "0",
      "期末持股数": "0",
      "间接持股数": "",
      "从公司获得年度报酬总额": "1622600",
      "补贴津贴": "",
      "变动原因说明": "",
      "是否在股东或关联单位领取报酬津贴": "否",
      "在任与否": "否"
    },
    {
      "领导人姓名": "杨丹萍",
      "职位描述": "独立董事",
      "期初持股数": "0",
      "期末持股数": "0",
      "间接持股数": "",
      "从公司获得年度报酬总额": "74100",
      "补贴津贴": "",
      "变动原因说明": "",
      "是否在股东或关联单位领取报酬津贴": "否",
      "在任与否": "否"
    },
    {
      "领导人姓名": "陈波",
      "职位描述": "监事会主席",
      "期初持股数": "0",
      "期末持股数": "0",
      "间接持股数": "",
      "从公司获得年度报酬总额": "461500",
      "补贴津贴": "",
      "变动原因说明": "",
      "是否在股东或关联单位领取报酬津贴": "否",
      "在任与否": "否"
    },
    {
      "领导人姓名": "王晓伟",
      "职位描述": "监事",
      "期初持股数": "0",
      "期末持股数": "0",
      "间接持股数": "",
      "从公司获得年度报酬总额": "",
      "补贴津贴": "",
      "变动原因说明": "",
      "是否在股东或关联单位领取报酬津贴": "是",
      "在任与否": "否"
    },
    {
      "领导人姓名": "沈梦霞",
      "职位描述": "职工代表监事",
      "期初持股数": "0",
      "期末持股数": "0",
      "间接持股数": "",
      "从公司获得年度报酬总额": "69900",
      "补贴津贴": "",
      "变动原因说明": "",
      "是否在股东或关联单位领取报酬津贴": "否",
      "在任与否": "否"
    }
  ]
}

=== 688479-2026-04-18-友车科技-2025年年度报告.pdf ===
{
  "Leader_Salary_data": {
    "实际所得报酬总额起始": "10504400",
    "实际所得报酬总额截止": "10504400",
    "实际所得报酬总额涉及人数": ""
  },
  "Leader_Hold_data": [
    {
      "领导人姓名": "王文京",
      "职位描述": "董事长",
      "期初持股数": "0",
      "期末持股数": "0",
      "间接持股数": "",
      "从公司获得年度报酬总额": "0",
      "补贴津贴": "",
      "变动原因说明": "",
      "是否在股东或关联单位领取报酬津贴": "是",
      "在任与否": "是"
    },
    {
      "领导人姓名": "吴政平",
      "职位描述": "董事",
      "期初持股数": "0",
      "期末持股数": "0",
      "间接持股数": "",
      "从公司获得年度报酬总额": "0",
      "补贴津贴": "",
      "变动原因说明": "",
      "是否在股东或关联单位领取报酬津贴": "是",
      "在任与否": "是"
    },
    {
      "领导人姓名": "桂昌厚",
      "职位描述": "董事、总经理",
      "期初持股数": "2638000",
      "期末持股数": "2638000",
      "间接持股数": "",
      "从公司获得年度报酬总额": "1339600",
      "补贴津贴": "",
      "变动原因说明": "",
      "是否在股东或关联单位领取报酬津贴": "否",
      "在任与否": "是"
    },
    {
      "领导人姓名": "张海涛",
      "职位描述": "董事",
      "期初持股数": "0",
      "期末持股数": "0",
      "间接持股数": "",
      "从公司获得年度报酬总额": "80000",
      "补贴津贴": "",
      "变动原因说明": "",
      "是否在股东或关联单位领取报酬津贴": "否",
      "在任与否": "是"
    },
    {
      "领导人姓名": "赵蓉",
      "职位描述": "独立董事",
      "期初持股数": "0",
      "期末持股数": "0",
      "间接持股数": "",
      "从公司获得年度报酬总额": "80000",
      "补贴津贴": "80000",
      "变动原因说明": "",
      "是否在股东或关联单位领取报酬津贴": "否",
      "在任与否": "是"
    },
    {
      "领导人姓名": "舒慧生",
      "职位描述": "独立董事",
      "期初持股数": "0",
      "期末持股数": "0",
      "间接持股数": "",
      "从公司获得年度报酬总额": "80000",
      "补贴津贴": "80000",
      "变动原因说明": "",
      "是否在股东或关联单位领取报酬津贴": "否",
      "在任与否": "是"
    },
    {
      "领导人姓名": "王宁",
      "职位描述": "独立董事",
      "期初持股数": "0",
      "期末持股数": "0",
      "间接持股数": "",
      "从公司获得年度报酬总额": "20000",
      "补贴津贴": "80000",
      "变动原因说明": "",
      "是否在股东或关联单位领取报酬津贴": "否",
      "在任与否": "是"
    },
    {
      "领导人姓名": "张妍琳",
      "职位描述": "职工董事",
      "期初持股数": "0",
      "期末持股数": "0",
      "间接持股数": "",
      "从公司获得年度报酬总额": "67200",
      "补贴津贴": "",
      "变动原因说明": "",
      "是否在股东或关联单位领取报酬津贴": "否",
      "在任与否": "是"
    },
    {
      "领导人姓名": "金爱君",
      "职位描述": "财务负责人、副总经理",
      "期初持股数": "0",
      "期末持股数": "0",
      "间接持股数": "",
      "从公司获得年度报酬总额": "1073900",
      "补贴津贴": "",
      "变动原因说明": "",
      "是否在股东或关联单位领取报酬津贴": "否",
      "在任与否": "是"
    },
    {
      "领导人姓名": "贺斌",
      "职位描述": "副总经理",
      "期初持股数": "3430",
      "期末持股数": "3430",
      "间接持股数": "",
      "从公司获得年度报酬总额": "883600",
      "补贴津贴": "",
      "变动原因说明": "",
      "是否在股东或关联单位领取报酬津贴": "否",
      "在任与否": "是"
    },
    {
      "领导人姓名": "喻慧娟",
      "职位描述": "董事会秘书",
      "期初持股数": "0",
      "期末持股数": "0",
      "间接持股数": "",
      "从公司获得年度报酬总额": "478300",
      "补贴津贴": "",
      "变动原因说明": "",
      "是否在股东或关联单位领取报酬津贴": "否",
      "在任与否": "是"
    },
    {
      "领导人姓名": "陈小庆",
      "职位描述": "核心技术人员",
      "期初持股数": "0",
      "期末持股数": "0",
      "间接持股数": "",
      "从公司获得年度报酬总额": "427800",
      "补贴津贴": "",
      "变动原因说明": "",
      "是否在股东或关联单位领取报酬津贴": "否",
      "在任与否": "否"
    },
    {
      "领导人姓名": "高海龙",
      "职位描述": "核心技术人员",
      "期初持股数": "0",
      "期末持股数": "0",
      "间接持股数": "",
      "从公司获得年度报酬总额": "793400",
      "补贴津贴": "",
      "变动原因说明": "",
      "是否在股东或关联单位领取报酬津贴": "否",
      "在任与否": "是"
    },
    {
      "领导人姓名": "林丽清",
      "职位描述": "核心技术人员",
      "期初持股数": "0",
      "期末持股数": "0",
      "间接持股数": "",
      "从公司获得年度报酬总额": "679000",
      "补贴津贴": "",
      "变动原因说明": "",
      "是否在股东或关联单位领取报酬津贴": "否",
      "在任与否": "是"
    },
    {
      "领导人姓名": "杨治国",
      "职位描述": "核心技术人员",
      "期初持股数": "0",
      "期末持股数": "0",
      "间接持股数": "",
      "从公司获得年度报酬总额": "651000",
      "补贴津贴": "",
      "变动原因说明": "",
      "是否在股东或关联单位领取报酬津贴": "否",
      "在任与否": "是"
    },
    {
      "领导人姓名": "王明怀",
      "职位描述": "核心技术人员",
      "期初持股数": "0",
      "期末持股数": "0",
      "间接持股数": "",
      "从公司获得年度报酬总额": "649700",
      "补贴津贴": "",
      "变动原因说明": "",
      "是否在股东或关联单位领取报酬津贴": "否",
      "在任与否": "是"
    }
  ]
}

=== 688606-2026-04-20-奥泰生物-2025年年度报告.pdf ===
{
  "Leader_Salary_data": {
    "实际所得报酬总额起始": "3110700",
    "实际所得报酬总额截止": "3110700",
    "实际所得报酬总额涉及人数": ""
  },
  "Leader_Hold_data": [
    {
      "领导人姓名": "高飞",
      "职位描述": "董事长、总经理",
      "期初持股数": "18520196",
      "期末持股数": "18520196",
      "间接持股数": "",
      "从公司获得年度报酬总额": "1146400",
      "补贴津贴": "",
      "变动原因说明": "",
      "是否在股东或关联单位领取报酬津贴": "否",
      "在任与否": "是"
    },
    {
      "领导人姓名": "赵华芳",
      "职位描述": "董事",
      "期初持股数": "17567970",
      "期末持股数": "17567970",
      "间接持股数": "",
      "从公司获得年度报酬总额": "0",
      "补贴津贴": "",
      "变动原因说明": "",
      "是否在股东或关联单位领取报酬津贴": "否",
      "在任与否": "是"
    },
    {
      "领导人姓名": "陆维克",
      "职位描述": "董事、副总经理",
      "期初持股数": "2625300",
      "期末持股数": "2648832",
      "间接持股数": "",
      "从公司获得年度报酬总额": "883600",
      "补贴津贴": "",
      "变动原因说明": "2022年限制性股票激励计划首次授予第三个归属期归属23,532股。",
      "是否在股东或关联单位领取报酬津贴": "否",
      "在任与否": "是"
    },
    {
      "领导人姓名": "郑展望",
      "职位描述": "独立董事",
      "期初持股数": "0",
      "期末持股数": "0",
      "间接持股数": "",
      "从公司获得年度报酬总额": "70000",
      "补贴津贴": "",
      "变动原因说明": "",
      "是否在股东或关联单位领取报酬津贴": "否",
      "在任与否": "是"
    },
    {
      "领导人姓名": "周亚力",
      "职位描述": "独立董事",
      "期初持股数": "0",
      "期末持股数": "0",
      "间接持股数": "",
      "从公司获得年度报酬总额": "70000",
      "补贴津贴": "",
      "变动原因说明": "",
      "是否在股东或关联单位领取报酬津贴": "否",
      "在任与否": "是"
    },
    {
      "领导人姓名": "傅燕萍",
      "职位描述": "财务负责人、董事会秘书",
      "期初持股数": "1049238",
      "期末持股数": "1058062",
      "间接持股数": "",
      "从公司获得年度报酬总额": "656800",
      "补贴津贴": "",
      "变动原因说明": "2022年限制性股票激励计划首次授予第三个归属期归属8,824股。",
      "是否在股东或关联单位领取报酬津贴": "否",
      "在任与否": "是"
    },
    {
      "领导人姓名": "高跃灿",
      "职位描述": "职工代表董事",
      "期初持股数": "29609",
      "期末持股数": "29609",
      "间接持股数": "",
      "从公司获得年度报酬总额": "283900",
      "补贴津贴": "",
      "变动原因说明": "",
      "是否在股东或关联单位领取报酬津贴": "否",
      "在任与否": "是"
    },
    {
      "领导人姓名": "陈善基",
      "职位描述": "独立董事",
      "期初持股数": "0",
      "期末持股数": "0",
      "间接持股数": "",
      "从公司获得年度报酬总额": "0",
      "补贴津贴": "",
      "变动原因说明": "",
      "是否在股东或关联单位领取报酬津贴": "否",
      "在任与否": "是"
    }
  ]
}

=== 688531-2026-04-18-日联科技-2025年年度报告.pdf ===
{
  "Leader_Salary_data": {
    "实际所得报酬总额起始": "7361700",
    "实际所得报酬总额截止": "7361700",
    "实际所得报酬总额涉及人数": ""
  },
  "Leader_Hold_data": [
    {
      "领导人姓名": "刘骏",
      "职位描述": "董事长、核心技术人员",
      "期初持股数": "2244600",
      "期末持股数": "3254670",
      "间接持股数": "",
      "从公司获得年度报酬总额": "1806000",
      "补贴津贴": "",
      "变动原因说明": "资本公积转增股本",
      "是否在股东或关联单位领取报酬津贴": "否",
      "在任与否": "是"
    },
    {
      "领导人姓名": "秦晓兰",
      "职位描述": "副董事长",
      "期初持股数": "1415925",
      "期末持股数": "2053091",
      "间接持股数": "",
      "从公司获得年度报酬总额": "966000",
      "补贴津贴": "",
      "变动原因说明": "资本公积转增股本",
      "是否在股东或关联单位领取报酬津贴": "否",
      "在任与否": "是"
    },
    {
      "领导人姓名": "叶俊超",
      "职位描述": "董事、总经理",
      "期初持股数": "0",
      "期末持股数": "0",
      "间接持股数": "",
      "从公司获得年度报酬总额": "1866000",
      "补贴津贴": "",
      "变动原因说明": "不适用",
      "是否在股东或关联单位领取报酬津贴": "否",
      "在任与否": "是"
    },
    {
      "领导人姓名": "乐其中",
      "职位描述": "董事、财务负责人",
      "期初持股数": "0",
      "期末持股数": "0",
      "间接持股数": "",
      "从公司获得年度报酬总额": "1506100",
      "补贴津贴": "",
      "变动原因说明": "不适用",
      "是否在股东或关联单位领取报酬津贴": "否",
      "在任与否": "是"
    },
    {
      "领导人姓名": "辛晨",
      "职位描述": "职工代表董事、董事会秘书",
      "期初持股数": "0",
      "期末持股数": "0",
      "间接持股数": "",
      "从公司获得年度报酬总额": "1067600",
      "补贴津贴": "",
      "变动原因说明": "不适用",
      "是否在股东或关联单位领取报酬津贴": "否",
      "在任与否": "是"
    },
    {
      "领导人姓名": "金圣涵",
      "职位描述": "董事",
      "期初持股数": "0",
      "期末持股数": "0",
      "间接持股数": "",
      "从公司获得年度报酬总额": "0",
      "补贴津贴": "",
      "变动原因说明": "不适用",
      "是否在股东或关联单位领取报酬津贴": "是",
      "在任与否": "否"
    },
    {
      "领导人姓名": "李爽",
      "职位描述": "董事",
      "期初持股数": "0",
      "期末持股数": "0",
      "间接持股数": "",
      "从公司获得年度报酬总额": "0",
      "补贴津贴": "",
      "变动原因说明": "不适用",
      "是否在股东或关联单位领取报酬津贴": "是",
      "在任与否": "是"
    },
    {
      "领导人姓名": "杜志军",
      "职位描述": "独立董事",
      "期初持股数": "0",
      "期末持股数": "0",
      "间接持股数": "",
      "从公司获得年度报酬总额": "50000",
      "补贴津贴": "",
      "变动原因说明": "不适用",
      "是否在股东或关联单位领取报酬津贴": "否",
      "在任与否": "是"
    },
    {
      "领导人姓名": "张桂珍",
      "职位描述": "独立董事",
      "期初持股数": "0",
      "期末持股数": "0",
      "间接持股数": "",
      "从公司获得年度报酬总额": "50000",
      "补贴津贴": "",
      "变动原因说明": "不适用",
      "是否在股东或关联单位领取报酬津贴": "否",
      "在任与否": "是"
    },
    {
      "领导人姓名": "吴懿平",
      "职位描述": "独立董事",
      "期初持股数": "0",
      "期末持股数": "0",
      "间接持股数": "",
      "从公司获得年度报酬总额": "50000",
      "补贴津贴": "",
      "变动原因说明": "不适用",
      "是否在股东或关联单位领取报酬津贴": "否",
      "在任与否": "是"
    },
    {
      "领导人姓名": "杨雁清",
      "职位描述": "核心技术人员",
      "期初持股数": "0",
      "期末持股数": "0",
      "间接持股数": "",
      "从公司获得年度报酬总额": "",
      "补贴津贴": "",
      "变动原因说明": "不适用",
      "是否在股东或关联单位领取报酬津贴": "否",
      "在任与否": "是"
    },
    {
      "领导人姓名": "王刘成",
      "职位描述": "核心技术人员",
      "期初持股数": "0",
      "期末持股数": "30657",
      "间接持股数": "",
      "从公司获得年度报酬总额": "",
      "补贴津贴": "",
      "变动原因说明": "股权激励归属、资本公积转增股本、二级市场买卖",
      "是否在股东或关联单位领取报酬津贴": "否",
      "在任与否": "是"
    },
    {
      "领导人姓名": "刘永杰",
      "职位描述": "核心技术人员",
      "期初持股数": "0",
      "期末持股数": "8665",
      "间接持股数": "",
      "从公司获得年度报酬总额": "",
      "补贴津贴": "",
      "变动原因说明": "股权激励归属、资本公积转增股本、二级市场卖出",
      "是否在股东或关联单位领取报酬津贴": "否",
      "在任与否": "是"
    },
    {
      "领导人姓名": "程树刚",
      "职位描述": "核心技术人员",
      "期初持股数": "0",
      "期末持股数": "0",
      "间接持股数": "",
      "从公司获得年度报酬总额": "",
      "补贴津贴": "",
      "变动原因说明": "股权激励归属、资本公积转增股本、二级市场卖出",
      "是否在股东或关联单位领取报酬津贴": "否",
      "在任与否": "是"
    }
  ]
}

=== 688500-2026-04-18-慧辰股份-2025年年度报告全文.pdf ===
{
  "Leader_Salary_data": {
    "实际所得报酬总额起始": "6657100",
    "实际所得报酬总额截止": "6657100",
    "实际所得报酬总额涉及人数": ""
  },
  "Leader_Hold_data": [
    {
      "领导人姓名": "赵龙",
      "职位描述": "董事长、总经理",
      "期初持股数": "",
      "期末持股数": "",
      "间接持股数": "",
      "从公司获得年度报酬总额": "965200",
      "补贴津贴": "",
      "是否在股东或关联单位领取报酬津贴": "否",
      "变动原因说明": "",
      "在任与否": "是"
    },
    {
      "领导人姓名": "何伟",
      "职位描述": "副董事长、副总经理",
      "期初持股数": "0",
      "期末持股数": "100000",
      "间接持股数": "",
      "从公司获得年度报酬总额": "917300",
      "补贴津贴": "",
      "是否在股东或关联单位领取报酬津贴": "否",
      "变动原因说明": "股权激励实施",
      "在任与否": "是"
    },
    {
      "领导人姓名": "李永林",
      "职位描述": "董事",
      "期初持股数": "",
      "期末持股数": "",
      "间接持股数": "",
      "从公司获得年度报酬总额": "0",
      "补贴津贴": "",
      "是否在股东或关联单位领取报酬津贴": "否",
      "变动原因说明": "",
      "在任与否": "是"
    },
    {
      "领导人姓名": "杨蕾",
      "职位描述": "职工代表董事、财务负责人",
      "期初持股数": "",
      "期末持股数": "",
      "间接持股数": "",
      "从公司获得年度报酬总额": "1125600",
      "补贴津贴": "",
      "是否在股东或关联单位领取报酬津贴": "否",
      "变动原因说明": "",
      "在任与否": "是"
    },
    {
      "领导人姓名": "孟为",
      "职位描述": "独立董事",
      "期初持股数": "",
      "期末持股数": "",
      "间接持股数": "",
      "从公司获得年度报酬总额": "100000",
      "补贴津贴": "100000",
      "是否在股东或关联单位领取报酬津贴": "否",
      "变动原因说明": "",
      "在任与否": "是"
    },
    {
      "领导人姓名": "柴健",
      "职位描述": "独立董事",
      "期初持股数": "",
      "期末持股数": "",
      "间接持股数": "",
      "从公司获得年度报酬总额": "100000",
      "补贴津贴": "100000",
      "是否在股东或关联单位领取报酬津贴": "否",
      "变动原因说明": "",
      "在任与否": "是"
    },
    {
      "领导人姓名": "徐彤",
      "职位描述": "独立董事",
      "期初持股数": "",
      "期末持股数": "",
      "间接持股数": "",
      "从公司获得年度报酬总额": "53000",
      "补贴津贴": "53000",
      "是否在股东或关联单位领取报酬津贴": "否",
      "变动原因说明": "",
      "在任与否": "是"
    },
    {
      "领导人姓名": "韩丁",
      "职位描述": "副总经理、核心技术人员",
      "期初持股数": "0",
      "期末持股数": "60000",
      "间接持股数": "",
      "从公司获得年度报酬总额": "1246300",
      "补贴津贴": "",
      "是否在股东或关联单位领取报酬津贴": "否",
      "变动原因说明": "股权激励实施",
      "在任与否": "是"
    },
    {
      "领导人姓名": "何东炯",
      "职位描述": "董事会秘书",
      "期初持股数": "0",
      "期末持股数": "50000",
      "间接持股数": "",
      "从公司获得年度报酬总额": "861100",
      "补贴津贴": "",
      "是否在股东或关联单位领取报酬津贴": "否",
      "变动原因说明": "股权激励实施",
      "在任与否": "是"
    },
    {
      "领导人姓名": "马亮",
      "职位描述": "董事、核心技术人员",
      "期初持股数": "0",
      "期末持股数": "70000",
      "间接持股数": "",
      "从公司获得年度报酬总额": "765100",
      "补贴津贴": "",
      "是否在股东或关联单位领取报酬津贴": "否",
      "变动原因说明": "股权激励实施",
      "在任与否": "否"
    },
    {
      "领导人姓名": "王驰",
      "职位描述": "核心技术人员",
      "期初持股数": "",
      "期末持股数": "",
      "间接持股数": "",
      "从公司获得年度报酬总额": "400400",
      "补贴津贴": "",
      "是否在股东或关联单位领取报酬津贴": "",
      "变动原因说明": "",
      "在任与否": "是"
    },
    {
      "领导人姓名": "谢疆",
      "职位描述": "副总经理",
      "期初持股数": "",
      "期末持股数": "",
      "间接持股数": "",
      "从公司获得年度报酬总额": "11000",
      "补贴津贴": "",
      "是否在股东或关联单位领取报酬津贴": "否",
      "变动原因说明": "",
      "在任与否": "否"
    },
    {
      "领导人姓名": "刘松林",
      "职位描述": "副总经理",
      "期初持股数": "51723",
      "期末持股数": "38793",
      "间接持股数": "",
      "从公司获得年度报酬总额": "64800",
      "补贴津贴": "",
      "是否在股东或关联单位领取报酬津贴": "否",
      "变动原因说明": "二级市场买卖",
      "在任与否": "否"
    },
    {
      "领导人姓名": "任爽",
      "职位描述": "独立董事",
      "期初持股数": "",
      "期末持股数": "",
      "间接持股数": "",
      "从公司获得年度报酬总额": "47300",
      "补贴津贴": "47300",
      "是否在股东或关联单位领取报酬津贴": "否",
      "变动原因说明": "",
      "在任与否": "否"
    }
  ]
}

=== 688596-2026-04-18-正帆科技-2025年年度报告.pdf ===
{
  "Leader_Salary_data": {
    "实际所得报酬总额起始": "10384100",
    "实际所得报酬总额截止": "10384100",
    "实际所得报酬总额涉及人数": ""
  },
  "Leader_Hold_data": [
    {
      "领导人姓名": "YU DONG LEI",
      "职位描述": "董事长",
      "期初持股数": "0",
      "期末持股数": "0",
      "间接持股数": "",
      "从公司获得年度报酬总额": "1944200",
      "补贴津贴": "",
      "变动原因说明": "",
      "是否在股东或关联单位领取报酬津贴": "否",
      "在任与否": "是"
    },
    {
      "领导人姓名": "CUI RONG",
      "职位描述": "董事",
      "期初持股数": "0",
      "期末持股数": "0",
      "间接持股数": "",
      "从公司获得年度报酬总额": "1441900",
      "补贴津贴": "",
      "变动原因说明": "",
      "是否在股东或关联单位领取报酬津贴": "否",
      "在任与否": "是"
    },
    {
      "领导人姓名": "史可成",
      "职位描述": "董事、总经理",
      "期初持股数": "2178000",
      "期末持股数": "2755500",
      "间接持股数": "",
      "从公司获得年度报酬总额": "1645800",
      "补贴津贴": "",
      "变动原因说明": "股权激励；二级市场减持",
      "是否在股东或关联单位领取报酬津贴": "否",
      "在任与否": "是"
    },
    {
      "领导人姓名": "朱莎",
      "职位描述": "职工董事",
      "期初持股数": "0",
      "期末持股数": "0",
      "间接持股数": "",
      "从公司获得年度报酬总额": "19200",
      "补贴津贴": "",
      "变动原因说明": "",
      "是否在股东或关联单位领取报酬津贴": "否",
      "在任与否": "是"
    },
    {
      "领导人姓名": "余显财",
      "职位描述": "独立董事",
      "期初持股数": "0",
      "期末持股数": "0",
      "间接持股数": "",
      "从公司获得年度报酬总额": "142000",
      "补贴津贴": "142000",
      "变动原因说明": "",
      "是否在股东或关联单位领取报酬津贴": "否",
      "在任与否": "是"
    },
    {
      "领导人姓名": "程家茂",
      "职位描述": "独立董事",
      "期初持股数": "0",
      "期末持股数": "0",
      "间接持股数": "",
      "从公司获得年度报酬总额": "142000",
      "补贴津贴": "142000",
      "变动原因说明": "",
      "是否在股东或关联单位领取报酬津贴": "否",
      "在任与否": "是"
    },
    {
      "领导人姓名": "刘越",
      "职位描述": "独立董事",
      "期初持股数": "0",
      "期末持股数": "0",
      "间接持股数": "",
      "从公司获得年度报酬总额": "142000",
      "补贴津贴": "142000",
      "变动原因说明": "",
      "是否在股东或关联单位领取报酬津贴": "否",
      "在任与否": "是"
    },
    {
      "领导人姓名": "ZHENG HONGLIANG",
      "职位描述": "副总经理、财务负责人、董事会秘书",
      "期初持股数": "1452000",
      "期末持股数": "2200000",
      "间接持股数": "",
      "从公司获得年度报酬总额": "1072300",
      "补贴津贴": "",
      "变动原因说明": "股权激励",
      "是否在股东或关联单位领取报酬津贴": "否",
      "在任与否": "是"
    },
    {
      "领导人姓名": "胡伟",
      "职位描述": "副总经理、董事会秘书",
      "期初持股数": "0",
      "期末持股数": "0",
      "间接持股数": "",
      "从公司获得年度报酬总额": "29600",
      "补贴津贴": "",
      "变动原因说明": "",
      "是否在股东或关联单位领取报酬津贴": "否",
      "在任与否": "是"
    },
    {
      "领导人姓名": "李东升",
      "职位描述": "核心技术人员",
      "期初持股数": "3601531",
      "期末持股数": "3601531",
      "间接持股数": "",
      "从公司获得年度报酬总额": "771700",
      "补贴津贴": "",
      "变动原因说明": "",
      "是否在股东或关联单位领取报酬津贴": "否",
      "在任与否": "是"
    },
    {
      "领导人姓名": "于锋",
      "职位描述": "核心技术人员",
      "期初持股数": "1018800",
      "期末持股数": "658800",
      "间接持股数": "",
      "从公司获得年度报酬总额": "25200",
      "补贴津贴": "",
      "变动原因说明": "二级市场减持",
      "是否在股东或关联单位领取报酬津贴": "否",
      "在任与否": "是"
    },
    {
      "领导人姓名": "黄勇",
      "职位描述": "董事",
      "期初持股数": "13671394",
      "期末持股数": "12071394",
      "间接持股数": "",
      "从公司获得年度报酬总额": "737100",
      "补贴津贴": "",
      "变动原因说明": "二级市场减持",
      "是否在股东或关联单位领取报酬津贴": "否",
      "在任与否": "否"
    },
    {
      "领导人姓名": "周明峥",
      "职位描述": "核心技术人员",
      "期初持股数": "12671394",
      "期末持股数": "11071394",
      "间接持股数": "",
      "从公司获得年度报酬总额": "737100",
      "补贴津贴": "",
      "变动原因说明": "二级市场减持",
      "是否在股东或关联单位领取报酬津贴": "否",
      "在任与否": "否"
    }
  ]
}

=== 688558-2026-04-18-国盛智科-国盛智科2025年年度报告.pdf ===
{
  "Leader_Salary_data": {
    "实际所得报酬总额起始": "7561500",
    "实际所得报酬总额截止": "7561500",
    "实际所得报酬总额涉及人数": ""
  },
  "Leader_Hold_data": [
    {
      "领导人姓名": "潘卫国",
      "职位描述": "董事长、核心技术人员",
      "期初持股数": "58248474",
      "期末持股数": "58248474",
      "间接持股数": "",
      "从公司获得年度报酬总额": "900000",
      "补贴津贴": "",
      "变动原因说明": "",
      "是否在股东或关联单位领取报酬津贴": "否",
      "在任与否": "是"
    },
    {
      "领导人姓名": "卫小虎",
      "职位描述": "副董事长、总经理",
      "期初持股数": "24859421",
      "期末持股数": "24859421",
      "间接持股数": "",
      "从公司获得年度报酬总额": "880200",
      "补贴津贴": "",
      "变动原因说明": "",
      "是否在股东或关联单位领取报酬津贴": "否",
      "在任与否": "是"
    },
    {
      "领导人姓名": "陈娟",
      "职位描述": "董事、常务副总经理",
      "期初持股数": "0",
      "期末持股数": "0",
      "间接持股数": "",
      "从公司获得年度报酬总额": "869500",
      "补贴津贴": "",
      "变动原因说明": "",
      "是否在股东或关联单位领取报酬津贴": "否",
      "在任与否": "是"
    },
    {
      "领导人姓名": "卫红燕",
      "职位描述": "董事、董事会秘书、副总经理、财务负责人",
      "期初持股数": "0",
      "期末持股数": "0",
      "间接持股数": "",
      "从公司获得年度报酬总额": "673500",
      "补贴津贴": "",
      "变动原因说明": "",
      "是否在股东或关联单位领取报酬津贴": "否",
      "在任与否": "是"
    },
    {
      "领导人姓名": "张志永",
      "职位描述": "核心技术人员、职工董事",
      "期初持股数": "0",
      "期末持股数": "0",
      "间接持股数": "",
      "从公司获得年度报酬总额": "388200",
      "补贴津贴": "",
      "变动原因说明": "",
      "是否在股东或关联单位领取报酬津贴": "否",
      "在任与否": "是"
    },
    {
      "领导人姓名": "钱玉婷",
      "职位描述": "董事",
      "期初持股数": "0",
      "期末持股数": "0",
      "间接持股数": "",
      "从公司获得年度报酬总额": "328900",
      "补贴津贴": "",
      "变动原因说明": "",
      "是否在股东或关联单位领取报酬津贴": "否",
      "在任与否": "是"
    },
    {
      "领导人姓名": "郭昱",
      "职位描述": "独立董事",
      "期初持股数": "0",
      "期末持股数": "0",
      "间接持股数": "",
      "从公司获得年度报酬总额": "71400",
      "补贴津贴": "",
      "变动原因说明": "",
      "是否在股东或关联单位领取报酬津贴": "否",
      "在任与否": "是"
    },
    {
      "领导人姓名": "邱自学",
      "职位描述": "独立董事",
      "期初持股数": "0",
      "期末持股数": "0",
      "间接持股数": "",
      "从公司获得年度报酬总额": "71400",
      "补贴津贴": "",
      "变动原因说明": "",
      "是否在股东或关联单位领取报酬津贴": "否",
      "在任与否": "是"
    },
    {
      "领导人姓名": "王明喆",
      "职位描述": "独立董事",
      "期初持股数": "0",
      "期末持股数": "0",
      "间接持股数": "",
      "从公司获得年度报酬总额": "23800",
      "补贴津贴": "",
      "变动原因说明": "",
      "是否在股东或关联单位领取报酬津贴": "否",
      "在任与否": "是"
    },
    {
      "领导人姓名": "刘传进",
      "职位描述": "副总经理、核心技术人员",
      "期初持股数": "0",
      "期末持股数": "0",
      "间接持股数": "",
      "从公司获得年度报酬总额": "688500",
      "补贴津贴": "",
      "变动原因说明": "",
      "是否在股东或关联单位领取报酬津贴": "否",
      "在任与否": "是"
    },
    {
      "领导人姓名": "任东",
      "职位描述": "核心技术人员",
      "期初持股数": "0",
      "期末持股数": "0",
      "间接持股数": "",
      "从公司获得年度报酬总额": "635800",
      "补贴津贴": "",
      "变动原因说明": "",
      "是否在股东或关联单位领取报酬津贴": "否",
      "在任与否": "是"
    },
    {
      "领导人姓名": "朱利民",
      "职位描述": "独立董事",
      "期初持股数": "0",
      "期末持股数": "0",
      "间接持股数": "",
      "从公司获得年度报酬总额": "53600",
      "补贴津贴": "",
      "变动原因说明": "",
      "是否在股东或关联单位领取报酬津贴": "否",
      "在任与否": "否"
    }
  ]
}

=== 688420-2026-04-18-美腾科技-天津美腾科技股份有限公司2025年年度报告.pdf ===
{
  "Leader_Salary_data": {
    "实际所得报酬总额起始": "7162600",
    "实际所得报酬总额截止": "7162600",
    "实际所得报酬总额涉及人数": ""
  },
  "Leader_Hold_data": [
    {
      "领导人姓名": "李太友",
      "职位描述": "董事长、核心技术人员",
      "期初持股数": "12000500",
      "期末持股数": "12000500",
      "间接持股数": "",
      "从公司获得年度报酬总额": "690200",
      "补贴津贴": "",
      "变动原因说明": "",
      "是否在股东或关联单位领取报酬津贴": "否",
      "在任与否": "是"
    },
    {
      "领导人姓名": "梁兴国",
      "职位描述": "董事、总裁、核心技术人员",
      "期初持股数": "1634850",
      "期末持股数": "1634850",
      "间接持股数": "",
      "从公司获得年度报酬总额": "753200",
      "补贴津贴": "",
      "变动原因说明": "",
      "是否在股东或关联单位领取报酬津贴": "否",
      "在任与否": "是"
    },
    {
      "领导人姓名": "张淑强",
      "职位描述": "董事、常务副总裁、核心技术人员",
      "期初持股数": "1479150",
      "期末持股数": "1479150",
      "间接持股数": "",
      "从公司获得年度报酬总额": "756300",
      "补贴津贴": "",
      "变动原因说明": "",
      "是否在股东或关联单位领取报酬津贴": "否",
      "在任与否": "是"
    },
    {
      "领导人姓名": "刘纯",
      "职位描述": "董事、副总裁",
      "期初持股数": "0",
      "期末持股数": "0",
      "间接持股数": "",
      "从公司获得年度报酬总额": "892600",
      "补贴津贴": "",
      "变动原因说明": "",
      "是否在股东或关联单位领取报酬津贴": "否",
      "在任与否": "是"
    },
    {
      "领导人姓名": "李丽",
      "职位描述": "职工代表董事",
      "期初持股数": "0",
      "期末持股数": "0",
      "间接持股数": "",
      "从公司获得年度报酬总额": "380600",
      "补贴津贴": "",
      "变动原因说明": "",
      "是否在股东或关联单位领取报酬津贴": "否",
      "在任与否": "是"
    },
    {
      "领导人姓名": "顾岩",
      "职位描述": "董事",
      "期初持股数": "0",
      "期末持股数": "0",
      "间接持股数": "",
      "从公司获得年度报酬总额": "0",
      "补贴津贴": "",
      "变动原因说明": "",
      "是否在股东或关联单位领取报酬津贴": "是",
      "在任与否": "是"
    },
    {
      "领导人姓名": "康鹏",
      "职位描述": "独立董事",
      "期初持股数": "0",
      "期末持股数": "0",
      "间接持股数": "",
      "从公司获得年度报酬总额": "0",
      "补贴津贴": "",
      "变动原因说明": "",
      "是否在股东或关联单位领取报酬津贴": "否",
      "在任与否": "是"
    },
    {
      "领导人姓名": "何勇军",
      "职位描述": "独立董事",
      "期初持股数": "0",
      "期末持股数": "0",
      "间接持股数": "",
      "从公司获得年度报酬总额": "0",
      "补贴津贴": "",
      "变动原因说明": "",
      "是否在股东或关联单位领取报酬津贴": "否",
      "在任与否": "是"
    },
    {
      "领导人姓名": "邢月改",
      "职位描述": "独立董事",
      "期初持股数": "0",
      "期末持股数": "0",
      "间接持股数": "",
      "从公司获得年度报酬总额": "77000",
      "补贴津贴": "",
      "变动原因说明": "",
      "是否在股东或关联单位领取报酬津贴": "否",
      "在任与否": "是"
    },
    {
      "领导人姓名": "陈桂刚",
      "职位描述": "副总裁",
      "期初持股数": "0",
      "期末持股数": "0",
      "间接持股数": "",
      "从公司获得年度报酬总额": "888900",
      "补贴津贴": "",
      "变动原因说明": "",
      "是否在股东或关联单位领取报酬津贴": "否",
      "在任与否": "是"
    },
    {
      "领导人姓名": "陈宇硕",
      "职位描述": "董事会秘书",
      "期初持股数": "0",
      "期末持股数": "0",
      "间接持股数": "",
      "从公司获得年度报酬总额": "608200",
      "补贴津贴": "",
      "变动原因说明": "",
      "是否在股东或关联单位领取报酬津贴": "否",
      "在任与否": "是"
    },
    {
      "领导人姓名": "王元伟",
      "职位描述": "财务总监",
      "期初持股数": "0",
      "期末持股数": "0",
      "间接持股数": "",
      "从公司获得年度报酬总额": "664700",
      "补贴津贴": "",
      "变动原因说明": "",
      "是否在股东或关联单位领取报酬津贴": "否",
      "在任与否": "是"
    },
    {
      "领导人姓名": "宋晨",
      "职位描述": "核心技术人员",
      "期初持股数": "0",
      "期末持股数": "0",
      "间接持股数": "",
      "从公司获得年度报酬总额": "593200",
      "补贴津贴": "",
      "变动原因说明": "",
      "是否在股东或关联单位领取报酬津贴": "否",
      "在任与否": "是"
    },
    {
      "领导人姓名": "王家祥",
      "职位描述": "核心技术人员",
      "期初持股数": "0",
      "期末持股数": "0",
      "间接持股数": "",
      "从公司获得年度报酬总额": "703600",
      "补贴津贴": "",
      "变动原因说明": "",
      "是否在股东或关联单位领取报酬津贴": "否",
      "在任与否": "是"
    },
    {
      "领导人姓名": "段发阶",
      "职位描述": "独立董事",
      "期初持股数": "0",
      "期末持股数": "0",
      "间接持股数": "",
      "从公司获得年度报酬总额": "77000",
      "补贴津贴": "",
      "变动原因说明": "",
      "是否在股东或关联单位领取报酬津贴": "否",
      "在任与否": "否"
    },
    {
      "领导人姓名": "王谦",
      "职位描述": "独立董事",
      "期初持股数": "0",
      "期末持股数": "0",
      "间接持股数": "",
      "从公司获得年度报酬总额": "77000",
      "补贴津贴": "",
      "变动原因说明": "",
      "是否在股东或关联单位领取报酬津贴": "否",
      "在任与否": "否"
    }
  ]
}

=== 688530-2026-04-18-欧莱新材-欧莱新材2025年年度报告.pdf ===
{
  "Leader_Salary_data": {
    "实际所得报酬总额起始": "13744700",
    "实际所得报酬总额截止": "13744700",
    "实际所得报酬总额涉及人数": ""
  },
  "Leader_Hold_data": [
    {
      "领导人姓名": "文宏福",
      "职位描述": "董事长、总经理、首席技术官",
      "期初持股数": "32400000",
      "期末持股数": "32400000",
      "间接持股数": "",
      "从公司获得年度报酬总额": "1800000",
      "补贴津贴": "",
      "变动原因说明": "",
      "是否在股东或关联单位领取报酬津贴": "否",
      "在任与否": "是"
    },
    {
      "领导人姓名": "方红",
      "职位描述": "董事",
      "期初持股数": "18532727",
      "期末持股数": "18532727",
      "间接持股数": "",
      "从公司获得年度报酬总额": "602800",
      "补贴津贴": "",
      "变动原因说明": "",
      "是否在股东或关联单位领取报酬津贴": "否",
      "在任与否": "是"
    },
    {
      "领导人姓名": "文雅",
      "职位描述": "董事、董事会秘书、副总经理",
      "期初持股数": "0",
      "期末持股数": "0",
      "间接持股数": "",
      "从公司获得年度报酬总额": "720000",
      "补贴津贴": "",
      "变动原因说明": "",
      "是否在股东或关联单位领取报酬津贴": "否",
      "在任与否": "是"
    },
    {
      "领导人姓名": "练孙郁",
      "职位描述": "董事",
      "期初持股数": "0",
      "期末持股数": "0",
      "间接持股数": "",
      "从公司获得年度报酬总额": "",
      "补贴津贴": "",
      "变动原因说明": "",
      "是否在股东或关联单位领取报酬津贴": "是",
      "在任与否": "是"
    },
    {
      "领导人姓名": "黄佳",
      "职位描述": "董事",
      "期初持股数": "0",
      "期末持股数": "0",
      "间接持股数": "",
      "从公司获得年度报酬总额": "",
      "补贴津贴": "",
      "变动原因说明": "",
      "是否在股东或关联单位领取报酬津贴": "否",
      "在任与否": "否"
    },
    {
      "领导人姓名": "文宏燕",
      "职位描述": "董事",
      "期初持股数": "0",
      "期末持股数": "0",
      "间接持股数": "",
      "从公司获得年度报酬总额": "262500",
      "补贴津贴": "",
      "变动原因说明": "",
      "是否在股东或关联单位领取报酬津贴": "否",
      "在任与否": "是"
    },
    {
      "领导人姓名": "YANG EILEEN JIANXUN",
      "职位描述": "独立董事",
      "期初持股数": "0",
      "期末持股数": "0",
      "间接持股数": "",
      "从公司获得年度报酬总额": "80000",
      "补贴津贴": "",
      "变动原因说明": "",
      "是否在股东或关联单位领取报酬津贴": "否",
      "在任与否": "是"
    },
    {
      "领导人姓名": "卫建国",
      "职位描述": "独立董事",
      "期初持股数": "0",
      "期末持股数": "0",
      "间接持股数": "",
      "从公司获得年度报酬总额": "80000",
      "补贴津贴": "",
      "变动原因说明": "",
      "是否在股东或关联单位领取报酬津贴": "否",
      "在任与否": "是"
    },
    {
      "领导人姓名": "娄超",
      "职位描述": "独立董事",
      "期初持股数": "0",
      "期末持股数": "0",
      "间接持股数": "",
      "从公司获得年度报酬总额": "80000",
      "补贴津贴": "",
      "变动原因说明": "",
      "是否在股东或关联单位领取报酬津贴": "否",
      "在任与否": "是"
    },
    {
      "领导人姓名": "王慧河",
      "职位描述": "副总经理",
      "期初持股数": "0",
      "期末持股数": "0",
      "间接持股数": "",
      "从公司获得年度报酬总额": "367000",
      "补贴津贴": "",
      "变动原因说明": "",
      "是否在股东或关联单位领取报酬津贴": "否",
      "在任与否": "是"
    },
    {
      "领导人姓名": "李正昌",
      "职位描述": "副总经理",
      "期初持股数": "0",
      "期末持股数": "0",
      "间接持股数": "",
      "从公司获得年度报酬总额": "295000",
      "补贴津贴": "",
      "变动原因说明": "",
      "是否在股东或关联单位领取报酬津贴": "否",
      "在任与否": "是"
    },
    {
      "领导人姓名": "毛春海",
      "职位描述": "副总经理、财务总监",
      "期初持股数": "0",
      "期末持股数": "0",
      "间接持股数": "",
      "从公司获得年度报酬总额": "1694500",
      "补贴津贴": "",
      "变动原因说明": "",
      "是否在股东或关联单位领取报酬津贴": "否",
      "在任与否": "否"
    },
    {
      "领导人姓名": "陈艳",
      "职位描述": "副总经理、财务总监",
      "期初持股数": "0",
      "期末持股数": "0",
      "间接持股数": "",
      "从公司获得年度报酬总额": "37500",
      "补贴津贴": "",
      "变动原因说明": "",
      "是否在股东或关联单位领取报酬津贴": "否",
      "在任与否": "是"
    },
    {
      "领导人姓名": "李鹏",
      "职位描述": "核心技术人员",
      "期初持股数": "0",
      "期末持股数": "0",
      "间接持股数": "",
      "从公司获得年度报酬总额": "265200",
      "补贴津贴": "",
      "变动原因说明": "",
      "是否在股东或关联单位领取报酬津贴": "否",
      "在任与否": "是"
    },
    {
      "领导人姓名": "李培林",
      "职位描述": "核心技术人员",
      "期初持股数": "0",
      "期末持股数": "0",
      "间接持股数": "",
      "从公司获得年度报酬总额": "232600",
      "补贴津贴": "",
      "变动原因说明": "",
      "是否在股东或关联单位领取报酬津贴": "否",
      "在任与否": "是"
    },
    {
      "领导人姓名": "张中美",
      "职位描述": "核心技术人员",
      "期初持股数": "0",
      "期末持股数": "0",
      "间接持股数": "",
      "从公司获得年度报酬总额": "265300",
      "补贴津贴": "",
      "变动原因说明": "",
      "是否在股东或关联单位领取报酬津贴": "否",
      "在任与否": "是"
    }
  ]
}

=== 900939-2026-04-18-汇丽B-上海汇丽建材股份有限公司2025年年度报告.pdf ===
{
  "Leader_Salary_data": {
    "实际所得报酬总额起始": "843000",
    "实际所得报酬总额截止": "843000",
    "实际所得报酬总额涉及人数": ""
  },
  "Leader_Hold_data": [
    {
      "领导人姓名": "王邦鹰",
      "职位描述": "董事长、董事",
      "期初持股数": "0",
      "期末持股数": "0",
      "间接持股数": "",
      "从公司获得年度报酬总额": "",
      "补贴津贴": "",
      "变动原因说明": "",
      "是否在股东或关联单位领取报酬津贴": "是",
      "在任与否": "是"
    },
    {
      "领导人姓名": "张嘉吉",
      "职位描述": "董事",
      "期初持股数": "0",
      "期末持股数": "0",
      "间接持股数": "",
      "从公司获得年度报酬总额": "",
      "补贴津贴": "",
      "变动原因说明": "",
      "是否在股东或关联单位领取报酬津贴": "是",
      "在任与否": "是"
    },
    {
      "领导人姓名": "陶红",
      "职位描述": "董事",
      "期初持股数": "0",
      "期末持股数": "0",
      "间接持股数": "",
      "从公司获得年度报酬总额": "",
      "补贴津贴": "",
      "变动原因说明": "",
      "是否在股东或关联单位领取报酬津贴": "是",
      "在任与否": "是"
    },
    {
      "领导人姓名": "邱颢",
      "职位描述": "董事",
      "期初持股数": "0",
      "期末持股数": "0",
      "间接持股数": "",
      "从公司获得年度报酬总额": "",
      "补贴津贴": "",
      "变动原因说明": "",
      "是否在股东或关联单位领取报酬津贴": "是",
      "在任与否": "是"
    },
    {
      "领导人姓名": "黄庆兵",
      "职位描述": "董事",
      "期初持股数": "0",
      "期末持股数": "0",
      "间接持股数": "",
      "从公司获得年度报酬总额": "",
      "补贴津贴": "",
      "变动原因说明": "",
      "是否在股东或关联单位领取报酬津贴": "是",
      "在任与否": "是"
    },
    {
      "领导人姓名": "张万涛",
      "职位描述": "董事",
      "期初持股数": "0",
      "期末持股数": "0",
      "间接持股数": "",
      "从公司获得年度报酬总额": "",
      "补贴津贴": "",
      "变动原因说明": "",
      "是否在股东或关联单位领取报酬津贴": "是",
      "在任与否": "是"
    },
    {
      "领导人姓名": "巢序",
      "职位描述": "独立董事",
      "期初持股数": "0",
      "期末持股数": "0",
      "间接持股数": "",
      "从公司获得年度报酬总额": "50000",
      "补贴津贴": "50000",
      "变动原因说明": "",
      "是否在股东或关联单位领取报酬津贴": "否",
      "在任与否": "是"
    },
    {
      "领导人姓名": "徐阳军",
      "职位描述": "独立董事",
      "期初持股数": "0",
      "期末持股数": "0",
      "间接持股数": "",
      "从公司获得年度报酬总额": "50000",
      "补贴津贴": "50000",
      "变动原因说明": "",
      "是否在股东或关联单位领取报酬津贴": "否",
      "在任与否": "是"
    },
    {
      "领导人姓名": "谢静宇",
      "职位描述": "独立董事",
      "期初持股数": "0",
      "期末持股数": "0",
      "间接持股数": "",
      "从公司获得年度报酬总额": "50000",
      "补贴津贴": "50000",
      "变动原因说明": "",
      "是否在股东或关联单位领取报酬津贴": "否",
      "在任与否": "是"
    },
    {
      "领导人姓名": "张志良",
      "职位描述": "总经理、董事",
      "期初持股数": "0",
      "期末持股数": "0",
      "间接持股数": "",
      "从公司获得年度报酬总额": "260400",
      "补贴津贴": "",
      "变动原因说明": "",
      "是否在股东或关联单位领取报酬津贴": "否",
      "在任与否": "是"
    },
    {
      "领导人姓名": "詹琳",
      "职位描述": "副总经理、董事会秘书、董事",
      "期初持股数": "0",
      "期末持股数": "0",
      "间接持股数": "",
      "从公司获得年度报酬总额": "481200",
      "补贴津贴": "",
      "变动原因说明": "",
      "是否在股东或关联单位领取报酬津贴": "否",
      "在任与否": "是"
    },
    {
      "领导人姓名": "张至纯",
      "职位描述": "财务负责人",
      "期初持股数": "0",
      "期末持股数": "0",
      "间接持股数": "",
      "从公司获得年度报酬总额": "192000",
      "补贴津贴": "",
      "变动原因说明": "",
      "是否在股东或关联单位领取报酬津贴": "否",
      "在任与否": "是"
    },
    {
      "领导人姓名": "程光",
      "职位描述": "董事长",
      "期初持股数": "0",
      "期末持股数": "0",
      "间接持股数": "",
      "从公司获得年度报酬总额": "",
      "补贴津贴": "",
      "变动原因说明": "",
      "是否在股东或关联单位领取报酬津贴": "是",
      "在任与否": "否"
    }
  ]
}

=== 688646-2026-04-18-ST逸飞-逸飞激光2023年年度报告（更正后）.pdf ===
{
  "Leader_Salary_data": {
    "实际所得报酬总额起始": "5340200",
    "实际所得报酬总额截止": "5340200",
    "实际所得报酬总额涉及人数": ""
  },
  "Leader_Hold_data": [
    {
      "领导人姓名": "吴轩",
      "职位描述": "董事长、总经理、核心技术员",
      "期初持股数": "24429080",
      "期末持股数": "24429080",
      "间接持股数": "",
      "从公司获得年度报酬总额": "556900",
      "补贴津贴": "",
      "变动原因说明": "",
      "是否在股东或关联单位领取报酬津贴": "否",
      "在任与否": "是"
    },
    {
      "领导人姓名": "王树",
      "职位描述": "董事、副总经理、财务总监",
      "期初持股数": "654480",
      "期末持股数": "654480",
      "间接持股数": "",
      "从公司获得年度报酬总额": "509100",
      "补贴津贴": "",
      "变动原因说明": "",
      "是否在股东或关联单位领取报酬津贴": "否",
      "在任与否": "是"
    },
    {
      "领导人姓名": "冉昌林",
      "职位描述": "董事、副总经理、核心技术员",
      "期初持股数": "0",
      "期末持股数": "0",
      "间接持股数": "",
      "从公司获得年度报酬总额": "554400",
      "补贴津贴": "",
      "变动原因说明": "",
      "是否在股东或关联单位领取报酬津贴": "否",
      "在任与否": "是"
    },
    {
      "领导人姓名": "丛长波",
      "职位描述": "董事",
      "期初持股数": "0",
      "期末持股数": "0",
      "间接持股数": "",
      "从公司获得年度报酬总额": "95400",
      "补贴津贴": "",
      "变动原因说明": "",
      "是否在股东或关联单位领取报酬津贴": "否",
      "在任与否": "是"
    },
    {
      "领导人姓名": "顾弘",
      "职位描述": "董事",
      "期初持股数": "0",
      "期末持股数": "0",
      "间接持股数": "",
      "从公司获得年度报酬总额": "0",
      "补贴津贴": "",
      "变动原因说明": "",
      "是否在股东或关联单位领取报酬津贴": "是",
      "在任与否": "是"
    },
    {
      "领导人姓名": "郭敏",
      "职位描述": "董事",
      "期初持股数": "0",
      "期末持股数": "0",
      "间接持股数": "",
      "从公司获得年度报酬总额": "0",
      "补贴津贴": "",
      "变动原因说明": "",
      "是否在股东或关联单位领取报酬津贴": "是",
      "在任与否": "是"
    },
    {
      "领导人姓名": "邵泽宁",
      "职位描述": "独立董事",
      "期初持股数": "0",
      "期末持股数": "0",
      "间接持股数": "",
      "从公司获得年度报酬总额": "80000",
      "补贴津贴": "",
      "变动原因说明": "",
      "是否在股东或关联单位领取报酬津贴": "否",
      "在任与否": "是"
    },
    {
      "领导人姓名": "潘红波",
      "职位描述": "独立董事",
      "期初持股数": "0",
      "期末持股数": "0",
      "间接持股数": "",
      "从公司获得年度报酬总额": "80000",
      "补贴津贴": "",
      "变动原因说明": "",
      "是否在股东或关联单位领取报酬津贴": "否",
      "在任与否": "是"
    },
    {
      "领导人姓名": "杨克成",
      "职位描述": "独立董事",
      "期初持股数": "0",
      "期末持股数": "0",
      "间接持股数": "",
      "从公司获得年度报酬总额": "80000",
      "补贴津贴": "",
      "变动原因说明": "",
      "是否在股东或关联单位领取报酬津贴": "否",
      "在任与否": "是"
    },
    {
      "领导人姓名": "王颖超",
      "职位描述": "监事会主席",
      "期初持股数": "0",
      "期末持股数": "0",
      "间接持股数": "",
      "从公司获得年度报酬总额": "62000",
      "补贴津贴": "",
      "变动原因说明": "",
      "是否在股东或关联单位领取报酬津贴": "否",
      "在任与否": "是"
    },
    {
      "领导人姓名": "周叶",
      "职位描述": "监事",
      "期初持股数": "0",
      "期末持股数": "0",
      "间接持股数": "",
      "从公司获得年度报酬总额": "263900",
      "补贴津贴": "",
      "变动原因说明": "",
      "是否在股东或关联单位领取报酬津贴": "否",
      "在任与否": "是"
    },
    {
      "领导人姓名": "曾伟明",
      "职位描述": "职工监事",
      "期初持股数": "0",
      "期末持股数": "0",
      "间接持股数": "",
      "从公司获得年度报酬总额": "361200",
      "补贴津贴": "",
      "变动原因说明": "",
      "是否在股东或关联单位领取报酬津贴": "否",
      "在任与否": "是"
    },
    {
      "领导人姓名": "向玉枝",
      "职位描述": "副总经理、董事",
      "期初持股数": "0",
      "期末持股数": "0",
      "间接持股数": "",
      "从公司获得年度报酬总额": "310100",
      "补贴津贴": "",
      "变动原因说明": "",
      "是否在股东或关联单位领取报酬津贴": "否",
      "在任与否": "是"
    },
    {
      "领导人姓名": "曹卫斌",
      "职位描述": "董事会秘书、副总经理",
      "期初持股数": "34920",
      "期末持股数": "34920",
      "间接持股数": "",
      "从公司获得年度报酬总额": "557100",
      "补贴津贴": "",
      "变动原因说明": "",
      "是否在股东或关联单位领取报酬津贴": "否",
      "在任与否": "是"
    },
    {
      "领导人姓名": "梅亮",
      "职位描述": "董事、副总经理",
      "期初持股数": "1193640",
      "期末持股数": "1193640",
      "间接持股数": "",
      "从公司获得年度报酬总额": "478800",
      "补贴津贴": "",
      "变动原因说明": "",
      "是否在股东或关联单位领取报酬津贴": "否",
      "在任与否": "否"
    },
    {
      "领导人姓名": "熊五岳",
      "职位描述": "监事会主席、核心技术员",
      "期初持股数": "1193640",
      "期末持股数": "1193640",
      "间接持股数": "",
      "从公司获得年度报酬总额": "201400",
      "补贴津贴": "",
      "变动原因说明": "",
      "是否在股东或关联单位领取报酬津贴": "否",
      "在任与否": "否"
    },
    {
      "领导人姓名": "程从贵",
      "职位描述": "核心技术员",
      "期初持股数": "0",
      "期末持股数": "0",
      "间接持股数": "",
      "从公司获得年度报酬总额": "311100",
      "补贴津贴": "",
      "变动原因说明": "",
      "是否在股东或关联单位领取报酬津贴": "否",
      "在任与否": "是"
    },
    {
      "领导人姓名": "雷波",
      "职位描述": "核心技术员",
      "期初持股数": "0",
      "期末持股数": "0",
      "间接持股数": "",
      "从公司获得年度报酬总额": "347700",
      "补贴津贴": "",
      "变动原因说明": "",
      "是否在股东或关联单位领取报酬津贴": "否",
      "在任与否": "是"
    },
    {
      "领导人姓名": "孟昌",
      "职位描述": "核心技术员",
      "期初持股数": "0",
      "期末持股数": "0",
      "间接持股数": "",
      "从公司获得年度报酬总额": "289200",
      "补贴津贴": "",
      "变动原因说明": "",
      "是否在股东或关联单位领取报酬津贴": "否",
      "在任与否": "是"
    },
    {
      "领导人姓名": "余凤",
      "职位描述": "核心技术员",
      "期初持股数": "0",
      "期末持股数": "0",
      "间接持股数": "",
      "从公司获得年度报酬总额": "201900",
      "补贴津贴": "",
      "变动原因说明": "",
      "是否在股东或关联单位领取报酬津贴": "否",
      "在任与否": "是"
    }
  ]
}

=== 920061-2026-04-17-西磁科技-2025年年度报告.pdf ===
{
  "Leader_Salary_data": {
    "实际所得报酬总额起始": "",
    "实际所得报酬总额截止": "",
    "实际所得报酬总额涉及人数": ""
  },
  "Leader_Hold_data": [
    {
      "领导人姓名": "吴望蕤",
      "职位描述": "董事长、总经理",
      "期初持股数": "21150000",
      "期末持股数": "21150000",
      "间接持股数": "",
      "从公司获得年度报酬总额": "690500",
      "补贴津贴": "",
      "变动原因说明": "",
      "是否在股东或关联单位领取报酬津贴": "否",
      "在任与否": "是"
    },
    {
      "领导人姓名": "童芝萍",
      "职位描述": "董事",
      "期初持股数": "14400000",
      "期末持股数": "14400000",
      "间接持股数": "",
      "从公司获得年度报酬总额": "400000",
      "补贴津贴": "",
      "变动原因说明": "",
      "是否在股东或关联单位领取报酬津贴": "否",
      "在任与否": "是"
    },
    {
      "领导人姓名": "徐康升",
      "职位描述": "董事、副总经理",
      "期初持股数": "6050800",
      "期末持股数": "6050800",
      "间接持股数": "",
      "从公司获得年度报酬总额": "480400",
      "补贴津贴": "",
      "变动原因说明": "",
      "是否在股东或关联单位领取报酬津贴": "否",
      "在任与否": "是"
    },
    {
      "领导人姓名": "丁新跃",
      "职位描述": "董事、副总经理",
      "期初持股数": "100000",
      "期末持股数": "100000",
      "间接持股数": "",
      "从公司获得年度报酬总额": "778300",
      "补贴津贴": "",
      "变动原因说明": "",
      "是否在股东或关联单位领取报酬津贴": "否",
      "在任与否": "是"
    },
    {
      "领导人姓名": "徐荣华",
      "职位描述": "独立董事",
      "期初持股数": "",
      "期末持股数": "",
      "间接持股数": "",
      "从公司获得年度报酬总额": "50000",
      "补贴津贴": "50000",
      "变动原因说明": "",
      "是否在股东或关联单位领取报酬津贴": "否",
      "在任与否": "是"
    },
    {
      "领导人姓名": "王箴若",
      "职位描述": "独立董事",
      "期初持股数": "",
      "期末持股数": "",
      "间接持股数": "",
      "从公司获得年度报酬总额": "50000",
      "补贴津贴": "50000",
      "变动原因说明": "",
      "是否在股东或关联单位领取报酬津贴": "否",
      "在任与否": "是"
    },
    {
      "领导人姓名": "吴润秋",
      "职位描述": "副总经理",
      "期初持股数": "100000",
      "期末持股数": "100000",
      "间接持股数": "",
      "从公司获得年度报酬总额": "209200",
      "补贴津贴": "",
      "变动原因说明": "",
      "是否在股东或关联单位领取报酬津贴": "否",
      "在任与否": "是"
    },
    {
      "领导人姓名": "洪晶惠",
      "职位描述": "财务总监、董事会秘书",
      "期初持股数": "100000",
      "期末持股数": "100000",
      "间接持股数": "",
      "从公司获得年度报酬总额": "594600",
      "补贴津贴": "",
      "变动原因说明": "",
      "是否在股东或关联单位领取报酬津贴": "否",
      "在任与否": "是"
    },
    {
      "领导人姓名": "李群富",
      "职位描述": "副总经理",
      "期初持股数": "",
      "期末持股数": "",
      "间接持股数": "",
      "从公司获得年度报酬总额": "147700",
      "补贴津贴": "",
      "变动原因说明": "",
      "是否在股东或关联单位领取报酬津贴": "否",
      "在任与否": "否"
    }
  ]
}

=== 920016-2026-04-17-中草香料-2025年年度报告.pdf ===
{
  "Leader_Salary_data": {
    "实际所得报酬总额起始": "",
    "实际所得报酬总额截止": "",
    "实际所得报酬总额涉及人数": ""
  },
  "Leader_Hold_data": [
    {
      "领导人姓名": "李莉",
      "职位描述": "董事长、总经理",
      "期初持股数": "31438274",
      "期末持股数": "31438274",
      "间接持股数": "",
      "从公司获得年度报酬总额": "485000",
      "补贴津贴": "",
      "变动原因说明": "",
      "是否在股东或关联单位领取报酬津贴": "否",
      "在任与否": "是"
    },
    {
      "领导人姓名": "李淑清",
      "职位描述": "董事、副总经理",
      "期初持股数": "10750833",
      "期末持股数": "10750833",
      "间接持股数": "",
      "从公司获得年度报酬总额": "456600",
      "补贴津贴": "",
      "变动原因说明": "",
      "是否在股东或关联单位领取报酬津贴": "否",
      "在任与否": "是"
    },
    {
      "领导人姓名": "范金材",
      "职位描述": "董事、副总经理",
      "期初持股数": "2121572",
      "期末持股数": "2121572",
      "间接持股数": "",
      "从公司获得年度报酬总额": "446500",
      "补贴津贴": "",
      "变动原因说明": "",
      "是否在股东或关联单位领取报酬津贴": "否",
      "在任与否": "是"
    },
    {
      "领导人姓名": "葛树辉",
      "职位描述": "董事",
      "期初持股数": "432250",
      "期末持股数": "432250",
      "间接持股数": "",
      "从公司获得年度报酬总额": "391300",
      "补贴津贴": "",
      "变动原因说明": "",
      "是否在股东或关联单位领取报酬津贴": "否",
      "在任与否": "是"
    },
    {
      "领导人姓名": "唐玮",
      "职位描述": "独立董事",
      "期初持股数": "0",
      "期末持股数": "0",
      "间接持股数": "",
      "从公司获得年度报酬总额": "60000",
      "补贴津贴": "60000",
      "变动原因说明": "",
      "是否在股东或关联单位领取报酬津贴": "否",
      "在任与否": "是"
    },
    {
      "领导人姓名": "满云",
      "职位描述": "独立董事",
      "期初持股数": "0",
      "期末持股数": "0",
      "间接持股数": "",
      "从公司获得年度报酬总额": "60000",
      "补贴津贴": "60000",
      "变动原因说明": "",
      "是否在股东或关联单位领取报酬津贴": "否",
      "在任与否": "是"
    },
    {
      "领导人姓名": "何喜桥",
      "职位描述": "独立董事",
      "期初持股数": "0",
      "期末持股数": "0",
      "间接持股数": "",
      "从公司获得年度报酬总额": "60000",
      "补贴津贴": "60000",
      "变动原因说明": "",
      "是否在股东或关联单位领取报酬津贴": "否",
      "在任与否": "是"
    },
    {
      "领导人姓名": "党亚",
      "职位描述": "副总经理",
      "期初持股数": "266000",
      "期末持股数": "266000",
      "间接持股数": "",
      "从公司获得年度报酬总额": "569900",
      "补贴津贴": "",
      "变动原因说明": "",
      "是否在股东或关联单位领取报酬津贴": "否",
      "在任与否": "是"
    },
    {
      "领导人姓名": "赵娅",
      "职位描述": "董事会秘书",
      "期初持股数": "399000",
      "期末持股数": "399000",
      "间接持股数": "",
      "从公司获得年度报酬总额": "382200",
      "补贴津贴": "",
      "变动原因说明": "",
      "是否在股东或关联单位领取报酬津贴": "否",
      "在任与否": "是"
    },
    {
      "领导人姓名": "胡余海",
      "职位描述": "财务总监",
      "期初持股数": "0",
      "期末持股数": "0",
      "间接持股数": "",
      "从公司获得年度报酬总额": "179800",
      "补贴津贴": "",
      "变动原因说明": "",
      "是否在股东或关联单位领取报酬津贴": "否",
      "在任与否": "是"
    },
    {
      "领导人姓名": "陈志强",
      "职位描述": "原董事",
      "期初持股数": "",
      "期末持股数": "",
      "间接持股数": "",
      "从公司获得年度报酬总额": "0",
      "补贴津贴": "",
      "变动原因说明": "",
      "是否在股东或关联单位领取报酬津贴": "否",
      "在任与否": "否"
    },
    {
      "领导人姓名": "赵慧",
      "职位描述": "原财务总监",
      "期初持股数": "",
      "期末持股数": "",
      "间接持股数": "",
      "从公司获得年度报酬总额": "218400",
      "补贴津贴": "",
      "变动原因说明": "",
      "是否在股东或关联单位领取报酬津贴": "否",
      "在任与否": "否"
    }
  ]
}

=== 688680-2026-04-18-海优新材-上海海优威新材料股份有限公司2025年年度报告.pdf ===
{
  "Leader_Salary_data": {
    "实际所得报酬总额起始": "6512800",
    "实际所得报酬总额截止": "6512800",
    "实际所得报酬总额涉及人数": ""
  },
  "Leader_Hold_data": [
    {
      "领导人姓名": "李晓昱",
      "职位描述": "董事长、副总裁",
      "期初持股数": "8735040",
      "期末持股数": "8735040",
      "间接持股数": "",
      "从公司获得年度报酬总额": "682600",
      "补贴津贴": "",
      "变动原因说明": "",
      "是否在股东或关联单位领取报酬津贴": "否",
      "在任与否": "是"
    },
    {
      "领导人姓名": "李民",
      "职位描述": "副董事长、总裁、核心技术人员",
      "期初持股数": "20020120",
      "期末持股数": "20020120",
      "间接持股数": "",
      "从公司获得年度报酬总额": "736200",
      "补贴津贴": "",
      "变动原因说明": "",
      "是否在股东或关联单位领取报酬津贴": "否",
      "在任与否": "是"
    },
    {
      "领导人姓名": "王怀举",
      "职位描述": "董事、财务总监",
      "期初持股数": "0",
      "期末持股数": "0",
      "间接持股数": "",
      "从公司获得年度报酬总额": "636800",
      "补贴津贴": "",
      "变动原因说明": "",
      "是否在股东或关联单位领取报酬津贴": "否",
      "在任与否": "是"
    },
    {
      "领导人姓名": "章继生",
      "职位描述": "董事",
      "期初持股数": "0",
      "期末持股数": "0",
      "间接持股数": "",
      "从公司获得年度报酬总额": "688400",
      "补贴津贴": "",
      "变动原因说明": "",
      "是否在股东或关联单位领取报酬津贴": "否",
      "在任与否": "是"
    },
    {
      "领导人姓名": "吴梦云",
      "职位描述": "独立董事",
      "期初持股数": "0",
      "期末持股数": "0",
      "间接持股数": "",
      "从公司获得年度报酬总额": "96000",
      "补贴津贴": "96000",
      "变动原因说明": "",
      "是否在股东或关联单位领取报酬津贴": "否",
      "在任与否": "是"
    },
    {
      "领导人姓名": "唐侃",
      "职位描述": "独立董事",
      "期初持股数": "0",
      "期末持股数": "0",
      "间接持股数": "",
      "从公司获得年度报酬总额": "96000",
      "补贴津贴": "96000",
      "变动原因说明": "",
      "是否在股东或关联单位领取报酬津贴": "否",
      "在任与否": "是"
    },
    {
      "领导人姓名": "周频",
      "职位描述": "独立董事",
      "期初持股数": "0",
      "期末持股数": "0",
      "间接持股数": "",
      "从公司获得年度报酬总额": "36400",
      "补贴津贴": "36400",
      "变动原因说明": "",
      "是否在股东或关联单位领取报酬津贴": "否",
      "在任与否": "否"
    },
    {
      "领导人姓名": "陈伟权",
      "职位描述": "独立董事",
      "期初持股数": "0",
      "期末持股数": "0",
      "间接持股数": "",
      "从公司获得年度报酬总额": "59600",
      "补贴津贴": "59600",
      "变动原因说明": "",
      "是否在股东或关联单位领取报酬津贴": "否",
      "在任与否": "是"
    },
    {
      "领导人姓名": "刘俊刚",
      "职位描述": "核心技术人员",
      "期初持股数": "0",
      "期末持股数": "0",
      "间接持股数": "",
      "从公司获得年度报酬总额": "21000",
      "补贴津贴": "",
      "变动原因说明": "",
      "是否在股东或关联单位领取报酬津贴": "否",
      "在任与否": "否"
    },
    {
      "领导人姓名": "罗虹桥",
      "职位描述": "核心技术人员",
      "期初持股数": "0",
      "期末持股数": "0",
      "间接持股数": "",
      "从公司获得年度报酬总额": "362100",
      "补贴津贴": "",
      "变动原因说明": "",
      "是否在股东或关联单位领取报酬津贴": "否",
      "在任与否": "是"
    },
    {
      "领导人姓名": "于航",
      "职位描述": "副总裁",
      "期初持股数": "0",
      "期末持股数": "0",
      "间接持股数": "",
      "从公司获得年度报酬总额": "1200000",
      "补贴津贴": "",
      "变动原因说明": "",
      "是否在股东或关联单位领取报酬津贴": "否",
      "在任与否": "是"
    },
    {
      "领导人姓名": "孙振强",
      "职位描述": "董事会秘书、集团管理部总经理",
      "期初持股数": "0",
      "期末持股数": "0",
      "间接持股数": "",
      "从公司获得年度报酬总额": "526300",
      "补贴津贴": "",
      "变动原因说明": "",
      "是否在股东或关联单位领取报酬津贴": "否",
      "在任与否": "否"
    },
    {
      "领导人姓名": "覃勇",
      "职位描述": "核心技术人员",
      "期初持股数": "0",
      "期末持股数": "0",
      "间接持股数": "",
      "从公司获得年度报酬总额": "628600",
      "补贴津贴": "",
      "变动原因说明": "",
      "是否在股东或关联单位领取报酬津贴": "否",
      "在任与否": "是"
    },
    {
      "领导人姓名": "李鹏飞",
      "职位描述": "董事会秘书",
      "期初持股数": "0",
      "期末持股数": "0",
      "间接持股数": "",
      "从公司获得年度报酬总额": "4900",
      "补贴津贴": "",
      "变动原因说明": "",
      "是否在股东或关联单位领取报酬津贴": "否",
      "在任与否": "是"
    }
  ]
}

=== 920726-2026-04-17-朱老六-2025年年度报告.pdf ===
{
  "Leader_Salary_data": {
    "实际所得报酬总额起始": "",
    "实际所得报酬总额截止": "",
    "实际所得报酬总额涉及人数": ""
  },
  "Leader_Hold_data": [
    {
      "领导人姓名": "朱先明",
      "职位描述": "董事长",
      "期初持股数": "58960475",
      "期末持股数": "57411182",
      "间接持股数": "",
      "从公司获得年度报酬总额": "383600",
      "补贴津贴": "",
      "变动原因说明": "",
      "是否在股东或关联单位领取报酬津贴": "否",
      "在任与否": "是"
    },
    {
      "领导人姓名": "朱世杰",
      "职位描述": "董事、总经理",
      "期初持股数": "",
      "期末持股数": "",
      "间接持股数": "",
      "从公司获得年度报酬总额": "465300",
      "补贴津贴": "",
      "变动原因说明": "",
      "是否在股东或关联单位领取报酬津贴": "否",
      "在任与否": "是"
    },
    {
      "领导人姓名": "李殿奎",
      "职位描述": "董事、副总经理",
      "期初持股数": "1511250",
      "期末持股数": "1511250",
      "间接持股数": "",
      "从公司获得年度报酬总额": "467300",
      "补贴津贴": "",
      "变动原因说明": "",
      "是否在股东或关联单位领取报酬津贴": "否",
      "在任与否": "是"
    },
    {
      "领导人姓名": "刘朝阳",
      "职位描述": "独立董事",
      "期初持股数": "",
      "期末持股数": "",
      "间接持股数": "",
      "从公司获得年度报酬总额": "60000",
      "补贴津贴": "60000",
      "变动原因说明": "",
      "是否在股东或关联单位领取报酬津贴": "否",
      "在任与否": "是"
    },
    {
      "领导人姓名": "王笑丹",
      "职位描述": "独立董事",
      "期初持股数": "",
      "期末持股数": "",
      "间接持股数": "",
      "从公司获得年度报酬总额": "60000",
      "补贴津贴": "60000",
      "变动原因说明": "",
      "是否在股东或关联单位领取报酬津贴": "否",
      "在任与否": "是"
    },
    {
      "领导人姓名": "齐江涛",
      "职位描述": "独立董事",
      "期初持股数": "",
      "期末持股数": "5000",
      "间接持股数": "",
      "从公司获得年度报酬总额": "25000",
      "补贴津贴": "25000",
      "变动原因说明": "",
      "是否在股东或关联单位领取报酬津贴": "否",
      "在任与否": "是"
    },
    {
      "领导人姓名": "徐春贺",
      "职位描述": "职工董事",
      "期初持股数": "",
      "期末持股数": "",
      "间接持股数": "",
      "从公司获得年度报酬总额": "116000",
      "补贴津贴": "",
      "变动原因说明": "",
      "是否在股东或关联单位领取报酬津贴": "否",
      "在任与否": "是"
    },
    {
      "领导人姓名": "朱瑛",
      "职位描述": "财务负责人、董事会秘书",
      "期初持股数": "182000",
      "期末持股数": "129000",
      "间接持股数": "",
      "从公司获得年度报酬总额": "470300",
      "补贴津贴": "",
      "变动原因说明": "",
      "是否在股东或关联单位领取报酬津贴": "否",
      "在任与否": "是"
    }
  ]
}

=== 688646-2026-04-18-ST逸飞-逸飞激光2025年年度报告.pdf ===
{
  "Leader_Salary_data": {
    "实际所得报酬总额起始": "7386600",
    "实际所得报酬总额截止": "7386600",
    "实际所得报酬总额涉及人数": ""
  },
  "Leader_Hold_data": [
    {
      "领导人姓名": "吴轩",
      "职位描述": "董事长、总经理、核心技术人 员",
      "期初持股数": "24429080",
      "期末持股数": "24731093",
      "间接持股数": "",
      "从公司获得年度报酬总额": "665400",
      "补贴津贴": "",
      "变动原因说明": "增持",
      "是否在股东或关联单位领取报酬津贴": "否",
      "在任与否": "是"
    },
    {
      "领导人姓名": "王树",
      "职位描述": "董事、副总经理、财务总监",
      "期初持股数": "654480",
      "期末持股数": "654480",
      "间接持股数": "",
      "从公司获得年度报酬总额": "616000",
      "补贴津贴": "",
      "变动原因说明": "不适 用",
      "是否在股东或关联单位领取报酬津贴": "否",
      "在任与否": "是"
    },
    {
      "领导人姓名": "冉昌林",
      "职位描述": "职工董事、副总经理、核心技术人 员",
      "期初持股数": "0",
      "期末持股数": "0",
      "间接持股数": "",
      "从公司获得年度报酬总额": "675500",
      "补贴津贴": "",
      "变动原因说明": "不适 用",
      "是否在股东或关联单位领取报酬津贴": "否",
      "在任与否": "是"
    },
    {
      "领导人姓名": "丛长波",
      "职位描述": "董事",
      "期初持股数": "0",
      "期末持股数": "0",
      "间接持股数": "",
      "从公司获得年度报酬总额": "557300",
      "补贴津贴": "",
      "变动原因说明": "不适 用",
      "是否在股东或关联单位领取报酬津贴": "否",
      "在任与否": "是"
    },
    {
      "领导人姓名": "张三胜",
      "职位描述": "董事",
      "期初持股数": "0",
      "期末持股数": "0",
      "间接持股数": "",
      "从公司获得年度报酬总额": "733000",
      "补贴津贴": "",
      "变动原因说明": "不适 用",
      "是否在股东或关联单位领取报酬津贴": "否",
      "在任与否": "是"
    },
    {
      "领导人姓名": "赵来根",
      "职位描述": "董事、副总经理",
      "期初持股数": "378401",
      "期末持股数": "620821",
      "间接持股数": "",
      "从公司获得年度报酬总额": "280100",
      "补贴津贴": "",
      "变动原因说明": "增持",
      "是否在股东或关联单位领取报酬津贴": "否",
      "在任与否": "是"
    },
    {
      "领导人姓名": "邵泽宁",
      "职位描述": "独立董事",
      "期初持股数": "0",
      "期末持股数": "0",
      "间接持股数": "",
      "从公司获得年度报酬总额": "80000",
      "补贴津贴": "",
      "变动原因说明": "不适 用",
      "是否在股东或关联单位领取报酬津贴": "否",
      "在任与否": "是"
    },
    {
      "领导人姓名": "潘红波",
      "职位描述": "独立董事",
      "期初持股数": "0",
      "期末持股数": "0",
      "间接持股数": "",
      "从公司获得年度报酬总额": "80000",
      "补贴津贴": "",
      "变动原因说明": "不适 用",
      "是否在股东或关联单位领取报酬津贴": "否",
      "在任与否": "是"
    },
    {
      "领导人姓名": "杨克成",
      "职位描述": "独立董事",
      "期初持股数": "0",
      "期末持股数": "0",
      "间接持股数": "",
      "从公司获得年度报酬总额": "80000",
      "补贴津贴": "",
      "变动原因说明": "不适 用",
      "是否在股东或关联单位领取报酬津贴": "否",
      "在任与否": "是"
    },
    {
      "领导人姓名": "向玉枝",
      "职位描述": "副总经理",
      "期初持股数": "0",
      "期末持股数": "0",
      "间接持股数": "",
      "从公司获得年度报酬总额": "551700",
      "补贴津贴": "",
      "变动原因说明": "不适 用",
      "是否在股东或关联单位领取报酬津贴": "否",
      "在任与否": "是"
    },
    {
      "领导人姓名": "曹卫斌",
      "职位描述": "董事会秘 书、副总经理",
      "期初持股数": "34920",
      "期末持股数": "34920",
      "间接持股数": "",
      "从公司获得年度报酬总额": "551800",
      "补贴津贴": "",
      "变动原因说明": "不适 用",
      "是否在股东或关联单位领取报酬津贴": "否",
      "在任与否": "是"
    },
    {
      "领导人姓名": "熊五岳",
      "职位描述": "核心技术人 员",
      "期初持股数": "1193640",
      "期末持股数": "1193640",
      "间接持股数": "",
      "从公司获得年度报酬总额": "180900",
      "补贴津贴": "",
      "变动原因说明": "不适 用",
      "是否在股东或关联单位领取报酬津贴": "否",
      "在任与否": "是"
    },
    {
      "领导人姓名": "雷波",
      "职位描述": "核心技术人 员",
      "期初持股数": "0",
      "期末持股数": "0",
      "间接持股数": "",
      "从公司获得年度报酬总额": "461700",
      "补贴津贴": "",
      "变动原因说明": "不适 用",
      "是否在股东或关联单位领取报酬津贴": "否",
      "在任与否": "是"
    },
    {
      "领导人姓名": "孟昌",
      "职位描述": "核心技术人 员",
      "期初持股数": "0",
      "期末持股数": "0",
      "间接持股数": "",
      "从公司获得年度报酬总额": "363300",
      "补贴津贴": "",
      "变动原因说明": "不适 用",
      "是否在股东或关联单位领取报酬津贴": "否",
      "在任与否": "是"
    },
    {
      "领导人姓名": "余凤",
      "职位描述": "核心技术人 员",
      "期初持股数": "0",
      "期末持股数": "0",
      "间接持股数": "",
      "从公司获得年度报酬总额": "251900",
      "补贴津贴": "",
      "变动原因说明": "不适 用",
      "是否在股东或关联单位领取报酬津贴": "否",
      "在任与否": "是"
    }
  ]
}

=== 920339-2026-04-17-恒太照明-2025年年度报告.pdf ===
{
  "Leader_Salary_data": {
    "实际所得报酬总额起始": "",
    "实际所得报酬总额截止": "",
    "实际所得报酬总额涉及人数": ""
  },
  "Leader_Hold_data": [
    {
      "领导人姓名": "李彭晴",
      "职位描述": "董事长",
      "期初持股数": "80513041",
      "期末持股数": "80513041",
      "间接持股数": "",
      "从公司获得年度报酬总额": "782200",
      "补贴津贴": "",
      "变动原因说明": "",
      "是否在股东或关联单位领取报酬津贴": "否",
      "在任与否": "是"
    },
    {
      "领导人姓名": "纪少东",
      "职位描述": "董事、总经理",
      "期初持股数": "7322400",
      "期末持股数": "7322400",
      "间接持股数": "",
      "从公司获得年度报酬总额": "691000",
      "补贴津贴": "",
      "变动原因说明": "",
      "是否在股东或关联单位领取报酬津贴": "否",
      "在任与否": "是"
    },
    {
      "领导人姓名": "夏卫军",
      "职位描述": "董事、董事会秘书",
      "期初持股数": "1226778",
      "期末持股数": "1226778",
      "间接持股数": "",
      "从公司获得年度报酬总额": "447300",
      "补贴津贴": "",
      "变动原因说明": "",
      "是否在股东或关联单位领取报酬津贴": "否",
      "在任与否": "是"
    },
    {
      "领导人姓名": "高柏特",
      "职位描述": "董事",
      "期初持股数": "0",
      "期末持股数": "0",
      "间接持股数": "",
      "从公司获得年度报酬总额": "509300",
      "补贴津贴": "",
      "变动原因说明": "",
      "是否在股东或关联单位领取报酬津贴": "否",
      "在任与否": "是"
    },
    {
      "领导人姓名": "谢肖琳",
      "职位描述": "独立董事",
      "期初持股数": "0",
      "期末持股数": "0",
      "间接持股数": "",
      "从公司获得年度报酬总额": "60000",
      "补贴津贴": "60000",
      "变动原因说明": "",
      "是否在股东或关联单位领取报酬津贴": "否",
      "在任与否": "是"
    },
    {
      "领导人姓名": "陈龙全",
      "职位描述": "独立董事",
      "期初持股数": "0",
      "期末持股数": "0",
      "间接持股数": "",
      "从公司获得年度报酬总额": "60000",
      "补贴津贴": "60000",
      "变动原因说明": "",
      "是否在股东或关联单位领取报酬津贴": "否",
      "在任与否": "是"
    },
    {
      "领导人姓名": "姚国进",
      "职位描述": "独立董事",
      "期初持股数": "0",
      "期末持股数": "0",
      "间接持股数": "",
      "从公司获得年度报酬总额": "60000",
      "补贴津贴": "60000",
      "变动原因说明": "",
      "是否在股东或关联单位领取报酬津贴": "否",
      "在任与否": "是"
    },
    {
      "领导人姓名": "管园园",
      "职位描述": "财务总监",
      "期初持股数": "250000",
      "期末持股数": "250000",
      "间接持股数": "",
      "从公司获得年度报酬总额": "244000",
      "补贴津贴": "",
      "变动原因说明": "",
      "是否在股东或关联单位领取报酬津贴": "否",
      "在任与否": "是"
    }
  ]
}

=== 688750-2026-04-18-金天钛业-2025年年度报告.pdf ===
{
  "Leader_Salary_data": {
    "实际所得报酬总额起始": "6799900",
    "实际所得报酬总额截止": "6799900",
    "实际所得报酬总额涉及人数": ""
  },
  "Leader_Hold_data": [
    {
      "领导人姓名": "李新罗",
      "职位描述": "董事长",
      "期初持股数": "0",
      "期末持股数": "0",
      "间接持股数": "",
      "从公司获得年度报酬总额": "695700",
      "补贴津贴": "",
      "变动原因说明": "",
      "是否在股东或关联单位领取报酬津贴": "否",
      "在任与否": "是"
    },
    {
      "领导人姓名": "樊凯",
      "职位描述": "董事、总经理、核心技术人员",
      "期初持股数": "0",
      "期末持股数": "0",
      "间接持股数": "",
      "从公司获得年度报酬总额": "695700",
      "补贴津贴": "",
      "变动原因说明": "",
      "是否在股东或关联单位领取报酬津贴": "否",
      "在任与否": "是"
    },
    {
      "领导人姓名": "朱子昂",
      "职位描述": "董事",
      "期初持股数": "0",
      "期末持股数": "0",
      "间接持股数": "",
      "从公司获得年度报酬总额": "0",
      "补贴津贴": "",
      "变动原因说明": "",
      "是否在股东或关联单位领取报酬津贴": "是",
      "在任与否": "是"
    },
    {
      "领导人姓名": "任彬彬",
      "职位描述": "董事",
      "期初持股数": "0",
      "期末持股数": "0",
      "间接持股数": "",
      "从公司获得年度报酬总额": "0",
      "补贴津贴": "",
      "变动原因说明": "",
      "是否在股东或关联单位领取报酬津贴": "是",
      "在任与否": "是"
    },
    {
      "领导人姓名": "李强",
      "职位描述": "董事",
      "期初持股数": "0",
      "期末持股数": "0",
      "间接持股数": "",
      "从公司获得年度报酬总额": "0",
      "补贴津贴": "",
      "变动原因说明": "",
      "是否在股东或关联单位领取报酬津贴": "否",
      "在任与否": "是"
    },
    {
      "领导人姓名": "李超",
      "职位描述": "职工董事、副总经理、核心技术人员",
      "期初持股数": "0",
      "期末持股数": "0",
      "间接持股数": "",
      "从公司获得年度报酬总额": "556600",
      "补贴津贴": "",
      "变动原因说明": "",
      "是否在股东或关联单位领取报酬津贴": "否",
      "在任与否": "是"
    },
    {
      "领导人姓名": "王善平",
      "职位描述": "独立董事",
      "期初持股数": "0",
      "期末持股数": "0",
      "间接持股数": "",
      "从公司获得年度报酬总额": "120000",
      "补贴津贴": "",
      "变动原因说明": "",
      "是否在股东或关联单位领取报酬津贴": "否",
      "在任与否": "是"
    },
    {
      "领导人姓名": "何正才",
      "职位描述": "独立董事",
      "期初持股数": "0",
      "期末持股数": "0",
      "间接持股数": "",
      "从公司获得年度报酬总额": "120000",
      "补贴津贴": "",
      "变动原因说明": "",
      "是否在股东或关联单位领取报酬津贴": "否",
      "在任与否": "是"
    },
    {
      "领导人姓名": "章林",
      "职位描述": "独立董事",
      "期初持股数": "0",
      "期末持股数": "0",
      "间接持股数": "",
      "从公司获得年度报酬总额": "120000",
      "补贴津贴": "",
      "变动原因说明": "",
      "是否在股东或关联单位领取报酬津贴": "否",
      "在任与否": "是"
    },
    {
      "领导人姓名": "朱丽萍",
      "职位描述": "副总经理、董事会秘书",
      "期初持股数": "0",
      "期末持股数": "0",
      "间接持股数": "",
      "从公司获得年度报酬总额": "556600",
      "补贴津贴": "",
      "变动原因说明": "",
      "是否在股东或关联单位领取报酬津贴": "否",
      "在任与否": "是"
    },
    {
      "领导人姓名": "朱雪峰",
      "职位描述": "副总经理",
      "期初持股数": "0",
      "期末持股数": "0",
      "间接持股数": "",
      "从公司获得年度报酬总额": "556600",
      "补贴津贴": "",
      "变动原因说明": "",
      "是否在股东或关联单位领取报酬津贴": "否",
      "在任与否": "是"
    },
    {
      "领导人姓名": "张科伟",
      "职位描述": "副总经理",
      "期初持股数": "0",
      "期末持股数": "0",
      "间接持股数": "",
      "从公司获得年度报酬总额": "727700",
      "补贴津贴": "",
      "变动原因说明": "",
      "是否在股东或关联单位领取报酬津贴": "否",
      "在任与否": "是"
    },
    {
      "领导人姓名": "童琳",
      "职位描述": "财务总监",
      "期初持股数": "0",
      "期末持股数": "0",
      "间接持股数": "",
      "从公司获得年度报酬总额": "556600",
      "补贴津贴": "",
      "变动原因说明": "",
      "是否在股东或关联单位领取报酬津贴": "否",
      "在任与否": "是"
    },
    {
      "领导人姓名": "黄艳华",
      "职位描述": "技术研发部副部长、海装材料总师、核心技术人员",
      "期初持股数": "0",
      "期末持股数": "0",
      "间接持股数": "",
      "从公司获得年度报酬总额": "459700",
      "补贴津贴": "",
      "变动原因说明": "",
      "是否在股东或关联单位领取报酬津贴": "否",
      "在任与否": "是"
    },
    {
      "领导人姓名": "黄德超",
      "职位描述": "技术研发部副部长、飞机材料总师、核心技术人员",
      "期初持股数": "0",
      "期末持股数": "0",
      "间接持股数": "",
      "从公司获得年度报酬总额": "382400",
      "补贴津贴": "",
      "变动原因说明": "",
      "是否在股东或关联单位领取报酬津贴": "否",
      "在任与否": "是"
    }
  ]
}

=== 920299-2026-04-17-灿能电力-2025年年度报告.pdf ===
{
  "Leader_Salary_data": {
    "实际所得报酬总额起始": "",
    "实际所得报酬总额截止": "",
    "实际所得报酬总额涉及人数": ""
  },
  "Leader_Hold_data": [
    {
      "领导人姓名": "章晓敏",
      "职位描述": "董事长",
      "期初持股数": "14442631",
      "期末持股数": "14442631",
      "间接持股数": "",
      "从公司获得年度报酬总额": "435100",
      "补贴津贴": "",
      "变动原因说明": "",
      "是否在股东或关联单位领取报酬津贴": "否",
      "在任与否": "是"
    },
    {
      "领导人姓名": "林宇",
      "职位描述": "董事、总经理",
      "期初持股数": "9628325",
      "期末持股数": "9628325",
      "间接持股数": "",
      "从公司获得年度报酬总额": "522500",
      "补贴津贴": "",
      "变动原因说明": "",
      "是否在股东或关联单位领取报酬津贴": "否",
      "在任与否": "是"
    },
    {
      "领导人姓名": "金耘岭",
      "职位描述": "董事",
      "期初持股数": "9624080",
      "期末持股数": "9624080",
      "间接持股数": "",
      "从公司获得年度报酬总额": "408000",
      "补贴津贴": "",
      "变动原因说明": "",
      "是否在股东或关联单位领取报酬津贴": "否",
      "在任与否": "是"
    },
    {
      "领导人姓名": "朱伟立",
      "职位描述": "董事",
      "期初持股数": "3839329",
      "期末持股数": "3839329",
      "间接持股数": "",
      "从公司获得年度报酬总额": "405500",
      "补贴津贴": "",
      "变动原因说明": "",
      "是否在股东或关联单位领取报酬津贴": "否",
      "在任与否": "是"
    },
    {
      "领导人姓名": "姚东方",
      "职位描述": "副总经理",
      "期初持股数": "2023734",
      "期末持股数": "2023734",
      "间接持股数": "",
      "从公司获得年度报酬总额": "491500",
      "补贴津贴": "",
      "变动原因说明": "",
      "是否在股东或关联单位领取报酬津贴": "否",
      "在任与否": "是"
    },
    {
      "领导人姓名": "李远扬",
      "职位描述": "独立董事",
      "期初持股数": "0",
      "期末持股数": "0",
      "间接持股数": "",
      "从公司获得年度报酬总额": "60000",
      "补贴津贴": "60000",
      "变动原因说明": "",
      "是否在股东或关联单位领取报酬津贴": "否",
      "在任与否": "是"
    },
    {
      "领导人姓名": "吴斌",
      "职位描述": "独立董事",
      "期初持股数": "0",
      "期末持股数": "0",
      "间接持股数": "",
      "从公司获得年度报酬总额": "60000",
      "补贴津贴": "60000",
      "变动原因说明": "",
      "是否在股东或关联单位领取报酬津贴": "否",
      "在任与否": "是"
    },
    {
      "领导人姓名": "翟宁",
      "职位描述": "董事会秘书、副总经理",
      "期初持股数": "1389133",
      "期末持股数": "1389133",
      "间接持股数": "",
      "从公司获得年度报酬总额": "410400",
      "补贴津贴": "",
      "变动原因说明": "",
      "是否在股东或关联单位领取报酬津贴": "否",
      "在任与否": "是"
    },
    {
      "领导人姓名": "刘静",
      "职位描述": "财务负责人",
      "期初持股数": "409216",
      "期末持股数": "409216",
      "间接持股数": "",
      "从公司获得年度报酬总额": "291600",
      "补贴津贴": "",
      "变动原因说明": "",
      "是否在股东或关联单位领取报酬津贴": "否",
      "在任与否": "是"
    }
  ]
}

=== 920802-2026-04-17-保丽洁-2025年年度报告.pdf ===
{
  "Leader_Salary_data": {
    "实际所得报酬总额起始": "",
    "实际所得报酬总额截止": "",
    "实际所得报酬总额涉及人数": ""
  },
  "Leader_Hold_data": [
    {
      "领导人姓名": "钱振清",
      "职位描述": "董事长、总经理",
      "期初持股数": "24704400",
      "期末持股数": "32115720",
      "间接持股数": "",
      "从公司获得年度报酬总额": "512000",
      "补贴津贴": "",
      "变动原因说明": "",
      "是否在股东或关联单位领取报酬津贴": "否",
      "在任与否": "是"
    },
    {
      "领导人姓名": "冯亚东",
      "职位描述": "董事",
      "期初持股数": "14504982",
      "期末持股数": "18856477",
      "间接持股数": "",
      "从公司获得年度报酬总额": "210000",
      "补贴津贴": "",
      "变动原因说明": "",
      "是否在股东或关联单位领取报酬津贴": "否",
      "在任与否": "是"
    },
    {
      "领导人姓名": "蒋敏明",
      "职位描述": "董事",
      "期初持股数": "",
      "期末持股数": "",
      "间接持股数": "",
      "从公司获得年度报酬总额": "265800",
      "补贴津贴": "",
      "变动原因说明": "",
      "是否在股东或关联单位领取报酬津贴": "否",
      "在任与否": "是"
    },
    {
      "领导人姓名": "钱震宇",
      "职位描述": "独立董事",
      "期初持股数": "",
      "期末持股数": "",
      "间接持股数": "",
      "从公司获得年度报酬总额": "50000",
      "补贴津贴": "",
      "变动原因说明": "",
      "是否在股东或关联单位领取报酬津贴": "否",
      "在任与否": "是"
    },
    {
      "领导人姓名": "孙秀英",
      "职位描述": "独立董事",
      "期初持股数": "",
      "期末持股数": "",
      "间接持股数": "",
      "从公司获得年度报酬总额": "50000",
      "补贴津贴": "",
      "变动原因说明": "",
      "是否在股东或关联单位领取报酬津贴": "否",
      "在任与否": "是"
    },
    {
      "领导人姓名": "宋李兵",
      "职位描述": "董事会秘书、副总经理、财务总监",
      "期初持股数": "900000",
      "期末持股数": "1170000",
      "间接持股数": "",
      "从公司获得年度报酬总额": "491000",
      "补贴津贴": "",
      "变动原因说明": "",
      "是否在股东或关联单位领取报酬津贴": "否",
      "在任与否": "是"
    },
    {
      "领导人姓名": "冯贤",
      "职位描述": "副总经理",
      "期初持股数": "1000000",
      "期末持股数": "1300000",
      "间接持股数": "",
      "从公司获得年度报酬总额": "529200",
      "补贴津贴": "",
      "变动原因说明": "",
      "是否在股东或关联单位领取报酬津贴": "否",
      "在任与否": "是"
    }
  ]
}

=== 688665-2026-04-18-四方光电-四方光电2025年年度报告.pdf ===
{
  "Leader_Salary_data": {
    "实际所得报酬总额起始": "13483900",
    "实际所得报酬总额截止": "13483900",
    "实际所得报酬总额涉及人数": ""
  },
  "Leader_Hold_data": [
    {
      "领导人姓名": "熊友辉",
      "职位描述": "董事长、总裁、核心技术人员",
      "期初持股数": "0",
      "期末持股数": "42900",
      "间接持股数": "",
      "从公司获得年度报酬总额": "1199900",
      "补贴津贴": "",
      "变动原因说明": "股权激励归属",
      "是否在股东或关联单位领取报酬津贴": "否",
      "在任与否": "是"
    },
    {
      "领导人姓名": "刘志强",
      "职位描述": "副董事长、副总裁、核心技术人员、总经理",
      "期初持股数": "62043",
      "期末持股数": "104943",
      "间接持股数": "",
      "从公司获得年度报酬总额": "947400",
      "补贴津贴": "",
      "变动原因说明": "股权激励归属",
      "是否在股东或关联单位领取报酬津贴": "否",
      "在任与否": "是"
    },
    {
      "领导人姓名": "董宇",
      "职位描述": "董事",
      "期初持股数": "47028",
      "期末持股数": "47028",
      "间接持股数": "",
      "从公司获得年度报酬总额": "108000",
      "补贴津贴": "",
      "变动原因说明": "无",
      "是否在股东或关联单位领取报酬津贴": "是",
      "在任与否": "是"
    },
    {
      "领导人姓名": "许贤泽",
      "职位描述": "独立董事",
      "期初持股数": "0",
      "期末持股数": "0",
      "间接持股数": "",
      "从公司获得年度报酬总额": "64700",
      "补贴津贴": "",
      "变动原因说明": "无",
      "是否在股东或关联单位领取报酬津贴": "否",
      "在任与否": "否"
    },
    {
      "领导人姓名": "颜莉",
      "职位描述": "独立董事",
      "期初持股数": "0",
      "期末持股数": "0",
      "间接持股数": "",
      "从公司获得年度报酬总额": "64700",
      "补贴津贴": "",
      "变动原因说明": "无",
      "是否在股东或关联单位领取报酬津贴": "否",
      "在任与否": "否"
    },
    {
      "领导人姓名": "何涛",
      "职位描述": "独立董事、核心技术人员",
      "期初持股数": "0",
      "期末持股数": "0",
      "间接持股数": "",
      "从公司获得年度报酬总额": "867100",
      "补贴津贴": "",
      "变动原因说明": "无",
      "是否在股东或关联单位领取报酬津贴": "否",
      "在任与否": "是"
    },
    {
      "领导人姓名": "张千帆",
      "职位描述": "独立董事",
      "期初持股数": "0",
      "期末持股数": "0",
      "间接持股数": "",
      "从公司获得年度报酬总额": "43300",
      "补贴津贴": "",
      "变动原因说明": "无",
      "是否在股东或关联单位领取报酬津贴": "否",
      "在任与否": "是"
    },
    {
      "领导人姓名": "夏喆",
      "职位描述": "独立董事",
      "期初持股数": "0",
      "期末持股数": "0",
      "间接持股数": "",
      "从公司获得年度报酬总额": "43300",
      "补贴津贴": "",
      "变动原因说明": "无",
      "是否在股东或关联单位领取报酬津贴": "否",
      "在任与否": "是"
    },
    {
      "领导人姓名": "龙舟",
      "职位描述": "职工代表董事",
      "期初持股数": "0",
      "期末持股数": "0",
      "间接持股数": "",
      "从公司获得年度报酬总额": "463300",
      "补贴津贴": "",
      "变动原因说明": "股权激励归属、二级市场买卖",
      "是否在股东或关联单位领取报酬津贴": "否",
      "在任与否": "是"
    },
    {
      "领导人姓名": "石平静",
      "职位描述": "副总裁、核心技术人员、监事会主席",
      "期初持股数": "0",
      "期末持股数": "0",
      "间接持股数": "",
      "从公司获得年度报酬总额": "1061000",
      "补贴津贴": "",
      "变动原因说明": "",
      "是否在股东或关联单位领取报酬津贴": "否",
      "在任与否": "是"
    },
    {
      "领导人姓名": "肖进华",
      "职位描述": "副总裁",
      "期初持股数": "0",
      "期末持股数": "17160",
      "间接持股数": "",
      "从公司获得年度报酬总额": "810200",
      "补贴津贴": "",
      "变动原因说明": "股权激励归属",
      "是否在股东或关联单位领取报酬津贴": "否",
      "在任与否": "是"
    },
    {
      "领导人姓名": "董鹏举",
      "职位描述": "副总裁",
      "期初持股数": "0",
      "期末持股数": "17160",
      "间接持股数": "",
      "从公司获得年度报酬总额": "514200",
      "补贴津贴": "",
      "变动原因说明": "股权激励归属",
      "是否在股东或关联单位领取报酬津贴": "否",
      "在任与否": "是"
    },
    {
      "领导人姓名": "童琳",
      "职位描述": "副总裁",
      "期初持股数": "250250",
      "期末持股数": "267410",
      "间接持股数": "",
      "从公司获得年度报酬总额": "1431100",
      "补贴津贴": "",
      "变动原因说明": "股权激励归属",
      "是否在股东或关联单位领取报酬津贴": "否",
      "在任与否": "是"
    },
    {
      "领导人姓名": "孔祥军",
      "职位描述": "副总裁",
      "期初持股数": "246260",
      "期末持股数": "263420",
      "间接持股数": "",
      "从公司获得年度报酬总额": "719200",
      "补贴津贴": "",
      "变动原因说明": "股权激励归属",
      "是否在股东或关联单位领取报酬津贴": "否",
      "在任与否": "是"
    },
    {
      "领导人姓名": "程玉姣",
      "职位描述": "董事会秘书、财务负责人",
      "期初持股数": "0",
      "期末持股数": "0",
      "间接持股数": "",
      "从公司获得年度报酬总额": "37100",
      "补贴津贴": "",
      "变动原因说明": "无",
      "是否在股东或关联单位领取报酬津贴": "否",
      "在任与否": "否"
    },
    {
      "领导人姓名": "陈子晗",
      "职位描述": "董事会秘书、财务负责人",
      "期初持股数": "0",
      "期末持股数": "0",
      "间接持股数": "",
      "从公司获得年度报酬总额": "449500",
      "补贴津贴": "",
      "变动原因说明": "无",
      "是否在股东或关联单位领取报酬津贴": "否",
      "在任与否": "是"
    },
    {
      "领导人姓名": "肖学武",
      "职位描述": "财务负责人",
      "期初持股数": "0",
      "期末持股数": "0",
      "间接持股数": "",
      "从公司获得年度报酬总额": "558300",
      "补贴津贴": "",
      "变动原因说明": "无",
      "是否在股东或关联单位领取报酬津贴": "否",
      "在任与否": "否"
    },
    {
      "领导人姓名": "敖鸣",
      "职位描述": "财务负责人",
      "期初持股数": "0",
      "期末持股数": "0",
      "间接持股数": "",
      "从公司获得年度报酬总额": "453300",
      "补贴津贴": "",
      "变动原因说明": "无",
      "是否在股东或关联单位领取报酬津贴": "否",
      "在任与否": "是"
    },
    {
      "领导人姓名": "吴俊",
      "职位描述": "核心技术人员",
      "期初持股数": "0",
      "期末持股数": "3100",
      "间接持股数": "",
      "从公司获得年度报酬总额": "373700",
      "补贴津贴": "",
      "变动原因说明": "股权激励归属、二级市场买卖",
      "是否在股东或关联单位领取报酬津贴": "否",
      "在任与否": "否"
    }
  ]
}

=== 688816-2026-04-18-易思维-2025年年度报告.pdf ===
{
  "Leader_Salary_data": {
    "实际所得报酬总额起始": "7354100",
    "实际所得报酬总额截止": "7354100",
    "实际所得报酬总额涉及人数": ""
  },
  "Leader_Hold_data": [
    {
      "领导人姓名": "郭寅",
      "职位描述": "董事长、总经理、核心技术人员",
      "期初持股数": "10034133",
      "期末持股数": "9200799",
      "间接持股数": "",
      "从公司获得年度报酬总额": "83700",
      "补贴津贴": "",
      "变动原因说明": "股权转让",
      "是否在股东或关联单位领取报酬津贴": "否",
      "在任与否": "是"
    },
    {
      "领导人姓名": "郭磊",
      "职位描述": "董事、副总经理、核心技术人员",
      "期初持股数": "2750583",
      "期末持股数": "2750583",
      "间接持股数": "",
      "从公司获得年度报酬总额": "570800",
      "补贴津贴": "",
      "变动原因说明": "",
      "是否在股东或关联单位领取报酬津贴": "否",
      "在任与否": "是"
    },
    {
      "领导人姓名": "尹仕斌",
      "职位描述": "董事、核心技术人员",
      "期初持股数": "2750570",
      "期末持股数": "2750570",
      "间接持股数": "",
      "从公司获得年度报酬总额": "571000",
      "补贴津贴": "",
      "变动原因说明": "",
      "是否在股东或关联单位领取报酬津贴": "否",
      "在任与否": "是"
    },
    {
      "领导人姓名": "庄洵",
      "职位描述": "职工代表董事、核心技术人员、董事",
      "期初持股数": "3002737",
      "期末持股数": "3002737",
      "间接持股数": "",
      "从公司获得年度报酬总额": "574800",
      "补贴津贴": "",
      "变动原因说明": "",
      "是否在股东或关联单位领取报酬津贴": "否",
      "在任与否": "是"
    },
    {
      "领导人姓名": "姚恺",
      "职位描述": "董事",
      "期初持股数": "0",
      "期末持股数": "0",
      "间接持股数": "",
      "从公司获得年度报酬总额": "0",
      "补贴津贴": "",
      "变动原因说明": "",
      "是否在股东或关联单位领取报酬津贴": "否",
      "在任与否": "是"
    },
    {
      "领导人姓名": "尹成厚",
      "职位描述": "董事",
      "期初持股数": "0",
      "期末持股数": "0",
      "间接持股数": "",
      "从公司获得年度报酬总额": "0",
      "补贴津贴": "",
      "变动原因说明": "",
      "是否在股东或关联单位领取报酬津贴": "否",
      "在任与否": "是"
    },
    {
      "领导人姓名": "阮殿波",
      "职位描述": "独立董事",
      "期初持股数": "0",
      "期末持股数": "0",
      "间接持股数": "",
      "从公司获得年度报酬总额": "80000",
      "补贴津贴": "80000",
      "变动原因说明": "",
      "是否在股东或关联单位领取报酬津贴": "否",
      "在任与否": "是"
    },
    {
      "领导人姓名": "李攀峰",
      "职位描述": "独立董事",
      "期初持股数": "0",
      "期末持股数": "0",
      "间接持股数": "",
      "从公司获得年度报酬总额": "80000",
      "补贴津贴": "80000",
      "变动原因说明": "",
      "是否在股东或关联单位领取报酬津贴": "否",
      "在任与否": "是"
    },
    {
      "领导人姓名": "谢树志",
      "职位描述": "独立董事",
      "期初持股数": "0",
      "期末持股数": "0",
      "间接持股数": "",
      "从公司获得年度报酬总额": "80000",
      "补贴津贴": "80000",
      "变动原因说明": "",
      "是否在股东或关联单位领取报酬津贴": "否",
      "在任与否": "是"
    },
    {
      "领导人姓名": "崔鹏飞",
      "职位描述": "财务负责人、董事会秘书",
      "期初持股数": "0",
      "期末持股数": "0",
      "间接持股数": "",
      "从公司获得年度报酬总额": "1051700",
      "补贴津贴": "",
      "变动原因说明": "",
      "是否在股东或关联单位领取报酬津贴": "否",
      "在任与否": "是"
    },
    {
      "领导人姓名": "肖亮",
      "职位描述": "副总经理",
      "期初持股数": "0",
      "期末持股数": "0",
      "间接持股数": "",
      "从公司获得年度报酬总额": "657000",
      "补贴津贴": "",
      "变动原因说明": "",
      "是否在股东或关联单位领取报酬津贴": "否",
      "在任与否": "是"
    },
    {
      "领导人姓名": "QIAN FENG（钱锋）",
      "职位描述": "核心技术人员",
      "期初持股数": "0",
      "期末持股数": "0",
      "间接持股数": "",
      "从公司获得年度报酬总额": "789800",
      "补贴津贴": "",
      "变动原因说明": "",
      "是否在股东或关联单位领取报酬津贴": "否",
      "在任与否": "是"
    },
    {
      "领导人姓名": "吕猛",
      "职位描述": "核心技术人员",
      "期初持股数": "0",
      "期末持股数": "0",
      "间接持股数": "",
      "从公司获得年度报酬总额": "719400",
      "补贴津贴": "",
      "变动原因说明": "",
      "是否在股东或关联单位领取报酬津贴": "否",
      "在任与否": "是"
    },
    {
      "领导人姓名": "方伯瀚",
      "职位描述": "董事",
      "期初持股数": "0",
      "期末持股数": "0",
      "间接持股数": "",
      "从公司获得年度报酬总额": "0",
      "补贴津贴": "",
      "变动原因说明": "",
      "是否在股东或关联单位领取报酬津贴": "否",
      "在任与否": "否"
    },
    {
      "领导人姓名": "周雷",
      "职位描述": "副总经理",
      "期初持股数": "0",
      "期末持股数": "0",
      "间接持股数": "",
      "从公司获得年度报酬总额": "295400",
      "补贴津贴": "",
      "变动原因说明": "",
      "是否在股东或关联单位领取报酬津贴": "否",
      "在任与否": "否"
    }
  ]
}

=== 688646-2026-04-18-ST逸飞-逸飞激光2024年年度报告（更正后）.pdf ===
{
  "Leader_Salary_data": {
    "实际所得报酬总额起始": "4722900",
    "实际所得报酬总额截止": "4722900",
    "实际所得报酬总额涉及人数": ""
  },
  "Leader_Hold_data": [
    {
      "领导人姓名": "吴轩",
      "职位描述": "董事长、总经理、核心技术员",
      "期初持股数": "24429080",
      "期末持股数": "24429080",
      "间接持股数": "",
      "从公司获得年度报酬总额": "467300",
      "补贴津贴": "",
      "变动原因说明": "",
      "是否在股东或关联单位领取报酬津贴": "否",
      "在任与否": "是"
    },
    {
      "领导人姓名": "王树",
      "职位描述": "董事、副总经理、财务总监",
      "期初持股数": "654480",
      "期末持股数": "654480",
      "间接持股数": "",
      "从公司获得年度报酬总额": "453000",
      "补贴津贴": "",
      "变动原因说明": "",
      "是否在股东或关联单位领取报酬津贴": "否",
      "在任与否": "是"
    },
    {
      "领导人姓名": "冉昌林",
      "职位描述": "董事、副总经理、核心技术员",
      "期初持股数": "0",
      "期末持股数": "0",
      "间接持股数": "",
      "从公司获得年度报酬总额": "402900",
      "补贴津贴": "",
      "变动原因说明": "",
      "是否在股东或关联单位领取报酬津贴": "否",
      "在任与否": "是"
    },
    {
      "领导人姓名": "丛长波",
      "职位描述": "董事",
      "期初持股数": "0",
      "期末持股数": "0",
      "间接持股数": "",
      "从公司获得年度报酬总额": "341500",
      "补贴津贴": "",
      "变动原因说明": "",
      "是否在股东或关联单位领取报酬津贴": "否",
      "在任与否": "是"
    },
    {
      "领导人姓名": "张三胜",
      "职位描述": "董事",
      "期初持股数": "0",
      "期末持股数": "0",
      "间接持股数": "",
      "从公司获得年度报酬总额": "176200",
      "补贴津贴": "",
      "变动原因说明": "",
      "是否在股东或关联单位领取报酬津贴": "否",
      "在任与否": "是"
    },
    {
      "领导人姓名": "赵来根",
      "职位描述": "董事、副总经理",
      "期初持股数": "0",
      "期末持股数": "378401",
      "间接持股数": "",
      "从公司获得年度报酬总额": "106700",
      "补贴津贴": "",
      "变动原因说明": "二级市场买卖",
      "是否在股东或关联单位领取报酬津贴": "否",
      "在任与否": "是"
    },
    {
      "领导人姓名": "邵泽宁",
      "职位描述": "独立董事",
      "期初持股数": "0",
      "期末持股数": "0",
      "间接持股数": "",
      "从公司获得年度报酬总额": "80000",
      "补贴津贴": "",
      "变动原因说明": "",
      "是否在股东或关联单位领取报酬津贴": "否",
      "在任与否": "是"
    },
    {
      "领导人姓名": "潘红波",
      "职位描述": "独立董事",
      "期初持股数": "0",
      "期末持股数": "0",
      "间接持股数": "",
      "从公司获得年度报酬总额": "80000",
      "补贴津贴": "",
      "变动原因说明": "",
      "是否在股东或关联单位领取报酬津贴": "否",
      "在任与否": "是"
    },
    {
      "领导人姓名": "杨克成",
      "职位描述": "独立董事",
      "期初持股数": "0",
      "期末持股数": "0",
      "间接持股数": "",
      "从公司获得年度报酬总额": "80000",
      "补贴津贴": "",
      "变动原因说明": "",
      "是否在股东或关联单位领取报酬津贴": "否",
      "在任与否": "是"
    },
    {
      "领导人姓名": "顾弘",
      "职位描述": "董事",
      "期初持股数": "0",
      "期末持股数": "0",
      "间接持股数": "",
      "从公司获得年度报酬总额": "",
      "补贴津贴": "",
      "变动原因说明": "",
      "是否在股东或关联单位领取报酬津贴": "是",
      "在任与否": "否"
    },
    {
      "领导人姓名": "郭敏",
      "职位描述": "董事",
      "期初持股数": "0",
      "期末持股数": "0",
      "间接持股数": "",
      "从公司获得年度报酬总额": "",
      "补贴津贴": "",
      "变动原因说明": "",
      "是否在股东或关联单位领取报酬津贴": "是",
      "在任与否": "否"
    },
    {
      "领导人姓名": "王颖超",
      "职位描述": "监事会主席",
      "期初持股数": "0",
      "期末持股数": "0",
      "间接持股数": "",
      "从公司获得年度报酬总额": "209500",
      "补贴津贴": "",
      "变动原因说明": "",
      "是否在股东或关联单位领取报酬津贴": "否",
      "在任与否": "是"
    },
    {
      "领导人姓名": "周叶",
      "职位描述": "监事",
      "期初持股数": "0",
      "期末持股数": "0",
      "间接持股数": "",
      "从公司获得年度报酬总额": "265900",
      "补贴津贴": "",
      "变动原因说明": "",
      "是否在股东或关联单位领取报酬津贴": "否",
      "在任与否": "是"
    },
    {
      "领导人姓名": "曾伟明",
      "职位描述": "职工监事",
      "期初持股数": "0",
      "期末持股数": "0",
      "间接持股数": "",
      "从公司获得年度报酬总额": "289800",
      "补贴津贴": "",
      "变动原因说明": "",
      "是否在股东或关联单位领取报酬津贴": "否",
      "在任与否": "是"
    },
    {
      "领导人姓名": "向玉枝",
      "职位描述": "副总经理",
      "期初持股数": "0",
      "期末持股数": "0",
      "间接持股数": "",
      "从公司获得年度报酬总额": "328700",
      "补贴津贴": "",
      "变动原因说明": "",
      "是否在股东或关联单位领取报酬津贴": "否",
      "在任与否": "是"
    },
    {
      "领导人姓名": "曹卫斌",
      "职位描述": "董事会秘书、副总经理",
      "期初持股数": "34920",
      "期末持股数": "34920",
      "间接持股数": "",
      "从公司获得年度报酬总额": "391900",
      "补贴津贴": "",
      "变动原因说明": "",
      "是否在股东或关联单位领取报酬津贴": "否",
      "在任与否": "是"
    },
    {
      "领导人姓名": "熊五岳",
      "职位描述": "核心技术员",
      "期初持股数": "1193640",
      "期末持股数": "1193640",
      "间接持股数": "",
      "从公司获得年度报酬总额": "188800",
      "补贴津贴": "",
      "变动原因说明": "",
      "是否在股东或关联单位领取报酬津贴": "否",
      "在任与否": "是"
    },
    {
      "领导人姓名": "程从贵",
      "职位描述": "核心技术员",
      "期初持股数": "0",
      "期末持股数": "0",
      "间接持股数": "",
      "从公司获得年度报酬总额": "126900",
      "补贴津贴": "",
      "变动原因说明": "",
      "是否在股东或关联单位领取报酬津贴": "否",
      "在任与否": "否"
    },
    {
      "领导人姓名": "雷波",
      "职位描述": "核心技术员",
      "期初持股数": "0",
      "期末持股数": "0",
      "间接持股数": "",
      "从公司获得年度报酬总额": "290800",
      "补贴津贴": "",
      "变动原因说明": "",
      "是否在股东或关联单位领取报酬津贴": "否",
      "在任与否": "是"
    },
    {
      "领导人姓名": "孟昌",
      "职位描述": "核心技术员",
      "期初持股数": "0",
      "期末持股数": "0",
      "间接持股数": "",
      "从公司获得年度报酬总额": "252300",
      "补贴津贴": "",
      "变动原因说明": "",
      "是否在股东或关联单位领取报酬津贴": "否",
      "在任与否": "是"
    },
    {
      "领导人姓名": "余凤",
      "职位描述": "核心技术员",
      "期初持股数": "0",
      "期末持股数": "0",
      "间接持股数": "",
      "从公司获得年度报酬总额": "190700",
      "补贴津贴": "",
      "变动原因说明": "",
      "是否在股东或关联单位领取报酬津贴": "否",
      "在任与否": "是"
    }
  ]
}

=== 920208-2026-04-17-青矩技术-2025年年度报告.pdf ===
{
  "Leader_Salary_data": {
    "实际所得报酬总额起始": "",
    "实际所得报酬总额截止": "",
    "实际所得报酬总额涉及人数": ""
  },
  "Leader_Hold_data": [
    {
      "领导人姓名": "张超",
      "职位描述": "董事长",
      "期初持股数": "4279176",
      "期末持股数": "5990847",
      "间接持股数": "",
      "从公司获得年度报酬总额": "2389600",
      "补贴津贴": "",
      "变动原因说明": "",
      "是否在股东或关联单位领取报酬津贴": "否",
      "在任与否": "是"
    },
    {
      "领导人姓名": "徐万启",
      "职位描述": "董事、总裁",
      "期初持股数": "842240",
      "期末持股数": "1179136",
      "间接持股数": "",
      "从公司获得年度报酬总额": "2373400",
      "补贴津贴": "",
      "变动原因说明": "",
      "是否在股东或关联单位领取报酬津贴": "否",
      "在任与否": "是"
    },
    {
      "领导人姓名": "杨林栋",
      "职位描述": "副董事长、副总裁、董秘",
      "期初持股数": "727075",
      "期末持股数": "1017905",
      "间接持股数": "",
      "从公司获得年度报酬总额": "1359400",
      "补贴津贴": "",
      "变动原因说明": "",
      "是否在股东或关联单位领取报酬津贴": "否",
      "在任与否": "是"
    },
    {
      "领导人姓名": "鲍立功",
      "职位描述": "董事、副总裁",
      "期初持股数": "3152128",
      "期末持股数": "4412979",
      "间接持股数": "",
      "从公司获得年度报酬总额": "1403200",
      "补贴津贴": "",
      "变动原因说明": "",
      "是否在股东或关联单位领取报酬津贴": "否",
      "在任与否": "是"
    },
    {
      "领导人姓名": "谭宪才",
      "职位描述": "董事",
      "期初持股数": "7050000",
      "期末持股数": "10010000",
      "间接持股数": "",
      "从公司获得年度报酬总额": "70900",
      "补贴津贴": "",
      "变动原因说明": "",
      "是否在股东或关联单位领取报酬津贴": "否",
      "在任与否": "是"
    },
    {
      "领导人姓名": "刘魁星",
      "职位描述": "独立董事",
      "期初持股数": "",
      "期末持股数": "",
      "间接持股数": "",
      "从公司获得年度报酬总额": "111900",
      "补贴津贴": "",
      "变动原因说明": "",
      "是否在股东或关联单位领取报酬津贴": "否",
      "在任与否": "是"
    },
    {
      "领导人姓名": "黄松芳",
      "职位描述": "独立董事",
      "期初持股数": "",
      "期末持股数": "",
      "间接持股数": "",
      "从公司获得年度报酬总额": "70900",
      "补贴津贴": "",
      "变动原因说明": "",
      "是否在股东或关联单位领取报酬津贴": "否",
      "在任与否": "是"
    },
    {
      "领导人姓名": "虞东侠",
      "职位描述": "独立董事",
      "期初持股数": "",
      "期末持股数": "",
      "间接持股数": "",
      "从公司获得年度报酬总额": "70900",
      "补贴津贴": "",
      "变动原因说明": "",
      "是否在股东或关联单位领取报酬津贴": "否",
      "在任与否": "是"
    },
    {
      "领导人姓名": "何萌",
      "职位描述": "独立董事",
      "期初持股数": "",
      "期末持股数": "",
      "间接持股数": "",
      "从公司获得年度报酬总额": "70900",
      "补贴津贴": "",
      "变动原因说明": "",
      "是否在股东或关联单位领取报酬津贴": "否",
      "在任与否": "是"
    },
    {
      "领导人姓名": "严明奇",
      "职位描述": "职工代表董事",
      "期初持股数": "78788",
      "期末持股数": "89572",
      "间接持股数": "",
      "从公司获得年度报酬总额": "1480300",
      "补贴津贴": "",
      "变动原因说明": "",
      "是否在股东或关联单位领取报酬津贴": "否",
      "在任与否": "是"
    },
    {
      "领导人姓名": "芮鹏飞",
      "职位描述": "副总裁",
      "期初持股数": "142600",
      "期末持股数": "137200",
      "间接持股数": "",
      "从公司获得年度报酬总额": "854500",
      "补贴津贴": "",
      "变动原因说明": "",
      "是否在股东或关联单位领取报酬津贴": "否",
      "在任与否": "是"
    },
    {
      "领导人姓名": "秦溪",
      "职位描述": "财务负责人",
      "期初持股数": "50000",
      "期末持股数": "42000",
      "间接持股数": "",
      "从公司获得年度报酬总额": "727000",
      "补贴津贴": "",
      "变动原因说明": "",
      "是否在股东或关联单位领取报酬津贴": "否",
      "在任与否": "是"
    },
    {
      "领导人姓名": "陈永宏",
      "职位描述": "董事",
      "期初持股数": "11340000",
      "期末持股数": "15876000",
      "间接持股数": "",
      "从公司获得年度报酬总额": "77500",
      "补贴津贴": "",
      "变动原因说明": "",
      "是否在股东或关联单位领取报酬津贴": "否",
      "在任与否": "否"
    },
    {
      "领导人姓名": "宋建中",
      "职位描述": "独立董事",
      "期初持股数": "",
      "期末持股数": "",
      "间接持股数": "",
      "从公司获得年度报酬总额": "41000",
      "补贴津贴": "",
      "变动原因说明": "",
      "是否在股东或关联单位领取报酬津贴": "否",
      "在任与否": "否"
    },
    {
      "领导人姓名": "杨德林",
      "职位描述": "独立董事",
      "期初持股数": "",
      "期末持股数": "",
      "间接持股数": "",
      "从公司获得年度报酬总额": "41000",
      "补贴津贴": "",
      "变动原因说明": "",
      "是否在股东或关联单位领取报酬津贴": "否",
      "在任与否": "否"
    },
    {
      "领导人姓名": "肖红英",
      "职位描述": "独立董事",
      "期初持股数": "",
      "期末持股数": "",
      "间接持股数": "",
      "从公司获得年度报酬总额": "41000",
      "补贴津贴": "",
      "变动原因说明": "",
      "是否在股东或关联单位领取报酬津贴": "否",
      "在任与否": "否"
    }
  ]
}

=== 688579-2026-04-18-地纬智能-地纬智能2025年年度报告.pdf ===
{
  "Leader_Salary_data": {
    "实际所得报酬总额起始": "10302200",
    "实际所得报酬总额截止": "10302200",
    "实际所得报酬总额涉及人数": ""
  },
  "Leader_Hold_data": [
    {
      "领导人姓名": "隋进浩",
      "职位描述": "党委书记、董事长",
      "期初持股数": "",
      "期末持股数": "",
      "间接持股数": "",
      "从公司获得年度报酬总额": "0",
      "补贴津贴": "",
      "变动原因说明": "",
      "是否在股东或关联单位领取报酬津贴": "是",
      "在任与否": "是"
    },
    {
      "领导人姓名": "史玉良",
      "职位描述": "党委副书记、董事、总裁、执行委员会主任、核心技术人员",
      "期初持股数": "",
      "期末持股数": "",
      "间接持股数": "900000",
      "从公司获得年度报酬总额": "2184000",
      "补贴津贴": "",
      "变动原因说明": "",
      "是否在股东或关联单位领取报酬津贴": "否",
      "在任与否": "是"
    },
    {
      "领导人姓名": "李绍伟",
      "职位描述": "董事",
      "期初持股数": "",
      "期末持股数": "",
      "间接持股数": "",
      "从公司获得年度报酬总额": "0",
      "补贴津贴": "",
      "变动原因说明": "",
      "是否在股东或关联单位领取报酬津贴": "是",
      "在任与否": "是"
    },
    {
      "领导人姓名": "栗剑",
      "职位描述": "董事",
      "期初持股数": "",
      "期末持股数": "",
      "间接持股数": "",
      "从公司获得年度报酬总额": "0",
      "补贴津贴": "",
      "变动原因说明": "",
      "是否在股东或关联单位领取报酬津贴": "是",
      "在任与否": "是"
    },
    {
      "领导人姓名": "张晖",
      "职位描述": "董事、执行委员会委员、董事会秘书（离任）",
      "期初持股数": "",
      "期末持股数": "",
      "间接持股数": "170920",
      "从公司获得年度报酬总额": "1096000",
      "补贴津贴": "",
      "变动原因说明": "",
      "是否在股东或关联单位领取报酬津贴": "否",
      "在任与否": "是"
    },
    {
      "领导人姓名": "孙明",
      "职位描述": "职工董事、工会副主席、核心技术人员、高级副总裁（离任）、财务总监（离任）",
      "期初持股数": "6294048",
      "期末持股数": "6294048",
      "间接持股数": "",
      "从公司获得年度报酬总额": "624000",
      "补贴津贴": "",
      "变动原因说明": "",
      "是否在股东或关联单位领取报酬津贴": "否",
      "在任与否": "是"
    },
    {
      "领导人姓名": "朱磊",
      "职位描述": "独立董事",
      "期初持股数": "",
      "期末持股数": "",
      "间接持股数": "",
      "从公司获得年度报酬总额": "0",
      "补贴津贴": "",
      "变动原因说明": "",
      "是否在股东或关联单位领取报酬津贴": "否",
      "在任与否": "是"
    },
    {
      "领导人姓名": "赵业增",
      "职位描述": "独立董事",
      "期初持股数": "",
      "期末持股数": "",
      "间接持股数": "",
      "从公司获得年度报酬总额": "0",
      "补贴津贴": "",
      "变动原因说明": "",
      "是否在股东或关联单位领取报酬津贴": "否",
      "在任与否": "是"
    },
    {
      "领导人姓名": "任崇广",
      "职位描述": "独立董事",
      "期初持股数": "",
      "期末持股数": "",
      "间接持股数": "",
      "从公司获得年度报酬总额": "0",
      "补贴津贴": "",
      "变动原因说明": "",
      "是否在股东或关联单位领取报酬津贴": "否",
      "在任与否": "是"
    },
    {
      "领导人姓名": "刘嘉丽",
      "职位描述": "党委委员、财务总监",
      "期初持股数": "",
      "期末持股数": "",
      "间接持股数": "",
      "从公司获得年度报酬总额": "0",
      "补贴津贴": "",
      "变动原因说明": "",
      "是否在股东或关联单位领取报酬津贴": "是",
      "在任与否": "是"
    },
    {
      "领导人姓名": "李思堃",
      "职位描述": "党委委员、董事会秘书",
      "期初持股数": "",
      "期末持股数": "",
      "间接持股数": "",
      "从公司获得年度报酬总额": "0",
      "补贴津贴": "",
      "变动原因说明": "",
      "是否在股东或关联单位领取报酬津贴": "是",
      "在任与否": "是"
    },
    {
      "领导人姓名": "洪晓光",
      "职位描述": "高级副总裁、核心技术人员、董事、执行委员会委员（离任）",
      "期初持股数": "14064192",
      "期末持股数": "14064192",
      "间接持股数": "",
      "从公司获得年度报酬总额": "800000",
      "补贴津贴": "",
      "变动原因说明": "",
      "是否在股东或关联单位领取报酬津贴": "否",
      "在任与否": "是"
    },
    {
      "领导人姓名": "于秋波",
      "职位描述": "执行委员会委员（离任）、高级副总裁",
      "期初持股数": "",
      "期末持股数": "",
      "间接持股数": "121040",
      "从公司获得年度报酬总额": "660000",
      "补贴津贴": "",
      "变动原因说明": "",
      "是否在股东或关联单位领取报酬津贴": "否",
      "在任与否": "是"
    },
    {
      "领导人姓名": "王新军",
      "职位描述": "党委委员、工会主席、核心技术人员",
      "期初持股数": "13950040",
      "期末持股数": "13950040",
      "间接持股数": "",
      "从公司获得年度报酬总额": "800000",
      "补贴津贴": "",
      "变动原因说明": "",
      "是否在股东或关联单位领取报酬津贴": "否",
      "在任与否": "是"
    },
    {
      "领导人姓名": "郑永清",
      "职位描述": "名誉董事长、核心技术人员、党委书记（离任）、董事长、执行委员会主任（离任）",
      "期初持股数": "14042688",
      "期末持股数": "14042688",
      "间接持股数": "",
      "从公司获得年度报酬总额": "800000",
      "补贴津贴": "",
      "变动原因说明": "",
      "是否在股东或关联单位领取报酬津贴": "否",
      "在任与否": "是"
    },
    {
      "领导人姓名": "李庆忠",
      "职位描述": "首席科学家、核心技术人员、董事、名誉董事长（离任）",
      "期初持股数": "13610344",
      "期末持股数": "13610344",
      "间接持股数": "",
      "从公司获得年度报酬总额": "800000",
      "补贴津贴": "",
      "变动原因说明": "",
      "是否在股东或关联单位领取报酬津贴": "否",
      "在任与否": "是"
    },
    {
      "领导人姓名": "张世栋",
      "职位描述": "核心技术人员",
      "期初持股数": "14018440",
      "期末持股数": "14018440",
      "间接持股数": "",
      "从公司获得年度报酬总额": "800000",
      "补贴津贴": "",
      "变动原因说明": "",
      "是否在股东或关联单位领取报酬津贴": "否",
      "在任与否": "是"
    },
    {
      "领导人姓名": "肖宗水",
      "职位描述": "核心技术人员（离任）、创新研究院院长",
      "期初持股数": "2386871",
      "期末持股数": "2386871",
      "间接持股数": "",
      "从公司获得年度报酬总额": "780000",
      "补贴津贴": "",
      "变动原因说明": "",
      "是否在股东或关联单位领取报酬津贴": "否",
      "在任与否": "否"
    },
    {
      "领导人姓名": "刘永新",
      "职位描述": "党委副书记（离任）、董事（离任）",
      "期初持股数": "",
      "期末持股数": "",
      "间接持股数": "",
      "从公司获得年度报酬总额": "718200",
      "补贴津贴": "",
      "变动原因说明": "",
      "是否在股东或关联单位领取报酬津贴": "否",
      "在任与否": "否"
    },
    {
      "领导人姓名": "张琦",
      "职位描述": "董事（离任)",
      "期初持股数": "",
      "期末持股数": "",
      "间接持股数": "",
      "从公司获得年度报酬总额": "0",
      "补贴津贴": "",
      "变动原因说明": "",
      "是否在股东或关联单位领取报酬津贴": "是",
      "在任与否": "否"
    },
    {
      "领导人姓名": "李文峰",
      "职位描述": "独立董事（离任)",
      "期初持股数": "",
      "期末持股数": "",
      "间接持股数": "",
      "从公司获得年度报酬总额": "60000",
      "补贴津贴": "",
      "变动原因说明": "",
      "是否在股东或关联单位领取报酬津贴": "否",
      "在任与否": "否"
    },
    {
      "领导人姓名": "王腾蛟",
      "职位描述": "独立董事（离任)",
      "期初持股数": "",
      "期末持股数": "",
      "间接持股数": "",
      "从公司获得年度报酬总额": "60000",
      "补贴津贴": "",
      "变动原因说明": "",
      "是否在股东或关联单位领取报酬津贴": "否",
      "在任与否": "否"
    },
    {
      "领导人姓名": "朱敬生",
      "职位描述": "独立董事（离任)",
      "期初持股数": "",
      "期末持股数": "",
      "间接持股数": "",
      "从公司获得年度报酬总额": "60000",
      "补贴津贴": "",
      "变动原因说明": "",
      "是否在股东或关联单位领取报酬津贴": "否",
      "在任与否": "否"
    },
    {
      "领导人姓名": "白明",
      "职位描述": "独立董事（离任)",
      "期初持股数": "",
      "期末持股数": "",
      "间接持股数": "",
      "从公司获得年度报酬总额": "60000",
      "补贴津贴": "",
      "变动原因说明": "",
      "是否在股东或关联单位领取报酬津贴": "否",
      "在任与否": "否"
    }
  ]
}

=== 920826-2026-04-17-盖世食品-2025年年度报告.pdf ===
{
  "Leader_Salary_data": {
    "实际所得报酬总额起始": "",
    "实际所得报酬总额截止": "",
    "实际所得报酬总额涉及人数": ""
  },
  "Leader_Hold_data": [
    {
      "领导人姓名": "盖泉泓",
      "职位描述": "董事长、总经理",
      "期初持股数": "10698092",
      "期末持股数": "10698092",
      "间接持股数": "",
      "从公司获得年度报酬总额": "517500",
      "补贴津贴": "",
      "变动原因说明": "",
      "是否在股东或关联单位领取报酬津贴": "否",
      "在任与否": "是"
    },
    {
      "领导人姓名": "YING JING",
      "职位描述": "董事",
      "期初持股数": "0",
      "期末持股数": "0",
      "间接持股数": "",
      "从公司获得年度报酬总额": "397100",
      "补贴津贴": "",
      "变动原因说明": "",
      "是否在股东或关联单位领取报酬津贴": "否",
      "在任与否": "是"
    },
    {
      "领导人姓名": "杨懿",
      "职位描述": "董事、董事会秘书",
      "期初持股数": "223163",
      "期末持股数": "293163",
      "间接持股数": "",
      "从公司获得年度报酬总额": "320000",
      "补贴津贴": "",
      "变动原因说明": "",
      "是否在股东或关联单位领取报酬津贴": "否",
      "在任与否": "是"
    },
    {
      "领导人姓名": "张金虎",
      "职位描述": "董事",
      "期初持股数": "0",
      "期末持股数": "70000",
      "间接持股数": "",
      "从公司获得年度报酬总额": "369900",
      "补贴津贴": "",
      "变动原因说明": "",
      "是否在股东或关联单位领取报酬津贴": "否",
      "在任与否": "是"
    },
    {
      "领导人姓名": "宋强",
      "职位描述": "董事",
      "期初持股数": "0",
      "期末持股数": "70000",
      "间接持股数": "",
      "从公司获得年度报酬总额": "279300",
      "补贴津贴": "",
      "变动原因说明": "",
      "是否在股东或关联单位领取报酬津贴": "否",
      "在任与否": "是"
    },
    {
      "领导人姓名": "王晓华",
      "职位描述": "董事",
      "期初持股数": "0",
      "期末持股数": "70000",
      "间接持股数": "",
      "从公司获得年度报酬总额": "341500",
      "补贴津贴": "",
      "变动原因说明": "",
      "是否在股东或关联单位领取报酬津贴": "否",
      "在任与否": "是"
    },
    {
      "领导人姓名": "徐学明",
      "职位描述": "独立董事",
      "期初持股数": "0",
      "期末持股数": "0",
      "间接持股数": "",
      "从公司获得年度报酬总额": "50000",
      "补贴津贴": "50000",
      "变动原因说明": "",
      "是否在股东或关联单位领取报酬津贴": "否",
      "在任与否": "是"
    },
    {
      "领导人姓名": "曹云锋",
      "职位描述": "独立董事",
      "期初持股数": "0",
      "期末持股数": "0",
      "间接持股数": "",
      "从公司获得年度报酬总额": "37500",
      "补贴津贴": "37500",
      "变动原因说明": "",
      "是否在股东或关联单位领取报酬津贴": "否",
      "在任与否": "是"
    },
    {
      "领导人姓名": "司旭",
      "职位描述": "独立董事",
      "期初持股数": "0",
      "期末持股数": "0",
      "间接持股数": "",
      "从公司获得年度报酬总额": "37500",
      "补贴津贴": "37500",
      "变动原因说明": "",
      "是否在股东或关联单位领取报酬津贴": "否",
      "在任与否": "是"
    },
    {
      "领导人姓名": "黄先锋",
      "职位描述": "财务负责人",
      "期初持股数": "0",
      "期末持股数": "70000",
      "间接持股数": "",
      "从公司获得年度报酬总额": "388300",
      "补贴津贴": "",
      "变动原因说明": "",
      "是否在股东或关联单位领取报酬津贴": "否",
      "在任与否": "是"
    },
    {
      "领导人姓名": "王盼盼",
      "职位描述": "董事",
      "期初持股数": "282491",
      "期末持股数": "242491",
      "间接持股数": "",
      "从公司获得年度报酬总额": "194100",
      "补贴津贴": "",
      "变动原因说明": "",
      "是否在股东或关联单位领取报酬津贴": "否",
      "在任与否": "否"
    },
    {
      "领导人姓名": "尹伟",
      "职位描述": "董事",
      "期初持股数": "371699",
      "期末持股数": "400736",
      "间接持股数": "",
      "从公司获得年度报酬总额": "117600",
      "补贴津贴": "",
      "变动原因说明": "",
      "是否在股东或关联单位领取报酬津贴": "否",
      "在任与否": "否"
    },
    {
      "领导人姓名": "曲炳壮",
      "职位描述": "董事",
      "期初持股数": "223020",
      "期末持股数": "134020",
      "间接持股数": "",
      "从公司获得年度报酬总额": "114500",
      "补贴津贴": "",
      "变动原因说明": "",
      "是否在股东或关联单位领取报酬津贴": "否",
      "在任与否": "否"
    },
    {
      "领导人姓名": "杨英锦",
      "职位描述": "独立董事",
      "期初持股数": "0",
      "期末持股数": "0",
      "间接持股数": "",
      "从公司获得年度报酬总额": "12500",
      "补贴津贴": "",
      "变动原因说明": "",
      "是否在股东或关联单位领取报酬津贴": "否",
      "在任与否": "否"
    },
    {
      "领导人姓名": "杨波",
      "职位描述": "独立董事",
      "期初持股数": "0",
      "期末持股数": "0",
      "间接持股数": "",
      "从公司获得年度报酬总额": "12500",
      "补贴津贴": "",
      "变动原因说明": "",
      "是否在股东或关联单位领取报酬津贴": "否",
      "在任与否": "否"
    }
  ]
}

=== 920870-2026-04-17-恒进感应-2025年年度报告.pdf ===
{
  "Leader_Salary_data": {
    "实际所得报酬总额起始": "",
    "实际所得报酬总额截止": "",
    "实际所得报酬总额涉及人数": ""
  },
  "Leader_Hold_data": [
    {
      "领导人姓名": "周祥成",
      "职位描述": "董事、董事长",
      "期初持股数": "46731200",
      "期末持股数": "46731200",
      "间接持股数": "",
      "从公司获得年度报酬总额": "661000",
      "补贴津贴": "",
      "变动原因说明": "",
      "是否在股东或关联单位领取报酬津贴": "否",
      "在任与否": "是"
    },
    {
      "领导人姓名": "万美华",
      "职位描述": "董事、总经理",
      "期初持股数": "43217600",
      "期末持股数": "43217600",
      "间接持股数": "",
      "从公司获得年度报酬总额": "532300",
      "补贴津贴": "",
      "变动原因说明": "",
      "是否在股东或关联单位领取报酬津贴": "否",
      "在任与否": "是"
    },
    {
      "领导人姓名": "贺猛",
      "职位描述": "董事、副总经理",
      "期初持股数": "",
      "期末持股数": "",
      "间接持股数": "",
      "从公司获得年度报酬总额": "455000",
      "补贴津贴": "",
      "变动原因说明": "",
      "是否在股东或关联单位领取报酬津贴": "否",
      "在任与否": "是"
    },
    {
      "领导人姓名": "万美坤",
      "职位描述": "董事、董事会秘书",
      "期初持股数": "714000",
      "期末持股数": "714000",
      "间接持股数": "",
      "从公司获得年度报酬总额": "379200",
      "补贴津贴": "",
      "变动原因说明": "",
      "是否在股东或关联单位领取报酬津贴": "否",
      "在任与否": "是"
    },
    {
      "领导人姓名": "施军",
      "职位描述": "独立董事",
      "期初持股数": "",
      "期末持股数": "",
      "间接持股数": "",
      "从公司获得年度报酬总额": "72000",
      "补贴津贴": "",
      "变动原因说明": "",
      "是否在股东或关联单位领取报酬津贴": "否",
      "在任与否": "是"
    },
    {
      "领导人姓名": "刘海生",
      "职位描述": "独立董事",
      "期初持股数": "",
      "期末持股数": "",
      "间接持股数": "",
      "从公司获得年度报酬总额": "72000",
      "补贴津贴": "",
      "变动原因说明": "",
      "是否在股东或关联单位领取报酬津贴": "否",
      "在任与否": "是"
    },
    {
      "领导人姓名": "赵茗",
      "职位描述": "独立董事",
      "期初持股数": "",
      "期末持股数": "",
      "间接持股数": "",
      "从公司获得年度报酬总额": "72000",
      "补贴津贴": "",
      "变动原因说明": "",
      "是否在股东或关联单位领取报酬津贴": "否",
      "在任与否": "是"
    },
    {
      "领导人姓名": "许璟靓",
      "职位描述": "监事、监事会主席",
      "期初持股数": "",
      "期末持股数": "",
      "间接持股数": "",
      "从公司获得年度报酬总额": "60100",
      "补贴津贴": "",
      "变动原因说明": "",
      "是否在股东或关联单位领取报酬津贴": "否",
      "在任与否": "否"
    },
    {
      "领导人姓名": "罗青松",
      "职位描述": "监事",
      "期初持股数": "",
      "期末持股数": "",
      "间接持股数": "",
      "从公司获得年度报酬总额": "73700",
      "补贴津贴": "",
      "变动原因说明": "",
      "是否在股东或关联单位领取报酬津贴": "否",
      "在任与否": "否"
    },
    {
      "领导人姓名": "向毅",
      "职位描述": "职工代表监事",
      "期初持股数": "",
      "期末持股数": "",
      "间接持股数": "",
      "从公司获得年度报酬总额": "116600",
      "补贴津贴": "",
      "变动原因说明": "",
      "是否在股东或关联单位领取报酬津贴": "否",
      "在任与否": "否"
    },
    {
      "领导人姓名": "周小燕",
      "职位描述": "财务总监",
      "期初持股数": "",
      "期末持股数": "",
      "间接持股数": "",
      "从公司获得年度报酬总额": "342400",
      "补贴津贴": "",
      "变动原因说明": "",
      "是否在股东或关联单位领取报酬津贴": "否",
      "在任与否": "是"
    },
    {
      "领导人姓名": "张云峰",
      "职位描述": "副总经理",
      "期初持股数": "",
      "期末持股数": "",
      "间接持股数": "",
      "从公司获得年度报酬总额": "330200",
      "补贴津贴": "",
      "变动原因说明": "",
      "是否在股东或关联单位领取报酬津贴": "否",
      "在任与否": "是"
    },
    {
      "领导人姓名": "李坤",
      "职位描述": "副总经理",
      "期初持股数": "",
      "期末持股数": "",
      "间接持股数": "",
      "从公司获得年度报酬总额": "320600",
      "补贴津贴": "",
      "变动原因说明": "",
      "是否在股东或关联单位领取报酬津贴": "否",
      "在任与否": "是"
    },
    {
      "领导人姓名": "朱立权",
      "职位描述": "董事",
      "期初持股数": "",
      "期末持股数": "",
      "间接持股数": "",
      "从公司获得年度报酬总额": "42200",
      "补贴津贴": "",
      "变动原因说明": "",
      "是否在股东或关联单位领取报酬津贴": "否",
      "在任与否": "否"
    }
  ]
}
