
=== 000534-2026-04-21-万泽股份-2025年年度报告.pdf ===
{
  "Leader_Salary_data": {
    "实际所得报酬总额起始": "",
    "实际所得报酬总额截止": "",
    "实际所得报酬总额涉及人数": ""
  },
  "Leader_Hold_data": [
    {
      "领导人姓名": "林伟光",
      "职位描述": "董事长",
      "期初持股数": "0",
      "期末持股数": "0",
      "间接持股数": "",
      "从公司获得年度报酬总额": "20200",
      "补贴津贴": "",
      "变动原因说明": "",
      "是否在股东或关联单位领取报酬津贴": "是",
      "在任与否": "是"
    },
    {
      "领导人姓名": "黄振光",
      "职位描述": "董事",
      "期初持股数": "375000",
      "期末持股数": "455000",
      "间接持股数": "",
      "从公司获得年度报酬总额": "577900",
      "补贴津贴": "",
      "变动原因说明": "2025年股权激励计划授予",
      "是否在股东或关联单位领取报酬津贴": "否",
      "在任与否": "是"
    },
    {
      "领导人姓名": "陈岚",
      "职位描述": "董事、总经理",
      "期初持股数": "790000",
      "期末持股数": "592500",
      "间接持股数": "",
      "从公司获得年度报酬总额": "637800",
      "补贴津贴": "",
      "变动原因说明": "集中竞价减持",
      "是否在股东或关联单位领取报酬津贴": "否",
      "在任与否": "是"
    },
    {
      "领导人姓名": "蔡勇峰",
      "职位描述": "董事、副总经理、董事会秘书",
      "期初持股数": "428000",
      "期末持股数": "531800",
      "间接持股数": "",
      "从公司获得年度报酬总额": "450300",
      "补贴津贴": "",
      "变动原因说明": "（1）2025年股权激励计划授予；（2）二级市场增持。",
      "是否在股东或关联单位领取报酬津贴": "否",
      "在任与否": "是"
    },
    {
      "领导人姓名": "任光明",
      "职位描述": "独立董事",
      "期初持股数": "0",
      "期末持股数": "0",
      "间接持股数": "",
      "从公司获得年度报酬总额": "100000",
      "补贴津贴": "",
      "变动原因说明": "",
      "是否在股东或关联单位领取报酬津贴": "否",
      "在任与否": "是"
    },
    {
      "领导人姓名": "李玉峰",
      "职位描述": "独立董事",
      "期初持股数": "0",
      "期末持股数": "0",
      "间接持股数": "",
      "从公司获得年度报酬总额": "100000",
      "补贴津贴": "",
      "变动原因说明": "",
      "是否在股东或关联单位领取报酬津贴": "否",
      "在任与否": "是"
    },
    {
      "领导人姓名": "王赫",
      "职位描述": "独立董事",
      "期初持股数": "0",
      "期末持股数": "0",
      "间接持股数": "",
      "从公司获得年度报酬总额": "0",
      "补贴津贴": "",
      "变动原因说明": "",
      "是否在股东或关联单位领取报酬津贴": "否",
      "在任与否": "是"
    },
    {
      "领导人姓名": "林丽云",
      "职位描述": "财务总监",
      "期初持股数": "250000",
      "期末持股数": "250000",
      "间接持股数": "",
      "从公司获得年度报酬总额": "392200",
      "补贴津贴": "",
      "变动原因说明": "",
      "是否在股东或关联单位领取报酬津贴": "否",
      "在任与否": "是"
    },
    {
      "领导人姓名": "虞熙春",
      "职位描述": "独立董事",
      "期初持股数": "0",
      "期末持股数": "0",
      "间接持股数": "",
      "从公司获得年度报酬总额": "100000",
      "补贴津贴": "",
      "变动原因说明": "",
      "是否在股东或关联单位领取报酬津贴": "否",
      "在任与否": "否"
    }
  ]
}

=== 000017-2026-04-21-深中华A-2025年年度报告.pdf ===
{
  "Leader_Salary_data": {
    "实际所得报酬总额起始": "",
    "实际所得报酬总额截止": "",
    "实际所得报酬总额涉及人数": ""
  },
  "Leader_Hold_data": [
    {
      "领导人姓名": "王胜洪",
      "职位描述": "董事长",
      "期初持股数": "0",
      "期末持股数": "0",
      "间接持股数": "",
      "从公司获得年度报酬总额": "686800",
      "补贴津贴": "",
      "变动原因说明": "",
      "是否在股东或关联单位领取报酬津贴": "否",
      "在任与否": "是"
    },
    {
      "领导人姓名": "李海男",
      "职位描述": "董事、总裁",
      "期初持股数": "0",
      "期末持股数": "0",
      "间接持股数": "",
      "从公司获得年度报酬总额": "814300",
      "补贴津贴": "",
      "变动原因说明": "",
      "是否在股东或关联单位领取报酬津贴": "否",
      "在任与否": "是"
    },
    {
      "领导人姓名": "孙龙龙",
      "职位描述": "董事、董事会秘书、财务总监",
      "期初持股数": "0",
      "期末持股数": "0",
      "间接持股数": "",
      "从公司获得年度报酬总额": "312000",
      "补贴津贴": "",
      "变动原因说明": "",
      "是否在股东或关联单位领取报酬津贴": "否",
      "在任与否": "是"
    },
    {
      "领导人姓名": "姚正旺",
      "职位描述": "董事",
      "期初持股数": "0",
      "期末持股数": "0",
      "间接持股数": "",
      "从公司获得年度报酬总额": "",
      "补贴津贴": "",
      "变动原因说明": "",
      "是否在股东或关联单位领取报酬津贴": "",
      "在任与否": "是"
    },
    {
      "领导人姓名": "袁康",
      "职位描述": "董事",
      "期初持股数": "0",
      "期末持股数": "0",
      "间接持股数": "",
      "从公司获得年度报酬总额": "",
      "补贴津贴": "",
      "变动原因说明": "",
      "是否在股东或关联单位领取报酬津贴": "",
      "在任与否": "是"
    },
    {
      "领导人姓名": "王国祥",
      "职位描述": "董事",
      "期初持股数": "0",
      "期末持股数": "0",
      "间接持股数": "",
      "从公司获得年度报酬总额": "",
      "补贴津贴": "",
      "变动原因说明": "",
      "是否在股东或关联单位领取报酬津贴": "",
      "在任与否": "是"
    },
    {
      "领导人姓名": "郭秋泉",
      "职位描述": "独立董事",
      "期初持股数": "0",
      "期末持股数": "0",
      "间接持股数": "",
      "从公司获得年度报酬总额": "47600",
      "补贴津贴": "",
      "变动原因说明": "",
      "是否在股东或关联单位领取报酬津贴": "否",
      "在任与否": "是"
    },
    {
      "领导人姓名": "詹奇勇",
      "职位描述": "独立董事",
      "期初持股数": "0",
      "期末持股数": "0",
      "间接持股数": "",
      "从公司获得年度报酬总额": "47600",
      "补贴津贴": "",
      "变动原因说明": "",
      "是否在股东或关联单位领取报酬津贴": "否",
      "在任与否": "是"
    },
    {
      "领导人姓名": "袁庆辉",
      "职位描述": "独立董事",
      "期初持股数": "0",
      "期末持股数": "0",
      "间接持股数": "",
      "从公司获得年度报酬总额": "47600",
      "补贴津贴": "",
      "变动原因说明": "",
      "是否在股东或关联单位领取报酬津贴": "否",
      "在任与否": "是"
    }
  ]
}

=== 000020-2026-04-21-深华发A-2025年年度报告.pdf ===
{
  "Leader_Salary_data": {
    "实际所得报酬总额起始": "",
    "实际所得报酬总额截止": "",
    "实际所得报酬总额涉及人数": ""
  },
  "Leader_Hold_data": [
    {
      "领导人姓名": "李中秋",
      "职位描述": "董事长、总经理",
      "期初持股数": "2830000",
      "期末持股数": "28300000",
      "间接持股数": "",
      "从公司获得年度报酬总额": "480000",
      "补贴津贴": "",
      "变动原因说明": "0",
      "是否在股东或关联单位领取报酬津贴": "否",
      "在任与否": "是"
    },
    {
      "领导人姓名": "陆阜弟",
      "职位描述": "副董事长",
      "期初持股数": "0",
      "期末持股数": "0",
      "间接持股数": "",
      "从公司获得年度报酬总额": "0",
      "补贴津贴": "",
      "变动原因说明": "0",
      "是否在股东或关联单位领取报酬津贴": "是",
      "在任与否": "是"
    },
    {
      "领导人姓名": "熊新华",
      "职位描述": "独立董事",
      "期初持股数": "0",
      "期末持股数": "0",
      "间接持股数": "",
      "从公司获得年度报酬总额": "80000",
      "补贴津贴": "80000",
      "变动原因说明": "0",
      "是否在股东或关联单位领取报酬津贴": "否",
      "在任与否": "是"
    },
    {
      "领导人姓名": "查燕云",
      "职位描述": "独立董事",
      "期初持股数": "0",
      "期末持股数": "0",
      "间接持股数": "",
      "从公司获得年度报酬总额": "1200",
      "补贴津贴": "80000",
      "变动原因说明": "0",
      "是否在股东或关联单位领取报酬津贴": "否",
      "在任与否": "是"
    },
    {
      "领导人姓名": "高洁芬",
      "职位描述": "独立董事",
      "期初持股数": "0",
      "期末持股数": "0",
      "间接持股数": "",
      "从公司获得年度报酬总额": "1200",
      "补贴津贴": "80000",
      "变动原因说明": "0",
      "是否在股东或关联单位领取报酬津贴": "否",
      "在任与否": "是"
    },
    {
      "领导人姓名": "嵇雄杰",
      "职位描述": "董事",
      "期初持股数": "0",
      "期末持股数": "0",
      "间接持股数": "",
      "从公司获得年度报酬总额": "0",
      "补贴津贴": "",
      "变动原因说明": "0",
      "是否在股东或关联单位领取报酬津贴": "是",
      "在任与否": "是"
    },
    {
      "领导人姓名": "马连亮",
      "职位描述": "董事",
      "期初持股数": "0",
      "期末持股数": "0",
      "间接持股数": "",
      "从公司获得年度报酬总额": "25000",
      "补贴津贴": "",
      "变动原因说明": "0",
      "是否在股东或关联单位领取报酬津贴": "否",
      "在任与否": "是"
    },
    {
      "领导人姓名": "李宗正",
      "职位描述": "董事",
      "期初持股数": "0",
      "期末持股数": "0",
      "间接持股数": "",
      "从公司获得年度报酬总额": "0",
      "补贴津贴": "",
      "变动原因说明": "0",
      "是否在股东或关联单位领取报酬津贴": "是",
      "在任与否": "否"
    },
    {
      "领导人姓名": "郑春美",
      "职位描述": "独立董事",
      "期初持股数": "0",
      "期末持股数": "0",
      "间接持股数": "",
      "从公司获得年度报酬总额": "78800",
      "补贴津贴": "80000",
      "变动原因说明": "0",
      "是否在股东或关联单位领取报酬津贴": "否",
      "在任与否": "否"
    },
    {
      "领导人姓名": "杨雄文",
      "职位描述": "独立董事",
      "期初持股数": "0",
      "期末持股数": "0",
      "间接持股数": "",
      "从公司获得年度报酬总额": "78800",
      "补贴津贴": "80000",
      "变动原因说明": "0",
      "是否在股东或关联单位领取报酬津贴": "否",
      "在任与否": "否"
    },
    {
      "领导人姓名": "牛卓",
      "职位描述": "董事会秘书、董事",
      "期初持股数": "0",
      "期末持股数": "0",
      "间接持股数": "",
      "从公司获得年度报酬总额": "336000",
      "补贴津贴": "",
      "变动原因说明": "0",
      "是否在股东或关联单位领取报酬津贴": "否",
      "在任与否": "是"
    },
    {
      "领导人姓名": "曹丽",
      "职位描述": "财务总监、副总经理",
      "期初持股数": "0",
      "期末持股数": "0",
      "间接持股数": "",
      "从公司获得年度报酬总额": "336000",
      "补贴津贴": "",
      "变动原因说明": "0",
      "是否在股东或关联单位领取报酬津贴": "否",
      "在任与否": "是"
    }
  ]
}

=== 000090-2026-04-21-天健集团-2025年年度报告.pdf ===
{
  "Leader_Salary_data": {
    "实际所得报酬总额起始": "",
    "实际所得报酬总额截止": "",
    "实际所得报酬总额涉及人数": ""
  },
  "Leader_Hold_data": [
    {
      "领导人姓名": "郑晓生",
      "职位描述": "董事长、党委书记、董事",
      "期初持股数": "0",
      "期末持股数": "0",
      "间接持股数": "",
      "从公司获得年度报酬总额": "0",
      "补贴津贴": "",
      "变动原因说明": "",
      "是否在股东或关联单位领取报酬津贴": "是",
      "在任与否": "是"
    },
    {
      "领导人姓名": "何云武",
      "职位描述": "董事、党委副书记、总裁",
      "期初持股数": "0",
      "期末持股数": "0",
      "间接持股数": "",
      "从公司获得年度报酬总额": "986500",
      "补贴津贴": "",
      "变动原因说明": "",
      "是否在股东或关联单位领取报酬津贴": "否",
      "在任与否": "是"
    },
    {
      "领导人姓名": "魏晓东",
      "职位描述": "董事、党委副书记、工会主席",
      "期初持股数": "0",
      "期末持股数": "0",
      "间接持股数": "",
      "从公司获得年度报酬总额": "884500",
      "补贴津贴": "",
      "变动原因说明": "",
      "是否在股东或关联单位领取报酬津贴": "否",
      "在任与否": "是"
    },
    {
      "领导人姓名": "卢通",
      "职位描述": "董事、财务总监",
      "期初持股数": "0",
      "期末持股数": "0",
      "间接持股数": "",
      "从公司获得年度报酬总额": "83300",
      "补贴津贴": "",
      "变动原因说明": "",
      "是否在股东或关联单位领取报酬津贴": "否",
      "在任与否": "是"
    },
    {
      "领导人姓名": "徐腊平",
      "职位描述": "董事",
      "期初持股数": "0",
      "期末持股数": "0",
      "间接持股数": "",
      "从公司获得年度报酬总额": "0",
      "补贴津贴": "",
      "变动原因说明": "",
      "是否在股东或关联单位领取报酬津贴": "是",
      "在任与否": "是"
    },
    {
      "领导人姓名": "向德伟",
      "职位描述": "独立董事",
      "期初持股数": "0",
      "期末持股数": "0",
      "间接持股数": "",
      "从公司获得年度报酬总额": "100000",
      "补贴津贴": "100000",
      "变动原因说明": "",
      "是否在股东或关联单位领取报酬津贴": "否",
      "在任与否": "是"
    },
    {
      "领导人姓名": "李希元",
      "职位描述": "独立董事",
      "期初持股数": "0",
      "期末持股数": "0",
      "间接持股数": "",
      "从公司获得年度报酬总额": "100000",
      "补贴津贴": "100000",
      "变动原因说明": "",
      "是否在股东或关联单位领取报酬津贴": "否",
      "在任与否": "是"
    },
    {
      "领导人姓名": "刘恒",
      "职位描述": "独立董事",
      "期初持股数": "0",
      "期末持股数": "0",
      "间接持股数": "",
      "从公司获得年度报酬总额": "52300",
      "补贴津贴": "52300",
      "变动原因说明": "",
      "是否在股东或关联单位领取报酬津贴": "否",
      "在任与否": "是"
    },
    {
      "领导人姓名": "陈惠劼",
      "职位描述": "副总裁",
      "期初持股数": "0",
      "期末持股数": "0",
      "间接持股数": "",
      "从公司获得年度报酬总额": "860500",
      "补贴津贴": "",
      "变动原因说明": "",
      "是否在股东或关联单位领取报酬津贴": "否",
      "在任与否": "是"
    },
    {
      "领导人姓名": "张明哨",
      "职位描述": "副总裁、董事会秘书",
      "期初持股数": "0",
      "期末持股数": "0",
      "间接持股数": "",
      "从公司获得年度报酬总额": "860500",
      "补贴津贴": "",
      "变动原因说明": "",
      "是否在股东或关联单位领取报酬津贴": "否",
      "在任与否": "是"
    },
    {
      "领导人姓名": "龚守同",
      "职位描述": "副总裁",
      "期初持股数": "0",
      "期末持股数": "0",
      "间接持股数": "",
      "从公司获得年度报酬总额": "860500",
      "补贴津贴": "",
      "变动原因说明": "",
      "是否在股东或关联单位领取报酬津贴": "否",
      "在任与否": "是"
    },
    {
      "领导人姓名": "陈强",
      "职位描述": "原副总裁",
      "期初持股数": "0",
      "期末持股数": "0",
      "间接持股数": "",
      "从公司获得年度报酬总额": "143300",
      "补贴津贴": "",
      "变动原因说明": "",
      "是否在股东或关联单位领取报酬津贴": "否",
      "在任与否": "否"
    },
    {
      "领导人姓名": "叶旺春",
      "职位描述": "原独立董事",
      "期初持股数": "0",
      "期末持股数": "0",
      "间接持股数": "",
      "从公司获得年度报酬总额": "47000",
      "补贴津贴": "47000",
      "变动原因说明": "",
      "是否在股东或关联单位领取报酬津贴": "否",
      "在任与否": "否"
    },
    {
      "领导人姓名": "李锋",
      "职位描述": "原董事",
      "期初持股数": "0",
      "期末持股数": "0",
      "间接持股数": "",
      "从公司获得年度报酬总额": "0",
      "补贴津贴": "",
      "变动原因说明": "",
      "是否在股东或关联单位领取报酬津贴": "是",
      "在任与否": "否"
    },
    {
      "领导人姓名": "刘铁军",
      "职位描述": "总工程师",
      "期初持股数": "105000",
      "期末持股数": "105000",
      "间接持股数": "",
      "从公司获得年度报酬总额": "655800",
      "补贴津贴": "",
      "变动原因说明": "",
      "是否在股东或关联单位领取报酬津贴": "否",
      "在任与否": "是"
    }
  ]
}

=== 000572-2026-04-21-海马汽车-2025年年度报告.pdf ===
{
  "Leader_Salary_data": {
    "实际所得报酬总额起始": "",
    "实际所得报酬总额截止": "",
    "实际所得报酬总额涉及人数": ""
  },
  "Leader_Hold_data": [
    {
      "领导人姓名": "景柱",
      "职位描述": "董事长、董事",
      "期初持股数": "0",
      "期末持股数": "0",
      "间接持股数": "",
      "从公司获得年度报酬总额": "900000",
      "补贴津贴": "",
      "变动原因说明": "",
      "是否在股东或关联单位领取报酬津贴": "是",
      "在任与否": "是"
    },
    {
      "领导人姓名": "卢国纲",
      "职位描述": "副董事长、董事",
      "期初持股数": "0",
      "期末持股数": "0",
      "间接持股数": "",
      "从公司获得年度报酬总额": "641500",
      "补贴津贴": "",
      "变动原因说明": "",
      "是否在股东或关联单位领取报酬津贴": "否",
      "在任与否": "是"
    },
    {
      "领导人姓名": "覃铭",
      "职位描述": "董事、首席执行官",
      "期初持股数": "0",
      "期末持股数": "0",
      "间接持股数": "",
      "从公司获得年度报酬总额": "663300",
      "补贴津贴": "",
      "变动原因说明": "",
      "是否在股东或关联单位领取报酬津贴": "否",
      "在任与否": "是"
    },
    {
      "领导人姓名": "陈高潮",
      "职位描述": "董事",
      "期初持股数": "0",
      "期末持股数": "0",
      "间接持股数": "",
      "从公司获得年度报酬总额": "425300",
      "补贴津贴": "",
      "变动原因说明": "",
      "是否在股东或关联单位领取报酬津贴": "否",
      "在任与否": "是"
    },
    {
      "领导人姓名": "董国强",
      "职位描述": "董事",
      "期初持股数": "0",
      "期末持股数": "0",
      "间接持股数": "",
      "从公司获得年度报酬总额": "511400",
      "补贴津贴": "",
      "变动原因说明": "",
      "是否在股东或关联单位领取报酬津贴": "否",
      "在任与否": "是"
    },
    {
      "领导人姓名": "马昕",
      "职位描述": "董事",
      "期初持股数": "0",
      "期末持股数": "0",
      "间接持股数": "",
      "从公司获得年度报酬总额": "840400",
      "补贴津贴": "",
      "变动原因说明": "",
      "是否在股东或关联单位领取报酬津贴": "否",
      "在任与否": "是"
    },
    {
      "领导人姓名": "林进挺",
      "职位描述": "独立董事",
      "期初持股数": "0",
      "期末持股数": "0",
      "间接持股数": "",
      "从公司获得年度报酬总额": "100000",
      "补贴津贴": "100000",
      "变动原因说明": "",
      "是否在股东或关联单位领取报酬津贴": "否",
      "在任与否": "是"
    },
    {
      "领导人姓名": "李伟",
      "职位描述": "独立董事",
      "期初持股数": "0",
      "期末持股数": "0",
      "间接持股数": "",
      "从公司获得年度报酬总额": "100000",
      "补贴津贴": "100000",
      "变动原因说明": "",
      "是否在股东或关联单位领取报酬津贴": "否",
      "在任与否": "是"
    },
    {
      "领导人姓名": "杜传利",
      "职位描述": "独立董事",
      "期初持股数": "0",
      "期末持股数": "0",
      "间接持股数": "",
      "从公司获得年度报酬总额": "100000",
      "补贴津贴": "100000",
      "变动原因说明": "",
      "是否在股东或关联单位领取报酬津贴": "否",
      "在任与否": "是"
    },
    {
      "领导人姓名": "殷莹",
      "职位描述": "首席人力资源官",
      "期初持股数": "0",
      "期末持股数": "0",
      "间接持股数": "",
      "从公司获得年度报酬总额": "560200",
      "补贴津贴": "",
      "变动原因说明": "",
      "是否在股东或关联单位领取报酬津贴": "否",
      "在任与否": "是"
    },
    {
      "领导人姓名": "罗理想",
      "职位描述": "财务总监",
      "期初持股数": "0",
      "期末持股数": "0",
      "间接持股数": "",
      "从公司获得年度报酬总额": "482900",
      "补贴津贴": "",
      "变动原因说明": "",
      "是否在股东或关联单位领取报酬津贴": "否",
      "在任与否": "是"
    },
    {
      "领导人姓名": "郑立",
      "职位描述": "董事会秘书",
      "期初持股数": "0",
      "期末持股数": "0",
      "间接持股数": "",
      "从公司获得年度报酬总额": "319300",
      "补贴津贴": "",
      "变动原因说明": "",
      "是否在股东或关联单位领取报酬津贴": "否",
      "在任与否": "是"
    },
    {
      "领导人姓名": "刘锐",
      "职位描述": "董事会秘书、首席投资官",
      "期初持股数": "0",
      "期末持股数": "0",
      "间接持股数": "",
      "从公司获得年度报酬总额": "94700",
      "补贴津贴": "",
      "变动原因说明": "",
      "是否在股东或关联单位领取报酬津贴": "否",
      "在任与否": "否"
    }
  ]
}

=== 000560-2026-04-21-我爱我家-2025年年度报告.pdf ===
{
  "Leader_Salary_data": {
    "实际所得报酬总额起始": "",
    "实际所得报酬总额截止": "",
    "实际所得报酬总额涉及人数": ""
  },
  "Leader_Hold_data": [
    {
      "领导人姓名": "谢勇",
      "职位描述": "董事、董事长、总裁",
      "期初持股数": "130000000",
      "期末持股数": "15000000",
      "间接持股数": "",
      "从公司获得年度报酬总额": "1465000",
      "补贴津贴": "",
      "变动原因说明": "司法拍卖过户被动减持",
      "是否在股东或关联单位领取报酬津贴": "否",
      "在任与否": "是"
    },
    {
      "领导人姓名": "陈苏勤",
      "职位描述": "独立董事",
      "期初持股数": "0",
      "期末持股数": "0",
      "间接持股数": "",
      "从公司获得年度报酬总额": "100000",
      "补贴津贴": "100000",
      "变动原因说明": "",
      "是否在股东或关联单位领取报酬津贴": "否",
      "在任与否": "是"
    },
    {
      "领导人姓名": "陈立平",
      "职位描述": "独立董事",
      "期初持股数": "0",
      "期末持股数": "0",
      "间接持股数": "",
      "从公司获得年度报酬总额": "100000",
      "补贴津贴": "100000",
      "变动原因说明": "",
      "是否在股东或关联单位领取报酬津贴": "否",
      "在任与否": "是"
    },
    {
      "领导人姓名": "邬崇国",
      "职位描述": "独立董事",
      "期初持股数": "0",
      "期末持股数": "0",
      "间接持股数": "",
      "从公司获得年度报酬总额": "21300",
      "补贴津贴": "100000",
      "变动原因说明": "",
      "是否在股东或关联单位领取报酬津贴": "否",
      "在任与否": "是"
    },
    {
      "领导人姓名": "代文娟",
      "职位描述": "董事、副总裁、审计部总经理",
      "期初持股数": "28136",
      "期末持股数": "28136",
      "间接持股数": "",
      "从公司获得年度报酬总额": "443700",
      "补贴津贴": "",
      "变动原因说明": "",
      "是否在股东或关联单位领取报酬津贴": "否",
      "在任与否": "是"
    },
    {
      "领导人姓名": "郑小海",
      "职位描述": "董事",
      "期初持股数": "0",
      "期末持股数": "0",
      "间接持股数": "",
      "从公司获得年度报酬总额": "476900",
      "补贴津贴": "",
      "变动原因说明": "",
      "是否在股东或关联单位领取报酬津贴": "否",
      "在任与否": "是"
    },
    {
      "领导人姓名": "虞金晶",
      "职位描述": "董事",
      "期初持股数": "0",
      "期末持股数": "0",
      "间接持股数": "",
      "从公司获得年度报酬总额": "100000",
      "补贴津贴": "100000",
      "变动原因说明": "",
      "是否在股东或关联单位领取报酬津贴": "否",
      "在任与否": "是"
    },
    {
      "领导人姓名": "邹天龙",
      "职位描述": "董事、董事会秘书",
      "期初持股数": "0",
      "期末持股数": "0",
      "间接持股数": "",
      "从公司获得年度报酬总额": "1120000",
      "补贴津贴": "",
      "变动原因说明": "",
      "是否在股东或关联单位领取报酬津贴": "否",
      "在任与否": "是"
    },
    {
      "领导人姓名": "解萍",
      "职位描述": "董事",
      "期初持股数": "0",
      "期末持股数": "0",
      "间接持股数": "",
      "从公司获得年度报酬总额": "404800",
      "补贴津贴": "",
      "变动原因说明": "",
      "是否在股东或关联单位领取报酬津贴": "否",
      "在任与否": "是"
    },
    {
      "领导人姓名": "高晓辉",
      "职位描述": "副总裁",
      "期初持股数": "2712106",
      "期末持股数": "2046406",
      "间接持股数": "",
      "从公司获得年度报酬总额": "1287900",
      "补贴津贴": "",
      "变动原因说明": "本期减持股份数量665700",
      "是否在股东或关联单位领取报酬津贴": "否",
      "在任与否": "是"
    },
    {
      "领导人姓名": "刘洋",
      "职位描述": "副总裁",
      "期初持股数": "0",
      "期末持股数": "0",
      "间接持股数": "",
      "从公司获得年度报酬总额": "1094600",
      "补贴津贴": "",
      "变动原因说明": "",
      "是否在股东或关联单位领取报酬津贴": "否",
      "在任与否": "是"
    },
    {
      "领导人姓名": "段蟒",
      "职位描述": "副总裁",
      "期初持股数": "0",
      "期末持股数": "0",
      "间接持股数": "",
      "从公司获得年度报酬总额": "478000",
      "补贴津贴": "",
      "变动原因说明": "",
      "是否在股东或关联单位领取报酬津贴": "否",
      "在任与否": "是"
    },
    {
      "领导人姓名": "张海琼",
      "职位描述": "财务负责人",
      "期初持股数": "0",
      "期末持股数": "0",
      "间接持股数": "",
      "从公司获得年度报酬总额": "800000",
      "补贴津贴": "",
      "变动原因说明": "",
      "是否在股东或关联单位领取报酬津贴": "否",
      "在任与否": "是"
    },
    {
      "领导人姓名": "常明",
      "职位描述": "独立董事",
      "期初持股数": "0",
      "期末持股数": "0",
      "间接持股数": "",
      "从公司获得年度报酬总额": "66700",
      "补贴津贴": "100000",
      "变动原因说明": "",
      "是否在股东或关联单位领取报酬津贴": "否",
      "在任与否": "否"
    }
  ]
}

=== 000514-2026-04-21-渝开发-公司2025年年度报告（更正后）.pdf ===
{
  "Leader_Salary_data": {
    "实际所得报酬总额起始": "",
    "实际所得报酬总额截止": "",
    "实际所得报酬总额涉及人数": ""
  },
  "Leader_Hold_data": [
    {
      "领导人姓名": "陈业",
      "职位描述": "董事长",
      "期初持股数": "0",
      "期末持股数": "0",
      "间接持股数": "",
      "从公司获得年度报酬总额": "0",
      "补贴津贴": "",
      "变动原因说明": "0",
      "是否在股东或关联单位领取报酬津贴": "是",
      "在任与否": "是"
    },
    {
      "领导人姓名": "罗异",
      "职位描述": "董事、总经理",
      "期初持股数": "0",
      "期末持股数": "0",
      "间接持股数": "",
      "从公司获得年度报酬总额": "537600",
      "补贴津贴": "",
      "变动原因说明": "0",
      "是否在股东或关联单位领取报酬津贴": "否",
      "在任与否": "是"
    },
    {
      "领导人姓名": "向双林",
      "职位描述": "董事",
      "期初持股数": "0",
      "期末持股数": "0",
      "间接持股数": "",
      "从公司获得年度报酬总额": "332100",
      "补贴津贴": "",
      "变动原因说明": "0",
      "是否在股东或关联单位领取报酬津贴": "否",
      "在任与否": "是"
    },
    {
      "领导人姓名": "曾德珩",
      "职位描述": "独立董事",
      "期初持股数": "0",
      "期末持股数": "0",
      "间接持股数": "",
      "从公司获得年度报酬总额": "65000",
      "补贴津贴": "65000",
      "变动原因说明": "0",
      "是否在股东或关联单位领取报酬津贴": "否",
      "在任与否": "是"
    },
    {
      "领导人姓名": "崔恒忠",
      "职位描述": "独立董事",
      "期初持股数": "0",
      "期末持股数": "0",
      "间接持股数": "",
      "从公司获得年度报酬总额": "65000",
      "补贴津贴": "65000",
      "变动原因说明": "0",
      "是否在股东或关联单位领取报酬津贴": "否",
      "在任与否": "是"
    },
    {
      "领导人姓名": "陈定文",
      "职位描述": "独立董事",
      "期初持股数": "0",
      "期末持股数": "0",
      "间接持股数": "",
      "从公司获得年度报酬总额": "65000",
      "补贴津贴": "65000",
      "变动原因说明": "0",
      "是否在股东或关联单位领取报酬津贴": "否",
      "在任与否": "是"
    },
    {
      "领导人姓名": "聂涛",
      "职位描述": "常务副总经理",
      "期初持股数": "0",
      "期末持股数": "0",
      "间接持股数": "",
      "从公司获得年度报酬总额": "442800",
      "补贴津贴": "",
      "变动原因说明": "0",
      "是否在股东或关联单位领取报酬津贴": "否",
      "在任与否": "是"
    },
    {
      "领导人姓名": "李星一",
      "职位描述": "财务总监、董事会秘书",
      "期初持股数": "0",
      "期末持股数": "0",
      "间接持股数": "",
      "从公司获得年度报酬总额": "332100",
      "补贴津贴": "",
      "变动原因说明": "0",
      "是否在股东或关联单位领取报酬津贴": "否",
      "在任与否": "是"
    },
    {
      "领导人姓名": "苏琦",
      "职位描述": "副总经理",
      "期初持股数": "0",
      "期末持股数": "0",
      "间接持股数": "",
      "从公司获得年度报酬总额": "332100",
      "补贴津贴": "",
      "变动原因说明": "0",
      "是否在股东或关联单位领取报酬津贴": "否",
      "在任与否": "是"
    },
    {
      "领导人姓名": "宋宗宇",
      "职位描述": "独立董事",
      "期初持股数": "0",
      "期末持股数": "0",
      "间接持股数": "",
      "从公司获得年度报酬总额": "51800",
      "补贴津贴": "51800",
      "变动原因说明": "0",
      "是否在股东或关联单位领取报酬津贴": "否",
      "在任与否": "否"
    },
    {
      "领导人姓名": "罗升平",
      "职位描述": "董事",
      "期初持股数": "0",
      "期末持股数": "0",
      "间接持股数": "",
      "从公司获得年度报酬总额": "110700",
      "补贴津贴": "",
      "变动原因说明": "0",
      "是否在股东或关联单位领取报酬津贴": "否",
      "在任与否": "否"
    },
    {
      "领导人姓名": "谢勇彬",
      "职位描述": "董事会秘书、副总经理、总法律顾问",
      "期初持股数": "0",
      "期末持股数": "0",
      "间接持股数": "",
      "从公司获得年度报酬总额": "110700",
      "补贴津贴": "",
      "变动原因说明": "0",
      "是否在股东或关联单位领取报酬津贴": "否",
      "在任与否": "否"
    },
    {
      "领导人姓名": "官燕",
      "职位描述": "财务总监",
      "期初持股数": "0",
      "期末持股数": "0",
      "间接持股数": "",
      "从公司获得年度报酬总额": "110700",
      "补贴津贴": "",
      "变动原因说明": "0",
      "是否在股东或关联单位领取报酬津贴": "否",
      "在任与否": "否"
    },
    {
      "领导人姓名": "胡志敏",
      "职位描述": "副总经理",
      "期初持股数": "0",
      "期末持股数": "0",
      "间接持股数": "",
      "从公司获得年度报酬总额": "405900",
      "补贴津贴": "",
      "变动原因说明": "0",
      "是否在股东或关联单位领取报酬津贴": "否",
      "在任与否": "否"
    },
    {
      "领导人姓名": "朱江",
      "职位描述": "监事会主席",
      "期初持股数": "0",
      "期末持股数": "0",
      "间接持股数": "",
      "从公司获得年度报酬总额": "",
      "补贴津贴": "",
      "变动原因说明": "0",
      "是否在股东或关联单位领取报酬津贴": "",
      "在任与否": "否"
    },
    {
      "领导人姓名": "米沙",
      "职位描述": "监事",
      "期初持股数": "0",
      "期末持股数": "0",
      "间接持股数": "",
      "从公司获得年度报酬总额": "",
      "补贴津贴": "",
      "变动原因说明": "0",
      "是否在股东或关联单位领取报酬津贴": "",
      "在任与否": "否"
    },
    {
      "领导人姓名": "衣振威",
      "职位描述": "职工监事",
      "期初持股数": "0",
      "期末持股数": "0",
      "间接持股数": "",
      "从公司获得年度报酬总额": "",
      "补贴津贴": "",
      "变动原因说明": "0",
      "是否在股东或关联单位领取报酬津贴": "",
      "在任与否": "否"
    }
  ]
}

=== 000702-2026-04-21-正虹科技-2025年年度报告.pdf ===
{
  "Leader_Salary_data": {
    "实际所得报酬总额起始": "",
    "实际所得报酬总额截止": "",
    "实际所得报酬总额涉及人数": ""
  },
  "Leader_Hold_data": [
    {
      "领导人姓名": "易兴",
      "职位描述": "董事长、总裁",
      "期初持股数": "",
      "期末持股数": "",
      "间接持股数": "",
      "从公司获得年度报酬总额": "0",
      "补贴津贴": "",
      "变动原因说明": "",
      "是否在股东或关联单位领取报酬津贴": "是",
      "在任与否": "是"
    },
    {
      "领导人姓名": "邓辉",
      "职位描述": "董事、副总裁",
      "期初持股数": "",
      "期末持股数": "",
      "间接持股数": "",
      "从公司获得年度报酬总额": "459100",
      "补贴津贴": "",
      "变动原因说明": "",
      "是否在股东或关联单位领取报酬津贴": "否",
      "在任与否": "是"
    },
    {
      "领导人姓名": "唐丽雯",
      "职位描述": "董事",
      "期初持股数": "",
      "期末持股数": "",
      "间接持股数": "",
      "从公司获得年度报酬总额": "0",
      "补贴津贴": "",
      "变动原因说明": "",
      "是否在股东或关联单位领取报酬津贴": "是",
      "在任与否": "是"
    },
    {
      "领导人姓名": "易德玮",
      "职位描述": "职工代表董事、董事",
      "期初持股数": "",
      "期末持股数": "",
      "间接持股数": "",
      "从公司获得年度报酬总额": "228400",
      "补贴津贴": "",
      "变动原因说明": "",
      "是否在股东或关联单位领取报酬津贴": "否",
      "在任与否": "是"
    },
    {
      "领导人姓名": "段卫忠",
      "职位描述": "独立董事",
      "期初持股数": "",
      "期末持股数": "",
      "间接持股数": "",
      "从公司获得年度报酬总额": "75000",
      "补贴津贴": "",
      "变动原因说明": "",
      "是否在股东或关联单位领取报酬津贴": "否",
      "在任与否": "是"
    },
    {
      "领导人姓名": "陈斌",
      "职位描述": "独立董事",
      "期初持股数": "",
      "期末持股数": "",
      "间接持股数": "",
      "从公司获得年度报酬总额": "75000",
      "补贴津贴": "",
      "变动原因说明": "",
      "是否在股东或关联单位领取报酬津贴": "否",
      "在任与否": "是"
    },
    {
      "领导人姓名": "湛忠灿",
      "职位描述": "独立董事",
      "期初持股数": "",
      "期末持股数": "",
      "间接持股数": "",
      "从公司获得年度报酬总额": "0",
      "补贴津贴": "",
      "变动原因说明": "",
      "是否在股东或关联单位领取报酬津贴": "否",
      "在任与否": "是"
    },
    {
      "领导人姓名": "颜劲松",
      "职位描述": "董事长",
      "期初持股数": "",
      "期末持股数": "",
      "间接持股数": "",
      "从公司获得年度报酬总额": "0",
      "补贴津贴": "",
      "变动原因说明": "",
      "是否在股东或关联单位领取报酬津贴": "是",
      "在任与否": "否"
    },
    {
      "领导人姓名": "曾祥志",
      "职位描述": "董事、总裁、副总裁",
      "期初持股数": "",
      "期末持股数": "",
      "间接持股数": "",
      "从公司获得年度报酬总额": "431000",
      "补贴津贴": "",
      "变动原因说明": "",
      "是否在股东或关联单位领取报酬津贴": "否",
      "在任与否": "是"
    },
    {
      "领导人姓名": "孟建怡",
      "职位描述": "董事",
      "期初持股数": "",
      "期末持股数": "",
      "间接持股数": "",
      "从公司获得年度报酬总额": "240800",
      "补贴津贴": "",
      "变动原因说明": "",
      "是否在股东或关联单位领取报酬津贴": "否",
      "在任与否": "否"
    },
    {
      "领导人姓名": "万平",
      "职位描述": "独立董事",
      "期初持股数": "",
      "期末持股数": "",
      "间接持股数": "",
      "从公司获得年度报酬总额": "75000",
      "补贴津贴": "",
      "变动原因说明": "",
      "是否在股东或关联单位领取报酬津贴": "否",
      "在任与否": "否"
    },
    {
      "领导人姓名": "王文雄",
      "职位描述": "副总裁",
      "期初持股数": "",
      "期末持股数": "",
      "间接持股数": "",
      "从公司获得年度报酬总额": "",
      "补贴津贴": "",
      "变动原因说明": "",
      "是否在股东或关联单位领取报酬津贴": "",
      "在任与否": "是"
    },
    {
      "领导人姓名": "许冰芳",
      "职位描述": "副总裁、财务总监",
      "期初持股数": "",
      "期末持股数": "",
      "间接持股数": "",
      "从公司获得年度报酬总额": "146100",
      "补贴津贴": "",
      "变动原因说明": "",
      "是否在股东或关联单位领取报酬津贴": "否",
      "在任与否": "否"
    },
    {
      "领导人姓名": "余玲",
      "职位描述": "董事、财务总监",
      "期初持股数": "",
      "期末持股数": "",
      "间接持股数": "",
      "从公司获得年度报酬总额": "229100",
      "补贴津贴": "",
      "变动原因说明": "",
      "是否在股东或关联单位领取报酬津贴": "否",
      "在任与否": "否"
    },
    {
      "领导人姓名": "刘浩",
      "职位描述": "董事会秘书",
      "期初持股数": "",
      "期末持股数": "",
      "间接持股数": "",
      "从公司获得年度报酬总额": "239900",
      "补贴津贴": "",
      "变动原因说明": "",
      "是否在股东或关联单位领取报酬津贴": "否",
      "在任与否": "是"
    },
    {
      "领导人姓名": "连锦慧",
      "职位描述": "财务总监",
      "期初持股数": "",
      "期末持股数": "",
      "间接持股数": "",
      "从公司获得年度报酬总额": "",
      "补贴津贴": "",
      "变动原因说明": "",
      "是否在股东或关联单位领取报酬津贴": "",
      "在任与否": "是"
    }
  ]
}

=== 000636-2026-04-21-风华高科-2025年年度报告.pdf ===
{
  "Leader_Salary_data": {
    "实际所得报酬总额起始": "",
    "实际所得报酬总额截止": "",
    "实际所得报酬总额涉及人数": ""
  },
  "Leader_Hold_data": [
    {
      "领导人姓名": "李程",
      "职位描述": "董事长",
      "期初持股数": "0",
      "期末持股数": "0",
      "间接持股数": "",
      "从公司获得年度报酬总额": "1537500",
      "补贴津贴": "",
      "变动原因说明": "",
      "是否在股东或关联单位领取报酬津贴": "否",
      "在任与否": "是"
    },
    {
      "领导人姓名": "杨晓平",
      "职位描述": "董事、总裁",
      "期初持股数": "0",
      "期末持股数": "0",
      "间接持股数": "",
      "从公司获得年度报酬总额": "1577200",
      "补贴津贴": "",
      "变动原因说明": "",
      "是否在股东或关联单位领取报酬津贴": "否",
      "在任与否": "是"
    },
    {
      "领导人姓名": "黄洪刚",
      "职位描述": "董事",
      "期初持股数": "0",
      "期末持股数": "0",
      "间接持股数": "",
      "从公司获得年度报酬总额": "0",
      "补贴津贴": "",
      "变动原因说明": "",
      "是否在股东或关联单位领取报酬津贴": "是",
      "在任与否": "是"
    },
    {
      "领导人姓名": "杨文意",
      "职位描述": "董事",
      "期初持股数": "0",
      "期末持股数": "0",
      "间接持股数": "",
      "从公司获得年度报酬总额": "0",
      "补贴津贴": "",
      "变动原因说明": "",
      "是否在股东或关联单位领取报酬津贴": "是",
      "在任与否": "是"
    },
    {
      "领导人姓名": "吴建锋",
      "职位描述": "董事",
      "期初持股数": "0",
      "期末持股数": "0",
      "间接持股数": "",
      "从公司获得年度报酬总额": "0",
      "补贴津贴": "",
      "变动原因说明": "",
      "是否在股东或关联单位领取报酬津贴": "是",
      "在任与否": "是"
    },
    {
      "领导人姓名": "王海涛",
      "职位描述": "董事",
      "期初持股数": "0",
      "期末持股数": "0",
      "间接持股数": "",
      "从公司获得年度报酬总额": "0",
      "补贴津贴": "",
      "变动原因说明": "",
      "是否在股东或关联单位领取报酬津贴": "是",
      "在任与否": "是"
    },
    {
      "领导人姓名": "张津源",
      "职位描述": "董事",
      "期初持股数": "0",
      "期末持股数": "0",
      "间接持股数": "",
      "从公司获得年度报酬总额": "0",
      "补贴津贴": "",
      "变动原因说明": "",
      "是否在股东或关联单位领取报酬津贴": "是",
      "在任与否": "是"
    },
    {
      "领导人姓名": "张荣武",
      "职位描述": "独立董事",
      "期初持股数": "0",
      "期末持股数": "0",
      "间接持股数": "",
      "从公司获得年度报酬总额": "160000",
      "补贴津贴": "160000",
      "变动原因说明": "",
      "是否在股东或关联单位领取报酬津贴": "否",
      "在任与否": "是"
    },
    {
      "领导人姓名": "崔成强",
      "职位描述": "独立董事",
      "期初持股数": "0",
      "期末持股数": "0",
      "间接持股数": "",
      "从公司获得年度报酬总额": "160000",
      "补贴津贴": "160000",
      "变动原因说明": "",
      "是否在股东或关联单位领取报酬津贴": "否",
      "在任与否": "是"
    },
    {
      "领导人姓名": "高峰",
      "职位描述": "独立董事",
      "期初持股数": "0",
      "期末持股数": "0",
      "间接持股数": "",
      "从公司获得年度报酬总额": "160000",
      "补贴津贴": "160000",
      "变动原因说明": "",
      "是否在股东或关联单位领取报酬津贴": "否",
      "在任与否": "是"
    },
    {
      "领导人姓名": "黄纳川",
      "职位描述": "独立董事",
      "期初持股数": "0",
      "期末持股数": "0",
      "间接持股数": "",
      "从公司获得年度报酬总额": "160000",
      "补贴津贴": "160000",
      "变动原因说明": "",
      "是否在股东或关联单位领取报酬津贴": "否",
      "在任与否": "是"
    },
    {
      "领导人姓名": "曹秀华",
      "职位描述": "副总裁",
      "期初持股数": "0",
      "期末持股数": "0",
      "间接持股数": "",
      "从公司获得年度报酬总额": "1005600",
      "补贴津贴": "",
      "变动原因说明": "",
      "是否在股东或关联单位领取报酬津贴": "否",
      "在任与否": "是"
    },
    {
      "领导人姓名": "周庆波",
      "职位描述": "副总裁",
      "期初持股数": "0",
      "期末持股数": "0",
      "间接持股数": "",
      "从公司获得年度报酬总额": "1393100",
      "补贴津贴": "",
      "变动原因说明": "",
      "是否在股东或关联单位领取报酬津贴": "否",
      "在任与否": "是"
    },
    {
      "领导人姓名": "殷健",
      "职位描述": "董事会秘书、总法律顾问",
      "期初持股数": "0",
      "期末持股数": "0",
      "间接持股数": "",
      "从公司获得年度报酬总额": "1153600",
      "补贴津贴": "",
      "变动原因说明": "",
      "是否在股东或关联单位领取报酬津贴": "否",
      "在任与否": "是"
    },
    {
      "领导人姓名": "王雪华",
      "职位描述": "财务负责人",
      "期初持股数": "0",
      "期末持股数": "0",
      "间接持股数": "",
      "从公司获得年度报酬总额": "1129600",
      "补贴津贴": "",
      "变动原因说明": "",
      "是否在股东或关联单位领取报酬津贴": "否",
      "在任与否": "是"
    },
    {
      "领导人姓名": "李潇",
      "职位描述": "董事",
      "期初持股数": "0",
      "期末持股数": "0",
      "间接持股数": "",
      "从公司获得年度报酬总额": "0",
      "补贴津贴": "",
      "变动原因说明": "",
      "是否在股东或关联单位领取报酬津贴": "是",
      "在任与否": "否"
    },
    {
      "领导人姓名": "张大伟",
      "职位描述": "董事",
      "期初持股数": "0",
      "期末持股数": "0",
      "间接持股数": "",
      "从公司获得年度报酬总额": "0",
      "补贴津贴": "",
      "变动原因说明": "",
      "是否在股东或关联单位领取报酬津贴": "是",
      "在任与否": "否"
    },
    {
      "领导人姓名": "黄宗衡",
      "职位描述": "财务负责人",
      "期初持股数": "0",
      "期末持股数": "0",
      "间接持股数": "",
      "从公司获得年度报酬总额": "577500",
      "补贴津贴": "",
      "变动原因说明": "",
      "是否在股东或关联单位领取报酬津贴": "否",
      "在任与否": "否"
    }
  ]
}

=== 000633-2026-04-21-合金投资-2025年年度报告.pdf ===
{
  "Leader_Salary_data": {
    "实际所得报酬总额起始": "",
    "实际所得报酬总额截止": "",
    "实际所得报酬总额涉及人数": ""
  },
  "Leader_Hold_data": [
    {
      "领导人姓名": "柴宏亮",
      "职位描述": "董事长",
      "期初持股数": "0",
      "期末持股数": "0",
      "间接持股数": "",
      "从公司获得年度报酬总额": "0",
      "补贴津贴": "",
      "变动原因说明": "",
      "是否在股东或关联单位领取报酬津贴": "是",
      "在任与否": "是"
    },
    {
      "领导人姓名": "付湛辉",
      "职位描述": "董事",
      "期初持股数": "0",
      "期末持股数": "0",
      "间接持股数": "",
      "从公司获得年度报酬总额": "0",
      "补贴津贴": "",
      "变动原因说明": "",
      "是否在股东或关联单位领取报酬津贴": "是",
      "在任与否": "是"
    },
    {
      "领导人姓名": "严冬梅",
      "职位描述": "董事",
      "期初持股数": "0",
      "期末持股数": "0",
      "间接持股数": "",
      "从公司获得年度报酬总额": "0",
      "补贴津贴": "",
      "变动原因说明": "",
      "是否在股东或关联单位领取报酬津贴": "是",
      "在任与否": "是"
    },
    {
      "领导人姓名": "杨华强",
      "职位描述": "董事",
      "期初持股数": "0",
      "期末持股数": "0",
      "间接持股数": "",
      "从公司获得年度报酬总额": "0",
      "补贴津贴": "",
      "变动原因说明": "",
      "是否在股东或关联单位领取报酬津贴": "否",
      "在任与否": "是"
    },
    {
      "领导人姓名": "胡本源",
      "职位描述": "独立董事",
      "期初持股数": "0",
      "期末持股数": "0",
      "间接持股数": "",
      "从公司获得年度报酬总额": "60000",
      "补贴津贴": "60000",
      "变动原因说明": "",
      "是否在股东或关联单位领取报酬津贴": "否",
      "在任与否": "是"
    },
    {
      "领导人姓名": "郭金龙",
      "职位描述": "独立董事",
      "期初持股数": "0",
      "期末持股数": "0",
      "间接持股数": "",
      "从公司获得年度报酬总额": "15000",
      "补贴津贴": "15000",
      "变动原因说明": "",
      "是否在股东或关联单位领取报酬津贴": "否",
      "在任与否": "是"
    },
    {
      "领导人姓名": "刘文斌",
      "职位描述": "独立董事",
      "期初持股数": "0",
      "期末持股数": "0",
      "间接持股数": "",
      "从公司获得年度报酬总额": "15000",
      "补贴津贴": "15000",
      "变动原因说明": "",
      "是否在股东或关联单位领取报酬津贴": "否",
      "在任与否": "是"
    },
    {
      "领导人姓名": "姜秋野",
      "职位描述": "总经理",
      "期初持股数": "0",
      "期末持股数": "0",
      "间接持股数": "",
      "从公司获得年度报酬总额": "204700",
      "补贴津贴": "",
      "变动原因说明": "",
      "是否在股东或关联单位领取报酬津贴": "否",
      "在任与否": "是"
    },
    {
      "领导人姓名": "韩铁柱",
      "职位描述": "副总经理、董事会秘书",
      "期初持股数": "0",
      "期末持股数": "0",
      "间接持股数": "",
      "从公司获得年度报酬总额": "510600",
      "补贴津贴": "",
      "变动原因说明": "",
      "是否在股东或关联单位领取报酬津贴": "否",
      "在任与否": "是"
    },
    {
      "领导人姓名": "冉晓丹",
      "职位描述": "副总经理、财务总监",
      "期初持股数": "0",
      "期末持股数": "0",
      "间接持股数": "",
      "从公司获得年度报酬总额": "118200",
      "补贴津贴": "",
      "变动原因说明": "",
      "是否在股东或关联单位领取报酬津贴": "否",
      "在任与否": "是"
    },
    {
      "领导人姓名": "余传阳",
      "职位描述": "副总经理",
      "期初持股数": "0",
      "期末持股数": "0",
      "间接持股数": "",
      "从公司获得年度报酬总额": "143500",
      "补贴津贴": "",
      "变动原因说明": "",
      "是否在股东或关联单位领取报酬津贴": "否",
      "在任与否": "是"
    },
    {
      "领导人姓名": "韩士发",
      "职位描述": "董事长",
      "期初持股数": "0",
      "期末持股数": "0",
      "间接持股数": "",
      "从公司获得年度报酬总额": "0",
      "补贴津贴": "",
      "变动原因说明": "",
      "是否在股东或关联单位领取报酬津贴": "是",
      "在任与否": "否"
    },
    {
      "领导人姓名": "李圣君",
      "职位描述": "董事、总经理",
      "期初持股数": "0",
      "期末持股数": "0",
      "间接持股数": "",
      "从公司获得年度报酬总额": "435100",
      "补贴津贴": "",
      "变动原因说明": "",
      "是否在股东或关联单位领取报酬津贴": "否",
      "在任与否": "否"
    },
    {
      "领导人姓名": "孙刚",
      "职位描述": "董事、财务总监",
      "期初持股数": "0",
      "期末持股数": "0",
      "间接持股数": "",
      "从公司获得年度报酬总额": "272200",
      "补贴津贴": "",
      "变动原因说明": "",
      "是否在股东或关联单位领取报酬津贴": "否",
      "在任与否": "否"
    },
    {
      "领导人姓名": "马凤云",
      "职位描述": "独立董事",
      "期初持股数": "0",
      "期末持股数": "0",
      "间接持股数": "",
      "从公司获得年度报酬总额": "45000",
      "补贴津贴": "45000",
      "变动原因说明": "",
      "是否在股东或关联单位领取报酬津贴": "否",
      "在任与否": "否"
    },
    {
      "领导人姓名": "陈红柳",
      "职位描述": "独立董事",
      "期初持股数": "0",
      "期末持股数": "0",
      "间接持股数": "",
      "从公司获得年度报酬总额": "45000",
      "补贴津贴": "45000",
      "变动原因说明": "",
      "是否在股东或关联单位领取报酬津贴": "否",
      "在任与否": "否"
    },
    {
      "领导人姓名": "王加凡",
      "职位描述": "副总经理",
      "期初持股数": "75",
      "期末持股数": "3975",
      "间接持股数": "",
      "从公司获得年度报酬总额": "456700",
      "补贴津贴": "",
      "变动原因说明": "离任后，自行购买公司股票",
      "是否在股东或关联单位领取报酬津贴": "否",
      "在任与否": "否"
    }
  ]
}

=== 000875-2026-04-21-电投绿能-2025年年度报告.pdf ===
{
  "Leader_Salary_data": {
    "实际所得报酬总额起始": "",
    "实际所得报酬总额截止": "",
    "实际所得报酬总额涉及人数": ""
  },
  "Leader_Hold_data": [
    {
      "领导人姓名": "杨玉峰",
      "职位描述": "董事长",
      "期初持股数": "",
      "期末持股数": "",
      "间接持股数": "",
      "从公司获得年度报酬总额": 1055600,
      "补贴津贴": "",
      "变动原因说明": "",
      "是否在股东或关联单位领取报酬津贴": "否",
      "在任与否": "是"
    },
    {
      "领导人姓名": "和鲁",
      "职位描述": "副总经理、总经理、股东代表董事",
      "期初持股数": "",
      "期末持股数": "",
      "间接持股数": "",
      "从公司获得年度报酬总额": 261800,
      "补贴津贴": "",
      "变动原因说明": "",
      "是否在股东或关联单位领取报酬津贴": "否",
      "在任与否": "是"
    },
    {
      "领导人姓名": "胡建东",
      "职位描述": "股东代表董事",
      "期初持股数": "",
      "期末持股数": "",
      "间接持股数": "",
      "从公司获得年度报酬总额": 0,
      "补贴津贴": "",
      "变动原因说明": "",
      "是否在股东或关联单位领取报酬津贴": "否",
      "在任与否": "是"
    },
    {
      "领导人姓名": "吕必波",
      "职位描述": "股东代表董事",
      "期初持股数": "",
      "期末持股数": "",
      "间接持股数": "",
      "从公司获得年度报酬总额": 0,
      "补贴津贴": "",
      "变动原因说明": "",
      "是否在股东或关联单位领取报酬津贴": "是",
      "在任与否": "是"
    },
    {
      "领导人姓名": "邓哲非",
      "职位描述": "股东代表董事",
      "期初持股数": "",
      "期末持股数": "",
      "间接持股数": "",
      "从公司获得年度报酬总额": 0,
      "补贴津贴": "",
      "变动原因说明": "",
      "是否在股东或关联单位领取报酬津贴": "否",
      "在任与否": "是"
    },
    {
      "领导人姓名": "张学栋",
      "职位描述": "独立董事",
      "期初持股数": "",
      "期末持股数": "",
      "间接持股数": "",
      "从公司获得年度报酬总额": 80000,
      "补贴津贴": "80000",
      "变动原因说明": "",
      "是否在股东或关联单位领取报酬津贴": "否",
      "在任与否": "是"
    },
    {
      "领导人姓名": "潘桂岗",
      "职位描述": "独立董事",
      "期初持股数": "",
      "期末持股数": "",
      "间接持股数": "",
      "从公司获得年度报酬总额": 80000,
      "补贴津贴": "80000",
      "变动原因说明": "",
      "是否在股东或关联单位领取报酬津贴": "否",
      "在任与否": "是"
    },
    {
      "领导人姓名": "金华",
      "职位描述": "独立董事",
      "期初持股数": "",
      "期末持股数": "",
      "间接持股数": "",
      "从公司获得年度报酬总额": 80000,
      "补贴津贴": "80000",
      "变动原因说明": "",
      "是否在股东或关联单位领取报酬津贴": "否",
      "在任与否": "是"
    },
    {
      "领导人姓名": "牛国君",
      "职位描述": "总经理、股东代表董事",
      "期初持股数": "",
      "期末持股数": "",
      "间接持股数": "",
      "从公司获得年度报酬总额": 1062100,
      "补贴津贴": "",
      "变动原因说明": "",
      "是否在股东或关联单位领取报酬津贴": "否",
      "在任与否": "否"
    },
    {
      "领导人姓名": "明旭东",
      "职位描述": "职工代表董事",
      "期初持股数": "",
      "期末持股数": "",
      "间接持股数": "",
      "从公司获得年度报酬总额": 1082200,
      "补贴津贴": "",
      "变动原因说明": "",
      "是否在股东或关联单位领取报酬津贴": "否",
      "在任与否": "是"
    },
    {
      "领导人姓名": "于剑宇",
      "职位描述": "副总经理",
      "期初持股数": 220000,
      "期末持股数": 220000,
      "间接持股数": "",
      "从公司获得年度报酬总额": 1086200,
      "补贴津贴": "",
      "变动原因说明": "",
      "是否在股东或关联单位领取报酬津贴": "否",
      "在任与否": "否"
    },
    {
      "领导人姓名": "孔德奇",
      "职位描述": "副总经理",
      "期初持股数": "",
      "期末持股数": "",
      "间接持股数": "",
      "从公司获得年度报酬总额": 1113500,
      "补贴津贴": "",
      "变动原因说明": "",
      "是否在股东或关联单位领取报酬津贴": "否",
      "在任与否": "是"
    },
    {
      "领导人姓名": "陈喜庆",
      "职位描述": "副总经理",
      "期初持股数": 2000,
      "期末持股数": 2000,
      "间接持股数": "",
      "从公司获得年度报酬总额": 874100,
      "补贴津贴": "",
      "变动原因说明": "",
      "是否在股东或关联单位领取报酬津贴": "否",
      "在任与否": "否"
    },
    {
      "领导人姓名": "户平",
      "职位描述": "副总经理",
      "期初持股数": "",
      "期末持股数": "",
      "间接持股数": "",
      "从公司获得年度报酬总额": 297000,
      "补贴津贴": "",
      "变动原因说明": "",
      "是否在股东或关联单位领取报酬津贴": "否",
      "在任与否": "是"
    },
    {
      "领导人姓名": "王胜",
      "职位描述": "总会计师",
      "期初持股数": "",
      "期末持股数": "",
      "间接持股数": "",
      "从公司获得年度报酬总额": 440600,
      "补贴津贴": "",
      "变动原因说明": "",
      "是否在股东或关联单位领取报酬津贴": "否",
      "在任与否": "是"
    },
    {
      "领导人姓名": "杨辉",
      "职位描述": "副总经理",
      "期初持股数": "",
      "期末持股数": "",
      "间接持股数": "",
      "从公司获得年度报酬总额": 409300,
      "补贴津贴": "",
      "变动原因说明": "",
      "是否在股东或关联单位领取报酬津贴": "否",
      "在任与否": "是"
    },
    {
      "领导人姓名": "张九彧",
      "职位描述": "副总经理",
      "期初持股数": "",
      "期末持股数": "",
      "间接持股数": "",
      "从公司获得年度报酬总额": 235500,
      "补贴津贴": "",
      "变动原因说明": "",
      "是否在股东或关联单位领取报酬津贴": "否",
      "在任与否": "是"
    },
    {
      "领导人姓名": "叶绍义",
      "职位描述": "副总经理",
      "期初持股数": "",
      "期末持股数": "",
      "间接持股数": "",
      "从公司获得年度报酬总额": "",
      "补贴津贴": "",
      "变动原因说明": "",
      "是否在股东或关联单位领取报酬津贴": "",
      "在任与否": "否"
    },
    {
      "领导人姓名": "刘爽",
      "职位描述": "董事会秘书",
      "期初持股数": "",
      "期末持股数": "",
      "间接持股数": "",
      "从公司获得年度报酬总额": 785100,
      "补贴津贴": "",
      "变动原因说明": "",
      "是否在股东或关联单位领取报酬津贴": "否",
      "在任与否": "是"
    },
    {
      "领导人姓名": "武家新",
      "职位描述": "总法律顾问",
      "期初持股数": "",
      "期末持股数": 12700,
      "间接持股数": "",
      "从公司获得年度报酬总额": 830400,
      "补贴津贴": "",
      "变动原因说明": "",
      "是否在股东或关联单位领取报酬津贴": "否",
      "在任与否": "是"
    }
  ]
}

=== 000635-2026-04-21-英力特-2025年年度报告.pdf ===
{
  "Leader_Salary_data": {
    "实际所得报酬总额起始": "",
    "实际所得报酬总额截止": "",
    "实际所得报酬总额涉及人数": ""
  },
  "Leader_Hold_data": [
    {
      "领导人姓名": "李勇",
      "职位描述": "董事长",
      "期初持股数": "0",
      "期末持股数": "0",
      "间接持股数": "",
      "从公司获得年度报酬总额": "193400",
      "补贴津贴": "",
      "变动原因说明": "",
      "是否在股东或关联单位领取报酬津贴": "是",
      "在任与否": "是"
    },
    {
      "领导人姓名": "祁庆宁",
      "职位描述": "副董事长",
      "期初持股数": "0",
      "期末持股数": "0",
      "间接持股数": "",
      "从公司获得年度报酬总额": "",
      "补贴津贴": "",
      "变动原因说明": "",
      "是否在股东或关联单位领取报酬津贴": "是",
      "在任与否": "是"
    },
    {
      "领导人姓名": "李铁柱",
      "职位描述": "董事",
      "期初持股数": "0",
      "期末持股数": "0",
      "间接持股数": "",
      "从公司获得年度报酬总额": "0",
      "补贴津贴": "",
      "变动原因说明": "",
      "是否在股东或关联单位领取报酬津贴": "是",
      "在任与否": "是"
    },
    {
      "领导人姓名": "段春宁",
      "职位描述": "董事",
      "期初持股数": "0",
      "期末持股数": "0",
      "间接持股数": "",
      "从公司获得年度报酬总额": "0",
      "补贴津贴": "",
      "变动原因说明": "",
      "是否在股东或关联单位领取报酬津贴": "是",
      "在任与否": "是"
    },
    {
      "领导人姓名": "张永璞",
      "职位描述": "董事、总经理",
      "期初持股数": "13365",
      "期末持股数": "0",
      "间接持股数": "",
      "从公司获得年度报酬总额": "533200",
      "补贴津贴": "",
      "变动原因说明": "股权激励回购",
      "是否在股东或关联单位领取报酬津贴": "否",
      "在任与否": "是"
    },
    {
      "领导人姓名": "王斌",
      "职位描述": "独立董事",
      "期初持股数": "0",
      "期末持股数": "0",
      "间接持股数": "",
      "从公司获得年度报酬总额": "55000",
      "补贴津贴": "",
      "变动原因说明": "",
      "是否在股东或关联单位领取报酬津贴": "否",
      "在任与否": "是"
    },
    {
      "领导人姓名": "卢万明",
      "职位描述": "独立董事",
      "期初持股数": "0",
      "期末持股数": "0",
      "间接持股数": "",
      "从公司获得年度报酬总额": "55000",
      "补贴津贴": "",
      "变动原因说明": "",
      "是否在股东或关联单位领取报酬津贴": "否",
      "在任与否": "是"
    },
    {
      "领导人姓名": "赵恩慧",
      "职位描述": "独立董事",
      "期初持股数": "0",
      "期末持股数": "0",
      "间接持股数": "",
      "从公司获得年度报酬总额": "55000",
      "补贴津贴": "",
      "变动原因说明": "",
      "是否在股东或关联单位领取报酬津贴": "否",
      "在任与否": "是"
    },
    {
      "领导人姓名": "杨尚辉",
      "职位描述": "职工董事",
      "期初持股数": "4983",
      "期末持股数": "0",
      "间接持股数": "",
      "从公司获得年度报酬总额": "",
      "补贴津贴": "",
      "变动原因说明": "股权激励回购",
      "是否在股东或关联单位领取报酬津贴": "否",
      "在任与否": "是"
    },
    {
      "领导人姓名": "薛桂虎",
      "职位描述": "副总经理",
      "期初持股数": "13365",
      "期末持股数": "0",
      "间接持股数": "",
      "从公司获得年度报酬总额": "459500",
      "补贴津贴": "",
      "变动原因说明": "股权激励回购",
      "是否在股东或关联单位领取报酬津贴": "否",
      "在任与否": "是"
    },
    {
      "领导人姓名": "涂华东",
      "职位描述": "财务总监",
      "期初持股数": "0",
      "期末持股数": "0",
      "间接持股数": "",
      "从公司获得年度报酬总额": "476900",
      "补贴津贴": "",
      "变动原因说明": "",
      "是否在股东或关联单位领取报酬津贴": "否",
      "在任与否": "是"
    },
    {
      "领导人姓名": "史河宁",
      "职位描述": "副总经理、总工程师",
      "期初持股数": "13365",
      "期末持股数": "0",
      "间接持股数": "",
      "从公司获得年度报酬总额": "463200",
      "补贴津贴": "",
      "变动原因说明": "股权激励回购",
      "是否在股东或关联单位领取报酬津贴": "否",
      "在任与否": "是"
    },
    {
      "领导人姓名": "刘雨",
      "职位描述": "副总经理、董事会秘书",
      "期初持股数": "0",
      "期末持股数": "0",
      "间接持股数": "",
      "从公司获得年度报酬总额": "443600",
      "补贴津贴": "",
      "变动原因说明": "",
      "是否在股东或关联单位领取报酬津贴": "否",
      "在任与否": "是"
    },
    {
      "领导人姓名": "郭吉",
      "职位描述": "副总经理",
      "期初持股数": "4983",
      "期末持股数": "0",
      "间接持股数": "",
      "从公司获得年度报酬总额": "460900",
      "补贴津贴": "",
      "变动原因说明": "股权激励回购",
      "是否在股东或关联单位领取报酬津贴": "否",
      "在任与否": "是"
    },
    {
      "领导人姓名": "田少平",
      "职位描述": "董事长",
      "期初持股数": "15345",
      "期末持股数": "0",
      "间接持股数": "",
      "从公司获得年度报酬总额": "339800",
      "补贴津贴": "",
      "变动原因说明": "",
      "是否在股东或关联单位领取报酬津贴": "是",
      "在任与否": "否"
    },
    {
      "领导人姓名": "禹红杰",
      "职位描述": "副董事长",
      "期初持股数": "0",
      "期末持股数": "0",
      "间接持股数": "",
      "从公司获得年度报酬总额": "0",
      "补贴津贴": "",
      "变动原因说明": "",
      "是否在股东或关联单位领取报酬津贴": "是",
      "在任与否": "否"
    },
    {
      "领导人姓名": "徐萌萌",
      "职位描述": "董事",
      "期初持股数": "0",
      "期末持股数": "0",
      "间接持股数": "",
      "从公司获得年度报酬总额": "0",
      "补贴津贴": "",
      "变动原因说明": "",
      "是否在股东或关联单位领取报酬津贴": "是",
      "在任与否": "否"
    },
    {
      "领导人姓名": "眭明忠",
      "职位描述": "副董事长",
      "期初持股数": "0",
      "期末持股数": "0",
      "间接持股数": "",
      "从公司获得年度报酬总额": "399600",
      "补贴津贴": "",
      "变动原因说明": "",
      "是否在股东或关联单位领取报酬津贴": "是",
      "在任与否": "否"
    },
    {
      "领导人姓名": "刘作皇",
      "职位描述": "职工董事",
      "期初持股数": "4455",
      "期末持股数": "0",
      "间接持股数": "",
      "从公司获得年度报酬总额": "333000",
      "补贴津贴": "",
      "变动原因说明": "股权激励回购",
      "是否在股东或关联单位领取报酬津贴": "否",
      "在任与否": "否"
    }
  ]
}

=== 000728-2026-04-21-国元证券-2025年年度报告.pdf ===
{
  "Leader_Salary_data": {
    "实际所得报酬总额起始": "",
    "实际所得报酬总额截止": "",
    "实际所得报酬总额涉及人数": ""
  },
  "Leader_Hold_data": [
    {
      "领导人姓名": "沈和付",
      "职位描述": "董事长、董事",
      "期初持股数": "0",
      "期末持股数": "0",
      "间接持股数": "",
      "从公司获得年度报酬总额": "1167100",
      "补贴津贴": "",
      "变动原因说明": "",
      "是否在股东或关联单位领取报酬津贴": "否",
      "在任与否": "是"
    },
    {
      "领导人姓名": "许植",
      "职位描述": "董事",
      "期初持股数": "0",
      "期末持股数": "0",
      "间接持股数": "",
      "从公司获得年度报酬总额": "",
      "补贴津贴": "",
      "变动原因说明": "",
      "是否在股东或关联单位领取报酬津贴": "是",
      "在任与否": "是"
    },
    {
      "领导人姓名": "胡伟",
      "职位描述": "董事、执行委员会主任、总裁",
      "期初持股数": "0",
      "期末持股数": "0",
      "间接持股数": "",
      "从公司获得年度报酬总额": "1167100",
      "补贴津贴": "",
      "变动原因说明": "",
      "是否在股东或关联单位领取报酬津贴": "否",
      "在任与否": "是"
    },
    {
      "领导人姓名": "于强",
      "职位描述": "董事",
      "期初持股数": "0",
      "期末持股数": "0",
      "间接持股数": "",
      "从公司获得年度报酬总额": "",
      "补贴津贴": "",
      "变动原因说明": "",
      "是否在股东或关联单位领取报酬津贴": "是",
      "在任与否": "是"
    },
    {
      "领导人姓名": "高园园",
      "职位描述": "董事",
      "期初持股数": "0",
      "期末持股数": "0",
      "间接持股数": "",
      "从公司获得年度报酬总额": "",
      "补贴津贴": "",
      "变动原因说明": "",
      "是否在股东或关联单位领取报酬津贴": "是",
      "在任与否": "是"
    },
    {
      "领导人姓名": "沈春水",
      "职位描述": "董事",
      "期初持股数": "0",
      "期末持股数": "0",
      "间接持股数": "",
      "从公司获得年度报酬总额": "",
      "补贴津贴": "",
      "变动原因说明": "",
      "是否在股东或关联单位领取报酬津贴": "是",
      "在任与否": "是"
    },
    {
      "领导人姓名": "孙先武",
      "职位描述": "董事",
      "期初持股数": "0",
      "期末持股数": "0",
      "间接持股数": "",
      "从公司获得年度报酬总额": "",
      "补贴津贴": "",
      "变动原因说明": "",
      "是否在股东或关联单位领取报酬津贴": "是",
      "在任与否": "是"
    },
    {
      "领导人姓名": "左江",
      "职位描述": "董事",
      "期初持股数": "0",
      "期末持股数": "0",
      "间接持股数": "",
      "从公司获得年度报酬总额": "",
      "补贴津贴": "",
      "变动原因说明": "",
      "是否在股东或关联单位领取报酬津贴": "是",
      "在任与否": "是"
    },
    {
      "领导人姓名": "王大庆",
      "职位描述": "职工董事",
      "期初持股数": "0",
      "期末持股数": "0",
      "间接持股数": "",
      "从公司获得年度报酬总额": "1356100",
      "补贴津贴": "",
      "变动原因说明": "",
      "是否在股东或关联单位领取报酬津贴": "否",
      "在任与否": "是"
    },
    {
      "领导人姓名": "鲁炜",
      "职位描述": "独立董事",
      "期初持股数": "0",
      "期末持股数": "0",
      "间接持股数": "",
      "从公司获得年度报酬总额": "160000",
      "补贴津贴": "",
      "变动原因说明": "",
      "是否在股东或关联单位领取报酬津贴": "否",
      "在任与否": "是"
    },
    {
      "领导人姓名": "阎焱",
      "职位描述": "独立董事",
      "期初持股数": "0",
      "期末持股数": "0",
      "间接持股数": "",
      "从公司获得年度报酬总额": "160000",
      "补贴津贴": "",
      "变动原因说明": "",
      "是否在股东或关联单位领取报酬津贴": "是",
      "在任与否": "是"
    },
    {
      "领导人姓名": "郎元鹏",
      "职位描述": "独立董事",
      "期初持股数": "1000",
      "期末持股数": "1000",
      "间接持股数": "",
      "从公司获得年度报酬总额": "160000",
      "补贴津贴": "",
      "变动原因说明": "",
      "是否在股东或关联单位领取报酬津贴": "否",
      "在任与否": "是"
    },
    {
      "领导人姓名": "任明川",
      "职位描述": "独立董事",
      "期初持股数": "0",
      "期末持股数": "0",
      "间接持股数": "",
      "从公司获得年度报酬总额": "",
      "补贴津贴": "",
      "变动原因说明": "",
      "是否在股东或关联单位领取报酬津贴": "否",
      "在任与否": "是"
    },
    {
      "领导人姓名": "蒋翠清",
      "职位描述": "独立董事",
      "期初持股数": "0",
      "期末持股数": "0",
      "间接持股数": "",
      "从公司获得年度报酬总额": "",
      "补贴津贴": "",
      "变动原因说明": "",
      "是否在股东或关联单位领取报酬津贴": "否",
      "在任与否": "是"
    },
    {
      "领导人姓名": "司开铭",
      "职位描述": "执行委员会委员、总会计师",
      "期初持股数": "0",
      "期末持股数": "0",
      "间接持股数": "",
      "从公司获得年度报酬总额": "992000",
      "补贴津贴": "",
      "变动原因说明": "",
      "是否在股东或关联单位领取报酬津贴": "否",
      "在任与否": "是"
    },
    {
      "领导人姓名": "陈宁",
      "职位描述": "执行委员会委员、副总裁",
      "期初持股数": "0",
      "期末持股数": "0",
      "间接持股数": "",
      "从公司获得年度报酬总额": "992000",
      "补贴津贴": "",
      "变动原因说明": "",
      "是否在股东或关联单位领取报酬津贴": "否",
      "在任与否": "是"
    },
    {
      "领导人姓名": "梁化彬",
      "职位描述": "执行委员会委员、副总裁",
      "期初持股数": "0",
      "期末持股数": "0",
      "间接持股数": "",
      "从公司获得年度报酬总额": "992000",
      "补贴津贴": "",
      "变动原因说明": "",
      "是否在股东或关联单位领取报酬津贴": "否",
      "在任与否": "是"
    },
    {
      "领导人姓名": "李洲峰",
      "职位描述": "执行委员会委员、董事会秘书",
      "期初持股数": "0",
      "期末持股数": "0",
      "间接持股数": "",
      "从公司获得年度报酬总额": "992000",
      "补贴津贴": "",
      "变动原因说明": "",
      "是否在股东或关联单位领取报酬津贴": "否",
      "在任与否": "是"
    },
    {
      "领导人姓名": "唐亚湖",
      "职位描述": "执行委员会委员、首席风险官、合规总监",
      "期初持股数": "0",
      "期末持股数": "0",
      "间接持股数": "",
      "从公司获得年度报酬总额": "992000",
      "补贴津贴": "",
      "变动原因说明": "",
      "是否在股东或关联单位领取报酬津贴": "否",
      "在任与否": "是"
    },
    {
      "领导人姓名": "张国威",
      "职位描述": "执行委员会委员、首席信息官",
      "期初持股数": "0",
      "期末持股数": "0",
      "间接持股数": "",
      "从公司获得年度报酬总额": "788100",
      "补贴津贴": "",
      "变动原因说明": "",
      "是否在股东或关联单位领取报酬津贴": "否",
      "在任与否": "是"
    },
    {
      "领导人姓名": "黄越",
      "职位描述": "执行委员会委员",
      "期初持股数": "0",
      "期末持股数": "0",
      "间接持股数": "",
      "从公司获得年度报酬总额": "788100",
      "补贴津贴": "",
      "变动原因说明": "",
      "是否在股东或关联单位领取报酬津贴": "否",
      "在任与否": "是"
    },
    {
      "领导人姓名": "胡启胜",
      "职位描述": "董事",
      "期初持股数": "0",
      "期末持股数": "0",
      "间接持股数": "",
      "从公司获得年度报酬总额": "",
      "补贴津贴": "",
      "变动原因说明": "",
      "是否在股东或关联单位领取报酬津贴": "否",
      "在任与否": "否"
    },
    {
      "领导人姓名": "徐志翰",
      "职位描述": "独立董事",
      "期初持股数": "0",
      "期末持股数": "0",
      "间接持股数": "",
      "从公司获得年度报酬总额": "160000",
      "补贴津贴": "",
      "变动原因说明": "",
      "是否在股东或关联单位领取报酬津贴": "否",
      "在任与否": "否"
    },
    {
      "领导人姓名": "张本照",
      "职位描述": "独立董事",
      "期初持股数": "0",
      "期末持股数": "0",
      "间接持股数": "",
      "从公司获得年度报酬总额": "160000",
      "补贴津贴": "",
      "变动原因说明": "",
      "是否在股东或关联单位领取报酬津贴": "否",
      "在任与否": "否"
    },
    {
      "领导人姓名": "周立军",
      "职位描述": "执行委员会委员、首席信息官",
      "期初持股数": "0",
      "期末持股数": "0",
      "间接持股数": "",
      "从公司获得年度报酬总额": "34000",
      "补贴津贴": "",
      "变动原因说明": "",
      "是否在股东或关联单位领取报酬津贴": "否",
      "在任与否": "否"
    }
  ]
}

=== 000683-2026-04-21-博源化工-2025年年度报告.pdf ===
{
  "Leader_Salary_data": {
    "实际所得报酬总额起始": "",
    "实际所得报酬总额截止": "",
    "实际所得报酬总额涉及人数": ""
  },
  "Leader_Hold_data": [
    {
      "领导人姓名": "戴继锋",
      "职位描述": "董事长、董事",
      "期初持股数": "3600000",
      "期末持股数": "3600000",
      "间接持股数": "",
      "从公司获得年度报酬总额": "400000",
      "补贴津贴": "",
      "变动原因说明": "",
      "是否在股东或关联单位领取报酬津贴": "是",
      "在任与否": "是"
    },
    {
      "领导人姓名": "刘宝龙",
      "职位描述": "副董事长",
      "期初持股数": "4290000",
      "期末持股数": "4290000",
      "间接持股数": "",
      "从公司获得年度报酬总额": "1400600",
      "补贴津贴": "",
      "变动原因说明": "",
      "是否在股东或关联单位领取报酬津贴": "否",
      "在任与否": "是"
    },
    {
      "领导人姓名": "宋为兔",
      "职位描述": "董事",
      "期初持股数": "5610000",
      "期末持股数": "2310000",
      "间接持股数": "",
      "从公司获得年度报酬总额": "120000",
      "补贴津贴": "",
      "变动原因说明": "限制性股票回购注销",
      "是否在股东或关联单位领取报酬津贴": "是",
      "在任与否": "是"
    },
    {
      "领导人姓名": "邢占飞",
      "职位描述": "董事、总经理",
      "期初持股数": "0",
      "期末持股数": "0",
      "间接持股数": "",
      "从公司获得年度报酬总额": "1117200",
      "补贴津贴": "",
      "变动原因说明": "",
      "是否在股东或关联单位领取报酬津贴": "是",
      "在任与否": "是"
    },
    {
      "领导人姓名": "李永忠",
      "职位描述": "董事、职工董事",
      "期初持股数": "2200000",
      "期末持股数": "2200000",
      "间接持股数": "",
      "从公司获得年度报酬总额": "1043800",
      "补贴津贴": "",
      "变动原因说明": "",
      "是否在股东或关联单位领取报酬津贴": "是",
      "在任与否": "是"
    },
    {
      "领导人姓名": "纪玉虎",
      "职位描述": "董事、副总经理、董事会秘书",
      "期初持股数": "3800000",
      "期末持股数": "1400000",
      "间接持股数": "",
      "从公司获得年度报酬总额": "1134600",
      "补贴津贴": "",
      "变动原因说明": "限制性股票回购注销",
      "是否在股东或关联单位领取报酬津贴": "否",
      "在任与否": "是"
    },
    {
      "领导人姓名": "张世潮",
      "职位描述": "独立董事",
      "期初持股数": "0",
      "期末持股数": "0",
      "间接持股数": "",
      "从公司获得年度报酬总额": "150000",
      "补贴津贴": "",
      "变动原因说明": "",
      "是否在股东或关联单位领取报酬津贴": "否",
      "在任与否": "是"
    },
    {
      "领导人姓名": "董敏",
      "职位描述": "独立董事",
      "期初持股数": "",
      "期末持股数": "",
      "间接持股数": "",
      "从公司获得年度报酬总额": "150000",
      "补贴津贴": "",
      "变动原因说明": "",
      "是否在股东或关联单位领取报酬津贴": "否",
      "在任与否": "是"
    },
    {
      "领导人姓名": "李要合",
      "职位描述": "独立董事",
      "期初持股数": "0",
      "期末持股数": "0",
      "间接持股数": "",
      "从公司获得年度报酬总额": "150000",
      "补贴津贴": "",
      "变动原因说明": "",
      "是否在股东或关联单位领取报酬津贴": "否",
      "在任与否": "是"
    },
    {
      "领导人姓名": "华阳",
      "职位描述": "董事会秘书、副总经理",
      "期初持股数": "2400000",
      "期末持股数": "2400000",
      "间接持股数": "",
      "从公司获得年度报酬总额": "1114600",
      "补贴津贴": "",
      "变动原因说明": "",
      "是否在股东或关联单位领取报酬津贴": "是",
      "在任与否": "是"
    },
    {
      "领导人姓名": "高远",
      "职位描述": "副总经理",
      "期初持股数": "2420600",
      "期末持股数": "2420600",
      "间接持股数": "",
      "从公司获得年度报酬总额": "689200",
      "补贴津贴": "",
      "变动原因说明": "",
      "是否在股东或关联单位领取报酬津贴": "否",
      "在任与否": "是"
    },
    {
      "领导人姓名": "王彦华",
      "职位描述": "总工程师、副总经理",
      "期初持股数": "2400000",
      "期末持股数": "2400000",
      "间接持股数": "",
      "从公司获得年度报酬总额": "994600",
      "补贴津贴": "",
      "变动原因说明": "",
      "是否在股东或关联单位领取报酬津贴": "否",
      "在任与否": "是"
    },
    {
      "领导人姓名": "戴鹏程",
      "职位描述": "副总经理",
      "期初持股数": "8000",
      "期末持股数": "8000",
      "间接持股数": "",
      "从公司获得年度报酬总额": "1003600",
      "补贴津贴": "",
      "变动原因说明": "",
      "是否在股东或关联单位领取报酬津贴": "否",
      "在任与否": "是"
    },
    {
      "领导人姓名": "李君",
      "职位描述": "财务总监",
      "期初持股数": "0",
      "期末持股数": "0",
      "间接持股数": "",
      "从公司获得年度报酬总额": "1063600",
      "补贴津贴": "",
      "变动原因说明": "",
      "是否在股东或关联单位领取报酬津贴": "否",
      "在任与否": "是"
    },
    {
      "领导人姓名": "马玉莹",
      "职位描述": "总会计师",
      "期初持股数": "1800000",
      "期末持股数": "1800000",
      "间接持股数": "",
      "从公司获得年度报酬总额": "1003600",
      "补贴津贴": "",
      "变动原因说明": "",
      "是否在股东或关联单位领取报酬津贴": "否",
      "在任与否": "是"
    },
    {
      "领导人姓名": "孙朝晖",
      "职位描述": "董事、总经理",
      "期初持股数": "5000000",
      "期末持股数": "1400000",
      "间接持股数": "",
      "从公司获得年度报酬总额": "416200",
      "补贴津贴": "",
      "变动原因说明": "限制性股票回购注销",
      "是否在股东或关联单位领取报酬津贴": "是",
      "在任与否": "否"
    },
    {
      "领导人姓名": "张建春",
      "职位描述": "副总经理",
      "期初持股数": "2400000",
      "期末持股数": "1800000",
      "间接持股数": "",
      "从公司获得年度报酬总额": "154000",
      "补贴津贴": "",
      "变动原因说明": "限制性股票回购注销",
      "是否在股东或关联单位领取报酬津贴": "否",
      "在任与否": "否"
    },
    {
      "领导人姓名": "郝占标",
      "职位描述": "总经济师",
      "期初持股数": "3530000",
      "期末持股数": "2930000",
      "间接持股数": "",
      "从公司获得年度报酬总额": "154000",
      "补贴津贴": "",
      "变动原因说明": "限制性股票回购注销",
      "是否在股东或关联单位领取报酬津贴": "否",
      "在任与否": "否"
    }
  ]
}

=== 000889-2026-04-21-中嘉博创-2025年年度报告.pdf ===
{
  "Leader_Salary_data": {
    "实际所得报酬总额起始": "",
    "实际所得报酬总额截止": "",
    "实际所得报酬总额涉及人数": ""
  },
  "Leader_Hold_data": [
    {
      "领导人姓名": "吴鹰",
      "职位描述": "董事长、总裁",
      "期初持股数": "0",
      "期末持股数": "0",
      "间接持股数": "",
      "从公司获得年度报酬总额": "20000",
      "补贴津贴": "",
      "变动原因说明": "",
      "是否在股东或关联单位领取报酬津贴": "是",
      "在任与否": "是"
    },
    {
      "领导人姓名": "王辉",
      "职位描述": "独立董事",
      "期初持股数": "0",
      "期末持股数": "0",
      "间接持股数": "",
      "从公司获得年度报酬总额": "70000",
      "补贴津贴": "",
      "变动原因说明": "",
      "是否在股东或关联单位领取报酬津贴": "否",
      "在任与否": "是"
    },
    {
      "领导人姓名": "李占顺",
      "职位描述": "独立董事",
      "期初持股数": "0",
      "期末持股数": "0",
      "间接持股数": "",
      "从公司获得年度报酬总额": "64200",
      "补贴津贴": "",
      "变动原因说明": "",
      "是否在股东或关联单位领取报酬津贴": "否",
      "在任与否": "是"
    },
    {
      "领导人姓名": "雷敬华",
      "职位描述": "独立董事",
      "期初持股数": "0",
      "期末持股数": "0",
      "间接持股数": "",
      "从公司获得年度报酬总额": "",
      "补贴津贴": "",
      "变动原因说明": "",
      "是否在股东或关联单位领取报酬津贴": "",
      "在任与否": "是"
    },
    {
      "领导人姓名": "郭瀚",
      "职位描述": "董事",
      "期初持股数": "0",
      "期末持股数": "0",
      "间接持股数": "",
      "从公司获得年度报酬总额": "351500",
      "补贴津贴": "",
      "变动原因说明": "",
      "是否在股东或关联单位领取报酬津贴": "否",
      "在任与否": "是"
    },
    {
      "领导人姓名": "陈国平",
      "职位描述": "董事",
      "期初持股数": "0",
      "期末持股数": "0",
      "间接持股数": "",
      "从公司获得年度报酬总额": "20000",
      "补贴津贴": "",
      "变动原因说明": "",
      "是否在股东或关联单位领取报酬津贴": "是",
      "在任与否": "是"
    },
    {
      "领导人姓名": "鞠向东",
      "职位描述": "董事",
      "期初持股数": "0",
      "期末持股数": "0",
      "间接持股数": "",
      "从公司获得年度报酬总额": "560000",
      "补贴津贴": "",
      "变动原因说明": "",
      "是否在股东或关联单位领取报酬津贴": "否",
      "在任与否": "是"
    },
    {
      "领导人姓名": "胡峰",
      "职位描述": "独立董事",
      "期初持股数": "0",
      "期末持股数": "0",
      "间接持股数": "",
      "从公司获得年度报酬总额": "70000",
      "补贴津贴": "",
      "变动原因说明": "",
      "是否在股东或关联单位领取报酬津贴": "否",
      "在任与否": "否"
    },
    {
      "领导人姓名": "王岩",
      "职位描述": "独立董事",
      "期初持股数": "0",
      "期末持股数": "0",
      "间接持股数": "",
      "从公司获得年度报酬总额": "5800",
      "补贴津贴": "",
      "变动原因说明": "",
      "是否在股东或关联单位领取报酬津贴": "否",
      "在任与否": "否"
    },
    {
      "领导人姓名": "贾中伟",
      "职位描述": "财务总监",
      "期初持股数": "0",
      "期末持股数": "0",
      "间接持股数": "",
      "从公司获得年度报酬总额": "108000",
      "补贴津贴": "",
      "变动原因说明": "",
      "是否在股东或关联单位领取报酬津贴": "否",
      "在任与否": "是"
    },
    {
      "领导人姓名": "罗翼",
      "职位描述": "副总裁",
      "期初持股数": "0",
      "期末持股数": "0",
      "间接持股数": "",
      "从公司获得年度报酬总额": "736700",
      "补贴津贴": "",
      "变动原因说明": "",
      "是否在股东或关联单位领取报酬津贴": "否",
      "在任与否": "是"
    },
    {
      "领导人姓名": "张海英",
      "职位描述": "董事会秘书",
      "期初持股数": "18119",
      "期末持股数": "18119",
      "间接持股数": "",
      "从公司获得年度报酬总额": "46000",
      "补贴津贴": "",
      "变动原因说明": "",
      "是否在股东或关联单位领取报酬津贴": "否",
      "在任与否": "是"
    },
    {
      "领导人姓名": "林明",
      "职位描述": "总裁",
      "期初持股数": "0",
      "期末持股数": "0",
      "间接持股数": "",
      "从公司获得年度报酬总额": "50000",
      "补贴津贴": "",
      "变动原因说明": "",
      "是否在股东或关联单位领取报酬津贴": "否",
      "在任与否": "否"
    },
    {
      "领导人姓名": "李鹏宇",
      "职位描述": "财务总监、总裁",
      "期初持股数": "0",
      "期末持股数": "0",
      "间接持股数": "",
      "从公司获得年度报酬总额": "420000",
      "补贴津贴": "",
      "变动原因说明": "",
      "是否在股东或关联单位领取报酬津贴": "否",
      "在任与否": "否"
    }
  ]
}

=== 000819-2026-04-21-岳阳兴长-2025年年度报告.pdf ===
{
  "Leader_Salary_data": {
    "实际所得报酬总额起始": "",
    "实际所得报酬总额截止": "",
    "实际所得报酬总额涉及人数": ""
  },
  "Leader_Hold_data": [
    {
      "领导人姓名": "王妙云",
      "职位描述": "董事长、董事",
      "期初持股数": "",
      "期末持股数": "",
      "间接持股数": "",
      "从公司获得年度报酬总额": "0",
      "补贴津贴": "",
      "变动原因说明": "",
      "是否在股东或关联单位领取报酬津贴": "是",
      "在任与否": "是"
    },
    {
      "领导人姓名": "陈斌",
      "职位描述": "董事",
      "期初持股数": "",
      "期末持股数": "",
      "间接持股数": "",
      "从公司获得年度报酬总额": "0",
      "补贴津贴": "",
      "变动原因说明": "",
      "是否在股东或关联单位领取报酬津贴": "是",
      "在任与否": "是"
    },
    {
      "领导人姓名": "高卫国",
      "职位描述": "董事",
      "期初持股数": "",
      "期末持股数": "",
      "间接持股数": "",
      "从公司获得年度报酬总额": "0",
      "补贴津贴": "",
      "变动原因说明": "",
      "是否在股东或关联单位领取报酬津贴": "是",
      "在任与否": "是"
    },
    {
      "领导人姓名": "易辉",
      "职位描述": "董事",
      "期初持股数": "",
      "期末持股数": "",
      "间接持股数": "",
      "从公司获得年度报酬总额": "0",
      "补贴津贴": "",
      "变动原因说明": "",
      "是否在股东或关联单位领取报酬津贴": "是",
      "在任与否": "是"
    },
    {
      "领导人姓名": "赵烨",
      "职位描述": "董事",
      "期初持股数": "",
      "期末持股数": "",
      "间接持股数": "",
      "从公司获得年度报酬总额": "0",
      "补贴津贴": "",
      "变动原因说明": "",
      "是否在股东或关联单位领取报酬津贴": "否",
      "在任与否": "是"
    },
    {
      "领导人姓名": "付锋",
      "职位描述": "董事、党委书记、总经理",
      "期初持股数": "290000",
      "期末持股数": "290000",
      "间接持股数": "",
      "从公司获得年度报酬总额": "844400",
      "补贴津贴": "",
      "变动原因说明": "",
      "是否在股东或关联单位领取报酬津贴": "否",
      "在任与否": "是"
    },
    {
      "领导人姓名": "邹海波",
      "职位描述": "董事、党委书记、副总经理、董事会秘书",
      "期初持股数": "240000",
      "期末持股数": "240000",
      "间接持股数": "",
      "从公司获得年度报酬总额": "833900",
      "补贴津贴": "",
      "变动原因说明": "",
      "是否在股东或关联单位领取报酬津贴": "否",
      "在任与否": "是"
    },
    {
      "领导人姓名": "李国庆",
      "职位描述": "独立董事",
      "期初持股数": "",
      "期末持股数": "",
      "间接持股数": "",
      "从公司获得年度报酬总额": "100000",
      "补贴津贴": "100000",
      "变动原因说明": "",
      "是否在股东或关联单位领取报酬津贴": "否",
      "在任与否": "是"
    },
    {
      "领导人姓名": "何翼云",
      "职位描述": "独立董事",
      "期初持股数": "",
      "期末持股数": "",
      "间接持股数": "",
      "从公司获得年度报酬总额": "100000",
      "补贴津贴": "100000",
      "变动原因说明": "",
      "是否在股东或关联单位领取报酬津贴": "否",
      "在任与否": "是"
    },
    {
      "领导人姓名": "吴杰",
      "职位描述": "独立董事",
      "期初持股数": "",
      "期末持股数": "",
      "间接持股数": "",
      "从公司获得年度报酬总额": "50000",
      "补贴津贴": "50000",
      "变动原因说明": "",
      "是否在股东或关联单位领取报酬津贴": "否",
      "在任与否": "是"
    },
    {
      "领导人姓名": "郭剑锋",
      "职位描述": "独立董事",
      "期初持股数": "",
      "期末持股数": "",
      "间接持股数": "",
      "从公司获得年度报酬总额": "100000",
      "补贴津贴": "100000",
      "变动原因说明": "",
      "是否在股东或关联单位领取报酬津贴": "否",
      "在任与否": "是"
    },
    {
      "领导人姓名": "李湘波",
      "职位描述": "副总经理、财务负责人",
      "期初持股数": "240882",
      "期末持股数": "240000",
      "间接持股数": "",
      "从公司获得年度报酬总额": "724600",
      "补贴津贴": "",
      "变动原因说明": "",
      "是否在股东或关联单位领取报酬津贴": "否",
      "在任与否": "是"
    },
    {
      "领导人姓名": "霍国良",
      "职位描述": "副总经理",
      "期初持股数": "240000",
      "期末持股数": "240000",
      "间接持股数": "",
      "从公司获得年度报酬总额": "712800",
      "补贴津贴": "",
      "变动原因说明": "",
      "是否在股东或关联单位领取报酬津贴": "否",
      "在任与否": "是"
    },
    {
      "领导人姓名": "彭翰",
      "职位描述": "董事",
      "期初持股数": "",
      "期末持股数": "",
      "间接持股数": "",
      "从公司获得年度报酬总额": "0",
      "补贴津贴": "",
      "变动原因说明": "",
      "是否在股东或关联单位领取报酬津贴": "否",
      "在任与否": "否"
    },
    {
      "领导人姓名": "杨晓军",
      "职位描述": "监事",
      "期初持股数": "",
      "期末持股数": "",
      "间接持股数": "",
      "从公司获得年度报酬总额": "245800",
      "补贴津贴": "",
      "变动原因说明": "",
      "是否在股东或关联单位领取报酬津贴": "否",
      "在任与否": "是"
    },
    {
      "领导人姓名": "王珏",
      "职位描述": "监事",
      "期初持股数": "",
      "期末持股数": "",
      "间接持股数": "",
      "从公司获得年度报酬总额": "347800",
      "补贴津贴": "",
      "变动原因说明": "",
      "是否在股东或关联单位领取报酬津贴": "否",
      "在任与否": "是"
    },
    {
      "领导人姓名": "李建峰",
      "职位描述": "监事",
      "期初持股数": "",
      "期末持股数": "",
      "间接持股数": "",
      "从公司获得年度报酬总额": "0",
      "补贴津贴": "",
      "变动原因说明": "",
      "是否在股东或关联单位领取报酬津贴": "是",
      "在任与否": "是"
    },
    {
      "领导人姓名": "李菊君",
      "职位描述": "监事",
      "期初持股数": "",
      "期末持股数": "",
      "间接持股数": "",
      "从公司获得年度报酬总额": "0",
      "补贴津贴": "",
      "变动原因说明": "",
      "是否在股东或关联单位领取报酬津贴": "是",
      "在任与否": "是"
    },
    {
      "领导人姓名": "彭亮",
      "职位描述": "监事",
      "期初持股数": "",
      "期末持股数": "",
      "间接持股数": "",
      "从公司获得年度报酬总额": "0",
      "补贴津贴": "",
      "变动原因说明": "",
      "是否在股东或关联单位领取报酬津贴": "是",
      "在任与否": "是"
    }
  ]
}

=== 001382-2026-04-21-新亚电缆-2025年年度报告.pdf ===
{
  "Leader_Salary_data": {
    "实际所得报酬总额起始": "",
    "实际所得报酬总额截止": "",
    "实际所得报酬总额涉及人数": ""
  },
  "Leader_Hold_data": [
    {
      "领导人姓名": "陈家锦",
      "职位描述": "董事长",
      "期初持股数": "164000000",
      "期末持股数": "164000000",
      "间接持股数": "",
      "从公司获得年度报酬总额": "120000",
      "补贴津贴": "120000",
      "变动原因说明": "",
      "是否在股东或关联单位领取报酬津贴": "否",
      "在任与否": "是"
    },
    {
      "领导人姓名": "陈志辉",
      "职位描述": "董事、总经理",
      "期初持股数": "82000000",
      "期末持股数": "82000000",
      "间接持股数": "",
      "从公司获得年度报酬总额": "744800",
      "补贴津贴": "",
      "变动原因说明": "",
      "是否在股东或关联单位领取报酬津贴": "否",
      "在任与否": "是"
    },
    {
      "领导人姓名": "陈伟杰",
      "职位描述": "董事",
      "期初持股数": "41000000",
      "期末持股数": "41000000",
      "间接持股数": "",
      "从公司获得年度报酬总额": "120000",
      "补贴津贴": "120000",
      "变动原因说明": "",
      "是否在股东或关联单位领取报酬津贴": "是",
      "在任与否": "是"
    },
    {
      "领导人姓名": "潘泽国",
      "职位描述": "职工代表董事、副总经理、董事、董事会秘书",
      "期初持股数": "0",
      "期末持股数": "0",
      "间接持股数": "",
      "从公司获得年度报酬总额": "685200",
      "补贴津贴": "",
      "变动原因说明": "",
      "是否在股东或关联单位领取报酬津贴": "否",
      "在任与否": "是"
    },
    {
      "领导人姓名": "蒲丹琳",
      "职位描述": "董事",
      "期初持股数": "0",
      "期末持股数": "0",
      "间接持股数": "",
      "从公司获得年度报酬总额": "72000",
      "补贴津贴": "72000",
      "变动原因说明": "",
      "是否在股东或关联单位领取报酬津贴": "否",
      "在任与否": "是"
    },
    {
      "领导人姓名": "段礼乐",
      "职位描述": "独立董事",
      "期初持股数": "0",
      "期末持股数": "0",
      "间接持股数": "",
      "从公司获得年度报酬总额": "72000",
      "补贴津贴": "72000",
      "变动原因说明": "",
      "是否在股东或关联单位领取报酬津贴": "否",
      "在任与否": "是"
    },
    {
      "领导人姓名": "罗桃",
      "职位描述": "独立董事",
      "期初持股数": "0",
      "期末持股数": "0",
      "间接持股数": "",
      "从公司获得年度报酬总额": "72000",
      "补贴津贴": "72000",
      "变动原因说明": "",
      "是否在股东或关联单位领取报酬津贴": "否",
      "在任与否": "是"
    },
    {
      "领导人姓名": "胡元",
      "职位描述": "财务总监",
      "期初持股数": "0",
      "期末持股数": "0",
      "间接持股数": "",
      "从公司获得年度报酬总额": "945300",
      "补贴津贴": "",
      "变动原因说明": "",
      "是否在股东或关联单位领取报酬津贴": "否",
      "在任与否": "是"
    },
    {
      "领导人姓名": "何云平",
      "职位描述": "副总经理",
      "期初持股数": "0",
      "期末持股数": "0",
      "间接持股数": "",
      "从公司获得年度报酬总额": "548800",
      "补贴津贴": "",
      "变动原因说明": "",
      "是否在股东或关联单位领取报酬津贴": "否",
      "在任与否": "是"
    },
    {
      "领导人姓名": "贾金平",
      "职位描述": "副总经理",
      "期初持股数": "0",
      "期末持股数": "0",
      "间接持股数": "",
      "从公司获得年度报酬总额": "376700",
      "补贴津贴": "",
      "变动原因说明": "",
      "是否在股东或关联单位领取报酬津贴": "否",
      "在任与否": "是"
    },
    {
      "领导人姓名": "张家军",
      "职位描述": "董事会秘书",
      "期初持股数": "0",
      "期末持股数": "0",
      "间接持股数": "",
      "从公司获得年度报酬总额": "324400",
      "补贴津贴": "",
      "变动原因说明": "",
      "是否在股东或关联单位领取报酬津贴": "否",
      "在任与否": "是"
    }
  ]
}

=== 001338-2026-04-21-永顺泰-2025年年度报告.pdf ===
{
  "Leader_Salary_data": {
    "实际所得报酬总额起始": "",
    "实际所得报酬总额截止": "",
    "实际所得报酬总额涉及人数": ""
  },
  "Leader_Hold_data": [
    {
      "领导人姓名": "强威",
      "职位描述": "董事长",
      "期初持股数": "",
      "期末持股数": "",
      "间接持股数": "",
      "从公司获得年度报酬总额": "",
      "补贴津贴": "",
      "变动原因说明": "",
      "是否在股东或关联单位领取报酬津贴": "是",
      "在任与否": "是"
    },
    {
      "领导人姓名": "张前",
      "职位描述": "总经理、董事",
      "期初持股数": "",
      "期末持股数": "",
      "间接持股数": "",
      "从公司获得年度报酬总额": "1271100",
      "补贴津贴": "",
      "变动原因说明": "",
      "是否在股东或关联单位领取报酬津贴": "否",
      "在任与否": "是"
    },
    {
      "领导人姓名": "曾勇",
      "职位描述": "董事、副总经理",
      "期初持股数": "",
      "期末持股数": "",
      "间接持股数": "",
      "从公司获得年度报酬总额": "1121600",
      "补贴津贴": "",
      "变动原因说明": "",
      "是否在股东或关联单位领取报酬津贴": "否",
      "在任与否": "是"
    },
    {
      "领导人姓名": "冯庆春",
      "职位描述": "董事",
      "期初持股数": "",
      "期末持股数": "",
      "间接持股数": "",
      "从公司获得年度报酬总额": "",
      "补贴津贴": "",
      "变动原因说明": "",
      "是否在股东或关联单位领取报酬津贴": "是",
      "在任与否": "是"
    },
    {
      "领导人姓名": "周涛",
      "职位描述": "董事、财务总监",
      "期初持股数": "",
      "期末持股数": "",
      "间接持股数": "",
      "从公司获得年度报酬总额": "747700",
      "补贴津贴": "",
      "变动原因说明": "",
      "是否在股东或关联单位领取报酬津贴": "是",
      "在任与否": "是"
    },
    {
      "领导人姓名": "肖昭义",
      "职位描述": "董事",
      "期初持股数": "",
      "期末持股数": "",
      "间接持股数": "",
      "从公司获得年度报酬总额": "89000",
      "补贴津贴": "89000",
      "变动原因说明": "",
      "是否在股东或关联单位领取报酬津贴": "是",
      "在任与否": "是"
    },
    {
      "领导人姓名": "陆健",
      "职位描述": "独立董事",
      "期初持股数": "",
      "期末持股数": "",
      "间接持股数": "",
      "从公司获得年度报酬总额": "80000",
      "补贴津贴": "80000",
      "变动原因说明": "",
      "是否在股东或关联单位领取报酬津贴": "否",
      "在任与否": "是"
    },
    {
      "领导人姓名": "陈敏",
      "职位描述": "独立董事",
      "期初持股数": "",
      "期末持股数": "",
      "间接持股数": "",
      "从公司获得年度报酬总额": "80000",
      "补贴津贴": "80000",
      "变动原因说明": "",
      "是否在股东或关联单位领取报酬津贴": "否",
      "在任与否": "是"
    },
    {
      "领导人姓名": "王卫永",
      "职位描述": "独立董事",
      "期初持股数": "",
      "期末持股数": "",
      "间接持股数": "",
      "从公司获得年度报酬总额": "80000",
      "补贴津贴": "80000",
      "变动原因说明": "",
      "是否在股东或关联单位领取报酬津贴": "否",
      "在任与否": "是"
    },
    {
      "领导人姓名": "张力文",
      "职位描述": "副总经理",
      "期初持股数": "",
      "期末持股数": "",
      "间接持股数": "",
      "从公司获得年度报酬总额": "1121600",
      "补贴津贴": "",
      "变动原因说明": "",
      "是否在股东或关联单位领取报酬津贴": "否",
      "在任与否": "是"
    },
    {
      "领导人姓名": "张楠",
      "职位描述": "副总经理",
      "期初持股数": "",
      "期末持股数": "",
      "间接持股数": "",
      "从公司获得年度报酬总额": "934700",
      "补贴津贴": "",
      "变动原因说明": "",
      "是否在股东或关联单位领取报酬津贴": "否",
      "在任与否": "是"
    },
    {
      "领导人姓名": "陈兆锋",
      "职位描述": "副总经理",
      "期初持股数": "",
      "期末持股数": "",
      "间接持股数": "",
      "从公司获得年度报酬总额": "",
      "补贴津贴": "",
      "变动原因说明": "",
      "是否在股东或关联单位领取报酬津贴": "否",
      "在任与否": "是"
    },
    {
      "领导人姓名": "汪泽海",
      "职位描述": "总法律顾问",
      "期初持股数": "",
      "期末持股数": "",
      "间接持股数": "",
      "从公司获得年度报酬总额": "619200",
      "补贴津贴": "",
      "变动原因说明": "",
      "是否在股东或关联单位领取报酬津贴": "否",
      "在任与否": "是"
    },
    {
      "领导人姓名": "温敏",
      "职位描述": "董事会秘书",
      "期初持股数": "",
      "期末持股数": "",
      "间接持股数": "",
      "从公司获得年度报酬总额": "649800",
      "补贴津贴": "",
      "变动原因说明": "",
      "是否在股东或关联单位领取报酬津贴": "否",
      "在任与否": "是"
    },
    {
      "领导人姓名": "高荣利",
      "职位描述": "董事长",
      "期初持股数": "",
      "期末持股数": "",
      "间接持股数": "",
      "从公司获得年度报酬总额": "249300",
      "补贴津贴": "",
      "变动原因说明": "",
      "是否在股东或关联单位领取报酬津贴": "否",
      "在任与否": "否"
    },
    {
      "领导人姓名": "朱光",
      "职位描述": "董事",
      "期初持股数": "",
      "期末持股数": "",
      "间接持股数": "",
      "从公司获得年度报酬总额": "",
      "补贴津贴": "",
      "变动原因说明": "",
      "是否在股东或关联单位领取报酬津贴": "是",
      "在任与否": "否"
    },
    {
      "领导人姓名": "林如海",
      "职位描述": "董事",
      "期初持股数": "",
      "期末持股数": "",
      "间接持股数": "",
      "从公司获得年度报酬总额": "",
      "补贴津贴": "",
      "变动原因说明": "",
      "是否在股东或关联单位领取报酬津贴": "否",
      "在任与否": "否"
    },
    {
      "领导人姓名": "伍兴龙",
      "职位描述": "董事",
      "期初持股数": "",
      "期末持股数": "",
      "间接持股数": "",
      "从公司获得年度报酬总额": "",
      "补贴津贴": "",
      "变动原因说明": "",
      "是否在股东或关联单位领取报酬津贴": "是",
      "在任与否": "否"
    }
  ]
}

=== 000948-2026-04-21-南天信息-2025年年度报告.pdf ===
{
  "Leader_Salary_data": {
    "实际所得报酬总额起始": "",
    "实际所得报酬总额截止": "",
    "实际所得报酬总额涉及人数": ""
  },
  "Leader_Hold_data": [
    {
      "领导人姓名": "徐宏灿",
      "职位描述": "董事长、董事",
      "期初持股数": "234003",
      "期末持股数": "174003",
      "间接持股数": "",
      "从公司获得年度报酬总额": "896200",
      "补贴津贴": "",
      "变动原因说明": "限制性股票激励计划第三个解除限售期解除限售条件未成就，其所持有的剩余限制性股票60,000股已回购注销。",
      "是否在股东或关联单位领取报酬津贴": "否",
      "在任与否": "是"
    },
    {
      "领导人姓名": "陈宇峰",
      "职位描述": "副董事长、董事、总裁",
      "期初持股数": "0",
      "期末持股数": "0",
      "间接持股数": "",
      "从公司获得年度报酬总额": "896200",
      "补贴津贴": "",
      "变动原因说明": "无",
      "是否在股东或关联单位领取报酬津贴": "否",
      "在任与否": "是"
    },
    {
      "领导人姓名": "熊辉",
      "职位描述": "董事、副总裁",
      "期初持股数": "180000",
      "期末持股数": "126000",
      "间接持股数": "",
      "从公司获得年度报酬总额": "1092600",
      "补贴津贴": "",
      "变动原因说明": "限制性股票激励计划第三个解除限售期解除限售条件未成就，其所持有的剩余限制性股票54,000股已回购注销。",
      "是否在股东或关联单位领取报酬津贴": "否",
      "在任与否": "是"
    },
    {
      "领导人姓名": "闫春光",
      "职位描述": "董事、财务总监",
      "期初持股数": "120000",
      "期末持股数": "63000",
      "间接持股数": "",
      "从公司获得年度报酬总额": "195000",
      "补贴津贴": "",
      "变动原因说明": "限制性股票激励计划第三个解除限售期解除限售条件未成就，其所持有的剩余限制性股票36,000股已回购注销；公司高管离任后已满六个月，每年可转让其所持股份总数的25%。",
      "是否在股东或关联单位领取报酬津贴": "否",
      "在任与否": "否"
    },
    {
      "领导人姓名": "郑勇勇",
      "职位描述": "董事、财务总监",
      "期初持股数": "0",
      "期末持股数": "0",
      "间接持股数": "",
      "从公司获得年度报酬总额": "601200",
      "补贴津贴": "",
      "变动原因说明": "无",
      "是否在股东或关联单位领取报酬津贴": "否",
      "在任与否": "是"
    },
    {
      "领导人姓名": "王琨",
      "职位描述": "董事",
      "期初持股数": "0",
      "期末持股数": "0",
      "间接持股数": "",
      "从公司获得年度报酬总额": "0",
      "补贴津贴": "",
      "变动原因说明": "无",
      "是否在股东或关联单位领取报酬津贴": "是",
      "在任与否": "是"
    },
    {
      "领导人姓名": "喻强",
      "职位描述": "董事",
      "期初持股数": "0",
      "期末持股数": "0",
      "间接持股数": "",
      "从公司获得年度报酬总额": "0",
      "补贴津贴": "",
      "变动原因说明": "无",
      "是否在股东或关联单位领取报酬津贴": "是",
      "在任与否": "是"
    },
    {
      "领导人姓名": "张旭明",
      "职位描述": "独立董事",
      "期初持股数": "0",
      "期末持股数": "0",
      "间接持股数": "",
      "从公司获得年度报酬总额": "120000",
      "补贴津贴": "",
      "变动原因说明": "无",
      "是否在股东或关联单位领取报酬津贴": "否",
      "在任与否": "是"
    },
    {
      "领导人姓名": "刘洋",
      "职位描述": "独立董事",
      "期初持股数": "0",
      "期末持股数": "0",
      "间接持股数": "",
      "从公司获得年度报酬总额": "120000",
      "补贴津贴": "",
      "变动原因说明": "无",
      "是否在股东或关联单位领取报酬津贴": "否",
      "在任与否": "是"
    },
    {
      "领导人姓名": "李红琨",
      "职位描述": "独立董事",
      "期初持股数": "0",
      "期末持股数": "0",
      "间接持股数": "",
      "从公司获得年度报酬总额": "120000",
      "补贴津贴": "",
      "变动原因说明": "无",
      "是否在股东或关联单位领取报酬津贴": "否",
      "在任与否": "是"
    },
    {
      "领导人姓名": "何立",
      "职位描述": "副总裁",
      "期初持股数": "180000",
      "期末持股数": "126000",
      "间接持股数": "",
      "从公司获得年度报酬总额": "1008900",
      "补贴津贴": "",
      "变动原因说明": "限制性股票激励计划第三个解除限售期解除限售条件未成就，其所持有的剩余限制性股票54,000股已回购注销。",
      "是否在股东或关联单位领取报酬津贴": "否",
      "在任与否": "是"
    },
    {
      "领导人姓名": "赵起高",
      "职位描述": "董事会秘书、总法律顾问",
      "期初持股数": "160000",
      "期末持股数": "112000",
      "间接持股数": "",
      "从公司获得年度报酬总额": "811500",
      "补贴津贴": "",
      "变动原因说明": "限制性股票激励计划第三个解除限售期解除限售条件未成就，其所持有的剩余限制性股票48,000股已回购注销。",
      "是否在股东或关联单位领取报酬津贴": "否",
      "在任与否": "是"
    },
    {
      "领导人姓名": "谢海英",
      "职位描述": "副总裁",
      "期初持股数": "90000",
      "期末持股数": "63000",
      "间接持股数": "",
      "从公司获得年度报酬总额": "823700",
      "补贴津贴": "",
      "变动原因说明": "限制性股票激励计划第三个解除限售期解除限售条件未成就，其所持有的剩余限制性股票27,000股已回购注销。",
      "是否在股东或关联单位领取报酬津贴": "否",
      "在任与否": "是"
    },
    {
      "领导人姓名": "郁杨",
      "职位描述": "副总裁",
      "期初持股数": "90250",
      "期末持股数": "63250",
      "间接持股数": "",
      "从公司获得年度报酬总额": "840700",
      "补贴津贴": "",
      "变动原因说明": "限制性股票激励计划第三个解除限售期解除限售条件未成就，其所持有的剩余限制性股票27,000股已回购注销。",
      "是否在股东或关联单位领取报酬津贴": "否",
      "在任与否": "是"
    },
    {
      "领导人姓名": "许宁",
      "职位描述": "副总裁",
      "期初持股数": "180000",
      "期末持股数": "126000",
      "间接持股数": "",
      "从公司获得年度报酬总额": "931600",
      "补贴津贴": "",
      "变动原因说明": "限制性股票激励计划第三个解除限售期解除限售条件未成就，其所持有的剩余限制性股票54,000股已回购注销。",
      "是否在股东或关联单位领取报酬津贴": "否",
      "在任与否": "是"
    }
  ]
}

=== 002010-2026-04-21-传化智联-2025年年度报告.pdf ===
{
  "Leader_Salary_data": {
    "实际所得报酬总额起始": "",
    "实际所得报酬总额截止": "",
    "实际所得报酬总额涉及人数": ""
  },
  "Leader_Hold_data": [
    {
      "领导人姓名": "周家海",
      "职位描述": "董事长、董事",
      "期初持股数": "2000000",
      "期末持股数": "2000000",
      "间接持股数": "",
      "从公司获得年度报酬总额": "2207000",
      "补贴津贴": "",
      "变动原因说明": "",
      "是否在股东或关联单位领取报酬津贴": "否",
      "在任与否": "是"
    },
    {
      "领导人姓名": "周升学",
      "职位描述": "董事、总经理",
      "期初持股数": "420000",
      "期末持股数": "420000",
      "间接持股数": "",
      "从公司获得年度报酬总额": "1509700",
      "补贴津贴": "",
      "变动原因说明": "",
      "是否在股东或关联单位领取报酬津贴": "否",
      "在任与否": "是"
    },
    {
      "领导人姓名": "屈亚平",
      "职位描述": "董事、副总经理",
      "期初持股数": "",
      "期末持股数": "",
      "间接持股数": "",
      "从公司获得年度报酬总额": "1707600",
      "补贴津贴": "",
      "变动原因说明": "",
      "是否在股东或关联单位领取报酬津贴": "否",
      "在任与否": "是"
    },
    {
      "领导人姓名": "朱江英",
      "职位描述": "董事、副总经理、董事会秘书",
      "期初持股数": "420000",
      "期末持股数": "420000",
      "间接持股数": "",
      "从公司获得年度报酬总额": "1160500",
      "补贴津贴": "",
      "变动原因说明": "",
      "是否在股东或关联单位领取报酬津贴": "否",
      "在任与否": "是"
    },
    {
      "领导人姓名": "傅幼林",
      "职位描述": "职工董事",
      "期初持股数": "",
      "期末持股数": "320000",
      "间接持股数": "",
      "从公司获得年度报酬总额": "1940000",
      "补贴津贴": "",
      "变动原因说明": "就任职工董事前交易",
      "是否在股东或关联单位领取报酬津贴": "否",
      "在任与否": "是"
    },
    {
      "领导人姓名": "陈劲",
      "职位描述": "独立董事",
      "期初持股数": "",
      "期末持股数": "",
      "间接持股数": "",
      "从公司获得年度报酬总额": "80000",
      "补贴津贴": "",
      "变动原因说明": "",
      "是否在股东或关联单位领取报酬津贴": "否",
      "在任与否": "是"
    },
    {
      "领导人姓名": "何圣东",
      "职位描述": "独立董事",
      "期初持股数": "",
      "期末持股数": "",
      "间接持股数": "",
      "从公司获得年度报酬总额": "80000",
      "补贴津贴": "",
      "变动原因说明": "",
      "是否在股东或关联单位领取报酬津贴": "否",
      "在任与否": "是"
    },
    {
      "领导人姓名": "章国标",
      "职位描述": "独立董事",
      "期初持股数": "",
      "期末持股数": "",
      "间接持股数": "",
      "从公司获得年度报酬总额": "49200",
      "补贴津贴": "",
      "变动原因说明": "",
      "是否在股东或关联单位领取报酬津贴": "否",
      "在任与否": "是"
    },
    {
      "领导人姓名": "徐炎",
      "职位描述": "副总经理",
      "期初持股数": "441203",
      "期末持股数": "441203",
      "间接持股数": "",
      "从公司获得年度报酬总额": "1542100",
      "补贴津贴": "",
      "变动原因说明": "",
      "是否在股东或关联单位领取报酬津贴": "否",
      "在任与否": "是"
    },
    {
      "领导人姓名": "王胜鹏",
      "职位描述": "副总经理",
      "期初持股数": "",
      "期末持股数": "",
      "间接持股数": "",
      "从公司获得年度报酬总额": "1561000",
      "补贴津贴": "",
      "变动原因说明": "",
      "是否在股东或关联单位领取报酬津贴": "否",
      "在任与否": "是"
    },
    {
      "领导人姓名": "徐永鑫",
      "职位描述": "财务总监",
      "期初持股数": "420000",
      "期末持股数": "420000",
      "间接持股数": "",
      "从公司获得年度报酬总额": "1108700",
      "补贴津贴": "",
      "变动原因说明": "",
      "是否在股东或关联单位领取报酬津贴": "否",
      "在任与否": "是"
    },
    {
      "领导人姓名": "辛金国",
      "职位描述": "独立董事",
      "期初持股数": "",
      "期末持股数": "",
      "间接持股数": "",
      "从公司获得年度报酬总额": "30800",
      "补贴津贴": "",
      "变动原因说明": "",
      "是否在股东或关联单位领取报酬津贴": "否",
      "在任与否": "否"
    },
    {
      "领导人姓名": "王子道",
      "职位描述": "监事会主席",
      "期初持股数": "",
      "期末持股数": "",
      "间接持股数": "",
      "从公司获得年度报酬总额": "809400",
      "补贴津贴": "",
      "变动原因说明": "",
      "是否在股东或关联单位领取报酬津贴": "否",
      "在任与否": "否"
    },
    {
      "领导人姓名": "姚柱达",
      "职位描述": "监事",
      "期初持股数": "",
      "期末持股数": "",
      "间接持股数": "",
      "从公司获得年度报酬总额": "0",
      "补贴津贴": "",
      "变动原因说明": "",
      "是否在股东或关联单位领取报酬津贴": "是",
      "在任与否": "否"
    },
    {
      "领导人姓名": "潘晓虹",
      "职位描述": "职工监事",
      "期初持股数": "",
      "期末持股数": "",
      "间接持股数": "",
      "从公司获得年度报酬总额": "706300",
      "补贴津贴": "",
      "变动原因说明": "",
      "是否在股东或关联单位领取报酬津贴": "否",
      "在任与否": "否"
    }
  ]
}

=== 002084-2026-04-21-海鸥住工-2025年年度报告.pdf ===
{
  "Leader_Salary_data": {
    "实际所得报酬总额起始": "",
    "实际所得报酬总额截止": "",
    "实际所得报酬总额涉及人数": ""
  },
  "Leader_Hold_data": [
    {
      "领导人姓名": "陈巍",
      "职位描述": "董事、董事长",
      "期初持股数": "372680",
      "期末持股数": "372680",
      "间接持股数": "",
      "从公司获得年度报酬总额": "799000",
      "补贴津贴": "",
      "变动原因说明": "",
      "是否在股东或关联单位领取报酬津贴": "否",
      "在任与否": "是"
    },
    {
      "领导人姓名": "王瑞泉",
      "职位描述": "董事、总经理",
      "期初持股数": "745360",
      "期末持股数": "745360",
      "间接持股数": "",
      "从公司获得年度报酬总额": "450000",
      "补贴津贴": "",
      "变动原因说明": "",
      "是否在股东或关联单位领取报酬津贴": "否",
      "在任与否": "是"
    },
    {
      "领导人姓名": "程顺来",
      "职位描述": "独立董事",
      "期初持股数": "",
      "期末持股数": "",
      "间接持股数": "",
      "从公司获得年度报酬总额": "100000",
      "补贴津贴": "100000",
      "变动原因说明": "",
      "是否在股东或关联单位领取报酬津贴": "否",
      "在任与否": "是"
    },
    {
      "领导人姓名": "李晓安",
      "职位描述": "独立董事",
      "期初持股数": "",
      "期末持股数": "",
      "间接持股数": "",
      "从公司获得年度报酬总额": "100000",
      "补贴津贴": "100000",
      "变动原因说明": "",
      "是否在股东或关联单位领取报酬津贴": "否",
      "在任与否": "是"
    },
    {
      "领导人姓名": "高学庆",
      "职位描述": "独立董事",
      "期初持股数": "",
      "期末持股数": "",
      "间接持股数": "",
      "从公司获得年度报酬总额": "100000",
      "补贴津贴": "100000",
      "变动原因说明": "",
      "是否在股东或关联单位领取报酬津贴": "否",
      "在任与否": "是"
    },
    {
      "领导人姓名": "丁宗敏",
      "职位描述": "董事",
      "期初持股数": "",
      "期末持股数": "",
      "间接持股数": "",
      "从公司获得年度报酬总额": "100000",
      "补贴津贴": "",
      "变动原因说明": "",
      "是否在股东或关联单位领取报酬津贴": "否",
      "在任与否": "是"
    },
    {
      "领导人姓名": "高大勇",
      "职位描述": "董事",
      "期初持股数": "79860",
      "期末持股数": "79860",
      "间接持股数": "",
      "从公司获得年度报酬总额": "445200",
      "补贴津贴": "",
      "变动原因说明": "",
      "是否在股东或关联单位领取报酬津贴": "否",
      "在任与否": "是"
    },
    {
      "领导人姓名": "郭敏坚",
      "职位描述": "董事",
      "期初持股数": "119911",
      "期末持股数": "119911",
      "间接持股数": "",
      "从公司获得年度报酬总额": "629700",
      "补贴津贴": "",
      "变动原因说明": "",
      "是否在股东或关联单位领取报酬津贴": "否",
      "在任与否": "是"
    },
    {
      "领导人姓名": "龙根",
      "职位描述": "董事",
      "期初持股数": "111804",
      "期末持股数": "111804",
      "间接持股数": "",
      "从公司获得年度报酬总额": "366700",
      "补贴津贴": "",
      "变动原因说明": "",
      "是否在股东或关联单位领取报酬津贴": "否",
      "在任与否": "是"
    },
    {
      "领导人姓名": "石艳阳",
      "职位描述": "财务总监",
      "期初持股数": "204974",
      "期末持股数": "204974",
      "间接持股数": "",
      "从公司获得年度报酬总额": "338600",
      "补贴津贴": "",
      "变动原因说明": "",
      "是否在股东或关联单位领取报酬津贴": "否",
      "在任与否": "是"
    },
    {
      "领导人姓名": "王芳",
      "职位描述": "董事会秘书",
      "期初持股数": "110",
      "期末持股数": "110",
      "间接持股数": "",
      "从公司获得年度报酬总额": "224800",
      "补贴津贴": "",
      "变动原因说明": "",
      "是否在股东或关联单位领取报酬津贴": "否",
      "在任与否": "是"
    },
    {
      "领导人姓名": "邓华金",
      "职位描述": "董事",
      "期初持股数": "",
      "期末持股数": "",
      "间接持股数": "",
      "从公司获得年度报酬总额": "0",
      "补贴津贴": "",
      "变动原因说明": "",
      "是否在股东或关联单位领取报酬津贴": "是",
      "在任与否": "否"
    },
    {
      "领导人姓名": "陈定",
      "职位描述": "监事会主席",
      "期初持股数": "",
      "期末持股数": "",
      "间接持股数": "",
      "从公司获得年度报酬总额": "",
      "补贴津贴": "",
      "变动原因说明": "",
      "是否在股东或关联单位领取报酬津贴": "",
      "在任与否": "否"
    },
    {
      "领导人姓名": "方伟华",
      "职位描述": "监事",
      "期初持股数": "",
      "期末持股数": "",
      "间接持股数": "",
      "从公司获得年度报酬总额": "",
      "补贴津贴": "",
      "变动原因说明": "",
      "是否在股东或关联单位领取报酬津贴": "",
      "在任与否": "否"
    },
    {
      "领导人姓名": "胡尔加",
      "职位描述": "副总经理",
      "期初持股数": "260876",
      "期末持股数": "260876",
      "间接持股数": "",
      "从公司获得年度报酬总额": "327400",
      "补贴津贴": "",
      "变动原因说明": "",
      "是否在股东或关联单位领取报酬津贴": "否",
      "在任与否": "否"
    }
  ]
}

=== 001286-2026-04-21-陕西能源-2025年年度报告.pdf ===
{
  "Leader_Salary_data": {
    "实际所得报酬总额起始": "",
    "实际所得报酬总额截止": "",
    "实际所得报酬总额涉及人数": ""
  },
  "Leader_Hold_data": [
    {
      "领导人姓名": "王栋",
      "职位描述": "董事长、董事、总经理",
      "期初持股数": "0",
      "期末持股数": "0",
      "间接持股数": "",
      "从公司获得年度报酬总额": "0",
      "补贴津贴": "",
      "变动原因说明": "未持股",
      "是否在股东或关联单位领取报酬津贴": "是",
      "在任与否": "是"
    },
    {
      "领导人姓名": "王琛",
      "职位描述": "副董事长、董事、总经理",
      "期初持股数": "0",
      "期末持股数": "0",
      "间接持股数": "",
      "从公司获得年度报酬总额": "733100",
      "补贴津贴": "",
      "变动原因说明": "未持股",
      "是否在股东或关联单位领取报酬津贴": "否",
      "在任与否": "是"
    },
    {
      "领导人姓名": "史鹏钊",
      "职位描述": "董事",
      "期初持股数": "0",
      "期末持股数": "0",
      "间接持股数": "",
      "从公司获得年度报酬总额": "0",
      "补贴津贴": "",
      "变动原因说明": "未持股",
      "是否在股东或关联单位领取报酬津贴": "是",
      "在任与否": "是"
    },
    {
      "领导人姓名": "刘鹏",
      "职位描述": "董事",
      "期初持股数": "0",
      "期末持股数": "0",
      "间接持股数": "",
      "从公司获得年度报酬总额": "0",
      "补贴津贴": "",
      "变动原因说明": "未持股",
      "是否在股东或关联单位领取报酬津贴": "否",
      "在任与否": "是"
    },
    {
      "领导人姓名": "杨国帅",
      "职位描述": "董事",
      "期初持股数": "0",
      "期末持股数": "0",
      "间接持股数": "",
      "从公司获得年度报酬总额": "0",
      "补贴津贴": "",
      "变动原因说明": "未持股",
      "是否在股东或关联单位领取报酬津贴": "是",
      "在任与否": "是"
    },
    {
      "领导人姓名": "何文庆",
      "职位描述": "职工董事",
      "期初持股数": "0",
      "期末持股数": "0",
      "间接持股数": "",
      "从公司获得年度报酬总额": "627000",
      "补贴津贴": "",
      "变动原因说明": "未持股",
      "是否在股东或关联单位领取报酬津贴": "否",
      "在任与否": "是"
    },
    {
      "领导人姓名": "王成文",
      "职位描述": "独立董事",
      "期初持股数": "0",
      "期末持股数": "0",
      "间接持股数": "",
      "从公司获得年度报酬总额": "37700",
      "补贴津贴": "",
      "变动原因说明": "未持股",
      "是否在股东或关联单位领取报酬津贴": "否",
      "在任与否": "是"
    },
    {
      "领导人姓名": "董书宁",
      "职位描述": "独立董事",
      "期初持股数": "0",
      "期末持股数": "0",
      "间接持股数": "",
      "从公司获得年度报酬总额": "37700",
      "补贴津贴": "",
      "变动原因说明": "未持股",
      "是否在股东或关联单位领取报酬津贴": "否",
      "在任与否": "是"
    },
    {
      "领导人姓名": "齐保垒",
      "职位描述": "独立董事",
      "期初持股数": "0",
      "期末持股数": "0",
      "间接持股数": "",
      "从公司获得年度报酬总额": "37700",
      "补贴津贴": "",
      "变动原因说明": "未持股",
      "是否在股东或关联单位领取报酬津贴": "否",
      "在任与否": "是"
    },
    {
      "领导人姓名": "徐子睿",
      "职位描述": "副总经理、董事会秘书",
      "期初持股数": "0",
      "期末持股数": "0",
      "间接持股数": "",
      "从公司获得年度报酬总额": "634800",
      "补贴津贴": "",
      "变动原因说明": "未持股",
      "是否在股东或关联单位领取报酬津贴": "否",
      "在任与否": "是"
    },
    {
      "领导人姓名": "张奇功",
      "职位描述": "副总经理",
      "期初持股数": "0",
      "期末持股数": "0",
      "间接持股数": "",
      "从公司获得年度报酬总额": "631200",
      "补贴津贴": "",
      "变动原因说明": "未持股",
      "是否在股东或关联单位领取报酬津贴": "否",
      "在任与否": "是"
    },
    {
      "领导人姓名": "王水利",
      "职位描述": "副总经理、总工程师",
      "期初持股数": "0",
      "期末持股数": "0",
      "间接持股数": "",
      "从公司获得年度报酬总额": "619500",
      "补贴津贴": "",
      "变动原因说明": "未持股",
      "是否在股东或关联单位领取报酬津贴": "否",
      "在任与否": "是"
    },
    {
      "领导人姓名": "王学民",
      "职位描述": "副总经理",
      "期初持股数": "0",
      "期末持股数": "0",
      "间接持股数": "",
      "从公司获得年度报酬总额": "676900",
      "补贴津贴": "",
      "变动原因说明": "未持股",
      "是否在股东或关联单位领取报酬津贴": "否",
      "在任与否": "是"
    },
    {
      "领导人姓名": "苟科学",
      "职位描述": "总工程师",
      "期初持股数": "0",
      "期末持股数": "0",
      "间接持股数": "",
      "从公司获得年度报酬总额": "633800",
      "补贴津贴": "",
      "变动原因说明": "未持股",
      "是否在股东或关联单位领取报酬津贴": "否",
      "在任与否": "是"
    },
    {
      "领导人姓名": "安懿",
      "职位描述": "总法律顾问兼首席合规官",
      "期初持股数": "0",
      "期末持股数": "0",
      "间接持股数": "",
      "从公司获得年度报酬总额": "613300",
      "补贴津贴": "",
      "变动原因说明": "未持股",
      "是否在股东或关联单位领取报酬津贴": "否",
      "在任与否": "是"
    },
    {
      "领导人姓名": "杨佳强",
      "职位描述": "财务总监",
      "期初持股数": "0",
      "期末持股数": "0",
      "间接持股数": "",
      "从公司获得年度报酬总额": "611200",
      "补贴津贴": "",
      "变动原因说明": "未持股",
      "是否在股东或关联单位领取报酬津贴": "否",
      "在任与否": "是"
    },
    {
      "领导人姓名": "燕雄",
      "职位描述": "总经济师",
      "期初持股数": "0",
      "期末持股数": "0",
      "间接持股数": "",
      "从公司获得年度报酬总额": "153500",
      "补贴津贴": "",
      "变动原因说明": "未持股",
      "是否在股东或关联单位领取报酬津贴": "否",
      "在任与否": "是"
    },
    {
      "领导人姓名": "赵军",
      "职位描述": "董事、董事长",
      "期初持股数": "0",
      "期末持股数": "0",
      "间接持股数": "",
      "从公司获得年度报酬总额": "0",
      "补贴津贴": "",
      "变动原因说明": "未持股",
      "是否在股东或关联单位领取报酬津贴": "是",
      "在任与否": "否"
    },
    {
      "领导人姓名": "王建利",
      "职位描述": "董事",
      "期初持股数": "0",
      "期末持股数": "0",
      "间接持股数": "",
      "从公司获得年度报酬总额": "0",
      "补贴津贴": "",
      "变动原因说明": "未持股",
      "是否在股东或关联单位领取报酬津贴": "否",
      "在任与否": "否"
    },
    {
      "领导人姓名": "刘黎",
      "职位描述": "独立董事",
      "期初持股数": "0",
      "期末持股数": "0",
      "间接持股数": "",
      "从公司获得年度报酬总额": "82300",
      "补贴津贴": "",
      "变动原因说明": "未持股",
      "是否在股东或关联单位领取报酬津贴": "否",
      "在任与否": "否"
    },
    {
      "领导人姓名": "房喜",
      "职位描述": "独立董事",
      "期初持股数": "0",
      "期末持股数": "0",
      "间接持股数": "",
      "从公司获得年度报酬总额": "82300",
      "补贴津贴": "",
      "变动原因说明": "未持股",
      "是否在股东或关联单位领取报酬津贴": "否",
      "在任与否": "否"
    },
    {
      "领导人姓名": "牟国栋",
      "职位描述": "独立董事",
      "期初持股数": "0",
      "期末持股数": "0",
      "间接持股数": "",
      "从公司获得年度报酬总额": "82300",
      "补贴津贴": "",
      "变动原因说明": "未持股",
      "是否在股东或关联单位领取报酬津贴": "否",
      "在任与否": "否"
    },
    {
      "领导人姓名": "李秀平",
      "职位描述": "董事",
      "期初持股数": "0",
      "期末持股数": "0",
      "间接持股数": "",
      "从公司获得年度报酬总额": "0",
      "补贴津贴": "",
      "变动原因说明": "未持股",
      "是否在股东或关联单位领取报酬津贴": "是",
      "在任与否": "否"
    },
    {
      "领导人姓名": "子荣超",
      "职位描述": "董事",
      "期初持股数": "0",
      "期末持股数": "0",
      "间接持股数": "",
      "从公司获得年度报酬总额": "0",
      "补贴津贴": "",
      "变动原因说明": "未持股",
      "是否在股东或关联单位领取报酬津贴": "否",
      "在任与否": "否"
    },
    {
      "领导人姓名": "刘千",
      "职位描述": "财务总监",
      "期初持股数": "0",
      "期末持股数": "0",
      "间接持股数": "",
      "从公司获得年度报酬总额": "0",
      "补贴津贴": "",
      "变动原因说明": "未持股",
      "是否在股东或关联单位领取报酬津贴": "否",
      "在任与否": "否"
    },
    {
      "领导人姓名": "张正峰",
      "职位描述": "副总经理",
      "期初持股数": "0",
      "期末持股数": "0",
      "间接持股数": "",
      "从公司获得年度报酬总额": "161000",
      "补贴津贴": "",
      "变动原因说明": "未持股",
      "是否在股东或关联单位领取报酬津贴": "否",
      "在任与否": "否"
    },
    {
      "领导人姓名": "刘世基",
      "职位描述": "总经济师",
      "期初持股数": "0",
      "期末持股数": "0",
      "间接持股数": "",
      "从公司获得年度报酬总额": "455600",
      "补贴津贴": "",
      "变动原因说明": "未持股",
      "是否在股东或关联单位领取报酬津贴": "否",
      "在任与否": "否"
    }
  ]
}

=== 002209-2026-04-21-达意隆-2025年年度报告.pdf ===
{
  "Leader_Salary_data": {
    "实际所得报酬总额起始": "",
    "实际所得报酬总额截止": "",
    "实际所得报酬总额涉及人数": ""
  },
  "Leader_Hold_data": [
    {
      "领导人姓名": "张颂明",
      "职位描述": "董事长、总经理",
      "期初持股数": "51175449",
      "期末持股数": "51175449",
      "间接持股数": "",
      "从公司获得年度报酬总额": "4583700",
      "补贴津贴": "",
      "变动原因说明": "",
      "是否在股东或关联单位领取报酬津贴": "否",
      "在任与否": "是"
    },
    {
      "领导人姓名": "陈钢",
      "职位描述": "副董事长",
      "期初持股数": "3110675",
      "期末持股数": "3110675",
      "间接持股数": "",
      "从公司获得年度报酬总额": "1383700",
      "补贴津贴": "",
      "变动原因说明": "",
      "是否在股东或关联单位领取报酬津贴": "否",
      "在任与否": "是"
    },
    {
      "领导人姓名": "肖林",
      "职位描述": "董事、职工代表董事",
      "期初持股数": "0",
      "期末持股数": "0",
      "间接持股数": "",
      "从公司获得年度报酬总额": "708840",
      "补贴津贴": "",
      "变动原因说明": "",
      "是否在股东或关联单位领取报酬津贴": "否",
      "在任与否": "是"
    },
    {
      "领导人姓名": "吴小满",
      "职位描述": "董事、副总经理、财务总监",
      "期初持股数": "168750",
      "期末持股数": "126662",
      "间接持股数": "",
      "从公司获得年度报酬总额": "1015000",
      "补贴津贴": "",
      "变动原因说明": "股权激励限售股解禁，因个人资金需求减持。",
      "是否在股东或关联单位领取报酬津贴": "否",
      "在任与否": "是"
    },
    {
      "领导人姓名": "张宪民",
      "职位描述": "独立董事",
      "期初持股数": "0",
      "期末持股数": "0",
      "间接持股数": "",
      "从公司获得年度报酬总额": "100000",
      "补贴津贴": "",
      "变动原因说明": "",
      "是否在股东或关联单位领取报酬津贴": "否",
      "在任与否": "是"
    },
    {
      "领导人姓名": "黄建水",
      "职位描述": "独立董事",
      "期初持股数": "0",
      "期末持股数": "0",
      "间接持股数": "",
      "从公司获得年度报酬总额": "100000",
      "补贴津贴": "",
      "变动原因说明": "",
      "是否在股东或关联单位领取报酬津贴": "否",
      "在任与否": "是"
    },
    {
      "领导人姓名": "陆正华",
      "职位描述": "独立董事",
      "期初持股数": "0",
      "期末持股数": "0",
      "间接持股数": "",
      "从公司获得年度报酬总额": "100000",
      "补贴津贴": "",
      "变动原因说明": "",
      "是否在股东或关联单位领取报酬津贴": "否",
      "在任与否": "是"
    },
    {
      "领导人姓名": "张崇明",
      "职位描述": "副总经理",
      "期初持股数": "0",
      "期末持股数": "0",
      "间接持股数": "",
      "从公司获得年度报酬总额": "2667700",
      "补贴津贴": "",
      "变动原因说明": "",
      "是否在股东或关联单位领取报酬津贴": "否",
      "在任与否": "是"
    },
    {
      "领导人姓名": "王燕囡",
      "职位描述": "副总经理、董事会秘书",
      "期初持股数": "",
      "期末持股数": "120000",
      "间接持股数": "",
      "从公司获得年度报酬总额": "602400",
      "补贴津贴": "",
      "变动原因说明": "",
      "是否在股东或关联单位领取报酬津贴": "否",
      "在任与否": "是"
    }
  ]
}

=== 002049-2026-04-21-紫光国微-2025年年度报告.pdf ===
{
  "Leader_Salary_data": {
    "实际所得报酬总额起始": "",
    "实际所得报酬总额截止": "",
    "实际所得报酬总额涉及人数": ""
  },
  "Leader_Hold_data": [
    {
      "领导人姓名": "陈杰",
      "职位描述": "董事长、董事",
      "期初持股数": "280",
      "期末持股数": "280",
      "间接持股数": "",
      "从公司获得年度报酬总额": "0.00",
      "补贴津贴": "",
      "变动原因说明": "不适用",
      "是否在股东或关联单位领取报酬津贴": "是",
      "在任与否": "是"
    },
    {
      "领导人姓名": "马道杰",
      "职位描述": "副董事长、董事",
      "期初持股数": "",
      "期末持股数": "",
      "间接持股数": "",
      "从公司获得年度报酬总额": "0.00",
      "补贴津贴": "",
      "变动原因说明": "",
      "是否在股东或关联单位领取报酬津贴": "是",
      "在任与否": "是"
    },
    {
      "领导人姓名": "范新",
      "职位描述": "董事",
      "期初持股数": "",
      "期末持股数": "",
      "间接持股数": "",
      "从公司获得年度报酬总额": "56.25",
      "补贴津贴": "",
      "变动原因说明": "",
      "是否在股东或关联单位领取报酬津贴": "是",
      "在任与否": "是"
    },
    {
      "领导人姓名": "李天池",
      "职位描述": "董事、总裁",
      "期初持股数": "",
      "期末持股数": "",
      "间接持股数": "",
      "从公司获得年度报酬总额": "517.54",
      "补贴津贴": "",
      "变动原因说明": "",
      "是否在股东或关联单位领取报酬津贴": "否",
      "在任与否": "是"
    },
    {
      "领导人姓名": "马宁辉",
      "职位描述": "董事",
      "期初持股数": "",
      "期末持股数": "",
      "间接持股数": "",
      "从公司获得年度报酬总额": "0.00",
      "补贴津贴": "",
      "变动原因说明": "",
      "是否在股东或关联单位领取报酬津贴": "是",
      "在任与否": "是"
    },
    {
      "领导人姓名": "邬睿",
      "职位描述": "董事",
      "期初持股数": "",
      "期末持股数": "",
      "间接持股数": "",
      "从公司获得年度报酬总额": "0.00",
      "补贴津贴": "",
      "变动原因说明": "",
      "是否在股东或关联单位领取报酬津贴": "是",
      "在任与否": "是"
    },
    {
      "领导人姓名": "马朝松",
      "职位描述": "独立董事",
      "期初持股数": "",
      "期末持股数": "",
      "间接持股数": "",
      "从公司获得年度报酬总额": "18.00",
      "补贴津贴": "180000",
      "变动原因说明": "",
      "是否在股东或关联单位领取报酬津贴": "否",
      "在任与否": "是"
    },
    {
      "领导人姓名": "谢永涛",
      "职位描述": "独立董事",
      "期初持股数": "",
      "期末持股数": "",
      "间接持股数": "",
      "从公司获得年度报酬总额": "18.00",
      "补贴津贴": "180000",
      "变动原因说明": "",
      "是否在股东或关联单位领取报酬津贴": "否",
      "在任与否": "是"
    },
    {
      "领导人姓名": "来有为",
      "职位描述": "独立董事",
      "期初持股数": "",
      "期末持股数": "",
      "间接持股数": "",
      "从公司获得年度报酬总额": "15.05",
      "补贴津贴": "180000",
      "变动原因说明": "",
      "是否在股东或关联单位领取报酬津贴": "否",
      "在任与否": "是"
    },
    {
      "领导人姓名": "岳超",
      "职位描述": "副总裁",
      "期初持股数": "",
      "期末持股数": "",
      "间接持股数": "",
      "从公司获得年度报酬总额": "508.78",
      "补贴津贴": "",
      "变动原因说明": "",
      "是否在股东或关联单位领取报酬津贴": "否",
      "在任与否": "是"
    },
    {
      "领导人姓名": "杨秋平",
      "职位描述": "财务总监",
      "期初持股数": "",
      "期末持股数": "",
      "间接持股数": "",
      "从公司获得年度报酬总额": "172.39",
      "补贴津贴": "",
      "变动原因说明": "",
      "是否在股东或关联单位领取报酬津贴": "否",
      "在任与否": "是"
    },
    {
      "领导人姓名": "翟应斌",
      "职位描述": "副总裁",
      "期初持股数": "",
      "期末持股数": "",
      "间接持股数": "",
      "从公司获得年度报酬总额": "146.08",
      "补贴津贴": "",
      "变动原因说明": "",
      "是否在股东或关联单位领取报酬津贴": "否",
      "在任与否": "是"
    },
    {
      "领导人姓名": "佟晓丹",
      "职位描述": "董事会秘书",
      "期初持股数": "",
      "期末持股数": "",
      "间接持股数": "",
      "从公司获得年度报酬总额": "50.12",
      "补贴津贴": "",
      "变动原因说明": "",
      "是否在股东或关联单位领取报酬津贴": "否",
      "在任与否": "是"
    },
    {
      "领导人姓名": "谢文刚",
      "职位描述": "董事、总裁",
      "期初持股数": "199800",
      "期末持股数": "151750",
      "间接持股数": "",
      "从公司获得年度报酬总额": "29.14",
      "补贴津贴": "",
      "变动原因说明": "因个人需求通过集中竞价方式买卖",
      "是否在股东或关联单位领取报酬津贴": "否",
      "在任与否": "否"
    },
    {
      "领导人姓名": "黄文玉",
      "职位描述": "独立董事",
      "期初持股数": "",
      "期末持股数": "",
      "间接持股数": "",
      "从公司获得年度报酬总额": "3.00",
      "补贴津贴": "180000",
      "变动原因说明": "",
      "是否在股东或关联单位领取报酬津贴": "否",
      "在任与否": "否"
    },
    {
      "领导人姓名": "罗永君",
      "职位描述": "董事会秘书",
      "期初持股数": "",
      "期末持股数": "",
      "间接持股数": "",
      "从公司获得年度报酬总额": "124.84",
      "补贴津贴": "",
      "变动原因说明": "",
      "是否在股东或关联单位领取报酬津贴": "否",
      "在任与否": "否"
    },
    {
      "领导人姓名": "杜林虎",
      "职位描述": "副总裁",
      "期初持股数": "",
      "期末持股数": "",
      "间接持股数": "",
      "从公司获得年度报酬总额": "184.73",
      "补贴津贴": "",
      "变动原因说明": "",
      "是否在股东或关联单位领取报酬津贴": "是",
      "在任与否": "否"
    }
  ]
}

=== 002045-2026-04-21-国光电器-2025年年度报告.pdf ===
{
  "Leader_Salary_data": {
    "实际所得报酬总额起始": "",
    "实际所得报酬总额截止": "",
    "实际所得报酬总额涉及人数": ""
  },
  "Leader_Hold_data": [
    {
      "领导人姓名": "陆宏达",
      "职位描述": "董事长、总裁",
      "期初持股数": "",
      "期末持股数": "",
      "间接持股数": "",
      "从公司获得年度报酬总额": "2800000",
      "补贴津贴": "",
      "变动原因说明": "",
      "是否在股东或关联单位领取报酬津贴": "是",
      "在任与否": "是"
    },
    {
      "领导人姓名": "何伟成",
      "职位描述": "董事、总裁",
      "期初持股数": "432000",
      "期末持股数": "432000",
      "间接持股数": "",
      "从公司获得年度报酬总额": "1600000",
      "补贴津贴": "",
      "变动原因说明": "",
      "是否在股东或关联单位领取报酬津贴": "否",
      "在任与否": "否"
    },
    {
      "领导人姓名": "郑崖民",
      "职位描述": "副总裁、财务总监",
      "期初持股数": "432000",
      "期末持股数": "432000",
      "间接持股数": "",
      "从公司获得年度报酬总额": "1286000",
      "补贴津贴": "",
      "变动原因说明": "",
      "是否在股东或关联单位领取报酬津贴": "否",
      "在任与否": "是"
    },
    {
      "领导人姓名": "王婕",
      "职位描述": "董事、副总裁、董事会秘书",
      "期初持股数": "",
      "期末持股数": "",
      "间接持股数": "",
      "从公司获得年度报酬总额": "1356000",
      "补贴津贴": "",
      "变动原因说明": "",
      "是否在股东或关联单位领取报酬津贴": "否",
      "在任与否": "是"
    },
    {
      "领导人姓名": "顾大伟",
      "职位描述": "董事",
      "期初持股数": "",
      "期末持股数": "",
      "间接持股数": "",
      "从公司获得年度报酬总额": "15000",
      "补贴津贴": "",
      "变动原因说明": "",
      "是否在股东或关联单位领取报酬津贴": "否",
      "在任与否": "是"
    },
    {
      "领导人姓名": "辜明安",
      "职位描述": "独立董事",
      "期初持股数": "",
      "期末持股数": "",
      "间接持股数": "",
      "从公司获得年度报酬总额": "15000",
      "补贴津贴": "",
      "变动原因说明": "",
      "是否在股东或关联单位领取报酬津贴": "否",
      "在任与否": "是"
    },
    {
      "领导人姓名": "谭光荣",
      "职位描述": "独立董事",
      "期初持股数": "3000",
      "期末持股数": "3000",
      "间接持股数": "",
      "从公司获得年度报酬总额": "180700",
      "补贴津贴": "",
      "变动原因说明": "",
      "是否在股东或关联单位领取报酬津贴": "否",
      "在任与否": "是"
    },
    {
      "领导人姓名": "冀志斌",
      "职位描述": "独立董事",
      "期初持股数": "",
      "期末持股数": "",
      "间接持股数": "",
      "从公司获得年度报酬总额": "180700",
      "补贴津贴": "",
      "变动原因说明": "",
      "是否在股东或关联单位领取报酬津贴": "否",
      "在任与否": "是"
    },
    {
      "领导人姓名": "杨流江",
      "职位描述": "监事会主席、职工代表董事",
      "期初持股数": "",
      "期末持股数": "",
      "间接持股数": "",
      "从公司获得年度报酬总额": "190400",
      "补贴津贴": "",
      "变动原因说明": "",
      "是否在股东或关联单位领取报酬津贴": "否",
      "在任与否": "是"
    },
    {
      "领导人姓名": "唐周波",
      "职位描述": "监事",
      "期初持股数": "",
      "期末持股数": "",
      "间接持股数": "",
      "从公司获得年度报酬总额": "",
      "补贴津贴": "",
      "变动原因说明": "",
      "是否在股东或关联单位领取报酬津贴": "",
      "在任与否": "否"
    },
    {
      "领导人姓名": "彭静",
      "职位描述": "监事",
      "期初持股数": "",
      "期末持股数": "",
      "间接持股数": "",
      "从公司获得年度报酬总额": "",
      "补贴津贴": "",
      "变动原因说明": "",
      "是否在股东或关联单位领取报酬津贴": "",
      "在任与否": "否"
    },
    {
      "领导人姓名": "谢守华",
      "职位描述": "副总裁",
      "期初持股数": "",
      "期末持股数": "",
      "间接持股数": "",
      "从公司获得年度报酬总额": "1906000",
      "补贴津贴": "",
      "变动原因说明": "",
      "是否在股东或关联单位领取报酬津贴": "否",
      "在任与否": "是"
    },
    {
      "领导人姓名": "李静",
      "职位描述": "副总裁",
      "期初持股数": "",
      "期末持股数": "",
      "间接持股数": "",
      "从公司获得年度报酬总额": "165000",
      "补贴津贴": "",
      "变动原因说明": "",
      "是否在股东或关联单位领取报酬津贴": "否",
      "在任与否": "否"
    },
    {
      "领导人姓名": "黄文同",
      "职位描述": "副总裁",
      "期初持股数": "",
      "期末持股数": "",
      "间接持股数": "",
      "从公司获得年度报酬总额": "1340000",
      "补贴津贴": "",
      "变动原因说明": "",
      "是否在股东或关联单位领取报酬津贴": "否",
      "在任与否": "是"
    },
    {
      "领导人姓名": "王东",
      "职位描述": "副总裁",
      "期初持股数": "",
      "期末持股数": "",
      "间接持股数": "",
      "从公司获得年度报酬总额": "708400",
      "补贴津贴": "",
      "变动原因说明": "",
      "是否在股东或关联单位领取报酬津贴": "否",
      "在任与否": "是"
    },
    {
      "领导人姓名": "孙朋朋",
      "职位描述": "副总裁",
      "期初持股数": "",
      "期末持股数": "",
      "间接持股数": "",
      "从公司获得年度报酬总额": "635500",
      "补贴津贴": "",
      "变动原因说明": "",
      "是否在股东或关联单位领取报酬津贴": "否",
      "在任与否": "是"
    },
    {
      "领导人姓名": "汤晓宇",
      "职位描述": "副总裁",
      "期初持股数": "",
      "期末持股数": "",
      "间接持股数": "",
      "从公司获得年度报酬总额": "490700",
      "补贴津贴": "",
      "变动原因说明": "",
      "是否在股东或关联单位领取报酬津贴": "否",
      "在任与否": "是"
    },
    {
      "领导人姓名": "王钰山",
      "职位描述": "财务总监",
      "期初持股数": "",
      "期末持股数": "",
      "间接持股数": "",
      "从公司获得年度报酬总额": "326700",
      "补贴津贴": "",
      "变动原因说明": "",
      "是否在股东或关联单位领取报酬津贴": "否",
      "在任与否": "是"
    }
  ]
}

=== 002167-2026-04-21-东方锆业-2025年年度报告.pdf ===
{
  "Leader_Salary_data": {
    "实际所得报酬总额起始": "",
    "实际所得报酬总额截止": "",
    "实际所得报酬总额涉及人数": ""
  },
  "Leader_Hold_data": [
    {
      "领导人姓名": "申庆飞",
      "职位描述": "董事长",
      "期初持股数": "0",
      "期末持股数": "0",
      "间接持股数": "",
      "从公司获得年度报酬总额": "0",
      "补贴津贴": "",
      "变动原因说明": "",
      "是否在股东或关联单位领取报酬津贴": "是",
      "在任与否": "是"
    },
    {
      "领导人姓名": "冯立明",
      "职位描述": "董事、总经理",
      "期初持股数": "5250000",
      "期末持股数": "4615500",
      "间接持股数": "",
      "从公司获得年度报酬总额": "1682000",
      "补贴津贴": "",
      "变动原因说明": "",
      "是否在股东或关联单位领取报酬津贴": "否",
      "在任与否": "是"
    },
    {
      "领导人姓名": "甘学贤",
      "职位描述": "董事、常务副总经理",
      "期初持股数": "1610000",
      "期末持股数": "1210000",
      "间接持股数": "",
      "从公司获得年度报酬总额": "1217400",
      "补贴津贴": "",
      "变动原因说明": "",
      "是否在股东或关联单位领取报酬津贴": "否",
      "在任与否": "是"
    },
    {
      "领导人姓名": "张雅林",
      "职位描述": "职工代表董事、财务总监、董事会秘书",
      "期初持股数": "0",
      "期末持股数": "0",
      "间接持股数": "",
      "从公司获得年度报酬总额": "1100700",
      "补贴津贴": "",
      "变动原因说明": "",
      "是否在股东或关联单位领取报酬津贴": "否",
      "在任与否": "是"
    },
    {
      "领导人姓名": "石勇",
      "职位描述": "独立董事",
      "期初持股数": "0",
      "期末持股数": "0",
      "间接持股数": "",
      "从公司获得年度报酬总额": "0",
      "补贴津贴": "70000",
      "变动原因说明": "",
      "是否在股东或关联单位领取报酬津贴": "否",
      "在任与否": "是"
    },
    {
      "领导人姓名": "刘家祥",
      "职位描述": "独立董事",
      "期初持股数": "0",
      "期末持股数": "0",
      "间接持股数": "",
      "从公司获得年度报酬总额": "70000",
      "补贴津贴": "70000",
      "变动原因说明": "",
      "是否在股东或关联单位领取报酬津贴": "否",
      "在任与否": "是"
    },
    {
      "领导人姓名": "丁浩",
      "职位描述": "独立董事",
      "期初持股数": "0",
      "期末持股数": "0",
      "间接持股数": "",
      "从公司获得年度报酬总额": "70000",
      "补贴津贴": "70000",
      "变动原因说明": "",
      "是否在股东或关联单位领取报酬津贴": "否",
      "在任与否": "是"
    },
    {
      "领导人姓名": "孙红涛",
      "职位描述": "副总经理",
      "期初持股数": "0",
      "期末持股数": "0",
      "间接持股数": "",
      "从公司获得年度报酬总额": "",
      "补贴津贴": "",
      "变动原因说明": "",
      "是否在股东或关联单位领取报酬津贴": "",
      "在任与否": "是"
    },
    {
      "领导人姓名": "罡文斌",
      "职位描述": "副总经理",
      "期初持股数": "0",
      "期末持股数": "0",
      "间接持股数": "",
      "从公司获得年度报酬总额": "",
      "补贴津贴": "",
      "变动原因说明": "",
      "是否在股东或关联单位领取报酬津贴": "",
      "在任与否": "是"
    },
    {
      "领导人姓名": "黄超华",
      "职位描述": "董事、联席总经理",
      "期初持股数": "5400000",
      "期末持股数": "4050000",
      "间接持股数": "",
      "从公司获得年度报酬总额": "1195300",
      "补贴津贴": "",
      "变动原因说明": "",
      "是否在股东或关联单位领取报酬津贴": "否",
      "在任与否": "否"
    },
    {
      "领导人姓名": "乔竹青",
      "职位描述": "董事、副总经理",
      "期初持股数": "5250000",
      "期末持股数": "3937500",
      "间接持股数": "",
      "从公司获得年度报酬总额": "43600",
      "补贴津贴": "",
      "变动原因说明": "",
      "是否在股东或关联单位领取报酬津贴": "否",
      "在任与否": "否"
    },
    {
      "领导人姓名": "李明山",
      "职位描述": "董事",
      "期初持股数": "0",
      "期末持股数": "0",
      "间接持股数": "",
      "从公司获得年度报酬总额": "0",
      "补贴津贴": "",
      "变动原因说明": "",
      "是否在股东或关联单位领取报酬津贴": "否",
      "在任与否": "否"
    },
    {
      "领导人姓名": "郭良坡",
      "职位描述": "董事",
      "期初持股数": "0",
      "期末持股数": "0",
      "间接持股数": "",
      "从公司获得年度报酬总额": "0",
      "补贴津贴": "",
      "变动原因说明": "",
      "是否在股东或关联单位领取报酬津贴": "否",
      "在任与否": "否"
    },
    {
      "领导人姓名": "王玉法",
      "职位描述": "独立董事",
      "期初持股数": "0",
      "期末持股数": "0",
      "间接持股数": "",
      "从公司获得年度报酬总额": "70000",
      "补贴津贴": "70000",
      "变动原因说明": "",
      "是否在股东或关联单位领取报酬津贴": "否",
      "在任与否": "否"
    },
    {
      "领导人姓名": "刘磊",
      "职位描述": "董事会秘书",
      "期初持股数": "0",
      "期末持股数": "0",
      "间接持股数": "",
      "从公司获得年度报酬总额": "839900",
      "补贴津贴": "",
      "变动原因说明": "",
      "是否在股东或关联单位领取报酬津贴": "否",
      "在任与否": "否"
    }
  ]
}

=== 002205-2026-04-21-国统股份-2025年年度报告.pdf ===
{
  "Leader_Salary_data": {
    "实际所得报酬总额起始": "",
    "实际所得报酬总额截止": "",
    "实际所得报酬总额涉及人数": ""
  },
  "Leader_Hold_data": [
    {
      "领导人姓名": "姜少波",
      "职位描述": "董事长",
      "期初持股数": "0",
      "期末持股数": "0",
      "间接持股数": "",
      "从公司获得年度报酬总额": "0",
      "补贴津贴": "",
      "变动原因说明": "",
      "是否在股东或关联单位领取报酬津贴": "是",
      "在任与否": "是"
    },
    {
      "领导人姓名": "王出",
      "职位描述": "副董事长、总经理",
      "期初持股数": "0",
      "期末持股数": "0",
      "间接持股数": "",
      "从公司获得年度报酬总额": "15600",
      "补贴津贴": "",
      "变动原因说明": "",
      "是否在股东或关联单位领取报酬津贴": "是",
      "在任与否": "是"
    },
    {
      "领导人姓名": "沈海涛",
      "职位描述": "董事",
      "期初持股数": "0",
      "期末持股数": "0",
      "间接持股数": "",
      "从公司获得年度报酬总额": "0",
      "补贴津贴": "",
      "变动原因说明": "",
      "是否在股东或关联单位领取报酬津贴": "是",
      "在任与否": "是"
    },
    {
      "领导人姓名": "任勇",
      "职位描述": "董事、财务总监",
      "期初持股数": "0",
      "期末持股数": "0",
      "间接持股数": "",
      "从公司获得年度报酬总额": "0",
      "补贴津贴": "",
      "变动原因说明": "",
      "是否在股东或关联单位领取报酬津贴": "是",
      "在任与否": "是"
    },
    {
      "领导人姓名": "刘川",
      "职位描述": "董事、总工程师",
      "期初持股数": "0",
      "期末持股数": "0",
      "间接持股数": "",
      "从公司获得年度报酬总额": "275000",
      "补贴津贴": "",
      "变动原因说明": "",
      "是否在股东或关联单位领取报酬津贴": "否",
      "在任与否": "是"
    },
    {
      "领导人姓名": "汤洋",
      "职位描述": "独立董事",
      "期初持股数": "0",
      "期末持股数": "0",
      "间接持股数": "",
      "从公司获得年度报酬总额": "0",
      "补贴津贴": "",
      "变动原因说明": "",
      "是否在股东或关联单位领取报酬津贴": "否",
      "在任与否": "是"
    },
    {
      "领导人姓名": "李大明",
      "职位描述": "独立董事",
      "期初持股数": "0",
      "期末持股数": "0",
      "间接持股数": "",
      "从公司获得年度报酬总额": "0",
      "补贴津贴": "",
      "变动原因说明": "",
      "是否在股东或关联单位领取报酬津贴": "否",
      "在任与否": "是"
    },
    {
      "领导人姓名": "崔琪",
      "职位描述": "独立董事",
      "期初持股数": "0",
      "期末持股数": "0",
      "间接持股数": "",
      "从公司获得年度报酬总额": "0",
      "补贴津贴": "",
      "变动原因说明": "",
      "是否在股东或关联单位领取报酬津贴": "否",
      "在任与否": "是"
    },
    {
      "领导人姓名": "王勇",
      "职位描述": "职工代表董事",
      "期初持股数": "0",
      "期末持股数": "0",
      "间接持股数": "",
      "从公司获得年度报酬总额": "0",
      "补贴津贴": "",
      "变动原因说明": "",
      "是否在股东或关联单位领取报酬津贴": "否",
      "在任与否": "是"
    },
    {
      "领导人姓名": "艾尼瓦尔·苏菲",
      "职位描述": "副总经理",
      "期初持股数": "0",
      "期末持股数": "0",
      "间接持股数": "",
      "从公司获得年度报酬总额": "0",
      "补贴津贴": "",
      "变动原因说明": "",
      "是否在股东或关联单位领取报酬津贴": "是",
      "在任与否": "是"
    },
    {
      "领导人姓名": "韩毅",
      "职位描述": "副总经理",
      "期初持股数": "0",
      "期末持股数": "0",
      "间接持股数": "",
      "从公司获得年度报酬总额": "306000",
      "补贴津贴": "",
      "变动原因说明": "",
      "是否在股东或关联单位领取报酬津贴": "否",
      "在任与否": "是"
    },
    {
      "领导人姓名": "郭静",
      "职位描述": "董事会秘书",
      "期初持股数": "0",
      "期末持股数": "0",
      "间接持股数": "",
      "从公司获得年度报酬总额": "189000",
      "补贴津贴": "",
      "变动原因说明": "",
      "是否在股东或关联单位领取报酬津贴": "否",
      "在任与否": "是"
    },
    {
      "领导人姓名": "杭宇",
      "职位描述": "董事、总经理",
      "期初持股数": "0",
      "期末持股数": "0",
      "间接持股数": "",
      "从公司获得年度报酬总额": "355200",
      "补贴津贴": "",
      "变动原因说明": "",
      "是否在股东或关联单位领取报酬津贴": "否",
      "在任与否": "否"
    },
    {
      "领导人姓名": "马军民",
      "职位描述": "董事",
      "期初持股数": "0",
      "期末持股数": "0",
      "间接持股数": "",
      "从公司获得年度报酬总额": "34100",
      "补贴津贴": "",
      "变动原因说明": "",
      "是否在股东或关联单位领取报酬津贴": "否",
      "在任与否": "否"
    },
    {
      "领导人姓名": "王相品",
      "职位描述": "董事",
      "期初持股数": "0",
      "期末持股数": "0",
      "间接持股数": "",
      "从公司获得年度报酬总额": "70000",
      "补贴津贴": "",
      "变动原因说明": "",
      "是否在股东或关联单位领取报酬津贴": "否",
      "在任与否": "否"
    },
    {
      "领导人姓名": "谷秀娟",
      "职位描述": "独立董事",
      "期初持股数": "0",
      "期末持股数": "0",
      "间接持股数": "",
      "从公司获得年度报酬总额": "70000",
      "补贴津贴": "",
      "变动原因说明": "",
      "是否在股东或关联单位领取报酬津贴": "否",
      "在任与否": "否"
    },
    {
      "领导人姓名": "马洁",
      "职位描述": "独立董事",
      "期初持股数": "0",
      "期末持股数": "0",
      "间接持股数": "",
      "从公司获得年度报酬总额": "70000",
      "补贴津贴": "",
      "变动原因说明": "",
      "是否在股东或关联单位领取报酬津贴": "否",
      "在任与否": "否"
    },
    {
      "领导人姓名": "董一鸣",
      "职位描述": "独立董事",
      "期初持股数": "0",
      "期末持股数": "0",
      "间接持股数": "",
      "从公司获得年度报酬总额": "70000",
      "补贴津贴": "",
      "变动原因说明": "",
      "是否在股东或关联单位领取报酬津贴": "否",
      "在任与否": "否"
    },
    {
      "领导人姓名": "李伟",
      "职位描述": "副总经理",
      "期初持股数": "0",
      "期末持股数": "0",
      "间接持股数": "",
      "从公司获得年度报酬总额": "231300",
      "补贴津贴": "",
      "变动原因说明": "",
      "是否在股东或关联单位领取报酬津贴": "否",
      "在任与否": "否"
    },
    {
      "领导人姓名": "隋兵",
      "职位描述": "财务总监",
      "期初持股数": "0",
      "期末持股数": "0",
      "间接持股数": "",
      "从公司获得年度报酬总额": "88100",
      "补贴津贴": "",
      "变动原因说明": "",
      "是否在股东或关联单位领取报酬津贴": "否",
      "在任与否": "否"
    }
  ]
}

=== 002186-2026-04-21-全聚德-2025年年度报告.pdf ===
{
  "Leader_Salary_data": {
    "实际所得报酬总额起始": "",
    "实际所得报酬总额截止": "",
    "实际所得报酬总额涉及人数": ""
  },
  "Leader_Hold_data": [
    {
      "领导人姓名": "吴金梅",
      "职位描述": "董事长",
      "期初持股数": "0",
      "期末持股数": "0",
      "间接持股数": "",
      "从公司获得年度报酬总额": "0",
      "补贴津贴": "",
      "变动原因说明": "",
      "是否在股东或关联单位领取报酬津贴": "是",
      "在任与否": "是"
    },
    {
      "领导人姓名": "周延龙",
      "职位描述": "董事、总经理",
      "期初持股数": "0",
      "期末持股数": "0",
      "间接持股数": "",
      "从公司获得年度报酬总额": "732400",
      "补贴津贴": "",
      "变动原因说明": "",
      "是否在股东或关联单位领取报酬津贴": "否",
      "在任与否": "是"
    },
    {
      "领导人姓名": "石磊",
      "职位描述": "董事、副总经理、财务总监",
      "期初持股数": "0",
      "期末持股数": "0",
      "间接持股数": "",
      "从公司获得年度报酬总额": "528300",
      "补贴津贴": "",
      "变动原因说明": "",
      "是否在股东或关联单位领取报酬津贴": "否",
      "在任与否": "是"
    },
    {
      "领导人姓名": "成琳",
      "职位描述": "董事",
      "期初持股数": "0",
      "期末持股数": "0",
      "间接持股数": "",
      "从公司获得年度报酬总额": "0",
      "补贴津贴": "",
      "变动原因说明": "",
      "是否在股东或关联单位领取报酬津贴": "是",
      "在任与否": "是"
    },
    {
      "领导人姓名": "刘永龙",
      "职位描述": "职工董事",
      "期初持股数": "0",
      "期末持股数": "0",
      "间接持股数": "",
      "从公司获得年度报酬总额": "275200",
      "补贴津贴": "",
      "变动原因说明": "",
      "是否在股东或关联单位领取报酬津贴": "否",
      "在任与否": "是"
    },
    {
      "领导人姓名": "吕守升",
      "职位描述": "独立董事",
      "期初持股数": "0",
      "期末持股数": "0",
      "间接持股数": "",
      "从公司获得年度报酬总额": "119000",
      "补贴津贴": "100000",
      "变动原因说明": "",
      "是否在股东或关联单位领取报酬津贴": "否",
      "在任与否": "是"
    },
    {
      "领导人姓名": "童盼",
      "职位描述": "独立董事",
      "期初持股数": "0",
      "期末持股数": "0",
      "间接持股数": "",
      "从公司获得年度报酬总额": "73600",
      "补贴津贴": "100000",
      "变动原因说明": "",
      "是否在股东或关联单位领取报酬津贴": "否",
      "在任与否": "是"
    },
    {
      "领导人姓名": "刘斌",
      "职位描述": "独立董事",
      "期初持股数": "0",
      "期末持股数": "0",
      "间接持股数": "",
      "从公司获得年度报酬总额": "73600",
      "补贴津贴": "100000",
      "变动原因说明": "",
      "是否在股东或关联单位领取报酬津贴": "否",
      "在任与否": "是"
    },
    {
      "领导人姓名": "唐颖",
      "职位描述": "副总经理、董事会秘书",
      "期初持股数": "160000",
      "期末持股数": "160000",
      "间接持股数": "",
      "从公司获得年度报酬总额": "588700",
      "补贴津贴": "",
      "变动原因说明": "",
      "是否在股东或关联单位领取报酬津贴": "否",
      "在任与否": "是"
    },
    {
      "领导人姓名": "马绪伦",
      "职位描述": "副总经理",
      "期初持股数": "0",
      "期末持股数": "0",
      "间接持股数": "",
      "从公司获得年度报酬总额": "569700",
      "补贴津贴": "",
      "变动原因说明": "",
      "是否在股东或关联单位领取报酬津贴": "否",
      "在任与否": "是"
    },
    {
      "领导人姓名": "王冉然",
      "职位描述": "总会计师",
      "期初持股数": "0",
      "期末持股数": "0",
      "间接持股数": "",
      "从公司获得年度报酬总额": "84000",
      "补贴津贴": "",
      "变动原因说明": "",
      "是否在股东或关联单位领取报酬津贴": "否",
      "在任与否": "是"
    },
    {
      "领导人姓名": "马加",
      "职位描述": "副总经理",
      "期初持股数": "",
      "期末持股数": "",
      "间接持股数": "",
      "从公司获得年度报酬总额": "28000",
      "补贴津贴": "",
      "变动原因说明": "",
      "是否在股东或关联单位领取报酬津贴": "否",
      "在任与否": "是"
    },
    {
      "领导人姓名": "刘文胜",
      "职位描述": "监事会主席",
      "期初持股数": "0",
      "期末持股数": "0",
      "间接持股数": "",
      "从公司获得年度报酬总额": "0",
      "补贴津贴": "",
      "变动原因说明": "",
      "是否在股东或关联单位领取报酬津贴": "是",
      "在任与否": "否"
    },
    {
      "领导人姓名": "宁璟",
      "职位描述": "监事",
      "期初持股数": "0",
      "期末持股数": "0",
      "间接持股数": "",
      "从公司获得年度报酬总额": "167100",
      "补贴津贴": "",
      "变动原因说明": "",
      "是否在股东或关联单位领取报酬津贴": "否",
      "在任与否": "否"
    },
    {
      "领导人姓名": "汪滨",
      "职位描述": "职工监事",
      "期初持股数": "0",
      "期末持股数": "0",
      "间接持股数": "",
      "从公司获得年度报酬总额": "218400",
      "补贴津贴": "",
      "变动原因说明": "",
      "是否在股东或关联单位领取报酬津贴": "否",
      "在任与否": "否"
    },
    {
      "领导人姓名": "张景宇",
      "职位描述": "职工监事",
      "期初持股数": "0",
      "期末持股数": "0",
      "间接持股数": "",
      "从公司获得年度报酬总额": "84900",
      "补贴津贴": "",
      "变动原因说明": "",
      "是否在股东或关联单位领取报酬津贴": "否",
      "在任与否": "否"
    },
    {
      "领导人姓名": "郭芳",
      "职位描述": "董事",
      "期初持股数": "0",
      "期末持股数": "0",
      "间接持股数": "",
      "从公司获得年度报酬总额": "0",
      "补贴津贴": "",
      "变动原因说明": "",
      "是否在股东或关联单位领取报酬津贴": "是",
      "在任与否": "否"
    },
    {
      "领导人姓名": "浦军",
      "职位描述": "独立董事",
      "期初持股数": "0",
      "期末持股数": "0",
      "间接持股数": "",
      "从公司获得年度报酬总额": "45400",
      "补贴津贴": "",
      "变动原因说明": "",
      "是否在股东或关联单位领取报酬津贴": "否",
      "在任与否": "否"
    },
    {
      "领导人姓名": "李建伟",
      "职位描述": "独立董事",
      "期初持股数": "0",
      "期末持股数": "0",
      "间接持股数": "",
      "从公司获得年度报酬总额": "45400",
      "补贴津贴": "",
      "变动原因说明": "",
      "是否在股东或关联单位领取报酬津贴": "否",
      "在任与否": "否"
    }
  ]
}

=== 002026-2026-04-21-山东威达-2025年年度报告.pdf ===
{
  "Leader_Salary_data": {
    "实际所得报酬总额起始": "",
    "实际所得报酬总额截止": "",
    "实际所得报酬总额涉及人数": ""
  },
  "Leader_Hold_data": [
    {
      "领导人姓名": "杨明燕",
      "职位描述": "董事长、总经理",
      "期初持股数": "",
      "期末持股数": "",
      "间接持股数": "",
      "从公司获得年度报酬总额": "1600000",
      "补贴津贴": "",
      "变动原因说明": "",
      "是否在股东或关联单位领取报酬津贴": "否",
      "在任与否": "是"
    },
    {
      "领导人姓名": "杨桂军",
      "职位描述": "副董事长",
      "期初持股数": "",
      "期末持股数": "",
      "间接持股数": "",
      "从公司获得年度报酬总额": "660000",
      "补贴津贴": "",
      "变动原因说明": "",
      "是否在股东或关联单位领取报酬津贴": "否",
      "在任与否": "是"
    },
    {
      "领导人姓名": "刘友财",
      "职位描述": "董事、总经理",
      "期初持股数": "50700",
      "期末持股数": "50700",
      "间接持股数": "",
      "从公司获得年度报酬总额": "760000",
      "补贴津贴": "",
      "变动原因说明": "",
      "是否在股东或关联单位领取报酬津贴": "否",
      "在任与否": "是"
    },
    {
      "领导人姓名": "李铁松",
      "职位描述": "董事、副总经理",
      "期初持股数": "",
      "期末持股数": "",
      "间接持股数": "",
      "从公司获得年度报酬总额": "430000",
      "补贴津贴": "",
      "变动原因说明": "",
      "是否在股东或关联单位领取报酬津贴": "是",
      "在任与否": "是"
    },
    {
      "领导人姓名": "梁勇",
      "职位描述": "董事、副总经理",
      "期初持股数": "",
      "期末持股数": "",
      "间接持股数": "",
      "从公司获得年度报酬总额": "1500000",
      "补贴津贴": "",
      "变动原因说明": "",
      "是否在股东或关联单位领取报酬津贴": "否",
      "在任与否": "是"
    },
    {
      "领导人姓名": "田铭扬",
      "职位描述": "董事",
      "期初持股数": "",
      "期末持股数": "",
      "间接持股数": "",
      "从公司获得年度报酬总额": "184900",
      "补贴津贴": "",
      "变动原因说明": "",
      "是否在股东或关联单位领取报酬津贴": "否",
      "在任与否": "否"
    },
    {
      "领导人姓名": "隋国志",
      "职位描述": "董事",
      "期初持股数": "",
      "期末持股数": "",
      "间接持股数": "",
      "从公司获得年度报酬总额": "90000",
      "补贴津贴": "",
      "变动原因说明": "",
      "是否在股东或关联单位领取报酬津贴": "否",
      "在任与否": "是"
    },
    {
      "领导人姓名": "于以贵",
      "职位描述": "独立董事",
      "期初持股数": "",
      "期末持股数": "",
      "间接持股数": "",
      "从公司获得年度报酬总额": "90000",
      "补贴津贴": "90000",
      "变动原因说明": "",
      "是否在股东或关联单位领取报酬津贴": "否",
      "在任与否": "是"
    },
    {
      "领导人姓名": "黄宾",
      "职位描述": "独立董事",
      "期初持股数": "",
      "期末持股数": "",
      "间接持股数": "",
      "从公司获得年度报酬总额": "90000",
      "补贴津贴": "90000",
      "变动原因说明": "",
      "是否在股东或关联单位领取报酬津贴": "否",
      "在任与否": "是"
    },
    {
      "领导人姓名": "王立业",
      "职位描述": "独立董事",
      "期初持股数": "",
      "期末持股数": "",
      "间接持股数": "",
      "从公司获得年度报酬总额": "90000",
      "补贴津贴": "90000",
      "变动原因说明": "",
      "是否在股东或关联单位领取报酬津贴": "否",
      "在任与否": "是"
    },
    {
      "领导人姓名": "宋战友",
      "职位描述": "副总经理",
      "期初持股数": "",
      "期末持股数": "",
      "间接持股数": "",
      "从公司获得年度报酬总额": "680000",
      "补贴津贴": "",
      "变动原因说明": "",
      "是否在股东或关联单位领取报酬津贴": "否",
      "在任与否": "是"
    },
    {
      "领导人姓名": "陈杰",
      "职位描述": "董事会秘书",
      "期初持股数": "",
      "期末持股数": "",
      "间接持股数": "",
      "从公司获得年度报酬总额": "600000",
      "补贴津贴": "",
      "变动原因说明": "",
      "是否在股东或关联单位领取报酬津贴": "否",
      "在任与否": "是"
    },
    {
      "领导人姓名": "曹原培",
      "职位描述": "财务负责人",
      "期初持股数": "",
      "期末持股数": "",
      "间接持股数": "",
      "从公司获得年度报酬总额": "920000",
      "补贴津贴": "",
      "变动原因说明": "",
      "是否在股东或关联单位领取报酬津贴": "否",
      "在任与否": "是"
    },
    {
      "领导人姓名": "杨桂模",
      "职位描述": "董事",
      "期初持股数": "",
      "期末持股数": "",
      "间接持股数": "",
      "从公司获得年度报酬总额": "0",
      "补贴津贴": "",
      "变动原因说明": "",
      "是否在股东或关联单位领取报酬津贴": "否",
      "在任与否": "否"
    },
    {
      "领导人姓名": "万勇",
      "职位描述": "独立董事",
      "期初持股数": "",
      "期末持股数": "",
      "间接持股数": "",
      "从公司获得年度报酬总额": "0",
      "补贴津贴": "",
      "变动原因说明": "",
      "是否在股东或关联单位领取报酬津贴": "否",
      "在任与否": "否"
    },
    {
      "领导人姓名": "张兰田",
      "职位描述": "独立董事",
      "期初持股数": "",
      "期末持股数": "",
      "间接持股数": "",
      "从公司获得年度报酬总额": "0",
      "补贴津贴": "",
      "变动原因说明": "",
      "是否在股东或关联单位领取报酬津贴": "否",
      "在任与否": "否"
    },
    {
      "领导人姓名": "张红江",
      "职位描述": "董事会秘书",
      "期初持股数": "",
      "期末持股数": "",
      "间接持股数": "",
      "从公司获得年度报酬总额": "14100",
      "补贴津贴": "",
      "变动原因说明": "",
      "是否在股东或关联单位领取报酬津贴": "否",
      "在任与否": "否"
    },
    {
      "领导人姓名": "张明明",
      "职位描述": "财务负责人",
      "期初持股数": "",
      "期末持股数": "",
      "间接持股数": "",
      "从公司获得年度报酬总额": "18500",
      "补贴津贴": "",
      "变动原因说明": "",
      "是否在股东或关联单位领取报酬津贴": "否",
      "在任与否": "否"
    },
    {
      "领导人姓名": "林燕玲",
      "职位描述": "监事会主席",
      "期初持股数": "",
      "期末持股数": "",
      "间接持股数": "",
      "从公司获得年度报酬总额": "11900",
      "补贴津贴": "",
      "变动原因说明": "",
      "是否在股东或关联单位领取报酬津贴": "否",
      "在任与否": "否"
    },
    {
      "领导人姓名": "孙康进",
      "职位描述": "监事",
      "期初持股数": "",
      "期末持股数": "",
      "间接持股数": "",
      "从公司获得年度报酬总额": "13100",
      "补贴津贴": "",
      "变动原因说明": "",
      "是否在股东或关联单位领取报酬津贴": "否",
      "在任与否": "否"
    },
    {
      "领导人姓名": "魏凤娟",
      "职位描述": "监事会主席",
      "期初持股数": "",
      "期末持股数": "",
      "间接持股数": "",
      "从公司获得年度报酬总额": "75000",
      "补贴津贴": "",
      "变动原因说明": "",
      "是否在股东或关联单位领取报酬津贴": "否",
      "在任与否": "否"
    },
    {
      "领导人姓名": "苗东东",
      "职位描述": "监事",
      "期初持股数": "",
      "期末持股数": "",
      "间接持股数": "",
      "从公司获得年度报酬总额": "116800",
      "补贴津贴": "",
      "变动原因说明": "",
      "是否在股东或关联单位领取报酬津贴": "否",
      "在任与否": "否"
    },
    {
      "领导人姓名": "魏宁波",
      "职位描述": "监事",
      "期初持股数": "",
      "期末持股数": "",
      "间接持股数": "",
      "从公司获得年度报酬总额": "66000",
      "补贴津贴": "",
      "变动原因说明": "",
      "是否在股东或关联单位领取报酬津贴": "否",
      "在任与否": "否"
    }
  ]
}

=== 002201-2026-04-21-九鼎新材-2025年年度报告.pdf ===
{
  "Leader_Salary_data": {
    "实际所得报酬总额起始": "",
    "实际所得报酬总额截止": "",
    "实际所得报酬总额涉及人数": ""
  },
  "Leader_Hold_data": [
    {
      "领导人姓名": "顾清波",
      "职位描述": "董事长",
      "期初持股数": "66149348",
      "期末持股数": "66149348",
      "间接持股数": "",
      "从公司获得年度报酬总额": "1330000",
      "补贴津贴": "",
      "变动原因说明": "",
      "是否在股东或关联单位领取报酬津贴": "是",
      "在任与否": "是"
    },
    {
      "领导人姓名": "顾柔坚",
      "职位描述": "副董事长、总经理",
      "期初持股数": "",
      "期末持股数": "",
      "间接持股数": "",
      "从公司获得年度报酬总额": "1655900",
      "补贴津贴": "",
      "变动原因说明": "",
      "是否在股东或关联单位领取报酬津贴": "否",
      "在任与否": "是"
    },
    {
      "领导人姓名": "缪振",
      "职位描述": "副董事长、董事会秘书",
      "期初持股数": "",
      "期末持股数": "",
      "间接持股数": "",
      "从公司获得年度报酬总额": "1182800",
      "补贴津贴": "",
      "变动原因说明": "",
      "是否在股东或关联单位领取报酬津贴": "否",
      "在任与否": "是"
    },
    {
      "领导人姓名": "冯永赵",
      "职位描述": "董事",
      "期初持股数": "",
      "期末持股数": "",
      "间接持股数": "",
      "从公司获得年度报酬总额": "0",
      "补贴津贴": "",
      "变动原因说明": "",
      "是否在股东或关联单位领取报酬津贴": "是",
      "在任与否": "是"
    },
    {
      "领导人姓名": "王皓",
      "职位描述": "董事",
      "期初持股数": "",
      "期末持股数": "",
      "间接持股数": "",
      "从公司获得年度报酬总额": "0",
      "补贴津贴": "",
      "变动原因说明": "",
      "是否在股东或关联单位领取报酬津贴": "是",
      "在任与否": "是"
    },
    {
      "领导人姓名": "王翔",
      "职位描述": "董事",
      "期初持股数": "",
      "期末持股数": "",
      "间接持股数": "",
      "从公司获得年度报酬总额": "0",
      "补贴津贴": "",
      "变动原因说明": "",
      "是否在股东或关联单位领取报酬津贴": "是",
      "在任与否": "是"
    },
    {
      "领导人姓名": "姜林",
      "职位描述": "独立董事",
      "期初持股数": "",
      "期末持股数": "",
      "间接持股数": "",
      "从公司获得年度报酬总额": "95500",
      "补贴津贴": "100000",
      "变动原因说明": "",
      "是否在股东或关联单位领取报酬津贴": "否",
      "在任与否": "是"
    },
    {
      "领导人姓名": "谷正芬",
      "职位描述": "独立董事",
      "期初持股数": "",
      "期末持股数": "",
      "间接持股数": "",
      "从公司获得年度报酬总额": "95500",
      "补贴津贴": "100000",
      "变动原因说明": "",
      "是否在股东或关联单位领取报酬津贴": "否",
      "在任与否": "是"
    },
    {
      "领导人姓名": "于守富",
      "职位描述": "独立董事",
      "期初持股数": "",
      "期末持股数": "",
      "间接持股数": "",
      "从公司获得年度报酬总额": "95500",
      "补贴津贴": "100000",
      "变动原因说明": "",
      "是否在股东或关联单位领取报酬津贴": "否",
      "在任与否": "是"
    },
    {
      "领导人姓名": "范向阳",
      "职位描述": "副总经理",
      "期初持股数": "",
      "期末持股数": "",
      "间接持股数": "",
      "从公司获得年度报酬总额": "1455900",
      "补贴津贴": "",
      "变动原因说明": "",
      "是否在股东或关联单位领取报酬津贴": "否",
      "在任与否": "是"
    },
    {
      "领导人姓名": "韩秀华",
      "职位描述": "财务总监",
      "期初持股数": "",
      "期末持股数": "",
      "间接持股数": "",
      "从公司获得年度报酬总额": "753600",
      "补贴津贴": "",
      "变动原因说明": "",
      "是否在股东或关联单位领取报酬津贴": "否",
      "在任与否": "是"
    },
    {
      "领导人姓名": "杨国强",
      "职位描述": "监事会主席",
      "期初持股数": "",
      "期末持股数": "",
      "间接持股数": "",
      "从公司获得年度报酬总额": "502200",
      "补贴津贴": "",
      "变动原因说明": "",
      "是否在股东或关联单位领取报酬津贴": "否",
      "在任与否": "否"
    },
    {
      "领导人姓名": "姜永健",
      "职位描述": "监事",
      "期初持股数": "",
      "期末持股数": "",
      "间接持股数": "",
      "从公司获得年度报酬总额": "503500",
      "补贴津贴": "",
      "变动原因说明": "",
      "是否在股东或关联单位领取报酬津贴": "否",
      "在任与否": "否"
    },
    {
      "领导人姓名": "刘明",
      "职位描述": "监事",
      "期初持股数": "",
      "期末持股数": "",
      "间接持股数": "",
      "从公司获得年度报酬总额": "0",
      "补贴津贴": "",
      "变动原因说明": "",
      "是否在股东或关联单位领取报酬津贴": "否",
      "在任与否": "否"
    },
    {
      "领导人姓名": "吴贞志",
      "职位描述": "职工代表监事",
      "期初持股数": "1080",
      "期末持股数": "1080",
      "间接持股数": "",
      "从公司获得年度报酬总额": "351700",
      "补贴津贴": "",
      "变动原因说明": "",
      "是否在股东或关联单位领取报酬津贴": "否",
      "在任与否": "否"
    },
    {
      "领导人姓名": "顾振华",
      "职位描述": "职工代表监事",
      "期初持股数": "",
      "期末持股数": "",
      "间接持股数": "",
      "从公司获得年度报酬总额": "382600",
      "补贴津贴": "",
      "变动原因说明": "",
      "是否在股东或关联单位领取报酬津贴": "否",
      "在任与否": "否"
    }
  ]
}

=== 002208-2026-04-21-合肥城建-2025年年度报告.pdf ===
{
  "Leader_Salary_data": {
    "实际所得报酬总额起始": "",
    "实际所得报酬总额截止": "",
    "实际所得报酬总额涉及人数": ""
  },
  "Leader_Hold_data": [
    {
      "领导人姓名": "宋德润",
      "职位描述": "董事长",
      "期初持股数": "",
      "期末持股数": "",
      "间接持股数": "",
      "从公司获得年度报酬总额": 682100,
      "补贴津贴": "",
      "变动原因说明": "",
      "是否在股东或关联单位领取报酬津贴": "否",
      "在任与否": "是"
    },
    {
      "领导人姓名": "王庆生",
      "职位描述": "董事、总经理",
      "期初持股数": 45514,
      "期末持股数": 45514,
      "间接持股数": "",
      "从公司获得年度报酬总额": 693800,
      "补贴津贴": "",
      "变动原因说明": "",
      "是否在股东或关联单位领取报酬津贴": "否",
      "在任与否": "是"
    },
    {
      "领导人姓名": "田峰",
      "职位描述": "董事、董事会秘书",
      "期初持股数": 144307,
      "期末持股数": 144307,
      "间接持股数": "",
      "从公司获得年度报酬总额": 617100,
      "补贴津贴": "",
      "变动原因说明": "",
      "是否在股东或关联单位领取报酬津贴": "否",
      "在任与否": "是"
    },
    {
      "领导人姓名": "陆波",
      "职位描述": "董事",
      "期初持股数": "",
      "期末持股数": "",
      "间接持股数": "",
      "从公司获得年度报酬总额": 614100,
      "补贴津贴": "",
      "变动原因说明": "",
      "是否在股东或关联单位领取报酬津贴": "否",
      "在任与否": "是"
    },
    {
      "领导人姓名": "葛立新",
      "职位描述": "董事",
      "期初持股数": "",
      "期末持股数": "",
      "间接持股数": "",
      "从公司获得年度报酬总额": 0,
      "补贴津贴": "",
      "变动原因说明": "",
      "是否在股东或关联单位领取报酬津贴": "是",
      "在任与否": "是"
    },
    {
      "领导人姓名": "马越峰",
      "职位描述": "董事",
      "期初持股数": "",
      "期末持股数": "",
      "间接持股数": "",
      "从公司获得年度报酬总额": 0,
      "补贴津贴": "",
      "变动原因说明": "",
      "是否在股东或关联单位领取报酬津贴": "是",
      "在任与否": "是"
    },
    {
      "领导人姓名": "尹宗成",
      "职位描述": "独立董事",
      "期初持股数": "",
      "期末持股数": "",
      "间接持股数": "",
      "从公司获得年度报酬总额": 33300,
      "补贴津贴": "",
      "变动原因说明": "",
      "是否在股东或关联单位领取报酬津贴": "否",
      "在任与否": "是"
    },
    {
      "领导人姓名": "朱良全",
      "职位描述": "独立董事",
      "期初持股数": "",
      "期末持股数": "",
      "间接持股数": "",
      "从公司获得年度报酬总额": 33300,
      "补贴津贴": "",
      "变动原因说明": "",
      "是否在股东或关联单位领取报酬津贴": "否",
      "在任与否": "是"
    },
    {
      "领导人姓名": "何伟",
      "职位描述": "独立董事",
      "期初持股数": "",
      "期末持股数": "",
      "间接持股数": "",
      "从公司获得年度报酬总额": 33300,
      "补贴津贴": "",
      "变动原因说明": "",
      "是否在股东或关联单位领取报酬津贴": "否",
      "在任与否": "是"
    },
    {
      "领导人姓名": "杨昌辉",
      "职位描述": "独立董事",
      "期初持股数": "",
      "期末持股数": "",
      "间接持股数": "",
      "从公司获得年度报酬总额": 33300,
      "补贴津贴": "",
      "变动原因说明": "",
      "是否在股东或关联单位领取报酬津贴": "否",
      "在任与否": "是"
    },
    {
      "领导人姓名": "丁焰",
      "职位描述": "副总经理",
      "期初持股数": 38400,
      "期末持股数": 38400,
      "间接持股数": "",
      "从公司获得年度报酬总额": 617100,
      "补贴津贴": "",
      "变动原因说明": "",
      "是否在股东或关联单位领取报酬津贴": "否",
      "在任与否": "是"
    },
    {
      "领导人姓名": "越小军",
      "职位描述": "副总经理、总工程师",
      "期初持股数": "",
      "期末持股数": "",
      "间接持股数": "",
      "从公司获得年度报酬总额": 585000,
      "补贴津贴": "",
      "变动原因说明": "",
      "是否在股东或关联单位领取报酬津贴": "否",
      "在任与否": "是"
    },
    {
      "领导人姓名": "常亮",
      "职位描述": "副总经理",
      "期初持股数": "",
      "期末持股数": "",
      "间接持股数": "",
      "从公司获得年度报酬总额": 649300,
      "补贴津贴": "",
      "变动原因说明": "",
      "是否在股东或关联单位领取报酬津贴": "否",
      "在任与否": "是"
    },
    {
      "领导人姓名": "周骅",
      "职位描述": "总会计师",
      "期初持股数": "",
      "期末持股数": "",
      "间接持股数": "",
      "从公司获得年度报酬总额": 539800,
      "补贴津贴": "",
      "变动原因说明": "",
      "是否在股东或关联单位领取报酬津贴": "否",
      "在任与否": "是"
    },
    {
      "领导人姓名": "凤峰",
      "职位描述": "总经济师",
      "期初持股数": "",
      "期末持股数": "",
      "间接持股数": "",
      "从公司获得年度报酬总额": 314800,
      "补贴津贴": "",
      "变动原因说明": "",
      "是否在股东或关联单位领取报酬津贴": "否",
      "在任与否": "是"
    }
  ]
}

=== 002227-2026-04-21-奥特迅-2025年年度报告.pdf ===
{
  "Leader_Salary_data": {
    "实际所得报酬总额起始": "",
    "实际所得报酬总额截止": "",
    "实际所得报酬总额涉及人数": ""
  },
  "Leader_Hold_data": [
    {
      "领导人姓名": "廖晓霞",
      "职位描述": "董事长、总裁",
      "期初持股数": "2269289",
      "期末持股数": "2269289",
      "间接持股数": "",
      "从公司获得年度报酬总额": "621300",
      "补贴津贴": "",
      "变动原因说明": "",
      "是否在股东或关联单位领取报酬津贴": "否",
      "在任与否": "是"
    },
    {
      "领导人姓名": "王凤仁",
      "职位描述": "董事",
      "期初持股数": "0",
      "期末持股数": "0",
      "间接持股数": "",
      "从公司获得年度报酬总额": "617200",
      "补贴津贴": "",
      "变动原因说明": "",
      "是否在股东或关联单位领取报酬津贴": "否",
      "在任与否": "是"
    },
    {
      "领导人姓名": "黄昌礼",
      "职位描述": "董事",
      "期初持股数": "2000",
      "期末持股数": "2000",
      "间接持股数": "",
      "从公司获得年度报酬总额": "0",
      "补贴津贴": "",
      "变动原因说明": "",
      "是否在股东或关联单位领取报酬津贴": "是",
      "在任与否": "是"
    },
    {
      "领导人姓名": "张翠瑛",
      "职位描述": "董事",
      "期初持股数": "0",
      "期末持股数": "0",
      "间接持股数": "",
      "从公司获得年度报酬总额": "0",
      "补贴津贴": "",
      "变动原因说明": "",
      "是否在股东或关联单位领取报酬津贴": "是",
      "在任与否": "是"
    },
    {
      "领导人姓名": "吴秋苗",
      "职位描述": "职工代表董事",
      "期初持股数": "0",
      "期末持股数": "0",
      "间接持股数": "",
      "从公司获得年度报酬总额": "52900",
      "补贴津贴": "",
      "变动原因说明": "",
      "是否在股东或关联单位领取报酬津贴": "否",
      "在任与否": "是"
    },
    {
      "领导人姓名": "石会峰",
      "职位描述": "独立董事",
      "期初持股数": "0",
      "期末持股数": "0",
      "间接持股数": "",
      "从公司获得年度报酬总额": "120000",
      "补贴津贴": "",
      "变动原因说明": "",
      "是否在股东或关联单位领取报酬津贴": "否",
      "在任与否": "是"
    },
    {
      "领导人姓名": "张大志",
      "职位描述": "独立董事",
      "期初持股数": "0",
      "期末持股数": "0",
      "间接持股数": "",
      "从公司获得年度报酬总额": "120000",
      "补贴津贴": "",
      "变动原因说明": "",
      "是否在股东或关联单位领取报酬津贴": "否",
      "在任与否": "是"
    },
    {
      "领导人姓名": "刘宇",
      "职位描述": "独立董事",
      "期初持股数": "0",
      "期末持股数": "0",
      "间接持股数": "",
      "从公司获得年度报酬总额": "120000",
      "补贴津贴": "",
      "变动原因说明": "",
      "是否在股东或关联单位领取报酬津贴": "否",
      "在任与否": "是"
    },
    {
      "领导人姓名": "刘进军",
      "职位描述": "独立董事",
      "期初持股数": "0",
      "期末持股数": "0",
      "间接持股数": "",
      "从公司获得年度报酬总额": "120000",
      "补贴津贴": "",
      "变动原因说明": "",
      "是否在股东或关联单位领取报酬津贴": "否",
      "在任与否": "是"
    },
    {
      "领导人姓名": "吴云虹",
      "职位描述": "副总裁、董事会秘书、财务总监",
      "期初持股数": "137000",
      "期末持股数": "137000",
      "间接持股数": "",
      "从公司获得年度报酬总额": "718400",
      "补贴津贴": "",
      "变动原因说明": "",
      "是否在股东或关联单位领取报酬津贴": "否",
      "在任与否": "是"
    },
    {
      "领导人姓名": "袁亚松",
      "职位描述": "监事会主席、副总裁",
      "期初持股数": "0",
      "期末持股数": "0",
      "间接持股数": "",
      "从公司获得年度报酬总额": "502000",
      "补贴津贴": "",
      "变动原因说明": "",
      "是否在股东或关联单位领取报酬津贴": "否",
      "在任与否": "是"
    },
    {
      "领导人姓名": "麦炜杰",
      "职位描述": "副总裁",
      "期初持股数": "0",
      "期末持股数": "0",
      "间接持股数": "",
      "从公司获得年度报酬总额": "661200",
      "补贴津贴": "",
      "变动原因说明": "",
      "是否在股东或关联单位领取报酬津贴": "否",
      "在任与否": "是"
    },
    {
      "领导人姓名": "陈涛",
      "职位描述": "财务总监",
      "期初持股数": "0",
      "期末持股数": "0",
      "间接持股数": "",
      "从公司获得年度报酬总额": "95700",
      "补贴津贴": "",
      "变动原因说明": "",
      "是否在股东或关联单位领取报酬津贴": "否",
      "在任与否": "是"
    },
    {
      "领导人姓名": "李志刚",
      "职位描述": "副总裁、总工程师",
      "期初持股数": "84250",
      "期末持股数": "84250",
      "间接持股数": "",
      "从公司获得年度报酬总额": "643800",
      "补贴津贴": "",
      "变动原因说明": "",
      "是否在股东或关联单位领取报酬津贴": "否",
      "在任与否": "否"
    }
  ]
}

=== 002294-2026-04-21-信立泰-2025年年度报告.pdf ===
{
  "Leader_Salary_data": {
    "实际所得报酬总额起始": "",
    "实际所得报酬总额截止": "",
    "实际所得报酬总额涉及人数": ""
  },
  "Leader_Hold_data": [
    {
      "领导人姓名": "叶宇翔",
      "职位描述": "董事长、董事",
      "期初持股数": "0",
      "期末持股数": "0",
      "间接持股数": "",
      "从公司获得年度报酬总额": "1386200",
      "补贴津贴": "",
      "变动原因说明": "",
      "是否在股东或关联单位领取报酬津贴": "否",
      "在任与否": "是"
    },
    {
      "领导人姓名": "叶澄海",
      "职位描述": "董事",
      "期初持股数": "0",
      "期末持股数": "0",
      "间接持股数": "",
      "从公司获得年度报酬总额": "0",
      "补贴津贴": "",
      "变动原因说明": "",
      "是否在股东或关联单位领取报酬津贴": "否",
      "在任与否": "是"
    },
    {
      "领导人姓名": "颜杰",
      "职位描述": "董事、总经理",
      "期初持股数": "133099",
      "期末持股数": "133099",
      "间接持股数": "",
      "从公司获得年度报酬总额": "2175200",
      "补贴津贴": "",
      "变动原因说明": "",
      "是否在股东或关联单位领取报酬津贴": "否",
      "在任与否": "是"
    },
    {
      "领导人姓名": "杨健锋",
      "职位描述": "董事、董事会秘书",
      "期初持股数": "117700",
      "期末持股数": "117700",
      "间接持股数": "",
      "从公司获得年度报酬总额": "1135700",
      "补贴津贴": "",
      "变动原因说明": "",
      "是否在股东或关联单位领取报酬津贴": "否",
      "在任与否": "是"
    },
    {
      "领导人姓名": "许文杰",
      "职位描述": "职工董事",
      "期初持股数": "0",
      "期末持股数": "0",
      "间接持股数": "",
      "从公司获得年度报酬总额": "2057200",
      "补贴津贴": "",
      "变动原因说明": "",
      "是否在股东或关联单位领取报酬津贴": "否",
      "在任与否": "是"
    },
    {
      "领导人姓名": "陈茜渝",
      "职位描述": "董事",
      "期初持股数": "0",
      "期末持股数": "0",
      "间接持股数": "",
      "从公司获得年度报酬总额": "1257500",
      "补贴津贴": "",
      "变动原因说明": "",
      "是否在股东或关联单位领取报酬津贴": "否",
      "在任与否": "是"
    },
    {
      "领导人姓名": "朱厚佳",
      "职位描述": "独立董事",
      "期初持股数": "0",
      "期末持股数": "0",
      "间接持股数": "",
      "从公司获得年度报酬总额": "120000",
      "补贴津贴": "120000",
      "变动原因说明": "",
      "是否在股东或关联单位领取报酬津贴": "否",
      "在任与否": "是"
    },
    {
      "领导人姓名": "陈有海",
      "职位描述": "独立董事",
      "期初持股数": "0",
      "期末持股数": "0",
      "间接持股数": "",
      "从公司获得年度报酬总额": "",
      "补贴津贴": "",
      "变动原因说明": "",
      "是否在股东或关联单位领取报酬津贴": "否",
      "在任与否": "是"
    },
    {
      "领导人姓名": "陈丛",
      "职位描述": "独立董事",
      "期初持股数": "0",
      "期末持股数": "0",
      "间接持股数": "",
      "从公司获得年度报酬总额": "",
      "补贴津贴": "",
      "变动原因说明": "",
      "是否在股东或关联单位领取报酬津贴": "否",
      "在任与否": "是"
    },
    {
      "领导人姓名": "沈清",
      "职位描述": "董事",
      "期初持股数": "0",
      "期末持股数": "0",
      "间接持股数": "",
      "从公司获得年度报酬总额": "0",
      "补贴津贴": "",
      "变动原因说明": "",
      "是否在股东或关联单位领取报酬津贴": "否",
      "在任与否": "否"
    },
    {
      "领导人姓名": "刘来平",
      "职位描述": "独立董事",
      "期初持股数": "0",
      "期末持股数": "0",
      "间接持股数": "",
      "从公司获得年度报酬总额": "120000",
      "补贴津贴": "120000",
      "变动原因说明": "",
      "是否在股东或关联单位领取报酬津贴": "否",
      "在任与否": "否"
    },
    {
      "领导人姓名": "王学恭",
      "职位描述": "独立董事",
      "期初持股数": "0",
      "期末持股数": "0",
      "间接持股数": "",
      "从公司获得年度报酬总额": "120000",
      "补贴津贴": "120000",
      "变动原因说明": "",
      "是否在股东或关联单位领取报酬津贴": "否",
      "在任与否": "否"
    },
    {
      "领导人姓名": "赵松萍",
      "职位描述": "副总经理",
      "期初持股数": "83600",
      "期末持股数": "83600",
      "间接持股数": "",
      "从公司获得年度报酬总额": "1738300",
      "补贴津贴": "",
      "变动原因说明": "",
      "是否在股东或关联单位领取报酬津贴": "否",
      "在任与否": "是"
    },
    {
      "领导人姓名": "陈平",
      "职位描述": "副总经理",
      "期初持股数": "0",
      "期末持股数": "0",
      "间接持股数": "",
      "从公司获得年度报酬总额": "1315000",
      "补贴津贴": "",
      "变动原因说明": "",
      "是否在股东或关联单位领取报酬津贴": "否",
      "在任与否": "是"
    },
    {
      "领导人姓名": "孔芸",
      "职位描述": "财务负责人",
      "期初持股数": "0",
      "期末持股数": "0",
      "间接持股数": "",
      "从公司获得年度报酬总额": "1554000",
      "补贴津贴": "",
      "变动原因说明": "",
      "是否在股东或关联单位领取报酬津贴": "否",
      "在任与否": "是"
    }
  ]
}

=== 002364-2026-04-21-中恒电气-2025年年度报告.pdf ===
{
  "Leader_Salary_data": {
    "实际所得报酬总额起始": "",
    "实际所得报酬总额截止": "",
    "实际所得报酬总额涉及人数": ""
  },
  "Leader_Hold_data": [
    {
      "领导人姓名": "包晓茹",
      "职位描述": "董事长、董事",
      "期初持股数": "7210700",
      "期末持股数": "7210700",
      "间接持股数": "",
      "从公司获得年度报酬总额": "0",
      "补贴津贴": "",
      "变动原因说明": "",
      "是否在股东或关联单位领取报酬津贴": "是",
      "在任与否": "是"
    },
    {
      "领导人姓名": "胥飞飞",
      "职位描述": "副董事长、总经理",
      "期初持股数": "",
      "期末持股数": "",
      "间接持股数": "",
      "从公司获得年度报酬总额": "1987500",
      "补贴津贴": "",
      "变动原因说明": "",
      "是否在股东或关联单位领取报酬津贴": "否",
      "在任与否": "是"
    },
    {
      "领导人姓名": "仇向东",
      "职位描述": "董事、副总经理",
      "期初持股数": "",
      "期末持股数": "",
      "间接持股数": "",
      "从公司获得年度报酬总额": "1010500",
      "补贴津贴": "",
      "变动原因说明": "",
      "是否在股东或关联单位领取报酬津贴": "否",
      "在任与否": "是"
    },
    {
      "领导人姓名": "叶肖剑",
      "职位描述": "独立董事",
      "期初持股数": "",
      "期末持股数": "",
      "间接持股数": "",
      "从公司获得年度报酬总额": "80000",
      "补贴津贴": "",
      "变动原因说明": "",
      "是否在股东或关联单位领取报酬津贴": "否",
      "在任与否": "是"
    },
    {
      "领导人姓名": "姜宁",
      "职位描述": "独立董事",
      "期初持股数": "",
      "期末持股数": "",
      "间接持股数": "",
      "从公司获得年度报酬总额": "40000",
      "补贴津贴": "",
      "变动原因说明": "",
      "是否在股东或关联单位领取报酬津贴": "否",
      "在任与否": "是"
    },
    {
      "领导人姓名": "曾平良",
      "职位描述": "独立董事",
      "期初持股数": "",
      "期末持股数": "",
      "间接持股数": "",
      "从公司获得年度报酬总额": "80000",
      "补贴津贴": "",
      "变动原因说明": "",
      "是否在股东或关联单位领取报酬津贴": "否",
      "在任与否": "是"
    },
    {
      "领导人姓名": "张班",
      "职位描述": "职工代表董事",
      "期初持股数": "",
      "期末持股数": "",
      "间接持股数": "",
      "从公司获得年度报酬总额": "260700",
      "补贴津贴": "",
      "变动原因说明": "",
      "是否在股东或关联单位领取报酬津贴": "否",
      "在任与否": "是"
    },
    {
      "领导人姓名": "段建平",
      "职位描述": "副总经理、财务总监",
      "期初持股数": "",
      "期末持股数": "",
      "间接持股数": "",
      "从公司获得年度报酬总额": "1177700",
      "补贴津贴": "",
      "变动原因说明": "",
      "是否在股东或关联单位领取报酬津贴": "否",
      "在任与否": "是"
    },
    {
      "领导人姓名": "方能杰",
      "职位描述": "董事、副总经理、董事会秘书",
      "期初持股数": "",
      "期末持股数": "",
      "间接持股数": "",
      "从公司获得年度报酬总额": "1110800",
      "补贴津贴": "",
      "变动原因说明": "",
      "是否在股东或关联单位领取报酬津贴": "否",
      "在任与否": "是"
    },
    {
      "领导人姓名": "薛静",
      "职位描述": "独立董事",
      "期初持股数": "",
      "期末持股数": "",
      "间接持股数": "",
      "从公司获得年度报酬总额": "40000",
      "补贴津贴": "",
      "变动原因说明": "",
      "是否在股东或关联单位领取报酬津贴": "否",
      "在任与否": "否"
    }
  ]
}

=== 002338-2026-04-21-奥普光电-2025年年度报告.pdf ===
{
  "Leader_Salary_data": {
    "实际所得报酬总额起始": "",
    "实际所得报酬总额截止": "",
    "实际所得报酬总额涉及人数": ""
  },
  "Leader_Hold_data": [
    {
      "领导人姓名": "高劲松",
      "职位描述": "董事长",
      "期初持股数": "0",
      "期末持股数": "0",
      "间接持股数": "",
      "从公司获得年度报酬总额": "711200",
      "补贴津贴": "",
      "变动原因说明": "",
      "是否在股东或关联单位领取报酬津贴": "否",
      "在任与否": "是"
    },
    {
      "领导人姓名": "韩诚山",
      "职位描述": "董事",
      "期初持股数": "0",
      "期末持股数": "0",
      "间接持股数": "",
      "从公司获得年度报酬总额": "0",
      "补贴津贴": "",
      "变动原因说明": "",
      "是否在股东或关联单位领取报酬津贴": "是",
      "在任与否": "是"
    },
    {
      "领导人姓名": "薛栋林",
      "职位描述": "董事",
      "期初持股数": "0",
      "期末持股数": "0",
      "间接持股数": "",
      "从公司获得年度报酬总额": "0",
      "补贴津贴": "",
      "变动原因说明": "",
      "是否在股东或关联单位领取报酬津贴": "是",
      "在任与否": "是"
    },
    {
      "领导人姓名": "储海荣",
      "职位描述": "董事",
      "期初持股数": "0",
      "期末持股数": "0",
      "间接持股数": "",
      "从公司获得年度报酬总额": "0",
      "补贴津贴": "",
      "变动原因说明": "",
      "是否在股东或关联单位领取报酬津贴": "是",
      "在任与否": "是"
    },
    {
      "领导人姓名": "刘艳春",
      "职位描述": "董事",
      "期初持股数": "0",
      "期末持股数": "0",
      "间接持股数": "",
      "从公司获得年度报酬总额": "0",
      "补贴津贴": "",
      "变动原因说明": "",
      "是否在股东或关联单位领取报酬津贴": "是",
      "在任与否": "是"
    },
    {
      "领导人姓名": "裴朝辉",
      "职位描述": "职工代表董事、职工代表监事",
      "期初持股数": "0",
      "期末持股数": "0",
      "间接持股数": "",
      "从公司获得年度报酬总额": "269700",
      "补贴津贴": "",
      "变动原因说明": "",
      "是否在股东或关联单位领取报酬津贴": "否",
      "在任与否": "是"
    },
    {
      "领导人姓名": "韩道琴",
      "职位描述": "独立董事",
      "期初持股数": "0",
      "期末持股数": "0",
      "间接持股数": "",
      "从公司获得年度报酬总额": "60000",
      "补贴津贴": "60000",
      "变动原因说明": "",
      "是否在股东或关联单位领取报酬津贴": "否",
      "在任与否": "是"
    },
    {
      "领导人姓名": "姜志刚",
      "职位描述": "独立董事",
      "期初持股数": "0",
      "期末持股数": "0",
      "间接持股数": "",
      "从公司获得年度报酬总额": "60000",
      "补贴津贴": "60000",
      "变动原因说明": "",
      "是否在股东或关联单位领取报酬津贴": "否",
      "在任与否": "是"
    },
    {
      "领导人姓名": "卢俊",
      "职位描述": "独立董事",
      "期初持股数": "0",
      "期末持股数": "0",
      "间接持股数": "",
      "从公司获得年度报酬总额": "60000",
      "补贴津贴": "60000",
      "变动原因说明": "",
      "是否在股东或关联单位领取报酬津贴": "否",
      "在任与否": "是"
    },
    {
      "领导人姓名": "赵嵩",
      "职位描述": "总经理",
      "期初持股数": "0",
      "期末持股数": "0",
      "间接持股数": "",
      "从公司获得年度报酬总额": "691600",
      "补贴津贴": "",
      "变动原因说明": "",
      "是否在股东或关联单位领取报酬津贴": "否",
      "在任与否": "是"
    },
    {
      "领导人姓名": "赵贵军",
      "职位描述": "副总经理",
      "期初持股数": "0",
      "期末持股数": "0",
      "间接持股数": "",
      "从公司获得年度报酬总额": "490000",
      "补贴津贴": "",
      "变动原因说明": "",
      "是否在股东或关联单位领取报酬津贴": "否",
      "在任与否": "是"
    },
    {
      "领导人姓名": "沈娟",
      "职位描述": "董事会秘书",
      "期初持股数": "0",
      "期末持股数": "0",
      "间接持股数": "",
      "从公司获得年度报酬总额": "563900",
      "补贴津贴": "",
      "变动原因说明": "",
      "是否在股东或关联单位领取报酬津贴": "否",
      "在任与否": "是"
    },
    {
      "领导人姓名": "徐爱民",
      "职位描述": "财务总监",
      "期初持股数": "0",
      "期末持股数": "0",
      "间接持股数": "",
      "从公司获得年度报酬总额": "459000",
      "补贴津贴": "",
      "变动原因说明": "",
      "是否在股东或关联单位领取报酬津贴": "否",
      "在任与否": "是"
    },
    {
      "领导人姓名": "张强",
      "职位描述": "副总经理",
      "期初持股数": "0",
      "期末持股数": "0",
      "间接持股数": "",
      "从公司获得年度报酬总额": "0",
      "补贴津贴": "",
      "变动原因说明": "",
      "是否在股东或关联单位领取报酬津贴": "",
      "在任与否": "否"
    },
    {
      "领导人姓名": "姜月影",
      "职位描述": "监事",
      "期初持股数": "0",
      "期末持股数": "0",
      "间接持股数": "",
      "从公司获得年度报酬总额": "",
      "补贴津贴": "",
      "变动原因说明": "",
      "是否在股东或关联单位领取报酬津贴": "",
      "在任与否": "否"
    },
    {
      "领导人姓名": "魏琳",
      "职位描述": "监事",
      "期初持股数": "0",
      "期末持股数": "0",
      "间接持股数": "",
      "从公司获得年度报酬总额": "",
      "补贴津贴": "",
      "变动原因说明": "",
      "是否在股东或关联单位领取报酬津贴": "",
      "在任与否": "否"
    },
    {
      "领导人姓名": "王胜楠",
      "职位描述": "董事",
      "期初持股数": "0",
      "期末持股数": "0",
      "间接持股数": "",
      "从公司获得年度报酬总额": "0",
      "补贴津贴": "",
      "变动原因说明": "",
      "是否在股东或关联单位领取报酬津贴": "",
      "在任与否": "否"
    }
  ]
}

=== 002390-2026-04-21-信邦制药-2025年年度报告.pdf ===
{
  "Leader_Salary_data": {
    "实际所得报酬总额起始": "",
    "实际所得报酬总额截止": "",
    "实际所得报酬总额涉及人数": ""
  },
  "Leader_Hold_data": [
    {
      "领导人姓名": "安吉",
      "职位描述": "董事长",
      "期初持股数": "20118395",
      "期末持股数": "20118395",
      "间接持股数": "",
      "从公司获得年度报酬总额": "1039900",
      "补贴津贴": "",
      "变动原因说明": "",
      "是否在股东或关联单位领取报酬津贴": "否",
      "在任与否": "是"
    },
    {
      "领导人姓名": "孔令忠",
      "职位描述": "董事、总经理",
      "期初持股数": "756700",
      "期末持股数": "756700",
      "间接持股数": "",
      "从公司获得年度报酬总额": "1039900",
      "补贴津贴": "",
      "变动原因说明": "",
      "是否在股东或关联单位领取报酬津贴": "否",
      "在任与否": "是"
    },
    {
      "领导人姓名": "丁一",
      "职位描述": "董事",
      "期初持股数": "149384",
      "期末持股数": "149384",
      "间接持股数": "",
      "从公司获得年度报酬总额": "0",
      "补贴津贴": "",
      "变动原因说明": "",
      "是否在股东或关联单位领取报酬津贴": "是",
      "在任与否": "是"
    },
    {
      "领导人姓名": "马倩娴",
      "职位描述": "董事",
      "期初持股数": "0",
      "期末持股数": "0",
      "间接持股数": "",
      "从公司获得年度报酬总额": "540600",
      "补贴津贴": "",
      "变动原因说明": "",
      "是否在股东或关联单位领取报酬津贴": "否",
      "在任与否": "是"
    },
    {
      "领导人姓名": "吕相倩",
      "职位描述": "职工代表董事",
      "期初持股数": "0",
      "期末持股数": "0",
      "间接持股数": "",
      "从公司获得年度报酬总额": "561400",
      "补贴津贴": "",
      "变动原因说明": "",
      "是否在股东或关联单位领取报酬津贴": "否",
      "在任与否": "是"
    },
    {
      "领导人姓名": "邱刚",
      "职位描述": "独立董事",
      "期初持股数": "0",
      "期末持股数": "0",
      "间接持股数": "",
      "从公司获得年度报酬总额": "60000",
      "补贴津贴": "60000",
      "变动原因说明": "",
      "是否在股东或关联单位领取报酬津贴": "否",
      "在任与否": "是"
    },
    {
      "领导人姓名": "刘杰",
      "职位描述": "独立董事",
      "期初持股数": "0",
      "期末持股数": "0",
      "间接持股数": "",
      "从公司获得年度报酬总额": "60000",
      "补贴津贴": "60000",
      "变动原因说明": "",
      "是否在股东或关联单位领取报酬津贴": "否",
      "在任与否": "是"
    },
    {
      "领导人姓名": "刘一烽",
      "职位描述": "独立董事",
      "期初持股数": "0",
      "期末持股数": "0",
      "间接持股数": "",
      "从公司获得年度报酬总额": "60000",
      "补贴津贴": "60000",
      "变动原因说明": "",
      "是否在股东或关联单位领取报酬津贴": "否",
      "在任与否": "是"
    },
    {
      "领导人姓名": "张洁卿",
      "职位描述": "副总经理",
      "期初持股数": "141900",
      "期末持股数": "141900",
      "间接持股数": "",
      "从公司获得年度报酬总额": "2651600",
      "补贴津贴": "",
      "变动原因说明": "",
      "是否在股东或关联单位领取报酬津贴": "否",
      "在任与否": "是"
    },
    {
      "领导人姓名": "陈船",
      "职位描述": "副总经理、董事会秘书",
      "期初持股数": "7200",
      "期末持股数": "7200",
      "间接持股数": "",
      "从公司获得年度报酬总额": "739900",
      "补贴津贴": "",
      "变动原因说明": "",
      "是否在股东或关联单位领取报酬津贴": "否",
      "在任与否": "是"
    },
    {
      "领导人姓名": "卢亚芳",
      "职位描述": "副总经理",
      "期初持股数": "8800",
      "期末持股数": "8800",
      "间接持股数": "",
      "从公司获得年度报酬总额": "739900",
      "补贴津贴": "",
      "变动原因说明": "",
      "是否在股东或关联单位领取报酬津贴": "否",
      "在任与否": "是"
    },
    {
      "领导人姓名": "肖娅筠",
      "职位描述": "副总经理、财务总监",
      "期初持股数": "85500",
      "期末持股数": "85500",
      "间接持股数": "",
      "从公司获得年度报酬总额": "739900",
      "补贴津贴": "",
      "变动原因说明": "",
      "是否在股东或关联单位领取报酬津贴": "否",
      "在任与否": "是"
    },
    {
      "领导人姓名": "罗驰",
      "职位描述": "副总经理",
      "期初持股数": "0",
      "期末持股数": "0",
      "间接持股数": "",
      "从公司获得年度报酬总额": "739800",
      "补贴津贴": "",
      "变动原因说明": "",
      "是否在股东或关联单位领取报酬津贴": "否",
      "在任与否": "是"
    }
  ]
}

=== 002540-2026-04-21-亚太科技-2025年年度报告.pdf ===
{
  "Leader_Salary_data": {
    "实际所得报酬总额起始": "",
    "实际所得报酬总额截止": "",
    "实际所得报酬总额涉及人数": ""
  },
  "Leader_Hold_data": [
    {
      "领导人姓名": "周福海",
      "职位描述": "董事长",
      "期初持股数": "496432134",
      "期末持股数": "496432134",
      "间接持股数": "",
      "从公司获得年度报酬总额": "1344000",
      "补贴津贴": "",
      "变动原因说明": "",
      "是否在股东或关联单位领取报酬津贴": "否",
      "在任与否": "是"
    },
    {
      "领导人姓名": "方东新",
      "职位描述": "总经理",
      "期初持股数": "0",
      "期末持股数": "0",
      "间接持股数": "",
      "从公司获得年度报酬总额": "2571900",
      "补贴津贴": "",
      "变动原因说明": "",
      "是否在股东或关联单位领取报酬津贴": "否",
      "在任与否": "是"
    },
    {
      "领导人姓名": "罗功武",
      "职位描述": "董事、副总经理",
      "期初持股数": "1470000",
      "期末持股数": "1500000",
      "间接持股数": "",
      "从公司获得年度报酬总额": "1202500",
      "补贴津贴": "",
      "变动原因说明": "股权激励",
      "是否在股东或关联单位领取报酬津贴": "否",
      "在任与否": "是"
    },
    {
      "领导人姓名": "彭俊芳",
      "职位描述": "职工代表董事",
      "期初持股数": "450000",
      "期末持股数": "220000",
      "间接持股数": "",
      "从公司获得年度报酬总额": "521100",
      "补贴津贴": "",
      "变动原因说明": "股权激励",
      "是否在股东或关联单位领取报酬津贴": "否",
      "在任与否": "是"
    },
    {
      "领导人姓名": "蔡永民",
      "职位描述": "独立董事",
      "期初持股数": "0",
      "期末持股数": "0",
      "间接持股数": "",
      "从公司获得年度报酬总额": "90000",
      "补贴津贴": "",
      "变动原因说明": "",
      "是否在股东或关联单位领取报酬津贴": "否",
      "在任与否": "是"
    },
    {
      "领导人姓名": "钱美芳",
      "职位描述": "独立董事",
      "期初持股数": "0",
      "期末持股数": "0",
      "间接持股数": "",
      "从公司获得年度报酬总额": "29700",
      "补贴津贴": "",
      "变动原因说明": "",
      "是否在股东或关联单位领取报酬津贴": "否",
      "在任与否": "是"
    },
    {
      "领导人姓名": "沈琳",
      "职位描述": "董事会秘书",
      "期初持股数": "250000",
      "期末持股数": "275000",
      "间接持股数": "",
      "从公司获得年度报酬总额": "572300",
      "补贴津贴": "",
      "变动原因说明": "股权激励",
      "是否在股东或关联单位领取报酬津贴": "否",
      "在任与否": "是"
    },
    {
      "领导人姓名": "浦俭英",
      "职位描述": "董事、总经理",
      "期初持股数": "1690000",
      "期末持股数": "1740000",
      "间接持股数": "",
      "从公司获得年度报酬总额": "327300",
      "补贴津贴": "",
      "变动原因说明": "股权激励",
      "是否在股东或关联单位领取报酬津贴": "否",
      "在任与否": "否"
    },
    {
      "领导人姓名": "张熔显",
      "职位描述": "独立董事",
      "期初持股数": "0",
      "期末持股数": "0",
      "间接持股数": "",
      "从公司获得年度报酬总额": "60300",
      "补贴津贴": "",
      "变动原因说明": "",
      "是否在股东或关联单位领取报酬津贴": "否",
      "在任与否": "否"
    },
    {
      "领导人姓名": "彭尧",
      "职位描述": "财务负责人",
      "期初持股数": "0",
      "期末持股数": "0",
      "间接持股数": "",
      "从公司获得年度报酬总额": "333600",
      "补贴津贴": "",
      "变动原因说明": "",
      "是否在股东或关联单位领取报酬津贴": "否",
      "在任与否": "否"
    }
  ]
}

=== 002307-2026-04-21-北新路桥-2025年年度报告.pdf ===
{
  "Leader_Salary_data": {
    "实际所得报酬总额起始": "",
    "实际所得报酬总额截止": "",
    "实际所得报酬总额涉及人数": ""
  },
  "Leader_Hold_data": [
    {
      "领导人姓名": "张斌",
      "职位描述": "党委书记、董事长",
      "期初持股数": "0",
      "期末持股数": "0",
      "间接持股数": "",
      "从公司获得年度报酬总额": "304300",
      "补贴津贴": "",
      "变动原因说明": "",
      "是否在股东或关联单位领取报酬津贴": "否",
      "在任与否": "是"
    },
    {
      "领导人姓名": "朱长江",
      "职位描述": "党委副书记、副董事长、总经理",
      "期初持股数": "0",
      "期末持股数": "0",
      "间接持股数": "",
      "从公司获得年度报酬总额": "304300",
      "补贴津贴": "",
      "变动原因说明": "",
      "是否在股东或关联单位领取报酬津贴": "否",
      "在任与否": "是"
    },
    {
      "领导人姓名": "于远征",
      "职位描述": "董事",
      "期初持股数": "0",
      "期末持股数": "0",
      "间接持股数": "",
      "从公司获得年度报酬总额": "0",
      "补贴津贴": "",
      "变动原因说明": "",
      "是否在股东或关联单位领取报酬津贴": "是",
      "在任与否": "是"
    },
    {
      "领导人姓名": "夏鹏",
      "职位描述": "董事",
      "期初持股数": "0",
      "期末持股数": "0",
      "间接持股数": "",
      "从公司获得年度报酬总额": "0",
      "补贴津贴": "",
      "变动原因说明": "",
      "是否在股东或关联单位领取报酬津贴": "是",
      "在任与否": "是"
    },
    {
      "领导人姓名": "王霞",
      "职位描述": "党委副书记、董事、工会主席、妇联主席",
      "期初持股数": "0",
      "期末持股数": "0",
      "间接持股数": "",
      "从公司获得年度报酬总额": "243500",
      "补贴津贴": "",
      "变动原因说明": "",
      "是否在股东或关联单位领取报酬津贴": "否",
      "在任与否": "是"
    },
    {
      "领导人姓名": "黄国林",
      "职位描述": "董事",
      "期初持股数": "0",
      "期末持股数": "0",
      "间接持股数": "",
      "从公司获得年度报酬总额": "0",
      "补贴津贴": "",
      "变动原因说明": "",
      "是否在股东或关联单位领取报酬津贴": "是",
      "在任与否": "否"
    },
    {
      "领导人姓名": "李斌",
      "职位描述": "独立董事",
      "期初持股数": "0",
      "期末持股数": "0",
      "间接持股数": "",
      "从公司获得年度报酬总额": "80000",
      "补贴津贴": "80000",
      "变动原因说明": "",
      "是否在股东或关联单位领取报酬津贴": "否",
      "在任与否": "是"
    },
    {
      "领导人姓名": "季红",
      "职位描述": "独立董事",
      "期初持股数": "0",
      "期末持股数": "0",
      "间接持股数": "",
      "从公司获得年度报酬总额": "80000",
      "补贴津贴": "80000",
      "变动原因说明": "",
      "是否在股东或关联单位领取报酬津贴": "否",
      "在任与否": "是"
    },
    {
      "领导人姓名": "张海霞",
      "职位描述": "独立董事",
      "期初持股数": "0",
      "期末持股数": "0",
      "间接持股数": "",
      "从公司获得年度报酬总额": "80000",
      "补贴津贴": "80000",
      "变动原因说明": "",
      "是否在股东或关联单位领取报酬津贴": "否",
      "在任与否": "是"
    },
    {
      "领导人姓名": "张大伟",
      "职位描述": "党委委员、纪委书记、监事会主席",
      "期初持股数": "0",
      "期末持股数": "0",
      "间接持股数": "",
      "从公司获得年度报酬总额": "243500",
      "补贴津贴": "",
      "变动原因说明": "",
      "是否在股东或关联单位领取报酬津贴": "否",
      "在任与否": "否"
    },
    {
      "领导人姓名": "吕淑珊",
      "职位描述": "监事",
      "期初持股数": "0",
      "期末持股数": "0",
      "间接持股数": "",
      "从公司获得年度报酬总额": "0",
      "补贴津贴": "",
      "变动原因说明": "",
      "是否在股东或关联单位领取报酬津贴": "是",
      "在任与否": "否"
    },
    {
      "领导人姓名": "李志峰",
      "职位描述": "监事",
      "期初持股数": "0",
      "期末持股数": "0",
      "间接持股数": "",
      "从公司获得年度报酬总额": "0",
      "补贴津贴": "",
      "变动原因说明": "",
      "是否在股东或关联单位领取报酬津贴": "是",
      "在任与否": "否"
    },
    {
      "领导人姓名": "鲁长青",
      "职位描述": "职工监事",
      "期初持股数": "0",
      "期末持股数": "0",
      "间接持股数": "",
      "从公司获得年度报酬总额": "172800",
      "补贴津贴": "",
      "变动原因说明": "",
      "是否在股东或关联单位领取报酬津贴": "否",
      "在任与否": "否"
    },
    {
      "领导人姓名": "尤涛涛",
      "职位描述": "职工监事",
      "期初持股数": "0",
      "期末持股数": "0",
      "间接持股数": "",
      "从公司获得年度报酬总额": "208300",
      "补贴津贴": "",
      "变动原因说明": "",
      "是否在股东或关联单位领取报酬津贴": "否",
      "在任与否": "否"
    },
    {
      "领导人姓名": "汪智勇",
      "职位描述": "党委委员、总会计师",
      "期初持股数": "0",
      "期末持股数": "0",
      "间接持股数": "",
      "从公司获得年度报酬总额": "243500",
      "补贴津贴": "",
      "变动原因说明": "",
      "是否在股东或关联单位领取报酬津贴": "否",
      "在任与否": "是"
    },
    {
      "领导人姓名": "杨志明",
      "职位描述": "党委委员、副总经理",
      "期初持股数": "0",
      "期末持股数": "0",
      "间接持股数": "",
      "从公司获得年度报酬总额": "0",
      "补贴津贴": "",
      "变动原因说明": "",
      "是否在股东或关联单位领取报酬津贴": "否",
      "在任与否": "是"
    },
    {
      "领导人姓名": "孙杰",
      "职位描述": "副总经理",
      "期初持股数": "0",
      "期末持股数": "0",
      "间接持股数": "",
      "从公司获得年度报酬总额": "243500",
      "补贴津贴": "",
      "变动原因说明": "",
      "是否在股东或关联单位领取报酬津贴": "否",
      "在任与否": "是"
    },
    {
      "领导人姓名": "冯钊",
      "职位描述": "副总经理",
      "期初持股数": "0",
      "期末持股数": "0",
      "间接持股数": "",
      "从公司获得年度报酬总额": "243500",
      "补贴津贴": "",
      "变动原因说明": "",
      "是否在股东或关联单位领取报酬津贴": "否",
      "在任与否": "是"
    },
    {
      "领导人姓名": "顾建民",
      "职位描述": "董事会秘书",
      "期初持股数": "0",
      "期末持股数": "0",
      "间接持股数": "",
      "从公司获得年度报酬总额": "243500",
      "补贴津贴": "",
      "变动原因说明": "",
      "是否在股东或关联单位领取报酬津贴": "否",
      "在任与否": "是"
    },
    {
      "领导人姓名": "杜恩华",
      "职位描述": "总经济师、总法律顾问",
      "期初持股数": "0",
      "期末持股数": "0",
      "间接持股数": "",
      "从公司获得年度报酬总额": "243500",
      "补贴津贴": "",
      "变动原因说明": "",
      "是否在股东或关联单位领取报酬津贴": "否",
      "在任与否": "是"
    }
  ]
}

=== 002608-2026-04-21-江苏国信-2025年年度报告.pdf ===
{
  "Leader_Salary_data": {
    "实际所得报酬总额起始": "",
    "实际所得报酬总额截止": "",
    "实际所得报酬总额涉及人数": ""
  },
  "Leader_Hold_data": [
    {
      "领导人姓名": "徐文进",
      "职位描述": "董事长",
      "期初持股数": "0",
      "期末持股数": "0",
      "间接持股数": "",
      "从公司获得年度报酬总额": "0",
      "补贴津贴": "",
      "变动原因说明": "",
      "是否在股东或关联单位领取报酬津贴": "是",
      "在任与否": "是"
    },
    {
      "领导人姓名": "翟军",
      "职位描述": "董事",
      "期初持股数": "0",
      "期末持股数": "0",
      "间接持股数": "",
      "从公司获得年度报酬总额": "0",
      "补贴津贴": "",
      "变动原因说明": "",
      "是否在股东或关联单位领取报酬津贴": "是",
      "在任与否": "是"
    },
    {
      "领导人姓名": "丁旭春",
      "职位描述": "董事",
      "期初持股数": "0",
      "期末持股数": "0",
      "间接持股数": "",
      "从公司获得年度报酬总额": "0",
      "补贴津贴": "",
      "变动原因说明": "",
      "是否在股东或关联单位领取报酬津贴": "是",
      "在任与否": "是"
    },
    {
      "领导人姓名": "宋才俊",
      "职位描述": "董事",
      "期初持股数": "0",
      "期末持股数": "0",
      "间接持股数": "",
      "从公司获得年度报酬总额": "0",
      "补贴津贴": "",
      "变动原因说明": "",
      "是否在股东或关联单位领取报酬津贴": "是",
      "在任与否": "是"
    },
    {
      "领导人姓名": "梁兴超",
      "职位描述": "董事",
      "期初持股数": "0",
      "期末持股数": "0",
      "间接持股数": "",
      "从公司获得年度报酬总额": "0",
      "补贴津贴": "",
      "变动原因说明": "",
      "是否在股东或关联单位领取报酬津贴": "是",
      "在任与否": "否"
    },
    {
      "领导人姓名": "温素彬",
      "职位描述": "独立董事",
      "期初持股数": "0",
      "期末持股数": "0",
      "间接持股数": "",
      "从公司获得年度报酬总额": "120000",
      "补贴津贴": "120000",
      "变动原因说明": "",
      "是否在股东或关联单位领取报酬津贴": "否",
      "在任与否": "是"
    },
    {
      "领导人姓名": "张洪发",
      "职位描述": "独立董事",
      "期初持股数": "0",
      "期末持股数": "0",
      "间接持股数": "",
      "从公司获得年度报酬总额": "120000",
      "补贴津贴": "120000",
      "变动原因说明": "",
      "是否在股东或关联单位领取报酬津贴": "否",
      "在任与否": "是"
    },
    {
      "领导人姓名": "张利军",
      "职位描述": "独立董事",
      "期初持股数": "0",
      "期末持股数": "0",
      "间接持股数": "",
      "从公司获得年度报酬总额": "120000",
      "补贴津贴": "120000",
      "变动原因说明": "",
      "是否在股东或关联单位领取报酬津贴": "否",
      "在任与否": "是"
    },
    {
      "领导人姓名": "李正欣",
      "职位描述": "总经理",
      "期初持股数": "0",
      "期末持股数": "0",
      "间接持股数": "",
      "从公司获得年度报酬总额": "896000",
      "补贴津贴": "",
      "变动原因说明": "",
      "是否在股东或关联单位领取报酬津贴": "否",
      "在任与否": "是"
    },
    {
      "领导人姓名": "王爱军",
      "职位描述": "副总经理",
      "期初持股数": "0",
      "期末持股数": "0",
      "间接持股数": "",
      "从公司获得年度报酬总额": "876000",
      "补贴津贴": "",
      "变动原因说明": "",
      "是否在股东或关联单位领取报酬津贴": "否",
      "在任与否": "是"
    },
    {
      "领导人姓名": "顾中林",
      "职位描述": "副总经理、董事会秘书、财务总监",
      "期初持股数": "0",
      "期末持股数": "0",
      "间接持股数": "",
      "从公司获得年度报酬总额": "702400",
      "补贴津贴": "",
      "变动原因说明": "",
      "是否在股东或关联单位领取报酬津贴": "否",
      "在任与否": "是"
    }
  ]
}

=== 002557-2026-04-21-洽洽食品-2025年年度报告.pdf ===
{
  "Leader_Salary_data": {
    "实际所得报酬总额起始": "",
    "实际所得报酬总额截止": "",
    "实际所得报酬总额涉及人数": ""
  },
  "Leader_Hold_data": [
    {
      "领导人姓名": "陈先保",
      "职位描述": "董事长、总经理",
      "期初持股数": "0",
      "期末持股数": "0",
      "间接持股数": "",
      "从公司获得年度报酬总额": "1399100",
      "补贴津贴": "",
      "变动原因说明": "",
      "是否在股东或关联单位领取报酬津贴": "否",
      "在任与否": "是"
    },
    {
      "领导人姓名": "陈奇",
      "职位描述": "副董事长、副总经理",
      "期初持股数": "",
      "期末持股数": "1437300",
      "间接持股数": "",
      "从公司获得年度报酬总额": "1086800",
      "补贴津贴": "",
      "变动原因说明": "",
      "是否在股东或关联单位领取报酬津贴": "否",
      "在任与否": "是"
    },
    {
      "领导人姓名": "陈冬梅",
      "职位描述": "董事",
      "期初持股数": "0",
      "期末持股数": "0",
      "间接持股数": "",
      "从公司获得年度报酬总额": "0",
      "补贴津贴": "",
      "变动原因说明": "",
      "是否在股东或关联单位领取报酬津贴": "是",
      "在任与否": "是"
    },
    {
      "领导人姓名": "张婷婷",
      "职位描述": "职工董事",
      "期初持股数": "0",
      "期末持股数": "0",
      "间接持股数": "",
      "从公司获得年度报酬总额": "478900",
      "补贴津贴": "",
      "变动原因说明": "",
      "是否在股东或关联单位领取报酬津贴": "否",
      "在任与否": "是"
    },
    {
      "领导人姓名": "汪大联",
      "职位描述": "独立董事",
      "期初持股数": "0",
      "期末持股数": "0",
      "间接持股数": "",
      "从公司获得年度报酬总额": "80000",
      "补贴津贴": "",
      "变动原因说明": "",
      "是否在股东或关联单位领取报酬津贴": "否",
      "在任与否": "是"
    },
    {
      "领导人姓名": "李姚矿",
      "职位描述": "独立董事",
      "期初持股数": "0",
      "期末持股数": "0",
      "间接持股数": "",
      "从公司获得年度报酬总额": "80000",
      "补贴津贴": "",
      "变动原因说明": "",
      "是否在股东或关联单位领取报酬津贴": "否",
      "在任与否": "是"
    },
    {
      "领导人姓名": "王熹徽",
      "职位描述": "独立董事",
      "期初持股数": "0",
      "期末持股数": "0",
      "间接持股数": "",
      "从公司获得年度报酬总额": "80000",
      "补贴津贴": "",
      "变动原因说明": "",
      "是否在股东或关联单位领取报酬津贴": "否",
      "在任与否": "是"
    },
    {
      "领导人姓名": "陈俊",
      "职位描述": "副总经理、董事会秘书、董事",
      "期初持股数": "0",
      "期末持股数": "0",
      "间接持股数": "",
      "从公司获得年度报酬总额": "898500",
      "补贴津贴": "",
      "变动原因说明": "",
      "是否在股东或关联单位领取报酬津贴": "否",
      "在任与否": "是"
    },
    {
      "领导人姓名": "徐涛",
      "职位描述": "副总经理",
      "期初持股数": "0",
      "期末持股数": "0",
      "间接持股数": "",
      "从公司获得年度报酬总额": "1079400",
      "补贴津贴": "",
      "变动原因说明": "",
      "是否在股东或关联单位领取报酬津贴": "否",
      "在任与否": "是"
    },
    {
      "领导人姓名": "胡晓燕",
      "职位描述": "财务总监",
      "期初持股数": "0",
      "期末持股数": "0",
      "间接持股数": "",
      "从公司获得年度报酬总额": "443100",
      "补贴津贴": "",
      "变动原因说明": "",
      "是否在股东或关联单位领取报酬津贴": "否",
      "在任与否": "是"
    },
    {
      "领导人姓名": "杨煜坤",
      "职位描述": "副总经理",
      "期初持股数": "0",
      "期末持股数": "0",
      "间接持股数": "",
      "从公司获得年度报酬总额": "644000",
      "补贴津贴": "",
      "变动原因说明": "",
      "是否在股东或关联单位领取报酬津贴": "否",
      "在任与否": "否"
    }
  ]
}

=== 002378-2026-04-21-章源钨业-2025年年度报告.pdf ===
{
  "Leader_Salary_data": {
    "实际所得报酬总额起始": "",
    "实际所得报酬总额截止": "",
    "实际所得报酬总额涉及人数": ""
  },
  "Leader_Hold_data": [
    {
      "领导人姓名": "黄泽兰",
      "职位描述": "董事、董事长",
      "期初持股数": "0",
      "期末持股数": "0",
      "间接持股数": "",
      "从公司获得年度报酬总额": "1501200",
      "补贴津贴": "",
      "变动原因说明": "",
      "是否在股东或关联单位领取报酬津贴": "否",
      "在任与否": "是"
    },
    {
      "领导人姓名": "黄世春",
      "职位描述": "董事、副董事长、总经理",
      "期初持股数": "599625",
      "期末持股数": "599625",
      "间接持股数": "",
      "从公司获得年度报酬总额": "1936700",
      "补贴津贴": "",
      "变动原因说明": "",
      "是否在股东或关联单位领取报酬津贴": "否",
      "在任与否": "是"
    },
    {
      "领导人姓名": "潘峰",
      "职位描述": "董事",
      "期初持股数": "0",
      "期末持股数": "0",
      "间接持股数": "",
      "从公司获得年度报酬总额": "240000",
      "补贴津贴": "",
      "变动原因说明": "",
      "是否在股东或关联单位领取报酬津贴": "是",
      "在任与否": "是"
    },
    {
      "领导人姓名": "王京彬",
      "职位描述": "独立董事",
      "期初持股数": "0",
      "期末持股数": "0",
      "间接持股数": "",
      "从公司获得年度报酬总额": "240000",
      "补贴津贴": "",
      "变动原因说明": "",
      "是否在股东或关联单位领取报酬津贴": "是",
      "在任与否": "是"
    },
    {
      "领导人姓名": "王平",
      "职位描述": "独立董事",
      "期初持股数": "0",
      "期末持股数": "0",
      "间接持股数": "",
      "从公司获得年度报酬总额": "240000",
      "补贴津贴": "",
      "变动原因说明": "",
      "是否在股东或关联单位领取报酬津贴": "是",
      "在任与否": "是"
    },
    {
      "领导人姓名": "吴崎右",
      "职位描述": "独立董事",
      "期初持股数": "0",
      "期末持股数": "0",
      "间接持股数": "",
      "从公司获得年度报酬总额": "240000",
      "补贴津贴": "",
      "变动原因说明": "",
      "是否在股东或关联单位领取报酬津贴": "否",
      "在任与否": "是"
    },
    {
      "领导人姓名": "范迪曜",
      "职位描述": "董事、财务总监、常务副总经理",
      "期初持股数": "1520304",
      "期末持股数": "1140304",
      "间接持股数": "",
      "从公司获得年度报酬总额": "1712100",
      "补贴津贴": "",
      "变动原因说明": "大宗交易减持",
      "是否在股东或关联单位领取报酬津贴": "否",
      "在任与否": "是"
    },
    {
      "领导人姓名": "刘佶",
      "职位描述": "董事、副总经理、董事会秘书",
      "期初持股数": "1010578",
      "期末持股数": "760578",
      "间接持股数": "",
      "从公司获得年度报酬总额": "1433300",
      "补贴津贴": "",
      "变动原因说明": "集中竞价减持",
      "是否在股东或关联单位领取报酬津贴": "否",
      "在任与否": "是"
    },
    {
      "领导人姓名": "曾桂玲",
      "职位描述": "职工董事、采购二部经理",
      "期初持股数": "0",
      "期末持股数": "0",
      "间接持股数": "",
      "从公司获得年度报酬总额": "389000",
      "补贴津贴": "",
      "变动原因说明": "",
      "是否在股东或关联单位领取报酬津贴": "否",
      "在任与否": "是"
    },
    {
      "领导人姓名": "陈邦明",
      "职位描述": "副总经理、董事",
      "期初持股数": "1221311",
      "期末持股数": "916011",
      "间接持股数": "",
      "从公司获得年度报酬总额": "1453400",
      "补贴津贴": "",
      "变动原因说明": "大宗交易减持",
      "是否在股东或关联单位领取报酬津贴": "否",
      "在任与否": "是"
    },
    {
      "领导人姓名": "黄文",
      "职位描述": "副总经理",
      "期初持股数": "1406626",
      "期末持股数": "1406626",
      "间接持股数": "",
      "从公司获得年度报酬总额": "1503200",
      "补贴津贴": "",
      "变动原因说明": "",
      "是否在股东或关联单位领取报酬津贴": "否",
      "在任与否": "是"
    },
    {
      "领导人姓名": "石雨生",
      "职位描述": "副总经理",
      "期初持股数": "1405846",
      "期末持股数": "1054446",
      "间接持股数": "",
      "从公司获得年度报酬总额": "1498000",
      "补贴津贴": "",
      "变动原因说明": "大宗交易减持",
      "是否在股东或关联单位领取报酬津贴": "否",
      "在任与否": "是"
    },
    {
      "领导人姓名": "赖昌洪",
      "职位描述": "副总经理",
      "期初持股数": "1230775",
      "期末持股数": "923175",
      "间接持股数": "",
      "从公司获得年度报酬总额": "1452200",
      "补贴津贴": "",
      "变动原因说明": "大宗交易减持",
      "是否在股东或关联单位领取报酬津贴": "否",
      "在任与否": "是"
    },
    {
      "领导人姓名": "徐国钻",
      "职位描述": "副总经理",
      "期初持股数": "0",
      "期末持股数": "0",
      "间接持股数": "",
      "从公司获得年度报酬总额": "1527400",
      "补贴津贴": "",
      "变动原因说明": "",
      "是否在股东或关联单位领取报酬津贴": "否",
      "在任与否": "是"
    }
  ]
}

=== 002434-2026-04-21-万里扬-2025年年度报告.pdf ===
{
  "Leader_Salary_data": {
    "实际所得报酬总额起始": "",
    "实际所得报酬总额截止": "",
    "实际所得报酬总额涉及人数": ""
  },
  "Leader_Hold_data": [
    {
      "领导人姓名": "黄河清",
      "职位描述": "董事长",
      "期初持股数": "0",
      "期末持股数": "0",
      "间接持股数": "",
      "从公司获得年度报酬总额": "1000000",
      "补贴津贴": "",
      "变动原因说明": "",
      "是否在股东或关联单位领取报酬津贴": "否",
      "在任与否": "是"
    },
    {
      "领导人姓名": "吴月华",
      "职位描述": "董事",
      "期初持股数": "1231600",
      "期末持股数": "1231600",
      "间接持股数": "",
      "从公司获得年度报酬总额": "0",
      "补贴津贴": "",
      "变动原因说明": "",
      "是否在股东或关联单位领取报酬津贴": "是",
      "在任与否": "是"
    },
    {
      "领导人姓名": "戚士龙",
      "职位描述": "董事",
      "期初持股数": "0",
      "期末持股数": "0",
      "间接持股数": "",
      "从公司获得年度报酬总额": "0",
      "补贴津贴": "",
      "变动原因说明": "",
      "是否在股东或关联单位领取报酬津贴": "是",
      "在任与否": "是"
    },
    {
      "领导人姓名": "顾勇亭",
      "职位描述": "董事、总裁",
      "期初持股数": "160300",
      "期末持股数": "160300",
      "间接持股数": "",
      "从公司获得年度报酬总额": "1006600",
      "补贴津贴": "",
      "变动原因说明": "",
      "是否在股东或关联单位领取报酬津贴": "否",
      "在任与否": "是"
    },
    {
      "领导人姓名": "黄哲煜",
      "职位描述": "董事",
      "期初持股数": "0",
      "期末持股数": "0",
      "间接持股数": "",
      "从公司获得年度报酬总额": "0",
      "补贴津贴": "",
      "变动原因说明": "",
      "是否在股东或关联单位领取报酬津贴": "否",
      "在任与否": "是"
    },
    {
      "领导人姓名": "张雷刚",
      "职位描述": "董事、董事会秘书、财务总监",
      "期初持股数": "82100",
      "期末持股数": "82100",
      "间接持股数": "",
      "从公司获得年度报酬总额": "507900",
      "补贴津贴": "",
      "变动原因说明": "",
      "是否在股东或关联单位领取报酬津贴": "否",
      "在任与否": "是"
    },
    {
      "领导人姓名": "黄列群",
      "职位描述": "独立董事",
      "期初持股数": "0",
      "期末持股数": "0",
      "间接持股数": "",
      "从公司获得年度报酬总额": "107400",
      "补贴津贴": "107400",
      "变动原因说明": "",
      "是否在股东或关联单位领取报酬津贴": "否",
      "在任与否": "是"
    },
    {
      "领导人姓名": "徐萍平",
      "职位描述": "独立董事",
      "期初持股数": "0",
      "期末持股数": "0",
      "间接持股数": "",
      "从公司获得年度报酬总额": "107400",
      "补贴津贴": "107400",
      "变动原因说明": "",
      "是否在股东或关联单位领取报酬津贴": "否",
      "在任与否": "是"
    },
    {
      "领导人姓名": "吕岚",
      "职位描述": "独立董事",
      "期初持股数": "0",
      "期末持股数": "0",
      "间接持股数": "",
      "从公司获得年度报酬总额": "107400",
      "补贴津贴": "107400",
      "变动原因说明": "",
      "是否在股东或关联单位领取报酬津贴": "否",
      "在任与否": "是"
    },
    {
      "领导人姓名": "任华林",
      "职位描述": "副总裁",
      "期初持股数": "110000",
      "期末持股数": "110000",
      "间接持股数": "",
      "从公司获得年度报酬总额": "804500",
      "补贴津贴": "",
      "变动原因说明": "",
      "是否在股东或关联单位领取报酬津贴": "否",
      "在任与否": "是"
    },
    {
      "领导人姓名": "林健",
      "职位描述": "副总裁",
      "期初持股数": "11600",
      "期末持股数": "11600",
      "间接持股数": "",
      "从公司获得年度报酬总额": "798400",
      "补贴津贴": "",
      "变动原因说明": "",
      "是否在股东或关联单位领取报酬津贴": "否",
      "在任与否": "是"
    },
    {
      "领导人姓名": "朱小龙",
      "职位描述": "副总裁",
      "期初持股数": "0",
      "期末持股数": "0",
      "间接持股数": "",
      "从公司获得年度报酬总额": "800000",
      "补贴津贴": "",
      "变动原因说明": "",
      "是否在股东或关联单位领取报酬津贴": "否",
      "在任与否": "是"
    },
    {
      "领导人姓名": "胡春荣",
      "职位描述": "董事",
      "期初持股数": "83000",
      "期末持股数": "83000",
      "间接持股数": "",
      "从公司获得年度报酬总额": "459600",
      "补贴津贴": "",
      "变动原因说明": "",
      "是否在股东或关联单位领取报酬津贴": "否",
      "在任与否": "否"
    },
    {
      "领导人姓名": "钱寿光",
      "职位描述": "监事会主席",
      "期初持股数": "0",
      "期末持股数": "0",
      "间接持股数": "",
      "从公司获得年度报酬总额": "",
      "补贴津贴": "",
      "变动原因说明": "",
      "是否在股东或关联单位领取报酬津贴": "",
      "在任与否": "否"
    },
    {
      "领导人姓名": "古春山",
      "职位描述": "监事",
      "期初持股数": "0",
      "期末持股数": "0",
      "间接持股数": "",
      "从公司获得年度报酬总额": "",
      "补贴津贴": "",
      "变动原因说明": "",
      "是否在股东或关联单位领取报酬津贴": "",
      "在任与否": "否"
    },
    {
      "领导人姓名": "刘方军",
      "职位描述": "监事",
      "期初持股数": "0",
      "期末持股数": "0",
      "间接持股数": "",
      "从公司获得年度报酬总额": "",
      "补贴津贴": "",
      "变动原因说明": "",
      "是否在股东或关联单位领取报酬津贴": "",
      "在任与否": "否"
    }
  ]
}

=== 002489-2026-04-21-浙江永强-2025年年度报告.pdf ===
{
  "Leader_Salary_data": {
    "实际所得报酬总额起始": "",
    "实际所得报酬总额截止": "",
    "实际所得报酬总额涉及人数": ""
  },
  "Leader_Hold_data": [
    {
      "领导人姓名": "谢建勇",
      "职位描述": "董事长",
      "期初持股数": "134606749",
      "期末持股数": "134606749",
      "间接持股数": "",
      "从公司获得年度报酬总额": "400000",
      "补贴津贴": "",
      "变动原因说明": "",
      "是否在股东或关联单位领取报酬津贴": "否",
      "在任与否": "是"
    },
    {
      "领导人姓名": "谢建平",
      "职位描述": "副董事长",
      "期初持股数": "109041685",
      "期末持股数": "109041685",
      "间接持股数": "",
      "从公司获得年度报酬总额": "750000",
      "补贴津贴": "",
      "变动原因说明": "",
      "是否在股东或关联单位领取报酬津贴": "否",
      "在任与否": "是"
    },
    {
      "领导人姓名": "谢建强",
      "职位描述": "副董事长、总裁",
      "期初持股数": "97613130",
      "期末持股数": "97613130",
      "间接持股数": "",
      "从公司获得年度报酬总额": "750000",
      "补贴津贴": "",
      "变动原因说明": "",
      "是否在股东或关联单位领取报酬津贴": "否",
      "在任与否": "是"
    },
    {
      "领导人姓名": "周虎华",
      "职位描述": "董事、常务副总裁、副总裁",
      "期初持股数": "",
      "期末持股数": "",
      "间接持股数": "",
      "从公司获得年度报酬总额": "695000",
      "补贴津贴": "",
      "变动原因说明": "",
      "是否在股东或关联单位领取报酬津贴": "否",
      "在任与否": "是"
    },
    {
      "领导人姓名": "冯碗仙",
      "职位描述": "董事、副总裁、财务负责人、监事会主席",
      "期初持股数": "",
      "期末持股数": "",
      "间接持股数": "",
      "从公司获得年度报酬总额": "209500",
      "补贴津贴": "",
      "变动原因说明": "",
      "是否在股东或关联单位领取报酬津贴": "否",
      "在任与否": "是"
    },
    {
      "领导人姓名": "洪麟芝",
      "职位描述": "职工代表董事、职工监事",
      "期初持股数": "16250",
      "期末持股数": "16250",
      "间接持股数": "",
      "从公司获得年度报酬总额": "241300",
      "补贴津贴": "",
      "变动原因说明": "",
      "是否在股东或关联单位领取报酬津贴": "否",
      "在任与否": "是"
    },
    {
      "领导人姓名": "孙奉军",
      "职位描述": "独立董事",
      "期初持股数": "",
      "期末持股数": "",
      "间接持股数": "",
      "从公司获得年度报酬总额": "80000",
      "补贴津贴": "",
      "变动原因说明": "",
      "是否在股东或关联单位领取报酬津贴": "否",
      "在任与否": "是"
    },
    {
      "领导人姓名": "蒋慧玲",
      "职位描述": "独立董事",
      "期初持股数": "",
      "期末持股数": "",
      "间接持股数": "",
      "从公司获得年度报酬总额": "80000",
      "补贴津贴": "",
      "变动原因说明": "",
      "是否在股东或关联单位领取报酬津贴": "否",
      "在任与否": "是"
    },
    {
      "领导人姓名": "郑云波",
      "职位描述": "独立董事",
      "期初持股数": "",
      "期末持股数": "",
      "间接持股数": "",
      "从公司获得年度报酬总额": "33300",
      "补贴津贴": "",
      "变动原因说明": "",
      "是否在股东或关联单位领取报酬津贴": "否",
      "在任与否": "是"
    },
    {
      "领导人姓名": "王洪阳",
      "职位描述": "董事会秘书、副总裁",
      "期初持股数": "10000",
      "期末持股数": "10000",
      "间接持股数": "",
      "从公司获得年度报酬总额": "412000",
      "补贴津贴": "",
      "变动原因说明": "",
      "是否在股东或关联单位领取报酬津贴": "否",
      "在任与否": "是"
    },
    {
      "领导人姓名": "陈杨思嘉",
      "职位描述": "副总裁、董事、职工代表董事",
      "期初持股数": "10000",
      "期末持股数": "10000",
      "间接持股数": "",
      "从公司获得年度报酬总额": "287500",
      "补贴津贴": "",
      "变动原因说明": "",
      "是否在股东或关联单位领取报酬津贴": "否",
      "在任与否": "是"
    },
    {
      "领导人姓名": "施服斌",
      "职位描述": "董事、常务副总裁、财务负责人",
      "期初持股数": "10000",
      "期末持股数": "10000",
      "间接持股数": "",
      "从公司获得年度报酬总额": "618800",
      "补贴津贴": "",
      "变动原因说明": "",
      "是否在股东或关联单位领取报酬津贴": "否",
      "在任与否": "否"
    },
    {
      "领导人姓名": "胡凌",
      "职位描述": "独立董事",
      "期初持股数": "",
      "期末持股数": "",
      "间接持股数": "",
      "从公司获得年度报酬总额": "46700",
      "补贴津贴": "",
      "变动原因说明": "",
      "是否在股东或关联单位领取报酬津贴": "否",
      "在任与否": "否"
    },
    {
      "领导人姓名": "朱炜",
      "职位描述": "监事",
      "期初持股数": "",
      "期末持股数": "",
      "间接持股数": "",
      "从公司获得年度报酬总额": "212000",
      "补贴津贴": "",
      "变动原因说明": "",
      "是否在股东或关联单位领取报酬津贴": "否",
      "在任与否": "否"
    }
  ]
}

=== 002559-2026-04-21-亚威股份-2025年年度报告.pdf ===
{
  "Leader_Salary_data": {
    "实际所得报酬总额起始": "",
    "实际所得报酬总额截止": "",
    "实际所得报酬总额涉及人数": ""
  },
  "Leader_Hold_data": [
    {
      "领导人姓名": "冷志斌",
      "职位描述": "董事长、总经理",
      "期初持股数": "13849321",
      "期末持股数": "10389321",
      "间接持股数": "",
      "从公司获得年度报酬总额": "750000",
      "补贴津贴": "",
      "变动原因说明": "个人原因减持",
      "是否在股东或关联单位领取报酬津贴": "否",
      "在任与否": "是"
    },
    {
      "领导人姓名": "施金霞",
      "职位描述": "副董事长、副总经理、财务负责人",
      "期初持股数": "7960226",
      "期末持股数": "7160226",
      "间接持股数": "",
      "从公司获得年度报酬总额": "560000",
      "补贴津贴": "",
      "变动原因说明": "个人原因减持",
      "是否在股东或关联单位领取报酬津贴": "否",
      "在任与否": "是"
    },
    {
      "领导人姓名": "潘恩海",
      "职位描述": "董事、副总经理",
      "期初持股数": "5051536",
      "期末持股数": "3789836",
      "间接持股数": "",
      "从公司获得年度报酬总额": "580000",
      "补贴津贴": "",
      "变动原因说明": "个人原因减持",
      "是否在股东或关联单位领取报酬津贴": "否",
      "在任与否": "是"
    },
    {
      "领导人姓名": "朱鹏程",
      "职位描述": "董事、副总经理",
      "期初持股数": "4971096",
      "期末持股数": "3991096",
      "间接持股数": "",
      "从公司获得年度报酬总额": "580000",
      "补贴津贴": "",
      "变动原因说明": "个人原因减持",
      "是否在股东或关联单位领取报酬津贴": "否",
      "在任与否": "是"
    },
    {
      "领导人姓名": "樊军",
      "职位描述": "董事",
      "期初持股数": "882131",
      "期末持股数": "882131",
      "间接持股数": "",
      "从公司获得年度报酬总额": "440000",
      "补贴津贴": "",
      "变动原因说明": "",
      "是否在股东或关联单位领取报酬津贴": "否",
      "在任与否": "是"
    },
    {
      "领导人姓名": "杨建军",
      "职位描述": "董事",
      "期初持股数": "",
      "期末持股数": "",
      "间接持股数": "",
      "从公司获得年度报酬总额": "470000",
      "补贴津贴": "",
      "变动原因说明": "",
      "是否在股东或关联单位领取报酬津贴": "否",
      "在任与否": "是"
    },
    {
      "领导人姓名": "楼佩煌",
      "职位描述": "独立董事",
      "期初持股数": "",
      "期末持股数": "",
      "间接持股数": "",
      "从公司获得年度报酬总额": "80000",
      "补贴津贴": "",
      "变动原因说明": "",
      "是否在股东或关联单位领取报酬津贴": "否",
      "在任与否": "是"
    },
    {
      "领导人姓名": "蔡建",
      "职位描述": "独立董事",
      "期初持股数": "",
      "期末持股数": "",
      "间接持股数": "",
      "从公司获得年度报酬总额": "80000",
      "补贴津贴": "",
      "变动原因说明": "",
      "是否在股东或关联单位领取报酬津贴": "否",
      "在任与否": "是"
    },
    {
      "领导人姓名": "刘昕",
      "职位描述": "独立董事",
      "期初持股数": "",
      "期末持股数": "",
      "间接持股数": "",
      "从公司获得年度报酬总额": "80000",
      "补贴津贴": "",
      "变动原因说明": "",
      "是否在股东或关联单位领取报酬津贴": "否",
      "在任与否": "是"
    },
    {
      "领导人姓名": "童娟",
      "职位描述": "副总经理、董事会秘书",
      "期初持股数": "48000",
      "期末持股数": "48000",
      "间接持股数": "",
      "从公司获得年度报酬总额": "380000",
      "补贴津贴": "",
      "变动原因说明": "",
      "是否在股东或关联单位领取报酬津贴": "否",
      "在任与否": "是"
    },
    {
      "领导人姓名": "黎兴宝",
      "职位描述": "副总经理",
      "期初持股数": "100",
      "期末持股数": "100",
      "间接持股数": "",
      "从公司获得年度报酬总额": "460000",
      "补贴津贴": "",
      "变动原因说明": "",
      "是否在股东或关联单位领取报酬津贴": "否",
      "在任与否": "是"
    },
    {
      "领导人姓名": "吉素琴",
      "职位描述": "董事",
      "期初持股数": "14654935",
      "期末持股数": "10991200",
      "间接持股数": "",
      "从公司获得年度报酬总额": "39000",
      "补贴津贴": "",
      "变动原因说明": "个人原因减持",
      "是否在股东或关联单位领取报酬津贴": "否",
      "在任与否": "否"
    }
  ]
}

=== 002510-2026-04-21-天汽模-2025年年度报告.pdf ===
{
  "Leader_Salary_data": {
    "实际所得报酬总额起始": "",
    "实际所得报酬总额截止": "",
    "实际所得报酬总额涉及人数": ""
  },
  "Leader_Hold_data": [
    {
      "领导人姓名": "王易鹏",
      "职位描述": "董事长",
      "期初持股数": "0",
      "期末持股数": "0",
      "间接持股数": "",
      "从公司获得年度报酬总额": "0",
      "补贴津贴": "",
      "变动原因说明": "",
      "是否在股东或关联单位领取报酬津贴": "是",
      "在任与否": "是"
    },
    {
      "领导人姓名": "杨森",
      "职位描述": "董事",
      "期初持股数": "0",
      "期末持股数": "0",
      "间接持股数": "",
      "从公司获得年度报酬总额": "0",
      "补贴津贴": "",
      "变动原因说明": "",
      "是否在股东或关联单位领取报酬津贴": "是",
      "在任与否": "是"
    },
    {
      "领导人姓名": "高宪臣",
      "职位描述": "董事、常务副总经理",
      "期初持股数": "0",
      "期末持股数": "0",
      "间接持股数": "",
      "从公司获得年度报酬总额": "1200000",
      "补贴津贴": "",
      "变动原因说明": "",
      "是否在股东或关联单位领取报酬津贴": "否",
      "在任与否": "是"
    },
    {
      "领导人姓名": "杨靖伟",
      "职位描述": "职工董事",
      "期初持股数": "0",
      "期末持股数": "0",
      "间接持股数": "",
      "从公司获得年度报酬总额": "900000",
      "补贴津贴": "",
      "变动原因说明": "",
      "是否在股东或关联单位领取报酬津贴": "否",
      "在任与否": "是"
    },
    {
      "领导人姓名": "罗军民",
      "职位描述": "独立董事",
      "期初持股数": "0",
      "期末持股数": "0",
      "间接持股数": "",
      "从公司获得年度报酬总额": "0",
      "补贴津贴": "",
      "变动原因说明": "",
      "是否在股东或关联单位领取报酬津贴": "否",
      "在任与否": "是"
    },
    {
      "领导人姓名": "祝燕洁",
      "职位描述": "独立董事",
      "期初持股数": "0",
      "期末持股数": "0",
      "间接持股数": "",
      "从公司获得年度报酬总额": "0",
      "补贴津贴": "",
      "变动原因说明": "",
      "是否在股东或关联单位领取报酬津贴": "否",
      "在任与否": "是"
    },
    {
      "领导人姓名": "宋晓然",
      "职位描述": "独立董事",
      "期初持股数": "0",
      "期末持股数": "0",
      "间接持股数": "",
      "从公司获得年度报酬总额": "0",
      "补贴津贴": "",
      "变动原因说明": "",
      "是否在股东或关联单位领取报酬津贴": "否",
      "在任与否": "是"
    },
    {
      "领导人姓名": "邓应华",
      "职位描述": "副总经理、财务总监",
      "期初持股数": "56557",
      "期末持股数": "56557",
      "间接持股数": "",
      "从公司获得年度报酬总额": "900000",
      "补贴津贴": "",
      "变动原因说明": "无",
      "是否在股东或关联单位领取报酬津贴": "否",
      "在任与否": "是"
    },
    {
      "领导人姓名": "孟宪坤",
      "职位描述": "副总经理、董事会秘书",
      "期初持股数": "0",
      "期末持股数": "0",
      "间接持股数": "",
      "从公司获得年度报酬总额": "850000",
      "补贴津贴": "",
      "变动原因说明": "",
      "是否在股东或关联单位领取报酬津贴": "否",
      "在任与否": "是"
    },
    {
      "领导人姓名": "戴东云",
      "职位描述": "副总经理",
      "期初持股数": "0",
      "期末持股数": "0",
      "间接持股数": "",
      "从公司获得年度报酬总额": "0",
      "补贴津贴": "",
      "变动原因说明": "",
      "是否在股东或关联单位领取报酬津贴": "否",
      "在任与否": "是"
    },
    {
      "领导人姓名": "任伟",
      "职位描述": "党委书记、董事长、总经理",
      "期初持股数": "13650792",
      "期末持股数": "10238094",
      "间接持股数": "",
      "从公司获得年度报酬总额": "550000",
      "补贴津贴": "",
      "变动原因说明": "协议转让",
      "是否在股东或关联单位领取报酬津贴": "否",
      "在任与否": "否"
    },
    {
      "领导人姓名": "王金葵",
      "职位描述": "董事",
      "期初持股数": "15000",
      "期末持股数": "15000",
      "间接持股数": "",
      "从公司获得年度报酬总额": "0",
      "补贴津贴": "",
      "变动原因说明": "无",
      "是否在股东或关联单位领取报酬津贴": "否",
      "在任与否": "否"
    },
    {
      "领导人姓名": "毕晓方",
      "职位描述": "独立董事",
      "期初持股数": "0",
      "期末持股数": "0",
      "间接持股数": "",
      "从公司获得年度报酬总额": "80000",
      "补贴津贴": "",
      "变动原因说明": "",
      "是否在股东或关联单位领取报酬津贴": "否",
      "在任与否": "否"
    },
    {
      "领导人姓名": "黄跃军",
      "职位描述": "独立董事",
      "期初持股数": "0",
      "期末持股数": "0",
      "间接持股数": "",
      "从公司获得年度报酬总额": "80000",
      "补贴津贴": "",
      "变动原因说明": "",
      "是否在股东或关联单位领取报酬津贴": "否",
      "在任与否": "否"
    }
  ]
}

=== 002354-2026-04-21-天娱数科-2025年年度报告.pdf ===
{
  "Leader_Salary_data": {
    "实际所得报酬总额起始": "",
    "实际所得报酬总额截止": "",
    "实际所得报酬总额涉及人数": ""
  },
  "Leader_Hold_data": [
    {
      "领导人姓名": "贺晗",
      "职位描述": "董事、董事长、总经理",
      "期初持股数": "200000",
      "期末持股数": "200000",
      "间接持股数": "",
      "从公司获得年度报酬总额": "1505100",
      "补贴津贴": "",
      "变动原因说明": "",
      "是否在股东或关联单位领取报酬津贴": "否",
      "在任与否": "是"
    },
    {
      "领导人姓名": "刘笛",
      "职位描述": "董事、副总经理、董事会秘书",
      "期初持股数": "100000",
      "期末持股数": "100000",
      "间接持股数": "",
      "从公司获得年度报酬总额": "665100",
      "补贴津贴": "",
      "变动原因说明": "",
      "是否在股东或关联单位领取报酬津贴": "否",
      "在任与否": "是"
    },
    {
      "领导人姓名": "肖穆楠",
      "职位描述": "董事、副总经理",
      "期初持股数": "0",
      "期末持股数": "0",
      "间接持股数": "",
      "从公司获得年度报酬总额": "864300",
      "补贴津贴": "",
      "变动原因说明": "",
      "是否在股东或关联单位领取报酬津贴": "否",
      "在任与否": "是"
    },
    {
      "领导人姓名": "赵昭",
      "职位描述": "董事",
      "期初持股数": "0",
      "期末持股数": "0",
      "间接持股数": "",
      "从公司获得年度报酬总额": "0",
      "补贴津贴": "",
      "变动原因说明": "",
      "是否在股东或关联单位领取报酬津贴": "是",
      "在任与否": "是"
    },
    {
      "领导人姓名": "相敏",
      "职位描述": "独立董事",
      "期初持股数": "0",
      "期末持股数": "0",
      "间接持股数": "",
      "从公司获得年度报酬总额": "36700",
      "补贴津贴": "",
      "变动原因说明": "",
      "是否在股东或关联单位领取报酬津贴": "否",
      "在任与否": "是"
    },
    {
      "领导人姓名": "余晋刚",
      "职位描述": "独立董事",
      "期初持股数": "0",
      "期末持股数": "0",
      "间接持股数": "",
      "从公司获得年度报酬总额": "36700",
      "补贴津贴": "",
      "变动原因说明": "",
      "是否在股东或关联单位领取报酬津贴": "否",
      "在任与否": "是"
    },
    {
      "领导人姓名": "刘衡",
      "职位描述": "独立董事",
      "期初持股数": "0",
      "期末持股数": "0",
      "间接持股数": "",
      "从公司获得年度报酬总额": "36700",
      "补贴津贴": "",
      "变动原因说明": "",
      "是否在股东或关联单位领取报酬津贴": "否",
      "在任与否": "是"
    },
    {
      "领导人姓名": "李文洲",
      "职位描述": "独立董事",
      "期初持股数": "0",
      "期末持股数": "0",
      "间接持股数": "",
      "从公司获得年度报酬总额": "36700",
      "补贴津贴": "",
      "变动原因说明": "",
      "是否在股东或关联单位领取报酬津贴": "否",
      "在任与否": "是"
    },
    {
      "领导人姓名": "王祺",
      "职位描述": "独立董事",
      "期初持股数": "0",
      "期末持股数": "0",
      "间接持股数": "",
      "从公司获得年度报酬总额": "36700",
      "补贴津贴": "",
      "变动原因说明": "",
      "是否在股东或关联单位领取报酬津贴": "否",
      "在任与否": "是"
    },
    {
      "领导人姓名": "刘玉萍",
      "职位描述": "副总经理、董事",
      "期初持股数": "1000000",
      "期末持股数": "750000",
      "间接持股数": "",
      "从公司获得年度报酬总额": "1284700",
      "补贴津贴": "",
      "变动原因说明": "减持股份",
      "是否在股东或关联单位领取报酬津贴": "否",
      "在任与否": "是"
    },
    {
      "领导人姓名": "刘冠泊",
      "职位描述": "副总经理",
      "期初持股数": "0",
      "期末持股数": "0",
      "间接持股数": "",
      "从公司获得年度报酬总额": "935100",
      "补贴津贴": "",
      "变动原因说明": "",
      "是否在股东或关联单位领取报酬津贴": "否",
      "在任与否": "是"
    },
    {
      "领导人姓名": "商竹",
      "职位描述": "副总经理、行政总监",
      "期初持股数": "100000",
      "期末持股数": "100000",
      "间接持股数": "",
      "从公司获得年度报酬总额": "635100",
      "补贴津贴": "",
      "变动原因说明": "",
      "是否在股东或关联单位领取报酬津贴": "否",
      "在任与否": "是"
    },
    {
      "领导人姓名": "陈敬萱",
      "职位描述": "财务总监",
      "期初持股数": "0",
      "期末持股数": "0",
      "间接持股数": "",
      "从公司获得年度报酬总额": "511400",
      "补贴津贴": "",
      "变动原因说明": "",
      "是否在股东或关联单位领取报酬津贴": "否",
      "在任与否": "是"
    },
    {
      "领导人姓名": "徐德伟",
      "职位描述": "董事、董事长",
      "期初持股数": "1000000",
      "期末持股数": "1000000",
      "间接持股数": "",
      "从公司获得年度报酬总额": "1155700",
      "补贴津贴": "",
      "变动原因说明": "",
      "是否在股东或关联单位领取报酬津贴": "否",
      "在任与否": "否"
    },
    {
      "领导人姓名": "郭柏春",
      "职位描述": "董事",
      "期初持股数": "0",
      "期末持股数": "0",
      "间接持股数": "",
      "从公司获得年度报酬总额": "0",
      "补贴津贴": "",
      "变动原因说明": "",
      "是否在股东或关联单位领取报酬津贴": "是",
      "在任与否": "否"
    },
    {
      "领导人姓名": "王子阳",
      "职位描述": "独立董事",
      "期初持股数": "0",
      "期末持股数": "0",
      "间接持股数": "",
      "从公司获得年度报酬总额": "100000",
      "补贴津贴": "",
      "变动原因说明": "",
      "是否在股东或关联单位领取报酬津贴": "否",
      "在任与否": "否"
    },
    {
      "领导人姓名": "刘红霞",
      "职位描述": "独立董事",
      "期初持股数": "0",
      "期末持股数": "0",
      "间接持股数": "",
      "从公司获得年度报酬总额": "100000",
      "补贴津贴": "",
      "变动原因说明": "",
      "是否在股东或关联单位领取报酬津贴": "否",
      "在任与否": "否"
    },
    {
      "领导人姓名": "黄晓亮",
      "职位描述": "独立董事",
      "期初持股数": "0",
      "期末持股数": "0",
      "间接持股数": "",
      "从公司获得年度报酬总额": "100000",
      "补贴津贴": "",
      "变动原因说明": "",
      "是否在股东或关联单位领取报酬津贴": "否",
      "在任与否": "否"
    },
    {
      "领导人姓名": "徐明",
      "职位描述": "独立董事",
      "期初持股数": "0",
      "期末持股数": "0",
      "间接持股数": "",
      "从公司获得年度报酬总额": "100000",
      "补贴津贴": "",
      "变动原因说明": "",
      "是否在股东或关联单位领取报酬津贴": "否",
      "在任与否": "否"
    },
    {
      "领导人姓名": "杨佳泽",
      "职位描述": "监事会主席、监事",
      "期初持股数": "0",
      "期末持股数": "0",
      "间接持股数": "",
      "从公司获得年度报酬总额": "257100",
      "补贴津贴": "",
      "变动原因说明": "",
      "是否在股东或关联单位领取报酬津贴": "否",
      "在任与否": "否"
    },
    {
      "领导人姓名": "曹姗",
      "职位描述": "监事",
      "期初持股数": "0",
      "期末持股数": "0",
      "间接持股数": "",
      "从公司获得年度报酬总额": "0",
      "补贴津贴": "",
      "变动原因说明": "",
      "是否在股东或关联单位领取报酬津贴": "否",
      "在任与否": "否"
    },
    {
      "领导人姓名": "朱延枫",
      "职位描述": "监事",
      "期初持股数": "0",
      "期末持股数": "0",
      "间接持股数": "",
      "从公司获得年度报酬总额": "581200",
      "补贴津贴": "",
      "变动原因说明": "",
      "是否在股东或关联单位领取报酬津贴": "否",
      "在任与否": "否"
    },
    {
      "领导人姓名": "张洪峰",
      "职位描述": "副总经理",
      "期初持股数": "0",
      "期末持股数": "0",
      "间接持股数": "",
      "从公司获得年度报酬总额": "1004300",
      "补贴津贴": "",
      "变动原因说明": "",
      "是否在股东或关联单位领取报酬津贴": "否",
      "在任与否": "否"
    },
    {
      "领导人姓名": "李燕飞",
      "职位描述": "副总经理",
      "期初持股数": "50000",
      "期末持股数": "50000",
      "间接持股数": "",
      "从公司获得年度报酬总额": "83800",
      "补贴津贴": "",
      "变动原因说明": "",
      "是否在股东或关联单位领取报酬津贴": "否",
      "在任与否": "否"
    }
  ]
}

=== 002626-2026-04-21-金达威-2025年年度报告.pdf ===
{
  "Leader_Salary_data": {
    "实际所得报酬总额起始": "",
    "实际所得报酬总额截止": "",
    "实际所得报酬总额涉及人数": ""
  },
  "Leader_Hold_data": [
    {
      "领导人姓名": "江斌",
      "职位描述": "董事长、总经理",
      "期初持股数": "100000",
      "期末持股数": "100000",
      "间接持股数": "",
      "从公司获得年度报酬总额": "2832800",
      "补贴津贴": "",
      "变动原因说明": "",
      "是否在股东或关联单位领取报酬津贴": "否",
      "在任与否": "是"
    },
    {
      "领导人姓名": "陈佳良",
      "职位描述": "董事、常务副总经理",
      "期初持股数": "0",
      "期末持股数": "0",
      "间接持股数": "",
      "从公司获得年度报酬总额": "1552300",
      "补贴津贴": "",
      "变动原因说明": "",
      "是否在股东或关联单位领取报酬津贴": "否",
      "在任与否": "是"
    },
    {
      "领导人姓名": "洪航",
      "职位描述": "副总经理、财务总监、董事",
      "期初持股数": "0",
      "期末持股数": "0",
      "间接持股数": "",
      "从公司获得年度报酬总额": "1243300",
      "补贴津贴": "",
      "变动原因说明": "",
      "是否在股东或关联单位领取报酬津贴": "否",
      "在任与否": "是"
    },
    {
      "领导人姓名": "吴轶",
      "职位描述": "董事",
      "期初持股数": "0",
      "期末持股数": "0",
      "间接持股数": "",
      "从公司获得年度报酬总额": "1007500",
      "补贴津贴": "",
      "变动原因说明": "",
      "是否在股东或关联单位领取报酬津贴": "否",
      "在任与否": "是"
    },
    {
      "领导人姓名": "王水华",
      "职位描述": "副董事长",
      "期初持股数": "0",
      "期末持股数": "0",
      "间接持股数": "",
      "从公司获得年度报酬总额": "0",
      "补贴津贴": "",
      "变动原因说明": "",
      "是否在股东或关联单位领取报酬津贴": "是",
      "在任与否": "否"
    },
    {
      "领导人姓名": "顾卫华",
      "职位描述": "副董事长、董事",
      "期初持股数": "0",
      "期末持股数": "0",
      "间接持股数": "",
      "从公司获得年度报酬总额": "0",
      "补贴津贴": "",
      "变动原因说明": "",
      "是否在股东或关联单位领取报酬津贴": "是",
      "在任与否": "是"
    },
    {
      "领导人姓名": "徐肖特",
      "职位描述": "董事",
      "期初持股数": "0",
      "期末持股数": "0",
      "间接持股数": "",
      "从公司获得年度报酬总额": "0",
      "补贴津贴": "",
      "变动原因说明": "",
      "是否在股东或关联单位领取报酬津贴": "是",
      "在任与否": "是"
    },
    {
      "领导人姓名": "王大宏",
      "职位描述": "独立董事",
      "期初持股数": "0",
      "期末持股数": "0",
      "间接持股数": "",
      "从公司获得年度报酬总额": "115500",
      "补贴津贴": "",
      "变动原因说明": "",
      "是否在股东或关联单位领取报酬津贴": "否",
      "在任与否": "是"
    },
    {
      "领导人姓名": "王肖健",
      "职位描述": "独立董事",
      "期初持股数": "0",
      "期末持股数": "0",
      "间接持股数": "",
      "从公司获得年度报酬总额": "115500",
      "补贴津贴": "",
      "变动原因说明": "",
      "是否在股东或关联单位领取报酬津贴": "否",
      "在任与否": "是"
    },
    {
      "领导人姓名": "宗耕",
      "职位描述": "独立董事",
      "期初持股数": "0",
      "期末持股数": "0",
      "间接持股数": "",
      "从公司获得年度报酬总额": "115500",
      "补贴津贴": "",
      "变动原因说明": "",
      "是否在股东或关联单位领取报酬津贴": "否",
      "在任与否": "是"
    },
    {
      "领导人姓名": "焦洁",
      "职位描述": "监事会主席",
      "期初持股数": "0",
      "期末持股数": "0",
      "间接持股数": "",
      "从公司获得年度报酬总额": "0",
      "补贴津贴": "",
      "变动原因说明": "",
      "是否在股东或关联单位领取报酬津贴": "是",
      "在任与否": "否"
    },
    {
      "领导人姓名": "李丹",
      "职位描述": "监事",
      "期初持股数": "0",
      "期末持股数": "0",
      "间接持股数": "",
      "从公司获得年度报酬总额": "246900",
      "补贴津贴": "",
      "变动原因说明": "",
      "是否在股东或关联单位领取报酬津贴": "否",
      "在任与否": "否"
    },
    {
      "领导人姓名": "林水山",
      "职位描述": "监事",
      "期初持股数": "0",
      "期末持股数": "0",
      "间接持股数": "",
      "从公司获得年度报酬总额": "0",
      "补贴津贴": "",
      "变动原因说明": "",
      "是否在股东或关联单位领取报酬津贴": "否",
      "在任与否": "否"
    },
    {
      "领导人姓名": "詹光煌",
      "职位描述": "副总经理",
      "期初持股数": "0",
      "期末持股数": "0",
      "间接持股数": "",
      "从公司获得年度报酬总额": "1032100",
      "补贴津贴": "",
      "变动原因说明": "",
      "是否在股东或关联单位领取报酬津贴": "否",
      "在任与否": "是"
    },
    {
      "领导人姓名": "洪彦",
      "职位描述": "副总经理、董事会秘书",
      "期初持股数": "10000",
      "期末持股数": "10000",
      "间接持股数": "",
      "从公司获得年度报酬总额": "240100",
      "补贴津贴": "",
      "变动原因说明": "",
      "是否在股东或关联单位领取报酬津贴": "否",
      "在任与否": "否"
    },
    {
      "领导人姓名": "李晓芳",
      "职位描述": "副总经理、董事会秘书",
      "期初持股数": "0",
      "期末持股数": "0",
      "间接持股数": "",
      "从公司获得年度报酬总额": "513300",
      "补贴津贴": "",
      "变动原因说明": "",
      "是否在股东或关联单位领取报酬津贴": "否",
      "在任与否": "是"
    }
  ]
}

=== 002586-2026-04-21-ST围海-2025年年度报告.pdf ===
{
  "Leader_Salary_data": {
    "实际所得报酬总额起始": "",
    "实际所得报酬总额截止": "",
    "实际所得报酬总额涉及人数": ""
  },
  "Leader_Hold_data": [
    {
      "领导人姓名": "沈海标",
      "职位描述": "董事长",
      "期初持股数": "0",
      "期末持股数": "0",
      "间接持股数": "",
      "从公司获得年度报酬总额": "0",
      "补贴津贴": "",
      "变动原因说明": "",
      "是否在股东或关联单位领取报酬津贴": "是",
      "在任与否": "是"
    },
    {
      "领导人姓名": "张晨旺",
      "职位描述": "副董事长、董事",
      "期初持股数": "1002400",
      "期末持股数": "1002400",
      "间接持股数": "",
      "从公司获得年度报酬总额": "887300",
      "补贴津贴": "",
      "变动原因说明": "",
      "是否在股东或关联单位领取报酬津贴": "否",
      "在任与否": "是"
    },
    {
      "领导人姓名": "毛纪刚",
      "职位描述": "董事、高管",
      "期初持股数": "0",
      "期末持股数": "0",
      "间接持股数": "",
      "从公司获得年度报酬总额": "0",
      "补贴津贴": "",
      "变动原因说明": "",
      "是否在股东或关联单位领取报酬津贴": "是",
      "在任与否": "是"
    },
    {
      "领导人姓名": "汪文强",
      "职位描述": "董事、高管",
      "期初持股数": "0",
      "期末持股数": "0",
      "间接持股数": "",
      "从公司获得年度报酬总额": "897300",
      "补贴津贴": "",
      "变动原因说明": "",
      "是否在股东或关联单位领取报酬津贴": "否",
      "在任与否": "是"
    },
    {
      "领导人姓名": "孙旱雨",
      "职位描述": "董事",
      "期初持股数": "0",
      "期末持股数": "0",
      "间接持股数": "",
      "从公司获得年度报酬总额": "0",
      "补贴津贴": "",
      "变动原因说明": "",
      "是否在股东或关联单位领取报酬津贴": "是",
      "在任与否": "是"
    },
    {
      "领导人姓名": "牛杰",
      "职位描述": "董事",
      "期初持股数": "0",
      "期末持股数": "0",
      "间接持股数": "",
      "从公司获得年度报酬总额": "0",
      "补贴津贴": "",
      "变动原因说明": "",
      "是否在股东或关联单位领取报酬津贴": "是",
      "在任与否": "是"
    },
    {
      "领导人姓名": "张炳生",
      "职位描述": "独立董事",
      "期初持股数": "0",
      "期末持股数": "0",
      "间接持股数": "",
      "从公司获得年度报酬总额": "223600",
      "补贴津贴": "223600",
      "变动原因说明": "",
      "是否在股东或关联单位领取报酬津贴": "否",
      "在任与否": "是"
    },
    {
      "领导人姓名": "徐群",
      "职位描述": "独立董事",
      "期初持股数": "0",
      "期末持股数": "0",
      "间接持股数": "",
      "从公司获得年度报酬总额": "223600",
      "补贴津贴": "223600",
      "变动原因说明": "",
      "是否在股东或关联单位领取报酬津贴": "否",
      "在任与否": "是"
    },
    {
      "领导人姓名": "钱荣麓",
      "职位描述": "独立董事",
      "期初持股数": "0",
      "期末持股数": "0",
      "间接持股数": "",
      "从公司获得年度报酬总额": "223600",
      "补贴津贴": "223600",
      "变动原因说明": "",
      "是否在股东或关联单位领取报酬津贴": "否",
      "在任与否": "是"
    },
    {
      "领导人姓名": "杨智刚",
      "职位描述": "副董事长",
      "期初持股数": "0",
      "期末持股数": "0",
      "间接持股数": "",
      "从公司获得年度报酬总额": "0",
      "补贴津贴": "",
      "变动原因说明": "",
      "是否在股东或关联单位领取报酬津贴": "是",
      "在任与否": "否"
    },
    {
      "领导人姓名": "徐建",
      "职位描述": "董事",
      "期初持股数": "0",
      "期末持股数": "0",
      "间接持股数": "",
      "从公司获得年度报酬总额": "0",
      "补贴津贴": "",
      "变动原因说明": "",
      "是否在股东或关联单位领取报酬津贴": "是",
      "在任与否": "否"
    },
    {
      "领导人姓名": "俞元洪",
      "职位描述": "高管",
      "期初持股数": "100000",
      "期末持股数": "100000",
      "间接持股数": "",
      "从公司获得年度报酬总额": "646200",
      "补贴津贴": "",
      "变动原因说明": "",
      "是否在股东或关联单位领取报酬津贴": "否",
      "在任与否": "是"
    },
    {
      "领导人姓名": "付显阳",
      "职位描述": "高管",
      "期初持股数": "0",
      "期末持股数": "0",
      "间接持股数": "",
      "从公司获得年度报酬总额": "646200",
      "补贴津贴": "",
      "变动原因说明": "",
      "是否在股东或关联单位领取报酬津贴": "否",
      "在任与否": "是"
    },
    {
      "领导人姓名": "李威",
      "职位描述": "高管",
      "期初持股数": "0",
      "期末持股数": "0",
      "间接持股数": "",
      "从公司获得年度报酬总额": "646200",
      "补贴津贴": "",
      "变动原因说明": "",
      "是否在股东或关联单位领取报酬津贴": "否",
      "在任与否": "是"
    },
    {
      "领导人姓名": "石显宗",
      "职位描述": "高管",
      "期初持股数": "0",
      "期末持股数": "0",
      "间接持股数": "",
      "从公司获得年度报酬总额": "493700",
      "补贴津贴": "",
      "变动原因说明": "",
      "是否在股东或关联单位领取报酬津贴": "否",
      "在任与否": "是"
    },
    {
      "领导人姓名": "陈晖",
      "职位描述": "高管",
      "期初持股数": "50000",
      "期末持股数": "50000",
      "间接持股数": "",
      "从公司获得年度报酬总额": "486300",
      "补贴津贴": "",
      "变动原因说明": "",
      "是否在股东或关联单位领取报酬津贴": "否",
      "在任与否": "是"
    },
    {
      "领导人姓名": "陈伟",
      "职位描述": "高管",
      "期初持股数": "0",
      "期末持股数": "0",
      "间接持股数": "",
      "从公司获得年度报酬总额": "442100",
      "补贴津贴": "",
      "变动原因说明": "",
      "是否在股东或关联单位领取报酬津贴": "否",
      "在任与否": "是"
    },
    {
      "领导人姓名": "张志建",
      "职位描述": "高管",
      "期初持股数": "0",
      "期末持股数": "0",
      "间接持股数": "",
      "从公司获得年度报酬总额": "0",
      "补贴津贴": "",
      "变动原因说明": "",
      "是否在股东或关联单位领取报酬津贴": "否",
      "在任与否": "是"
    }
  ]
}

=== 002722-2026-04-21-物产金轮-2025年年度报告.pdf ===
{
  "Leader_Salary_data": {
    "实际所得报酬总额起始": "",
    "实际所得报酬总额截止": "",
    "实际所得报酬总额涉及人数": ""
  },
  "Leader_Hold_data": [
    {
      "领导人姓名": "朱清波",
      "职位描述": "董事长",
      "期初持股数": "0",
      "期末持股数": "0",
      "间接持股数": "",
      "从公司获得年度报酬总额": "0",
      "补贴津贴": "",
      "变动原因说明": "",
      "是否在股东或关联单位领取报酬津贴": "是",
      "在任与否": "是"
    },
    {
      "领导人姓名": "吕圣坚",
      "职位描述": "董事",
      "期初持股数": "0",
      "期末持股数": "0",
      "间接持股数": "",
      "从公司获得年度报酬总额": "0",
      "补贴津贴": "",
      "变动原因说明": "",
      "是否在股东或关联单位领取报酬津贴": "是",
      "在任与否": "是"
    },
    {
      "领导人姓名": "高誉",
      "职位描述": "董事、副总经理、财务负责人",
      "期初持股数": "0",
      "期末持股数": "0",
      "间接持股数": "",
      "从公司获得年度报酬总额": "1250800",
      "补贴津贴": "",
      "变动原因说明": "",
      "是否在股东或关联单位领取报酬津贴": "否",
      "在任与否": "是"
    },
    {
      "领导人姓名": "王君旸",
      "职位描述": "董事",
      "期初持股数": "0",
      "期末持股数": "0",
      "间接持股数": "",
      "从公司获得年度报酬总额": "357500",
      "补贴津贴": "",
      "变动原因说明": "",
      "是否在股东或关联单位领取报酬津贴": "否",
      "在任与否": "是"
    },
    {
      "领导人姓名": "周海生",
      "职位描述": "董事",
      "期初持股数": "0",
      "期末持股数": "0",
      "间接持股数": "",
      "从公司获得年度报酬总额": "0",
      "补贴津贴": "",
      "变动原因说明": "",
      "是否在股东或关联单位领取报酬津贴": "否",
      "在任与否": "是"
    },
    {
      "领导人姓名": "黄春辉",
      "职位描述": "职工董事",
      "期初持股数": "0",
      "期末持股数": "0",
      "间接持股数": "",
      "从公司获得年度报酬总额": "437000",
      "补贴津贴": "",
      "变动原因说明": "",
      "是否在股东或关联单位领取报酬津贴": "否",
      "在任与否": "是"
    },
    {
      "领导人姓名": "伍争荣",
      "职位描述": "独立董事",
      "期初持股数": "0",
      "期末持股数": "0",
      "间接持股数": "",
      "从公司获得年度报酬总额": "78000",
      "补贴津贴": "78000",
      "变动原因说明": "",
      "是否在股东或关联单位领取报酬津贴": "否",
      "在任与否": "是"
    },
    {
      "领导人姓名": "董望",
      "职位描述": "独立董事",
      "期初持股数": "0",
      "期末持股数": "0",
      "间接持股数": "",
      "从公司获得年度报酬总额": "78000",
      "补贴津贴": "78000",
      "变动原因说明": "",
      "是否在股东或关联单位领取报酬津贴": "否",
      "在任与否": "是"
    },
    {
      "领导人姓名": "阮超",
      "职位描述": "独立董事",
      "期初持股数": "0",
      "期末持股数": "0",
      "间接持股数": "",
      "从公司获得年度报酬总额": "78000",
      "补贴津贴": "78000",
      "变动原因说明": "",
      "是否在股东或关联单位领取报酬津贴": "否",
      "在任与否": "是"
    },
    {
      "领导人姓名": "汤华军",
      "职位描述": "总经理",
      "期初持股数": "20000",
      "期末持股数": "20000",
      "间接持股数": "",
      "从公司获得年度报酬总额": "1527800",
      "补贴津贴": "",
      "变动原因说明": "",
      "是否在股东或关联单位领取报酬津贴": "否",
      "在任与否": "是"
    },
    {
      "领导人姓名": "邱九辉",
      "职位描述": "副总经理、董事会秘书",
      "期初持股数": "0",
      "期末持股数": "0",
      "间接持股数": "",
      "从公司获得年度报酬总额": "1074800",
      "补贴津贴": "",
      "变动原因说明": "",
      "是否在股东或关联单位领取报酬津贴": "否",
      "在任与否": "是"
    },
    {
      "领导人姓名": "刘韶",
      "职位描述": "副总经理",
      "期初持股数": "0",
      "期末持股数": "0",
      "间接持股数": "",
      "从公司获得年度报酬总额": "1079800",
      "补贴津贴": "",
      "变动原因说明": "",
      "是否在股东或关联单位领取报酬津贴": "否",
      "在任与否": "是"
    },
    {
      "领导人姓名": "郑光良",
      "职位描述": "董事长",
      "期初持股数": "0",
      "期末持股数": "0",
      "间接持股数": "",
      "从公司获得年度报酬总额": "0",
      "补贴津贴": "",
      "变动原因说明": "",
      "是否在股东或关联单位领取报酬津贴": "是",
      "在任与否": "否"
    },
    {
      "领导人姓名": "沈翊",
      "职位描述": "副董事长",
      "期初持股数": "0",
      "期末持股数": "0",
      "间接持股数": "",
      "从公司获得年度报酬总额": "0",
      "补贴津贴": "",
      "变动原因说明": "",
      "是否在股东或关联单位领取报酬津贴": "是",
      "在任与否": "否"
    },
    {
      "领导人姓名": "卢一思",
      "职位描述": "董事",
      "期初持股数": "0",
      "期末持股数": "0",
      "间接持股数": "",
      "从公司获得年度报酬总额": "0",
      "补贴津贴": "",
      "变动原因说明": "",
      "是否在股东或关联单位领取报酬津贴": "是",
      "在任与否": "否"
    }
  ]
}

=== 002825-2026-04-21-纳尔股份-2025年年度报告.pdf ===
{
  "Leader_Salary_data": {
    "实际所得报酬总额起始": "",
    "实际所得报酬总额截止": "",
    "实际所得报酬总额涉及人数": ""
  },
  "Leader_Hold_data": [
    {
      "领导人姓名": "游爱国",
      "职位描述": "董事长、总经理",
      "期初持股数": "96798244",
      "期末持股数": "96798244",
      "间接持股数": "",
      "从公司获得年度报酬总额": "609300",
      "补贴津贴": "",
      "变动原因说明": "",
      "是否在股东或关联单位领取报酬津贴": "否",
      "在任与否": "是"
    },
    {
      "领导人姓名": "陶福生",
      "职位描述": "董事、副总经理",
      "期初持股数": "9501032",
      "期末持股数": "9592245",
      "间接持股数": "",
      "从公司获得年度报酬总额": "471500",
      "补贴津贴": "",
      "变动原因说明": "2022年股权激励第三个解锁期未达行权条件回购注销58787股；2025年股权激励授予150000股。",
      "是否在股东或关联单位领取报酬津贴": "否",
      "在任与否": "是"
    },
    {
      "领导人姓名": "游爱军",
      "职位描述": "董事、副总经理、董事会秘书",
      "期初持股数": "691718",
      "期末持股数": "841718",
      "间接持股数": "",
      "从公司获得年度报酬总额": "487900",
      "补贴津贴": "",
      "变动原因说明": "2025年股权激励授予150000股。",
      "是否在股东或关联单位领取报酬津贴": "否",
      "在任与否": "是"
    },
    {
      "领导人姓名": "陈然方",
      "职位描述": "董事",
      "期初持股数": "0",
      "期末持股数": "0",
      "间接持股数": "",
      "从公司获得年度报酬总额": "",
      "补贴津贴": "",
      "变动原因说明": "",
      "是否在股东或关联单位领取报酬津贴": "",
      "在任与否": "否"
    },
    {
      "领导人姓名": "蒋炜",
      "职位描述": "独立董事",
      "期初持股数": "0",
      "期末持股数": "0",
      "间接持股数": "",
      "从公司获得年度报酬总额": "35700",
      "补贴津贴": "",
      "变动原因说明": "因个人原因离任。",
      "是否在股东或关联单位领取报酬津贴": "否",
      "在任与否": "否"
    },
    {
      "领导人姓名": "张薇",
      "职位描述": "独立董事",
      "期初持股数": "0",
      "期末持股数": "0",
      "间接持股数": "",
      "从公司获得年度报酬总额": "85700",
      "补贴津贴": "",
      "变动原因说明": "",
      "是否在股东或关联单位领取报酬津贴": "否",
      "在任与否": "是"
    },
    {
      "领导人姓名": "徐艳辉",
      "职位描述": "独立董事",
      "期初持股数": "0",
      "期末持股数": "0",
      "间接持股数": "",
      "从公司获得年度报酬总额": "85700",
      "补贴津贴": "",
      "变动原因说明": "",
      "是否在股东或关联单位领取报酬津贴": "否",
      "在任与否": "是"
    },
    {
      "领导人姓名": "万国华",
      "职位描述": "独立董事",
      "期初持股数": "0",
      "期末持股数": "0",
      "间接持股数": "",
      "从公司获得年度报酬总额": "57100",
      "补贴津贴": "",
      "变动原因说明": "",
      "是否在股东或关联单位领取报酬津贴": "否",
      "在任与否": "是"
    },
    {
      "领导人姓名": "沈卫峰",
      "职位描述": "副总经理",
      "期初持股数": "293931",
      "期末持股数": "385144",
      "间接持股数": "",
      "从公司获得年度报酬总额": "779100",
      "补贴津贴": "",
      "变动原因说明": "2022年股权激励第三个解锁期未达行权条件回购注销58787股；2025年股权激励授予150000股。",
      "是否在股东或关联单位领取报酬津贴": "否",
      "在任与否": "是"
    }
  ]
}

=== 002669-2026-04-21-康达新材-2025年年度报告.pdf ===
{
  "Leader_Salary_data": {
    "实际所得报酬总额起始": "",
    "实际所得报酬总额截止": "",
    "实际所得报酬总额涉及人数": ""
  },
  "Leader_Hold_data": [
    {
      "领导人姓名": "王建祥",
      "职位描述": "董事长",
      "期初持股数": "0",
      "期末持股数": "0",
      "间接持股数": "",
      "从公司获得年度报酬总额": "1280000",
      "补贴津贴": "",
      "变动原因说明": "",
      "是否在股东或关联单位领取报酬津贴": "否",
      "在任与否": "是"
    },
    {
      "领导人姓名": "姚其胜",
      "职位描述": "副董事长、总经理",
      "期初持股数": "909600",
      "期末持股数": "909600",
      "间接持股数": "",
      "从公司获得年度报酬总额": "900000",
      "补贴津贴": "",
      "变动原因说明": "",
      "是否在股东或关联单位领取报酬津贴": "否",
      "在任与否": "是"
    },
    {
      "领导人姓名": "刘丙江",
      "职位描述": "副董事长、副总经理、总会计师",
      "期初持股数": "0",
      "期末持股数": "0",
      "间接持股数": "",
      "从公司获得年度报酬总额": "700000",
      "补贴津贴": "",
      "变动原因说明": "",
      "是否在股东或关联单位领取报酬津贴": "否",
      "在任与否": "是"
    },
    {
      "领导人姓名": "陈宇",
      "职位描述": "职工代表董事",
      "期初持股数": "0",
      "期末持股数": "0",
      "间接持股数": "",
      "从公司获得年度报酬总额": "299900",
      "补贴津贴": "",
      "变动原因说明": "",
      "是否在股东或关联单位领取报酬津贴": "否",
      "在任与否": "是"
    },
    {
      "领导人姓名": "杨军",
      "职位描述": "董事",
      "期初持股数": "0",
      "期末持股数": "0",
      "间接持股数": "",
      "从公司获得年度报酬总额": "80000",
      "补贴津贴": "",
      "变动原因说明": "",
      "是否在股东或关联单位领取报酬津贴": "否",
      "在任与否": "是"
    },
    {
      "领导人姓名": "邱军",
      "职位描述": "董事",
      "期初持股数": "0",
      "期末持股数": "0",
      "间接持股数": "",
      "从公司获得年度报酬总额": "80000",
      "补贴津贴": "",
      "变动原因说明": "",
      "是否在股东或关联单位领取报酬津贴": "否",
      "在任与否": "是"
    },
    {
      "领导人姓名": "范宏",
      "职位描述": "独立董事",
      "期初持股数": "0",
      "期末持股数": "0",
      "间接持股数": "",
      "从公司获得年度报酬总额": "80000",
      "补贴津贴": "",
      "变动原因说明": "",
      "是否在股东或关联单位领取报酬津贴": "否",
      "在任与否": "是"
    },
    {
      "领导人姓名": "肖国兴",
      "职位描述": "独立董事",
      "期初持股数": "0",
      "期末持股数": "0",
      "间接持股数": "",
      "从公司获得年度报酬总额": "80000",
      "补贴津贴": "",
      "变动原因说明": "",
      "是否在股东或关联单位领取报酬津贴": "否",
      "在任与否": "是"
    },
    {
      "领导人姓名": "李静",
      "职位描述": "独立董事",
      "期初持股数": "0",
      "期末持股数": "0",
      "间接持股数": "",
      "从公司获得年度报酬总额": "80000",
      "补贴津贴": "",
      "变动原因说明": "",
      "是否在股东或关联单位领取报酬津贴": "否",
      "在任与否": "是"
    },
    {
      "领导人姓名": "江朝抒",
      "职位描述": "独立董事",
      "期初持股数": "0",
      "期末持股数": "0",
      "间接持股数": "",
      "从公司获得年度报酬总额": "80000",
      "补贴津贴": "",
      "变动原因说明": "",
      "是否在股东或关联单位领取报酬津贴": "否",
      "在任与否": "是"
    },
    {
      "领导人姓名": "张姗姗",
      "职位描述": "独立董事",
      "期初持股数": "0",
      "期末持股数": "0",
      "间接持股数": "",
      "从公司获得年度报酬总额": "80000",
      "补贴津贴": "",
      "变动原因说明": "",
      "是否在股东或关联单位领取报酬津贴": "否",
      "在任与否": "是"
    },
    {
      "领导人姓名": "王志华",
      "职位描述": "副总经理",
      "期初持股数": "0",
      "期末持股数": "0",
      "间接持股数": "",
      "从公司获得年度报酬总额": "750000",
      "补贴津贴": "",
      "变动原因说明": "",
      "是否在股东或关联单位领取报酬津贴": "否",
      "在任与否": "是"
    },
    {
      "领导人姓名": "沈一涛",
      "职位描述": "常务副总经理、董事会秘书",
      "期初持股数": "0",
      "期末持股数": "0",
      "间接持股数": "",
      "从公司获得年度报酬总额": "400000",
      "补贴津贴": "",
      "变动原因说明": "",
      "是否在股东或关联单位领取报酬津贴": "否",
      "在任与否": "是"
    },
    {
      "领导人姓名": "袁万根",
      "职位描述": "副总经理",
      "期初持股数": "0",
      "期末持股数": "0",
      "间接持股数": "",
      "从公司获得年度报酬总额": "750000",
      "补贴津贴": "",
      "变动原因说明": "",
      "是否在股东或关联单位领取报酬津贴": "否",
      "在任与否": "是"
    },
    {
      "领导人姓名": "於亚丰",
      "职位描述": "副总经理",
      "期初持股数": "0",
      "期末持股数": "0",
      "间接持股数": "",
      "从公司获得年度报酬总额": "750000",
      "补贴津贴": "",
      "变动原因说明": "",
      "是否在股东或关联单位领取报酬津贴": "否",
      "在任与否": "是"
    },
    {
      "领导人姓名": "黄让南",
      "职位描述": "董事",
      "期初持股数": "0",
      "期末持股数": "0",
      "间接持股数": "",
      "从公司获得年度报酬总额": "600000",
      "补贴津贴": "",
      "变动原因说明": "",
      "是否在股东或关联单位领取报酬津贴": "否",
      "在任与否": "否"
    },
    {
      "领导人姓名": "赵有中",
      "职位描述": "监事",
      "期初持股数": "0",
      "期末持股数": "0",
      "间接持股数": "",
      "从公司获得年度报酬总额": "646700",
      "补贴津贴": "",
      "变动原因说明": "",
      "是否在股东或关联单位领取报酬津贴": "否",
      "在任与否": "否"
    },
    {
      "领导人姓名": "刘占成",
      "职位描述": "监事",
      "期初持股数": "0",
      "期末持股数": "0",
      "间接持股数": "",
      "从公司获得年度报酬总额": "0",
      "补贴津贴": "",
      "变动原因说明": "",
      "是否在股东或关联单位领取报酬津贴": "是",
      "在任与否": "否"
    },
    {
      "领导人姓名": "刘君",
      "职位描述": "监事",
      "期初持股数": "0",
      "期末持股数": "0",
      "间接持股数": "",
      "从公司获得年度报酬总额": "550000",
      "补贴津贴": "",
      "变动原因说明": "",
      "是否在股东或关联单位领取报酬津贴": "否",
      "在任与否": "否"
    },
    {
      "领导人姓名": "仇宝瑞",
      "职位描述": "监事",
      "期初持股数": "0",
      "期末持股数": "0",
      "间接持股数": "",
      "从公司获得年度报酬总额": "171900",
      "补贴津贴": "",
      "变动原因说明": "",
      "是否在股东或关联单位领取报酬津贴": "否",
      "在任与否": "否"
    },
    {
      "领导人姓名": "宋兆庆",
      "职位描述": "董事、副总经理、总会计师",
      "期初持股数": "0",
      "期末持股数": "0",
      "间接持股数": "",
      "从公司获得年度报酬总额": "700000",
      "补贴津贴": "",
      "变动原因说明": "",
      "是否在股东或关联单位领取报酬津贴": "否",
      "在任与否": "否"
    },
    {
      "领导人姓名": "程树新",
      "职位描述": "董事、副总经理",
      "期初持股数": "0",
      "期末持股数": "0",
      "间接持股数": "",
      "从公司获得年度报酬总额": "700000",
      "补贴津贴": "",
      "变动原因说明": "",
      "是否在股东或关联单位领取报酬津贴": "否",
      "在任与否": "否"
    }
  ]
}

=== 002788-2026-04-21-鹭燕医药-2025年年度报告.pdf ===
{
  "Leader_Salary_data": {
    "实际所得报酬总额起始": "",
    "实际所得报酬总额截止": "",
    "实际所得报酬总额涉及人数": ""
  },
  "Leader_Hold_data": [
    {
      "领导人姓名": "吴金祥",
      "职位描述": "董事长、总经理",
      "期初持股数": "",
      "期末持股数": "",
      "间接持股数": "142494900",
      "从公司获得年度报酬总额": "1932000",
      "补贴津贴": "",
      "变动原因说明": "",
      "是否在股东或关联单位领取报酬津贴": "否",
      "在任与否": "是"
    },
    {
      "领导人姓名": "吴迪",
      "职位描述": "董事、副董事长、副总经理",
      "期初持股数": "",
      "期末持股数": "",
      "间接持股数": "",
      "从公司获得年度报酬总额": "1364400",
      "补贴津贴": "",
      "变动原因说明": "",
      "是否在股东或关联单位领取报酬津贴": "否",
      "在任与否": "是"
    },
    {
      "领导人姓名": "雷鸣",
      "职位描述": "董事、副总经理",
      "期初持股数": "361593",
      "期末持股数": "361593",
      "间接持股数": "",
      "从公司获得年度报酬总额": "1890300",
      "补贴津贴": "",
      "变动原因说明": "",
      "是否在股东或关联单位领取报酬津贴": "否",
      "在任与否": "是"
    },
    {
      "领导人姓名": "许其专",
      "职位描述": "董事、董事长助理",
      "期初持股数": "",
      "期末持股数": "",
      "间接持股数": "",
      "从公司获得年度报酬总额": "1352000",
      "补贴津贴": "",
      "变动原因说明": "",
      "是否在股东或关联单位领取报酬津贴": "否",
      "在任与否": "是"
    },
    {
      "领导人姓名": "叶少琴",
      "职位描述": "独立董事",
      "期初持股数": "",
      "期末持股数": "",
      "间接持股数": "",
      "从公司获得年度报酬总额": "120000",
      "补贴津贴": "",
      "变动原因说明": "",
      "是否在股东或关联单位领取报酬津贴": "否",
      "在任与否": "是"
    },
    {
      "领导人姓名": "吴俊龙",
      "职位描述": "独立董事",
      "期初持股数": "",
      "期末持股数": "",
      "间接持股数": "",
      "从公司获得年度报酬总额": "120000",
      "补贴津贴": "",
      "变动原因说明": "",
      "是否在股东或关联单位领取报酬津贴": "否",
      "在任与否": "是"
    },
    {
      "领导人姓名": "宋培林",
      "职位描述": "独立董事",
      "期初持股数": "",
      "期末持股数": "",
      "间接持股数": "",
      "从公司获得年度报酬总额": "120000",
      "补贴津贴": "",
      "变动原因说明": "",
      "是否在股东或关联单位领取报酬津贴": "否",
      "在任与否": "是"
    },
    {
      "领导人姓名": "李卫阳",
      "职位描述": "副总经理",
      "期初持股数": "4036545",
      "期末持股数": "4036545",
      "间接持股数": "",
      "从公司获得年度报酬总额": "1880200",
      "补贴津贴": "",
      "变动原因说明": "",
      "是否在股东或关联单位领取报酬津贴": "否",
      "在任与否": "是"
    },
    {
      "领导人姓名": "张珺瑛",
      "职位描述": "副总经理",
      "期初持股数": "3590676",
      "期末持股数": "3590676",
      "间接持股数": "",
      "从公司获得年度报酬总额": "1180700",
      "补贴津贴": "",
      "变动原因说明": "",
      "是否在股东或关联单位领取报酬津贴": "否",
      "在任与否": "是"
    },
    {
      "领导人姓名": "朱明国",
      "职位描述": "副总经理",
      "期初持股数": "800000",
      "期末持股数": "800000",
      "间接持股数": "",
      "从公司获得年度报酬总额": "1798300",
      "补贴津贴": "",
      "变动原因说明": "",
      "是否在股东或关联单位领取报酬津贴": "否",
      "在任与否": "是"
    },
    {
      "领导人姓名": "刘进",
      "职位描述": "副总经理",
      "期初持股数": "",
      "期末持股数": "",
      "间接持股数": "",
      "从公司获得年度报酬总额": "1433400",
      "补贴津贴": "",
      "变动原因说明": "",
      "是否在股东或关联单位领取报酬津贴": "否",
      "在任与否": "是"
    },
    {
      "领导人姓名": "叶泉青",
      "职位描述": "董事会秘书",
      "期初持股数": "",
      "期末持股数": "",
      "间接持股数": "",
      "从公司获得年度报酬总额": "825400",
      "补贴津贴": "",
      "变动原因说明": "",
      "是否在股东或关联单位领取报酬津贴": "否",
      "在任与否": "是"
    },
    {
      "领导人姓名": "曾铮",
      "职位描述": "财务总监",
      "期初持股数": "",
      "期末持股数": "",
      "间接持股数": "",
      "从公司获得年度报酬总额": "885900",
      "补贴津贴": "",
      "变动原因说明": "",
      "是否在股东或关联单位领取报酬津贴": "否",
      "在任与否": "是"
    }
  ]
}

=== 002932-2026-04-21-明德生物-2025年年度报告.pdf ===
{
  "Leader_Salary_data": {
    "实际所得报酬总额起始": "",
    "实际所得报酬总额截止": "",
    "实际所得报酬总额涉及人数": ""
  },
  "Leader_Hold_data": [
    {
      "领导人姓名": "陈莉莉",
      "职位描述": "董事长、总经理",
      "期初持股数": "62918895",
      "期末持股数": "62918895",
      "间接持股数": "",
      "从公司获得年度报酬总额": "515400",
      "补贴津贴": "",
      "变动原因说明": "",
      "是否在股东或关联单位领取报酬津贴": "否",
      "在任与否": "是"
    },
    {
      "领导人姓名": "王颖",
      "职位描述": "副董事长、副总经理",
      "期初持股数": "35916906",
      "期末持股数": "35916906",
      "间接持股数": "",
      "从公司获得年度报酬总额": "600000",
      "补贴津贴": "",
      "变动原因说明": "",
      "是否在股东或关联单位领取报酬津贴": "否",
      "在任与否": "是"
    },
    {
      "领导人姓名": "汪剑飞",
      "职位描述": "董事",
      "期初持股数": "52450",
      "期末持股数": "39337",
      "间接持股数": "",
      "从公司获得年度报酬总额": "0",
      "补贴津贴": "",
      "变动原因说明": "个人资金需求",
      "是否在股东或关联单位领取报酬津贴": "否",
      "在任与否": "是"
    },
    {
      "领导人姓名": "张真路",
      "职位描述": "董事",
      "期初持股数": "0",
      "期末持股数": "0",
      "间接持股数": "",
      "从公司获得年度报酬总额": "120000",
      "补贴津贴": "",
      "变动原因说明": "",
      "是否在股东或关联单位领取报酬津贴": "否",
      "在任与否": "是"
    },
    {
      "领导人姓名": "谢进城",
      "职位描述": "独立董事",
      "期初持股数": "0",
      "期末持股数": "0",
      "间接持股数": "",
      "从公司获得年度报酬总额": "50000",
      "补贴津贴": "",
      "变动原因说明": "",
      "是否在股东或关联单位领取报酬津贴": "否",
      "在任与否": "是"
    },
    {
      "领导人姓名": "施先旺",
      "职位描述": "独立董事",
      "期初持股数": "0",
      "期末持股数": "0",
      "间接持股数": "",
      "从公司获得年度报酬总额": "50000",
      "补贴津贴": "",
      "变动原因说明": "",
      "是否在股东或关联单位领取报酬津贴": "否",
      "在任与否": "是"
    },
    {
      "领导人姓名": "全怡",
      "职位描述": "独立董事",
      "期初持股数": "0",
      "期末持股数": "0",
      "间接持股数": "",
      "从公司获得年度报酬总额": "50000",
      "补贴津贴": "",
      "变动原因说明": "",
      "是否在股东或关联单位领取报酬津贴": "否",
      "在任与否": "是"
    },
    {
      "领导人姓名": "朝金波",
      "职位描述": "职工代表董事",
      "期初持股数": "0",
      "期末持股数": "0",
      "间接持股数": "",
      "从公司获得年度报酬总额": "54300",
      "补贴津贴": "",
      "变动原因说明": "",
      "是否在股东或关联单位领取报酬津贴": "否",
      "在任与否": "是"
    },
    {
      "领导人姓名": "王锐",
      "职位描述": "副总经理、董事会秘书、财务负责人",
      "期初持股数": "3026145",
      "期末持股数": "3026145",
      "间接持股数": "",
      "从公司获得年度报酬总额": "700000",
      "补贴津贴": "",
      "变动原因说明": "",
      "是否在股东或关联单位领取报酬津贴": "否",
      "在任与否": "是"
    }
  ]
}

=== 002859-2026-04-21-洁美科技-2025年年度报告.pdf ===
{
  "Leader_Salary_data": {
    "实际所得报酬总额起始": "",
    "实际所得报酬总额截止": "",
    "实际所得报酬总额涉及人数": ""
  },
  "Leader_Hold_data": [
    {
      "领导人姓名": "方隽云",
      "职位描述": "董事长、总经理",
      "期初持股数": "33530217",
      "期末持股数": "33530217",
      "间接持股数": "",
      "从公司获得年度报酬总额": "1327800",
      "补贴津贴": "",
      "变动原因说明": "",
      "是否在股东或关联单位领取报酬津贴": "否",
      "在任与否": "是"
    },
    {
      "领导人姓名": "方骥柠",
      "职位描述": "董事",
      "期初持股数": "0",
      "期末持股数": "0",
      "间接持股数": "",
      "从公司获得年度报酬总额": "248500",
      "补贴津贴": "",
      "变动原因说明": "",
      "是否在股东或关联单位领取报酬津贴": "否",
      "在任与否": "是"
    },
    {
      "领导人姓名": "张君刚",
      "职位描述": "董事、副总经理、董事会秘书",
      "期初持股数": "128000",
      "期末持股数": "128000",
      "间接持股数": "",
      "从公司获得年度报酬总额": "587000",
      "补贴津贴": "",
      "变动原因说明": "",
      "是否在股东或关联单位领取报酬津贴": "否",
      "在任与否": "是"
    },
    {
      "领导人姓名": "潘春华",
      "职位描述": "职工代表董事",
      "期初持股数": "0",
      "期末持股数": "0",
      "间接持股数": "",
      "从公司获得年度报酬总额": "302500",
      "补贴津贴": "",
      "变动原因说明": "",
      "是否在股东或关联单位领取报酬津贴": "否",
      "在任与否": "是"
    },
    {
      "领导人姓名": "徐维东",
      "职位描述": "独立董事",
      "期初持股数": "0",
      "期末持股数": "0",
      "间接持股数": "",
      "从公司获得年度报酬总额": "90000",
      "补贴津贴": "",
      "变动原因说明": "",
      "是否在股东或关联单位领取报酬津贴": "否",
      "在任与否": "是"
    },
    {
      "领导人姓名": "董树荣",
      "职位描述": "独立董事",
      "期初持股数": "0",
      "期末持股数": "0",
      "间接持股数": "",
      "从公司获得年度报酬总额": "4500",
      "补贴津贴": "",
      "变动原因说明": "",
      "是否在股东或关联单位领取报酬津贴": "否",
      "在任与否": "是"
    },
    {
      "领导人姓名": "徐杨",
      "职位描述": "独立董事",
      "期初持股数": "0",
      "期末持股数": "0",
      "间接持股数": "",
      "从公司获得年度报酬总额": "4500",
      "补贴津贴": "",
      "变动原因说明": "",
      "是否在股东或关联单位领取报酬津贴": "否",
      "在任与否": "是"
    },
    {
      "领导人姓名": "王琼",
      "职位描述": "财务负责人（财务总监）",
      "期初持股数": "44800",
      "期末持股数": "44800",
      "间接持股数": "",
      "从公司获得年度报酬总额": "491900",
      "补贴津贴": "",
      "变动原因说明": "",
      "是否在股东或关联单位领取报酬津贴": "否",
      "在任与否": "是"
    },
    {
      "领导人姓名": "邓水岩",
      "职位描述": "副总经理",
      "期初持股数": "66000",
      "期末持股数": "66000",
      "间接持股数": "",
      "从公司获得年度报酬总额": "728700",
      "补贴津贴": "",
      "变动原因说明": "",
      "是否在股东或关联单位领取报酬津贴": "否",
      "在任与否": "是"
    },
    {
      "领导人姓名": "张永辉",
      "职位描述": "副总经理",
      "期初持股数": "0",
      "期末持股数": "0",
      "间接持股数": "",
      "从公司获得年度报酬总额": "684000",
      "补贴津贴": "",
      "变动原因说明": "",
      "是否在股东或关联单位领取报酬津贴": "否",
      "在任与否": "是"
    },
    {
      "领导人姓名": "孙赫民",
      "职位描述": "副总经理",
      "期初持股数": "0",
      "期末持股数": "0",
      "间接持股数": "",
      "从公司获得年度报酬总额": "1210600",
      "补贴津贴": "",
      "变动原因说明": "",
      "是否在股东或关联单位领取报酬津贴": "否",
      "在任与否": "否"
    },
    {
      "领导人姓名": "宋执环",
      "职位描述": "独立董事",
      "期初持股数": "0",
      "期末持股数": "0",
      "间接持股数": "",
      "从公司获得年度报酬总额": "85900",
      "补贴津贴": "",
      "变动原因说明": "",
      "是否在股东或关联单位领取报酬津贴": "否",
      "在任与否": "否"
    },
    {
      "领导人姓名": "张睿",
      "职位描述": "独立董事",
      "期初持股数": "0",
      "期末持股数": "0",
      "间接持股数": "",
      "从公司获得年度报酬总额": "85900",
      "补贴津贴": "",
      "变动原因说明": "",
      "是否在股东或关联单位领取报酬津贴": "否",
      "在任与否": "否"
    }
  ]
}

=== 002886-2026-04-21-沃特股份-2025年年度报告.pdf ===
{
  "Leader_Salary_data": {
    "实际所得报酬总额起始": "",
    "实际所得报酬总额截止": "",
    "实际所得报酬总额涉及人数": ""
  },
  "Leader_Hold_data": [
    {
      "领导人姓名": "吴宪",
      "职位描述": "董事长",
      "期初持股数": "36252500",
      "期末持股数": "36252500",
      "间接持股数": "",
      "从公司获得年度报酬总额": "698100",
      "补贴津贴": "",
      "变动原因说明": "",
      "是否在股东或关联单位领取报酬津贴": "否",
      "在任与否": "是"
    },
    {
      "领导人姓名": "何征",
      "职位描述": "董事、总经理",
      "期初持股数": "35122502",
      "期末持股数": "35122502",
      "间接持股数": "",
      "从公司获得年度报酬总额": "749600",
      "补贴津贴": "",
      "变动原因说明": "",
      "是否在股东或关联单位领取报酬津贴": "否",
      "在任与否": "是"
    },
    {
      "领导人姓名": "刘则安",
      "职位描述": "董事、副总经理",
      "期初持股数": "255000",
      "期末持股数": "255000",
      "间接持股数": "",
      "从公司获得年度报酬总额": "1013100",
      "补贴津贴": "",
      "变动原因说明": "",
      "是否在股东或关联单位领取报酬津贴": "否",
      "在任与否": "是"
    },
    {
      "领导人姓名": "王文广",
      "职位描述": "独立董事",
      "期初持股数": "1700",
      "期末持股数": "1700",
      "间接持股数": "",
      "从公司获得年度报酬总额": "100000",
      "补贴津贴": "100000",
      "变动原因说明": "",
      "是否在股东或关联单位领取报酬津贴": "否",
      "在任与否": "是"
    },
    {
      "领导人姓名": "盛宝军",
      "职位描述": "独立董事",
      "期初持股数": "0",
      "期末持股数": "0",
      "间接持股数": "",
      "从公司获得年度报酬总额": "100000",
      "补贴津贴": "100000",
      "变动原因说明": "",
      "是否在股东或关联单位领取报酬津贴": "否",
      "在任与否": "是"
    },
    {
      "领导人姓名": "徐开兵",
      "职位描述": "独立董事",
      "期初持股数": "0",
      "期末持股数": "0",
      "间接持股数": "",
      "从公司获得年度报酬总额": "100000",
      "补贴津贴": "100000",
      "变动原因说明": "",
      "是否在股东或关联单位领取报酬津贴": "否",
      "在任与否": "是"
    },
    {
      "领导人姓名": "朱珊",
      "职位描述": "职工董事、监事会主席",
      "期初持股数": "0",
      "期末持股数": "0",
      "间接持股数": "",
      "从公司获得年度报酬总额": "",
      "补贴津贴": "",
      "变动原因说明": "",
      "是否在股东或关联单位领取报酬津贴": "",
      "在任与否": "是"
    },
    {
      "领导人姓名": "张亮",
      "职位描述": "副总经理、董事会秘书",
      "期初持股数": "450500",
      "期末持股数": "450500",
      "间接持股数": "",
      "从公司获得年度报酬总额": "1126700",
      "补贴津贴": "",
      "变动原因说明": "",
      "是否在股东或关联单位领取报酬津贴": "否",
      "在任与否": "是"
    },
    {
      "领导人姓名": "陈瑜",
      "职位描述": "财务总监",
      "期初持股数": "85000",
      "期末持股数": "85000",
      "间接持股数": "",
      "从公司获得年度报酬总额": "736800",
      "补贴津贴": "",
      "变动原因说明": "",
      "是否在股东或关联单位领取报酬津贴": "否",
      "在任与否": "是"
    },
    {
      "领导人姓名": "徐劲",
      "职位描述": "副总经理",
      "期初持股数": "0",
      "期末持股数": "0",
      "间接持股数": "",
      "从公司获得年度报酬总额": "515600",
      "补贴津贴": "",
      "变动原因说明": "",
      "是否在股东或关联单位领取报酬津贴": "否",
      "在任与否": "否"
    },
    {
      "领导人姓名": "方小法",
      "职位描述": "监事",
      "期初持股数": "0",
      "期末持股数": "0",
      "间接持股数": "",
      "从公司获得年度报酬总额": "",
      "补贴津贴": "",
      "变动原因说明": "",
      "是否在股东或关联单位领取报酬津贴": "",
      "在任与否": "否"
    },
    {
      "领导人姓名": "黄富诗",
      "职位描述": "职工监事",
      "期初持股数": "0",
      "期末持股数": "0",
      "间接持股数": "",
      "从公司获得年度报酬总额": "",
      "补贴津贴": "",
      "变动原因说明": "",
      "是否在股东或关联单位领取报酬津贴": "",
      "在任与否": "否"
    },
    {
      "领导人姓名": "黄文锋",
      "职位描述": "董事",
      "期初持股数": "0",
      "期末持股数": "0",
      "间接持股数": "",
      "从公司获得年度报酬总额": "3022000",
      "补贴津贴": "",
      "变动原因说明": "",
      "是否在股东或关联单位领取报酬津贴": "否",
      "在任与否": "否"
    }
  ]
}

=== 002837-2026-04-21-英维克-2025年年度报告.pdf ===
{
  "Leader_Salary_data": {
    "实际所得报酬总额起始": "",
    "实际所得报酬总额截止": "",
    "实际所得报酬总额涉及人数": ""
  },
  "Leader_Hold_data": [
    {
      "领导人姓名": "齐勇",
      "职位描述": "董事长、总经理",
      "期初持股数": "42400686",
      "期末持股数": "55120891",
      "间接持股数": "",
      "从公司获得年度报酬总额": "1487700",
      "补贴津贴": "",
      "变动原因说明": "2024年年度权益分派",
      "是否在股东或关联单位领取报酬津贴": "否",
      "在任与否": "是"
    },
    {
      "领导人姓名": "韦立川",
      "职位描述": "董事",
      "期初持股数": "20878070",
      "期末持股数": "27141491",
      "间接持股数": "",
      "从公司获得年度报酬总额": "1395400",
      "补贴津贴": "",
      "变动原因说明": "2024年年度权益分派",
      "是否在股东或关联单位领取报酬津贴": "否",
      "在任与否": "是"
    },
    {
      "领导人姓名": "欧贤华",
      "职位描述": "董事、副总经理、董事会秘书",
      "期初持股数": "11296896",
      "期末持股数": "14685965",
      "间接持股数": "",
      "从公司获得年度报酬总额": "1137700",
      "补贴津贴": "",
      "变动原因说明": "2024年年度权益分派",
      "是否在股东或关联单位领取报酬津贴": "否",
      "在任与否": "是"
    },
    {
      "领导人姓名": "邢洁",
      "职位描述": "董事",
      "期初持股数": "0",
      "期末持股数": "0",
      "间接持股数": "",
      "从公司获得年度报酬总额": "0",
      "补贴津贴": "",
      "变动原因说明": "",
      "是否在股东或关联单位领取报酬津贴": "是",
      "在任与否": "是"
    },
    {
      "领导人姓名": "朱晓鸥",
      "职位描述": "董事",
      "期初持股数": "0",
      "期末持股数": "0",
      "间接持股数": "",
      "从公司获得年度报酬总额": "0",
      "补贴津贴": "",
      "变动原因说明": "",
      "是否在股东或关联单位领取报酬津贴": "否",
      "在任与否": "是"
    },
    {
      "领导人姓名": "屈锐征",
      "职位描述": "独立董事",
      "期初持股数": "0",
      "期末持股数": "0",
      "间接持股数": "",
      "从公司获得年度报酬总额": "75500",
      "补贴津贴": "",
      "变动原因说明": "",
      "是否在股东或关联单位领取报酬津贴": "否",
      "在任与否": "否"
    },
    {
      "领导人姓名": "文芳",
      "职位描述": "独立董事",
      "期初持股数": "0",
      "期末持股数": "0",
      "间接持股数": "",
      "从公司获得年度报酬总额": "75500",
      "补贴津贴": "",
      "变动原因说明": "",
      "是否在股东或关联单位领取报酬津贴": "否",
      "在任与否": "否"
    },
    {
      "领导人姓名": "田志伟",
      "职位描述": "独立董事",
      "期初持股数": "0",
      "期末持股数": "0",
      "间接持股数": "",
      "从公司获得年度报酬总额": "105000",
      "补贴津贴": "",
      "变动原因说明": "",
      "是否在股东或关联单位领取报酬津贴": "否",
      "在任与否": "是"
    },
    {
      "领导人姓名": "王铁旺",
      "职位描述": "副总经理",
      "期初持股数": "14503940",
      "期末持股数": "18855122",
      "间接持股数": "",
      "从公司获得年度报酬总额": "1498000",
      "补贴津贴": "",
      "变动原因说明": "2024年年度权益分派",
      "是否在股东或关联单位领取报酬津贴": "否",
      "在任与否": "是"
    },
    {
      "领导人姓名": "游国波",
      "职位描述": "副总经理",
      "期初持股数": "12710404",
      "期末持股数": "16523525",
      "间接持股数": "",
      "从公司获得年度报酬总额": "2088500",
      "补贴津贴": "",
      "变动原因说明": "2024年年度权益分派",
      "是否在股东或关联单位领取报酬津贴": "否",
      "在任与否": "是"
    },
    {
      "领导人姓名": "陈川",
      "职位描述": "副总经理",
      "期初持股数": "11733908",
      "期末持股数": "15254080",
      "间接持股数": "",
      "从公司获得年度报酬总额": "1443900",
      "补贴津贴": "",
      "变动原因说明": "2024年年度权益分派",
      "是否在股东或关联单位领取报酬津贴": "否",
      "在任与否": "是"
    },
    {
      "领导人姓名": "叶桂梁",
      "职位描述": "董事、财务总监",
      "期初持股数": "0",
      "期末持股数": "0",
      "间接持股数": "",
      "从公司获得年度报酬总额": "1057800",
      "补贴津贴": "",
      "变动原因说明": "",
      "是否在股东或关联单位领取报酬津贴": "否",
      "在任与否": "是"
    },
    {
      "领导人姓名": "陈麒百",
      "职位描述": "独立董事",
      "期初持股数": "0",
      "期末持股数": "0",
      "间接持股数": "",
      "从公司获得年度报酬总额": "29500",
      "补贴津贴": "",
      "变动原因说明": "",
      "是否在股东或关联单位领取报酬津贴": "否",
      "在任与否": "是"
    },
    {
      "领导人姓名": "严青",
      "职位描述": "独立董事",
      "期初持股数": "0",
      "期末持股数": "0",
      "间接持股数": "",
      "从公司获得年度报酬总额": "29500",
      "补贴津贴": "",
      "变动原因说明": "",
      "是否在股东或关联单位领取报酬津贴": "否",
      "在任与否": "是"
    }
  ]
}

=== 002890-2026-04-21-弘宇股份-2025年年度报告.pdf ===
{
  "Leader_Salary_data": {
    "实际所得报酬总额起始": "",
    "实际所得报酬总额截止": "",
    "实际所得报酬总额涉及人数": ""
  },
  "Leader_Hold_data": [
    {
      "领导人姓名": "柳秋杰",
      "职位描述": "董事长、总经理",
      "期初持股数": "5090536",
      "期末持股数": "5090536",
      "间接持股数": "",
      "从公司获得年度报酬总额": "750000",
      "补贴津贴": "",
      "变动原因说明": "",
      "是否在股东或关联单位领取报酬津贴": "否",
      "在任与否": "是"
    },
    {
      "领导人姓名": "王铁成",
      "职位描述": "董事、副总经理、财务总监",
      "期初持股数": "0",
      "期末持股数": "0",
      "间接持股数": "",
      "从公司获得年度报酬总额": "500000",
      "补贴津贴": "",
      "变动原因说明": "",
      "是否在股东或关联单位领取报酬津贴": "否",
      "在任与否": "是"
    },
    {
      "领导人姓名": "辛晨萌",
      "职位描述": "董事、董事会秘书",
      "期初持股数": "0",
      "期末持股数": "0",
      "间接持股数": "",
      "从公司获得年度报酬总额": "500000",
      "补贴津贴": "",
      "变动原因说明": "",
      "是否在股东或关联单位领取报酬津贴": "否",
      "在任与否": "是"
    },
    {
      "领导人姓名": "吕宝宁",
      "职位描述": "董事",
      "期初持股数": "0",
      "期末持股数": "0",
      "间接持股数": "",
      "从公司获得年度报酬总额": "",
      "补贴津贴": "",
      "变动原因说明": "",
      "是否在股东或关联单位领取报酬津贴": "是",
      "在任与否": "是"
    },
    {
      "领导人姓名": "辛汪琦",
      "职位描述": "董事",
      "期初持股数": "0",
      "期末持股数": "0",
      "间接持股数": "",
      "从公司获得年度报酬总额": "",
      "补贴津贴": "",
      "变动原因说明": "",
      "是否在股东或关联单位领取报酬津贴": "否",
      "在任与否": "是"
    },
    {
      "领导人姓名": "裴鸿昌",
      "职位描述": "职工代表董事",
      "期初持股数": "0",
      "期末持股数": "0",
      "间接持股数": "",
      "从公司获得年度报酬总额": "",
      "补贴津贴": "",
      "变动原因说明": "",
      "是否在股东或关联单位领取报酬津贴": "否",
      "在任与否": "是"
    },
    {
      "领导人姓名": "刘学伟",
      "职位描述": "独立董事",
      "期初持股数": "0",
      "期末持股数": "0",
      "间接持股数": "",
      "从公司获得年度报酬总额": "0",
      "补贴津贴": "",
      "变动原因说明": "",
      "是否在股东或关联单位领取报酬津贴": "否",
      "在任与否": "是"
    },
    {
      "领导人姓名": "邹钧",
      "职位描述": "独立董事",
      "期初持股数": "0",
      "期末持股数": "0",
      "间接持股数": "",
      "从公司获得年度报酬总额": "0",
      "补贴津贴": "",
      "变动原因说明": "",
      "是否在股东或关联单位领取报酬津贴": "否",
      "在任与否": "是"
    },
    {
      "领导人姓名": "王锋德",
      "职位描述": "独立董事",
      "期初持股数": "0",
      "期末持股数": "0",
      "间接持股数": "",
      "从公司获得年度报酬总额": "0",
      "补贴津贴": "",
      "变动原因说明": "",
      "是否在股东或关联单位领取报酬津贴": "否",
      "在任与否": "是"
    },
    {
      "领导人姓名": "柴恩旺",
      "职位描述": "独立董事",
      "期初持股数": "0",
      "期末持股数": "0",
      "间接持股数": "",
      "从公司获得年度报酬总额": "50000",
      "补贴津贴": "",
      "变动原因说明": "",
      "是否在股东或关联单位领取报酬津贴": "否",
      "在任与否": "否"
    },
    {
      "领导人姓名": "杨公随",
      "职位描述": "独立董事",
      "期初持股数": "0",
      "期末持股数": "0",
      "间接持股数": "",
      "从公司获得年度报酬总额": "50000",
      "补贴津贴": "",
      "变动原因说明": "",
      "是否在股东或关联单位领取报酬津贴": "否",
      "在任与否": "否"
    },
    {
      "领导人姓名": "刘志鸿",
      "职位描述": "董事、常务副总经理",
      "期初持股数": "4299628",
      "期末持股数": "4299628",
      "间接持股数": "",
      "从公司获得年度报酬总额": "500000",
      "补贴津贴": "",
      "变动原因说明": "",
      "是否在股东或关联单位领取报酬津贴": "否",
      "在任与否": "是"
    },
    {
      "领导人姓名": "张立杰",
      "职位描述": "副总经理",
      "期初持股数": "1397570",
      "期末持股数": "1397570",
      "间接持股数": "",
      "从公司获得年度报酬总额": "500000",
      "补贴津贴": "",
      "变动原因说明": "",
      "是否在股东或关联单位领取报酬津贴": "否",
      "在任与否": "是"
    },
    {
      "领导人姓名": "李春瑜",
      "职位描述": "副总经理、总工程师",
      "期初持股数": "400200",
      "期末持股数": "400200",
      "间接持股数": "",
      "从公司获得年度报酬总额": "500000",
      "补贴津贴": "",
      "变动原因说明": "",
      "是否在股东或关联单位领取报酬津贴": "否",
      "在任与否": "是"
    },
    {
      "领导人姓名": "王成",
      "职位描述": "副总经理",
      "期初持股数": "0",
      "期末持股数": "0",
      "间接持股数": "",
      "从公司获得年度报酬总额": "0",
      "补贴津贴": "",
      "变动原因说明": "",
      "是否在股东或关联单位领取报酬津贴": "否",
      "在任与否": "是"
    },
    {
      "领导人姓名": "黄平",
      "职位描述": "副总经理",
      "期初持股数": "0",
      "期末持股数": "10000",
      "间接持股数": "",
      "从公司获得年度报酬总额": "0",
      "补贴津贴": "",
      "变动原因说明": "",
      "是否在股东或关联单位领取报酬津贴": "否",
      "在任与否": "是"
    }
  ]
}

=== 002848-2026-04-21-ST高斯-2025年年度报告.pdf ===
{
  "Leader_Salary_data": {
    "实际所得报酬总额起始": "",
    "实际所得报酬总额截止": "",
    "实际所得报酬总额涉及人数": ""
  },
  "Leader_Hold_data": [
    {
      "领导人姓名": "孙华山",
      "职位描述": "董事长",
      "期初持股数": "0",
      "期末持股数": "0",
      "间接持股数": "",
      "从公司获得年度报酬总额": "552300",
      "补贴津贴": "",
      "变动原因说明": "",
      "是否在股东或关联单位领取报酬津贴": "否",
      "在任与否": "是"
    },
    {
      "领导人姓名": "宋亚楠",
      "职位描述": "董事",
      "期初持股数": "0",
      "期末持股数": "0",
      "间接持股数": "",
      "从公司获得年度报酬总额": "415300",
      "补贴津贴": "",
      "变动原因说明": "",
      "是否在股东或关联单位领取报酬津贴": "否",
      "在任与否": "是"
    },
    {
      "领导人姓名": "魏小冲",
      "职位描述": "董事",
      "期初持股数": "0",
      "期末持股数": "0",
      "间接持股数": "",
      "从公司获得年度报酬总额": "330200",
      "补贴津贴": "",
      "变动原因说明": "",
      "是否在股东或关联单位领取报酬津贴": "否",
      "在任与否": "是"
    },
    {
      "领导人姓名": "罗迎春",
      "职位描述": "职工代表董事",
      "期初持股数": "0",
      "期末持股数": "0",
      "间接持股数": "",
      "从公司获得年度报酬总额": "95700",
      "补贴津贴": "",
      "变动原因说明": "",
      "是否在股东或关联单位领取报酬津贴": "否",
      "在任与否": "是"
    },
    {
      "领导人姓名": "刘承韪",
      "职位描述": "独立董事",
      "期初持股数": "0",
      "期末持股数": "0",
      "间接持股数": "",
      "从公司获得年度报酬总额": "100000",
      "补贴津贴": "100000",
      "变动原因说明": "",
      "是否在股东或关联单位领取报酬津贴": "是",
      "在任与否": "是"
    },
    {
      "领导人姓名": "张华香",
      "职位描述": "独立董事",
      "期初持股数": "0",
      "期末持股数": "0",
      "间接持股数": "",
      "从公司获得年度报酬总额": "100000",
      "补贴津贴": "100000",
      "变动原因说明": "",
      "是否在股东或关联单位领取报酬津贴": "是",
      "在任与否": "是"
    },
    {
      "领导人姓名": "韩明",
      "职位描述": "独立董事",
      "期初持股数": "0",
      "期末持股数": "0",
      "间接持股数": "",
      "从公司获得年度报酬总额": "100000",
      "补贴津贴": "100000",
      "变动原因说明": "",
      "是否在股东或关联单位领取报酬津贴": "是",
      "在任与否": "是"
    },
    {
      "领导人姓名": "郝建清",
      "职位描述": "总经理",
      "期初持股数": "253900",
      "期末持股数": "253900",
      "间接持股数": "",
      "从公司获得年度报酬总额": "549000",
      "补贴津贴": "",
      "变动原因说明": "",
      "是否在股东或关联单位领取报酬津贴": "否",
      "在任与否": "是"
    },
    {
      "领导人姓名": "邓万能",
      "职位描述": "副总经理",
      "期初持股数": "15725",
      "期末持股数": "15725",
      "间接持股数": "",
      "从公司获得年度报酬总额": "492400",
      "补贴津贴": "",
      "变动原因说明": "",
      "是否在股东或关联单位领取报酬津贴": "否",
      "在任与否": "是"
    },
    {
      "领导人姓名": "魏宏雯",
      "职位描述": "副总经理",
      "期初持股数": "22500",
      "期末持股数": "22500",
      "间接持股数": "",
      "从公司获得年度报酬总额": "501700",
      "补贴津贴": "",
      "变动原因说明": "",
      "是否在股东或关联单位领取报酬津贴": "否",
      "在任与否": "否"
    },
    {
      "领导人姓名": "陈平",
      "职位描述": "董事会秘书",
      "期初持股数": "0",
      "期末持股数": "0",
      "间接持股数": "",
      "从公司获得年度报酬总额": "342100",
      "补贴津贴": "",
      "变动原因说明": "",
      "是否在股东或关联单位领取报酬津贴": "否",
      "在任与否": "是"
    },
    {
      "领导人姓名": "贺丽楠",
      "职位描述": "财务总监",
      "期初持股数": "0",
      "期末持股数": "0",
      "间接持股数": "",
      "从公司获得年度报酬总额": "431700",
      "补贴津贴": "",
      "变动原因说明": "",
      "是否在股东或关联单位领取报酬津贴": "否",
      "在任与否": "是"
    },
    {
      "领导人姓名": "宋竹元",
      "职位描述": "监事会主席",
      "期初持股数": "0",
      "期末持股数": "0",
      "间接持股数": "",
      "从公司获得年度报酬总额": "0",
      "补贴津贴": "",
      "变动原因说明": "",
      "是否在股东或关联单位领取报酬津贴": "是",
      "在任与否": "否"
    },
    {
      "领导人姓名": "孙冰",
      "职位描述": "监事",
      "期初持股数": "0",
      "期末持股数": "0",
      "间接持股数": "",
      "从公司获得年度报酬总额": "0",
      "补贴津贴": "",
      "变动原因说明": "",
      "是否在股东或关联单位领取报酬津贴": "是",
      "在任与否": "否"
    },
    {
      "领导人姓名": "梁娟",
      "职位描述": "职工监事",
      "期初持股数": "0",
      "期末持股数": "1200",
      "间接持股数": "",
      "从公司获得年度报酬总额": "65800",
      "补贴津贴": "",
      "变动原因说明": "",
      "是否在股东或关联单位领取报酬津贴": "否",
      "在任与否": "否"
    },
    {
      "领导人姓名": "苏从跃",
      "职位描述": "董事",
      "期初持股数": "0",
      "期末持股数": "0",
      "间接持股数": "",
      "从公司获得年度报酬总额": "0",
      "补贴津贴": "",
      "变动原因说明": "",
      "是否在股东或关联单位领取报酬津贴": "是",
      "在任与否": "否"
    },
    {
      "领导人姓名": "李静",
      "职位描述": "董事",
      "期初持股数": "0",
      "期末持股数": "0",
      "间接持股数": "",
      "从公司获得年度报酬总额": "0",
      "补贴津贴": "",
      "变动原因说明": "",
      "是否在股东或关联单位领取报酬津贴": "是",
      "在任与否": "否"
    },
    {
      "领导人姓名": "张俊涛",
      "职位描述": "董事",
      "期初持股数": "0",
      "期末持股数": "0",
      "间接持股数": "",
      "从公司获得年度报酬总额": "0",
      "补贴津贴": "",
      "变动原因说明": "",
      "是否在股东或关联单位领取报酬津贴": "是",
      "在任与否": "否"
    }
  ]
}

=== 002670-2026-04-21-国盛证券-2025年年度报告.pdf ===
{
  "Leader_Salary_data": {
    "实际所得报酬总额起始": "",
    "实际所得报酬总额截止": "",
    "实际所得报酬总额涉及人数": ""
  },
  "Leader_Hold_data": [
    {
      "领导人姓名": "刘朝东",
      "职位描述": "董事长、代行总经理",
      "期初持股数": "0",
      "期末持股数": "0",
      "间接持股数": "",
      "从公司获得年度报酬总额": "684600",
      "补贴津贴": "",
      "变动原因说明": "",
      "是否在股东或关联单位领取报酬津贴": "否",
      "在任与否": "是"
    },
    {
      "领导人姓名": "李璞玉",
      "职位描述": "董事",
      "期初持股数": "0",
      "期末持股数": "0",
      "间接持股数": "",
      "从公司获得年度报酬总额": "0",
      "补贴津贴": "",
      "变动原因说明": "",
      "是否在股东或关联单位领取报酬津贴": "是",
      "在任与否": "是"
    },
    {
      "领导人姓名": "罗新宇",
      "职位描述": "董事",
      "期初持股数": "0",
      "期末持股数": "0",
      "间接持股数": "",
      "从公司获得年度报酬总额": "0",
      "补贴津贴": "",
      "变动原因说明": "",
      "是否在股东或关联单位领取报酬津贴": "是",
      "在任与否": "是"
    },
    {
      "领导人姓名": "廖志花",
      "职位描述": "董事",
      "期初持股数": "0",
      "期末持股数": "0",
      "间接持股数": "",
      "从公司获得年度报酬总额": "0",
      "补贴津贴": "",
      "变动原因说明": "",
      "是否在股东或关联单位领取报酬津贴": "是",
      "在任与否": "是"
    },
    {
      "领导人姓名": "张璟",
      "职位描述": "董事",
      "期初持股数": "0",
      "期末持股数": "0",
      "间接持股数": "",
      "从公司获得年度报酬总额": "0",
      "补贴津贴": "",
      "变动原因说明": "",
      "是否在股东或关联单位领取报酬津贴": "是",
      "在任与否": "是"
    },
    {
      "领导人姓名": "罗希",
      "职位描述": "董事",
      "期初持股数": "0",
      "期末持股数": "0",
      "间接持股数": "",
      "从公司获得年度报酬总额": "0",
      "补贴津贴": "",
      "变动原因说明": "",
      "是否在股东或关联单位领取报酬津贴": "是",
      "在任与否": "是"
    },
    {
      "领导人姓名": "程迈",
      "职位描述": "独立董事",
      "期初持股数": "0",
      "期末持股数": "0",
      "间接持股数": "",
      "从公司获得年度报酬总额": "186700",
      "补贴津贴": "",
      "变动原因说明": "",
      "是否在股东或关联单位领取报酬津贴": "是",
      "在任与否": "是"
    },
    {
      "领导人姓名": "周江昊",
      "职位描述": "独立董事",
      "期初持股数": "0",
      "期末持股数": "0",
      "间接持股数": "",
      "从公司获得年度报酬总额": "186700",
      "补贴津贴": "",
      "变动原因说明": "",
      "是否在股东或关联单位领取报酬津贴": "是",
      "在任与否": "是"
    },
    {
      "领导人姓名": "袁业虎",
      "职位描述": "独立董事",
      "期初持股数": "0",
      "期末持股数": "0",
      "间接持股数": "",
      "从公司获得年度报酬总额": "20000",
      "补贴津贴": "",
      "变动原因说明": "",
      "是否在股东或关联单位领取报酬津贴": "是",
      "在任与否": "是"
    },
    {
      "领导人姓名": "罗忠洲",
      "职位描述": "独立董事",
      "期初持股数": "0",
      "期末持股数": "0",
      "间接持股数": "",
      "从公司获得年度报酬总额": "20000",
      "补贴津贴": "",
      "变动原因说明": "",
      "是否在股东或关联单位领取报酬津贴": "是",
      "在任与否": "是"
    },
    {
      "领导人姓名": "刘李杰",
      "职位描述": "职工代表董事",
      "期初持股数": "0",
      "期末持股数": "0",
      "间接持股数": "",
      "从公司获得年度报酬总额": "0",
      "补贴津贴": "",
      "变动原因说明": "",
      "是否在股东或关联单位领取报酬津贴": "否",
      "在任与否": "是"
    },
    {
      "领导人姓名": "赵景亮",
      "职位描述": "总经理",
      "期初持股数": "0",
      "期末持股数": "0",
      "间接持股数": "",
      "从公司获得年度报酬总额": "340700",
      "补贴津贴": "",
      "变动原因说明": "",
      "是否在股东或关联单位领取报酬津贴": "否",
      "在任与否": "是"
    },
    {
      "领导人姓名": "张昌生",
      "职位描述": "副总经理、财务负责人",
      "期初持股数": "0",
      "期末持股数": "0",
      "间接持股数": "",
      "从公司获得年度报酬总额": "205900",
      "补贴津贴": "",
      "变动原因说明": "",
      "是否在股东或关联单位领取报酬津贴": "否",
      "在任与否": "是"
    },
    {
      "领导人姓名": "朱宇",
      "职位描述": "副总经理",
      "期初持股数": "0",
      "期末持股数": "0",
      "间接持股数": "",
      "从公司获得年度报酬总额": "272500",
      "补贴津贴": "",
      "变动原因说明": "",
      "是否在股东或关联单位领取报酬津贴": "否",
      "在任与否": "是"
    },
    {
      "领导人姓名": "唐文峰",
      "职位描述": "合规总监、首席风险官",
      "期初持股数": "0",
      "期末持股数": "0",
      "间接持股数": "",
      "从公司获得年度报酬总额": "306900",
      "补贴津贴": "",
      "变动原因说明": "",
      "是否在股东或关联单位领取报酬津贴": "否",
      "在任与否": "是"
    },
    {
      "领导人姓名": "刘公银",
      "职位描述": "董事会秘书",
      "期初持股数": "0",
      "期末持股数": "0",
      "间接持股数": "",
      "从公司获得年度报酬总额": "331500",
      "补贴津贴": "",
      "变动原因说明": "",
      "是否在股东或关联单位领取报酬津贴": "否",
      "在任与否": "是"
    },
    {
      "领导人姓名": "陆修然",
      "职位描述": "首席信息官",
      "期初持股数": "0",
      "期末持股数": "0",
      "间接持股数": "",
      "从公司获得年度报酬总额": "231900",
      "补贴津贴": "",
      "变动原因说明": "",
      "是否在股东或关联单位领取报酬津贴": "否",
      "在任与否": "是"
    },
    {
      "领导人姓名": "陆箴侃",
      "职位描述": "董事、总经理",
      "期初持股数": "0",
      "期末持股数": "0",
      "间接持股数": "",
      "从公司获得年度报酬总额": "459200",
      "补贴津贴": "",
      "变动原因说明": "",
      "是否在股东或关联单位领取报酬津贴": "否",
      "在任与否": "否"
    },
    {
      "领导人姓名": "欧阳罗",
      "职位描述": "董事",
      "期初持股数": "0",
      "期末持股数": "0",
      "间接持股数": "",
      "从公司获得年度报酬总额": "0",
      "补贴津贴": "",
      "变动原因说明": "",
      "是否在股东或关联单位领取报酬津贴": "是",
      "在任与否": "否"
    },
    {
      "领导人姓名": "刘详扬",
      "职位描述": "董事、财务总监",
      "期初持股数": "0",
      "期末持股数": "0",
      "间接持股数": "",
      "从公司获得年度报酬总额": "656000",
      "补贴津贴": "",
      "变动原因说明": "",
      "是否在股东或关联单位领取报酬津贴": "否",
      "在任与否": "否"
    },
    {
      "领导人姓名": "胡正",
      "职位描述": "董事",
      "期初持股数": "0",
      "期末持股数": "0",
      "间接持股数": "",
      "从公司获得年度报酬总额": "0",
      "补贴津贴": "",
      "变动原因说明": "",
      "是否在股东或关联单位领取报酬津贴": "是",
      "在任与否": "否"
    },
    {
      "领导人姓名": "王志刚",
      "职位描述": "董事",
      "期初持股数": "0",
      "期末持股数": "0",
      "间接持股数": "",
      "从公司获得年度报酬总额": "0",
      "补贴津贴": "",
      "变动原因说明": "",
      "是否在股东或关联单位领取报酬津贴": "是",
      "在任与否": "否"
    },
    {
      "领导人姓名": "郭亚雄",
      "职位描述": "独立董事",
      "期初持股数": "0",
      "期末持股数": "0",
      "间接持股数": "",
      "从公司获得年度报酬总额": "166700",
      "补贴津贴": "",
      "变动原因说明": "",
      "是否在股东或关联单位领取报酬津贴": "是",
      "在任与否": "否"
    },
    {
      "领导人姓名": "董东",
      "职位描述": "副总经理",
      "期初持股数": "0",
      "期末持股数": "0",
      "间接持股数": "",
      "从公司获得年度报酬总额": "306900",
      "补贴津贴": "",
      "变动原因说明": "",
      "是否在股东或关联单位领取报酬津贴": "否",
      "在任与否": "否"
    }
  ]
}

=== 002915-2026-04-21-中欣氟材-2025年年度报告.pdf ===
{
  "Leader_Salary_data": {
    "实际所得报酬总额起始": "",
    "实际所得报酬总额截止": "",
    "实际所得报酬总额涉及人数": ""
  },
  "Leader_Hold_data": [
    {
      "领导人姓名": "徐建国",
      "职位描述": "董事长",
      "期初持股数": "10046400",
      "期末持股数": "10046400",
      "间接持股数": "",
      "从公司获得年度报酬总额": "981000",
      "补贴津贴": "",
      "变动原因说明": "",
      "是否在股东或关联单位领取报酬津贴": "是",
      "在任与否": "是"
    },
    {
      "领导人姓名": "陈寅镐",
      "职位描述": "董事",
      "期初持股数": "19574100",
      "期末持股数": "16302100",
      "间接持股数": "",
      "从公司获得年度报酬总额": "991000",
      "补贴津贴": "",
      "变动原因说明": "系个人资金需求减持部分股份所致",
      "是否在股东或关联单位领取报酬津贴": "否",
      "在任与否": "是"
    },
    {
      "领导人姓名": "王超",
      "职位描述": "董事、总经理",
      "期初持股数": "12967500",
      "期末持股数": "12967500",
      "间接持股数": "",
      "从公司获得年度报酬总额": "891000",
      "补贴津贴": "",
      "变动原因说明": "",
      "是否在股东或关联单位领取报酬津贴": "否",
      "在任与否": "是"
    },
    {
      "领导人姓名": "梁流芳",
      "职位描述": "董事",
      "期初持股数": "",
      "期末持股数": "",
      "间接持股数": "",
      "从公司获得年度报酬总额": "80000",
      "补贴津贴": "",
      "变动原因说明": "",
      "是否在股东或关联单位领取报酬津贴": "是",
      "在任与否": "是"
    },
    {
      "领导人姓名": "袁少岚",
      "职位描述": "董事、董事会秘书、财务总监",
      "期初持股数": "1499614",
      "期末持股数": "1127514",
      "间接持股数": "",
      "从公司获得年度报酬总额": "1295000",
      "补贴津贴": "",
      "变动原因说明": "系个人资金需求减持部分股份所致",
      "是否在股东或关联单位领取报酬津贴": "否",
      "在任与否": "是"
    },
    {
      "领导人姓名": "徐寅子",
      "职位描述": "董事",
      "期初持股数": "",
      "期末持股数": "",
      "间接持股数": "",
      "从公司获得年度报酬总额": "861900",
      "补贴津贴": "",
      "变动原因说明": "",
      "是否在股东或关联单位领取报酬津贴": "否",
      "在任与否": "是"
    },
    {
      "领导人姓名": "徐钦炜",
      "职位描述": "董事",
      "期初持股数": "",
      "期末持股数": "",
      "间接持股数": "",
      "从公司获得年度报酬总额": "272200",
      "补贴津贴": "",
      "变动原因说明": "",
      "是否在股东或关联单位领取报酬津贴": "否",
      "在任与否": "是"
    },
    {
      "领导人姓名": "倪宣明",
      "职位描述": "独立董事",
      "期初持股数": "",
      "期末持股数": "",
      "间接持股数": "",
      "从公司获得年度报酬总额": "120000",
      "补贴津贴": "",
      "变动原因说明": "",
      "是否在股东或关联单位领取报酬津贴": "否",
      "在任与否": "是"
    },
    {
      "领导人姓名": "杨忠智",
      "职位描述": "独立董事",
      "期初持股数": "",
      "期末持股数": "",
      "间接持股数": "",
      "从公司获得年度报酬总额": "120000",
      "补贴津贴": "",
      "变动原因说明": "",
      "是否在股东或关联单位领取报酬津贴": "否",
      "在任与否": "是"
    },
    {
      "领导人姓名": "袁康",
      "职位描述": "独立董事",
      "期初持股数": "",
      "期末持股数": "",
      "间接持股数": "",
      "从公司获得年度报酬总额": "120000",
      "补贴津贴": "",
      "变动原因说明": "",
      "是否在股东或关联单位领取报酬津贴": "否",
      "在任与否": "是"
    },
    {
      "领导人姓名": "苏为科",
      "职位描述": "独立董事",
      "期初持股数": "",
      "期末持股数": "",
      "间接持股数": "",
      "从公司获得年度报酬总额": "120000",
      "补贴津贴": "",
      "变动原因说明": "",
      "是否在股东或关联单位领取报酬津贴": "否",
      "在任与否": "是"
    },
    {
      "领导人姓名": "俞伟樑",
      "职位描述": "副总经理、监事会主席",
      "期初持股数": "2730000",
      "期末持股数": "2730000",
      "间接持股数": "",
      "从公司获得年度报酬总额": "1310200",
      "补贴津贴": "",
      "变动原因说明": "",
      "是否在股东或关联单位领取报酬津贴": "否",
      "在任与否": "是"
    },
    {
      "领导人姓名": "施正军",
      "职位描述": "副总经理",
      "期初持股数": "1340193",
      "期末持股数": "1005145",
      "间接持股数": "",
      "从公司获得年度报酬总额": "1287000",
      "补贴津贴": "",
      "变动原因说明": "系个人资金需求减持部分股份所致",
      "是否在股东或关联单位领取报酬津贴": "否",
      "在任与否": "是"
    },
    {
      "领导人姓名": "袁其亮",
      "职位描述": "副总经理",
      "期初持股数": "1690193",
      "期末持股数": "1527693",
      "间接持股数": "",
      "从公司获得年度报酬总额": "1275000",
      "补贴津贴": "",
      "变动原因说明": "系个人资金需求减持部分股份所致",
      "是否在股东或关联单位领取报酬津贴": "否",
      "在任与否": "是"
    },
    {
      "领导人姓名": "里全",
      "职位描述": "财务总监",
      "期初持股数": "",
      "期末持股数": "",
      "间接持股数": "",
      "从公司获得年度报酬总额": "309000",
      "补贴津贴": "",
      "变动原因说明": "",
      "是否在股东或关联单位领取报酬津贴": "否",
      "在任与否": "是"
    },
    {
      "领导人姓名": "颜俊文",
      "职位描述": "董事",
      "期初持股数": "",
      "期末持股数": "",
      "间接持股数": "",
      "从公司获得年度报酬总额": "46700",
      "补贴津贴": "",
      "变动原因说明": "",
      "是否在股东或关联单位领取报酬津贴": "否",
      "在任与否": "否"
    },
    {
      "领导人姓名": "陈煜",
      "职位描述": "副总经理",
      "期初持股数": "",
      "期末持股数": "",
      "间接持股数": "",
      "从公司获得年度报酬总额": "883900",
      "补贴津贴": "",
      "变动原因说明": "",
      "是否在股东或关联单位领取报酬津贴": "否",
      "在任与否": "否"
    }
  ]
}

=== 003004-2026-04-21-ST声迅-2025年年度报告.pdf ===
{
  "Leader_Salary_data": {
    "实际所得报酬总额起始": "",
    "实际所得报酬总额截止": "",
    "实际所得报酬总额涉及人数": ""
  },
  "Leader_Hold_data": [
    {
      "领导人姓名": "聂蓉",
      "职位描述": "董事长、副总经理",
      "期初持股数": "3801600",
      "期末持股数": "3801600",
      "间接持股数": "",
      "从公司获得年度报酬总额": "501000",
      "补贴津贴": "",
      "变动原因说明": "",
      "是否在股东或关联单位领取报酬津贴": "否",
      "在任与否": "是"
    },
    {
      "领导人姓名": "王娜",
      "职位描述": "董事、财务总监、董事会秘书",
      "期初持股数": "0",
      "期末持股数": "0",
      "间接持股数": "",
      "从公司获得年度报酬总额": "501300",
      "补贴津贴": "",
      "变动原因说明": "",
      "是否在股东或关联单位领取报酬津贴": "否",
      "在任与否": "是"
    },
    {
      "领导人姓名": "谭天",
      "职位描述": "董事",
      "期初持股数": "1320000",
      "期末持股数": "1320000",
      "间接持股数": "",
      "从公司获得年度报酬总额": "0",
      "补贴津贴": "",
      "变动原因说明": "",
      "是否在股东或关联单位领取报酬津贴": "否",
      "在任与否": "是"
    },
    {
      "领导人姓名": "吴甦",
      "职位描述": "独立董事",
      "期初持股数": "0",
      "期末持股数": "0",
      "间接持股数": "",
      "从公司获得年度报酬总额": "100000",
      "补贴津贴": "100000",
      "变动原因说明": "",
      "是否在股东或关联单位领取报酬津贴": "否",
      "在任与否": "是"
    },
    {
      "领导人姓名": "庞俊巍",
      "职位描述": "独立董事",
      "期初持股数": "0",
      "期末持股数": "0",
      "间接持股数": "",
      "从公司获得年度报酬总额": "100000",
      "补贴津贴": "100000",
      "变动原因说明": "",
      "是否在股东或关联单位领取报酬津贴": "否",
      "在任与否": "是"
    },
    {
      "领导人姓名": "丛培红",
      "职位描述": "独立董事",
      "期初持股数": "0",
      "期末持股数": "0",
      "间接持股数": "",
      "从公司获得年度报酬总额": "100000",
      "补贴津贴": "100000",
      "变动原因说明": "",
      "是否在股东或关联单位领取报酬津贴": "否",
      "在任与否": "是"
    },
    {
      "领导人姓名": "楚林",
      "职位描述": "副总经理、总经理",
      "期初持股数": "",
      "期末持股数": "608000",
      "间接持股数": "",
      "从公司获得年度报酬总额": "555400",
      "补贴津贴": "",
      "变动原因说明": "",
      "是否在股东或关联单位领取报酬津贴": "否",
      "在任与否": "是"
    },
    {
      "领导人姓名": "姬光",
      "职位描述": "技术总监",
      "期初持股数": "0",
      "期末持股数": "0",
      "间接持股数": "",
      "从公司获得年度报酬总额": "504600",
      "补贴津贴": "",
      "变动原因说明": "",
      "是否在股东或关联单位领取报酬津贴": "否",
      "在任与否": "是"
    },
    {
      "领导人姓名": "李艳君",
      "职位描述": "董事会秘书",
      "期初持股数": "0",
      "期末持股数": "0",
      "间接持股数": "",
      "从公司获得年度报酬总额": "146900",
      "补贴津贴": "",
      "变动原因说明": "",
      "是否在股东或关联单位领取报酬津贴": "否",
      "在任与否": "是"
    },
    {
      "领导人姓名": "谭政",
      "职位描述": "原董事长、总经理",
      "期初持股数": "11735400",
      "期末持股数": "11735400",
      "间接持股数": "",
      "从公司获得年度报酬总额": "81000",
      "补贴津贴": "",
      "变动原因说明": "",
      "是否在股东或关联单位领取报酬津贴": "否",
      "在任与否": "否"
    }
  ]
}

=== 002993-2026-04-21-奥海科技-2025年年度报告.pdf ===
{
  "Leader_Salary_data": {
    "实际所得报酬总额起始": "",
    "实际所得报酬总额截止": "",
    "实际所得报酬总额涉及人数": ""
  },
  "Leader_Hold_data": [
    {
      "领导人姓名": "刘昊",
      "职位描述": "董事长、总经理",
      "期初持股数": "0",
      "期末持股数": "0",
      "间接持股数": "",
      "从公司获得年度报酬总额": "2216000",
      "补贴津贴": "",
      "变动原因说明": "",
      "是否在股东或关联单位领取报酬津贴": "否",
      "在任与否": "是"
    },
    {
      "领导人姓名": "刘蕾",
      "职位描述": "董事",
      "期初持股数": "31200000",
      "期末持股数": "31200000",
      "间接持股数": "",
      "从公司获得年度报酬总额": "307900",
      "补贴津贴": "",
      "变动原因说明": "",
      "是否在股东或关联单位领取报酬津贴": "是",
      "在任与否": "是"
    },
    {
      "领导人姓名": "刘旭",
      "职位描述": "董事、副总经理",
      "期初持股数": "15185000",
      "期末持股数": "15185000",
      "间接持股数": "",
      "从公司获得年度报酬总额": "1800000",
      "补贴津贴": "",
      "变动原因说明": "",
      "是否在股东或关联单位领取报酬津贴": "否",
      "在任与否": "是"
    },
    {
      "领导人姓名": "匡翠思",
      "职位描述": "董事、副总经理",
      "期初持股数": "3739090",
      "期末持股数": "3739090",
      "间接持股数": "",
      "从公司获得年度报酬总额": "1800000",
      "补贴津贴": "",
      "变动原因说明": "",
      "是否在股东或关联单位领取报酬津贴": "否",
      "在任与否": "是"
    },
    {
      "领导人姓名": "陈华",
      "职位描述": "职工代表董事",
      "期初持股数": "0",
      "期末持股数": "0",
      "间接持股数": "",
      "从公司获得年度报酬总额": "172500",
      "补贴津贴": "",
      "变动原因说明": "",
      "是否在股东或关联单位领取报酬津贴": "否",
      "在任与否": "是"
    },
    {
      "领导人姓名": "蔺政",
      "职位描述": "副总经理、董事会秘书",
      "期初持股数": "0",
      "期末持股数": "0",
      "间接持股数": "",
      "从公司获得年度报酬总额": "1813900",
      "补贴津贴": "",
      "变动原因说明": "",
      "是否在股东或关联单位领取报酬津贴": "否",
      "在任与否": "是"
    },
    {
      "领导人姓名": "赵超峰",
      "职位描述": "副总经理、财务总监",
      "期初持股数": "0",
      "期末持股数": "0",
      "间接持股数": "",
      "从公司获得年度报酬总额": "1807800",
      "补贴津贴": "",
      "变动原因说明": "",
      "是否在股东或关联单位领取报酬津贴": "否",
      "在任与否": "是"
    },
    {
      "领导人姓名": "郭修根",
      "职位描述": "副总经理",
      "期初持股数": "0",
      "期末持股数": "0",
      "间接持股数": "",
      "从公司获得年度报酬总额": "1901100",
      "补贴津贴": "",
      "变动原因说明": "",
      "是否在股东或关联单位领取报酬津贴": "否",
      "在任与否": "是"
    },
    {
      "领导人姓名": "邓伟",
      "职位描述": "副总经理",
      "期初持股数": "0",
      "期末持股数": "0",
      "间接持股数": "",
      "从公司获得年度报酬总额": "2203100",
      "补贴津贴": "",
      "变动原因说明": "",
      "是否在股东或关联单位领取报酬津贴": "否",
      "在任与否": "是"
    },
    {
      "领导人姓名": "吴日诚",
      "职位描述": "副总经理",
      "期初持股数": "0",
      "期末持股数": "0",
      "间接持股数": "",
      "从公司获得年度报酬总额": "1931300",
      "补贴津贴": "",
      "变动原因说明": "",
      "是否在股东或关联单位领取报酬津贴": "否",
      "在任与否": "是"
    },
    {
      "领导人姓名": "延新杰",
      "职位描述": "独立董事",
      "期初持股数": "0",
      "期末持股数": "0",
      "间接持股数": "",
      "从公司获得年度报酬总额": "72000",
      "补贴津贴": "72000",
      "变动原因说明": "",
      "是否在股东或关联单位领取报酬津贴": "否",
      "在任与否": "是"
    },
    {
      "领导人姓名": "郭继军",
      "职位描述": "独立董事",
      "期初持股数": "0",
      "期末持股数": "0",
      "间接持股数": "",
      "从公司获得年度报酬总额": "72000",
      "补贴津贴": "72000",
      "变动原因说明": "",
      "是否在股东或关联单位领取报酬津贴": "否",
      "在任与否": "是"
    },
    {
      "领导人姓名": "周德洪",
      "职位描述": "独立董事",
      "期初持股数": "0",
      "期末持股数": "0",
      "间接持股数": "",
      "从公司获得年度报酬总额": "72000",
      "补贴津贴": "72000",
      "变动原因说明": "",
      "是否在股东或关联单位领取报酬津贴": "否",
      "在任与否": "是"
    }
  ]
}

=== 002982-2026-04-21-湘佳股份-2025年年度报告.pdf ===
{
  "Leader_Salary_data": {
    "实际所得报酬总额起始": "",
    "实际所得报酬总额截止": "",
    "实际所得报酬总额涉及人数": ""
  },
  "Leader_Hold_data": [
    {
      "领导人姓名": "喻自文",
      "职位描述": "董事长、总裁",
      "期初持股数": "32200000",
      "期末持股数": "45080000",
      "间接持股数": "",
      "从公司获得年度报酬总额": "506000",
      "补贴津贴": "",
      "变动原因说明": "资本公积金转增",
      "是否在股东或关联单位领取报酬津贴": "否",
      "在任与否": "是"
    },
    {
      "领导人姓名": "邢卫民",
      "职位描述": "副董事长",
      "期初持股数": "32200000",
      "期末持股数": "45080000",
      "间接持股数": "",
      "从公司获得年度报酬总额": "378000",
      "补贴津贴": "",
      "变动原因说明": "资本公积金转增",
      "是否在股东或关联单位领取报酬津贴": "否",
      "在任与否": "是"
    },
    {
      "领导人姓名": "李治权",
      "职位描述": "董事、财务总监",
      "期初持股数": "100000",
      "期末持股数": "140000",
      "间接持股数": "",
      "从公司获得年度报酬总额": "228300",
      "补贴津贴": "",
      "变动原因说明": "资本公积金转增",
      "是否在股东或关联单位领取报酬津贴": "否",
      "在任与否": "是"
    },
    {
      "领导人姓名": "覃黎明",
      "职位描述": "职工代表董事",
      "期初持股数": "",
      "期末持股数": "",
      "间接持股数": "",
      "从公司获得年度报酬总额": "115800",
      "补贴津贴": "",
      "变动原因说明": "",
      "是否在股东或关联单位领取报酬津贴": "否",
      "在任与否": "是"
    },
    {
      "领导人姓名": "蒋京",
      "职位描述": "董事",
      "期初持股数": "80420",
      "期末持股数": "112588",
      "间接持股数": "",
      "从公司获得年度报酬总额": "211900",
      "补贴津贴": "",
      "变动原因说明": "资本公积金转增",
      "是否在股东或关联单位领取报酬津贴": "否",
      "在任与否": "是"
    },
    {
      "领导人姓名": "赵柯程",
      "职位描述": "董事、副总裁",
      "期初持股数": "",
      "期末持股数": "",
      "间接持股数": "",
      "从公司获得年度报酬总额": "763100",
      "补贴津贴": "",
      "变动原因说明": "",
      "是否在股东或关联单位领取报酬津贴": "否",
      "在任与否": "是"
    },
    {
      "领导人姓名": "刘焱",
      "职位描述": "独立董事",
      "期初持股数": "",
      "期末持股数": "",
      "间接持股数": "",
      "从公司获得年度报酬总额": "50000",
      "补贴津贴": "",
      "变动原因说明": "",
      "是否在股东或关联单位领取报酬津贴": "否",
      "在任与否": "是"
    },
    {
      "领导人姓名": "廖再珍",
      "职位描述": "独立董事",
      "期初持股数": "",
      "期末持股数": "",
      "间接持股数": "",
      "从公司获得年度报酬总额": "0",
      "补贴津贴": "",
      "变动原因说明": "",
      "是否在股东或关联单位领取报酬津贴": "否",
      "在任与否": "是"
    },
    {
      "领导人姓名": "杨秋伟",
      "职位描述": "独立董事",
      "期初持股数": "",
      "期末持股数": "",
      "间接持股数": "",
      "从公司获得年度报酬总额": "50000",
      "补贴津贴": "",
      "变动原因说明": "",
      "是否在股东或关联单位领取报酬津贴": "否",
      "在任与否": "是"
    },
    {
      "领导人姓名": "吴志刚",
      "职位描述": "副总裁",
      "期初持股数": "1500000",
      "期末持股数": "2100000",
      "间接持股数": "",
      "从公司获得年度报酬总额": "369100",
      "补贴津贴": "",
      "变动原因说明": "资本公积金转增",
      "是否在股东或关联单位领取报酬津贴": "否",
      "在任与否": "是"
    },
    {
      "领导人姓名": "何业春",
      "职位描述": "董事、董事会秘书、副总裁",
      "期初持股数": "822750",
      "期末持股数": "864850",
      "间接持股数": "",
      "从公司获得年度报酬总额": "298400",
      "补贴津贴": "",
      "变动原因说明": "资本公积金转增及二级市场减持",
      "是否在股东或关联单位领取报酬津贴": "否",
      "在任与否": "是"
    },
    {
      "领导人姓名": "杨文菊",
      "职位描述": "副总裁",
      "期初持股数": "",
      "期末持股数": "",
      "间接持股数": "",
      "从公司获得年度报酬总额": "234900",
      "补贴津贴": "",
      "变动原因说明": "",
      "是否在股东或关联单位领取报酬津贴": "否",
      "在任与否": "是"
    },
    {
      "领导人姓名": "覃海鸥",
      "职位描述": "副总裁",
      "期初持股数": "100000",
      "期末持股数": "140000",
      "间接持股数": "",
      "从公司获得年度报酬总额": "445300",
      "补贴津贴": "",
      "变动原因说明": "资本公积金转增",
      "是否在股东或关联单位领取报酬津贴": "否",
      "在任与否": "是"
    },
    {
      "领导人姓名": "涂毅",
      "职位描述": "副总裁",
      "期初持股数": "100000",
      "期末持股数": "140000",
      "间接持股数": "",
      "从公司获得年度报酬总额": "273600",
      "补贴津贴": "",
      "变动原因说明": "资本公积金转增",
      "是否在股东或关联单位领取报酬津贴": "否",
      "在任与否": "是"
    }
  ]
}

=== 002939-2026-04-21-长城证券-2025年年度报告.pdf ===
{
  "Leader_Salary_data": {
    "实际所得报酬总额起始": "",
    "实际所得报酬总额截止": "",
    "实际所得报酬总额涉及人数": ""
  },
  "Leader_Hold_data": [
    {
      "领导人姓名": "王军",
      "职位描述": "董事长",
      "期初持股数": "",
      "期末持股数": "",
      "间接持股数": "",
      "从公司获得年度报酬总额": "991700",
      "补贴津贴": "",
      "变动原因说明": "",
      "是否在股东或关联单位领取报酬津贴": "否",
      "在任与否": "是"
    },
    {
      "领导人姓名": "孙献",
      "职位描述": "副董事长",
      "期初持股数": "",
      "期末持股数": "",
      "间接持股数": "",
      "从公司获得年度报酬总额": "",
      "补贴津贴": "",
      "变动原因说明": "",
      "是否在股东或关联单位领取报酬津贴": "是",
      "在任与否": "是"
    },
    {
      "领导人姓名": "敬红",
      "职位描述": "副董事长",
      "期初持股数": "",
      "期末持股数": "",
      "间接持股数": "",
      "从公司获得年度报酬总额": "",
      "补贴津贴": "",
      "变动原因说明": "",
      "是否在股东或关联单位领取报酬津贴": "是",
      "在任与否": "是"
    },
    {
      "领导人姓名": "段心烨",
      "职位描述": "董事",
      "期初持股数": "",
      "期末持股数": "",
      "间接持股数": "",
      "从公司获得年度报酬总额": "",
      "补贴津贴": "",
      "变动原因说明": "",
      "是否在股东或关联单位领取报酬津贴": "是",
      "在任与否": "是"
    },
    {
      "领导人姓名": "邓喻",
      "职位描述": "董事",
      "期初持股数": "",
      "期末持股数": "",
      "间接持股数": "",
      "从公司获得年度报酬总额": "",
      "补贴津贴": "",
      "变动原因说明": "",
      "是否在股东或关联单位领取报酬津贴": "是",
      "在任与否": "是"
    },
    {
      "领导人姓名": "林鹭",
      "职位描述": "董事",
      "期初持股数": "",
      "期末持股数": "",
      "间接持股数": "",
      "从公司获得年度报酬总额": "",
      "补贴津贴": "",
      "变动原因说明": "",
      "是否在股东或关联单位领取报酬津贴": "是",
      "在任与否": "是"
    },
    {
      "领导人姓名": "杨清玲",
      "职位描述": "董事",
      "期初持股数": "",
      "期末持股数": "",
      "间接持股数": "",
      "从公司获得年度报酬总额": "",
      "补贴津贴": "",
      "变动原因说明": "",
      "是否在股东或关联单位领取报酬津贴": "是",
      "在任与否": "是"
    },
    {
      "领导人姓名": "麦宝洪",
      "职位描述": "董事",
      "期初持股数": "",
      "期末持股数": "",
      "间接持股数": "",
      "从公司获得年度报酬总额": "",
      "补贴津贴": "",
      "变动原因说明": "",
      "是否在股东或关联单位领取报酬津贴": "是",
      "在任与否": "是"
    },
    {
      "领导人姓名": "吕益民",
      "职位描述": "独立董事",
      "期初持股数": "",
      "期末持股数": "",
      "间接持股数": "",
      "从公司获得年度报酬总额": "150000",
      "补贴津贴": "",
      "变动原因说明": "",
      "是否在股东或关联单位领取报酬津贴": "否",
      "在任与否": "是"
    },
    {
      "领导人姓名": "周凤翱",
      "职位描述": "独立董事",
      "期初持股数": "",
      "期末持股数": "",
      "间接持股数": "",
      "从公司获得年度报酬总额": "150000",
      "补贴津贴": "",
      "变动原因说明": "",
      "是否在股东或关联单位领取报酬津贴": "否",
      "在任与否": "是"
    },
    {
      "领导人姓名": "陈红珊",
      "职位描述": "独立董事",
      "期初持股数": "",
      "期末持股数": "",
      "间接持股数": "",
      "从公司获得年度报酬总额": "150000",
      "补贴津贴": "",
      "变动原因说明": "",
      "是否在股东或关联单位领取报酬津贴": "否",
      "在任与否": "是"
    },
    {
      "领导人姓名": "林斌",
      "职位描述": "独立董事",
      "期初持股数": "",
      "期末持股数": "",
      "间接持股数": "",
      "从公司获得年度报酬总额": "150000",
      "补贴津贴": "",
      "变动原因说明": "",
      "是否在股东或关联单位领取报酬津贴": "否",
      "在任与否": "是"
    },
    {
      "领导人姓名": "吴柏钧",
      "职位描述": "独立董事",
      "期初持股数": "",
      "期末持股数": "",
      "间接持股数": "",
      "从公司获得年度报酬总额": "45500",
      "补贴津贴": "",
      "变动原因说明": "",
      "是否在股东或关联单位领取报酬津贴": "否",
      "在任与否": "是"
    },
    {
      "领导人姓名": "许明波",
      "职位描述": "职工董事",
      "期初持股数": "",
      "期末持股数": "",
      "间接持股数": "",
      "从公司获得年度报酬总额": "295400",
      "补贴津贴": "",
      "变动原因说明": "",
      "是否在股东或关联单位领取报酬津贴": "否",
      "在任与否": "是"
    },
    {
      "领导人姓名": "周钟山",
      "职位描述": "总裁、财务负责人",
      "期初持股数": "",
      "期末持股数": "",
      "间接持股数": "",
      "从公司获得年度报酬总额": "800000",
      "补贴津贴": "",
      "变动原因说明": "",
      "是否在股东或关联单位领取报酬津贴": "否",
      "在任与否": "是"
    },
    {
      "领导人姓名": "曾贽",
      "职位描述": "副总裁",
      "期初持股数": "",
      "期末持股数": "",
      "间接持股数": "",
      "从公司获得年度报酬总额": "800000",
      "补贴津贴": "",
      "变动原因说明": "",
      "是否在股东或关联单位领取报酬津贴": "否",
      "在任与否": "是"
    },
    {
      "领导人姓名": "赵昕倩",
      "职位描述": "副总裁、合规总监、首席风险官",
      "期初持股数": "",
      "期末持股数": "",
      "间接持股数": "",
      "从公司获得年度报酬总额": "800000",
      "补贴津贴": "",
      "变动原因说明": "",
      "是否在股东或关联单位领取报酬津贴": "否",
      "在任与否": "是"
    },
    {
      "领导人姓名": "李丽芳",
      "职位描述": "副总裁",
      "期初持股数": "",
      "期末持股数": "",
      "间接持股数": "",
      "从公司获得年度报酬总额": "800000",
      "补贴津贴": "",
      "变动原因说明": "",
      "是否在股东或关联单位领取报酬津贴": "否",
      "在任与否": "是"
    },
    {
      "领导人姓名": "阮惠仙",
      "职位描述": "董事会秘书",
      "期初持股数": "",
      "期末持股数": "",
      "间接持股数": "",
      "从公司获得年度报酬总额": "",
      "补贴津贴": "",
      "变动原因说明": "",
      "是否在股东或关联单位领取报酬津贴": "否",
      "在任与否": "是"
    },
    {
      "领导人姓名": "徐楠",
      "职位描述": "首席信息官",
      "期初持股数": "",
      "期末持股数": "",
      "间接持股数": "",
      "从公司获得年度报酬总额": "1320400",
      "补贴津贴": "",
      "变动原因说明": "",
      "是否在股东或关联单位领取报酬津贴": "否",
      "在任与否": "是"
    },
    {
      "领导人姓名": "段一萍",
      "职位描述": "董事",
      "期初持股数": "",
      "期末持股数": "",
      "间接持股数": "",
      "从公司获得年度报酬总额": "",
      "补贴津贴": "",
      "变动原因说明": "",
      "是否在股东或关联单位领取报酬津贴": "是",
      "在任与否": "否"
    },
    {
      "领导人姓名": "李翔",
      "职位描述": "总裁、财务负责人",
      "期初持股数": "",
      "期末持股数": "",
      "间接持股数": "",
      "从公司获得年度报酬总额": "543000",
      "补贴津贴": "",
      "变动原因说明": "",
      "是否在股东或关联单位领取报酬津贴": "否",
      "在任与否": "否"
    },
    {
      "领导人姓名": "王振",
      "职位描述": "副总裁",
      "期初持股数": "",
      "期末持股数": "",
      "间接持股数": "",
      "从公司获得年度报酬总额": "800000",
      "补贴津贴": "",
      "变动原因说明": "",
      "是否在股东或关联单位领取报酬津贴": "否",
      "在任与否": "否"
    }
  ]
}

=== 003023-2026-04-21-彩虹集团-2025年年度报告.pdf ===
{
  "Leader_Salary_data": {
    "实际所得报酬总额起始": "",
    "实际所得报酬总额截止": "",
    "实际所得报酬总额涉及人数": ""
  },
  "Leader_Hold_data": [
    {
      "领导人姓名": "黄朝万",
      "职位描述": "董事长",
      "期初持股数": "10920",
      "期末持股数": "10920",
      "间接持股数": "",
      "从公司获得年度报酬总额": "722500",
      "补贴津贴": "",
      "变动原因说明": "",
      "是否在股东或关联单位领取报酬津贴": "是",
      "在任与否": "是"
    },
    {
      "领导人姓名": "刘斌",
      "职位描述": "董事、总经理",
      "期初持股数": "0",
      "期末持股数": "0",
      "间接持股数": "",
      "从公司获得年度报酬总额": "915100",
      "补贴津贴": "",
      "变动原因说明": "",
      "是否在股东或关联单位领取报酬津贴": "是",
      "在任与否": "是"
    },
    {
      "领导人姓名": "刘荣富",
      "职位描述": "董事",
      "期初持股数": "4680",
      "期末持股数": "4680",
      "间接持股数": "",
      "从公司获得年度报酬总额": "68300",
      "补贴津贴": "",
      "变动原因说明": "",
      "是否在股东或关联单位领取报酬津贴": "是",
      "在任与否": "是"
    },
    {
      "领导人姓名": "刘群英",
      "职位描述": "董事、副总经理、财务总监",
      "期初持股数": "0",
      "期末持股数": "0",
      "间接持股数": "",
      "从公司获得年度报酬总额": "510100",
      "补贴津贴": "",
      "变动原因说明": "",
      "是否在股东或关联单位领取报酬津贴": "是",
      "在任与否": "是"
    },
    {
      "领导人姓名": "雷毅",
      "职位描述": "董事",
      "期初持股数": "0",
      "期末持股数": "0",
      "间接持股数": "",
      "从公司获得年度报酬总额": "406700",
      "补贴津贴": "",
      "变动原因说明": "",
      "是否在股东或关联单位领取报酬津贴": "是",
      "在任与否": "是"
    },
    {
      "领导人姓名": "洪麒麟",
      "职位描述": "董事",
      "期初持股数": "0",
      "期末持股数": "0",
      "间接持股数": "",
      "从公司获得年度报酬总额": "508500",
      "补贴津贴": "",
      "变动原因说明": "",
      "是否在股东或关联单位领取报酬津贴": "是",
      "在任与否": "是"
    },
    {
      "领导人姓名": "万国超",
      "职位描述": "独立董事",
      "期初持股数": "0",
      "期末持股数": "0",
      "间接持股数": "",
      "从公司获得年度报酬总额": "54000",
      "补贴津贴": "",
      "变动原因说明": "",
      "是否在股东或关联单位领取报酬津贴": "否",
      "在任与否": "是"
    },
    {
      "领导人姓名": "陈彤",
      "职位描述": "独立董事",
      "期初持股数": "0",
      "期末持股数": "0",
      "间接持股数": "",
      "从公司获得年度报酬总额": "22500",
      "补贴津贴": "",
      "变动原因说明": "",
      "是否在股东或关联单位领取报酬津贴": "否",
      "在任与否": "否"
    },
    {
      "领导人姓名": "陈禹",
      "职位描述": "独立董事",
      "期初持股数": "0",
      "期末持股数": "0",
      "间接持股数": "",
      "从公司获得年度报酬总额": "22500",
      "补贴津贴": "",
      "变动原因说明": "",
      "是否在股东或关联单位领取报酬津贴": "否",
      "在任与否": "否"
    },
    {
      "领导人姓名": "邓立新",
      "职位描述": "独立董事",
      "期初持股数": "0",
      "期末持股数": "0",
      "间接持股数": "",
      "从公司获得年度报酬总额": "32700",
      "补贴津贴": "",
      "变动原因说明": "",
      "是否在股东或关联单位领取报酬津贴": "否",
      "在任与否": "是"
    },
    {
      "领导人姓名": "吴孟强",
      "职位描述": "独立董事",
      "期初持股数": "0",
      "期末持股数": "0",
      "间接持股数": "",
      "从公司获得年度报酬总额": "32700",
      "补贴津贴": "",
      "变动原因说明": "",
      "是否在股东或关联单位领取报酬津贴": "否",
      "在任与否": "是"
    },
    {
      "领导人姓名": "张艳侠",
      "职位描述": "监事会主席",
      "期初持股数": "",
      "期末持股数": "",
      "间接持股数": "",
      "从公司获得年度报酬总额": "",
      "补贴津贴": "",
      "变动原因说明": "",
      "是否在股东或关联单位领取报酬津贴": "",
      "在任与否": "否"
    },
    {
      "领导人姓名": "陈伟丽",
      "职位描述": "监事",
      "期初持股数": "13000",
      "期末持股数": "13000",
      "间接持股数": "",
      "从公司获得年度报酬总额": "",
      "补贴津贴": "",
      "变动原因说明": "",
      "是否在股东或关联单位领取报酬津贴": "",
      "在任与否": "否"
    },
    {
      "领导人姓名": "蓝天中",
      "职位描述": "监事",
      "期初持股数": "5200",
      "期末持股数": "5200",
      "间接持股数": "",
      "从公司获得年度报酬总额": "",
      "补贴津贴": "",
      "变动原因说明": "",
      "是否在股东或关联单位领取报酬津贴": "",
      "在任与否": "否"
    },
    {
      "领导人姓名": "曾熹亮",
      "职位描述": "职工代表监事",
      "期初持股数": "0",
      "期末持股数": "0",
      "间接持股数": "",
      "从公司获得年度报酬总额": "",
      "补贴津贴": "",
      "变动原因说明": "",
      "是否在股东或关联单位领取报酬津贴": "",
      "在任与否": "否"
    },
    {
      "领导人姓名": "黄燕",
      "职位描述": "职工代表监事",
      "期初持股数": "0",
      "期末持股数": "0",
      "间接持股数": "",
      "从公司获得年度报酬总额": "",
      "补贴津贴": "",
      "变动原因说明": "",
      "是否在股东或关联单位领取报酬津贴": "",
      "在任与否": "否"
    },
    {
      "领导人姓名": "徐思国",
      "职位描述": "副总经理",
      "期初持股数": "0",
      "期末持股数": "0",
      "间接持股数": "",
      "从公司获得年度报酬总额": "503900",
      "补贴津贴": "",
      "变动原因说明": "",
      "是否在股东或关联单位领取报酬津贴": "否",
      "在任与否": "是"
    },
    {
      "领导人姓名": "黄晓兵",
      "职位描述": "副总经理、总工程师",
      "期初持股数": "3120",
      "期末持股数": "3120",
      "间接持股数": "",
      "从公司获得年度报酬总额": "447500",
      "补贴津贴": "",
      "变动原因说明": "",
      "是否在股东或关联单位领取报酬津贴": "否",
      "在任与否": "是"
    },
    {
      "领导人姓名": "李隆波",
      "职位描述": "副总经理",
      "期初持股数": "0",
      "期末持股数": "0",
      "间接持股数": "",
      "从公司获得年度报酬总额": "433300",
      "补贴津贴": "",
      "变动原因说明": "",
      "是否在股东或关联单位领取报酬津贴": "否",
      "在任与否": "是"
    },
    {
      "领导人姓名": "张浩军",
      "职位描述": "副总经理、董事会秘书",
      "期初持股数": "0",
      "期末持股数": "0",
      "间接持股数": "",
      "从公司获得年度报酬总额": "473100",
      "补贴津贴": "",
      "变动原因说明": "",
      "是否在股东或关联单位领取报酬津贴": "否",
      "在任与否": "是"
    }
  ]
}

=== 300103-2026-04-21-达刚控股-2025年年度报告.pdf ===
{
  "Leader_Salary_data": {
    "实际所得报酬总额起始": "",
    "实际所得报酬总额截止": "",
    "实际所得报酬总额涉及人数": ""
  },
  "Leader_Hold_data": [
    {
      "领导人姓名": "王妍",
      "职位描述": "董事长、总裁",
      "期初持股数": "0",
      "期末持股数": "0",
      "间接持股数": "",
      "从公司获得年度报酬总额": "503900",
      "补贴津贴": "",
      "变动原因说明": "",
      "是否在股东或关联单位领取报酬津贴": "否",
      "在任与否": "是"
    },
    {
      "领导人姓名": "韦尔奇",
      "职位描述": "董事、董事会秘书",
      "期初持股数": "333938",
      "期末持股数": "333938",
      "间接持股数": "",
      "从公司获得年度报酬总额": "352300",
      "补贴津贴": "",
      "变动原因说明": "",
      "是否在股东或关联单位领取报酬津贴": "否",
      "在任与否": "是"
    },
    {
      "领导人姓名": "郭峰东",
      "职位描述": "董事、副总裁",
      "期初持股数": "0",
      "期末持股数": "0",
      "间接持股数": "",
      "从公司获得年度报酬总额": "352300",
      "补贴津贴": "",
      "变动原因说明": "",
      "是否在股东或关联单位领取报酬津贴": "否",
      "在任与否": "是"
    },
    {
      "领导人姓名": "黄明",
      "职位描述": "董事、副总裁",
      "期初持股数": "0",
      "期末持股数": "0",
      "间接持股数": "",
      "从公司获得年度报酬总额": "352300",
      "补贴津贴": "",
      "变动原因说明": "",
      "是否在股东或关联单位领取报酬津贴": "否",
      "在任与否": "是"
    },
    {
      "领导人姓名": "谢强明",
      "职位描述": "董事",
      "期初持股数": "0",
      "期末持股数": "0",
      "间接持股数": "",
      "从公司获得年度报酬总额": "0",
      "补贴津贴": "",
      "变动原因说明": "",
      "是否在股东或关联单位领取报酬津贴": "是",
      "在任与否": "是"
    },
    {
      "领导人姓名": "焦生杰",
      "职位描述": "独立董事",
      "期初持股数": "0",
      "期末持股数": "0",
      "间接持股数": "",
      "从公司获得年度报酬总额": "48000",
      "补贴津贴": "",
      "变动原因说明": "",
      "是否在股东或关联单位领取报酬津贴": "否",
      "在任与否": "是"
    },
    {
      "领导人姓名": "韩红俊",
      "职位描述": "独立董事",
      "期初持股数": "0",
      "期末持股数": "0",
      "间接持股数": "",
      "从公司获得年度报酬总额": "48000",
      "补贴津贴": "",
      "变动原因说明": "",
      "是否在股东或关联单位领取报酬津贴": "否",
      "在任与否": "是"
    },
    {
      "领导人姓名": "曹爱民",
      "职位描述": "独立董事",
      "期初持股数": "0",
      "期末持股数": "0",
      "间接持股数": "",
      "从公司获得年度报酬总额": "27000",
      "补贴津贴": "",
      "变动原因说明": "",
      "是否在股东或关联单位领取报酬津贴": "否",
      "在任与否": "是"
    },
    {
      "领导人姓名": "王伟雄",
      "职位描述": "原独立董事",
      "期初持股数": "0",
      "期末持股数": "0",
      "间接持股数": "",
      "从公司获得年度报酬总额": "21000",
      "补贴津贴": "",
      "变动原因说明": "",
      "是否在股东或关联单位领取报酬津贴": "否",
      "在任与否": "否"
    },
    {
      "领导人姓名": "闫晓田",
      "职位描述": "原独立董事",
      "期初持股数": "0",
      "期末持股数": "0",
      "间接持股数": "",
      "从公司获得年度报酬总额": "36000",
      "补贴津贴": "",
      "变动原因说明": "",
      "是否在股东或关联单位领取报酬津贴": "否",
      "在任与否": "否"
    }
  ]
}

=== 300044-2026-04-21-ST赛为-2025年年度报告.pdf ===
{
  "Leader_Salary_data": {
    "实际所得报酬总额起始": "",
    "实际所得报酬总额截止": "",
    "实际所得报酬总额涉及人数": ""
  },
  "Leader_Hold_data": [
    {
      "领导人姓名": "周起",
      "职位描述": "董事长",
      "期初持股数": "0",
      "期末持股数": "0",
      "间接持股数": "",
      "从公司获得年度报酬总额": "",
      "补贴津贴": "",
      "变动原因说明": "",
      "是否在股东或关联单位领取报酬津贴": "",
      "在任与否": "是"
    },
    {
      "领导人姓名": "如",
      "职位描述": "董事、总经理、代行董事会秘书",
      "期初持股数": "",
      "期末持股数": "",
      "间接持股数": "",
      "从公司获得年度报酬总额": "",
      "补贴津贴": "",
      "变动原因说明": "",
      "是否在股东或关联单位领取报酬津贴": "",
      "在任与否": "否"
    },
    {
      "领导人姓名": "周勇",
      "职位描述": "董事",
      "期初持股数": "64436123",
      "期末持股数": "64436123",
      "间接持股数": "",
      "从公司获得年度报酬总额": "1021100",
      "补贴津贴": "",
      "变动原因说明": "",
      "是否在股东或关联单位领取报酬津贴": "否",
      "在任与否": "是"
    },
    {
      "领导人姓名": "李家新",
      "职位描述": "独立董事",
      "期初持股数": "0",
      "期末持股数": "40000",
      "间接持股数": "",
      "从公司获得年度报酬总额": "100000",
      "补贴津贴": "100000",
      "变动原因说明": "",
      "是否在股东或关联单位领取报酬津贴": "否",
      "在任与否": "是"
    },
    {
      "领导人姓名": "戴新民",
      "职位描述": "独立董事",
      "期初持股数": "0",
      "期末持股数": "0",
      "间接持股数": "",
      "从公司获得年度报酬总额": "100000",
      "补贴津贴": "100000",
      "变动原因说明": "",
      "是否在股东或关联单位领取报酬津贴": "否",
      "在任与否": "是"
    },
    {
      "领导人姓名": "於恒强",
      "职位描述": "独立董事",
      "期初持股数": "0",
      "期末持股数": "0",
      "间接持股数": "",
      "从公司获得年度报酬总额": "100000",
      "补贴津贴": "100000",
      "变动原因说明": "",
      "是否在股东或关联单位领取报酬津贴": "否",
      "在任与否": "是"
    },
    {
      "领导人姓名": "陆娟",
      "职位描述": "监事会主席",
      "期初持股数": "0",
      "期末持股数": "0",
      "间接持股数": "",
      "从公司获得年度报酬总额": "",
      "补贴津贴": "",
      "变动原因说明": "",
      "是否在股东或关联单位领取报酬津贴": "",
      "在任与否": "否"
    },
    {
      "领导人姓名": "贾平",
      "职位描述": "监事",
      "期初持股数": "0",
      "期末持股数": "0",
      "间接持股数": "",
      "从公司获得年度报酬总额": "",
      "补贴津贴": "",
      "变动原因说明": "",
      "是否在股东或关联单位领取报酬津贴": "",
      "在任与否": "否"
    },
    {
      "领导人姓名": "尹文操",
      "职位描述": "监事",
      "期初持股数": "0",
      "期末持股数": "0",
      "间接持股数": "",
      "从公司获得年度报酬总额": "",
      "补贴津贴": "",
      "变动原因说明": "",
      "是否在股东或关联单位领取报酬津贴": "",
      "在任与否": "否"
    },
    {
      "领导人姓名": "赵瑜",
      "职位描述": "董事、副总经理、董事会秘书",
      "期初持股数": "64000",
      "期末持股数": "64000",
      "间接持股数": "",
      "从公司获得年度报酬总额": "784000",
      "补贴津贴": "",
      "变动原因说明": "",
      "是否在股东或关联单位领取报酬津贴": "否",
      "在任与否": "是"
    },
    {
      "领导人姓名": "杨延峰",
      "职位描述": "董事、副总经理",
      "期初持股数": "0",
      "期末持股数": "0",
      "间接持股数": "",
      "从公司获得年度报酬总额": "847400",
      "补贴津贴": "",
      "变动原因说明": "",
      "是否在股东或关联单位领取报酬津贴": "是",
      "在任与否": "是"
    },
    {
      "领导人姓名": "蒋春华",
      "职位描述": "董事、副总经理",
      "期初持股数": "0",
      "期末持股数": "0",
      "间接持股数": "",
      "从公司获得年度报酬总额": "720400",
      "补贴津贴": "",
      "变动原因说明": "",
      "是否在股东或关联单位领取报酬津贴": "否",
      "在任与否": "是"
    },
    {
      "领导人姓名": "汪玉冰",
      "职位描述": "董事",
      "期初持股数": "0",
      "期末持股数": "0",
      "间接持股数": "",
      "从公司获得年度报酬总额": "518200",
      "补贴津贴": "",
      "变动原因说明": "",
      "是否在股东或关联单位领取报酬津贴": "否",
      "在任与否": "是"
    },
    {
      "领导人姓名": "袁爱钧",
      "职位描述": "副总经理",
      "期初持股数": "0",
      "期末持股数": "0",
      "间接持股数": "",
      "从公司获得年度报酬总额": "648000",
      "补贴津贴": "",
      "变动原因说明": "",
      "是否在股东或关联单位领取报酬津贴": "否",
      "在任与否": "是"
    },
    {
      "领导人姓名": "曾令君",
      "职位描述": "财务总监",
      "期初持股数": "0",
      "期末持股数": "0",
      "间接持股数": "",
      "从公司获得年度报酬总额": "630100",
      "补贴津贴": "",
      "变动原因说明": "",
      "是否在股东或关联单位领取报酬津贴": "否",
      "在任与否": "是"
    }
  ]
}

=== 300112-2026-04-21-万讯自控-2025年年度报告.pdf ===
{
  "Leader_Salary_data": {
    "实际所得报酬总额起始": "",
    "实际所得报酬总额截止": "",
    "实际所得报酬总额涉及人数": ""
  },
  "Leader_Hold_data": [
    {
      "领导人姓名": "傅宇晨",
      "职位描述": "董事长",
      "期初持股数": "49359277",
      "期末持股数": "49359277",
      "间接持股数": "",
      "从公司获得年度报酬总额": "844600",
      "补贴津贴": "",
      "变动原因说明": "",
      "是否在股东或关联单位领取报酬津贴": "否",
      "在任与否": "是"
    },
    {
      "领导人姓名": "傅晓阳",
      "职位描述": "董事、总经理",
      "期初持股数": "18057869",
      "期末持股数": "17907869",
      "间接持股数": "",
      "从公司获得年度报酬总额": "1165400",
      "补贴津贴": "",
      "变动原因说明": "回购注销限制性股票",
      "是否在股东或关联单位领取报酬津贴": "否",
      "在任与否": "是"
    },
    {
      "领导人姓名": "邹靖",
      "职位描述": "董事、副总经理",
      "期初持股数": "360000",
      "期末持股数": "240000",
      "间接持股数": "",
      "从公司获得年度报酬总额": "611000",
      "补贴津贴": "",
      "变动原因说明": "回购注销限制性股票",
      "是否在股东或关联单位领取报酬津贴": "否",
      "在任与否": "是"
    },
    {
      "领导人姓名": "龙方彦",
      "职位描述": "董事",
      "期初持股数": "368500",
      "期末持股数": "211000",
      "间接持股数": "",
      "从公司获得年度报酬总额": "1071000",
      "补贴津贴": "",
      "变动原因说明": "回购注销限制性股票",
      "是否在股东或关联单位领取报酬津贴": "否",
      "在任与否": "是"
    },
    {
      "领导人姓名": "刘思宏",
      "职位描述": "职工代表董事",
      "期初持股数": "",
      "期末持股数": "",
      "间接持股数": "",
      "从公司获得年度报酬总额": "232300",
      "补贴津贴": "",
      "变动原因说明": "",
      "是否在股东或关联单位领取报酬津贴": "否",
      "在任与否": "是"
    },
    {
      "领导人姓名": "曾凡跃",
      "职位描述": "独立董事",
      "期初持股数": "",
      "期末持股数": "",
      "间接持股数": "",
      "从公司获得年度报酬总额": "120000",
      "补贴津贴": "",
      "变动原因说明": "",
      "是否在股东或关联单位领取报酬津贴": "否",
      "在任与否": "是"
    },
    {
      "领导人姓名": "刘竽",
      "职位描述": "独立董事",
      "期初持股数": "",
      "期末持股数": "",
      "间接持股数": "",
      "从公司获得年度报酬总额": "120000",
      "补贴津贴": "",
      "变动原因说明": "",
      "是否在股东或关联单位领取报酬津贴": "否",
      "在任与否": "是"
    },
    {
      "领导人姓名": "徐树田",
      "职位描述": "独立董事",
      "期初持股数": "",
      "期末持股数": "",
      "间接持股数": "",
      "从公司获得年度报酬总额": "120000",
      "补贴津贴": "",
      "变动原因说明": "",
      "是否在股东或关联单位领取报酬津贴": "否",
      "在任与否": "是"
    },
    {
      "领导人姓名": "邹海龙",
      "职位描述": "副总经理",
      "期初持股数": "245000",
      "期末持股数": "140000",
      "间接持股数": "",
      "从公司获得年度报酬总额": "505800",
      "补贴津贴": "",
      "变动原因说明": "回购注销限制性股票",
      "是否在股东或关联单位领取报酬津贴": "否",
      "在任与否": "是"
    },
    {
      "领导人姓名": "叶玲莉",
      "职位描述": "副总经理、董事会秘书",
      "期初持股数": "147000",
      "期末持股数": "84000",
      "间接持股数": "",
      "从公司获得年度报酬总额": "568000",
      "补贴津贴": "",
      "变动原因说明": "回购注销限制性股票",
      "是否在股东或关联单位领取报酬津贴": "否",
      "在任与否": "是"
    },
    {
      "领导人姓名": "王琼",
      "职位描述": "财务负责人",
      "期初持股数": "120300",
      "期末持股数": "90300",
      "间接持股数": "",
      "从公司获得年度报酬总额": "596700",
      "补贴津贴": "",
      "变动原因说明": "回购注销限制性股票",
      "是否在股东或关联单位领取报酬津贴": "否",
      "在任与否": "是"
    }
  ]
}

=== 300018-2026-04-21-中元股份-2025年年度报告.pdf ===
{
  "Leader_Salary_data": {
    "实际所得报酬总额起始": "",
    "实际所得报酬总额截止": "",
    "实际所得报酬总额涉及人数": ""
  },
  "Leader_Hold_data": [
    {
      "领导人姓名": "朱双全",
      "职位描述": "董事长",
      "期初持股数": "",
      "期末持股数": "",
      "间接持股数": "",
      "从公司获得年度报酬总额": "0",
      "补贴津贴": "",
      "变动原因说明": "",
      "是否在股东或关联单位领取报酬津贴": "是",
      "在任与否": "是"
    },
    {
      "领导人姓名": "朱顺全",
      "职位描述": "董事",
      "期初持股数": "",
      "期末持股数": "",
      "间接持股数": "",
      "从公司获得年度报酬总额": "0",
      "补贴津贴": "",
      "变动原因说明": "",
      "是否在股东或关联单位领取报酬津贴": "是",
      "在任与否": "是"
    },
    {
      "领导人姓名": "卢春明",
      "职位描述": "董事、总裁、副董事长",
      "期初持股数": "11225000",
      "期末持股数": "11509000",
      "间接持股数": "",
      "从公司获得年度报酬总额": "1785900",
      "补贴津贴": "",
      "变动原因说明": "股权激励归属",
      "是否在股东或关联单位领取报酬津贴": "否",
      "在任与否": "是"
    },
    {
      "领导人姓名": "尹力光",
      "职位描述": "董事、监事",
      "期初持股数": "6328000",
      "期末持股数": "6328000",
      "间接持股数": "",
      "从公司获得年度报酬总额": "882400",
      "补贴津贴": "",
      "变动原因说明": "",
      "是否在股东或关联单位领取报酬津贴": "否",
      "在任与否": "是"
    },
    {
      "领导人姓名": "向德伟",
      "职位描述": "董事",
      "期初持股数": "",
      "期末持股数": "",
      "间接持股数": "",
      "从公司获得年度报酬总额": "0",
      "补贴津贴": "",
      "变动原因说明": "",
      "是否在股东或关联单位领取报酬津贴": "是",
      "在任与否": "是"
    },
    {
      "领导人姓名": "陈默",
      "职位描述": "董事",
      "期初持股数": "",
      "期末持股数": "",
      "间接持股数": "",
      "从公司获得年度报酬总额": "321900",
      "补贴津贴": "",
      "变动原因说明": "",
      "是否在股东或关联单位领取报酬津贴": "否",
      "在任与否": "是"
    },
    {
      "领导人姓名": "余明桂",
      "职位描述": "独立董事",
      "期初持股数": "",
      "期末持股数": "",
      "间接持股数": "",
      "从公司获得年度报酬总额": "0",
      "补贴津贴": "120000",
      "变动原因说明": "",
      "是否在股东或关联单位领取报酬津贴": "否",
      "在任与否": "是"
    },
    {
      "领导人姓名": "杨德先",
      "职位描述": "独立董事",
      "期初持股数": "",
      "期末持股数": "",
      "间接持股数": "",
      "从公司获得年度报酬总额": "120000",
      "补贴津贴": "120000",
      "变动原因说明": "",
      "是否在股东或关联单位领取报酬津贴": "否",
      "在任与否": "是"
    },
    {
      "领导人姓名": "姜东升",
      "职位描述": "独立董事",
      "期初持股数": "",
      "期末持股数": "",
      "间接持股数": "",
      "从公司获得年度报酬总额": "120000",
      "补贴津贴": "120000",
      "变动原因说明": "",
      "是否在股东或关联单位领取报酬津贴": "否",
      "在任与否": "是"
    },
    {
      "领导人姓名": "黄伟兵",
      "职位描述": "财务总监、董事会秘书",
      "期初持股数": "",
      "期末持股数": "104000",
      "间接持股数": "",
      "从公司获得年度报酬总额": "489400",
      "补贴津贴": "",
      "变动原因说明": "股权激励归属",
      "是否在股东或关联单位领取报酬津贴": "否",
      "在任与否": "是"
    },
    {
      "领导人姓名": "熊金梅",
      "职位描述": "副总裁",
      "期初持股数": "",
      "期末持股数": "100000",
      "间接持股数": "",
      "从公司获得年度报酬总额": "456100",
      "补贴津贴": "",
      "变动原因说明": "股权激励归属",
      "是否在股东或关联单位领取报酬津贴": "否",
      "在任与否": "是"
    },
    {
      "领导人姓名": "郑君林",
      "职位描述": "总工程师",
      "期初持股数": "",
      "期末持股数": "140000",
      "间接持股数": "",
      "从公司获得年度报酬总额": "1028000",
      "补贴津贴": "",
      "变动原因说明": "股权激励归属",
      "是否在股东或关联单位领取报酬津贴": "否",
      "在任与否": "是"
    },
    {
      "领导人姓名": "亢娜",
      "职位描述": "副总裁、董事会秘书",
      "期初持股数": "",
      "期末持股数": "",
      "间接持股数": "",
      "从公司获得年度报酬总额": "123800",
      "补贴津贴": "",
      "变动原因说明": "",
      "是否在股东或关联单位领取报酬津贴": "否",
      "在任与否": "是"
    },
    {
      "领导人姓名": "尹健",
      "职位描述": "董事、董事长",
      "期初持股数": "8532900",
      "期末持股数": "8756900",
      "间接持股数": "",
      "从公司获得年度报酬总额": "1511600",
      "补贴津贴": "",
      "变动原因说明": "股权激励归属",
      "是否在股东或关联单位领取报酬津贴": "否",
      "在任与否": "否"
    },
    {
      "领导人姓名": "邓志刚",
      "职位描述": "董事",
      "期初持股数": "20570100",
      "期末持股数": "20810100",
      "间接持股数": "",
      "从公司获得年度报酬总额": "1019100",
      "补贴津贴": "",
      "变动原因说明": "股权激励归属",
      "是否在股东或关联单位领取报酬津贴": "否",
      "在任与否": "否"
    },
    {
      "领导人姓名": "杨洁",
      "职位描述": "独立董事",
      "期初持股数": "",
      "期末持股数": "",
      "间接持股数": "",
      "从公司获得年度报酬总额": "110000",
      "补贴津贴": "",
      "变动原因说明": "",
      "是否在股东或关联单位领取报酬津贴": "否",
      "在任与否": "否"
    },
    {
      "领导人姓名": "陈志兵",
      "职位描述": "监事会主席",
      "期初持股数": "283047",
      "期末持股数": "283047",
      "间接持股数": "",
      "从公司获得年度报酬总额": "",
      "补贴津贴": "",
      "变动原因说明": "",
      "是否在股东或关联单位领取报酬津贴": "",
      "在任与否": "否"
    },
    {
      "领导人姓名": "张文哲",
      "职位描述": "监事",
      "期初持股数": "",
      "期末持股数": "",
      "间接持股数": "",
      "从公司获得年度报酬总额": "",
      "补贴津贴": "",
      "变动原因说明": "",
      "是否在股东或关联单位领取报酬津贴": "",
      "在任与否": "否"
    }
  ]
}

=== 300026-2026-04-21-红日药业-2025年年度报告.pdf ===
{
  "Leader_Salary_data": {
    "实际所得报酬总额起始": "10309600",
    "实际所得报酬总额截止": "10309600",
    "实际所得报酬总额涉及人数": "19"
  },
  "Leader_Hold_data": [
    {
      "领导人姓名": "吴文元",
      "职位描述": "党委书记、董事、董事长、职工代表董事",
      "期初持股数": "0",
      "期末持股数": "0",
      "间接持股数": "",
      "从公司获得年度报酬总额": "1372700",
      "补贴津贴": "",
      "变动原因说明": "",
      "是否在股东或关联单位领取报酬津贴": "否",
      "在任与否": "是"
    },
    {
      "领导人姓名": "蓝武军",
      "职位描述": "董事、党委副书记、副董事长、总经理",
      "期初持股数": "1487900",
      "期末持股数": "1487900",
      "间接持股数": "",
      "从公司获得年度报酬总额": "1334800",
      "补贴津贴": "",
      "变动原因说明": "",
      "是否在股东或关联单位领取报酬津贴": "否",
      "在任与否": "是"
    },
    {
      "领导人姓名": "金星",
      "职位描述": "党委副书记、纪委书记、工会主席",
      "期初持股数": "0",
      "期末持股数": "0",
      "间接持股数": "",
      "从公司获得年度报酬总额": "683200",
      "补贴津贴": "",
      "变动原因说明": "",
      "是否在股东或关联单位领取报酬津贴": "否",
      "在任与否": "是"
    },
    {
      "领导人姓名": "李春旭",
      "职位描述": "董事、副总经理",
      "期初持股数": "675000",
      "期末持股数": "675000",
      "间接持股数": "",
      "从公司获得年度报酬总额": "836700",
      "补贴津贴": "",
      "变动原因说明": "",
      "是否在股东或关联单位领取报酬津贴": "否",
      "在任与否": "否"
    },
    {
      "领导人姓名": "林森",
      "职位描述": "董事",
      "期初持股数": "0",
      "期末持股数": "0",
      "间接持股数": "",
      "从公司获得年度报酬总额": "0",
      "补贴津贴": "",
      "变动原因说明": "",
      "是否在股东或关联单位领取报酬津贴": "是",
      "在任与否": "是"
    },
    {
      "领导人姓名": "但家平",
      "职位描述": "董事、财务负责人（总会计师）",
      "期初持股数": "0",
      "期末持股数": "0",
      "间接持股数": "",
      "从公司获得年度报酬总额": "397800",
      "补贴津贴": "",
      "变动原因说明": "",
      "是否在股东或关联单位领取报酬津贴": "否",
      "在任与否": "是"
    },
    {
      "领导人姓名": "张YING",
      "职位描述": "董事",
      "期初持股数": "0",
      "期末持股数": "0",
      "间接持股数": "",
      "从公司获得年度报酬总额": "0",
      "补贴津贴": "",
      "变动原因说明": "",
      "是否在股东或关联单位领取报酬津贴": "是",
      "在任与否": "是"
    },
    {
      "领导人姓名": "杨伊",
      "职位描述": "董事、董事会秘书",
      "期初持股数": "0",
      "期末持股数": "0",
      "间接持股数": "",
      "从公司获得年度报酬总额": "904700",
      "补贴津贴": "",
      "变动原因说明": "",
      "是否在股东或关联单位领取报酬津贴": "否",
      "在任与否": "是"
    },
    {
      "领导人姓名": "李莉",
      "职位描述": "独立董事",
      "期初持股数": "0",
      "期末持股数": "0",
      "间接持股数": "",
      "从公司获得年度报酬总额": "120000",
      "补贴津贴": "120000",
      "变动原因说明": "",
      "是否在股东或关联单位领取报酬津贴": "否",
      "在任与否": "是"
    },
    {
      "领导人姓名": "屠鹏飞",
      "职位描述": "独立董事",
      "期初持股数": "0",
      "期末持股数": "0",
      "间接持股数": "",
      "从公司获得年度报酬总额": "120000",
      "补贴津贴": "120000",
      "变动原因说明": "",
      "是否在股东或关联单位领取报酬津贴": "否",
      "在任与否": "是"
    },
    {
      "领导人姓名": "龚涛",
      "职位描述": "独立董事",
      "期初持股数": "0",
      "期末持股数": "0",
      "间接持股数": "",
      "从公司获得年度报酬总额": "120000",
      "补贴津贴": "120000",
      "变动原因说明": "",
      "是否在股东或关联单位领取报酬津贴": "否",
      "在任与否": "是"
    },
    {
      "领导人姓名": "郑忠良",
      "职位描述": "独立董事",
      "期初持股数": "0",
      "期末持股数": "0",
      "间接持股数": "",
      "从公司获得年度报酬总额": "70500",
      "补贴津贴": "70500",
      "变动原因说明": "",
      "是否在股东或关联单位领取报酬津贴": "否",
      "在任与否": "是"
    },
    {
      "领导人姓名": "陈瑞强",
      "职位描述": "党委委员、副总经理",
      "期初持股数": "677900",
      "期末持股数": "677900",
      "间接持股数": "",
      "从公司获得年度报酬总额": "1144300",
      "补贴津贴": "",
      "变动原因说明": "",
      "是否在股东或关联单位领取报酬津贴": "否",
      "在任与否": "是"
    },
    {
      "领导人姓名": "张坤",
      "职位描述": "副总经理",
      "期初持股数": "931750",
      "期末持股数": "931750",
      "间接持股数": "",
      "从公司获得年度报酬总额": "1300300",
      "补贴津贴": "",
      "变动原因说明": "",
      "是否在股东或关联单位领取报酬津贴": "否",
      "在任与否": "是"
    },
    {
      "领导人姓名": "陆小中",
      "职位描述": "副总经理",
      "期初持股数": "0",
      "期末持股数": "0",
      "间接持股数": "",
      "从公司获得年度报酬总额": "1193600",
      "补贴津贴": "",
      "变动原因说明": "",
      "是否在股东或关联单位领取报酬津贴": "否",
      "在任与否": "是"
    },
    {
      "领导人姓名": "孙武",
      "职位描述": "董事、常务副总经理、财务负责人",
      "期初持股数": "0",
      "期末持股数": "0",
      "间接持股数": "",
      "从公司获得年度报酬总额": "646000",
      "补贴津贴": "",
      "变动原因说明": "",
      "是否在股东或关联单位领取报酬津贴": "否",
      "在任与否": "否"
    },
    {
      "领导人姓名": "陈娟",
      "职位描述": "董事",
      "期初持股数": "0",
      "期末持股数": "0",
      "间接持股数": "",
      "从公司获得年度报酬总额": "0",
      "补贴津贴": "",
      "变动原因说明": "",
      "是否在股东或关联单位领取报酬津贴": "是",
      "在任与否": "否"
    },
    {
      "领导人姓名": "姚晨",
      "职位描述": "董事",
      "期初持股数": "8095614",
      "期末持股数": "7952614",
      "间接持股数": "",
      "从公司获得年度报酬总额": "25000",
      "补贴津贴": "",
      "变动原因说明": "本期减持股份数量143000",
      "是否在股东或关联单位领取报酬津贴": "是",
      "在任与否": "否"
    },
    {
      "领导人姓名": "王生田",
      "职位描述": "独立董事",
      "期初持股数": "0",
      "期末持股数": "0",
      "间接持股数": "",
      "从公司获得年度报酬总额": "40000",
      "补贴津贴": "40000",
      "变动原因说明": "",
      "是否在股东或关联单位领取报酬津贴": "否",
      "在任与否": "否"
    }
  ]
}

=== 003001-2026-04-21-中岩大地-2025年年度报告.pdf ===
{
  "Leader_Salary_data": {
    "实际所得报酬总额起始": "",
    "实际所得报酬总额截止": "",
    "实际所得报酬总额涉及人数": ""
  },
  "Leader_Hold_data": [
    {
      "领导人姓名": "王立建",
      "职位描述": "董事长",
      "期初持股数": "34504227",
      "期末持股数": "43522456",
      "间接持股数": "",
      "从公司获得年度报酬总额": "417800",
      "补贴津贴": "",
      "变动原因说明": "减持、回购股份及2024年年度权益分派",
      "是否在股东或关联单位领取报酬津贴": "否",
      "在任与否": "是"
    },
    {
      "领导人姓名": "吴剑波",
      "职位描述": "副董事长",
      "期初持股数": "14438260",
      "期末持股数": "20203128",
      "间接持股数": "",
      "从公司获得年度报酬总额": "293400",
      "补贴津贴": "",
      "变动原因说明": "2024年年度权益分派",
      "是否在股东或关联单位领取报酬津贴": "否",
      "在任与否": "是"
    },
    {
      "领导人姓名": "武思宇",
      "职位描述": "董事、总经理",
      "期初持股数": "11642548",
      "期末持股数": "16291152",
      "间接持股数": "",
      "从公司获得年度报酬总额": "338900",
      "补贴津贴": "",
      "变动原因说明": "2024年年度权益分派",
      "是否在股东或关联单位领取报酬津贴": "否",
      "在任与否": "是"
    },
    {
      "领导人姓名": "柳建国",
      "职位描述": "董事、副总经理",
      "期初持股数": "1698185",
      "期末持股数": "2376231",
      "间接持股数": "",
      "从公司获得年度报酬总额": "234000",
      "补贴津贴": "",
      "变动原因说明": "2024年年度权益分派",
      "是否在股东或关联单位领取报酬津贴": "否",
      "在任与否": "否"
    },
    {
      "领导人姓名": "周建和",
      "职位描述": "董事",
      "期初持股数": "0",
      "期末持股数": "0",
      "间接持股数": "",
      "从公司获得年度报酬总额": "55600",
      "补贴津贴": "",
      "变动原因说明": "",
      "是否在股东或关联单位领取报酬津贴": "否",
      "在任与否": "否"
    },
    {
      "领导人姓名": "刘光磊",
      "职位描述": "副总经理",
      "期初持股数": "1293165",
      "期末持股数": "1809496",
      "间接持股数": "",
      "从公司获得年度报酬总额": "143500",
      "补贴津贴": "",
      "变动原因说明": "2024年年度权益分派",
      "是否在股东或关联单位领取报酬津贴": "否",
      "在任与否": "否"
    },
    {
      "领导人姓名": "刘艳",
      "职位描述": "董事会秘书",
      "期初持股数": "222317",
      "期末持股数": "201693",
      "间接持股数": "",
      "从公司获得年度报酬总额": "230300",
      "补贴津贴": "",
      "变动原因说明": "减持、2024年年度权益分派及回购注销2021年限制性股票",
      "是否在股东或关联单位领取报酬津贴": "否",
      "在任与否": "否"
    },
    {
      "领导人姓名": "牛辉",
      "职位描述": "董事、副总经理",
      "期初持股数": "165896",
      "期末持股数": "106184",
      "间接持股数": "",
      "从公司获得年度报酬总额": "309500",
      "补贴津贴": "",
      "变动原因说明": "减持、2024年年度权益分派及回购注销2021年限制性股票",
      "是否在股东或关联单位领取报酬津贴": "否",
      "在任与否": "是"
    },
    {
      "领导人姓名": "康景文",
      "职位描述": "副总经理",
      "期初持股数": "0",
      "期末持股数": "0",
      "间接持股数": "",
      "从公司获得年度报酬总额": "205800",
      "补贴津贴": "",
      "变动原因说明": "",
      "是否在股东或关联单位领取报酬津贴": "否",
      "在任与否": "是"
    },
    {
      "领导人姓名": "牛朋飞",
      "职位描述": "董事会秘书",
      "期初持股数": "0",
      "期末持股数": "0",
      "间接持股数": "",
      "从公司获得年度报酬总额": "72100",
      "补贴津贴": "",
      "变动原因说明": "",
      "是否在股东或关联单位领取报酬津贴": "否",
      "在任与否": "是"
    },
    {
      "领导人姓名": "陈涛",
      "职位描述": "独立董事",
      "期初持股数": "0",
      "期末持股数": "0",
      "间接持股数": "",
      "从公司获得年度报酬总额": "83300",
      "补贴津贴": "",
      "变动原因说明": "",
      "是否在股东或关联单位领取报酬津贴": "否",
      "在任与否": "否"
    },
    {
      "领导人姓名": "张会娟",
      "职位描述": "财务总监",
      "期初持股数": "49500",
      "期末持股数": "30784",
      "间接持股数": "",
      "从公司获得年度报酬总额": "317900",
      "补贴津贴": "",
      "变动原因说明": "2024年年度权益分派及回购注销2021年限制性股票",
      "是否在股东或关联单位领取报酬津贴": "否",
      "在任与否": "是"
    },
    {
      "领导人姓名": "申剑光",
      "职位描述": "独立董事",
      "期初持股数": "0",
      "期末持股数": "5317",
      "间接持股数": "",
      "从公司获得年度报酬总额": "120000",
      "补贴津贴": "120000",
      "变动原因说明": "二级市场购买及2024年年度权益分派",
      "是否在股东或关联单位领取报酬津贴": "否",
      "在任与否": "是"
    },
    {
      "领导人姓名": "曾辉耀",
      "职位描述": "独立董事",
      "期初持股数": "0",
      "期末持股数": "0",
      "间接持股数": "",
      "从公司获得年度报酬总额": "83300",
      "补贴津贴": "",
      "变动原因说明": "",
      "是否在股东或关联单位领取报酬津贴": "否",
      "在任与否": "否"
    },
    {
      "领导人姓名": "吴嘉希",
      "职位描述": "职工代表董事、副总经理",
      "期初持股数": "0",
      "期末持股数": "0",
      "间接持股数": "",
      "从公司获得年度报酬总额": "388100",
      "补贴津贴": "",
      "变动原因说明": "回购注销2021年限制性股票",
      "是否在股东或关联单位领取报酬津贴": "否",
      "在任与否": "是"
    },
    {
      "领导人姓名": "高强",
      "职位描述": "独立董事",
      "期初持股数": "0",
      "期末持股数": "0",
      "间接持股数": "",
      "从公司获得年度报酬总额": "0",
      "补贴津贴": "",
      "变动原因说明": "",
      "是否在股东或关联单位领取报酬津贴": "否",
      "在任与否": "是"
    },
    {
      "领导人姓名": "姚立杰",
      "职位描述": "独立董事",
      "期初持股数": "0",
      "期末持股数": "0",
      "间接持股数": "",
      "从公司获得年度报酬总额": "37000",
      "补贴津贴": "",
      "变动原因说明": "",
      "是否在股东或关联单位领取报酬津贴": "否",
      "在任与否": "是"
    }
  ]
}

=== 300235-2026-04-21-方直科技-2025年年度报告.pdf ===
{
  "Leader_Salary_data": {
    "实际所得报酬总额起始": "",
    "实际所得报酬总额截止": "",
    "实际所得报酬总额涉及人数": ""
  },
  "Leader_Hold_data": [
    {
      "领导人姓名": "黄元忠",
      "职位描述": "董事长",
      "期初持股数": "37032935",
      "期末持股数": "37032935",
      "间接持股数": "",
      "从公司获得年度报酬总额": "780000",
      "补贴津贴": "",
      "变动原因说明": "",
      "是否在股东或关联单位领取报酬津贴": "否",
      "在任与否": "是"
    },
    {
      "领导人姓名": "陈克让",
      "职位描述": "董事",
      "期初持股数": "26277717",
      "期末持股数": "24157967",
      "间接持股数": "",
      "从公司获得年度报酬总额": "321000",
      "补贴津贴": "",
      "变动原因说明": "以集中竞价方式减持股份及增持股份",
      "是否在股东或关联单位领取报酬津贴": "否",
      "在任与否": "是"
    },
    {
      "领导人姓名": "张文凯",
      "职位描述": "董事、总经理",
      "期初持股数": "1505807",
      "期末持股数": "1405807",
      "间接持股数": "",
      "从公司获得年度报酬总额": "612000",
      "补贴津贴": "",
      "变动原因说明": "以集中竞价方式减持股份",
      "是否在股东或关联单位领取报酬津贴": "否",
      "在任与否": "是"
    },
    {
      "领导人姓名": "乔东斌",
      "职位描述": "董事",
      "期初持股数": "",
      "期末持股数": "",
      "间接持股数": "",
      "从公司获得年度报酬总额": "60000",
      "补贴津贴": "",
      "变动原因说明": "",
      "是否在股东或关联单位领取报酬津贴": "是",
      "在任与否": "是"
    },
    {
      "领导人姓名": "傅冠强",
      "职位描述": "独立董事",
      "期初持股数": "",
      "期末持股数": "",
      "间接持股数": "",
      "从公司获得年度报酬总额": "70000",
      "补贴津贴": "",
      "变动原因说明": "",
      "是否在股东或关联单位领取报酬津贴": "否",
      "在任与否": "是"
    },
    {
      "领导人姓名": "王翔宇",
      "职位描述": "独立董事",
      "期初持股数": "",
      "期末持股数": "",
      "间接持股数": "",
      "从公司获得年度报酬总额": "70000",
      "补贴津贴": "",
      "变动原因说明": "",
      "是否在股东或关联单位领取报酬津贴": "是",
      "在任与否": "是"
    },
    {
      "领导人姓名": "邬克强",
      "职位描述": "独立董事",
      "期初持股数": "",
      "期末持股数": "",
      "间接持股数": "",
      "从公司获得年度报酬总额": "40800",
      "补贴津贴": "",
      "变动原因说明": "",
      "是否在股东或关联单位领取报酬津贴": "否",
      "在任与否": "是"
    },
    {
      "领导人姓名": "杨茹",
      "职位描述": "独立董事",
      "期初持股数": "",
      "期末持股数": "",
      "间接持股数": "",
      "从公司获得年度报酬总额": "29200",
      "补贴津贴": "",
      "变动原因说明": "",
      "是否在股东或关联单位领取报酬津贴": "否",
      "在任与否": "否"
    },
    {
      "领导人姓名": "李枫",
      "职位描述": "副总经理、董事、董事会秘书",
      "期初持股数": "",
      "期末持股数": "",
      "间接持股数": "",
      "从公司获得年度报酬总额": "536000",
      "补贴津贴": "",
      "变动原因说明": "",
      "是否在股东或关联单位领取报酬津贴": "否",
      "在任与否": "是"
    },
    {
      "领导人姓名": "卢庆华",
      "职位描述": "副总经理、技术总监",
      "期初持股数": "",
      "期末持股数": "",
      "间接持股数": "",
      "从公司获得年度报酬总额": "600000",
      "补贴津贴": "",
      "变动原因说明": "",
      "是否在股东或关联单位领取报酬津贴": "否",
      "在任与否": "是"
    },
    {
      "领导人姓名": "贺林英",
      "职位描述": "副总经理、财务总监",
      "期初持股数": "",
      "期末持股数": "",
      "间接持股数": "",
      "从公司获得年度报酬总额": "403000",
      "补贴津贴": "",
      "变动原因说明": "",
      "是否在股东或关联单位领取报酬津贴": "否",
      "在任与否": "是"
    }
  ]
}

=== 300203-2026-04-21-聚光科技-2025年年度报告.pdf ===
{
  "Leader_Salary_data": {
    "实际所得报酬总额起始": "",
    "实际所得报酬总额截止": "",
    "实际所得报酬总额涉及人数": ""
  },
  "Leader_Hold_data": [
    {
      "领导人姓名": "顾海涛",
      "职位描述": "董事长",
      "期初持股数": "42100",
      "期末持股数": "42100",
      "间接持股数": "",
      "从公司获得年度报酬总额": "1857100",
      "补贴津贴": "",
      "变动原因说明": "",
      "是否在股东或关联单位领取报酬津贴": "否",
      "在任与否": "是"
    },
    {
      "领导人姓名": "韩双来",
      "职位描述": "董事、总经理",
      "期初持股数": "100000",
      "期末持股数": "100000",
      "间接持股数": "",
      "从公司获得年度报酬总额": "1896800",
      "补贴津贴": "",
      "变动原因说明": "",
      "是否在股东或关联单位领取报酬津贴": "否",
      "在任与否": "是"
    },
    {
      "领导人姓名": "刘维屏",
      "职位描述": "独立董事",
      "期初持股数": "",
      "期末持股数": "",
      "间接持股数": "",
      "从公司获得年度报酬总额": "44200",
      "补贴津贴": "",
      "变动原因说明": "",
      "是否在股东或关联单位领取报酬津贴": "否",
      "在任与否": "否"
    },
    {
      "领导人姓名": "陈伟华",
      "职位描述": "独立董事",
      "期初持股数": "",
      "期末持股数": "",
      "间接持股数": "",
      "从公司获得年度报酬总额": "120000",
      "补贴津贴": "",
      "变动原因说明": "",
      "是否在股东或关联单位领取报酬津贴": "否",
      "在任与否": "是"
    },
    {
      "领导人姓名": "刘菁",
      "职位描述": "独立董事",
      "期初持股数": "",
      "期末持股数": "",
      "间接持股数": "",
      "从公司获得年度报酬总额": "120000",
      "补贴津贴": "",
      "变动原因说明": "",
      "是否在股东或关联单位领取报酬津贴": "否",
      "在任与否": "是"
    },
    {
      "领导人姓名": "刘向东",
      "职位描述": "独立董事",
      "期初持股数": "",
      "期末持股数": "",
      "间接持股数": "",
      "从公司获得年度报酬总额": "75800",
      "补贴津贴": "",
      "变动原因说明": "",
      "是否在股东或关联单位领取报酬津贴": "否",
      "在任与否": "是"
    },
    {
      "领导人姓名": "赵玲",
      "职位描述": "职工代表董事",
      "期初持股数": "",
      "期末持股数": "",
      "间接持股数": "",
      "从公司获得年度报酬总额": "846800",
      "补贴津贴": "",
      "变动原因说明": "",
      "是否在股东或关联单位领取报酬津贴": "否",
      "在任与否": "是"
    },
    {
      "领导人姓名": "虞辉",
      "职位描述": "财务总监",
      "期初持股数": "100000",
      "期末持股数": "100000",
      "间接持股数": "",
      "从公司获得年度报酬总额": "1058400",
      "补贴津贴": "",
      "变动原因说明": "",
      "是否在股东或关联单位领取报酬津贴": "否",
      "在任与否": "是"
    },
    {
      "领导人姓名": "田昆仑",
      "职位描述": "董事会秘书",
      "期初持股数": "180000",
      "期末持股数": "180000",
      "间接持股数": "",
      "从公司获得年度报酬总额": "820800",
      "补贴津贴": "",
      "变动原因说明": "",
      "是否在股东或关联单位领取报酬津贴": "否",
      "在任与否": "是"
    },
    {
      "领导人姓名": "韦俊峥",
      "职位描述": "监事",
      "期初持股数": "",
      "期末持股数": "",
      "间接持股数": "",
      "从公司获得年度报酬总额": "774800",
      "补贴津贴": "",
      "变动原因说明": "",
      "是否在股东或关联单位领取报酬津贴": "否",
      "在任与否": "否"
    },
    {
      "领导人姓名": "程婷婷",
      "职位描述": "监事",
      "期初持股数": "",
      "期末持股数": "",
      "间接持股数": "",
      "从公司获得年度报酬总额": "566300",
      "补贴津贴": "",
      "变动原因说明": "",
      "是否在股东或关联单位领取报酬津贴": "否",
      "在任与否": "否"
    }
  ]
}

=== 300145-2026-04-21-南方泵业-2025年年度报告.pdf ===
{
  "Leader_Salary_data": {
    "实际所得报酬总额起始": "",
    "实际所得报酬总额截止": "",
    "实际所得报酬总额涉及人数": ""
  },
  "Leader_Hold_data": [
    {
      "领导人姓名": "杭军",
      "职位描述": "董事长",
      "期初持股数": "0",
      "期末持股数": "0",
      "间接持股数": "",
      "从公司获得年度报酬总额": "0",
      "补贴津贴": "",
      "变动原因说明": "",
      "是否在股东或关联单位领取报酬津贴": "是",
      "在任与否": "是"
    },
    {
      "领导人姓名": "沈海军",
      "职位描述": "董事、总经理",
      "期初持股数": "980000",
      "期末持股数": "980000",
      "间接持股数": "",
      "从公司获得年度报酬总额": "912200",
      "补贴津贴": "",
      "变动原因说明": "",
      "是否在股东或关联单位领取报酬津贴": "否",
      "在任与否": "是"
    },
    {
      "领导人姓名": "王庆心",
      "职位描述": "董事、副总经理",
      "期初持股数": "680000",
      "期末持股数": "680000",
      "间接持股数": "",
      "从公司获得年度报酬总额": "592600",
      "补贴津贴": "",
      "变动原因说明": "",
      "是否在股东或关联单位领取报酬津贴": "否",
      "在任与否": "是"
    },
    {
      "领导人姓名": "马海华",
      "职位描述": "董事",
      "期初持股数": "0",
      "期末持股数": "0",
      "间接持股数": "",
      "从公司获得年度报酬总额": "0",
      "补贴津贴": "",
      "变动原因说明": "",
      "是否在股东或关联单位领取报酬津贴": "是",
      "在任与否": "是"
    },
    {
      "领导人姓名": "冷奇",
      "职位描述": "董事",
      "期初持股数": "0",
      "期末持股数": "0",
      "间接持股数": "",
      "从公司获得年度报酬总额": "0",
      "补贴津贴": "",
      "变动原因说明": "",
      "是否在股东或关联单位领取报酬津贴": "是",
      "在任与否": "是"
    },
    {
      "领导人姓名": "姚建堂",
      "职位描述": "董事、职工代表董事",
      "期初持股数": "220392",
      "期末持股数": "220392",
      "间接持股数": "",
      "从公司获得年度报酬总额": "709300",
      "补贴津贴": "",
      "变动原因说明": "",
      "是否在股东或关联单位领取报酬津贴": "否",
      "在任与否": "是"
    },
    {
      "领导人姓名": "李茜",
      "职位描述": "独立董事",
      "期初持股数": "0",
      "期末持股数": "0",
      "间接持股数": "",
      "从公司获得年度报酬总额": "95000",
      "补贴津贴": "",
      "变动原因说明": "",
      "是否在股东或关联单位领取报酬津贴": "否",
      "在任与否": "是"
    },
    {
      "领导人姓名": "张方华",
      "职位描述": "独立董事",
      "期初持股数": "0",
      "期末持股数": "0",
      "间接持股数": "",
      "从公司获得年度报酬总额": "100000",
      "补贴津贴": "",
      "变动原因说明": "",
      "是否在股东或关联单位领取报酬津贴": "否",
      "在任与否": "是"
    },
    {
      "领导人姓名": "李明义",
      "职位描述": "独立董事",
      "期初持股数": "0",
      "期末持股数": "0",
      "间接持股数": "",
      "从公司获得年度报酬总额": "100000",
      "补贴津贴": "",
      "变动原因说明": "",
      "是否在股东或关联单位领取报酬津贴": "否",
      "在任与否": "是"
    },
    {
      "领导人姓名": "骆竞",
      "职位描述": "独立董事",
      "期初持股数": "0",
      "期末持股数": "0",
      "间接持股数": "",
      "从公司获得年度报酬总额": "5000",
      "补贴津贴": "",
      "变动原因说明": "",
      "是否在股东或关联单位领取报酬津贴": "否",
      "在任与否": "否"
    },
    {
      "领导人姓名": "白凤龙",
      "职位描述": "副总经理",
      "期初持股数": "0",
      "期末持股数": "0",
      "间接持股数": "",
      "从公司获得年度报酬总额": "621200",
      "补贴津贴": "",
      "变动原因说明": "",
      "是否在股东或关联单位领取报酬津贴": "否",
      "在任与否": "是"
    },
    {
      "领导人姓名": "徐金磊",
      "职位描述": "董事会秘书、副总经理",
      "期初持股数": "680000",
      "期末持股数": "680000",
      "间接持股数": "",
      "从公司获得年度报酬总额": "669300",
      "补贴津贴": "",
      "变动原因说明": "",
      "是否在股东或关联单位领取报酬津贴": "否",
      "在任与否": "是"
    },
    {
      "领导人姓名": "陈锐",
      "职位描述": "副总经理",
      "期初持股数": "420000",
      "期末持股数": "420000",
      "间接持股数": "",
      "从公司获得年度报酬总额": "582600",
      "补贴津贴": "",
      "变动原因说明": "",
      "是否在股东或关联单位领取报酬津贴": "否",
      "在任与否": "是"
    },
    {
      "领导人姓名": "杨丽萍",
      "职位描述": "财务负责人",
      "期初持股数": "200000",
      "期末持股数": "200000",
      "间接持股数": "",
      "从公司获得年度报酬总额": "679300",
      "补贴津贴": "",
      "变动原因说明": "",
      "是否在股东或关联单位领取报酬津贴": "否",
      "在任与否": "是"
    }
  ]
}

=== 300158-2026-04-21-振东制药-2025年年度报告.pdf ===
{
  "Leader_Salary_data": {
    "实际所得报酬总额起始": "",
    "实际所得报酬总额截止": "",
    "实际所得报酬总额涉及人数": ""
  },
  "Leader_Hold_data": [
    {
      "领导人姓名": "李昆",
      "职位描述": "董事长",
      "期初持股数": "",
      "期末持股数": "",
      "间接持股数": "",
      "从公司获得年度报酬总额": "709500",
      "补贴津贴": "",
      "变动原因说明": "",
      "是否在股东或关联单位领取报酬津贴": "否",
      "在任与否": "是"
    },
    {
      "领导人姓名": "秦雪梅",
      "职位描述": "独立董事",
      "期初持股数": "",
      "期末持股数": "",
      "间接持股数": "",
      "从公司获得年度报酬总额": "83300",
      "补贴津贴": "83300",
      "变动原因说明": "",
      "是否在股东或关联单位领取报酬津贴": "否",
      "在任与否": "是"
    },
    {
      "领导人姓名": "靳黎娜",
      "职位描述": "独立董事",
      "期初持股数": "",
      "期末持股数": "",
      "间接持股数": "",
      "从公司获得年度报酬总额": "83300",
      "补贴津贴": "83300",
      "变动原因说明": "",
      "是否在股东或关联单位领取报酬津贴": "否",
      "在任与否": "是"
    },
    {
      "领导人姓名": "吕万良",
      "职位描述": "独立董事",
      "期初持股数": "",
      "期末持股数": "",
      "间接持股数": "",
      "从公司获得年度报酬总额": "83300",
      "补贴津贴": "83300",
      "变动原因说明": "",
      "是否在股东或关联单位领取报酬津贴": "否",
      "在任与否": "是"
    },
    {
      "领导人姓名": "王智民",
      "职位描述": "董事",
      "期初持股数": "",
      "期末持股数": "",
      "间接持股数": "",
      "从公司获得年度报酬总额": "83300",
      "补贴津贴": "",
      "变动原因说明": "",
      "是否在股东或关联单位领取报酬津贴": "否",
      "在任与否": "是"
    },
    {
      "领导人姓名": "李静",
      "职位描述": "董事",
      "期初持股数": "",
      "期末持股数": "",
      "间接持股数": "",
      "从公司获得年度报酬总额": "530800",
      "补贴津贴": "",
      "变动原因说明": "",
      "是否在股东或关联单位领取报酬津贴": "否",
      "在任与否": "是"
    },
    {
      "领导人姓名": "艾家文",
      "职位描述": "董事",
      "期初持股数": "",
      "期末持股数": "",
      "间接持股数": "",
      "从公司获得年度报酬总额": "83300",
      "补贴津贴": "",
      "变动原因说明": "",
      "是否在股东或关联单位领取报酬津贴": "否",
      "在任与否": "是"
    },
    {
      "领导人姓名": "王旭峰",
      "职位描述": "董事、副总裁",
      "期初持股数": "",
      "期末持股数": "",
      "间接持股数": "",
      "从公司获得年度报酬总额": "685200",
      "补贴津贴": "",
      "变动原因说明": "",
      "是否在股东或关联单位领取报酬津贴": "否",
      "在任与否": "是"
    },
    {
      "领导人姓名": "雷振宏",
      "职位描述": "职工董事、监事会主席",
      "期初持股数": "",
      "期末持股数": "",
      "间接持股数": "",
      "从公司获得年度报酬总额": "358800",
      "补贴津贴": "",
      "变动原因说明": "",
      "是否在股东或关联单位领取报酬津贴": "否",
      "在任与否": "是"
    },
    {
      "领导人姓名": "王锐",
      "职位描述": "总裁",
      "期初持股数": "",
      "期末持股数": "",
      "间接持股数": "",
      "从公司获得年度报酬总额": "0",
      "补贴津贴": "",
      "变动原因说明": "",
      "是否在股东或关联单位领取报酬津贴": "",
      "在任与否": "是"
    },
    {
      "领导人姓名": "游蓉丽",
      "职位描述": "研发副总裁",
      "期初持股数": "50200",
      "期末持股数": "50200",
      "间接持股数": "",
      "从公司获得年度报酬总额": "625000",
      "补贴津贴": "",
      "变动原因说明": "",
      "是否在股东或关联单位领取报酬津贴": "否",
      "在任与否": "是"
    },
    {
      "领导人姓名": "詹建勇",
      "职位描述": "财务总监",
      "期初持股数": "",
      "期末持股数": "",
      "间接持股数": "",
      "从公司获得年度报酬总额": "405000",
      "补贴津贴": "",
      "变动原因说明": "",
      "是否在股东或关联单位领取报酬津贴": "否",
      "在任与否": "是"
    },
    {
      "领导人姓名": "杨连民",
      "职位描述": "董事、总裁",
      "期初持股数": "",
      "期末持股数": "",
      "间接持股数": "",
      "从公司获得年度报酬总额": "665500",
      "补贴津贴": "",
      "变动原因说明": "",
      "是否在股东或关联单位领取报酬津贴": "否",
      "在任与否": "否"
    },
    {
      "领导人姓名": "金志祥",
      "职位描述": "监事",
      "期初持股数": "771952",
      "期末持股数": "771952",
      "间接持股数": "",
      "从公司获得年度报酬总额": "0",
      "补贴津贴": "",
      "变动原因说明": "",
      "是否在股东或关联单位领取报酬津贴": "",
      "在任与否": "否"
    },
    {
      "领导人姓名": "李莎莎",
      "职位描述": "监事",
      "期初持股数": "",
      "期末持股数": "",
      "间接持股数": "",
      "从公司获得年度报酬总额": "0",
      "补贴津贴": "",
      "变动原因说明": "",
      "是否在股东或关联单位领取报酬津贴": "",
      "在任与否": "否"
    },
    {
      "领导人姓名": "王哲宇",
      "职位描述": "副总裁、董秘",
      "期初持股数": "",
      "期末持股数": "",
      "间接持股数": "",
      "从公司获得年度报酬总额": "533400",
      "补贴津贴": "",
      "变动原因说明": "",
      "是否在股东或关联单位领取报酬津贴": "否",
      "在任与否": "否"
    },
    {
      "领导人姓名": "刘永森",
      "职位描述": "财务总监",
      "期初持股数": "",
      "期末持股数": "",
      "间接持股数": "",
      "从公司获得年度报酬总额": "113100",
      "补贴津贴": "",
      "变动原因说明": "",
      "是否在股东或关联单位领取报酬津贴": "否",
      "在任与否": "否"
    }
  ]
}

=== 300258-2026-04-21-精锻科技-2025年年度报告.pdf ===
{
  "Leader_Salary_data": {
    "实际所得报酬总额起始": "",
    "实际所得报酬总额截止": "",
    "实际所得报酬总额涉及人数": ""
  },
  "Leader_Hold_data": [
    {
      "领导人姓名": "夏汉关",
      "职位描述": "董事长、总经理",
      "期初持股数": "18083174",
      "期末持股数": "18083174",
      "间接持股数": "",
      "从公司获得年度报酬总额": "963200",
      "补贴津贴": "",
      "变动原因说明": "",
      "是否在股东或关联单位领取报酬津贴": "否",
      "在任与否": "是"
    },
    {
      "领导人姓名": "赵红军",
      "职位描述": "董事、副总经理",
      "期初持股数": "1023551",
      "期末持股数": "1023551",
      "间接持股数": "",
      "从公司获得年度报酬总额": "450600",
      "补贴津贴": "",
      "变动原因说明": "",
      "是否在股东或关联单位领取报酬津贴": "否",
      "在任与否": "是"
    },
    {
      "领导人姓名": "夏敏",
      "职位描述": "董事",
      "期初持股数": "",
      "期末持股数": "",
      "间接持股数": "",
      "从公司获得年度报酬总额": "504700",
      "补贴津贴": "",
      "变动原因说明": "",
      "是否在股东或关联单位领取报酬津贴": "是",
      "在任与否": "是"
    },
    {
      "领导人姓名": "郭民",
      "职位描述": "董事",
      "期初持股数": "",
      "期末持股数": "",
      "间接持股数": "",
      "从公司获得年度报酬总额": "0",
      "补贴津贴": "",
      "变动原因说明": "",
      "是否在股东或关联单位领取报酬津贴": "否",
      "在任与否": "是"
    },
    {
      "领导人姓名": "张金",
      "职位描述": "独立董事",
      "期初持股数": "",
      "期末持股数": "",
      "间接持股数": "",
      "从公司获得年度报酬总额": "60000",
      "补贴津贴": "",
      "变动原因说明": "",
      "是否在股东或关联单位领取报酬津贴": "否",
      "在任与否": "是"
    },
    {
      "领导人姓名": "汤文成",
      "职位描述": "独立董事",
      "期初持股数": "",
      "期末持股数": "",
      "间接持股数": "",
      "从公司获得年度报酬总额": "60000",
      "补贴津贴": "",
      "变动原因说明": "",
      "是否在股东或关联单位领取报酬津贴": "否",
      "在任与否": "是"
    },
    {
      "领导人姓名": "秦霞",
      "职位描述": "独立董事",
      "期初持股数": "",
      "期末持股数": "",
      "间接持股数": "",
      "从公司获得年度报酬总额": "60000",
      "补贴津贴": "",
      "变动原因说明": "",
      "是否在股东或关联单位领取报酬津贴": "否",
      "在任与否": "是"
    },
    {
      "领导人姓名": "董义",
      "职位描述": "董事会秘书、副总经理",
      "期初持股数": "1098750",
      "期末持股数": "1098750",
      "间接持股数": "",
      "从公司获得年度报酬总额": "425400",
      "补贴津贴": "",
      "变动原因说明": "",
      "是否在股东或关联单位领取报酬津贴": "否",
      "在任与否": "是"
    },
    {
      "领导人姓名": "关鑫",
      "职位描述": "副总经理",
      "期初持股数": "",
      "期末持股数": "",
      "间接持股数": "",
      "从公司获得年度报酬总额": "1153000",
      "补贴津贴": "",
      "变动原因说明": "",
      "是否在股东或关联单位领取报酬津贴": "否",
      "在任与否": "是"
    },
    {
      "领导人姓名": "毛新宇",
      "职位描述": "财务总监",
      "期初持股数": "",
      "期末持股数": "",
      "间接持股数": "",
      "从公司获得年度报酬总额": "503400",
      "补贴津贴": "",
      "变动原因说明": "",
      "是否在股东或关联单位领取报酬津贴": "否",
      "在任与否": "是"
    },
    {
      "领导人姓名": "任德君",
      "职位描述": "监事会主席",
      "期初持股数": "",
      "期末持股数": "",
      "间接持股数": "",
      "从公司获得年度报酬总额": "34600",
      "补贴津贴": "",
      "变动原因说明": "",
      "是否在股东或关联单位领取报酬津贴": "否",
      "在任与否": "否"
    },
    {
      "领导人姓名": "赵军华",
      "职位描述": "监事",
      "期初持股数": "",
      "期末持股数": "1200",
      "间接持股数": "",
      "从公司获得年度报酬总额": "37700",
      "补贴津贴": "",
      "变动原因说明": "",
      "是否在股东或关联单位领取报酬津贴": "否",
      "在任与否": "否"
    },
    {
      "领导人姓名": "王小乾",
      "职位描述": "职工监事",
      "期初持股数": "1000",
      "期末持股数": "1000",
      "间接持股数": "",
      "从公司获得年度报酬总额": "32300",
      "补贴津贴": "",
      "变动原因说明": "",
      "是否在股东或关联单位领取报酬津贴": "否",
      "在任与否": "否"
    }
  ]
}

=== 300201-2026-04-21-海伦哲-2025年年度报告.pdf ===
{
  "Leader_Salary_data": {
    "实际所得报酬总额起始": "",
    "实际所得报酬总额截止": "",
    "实际所得报酬总额涉及人数": ""
  },
  "Leader_Hold_data": [
    {
      "领导人姓名": "丁波",
      "职位描述": "董事长",
      "期初持股数": "306700",
      "期末持股数": "786700",
      "间接持股数": "",
      "从公司获得年度报酬总额": "2306200",
      "补贴津贴": "",
      "变动原因说明": "第二类限制性股票归属",
      "是否在股东或关联单位领取报酬津贴": "否",
      "在任与否": "是"
    },
    {
      "领导人姓名": "高鹏",
      "职位描述": "副董事长",
      "期初持股数": "629700",
      "期末持股数": "917700",
      "间接持股数": "",
      "从公司获得年度报酬总额": "1004500",
      "补贴津贴": "",
      "变动原因说明": "第二类限制性股票归属",
      "是否在股东或关联单位领取报酬津贴": "否",
      "在任与否": "是"
    },
    {
      "领导人姓名": "窦立峰",
      "职位描述": "副董事长",
      "期初持股数": "0",
      "期末持股数": "0",
      "间接持股数": "",
      "从公司获得年度报酬总额": "178600",
      "补贴津贴": "",
      "变动原因说明": "",
      "是否在股东或关联单位领取报酬津贴": "否",
      "在任与否": "是"
    },
    {
      "领导人姓名": "尹亚平",
      "职位描述": "董事、总经理",
      "期初持股数": "582104",
      "期末持股数": "982104",
      "间接持股数": "",
      "从公司获得年度报酬总额": "2303400",
      "补贴津贴": "",
      "变动原因说明": "第二类限制性股票归属",
      "是否在股东或关联单位领取报酬津贴": "否",
      "在任与否": "是"
    },
    {
      "领导人姓名": "陈慧源",
      "职位描述": "董事、副总经理",
      "期初持股数": "513600",
      "期末持股数": "701600",
      "间接持股数": "",
      "从公司获得年度报酬总额": "1269100",
      "补贴津贴": "",
      "变动原因说明": "第二类限制性股票归属",
      "是否在股东或关联单位领取报酬津贴": "否",
      "在任与否": "是"
    },
    {
      "领导人姓名": "姜海雁",
      "职位描述": "董事",
      "期初持股数": "0",
      "期末持股数": "0",
      "间接持股数": "",
      "从公司获得年度报酬总额": "0",
      "补贴津贴": "",
      "变动原因说明": "",
      "是否在股东或关联单位领取报酬津贴": "否",
      "在任与否": "是"
    },
    {
      "领导人姓名": "吕民远",
      "职位描述": "独立董事",
      "期初持股数": "0",
      "期末持股数": "0",
      "间接持股数": "",
      "从公司获得年度报酬总额": "142900",
      "补贴津贴": "",
      "变动原因说明": "",
      "是否在股东或关联单位领取报酬津贴": "否",
      "在任与否": "是"
    },
    {
      "领导人姓名": "王春华",
      "职位描述": "独立董事",
      "期初持股数": "0",
      "期末持股数": "0",
      "间接持股数": "",
      "从公司获得年度报酬总额": "11900",
      "补贴津贴": "",
      "变动原因说明": "",
      "是否在股东或关联单位领取报酬津贴": "否",
      "在任与否": "否"
    },
    {
      "领导人姓名": "巴林静",
      "职位描述": "独立董事",
      "期初持股数": "",
      "期末持股数": "",
      "间接持股数": "",
      "从公司获得年度报酬总额": "134400",
      "补贴津贴": "",
      "变动原因说明": "",
      "是否在股东或关联单位领取报酬津贴": "否",
      "在任与否": "是"
    },
    {
      "领导人姓名": "格桑穷达",
      "职位描述": "独立董事",
      "期初持股数": "0",
      "期末持股数": "0",
      "间接持股数": "",
      "从公司获得年度报酬总额": "142900",
      "补贴津贴": "",
      "变动原因说明": "",
      "是否在股东或关联单位领取报酬津贴": "否",
      "在任与否": "是"
    },
    {
      "领导人姓名": "邓浩杰",
      "职位描述": "副总经理",
      "期初持股数": "468600",
      "期末持股数": "656600",
      "间接持股数": "",
      "从公司获得年度报酬总额": "1283300",
      "补贴津贴": "",
      "变动原因说明": "第二类限制性股票归属",
      "是否在股东或关联单位领取报酬津贴": "否",
      "在任与否": "是"
    },
    {
      "领导人姓名": "曹中华",
      "职位描述": "副总经理",
      "期初持股数": "369000",
      "期末持股数": "557000",
      "间接持股数": "",
      "从公司获得年度报酬总额": "1283100",
      "补贴津贴": "",
      "变动原因说明": "第二类限制性股票归属",
      "是否在股东或关联单位领取报酬津贴": "否",
      "在任与否": "是"
    },
    {
      "领导人姓名": "陈庆军",
      "职位描述": "副总经理",
      "期初持股数": "1186552",
      "期末持股数": "1374552",
      "间接持股数": "",
      "从公司获得年度报酬总额": "1265500",
      "补贴津贴": "",
      "变动原因说明": "第二类限制性股票归属",
      "是否在股东或关联单位领取报酬津贴": "否",
      "在任与否": "是"
    },
    {
      "领导人姓名": "谷峰",
      "职位描述": "财务总监",
      "期初持股数": "237800",
      "期末持股数": "425800",
      "间接持股数": "",
      "从公司获得年度报酬总额": "1250100",
      "补贴津贴": "",
      "变动原因说明": "第二类限制性股票归属",
      "是否在股东或关联单位领取报酬津贴": "否",
      "在任与否": "是"
    },
    {
      "领导人姓名": "张延波",
      "职位描述": "副总经理、董事会秘书",
      "期初持股数": "235000",
      "期末持股数": "423000",
      "间接持股数": "",
      "从公司获得年度报酬总额": "1229300",
      "补贴津贴": "",
      "变动原因说明": "第二类限制性股票归属",
      "是否在股东或关联单位领取报酬津贴": "否",
      "在任与否": "是"
    }
  ]
}

=== 300191-2026-04-21-潜能恒信-2025年年度报告.pdf ===
{
  "Leader_Salary_data": {
    "实际所得报酬总额起始": "",
    "实际所得报酬总额截止": "",
    "实际所得报酬总额涉及人数": ""
  },
  "Leader_Hold_data": [
    {
      "领导人姓名": "周锦明",
      "职位描述": "董事长、总经理",
      "期初持股数": "131740000",
      "期末持股数": "131740000",
      "间接持股数": "",
      "从公司获得年度报酬总额": "1166600",
      "补贴津贴": "",
      "变动原因说明": "",
      "是否在股东或关联单位领取报酬津贴": "否",
      "在任与否": "是"
    },
    {
      "领导人姓名": "贾承造",
      "职位描述": "董事",
      "期初持股数": "0",
      "期末持股数": "",
      "间接持股数": "",
      "从公司获得年度报酬总额": "120000",
      "补贴津贴": "",
      "变动原因说明": "",
      "是否在股东或关联单位领取报酬津贴": "否",
      "在任与否": "是"
    },
    {
      "领导人姓名": "陈永武",
      "职位描述": "董事",
      "期初持股数": "",
      "期末持股数": "",
      "间接持股数": "",
      "从公司获得年度报酬总额": "120000",
      "补贴津贴": "",
      "变动原因说明": "",
      "是否在股东或关联单位领取报酬津贴": "否",
      "在任与否": "是"
    },
    {
      "领导人姓名": "冯京海",
      "职位描述": "董事",
      "期初持股数": "",
      "期末持股数": "",
      "间接持股数": "",
      "从公司获得年度报酬总额": "255000",
      "补贴津贴": "",
      "变动原因说明": "",
      "是否在股东或关联单位领取报酬津贴": "否",
      "在任与否": "是"
    },
    {
      "领导人姓名": "杨树波",
      "职位描述": "独立董事",
      "期初持股数": "",
      "期末持股数": "",
      "间接持股数": "",
      "从公司获得年度报酬总额": "120000",
      "补贴津贴": "",
      "变动原因说明": "",
      "是否在股东或关联单位领取报酬津贴": "否",
      "在任与否": "是"
    },
    {
      "领导人姓名": "王月永",
      "职位描述": "独立董事",
      "期初持股数": "",
      "期末持股数": "",
      "间接持股数": "",
      "从公司获得年度报酬总额": "120000",
      "补贴津贴": "",
      "变动原因说明": "",
      "是否在股东或关联单位领取报酬津贴": "否",
      "在任与否": "是"
    },
    {
      "领导人姓名": "陈伟",
      "职位描述": "独立董事",
      "期初持股数": "",
      "期末持股数": "",
      "间接持股数": "",
      "从公司获得年度报酬总额": "116800",
      "补贴津贴": "",
      "变动原因说明": "",
      "是否在股东或关联单位领取报酬津贴": "否",
      "在任与否": "是"
    },
    {
      "领导人姓名": "张卉",
      "职位描述": "副总经理",
      "期初持股数": "",
      "期末持股数": "",
      "间接持股数": "",
      "从公司获得年度报酬总额": "704600",
      "补贴津贴": "",
      "变动原因说明": "",
      "是否在股东或关联单位领取报酬津贴": "否",
      "在任与否": "是"
    },
    {
      "领导人姓名": "于金星",
      "职位描述": "副总经理",
      "期初持股数": "",
      "期末持股数": "",
      "间接持股数": "",
      "从公司获得年度报酬总额": "790400",
      "补贴津贴": "",
      "变动原因说明": "",
      "是否在股东或关联单位领取报酬津贴": "否",
      "在任与否": "是"
    },
    {
      "领导人姓名": "于长华",
      "职位描述": "副总经理",
      "期初持股数": "",
      "期末持股数": "",
      "间接持股数": "",
      "从公司获得年度报酬总额": "770300",
      "补贴津贴": "",
      "变动原因说明": "",
      "是否在股东或关联单位领取报酬津贴": "否",
      "在任与否": "是"
    },
    {
      "领导人姓名": "侯伯楠",
      "职位描述": "副总经理",
      "期初持股数": "",
      "期末持股数": "",
      "间接持股数": "",
      "从公司获得年度报酬总额": "690300",
      "补贴津贴": "",
      "变动原因说明": "",
      "是否在股东或关联单位领取报酬津贴": "否",
      "在任与否": "是"
    },
    {
      "领导人姓名": "布艳会",
      "职位描述": "财务总监",
      "期初持股数": "",
      "期末持股数": "",
      "间接持股数": "",
      "从公司获得年度报酬总额": "698400",
      "补贴津贴": "",
      "变动原因说明": "",
      "是否在股东或关联单位领取报酬津贴": "否",
      "在任与否": "是"
    },
    {
      "领导人姓名": "吴丽琳",
      "职位描述": "董事会秘书",
      "期初持股数": "",
      "期末持股数": "",
      "间接持股数": "",
      "从公司获得年度报酬总额": "515400",
      "补贴津贴": "",
      "变动原因说明": "",
      "是否在股东或关联单位领取报酬津贴": "否",
      "在任与否": "是"
    },
    {
      "领导人姓名": "张然",
      "职位描述": "独立董事",
      "期初持股数": "",
      "期末持股数": "",
      "间接持股数": "",
      "从公司获得年度报酬总额": "3200",
      "补贴津贴": "",
      "变动原因说明": "",
      "是否在股东或关联单位领取报酬津贴": "否",
      "在任与否": "否"
    },
    {
      "领导人姓名": "鞠治学",
      "职位描述": "监事会主席",
      "期初持股数": "",
      "期末持股数": "",
      "间接持股数": "",
      "从公司获得年度报酬总额": "485900",
      "补贴津贴": "",
      "变动原因说明": "",
      "是否在股东或关联单位领取报酬津贴": "否",
      "在任与否": "否"
    },
    {
      "领导人姓名": "靳玲",
      "职位描述": "监事",
      "期初持股数": "",
      "期末持股数": "",
      "间接持股数": "",
      "从公司获得年度报酬总额": "237700",
      "补贴津贴": "",
      "变动原因说明": "",
      "是否在股东或关联单位领取报酬津贴": "否",
      "在任与否": "否"
    },
    {
      "领导人姓名": "胡晓坤",
      "职位描述": "监事",
      "期初持股数": "",
      "期末持股数": "",
      "间接持股数": "",
      "从公司获得年度报酬总额": "496600",
      "补贴津贴": "",
      "变动原因说明": "",
      "是否在股东或关联单位领取报酬津贴": "否",
      "在任与否": "否"
    },
    {
      "领导人姓名": "孟晓辉",
      "职位描述": "监事",
      "期初持股数": "",
      "期末持股数": "",
      "间接持股数": "",
      "从公司获得年度报酬总额": "2700",
      "补贴津贴": "",
      "变动原因说明": "",
      "是否在股东或关联单位领取报酬津贴": "否",
      "在任与否": "否"
    },
    {
      "领导人姓名": "张志坚",
      "职位描述": "董事会秘书",
      "期初持股数": "",
      "期末持股数": "",
      "间接持股数": "",
      "从公司获得年度报酬总额": "11800",
      "补贴津贴": "",
      "变动原因说明": "",
      "是否在股东或关联单位领取报酬津贴": "否",
      "在任与否": "否"
    }
  ]
}

=== 300435-2026-04-21-中泰股份-2025年年度报告.pdf ===
{
  "Leader_Salary_data": {
    "实际所得报酬总额起始": "",
    "实际所得报酬总额截止": "",
    "实际所得报酬总额涉及人数": ""
  },
  "Leader_Hold_data": [
    {
      "领导人姓名": "章有春",
      "职位描述": "董事长",
      "期初持股数": "",
      "期末持股数": "",
      "间接持股数": "",
      "从公司获得年度报酬总额": "1910400",
      "补贴津贴": "",
      "变动原因说明": "",
      "是否在股东或关联单位领取报酬津贴": "是",
      "在任与否": "是"
    },
    {
      "领导人姓名": "章有虎",
      "职位描述": "副董事长、总经理",
      "期初持股数": "21374482",
      "期末持股数": "21374482",
      "间接持股数": "",
      "从公司获得年度报酬总额": "1370400",
      "补贴津贴": "",
      "变动原因说明": "",
      "是否在股东或关联单位领取报酬津贴": "否",
      "在任与否": "是"
    },
    {
      "领导人姓名": "刘晓庆",
      "职位描述": "董事",
      "期初持股数": "30000",
      "期末持股数": "22500",
      "间接持股数": "",
      "从公司获得年度报酬总额": "573800",
      "补贴津贴": "",
      "变动原因说明": "减持",
      "是否在股东或关联单位领取报酬津贴": "否",
      "在任与否": "是"
    },
    {
      "领导人姓名": "俞富灿",
      "职位描述": "董事",
      "期初持股数": "146661",
      "期末持股数": "146661",
      "间接持股数": "",
      "从公司获得年度报酬总额": "586700",
      "补贴津贴": "",
      "变动原因说明": "",
      "是否在股东或关联单位领取报酬津贴": "否",
      "在任与否": "是"
    },
    {
      "领导人姓名": "黄平",
      "职位描述": "独立董事",
      "期初持股数": "",
      "期末持股数": "",
      "间接持股数": "",
      "从公司获得年度报酬总额": "72000",
      "补贴津贴": "",
      "变动原因说明": "",
      "是否在股东或关联单位领取报酬津贴": "否",
      "在任与否": "是"
    },
    {
      "领导人姓名": "袁少颖",
      "职位描述": "独立董事",
      "期初持股数": "",
      "期末持股数": "",
      "间接持股数": "",
      "从公司获得年度报酬总额": "72000",
      "补贴津贴": "",
      "变动原因说明": "",
      "是否在股东或关联单位领取报酬津贴": "否",
      "在任与否": "是"
    },
    {
      "领导人姓名": "林文胜",
      "职位描述": "独立董事",
      "期初持股数": "",
      "期末持股数": "",
      "间接持股数": "",
      "从公司获得年度报酬总额": "72000",
      "补贴津贴": "",
      "变动原因说明": "",
      "是否在股东或关联单位领取报酬津贴": "否",
      "在任与否": "是"
    },
    {
      "领导人姓名": "唐伟",
      "职位描述": "财务总监、董事、副总经理",
      "期初持股数": "",
      "期末持股数": "221500",
      "间接持股数": "",
      "从公司获得年度报酬总额": "809900",
      "补贴津贴": "",
      "变动原因说明": "减持",
      "是否在股东或关联单位领取报酬津贴": "否",
      "在任与否": "是"
    },
    {
      "领导人姓名": "周娟萍",
      "职位描述": "董事、董事会秘书",
      "期初持股数": "474336",
      "期末持股数": "414336",
      "间接持股数": "",
      "从公司获得年度报酬总额": "566400",
      "补贴津贴": "",
      "变动原因说明": "减持",
      "是否在股东或关联单位领取报酬津贴": "否",
      "在任与否": "是"
    }
  ]
}

=== 300515-2026-04-21-三德科技-2025年年度报告.pdf ===
{
  "Leader_Salary_data": {
    "实际所得报酬总额起始": "",
    "实际所得报酬总额截止": "",
    "实际所得报酬总额涉及人数": ""
  },
  "Leader_Hold_data": [
    {
      "领导人姓名": "朱先德",
      "职位描述": "董事长",
      "期初持股数": "623400",
      "期末持股数": "623400",
      "间接持股数": "",
      "从公司获得年度报酬总额": "1529500",
      "补贴津贴": "",
      "变动原因说明": "",
      "是否在股东或关联单位领取报酬津贴": "否",
      "在任与否": "是"
    },
    {
      "领导人姓名": "朱青",
      "职位描述": "董事、总经理",
      "期初持股数": "500000",
      "期末持股数": "500000",
      "间接持股数": "",
      "从公司获得年度报酬总额": "1134700",
      "补贴津贴": "",
      "变动原因说明": "",
      "是否在股东或关联单位领取报酬津贴": "否",
      "在任与否": "是"
    },
    {
      "领导人姓名": "周智勇",
      "职位描述": "副总经理、董事",
      "期初持股数": "3985000",
      "期末持股数": "3562200",
      "间接持股数": "",
      "从公司获得年度报酬总额": "745600",
      "补贴津贴": "",
      "变动原因说明": "减持",
      "是否在股东或关联单位领取报酬津贴": "否",
      "在任与否": "是"
    },
    {
      "领导人姓名": "何红渠",
      "职位描述": "独立董事",
      "期初持股数": "0",
      "期末持股数": "0",
      "间接持股数": "",
      "从公司获得年度报酬总额": "75000",
      "补贴津贴": "",
      "变动原因说明": "",
      "是否在股东或关联单位领取报酬津贴": "否",
      "在任与否": "是"
    },
    {
      "领导人姓名": "姚顺春",
      "职位描述": "独立董事",
      "期初持股数": "0",
      "期末持股数": "0",
      "间接持股数": "",
      "从公司获得年度报酬总额": "75000",
      "补贴津贴": "",
      "变动原因说明": "",
      "是否在股东或关联单位领取报酬津贴": "否",
      "在任与否": "是"
    },
    {
      "领导人姓名": "李顺诚",
      "职位描述": "独立董事",
      "期初持股数": "0",
      "期末持股数": "0",
      "间接持股数": "",
      "从公司获得年度报酬总额": "25000",
      "补贴津贴": "",
      "变动原因说明": "",
      "是否在股东或关联单位领取报酬津贴": "否",
      "在任与否": "是"
    },
    {
      "领导人姓名": "杨军",
      "职位描述": "职工代表董事",
      "期初持股数": "0",
      "期末持股数": "0",
      "间接持股数": "",
      "从公司获得年度报酬总额": "256700",
      "补贴津贴": "",
      "变动原因说明": "",
      "是否在股东或关联单位领取报酬津贴": "否",
      "在任与否": "是"
    },
    {
      "领导人姓名": "杨静",
      "职位描述": "副总经理",
      "期初持股数": "100000",
      "期末持股数": "100000",
      "间接持股数": "",
      "从公司获得年度报酬总额": "551800",
      "补贴津贴": "",
      "变动原因说明": "",
      "是否在股东或关联单位领取报酬津贴": "否",
      "在任与否": "是"
    },
    {
      "领导人姓名": "唐芳东",
      "职位描述": "副总经理、董事会秘书",
      "期初持股数": "0",
      "期末持股数": "0",
      "间接持股数": "",
      "从公司获得年度报酬总额": "522900",
      "补贴津贴": "",
      "变动原因说明": "",
      "是否在股东或关联单位领取报酬津贴": "否",
      "在任与否": "是"
    },
    {
      "领导人姓名": "肖锋华",
      "职位描述": "财务总监",
      "期初持股数": "101900",
      "期末持股数": "101900",
      "间接持股数": "",
      "从公司获得年度报酬总额": "546900",
      "补贴津贴": "",
      "变动原因说明": "",
      "是否在股东或关联单位领取报酬津贴": "否",
      "在任与否": "是"
    }
  ]
}

=== 300519-2026-04-21-新光药业-2025年年度报告.pdf ===
{
  "Leader_Salary_data": {
    "实际所得报酬总额起始": "",
    "实际所得报酬总额截止": "",
    "实际所得报酬总额涉及人数": ""
  },
  "Leader_Hold_data": [
    {
      "领导人姓名": "王岳钧",
      "职位描述": "董事长、总经理",
      "期初持股数": "61200000",
      "期末持股数": "61200000",
      "间接持股数": "",
      "从公司获得年度报酬总额": "468800",
      "补贴津贴": "",
      "变动原因说明": "无变动",
      "是否在股东或关联单位领取报酬津贴": "否",
      "在任与否": "是"
    },
    {
      "领导人姓名": "裘福寅",
      "职位描述": "董事、副总经理",
      "期初持股数": "",
      "期末持股数": "",
      "间接持股数": "",
      "从公司获得年度报酬总额": "318300",
      "补贴津贴": "",
      "变动原因说明": "",
      "是否在股东或关联单位领取报酬津贴": "否",
      "在任与否": "是"
    },
    {
      "领导人姓名": "蒋源洋",
      "职位描述": "董事、董事会秘书、副总经理",
      "期初持股数": "",
      "期末持股数": "",
      "间接持股数": "",
      "从公司获得年度报酬总额": "321700",
      "补贴津贴": "",
      "变动原因说明": "",
      "是否在股东或关联单位领取报酬津贴": "否",
      "在任与否": "是"
    },
    {
      "领导人姓名": "邢宾宾",
      "职位描述": "董事、财务总监",
      "期初持股数": "",
      "期末持股数": "",
      "间接持股数": "",
      "从公司获得年度报酬总额": "269700",
      "补贴津贴": "",
      "变动原因说明": "",
      "是否在股东或关联单位领取报酬津贴": "否",
      "在任与否": "是"
    },
    {
      "领导人姓名": "邢潇琳",
      "职位描述": "董事",
      "期初持股数": "",
      "期末持股数": "",
      "间接持股数": "",
      "从公司获得年度报酬总额": "196000",
      "补贴津贴": "",
      "变动原因说明": "",
      "是否在股东或关联单位领取报酬津贴": "否",
      "在任与否": "是"
    },
    {
      "领导人姓名": "马雨阳",
      "职位描述": "董事",
      "期初持股数": "",
      "期末持股数": "",
      "间接持股数": "",
      "从公司获得年度报酬总额": "411100",
      "补贴津贴": "",
      "变动原因说明": "",
      "是否在股东或关联单位领取报酬津贴": "否",
      "在任与否": "是"
    },
    {
      "领导人姓名": "蔡海静",
      "职位描述": "独立董事",
      "期初持股数": "",
      "期末持股数": "",
      "间接持股数": "",
      "从公司获得年度报酬总额": "96000",
      "补贴津贴": "",
      "变动原因说明": "",
      "是否在股东或关联单位领取报酬津贴": "否",
      "在任与否": "是"
    },
    {
      "领导人姓名": "吕圭源",
      "职位描述": "独立董事",
      "期初持股数": "",
      "期末持股数": "",
      "间接持股数": "",
      "从公司获得年度报酬总额": "96000",
      "补贴津贴": "",
      "变动原因说明": "",
      "是否在股东或关联单位领取报酬津贴": "否",
      "在任与否": "是"
    },
    {
      "领导人姓名": "单伟光",
      "职位描述": "独立董事",
      "期初持股数": "",
      "期末持股数": "",
      "间接持股数": "",
      "从公司获得年度报酬总额": "96000",
      "补贴津贴": "",
      "变动原因说明": "",
      "是否在股东或关联单位领取报酬津贴": "否",
      "在任与否": "是"
    }
  ]
}

=== 300319-2026-04-21-麦捷科技-2025年年度报告.pdf ===
{
  "Leader_Salary_data": {
    "实际所得报酬总额起始": "",
    "实际所得报酬总额截止": "",
    "实际所得报酬总额涉及人数": ""
  },
  "Leader_Hold_data": [
    {
      "领导人姓名": "李承",
      "职位描述": "董事长",
      "期初持股数": "",
      "期末持股数": "",
      "间接持股数": "",
      "从公司获得年度报酬总额": "0",
      "补贴津贴": "",
      "变动原因说明": "",
      "是否在股东或关联单位领取报酬津贴": "是",
      "在任与否": "是"
    },
    {
      "领导人姓名": "张美蓉",
      "职位描述": "董事、总经理",
      "期初持股数": "44089902",
      "期末持股数": "43029702",
      "间接持股数": "",
      "从公司获得年度报酬总额": "2787600",
      "补贴津贴": "",
      "变动原因说明": "2021年限制性股票激励计划对未达到解除限售条件的部分限制性股票进行回购注销",
      "是否在股东或关联单位领取报酬津贴": "否",
      "在任与否": "是"
    },
    {
      "领导人姓名": "居济民",
      "职位描述": "董事、副总经理、董事会秘书",
      "期初持股数": "237000",
      "期末持股数": "201000",
      "间接持股数": "",
      "从公司获得年度报酬总额": "1374200",
      "补贴津贴": "",
      "变动原因说明": "2021年限製性股票激励计划对未达到解除限售条件的部分限制性股票进行回购注销",
      "是否在股东或关联单位领取报酬津贴": "否",
      "在任与否": "是"
    },
    {
      "领导人姓名": "张照前",
      "职位描述": "董事、常务副总经理",
      "期初持股数": "2068793",
      "期末持股数": "1597693",
      "间接持股数": "",
      "从公司获得年度报酬总额": "2283000",
      "补贴津贴": "",
      "变动原因说明": "2021年限製性股票激励计划对未达到解除限售条件的部分限制性股票进行回购注销",
      "是否在股东或关联单位领取报酬津贴": "否",
      "在任与否": "是"
    },
    {
      "领导人姓名": "赵东平",
      "职位描述": "董事",
      "期初持股数": "",
      "期末持股数": "",
      "间接持股数": "",
      "从公司获得年度报酬总额": "0",
      "补贴津贴": "",
      "变动原因说明": "",
      "是否在股东或关联单位领取报酬津贴": "是",
      "在任与否": "是"
    },
    {
      "领导人姓名": "邓树娥",
      "职位描述": "董事",
      "期初持股数": "",
      "期末持股数": "",
      "间接持股数": "",
      "从公司获得年度报酬总额": "839900",
      "补贴津贴": "",
      "变动原因说明": "",
      "是否在股东或关联单位领取报酬津贴": "是",
      "在任与否": "是"
    },
    {
      "领导人姓名": "吴德军",
      "职位描述": "独立董事",
      "期初持股数": "",
      "期末持股数": "",
      "间接持股数": "",
      "从公司获得年度报酬总额": "70000",
      "补贴津贴": "",
      "变动原因说明": "",
      "是否在股东或关联单位领取报酬津贴": "否",
      "在任与否": "是"
    },
    {
      "领导人姓名": "张方亮",
      "职位描述": "独立董事",
      "期初持股数": "",
      "期末持股数": "",
      "间接持股数": "",
      "从公司获得年度报酬总额": "70000",
      "补贴津贴": "",
      "变动原因说明": "",
      "是否在股东或关联单位领取报酬津贴": "否",
      "在任与否": "是"
    },
    {
      "领导人姓名": "黄森",
      "职位描述": "独立董事",
      "期初持股数": "",
      "期末持股数": "",
      "间接持股数": "",
      "从公司获得年度报酬总额": "70000",
      "补贴津贴": "",
      "变动原因说明": "",
      "是否在股东或关联单位领取报酬津贴": "否",
      "在任与否": "是"
    },
    {
      "领导人姓名": "胡根昌",
      "职位描述": "副总经理",
      "期初持股数": "2872776",
      "期末持股数": "2836776",
      "间接持股数": "",
      "从公司获得年度报酬总额": "49900",
      "补贴津贴": "",
      "变动原因说明": "2021年限制性股票激励计划对未达到解除限售条件的部分限制性股票进行回购注销",
      "是否在股东或关联单位领取报酬津贴": "否",
      "在任与否": "否"
    },
    {
      "领导人姓名": "周新龙",
      "职位描述": "副总经理",
      "期初持股数": "237000",
      "期末持股数": "201000",
      "间接持股数": "",
      "从公司获得年度报酬总额": "754800",
      "补贴津贴": "",
      "变动原因说明": "2021年限製性股票激励计划对未达到解除限售条件的部分限制性股票进行回购注销",
      "是否在股东或关联单位领取报酬津贴": "否",
      "在任与否": "是"
    },
    {
      "领导人姓名": "梁启新",
      "职位描述": "副总经理、首席技术官",
      "期初持股数": "482468",
      "期末持股数": "299768",
      "间接持股数": "",
      "从公司获得年度报酬总额": "1347800",
      "补贴津贴": "",
      "变动原因说明": "2021年限制性股票激励计划对未达到解除限售条件的部分限制性股票进行回购注销",
      "是否在股东或关联单位领取报酬津贴": "否",
      "在任与否": "是"
    },
    {
      "领导人姓名": "唐素敏",
      "职位描述": "副总经理",
      "期初持股数": "294200",
      "期末持股数": "258200",
      "间接持股数": "",
      "从公司获得年度报酬总额": "1388800",
      "补贴津贴": "",
      "变动原因说明": "2021年限制性股票激励计划对未达到解除限售条件的部分限制性股票进行回购注销",
      "是否在股东或关联单位领取报酬津贴": "否",
      "在任与否": "是"
    },
    {
      "领导人姓名": "曾星宇",
      "职位描述": "财务总监",
      "期初持股数": "",
      "期末持股数": "",
      "间接持股数": "",
      "从公司获得年度报酬总额": "140000",
      "补贴津贴": "",
      "变动原因说明": "",
      "是否在股东或关联单位领取报酬津贴": "",
      "在任与否": "是"
    }
  ]
}

=== 300354-2026-04-21-东华测试-2025年年度报告.pdf ===
{
  "Leader_Salary_data": {
    "实际所得报酬总额起始": "",
    "实际所得报酬总额截止": "",
    "实际所得报酬总额涉及人数": ""
  },
  "Leader_Hold_data": [
    {
      "领导人姓名": "刘士钢",
      "职位描述": "董事长",
      "期初持股数": "67765930",
      "期末持股数": "66766140",
      "间接持股数": "",
      "从公司获得年度报酬总额": "626600",
      "补贴津贴": "",
      "变动原因说明": "因个人资金需求减持",
      "是否在股东或关联单位领取报酬津贴": "否",
      "在任与否": "是"
    },
    {
      "领导人姓名": "王江波",
      "职位描述": "副董事长",
      "期初持股数": "",
      "期末持股数": "",
      "间接持股数": "",
      "从公司获得年度报酬总额": "858000",
      "补贴津贴": "",
      "变动原因说明": "",
      "是否在股东或关联单位领取报酬津贴": "否",
      "在任与否": "是"
    },
    {
      "领导人姓名": "熊卫华",
      "职位描述": "董事、总经理",
      "期初持股数": "",
      "期末持股数": "",
      "间接持股数": "",
      "从公司获得年度报酬总额": "809800",
      "补贴津贴": "",
      "变动原因说明": "",
      "是否在股东或关联单位领取报酬津贴": "否",
      "在任与否": "是"
    },
    {
      "领导人姓名": "陈立",
      "职位描述": "董事、副总经理",
      "期初持股数": "108900",
      "期末持股数": "108900",
      "间接持股数": "",
      "从公司获得年度报酬总额": "453100",
      "补贴津贴": "",
      "变动原因说明": "",
      "是否在股东或关联单位领取报酬津贴": "否",
      "在任与否": "是"
    },
    {
      "领导人姓名": "沈宇峰",
      "职位描述": "独立董事",
      "期初持股数": "",
      "期末持股数": "",
      "间接持股数": "",
      "从公司获得年度报酬总额": "104900",
      "补贴津贴": "",
      "变动原因说明": "",
      "是否在股东或关联单位领取报酬津贴": "否",
      "在任与否": "是"
    },
    {
      "领导人姓名": "饶柱石",
      "职位描述": "独立董事",
      "期初持股数": "",
      "期末持股数": "",
      "间接持股数": "",
      "从公司获得年度报酬总额": "104900",
      "补贴津贴": "",
      "变动原因说明": "",
      "是否在股东或关联单位领取报酬津贴": "否",
      "在任与否": "是"
    },
    {
      "领导人姓名": "杨翰",
      "职位描述": "独立董事",
      "期初持股数": "",
      "期末持股数": "",
      "间接持股数": "",
      "从公司获得年度报酬总额": "104900",
      "补贴津贴": "",
      "变动原因说明": "",
      "是否在股东或关联单位领取报酬津贴": "否",
      "在任与否": "是"
    },
    {
      "领导人姓名": "何玲",
      "职位描述": "董事会秘书、副总经理",
      "期初持股数": "",
      "期末持股数": "",
      "间接持股数": "",
      "从公司获得年度报酬总额": "555400",
      "补贴津贴": "",
      "变动原因说明": "",
      "是否在股东或关联单位领取报酬津贴": "否",
      "在任与否": "是"
    },
    {
      "领导人姓名": "焦亮",
      "职位描述": "副总经理",
      "期初持股数": "6240",
      "期末持股数": "6240",
      "间接持股数": "",
      "从公司获得年度报酬总额": "360900",
      "补贴津贴": "",
      "变动原因说明": "",
      "是否在股东或关联单位领取报酬津贴": "否",
      "在任与否": "是"
    },
    {
      "领导人姓名": "顾剑锋",
      "职位描述": "副总经理",
      "期初持股数": "6240",
      "期末持股数": "6240",
      "间接持股数": "",
      "从公司获得年度报酬总额": "425900",
      "补贴津贴": "",
      "变动原因说明": "",
      "是否在股东或关联单位领取报酬津贴": "否",
      "在任与否": "是"
    },
    {
      "领导人姓名": "朱滨彬",
      "职位描述": "副总经理",
      "期初持股数": "",
      "期末持股数": "",
      "间接持股数": "",
      "从公司获得年度报酬总额": "535500",
      "补贴津贴": "",
      "变动原因说明": "",
      "是否在股东或关联单位领取报酬津贴": "否",
      "在任与否": "是"
    },
    {
      "领导人姓名": "陆佳伟",
      "职位描述": "副总经理",
      "期初持股数": "",
      "期末持股数": "",
      "间接持股数": "",
      "从公司获得年度报酬总额": "187500",
      "补贴津贴": "",
      "变动原因说明": "",
      "是否在股东或关联单位领取报酬津贴": "否",
      "在任与否": "是"
    },
    {
      "领导人姓名": "李玲",
      "职位描述": "财务总监",
      "期初持股数": "",
      "期末持股数": "",
      "间接持股数": "",
      "从公司获得年度报酬总额": "205300",
      "补贴津贴": "",
      "变动原因说明": "",
      "是否在股东或关联单位领取报酬津贴": "否",
      "在任与否": "是"
    },
    {
      "领导人姓名": "何欣",
      "职位描述": "财务总监",
      "期初持股数": "",
      "期末持股数": "",
      "间接持股数": "",
      "从公司获得年度报酬总额": "228600",
      "补贴津贴": "",
      "变动原因说明": "",
      "是否在股东或关联单位领取报酬津贴": "否",
      "在任与否": "否"
    },
    {
      "领导人姓名": "许冬梅",
      "职位描述": "副总经理",
      "期初持股数": "1700",
      "期末持股数": "1700",
      "间接持股数": "",
      "从公司获得年度报酬总额": "157700",
      "补贴津贴": "",
      "变动原因说明": "",
      "是否在股东或关联单位领取报酬津贴": "否",
      "在任与否": "否"
    }
  ]
}

=== 300503-2026-04-21-昊志机电-2025年年度报告.pdf ===
{
  "Leader_Salary_data": {
    "实际所得报酬总额起始": "",
    "实际所得报酬总额截止": "",
    "实际所得报酬总额涉及人数": ""
  },
  "Leader_Hold_data": [
    {
      "领导人姓名": "汤秀清",
      "职位描述": "董事长",
      "期初持股数": "86726790",
      "期末持股数": "86726790",
      "间接持股数": "",
      "从公司获得年度报酬总额": "3566000",
      "补贴津贴": "",
      "变动原因说明": "",
      "是否在股东或关联单位领取报酬津贴": "否",
      "在任与否": "是"
    },
    {
      "领导人姓名": "雷群",
      "职位描述": "董事、总经理",
      "期初持股数": "1152946",
      "期末持股数": "1417126",
      "间接持股数": "",
      "从公司获得年度报酬总额": "3043000",
      "补贴津贴": "",
      "变动原因说明": "公司2024年限制性股票激励计划首次授予部分第一个归属期归属264,180股",
      "是否在股东或关联单位领取报酬津贴": "否",
      "在任与否": "是"
    },
    {
      "领导人姓名": "肖泳林",
      "职位描述": "董事、董事会秘书、副总经理、财务总监",
      "期初持股数": "1291577",
      "期末持股数": "1001577",
      "间接持股数": "",
      "从公司获得年度报酬总额": "1264200",
      "补贴津贴": "",
      "变动原因说明": "个人减持290,000股",
      "是否在股东或关联单位领取报酬津贴": "否",
      "在任与否": "是"
    },
    {
      "领导人姓名": "韩守磊",
      "职位描述": "董事",
      "期初持股数": "111634",
      "期末持股数": "104125",
      "间接持股数": "",
      "从公司获得年度报酬总额": "637200",
      "补贴津贴": "",
      "变动原因说明": "个人减持27,909股以及公司2024年限制性股票激励计划首次授予部分第一个归属期归属20,400股",
      "是否在股东或关联单位领取报酬津贴": "否",
      "在任与否": "是"
    },
    {
      "领导人姓名": "陈文生",
      "职位描述": "董事",
      "期初持股数": "0",
      "期末持股数": "39480",
      "间接持股数": "",
      "从公司获得年度报酬总额": "1834100",
      "补贴津贴": "",
      "变动原因说明": "公司2024年限制性股票激励计划首次授予部分第一个归属期归属39,480股",
      "是否在股东或关联单位领取报酬津贴": "否",
      "在任与否": "是"
    },
    {
      "领导人姓名": "汤志彬",
      "职位描述": "职工代表董事",
      "期初持股数": "0",
      "期末持股数": "0",
      "间接持股数": "",
      "从公司获得年度报酬总额": "1459600",
      "补贴津贴": "",
      "变动原因说明": "",
      "是否在股东或关联单位领取报酬津贴": "否",
      "在任与否": "是"
    },
    {
      "领导人姓名": "向凌",
      "职位描述": "独立董事",
      "期初持股数": "0",
      "期末持股数": "0",
      "间接持股数": "",
      "从公司获得年度报酬总额": "98000",
      "补贴津贴": "",
      "变动原因说明": "",
      "是否在股东或关联单位领取报酬津贴": "否",
      "在任与否": "是"
    },
    {
      "领导人姓名": "黎文飞",
      "职位描述": "独立董事",
      "期初持股数": "0",
      "期末持股数": "0",
      "间接持股数": "",
      "从公司获得年度报酬总额": "98000",
      "补贴津贴": "",
      "变动原因说明": "",
      "是否在股东或关联单位领取报酬津贴": "否",
      "在任与否": "是"
    },
    {
      "领导人姓名": "姚英学",
      "职位描述": "独立董事",
      "期初持股数": "0",
      "期末持股数": "0",
      "间接持股数": "",
      "从公司获得年度报酬总额": "98000",
      "补贴津贴": "",
      "变动原因说明": "",
      "是否在股东或关联单位领取报酬津贴": "否",
      "在任与否": "是"
    },
    {
      "领导人姓名": "周晓军",
      "职位描述": "副总经理",
      "期初持股数": "31100",
      "期末持股数": "61910",
      "间接持股数": "",
      "从公司获得年度报酬总额": "3251500",
      "补贴津贴": "",
      "变动原因说明": "公司2024年限制性股票激励计划首次授予部分第一个归属期归属30,810股",
      "是否在股东或关联单位领取报酬津贴": "否",
      "在任与否": "是"
    }
  ]
}

=== 300514-2026-04-21-友讯达-2025年年度报告.pdf ===
{
  "Leader_Salary_data": {
    "实际所得报酬总额起始": "",
    "实际所得报酬总额截止": "",
    "实际所得报酬总额涉及人数": ""
  },
  "Leader_Hold_data": [
    {
      "领导人姓名": "崔涛",
      "职位描述": "董事长、总经理、董事",
      "期初持股数": "45610400",
      "期末持股数": "45610400",
      "间接持股数": "",
      "从公司获得年度报酬总额": "1430200",
      "补贴津贴": "",
      "变动原因说明": "",
      "是否在股东或关联单位领取报酬津贴": "否",
      "在任与否": "是"
    },
    {
      "领导人姓名": "崔霞",
      "职位描述": "董事",
      "期初持股数": "7378500",
      "期末持股数": "7378500",
      "间接持股数": "",
      "从公司获得年度报酬总额": "0",
      "补贴津贴": "",
      "变动原因说明": "",
      "是否在股东或关联单位领取报酬津贴": "否",
      "在任与否": "是"
    },
    {
      "领导人姓名": "董银锋",
      "职位描述": "职工代表董事、副总经理",
      "期初持股数": "",
      "期末持股数": "",
      "间接持股数": "",
      "从公司获得年度报酬总额": "524100",
      "补贴津贴": "",
      "变动原因说明": "",
      "是否在股东或关联单位领取报酬津贴": "否",
      "在任与否": "是"
    },
    {
      "领导人姓名": "成湘东",
      "职位描述": "独立董事",
      "期初持股数": "",
      "期末持股数": "",
      "间接持股数": "",
      "从公司获得年度报酬总额": "120000",
      "补贴津贴": "",
      "变动原因说明": "",
      "是否在股东或关联单位领取报酬津贴": "否",
      "在任与否": "是"
    },
    {
      "领导人姓名": "袁祖良",
      "职位描述": "独立董事",
      "期初持股数": "",
      "期末持股数": "",
      "间接持股数": "",
      "从公司获得年度报酬总额": "120000",
      "补贴津贴": "",
      "变动原因说明": "",
      "是否在股东或关联单位领取报酬津贴": "否",
      "在任与否": "是"
    },
    {
      "领导人姓名": "张明生",
      "职位描述": "监事会主席",
      "期初持股数": "",
      "期末持股数": "",
      "间接持股数": "",
      "从公司获得年度报酬总额": "567400",
      "补贴津贴": "",
      "变动原因说明": "",
      "是否在股东或关联单位领取报酬津贴": "否",
      "在任与否": "否"
    },
    {
      "领导人姓名": "赵金",
      "职位描述": "监事",
      "期初持股数": "",
      "期末持股数": "",
      "间接持股数": "",
      "从公司获得年度报酬总额": "233100",
      "补贴津贴": "",
      "变动原因说明": "",
      "是否在股东或关联单位领取报酬津贴": "否",
      "在任与否": "否"
    },
    {
      "领导人姓名": "徐星",
      "职位描述": "职工代表监事",
      "期初持股数": "",
      "期末持股数": "",
      "间接持股数": "",
      "从公司获得年度报酬总额": "93600",
      "补贴津贴": "",
      "变动原因说明": "",
      "是否在股东或关联单位领取报酬津贴": "否",
      "在任与否": "否"
    },
    {
      "领导人姓名": "舒杰红",
      "职位描述": "副总经理",
      "期初持股数": "",
      "期末持股数": "",
      "间接持股数": "",
      "从公司获得年度报酬总额": "673500",
      "补贴津贴": "",
      "变动原因说明": "",
      "是否在股东或关联单位领取报酬津贴": "否",
      "在任与否": "是"
    },
    {
      "领导人姓名": "孟祥娟",
      "职位描述": "副总经理",
      "期初持股数": "",
      "期末持股数": "",
      "间接持股数": "",
      "从公司获得年度报酬总额": "1188700",
      "补贴津贴": "",
      "变动原因说明": "",
      "是否在股东或关联单位领取报酬津贴": "否",
      "在任与否": "否"
    },
    {
      "领导人姓名": "沈正钊",
      "职位描述": "董事会秘书",
      "期初持股数": "",
      "期末持股数": "",
      "间接持股数": "",
      "从公司获得年度报酬总额": "401900",
      "补贴津贴": "",
      "变动原因说明": "",
      "是否在股东或关联单位领取报酬津贴": "否",
      "在任与否": "是"
    },
    {
      "领导人姓名": "廖冬丽",
      "职位描述": "财务总监",
      "期初持股数": "",
      "期末持股数": "",
      "间接持股数": "",
      "从公司获得年度报酬总额": "562100",
      "补贴津贴": "",
      "变动原因说明": "",
      "是否在股东或关联单位领取报酬津贴": "否",
      "在任与否": "是"
    }
  ]
}

=== 300240-2026-04-21-飞力达-2025年年度报告.pdf ===
{
  "Leader_Salary_data": {
    "实际所得报酬总额起始": "",
    "实际所得报酬总额截止": "",
    "实际所得报酬总额涉及人数": ""
  },
  "Leader_Hold_data": [
    {
      "领导人姓名": "姚勤",
      "职位描述": "董事长、联席总裁、董事",
      "期初持股数": "208649",
      "期末持股数": "208649",
      "间接持股数": "",
      "从公司获得年度报酬总额": "1443500",
      "补贴津贴": "",
      "变动原因说明": "",
      "是否在股东或关联单位领取报酬津贴": "否",
      "在任与否": "是"
    },
    {
      "领导人姓名": "吴有毅",
      "职位描述": "副董事长",
      "期初持股数": "0",
      "期末持股数": "0",
      "间接持股数": "",
      "从公司获得年度报酬总额": "480000",
      "补贴津贴": "",
      "变动原因说明": "",
      "是否在股东或关联单位领取报酬津贴": "否",
      "在任与否": "是"
    },
    {
      "领导人姓名": "耿昊",
      "职位描述": "副董事长、总裁",
      "期初持股数": "9210000",
      "期末持股数": "9210000",
      "间接持股数": "",
      "从公司获得年度报酬总额": "1258600",
      "补贴津贴": "",
      "变动原因说明": "",
      "是否在股东或关联单位领取报酬津贴": "否",
      "在任与否": "是"
    },
    {
      "领导人姓名": "沈黎明",
      "职位描述": "董事",
      "期初持股数": "208649",
      "期末持股数": "208649",
      "间接持股数": "",
      "从公司获得年度报酬总额": "600500",
      "补贴津贴": "",
      "变动原因说明": "",
      "是否在股东或关联单位领取报酬津贴": "否",
      "在任与否": "是"
    },
    {
      "领导人姓名": "金景",
      "职位描述": "董事",
      "期初持股数": "0",
      "期末持股数": "0",
      "间接持股数": "",
      "从公司获得年度报酬总额": "0",
      "补贴津贴": "",
      "变动原因说明": "",
      "是否在股东或关联单位领取报酬津贴": "否",
      "在任与否": "是"
    },
    {
      "领导人姓名": "张洁",
      "职位描述": "董事",
      "期初持股数": "0",
      "期末持股数": "0",
      "间接持股数": "",
      "从公司获得年度报酬总额": "527600",
      "补贴津贴": "",
      "变动原因说明": "",
      "是否在股东或关联单位领取报酬津贴": "否",
      "在任与否": "是"
    },
    {
      "领导人姓名": "赵先德",
      "职位描述": "独立董事",
      "期初持股数": "0",
      "期末持股数": "0",
      "间接持股数": "",
      "从公司获得年度报酬总额": "96000",
      "补贴津贴": "",
      "变动原因说明": "",
      "是否在股东或关联单位领取报酬津贴": "否",
      "在任与否": "是"
    },
    {
      "领导人姓名": "陈江",
      "职位描述": "独立董事",
      "期初持股数": "0",
      "期末持股数": "0",
      "间接持股数": "",
      "从公司获得年度报酬总额": "96000",
      "补贴津贴": "",
      "变动原因说明": "",
      "是否在股东或关联单位领取报酬津贴": "否",
      "在任与否": "是"
    },
    {
      "领导人姓名": "蒋德权",
      "职位描述": "独立董事",
      "期初持股数": "0",
      "期末持股数": "0",
      "间接持股数": "",
      "从公司获得年度报酬总额": "96000",
      "补贴津贴": "",
      "变动原因说明": "",
      "是否在股东或关联单位领取报酬津贴": "否",
      "在任与否": "是"
    },
    {
      "领导人姓名": "王佩芳",
      "职位描述": "高级副总裁",
      "期初持股数": "160000",
      "期末持股数": "160000",
      "间接持股数": "",
      "从公司获得年度报酬总额": "1000900",
      "补贴津贴": "",
      "变动原因说明": "",
      "是否在股东或关联单位领取报酬津贴": "否",
      "在任与否": "是"
    },
    {
      "领导人姓名": "王晓娟",
      "职位描述": "副总裁",
      "期初持股数": "161500",
      "期末持股数": "161500",
      "间接持股数": "",
      "从公司获得年度报酬总额": "681000",
      "补贴津贴": "",
      "变动原因说明": "",
      "是否在股东或关联单位领取报酬津贴": "否",
      "在任与否": "是"
    },
    {
      "领导人姓名": "李镭",
      "职位描述": "副总裁",
      "期初持股数": "151876",
      "期末持股数": "151876",
      "间接持股数": "",
      "从公司获得年度报酬总额": "690500",
      "补贴津贴": "",
      "变动原因说明": "",
      "是否在股东或关联单位领取报酬津贴": "否",
      "在任与否": "是"
    },
    {
      "领导人姓名": "沈丽莉",
      "职位描述": "副总裁",
      "期初持股数": "120000",
      "期末持股数": "120000",
      "间接持股数": "",
      "从公司获得年度报酬总额": "590300",
      "补贴津贴": "",
      "变动原因说明": "",
      "是否在股东或关联单位领取报酬津贴": "否",
      "在任与否": "是"
    },
    {
      "领导人姓名": "顾海疆",
      "职位描述": "资讯总监",
      "期初持股数": "181500",
      "期末持股数": "181500",
      "间接持股数": "",
      "从公司获得年度报酬总额": "589600",
      "补贴津贴": "",
      "变动原因说明": "",
      "是否在股东或关联单位领取报酬津贴": "否",
      "在任与否": "是"
    },
    {
      "领导人姓名": "唐军红",
      "职位描述": "副总裁",
      "期初持股数": "165000",
      "期末持股数": "165000",
      "间接持股数": "",
      "从公司获得年度报酬总额": "660700",
      "补贴津贴": "",
      "变动原因说明": "",
      "是否在股东或关联单位领取报酬津贴": "否",
      "在任与否": "是"
    },
    {
      "领导人姓名": "杨帆",
      "职位描述": "副总裁",
      "期初持股数": "240000",
      "期末持股数": "240000",
      "间接持股数": "",
      "从公司获得年度报酬总额": "850900",
      "补贴津贴": "",
      "变动原因说明": "",
      "是否在股东或关联单位领取报酬津贴": "否",
      "在任与否": "是"
    },
    {
      "领导人姓名": "张瑜",
      "职位描述": "副总裁、董事会秘书",
      "期初持股数": "0",
      "期末持股数": "0",
      "间接持股数": "",
      "从公司获得年度报酬总额": "700400",
      "补贴津贴": "",
      "变动原因说明": "",
      "是否在股东或关联单位领取报酬津贴": "否",
      "在任与否": "是"
    },
    {
      "领导人姓名": "李卫月",
      "职位描述": "财务总监",
      "期初持股数": "0",
      "期末持股数": "0",
      "间接持股数": "",
      "从公司获得年度报酬总额": "753100",
      "补贴津贴": "",
      "变动原因说明": "",
      "是否在股东或关联单位领取报酬津贴": "否",
      "在任与否": "是"
    },
    {
      "领导人姓名": "钱康珉",
      "职位描述": "董事",
      "期初持股数": "0",
      "期末持股数": "0",
      "间接持股数": "",
      "从公司获得年度报酬总额": "0",
      "补贴津贴": "",
      "变动原因说明": "",
      "是否在股东或关联单位领取报酬津贴": "否",
      "在任与否": "否"
    }
  ]
}

=== 300285-2026-04-21-国瓷材料-2025年年度报告.pdf ===
{
  "Leader_Salary_data": {
    "实际所得报酬总额起始": "",
    "实际所得报酬总额截止": "",
    "实际所得报酬总额涉及人数": ""
  },
  "Leader_Hold_data": [
    {
      "领导人姓名": "张曦",
      "职位描述": "董事长",
      "期初持股数": "152988941",
      "期末持股数": "152988941",
      "间接持股数": "",
      "从公司获得年度报酬总额": "249000",
      "补贴津贴": "",
      "变动原因说明": "",
      "是否在股东或关联单位领取报酬津贴": "否",
      "在任与否": "是"
    },
    {
      "领导人姓名": "张兵",
      "职位描述": "副董事长",
      "期初持股数": "21158082",
      "期末持股数": "21158082",
      "间接持股数": "",
      "从公司获得年度报酬总额": "1170000",
      "补贴津贴": "",
      "变动原因说明": "",
      "是否在股东或关联单位领取报酬津贴": "否",
      "在任与否": "是"
    },
    {
      "领导人姓名": "秦建民",
      "职位描述": "董事",
      "期初持股数": "0",
      "期末持股数": "0",
      "间接持股数": "",
      "从公司获得年度报酬总额": "69000",
      "补贴津贴": "",
      "变动原因说明": "",
      "是否在股东或关联单位领取报酬津贴": "否",
      "在任与否": "是"
    },
    {
      "领导人姓名": "宋锡滨",
      "职位描述": "董事",
      "期初持股数": "14636502",
      "期末持股数": "14636502",
      "间接持股数": "",
      "从公司获得年度报酬总额": "945000",
      "补贴津贴": "",
      "变动原因说明": "",
      "是否在股东或关联单位领取报酬津贴": "否",
      "在任与否": "是"
    },
    {
      "领导人姓名": "陈汉",
      "职位描述": "董事",
      "期初持股数": "0",
      "期末持股数": "0",
      "间接持股数": "",
      "从公司获得年度报酬总额": "24000",
      "补贴津贴": "",
      "变动原因说明": "",
      "是否在股东或关联单位领取报酬津贴": "否",
      "在任与否": "是"
    },
    {
      "领导人姓名": "王玥",
      "职位描述": "董事、独立董事",
      "期初持股数": "0",
      "期末持股数": "0",
      "间接持股数": "",
      "从公司获得年度报酬总额": "69000",
      "补贴津贴": "",
      "变动原因说明": "",
      "是否在股东或关联单位领取报酬津贴": "否",
      "在任与否": "是"
    },
    {
      "领导人姓名": "李济东",
      "职位描述": "独立董事",
      "期初持股数": "0",
      "期末持股数": "0",
      "间接持股数": "",
      "从公司获得年度报酬总额": "69000",
      "补贴津贴": "",
      "变动原因说明": "",
      "是否在股东或关联单位领取报酬津贴": "否",
      "在任与否": "是"
    },
    {
      "领导人姓名": "刘欣梅",
      "职位描述": "独立董事",
      "期初持股数": "0",
      "期末持股数": "0",
      "间接持股数": "",
      "从公司获得年度报酬总额": "24000",
      "补贴津贴": "",
      "变动原因说明": "",
      "是否在股东或关联单位领取报酬津贴": "否",
      "在任与否": "是"
    },
    {
      "领导人姓名": "王晓红",
      "职位描述": "职工代表董事",
      "期初持股数": "13500",
      "期末持股数": "6800",
      "间接持股数": "",
      "从公司获得年度报酬总额": "60000",
      "补贴津贴": "",
      "变动原因说明": "",
      "是否在股东或关联单位领取报酬津贴": "否",
      "在任与否": "是"
    },
    {
      "领导人姓名": "霍希云",
      "职位描述": "总经理",
      "期初持股数": "0",
      "期末持股数": "0",
      "间接持股数": "",
      "从公司获得年度报酬总额": "900000",
      "补贴津贴": "",
      "变动原因说明": "",
      "是否在股东或关联单位领取报酬津贴": "否",
      "在任与否": "是"
    },
    {
      "领导人姓名": "肖强",
      "职位描述": "副总经理、财务总监",
      "期初持股数": "0",
      "期末持股数": "0",
      "间接持股数": "",
      "从公司获得年度报酬总额": "900000",
      "补贴津贴": "",
      "变动原因说明": "",
      "是否在股东或关联单位领取报酬津贴": "否",
      "在任与否": "是"
    },
    {
      "领导人姓名": "许少梅",
      "职位描述": "副总经理、董事会秘书",
      "期初持股数": "2382573",
      "期末持股数": "2382573",
      "间接持股数": "",
      "从公司获得年度报酬总额": "900000",
      "补贴津贴": "",
      "变动原因说明": "",
      "是否在股东或关联单位领取报酬津贴": "否",
      "在任与否": "是"
    },
    {
      "领导人姓名": "杨爱民",
      "职位描述": "副总经理",
      "期初持股数": "0",
      "期末持股数": "0",
      "间接持股数": "",
      "从公司获得年度报酬总额": "900000",
      "补贴津贴": "",
      "变动原因说明": "",
      "是否在股东或关联单位领取报酬津贴": "否",
      "在任与否": "是"
    },
    {
      "领导人姓名": "莫雪魁",
      "职位描述": "副总经理",
      "期初持股数": "500",
      "期末持股数": "500",
      "间接持股数": "",
      "从公司获得年度报酬总额": "900000",
      "补贴津贴": "",
      "变动原因说明": "",
      "是否在股东或关联单位领取报酬津贴": "否",
      "在任与否": "是"
    },
    {
      "领导人姓名": "司留启",
      "职位描述": "董事",
      "期初持股数": "16438506",
      "期末持股数": "16438506",
      "间接持股数": "",
      "从公司获得年度报酬总额": "720000",
      "补贴津贴": "",
      "变动原因说明": "",
      "是否在股东或关联单位领取报酬津贴": "否",
      "在任与否": "否"
    },
    {
      "领导人姓名": "温学礼",
      "职位描述": "独立董事",
      "期初持股数": "0",
      "期末持股数": "0",
      "间接持股数": "",
      "从公司获得年度报酬总额": "45000",
      "补贴津贴": "",
      "变动原因说明": "",
      "是否在股东或关联单位领取报酬津贴": "否",
      "在任与否": "否"
    }
  ]
}

=== 300533-2026-04-21-冰川网络-2025年年度报告.pdf ===
{
  "Leader_Salary_data": {
    "实际所得报酬总额起始": "",
    "实际所得报酬总额截止": "",
    "实际所得报酬总额涉及人数": ""
  },
  "Leader_Hold_data": [
    {
      "领导人姓名": "刘和国",
      "职位描述": "董事长、总经理",
      "期初持股数": "91943307",
      "期末持股数": "91943307",
      "间接持股数": "",
      "从公司获得年度报酬总额": "1392100",
      "补贴津贴": "",
      "变动原因说明": "",
      "是否在股东或关联单位领取报酬津贴": "否",
      "在任与否": "是"
    },
    {
      "领导人姓名": "袁卫奇",
      "职位描述": "副总经理、董事",
      "期初持股数": "202500",
      "期末持股数": "202500",
      "间接持股数": "",
      "从公司获得年度报酬总额": "1239900",
      "补贴津贴": "",
      "变动原因说明": "",
      "是否在股东或关联单位领取报酬津贴": "否",
      "在任与否": "是"
    },
    {
      "领导人姓名": "杨硕",
      "职位描述": "董事",
      "期初持股数": "162000",
      "期末持股数": "162000",
      "间接持股数": "",
      "从公司获得年度报酬总额": "933800",
      "补贴津贴": "",
      "变动原因说明": "",
      "是否在股东或关联单位领取报酬津贴": "否",
      "在任与否": "是"
    },
    {
      "领导人姓名": "袁振超",
      "职位描述": "独立董事",
      "期初持股数": "0",
      "期末持股数": "0",
      "间接持股数": "",
      "从公司获得年度报酬总额": "80000",
      "补贴津贴": "80000",
      "变动原因说明": "",
      "是否在股东或关联单位领取报酬津贴": "否",
      "在任与否": "是"
    },
    {
      "领导人姓名": "祝理力",
      "职位描述": "独立董事",
      "期初持股数": "0",
      "期末持股数": "0",
      "间接持股数": "",
      "从公司获得年度报酬总额": "80000",
      "补贴津贴": "80000",
      "变动原因说明": "",
      "是否在股东或关联单位领取报酬津贴": "否",
      "在任与否": "是"
    },
    {
      "领导人姓名": "蒲怀解",
      "职位描述": "职工董事",
      "期初持股数": "28350",
      "期末持股数": "28350",
      "间接持股数": "",
      "从公司获得年度报酬总额": "351000",
      "补贴津贴": "",
      "变动原因说明": "",
      "是否在股东或关联单位领取报酬津贴": "否",
      "在任与否": "是"
    },
    {
      "领导人姓名": "梅薇红",
      "职位描述": "副总经理、董事会秘书",
      "期初持股数": "175500",
      "期末持股数": "175500",
      "间接持股数": "",
      "从公司获得年度报酬总额": "860300",
      "补贴津贴": "",
      "变动原因说明": "",
      "是否在股东或关联单位领取报酬津贴": "否",
      "在任与否": "是"
    },
    {
      "领导人姓名": "董嘉翌",
      "职位描述": "财务总监",
      "期初持股数": "108000",
      "期末持股数": "108000",
      "间接持股数": "",
      "从公司获得年度报酬总额": "1017700",
      "补贴津贴": "",
      "变动原因说明": "",
      "是否在股东或关联单位领取报酬津贴": "否",
      "在任与否": "是"
    }
  ]
}

=== 300523-2026-04-21-辰安科技-2025年年度报告.pdf ===
{
  "Leader_Salary_data": {
    "实际所得报酬总额起始": "",
    "实际所得报酬总额截止": "",
    "实际所得报酬总额涉及人数": ""
  },
  "Leader_Hold_data": [
    {
      "领导人姓名": "郑家升",
      "职位描述": "董事长",
      "期初持股数": "0",
      "期末持股数": "0",
      "间接持股数": "",
      "从公司获得年度报酬总额": "1222000",
      "补贴津贴": "",
      "变动原因说明": "",
      "是否在股东或关联单位领取报酬津贴": "否",
      "在任与否": "是"
    },
    {
      "领导人姓名": "李陇清",
      "职位描述": "董事、总裁",
      "期初持股数": "0",
      "期末持股数": "0",
      "间接持股数": "",
      "从公司获得年度报酬总额": "1184400",
      "补贴津贴": "",
      "变动原因说明": "",
      "是否在股东或关联单位领取报酬津贴": "否",
      "在任与否": "是"
    },
    {
      "领导人姓名": "邢晓瑞",
      "职位描述": "董事",
      "期初持股数": "0",
      "期末持股数": "0",
      "间接持股数": "",
      "从公司获得年度报酬总额": "0",
      "补贴津贴": "",
      "变动原因说明": "",
      "是否在股东或关联单位领取报酬津贴": "是",
      "在任与否": "是"
    },
    {
      "领导人姓名": "雷勇",
      "职位描述": "董事",
      "期初持股数": "0",
      "期末持股数": "0",
      "间接持股数": "",
      "从公司获得年度报酬总额": "0",
      "补贴津贴": "",
      "变动原因说明": "",
      "是否在股东或关联单位领取报酬津贴": "是",
      "在任与否": "是"
    },
    {
      "领导人姓名": "薛海龙",
      "职位描述": "董事",
      "期初持股数": "0",
      "期末持股数": "0",
      "间接持股数": "",
      "从公司获得年度报酬总额": "120000",
      "补贴津贴": "",
      "变动原因说明": "",
      "是否在股东或关联单位领取报酬津贴": "是",
      "在任与否": "是"
    },
    {
      "领导人姓名": "陈泰全",
      "职位描述": "董事",
      "期初持股数": "0",
      "期末持股数": "0",
      "间接持股数": "",
      "从公司获得年度报酬总额": "0",
      "补贴津贴": "",
      "变动原因说明": "",
      "是否在股东或关联单位领取报酬津贴": "是",
      "在任与否": "是"
    },
    {
      "领导人姓名": "于梅",
      "职位描述": "独立董事",
      "期初持股数": "0",
      "期末持股数": "0",
      "间接持股数": "",
      "从公司获得年度报酬总额": "120000",
      "补贴津贴": "120000",
      "变动原因说明": "",
      "是否在股东或关联单位领取报酬津贴": "否",
      "在任与否": "是"
    },
    {
      "领导人姓名": "尹训东",
      "职位描述": "独立董事",
      "期初持股数": "0",
      "期末持股数": "0",
      "间接持股数": "",
      "从公司获得年度报酬总额": "110000",
      "补贴津贴": "110000",
      "变动原因说明": "",
      "是否在股东或关联单位领取报酬津贴": "否",
      "在任与否": "是"
    },
    {
      "领导人姓名": "马秀梅",
      "职位描述": "独立董事",
      "期初持股数": "0",
      "期末持股数": "0",
      "间接持股数": "",
      "从公司获得年度报酬总额": "110000",
      "补贴津贴": "110000",
      "变动原因说明": "",
      "是否在股东或关联单位领取报酬津贴": "否",
      "在任与否": "是"
    },
    {
      "领导人姓名": "刘勇",
      "职位描述": "常务副总裁",
      "期初持股数": "0",
      "期末持股数": "0",
      "间接持股数": "",
      "从公司获得年度报酬总额": "1034000",
      "补贴津贴": "",
      "变动原因说明": "",
      "是否在股东或关联单位领取报酬津贴": "否",
      "在任与否": "是"
    },
    {
      "领导人姓名": "吴鹏",
      "职位描述": "高级副总裁",
      "期初持股数": "3000",
      "期末持股数": "3000",
      "间接持股数": "",
      "从公司获得年度报酬总额": "893000",
      "补贴津贴": "",
      "变动原因说明": "",
      "是否在股东或关联单位领取报酬津贴": "否",
      "在任与否": "是"
    },
    {
      "领导人姓名": "沈迎春",
      "职位描述": "副总裁",
      "期初持股数": "0",
      "期末持股数": "0",
      "间接持股数": "",
      "从公司获得年度报酬总额": "893000",
      "补贴津贴": "",
      "变动原因说明": "",
      "是否在股东或关联单位领取报酬津贴": "否",
      "在任与否": "是"
    },
    {
      "领导人姓名": "孙茂葳",
      "职位描述": "副总裁、财务总监",
      "期初持股数": "0",
      "期末持股数": "0",
      "间接持股数": "",
      "从公司获得年度报酬总额": "893000",
      "补贴津贴": "",
      "变动原因说明": "",
      "是否在股东或关联单位领取报酬津贴": "否",
      "在任与否": "是"
    },
    {
      "领导人姓名": "杨早",
      "职位描述": "副总裁",
      "期初持股数": "9600",
      "期末持股数": "9600",
      "间接持股数": "",
      "从公司获得年度报酬总额": "705000",
      "补贴津贴": "",
      "变动原因说明": "",
      "是否在股东或关联单位领取报酬津贴": "否",
      "在任与否": "是"
    },
    {
      "领导人姓名": "梁冰",
      "职位描述": "副总裁、董事会秘书",
      "期初持股数": "0",
      "期末持股数": "0",
      "间接持股数": "",
      "从公司获得年度报酬总额": "705000",
      "补贴津贴": "",
      "变动原因说明": "",
      "是否在股东或关联单位领取报酬津贴": "否",
      "在任与否": "是"
    },
    {
      "领导人姓名": "卢远瞩",
      "职位描述": "独立董事",
      "期初持股数": "0",
      "期末持股数": "0",
      "间接持股数": "",
      "从公司获得年度报酬总额": "10000",
      "补贴津贴": "10000",
      "变动原因说明": "",
      "是否在股东或关联单位领取报酬津贴": "否",
      "在任与否": "否"
    },
    {
      "领导人姓名": "尹月",
      "职位描述": "独立董事",
      "期初持股数": "0",
      "期末持股数": "0",
      "间接持股数": "",
      "从公司获得年度报酬总额": "10000",
      "补贴津贴": "10000",
      "变动原因说明": "",
      "是否在股东或关联单位领取报酬津贴": "否",
      "在任与否": "否"
    }
  ]
}

=== 300377-2026-04-21-赢时胜-2025年年度报告.pdf ===
{
  "Leader_Salary_data": {
    "实际所得报酬总额起始": "",
    "实际所得报酬总额截止": "",
    "实际所得报酬总额涉及人数": ""
  },
  "Leader_Hold_data": [
    {
      "领导人姓名": "唐球",
      "职位描述": "董事长",
      "期初持股数": "78630131",
      "期末持股数": "65144831",
      "间接持股数": "",
      "从公司获得年度报酬总额": "2130000",
      "补贴津贴": "",
      "变动原因说明": "集中竞价、大宗交易",
      "是否在股东或关联单位领取报酬津贴": "否",
      "在任与否": "是"
    },
    {
      "领导人姓名": "李跃峰",
      "职位描述": "董事、总经理",
      "期初持股数": "530000",
      "期末持股数": "530000",
      "间接持股数": "",
      "从公司获得年度报酬总额": "1990000",
      "补贴津贴": "",
      "变动原因说明": "",
      "是否在股东或关联单位领取报酬津贴": "否",
      "在任与否": "是"
    },
    {
      "领导人姓名": "廖拾秀",
      "职位描述": "财务总监",
      "期初持股数": "62500",
      "期末持股数": "62500",
      "间接持股数": "",
      "从公司获得年度报酬总额": "600000",
      "补贴津贴": "",
      "变动原因说明": "",
      "是否在股东或关联单位领取报酬津贴": "否",
      "在任与否": "是"
    },
    {
      "领导人姓名": "甘为民",
      "职位描述": "董事",
      "期初持股数": "0",
      "期末持股数": "0",
      "间接持股数": "",
      "从公司获得年度报酬总额": "0",
      "补贴津贴": "",
      "变动原因说明": "",
      "是否在股东或关联单位领取报酬津贴": "否",
      "在任与否": "是"
    },
    {
      "领导人姓名": "傅美英",
      "职位描述": "董事",
      "期初持股数": "0",
      "期末持股数": "0",
      "间接持股数": "",
      "从公司获得年度报酬总额": "",
      "补贴津贴": "",
      "变动原因说明": "",
      "是否在股东或关联单位领取报酬津贴": "",
      "在任与否": "是"
    },
    {
      "领导人姓名": "赵荣",
      "职位描述": "职工代表董事",
      "期初持股数": "0",
      "期末持股数": "0",
      "间接持股数": "",
      "从公司获得年度报酬总额": "82000",
      "补贴津贴": "",
      "变动原因说明": "",
      "是否在股东或关联单位领取报酬津贴": "否",
      "在任与否": "是"
    },
    {
      "领导人姓名": "刘用铨",
      "职位描述": "独立董事",
      "期初持股数": "0",
      "期末持股数": "0",
      "间接持股数": "",
      "从公司获得年度报酬总额": "",
      "补贴津贴": "",
      "变动原因说明": "",
      "是否在股东或关联单位领取报酬津贴": "",
      "在任与否": "是"
    },
    {
      "领导人姓名": "左金兰",
      "职位描述": "独立董事",
      "期初持股数": "0",
      "期末持股数": "0",
      "间接持股数": "",
      "从公司获得年度报酬总额": "0",
      "补贴津贴": "",
      "变动原因说明": "",
      "是否在股东或关联单位领取报酬津贴": "否",
      "在任与否": "是"
    },
    {
      "领导人姓名": "谢芳",
      "职位描述": "独立董事",
      "期初持股数": "0",
      "期末持股数": "0",
      "间接持股数": "",
      "从公司获得年度报酬总额": "",
      "补贴津贴": "",
      "变动原因说明": "",
      "是否在股东或关联单位领取报酬津贴": "",
      "在任与否": "是"
    },
    {
      "领导人姓名": "程霞",
      "职位描述": "董事会秘书、副总经理",
      "期初持股数": "250000",
      "期末持股数": "250000",
      "间接持股数": "",
      "从公司获得年度报酬总额": "710000",
      "补贴津贴": "",
      "变动原因说明": "",
      "是否在股东或关联单位领取报酬津贴": "否",
      "在任与否": "是"
    },
    {
      "领导人姓名": "邓冰",
      "职位描述": "副总经理",
      "期初持股数": "250000",
      "期末持股数": "250000",
      "间接持股数": "",
      "从公司获得年度报酬总额": "750000",
      "补贴津贴": "",
      "变动原因说明": "",
      "是否在股东或关联单位领取报酬津贴": "否",
      "在任与否": "是"
    },
    {
      "领导人姓名": "付凯",
      "职位描述": "副总经理",
      "期初持股数": "",
      "期末持股数": "0",
      "间接持股数": "",
      "从公司获得年度报酬总额": "254000",
      "补贴津贴": "",
      "变动原因说明": "",
      "是否在股东或关联单位领取报酬津贴": "否",
      "在任与否": "是"
    },
    {
      "领导人姓名": "鄢建红",
      "职位描述": "董事",
      "期初持股数": "21467288",
      "期末持股数": "21467288",
      "间接持股数": "",
      "从公司获得年度报酬总额": "117700",
      "补贴津贴": "",
      "变动原因说明": "",
      "是否在股东或关联单位领取报酬津贴": "否",
      "在任与否": "否"
    },
    {
      "领导人姓名": "鄢建兵",
      "职位描述": "董事",
      "期初持股数": "7369750",
      "期末持股数": "7369750",
      "间接持股数": "",
      "从公司获得年度报酬总额": "117700",
      "补贴津贴": "",
      "变动原因说明": "",
      "是否在股东或关联单位领取报酬津贴": "否",
      "在任与否": "否"
    },
    {
      "领导人姓名": "马占春",
      "职位描述": "董事",
      "期初持股数": "0",
      "期末持股数": "0",
      "间接持股数": "",
      "从公司获得年度报酬总额": "",
      "补贴津贴": "",
      "变动原因说明": "",
      "是否在股东或关联单位领取报酬津贴": "",
      "在任与否": "否"
    },
    {
      "领导人姓名": "李荣林",
      "职位描述": "独立董事",
      "期初持股数": "0",
      "期末持股数": "0",
      "间接持股数": "",
      "从公司获得年度报酬总额": "",
      "补贴津贴": "",
      "变动原因说明": "",
      "是否在股东或关联单位领取报酬津贴": "否",
      "在任与否": "否"
    },
    {
      "领导人姓名": "李松林",
      "职位描述": "副总经理",
      "期初持股数": "250000",
      "期末持股数": "250000",
      "间接持股数": "",
      "从公司获得年度报酬总额": "540000",
      "补贴津贴": "",
      "变动原因说明": "",
      "是否在股东或关联单位领取报酬津贴": "否",
      "在任与否": "否"
    },
    {
      "领导人姓名": "朱礼",
      "职位描述": "副总经理",
      "期初持股数": "39000",
      "期末持股数": "39000",
      "间接持股数": "",
      "从公司获得年度报酬总额": "379400",
      "补贴津贴": "",
      "变动原因说明": "",
      "是否在股东或关联单位领取报酬津贴": "否",
      "在任与否": "否"
    }
  ]
}

=== 300559-2026-04-21-佳发教育-2025年年度报告.pdf ===
{
  "Leader_Salary_data": {
    "实际所得报酬总额起始": "",
    "实际所得报酬总额截止": "",
    "实际所得报酬总额涉及人数": ""
  },
  "Leader_Hold_data": [
    {
      "领导人姓名": "袁斌",
      "职位描述": "董事长",
      "期初持股数": "117568630",
      "期末持股数": "117568630",
      "间接持股数": "",
      "从公司获得年度报酬总额": "784000",
      "补贴津贴": "",
      "变动原因说明": "无变动",
      "是否在股东或关联单位领取报酬津贴": "否",
      "在任与否": "是"
    },
    {
      "领导人姓名": "张越",
      "职位描述": "董事、总经理",
      "期初持股数": "",
      "期末持股数": "",
      "间接持股数": "",
      "从公司获得年度报酬总额": "784000",
      "补贴津贴": "",
      "变动原因说明": "",
      "是否在股东或关联单位领取报酬津贴": "否",
      "在任与否": "是"
    },
    {
      "领导人姓名": "赵峰",
      "职位描述": "董事、副总经理",
      "期初持股数": "",
      "期末持股数": "",
      "间接持股数": "",
      "从公司获得年度报酬总额": "384400",
      "补贴津贴": "",
      "变动原因说明": "",
      "是否在股东或关联单位领取报酬津贴": "否",
      "在任与否": "是"
    },
    {
      "领导人姓名": "范晓星",
      "职位描述": "董事、副总经理",
      "期初持股数": "",
      "期末持股数": "",
      "间接持股数": "",
      "从公司获得年度报酬总额": "364900",
      "补贴津贴": "",
      "变动原因说明": "",
      "是否在股东或关联单位领取报酬津贴": "否",
      "在任与否": "是"
    },
    {
      "领导人姓名": "任淑",
      "职位描述": "独立董事",
      "期初持股数": "",
      "期末持股数": "",
      "间接持股数": "",
      "从公司获得年度报酬总额": "59200",
      "补贴津贴": "",
      "变动原因说明": "",
      "是否在股东或关联单位领取报酬津贴": "否",
      "在任与否": "是"
    },
    {
      "领导人姓名": "季至宇",
      "职位描述": "独立董事",
      "期初持股数": "",
      "期末持股数": "",
      "间接持股数": "",
      "从公司获得年度报酬总额": "59200",
      "补贴津贴": "",
      "变动原因说明": "",
      "是否在股东或关联单位领取报酬津贴": "否",
      "在任与否": "是"
    },
    {
      "领导人姓名": "周雄俊",
      "职位描述": "独立董事",
      "期初持股数": "",
      "期末持股数": "",
      "间接持股数": "",
      "从公司获得年度报酬总额": "59200",
      "补贴津贴": "",
      "变动原因说明": "",
      "是否在股东或关联单位领取报酬津贴": "否",
      "在任与否": "是"
    },
    {
      "领导人姓名": "周俊龙",
      "职位描述": "财务总监",
      "期初持股数": "",
      "期末持股数": "",
      "间接持股数": "",
      "从公司获得年度报酬总额": "97300",
      "补贴津贴": "",
      "变动原因说明": "",
      "是否在股东或关联单位领取报酬津贴": "否",
      "在任与否": "否"
    },
    {
      "领导人姓名": "虞良",
      "职位描述": "副总经理",
      "期初持股数": "154420",
      "期末持股数": "154420",
      "间接持股数": "",
      "从公司获得年度报酬总额": "425900",
      "补贴津贴": "",
      "变动原因说明": "无变动",
      "是否在股东或关联单位领取报酬津贴": "否",
      "在任与否": "是"
    },
    {
      "领导人姓名": "吴灿彪",
      "职位描述": "副总经理",
      "期初持股数": "113929",
      "期末持股数": "113929",
      "间接持股数": "",
      "从公司获得年度报酬总额": "384400",
      "补贴津贴": "",
      "变动原因说明": "无变动",
      "是否在股东或关联单位领取报酬津贴": "否",
      "在任与否": "是"
    },
    {
      "领导人姓名": "梁坤",
      "职位描述": "副总经理",
      "期初持股数": "",
      "期末持股数": "",
      "间接持股数": "",
      "从公司获得年度报酬总额": "231400",
      "补贴津贴": "",
      "变动原因说明": "",
      "是否在股东或关联单位领取报酬津贴": "否",
      "在任与否": "是"
    },
    {
      "领导人姓名": "阴彩宾",
      "职位描述": "董事会秘书",
      "期初持股数": "",
      "期末持股数": "",
      "间接持股数": "",
      "从公司获得年度报酬总额": "300500",
      "补贴津贴": "",
      "变动原因说明": "",
      "是否在股东或关联单位领取报酬津贴": "否",
      "在任与否": "是"
    },
    {
      "领导人姓名": "张波常",
      "职位描述": "财务总监",
      "期初持股数": "",
      "期末持股数": "",
      "间接持股数": "",
      "从公司获得年度报酬总额": "295500",
      "补贴津贴": "",
      "变动原因说明": "",
      "是否在股东或关联单位领取报酬津贴": "否",
      "在任与否": "是"
    }
  ]
}

=== 300575-2026-04-21-中旗股份-2025年年度报告.pdf ===
{
  "Leader_Salary_data": {
    "实际所得报酬总额起始": "3937500",
    "实际所得报酬总额截止": "3937500",
    "实际所得报酬总额涉及人数": ""
  },
  "Leader_Hold_data": [
    {
      "领导人姓名": "吴耀军",
      "职位描述": "董事长、总经理",
      "期初持股数": "135915312",
      "期末持股数": "135915312",
      "间接持股数": "",
      "从公司获得年度报酬总额": "1010300",
      "补贴津贴": "",
      "变动原因说明": "",
      "是否在股东或关联单位领取报酬津贴": "否",
      "在任与否": "是"
    },
    {
      "领导人姓名": "张骥",
      "职位描述": "董事",
      "期初持股数": "26730000",
      "期末持股数": "26730000",
      "间接持股数": "",
      "从公司获得年度报酬总额": "696500",
      "补贴津贴": "",
      "变动原因说明": "",
      "是否在股东或关联单位领取报酬津贴": "否",
      "在任与否": "是"
    },
    {
      "领导人姓名": "唐玲",
      "职位描述": "董事",
      "期初持股数": "50600",
      "期末持股数": "50600",
      "间接持股数": "",
      "从公司获得年度报酬总额": "206800",
      "补贴津贴": "",
      "变动原因说明": "",
      "是否在股东或关联单位领取报酬津贴": "否",
      "在任与否": "否"
    },
    {
      "领导人姓名": "郭卫",
      "职位描述": "独立董事",
      "期初持股数": "0",
      "期末持股数": "0",
      "间接持股数": "",
      "从公司获得年度报酬总额": "120000",
      "补贴津贴": "",
      "变动原因说明": "",
      "是否在股东或关联单位领取报酬津贴": "否",
      "在任与否": "是"
    },
    {
      "领导人姓名": "周美林",
      "职位描述": "独立董事",
      "期初持股数": "0",
      "期末持股数": "0",
      "间接持股数": "",
      "从公司获得年度报酬总额": "30000",
      "补贴津贴": "",
      "变动原因说明": "",
      "是否在股东或关联单位领取报酬津贴": "否",
      "在任与否": "否"
    },
    {
      "领导人姓名": "朱滔",
      "职位描述": "独立董事",
      "期初持股数": "0",
      "期末持股数": "0",
      "间接持股数": "",
      "从公司获得年度报酬总额": "5000",
      "补贴津贴": "",
      "变动原因说明": "",
      "是否在股东或关联单位领取报酬津贴": "否",
      "在任与否": "是"
    },
    {
      "领导人姓名": "赵伟建",
      "职位描述": "独立董事",
      "期初持股数": "",
      "期末持股数": "",
      "间接持股数": "",
      "从公司获得年度报酬总额": "115000",
      "补贴津贴": "",
      "变动原因说明": "",
      "是否在股东或关联单位领取报酬津贴": "否",
      "在任与否": "是"
    },
    {
      "领导人姓名": "秦玲",
      "职位描述": "职工代表董事",
      "期初持股数": "0",
      "期末持股数": "100000",
      "间接持股数": "",
      "从公司获得年度报酬总额": "493000",
      "补贴津贴": "",
      "变动原因说明": "2025年限制性股票激励计划认购股票",
      "是否在股东或关联单位领取报酬津贴": "否",
      "在任与否": "是"
    },
    {
      "领导人姓名": "游友华",
      "职位描述": "职工代表董事",
      "期初持股数": "0",
      "期末持股数": "80000",
      "间接持股数": "",
      "从公司获得年度报酬总额": "516900",
      "补贴津贴": "",
      "变动原因说明": "2025年限制性股票激励计划认购股票",
      "是否在股东或关联单位领取报酬津贴": "否",
      "在任与否": "是"
    },
    {
      "领导人姓名": "罗航",
      "职位描述": "财务总监",
      "期初持股数": "0",
      "期末持股数": "0",
      "间接持股数": "",
      "从公司获得年度报酬总额": "100700",
      "补贴津贴": "",
      "变动原因说明": "",
      "是否在股东或关联单位领取报酬津贴": "否",
      "在任与否": "否"
    },
    {
      "领导人姓名": "陆洋",
      "职位描述": "董事会秘书",
      "期初持股数": "35000",
      "期末持股数": "235000",
      "间接持股数": "",
      "从公司获得年度报酬总额": "643300",
      "补贴津贴": "",
      "变动原因说明": "2025年限制性股票激励计划认购股票",
      "是否在股东或关联单位领取报酬津贴": "否",
      "在任与否": "是"
    }
  ]
}

=== 300617-2026-04-21-安靠智电-2025年年度报告.pdf ===
{
  "Leader_Salary_data": {
    "实际所得报酬总额起始": "3016500",
    "实际所得报酬总额截止": "3016500",
    "实际所得报酬总额涉及人数": ""
  },
  "Leader_Hold_data": [
    {
      "领导人姓名": "陈晓凌",
      "职位描述": "董事长、总经理",
      "期初持股数": "35637420",
      "期末持股数": "35637420",
      "间接持股数": "",
      "从公司获得年度报酬总额": "424600",
      "补贴津贴": "",
      "变动原因说明": "",
      "是否在股东或关联单位领取报酬津贴": "否",
      "在任与否": "是"
    },
    {
      "领导人姓名": "王春梅",
      "职位描述": "董事",
      "期初持股数": "90000",
      "期末持股数": "74500",
      "间接持股数": "",
      "从公司获得年度报酬总额": "393700",
      "补贴津贴": "",
      "变动原因说明": "高管减持",
      "是否在股东或关联单位领取报酬津贴": "否",
      "在任与否": "是"
    },
    {
      "领导人姓名": "吴建清",
      "职位描述": "董事、副总经理",
      "期初持股数": "0",
      "期末持股数": "0",
      "间接持股数": "",
      "从公司获得年度报酬总额": "259900",
      "补贴津贴": "",
      "变动原因说明": "/",
      "是否在股东或关联单位领取报酬津贴": "否",
      "在任与否": "是"
    },
    {
      "领导人姓名": "钟鸣",
      "职位描述": "董事、副总经理",
      "期初持股数": "0",
      "期末持股数": "0",
      "间接持股数": "",
      "从公司获得年度报酬总额": "874100",
      "补贴津贴": "",
      "变动原因说明": "/",
      "是否在股东或关联单位领取报酬津贴": "否",
      "在任与否": "是"
    },
    {
      "领导人姓名": "丁晓明",
      "职位描述": "独立董事",
      "期初持股数": "",
      "期末持股数": "",
      "间接持股数": "",
      "从公司获得年度报酬总额": "80000",
      "补贴津贴": "80000",
      "变动原因说明": "",
      "是否在股东或关联单位领取报酬津贴": "否",
      "在任与否": "是"
    },
    {
      "领导人姓名": "刘鹏",
      "职位描述": "独立董事",
      "期初持股数": "",
      "期末持股数": "",
      "间接持股数": "",
      "从公司获得年度报酬总额": "80000",
      "补贴津贴": "80000",
      "变动原因说明": "",
      "是否在股东或关联单位领取报酬津贴": "否",
      "在任与否": "是"
    },
    {
      "领导人姓名": "李远扬",
      "职位描述": "独立董事",
      "期初持股数": "",
      "期末持股数": "",
      "间接持股数": "",
      "从公司获得年度报酬总额": "80000",
      "补贴津贴": "80000",
      "变动原因说明": "",
      "是否在股东或关联单位领取报酬津贴": "否",
      "在任与否": "是"
    },
    {
      "领导人姓名": "蒋浩",
      "职位描述": "财务总监",
      "期初持股数": "0",
      "期末持股数": "0",
      "间接持股数": "",
      "从公司获得年度报酬总额": "432700",
      "补贴津贴": "",
      "变动原因说明": "/",
      "是否在股东或关联单位领取报酬津贴": "否",
      "在任与否": "是"
    },
    {
      "领导人姓名": "贾云",
      "职位描述": "董事会秘书",
      "期初持股数": "0",
      "期末持股数": "0",
      "间接持股数": "",
      "从公司获得年度报酬总额": "391500",
      "补贴津贴": "",
      "变动原因说明": "/",
      "是否在股东或关联单位领取报酬津贴": "否",
      "在任与否": "是"
    }
  ]
}

=== 300563-2026-04-21-神宇股份-2025年年度报告.pdf ===
{
  "Leader_Salary_data": {
    "实际所得报酬总额起始": "",
    "实际所得报酬总额截止": "",
    "实际所得报酬总额涉及人数": ""
  },
  "Leader_Hold_data": [
    {
      "领导人姓名": "任凤娟",
      "职位描述": "董事长",
      "期初持股数": "36392600",
      "期末持股数": "36110800",
      "间接持股数": "",
      "从公司获得年度报酬总额": "980000",
      "补贴津贴": "",
      "变动原因说明": "自身资金需求减持股份",
      "是否在股东或关联单位领取报酬津贴": "是",
      "在任与否": "是"
    },
    {
      "领导人姓名": "汤晓楠",
      "职位描述": "副董事长、总经理",
      "期初持股数": "29906000",
      "期末持股数": "29906000",
      "间接持股数": "",
      "从公司获得年度报酬总额": "497000",
      "补贴津贴": "",
      "变动原因说明": "",
      "是否在股东或关联单位领取报酬津贴": "否",
      "在任与否": "是"
    },
    {
      "领导人姓名": "陈宏",
      "职位描述": "董事、副总经理",
      "期初持股数": "0",
      "期末持股数": "196000",
      "间接持股数": "",
      "从公司获得年度报酬总额": "516600",
      "补贴津贴": "",
      "变动原因说明": "股权激励归属",
      "是否在股东或关联单位领取报酬津贴": "否",
      "在任与否": "是"
    },
    {
      "领导人姓名": "陆嵘华",
      "职位描述": "董事、副总经理",
      "期初持股数": "0",
      "期末持股数": "194000",
      "间接持股数": "",
      "从公司获得年度报酬总额": "550200",
      "补贴津贴": "",
      "变动原因说明": "股权激励归属",
      "是否在股东或关联单位领取报酬津贴": "否",
      "在任与否": "是"
    },
    {
      "领导人姓名": "顾吉峰",
      "职位描述": "职工代表董事",
      "期初持股数": "0",
      "期末持股数": "0",
      "间接持股数": "",
      "从公司获得年度报酬总额": "22400",
      "补贴津贴": "",
      "变动原因说明": "",
      "是否在股东或关联单位领取报酬津贴": "否",
      "在任与否": "是"
    },
    {
      "领导人姓名": "奚海清",
      "职位描述": "独立董事",
      "期初持股数": "0",
      "期末持股数": "0",
      "间接持股数": "",
      "从公司获得年度报酬总额": "20000",
      "补贴津贴": "",
      "变动原因说明": "",
      "是否在股东或关联单位领取报酬津贴": "否",
      "在任与否": "否"
    },
    {
      "领导人姓名": "刘刚",
      "职位描述": "独立董事",
      "期初持股数": "0",
      "期末持股数": "0",
      "间接持股数": "",
      "从公司获得年度报酬总额": "60000",
      "补贴津贴": "",
      "变动原因说明": "",
      "是否在股东或关联单位领取报酬津贴": "否",
      "在任与否": "是"
    },
    {
      "领导人姓名": "汪激清",
      "职位描述": "独立董事",
      "期初持股数": "0",
      "期末持股数": "0",
      "间接持股数": "",
      "从公司获得年度报酬总额": "60000",
      "补贴津贴": "",
      "变动原因说明": "",
      "是否在股东或关联单位领取报酬津贴": "否",
      "在任与否": "是"
    },
    {
      "领导人姓名": "沈永锋",
      "职位描述": "独立董事",
      "期初持股数": "0",
      "期末持股数": "0",
      "间接持股数": "",
      "从公司获得年度报酬总额": "40000",
      "补贴津贴": "",
      "变动原因说明": "",
      "是否在股东或关联单位领取报酬津贴": "否",
      "在任与否": "是"
    },
    {
      "领导人姓名": "顾桂新",
      "职位描述": "董事会秘书、财务负责人",
      "期初持股数": "0",
      "期末持股数": "0",
      "间接持股数": "",
      "从公司获得年度报酬总额": "496500",
      "补贴津贴": "",
      "变动原因说明": "",
      "是否在股东或关联单位领取报酬津贴": "否",
      "在任与否": "是"
    },
    {
      "领导人姓名": "刘青",
      "职位描述": "副总经理",
      "期初持股数": "0",
      "期末持股数": "232000",
      "间接持股数": "",
      "从公司获得年度报酬总额": "618700",
      "补贴津贴": "",
      "变动原因说明": "股权激励归属",
      "是否在股东或关联单位领取报酬津贴": "否",
      "在任与否": "是"
    },
    {
      "领导人姓名": "刘斌",
      "职位描述": "副总经理",
      "期初持股数": "0",
      "期末持股数": "244000",
      "间接持股数": "",
      "从公司获得年度报酬总额": "1157300",
      "补贴津贴": "",
      "变动原因说明": "股权激励归属",
      "是否在股东或关联单位领取报酬津贴": "否",
      "在任与否": "是"
    },
    {
      "领导人姓名": "殷刘碗",
      "职位描述": "财务负责人",
      "期初持股数": "0",
      "期末持股数": "0",
      "间接持股数": "",
      "从公司获得年度报酬总额": "185000",
      "补贴津贴": "",
      "变动原因说明": "",
      "是否在股东或关联单位领取报酬津贴": "否",
      "在任与否": "是"
    }
  ]
}

=== 300880-2026-04-21-迦南智能-2025年年度报告.pdf ===
{
  "Leader_Salary_data": {
    "实际所得报酬总额起始": "",
    "实际所得报酬总额截止": "",
    "实际所得报酬总额涉及人数": ""
  },
  "Leader_Hold_data": [
    {
      "领导人姓名": "章恩友",
      "职位描述": "董事长、总经理",
      "期初持股数": "",
      "期末持股数": "",
      "间接持股数": "",
      "从公司获得年度报酬总额": 893200,
      "补贴津贴": "",
      "变动原因说明": "",
      "是否在股东或关联单位领取报酬津贴": "否",
      "在任与否": "是"
    },
    {
      "领导人姓名": "蒋卫平",
      "职位描述": "董事、副总经理",
      "期初持股数": "",
      "期末持股数": "",
      "间接持股数": "",
      "从公司获得年度报酬总额": 452300,
      "补贴津贴": "",
      "变动原因说明": "",
      "是否在股东或关联单位领取报酬津贴": "否",
      "在任与否": "是"
    },
    {
      "领导人姓名": "王立明",
      "职位描述": "职工代表董事",
      "期初持股数": "",
      "期末持股数": "",
      "间接持股数": "",
      "从公司获得年度报酬总额": 30500,
      "补贴津贴": "",
      "变动原因说明": "",
      "是否在股东或关联单位领取报酬津贴": "否",
      "在任与否": "是"
    },
    {
      "领导人姓名": "黄春龙",
      "职位描述": "独立董事",
      "期初持股数": "",
      "期末持股数": "",
      "间接持股数": "",
      "从公司获得年度报酬总额": 80000,
      "补贴津贴": "80000",
      "变动原因说明": "",
      "是否在股东或关联单位领取报酬津贴": "否",
      "在任与否": "是"
    },
    {
      "领导人姓名": "郝为民",
      "职位描述": "独立董事",
      "期初持股数": "",
      "期末持股数": "",
      "间接持股数": "",
      "从公司获得年度报酬总额": 80000,
      "补贴津贴": "80000",
      "变动原因说明": "",
      "是否在股东或关联单位领取报酬津贴": "否",
      "在任与否": "是"
    },
    {
      "领导人姓名": "庞鹤",
      "职位描述": "独立董事",
      "期初持股数": "",
      "期末持股数": "",
      "间接持股数": "",
      "从公司获得年度报酬总额": 80000,
      "补贴津贴": "80000",
      "变动原因说明": "",
      "是否在股东或关联单位领取报酬津贴": "否",
      "在任与否": "是"
    },
    {
      "领导人姓名": "黄保柱",
      "职位描述": "副总经理",
      "期初持股数": "",
      "期末持股数": "",
      "间接持股数": "",
      "从公司获得年度报酬总额": 59400,
      "补贴津贴": "",
      "变动原因说明": "",
      "是否在股东或关联单位领取报酬津贴": "否",
      "在任与否": "是"
    },
    {
      "领导人姓名": "李楠",
      "职位描述": "董事会秘书、财务总监",
      "期初持股数": "",
      "期末持股数": "",
      "间接持股数": "",
      "从公司获得年度报酬总额": 410300,
      "补贴津贴": "",
      "变动原因说明": "",
      "是否在股东或关联单位领取报酬津贴": "否",
      "在任与否": "是"
    },
    {
      "领导人姓名": "龙翔林",
      "职位描述": "副总经理",
      "期初持股数": "",
      "期末持股数": "",
      "间接持股数": "",
      "从公司获得年度报酬总额": 423000,
      "补贴津贴": "",
      "变动原因说明": "",
      "是否在股东或关联单位领取报酬津贴": "否",
      "在任与否": "否"
    }
  ]
}

=== 300593-2026-04-21-新雷能-2025年年度报告.pdf ===
{
  "Leader_Salary_data": {
    "实际所得报酬总额起始": "7381900",
    "实际所得报酬总额截止": "7381900",
    "实际所得报酬总额涉及人数": ""
  },
  "Leader_Hold_data": [
    {
      "领导人姓名": "王彬",
      "职位描述": "董事长、总经理",
      "期初持股数": "104957909",
      "期末持股数": "104957909",
      "间接持股数": "",
      "从公司获得年度报酬总额": "943100",
      "补贴津贴": "",
      "变动原因说明": "",
      "是否在股东或关联单位领取报酬津贴": "否",
      "在任与否": "是"
    },
    {
      "领导人姓名": "杜永生",
      "职位描述": "董事、副总经理",
      "期初持股数": "5608450",
      "期末持股数": "5608450",
      "间接持股数": "",
      "从公司获得年度报酬总额": "957100",
      "补贴津贴": "",
      "变动原因说明": "",
      "是否在股东或关联单位领取报酬津贴": "否",
      "在任与否": "是"
    },
    {
      "领导人姓名": "刘志宇",
      "职位描述": "董事、副总经理",
      "期初持股数": "2434432",
      "期末持股数": "2434432",
      "间接持股数": "",
      "从公司获得年度报酬总额": "843600",
      "补贴津贴": "",
      "变动原因说明": "",
      "是否在股东或关联单位领取报酬津贴": "否",
      "在任与否": "是"
    },
    {
      "领导人姓名": "骆智",
      "职位描述": "职工代表董事",
      "期初持股数": "0",
      "期末持股数": "0",
      "间接持股数": "",
      "从公司获得年度报酬总额": "561300",
      "补贴津贴": "",
      "变动原因说明": "",
      "是否在股东或关联单位领取报酬津贴": "否",
      "在任与否": "是"
    },
    {
      "领导人姓名": "尚春",
      "职位描述": "董事",
      "期初持股数": "0",
      "期末持股数": "0",
      "间接持股数": "",
      "从公司获得年度报酬总额": "587300",
      "补贴津贴": "",
      "变动原因说明": "",
      "是否在股东或关联单位领取报酬津贴": "否",
      "在任与否": "是"
    },
    {
      "领导人姓名": "乔晓林",
      "职位描述": "独立董事",
      "期初持股数": "0",
      "期末持股数": "0",
      "间接持股数": "",
      "从公司获得年度报酬总额": "150000",
      "补贴津贴": "150000",
      "变动原因说明": "",
      "是否在股东或关联单位领取报酬津贴": "否",
      "在任与否": "是"
    },
    {
      "领导人姓名": "卢海涛",
      "职位描述": "独立董事",
      "期初持股数": "0",
      "期末持股数": "0",
      "间接持股数": "",
      "从公司获得年度报酬总额": "150000",
      "补贴津贴": "150000",
      "变动原因说明": "",
      "是否在股东或关联单位领取报酬津贴": "否",
      "在任与否": "是"
    },
    {
      "领导人姓名": "朱义章",
      "职位描述": "独立董事",
      "期初持股数": "0",
      "期末持股数": "0",
      "间接持股数": "",
      "从公司获得年度报酬总额": "150000",
      "补贴津贴": "150000",
      "变动原因说明": "",
      "是否在股东或关联单位领取报酬津贴": "否",
      "在任与否": "是"
    },
    {
      "领导人姓名": "黄建华",
      "职位描述": "独立董事",
      "期初持股数": "0",
      "期末持股数": "0",
      "间接持股数": "",
      "从公司获得年度报酬总额": "150000",
      "补贴津贴": "150000",
      "变动原因说明": "",
      "是否在股东或关联单位领取报酬津贴": "否",
      "在任与否": "是"
    },
    {
      "领导人姓名": "王华燕",
      "职位描述": "董事会秘书、财务总监、副总经理",
      "期初持股数": "1793792",
      "期末持股数": "1793792",
      "间接持股数": "",
      "从公司获得年度报酬总额": "748700",
      "补贴津贴": "",
      "变动原因说明": "",
      "是否在股东或关联单位领取报酬津贴": "否",
      "在任与否": "是"
    },
    {
      "领导人姓名": "郭霄飞",
      "职位描述": "副总经理",
      "期初持股数": "301683",
      "期末持股数": "301683",
      "间接持股数": "",
      "从公司获得年度报酬总额": "668000",
      "补贴津贴": "",
      "变动原因说明": "",
      "是否在股东或关联单位领取报酬津贴": "否",
      "在任与否": "是"
    },
    {
      "领导人姓名": "乐新风",
      "职位描述": "副总经理",
      "期初持股数": "46592",
      "期末持股数": "46592",
      "间接持股数": "",
      "从公司获得年度报酬总额": "650000",
      "补贴津贴": "",
      "变动原因说明": "",
      "是否在股东或关联单位领取报酬津贴": "否",
      "在任与否": "是"
    },
    {
      "领导人姓名": "王士民",
      "职位描述": "董事、副总经理",
      "期初持股数": "4972794",
      "期末持股数": "4972794",
      "间接持股数": "",
      "从公司获得年度报酬总额": "822800",
      "补贴津贴": "",
      "变动原因说明": "",
      "是否在股东或关联单位领取报酬津贴": "否",
      "在任与否": "否"
    }
  ]
}

=== 300743-2026-04-21-天地数码-2025年年度报告.pdf ===
{
  "Leader_Salary_data": {
    "实际所得报酬总额起始": "",
    "实际所得报酬总额截止": "",
    "实际所得报酬总额涉及人数": ""
  },
  "Leader_Hold_data": [
    {
      "领导人姓名": "韩琼",
      "职位描述": "董事长、总经理",
      "期初持股数": "14129549",
      "期末持股数": "14129549",
      "间接持股数": "",
      "从公司获得年度报酬总额": "3082600",
      "补贴津贴": "",
      "变动原因说明": "",
      "是否在股东或关联单位领取报酬津贴": "否",
      "在任与否": "是"
    },
    {
      "领导人姓名": "刘建海",
      "职位描述": "董事、副董事长",
      "期初持股数": "17016561",
      "期末持股数": "17016561",
      "间接持股数": "",
      "从公司获得年度报酬总额": "471800",
      "补贴津贴": "",
      "变动原因说明": "",
      "是否在股东或关联单位领取报酬津贴": "是",
      "在任与否": "是"
    },
    {
      "领导人姓名": "周新春",
      "职位描述": "董事、副总经理",
      "期初持股数": "73200",
      "期末持股数": "73200",
      "间接持股数": "",
      "从公司获得年度报酬总额": "955500",
      "补贴津贴": "",
      "变动原因说明": "",
      "是否在股东或关联单位领取报酬津贴": "否",
      "在任与否": "是"
    },
    {
      "领导人姓名": "江勇",
      "职位描述": "董事、副总经理",
      "期初持股数": "45092",
      "期末持股数": "45092",
      "间接持股数": "",
      "从公司获得年度报酬总额": "557600",
      "补贴津贴": "",
      "变动原因说明": "",
      "是否在股东或关联单位领取报酬津贴": "否",
      "在任与否": "是"
    },
    {
      "领导人姓名": "刘辉",
      "职位描述": "董事、副总经理",
      "期初持股数": "144403",
      "期末持股数": "144403",
      "间接持股数": "",
      "从公司获得年度报酬总额": "1105300",
      "补贴津贴": "",
      "变动原因说明": "",
      "是否在股东或关联单位领取报酬津贴": "否",
      "在任与否": "是"
    },
    {
      "领导人姓名": "宋志伟",
      "职位描述": "董事",
      "期初持股数": "0",
      "期末持股数": "0",
      "间接持股数": "",
      "从公司获得年度报酬总额": "0",
      "补贴津贴": "",
      "变动原因说明": "",
      "是否在股东或关联单位领取报酬津贴": "是",
      "在任与否": "否"
    },
    {
      "领导人姓名": "冯冬芹",
      "职位描述": "独立董事",
      "期初持股数": "0",
      "期末持股数": "0",
      "间接持股数": "",
      "从公司获得年度报酬总额": "80000",
      "补贴津贴": "80000",
      "变动原因说明": "",
      "是否在股东或关联单位领取报酬津贴": "否",
      "在任与否": "是"
    },
    {
      "领导人姓名": "徐强国",
      "职位描述": "独立董事",
      "期初持股数": "0",
      "期末持股数": "0",
      "间接持股数": "",
      "从公司获得年度报酬总额": "80000",
      "补贴津贴": "80000",
      "变动原因说明": "",
      "是否在股东或关联单位领取报酬津贴": "否",
      "在任与否": "是"
    },
    {
      "领导人姓名": "潘雄",
      "职位描述": "独立董事",
      "期初持股数": "0",
      "期末持股数": "0",
      "间接持股数": "",
      "从公司获得年度报酬总额": "80000",
      "补贴津贴": "80000",
      "变动原因说明": "",
      "是否在股东或关联单位领取报酬津贴": "否",
      "在任与否": "是"
    },
    {
      "领导人姓名": "吴新华",
      "职位描述": "职工代表董事",
      "期初持股数": "0",
      "期末持股数": "0",
      "间接持股数": "",
      "从公司获得年度报酬总额": "696800",
      "补贴津贴": "",
      "变动原因说明": "",
      "是否在股东或关联单位领取报酬津贴": "否",
      "在任与否": "是"
    },
    {
      "领导人姓名": "吕玫航",
      "职位描述": "副总经理、董事会秘书",
      "期初持股数": "29991",
      "期末持股数": "29991",
      "间接持股数": "",
      "从公司获得年度报酬总额": "334500",
      "补贴津贴": "",
      "变动原因说明": "",
      "是否在股东或关联单位领取报酬津贴": "否",
      "在任与否": "是"
    },
    {
      "领导人姓名": "董立奇",
      "职位描述": "财务总监",
      "期初持股数": "89454",
      "期末持股数": "89454",
      "间接持股数": "",
      "从公司获得年度报酬总额": "710300",
      "补贴津贴": "",
      "变动原因说明": "",
      "是否在股东或关联单位领取报酬津贴": "否",
      "在任与否": "是"
    }
  ]
}

=== 301005-2026-04-21-超捷股份-2025年年度报告.pdf ===
{
  "Leader_Salary_data": {
    "实际所得报酬总额起始": "",
    "实际所得报酬总额截止": "",
    "实际所得报酬总额涉及人数": ""
  },
  "Leader_Hold_data": [
    {
      "领导人姓名": "宋广东",
      "职位描述": "董事长、总经理",
      "期初持股数": "0",
      "期末持股数": "0",
      "间接持股数": "",
      "从公司获得年度报酬总额": "645800",
      "补贴津贴": "",
      "变动原因说明": "",
      "是否在股东或关联单位领取报酬津贴": "否",
      "在任与否": "是"
    },
    {
      "领导人姓名": "义勤峰",
      "职位描述": "董事、副总经理",
      "期初持股数": "80600",
      "期末持股数": "40300",
      "间接持股数": "",
      "从公司获得年度报酬总额": "375100",
      "补贴津贴": "",
      "变动原因说明": "回购注销部分限制性股票",
      "是否在股东或关联单位领取报酬津贴": "否",
      "在任与否": "是"
    },
    {
      "领导人姓名": "周家乐",
      "职位描述": "董事",
      "期初持股数": "1873196",
      "期末持股数": "1844726",
      "间接持股数": "",
      "从公司获得年度报酬总额": "846800",
      "补贴津贴": "",
      "变动原因说明": "回购注销部分限制性股票",
      "是否在股东或关联单位领取报酬津贴": "否",
      "在任与否": "是"
    },
    {
      "领导人姓名": "罗渊研",
      "职位描述": "职工代表董事",
      "期初持股数": "0",
      "期末持股数": "0",
      "间接持股数": "",
      "从公司获得年度报酬总额": "235800",
      "补贴津贴": "",
      "变动原因说明": "",
      "是否在股东或关联单位领取报酬津贴": "否",
      "在任与否": "是"
    },
    {
      "领导人姓名": "陆先忠",
      "职位描述": "独立董事",
      "期初持股数": "0",
      "期末持股数": "0",
      "间接持股数": "",
      "从公司获得年度报酬总额": "10100",
      "补贴津贴": "80000",
      "变动原因说明": "",
      "是否在股东或关联单位领取报酬津贴": "否",
      "在任与否": "是"
    },
    {
      "领导人姓名": "于振中",
      "职位描述": "独立董事",
      "期初持股数": "0",
      "期末持股数": "0",
      "间接持股数": "",
      "从公司获得年度报酬总额": "10100",
      "补贴津贴": "80000",
      "变动原因说明": "",
      "是否在股东或关联单位领取报酬津贴": "否",
      "在任与否": "是"
    },
    {
      "领导人姓名": "李新安",
      "职位描述": "副总经理",
      "期初持股数": "98800",
      "期末持股数": "49400",
      "间接持股数": "",
      "从公司获得年度报酬总额": "497400",
      "补贴津贴": "",
      "变动原因说明": "回购注销部分限制性股票",
      "是否在股东或关联单位领取报酬津贴": "否",
      "在任与否": "是"
    },
    {
      "领导人姓名": "李红涛",
      "职位描述": "董事会秘书、财务总监",
      "期初持股数": "66300",
      "期末持股数": "33150",
      "间接持股数": "",
      "从公司获得年度报酬总额": "581200",
      "补贴津贴": "",
      "变动原因说明": "回购注销部分限制性股票",
      "是否在股东或关联单位领取报酬津贴": "否",
      "在任与否": "是"
    },
    {
      "领导人姓名": "赵鹏飞",
      "职位描述": "独立董事",
      "期初持股数": "0",
      "期末持股数": "0",
      "间接持股数": "",
      "从公司获得年度报酬总额": "70100",
      "补贴津贴": "",
      "变动原因说明": "",
      "是否在股东或关联单位领取报酬津贴": "否",
      "在任与否": "否"
    },
    {
      "领导人姓名": "左敦稳",
      "职位描述": "独立董事",
      "期初持股数": "0",
      "期末持股数": "0",
      "间接持股数": "",
      "从公司获得年度报酬总额": "70100",
      "补贴津贴": "",
      "变动原因说明": "",
      "是否在股东或关联单位领取报酬津贴": "否",
      "在任与否": "否"
    }
  ]
}

=== 300690-2026-04-21-双一科技-2025年年度报告.pdf ===
{
  "Leader_Salary_data": {
    "实际所得报酬总额起始": "",
    "实际所得报酬总额截止": "",
    "实际所得报酬总额涉及人数": ""
  },
  "Leader_Hold_data": [
    {
      "领导人姓名": "王庆华",
      "职位描述": "董事长",
      "期初持股数": "61554663",
      "期末持股数": "60644663",
      "间接持股数": "",
      "从公司获得年度报酬总额": "611100",
      "补贴津贴": "",
      "变动原因说明": "因个人资金需求通过大宗交易减持的股份",
      "是否在股东或关联单位领取报酬津贴": "否",
      "在任与否": "是"
    },
    {
      "领导人姓名": "姚建美",
      "职位描述": "董事、总经理",
      "期初持股数": "1423310",
      "期末持股数": "1423310",
      "间接持股数": "",
      "从公司获得年度报酬总额": "1572100",
      "补贴津贴": "",
      "变动原因说明": "",
      "是否在股东或关联单位领取报酬津贴": "否",
      "在任与否": "是"
    },
    {
      "领导人姓名": "赵福城",
      "职位描述": "董事、常务副总经理",
      "期初持股数": "2087779",
      "期末持股数": "2087779",
      "间接持股数": "",
      "从公司获得年度报酬总额": "683500",
      "补贴津贴": "",
      "变动原因说明": "",
      "是否在股东或关联单位领取报酬津贴": "否",
      "在任与否": "是"
    },
    {
      "领导人姓名": "孔令辉",
      "职位描述": "董事、分公司经理",
      "期初持股数": "",
      "期末持股数": "1432443",
      "间接持股数": "",
      "从公司获得年度报酬总额": "602500",
      "补贴津贴": "",
      "变动原因说明": "",
      "是否在股东或关联单位领取报酬津贴": "否",
      "在任与否": "是"
    },
    {
      "领导人姓名": "崔海军",
      "职位描述": "董事、技术总工",
      "期初持股数": "504815",
      "期末持股数": "504815",
      "间接持股数": "",
      "从公司获得年度报酬总额": "627400",
      "补贴津贴": "",
      "变动原因说明": "",
      "是否在股东或关联单位领取报酬津贴": "否",
      "在任与否": "是"
    },
    {
      "领导人姓名": "黄宇",
      "职位描述": "董事",
      "期初持股数": "",
      "期末持股数": "",
      "间接持股数": "",
      "从公司获得年度报酬总额": "60000",
      "补贴津贴": "60000",
      "变动原因说明": "",
      "是否在股东或关联单位领取报酬津贴": "否",
      "在任与否": "是"
    },
    {
      "领导人姓名": "李彬",
      "职位描述": "独立董事",
      "期初持股数": "",
      "期末持股数": "",
      "间接持股数": "",
      "从公司获得年度报酬总额": "60000",
      "补贴津贴": "60000",
      "变动原因说明": "",
      "是否在股东或关联单位领取报酬津贴": "否",
      "在任与否": "是"
    },
    {
      "领导人姓名": "崔振进",
      "职位描述": "独立董事",
      "期初持股数": "",
      "期末持股数": "",
      "间接持股数": "",
      "从公司获得年度报酬总额": "60000",
      "补贴津贴": "60000",
      "变动原因说明": "",
      "是否在股东或关联单位领取报酬津贴": "否",
      "在任与否": "是"
    },
    {
      "领导人姓名": "周勇",
      "职位描述": "独立董事",
      "期初持股数": "",
      "期末持股数": "",
      "间接持股数": "",
      "从公司获得年度报酬总额": "30000",
      "补贴津贴": "30000",
      "变动原因说明": "",
      "是否在股东或关联单位领取报酬津贴": "否",
      "在任与否": "否"
    },
    {
      "领导人姓名": "魏建",
      "职位描述": "独立董事",
      "期初持股数": "",
      "期末持股数": "",
      "间接持股数": "",
      "从公司获得年度报酬总额": "30000",
      "补贴津贴": "30000",
      "变动原因说明": "",
      "是否在股东或关联单位领取报酬津贴": "否",
      "在任与否": "是"
    },
    {
      "领导人姓名": "张俊霞",
      "职位描述": "监事",
      "期初持股数": "3352310",
      "期末持股数": "3352310",
      "间接持股数": "",
      "从公司获得年度报酬总额": "",
      "补贴津贴": "",
      "变动原因说明": "",
      "是否在股东或关联单位领取报酬津贴": "",
      "在任与否": "否"
    },
    {
      "领导人姓名": "任玉升",
      "职位描述": "监事",
      "期初持股数": "285516",
      "期末持股数": "285516",
      "间接持股数": "",
      "从公司获得年度报酬总额": "",
      "补贴津贴": "",
      "变动原因说明": "",
      "是否在股东或关联单位领取报酬津贴": "",
      "在任与否": "否"
    },
    {
      "领导人姓名": "赵东勇",
      "职位描述": "监事",
      "期初持股数": "",
      "期末持股数": "",
      "间接持股数": "",
      "从公司获得年度报酬总额": "",
      "补贴津贴": "",
      "变动原因说明": "",
      "是否在股东或关联单位领取报酬津贴": "",
      "在任与否": "否"
    },
    {
      "领导人姓名": "张勇",
      "职位描述": "监事",
      "期初持股数": "",
      "期末持股数": "",
      "间接持股数": "",
      "从公司获得年度报酬总额": "",
      "补贴津贴": "",
      "变动原因说明": "",
      "是否在股东或关联单位领取报酬津贴": "",
      "在任与否": "否"
    },
    {
      "领导人姓名": "张胜强",
      "职位描述": "副总经理",
      "期初持股数": "909810",
      "期末持股数": "859810",
      "间接持股数": "",
      "从公司获得年度报酬总额": "526800",
      "补贴津贴": "",
      "变动原因说明": "",
      "是否在股东或关联单位领取报酬津贴": "否",
      "在任与否": "是"
    },
    {
      "领导人姓名": "王凯",
      "职位描述": "副总经理、分公司经理",
      "期初持股数": "238436",
      "期末持股数": "238436",
      "间接持股数": "",
      "从公司获得年度报酬总额": "640700",
      "补贴津贴": "",
      "变动原因说明": "",
      "是否在股东或关联单位领取报酬津贴": "否",
      "在任与否": "是"
    },
    {
      "领导人姓名": "韩庆广",
      "职位描述": "财务总监",
      "期初持股数": "",
      "期末持股数": "",
      "间接持股数": "",
      "从公司获得年度报酬总额": "540800",
      "补贴津贴": "",
      "变动原因说明": "",
      "是否在股东或关联单位领取报酬津贴": "否",
      "在任与否": "是"
    },
    {
      "领导人姓名": "王首扬",
      "职位描述": "董事会秘书",
      "期初持股数": "9900",
      "期末持股数": "9900",
      "间接持股数": "",
      "从公司获得年度报酬总额": "462600",
      "补贴津贴": "",
      "变动原因说明": "",
      "是否在股东或关联单位领取报酬津贴": "否",
      "在任与否": "是"
    }
  ]
}

=== 300917-2026-04-21-特发服务-2025年年度报告.pdf ===
{
  "Leader_Salary_data": {
    "实际所得报酬总额起始": "",
    "实际所得报酬总额截止": "",
    "实际所得报酬总额涉及人数": ""
  },
  "Leader_Hold_data": [
    {
      "领导人姓名": "陈宝杰",
      "职位描述": "董事、董事长",
      "期初持股数": "0",
      "期末持股数": "0",
      "间接持股数": "",
      "从公司获得年度报酬总额": "1342100",
      "补贴津贴": "",
      "变动原因说明": "",
      "是否在股东或关联单位领取报酬津贴": "否",
      "在任与否": "是"
    },
    {
      "领导人姓名": "崔平",
      "职位描述": "董事、总经理",
      "期初持股数": "0",
      "期末持股数": "0",
      "间接持股数": "",
      "从公司获得年度报酬总额": "1275100",
      "补贴津贴": "",
      "变动原因说明": "",
      "是否在股东或关联单位领取报酬津贴": "否",
      "在任与否": "是"
    },
    {
      "领导人姓名": "车晓昕",
      "职位描述": "独立董事",
      "期初持股数": "0",
      "期末持股数": "0",
      "间接持股数": "",
      "从公司获得年度报酬总额": "90000",
      "补贴津贴": "90000",
      "变动原因说明": "",
      "是否在股东或关联单位领取报酬津贴": "否",
      "在任与否": "是"
    },
    {
      "领导人姓名": "廖森林",
      "职位描述": "独立董事",
      "期初持股数": "0",
      "期末持股数": "0",
      "间接持股数": "",
      "从公司获得年度报酬总额": "90000",
      "补贴津贴": "90000",
      "变动原因说明": "",
      "是否在股东或关联单位领取报酬津贴": "否",
      "在任与否": "是"
    },
    {
      "领导人姓名": "曹阳",
      "职位描述": "独立董事",
      "期初持股数": "0",
      "期末持股数": "0",
      "间接持股数": "",
      "从公司获得年度报酬总额": "90000",
      "补贴津贴": "90000",
      "变动原因说明": "",
      "是否在股东或关联单位领取报酬津贴": "否",
      "在任与否": "是"
    },
    {
      "领导人姓名": "王超",
      "职位描述": "董事",
      "期初持股数": "0",
      "期末持股数": "0",
      "间接持股数": "",
      "从公司获得年度报酬总额": "",
      "补贴津贴": "",
      "变动原因说明": "",
      "是否在股东或关联单位领取报酬津贴": "",
      "在任与否": "是"
    },
    {
      "领导人姓名": "冯宇",
      "职位描述": "董事",
      "期初持股数": "0",
      "期末持股数": "0",
      "间接持股数": "",
      "从公司获得年度报酬总额": "1107700",
      "补贴津贴": "",
      "变动原因说明": "",
      "是否在股东或关联单位领取报酬津贴": "否",
      "在任与否": "是"
    },
    {
      "领导人姓名": "杨玉姣",
      "职位描述": "董事",
      "期初持股数": "0",
      "期末持股数": "0",
      "间接持股数": "",
      "从公司获得年度报酬总额": "",
      "补贴津贴": "",
      "变动原因说明": "",
      "是否在股东或关联单位领取报酬津贴": "",
      "在任与否": "是"
    },
    {
      "领导人姓名": "樊锦杰",
      "职位描述": "董事",
      "期初持股数": "0",
      "期末持股数": "0",
      "间接持股数": "",
      "从公司获得年度报酬总额": "",
      "补贴津贴": "",
      "变动原因说明": "",
      "是否在股东或关联单位领取报酬津贴": "",
      "在任与否": "是"
    },
    {
      "领导人姓名": "何能文",
      "职位描述": "副总经理",
      "期初持股数": "0",
      "期末持股数": "0",
      "间接持股数": "",
      "从公司获得年度报酬总额": "1386100",
      "补贴津贴": "",
      "变动原因说明": "",
      "是否在股东或关联单位领取报酬津贴": "否",
      "在任与否": "是"
    },
    {
      "领导人姓名": "王立涛",
      "职位描述": "副总经理",
      "期初持股数": "0",
      "期末持股数": "0",
      "间接持股数": "",
      "从公司获得年度报酬总额": "1371100",
      "补贴津贴": "",
      "变动原因说明": "",
      "是否在股东或关联单位领取报酬津贴": "否",
      "在任与否": "是"
    },
    {
      "领导人姓名": "尹玉刚",
      "职位描述": "副总经理",
      "期初持股数": "0",
      "期末持股数": "0",
      "间接持股数": "",
      "从公司获得年度报酬总额": "1295300",
      "补贴津贴": "",
      "变动原因说明": "",
      "是否在股东或关联单位领取报酬津贴": "否",
      "在任与否": "是"
    },
    {
      "领导人姓名": "关宇",
      "职位描述": "副总经理",
      "期初持股数": "0",
      "期末持股数": "0",
      "间接持股数": "",
      "从公司获得年度报酬总额": "376100",
      "补贴津贴": "",
      "变动原因说明": "",
      "是否在股东或关联单位领取报酬津贴": "否",
      "在任与否": "否"
    },
    {
      "领导人姓名": "戴志伟",
      "职位描述": "财务总监",
      "期初持股数": "0",
      "期末持股数": "0",
      "间接持股数": "",
      "从公司获得年度报酬总额": "782900",
      "补贴津贴": "",
      "变动原因说明": "",
      "是否在股东或关联单位领取报酬津贴": "否",
      "在任与否": "是"
    },
    {
      "领导人姓名": "任俊霏",
      "职位描述": "董事会秘书",
      "期初持股数": "0",
      "期末持股数": "0",
      "间接持股数": "",
      "从公司获得年度报酬总额": "602600",
      "补贴津贴": "",
      "变动原因说明": "",
      "是否在股东或关联单位领取报酬津贴": "否",
      "在任与否": "是"
    }
  ]
}

=== 301049-2026-04-21-超越科技-2025年年度报告.pdf ===
{
  "Leader_Salary_data": {
    "实际所得报酬总额起始": "3687200",
    "实际所得报酬总额截止": "3687200",
    "实际所得报酬总额涉及人数": ""
  },
  "Leader_Hold_data": [
    {
      "领导人姓名": "高志江",
      "职位描述": "董事长",
      "期初持股数": "27427720",
      "期末持股数": "27427720",
      "间接持股数": "",
      "从公司获得年度报酬总额": "764600",
      "补贴津贴": "",
      "变动原因说明": "",
      "是否在股东或关联单位领取报酬津贴": "否",
      "在任与否": "是"
    },
    {
      "领导人姓名": "李光荣",
      "职位描述": "董事、总经理",
      "期初持股数": "27427720",
      "期末持股数": "27427720",
      "间接持股数": "",
      "从公司获得年度报酬总额": "644600",
      "补贴津贴": "",
      "变动原因说明": "",
      "是否在股东或关联单位领取报酬津贴": "否",
      "在任与否": "是"
    },
    {
      "领导人姓名": "高德堃",
      "职位描述": "董事",
      "期初持股数": "13713860",
      "期末持股数": "13713860",
      "间接持股数": "",
      "从公司获得年度报酬总额": "525200",
      "补贴津贴": "",
      "变动原因说明": "",
      "是否在股东或关联单位领取报酬津贴": "否",
      "在任与否": "是"
    },
    {
      "领导人姓名": "蒋龙进",
      "职位描述": "董事、副总经理",
      "期初持股数": "",
      "期末持股数": "",
      "间接持股数": "",
      "从公司获得年度报酬总额": "404500",
      "补贴津贴": "",
      "变动原因说明": "",
      "是否在股东或关联单位领取报酬津贴": "否",
      "在任与否": "是"
    },
    {
      "领导人姓名": "方海欧",
      "职位描述": "职工代表董事",
      "期初持股数": "",
      "期末持股数": "",
      "间接持股数": "",
      "从公司获得年度报酬总额": "134200",
      "补贴津贴": "",
      "变动原因说明": "",
      "是否在股东或关联单位领取报酬津贴": "否",
      "在任与否": "是"
    },
    {
      "领导人姓名": "木利民",
      "职位描述": "独立董事",
      "期初持股数": "",
      "期末持股数": "",
      "间接持股数": "",
      "从公司获得年度报酬总额": "71400",
      "补贴津贴": "",
      "变动原因说明": "",
      "是否在股东或关联单位领取报酬津贴": "否",
      "在任与否": "是"
    },
    {
      "领导人姓名": "彭征安",
      "职位描述": "独立董事",
      "期初持股数": "",
      "期末持股数": "",
      "间接持股数": "",
      "从公司获得年度报酬总额": "71400",
      "补贴津贴": "",
      "变动原因说明": "",
      "是否在股东或关联单位领取报酬津贴": "否",
      "在任与否": "是"
    },
    {
      "领导人姓名": "汪新民",
      "职位描述": "独立董事",
      "期初持股数": "",
      "期末持股数": "",
      "间接持股数": "",
      "从公司获得年度报酬总额": "71400",
      "补贴津贴": "",
      "变动原因说明": "",
      "是否在股东或关联单位领取报酬津贴": "否",
      "在任与否": "是"
    },
    {
      "领导人姓名": "范敏",
      "职位描述": "财务总监、董事会秘书",
      "期初持股数": "",
      "期末持股数": "",
      "间接持股数": "",
      "从公司获得年度报酬总额": "644600",
      "补贴津贴": "",
      "变动原因说明": "",
      "是否在股东或关联单位领取报酬津贴": "否",
      "在任与否": "是"
    },
    {
      "领导人姓名": "张新虎",
      "职位描述": "副总经理",
      "期初持股数": "",
      "期末持股数": "",
      "间接持股数": "",
      "从公司获得年度报酬总额": "355300",
      "补贴津贴": "",
      "变动原因说明": "",
      "是否在股东或关联单位领取报酬津贴": "否",
      "在任与否": "是"
    }
  ]
}

=== 300891-2026-04-21-惠云钛业-2025年年度报告.pdf ===
{
  "Leader_Salary_data": {
    "实际所得报酬总额起始": "",
    "实际所得报酬总额截止": "",
    "实际所得报酬总额涉及人数": ""
  },
  "Leader_Hold_data": [
    {
      "领导人姓名": "钟镇光",
      "职位描述": "董事长",
      "期初持股数": "90115000",
      "期末持股数": "88712100",
      "间接持股数": "",
      "从公司获得年度报酬总额": "859800",
      "补贴津贴": "",
      "变动原因说明": "个人资金需求",
      "是否在股东或关联单位领取报酬津贴": "否",
      "在任与否": "是"
    },
    {
      "领导人姓名": "何明川",
      "职位描述": "董事、总经理",
      "期初持股数": "0",
      "期末持股数": "0",
      "间接持股数": "",
      "从公司获得年度报酬总额": "823800",
      "补贴津贴": "",
      "变动原因说明": "",
      "是否在股东或关联单位领取报酬津贴": "否",
      "在任与否": "是"
    },
    {
      "领导人姓名": "钟熹",
      "职位描述": "副总经理、董事、副董事长",
      "期初持股数": "0",
      "期末持股数": "0",
      "间接持股数": "",
      "从公司获得年度报酬总额": "779700",
      "补贴津贴": "",
      "变动原因说明": "",
      "是否在股东或关联单位领取报酬津贴": "否",
      "在任与否": "是"
    },
    {
      "领导人姓名": "赖庆妤",
      "职位描述": "财务总监、副总经理、董事",
      "期初持股数": "0",
      "期末持股数": "0",
      "间接持股数": "",
      "从公司获得年度报酬总额": "760100",
      "补贴津贴": "",
      "变动原因说明": "",
      "是否在股东或关联单位领取报酬津贴": "否",
      "在任与否": "是"
    },
    {
      "领导人姓名": "黄慧华",
      "职位描述": "董事",
      "期初持股数": "0",
      "期末持股数": "0",
      "间接持股数": "",
      "从公司获得年度报酬总额": "0",
      "补贴津贴": "",
      "变动原因说明": "",
      "是否在股东或关联单位领取报酬津贴": "是",
      "在任与否": "是"
    },
    {
      "领导人姓名": "吴玉龙",
      "职位描述": "职工代表董事",
      "期初持股数": "0",
      "期末持股数": "0",
      "间接持股数": "",
      "从公司获得年度报酬总额": "72800",
      "补贴津贴": "",
      "变动原因说明": "",
      "是否在股东或关联单位领取报酬津贴": "否",
      "在任与否": "是"
    },
    {
      "领导人姓名": "郝艳",
      "职位描述": "独立董事",
      "期初持股数": "0",
      "期末持股数": "0",
      "间接持股数": "",
      "从公司获得年度报酬总额": "17200",
      "补贴津贴": "",
      "变动原因说明": "",
      "是否在股东或关联单位领取报酬津贴": "否",
      "在任与否": "是"
    },
    {
      "领导人姓名": "陈核章",
      "职位描述": "独立董事",
      "期初持股数": "0",
      "期末持股数": "0",
      "间接持股数": "",
      "从公司获得年度报酬总额": "80000",
      "补贴津贴": "",
      "变动原因说明": "",
      "是否在股东或关联单位领取报酬津贴": "否",
      "在任与否": "是"
    },
    {
      "领导人姓名": "葛磊",
      "职位描述": "独立董事",
      "期初持股数": "0",
      "期末持股数": "0",
      "间接持股数": "",
      "从公司获得年度报酬总额": "80000",
      "补贴津贴": "",
      "变动原因说明": "",
      "是否在股东或关联单位领取报酬津贴": "是",
      "在任与否": "是"
    },
    {
      "领导人姓名": "钟怡",
      "职位描述": "董事会秘书、副总经理",
      "期初持股数": "0",
      "期末持股数": "0",
      "间接持股数": "",
      "从公司获得年度报酬总额": "718100",
      "补贴津贴": "",
      "变动原因说明": "",
      "是否在股东或关联单位领取报酬津贴": "否",
      "在任与否": "是"
    },
    {
      "领导人姓名": "罗琴",
      "职位描述": "财务总监",
      "期初持股数": "0",
      "期末持股数": "0",
      "间接持股数": "",
      "从公司获得年度报酬总额": "220200",
      "补贴津贴": "",
      "变动原因说明": "",
      "是否在股东或关联单位领取报酬津贴": "是",
      "在任与否": "是"
    },
    {
      "领导人姓名": "熊明良",
      "职位描述": "独立董事",
      "期初持股数": "0",
      "期末持股数": "0",
      "间接持股数": "",
      "从公司获得年度报酬总额": "62800",
      "补贴津贴": "",
      "变动原因说明": "",
      "是否在股东或关联单位领取报酬津贴": "是",
      "在任与否": "否"
    },
    {
      "领导人姓名": "谭月平",
      "职位描述": "监事会主席",
      "期初持股数": "0",
      "期末持股数": "0",
      "间接持股数": "",
      "从公司获得年度报酬总额": "",
      "补贴津贴": "",
      "变动原因说明": "",
      "是否在股东或关联单位领取报酬津贴": "",
      "在任与否": "否"
    },
    {
      "领导人姓名": "罗建芳",
      "职位描述": "职工代表监事",
      "期初持股数": "0",
      "期末持股数": "0",
      "间接持股数": "",
      "从公司获得年度报酬总额": "",
      "补贴津贴": "",
      "变动原因说明": "",
      "是否在股东或关联单位领取报酬津贴": "",
      "在任与否": "否"
    },
    {
      "领导人姓名": "罗志球",
      "职位描述": "监事",
      "期初持股数": "0",
      "期末持股数": "0",
      "间接持股数": "",
      "从公司获得年度报酬总额": "",
      "补贴津贴": "",
      "变动原因说明": "",
      "是否在股东或关联单位领取报酬津贴": "",
      "在任与否": "否"
    },
    {
      "领导人姓名": "叶胜",
      "职位描述": "副总经理、董事",
      "期初持股数": "0",
      "期末持股数": "0",
      "间接持股数": "",
      "从公司获得年度报酬总额": "560300",
      "补贴津贴": "",
      "变动原因说明": "",
      "是否在股东或关联单位领取报酬津贴": "是",
      "在任与否": "否"
    }
  ]
}

=== 300801-2026-04-21-泰和科技-2025年年度报告.pdf ===
{
  "Leader_Salary_data": {
    "实际所得报酬总额起始": "",
    "实际所得报酬总额截止": "",
    "实际所得报酬总额涉及人数": ""
  },
  "Leader_Hold_data": [
    {
      "领导人姓名": "程终发",
      "职位描述": "董事长、总经理、总工程师",
      "期初持股数": "104029600",
      "期末持股数": "104029600",
      "间接持股数": "",
      "从公司获得年度报酬总额": "1580900",
      "补贴津贴": "",
      "变动原因说明": "",
      "是否在股东或关联单位领取报酬津贴": "否",
      "在任与否": "是"
    },
    {
      "领导人姓名": "周荣奇",
      "职位描述": "非独立董事",
      "期初持股数": "0",
      "期末持股数": "0",
      "间接持股数": "",
      "从公司获得年度报酬总额": "1023500",
      "补贴津贴": "",
      "变动原因说明": "",
      "是否在股东或关联单位领取报酬津贴": "否",
      "在任与否": "是"
    },
    {
      "领导人姓名": "王燕平",
      "职位描述": "职工代表董事",
      "期初持股数": "0",
      "期末持股数": "0",
      "间接持股数": "",
      "从公司获得年度报酬总额": "745100",
      "补贴津贴": "",
      "变动原因说明": "",
      "是否在股东或关联单位领取报酬津贴": "否",
      "在任与否": "是"
    },
    {
      "领导人姓名": "姜宏青",
      "职位描述": "独立董事",
      "期初持股数": "0",
      "期末持股数": "0",
      "间接持股数": "",
      "从公司获得年度报酬总额": "120000",
      "补贴津贴": "",
      "变动原因说明": "",
      "是否在股东或关联单位领取报酬津贴": "否",
      "在任与否": "是"
    },
    {
      "领导人姓名": "李涛",
      "职位描述": "独立董事",
      "期初持股数": "0",
      "期末持股数": "0",
      "间接持股数": "",
      "从公司获得年度报酬总额": "120000",
      "补贴津贴": "",
      "变动原因说明": "",
      "是否在股东或关联单位领取报酬津贴": "否",
      "在任与否": "是"
    },
    {
      "领导人姓名": "丁志波",
      "职位描述": "总经理、副总经理",
      "期初持股数": "8500",
      "期末持股数": "8500",
      "间接持股数": "",
      "从公司获得年度报酬总额": "929700",
      "补贴津贴": "",
      "变动原因说明": "",
      "是否在股东或关联单位领取报酬津贴": "否",
      "在任与否": "是"
    },
    {
      "领导人姓名": "刘全华",
      "职位描述": "副总经理",
      "期初持股数": "400000",
      "期末持股数": "400000",
      "间接持股数": "",
      "从公司获得年度报酬总额": "2785900",
      "补贴津贴": "",
      "变动原因说明": "",
      "是否在股东或关联单位领取报酬津贴": "否",
      "在任与否": "是"
    },
    {
      "领导人姓名": "王东海",
      "职位描述": "副总经理、职工代表董事",
      "期初持股数": "0",
      "期末持股数": "0",
      "间接持股数": "",
      "从公司获得年度报酬总额": "1868100",
      "补贴津贴": "",
      "变动原因说明": "",
      "是否在股东或关联单位领取报酬津贴": "否",
      "在任与否": "是"
    },
    {
      "领导人姓名": "华艳飞",
      "职位描述": "副总经理",
      "期初持股数": "0",
      "期末持股数": "0",
      "间接持股数": "",
      "从公司获得年度报酬总额": "862700",
      "补贴津贴": "",
      "变动原因说明": "",
      "是否在股东或关联单位领取报酬津贴": "否",
      "在任与否": "是"
    },
    {
      "领导人姓名": "张营",
      "职位描述": "副总经理",
      "期初持股数": "0",
      "期末持股数": "0",
      "间接持股数": "",
      "从公司获得年度报酬总额": "873000",
      "补贴津贴": "",
      "变动原因说明": "",
      "是否在股东或关联单位领取报酬津贴": "否",
      "在任与否": "是"
    },
    {
      "领导人姓名": "石卉",
      "职位描述": "财务总监、董事会秘书",
      "期初持股数": "0",
      "期末持股数": "0",
      "间接持股数": "",
      "从公司获得年度报酬总额": "879400",
      "补贴津贴": "",
      "变动原因说明": "",
      "是否在股东或关联单位领取报酬津贴": "否",
      "在任与否": "是"
    },
    {
      "领导人姓名": "姚娅",
      "职位描述": "非独立董事、总经理、董事会秘书",
      "期初持股数": "2426200",
      "期末持股数": "1819650",
      "间接持股数": "",
      "从公司获得年度报酬总额": "557800",
      "补贴津贴": "",
      "变动原因说明": "姚娅女士因个人资金需求减持公司股票",
      "是否在股东或关联单位领取报酬津贴": "否",
      "在任与否": "否"
    },
    {
      "领导人姓名": "万振涛",
      "职位描述": "副总经理",
      "期初持股数": "1175000",
      "期末持股数": "881300",
      "间接持股数": "",
      "从公司获得年度报酬总额": "35900",
      "补贴津贴": "",
      "变动原因说明": "万振涛先生离任半年后因个人原因减持公司股票",
      "是否在股东或关联单位领取报酬津贴": "否",
      "在任与否": "否"
    },
    {
      "领导人姓名": "渐倩",
      "职位描述": "董事、副总经理",
      "期初持股数": "0",
      "期末持股数": "283650",
      "间接持股数": "",
      "从公司获得年度报酬总额": "57700",
      "补贴津贴": "",
      "变动原因说明": "渐倩女士离任半年后因个人原因减持公司股票",
      "是否在股东或关联单位领取报酬津贴": "否",
      "在任与否": "否"
    },
    {
      "领导人姓名": "颜秀",
      "职位描述": "财务总监",
      "期初持股数": "0",
      "期末持股数": "0",
      "间接持股数": "",
      "从公司获得年度报酬总额": "481000",
      "补贴津贴": "",
      "变动原因说明": "",
      "是否在股东或关联单位领取报酬津贴": "否",
      "在任与否": "否"
    },
    {
      "领导人姓名": "任真真",
      "职位描述": "副总经理",
      "期初持股数": "316600",
      "期末持股数": "316600",
      "间接持股数": "",
      "从公司获得年度报酬总额": "395800",
      "补贴津贴": "",
      "变动原因说明": "",
      "是否在股东或关联单位领取报酬津贴": "否",
      "在任与否": "否"
    }
  ]
}

=== 301080-2026-04-21-百普赛斯-2025年年度报告.pdf ===
{
  "Leader_Salary_data": {
    "实际所得报酬总额起始": "10446300",
    "实际所得报酬总额截止": "10446300",
    "实际所得报酬总额涉及人数": ""
  },
  "Leader_Hold_data": [
    {
      "领导人姓名": "陈宜顶",
      "职位描述": "董事长、总经理",
      "期初持股数": "28240752",
      "期末持股数": "39537053",
      "间接持股数": "",
      "从公司获得年度报酬总额": "2357000",
      "补贴津贴": "",
      "变动原因说明": "权益分派",
      "是否在股东或关联单位领取报酬津贴": "否",
      "在任与否": "是"
    },
    {
      "领导人姓名": "苗景赟",
      "职位描述": "董事、副总经理",
      "期初持股数": "10707678",
      "期末持股数": "14633249",
      "间接持股数": "",
      "从公司获得年度报酬总额": "2364000",
      "补贴津贴": "",
      "变动原因说明": "权益分派;自身资金需求",
      "是否在股东或关联单位领取报酬津贴": "否",
      "在任与否": "是"
    },
    {
      "领导人姓名": "黄旭",
      "职位描述": "董事、副总经理",
      "期初持股数": "",
      "期末持股数": "",
      "间接持股数": "",
      "从公司获得年度报酬总额": "1693800",
      "补贴津贴": "",
      "变动原因说明": "",
      "是否在股东或关联单位领取报酬津贴": "否",
      "在任与否": "是"
    },
    {
      "领导人姓名": "屈文婷",
      "职位描述": "董事",
      "期初持股数": "",
      "期末持股数": "",
      "间接持股数": "",
      "从公司获得年度报酬总额": "541800",
      "补贴津贴": "",
      "变动原因说明": "",
      "是否在股东或关联单位领取报酬津贴": "否",
      "在任与否": "是"
    },
    {
      "领导人姓名": "李杨",
      "职位描述": "董事",
      "期初持股数": "",
      "期末持股数": "",
      "间接持股数": "",
      "从公司获得年度报酬总额": "0",
      "补贴津贴": "",
      "变动原因说明": "",
      "是否在股东或关联单位领取报酬津贴": "否",
      "在任与否": "是"
    },
    {
      "领导人姓名": "许娟红",
      "职位描述": "独立董事",
      "期初持股数": "",
      "期末持股数": "",
      "间接持股数": "",
      "从公司获得年度报酬总额": "100000",
      "补贴津贴": "",
      "变动原因说明": "",
      "是否在股东或关联单位领取报酬津贴": "否",
      "在任与否": "是"
    },
    {
      "领导人姓名": "刘峰",
      "职位描述": "独立董事",
      "期初持股数": "",
      "期末持股数": "",
      "间接持股数": "",
      "从公司获得年度报酬总额": "100000",
      "补贴津贴": "",
      "变动原因说明": "",
      "是否在股东或关联单位领取报酬津贴": "否",
      "在任与否": "是"
    },
    {
      "领导人姓名": "张勇",
      "职位描述": "独立董事",
      "期初持股数": "",
      "期末持股数": "",
      "间接持股数": "",
      "从公司获得年度报酬总额": "100000",
      "补贴津贴": "",
      "变动原因说明": "",
      "是否在股东或关联单位领取报酬津贴": "否",
      "在任与否": "是"
    },
    {
      "领导人姓名": "林涛",
      "职位描述": "副总经理、董事会秘书、财务负责人",
      "期初持股数": "270000",
      "期末持股数": "283500",
      "间接持股数": "",
      "从公司获得年度报酬总额": "1290100",
      "补贴津贴": "",
      "变动原因说明": "权益分派;自身资金需求",
      "是否在股东或关联单位领取报酬津贴": "是",
      "在任与否": "是"
    },
    {
      "领导人姓名": "陈霞敏",
      "职位描述": "副总经理",
      "期初持股数": "",
      "期末持股数": "",
      "间接持股数": "",
      "从公司获得年度报酬总额": "1899500",
      "补贴津贴": "",
      "变动原因说明": "",
      "是否在股东或关联单位领取报酬津贴": "否",
      "在任与否": "是"
    }
  ]
}

=== 301041-2026-04-21-金百泽-2025年年度报告.pdf ===
{
  "Leader_Salary_data": {
    "实际所得报酬总额起始": "",
    "实际所得报酬总额截止": "",
    "实际所得报酬总额涉及人数": ""
  },
  "Leader_Hold_data": [
    {
      "领导人姓名": "武守坤",
      "职位描述": "董事长、总经理",
      "期初持股数": "36776232",
      "期末持股数": "36776232",
      "间接持股数": "",
      "从公司获得年度报酬总额": "1287800",
      "补贴津贴": "",
      "变动原因说明": "",
      "是否在股东或关联单位领取报酬津贴": "否",
      "在任与否": "是"
    },
    {
      "领导人姓名": "叶永峰",
      "职位描述": "董事",
      "期初持股数": "",
      "期末持股数": "",
      "间接持股数": "",
      "从公司获得年度报酬总额": "0",
      "补贴津贴": "",
      "变动原因说明": "",
      "是否在股东或关联单位领取报酬津贴": "否",
      "在任与否": "是"
    },
    {
      "领导人姓名": "乔元",
      "职位描述": "董事",
      "期初持股数": "",
      "期末持股数": "",
      "间接持股数": "",
      "从公司获得年度报酬总额": "642900",
      "补贴津贴": "",
      "变动原因说明": "",
      "是否在股东或关联单位领取报酬津贴": "否",
      "在任与否": "是"
    },
    {
      "领导人姓名": "赵亮",
      "职位描述": "独立董事",
      "期初持股数": "",
      "期末持股数": "",
      "间接持股数": "",
      "从公司获得年度报酬总额": "34600",
      "补贴津贴": "",
      "变动原因说明": "",
      "是否在股东或关联单位领取报酬津贴": "否",
      "在任与否": "否"
    },
    {
      "领导人姓名": "方先丽",
      "职位描述": "独立董事",
      "期初持股数": "",
      "期末持股数": "",
      "间接持股数": "",
      "从公司获得年度报酬总额": "72000",
      "补贴津贴": "",
      "变动原因说明": "",
      "是否在股东或关联单位领取报酬津贴": "否",
      "在任与否": "是"
    },
    {
      "领导人姓名": "秦曦",
      "职位描述": "独立董事",
      "期初持股数": "",
      "期末持股数": "",
      "间接持股数": "",
      "从公司获得年度报酬总额": "34600",
      "补贴津贴": "",
      "变动原因说明": "",
      "是否在股东或关联单位领取报酬津贴": "否",
      "在任与否": "否"
    },
    {
      "领导人姓名": "罗润华",
      "职位描述": "独立董事",
      "期初持股数": "",
      "期末持股数": "",
      "间接持股数": "",
      "从公司获得年度报酬总额": "27900",
      "补贴津贴": "",
      "变动原因说明": "",
      "是否在股东或关联单位领取报酬津贴": "否",
      "在任与否": "是"
    },
    {
      "领导人姓名": "陈春",
      "职位描述": "副总经理",
      "期初持股数": "56250",
      "期末持股数": "42250",
      "间接持股数": "",
      "从公司获得年度报酬总额": "746600",
      "补贴津贴": "",
      "变动原因说明": "高管减持",
      "是否在股东或关联单位领取报酬津贴": "否",
      "在任与否": "是"
    },
    {
      "领导人姓名": "潘权",
      "职位描述": "副总经理",
      "期初持股数": "112500",
      "期末持股数": "84400",
      "间接持股数": "",
      "从公司获得年度报酬总额": "713900",
      "补贴津贴": "",
      "变动原因说明": "高管减持",
      "是否在股东或关联单位领取报酬津贴": "否",
      "在任与否": "是"
    },
    {
      "领导人姓名": "陈鹏飞",
      "职位描述": "董事会秘书",
      "期初持股数": "",
      "期末持股数": "",
      "间接持股数": "",
      "从公司获得年度报酬总额": "492500",
      "补贴津贴": "",
      "变动原因说明": "",
      "是否在股东或关联单位领取报酬津贴": "否",
      "在任与否": "是"
    },
    {
      "领导人姓名": "王娟",
      "职位描述": "财务总监",
      "期初持股数": "",
      "期末持股数": "",
      "间接持股数": "",
      "从公司获得年度报酬总额": "470000",
      "补贴津贴": "",
      "变动原因说明": "",
      "是否在股东或关联单位领取报酬津贴": "否",
      "在任与否": "是"
    },
    {
      "领导人姓名": "张蓓",
      "职位描述": "监事",
      "期初持股数": "",
      "期末持股数": "",
      "间接持股数": "",
      "从公司获得年度报酬总额": "136500",
      "补贴津贴": "",
      "变动原因说明": "",
      "是否在股东或关联单位领取报酬津贴": "否",
      "在任与否": "否"
    },
    {
      "领导人姓名": "戴明明",
      "职位描述": "职工代表监事",
      "期初持股数": "",
      "期末持股数": "",
      "间接持股数": "",
      "从公司获得年度报酬总额": "132000",
      "补贴津贴": "",
      "变动原因说明": "",
      "是否在股东或关联单位领取报酬津贴": "否",
      "在任与否": "否"
    },
    {
      "领导人姓名": "宋更新",
      "职位描述": "监事会主席",
      "期初持股数": "",
      "期末持股数": "",
      "间接持股数": "",
      "从公司获得年度报酬总额": "0",
      "补贴津贴": "",
      "变动原因说明": "",
      "是否在股东或关联单位领取报酬津贴": "否",
      "在任与否": "否"
    }
  ]
}

=== 300668-2026-04-21-杰恩设计-2025年年度报告.pdf ===
{
  "Leader_Salary_data": {
    "实际所得报酬总额起始": "",
    "实际所得报酬总额截止": "",
    "实际所得报酬总额涉及人数": ""
  },
  "Leader_Hold_data": [
    {
      "领导人姓名": "高汴京",
      "职位描述": "董事长",
      "期初持股数": "0",
      "期末持股数": "0",
      "间接持股数": "",
      "从公司获得年度报酬总额": "3600000",
      "补贴津贴": "",
      "变动原因说明": "",
      "是否在股东或关联单位领取报酬津贴": "否",
      "在任与否": "是"
    },
    {
      "领导人姓名": "姜峰",
      "职位描述": "副董事长、董事长、总经理",
      "期初持股数": "27583215",
      "期末持股数": "27583215",
      "间接持股数": "",
      "从公司获得年度报酬总额": "2224900",
      "补贴津贴": "",
      "变动原因说明": "",
      "是否在股东或关联单位领取报酬津贴": "是",
      "在任与否": "是"
    },
    {
      "领导人姓名": "杨凯利",
      "职位描述": "董事、总经理",
      "期初持股数": "0",
      "期末持股数": "0",
      "间接持股数": "",
      "从公司获得年度报酬总额": "2723900",
      "补贴津贴": "",
      "变动原因说明": "",
      "是否在股东或关联单位领取报酬津贴": "否",
      "在任与否": "是"
    },
    {
      "领导人姓名": "王晨",
      "职位描述": "董事、副总经理",
      "期初持股数": "0",
      "期末持股数": "0",
      "间接持股数": "",
      "从公司获得年度报酬总额": "2598300",
      "补贴津贴": "",
      "变动原因说明": "",
      "是否在股东或关联单位领取报酬津贴": "否",
      "在任与否": "是"
    },
    {
      "领导人姓名": "吕成业",
      "职位描述": "财务总监、董事会秘书、副总经理、董事",
      "期初持股数": "0",
      "期末持股数": "0",
      "间接持股数": "",
      "从公司获得年度报酬总额": "1318500",
      "补贴津贴": "",
      "变动原因说明": "",
      "是否在股东或关联单位领取报酬津贴": "否",
      "在任与否": "是"
    },
    {
      "领导人姓名": "王璇",
      "职位描述": "职工代表董事",
      "期初持股数": "0",
      "期末持股数": "0",
      "间接持股数": "",
      "从公司获得年度报酬总额": "393600",
      "补贴津贴": "",
      "变动原因说明": "",
      "是否在股东或关联单位领取报酬津贴": "否",
      "在任与否": "是"
    },
    {
      "领导人姓名": "古继洪",
      "职位描述": "独立董事",
      "期初持股数": "0",
      "期末持股数": "0",
      "间接持股数": "",
      "从公司获得年度报酬总额": "120000",
      "补贴津贴": "",
      "变动原因说明": "",
      "是否在股东或关联单位领取报酬津贴": "否",
      "在任与否": "是"
    },
    {
      "领导人姓名": "武国樑",
      "职位描述": "独立董事",
      "期初持股数": "0",
      "期末持股数": "0",
      "间接持股数": "",
      "从公司获得年度报酬总额": "120000",
      "补贴津贴": "",
      "变动原因说明": "",
      "是否在股东或关联单位领取报酬津贴": "否",
      "在任与否": "是"
    },
    {
      "领导人姓名": "杨骏晟",
      "职位描述": "独立董事",
      "期初持股数": "0",
      "期末持股数": "0",
      "间接持股数": "",
      "从公司获得年度报酬总额": "120000",
      "补贴津贴": "",
      "变动原因说明": "",
      "是否在股东或关联单位领取报酬津贴": "否",
      "在任与否": "是"
    },
    {
      "领导人姓名": "何卷斌",
      "职位描述": "副总经理",
      "期初持股数": "0",
      "期末持股数": "0",
      "间接持股数": "",
      "从公司获得年度报酬总额": "1326300",
      "补贴津贴": "",
      "变动原因说明": "",
      "是否在股东或关联单位领取报酬津贴": "是",
      "在任与否": "否"
    },
    {
      "领导人姓名": "马艳",
      "职位描述": "监事会主席",
      "期初持股数": "0",
      "期末持股数": "0",
      "间接持股数": "",
      "从公司获得年度报酬总额": "340700",
      "补贴津贴": "",
      "变动原因说明": "",
      "是否在股东或关联单位领取报酬津贴": "否",
      "在任与否": "否"
    },
    {
      "领导人姓名": "张源鑫",
      "职位描述": "非职工代表监事、监事",
      "期初持股数": "0",
      "期末持股数": "0",
      "间接持股数": "",
      "从公司获得年度报酬总额": "168200",
      "补贴津贴": "",
      "变动原因说明": "",
      "是否在股东或关联单位领取报酬津贴": "否",
      "在任与否": "否"
    },
    {
      "领导人姓名": "柯慧雯",
      "职位描述": "职工代表监事",
      "期初持股数": "0",
      "期末持股数": "0",
      "间接持股数": "",
      "从公司获得年度报酬总额": "114000",
      "补贴津贴": "",
      "变动原因说明": "",
      "是否在股东或关联单位领取报酬津贴": "否",
      "在任与否": "否"
    },
    {
      "领导人姓名": "刘炜",
      "职位描述": "副董事长、副总经理",
      "期初持股数": "0",
      "期末持股数": "0",
      "间接持股数": "",
      "从公司获得年度报酬总额": "",
      "补贴津贴": "",
      "变动原因说明": "",
      "是否在股东或关联单位领取报酬津贴": "",
      "在任与否": "否"
    },
    {
      "领导人姓名": "周京京",
      "职位描述": "董事、副总经理",
      "期初持股数": "0",
      "期末持股数": "0",
      "间接持股数": "",
      "从公司获得年度报酬总额": "",
      "补贴津贴": "",
      "变动原因说明": "",
      "是否在股东或关联单位领取报酬津贴": "",
      "在任与否": "否"
    },
    {
      "领导人姓名": "薛振睿",
      "职位描述": "董事",
      "期初持股数": "0",
      "期末持股数": "0",
      "间接持股数": "",
      "从公司获得年度报酬总额": "",
      "补贴津贴": "",
      "变动原因说明": "",
      "是否在股东或关联单位领取报酬津贴": "",
      "在任与否": "否"
    },
    {
      "领导人姓名": "林森",
      "职位描述": "独立董事",
      "期初持股数": "0",
      "期末持股数": "0",
      "间接持股数": "",
      "从公司获得年度报酬总额": "",
      "补贴津贴": "",
      "变动原因说明": "",
      "是否在股东或关联单位领取报酬津贴": "",
      "在任与否": "否"
    },
    {
      "领导人姓名": "梁波",
      "职位描述": "独立董事",
      "期初持股数": "0",
      "期末持股数": "0",
      "间接持股数": "",
      "从公司获得年度报酬总额": "",
      "补贴津贴": "",
      "变动原因说明": "",
      "是否在股东或关联单位领取报酬津贴": "",
      "在任与否": "否"
    },
    {
      "领导人姓名": "张华",
      "职位描述": "独立董事",
      "期初持股数": "0",
      "期末持股数": "0",
      "间接持股数": "",
      "从公司获得年度报酬总额": "",
      "补贴津贴": "",
      "变动原因说明": "",
      "是否在股东或关联单位领取报酬津贴": "",
      "在任与否": "否"
    },
    {
      "领导人姓名": "李劲松",
      "职位描述": "监事会主席",
      "期初持股数": "0",
      "期末持股数": "0",
      "间接持股数": "",
      "从公司获得年度报酬总额": "",
      "补贴津贴": "",
      "变动原因说明": "",
      "是否在股东或关联单位领取报酬津贴": "",
      "在任与否": "否"
    },
    {
      "领导人姓名": "谭晓华",
      "职位描述": "非职工代表监事",
      "期初持股数": "0",
      "期末持股数": "0",
      "间接持股数": "",
      "从公司获得年度报酬总额": "",
      "补贴津贴": "",
      "变动原因说明": "",
      "是否在股东或关联单位领取报酬津贴": "",
      "在任与否": "否"
    },
    {
      "领导人姓名": "陈文韬",
      "职位描述": "副总经理",
      "期初持股数": "0",
      "期末持股数": "0",
      "间接持股数": "",
      "从公司获得年度报酬总额": "",
      "补贴津贴": "",
      "变动原因说明": "",
      "是否在股东或关联单位领取报酬津贴": "",
      "在任与否": "否"
    }
  ]
}

=== 300927-2026-04-21-江天化学-2025年年度报告.pdf ===
{
  "Leader_Salary_data": {
    "实际所得报酬总额起始": "",
    "实际所得报酬总额截止": "",
    "实际所得报酬总额涉及人数": ""
  },
  "Leader_Hold_data": [
    {
      "领导人姓名": "朱辉",
      "职位描述": "董事长、总经理",
      "期初持股数": "3213000",
      "期末持股数": "3213000",
      "间接持股数": "",
      "从公司获得年度报酬总额": "775000",
      "补贴津贴": "",
      "变动原因说明": "",
      "是否在股东或关联单位领取报酬津贴": "否",
      "在任与否": "是"
    },
    {
      "领导人姓名": "陈云光",
      "职位描述": "非独立董事",
      "期初持股数": "0",
      "期末持股数": "0",
      "间接持股数": "",
      "从公司获得年度报酬总额": "0",
      "补贴津贴": "",
      "变动原因说明": "",
      "是否在股东或关联单位领取报酬津贴": "是",
      "在任与否": "是"
    },
    {
      "领导人姓名": "陈东明",
      "职位描述": "非独立董事",
      "期初持股数": "0",
      "期末持股数": "0",
      "间接持股数": "",
      "从公司获得年度报酬总额": "0",
      "补贴津贴": "",
      "变动原因说明": "",
      "是否在股东或关联单位领取报酬津贴": "是",
      "在任与否": "是"
    },
    {
      "领导人姓名": "陈弘颖",
      "职位描述": "非独立董事",
      "期初持股数": "0",
      "期末持股数": "0",
      "间接持股数": "",
      "从公司获得年度报酬总额": "0",
      "补贴津贴": "",
      "变动原因说明": "",
      "是否在股东或关联单位领取报酬津贴": "是",
      "在任与否": "是"
    },
    {
      "领导人姓名": "薛菁华",
      "职位描述": "非独立董事",
      "期初持股数": "0",
      "期末持股数": "0",
      "间接持股数": "",
      "从公司获得年度报酬总额": "0",
      "补贴津贴": "",
      "变动原因说明": "",
      "是否在股东或关联单位领取报酬津贴": "是",
      "在任与否": "是"
    },
    {
      "领导人姓名": "陆辉",
      "职位描述": "职工董事",
      "期初持股数": "158933",
      "期末持股数": "158933",
      "间接持股数": "",
      "从公司获得年度报酬总额": "525100",
      "补贴津贴": "",
      "变动原因说明": "",
      "是否在股东或关联单位领取报酬津贴": "否",
      "在任与否": "是"
    },
    {
      "领导人姓名": "宋义虎",
      "职位描述": "独立董事",
      "期初持股数": "0",
      "期末持股数": "0",
      "间接持股数": "",
      "从公司获得年度报酬总额": "65000",
      "补贴津贴": "",
      "变动原因说明": "",
      "是否在股东或关联单位领取报酬津贴": "否",
      "在任与否": "是"
    },
    {
      "领导人姓名": "郁东",
      "职位描述": "独立董事",
      "期初持股数": "0",
      "期末持股数": "0",
      "间接持股数": "",
      "从公司获得年度报酬总额": "65000",
      "补贴津贴": "",
      "变动原因说明": "",
      "是否在股东或关联单位领取报酬津贴": "否",
      "在任与否": "是"
    },
    {
      "领导人姓名": "吴建新",
      "职位描述": "独立董事",
      "期初持股数": "0",
      "期末持股数": "0",
      "间接持股数": "",
      "从公司获得年度报酬总额": "65000",
      "补贴津贴": "",
      "变动原因说明": "",
      "是否在股东或关联单位领取报酬津贴": "否",
      "在任与否": "是"
    },
    {
      "领导人姓名": "张永锋",
      "职位描述": "副总经理",
      "期初持股数": "803250",
      "期末持股数": "803250",
      "间接持股数": "",
      "从公司获得年度报酬总额": "697500",
      "补贴津贴": "",
      "变动原因说明": "",
      "是否在股东或关联单位领取报酬津贴": "否",
      "在任与否": "是"
    },
    {
      "领导人姓名": "沙晓东",
      "职位描述": "副总经理",
      "期初持股数": "0",
      "期末持股数": "0",
      "间接持股数": "",
      "从公司获得年度报酬总额": "682000",
      "补贴津贴": "",
      "变动原因说明": "",
      "是否在股东或关联单位领取报酬津贴": "否",
      "在任与否": "是"
    },
    {
      "领导人姓名": "任建军",
      "职位描述": "副总经理",
      "期初持股数": "234562",
      "期末持股数": "234562",
      "间接持股数": "",
      "从公司获得年度报酬总额": "643300",
      "补贴津贴": "",
      "变动原因说明": "",
      "是否在股东或关联单位领取报酬津贴": "否",
      "在任与否": "是"
    },
    {
      "领导人姓名": "徐翔",
      "职位描述": "副总经理",
      "期初持股数": "218349",
      "期末持股数": "218349",
      "间接持股数": "",
      "从公司获得年度报酬总额": "604500",
      "补贴津贴": "",
      "变动原因说明": "",
      "是否在股东或关联单位领取报酬津贴": "否",
      "在任与否": "是"
    },
    {
      "领导人姓名": "史彬",
      "职位描述": "副总经理、财务负责人、董事会秘书",
      "期初持股数": "0",
      "期末持股数": "0",
      "间接持股数": "",
      "从公司获得年度报酬总额": "643300",
      "补贴津贴": "",
      "变动原因说明": "",
      "是否在股东或关联单位领取报酬津贴": "否",
      "在任与否": "是"
    },
    {
      "领导人姓名": "宋金华",
      "职位描述": "非独立董事",
      "期初持股数": "0",
      "期末持股数": "0",
      "间接持股数": "",
      "从公司获得年度报酬总额": "0",
      "补贴津贴": "",
      "变动原因说明": "",
      "是否在股东或关联单位领取报酬津贴": "是",
      "在任与否": "否"
    }
  ]
}

=== 301290-2026-04-21-东星医疗-2025年年度报告.pdf ===
{
  "Leader_Salary_data": {
    "实际所得报酬总额起始": "",
    "实际所得报酬总额截止": "",
    "实际所得报酬总额涉及人数": ""
  },
  "Leader_Hold_data": [
    {
      "领导人姓名": "万世平",
      "职位描述": "董事长",
      "期初持股数": "25063734",
      "期末持股数": "25063734",
      "间接持股数": "",
      "从公司获得年度报酬总额": "1391600",
      "补贴津贴": "",
      "变动原因说明": "",
      "是否在股东或关联单位领取报酬津贴": "否",
      "在任与否": "是"
    },
    {
      "领导人姓名": "魏建刚",
      "职位描述": "董事、总经理",
      "期初持股数": "550500",
      "期末持股数": "550600",
      "间接持股数": "",
      "从公司获得年度报酬总额": "1243600",
      "补贴津贴": "",
      "变动原因说明": "个人增持",
      "是否在股东或关联单位领取报酬津贴": "否",
      "在任与否": "是"
    },
    {
      "领导人姓名": "龚爱琴",
      "职位描述": "董事、副总经理、董事会秘书、财务总监",
      "期初持股数": "195000",
      "期末持股数": "195400",
      "间接持股数": "",
      "从公司获得年度报酬总额": "1080300",
      "补贴津贴": "",
      "变动原因说明": "个人增持",
      "是否在股东或关联单位领取报酬津贴": "否",
      "在任与否": "是"
    },
    {
      "领导人姓名": "万正元",
      "职位描述": "董事、副总经理",
      "期初持股数": "1635000",
      "期末持股数": "1640000",
      "间接持股数": "",
      "从公司获得年度报酬总额": "558200",
      "补贴津贴": "",
      "变动原因说明": "个人增持",
      "是否在股东或关联单位领取报酬津贴": "否",
      "在任与否": "是"
    },
    {
      "领导人姓名": "沈世娟",
      "职位描述": "独立董事",
      "期初持股数": "0",
      "期末持股数": "0",
      "间接持股数": "",
      "从公司获得年度报酬总额": "60000",
      "补贴津贴": "60000",
      "变动原因说明": "",
      "是否在股东或关联单位领取报酬津贴": "否",
      "在任与否": "是"
    },
    {
      "领导人姓名": "朱旗",
      "职位描述": "独立董事",
      "期初持股数": "0",
      "期末持股数": "0",
      "间接持股数": "",
      "从公司获得年度报酬总额": "60000",
      "补贴津贴": "60000",
      "变动原因说明": "",
      "是否在股东或关联单位领取报酬津贴": "否",
      "在任与否": "是"
    },
    {
      "领导人姓名": "上官俊杰",
      "职位描述": "独立董事",
      "期初持股数": "0",
      "期末持股数": "0",
      "间接持股数": "",
      "从公司获得年度报酬总额": "60000",
      "补贴津贴": "60000",
      "变动原因说明": "",
      "是否在股东或关联单位领取报酬津贴": "否",
      "在任与否": "是"
    },
    {
      "领导人姓名": "陈莉",
      "职位描述": "职工董事、监事",
      "期初持股数": "5000",
      "期末持股数": "5000",
      "间接持股数": "",
      "从公司获得年度报酬总额": "81200",
      "补贴津贴": "",
      "变动原因说明": "",
      "是否在股东或关联单位领取报酬津贴": "否",
      "在任与否": "是"
    },
    {
      "领导人姓名": "朱慧玲",
      "职位描述": "监事会主席",
      "期初持股数": "5000",
      "期末持股数": "5000",
      "间接持股数": "",
      "从公司获得年度报酬总额": "",
      "补贴津贴": "",
      "变动原因说明": "",
      "是否在股东或关联单位领取报酬津贴": "",
      "在任与否": "否"
    },
    {
      "领导人姓名": "董宸",
      "职位描述": "监事",
      "期初持股数": "0",
      "期末持股数": "0",
      "间接持股数": "",
      "从公司获得年度报酬总额": "",
      "补贴津贴": "",
      "变动原因说明": "",
      "是否在股东或关联单位领取报酬津贴": "",
      "在任与否": "否"
    }
  ]
}

=== 300841-2026-04-21-康华生物-2025年年度报告.pdf ===
{
  "Leader_Salary_data": {
    "实际所得报酬总额起始": "",
    "实际所得报酬总额截止": "",
    "实际所得报酬总额涉及人数": ""
  },
  "Leader_Hold_data": [
    {
      "领导人姓名": "刘大伟",
      "职位描述": "董事长",
      "期初持股数": "0",
      "期末持股数": "0",
      "间接持股数": "",
      "从公司获得年度报酬总额": "0",
      "补贴津贴": "",
      "变动原因说明": "",
      "是否在股东或关联单位领取报酬津贴": "是",
      "在任与否": "是"
    },
    {
      "领导人姓名": "王振滔",
      "职位描述": "副董事长、董事、董事长",
      "期初持股数": "14004687",
      "期末持股数": "10503517",
      "间接持股数": "",
      "从公司获得年度报酬总额": "1912500",
      "补贴津贴": "",
      "变动原因说明": "协议转让股份，控制权变更",
      "是否在股东或关联单位领取报酬津贴": "是",
      "在任与否": "是"
    },
    {
      "领导人姓名": "谷峰",
      "职位描述": "董事",
      "期初持股数": "0",
      "期末持股数": "0",
      "间接持股数": "",
      "从公司获得年度报酬总额": "0",
      "补贴津贴": "",
      "变动原因说明": "",
      "是否在股东或关联单位领取报酬津贴": "是",
      "在任与否": "是"
    },
    {
      "领导人姓名": "CHENLI",
      "职位描述": "董事",
      "期初持股数": "0",
      "期末持股数": "0",
      "间接持股数": "",
      "从公司获得年度报酬总额": "0",
      "补贴津贴": "",
      "变动原因说明": "",
      "是否在股东或关联单位领取报酬津贴": "是",
      "在任与否": "是"
    },
    {
      "领导人姓名": "王岩",
      "职位描述": "董事",
      "期初持股数": "0",
      "期末持股数": "0",
      "间接持股数": "",
      "从公司获得年度报酬总额": "0",
      "补贴津贴": "",
      "变动原因说明": "",
      "是否在股东或关联单位领取报酬津贴": "是",
      "在任与否": "是"
    },
    {
      "领导人姓名": "余雄平",
      "职位描述": "董事",
      "期初持股数": "0",
      "期末持股数": "0",
      "间接持股数": "",
      "从公司获得年度报酬总额": "120000",
      "补贴津贴": "",
      "变动原因说明": "",
      "是否在股东或关联单位领取报酬津贴": "是",
      "在任与否": "是"
    },
    {
      "领导人姓名": "曾令冰",
      "职位描述": "独立董事",
      "期初持股数": "0",
      "期末持股数": "0",
      "间接持股数": "",
      "从公司获得年度报酬总额": "12000",
      "补贴津贴": "",
      "变动原因说明": "",
      "是否在股东或关联单位领取报酬津贴": "否",
      "在任与否": "是"
    },
    {
      "领导人姓名": "杨玉成",
      "职位描述": "独立董事",
      "期初持股数": "0",
      "期末持股数": "0",
      "间接持股数": "",
      "从公司获得年度报酬总额": "12000",
      "补贴津贴": "",
      "变动原因说明": "",
      "是否在股东或关联单位领取报酬津贴": "是",
      "在任与否": "是"
    },
    {
      "领导人姓名": "李明",
      "职位描述": "独立董事",
      "期初持股数": "0",
      "期末持股数": "0",
      "间接持股数": "",
      "从公司获得年度报酬总额": "12000",
      "补贴津贴": "",
      "变动原因说明": "",
      "是否在股东或关联单位领取报酬津贴": "否",
      "在任与否": "是"
    },
    {
      "领导人姓名": "王砾",
      "职位描述": "独立董事",
      "期初持股数": "0",
      "期末持股数": "0",
      "间接持股数": "",
      "从公司获得年度报酬总额": "12000",
      "补贴津贴": "",
      "变动原因说明": "",
      "是否在股东或关联单位领取报酬津贴": "否",
      "在任与否": "是"
    },
    {
      "领导人姓名": "李欣遥",
      "职位描述": "职工代表董事",
      "期初持股数": "0",
      "期末持股数": "0",
      "间接持股数": "",
      "从公司获得年度报酬总额": "71800",
      "补贴津贴": "",
      "变动原因说明": "",
      "是否在股东或关联单位领取报酬津贴": "否",
      "在任与否": "是"
    },
    {
      "领导人姓名": "樊长勇",
      "职位描述": "常务副总裁",
      "期初持股数": "0",
      "期末持股数": "0",
      "间接持股数": "",
      "从公司获得年度报酬总额": "130200",
      "补贴津贴": "",
      "变动原因说明": "",
      "是否在股东或关联单位领取报酬津贴": "否",
      "在任与否": "是"
    },
    {
      "领导人姓名": "黄寒梅",
      "职位描述": "副总裁、财务负责人",
      "期初持股数": "0",
      "期末持股数": "0",
      "间接持股数": "",
      "从公司获得年度报酬总额": "109300",
      "补贴津贴": "",
      "变动原因说明": "",
      "是否在股东或关联单位领取报酬津贴": "否",
      "在任与否": "是"
    },
    {
      "领导人姓名": "陈怀恭",
      "职位描述": "副总裁",
      "期初持股数": "234990",
      "期末持股数": "234990",
      "间接持股数": "",
      "从公司获得年度报酬总额": "1072300",
      "补贴津贴": "",
      "变动原因说明": "",
      "是否在股东或关联单位领取报酬津贴": "否",
      "在任与否": "是"
    },
    {
      "领导人姓名": "王富",
      "职位描述": "副总裁",
      "期初持股数": "42081",
      "期末持股数": "42081",
      "间接持股数": "",
      "从公司获得年度报酬总额": "935200",
      "补贴津贴": "",
      "变动原因说明": "",
      "是否在股东或关联单位领取报酬津贴": "否",
      "在任与否": "是"
    },
    {
      "领导人姓名": "吴文年",
      "职位描述": "副总裁、董事会秘书、财务负责人、董事",
      "期初持股数": "224143",
      "期末持股数": "224143",
      "间接持股数": "",
      "从公司获得年度报酬总额": "1121000",
      "补贴津贴": "",
      "变动原因说明": "",
      "是否在股东或关联单位领取报酬津贴": "否",
      "在任与否": "是"
    },
    {
      "领导人姓名": "吴红波",
      "职位描述": "总裁、董事",
      "期初持股数": "0",
      "期末持股数": "0",
      "间接持股数": "",
      "从公司获得年度报酬总额": "1701300",
      "补贴津贴": "",
      "变动原因说明": "",
      "是否在股东或关联单位领取报酬津贴": "是",
      "在任与否": "否"
    },
    {
      "领导人姓名": "刘军",
      "职位描述": "董事",
      "期初持股数": "0",
      "期末持股数": "0",
      "间接持股数": "",
      "从公司获得年度报酬总额": "0",
      "补贴津贴": "",
      "变动原因说明": "",
      "是否在股东或关联单位领取报酬津贴": "是",
      "在任与否": "否"
    },
    {
      "领导人姓名": "陶海英",
      "职位描述": "独立董事",
      "期初持股数": "0",
      "期末持股数": "0",
      "间接持股数": "",
      "从公司获得年度报酬总额": "108300",
      "补贴津贴": "",
      "变动原因说明": "",
      "是否在股东或关联单位领取报酬津贴": "否",
      "在任与否": "否"
    },
    {
      "领导人姓名": "方小波",
      "职位描述": "独立董事",
      "期初持股数": "0",
      "期末持股数": "0",
      "间接持股数": "",
      "从公司获得年度报酬总额": "108300",
      "补贴津贴": "",
      "变动原因说明": "",
      "是否在股东或关联单位领取报酬津贴": "是",
      "在任与否": "否"
    },
    {
      "领导人姓名": "王光昌",
      "职位描述": "独立董事",
      "期初持股数": "0",
      "期末持股数": "0",
      "间接持股数": "",
      "从公司获得年度报酬总额": "108300",
      "补贴津贴": "",
      "变动原因说明": "",
      "是否在股东或关联单位领取报酬津贴": "是",
      "在任与否": "否"
    }
  ]
}

=== 301288-2026-04-21-ST清研-2025年年度报告.pdf ===
{
  "Leader_Salary_data": {
    "实际所得报酬总额起始": "",
    "实际所得报酬总额截止": "",
    "实际所得报酬总额涉及人数": ""
  },
  "Leader_Hold_data": [
    {
      "领导人姓名": "刘淑杰",
      "职位描述": "董事长、总经理",
      "期初持股数": "19577796",
      "期末持股数": "19577796",
      "间接持股数": "",
      "从公司获得年度报酬总额": "1061100",
      "补贴津贴": "",
      "变动原因说明": "",
      "是否在股东或关联单位领取报酬津贴": "否",
      "在任与否": "是"
    },
    {
      "领导人姓名": "陈俊",
      "职位描述": "总经理",
      "期初持股数": "",
      "期末持股数": "",
      "间接持股数": "",
      "从公司获得年度报酬总额": "10800",
      "补贴津贴": "",
      "变动原因说明": "",
      "是否在股东或关联单位领取报酬津贴": "否",
      "在任与否": "是"
    },
    {
      "领导人姓名": "陈福明",
      "职位描述": "董事、首席科学家",
      "期初持股数": "16772903",
      "期末持股数": "16772903",
      "间接持股数": "",
      "从公司获得年度报酬总额": "660500",
      "补贴津贴": "",
      "变动原因说明": "",
      "是否在股东或关联单位领取报酬津贴": "否",
      "在任与否": "是"
    },
    {
      "领导人姓名": "刘旭",
      "职位描述": "董事、副总经理",
      "期初持股数": "3516473",
      "期末持股数": "3516473",
      "间接持股数": "",
      "从公司获得年度报酬总额": "560500",
      "补贴津贴": "",
      "变动原因说明": "",
      "是否在股东或关联单位领取报酬津贴": "否",
      "在任与否": "是"
    },
    {
      "领导人姓名": "郑新",
      "职位描述": "董事、财务总监、董事会秘书",
      "期初持股数": "",
      "期末持股数": "",
      "间接持股数": "",
      "从公司获得年度报酬总额": "480500",
      "补贴津贴": "",
      "变动原因说明": "",
      "是否在股东或关联单位领取报酬津贴": "否",
      "在任与否": "是"
    },
    {
      "领导人姓名": "汪姜维",
      "职位描述": "董事",
      "期初持股数": "",
      "期末持股数": "",
      "间接持股数": "",
      "从公司获得年度报酬总额": "0",
      "补贴津贴": "",
      "变动原因说明": "",
      "是否在股东或关联单位领取报酬津贴": "是",
      "在任与否": "是"
    },
    {
      "领导人姓名": "王小沁",
      "职位描述": "董事",
      "期初持股数": "",
      "期末持股数": "",
      "间接持股数": "",
      "从公司获得年度报酬总额": "0",
      "补贴津贴": "",
      "变动原因说明": "",
      "是否在股东或关联单位领取报酬津贴": "是",
      "在任与否": "是"
    },
    {
      "领导人姓名": "陈桂红",
      "职位描述": "独立董事",
      "期初持股数": "",
      "期末持股数": "",
      "间接持股数": "",
      "从公司获得年度报酬总额": "81000",
      "补贴津贴": "",
      "变动原因说明": "",
      "是否在股东或关联单位领取报酬津贴": "否",
      "在任与否": "是"
    },
    {
      "领导人姓名": "陈赛芝",
      "职位描述": "独立董事",
      "期初持股数": "",
      "期末持股数": "",
      "间接持股数": "",
      "从公司获得年度报酬总额": "81000",
      "补贴津贴": "",
      "变动原因说明": "",
      "是否在股东或关联单位领取报酬津贴": "否",
      "在任与否": "是"
    },
    {
      "领导人姓名": "薛永强",
      "职位描述": "独立董事",
      "期初持股数": "",
      "期末持股数": "",
      "间接持股数": "",
      "从公司获得年度报酬总额": "81000",
      "补贴津贴": "",
      "变动原因说明": "",
      "是否在股东或关联单位领取报酬津贴": "否",
      "在任与否": "是"
    },
    {
      "领导人姓名": "王艳青",
      "职位描述": "副总经理",
      "期初持股数": "",
      "期末持股数": "",
      "间接持股数": "",
      "从公司获得年度报酬总额": "480500",
      "补贴津贴": "",
      "变动原因说明": "",
      "是否在股东或关联单位领取报酬津贴": "否",
      "在任与否": "是"
    },
    {
      "领导人姓名": "史绪川",
      "职位描述": "副总经理",
      "期初持股数": "",
      "期末持股数": "",
      "间接持股数": "",
      "从公司获得年度报酬总额": "620500",
      "补贴津贴": "",
      "变动原因说明": "",
      "是否在股东或关联单位领取报酬津贴": "否",
      "在任与否": "是"
    }
  ]
}

=== 301387-2026-04-21-光大同创-2025年年度报告.pdf ===
{
  "Leader_Salary_data": {
    "实际所得报酬总额起始": "",
    "实际所得报酬总额截止": "",
    "实际所得报酬总额涉及人数": ""
  },
  "Leader_Hold_data": [
    {
      "领导人姓名": "马增龙",
      "职位描述": "董事长、总经理",
      "期初持股数": "0",
      "期末持股数": "0",
      "间接持股数": "",
      "从公司获得年度报酬总额": "2419600",
      "补贴津贴": "",
      "变动原因说明": "",
      "是否在股东或关联单位领取报酬津贴": "否",
      "在任与否": "是"
    },
    {
      "领导人姓名": "张京涛",
      "职位描述": "董事",
      "期初持股数": "22485743",
      "期末持股数": "22485743",
      "间接持股数": "",
      "从公司获得年度报酬总额": "0",
      "补贴津贴": "",
      "变动原因说明": "",
      "是否在股东或关联单位领取报酬津贴": "是",
      "在任与否": "是"
    },
    {
      "领导人姓名": "马英",
      "职位描述": "董事、副总经理、财务总监",
      "期初持股数": "0",
      "期末持股数": "0",
      "间接持股数": "",
      "从公司获得年度报酬总额": "1550600",
      "补贴津贴": "",
      "变动原因说明": "",
      "是否在股东或关联单位领取报酬津贴": "是",
      "在任与否": "是"
    },
    {
      "领导人姓名": "王辉",
      "职位描述": "董事、副总经理",
      "期初持股数": "0",
      "期末持股数": "0",
      "间接持股数": "",
      "从公司获得年度报酬总额": "677000",
      "补贴津贴": "",
      "变动原因说明": "",
      "是否在股东或关联单位领取报酬津贴": "否",
      "在任与否": "是"
    },
    {
      "领导人姓名": "吴永红",
      "职位描述": "职工代表董事",
      "期初持股数": "0",
      "期末持股数": "0",
      "间接持股数": "",
      "从公司获得年度报酬总额": "375500",
      "补贴津贴": "",
      "变动原因说明": "",
      "是否在股东或关联单位领取报酬津贴": "否",
      "在任与否": "是"
    },
    {
      "领导人姓名": "唐都远",
      "职位描述": "独立董事",
      "期初持股数": "0",
      "期末持股数": "0",
      "间接持股数": "",
      "从公司获得年度报酬总额": "100000",
      "补贴津贴": "100000",
      "变动原因说明": "",
      "是否在股东或关联单位领取报酬津贴": "否",
      "在任与否": "是"
    },
    {
      "领导人姓名": "冯泽辉",
      "职位描述": "独立董事",
      "期初持股数": "0",
      "期末持股数": "0",
      "间接持股数": "",
      "从公司获得年度报酬总额": "100000",
      "补贴津贴": "100000",
      "变动原因说明": "",
      "是否在股东或关联单位领取报酬津贴": "是",
      "在任与否": "是"
    },
    {
      "领导人姓名": "曾晓亮",
      "职位描述": "独立董事",
      "期初持股数": "0",
      "期末持股数": "0",
      "间接持股数": "",
      "从公司获得年度报酬总额": "100000",
      "补贴津贴": "100000",
      "变动原因说明": "",
      "是否在股东或关联单位领取报酬津贴": "否",
      "在任与否": "是"
    },
    {
      "领导人姓名": "占梦昀",
      "职位描述": "董事会秘书",
      "期初持股数": "0",
      "期末持股数": "12096",
      "间接持股数": "",
      "从公司获得年度报酬总额": "455900",
      "补贴津贴": "",
      "变动原因说明": "公司2024年限制性股票激励计划第一个归属期所归属的第二类限制性股票",
      "是否在股东或关联单位领取报酬津贴": "否",
      "在任与否": "是"
    },
    {
      "领导人姓名": "李海全",
      "职位描述": "副总经理",
      "期初持股数": "0",
      "期末持股数": "0",
      "间接持股数": "",
      "从公司获得年度报酬总额": "822400",
      "补贴津贴": "",
      "变动原因说明": "",
      "是否在股东或关联单位领取报酬津贴": "否",
      "在任与否": "是"
    }
  ]
}

=== 301486-2026-04-21-致尚科技-2025年年度报告.pdf ===
{
  "Leader_Salary_data": {
    "实际所得报酬总额起始": "3188700",
    "实际所得报酬总额截止": "3188700",
    "实际所得报酬总额涉及人数": ""
  },
  "Leader_Hold_data": [
    {
      "领导人姓名": "陈潮先",
      "职位描述": "董事长、总经理",
      "期初持股数": "30807060",
      "期末持股数": "30807060",
      "间接持股数": "",
      "从公司获得年度报酬总额": "963200",
      "补贴津贴": "",
      "变动原因说明": "不适用",
      "是否在股东或关联单位领取报酬津贴": "否",
      "在任与否": "是"
    },
    {
      "领导人姓名": "计乐宇",
      "职位描述": "董事",
      "期初持股数": "6912000",
      "期末持股数": "6860000",
      "间接持股数": "",
      "从公司获得年度报酬总额": "134700",
      "补贴津贴": "",
      "变动原因说明": "减持",
      "是否在股东或关联单位领取报酬津贴": "否",
      "在任与否": "是"
    },
    {
      "领导人姓名": "陈和先",
      "职位描述": "职工董事、副总经理",
      "期初持股数": "3386880",
      "期末持股数": "3452755",
      "间接持股数": "",
      "从公司获得年度报酬总额": "704500",
      "补贴津贴": "",
      "变动原因说明": "报告期内授予股权激励限售股",
      "是否在股东或关联单位领取报酬津贴": "否",
      "在任与否": "是"
    },
    {
      "领导人姓名": "刘胤宏",
      "职位描述": "独立董事",
      "期初持股数": "0",
      "期末持股数": "0",
      "间接持股数": "",
      "从公司获得年度报酬总额": "120000",
      "补贴津贴": "",
      "变动原因说明": "不适用",
      "是否在股东或关联单位领取报酬津贴": "否",
      "在任与否": "是"
    },
    {
      "领导人姓名": "庞霖霖",
      "职位描述": "独立董事",
      "期初持股数": "0",
      "期末持股数": "0",
      "间接持股数": "",
      "从公司获得年度报酬总额": "120000",
      "补贴津贴": "",
      "变动原因说明": "不适用",
      "是否在股东或关联单位领取报酬津贴": "否",
      "在任与否": "是"
    },
    {
      "领导人姓名": "陈丽玉",
      "职位描述": "副总经理、董事会秘书",
      "期初持股数": "0",
      "期末持股数": "45431",
      "间接持股数": "",
      "从公司获得年度报酬总额": "629300",
      "补贴津贴": "",
      "变动原因说明": "报告期内授予股权激励限售股",
      "是否在股东或关联单位领取报酬津贴": "否",
      "在任与否": "是"
    },
    {
      "领导人姓名": "张德林",
      "职位描述": "财务负责人",
      "期初持股数": "0",
      "期末持股数": "31802",
      "间接持股数": "",
      "从公司获得年度报酬总额": "517000",
      "补贴津贴": "",
      "变动原因说明": "报告期内授予股权激励限售股",
      "是否在股东或关联单位领取报酬津贴": "否",
      "在任与否": "是"
    }
  ]
}

=== 301219-2026-04-21-腾远钴业-2025年年度报告.pdf ===
{
  "Leader_Salary_data": {
    "实际所得报酬总额起始": "",
    "实际所得报酬总额截止": "",
    "实际所得报酬总额涉及人数": ""
  },
  "Leader_Hold_data": [
    {
      "领导人姓名": "罗洁",
      "职位描述": "董事长",
      "期初持股数": "66093066",
      "期末持股数": "66093066",
      "间接持股数": "",
      "从公司获得年度报酬总额": "5138800",
      "补贴津贴": "",
      "变动原因说明": "",
      "是否在股东或关联单位领取报酬津贴": "否",
      "在任与否": "是"
    },
    {
      "领导人姓名": "谢福标",
      "职位描述": "董事、副总经理",
      "期初持股数": "30546602",
      "期末持股数": "30546602",
      "间接持股数": "",
      "从公司获得年度报酬总额": "3595100",
      "补贴津贴": "",
      "变动原因说明": "",
      "是否在股东或关联单位领取报酬津贴": "否",
      "在任与否": "是"
    },
    {
      "领导人姓名": "吴阳红",
      "职位描述": "副董事长",
      "期初持股数": "15035366",
      "期末持股数": "15035366",
      "间接持股数": "",
      "从公司获得年度报酬总额": "3248500",
      "补贴津贴": "",
      "变动原因说明": "",
      "是否在股东或关联单位领取报酬津贴": "否",
      "在任与否": "是"
    },
    {
      "领导人姓名": "张济柳",
      "职位描述": "董事",
      "期初持股数": "0",
      "期末持股数": "0",
      "间接持股数": "",
      "从公司获得年度报酬总额": "24000",
      "补贴津贴": "",
      "变动原因说明": "",
      "是否在股东或关联单位领取报酬津贴": "是",
      "在任与否": "是"
    },
    {
      "领导人姓名": "王泰元",
      "职位描述": "独立董事",
      "期初持股数": "0",
      "期末持股数": "0",
      "间接持股数": "",
      "从公司获得年度报酬总额": "120000",
      "补贴津贴": "",
      "变动原因说明": "",
      "是否在股东或关联单位领取报酬津贴": "否",
      "在任与否": "是"
    },
    {
      "领导人姓名": "张守卫",
      "职位描述": "独立董事",
      "期初持股数": "0",
      "期末持股数": "0",
      "间接持股数": "",
      "从公司获得年度报酬总额": "120000",
      "补贴津贴": "",
      "变动原因说明": "",
      "是否在股东或关联单位领取报酬津贴": "否",
      "在任与否": "是"
    },
    {
      "领导人姓名": "刘卫东",
      "职位描述": "独立董事",
      "期初持股数": "0",
      "期末持股数": "0",
      "间接持股数": "",
      "从公司获得年度报酬总额": "80000",
      "补贴津贴": "",
      "变动原因说明": "",
      "是否在股东或关联单位领取报酬津贴": "否",
      "在任与否": "是"
    },
    {
      "领导人姓名": "赖丹",
      "职位描述": "独立董事",
      "期初持股数": "0",
      "期末持股数": "0",
      "间接持股数": "",
      "从公司获得年度报酬总额": "120000",
      "补贴津贴": "",
      "变动原因说明": "",
      "是否在股东或关联单位领取报酬津贴": "否",
      "在任与否": "是"
    },
    {
      "领导人姓名": "王英佩",
      "职位描述": "职工董事",
      "期初持股数": "0",
      "期末持股数": "0",
      "间接持股数": "",
      "从公司获得年度报酬总额": "537100",
      "补贴津贴": "",
      "变动原因说明": "",
      "是否在股东或关联单位领取报酬津贴": "否",
      "在任与否": "是"
    },
    {
      "领导人姓名": "林灵",
      "职位描述": "总经理、董事",
      "期初持股数": "0",
      "期末持股数": "0",
      "间接持股数": "",
      "从公司获得年度报酬总额": "4750100",
      "补贴津贴": "",
      "变动原因说明": "",
      "是否在股东或关联单位领取报酬津贴": "否",
      "在任与否": "是"
    },
    {
      "领导人姓名": "楼江鹏",
      "职位描述": "副总经理",
      "期初持股数": "0",
      "期末持股数": "0",
      "间接持股数": "",
      "从公司获得年度报酬总额": "3489100",
      "补贴津贴": "",
      "变动原因说明": "",
      "是否在股东或关联单位领取报酬津贴": "否",
      "在任与否": "是"
    },
    {
      "领导人姓名": "许亮",
      "职位描述": "副总经理、董事",
      "期初持股数": "0",
      "期末持股数": "0",
      "间接持股数": "",
      "从公司获得年度报酬总额": "3342400",
      "补贴津贴": "",
      "变动原因说明": "",
      "是否在股东或关联单位领取报酬津贴": "否",
      "在任与否": "是"
    },
    {
      "领导人姓名": "罗淑兰",
      "职位描述": "副总经理",
      "期初持股数": "351000",
      "期末持股数": "351000",
      "间接持股数": "",
      "从公司获得年度报酬总额": "3341500",
      "补贴津贴": "",
      "变动原因说明": "",
      "是否在股东或关联单位领取报酬津贴": "否",
      "在任与否": "是"
    },
    {
      "领导人姓名": "胡党",
      "职位描述": "副总经理",
      "期初持股数": "0",
      "期末持股数": "0",
      "间接持股数": "",
      "从公司获得年度报酬总额": "3838500",
      "补贴津贴": "",
      "变动原因说明": "",
      "是否在股东或关联单位领取报酬津贴": "否",
      "在任与否": "是"
    },
    {
      "领导人姓名": "陈文伟",
      "职位描述": "财务总监",
      "期初持股数": "370000",
      "期末持股数": "370000",
      "间接持股数": "",
      "从公司获得年度报酬总额": "1677300",
      "补贴津贴": "",
      "变动原因说明": "",
      "是否在股东或关联单位领取报酬津贴": "否",
      "在任与否": "是"
    },
    {
      "领导人姓名": "胡常超",
      "职位描述": "董事长助理、董事会秘书",
      "期初持股数": "5200",
      "期末持股数": "5200",
      "间接持股数": "",
      "从公司获得年度报酬总额": "2268900",
      "补贴津贴": "",
      "变动原因说明": "",
      "是否在股东或关联单位领取报酬津贴": "否",
      "在任与否": "是"
    },
    {
      "领导人姓名": "欧阳明",
      "职位描述": "董事",
      "期初持股数": "0",
      "期末持股数": "0",
      "间接持股数": "",
      "从公司获得年度报酬总额": "8000",
      "补贴津贴": "",
      "变动原因说明": "",
      "是否在股东或关联单位领取报酬津贴": "是",
      "在任与否": "否"
    },
    {
      "领导人姓名": "童高才",
      "职位描述": "董事",
      "期初持股数": "5419896",
      "期末持股数": "2472796",
      "间接持股数": "",
      "从公司获得年度报酬总额": "196200",
      "补贴津贴": "",
      "变动原因说明": "集中竞价增持、减持",
      "是否在股东或关联单位领取报酬津贴": "否",
      "在任与否": "否"
    },
    {
      "领导人姓名": "卢超",
      "职位描述": "副总经理",
      "期初持股数": "0",
      "期末持股数": "0",
      "间接持股数": "",
      "从公司获得年度报酬总额": "1168200",
      "补贴津贴": "",
      "变动原因说明": "",
      "是否在股东或关联单位领取报酬津贴": "否",
      "在任与否": "否"
    },
    {
      "领导人姓名": "罗梅珍",
      "职位描述": "副总经理",
      "期初持股数": "351000",
      "期末持股数": "351000",
      "间接持股数": "",
      "从公司获得年度报酬总额": "943000",
      "补贴津贴": "",
      "变动原因说明": "",
      "是否在股东或关联单位领取报酬津贴": "否",
      "在任与否": "否"
    }
  ]
}

=== 301399-2026-04-21-英特科技-2025年年度报告.pdf ===
{
  "Leader_Salary_data": {
    "实际所得报酬总额起始": "",
    "实际所得报酬总额截止": "",
    "实际所得报酬总额涉及人数": ""
  },
  "Leader_Hold_data": [
    {
      "领导人姓名": "方真健",
      "职位描述": "董事长、总经理",
      "期初持股数": "55222728",
      "期末持股数": "80072956",
      "间接持股数": "",
      "从公司获得年度报酬总额": "986300",
      "补贴津贴": "",
      "变动原因说明": "2025年权益分配",
      "是否在股东或关联单位领取报酬津贴": "否",
      "在任与否": "是"
    },
    {
      "领导人姓名": "王光明",
      "职位描述": "副董事长、财务负责人",
      "期初持股数": "23251272",
      "期末持股数": "33714344",
      "间接持股数": "",
      "从公司获得年度报酬总额": "802500",
      "补贴津贴": "",
      "变动原因说明": "2025年权益分配",
      "是否在股东或关联单位领取报酬津贴": "否",
      "在任与否": "是"
    },
    {
      "领导人姓名": "陈海萍",
      "职位描述": "董事",
      "期初持股数": "0",
      "期末持股数": "0",
      "间接持股数": "",
      "从公司获得年度报酬总额": "330300",
      "补贴津贴": "",
      "变动原因说明": "无",
      "是否在股东或关联单位领取报酬津贴": "否",
      "在任与否": "是"
    },
    {
      "领导人姓名": "朱胜民",
      "职位描述": "董事、副总经理",
      "期初持股数": "0",
      "期末持股数": "0",
      "间接持股数": "",
      "从公司获得年度报酬总额": "564800",
      "补贴津贴": "",
      "变动原因说明": "无",
      "是否在股东或关联单位领取报酬津贴": "否",
      "在任与否": "否"
    },
    {
      "领导人姓名": "周高峰",
      "职位描述": "职工董事",
      "期初持股数": "0",
      "期末持股数": "0",
      "间接持股数": "",
      "从公司获得年度报酬总额": "242700",
      "补贴津贴": "",
      "变动原因说明": "无",
      "是否在股东或关联单位领取报酬津贴": "否",
      "在任与否": "是"
    },
    {
      "领导人姓名": "裘尔侃",
      "职位描述": "董事会秘书、财务负责人、副总经理",
      "期初持股数": "0",
      "期末持股数": "0",
      "间接持股数": "",
      "从公司获得年度报酬总额": "510000",
      "补贴津贴": "",
      "变动原因说明": "无",
      "是否在股东或关联单位领取报酬津贴": "否",
      "在任与否": "是"
    },
    {
      "领导人姓名": "李俊明",
      "职位描述": "独立董事",
      "期初持股数": "0",
      "期末持股数": "0",
      "间接持股数": "",
      "从公司获得年度报酬总额": "80000",
      "补贴津贴": "80000",
      "变动原因说明": "无",
      "是否在股东或关联单位领取报酬津贴": "否",
      "在任与否": "是"
    },
    {
      "领导人姓名": "邵乃宇",
      "职位描述": "独立董事",
      "期初持股数": "0",
      "期末持股数": "0",
      "间接持股数": "",
      "从公司获得年度报酬总额": "80000",
      "补贴津贴": "80000",
      "变动原因说明": "无",
      "是否在股东或关联单位领取报酬津贴": "否",
      "在任与否": "是"
    },
    {
      "领导人姓名": "金月华",
      "职位描述": "独立董事",
      "期初持股数": "0",
      "期末持股数": "0",
      "间接持股数": "",
      "从公司获得年度报酬总额": "80000",
      "补贴津贴": "80000",
      "变动原因说明": "无",
      "是否在股东或关联单位领取报酬津贴": "否",
      "在任与否": "是"
    },
    {
      "领导人姓名": "张锐",
      "职位描述": "首席运营官",
      "期初持股数": "0",
      "期末持股数": "0",
      "间接持股数": "",
      "从公司获得年度报酬总额": "567300",
      "补贴津贴": "",
      "变动原因说明": "无",
      "是否在股东或关联单位领取报酬津贴": "否",
      "在任与否": "是"
    },
    {
      "领导人姓名": "申屠永学",
      "职位描述": "副总经理",
      "期初持股数": "0",
      "期末持股数": "0",
      "间接持股数": "",
      "从公司获得年度报酬总额": "600900",
      "补贴津贴": "",
      "变动原因说明": "无",
      "是否在股东或关联单位领取报酬津贴": "否",
      "在任与否": "是"
    }
  ]
}

=== 301421-2026-04-21-波长光电-2025年年度报告.pdf ===
{
  "Leader_Salary_data": {
    "实际所得报酬总额起始": "",
    "实际所得报酬总额截止": "",
    "实际所得报酬总额涉及人数": ""
  },
  "Leader_Hold_data": [
    {
      "领导人姓名": "黄胜弟",
      "职位描述": "董事长",
      "期初持股数": "",
      "期末持股数": "",
      "间接持股数": "",
      "从公司获得年度报酬总额": 945300,
      "补贴津贴": "",
      "变动原因说明": "",
      "是否在股东或关联单位领取报酬津贴": "否",
      "在任与否": "是"
    },
    {
      "领导人姓名": "朱敏",
      "职位描述": "董事",
      "期初持股数": 43713200,
      "期末持股数": 43713200,
      "间接持股数": "",
      "从公司获得年度报酬总额": 544000,
      "补贴津贴": "",
      "变动原因说明": "",
      "是否在股东或关联单位领取报酬津贴": "否",
      "在任与否": "是"
    },
    {
      "领导人姓名": "吴玉堂",
      "职位描述": "董事、总经理",
      "期初持股数": 21670350,
      "期末持股数": 21670350,
      "间接持股数": "",
      "从公司获得年度报酬总额": 819200,
      "补贴津贴": "",
      "变动原因说明": "",
      "是否在股东或关联单位领取报酬津贴": "否",
      "在任与否": "是"
    },
    {
      "领导人姓名": "王国力",
      "职位描述": "董事、副总经理",
      "期初持股数": 721500,
      "期末持股数": 541125,
      "间接持股数": "",
      "从公司获得年度报酬总额": 761000,
      "补贴津贴": "",
      "变动原因说明": "集中竞价方式减持",
      "是否在股东或关联单位领取报酬津贴": "否",
      "在任与否": "是"
    },
    {
      "领导人姓名": "宋小安",
      "职位描述": "职工代表董事、董事",
      "期初持股数": "",
      "期末持股数": "",
      "间接持股数": "",
      "从公司获得年度报酬总额": 604600,
      "补贴津贴": "",
      "变动原因说明": "",
      "是否在股东或关联单位领取报酬津贴": "否",
      "在任与否": "是"
    },
    {
      "领导人姓名": "唐志平",
      "职位描述": "董事、财务负责人",
      "期初持股数": "",
      "期末持股数": "",
      "间接持股数": "",
      "从公司获得年度报酬总额": 839600,
      "补贴津贴": "",
      "变动原因说明": "",
      "是否在股东或关联单位领取报酬津贴": "否",
      "在任与否": "是"
    },
    {
      "领导人姓名": "季学庆",
      "职位描述": "独立董事",
      "期初持股数": "",
      "期末持股数": "",
      "间接持股数": "",
      "从公司获得年度报酬总额": 60000,
      "补贴津贴": "60000",
      "变动原因说明": "",
      "是否在股东或关联单位领取报酬津贴": "否",
      "在任与否": "是"
    },
    {
      "领导人姓名": "毛磊",
      "职位描述": "独立董事",
      "期初持股数": "",
      "期末持股数": "",
      "间接持股数": "",
      "从公司获得年度报酬总额": 60000,
      "补贴津贴": "60000",
      "变动原因说明": "",
      "是否在股东或关联单位领取报酬津贴": "是",
      "在任与否": "是"
    },
    {
      "领导人姓名": "葛军",
      "职位描述": "独立董事",
      "期初持股数": "",
      "期末持股数": "",
      "间接持股数": "",
      "从公司获得年度报酬总额": 60000,
      "补贴津贴": "60000",
      "变动原因说明": "",
      "是否在股东或关联单位领取报酬津贴": "否",
      "在任与否": "是"
    },
    {
      "领导人姓名": "胡玉清",
      "职位描述": "董事会秘书",
      "期初持股数": "",
      "期末持股数": "",
      "间接持股数": "",
      "从公司获得年度报酬总额": 688800,
      "补贴津贴": "",
      "变动原因说明": "",
      "是否在股东或关联单位领取报酬津贴": "否",
      "在任与否": "是"
    },
    {
      "领导人姓名": "朱泽凤",
      "职位描述": "副总经理",
      "期初持股数": "",
      "期末持股数": "",
      "间接持股数": "",
      "从公司获得年度报酬总额": 221600,
      "补贴津贴": "",
      "变动原因说明": "",
      "是否在股东或关联单位领取报酬津贴": "否",
      "在任与否": "是"
    },
    {
      "领导人姓名": "李林峰",
      "职位描述": "副总经理",
      "期初持股数": "",
      "期末持股数": "",
      "间接持股数": "",
      "从公司获得年度报酬总额": 101300,
      "补贴津贴": "",
      "变动原因说明": "",
      "是否在股东或关联单位领取报酬津贴": "否",
      "在任与否": "是"
    }
  ]
}

=== 301302-2026-04-21-华如科技-2025年年度报告.pdf ===
{
  "Leader_Salary_data": {
    "实际所得报酬总额起始": "",
    "实际所得报酬总额截止": "",
    "实际所得报酬总额涉及人数": ""
  },
  "Leader_Hold_data": [
    {
      "领导人姓名": "韩超",
      "职位描述": "董事长、总经理、董事",
      "期初持股数": "22500000",
      "期末持股数": "22500000",
      "间接持股数": "",
      "从公司获得年度报酬总额": "759900",
      "补贴津贴": "",
      "变动原因说明": "",
      "是否在股东或关联单位领取报酬津贴": "否",
      "在任与否": "是"
    },
    {
      "领导人姓名": "张柯",
      "职位描述": "董事、副总经理",
      "期初持股数": "",
      "期末持股数": "",
      "间接持股数": "",
      "从公司获得年度报酬总额": "735900",
      "补贴津贴": "",
      "变动原因说明": "",
      "是否在股东或关联单位领取报酬津贴": "否",
      "在任与否": "是"
    },
    {
      "领导人姓名": "刘建湘",
      "职位描述": "职工董事、董事",
      "期初持股数": "",
      "期末持股数": "",
      "间接持股数": "",
      "从公司获得年度报酬总额": "675900",
      "补贴津贴": "",
      "变动原因说明": "",
      "是否在股东或关联单位领取报酬津贴": "否",
      "在任与否": "是"
    },
    {
      "领导人姓名": "胡明昱",
      "职位描述": "董事",
      "期初持股数": "",
      "期末持股数": "",
      "间接持股数": "",
      "从公司获得年度报酬总额": "675000",
      "补贴津贴": "",
      "变动原因说明": "",
      "是否在股东或关联单位领取报酬津贴": "否",
      "在任与否": "是"
    },
    {
      "领导人姓名": "尹志强",
      "职位描述": "独立董事",
      "期初持股数": "",
      "期末持股数": "",
      "间接持股数": "",
      "从公司获得年度报酬总额": "150000",
      "补贴津贴": "",
      "变动原因说明": "",
      "是否在股东或关联单位领取报酬津贴": "否",
      "在任与否": "是"
    },
    {
      "领导人姓名": "赵雪媛",
      "职位描述": "独立董事",
      "期初持股数": "",
      "期末持股数": "",
      "间接持股数": "",
      "从公司获得年度报酬总额": "150000",
      "补贴津贴": "",
      "变动原因说明": "",
      "是否在股东或关联单位领取报酬津贴": "否",
      "在任与否": "是"
    },
    {
      "领导人姓名": "陈敏杰",
      "职位描述": "副总经理",
      "期初持股数": "",
      "期末持股数": "",
      "间接持股数": "",
      "从公司获得年度报酬总额": "699900",
      "补贴津贴": "",
      "变动原因说明": "",
      "是否在股东或关联单位领取报酬津贴": "否",
      "在任与否": "是"
    },
    {
      "领导人姓名": "王国臣",
      "职位描述": "副总经理",
      "期初持股数": "",
      "期末持股数": "",
      "间接持股数": "",
      "从公司获得年度报酬总额": "735000",
      "补贴津贴": "",
      "变动原因说明": "",
      "是否在股东或关联单位领取报酬津贴": "否",
      "在任与否": "是"
    },
    {
      "领导人姓名": "闫飞",
      "职位描述": "副总经理",
      "期初持股数": "",
      "期末持股数": "",
      "间接持股数": "",
      "从公司获得年度报酬总额": "699900",
      "补贴津贴": "",
      "变动原因说明": "",
      "是否在股东或关联单位领取报酬津贴": "否",
      "在任与否": "是"
    },
    {
      "领导人姓名": "陈建勋",
      "职位描述": "副总经理",
      "期初持股数": "",
      "期末持股数": "",
      "间接持股数": "",
      "从公司获得年度报酬总额": "709900",
      "补贴津贴": "",
      "变动原因说明": "",
      "是否在股东或关联单位领取报酬津贴": "否",
      "在任与否": "是"
    },
    {
      "领导人姓名": "邢广洲",
      "职位描述": "副总经理",
      "期初持股数": "",
      "期末持股数": "",
      "间接持股数": "",
      "从公司获得年度报酬总额": "698700",
      "补贴津贴": "",
      "变动原因说明": "",
      "是否在股东或关联单位领取报酬津贴": "否",
      "在任与否": "是"
    },
    {
      "领导人姓名": "周珊",
      "职位描述": "财务总监、副总经理",
      "期初持股数": "",
      "期末持股数": "",
      "间接持股数": "",
      "从公司获得年度报酬总额": "675500",
      "补贴津贴": "",
      "变动原因说明": "",
      "是否在股东或关联单位领取报酬津贴": "否",
      "在任与否": "是"
    },
    {
      "领导人姓名": "吴亚光",
      "职位描述": "董事会秘书、副总经理",
      "期初持股数": "",
      "期末持股数": "",
      "间接持股数": "",
      "从公司获得年度报酬总额": "672700",
      "补贴津贴": "",
      "变动原因说明": "",
      "是否在股东或关联单位领取报酬津贴": "否",
      "在任与否": "是"
    },
    {
      "领导人姓名": "陆皓",
      "职位描述": "副总经理",
      "期初持股数": "",
      "期末持股数": "",
      "间接持股数": "",
      "从公司获得年度报酬总额": "681600",
      "补贴津贴": "",
      "变动原因说明": "",
      "是否在股东或关联单位领取报酬津贴": "否",
      "在任与否": "是"
    },
    {
      "领导人姓名": "秦玲",
      "职位描述": "副总经理",
      "期初持股数": "",
      "期末持股数": "",
      "间接持股数": "",
      "从公司获得年度报酬总额": "1061600",
      "补贴津贴": "",
      "变动原因说明": "",
      "是否在股东或关联单位领取报酬津贴": "否",
      "在任与否": "否"
    }
  ]
}

=== 301363-2026-04-21-美好医疗-2025年年度报告.pdf ===
{
  "Leader_Salary_data": {
    "实际所得报酬总额起始": "",
    "实际所得报酬总额截止": "",
    "实际所得报酬总额涉及人数": ""
  },
  "Leader_Hold_data": [
    {
      "领导人姓名": "熊小川",
      "职位描述": "董事长、总经理",
      "期初持股数": "186000000",
      "期末持股数": "260400000",
      "间接持股数": "",
      "从公司获得年度报酬总额": "741300",
      "补贴津贴": "",
      "变动原因说明": "资本公积金转增股本",
      "是否在股东或关联单位领取报酬津贴": "否",
      "在任与否": "是"
    },
    {
      "领导人姓名": "袁峰",
      "职位描述": "副董事长、副总经理",
      "期初持股数": "",
      "期末持股数": "84000",
      "间接持股数": "",
      "从公司获得年度报酬总额": "1479500",
      "补贴津贴": "",
      "变动原因说明": "资本公积金转增股本，股权激励归属",
      "是否在股东或关联单位领取报酬津贴": "否",
      "在任与否": "是"
    },
    {
      "领导人姓名": "周道福",
      "职位描述": "副总经理、董事",
      "期初持股数": "",
      "期末持股数": "73920",
      "间接持股数": "",
      "从公司获得年度报酬总额": "1388500",
      "补贴津贴": "",
      "变动原因说明": "资本公积金转增股本，股权激励归属",
      "是否在股东或关联单位领取报酬津贴": "否",
      "在任与否": "是"
    },
    {
      "领导人姓名": "孙超",
      "职位描述": "董事",
      "期初持股数": "",
      "期末持股数": "",
      "间接持股数": "",
      "从公司获得年度报酬总额": "120000",
      "补贴津贴": "",
      "变动原因说明": "",
      "是否在股东或关联单位领取报酬津贴": "否",
      "在任与否": "是"
    },
    {
      "领导人姓名": "吴学斌",
      "职位描述": "独立董事",
      "期初持股数": "",
      "期末持股数": "",
      "间接持股数": "",
      "从公司获得年度报酬总额": "90000",
      "补贴津贴": "",
      "变动原因说明": "",
      "是否在股东或关联单位领取报酬津贴": "否",
      "在任与否": "否"
    },
    {
      "领导人姓名": "王建新",
      "职位描述": "独立董事",
      "期初持股数": "",
      "期末持股数": "",
      "间接持股数": "",
      "从公司获得年度报酬总额": "120000",
      "补贴津贴": "",
      "变动原因说明": "",
      "是否在股东或关联单位领取报酬津贴": "否",
      "在任与否": "是"
    },
    {
      "领导人姓名": "梁永晔",
      "职位描述": "独立董事",
      "期初持股数": "",
      "期末持股数": "",
      "间接持股数": "",
      "从公司获得年度报酬总额": "120000",
      "补贴津贴": "",
      "变动原因说明": "",
      "是否在股东或关联单位领取报酬津贴": "否",
      "在任与否": "是"
    },
    {
      "领导人姓名": "蔡元庆",
      "职位描述": "独立董事",
      "期初持股数": "",
      "期末持股数": "",
      "间接持股数": "",
      "从公司获得年度报酬总额": "40000",
      "补贴津贴": "",
      "变动原因说明": "",
      "是否在股东或关联单位领取报酬津贴": "否",
      "在任与否": "是"
    },
    {
      "领导人姓名": "迟奇峰",
      "职位描述": "副总经理",
      "期初持股数": "",
      "期末持股数": "73920",
      "间接持股数": "",
      "从公司获得年度报酬总额": "1366900",
      "补贴津贴": "",
      "变动原因说明": "资本公积金转增股本，股权激励归属",
      "是否在股东或关联单位领取报酬津贴": "否",
      "在任与否": "是"
    },
    {
      "领导人姓名": "严俊峨",
      "职位描述": "财务总监、副总经理",
      "期初持股数": "",
      "期末持股数": "67200",
      "间接持股数": "",
      "从公司获得年度报酬总额": "1158100",
      "补贴津贴": "",
      "变动原因说明": "资本公积金转增股本，股权激励归属",
      "是否在股东或关联单位领取报酬津贴": "否",
      "在任与否": "是"
    },
    {
      "领导人姓名": "黄凯",
      "职位描述": "副总经理",
      "期初持股数": "",
      "期末持股数": "42336",
      "间接持股数": "",
      "从公司获得年度报酬总额": "2201200",
      "补贴津贴": "",
      "变动原因说明": "资本公积金转增股本，股权激励归属",
      "是否在股东或关联单位领取报酬津贴": "否",
      "在任与否": "是"
    },
    {
      "领导人姓名": "李忠",
      "职位描述": "副总经理",
      "期初持股数": "",
      "期末持股数": "0",
      "间接持股数": "",
      "从公司获得年度报酬总额": "817400",
      "补贴津贴": "",
      "变动原因说明": "",
      "是否在股东或关联单位领取报酬津贴": "否",
      "在任与否": "是"
    },
    {
      "领导人姓名": "严波",
      "职位描述": "副总经理",
      "期初持股数": "",
      "期末持股数": "40320",
      "间接持股数": "",
      "从公司获得年度报酬总额": "914500",
      "补贴津贴": "",
      "变动原因说明": "资本公积金转增股本，股权激励归属",
      "是否在股东或关联单位领取报酬津贴": "否",
      "在任与否": "是"
    },
    {
      "领导人姓名": "谭景霞",
      "职位描述": "董事会秘书",
      "期初持股数": "1200",
      "期末持股数": "42000",
      "间接持股数": "",
      "从公司获得年度报酬总额": "992600",
      "补贴津贴": "",
      "变动原因说明": "资本公积金转增股本，股权激励归属",
      "是否在股东或关联单位领取报酬津贴": "否",
      "在任与否": "是"
    },
    {
      "领导人姓名": "Joel Chan",
      "职位描述": "董事",
      "期初持股数": "",
      "期末持股数": "67200",
      "间接持股数": "",
      "从公司获得年度报酬总额": "1256600",
      "补贴津贴": "",
      "变动原因说明": "资本公积金转增股本，股权激励归属",
      "是否在股东或关联单位领取报酬津贴": "否",
      "在任与否": "是"
    },
    {
      "领导人姓名": "Florian Then",
      "职位描述": "董事",
      "期初持股数": "",
      "期末持股数": "",
      "间接持股数": "",
      "从公司获得年度报酬总额": "80000",
      "补贴津贴": "",
      "变动原因说明": "",
      "是否在股东或关联单位领取报酬津贴": "否",
      "在任与否": "是"
    }
  ]
}

=== 301608-2026-04-21-博实结-2025年年度报告.pdf ===
{
  "Leader_Salary_data": {
    "实际所得报酬总额起始": "",
    "实际所得报酬总额截止": "",
    "实际所得报酬总额涉及人数": ""
  },
  "Leader_Hold_data": [
    {
      "领导人姓名": "周小强",
      "职位描述": "董事长、总经理",
      "期初持股数": "30152900",
      "期末持股数": "30152900",
      "间接持股数": "",
      "从公司获得年度报酬总额": "348500",
      "补贴津贴": "",
      "变动原因说明": "",
      "是否在股东或关联单位领取报酬津贴": "否",
      "在任与否": "是"
    },
    {
      "领导人姓名": "关志强",
      "职位描述": "董事",
      "期初持股数": "5672700",
      "期末持股数": "5672700",
      "间接持股数": "",
      "从公司获得年度报酬总额": "296100",
      "补贴津贴": "",
      "变动原因说明": "",
      "是否在股东或关联单位领取报酬津贴": "否",
      "在任与否": "是"
    },
    {
      "领导人姓名": "谭晓勇",
      "职位描述": "董事",
      "期初持股数": "5339000",
      "期末持股数": "5339000",
      "间接持股数": "",
      "从公司获得年度报酬总额": "241800",
      "补贴津贴": "",
      "变动原因说明": "",
      "是否在股东或关联单位领取报酬津贴": "否",
      "在任与否": "是"
    },
    {
      "领导人姓名": "雷金华",
      "职位描述": "董事、财务总监、经理",
      "期初持股数": "0",
      "期末持股数": "0",
      "间接持股数": "",
      "从公司获得年度报酬总额": "653700",
      "补贴津贴": "",
      "变动原因说明": "",
      "是否在股东或关联单位领取报酬津贴": "否",
      "在任与否": "是"
    },
    {
      "领导人姓名": "师斌",
      "职位描述": "独立董事",
      "期初持股数": "0",
      "期末持股数": "0",
      "间接持股数": "",
      "从公司获得年度报酬总额": "100000",
      "补贴津贴": "100000",
      "变动原因说明": "",
      "是否在股东或关联单位领取报酬津贴": "否",
      "在任与否": "是"
    },
    {
      "领导人姓名": "宫兆辉",
      "职位描述": "独立董事",
      "期初持股数": "0",
      "期末持股数": "0",
      "间接持股数": "",
      "从公司获得年度报酬总额": "100000",
      "补贴津贴": "100000",
      "变动原因说明": "",
      "是否在股东或关联单位领取报酬津贴": "否",
      "在任与否": "是"
    },
    {
      "领导人姓名": "徐德明",
      "职位描述": "独立董事",
      "期初持股数": "0",
      "期末持股数": "0",
      "间接持股数": "",
      "从公司获得年度报酬总额": "100000",
      "补贴津贴": "100000",
      "变动原因说明": "",
      "是否在股东或关联单位领取报酬津贴": "否",
      "在任与否": "是"
    },
    {
      "领导人姓名": "向碧琼",
      "职位描述": "董事会秘书、副总经理",
      "期初持股数": "0",
      "期末持股数": "0",
      "间接持股数": "",
      "从公司获得年度报酬总额": "569900",
      "补贴津贴": "",
      "变动原因说明": "",
      "是否在股东或关联单位领取报酬津贴": "否",
      "在任与否": "是"
    }
  ]
}

=== 301598-2026-04-21-博科测试-2025年年度报告.pdf ===
{
  "Leader_Salary_data": {
    "实际所得报酬总额起始": "",
    "实际所得报酬总额截止": "",
    "实际所得报酬总额涉及人数": ""
  },
  "Leader_Hold_data": [
    {
      "领导人姓名": "李景列",
      "职位描述": "董事长、董事",
      "期初持股数": "9536000",
      "期末持股数": "9536000",
      "间接持股数": "",
      "从公司获得年度报酬总额": "1167400",
      "补贴津贴": "",
      "变动原因说明": "",
      "是否在股东或关联单位领取报酬津贴": "否",
      "在任与否": "是"
    },
    {
      "领导人姓名": "张延伸",
      "职位描述": "董事长、董事",
      "期初持股数": "8944000",
      "期末持股数": "8944000",
      "间接持股数": "",
      "从公司获得年度报酬总额": "1393900",
      "补贴津贴": "",
      "变动原因说明": "",
      "是否在股东或关联单位领取报酬津贴": "否",
      "在任与否": "是"
    },
    {
      "领导人姓名": "仝雷",
      "职位描述": "董事",
      "期初持股数": "10169000",
      "期末持股数": "10169000",
      "间接持股数": "",
      "从公司获得年度报酬总额": "485400",
      "补贴津贴": "",
      "变动原因说明": "",
      "是否在股东或关联单位领取报酬津贴": "否",
      "在任与否": "是"
    },
    {
      "领导人姓名": "郭明谦",
      "职位描述": "董事",
      "期初持股数": "2272000",
      "期末持股数": "2272000",
      "间接持股数": "",
      "从公司获得年度报酬总额": "54000",
      "补贴津贴": "",
      "变动原因说明": "",
      "是否在股东或关联单位领取报酬津贴": "否",
      "在任与否": "否"
    },
    {
      "领导人姓名": "段鲁男",
      "职位描述": "董事、总经理",
      "期初持股数": "550000",
      "期末持股数": "550000",
      "间接持股数": "",
      "从公司获得年度报酬总额": "2318200",
      "补贴津贴": "",
      "变动原因说明": "",
      "是否在股东或关联单位领取报酬津贴": "否",
      "在任与否": "否"
    },
    {
      "领导人姓名": "田金",
      "职位描述": "董事、常务副总经理、副董事长",
      "期初持股数": "500000",
      "期末持股数": "500000",
      "间接持股数": "",
      "从公司获得年度报酬总额": "1946800",
      "补贴津贴": "",
      "变动原因说明": "",
      "是否在股东或关联单位领取报酬津贴": "否",
      "在任与否": "是"
    },
    {
      "领导人姓名": "王永浩",
      "职位描述": "职工董事、副总经理（代行总经理职责）",
      "期初持股数": "208000",
      "期末持股数": "208000",
      "间接持股数": "",
      "从公司获得年度报酬总额": "387610",
      "补贴津贴": "",
      "变动原因说明": "",
      "是否在股东或关联单位领取报酬津贴": "否",
      "在任与否": "是"
    },
    {
      "领导人姓名": "袁章福",
      "职位描述": "独立董事",
      "期初持股数": "",
      "期末持股数": "",
      "间接持股数": "",
      "从公司获得年度报酬总额": "72000",
      "补贴津贴": "72000",
      "变动原因说明": "",
      "是否在股东或关联单位领取报酬津贴": "否",
      "在任与否": "是"
    },
    {
      "领导人姓名": "胡南薇",
      "职位描述": "独立董事",
      "期初持股数": "",
      "期末持股数": "",
      "间接持股数": "",
      "从公司获得年度报酬总额": "72000",
      "补贴津贴": "72000",
      "变动原因说明": "",
      "是否在股东或关联单位领取报酬津贴": "否",
      "在任与否": "是"
    },
    {
      "领导人姓名": "陈玉田",
      "职位描述": "独立董事",
      "期初持股数": "",
      "期末持股数": "",
      "间接持股数": "",
      "从公司获得年度报酬总额": "72000",
      "补贴津贴": "72000",
      "变动原因说明": "",
      "是否在股东或关联单位领取报酬津贴": "否",
      "在任与否": "是"
    },
    {
      "领导人姓名": "张慧燕",
      "职位描述": "财务负责人、董事会秘书",
      "期初持股数": "392000",
      "期末持股数": "392000",
      "间接持股数": "",
      "从公司获得年度报酬总额": "1006700",
      "补贴津贴": "",
      "变动原因说明": "",
      "是否在股东或关联单位领取报酬津贴": "否",
      "在任与否": "是"
    }
  ]
}

=== 301584-2026-04-21-建发致新-2025年年度报告.pdf ===
{
  "Leader_Salary_data": {
    "实际所得报酬总额起始": "29221000",
    "实际所得报酬总额截止": "29221000",
    "实际所得报酬总额涉及人数": ""
  },
  "Leader_Hold_data": [
    {
      "领导人姓名": "余峰",
      "职位描述": "董事长",
      "期初持股数": "",
      "期末持股数": "",
      "间接持股数": "",
      "从公司获得年度报酬总额": "2983400",
      "补贴津贴": "",
      "变动原因说明": "",
      "是否在股东或关联单位领取报酬津贴": "否",
      "在任与否": "是"
    },
    {
      "领导人姓名": "吴胜勇",
      "职位描述": "董事、总经理",
      "期初持股数": "",
      "期末持股数": "",
      "间接持股数": "",
      "从公司获得年度报酬总额": "3416500",
      "补贴津贴": "",
      "变动原因说明": "",
      "是否在股东或关联单位领取报酬津贴": "否",
      "在任与否": "是"
    },
    {
      "领导人姓名": "王建新",
      "职位描述": "董事、副总经理",
      "期初持股数": "",
      "期末持股数": "",
      "间接持股数": "",
      "从公司获得年度报酬总额": "3297900",
      "补贴津贴": "",
      "变动原因说明": "",
      "是否在股东或关联单位领取报酬津贴": "否",
      "在任与否": "是"
    },
    {
      "领导人姓名": "王文怀",
      "职位描述": "董事",
      "期初持股数": "",
      "期末持股数": "",
      "间接持股数": "",
      "从公司获得年度报酬总额": "0",
      "补贴津贴": "",
      "变动原因说明": "",
      "是否在股东或关联单位领取报酬津贴": "是",
      "在任与否": "否"
    },
    {
      "领导人姓名": "叶衍榴",
      "职位描述": "董事",
      "期初持股数": "",
      "期末持股数": "",
      "间接持股数": "",
      "从公司获得年度报酬总额": "0",
      "补贴津贴": "",
      "变动原因说明": "",
      "是否在股东或关联单位领取报酬津贴": "是",
      "在任与否": "是"
    },
    {
      "领导人姓名": "游兴泉",
      "职位描述": "董事",
      "期初持股数": "",
      "期末持股数": "",
      "间接持股数": "",
      "从公司获得年度报酬总额": "0",
      "补贴津贴": "",
      "变动原因说明": "",
      "是否在股东或关联单位领取报酬津贴": "是",
      "在任与否": "是"
    },
    {
      "领导人姓名": "商沛",
      "职位描述": "独立董事",
      "期初持股数": "",
      "期末持股数": "",
      "间接持股数": "",
      "从公司获得年度报酬总额": "150000",
      "补贴津贴": "150000",
      "变动原因说明": "",
      "是否在股东或关联单位领取报酬津贴": "否",
      "在任与否": "是"
    },
    {
      "领导人姓名": "叶佳昌",
      "职位描述": "独立董事",
      "期初持股数": "",
      "期末持股数": "",
      "间接持股数": "",
      "从公司获得年度报酬总额": "150000",
      "补贴津贴": "150000",
      "变动原因说明": "",
      "是否在股东或关联单位领取报酬津贴": "否",
      "在任与否": "是"
    },
    {
      "领导人姓名": "叶钦华",
      "职位描述": "独立董事",
      "期初持股数": "",
      "期末持股数": "",
      "间接持股数": "",
      "从公司获得年度报酬总额": "150000",
      "补贴津贴": "150000",
      "变动原因说明": "",
      "是否在股东或关联单位领取报酬津贴": "否",
      "在任与否": "是"
    },
    {
      "领导人姓名": "吕健",
      "职位描述": "副总经理",
      "期初持股数": "",
      "期末持股数": "",
      "间接持股数": "",
      "从公司获得年度报酬总额": "2875200",
      "补贴津贴": "",
      "变动原因说明": "",
      "是否在股东或关联单位领取报酬津贴": "否",
      "在任与否": "是"
    },
    {
      "领导人姓名": "钟婉华",
      "职位描述": "副总经理",
      "期初持股数": "",
      "期末持股数": "",
      "间接持股数": "",
      "从公司获得年度报酬总额": "2802700",
      "补贴津贴": "",
      "变动原因说明": "",
      "是否在股东或关联单位领取报酬津贴": "否",
      "在任与否": "是"
    },
    {
      "领导人姓名": "陆启勇",
      "职位描述": "副总经理、董事会秘书",
      "期初持股数": "",
      "期末持股数": "",
      "间接持股数": "",
      "从公司获得年度报酬总额": "2900000",
      "补贴津贴": "",
      "变动原因说明": "",
      "是否在股东或关联单位领取报酬津贴": "否",
      "在任与否": "是"
    },
    {
      "领导人姓名": "熊昊",
      "职位描述": "副总经理",
      "期初持股数": "",
      "期末持股数": "",
      "间接持股数": "",
      "从公司获得年度报酬总额": "3130600",
      "补贴津贴": "",
      "变动原因说明": "",
      "是否在股东或关联单位领取报酬津贴": "否",
      "在任与否": "是"
    },
    {
      "领导人姓名": "郑增林",
      "职位描述": "副总经理",
      "期初持股数": "",
      "期末持股数": "",
      "间接持股数": "",
      "从公司获得年度报酬总额": "3287400",
      "补贴津贴": "",
      "变动原因说明": "",
      "是否在股东或关联单位领取报酬津贴": "否",
      "在任与否": "是"
    },
    {
      "领导人姓名": "程芳",
      "职位描述": "副总经理",
      "期初持股数": "",
      "期末持股数": "",
      "间接持股数": "",
      "从公司获得年度报酬总额": "1421900",
      "补贴津贴": "",
      "变动原因说明": "",
      "是否在股东或关联单位领取报酬津贴": "否",
      "在任与否": "否"
    },
    {
      "领导人姓名": "任高峰",
      "职位描述": "财务总监",
      "期初持股数": "",
      "期末持股数": "",
      "间接持股数": "",
      "从公司获得年度报酬总额": "2655400",
      "补贴津贴": "",
      "变动原因说明": "",
      "是否在股东或关联单位领取报酬津贴": "否",
      "在任与否": "是"
    }
  ]
}

=== 301680-2026-04-21-固德电材-2025年年度报告.pdf ===
{
  "Leader_Salary_data": {
    "实际所得报酬总额起始": "",
    "实际所得报酬总额截止": "",
    "实际所得报酬总额涉及人数": ""
  },
  "Leader_Hold_data": [
    {
      "领导人姓名": "朱国来",
      "职位描述": "董事长、总经理",
      "期初持股数": "29040000",
      "期末持股数": "29040000",
      "间接持股数": "",
      "从公司获得年度报酬总额": "763100",
      "补贴津贴": "",
      "变动原因说明": "",
      "是否在股东或关联单位领取报酬津贴": "否",
      "在任与否": "是"
    },
    {
      "领导人姓名": "朱浩峰",
      "职位描述": "董事、副总经理",
      "期初持股数": "6461400",
      "期末持股数": "6461400",
      "间接持股数": "",
      "从公司获得年度报酬总额": "746300",
      "补贴津贴": "",
      "变动原因说明": "",
      "是否在股东或关联单位领取报酬津贴": "否",
      "在任与否": "是"
    },
    {
      "领导人姓名": "徐明",
      "职位描述": "职工董事",
      "期初持股数": "",
      "期末持股数": "",
      "间接持股数": "",
      "从公司获得年度报酬总额": "286600",
      "补贴津贴": "",
      "变动原因说明": "",
      "是否在股东或关联单位领取报酬津贴": "否",
      "在任与否": "是"
    },
    {
      "领导人姓名": "曹友强",
      "职位描述": "董事",
      "期初持股数": "",
      "期末持股数": "",
      "间接持股数": "",
      "从公司获得年度报酬总额": "0",
      "补贴津贴": "",
      "变动原因说明": "",
      "是否在股东或关联单位领取报酬津贴": "是",
      "在任与否": "是"
    },
    {
      "领导人姓名": "唐晓峰",
      "职位描述": "独立董事",
      "期初持股数": "",
      "期末持股数": "",
      "间接持股数": "",
      "从公司获得年度报酬总额": "70000",
      "补贴津贴": "",
      "变动原因说明": "",
      "是否在股东或关联单位领取报酬津贴": "是",
      "在任与否": "是"
    },
    {
      "领导人姓名": "郝东洋",
      "职位描述": "独立董事",
      "期初持股数": "",
      "期末持股数": "",
      "间接持股数": "",
      "从公司获得年度报酬总额": "70000",
      "补贴津贴": "",
      "变动原因说明": "",
      "是否在股东或关联单位领取报酬津贴": "否",
      "在任与否": "是"
    },
    {
      "领导人姓名": "赵徐",
      "职位描述": "独立董事",
      "期初持股数": "",
      "期末持股数": "",
      "间接持股数": "",
      "从公司获得年度报酬总额": "70000",
      "补贴津贴": "",
      "变动原因说明": "",
      "是否在股东或关联单位领取报酬津贴": "是",
      "在任与否": "是"
    },
    {
      "领导人姓名": "薛薇",
      "职位描述": "财务总监、董事会秘书、董事",
      "期初持股数": "",
      "期末持股数": "",
      "间接持股数": "",
      "从公司获得年度报酬总额": "728000",
      "补贴津贴": "",
      "变动原因说明": "",
      "是否在股东或关联单位领取报酬津贴": "否",
      "在任与否": "是"
    },
    {
      "领导人姓名": "牛永明",
      "职位描述": "副总经理",
      "期初持股数": "",
      "期末持股数": "",
      "间接持股数": "",
      "从公司获得年度报酬总额": "1505200",
      "补贴津贴": "",
      "变动原因说明": "",
      "是否在股东或关联单位领取报酬津贴": "否",
      "在任与否": "是"
    },
    {
      "领导人姓名": "王绍雷",
      "职位描述": "副总经理",
      "期初持股数": "",
      "期末持股数": "",
      "间接持股数": "",
      "从公司获得年度报酬总额": "1792700",
      "补贴津贴": "",
      "变动原因说明": "",
      "是否在股东或关联单位领取报酬津贴": "否",
      "在任与否": "是"
    },
    {
      "领导人姓名": "王默愚",
      "职位描述": "副总经理",
      "期初持股数": "",
      "期末持股数": "",
      "间接持股数": "",
      "从公司获得年度报酬总额": "576900",
      "补贴津贴": "",
      "变动原因说明": "",
      "是否在股东或关联单位领取报酬津贴": "否",
      "在任与否": "否"
    }
  ]
}

=== 301630-2026-04-21-同宇新材-同宇新材2025年年度报告.pdf ===
{
  "Leader_Salary_data": {
    "实际所得报酬总额起始": "",
    "实际所得报酬总额截止": "",
    "实际所得报酬总额涉及人数": ""
  },
  "Leader_Hold_data": [
    {
      "领导人姓名": "张驰",
      "职位描述": "董事长、总经理",
      "期初持股数": "11997300",
      "期末持股数": "11997300",
      "间接持股数": "",
      "从公司获得年度报酬总额": "1340000",
      "补贴津贴": "",
      "变动原因说明": "",
      "是否在股东或关联单位领取报酬津贴": "否",
      "在任与否": "是"
    },
    {
      "领导人姓名": "苏世国",
      "职位描述": "董事、副总经理",
      "期初持股数": "7839700",
      "期末持股数": "7839700",
      "间接持股数": "",
      "从公司获得年度报酬总额": "790000",
      "补贴津贴": "",
      "变动原因说明": "",
      "是否在股东或关联单位领取报酬津贴": "否",
      "在任与否": "是"
    },
    {
      "领导人姓名": "纪仲林",
      "职位描述": "董事",
      "期初持股数": "3600000",
      "期末持股数": "3600000",
      "间接持股数": "",
      "从公司获得年度报酬总额": "0",
      "补贴津贴": "",
      "变动原因说明": "",
      "是否在股东或关联单位领取报酬津贴": "是",
      "在任与否": "是"
    },
    {
      "领导人姓名": "邓凯华",
      "职位描述": "董事、副总经理",
      "期初持股数": "1806100",
      "期末持股数": "1806100",
      "间接持股数": "",
      "从公司获得年度报酬总额": "1800000",
      "补贴津贴": "",
      "变动原因说明": "",
      "是否在股东或关联单位领取报酬津贴": "否",
      "在任与否": "是"
    },
    {
      "领导人姓名": "王岩",
      "职位描述": "独立董事",
      "期初持股数": "0",
      "期末持股数": "0",
      "间接持股数": "",
      "从公司获得年度报酬总额": "72000",
      "补贴津贴": "72000",
      "变动原因说明": "",
      "是否在股东或关联单位领取报酬津贴": "否",
      "在任与否": "是"
    },
    {
      "领导人姓名": "余宇莹",
      "职位描述": "独立董事",
      "期初持股数": "0",
      "期末持股数": "0",
      "间接持股数": "",
      "从公司获得年度报酬总额": "72000",
      "补贴津贴": "72000",
      "变动原因说明": "",
      "是否在股东或关联单位领取报酬津贴": "否",
      "在任与否": "是"
    },
    {
      "领导人姓名": "杨进",
      "职位描述": "独立董事",
      "期初持股数": "0",
      "期末持股数": "0",
      "间接持股数": "",
      "从公司获得年度报酬总额": "72000",
      "补贴津贴": "72000",
      "变动原因说明": "",
      "是否在股东或关联单位领取报酬津贴": "否",
      "在任与否": "是"
    },
    {
      "领导人姓名": "章星",
      "职位描述": "副总经理、监事会主席",
      "期初持股数": "2580100",
      "期末持股数": "2580100",
      "间接持股数": "",
      "从公司获得年度报酬总额": "1040000",
      "补贴津贴": "",
      "变动原因说明": "",
      "是否在股东或关联单位领取报酬津贴": "否",
      "在任与否": "是"
    },
    {
      "领导人姓名": "郑业梅",
      "职位描述": "董事会秘书、副总经理",
      "期初持股数": "0",
      "期末持股数": "0",
      "间接持股数": "",
      "从公司获得年度报酬总额": "400000",
      "补贴津贴": "",
      "变动原因说明": "",
      "是否在股东或关联单位领取报酬津贴": "否",
      "在任与否": "是"
    },
    {
      "领导人姓名": "邓佩红",
      "职位描述": "财务总监",
      "期初持股数": "0",
      "期末持股数": "0",
      "间接持股数": "",
      "从公司获得年度报酬总额": "400000",
      "补贴津贴": "",
      "变动原因说明": "",
      "是否在股东或关联单位领取报酬津贴": "否",
      "在任与否": "是"
    },
    {
      "领导人姓名": "徐国正",
      "职位描述": "监事",
      "期初持股数": "0",
      "期末持股数": "0",
      "间接持股数": "",
      "从公司获得年度报酬总额": "",
      "补贴津贴": "",
      "变动原因说明": "",
      "是否在股东或关联单位领取报酬津贴": "",
      "在任与否": "否"
    },
    {
      "领导人姓名": "苏文萍",
      "职位描述": "职工监事",
      "期初持股数": "0",
      "期末持股数": "0",
      "间接持股数": "",
      "从公司获得年度报酬总额": "",
      "补贴津贴": "",
      "变动原因说明": "",
      "是否在股东或关联单位领取报酬津贴": "",
      "在任与否": "否"
    }
  ]
}

=== 301630-2026-04-21-同宇新材-2025年年度报告.pdf ===
{
  "Leader_Salary_data": {
    "实际所得报酬总额起始": "",
    "实际所得报酬总额截止": "",
    "实际所得报酬总额涉及人数": ""
  },
  "Leader_Hold_data": [
    {
      "领导人姓名": "张驰",
      "职位描述": "董事长、总经理",
      "期初持股数": "11997300",
      "期末持股数": "11997300",
      "间接持股数": "",
      "从公司获得年度报酬总额": "1340000",
      "补贴津贴": "",
      "变动原因说明": "",
      "是否在股东或关联单位领取报酬津贴": "否",
      "在任与否": "是"
    },
    {
      "领导人姓名": "苏世国",
      "职位描述": "董事、副总经理",
      "期初持股数": "7839700",
      "期末持股数": "7839700",
      "间接持股数": "",
      "从公司获得年度报酬总额": "790000",
      "补贴津贴": "",
      "变动原因说明": "",
      "是否在股东或关联单位领取报酬津贴": "否",
      "在任与否": "是"
    },
    {
      "领导人姓名": "纪仲林",
      "职位描述": "董事",
      "期初持股数": "3600000",
      "期末持股数": "3600000",
      "间接持股数": "",
      "从公司获得年度报酬总额": "0",
      "补贴津贴": "",
      "变动原因说明": "",
      "是否在股东或关联单位领取报酬津贴": "是",
      "在任与否": "是"
    },
    {
      "领导人姓名": "邓凯华",
      "职位描述": "董事、副总经理",
      "期初持股数": "1806100",
      "期末持股数": "1806100",
      "间接持股数": "",
      "从公司获得年度报酬总额": "1800000",
      "补贴津贴": "",
      "变动原因说明": "",
      "是否在股东或关联单位领取报酬津贴": "否",
      "在任与否": "是"
    },
    {
      "领导人姓名": "王岩",
      "职位描述": "独立董事",
      "期初持股数": "0",
      "期末持股数": "0",
      "间接持股数": "",
      "从公司获得年度报酬总额": "72000",
      "补贴津贴": "72000",
      "变动原因说明": "",
      "是否在股东或关联单位领取报酬津贴": "否",
      "在任与否": "是"
    },
    {
      "领导人姓名": "余宇莹",
      "职位描述": "独立董事",
      "期初持股数": "0",
      "期末持股数": "0",
      "间接持股数": "",
      "从公司获得年度报酬总额": "72000",
      "补贴津贴": "72000",
      "变动原因说明": "",
      "是否在股东或关联单位领取报酬津贴": "否",
      "在任与否": "是"
    },
    {
      "领导人姓名": "杨进",
      "职位描述": "独立董事",
      "期初持股数": "0",
      "期末持股数": "0",
      "间接持股数": "",
      "从公司获得年度报酬总额": "72000",
      "补贴津贴": "72000",
      "变动原因说明": "",
      "是否在股东或关联单位领取报酬津贴": "否",
      "在任与否": "是"
    },
    {
      "领导人姓名": "章星",
      "职位描述": "副总经理、监事会主席",
      "期初持股数": "2580100",
      "期末持股数": "2580100",
      "间接持股数": "",
      "从公司获得年度报酬总额": "1040000",
      "补贴津贴": "",
      "变动原因说明": "",
      "是否在股东或关联单位领取报酬津贴": "否",
      "在任与否": "是"
    },
    {
      "领导人姓名": "郑业梅",
      "职位描述": "董事会秘书、副总经理",
      "期初持股数": "0",
      "期末持股数": "0",
      "间接持股数": "",
      "从公司获得年度报酬总额": "400000",
      "补贴津贴": "",
      "变动原因说明": "",
      "是否在股东或关联单位领取报酬津贴": "否",
      "在任与否": "是"
    },
    {
      "领导人姓名": "邓佩红",
      "职位描述": "财务总监",
      "期初持股数": "0",
      "期末持股数": "0",
      "间接持股数": "",
      "从公司获得年度报酬总额": "400000",
      "补贴津贴": "",
      "变动原因说明": "",
      "是否在股东或关联单位领取报酬津贴": "否",
      "在任与否": "是"
    },
    {
      "领导人姓名": "徐国正",
      "职位描述": "监事",
      "期初持股数": "0",
      "期末持股数": "0",
      "间接持股数": "",
      "从公司获得年度报酬总额": "",
      "补贴津贴": "",
      "变动原因说明": "",
      "是否在股东或关联单位领取报酬津贴": "",
      "在任与否": "否"
    },
    {
      "领导人姓名": "苏文萍",
      "职位描述": "职工监事",
      "期初持股数": "0",
      "期末持股数": "0",
      "间接持股数": "",
      "从公司获得年度报酬总额": "",
      "补贴津贴": "",
      "变动原因说明": "",
      "是否在股东或关联单位领取报酬津贴": "",
      "在任与否": "否"
    }
  ]
}

=== 600105-2026-04-21-永鼎股份-永鼎股份2025年年度报告.pdf ===
{
  "Leader_Salary_data": {
    "实际所得报酬总额起始": "3467100",
    "实际所得报酬总额截止": "3467100",
    "实际所得报酬总额涉及人数": ""
  },
  "Leader_Hold_data": [
    {
      "领导人姓名": "莫思铭",
      "职位描述": "董事长",
      "期初持股数": "0",
      "期末持股数": "0",
      "间接持股数": "",
      "从公司获得年度报酬总额": "665700",
      "补贴津贴": "",
      "变动原因说明": "",
      "是否在股东或关联单位领取报酬津贴": "否",
      "在任与否": "是"
    },
    {
      "领导人姓名": "路庆海",
      "职位描述": "总经理",
      "期初持股数": "280000",
      "期末持股数": "280000",
      "间接持股数": "",
      "从公司获得年度报酬总额": "605700",
      "补贴津贴": "",
      "变动原因说明": "",
      "是否在股东或关联单位领取报酬津贴": "否",
      "在任与否": "是"
    },
    {
      "领导人姓名": "张功军",
      "职位描述": "董事、副总经理、财务总监",
      "期初持股数": "240000",
      "期末持股数": "240000",
      "间接持股数": "",
      "从公司获得年度报酬总额": "742800",
      "补贴津贴": "",
      "变动原因说明": "",
      "是否在股东或关联单位领取报酬津贴": "否",
      "在任与否": "是"
    },
    {
      "领导人姓名": "张国栋",
      "职位描述": "董事、副总经理、董事会秘书",
      "期初持股数": "344000",
      "期末持股数": "344000",
      "间接持股数": "",
      "从公司获得年度报酬总额": "479700",
      "补贴津贴": "",
      "变动原因说明": "",
      "是否在股东或关联单位领取报酬津贴": "否",
      "在任与否": "是"
    },
    {
      "领导人姓名": "刘延辉",
      "职位描述": "副总经理",
      "期初持股数": "240000",
      "期末持股数": "240000",
      "间接持股数": "",
      "从公司获得年度报酬总额": "486400",
      "补贴津贴": "",
      "变动原因说明": "",
      "是否在股东或关联单位领取报酬津贴": "否",
      "在任与否": "是"
    },
    {
      "领导人姓名": "蔡雪辉",
      "职位描述": "独立董事",
      "期初持股数": "0",
      "期末持股数": "0",
      "间接持股数": "",
      "从公司获得年度报酬总额": "92500",
      "补贴津贴": "92500",
      "变动原因说明": "",
      "是否在股东或关联单位领取报酬津贴": "否",
      "在任与否": "是"
    },
    {
      "领导人姓名": "韩坚",
      "职位描述": "独立董事",
      "期初持股数": "0",
      "期末持股数": "0",
      "间接持股数": "",
      "从公司获得年度报酬总额": "92500",
      "补贴津贴": "92500",
      "变动原因说明": "",
      "是否在股东或关联单位领取报酬津贴": "否",
      "在任与否": "是"
    },
    {
      "领导人姓名": "钱正挺",
      "职位描述": "职工代表董事",
      "期初持股数": "0",
      "期末持股数": "0",
      "间接持股数": "",
      "从公司获得年度报酬总额": "301800",
      "补贴津贴": "",
      "变动原因说明": "",
      "是否在股东或关联单位领取报酬津贴": "否",
      "在任与否": "是"
    }
  ]
}

=== 600071-2026-04-21-凤凰光学-凤凰光学股份有限公司2025年年度报告.pdf ===
{
  "Leader_Salary_data": {
    "实际所得报酬总额起始": "7300600",
    "实际所得报酬总额截止": "7300600",
    "实际所得报酬总额涉及人数": ""
  },
  "Leader_Hold_data": [
    {
      "领导人姓名": "陈宗年",
      "职位描述": "董事长",
      "期初持股数": "0",
      "期末持股数": "0",
      "间接持股数": "",
      "从公司获得年度报酬总额": "0",
      "补贴津贴": "",
      "变动原因说明": "",
      "是否在股东或关联单位领取报酬津贴": "是",
      "在任与否": "是"
    },
    {
      "领导人姓名": "徐立兴",
      "职位描述": "董事",
      "期初持股数": "0",
      "期末持股数": "0",
      "间接持股数": "",
      "从公司获得年度报酬总额": "0",
      "补贴津贴": "",
      "变动原因说明": "",
      "是否在股东或关联单位领取报酬津贴": "是",
      "在任与否": "是"
    },
    {
      "领导人姓名": "赵建坤",
      "职位描述": "董事",
      "期初持股数": "0",
      "期末持股数": "0",
      "间接持股数": "",
      "从公司获得年度报酬总额": "0",
      "补贴津贴": "",
      "变动原因说明": "",
      "是否在股东或关联单位领取报酬津贴": "是",
      "在任与否": "是"
    },
    {
      "领导人姓名": "郭斌",
      "职位描述": "独立董事",
      "期初持股数": "0",
      "期末持股数": "0",
      "间接持股数": "",
      "从公司获得年度报酬总额": "80000",
      "补贴津贴": "",
      "变动原因说明": "",
      "是否在股东或关联单位领取报酬津贴": "否",
      "在任与否": "是"
    },
    {
      "领导人姓名": "蒋云",
      "职位描述": "独立董事",
      "期初持股数": "0",
      "期末持股数": "0",
      "间接持股数": "",
      "从公司获得年度报酬总额": "80000",
      "补贴津贴": "",
      "变动原因说明": "",
      "是否在股东或关联单位领取报酬津贴": "否",
      "在任与否": "是"
    },
    {
      "领导人姓名": "刘国城",
      "职位描述": "独立董事",
      "期初持股数": "0",
      "期末持股数": "0",
      "间接持股数": "",
      "从公司获得年度报酬总额": "80000",
      "补贴津贴": "",
      "变动原因说明": "",
      "是否在股东或关联单位领取报酬津贴": "否",
      "在任与否": "是"
    },
    {
      "领导人姓名": "李克炎",
      "职位描述": "独立董事",
      "期初持股数": "0",
      "期末持股数": "0",
      "间接持股数": "",
      "从公司获得年度报酬总额": "0",
      "补贴津贴": "",
      "变动原因说明": "",
      "是否在股东或关联单位领取报酬津贴": "否",
      "在任与否": "是"
    },
    {
      "领导人姓名": "杨超",
      "职位描述": "董事、副总经理",
      "期初持股数": "0",
      "期末持股数": "0",
      "间接持股数": "",
      "从公司获得年度报酬总额": "965700",
      "补贴津贴": "",
      "变动原因说明": "",
      "是否在股东或关联单位领取报酬津贴": "否",
      "在任与否": "是"
    },
    {
      "领导人姓名": "缪建新",
      "职位描述": "董事、副总经理",
      "期初持股数": "0",
      "期末持股数": "0",
      "间接持股数": "",
      "从公司获得年度报酬总额": "1751300",
      "补贴津贴": "",
      "变动原因说明": "",
      "是否在股东或关联单位领取报酬津贴": "否",
      "在任与否": "是"
    },
    {
      "领导人姓名": "王俊",
      "职位描述": "董事、党委副书记",
      "期初持股数": "0",
      "期末持股数": "0",
      "间接持股数": "",
      "从公司获得年度报酬总额": "0",
      "补贴津贴": "",
      "变动原因说明": "",
      "是否在股东或关联单位领取报酬津贴": "是",
      "在任与否": "是"
    },
    {
      "领导人姓名": "范文",
      "职位描述": "董事、副总经理",
      "期初持股数": "0",
      "期末持股数": "0",
      "间接持股数": "",
      "从公司获得年度报酬总额": "1160400",
      "补贴津贴": "",
      "变动原因说明": "",
      "是否在股东或关联单位领取报酬津贴": "否",
      "在任与否": "否"
    },
    {
      "领导人姓名": "谢会超",
      "职位描述": "副总经理、董事会秘书",
      "期初持股数": "0",
      "期末持股数": "0",
      "间接持股数": "",
      "从公司获得年度报酬总额": "1162300",
      "补贴津贴": "",
      "变动原因说明": "",
      "是否在股东或关联单位领取报酬津贴": "否",
      "在任与否": "是"
    },
    {
      "领导人姓名": "舒智勇",
      "职位描述": "副总经理、财务负责人",
      "期初持股数": "0",
      "期末持股数": "0",
      "间接持股数": "",
      "从公司获得年度报酬总额": "1148200",
      "补贴津贴": "",
      "变动原因说明": "",
      "是否在股东或关联单位领取报酬津贴": "否",
      "在任与否": "是"
    },
    {
      "领导人姓名": "闻潮华",
      "职位描述": "副总经理",
      "期初持股数": "0",
      "期末持股数": "0",
      "间接持股数": "",
      "从公司获得年度报酬总额": "872700",
      "补贴津贴": "",
      "变动原因说明": "",
      "是否在股东或关联单位领取报酬津贴": "否",
      "在任与否": "是"
    }
  ]
}

=== 301581-2026-04-21-黄山谷捷-2025年年度报告.pdf ===
{
  "Leader_Salary_data": {
    "实际所得报酬总额起始": "",
    "实际所得报酬总额截止": "",
    "实际所得报酬总额涉及人数": ""
  },
  "Leader_Hold_data": [
    {
      "领导人姓名": "程朝胜",
      "职位描述": "董事长",
      "期初持股数": "0",
      "期末持股数": "0",
      "间接持股数": "",
      "从公司获得年度报酬总额": "0",
      "补贴津贴": "",
      "变动原因说明": "",
      "是否在股东或关联单位领取报酬津贴": "是",
      "在任与否": "是"
    },
    {
      "领导人姓名": "梁毅",
      "职位描述": "副董事长、监事",
      "期初持股数": "0",
      "期末持股数": "0",
      "间接持股数": "",
      "从公司获得年度报酬总额": "0",
      "补贴津贴": "",
      "变动原因说明": "",
      "是否在股东或关联单位领取报酬津贴": "是",
      "在任与否": "是"
    },
    {
      "领导人姓名": "王辉",
      "职位描述": "董事",
      "期初持股数": "",
      "期末持股数": "",
      "间接持股数": "",
      "从公司获得年度报酬总额": "0",
      "补贴津贴": "",
      "变动原因说明": "",
      "是否在股东或关联单位领取报酬津贴": "是",
      "在任与否": "是"
    },
    {
      "领导人姓名": "张俊武",
      "职位描述": "董事、总经理",
      "期初持股数": "4389000",
      "期末持股数": "4389000",
      "间接持股数": "",
      "从公司获得年度报酬总额": "850900",
      "补贴津贴": "",
      "变动原因说明": "",
      "是否在股东或关联单位领取报酬津贴": "否",
      "在任与否": "是"
    },
    {
      "领导人姓名": "周斌",
      "职位描述": "董事、职工代表董事、副总经理",
      "期初持股数": "4389000",
      "期末持股数": "4389000",
      "间接持股数": "",
      "从公司获得年度报酬总额": "865700",
      "补贴津贴": "",
      "变动原因说明": "",
      "是否在股东或关联单位领取报酬津贴": "否",
      "在任与否": "是"
    },
    {
      "领导人姓名": "程家斌",
      "职位描述": "董事、副总经理、董事会秘书",
      "期初持股数": "0",
      "期末持股数": "0",
      "间接持股数": "",
      "从公司获得年度报酬总额": "705800",
      "补贴津贴": "",
      "变动原因说明": "",
      "是否在股东或关联单位领取报酬津贴": "否",
      "在任与否": "是"
    },
    {
      "领导人姓名": "郭少明",
      "职位描述": "独立董事",
      "期初持股数": "0",
      "期末持股数": "0",
      "间接持股数": "",
      "从公司获得年度报酬总额": "80000",
      "补贴津贴": "80000",
      "变动原因说明": "",
      "是否在股东或关联单位领取报酬津贴": "否",
      "在任与否": "是"
    },
    {
      "领导人姓名": "江建辉",
      "职位描述": "独立董事",
      "期初持股数": "0",
      "期末持股数": "0",
      "间接持股数": "",
      "从公司获得年度报酬总额": "80000",
      "补贴津贴": "80000",
      "变动原因说明": "",
      "是否在股东或关联单位领取报酬津贴": "否",
      "在任与否": "是"
    },
    {
      "领导人姓名": "赵广群",
      "职位描述": "独立董事",
      "期初持股数": "0",
      "期末持股数": "0",
      "间接持股数": "",
      "从公司获得年度报酬总额": "16600",
      "补贴津贴": "16600",
      "变动原因说明": "",
      "是否在股东或关联单位领取报酬津贴": "否",
      "在任与否": "是"
    },
    {
      "领导人姓名": "罗仁棠",
      "职位描述": "副总经理",
      "期初持股数": "0",
      "期末持股数": "0",
      "间接持股数": "",
      "从公司获得年度报酬总额": "767000",
      "补贴津贴": "",
      "变动原因说明": "",
      "是否在股东或关联单位领取报酬津贴": "否",
      "在任与否": "是"
    },
    {
      "领导人姓名": "汪琦",
      "职位描述": "财务负责人",
      "期初持股数": "0",
      "期末持股数": "0",
      "间接持股数": "",
      "从公司获得年度报酬总额": "584000",
      "补贴津贴": "",
      "变动原因说明": "",
      "是否在股东或关联单位领取报酬津贴": "否",
      "在任与否": "是"
    },
    {
      "领导人姓名": "胡恩谓",
      "职位描述": "董事长",
      "期初持股数": "0",
      "期末持股数": "0",
      "间接持股数": "",
      "从公司获得年度报酬总额": "772600",
      "补贴津贴": "",
      "变动原因说明": "",
      "是否在股东或关联单位领取报酬津贴": "否",
      "在任与否": "否"
    },
    {
      "领导人姓名": "洪海洲",
      "职位描述": "董事",
      "期初持股数": "0",
      "期末持股数": "0",
      "间接持股数": "",
      "从公司获得年度报酬总额": "0",
      "补贴津贴": "",
      "变动原因说明": "",
      "是否在股东或关联单位领取报酬津贴": "是",
      "在任与否": "否"
    },
    {
      "领导人姓名": "车委",
      "职位描述": "董事",
      "期初持股数": "0",
      "期末持股数": "0",
      "间接持股数": "",
      "从公司获得年度报酬总额": "0",
      "补贴津贴": "",
      "变动原因说明": "",
      "是否在股东或关联单位领取报酬津贴": "否",
      "在任与否": "否"
    },
    {
      "领导人姓名": "侯艳",
      "职位描述": "董事",
      "期初持股数": "0",
      "期末持股数": "0",
      "间接持股数": "",
      "从公司获得年度报酬总额": "0",
      "补贴津贴": "",
      "变动原因说明": "",
      "是否在股东或关联单位领取报酬津贴": "是",
      "在任与否": "否"
    },
    {
      "领导人姓名": "徐冬梅",
      "职位描述": "独立董事",
      "期初持股数": "0",
      "期末持股数": "0",
      "间接持股数": "",
      "从公司获得年度报酬总额": "63400",
      "补贴津贴": "",
      "变动原因说明": "",
      "是否在股东或关联单位领取报酬津贴": "否",
      "在任与否": "否"
    },
    {
      "领导人姓名": "方圣伟",
      "职位描述": "监事会主席",
      "期初持股数": "0",
      "期末持股数": "0",
      "间接持股数": "",
      "从公司获得年度报酬总额": "0",
      "补贴津贴": "",
      "变动原因说明": "",
      "是否在股东或关联单位领取报酬津贴": "是",
      "在任与否": "否"
    },
    {
      "领导人姓名": "谷伟",
      "职位描述": "职工代表监事",
      "期初持股数": "0",
      "期末持股数": "0",
      "间接持股数": "",
      "从公司获得年度报酬总额": "618600",
      "补贴津贴": "",
      "变动原因说明": "",
      "是否在股东或关联单位领取报酬津贴": "否",
      "在任与否": "否"
    }
  ]
}

=== 600114-2026-04-21-东睦股份-东睦股份2025年年度报告.pdf ===
{
  "Leader_Salary_data": {
    "实际所得报酬总额起始": "",
    "实际所得报酬总额截止": "",
    "实际所得报酬总额涉及人数": ""
  },
  "Leader_Hold_data": [
    {
      "领导人姓名": "朱志荣",
      "职位描述": "董事长、总经理",
      "期初持股数": "765400",
      "期末持股数": "1065400",
      "间接持股数": "",
      "从公司获得年度报酬总额": "1760000",
      "补贴津贴": "",
      "变动原因说明": "股权激励授予",
      "是否在股东或关联单位领取报酬津贴": "否",
      "在任与否": "是"
    },
    {
      "领导人姓名": "多田昌弘",
      "职位描述": "副董事长",
      "期初持股数": "444000",
      "期末持股数": "644000",
      "间接持股数": "",
      "从公司获得年度报酬总额": "1150000",
      "补贴津贴": "",
      "变动原因说明": "股权激励授予",
      "是否在股东或关联单位领取报酬津贴": "否",
      "在任与否": "是"
    },
    {
      "领导人姓名": "芦德宝",
      "职位描述": "名誉董事长、董事",
      "期初持股数": "697213",
      "期末持股数": "847213",
      "间接持股数": "",
      "从公司获得年度报酬总额": "1760000",
      "补贴津贴": "",
      "变动原因说明": "股权激励授予",
      "是否在股东或关联单位领取报酬津贴": "否",
      "在任与否": "是"
    },
    {
      "领导人姓名": "羽田锐治",
      "职位描述": "董事",
      "期初持股数": "0",
      "期末持股数": "0",
      "间接持股数": "",
      "从公司获得年度报酬总额": "60000",
      "补贴津贴": "",
      "变动原因说明": "不适用",
      "是否在股东或关联单位领取报酬津贴": "是",
      "在任与否": "是"
    },
    {
      "领导人姓名": "山根裕也",
      "职位描述": "董事",
      "期初持股数": "0",
      "期末持股数": "0",
      "间接持股数": "",
      "从公司获得年度报酬总额": "60000",
      "补贴津贴": "",
      "变动原因说明": "不适用",
      "是否在股东或关联单位领取报酬津贴": "是",
      "在任与否": "是"
    },
    {
      "领导人姓名": "郭灵光",
      "职位描述": "职工代表董事、总经理助理",
      "期初持股数": "0",
      "期末持股数": "300000",
      "间接持股数": "",
      "从公司获得年度报酬总额": "1400000",
      "补贴津贴": "",
      "变动原因说明": "股权激励授予",
      "是否在股东或关联单位领取报酬津贴": "否",
      "在任与否": "是"
    },
    {
      "领导人姓名": "楼玉琦",
      "职位描述": "独立董事",
      "期初持股数": "0",
      "期末持股数": "0",
      "间接持股数": "",
      "从公司获得年度报酬总额": "80000",
      "补贴津贴": "80000",
      "变动原因说明": "不适用",
      "是否在股东或关联单位领取报酬津贴": "否",
      "在任与否": "是"
    },
    {
      "领导人姓名": "吴雷鸣",
      "职位描述": "独立董事",
      "期初持股数": "0",
      "期末持股数": "0",
      "间接持股数": "",
      "从公司获得年度报酬总额": "0",
      "补贴津贴": "80000",
      "变动原因说明": "不适用",
      "是否在股东或关联单位领取报酬津贴": "否",
      "在任与否": "是"
    },
    {
      "领导人姓名": "岳振宏",
      "职位描述": "独立董事",
      "期初持股数": "0",
      "期末持股数": "0",
      "间接持股数": "",
      "从公司获得年度报酬总额": "0",
      "补贴津贴": "80000",
      "变动原因说明": "不适用",
      "是否在股东或关联单位领取报酬津贴": "否",
      "在任与否": "是"
    },
    {
      "领导人姓名": "何灵敏",
      "职位描述": "副总经理",
      "期初持股数": "675680",
      "期末持股数": "975680",
      "间接持股数": "",
      "从公司获得年度报酬总额": "1370000",
      "补贴津贴": "",
      "变动原因说明": "股权激励授予",
      "是否在股东或关联单位领取报酬津贴": "否",
      "在任与否": "是"
    },
    {
      "领导人姓名": "肖亚军",
      "职位描述": "副总经理、董事会秘书、财务总监",
      "期初持股数": "654354",
      "期末持股数": "954354",
      "间接持股数": "",
      "从公司获得年度报酬总额": "1370000",
      "补贴津贴": "",
      "变动原因说明": "股权激励授予",
      "是否在股东或关联单位领取报酬津贴": "否",
      "在任与否": "是"
    },
    {
      "领导人姓名": "闫增儿",
      "职位描述": "总经理助理",
      "期初持股数": "4940",
      "期末持股数": "304940",
      "间接持股数": "",
      "从公司获得年度报酬总额": "1110000",
      "补贴津贴": "",
      "变动原因说明": "股权激励授予",
      "是否在股东或关联单位领取报酬津贴": "否",
      "在任与否": "是"
    },
    {
      "领导人姓名": "刘宁凯",
      "职位描述": "总经理助理",
      "期初持股数": "0",
      "期末持股数": "300000",
      "间接持股数": "",
      "从公司获得年度报酬总额": "1150000",
      "补贴津贴": "",
      "变动原因说明": "股权激励授予",
      "是否在股东或关联单位领取报酬津贴": "否",
      "在任与否": "是"
    },
    {
      "领导人姓名": "曹阳",
      "职位描述": "第八届董事、副总经理",
      "期初持股数": "994800",
      "期末持股数": "1144800",
      "间接持股数": "",
      "从公司获得年度报酬总额": "1210000",
      "补贴津贴": "",
      "变动原因说明": "股权激励授予",
      "是否在股东或关联单位领取报酬津贴": "否",
      "在任与否": "否"
    },
    {
      "领导人姓名": "吴红春",
      "职位描述": "第八届独立董事",
      "期初持股数": "0",
      "期末持股数": "0",
      "间接持股数": "",
      "从公司获得年度报酬总额": "80000",
      "补贴津贴": "80000",
      "变动原因说明": "不适用",
      "是否在股东或关联单位领取报酬津贴": "否",
      "在任与否": "否"
    },
    {
      "领导人姓名": "汪永斌",
      "职位描述": "第八届独立董事",
      "期初持股数": "0",
      "期末持股数": "0",
      "间接持股数": "",
      "从公司获得年度报酬总额": "80000",
      "补贴津贴": "80000",
      "变动原因说明": "不适用",
      "是否在股东或关联单位领取报酬津贴": "否",
      "在任与否": "否"
    }
  ]
}

=== 600191-2026-04-21-华资实业-华资实业2025年年度报告.pdf ===
{
  "Leader_Salary_data": {
    "实际所得报酬总额起始": "1396100",
    "实际所得报酬总额截止": "1396100",
    "实际所得报酬总额涉及人数": ""
  },
  "Leader_Hold_data": [
    {
      "领导人姓名": "张志军",
      "职位描述": "董事长、董事",
      "期初持股数": "0",
      "期末持股数": "0",
      "间接持股数": "",
      "从公司获得年度报酬总额": "",
      "补贴津贴": "",
      "变动原因说明": "",
      "是否在股东或关联单位领取报酬津贴": "是",
      "在任与否": "是"
    },
    {
      "领导人姓名": "宋民松",
      "职位描述": "董事",
      "期初持股数": "0",
      "期末持股数": "0",
      "间接持股数": "",
      "从公司获得年度报酬总额": "",
      "补贴津贴": "",
      "变动原因说明": "",
      "是否在股东或关联单位领取报酬津贴": "是",
      "在任与否": "是"
    },
    {
      "领导人姓名": "张文国",
      "职位描述": "董事",
      "期初持股数": "0",
      "期末持股数": "0",
      "间接持股数": "",
      "从公司获得年度报酬总额": "",
      "补贴津贴": "",
      "变动原因说明": "",
      "是否在股东或关联单位领取报酬津贴": "是",
      "在任与否": "是"
    },
    {
      "领导人姓名": "刘福安",
      "职位描述": "董事、总经理",
      "期初持股数": "0",
      "期末持股数": "0",
      "间接持股数": "",
      "从公司获得年度报酬总额": "354600",
      "补贴津贴": "",
      "变动原因说明": "",
      "是否在股东或关联单位领取报酬津贴": "否",
      "在任与否": "是"
    },
    {
      "领导人姓名": "刘东升",
      "职位描述": "职工董事、董事",
      "期初持股数": "0",
      "期末持股数": "0",
      "间接持股数": "",
      "从公司获得年度报酬总额": "10200",
      "补贴津贴": "",
      "变动原因说明": "",
      "是否在股东或关联单位领取报酬津贴": "否",
      "在任与否": "是"
    },
    {
      "领导人姓名": "王鲁琦",
      "职位描述": "独立董事",
      "期初持股数": "0",
      "期末持股数": "0",
      "间接持股数": "",
      "从公司获得年度报酬总额": "63200",
      "补贴津贴": "",
      "变动原因说明": "",
      "是否在股东或关联单位领取报酬津贴": "否",
      "在任与否": "是"
    },
    {
      "领导人姓名": "刘建雷",
      "职位描述": "独立董事",
      "期初持股数": "0",
      "期末持股数": "0",
      "间接持股数": "",
      "从公司获得年度报酬总额": "63200",
      "补贴津贴": "",
      "变动原因说明": "",
      "是否在股东或关联单位领取报酬津贴": "是",
      "在任与否": "是"
    },
    {
      "领导人姓名": "倪元颖",
      "职位描述": "独立董事",
      "期初持股数": "0",
      "期末持股数": "0",
      "间接持股数": "",
      "从公司获得年度报酬总额": "20100",
      "补贴津贴": "",
      "变动原因说明": "",
      "是否在股东或关联单位领取报酬津贴": "否",
      "在任与否": "是"
    },
    {
      "领导人姓名": "信衍彪",
      "职位描述": "董事会秘书、董事",
      "期初持股数": "0",
      "期末持股数": "0",
      "间接持股数": "",
      "从公司获得年度报酬总额": "241200",
      "补贴津贴": "",
      "变动原因说明": "",
      "是否在股东或关联单位领取报酬津贴": "否",
      "在任与否": "是"
    },
    {
      "领导人姓名": "滕明尚",
      "职位描述": "财务总监",
      "期初持股数": "0",
      "期末持股数": "0",
      "间接持股数": "",
      "从公司获得年度报酬总额": "61000",
      "补贴津贴": "",
      "变动原因说明": "",
      "是否在股东或关联单位领取报酬津贴": "否",
      "在任与否": "是"
    },
    {
      "领导人姓名": "胡忠林",
      "职位描述": "副总经理",
      "期初持股数": "0",
      "期末持股数": "0",
      "间接持股数": "",
      "从公司获得年度报酬总额": "129100",
      "补贴津贴": "",
      "变动原因说明": "",
      "是否在股东或关联单位领取报酬津贴": "否",
      "在任与否": "是"
    },
    {
      "领导人姓名": "李延永",
      "职位描述": "董事、董事长",
      "期初持股数": "0",
      "期末持股数": "0",
      "间接持股数": "",
      "从公司获得年度报酬总额": "219300",
      "补贴津贴": "",
      "变动原因说明": "",
      "是否在股东或关联单位领取报酬津贴": "否",
      "在任与否": "否"
    },
    {
      "领导人姓名": "崔美芝",
      "职位描述": "董事、财务总监",
      "期初持股数": "0",
      "期末持股数": "0",
      "间接持股数": "",
      "从公司获得年度报酬总额": "98300",
      "补贴津贴": "",
      "变动原因说明": "",
      "是否在股东或关联单位领取报酬津贴": "否",
      "在任与否": "否"
    },
    {
      "领导人姓名": "苏理",
      "职位描述": "独立董事",
      "期初持股数": "0",
      "期末持股数": "0",
      "间接持股数": "",
      "从公司获得年度报酬总额": "43100",
      "补贴津贴": "",
      "变动原因说明": "",
      "是否在股东或关联单位领取报酬津贴": "否",
      "在任与否": "否"
    },
    {
      "领导人姓名": "信衍彪",
      "职位描述": "董事",
      "期初持股数": "0",
      "期末持股数": "0",
      "间接持股数": "",
      "从公司获得年度报酬总额": "",
      "补贴津贴": "",
      "变动原因说明": "",
      "是否在股东或关联单位领取报酬津贴": "否",
      "在任与否": "否"
    }
  ]
}

=== 600262-2026-04-21-北方股份-内蒙古北方重型汽车股份有限公司2025年年度报告.pdf ===
{
  "Leader_Salary_data": {
    "实际所得报酬总额起始": "6413100",
    "实际所得报酬总额截止": "6413100",
    "实际所得报酬总额涉及人数": ""
  },
  "Leader_Hold_data": [
    {
      "领导人姓名": "王占山",
      "职位描述": "董事、董事长",
      "期初持股数": "0",
      "期末持股数": "0",
      "间接持股数": "",
      "从公司获得年度报酬总额": "0",
      "补贴津贴": "",
      "变动原因说明": "",
      "是否在股东或关联单位领取报酬津贴": "是",
      "在任与否": "是"
    },
    {
      "领导人姓名": "沈磊",
      "职位描述": "董事",
      "期初持股数": "",
      "期末持股数": "",
      "间接持股数": "",
      "从公司获得年度报酬总额": "",
      "补贴津贴": "",
      "变动原因说明": "",
      "是否在股东或关联单位领取报酬津贴": "",
      "在任与否": "是"
    },
    {
      "领导人姓名": "郭海全",
      "职位描述": "董事、总经理",
      "期初持股数": "0",
      "期末持股数": "0",
      "间接持股数": "",
      "从公司获得年度报酬总额": "1427300",
      "补贴津贴": "",
      "变动原因说明": "",
      "是否在股东或关联单位领取报酬津贴": "否",
      "在任与否": "是"
    },
    {
      "领导人姓名": "侯文瑞",
      "职位描述": "董事",
      "期初持股数": "0",
      "期末持股数": "0",
      "间接持股数": "",
      "从公司获得年度报酬总额": "0",
      "补贴津贴": "",
      "变动原因说明": "",
      "是否在股东或关联单位领取报酬津贴": "是",
      "在任与否": "是"
    },
    {
      "领导人姓名": "张继德",
      "职位描述": "独立董事",
      "期初持股数": "0",
      "期末持股数": "0",
      "间接持股数": "",
      "从公司获得年度报酬总额": "80000",
      "补贴津贴": "80000",
      "变动原因说明": "",
      "是否在股东或关联单位领取报酬津贴": "否",
      "在任与否": "是"
    },
    {
      "领导人姓名": "向勇",
      "职位描述": "独立董事",
      "期初持股数": "0",
      "期末持股数": "0",
      "间接持股数": "",
      "从公司获得年度报酬总额": "80000",
      "补贴津贴": "80000",
      "变动原因说明": "",
      "是否在股东或关联单位领取报酬津贴": "否",
      "在任与否": "是"
    },
    {
      "领导人姓名": "吕莹",
      "职位描述": "独立董事",
      "期初持股数": "0",
      "期末持股数": "0",
      "间接持股数": "",
      "从公司获得年度报酬总额": "80000",
      "补贴津贴": "80000",
      "变动原因说明": "",
      "是否在股东或关联单位领取报酬津贴": "否",
      "在任与否": "是"
    },
    {
      "领导人姓名": "薛继奎",
      "职位描述": "副总经理",
      "期初持股数": "0",
      "期末持股数": "0",
      "间接持股数": "",
      "从公司获得年度报酬总额": "1147300",
      "补贴津贴": "",
      "变动原因说明": "",
      "是否在股东或关联单位领取报酬津贴": "否",
      "在任与否": "否"
    },
    {
      "领导人姓名": "巴根",
      "职位描述": "副总经理",
      "期初持股数": "0",
      "期末持股数": "0",
      "间接持股数": "",
      "从公司获得年度报酬总额": "745700",
      "补贴津贴": "",
      "变动原因说明": "",
      "是否在股东或关联单位领取报酬津贴": "否",
      "在任与否": "否"
    },
    {
      "领导人姓名": "苏向军",
      "职位描述": "财务总监、董事会秘书",
      "期初持股数": "0",
      "期末持股数": "0",
      "间接持股数": "",
      "从公司获得年度报酬总额": "1097600",
      "补贴津贴": "",
      "变动原因说明": "",
      "是否在股东或关联单位领取报酬津贴": "否",
      "在任与否": "是"
    },
    {
      "领导人姓名": "赵志远",
      "职位描述": "董事会秘书",
      "期初持股数": "0",
      "期末持股数": "0",
      "间接持股数": "",
      "从公司获得年度报酬总额": "1087000",
      "补贴津贴": "",
      "变动原因说明": "",
      "是否在股东或关联单位领取报酬津贴": "否",
      "在任与否": "否"
    },
    {
      "领导人姓名": "董国俊",
      "职位描述": "副总经理",
      "期初持股数": "0",
      "期末持股数": "0",
      "间接持股数": "",
      "从公司获得年度报酬总额": "332100",
      "补贴津贴": "",
      "变动原因说明": "",
      "是否在股东或关联单位领取报酬津贴": "否",
      "在任与否": "是"
    },
    {
      "领导人姓名": "赵新春",
      "职位描述": "副总经理",
      "期初持股数": "0",
      "期末持股数": "0",
      "间接持股数": "",
      "从公司获得年度报酬总额": "336100",
      "补贴津贴": "",
      "变动原因说明": "",
      "是否在股东或关联单位领取报酬津贴": "否",
      "在任与否": "是"
    }
  ]
}

=== 600226-2026-04-21-亨通股份-浙江亨通控股股份有限公司2025年年度报告.pdf ===
{
  "Leader_Salary_data": {
    "实际所得报酬总额起始": "",
    "实际所得报酬总额截止": "",
    "实际所得报酬总额涉及人数": ""
  },
  "Leader_Hold_data": [
    {
      "领导人姓名": "崔巍",
      "职位描述": "董事长、董事、代董事会秘书（离任）、董事会秘书（离任）",
      "期初持股数": "1110200",
      "期末持股数": "1110200",
      "间接持股数": "",
      "从公司获得年度报酬总额": "0",
      "补贴津贴": "",
      "变动原因说明": "",
      "是否在股东或关联单位领取报酬津贴": "是",
      "在任与否": "是"
    },
    {
      "领导人姓名": "朱礼静",
      "职位描述": "副董事长（离任）、董事",
      "期初持股数": "0",
      "期末持股数": "0",
      "间接持股数": "",
      "从公司获得年度报酬总额": "851400",
      "补贴津贴": "",
      "变动原因说明": "",
      "是否在股东或关联单位领取报酬津贴": "否",
      "在任与否": "是"
    },
    {
      "领导人姓名": "陆春良",
      "职位描述": "董事",
      "期初持股数": "0",
      "期末持股数": "0",
      "间接持股数": "",
      "从公司获得年度报酬总额": "0",
      "补贴津贴": "",
      "变动原因说明": "",
      "是否在股东或关联单位领取报酬津贴": "否",
      "在任与否": "是"
    },
    {
      "领导人姓名": "张荆京",
      "职位描述": "董事",
      "期初持股数": "0",
      "期末持股数": "0",
      "间接持股数": "",
      "从公司获得年度报酬总额": "0",
      "补贴津贴": "",
      "变动原因说明": "",
      "是否在股东或关联单位领取报酬津贴": "否",
      "在任与否": "是"
    },
    {
      "领导人姓名": "陆黎明",
      "职位描述": "董事、财务总监",
      "期初持股数": "0",
      "期末持股数": "0",
      "间接持股数": "",
      "从公司获得年度报酬总额": "1051900",
      "补贴津贴": "",
      "变动原因说明": "",
      "是否在股东或关联单位领取报酬津贴": "否",
      "在任与否": "是"
    },
    {
      "领导人姓名": "吴燕",
      "职位描述": "董事",
      "期初持股数": "0",
      "期末持股数": "0",
      "间接持股数": "",
      "从公司获得年度报酬总额": "0",
      "补贴津贴": "",
      "变动原因说明": "",
      "是否在股东或关联单位领取报酬津贴": "是",
      "在任与否": "是"
    },
    {
      "领导人姓名": "汪明朴",
      "职位描述": "独立董事",
      "期初持股数": "0",
      "期末持股数": "0",
      "间接持股数": "",
      "从公司获得年度报酬总额": "200000",
      "补贴津贴": "",
      "变动原因说明": "",
      "是否在股东或关联单位领取报酬津贴": "否",
      "在任与否": "是"
    },
    {
      "领导人姓名": "郦仲贤",
      "职位描述": "独立董事",
      "期初持股数": "0",
      "期末持股数": "0",
      "间接持股数": "",
      "从公司获得年度报酬总额": "200000",
      "补贴津贴": "",
      "变动原因说明": "",
      "是否在股东或关联单位领取报酬津贴": "否",
      "在任与否": "是"
    },
    {
      "领导人姓名": "麻国安",
      "职位描述": "独立董事",
      "期初持股数": "0",
      "期末持股数": "0",
      "间接持股数": "",
      "从公司获得年度报酬总额": "200000",
      "补贴津贴": "",
      "变动原因说明": "",
      "是否在股东或关联单位领取报酬津贴": "否",
      "在任与否": "是"
    },
    {
      "领导人姓名": "李海江",
      "职位描述": "总裁",
      "期初持股数": "0",
      "期末持股数": "0",
      "间接持股数": "",
      "从公司获得年度报酬总额": "1512300",
      "补贴津贴": "",
      "变动原因说明": "",
      "是否在股东或关联单位领取报酬津贴": "否",
      "在任与否": "是"
    },
    {
      "领导人姓名": "杨钧皓",
      "职位描述": "副总裁、董事会秘书",
      "期初持股数": "0",
      "期末持股数": "0",
      "间接持股数": "",
      "从公司获得年度报酬总额": "113200",
      "补贴津贴": "",
      "变动原因说明": "",
      "是否在股东或关联单位领取报酬津贴": "否",
      "在任与否": "是"
    },
    {
      "领导人姓名": "景霞",
      "职位描述": "董事会秘书（离任）",
      "期初持股数": "0",
      "期末持股数": "0",
      "间接持股数": "",
      "从公司获得年度报酬总额": "333600",
      "补贴津贴": "",
      "变动原因说明": "",
      "是否在股东或关联单位领取报酬津贴": "否",
      "在任与否": "否"
    },
    {
      "领导人姓名": "李学帅",
      "职位描述": "副总裁",
      "期初持股数": "0",
      "期末持股数": "0",
      "间接持股数": "",
      "从公司获得年度报酬总额": "180100",
      "补贴津贴": "",
      "变动原因说明": "",
      "是否在股东或关联单位领取报酬津贴": "否",
      "在任与否": "是"
    }
  ]
}

=== 600143-2026-04-21-金发科技-金发科技2025年年度报告.pdf ===
{
  "Leader_Salary_data": {
    "实际所得报酬总额起始": "30919000",
    "实际所得报酬总额截止": "30919000",
    "实际所得报酬总额涉及人数": ""
  },
  "Leader_Hold_data": [
    {
      "领导人姓名": "陈平绪",
      "职位描述": "董事长",
      "期初持股数": "615364",
      "期末持股数": "615364",
      "间接持股数": "",
      "从公司获得年度报酬总额": "4479400",
      "补贴津贴": "",
      "变动原因说明": "",
      "是否在股东或关联单位领取报酬津贴": "否",
      "在任与否": "是"
    },
    {
      "领导人姓名": "袁长长",
      "职位描述": "董事、副董事长、常务副总经理",
      "期初持股数": "5202018",
      "期末持股数": "5202018",
      "间接持股数": "",
      "从公司获得年度报酬总额": "2959100",
      "补贴津贴": "",
      "变动原因说明": "",
      "是否在股东或关联单位领取报酬津贴": "否",
      "在任与否": "是"
    },
    {
      "领导人姓名": "吴敌",
      "职位描述": "董事、总经理",
      "期初持股数": "617364",
      "期末持股数": "617364",
      "间接持股数": "",
      "从公司获得年度报酬总额": "4311700",
      "补贴津贴": "",
      "变动原因说明": "",
      "是否在股东或关联单位领取报酬津贴": "否",
      "在任与否": "是"
    },
    {
      "领导人姓名": "宁红涛",
      "职位描述": "董事",
      "期初持股数": "1752804",
      "期末持股数": "1752804",
      "间接持股数": "",
      "从公司获得年度报酬总额": "0",
      "补贴津贴": "",
      "变动原因说明": "",
      "是否在股东或关联单位领取报酬津贴": "是",
      "在任与否": "是"
    },
    {
      "领导人姓名": "陈年德",
      "职位描述": "董事、副总经理",
      "期初持股数": "398154",
      "期末持股数": "398154",
      "间接持股数": "",
      "从公司获得年度报酬总额": "5102500",
      "补贴津贴": "",
      "变动原因说明": "",
      "是否在股东或关联单位领取报酬津贴": "否",
      "在任与否": "是"
    },
    {
      "领导人姓名": "李鹏",
      "职位描述": "董事、副总经理",
      "期初持股数": "306136",
      "期末持股数": "306136",
      "间接持股数": "",
      "从公司获得年度报酬总额": "2889100",
      "补贴津贴": "",
      "变动原因说明": "",
      "是否在股东或关联单位领取报酬津贴": "否",
      "在任与否": "是"
    },
    {
      "领导人姓名": "李华祥",
      "职位描述": "董事、职工代表董事",
      "期初持股数": "198609",
      "期末持股数": "198609",
      "间接持股数": "",
      "从公司获得年度报酬总额": "2801900",
      "补贴津贴": "",
      "变动原因说明": "",
      "是否在股东或关联单位领取报酬津贴": "否",
      "在任与否": "是"
    },
    {
      "领导人姓名": "杨雄",
      "职位描述": "独立董事",
      "期初持股数": "0",
      "期末持股数": "0",
      "间接持股数": "",
      "从公司获得年度报酬总额": "193400",
      "补贴津贴": "",
      "变动原因说明": "",
      "是否在股东或关联单位领取报酬津贴": "否",
      "在任与否": "否"
    },
    {
      "领导人姓名": "卢馨",
      "职位描述": "独立董事",
      "期初持股数": "0",
      "期末持股数": "0",
      "间接持股数": "",
      "从公司获得年度报酬总额": "6600",
      "补贴津贴": "",
      "变动原因说明": "",
      "是否在股东或关联单位领取报酬津贴": "否",
      "在任与否": "是"
    },
    {
      "领导人姓名": "孟跃中",
      "职位描述": "独立董事",
      "期初持股数": "0",
      "期末持股数": "0",
      "间接持股数": "",
      "从公司获得年度报酬总额": "200000",
      "补贴津贴": "200000",
      "变动原因说明": "",
      "是否在股东或关联单位领取报酬津贴": "否",
      "在任与否": "是"
    },
    {
      "领导人姓名": "曾幸荣",
      "职位描述": "独立董事",
      "期初持股数": "0",
      "期末持股数": "0",
      "间接持股数": "",
      "从公司获得年度报酬总额": "200000",
      "补贴津贴": "200000",
      "变动原因说明": "",
      "是否在股东或关联单位领取报酬津贴": "否",
      "在任与否": "是"
    },
    {
      "领导人姓名": "张继承",
      "职位描述": "独立董事",
      "期初持股数": "0",
      "期末持股数": "0",
      "间接持股数": "",
      "从公司获得年度报酬总额": "200000",
      "补贴津贴": "200000",
      "变动原因说明": "",
      "是否在股东或关联单位领取报酬津贴": "否",
      "在任与否": "是"
    },
    {
      "领导人姓名": "黄河生",
      "职位描述": "副总经理",
      "期初持股数": "614618",
      "期末持股数": "614618",
      "间接持股数": "",
      "从公司获得年度报酬总额": "3260100",
      "补贴津贴": "",
      "变动原因说明": "",
      "是否在股东或关联单位领取报酬津贴": "否",
      "在任与否": "是"
    },
    {
      "领导人姓名": "戴耀珊",
      "职位描述": "董事会秘书",
      "期初持股数": "301927",
      "期末持股数": "301927",
      "间接持股数": "",
      "从公司获得年度报酬总额": "2757800",
      "补贴津贴": "",
      "变动原因说明": "",
      "是否在股东或关联单位领取报酬津贴": "否",
      "在任与否": "是"
    },
    {
      "领导人姓名": "奉中杰",
      "职位描述": "财务总监",
      "期初持股数": "373918",
      "期末持股数": "373918",
      "间接持股数": "",
      "从公司获得年度报酬总额": "210400",
      "补贴津贴": "",
      "变动原因说明": "",
      "是否在股东或关联单位领取报酬津贴": "否",
      "在任与否": "否"
    },
    {
      "领导人姓名": "雷长安",
      "职位描述": "财务总监",
      "期初持股数": "27819",
      "期末持股数": "27819",
      "间接持股数": "",
      "从公司获得年度报酬总额": "1347000",
      "补贴津贴": "",
      "变动原因说明": "",
      "是否在股东或关联单位领取报酬津贴": "否",
      "在任与否": "是"
    }
  ]
}

=== 600261-2026-04-21-阳光照明-阳光照明2025年年度报告.pdf ===
{
  "Leader_Salary_data": {
    "实际所得报酬总额起始": "10586300",
    "实际所得报酬总额截止": "10586300",
    "实际所得报酬总额涉及人数": ""
  },
  "Leader_Hold_data": [
    {
      "领导人姓名": "薛跃",
      "职位描述": "独立董事",
      "期初持股数": "3000",
      "期末持股数": "3000",
      "间接持股数": "",
      "从公司获得年度报酬总额": "100000",
      "补贴津贴": "",
      "变动原因说明": "",
      "是否在股东或关联单位领取报酬津贴": "否",
      "在任与否": "是"
    },
    {
      "领导人姓名": "王瑞林",
      "职位描述": "独立董事",
      "期初持股数": "",
      "期末持股数": "",
      "间接持股数": "",
      "从公司获得年度报酬总额": "100000",
      "补贴津贴": "",
      "变动原因说明": "",
      "是否在股东或关联单位领取报酬津贴": "否",
      "在任与否": "是"
    },
    {
      "领导人姓名": "刘葳",
      "职位描述": "独立董事",
      "期初持股数": "",
      "期末持股数": "",
      "间接持股数": "",
      "从公司获得年度报酬总额": "100000",
      "补贴津贴": "",
      "变动原因说明": "",
      "是否在股东或关联单位领取报酬津贴": "否",
      "在任与否": "是"
    },
    {
      "领导人姓名": "陈森洁",
      "职位描述": "董事",
      "期初持股数": "115439778",
      "期末持股数": "115439778",
      "间接持股数": "",
      "从公司获得年度报酬总额": "0",
      "补贴津贴": "",
      "变动原因说明": "",
      "是否在股东或关联单位领取报酬津贴": "否",
      "在任与否": "是"
    },
    {
      "领导人姓名": "吴国明",
      "职位描述": "董事、总经理",
      "期初持股数": "5532357",
      "期末持股数": "5532357",
      "间接持股数": "",
      "从公司获得年度报酬总额": "1667400",
      "补贴津贴": "",
      "变动原因说明": "",
      "是否在股东或关联单位领取报酬津贴": "否",
      "在任与否": "是"
    },
    {
      "领导人姓名": "李阳",
      "职位描述": "董事、副总经理",
      "期初持股数": "3439400",
      "期末持股数": "3439400",
      "间接持股数": "",
      "从公司获得年度报酬总额": "987100",
      "补贴津贴": "",
      "变动原因说明": "",
      "是否在股东或关联单位领取报酬津贴": "否",
      "在任与否": "是"
    },
    {
      "领导人姓名": "赵伟锋",
      "职位描述": "董事、副总经理",
      "期初持股数": "650000",
      "期末持股数": "650000",
      "间接持股数": "",
      "从公司获得年度报酬总额": "990000",
      "补贴津贴": "",
      "变动原因说明": "",
      "是否在股东或关联单位领取报酬津贴": "否",
      "在任与否": "是"
    },
    {
      "领导人姓名": "赵芳华",
      "职位描述": "董事",
      "期初持股数": "133200",
      "期末持股数": "133200",
      "间接持股数": "",
      "从公司获得年度报酬总额": "779900",
      "补贴津贴": "",
      "变动原因说明": "",
      "是否在股东或关联单位领取报酬津贴": "否",
      "在任与否": "是"
    },
    {
      "领导人姓名": "花天文",
      "职位描述": "监事会主席",
      "期初持股数": "284750",
      "期末持股数": "284750",
      "间接持股数": "",
      "从公司获得年度报酬总额": "438900",
      "补贴津贴": "",
      "变动原因说明": "",
      "是否在股东或关联单位领取报酬津贴": "否",
      "在任与否": "否"
    },
    {
      "领导人姓名": "郑万丰",
      "职位描述": "监事",
      "期初持股数": "98800",
      "期末持股数": "98800",
      "间接持股数": "",
      "从公司获得年度报酬总额": "616900",
      "补贴津贴": "",
      "变动原因说明": "",
      "是否在股东或关联单位领取报酬津贴": "否",
      "在任与否": "否"
    },
    {
      "领导人姓名": "郑东",
      "职位描述": "职工代表监事",
      "期初持股数": "21100",
      "期末持股数": "21100",
      "间接持股数": "",
      "从公司获得年度报酬总额": "270800",
      "补贴津贴": "",
      "变动原因说明": "",
      "是否在股东或关联单位领取报酬津贴": "否",
      "在任与否": "否"
    },
    {
      "领导人姓名": "陶春雷",
      "职位描述": "副总经理",
      "期初持股数": "144700",
      "期末持股数": "144700",
      "间接持股数": "",
      "从公司获得年度报酬总额": "724400",
      "补贴津贴": "",
      "变动原因说明": "",
      "是否在股东或关联单位领取报酬津贴": "否",
      "在任与否": "是"
    },
    {
      "领导人姓名": "李炳军",
      "职位描述": "副总经理",
      "期初持股数": "265000",
      "期末持股数": "265000",
      "间接持股数": "",
      "从公司获得年度报酬总额": "730400",
      "补贴津贴": "",
      "变动原因说明": "",
      "是否在股东或关联单位领取报酬津贴": "否",
      "在任与否": "是"
    },
    {
      "领导人姓名": "陈圣华",
      "职位描述": "财务总监",
      "期初持股数": "46100",
      "期末持股数": "46100",
      "间接持股数": "",
      "从公司获得年度报酬总额": "689800",
      "补贴津贴": "",
      "变动原因说明": "",
      "是否在股东或关联单位领取报酬津贴": "否",
      "在任与否": "是"
    },
    {
      "领导人姓名": "张龙",
      "职位描述": "董事会秘书",
      "期初持股数": "77500",
      "期末持股数": "77500",
      "间接持股数": "",
      "从公司获得年度报酬总额": "716700",
      "补贴津贴": "",
      "变动原因说明": "",
      "是否在股东或关联单位领取报酬津贴": "否",
      "在任与否": "是"
    }
  ]
}

=== 600185-2026-04-21-珠免集团-2025年年度报告.pdf ===
{
  "Leader_Salary_data": {
    "实际所得报酬总额起始": "6694200",
    "实际所得报酬总额截止": "6694200",
    "实际所得报酬总额涉及人数": ""
  },
  "Leader_Hold_data": [
    {
      "领导人姓名": "李向东",
      "职位描述": "董事、总裁、董事长",
      "期初持股数": "0",
      "期末持股数": "10000",
      "间接持股数": "",
      "从公司获得年度报酬总额": "258400",
      "补贴津贴": "",
      "变动原因说明": "个人原因二级市场买入",
      "是否在股东或关联单位领取报酬津贴": "是",
      "在任与否": "是"
    },
    {
      "领导人姓名": "李微欢",
      "职位描述": "董事",
      "期初持股数": "0",
      "期末持股数": "0",
      "间接持股数": "",
      "从公司获得年度报酬总额": "0",
      "补贴津贴": "",
      "变动原因说明": "",
      "是否在股东或关联单位领取报酬津贴": "是",
      "在任与否": "是"
    },
    {
      "领导人姓名": "郭桂钦",
      "职位描述": "董事",
      "期初持股数": "0",
      "期末持股数": "0",
      "间接持股数": "",
      "从公司获得年度报酬总额": "0",
      "补贴津贴": "",
      "变动原因说明": "",
      "是否在股东或关联单位领取报酬津贴": "是",
      "在任与否": "是"
    },
    {
      "领导人姓名": "邹超勇",
      "职位描述": "董事",
      "期初持股数": "0",
      "期末持股数": "0",
      "间接持股数": "",
      "从公司获得年度报酬总额": "0",
      "补贴津贴": "",
      "变动原因说明": "",
      "是否在股东或关联单位领取报酬津贴": "是",
      "在任与否": "是"
    },
    {
      "领导人姓名": "马志超",
      "职位描述": "董事、副总裁",
      "期初持股数": "0",
      "期末持股数": "0",
      "间接持股数": "",
      "从公司获得年度报酬总额": "1230400",
      "补贴津贴": "",
      "变动原因说明": "",
      "是否在股东或关联单位领取报酬津贴": "否",
      "在任与否": "是"
    },
    {
      "领导人姓名": "黄荣锋",
      "职位描述": "董事",
      "期初持股数": "0",
      "期末持股数": "0",
      "间接持股数": "",
      "从公司获得年度报酬总额": "760700",
      "补贴津贴": "",
      "变动原因说明": "",
      "是否在股东或关联单位领取报酬津贴": "否",
      "在任与否": "是"
    },
    {
      "领导人姓名": "路晓燕",
      "职位描述": "独立董事",
      "期初持股数": "0",
      "期末持股数": "0",
      "间接持股数": "",
      "从公司获得年度报酬总额": "120000",
      "补贴津贴": "",
      "变动原因说明": "",
      "是否在股东或关联单位领取报酬津贴": "否",
      "在任与否": "是"
    },
    {
      "领导人姓名": "何美云",
      "职位描述": "独立董事",
      "期初持股数": "0",
      "期末持股数": "0",
      "间接持股数": "",
      "从公司获得年度报酬总额": "120000",
      "补贴津贴": "",
      "变动原因说明": "",
      "是否在股东或关联单位领取报酬津贴": "否",
      "在任与否": "是"
    },
    {
      "领导人姓名": "李良琛",
      "职位描述": "独立董事",
      "期初持股数": "0",
      "期末持股数": "0",
      "间接持股数": "",
      "从公司获得年度报酬总额": "120000",
      "补贴津贴": "",
      "变动原因说明": "",
      "是否在股东或关联单位领取报酬津贴": "否",
      "在任与否": "是"
    },
    {
      "领导人姓名": "黄一桓",
      "职位描述": "副总裁、董事会秘书",
      "期初持股数": "0",
      "期末持股数": "0",
      "间接持股数": "",
      "从公司获得年度报酬总额": "1230400",
      "补贴津贴": "",
      "变动原因说明": "",
      "是否在股东或关联单位领取报酬津贴": "否",
      "在任与否": "是"
    },
    {
      "领导人姓名": "胡雨",
      "职位描述": "副总裁",
      "期初持股数": "0",
      "期末持股数": "0",
      "间接持股数": "",
      "从公司获得年度报酬总额": "710500",
      "补贴津贴": "",
      "变动原因说明": "",
      "是否在股东或关联单位领取报酬津贴": "是",
      "在任与否": "是"
    },
    {
      "领导人姓名": "李航",
      "职位描述": "副总裁",
      "期初持股数": "0",
      "期末持股数": "0",
      "间接持股数": "",
      "从公司获得年度报酬总额": "153400",
      "补贴津贴": "",
      "变动原因说明": "",
      "是否在股东或关联单位领取报酬津贴": "是",
      "在任与否": "是"
    },
    {
      "领导人姓名": "高升业",
      "职位描述": "财务负责人",
      "期初持股数": "5900",
      "期末持股数": "5900",
      "间接持股数": "",
      "从公司获得年度报酬总额": "922000",
      "补贴津贴": "",
      "变动原因说明": "",
      "是否在股东或关联单位领取报酬津贴": "否",
      "在任与否": "是"
    },
    {
      "领导人姓名": "齐雁兵",
      "职位描述": "董事",
      "期初持股数": "0",
      "期末持股数": "0",
      "间接持股数": "",
      "从公司获得年度报酬总额": "0",
      "补贴津贴": "",
      "变动原因说明": "",
      "是否在股东或关联单位领取报酬津贴": "是",
      "在任与否": "否"
    },
    {
      "领导人姓名": "郭凌勇",
      "职位描述": "董事长",
      "期初持股数": "0",
      "期末持股数": "0",
      "间接持股数": "",
      "从公司获得年度报酬总额": "0",
      "补贴津贴": "",
      "变动原因说明": "",
      "是否在股东或关联单位领取报酬津贴": "是",
      "在任与否": "否"
    },
    {
      "领导人姓名": "陈辉",
      "职位描述": "董事长",
      "期初持股数": "0",
      "期末持股数": "0",
      "间接持股数": "",
      "从公司获得年度报酬总额": "0",
      "补贴津贴": "",
      "变动原因说明": "",
      "是否在股东或关联单位领取报酬津贴": "是",
      "在任与否": "否"
    },
    {
      "领导人姓名": "周优芬",
      "职位描述": "董事",
      "期初持股数": "0",
      "期末持股数": "0",
      "间接持股数": "",
      "从公司获得年度报酬总额": "416500",
      "补贴津贴": "",
      "变动原因说明": "",
      "是否在股东或关联单位领取报酬津贴": "否",
      "在任与否": "否"
    },
    {
      "领导人姓名": "谢岚",
      "职位描述": "监事会主席",
      "期初持股数": "0",
      "期末持股数": "0",
      "间接持股数": "",
      "从公司获得年度报酬总额": "0",
      "补贴津贴": "",
      "变动原因说明": "",
      "是否在股东或关联单位领取报酬津贴": "是",
      "在任与否": "否"
    },
    {
      "领导人姓名": "刘练达",
      "职位描述": "监事",
      "期初持股数": "0",
      "期末持股数": "0",
      "间接持股数": "",
      "从公司获得年度报酬总额": "544400",
      "补贴津贴": "",
      "变动原因说明": "",
      "是否在股东或关联单位领取报酬津贴": "否",
      "在任与否": "否"
    },
    {
      "领导人姓名": "鲁涛",
      "职位描述": "职工代表监事",
      "期初持股数": "0",
      "期末持股数": "0",
      "间接持股数": "",
      "从公司获得年度报酬总额": "107500",
      "补贴津贴": "",
      "变动原因说明": "",
      "是否在股东或关联单位领取报酬津贴": "否",
      "在任与否": "否"
    }
  ]
}

=== 600448-2026-04-21-华纺股份-2025年年度报告.pdf ===
{
  "Leader_Salary_data": {
    "实际所得报酬总额起始": "2188581",
    "实际所得报酬总额截止": "2188581",
    "实际所得报酬总额涉及人数": ""
  },
  "Leader_Hold_data": [
    {
      "领导人姓名": "盛守祥",
      "职位描述": "董事长",
      "期初持股数": "54000",
      "期末持股数": "54000",
      "间接持股数": "",
      "从公司获得年度报酬总额": "442478.7",
      "补贴津贴": "",
      "变动原因说明": "",
      "是否在股东或关联单位领取报酬津贴": "否",
      "在任与否": "是"
    },
    {
      "领导人姓名": "厉英",
      "职位描述": "副董事长",
      "期初持股数": "",
      "期末持股数": "",
      "间接持股数": "",
      "从公司获得年度报酬总额": "0",
      "补贴津贴": "",
      "变动原因说明": "",
      "是否在股东或关联单位领取报酬津贴": "是",
      "在任与否": "是"
    },
    {
      "领导人姓名": "钟志刚",
      "职位描述": "独立董事",
      "期初持股数": "",
      "期末持股数": "",
      "间接持股数": "",
      "从公司获得年度报酬总额": "80000",
      "补贴津贴": "80000",
      "变动原因说明": "",
      "是否在股东或关联单位领取报酬津贴": "否",
      "在任与否": "是"
    },
    {
      "领导人姓名": "毛志平",
      "职位描述": "独立董事",
      "期初持股数": "",
      "期末持股数": "",
      "间接持股数": "",
      "从公司获得年度报酬总额": "80000",
      "补贴津贴": "80000",
      "变动原因说明": "",
      "是否在股东或关联单位领取报酬津贴": "否",
      "在任与否": "是"
    },
    {
      "领导人姓名": "李芳",
      "职位描述": "独立董事",
      "期初持股数": "",
      "期末持股数": "",
      "间接持股数": "",
      "从公司获得年度报酬总额": "80000",
      "补贴津贴": "80000",
      "变动原因说明": "",
      "是否在股东或关联单位领取报酬津贴": "否",
      "在任与否": "是"
    },
    {
      "领导人姓名": "韩晓",
      "职位描述": "董事",
      "期初持股数": "",
      "期末持股数": "",
      "间接持股数": "",
      "从公司获得年度报酬总额": "0",
      "补贴津贴": "",
      "变动原因说明": "",
      "是否在股东或关联单位领取报酬津贴": "是",
      "在任与否": "是"
    },
    {
      "领导人姓名": "闫英山",
      "职位描述": "董事、总经理",
      "期初持股数": "72000",
      "期末持股数": "72000",
      "间接持股数": "",
      "从公司获得年度报酬总额": "380606.9",
      "补贴津贴": "",
      "变动原因说明": "",
      "是否在股东或关联单位领取报酬津贴": "否",
      "在任与否": "是"
    },
    {
      "领导人姓名": "刘水超",
      "职位描述": "董事、总会计师",
      "期初持股数": "91200",
      "期末持股数": "91200",
      "间接持股数": "",
      "从公司获得年度报酬总额": "359982.96",
      "补贴津贴": "",
      "变动原因说明": "",
      "是否在股东或关联单位领取报酬津贴": "否",
      "在任与否": "是"
    },
    {
      "领导人姓名": "赵玉忠",
      "职位描述": "董事、总法律顾问",
      "期初持股数": "54000",
      "期末持股数": "54000",
      "间接持股数": "",
      "从公司获得年度报酬总额": "298111.16",
      "补贴津贴": "",
      "变动原因说明": "",
      "是否在股东或关联单位领取报酬津贴": "否",
      "在任与否": "是"
    },
    {
      "领导人姓名": "王超",
      "职位描述": "副总经理",
      "期初持股数": "",
      "期末持股数": "",
      "间接持股数": "",
      "从公司获得年度报酬总额": "350606.9",
      "补贴津贴": "",
      "变动原因说明": "",
      "是否在股东或关联单位领取报酬津贴": "否",
      "在任与否": "是"
    },
    {
      "领导人姓名": "孙中然",
      "职位描述": "副总经理",
      "期初持股数": "",
      "期末持股数": "",
      "间接持股数": "",
      "从公司获得年度报酬总额": "329982.96",
      "补贴津贴": "",
      "变动原因说明": "",
      "是否在股东或关联单位领取报酬津贴": "否",
      "在任与否": "是"
    },
    {
      "领导人姓名": "孙玉涛",
      "职位描述": "副总经理",
      "期初持股数": "",
      "期末持股数": "",
      "间接持股数": "",
      "从公司获得年度报酬总额": "329982.96",
      "补贴津贴": "",
      "变动原因说明": "",
      "是否在股东或关联单位领取报酬津贴": "否",
      "在任与否": "是"
    },
    {
      "领导人姓名": "丁泽涛",
      "职位描述": "董事会秘书",
      "期初持股数": "",
      "期末持股数": "",
      "间接持股数": "",
      "从公司获得年度报酬总额": "247487.22",
      "补贴津贴": "",
      "变动原因说明": "",
      "是否在股东或关联单位领取报酬津贴": "否",
      "在任与否": "是"
    }
  ]
}

=== 600169-2026-04-21-ST太重-太原重工2025年年度报告全文.pdf ===
{
  "Leader_Salary_data": {
    "实际所得报酬总额起始": "4625300",
    "实际所得报酬总额截止": "4625300",
    "实际所得报酬总额涉及人数": ""
  },
  "Leader_Hold_data": [
    {
      "领导人姓名": "陶家晋",
      "职位描述": "董事长、副董事长",
      "期初持股数": "0",
      "期末持股数": "0",
      "间接持股数": "",
      "从公司获得年度报酬总额": "",
      "补贴津贴": "",
      "变动原因说明": "",
      "是否在股东或关联单位领取报酬津贴": "是",
      "在任与否": "是"
    },
    {
      "领导人姓名": "王省林",
      "职位描述": "董事、总经理",
      "期初持股数": "0",
      "期末持股数": "0",
      "间接持股数": "",
      "从公司获得年度报酬总额": "751100",
      "补贴津贴": "",
      "变动原因说明": "",
      "是否在股东或关联单位领取报酬津贴": "否",
      "在任与否": "是"
    },
    {
      "领导人姓名": "马领兵",
      "职位描述": "职工董事",
      "期初持股数": "0",
      "期末持股数": "0",
      "间接持股数": "",
      "从公司获得年度报酬总额": "421800",
      "补贴津贴": "",
      "变动原因说明": "",
      "是否在股东或关联单位领取报酬津贴": "否",
      "在任与否": "是"
    },
    {
      "领导人姓名": "屈福政",
      "职位描述": "独立董事",
      "期初持股数": "0",
      "期末持股数": "0",
      "间接持股数": "",
      "从公司获得年度报酬总额": "100000",
      "补贴津贴": "",
      "变动原因说明": "",
      "是否在股东或关联单位领取报酬津贴": "否",
      "在任与否": "是"
    },
    {
      "领导人姓名": "赵威",
      "职位描述": "独立董事",
      "期初持股数": "0",
      "期末持股数": "0",
      "间接持股数": "",
      "从公司获得年度报酬总额": "73300",
      "补贴津贴": "",
      "变动原因说明": "",
      "是否在股东或关联单位领取报酬津贴": "否",
      "在任与否": "是"
    },
    {
      "领导人姓名": "王福明",
      "职位描述": "独立董事",
      "期初持股数": "0",
      "期末持股数": "0",
      "间接持股数": "",
      "从公司获得年度报酬总额": "73300",
      "补贴津贴": "",
      "变动原因说明": "",
      "是否在股东或关联单位领取报酬津贴": "否",
      "在任与否": "是"
    },
    {
      "领导人姓名": "席文圣",
      "职位描述": "独立董事",
      "期初持股数": "0",
      "期末持股数": "0",
      "间接持股数": "",
      "从公司获得年度报酬总额": "73300",
      "补贴津贴": "",
      "变动原因说明": "",
      "是否在股东或关联单位领取报酬津贴": "否",
      "在任与否": "是"
    },
    {
      "领导人姓名": "程东生",
      "职位描述": "副总经理",
      "期初持股数": "306000",
      "期末持股数": "153000",
      "间接持股数": "",
      "从公司获得年度报酬总额": "548600",
      "补贴津贴": "",
      "变动原因说明": "未满足限制性股票激励计划解除限售条件，回购注销部分股份",
      "是否在股东或关联单位领取报酬津贴": "否",
      "在任与否": "是"
    },
    {
      "领导人姓名": "张建功",
      "职位描述": "副总经理",
      "期初持股数": "82800",
      "期末持股数": "41400",
      "间接持股数": "",
      "从公司获得年度报酬总额": "442500",
      "补贴津贴": "",
      "变动原因说明": "未满足限制性股票激励计划解除限售条件，回购注销部分股份",
      "是否在股东或关联单位领取报酬津贴": "否",
      "在任与否": "是"
    },
    {
      "领导人姓名": "段志红",
      "职位描述": "财务总监",
      "期初持股数": "205860",
      "期末持股数": "102930",
      "间接持股数": "",
      "从公司获得年度报酬总额": "578500",
      "补贴津贴": "",
      "变动原因说明": "未满足限制性股票激励计划解除限售条件，回购注销部分股份",
      "是否在股东或关联单位领取报酬津贴": "否",
      "在任与否": "是"
    },
    {
      "领导人姓名": "赵晓强",
      "职位描述": "董事会秘书",
      "期初持股数": "196440",
      "期末持股数": "98220",
      "间接持股数": "",
      "从公司获得年度报酬总额": "522200",
      "补贴津贴": "",
      "变动原因说明": "未满足限制性股票激励计划解除限售条件，回购注销部分股份",
      "是否在股东或关联单位领取报酬津贴": "否",
      "在任与否": "是"
    },
    {
      "领导人姓名": "韩珍堂",
      "职位描述": "董事长",
      "期初持股数": "0",
      "期末持股数": "0",
      "间接持股数": "",
      "从公司获得年度报酬总额": "",
      "补贴津贴": "",
      "变动原因说明": "",
      "是否在股东或关联单位领取报酬津贴": "是",
      "在任与否": "否"
    },
    {
      "领导人姓名": "姚小民",
      "职位描述": "独立董事",
      "期初持股数": "0",
      "期末持股数": "0",
      "间接持股数": "",
      "从公司获得年度报酬总额": "26700",
      "补贴津贴": "",
      "变动原因说明": "",
      "是否在股东或关联单位领取报酬津贴": "否",
      "在任与否": "否"
    },
    {
      "领导人姓名": "赵保东",
      "职位描述": "独立董事",
      "期初持股数": "0",
      "期末持股数": "0",
      "间接持股数": "",
      "从公司获得年度报酬总额": "26700",
      "补贴津贴": "",
      "变动原因说明": "",
      "是否在股东或关联单位领取报酬津贴": "否",
      "在任与否": "否"
    },
    {
      "领导人姓名": "吴培国",
      "职位描述": "独立董事",
      "期初持股数": "0",
      "期末持股数": "0",
      "间接持股数": "",
      "从公司获得年度报酬总额": "26700",
      "补贴津贴": "",
      "变动原因说明": "",
      "是否在股东或关联单位领取报酬津贴": "否",
      "在任与否": "否"
    },
    {
      "领导人姓名": "张新伟",
      "职位描述": "监事会主席",
      "期初持股数": "0",
      "期末持股数": "0",
      "间接持股数": "",
      "从公司获得年度报酬总额": "",
      "补贴津贴": "",
      "变动原因说明": "",
      "是否在股东或关联单位领取报酬津贴": "是",
      "在任与否": "否"
    },
    {
      "领导人姓名": "苏伟中",
      "职位描述": "监事",
      "期初持股数": "0",
      "期末持股数": "0",
      "间接持股数": "",
      "从公司获得年度报酬总额": "328400",
      "补贴津贴": "",
      "变动原因说明": "",
      "是否在股东或关联单位领取报酬津贴": "否",
      "在任与否": "否"
    },
    {
      "领导人姓名": "周俊峰",
      "职位描述": "职工代表监事",
      "期初持股数": "0",
      "期末持股数": "0",
      "间接持股数": "",
      "从公司获得年度报酬总额": "164200",
      "补贴津贴": "",
      "变动原因说明": "",
      "是否在股东或关联单位领取报酬津贴": "否",
      "在任与否": "否"
    },
    {
      "领导人姓名": "韩玉明",
      "职位描述": "副总经理",
      "期初持股数": "246000",
      "期末持股数": "123000",
      "间接持股数": "",
      "从公司获得年度报酬总额": "323000",
      "补贴津贴": "",
      "变动原因说明": "未满足限制性股票激励计划解除限售条件，回购注销部分股份",
      "是否在股东或关联单位领取报酬津贴": "否",
      "在任与否": "否"
    },
    {
      "领导人姓名": "贺玮",
      "职位描述": "副总经理",
      "期初持股数": "230280",
      "期末持股数": "115140",
      "间接持股数": "",
      "从公司获得年度报酬总额": "145000",
      "补贴津贴": "",
      "变动原因说明": "未满足限制性股票激励计划解除限售条件，回购注销部分股份",
      "是否在股东或关联单位领取报酬津贴": "否",
      "在任与否": "否"
    },
    {
      "领导人姓名": "赵晓艳",
      "职位描述": "监事",
      "期初持股数": "0",
      "期末持股数": "0",
      "间接持股数": "",
      "从公司获得年度报酬总额": "",
      "补贴津贴": "",
      "变动原因说明": "",
      "是否在股东或关联单位领取报酬津贴": "否",
      "在任与否": "否"
    }
  ]
}

=== 600389-2026-04-21-江山股份-江山股份2025年年度报告.pdf ===
{
  "Leader_Salary_data": {
    "实际所得报酬总额起始": "22044500",
    "实际所得报酬总额截止": "22044500",
    "实际所得报酬总额涉及人数": ""
  },
  "Leader_Hold_data": [
    {
      "领导人姓名": "王利",
      "职位描述": "董事长",
      "期初持股数": "0",
      "期末持股数": "0",
      "间接持股数": "",
      "从公司获得年度报酬总额": "2568100",
      "补贴津贴": "",
      "变动原因说明": "",
      "是否在股东或关联单位领取报酬津贴": "否",
      "在任与否": "是"
    },
    {
      "领导人姓名": "刘为东",
      "职位描述": "副董事长",
      "期初持股数": "0",
      "期末持股数": "0",
      "间接持股数": "",
      "从公司获得年度报酬总额": "2599500",
      "补贴津贴": "",
      "变动原因说明": "",
      "是否在股东或关联单位领取报酬津贴": "否",
      "在任与否": "是"
    },
    {
      "领导人姓名": "顾建国",
      "职位描述": "董事",
      "期初持股数": "0",
      "期末持股数": "0",
      "间接持股数": "",
      "从公司获得年度报酬总额": "0",
      "补贴津贴": "",
      "变动原因说明": "",
      "是否在股东或关联单位领取报酬津贴": "是",
      "在任与否": "是"
    },
    {
      "领导人姓名": "陈云光",
      "职位描述": "董事",
      "期初持股数": "0",
      "期末持股数": "0",
      "间接持股数": "",
      "从公司获得年度报酬总额": "0",
      "补贴津贴": "",
      "变动原因说明": "",
      "是否在股东或关联单位领取报酬津贴": "是",
      "在任与否": "是"
    },
    {
      "领导人姓名": "孟长春",
      "职位描述": "董事、总经理",
      "期初持股数": "0",
      "期末持股数": "0",
      "间接持股数": "",
      "从公司获得年度报酬总额": "2317900",
      "补贴津贴": "",
      "变动原因说明": "",
      "是否在股东或关联单位领取报酬津贴": "否",
      "在任与否": "是"
    },
    {
      "领导人姓名": "樊文新",
      "职位描述": "董事",
      "期初持股数": "0",
      "期末持股数": "0",
      "间接持股数": "",
      "从公司获得年度报酬总额": "2020100",
      "补贴津贴": "",
      "变动原因说明": "",
      "是否在股东或关联单位领取报酬津贴": "否",
      "在任与否": "是"
    },
    {
      "领导人姓名": "周献慧",
      "职位描述": "独立董事",
      "期初持股数": "0",
      "期末持股数": "0",
      "间接持股数": "",
      "从公司获得年度报酬总额": "0",
      "补贴津贴": "",
      "变动原因说明": "",
      "是否在股东或关联单位领取报酬津贴": "否",
      "在任与否": "是"
    },
    {
      "领导人姓名": "方国兵",
      "职位描述": "独立董事",
      "期初持股数": "0",
      "期末持股数": "0",
      "间接持股数": "",
      "从公司获得年度报酬总额": "200000",
      "补贴津贴": "",
      "变动原因说明": "",
      "是否在股东或关联单位领取报酬津贴": "否",
      "在任与否": "是"
    },
    {
      "领导人姓名": "华语",
      "职位描述": "独立董事",
      "期初持股数": "0",
      "期末持股数": "0",
      "间接持股数": "",
      "从公司获得年度报酬总额": "0",
      "补贴津贴": "",
      "变动原因说明": "",
      "是否在股东或关联单位领取报酬津贴": "否",
      "在任与否": "是"
    },
    {
      "领导人姓名": "宋金华",
      "职位描述": "副总经理、董事会秘书",
      "期初持股数": "0",
      "期末持股数": "0",
      "间接持股数": "",
      "从公司获得年度报酬总额": "2203800",
      "补贴津贴": "",
      "变动原因说明": "",
      "是否在股东或关联单位领取报酬津贴": "否",
      "在任与否": "是"
    },
    {
      "领导人姓名": "王旭",
      "职位描述": "副总经理",
      "期初持股数": "0",
      "期末持股数": "0",
      "间接持股数": "",
      "从公司获得年度报酬总额": "2213200",
      "补贴津贴": "",
      "变动原因说明": "",
      "是否在股东或关联单位领取报酬津贴": "否",
      "在任与否": "是"
    },
    {
      "领导人姓名": "杜辉",
      "职位描述": "首席研发官",
      "期初持股数": "0",
      "期末持股数": "0",
      "间接持股数": "",
      "从公司获得年度报酬总额": "1609600",
      "补贴津贴": "",
      "变动原因说明": "",
      "是否在股东或关联单位领取报酬津贴": "否",
      "在任与否": "是"
    },
    {
      "领导人姓名": "吉伟",
      "职位描述": "副总经理",
      "期初持股数": "0",
      "期末持股数": "0",
      "间接持股数": "",
      "从公司获得年度报酬总额": "1643400",
      "补贴津贴": "",
      "变动原因说明": "",
      "是否在股东或关联单位领取报酬津贴": "否",
      "在任与否": "是"
    },
    {
      "领导人姓名": "黄海",
      "职位描述": "财务总监、财务负责人",
      "期初持股数": "0",
      "期末持股数": "0",
      "间接持股数": "",
      "从公司获得年度报酬总额": "1559000",
      "补贴津贴": "",
      "变动原因说明": "",
      "是否在股东或关联单位领取报酬津贴": "否",
      "在任与否": "是"
    },
    {
      "领导人姓名": "薛健",
      "职位描述": "董事长",
      "期初持股数": "143000",
      "期末持股数": "288000",
      "间接持股数": "",
      "从公司获得年度报酬总额": "2909900",
      "补贴津贴": "",
      "变动原因说明": "二级市场增持",
      "是否在股东或关联单位领取报酬津贴": "否",
      "在任与否": "否"
    },
    {
      "领导人姓名": "张利军",
      "职位描述": "独立董事",
      "期初持股数": "0",
      "期末持股数": "0",
      "间接持股数": "",
      "从公司获得年度报酬总额": "200000",
      "补贴津贴": "",
      "变动原因说明": "",
      "是否在股东或关联单位领取报酬津贴": "否",
      "在任与否": "否"
    }
  ]
}

=== 600360-2026-04-21-ST华微-吉林华微电子股份有限公司2025年年度报告.pdf ===
{
  "Leader_Salary_data": {
    "实际所得报酬总额起始": "8108300",
    "实际所得报酬总额截止": "8108300",
    "实际所得报酬总额涉及人数": ""
  },
  "Leader_Hold_data": [
    {
      "领导人姓名": "于胜东",
      "职位描述": "董事长、总经理",
      "期初持股数": "892800",
      "期末持股数": "892800",
      "间接持股数": "",
      "从公司获得年度报酬总额": "1607400",
      "补贴津贴": "",
      "变动原因说明": "",
      "是否在股东或关联单位领取报酬津贴": "否",
      "在任与否": "是"
    },
    {
      "领导人姓名": "李鹏",
      "职位描述": "董事",
      "期初持股数": "18000",
      "期末持股数": "0",
      "间接持股数": "",
      "从公司获得年度报酬总额": "",
      "补贴津贴": "",
      "变动原因说明": "股份变动发生在上任前",
      "是否在股东或关联单位领取报酬津贴": "是",
      "在任与否": "是"
    },
    {
      "领导人姓名": "吴铁成",
      "职位描述": "董事",
      "期初持股数": "0",
      "期末持股数": "0",
      "间接持股数": "",
      "从公司获得年度报酬总额": "",
      "补贴津贴": "",
      "变动原因说明": "",
      "是否在股东或关联单位领取报酬津贴": "是",
      "在任与否": "是"
    },
    {
      "领导人姓名": "李春风",
      "职位描述": "职工董事",
      "期初持股数": "0",
      "期末持股数": "0",
      "间接持股数": "",
      "从公司获得年度报酬总额": "0",
      "补贴津贴": "",
      "变动原因说明": "",
      "是否在股东或关联单位领取报酬津贴": "否",
      "在任与否": "是"
    },
    {
      "领导人姓名": "徐克哲",
      "职位描述": "独立董事",
      "期初持股数": "0",
      "期末持股数": "0",
      "间接持股数": "",
      "从公司获得年度报酬总额": "142900",
      "补贴津贴": "",
      "变动原因说明": "",
      "是否在股东或关联单位领取报酬津贴": "否",
      "在任与否": "是"
    },
    {
      "领导人姓名": "孙军",
      "职位描述": "独立董事",
      "期初持股数": "0",
      "期末持股数": "0",
      "间接持股数": "",
      "从公司获得年度报酬总额": "142900",
      "补贴津贴": "",
      "变动原因说明": "",
      "是否在股东或关联单位领取报酬津贴": "否",
      "在任与否": "是"
    },
    {
      "领导人姓名": "孙海龙",
      "职位描述": "独立董事",
      "期初持股数": "0",
      "期末持股数": "0",
      "间接持股数": "",
      "从公司获得年度报酬总额": "0",
      "补贴津贴": "",
      "变动原因说明": "",
      "是否在股东或关联单位领取报酬津贴": "否",
      "在任与否": "是"
    },
    {
      "领导人姓名": "李斌晖",
      "职位描述": "副总经理",
      "期初持股数": "0",
      "期末持股数": "0",
      "间接持股数": "",
      "从公司获得年度报酬总额": "1293400",
      "补贴津贴": "",
      "变动原因说明": "",
      "是否在股东或关联单位领取报酬津贴": "否",
      "在任与否": "是"
    },
    {
      "领导人姓名": "李强",
      "职位描述": "副总经理",
      "期初持股数": "0",
      "期末持股数": "0",
      "间接持股数": "",
      "从公司获得年度报酬总额": "1207900",
      "补贴津贴": "",
      "变动原因说明": "",
      "是否在股东或关联单位领取报酬津贴": "否",
      "在任与否": "是"
    },
    {
      "领导人姓名": "孟鹤",
      "职位描述": "董事、副总经理",
      "期初持股数": "0",
      "期末持股数": "0",
      "间接持股数": "",
      "从公司获得年度报酬总额": "1213400",
      "补贴津贴": "",
      "变动原因说明": "",
      "是否在股东或关联单位领取报酬津贴": "否",
      "在任与否": "否"
    },
    {
      "领导人姓名": "钮立君",
      "职位描述": "副总经理",
      "期初持股数": "0",
      "期末持股数": "0",
      "间接持股数": "",
      "从公司获得年度报酬总额": "1219400",
      "补贴津贴": "",
      "变动原因说明": "",
      "是否在股东或关联单位领取报酬津贴": "否",
      "在任与否": "是"
    },
    {
      "领导人姓名": "李娟娟",
      "职位描述": "副总经理、财务负责人、董事会秘书",
      "期初持股数": "0",
      "期末持股数": "0",
      "间接持股数": "",
      "从公司获得年度报酬总额": "102500",
      "补贴津贴": "",
      "变动原因说明": "",
      "是否在股东或关联单位领取报酬津贴": "否",
      "在任与否": "是"
    },
    {
      "领导人姓名": "赵连奎",
      "职位描述": "董事",
      "期初持股数": "0",
      "期末持股数": "0",
      "间接持股数": "",
      "从公司获得年度报酬总额": "971300",
      "补贴津贴": "",
      "变动原因说明": "",
      "是否在股东或关联单位领取报酬津贴": "否",
      "在任与否": "否"
    },
    {
      "领导人姓名": "于馥铭",
      "职位描述": "董事会秘书",
      "期初持股数": "0",
      "期末持股数": "0",
      "间接持股数": "",
      "从公司获得年度报酬总额": "207200",
      "补贴津贴": "",
      "变动原因说明": "",
      "是否在股东或关联单位领取报酬津贴": "否",
      "在任与否": "否"
    },
    {
      "领导人姓名": "杨东海",
      "职位描述": "独立董事",
      "期初持股数": "0",
      "期末持股数": "0",
      "间接持股数": "",
      "从公司获得年度报酬总额": "",
      "补贴津贴": "",
      "变动原因说明": "",
      "是否在股东或关联单位领取报酬津贴": "否",
      "在任与否": "否"
    }
  ]
}

=== 600365-2026-04-21-ST通葡-通化葡萄酒股份有限公司2025年年度报告.pdf ===
{
  "Leader_Salary_data": {
    "实际所得报酬总额起始": "5262500",
    "实际所得报酬总额截止": "5262500",
    "实际所得报酬总额涉及人数": ""
  },
  "Leader_Hold_data": [
    {
      "领导人姓名": "吴玉华",
      "职位描述": "董事长",
      "期初持股数": "2000000",
      "期末持股数": "2000000",
      "间接持股数": "",
      "从公司获得年度报酬总额": "756000",
      "补贴津贴": "",
      "变动原因说明": "",
      "是否在股东或关联单位领取报酬津贴": "是",
      "在任与否": "是"
    },
    {
      "领导人姓名": "陈晓琦",
      "职位描述": "董事、总经理",
      "期初持股数": "2000000",
      "期末持股数": "2000000",
      "间接持股数": "",
      "从公司获得年度报酬总额": "756000",
      "补贴津贴": "",
      "变动原因说明": "",
      "是否在股东或关联单位领取报酬津贴": "否",
      "在任与否": "是"
    },
    {
      "领导人姓名": "王军",
      "职位描述": "职工代表董事",
      "期初持股数": "2700000",
      "期末持股数": "2700000",
      "间接持股数": "",
      "从公司获得年度报酬总额": "576000",
      "补贴津贴": "",
      "变动原因说明": "",
      "是否在股东或关联单位领取报酬津贴": "否",
      "在任与否": "是"
    },
    {
      "领导人姓名": "常斌",
      "职位描述": "董事、副总经理",
      "期初持股数": "2700000",
      "期末持股数": "2700000",
      "间接持股数": "",
      "从公司获得年度报酬总额": "513000",
      "补贴津贴": "",
      "变动原因说明": "",
      "是否在股东或关联单位领取报酬津贴": "否",
      "在任与否": "是"
    },
    {
      "领导人姓名": "程岩",
      "职位描述": "独立董事",
      "期初持股数": "0",
      "期末持股数": "0",
      "间接持股数": "",
      "从公司获得年度报酬总额": "96000",
      "补贴津贴": "",
      "变动原因说明": "",
      "是否在股东或关联单位领取报酬津贴": "否",
      "在任与否": "是"
    },
    {
      "领导人姓名": "杨强",
      "职位描述": "独立董事",
      "期初持股数": "0",
      "期末持股数": "0",
      "间接持股数": "",
      "从公司获得年度报酬总额": "96000",
      "补贴津贴": "",
      "变动原因说明": "",
      "是否在股东或关联单位领取报酬津贴": "否",
      "在任与否": "是"
    },
    {
      "领导人姓名": "魏良淑",
      "职位描述": "独立董事",
      "期初持股数": "0",
      "期末持股数": "0",
      "间接持股数": "",
      "从公司获得年度报酬总额": "96000",
      "补贴津贴": "",
      "变动原因说明": "",
      "是否在股东或关联单位领取报酬津贴": "否",
      "在任与否": "是"
    },
    {
      "领导人姓名": "初涛",
      "职位描述": "副总经理",
      "期初持股数": "0",
      "期末持股数": "3000000",
      "间接持股数": "",
      "从公司获得年度报酬总额": "365000",
      "补贴津贴": "",
      "变动原因说明": "股权激励",
      "是否在股东或关联单位领取报酬津贴": "否",
      "在任与否": "是"
    },
    {
      "领导人姓名": "国凤华",
      "职位描述": "副总经理",
      "期初持股数": "200000",
      "期末持股数": "400000",
      "间接持股数": "",
      "从公司获得年度报酬总额": "360000",
      "补贴津贴": "",
      "变动原因说明": "股权激励",
      "是否在股东或关联单位领取报酬津贴": "否",
      "在任与否": "是"
    },
    {
      "领导人姓名": "段学飞",
      "职位描述": "副总经理",
      "期初持股数": "1600000",
      "期末持股数": "1600000",
      "间接持股数": "",
      "从公司获得年度报酬总额": "360000",
      "补贴津贴": "",
      "变动原因说明": "",
      "是否在股东或关联单位领取报酬津贴": "否",
      "在任与否": "是"
    },
    {
      "领导人姓名": "刘猛",
      "职位描述": "副总经理",
      "期初持股数": "",
      "期末持股数": "2750000",
      "间接持股数": "",
      "从公司获得年度报酬总额": "425000",
      "补贴津贴": "",
      "变动原因说明": "股权激励",
      "是否在股东或关联单位领取报酬津贴": "否",
      "在任与否": "是"
    },
    {
      "领导人姓名": "黄立凡",
      "职位描述": "副总经理、董事会秘书",
      "期初持股数": "0",
      "期末持股数": "3000000",
      "间接持股数": "",
      "从公司获得年度报酬总额": "480000",
      "补贴津贴": "",
      "变动原因说明": "股权激励",
      "是否在股东或关联单位领取报酬津贴": "否",
      "在任与否": "是"
    },
    {
      "领导人姓名": "贾旭",
      "职位描述": "财务负责人",
      "期初持股数": "2400000",
      "期末持股数": "2400000",
      "间接持股数": "",
      "从公司获得年度报酬总额": "365000",
      "补贴津贴": "",
      "变动原因说明": "",
      "是否在股东或关联单位领取报酬津贴": "否",
      "在任与否": "是"
    },
    {
      "领导人姓名": "胡劲风",
      "职位描述": "副总经理",
      "期初持股数": "0",
      "期末持股数": "0",
      "间接持股数": "",
      "从公司获得年度报酬总额": "18500",
      "补贴津贴": "",
      "变动原因说明": "",
      "是否在股东或关联单位领取报酬津贴": "否",
      "在任与否": "否"
    }
  ]
}

=== 600510-2026-04-21-黑牡丹-黑牡丹2025年年度报告.pdf ===
{
  "Leader_Salary_data": {
    "实际所得报酬总额起始": "7029600",
    "实际所得报酬总额截止": "7029600",
    "实际所得报酬总额涉及人数": ""
  },
  "Leader_Hold_data": [
    {
      "领导人姓名": "冯小玉",
      "职位描述": "董事长",
      "期初持股数": "0",
      "期末持股数": "0",
      "间接持股数": "",
      "从公司获得年度报酬总额": "0",
      "补贴津贴": "",
      "变动原因说明": "",
      "是否在股东或关联单位领取报酬津贴": "是",
      "在任与否": "是"
    },
    {
      "领导人姓名": "史荣飞",
      "职位描述": "副董事长、总裁",
      "期初持股数": "422767",
      "期末持股数": "422767",
      "间接持股数": "",
      "从公司获得年度报酬总额": "1022000",
      "补贴津贴": "",
      "变动原因说明": "",
      "是否在股东或关联单位领取报酬津贴": "否",
      "在任与否": "是"
    },
    {
      "领导人姓名": "惠茹",
      "职位描述": "董事",
      "期初持股数": "261533",
      "期末持股数": "261533",
      "间接持股数": "",
      "从公司获得年度报酬总额": "0",
      "补贴津贴": "",
      "变动原因说明": "",
      "是否在股东或关联单位领取报酬津贴": "是",
      "在任与否": "是"
    },
    {
      "领导人姓名": "虞佳新",
      "职位描述": "董事",
      "期初持股数": "0",
      "期末持股数": "0",
      "间接持股数": "",
      "从公司获得年度报酬总额": "0",
      "补贴津贴": "",
      "变动原因说明": "",
      "是否在股东或关联单位领取报酬津贴": "是",
      "在任与否": "是"
    },
    {
      "领导人姓名": "恽伶俐",
      "职位描述": "董事、财务总监",
      "期初持股数": "355467",
      "期末持股数": "266667",
      "间接持股数": "",
      "从公司获得年度报酬总额": "801100",
      "补贴津贴": "",
      "变动原因说明": "个人资金需求卖出",
      "是否在股东或关联单位领取报酬津贴": "否",
      "在任与否": "是"
    },
    {
      "领导人姓名": "邓建军",
      "职位描述": "职工董事、技术总监",
      "期初持股数": "368873",
      "期末持股数": "368873",
      "间接持股数": "",
      "从公司获得年度报酬总额": "798600",
      "补贴津贴": "",
      "变动原因说明": "",
      "是否在股东或关联单位领取报酬津贴": "否",
      "在任与否": "是"
    },
    {
      "领导人姓名": "顾强",
      "职位描述": "独立董事",
      "期初持股数": "0",
      "期末持股数": "0",
      "间接持股数": "",
      "从公司获得年度报酬总额": "120000",
      "补贴津贴": "120000",
      "变动原因说明": "",
      "是否在股东或关联单位领取报酬津贴": "否",
      "在任与否": "是"
    },
    {
      "领导人姓名": "吕天文",
      "职位描述": "独立董事",
      "期初持股数": "0",
      "期末持股数": "0",
      "间接持股数": "",
      "从公司获得年度报酬总额": "120000",
      "补贴津贴": "120000",
      "变动原因说明": "",
      "是否在股东或关联单位领取报酬津贴": "否",
      "在任与否": "是"
    },
    {
      "领导人姓名": "汪佑德",
      "职位描述": "独立董事",
      "期初持股数": "0",
      "期末持股数": "0",
      "间接持股数": "",
      "从公司获得年度报酬总额": "120000",
      "补贴津贴": "120000",
      "变动原因说明": "",
      "是否在股东或关联单位领取报酬津贴": "否",
      "在任与否": "是"
    },
    {
      "领导人姓名": "高国伟",
      "职位描述": "副总裁",
      "期初持股数": "392000",
      "期末持股数": "392000",
      "间接持股数": "",
      "从公司获得年度报酬总额": "827400",
      "补贴津贴": "",
      "变动原因说明": "",
      "是否在股东或关联单位领取报酬津贴": "否",
      "在任与否": "是"
    },
    {
      "领导人姓名": "庄文龙",
      "职位描述": "副总裁",
      "期初持股数": "153333",
      "期末持股数": "153333",
      "间接持股数": "",
      "从公司获得年度报酬总额": "825000",
      "补贴津贴": "",
      "变动原因说明": "",
      "是否在股东或关联单位领取报酬津贴": "否",
      "在任与否": "是"
    },
    {
      "领导人姓名": "何晓晴",
      "职位描述": "董事会秘书",
      "期初持股数": "313667",
      "期末持股数": "313667",
      "间接持股数": "",
      "从公司获得年度报酬总额": "790400",
      "补贴津贴": "",
      "变动原因说明": "",
      "是否在股东或关联单位领取报酬津贴": "否",
      "在任与否": "是"
    },
    {
      "领导人姓名": "黄国庆",
      "职位描述": "总裁助理",
      "期初持股数": "0",
      "期末持股数": "0",
      "间接持股数": "",
      "从公司获得年度报酬总额": "804600",
      "补贴津贴": "",
      "变动原因说明": "",
      "是否在股东或关联单位领取报酬津贴": "否",
      "在任与否": "是"
    },
    {
      "领导人姓名": "王玲",
      "职位描述": "总裁助理",
      "期初持股数": "0",
      "期末持股数": "0",
      "间接持股数": "",
      "从公司获得年度报酬总额": "800500",
      "补贴津贴": "",
      "变动原因说明": "",
      "是否在股东或关联单位领取报酬津贴": "否",
      "在任与否": "是"
    }
  ]
}

=== 600309-2026-04-21-万华化学-万华化学2025年年度报告.pdf ===
{
  "Leader_Salary_data": {
    "实际所得报酬总额起始": "24598700",
    "实际所得报酬总额截止": "24598700",
    "实际所得报酬总额涉及人数": ""
  },
  "Leader_Hold_data": [
    {
      "领导人姓名": "廖增太",
      "职位描述": "董事、董事长",
      "期初持股数": "",
      "期末持股数": "",
      "间接持股数": "",
      "从公司获得年度报酬总额": "742200",
      "补贴津贴": "",
      "变动原因说明": "",
      "是否在股东或关联单位领取报酬津贴": "否",
      "在任与否": "是"
    },
    {
      "领导人姓名": "寇光武",
      "职位描述": "董事、总裁",
      "期初持股数": "",
      "期末持股数": "",
      "间接持股数": "",
      "从公司获得年度报酬总额": "3026600",
      "补贴津贴": "",
      "变动原因说明": "",
      "是否在股东或关联单位领取报酬津贴": "否",
      "在任与否": "是"
    },
    {
      "领导人姓名": "华卫琦",
      "职位描述": "董事、常务副总裁",
      "期初持股数": "",
      "期末持股数": "5000",
      "间接持股数": "",
      "从公司获得年度报酬总额": "2562600",
      "补贴津贴": "",
      "变动原因说明": "基于看好公司未来发展，买入公司A股股票",
      "是否在股东或关联单位领取报酬津贴": "否",
      "在任与否": "是"
    },
    {
      "领导人姓名": "荣锋",
      "职位描述": "董事",
      "期初持股数": "",
      "期末持股数": "",
      "间接持股数": "",
      "从公司获得年度报酬总额": "63000",
      "补贴津贴": "",
      "变动原因说明": "",
      "是否在股东或关联单位领取报酬津贴": "是",
      "在任与否": "否"
    },
    {
      "领导人姓名": "刘勋章",
      "职位描述": "董事",
      "期初持股数": "",
      "期末持股数": "",
      "间接持股数": "",
      "从公司获得年度报酬总额": "60000",
      "补贴津贴": "",
      "变动原因说明": "",
      "是否在股东或关联单位领取报酬津贴": "是",
      "在任与否": "否"
    },
    {
      "领导人姓名": "王浩",
      "职位描述": "董事",
      "期初持股数": "",
      "期末持股数": "",
      "间接持股数": "",
      "从公司获得年度报酬总额": "104600",
      "补贴津贴": "",
      "变动原因说明": "",
      "是否在股东或关联单位领取报酬津贴": "是",
      "在任与否": "是"
    },
    {
      "领导人姓名": "齐贵山",
      "职位描述": "董事",
      "期初持股数": "",
      "期末持股数": "",
      "间接持股数": "",
      "从公司获得年度报酬总额": "100000",
      "补贴津贴": "",
      "变动原因说明": "",
      "是否在股东或关联单位领取报酬津贴": "是",
      "在任与否": "是"
    },
    {
      "领导人姓名": "王清春",
      "职位描述": "董事",
      "期初持股数": "",
      "期末持股数": "",
      "间接持股数": "",
      "从公司获得年度报酬总额": "169100",
      "补贴津贴": "",
      "变动原因说明": "",
      "是否在股东或关联单位领取报酬津贴": "是",
      "在任与否": "是"
    },
    {
      "领导人姓名": "郭兴田",
      "职位描述": "董事",
      "期初持股数": "",
      "期末持股数": "",
      "间接持股数": "",
      "从公司获得年度报酬总额": "160000",
      "补贴津贴": "",
      "变动原因说明": "",
      "是否在股东或关联单位领取报酬津贴": "是",
      "在任与否": "是"
    },
    {
      "领导人姓名": "武常岐",
      "职位描述": "独立董事",
      "期初持股数": "",
      "期末持股数": "",
      "间接持股数": "",
      "从公司获得年度报酬总额": "229300",
      "补贴津贴": "",
      "变动原因说明": "",
      "是否在股东或关联单位领取报酬津贴": "否",
      "在任与否": "是"
    },
    {
      "领导人姓名": "王化成",
      "职位描述": "独立董事",
      "期初持股数": "",
      "期末持股数": "",
      "间接持股数": "",
      "从公司获得年度报酬总额": "225200",
      "补贴津贴": "",
      "变动原因说明": "",
      "是否在股东或关联单位领取报酬津贴": "否",
      "在任与否": "是"
    },
    {
      "领导人姓名": "马玉国",
      "职位描述": "独立董事",
      "期初持股数": "",
      "期末持股数": "",
      "间接持股数": "",
      "从公司获得年度报酬总额": "225200",
      "补贴津贴": "",
      "变动原因说明": "",
      "是否在股东或关联单位领取报酬津贴": "否",
      "在任与否": "是"
    },
    {
      "领导人姓名": "李忠祥",
      "职位描述": "独立董事",
      "期初持股数": "",
      "期末持股数": "",
      "间接持股数": "",
      "从公司获得年度报酬总额": "225200",
      "补贴津贴": "",
      "变动原因说明": "",
      "是否在股东或关联单位领取报酬津贴": "否",
      "在任与否": "是"
    },
    {
      "领导人姓名": "陈毅峰",
      "职位描述": "高级副总裁",
      "期初持股数": "",
      "期末持股数": "",
      "间接持股数": "",
      "从公司获得年度报酬总额": "2304700",
      "补贴津贴": "",
      "变动原因说明": "",
      "是否在股东或关联单位领取报酬津贴": "否",
      "在任与否": "是"
    },
    {
      "领导人姓名": "李立民",
      "职位描述": "高级副总裁、财务负责人、董事会秘书",
      "期初持股数": "",
      "期末持股数": "",
      "间接持股数": "",
      "从公司获得年度报酬总额": "2070100",
      "补贴津贴": "",
      "变动原因说明": "",
      "是否在股东或关联单位领取报酬津贴": "否",
      "在任与否": "是"
    },
    {
      "领导人姓名": "袁帅",
      "职位描述": "副总裁",
      "期初持股数": "",
      "期末持股数": "",
      "间接持股数": "",
      "从公司获得年度报酬总额": "886300",
      "补贴津贴": "",
      "变动原因说明": "",
      "是否在股东或关联单位领取报酬津贴": "否",
      "在任与否": "是"
    },
    {
      "领导人姓名": "白海涛",
      "职位描述": "副总裁",
      "期初持股数": "",
      "期末持股数": "",
      "间接持股数": "",
      "从公司获得年度报酬总额": "1465300",
      "补贴津贴": "",
      "变动原因说明": "",
      "是否在股东或关联单位领取报酬津贴": "否",
      "在任与否": "是"
    },
    {
      "领导人姓名": "聂存良",
      "职位描述": "副总裁",
      "期初持股数": "",
      "期末持股数": "",
      "间接持股数": "",
      "从公司获得年度报酬总额": "1377900",
      "补贴津贴": "",
      "变动原因说明": "",
      "是否在股东或关联单位领取报酬津贴": "否",
      "在任与否": "是"
    }
  ]
}

=== 600470-2026-04-21-六国化工-六国化工2025年年度报告.pdf ===
{
  "Leader_Salary_data": {
    "实际所得报酬总额起始": "4186700",
    "实际所得报酬总额截止": "4186700",
    "实际所得报酬总额涉及人数": ""
  },
  "Leader_Hold_data": [
    {
      "领导人姓名": "吴亚",
      "职位描述": "董事长",
      "期初持股数": "0",
      "期末持股数": "0",
      "间接持股数": "",
      "从公司获得年度报酬总额": "",
      "补贴津贴": "",
      "变动原因说明": "",
      "是否在股东或关联单位领取报酬津贴": "是",
      "在任与否": "是"
    },
    {
      "领导人姓名": "华卫琦",
      "职位描述": "董事",
      "期初持股数": "0",
      "期末持股数": "0",
      "间接持股数": "",
      "从公司获得年度报酬总额": "",
      "补贴津贴": "",
      "变动原因说明": "",
      "是否在股东或关联单位领取报酬津贴": "是",
      "在任与否": "否"
    },
    {
      "领导人姓名": "王刚",
      "职位描述": "董事",
      "期初持股数": "0",
      "期末持股数": "0",
      "间接持股数": "",
      "从公司获得年度报酬总额": "",
      "补贴津贴": "",
      "变动原因说明": "",
      "是否在股东或关联单位领取报酬津贴": "是",
      "在任与否": "是"
    },
    {
      "领导人姓名": "潘明",
      "职位描述": "董事",
      "期初持股数": "0",
      "期末持股数": "0",
      "间接持股数": "",
      "从公司获得年度报酬总额": "",
      "补贴津贴": "",
      "变动原因说明": "",
      "是否在股东或关联单位领取报酬津贴": "是",
      "在任与否": "是"
    },
    {
      "领导人姓名": "马健",
      "职位描述": "总经理、董事",
      "期初持股数": "0",
      "期末持股数": "0",
      "间接持股数": "",
      "从公司获得年度报酬总额": "909600",
      "补贴津贴": "",
      "变动原因说明": "",
      "是否在股东或关联单位领取报酬津贴": "否",
      "在任与否": "是"
    },
    {
      "领导人姓名": "张琛",
      "职位描述": "独立董事",
      "期初持股数": "0",
      "期末持股数": "0",
      "间接持股数": "",
      "从公司获得年度报酬总额": "75000",
      "补贴津贴": "75000",
      "变动原因说明": "",
      "是否在股东或关联单位领取报酬津贴": "否",
      "在任与否": "是"
    },
    {
      "领导人姓名": "路漫漫",
      "职位描述": "独立董事",
      "期初持股数": "0",
      "期末持股数": "0",
      "间接持股数": "",
      "从公司获得年度报酬总额": "75000",
      "补贴津贴": "75000",
      "变动原因说明": "",
      "是否在股东或关联单位领取报酬津贴": "否",
      "在任与否": "是"
    },
    {
      "领导人姓名": "李鹏峰",
      "职位描述": "独立董事",
      "期初持股数": "0",
      "期末持股数": "0",
      "间接持股数": "",
      "从公司获得年度报酬总额": "37500",
      "补贴津贴": "37500",
      "变动原因说明": "",
      "是否在股东或关联单位领取报酬津贴": "否",
      "在任与否": "是"
    },
    {
      "领导人姓名": "李海龙",
      "职位描述": "董事",
      "期初持股数": "0",
      "期末持股数": "0",
      "间接持股数": "",
      "从公司获得年度报酬总额": "",
      "补贴津贴": "",
      "变动原因说明": "",
      "是否在股东或关联单位领取报酬津贴": "是",
      "在任与否": "是"
    },
    {
      "领导人姓名": "赵辉",
      "职位描述": "职工董事",
      "期初持股数": "0",
      "期末持股数": "0",
      "间接持股数": "",
      "从公司获得年度报酬总额": "80900",
      "补贴津贴": "",
      "变动原因说明": "",
      "是否在股东或关联单位领取报酬津贴": "否",
      "在任与否": "是"
    },
    {
      "领导人姓名": "俞云",
      "职位描述": "常务副总经理",
      "期初持股数": "0",
      "期末持股数": "0",
      "间接持股数": "",
      "从公司获得年度报酬总额": "509600",
      "补贴津贴": "",
      "变动原因说明": "",
      "是否在股东或关联单位领取报酬津贴": "否",
      "在任与否": "是"
    },
    {
      "领导人姓名": "许正",
      "职位描述": "副总经理",
      "期初持股数": "0",
      "期末持股数": "0",
      "间接持股数": "",
      "从公司获得年度报酬总额": "500600",
      "补贴津贴": "",
      "变动原因说明": "",
      "是否在股东或关联单位领取报酬津贴": "否",
      "在任与否": "是"
    },
    {
      "领导人姓名": "王先龙",
      "职位描述": "财务总监",
      "期初持股数": "0",
      "期末持股数": "0",
      "间接持股数": "",
      "从公司获得年度报酬总额": "403900",
      "补贴津贴": "",
      "变动原因说明": "",
      "是否在股东或关联单位领取报酬津贴": "否",
      "在任与否": "是"
    },
    {
      "领导人姓名": "邢金俄",
      "职位描述": "董事会秘书",
      "期初持股数": "0",
      "期末持股数": "0",
      "间接持股数": "",
      "从公司获得年度报酬总额": "468400",
      "补贴津贴": "",
      "变动原因说明": "",
      "是否在股东或关联单位领取报酬津贴": "否",
      "在任与否": "是"
    },
    {
      "领导人姓名": "陈胜前",
      "职位描述": "董事长",
      "期初持股数": "0",
      "期末持股数": "0",
      "间接持股数": "",
      "从公司获得年度报酬总额": "713200",
      "补贴津贴": "",
      "变动原因说明": "",
      "是否在股东或关联单位领取报酬津贴": "否",
      "在任与否": "否"
    },
    {
      "领导人姓名": "林平",
      "职位描述": "独立董事",
      "期初持股数": "0",
      "期末持股数": "0",
      "间接持股数": "",
      "从公司获得年度报酬总额": "37500",
      "补贴津贴": "37500",
      "变动原因说明": "",
      "是否在股东或关联单位领取报酬津贴": "否",
      "在任与否": "否"
    },
    {
      "领导人姓名": "梁晨",
      "职位描述": "副总经理",
      "期初持股数": "0",
      "期末持股数": "0",
      "间接持股数": "",
      "从公司获得年度报酬总额": "375500",
      "补贴津贴": "",
      "变动原因说明": "",
      "是否在股东或关联单位领取报酬津贴": "否",
      "在任与否": "否"
    },
    {
      "领导人姓名": "吴雪峰",
      "职位描述": "总工",
      "期初持股数": "0",
      "期末持股数": "0",
      "间接持股数": "",
      "从公司获得年度报酬总额": "",
      "补贴津贴": "",
      "变动原因说明": "",
      "是否在股东或关联单位领取报酬津贴": "是",
      "在任与否": "否"
    }
  ]
}

=== 600526-2026-04-21-菲达环保-浙江菲达环保科技股份有限公司2025年年度报告.pdf ===
{
  "Leader_Salary_data": {
    "实际所得报酬总额起始": "7275100",
    "实际所得报酬总额截止": "7275100",
    "实际所得报酬总额涉及人数": ""
  },
  "Leader_Hold_data": [
    {
      "领导人姓名": "吴刚",
      "职位描述": "董事长",
      "期初持股数": "0",
      "期末持股数": "0",
      "间接持股数": "",
      "从公司获得年度报酬总额": "0",
      "补贴津贴": "",
      "变动原因说明": "",
      "是否在股东或关联单位领取报酬津贴": "是",
      "在任与否": "是"
    },
    {
      "领导人姓名": "汪艺威",
      "职位描述": "副董事长、总经理",
      "期初持股数": "300000",
      "期末持股数": "300000",
      "间接持股数": "",
      "从公司获得年度报酬总额": "914100",
      "补贴津贴": "",
      "变动原因说明": "",
      "是否在股东或关联单位领取报酬津贴": "否",
      "在任与否": "是"
    },
    {
      "领导人姓名": "郭滢",
      "职位描述": "副董事长、董事会秘书",
      "期初持股数": "300000",
      "期末持股数": "300000",
      "间接持股数": "",
      "从公司获得年度报酬总额": "744900",
      "补贴津贴": "",
      "变动原因说明": "",
      "是否在股东或关联单位领取报酬津贴": "否",
      "在任与否": "是"
    },
    {
      "领导人姓名": "洪定优",
      "职位描述": "职工董事",
      "期初持股数": "0",
      "期末持股数": "0",
      "间接持股数": "",
      "从公司获得年度报酬总额": "64500",
      "补贴津贴": "",
      "变动原因说明": "",
      "是否在股东或关联单位领取报酬津贴": "否",
      "在任与否": "是"
    },
    {
      "领导人姓名": "吴罕江",
      "职位描述": "董事",
      "期初持股数": "310000",
      "期末持股数": "310000",
      "间接持股数": "",
      "从公司获得年度报酬总额": "1153000",
      "补贴津贴": "",
      "变动原因说明": "",
      "是否在股东或关联单位领取报酬津贴": "否",
      "在任与否": "是"
    },
    {
      "领导人姓名": "魏强",
      "职位描述": "董事",
      "期初持股数": "0",
      "期末持股数": "0",
      "间接持股数": "",
      "从公司获得年度报酬总额": "0",
      "补贴津贴": "",
      "变动原因说明": "",
      "是否在股东或关联单位领取报酬津贴": "是",
      "在任与否": "是"
    },
    {
      "领导人姓名": "钟民均",
      "职位描述": "董事",
      "期初持股数": "4400",
      "期末持股数": "4400",
      "间接持股数": "",
      "从公司获得年度报酬总额": "0",
      "补贴津贴": "",
      "变动原因说明": "",
      "是否在股东或关联单位领取报酬津贴": "是",
      "在任与否": "是"
    },
    {
      "领导人姓名": "吴依",
      "职位描述": "独立董事",
      "期初持股数": "0",
      "期末持股数": "0",
      "间接持股数": "",
      "从公司获得年度报酬总额": "95200",
      "补贴津贴": "",
      "变动原因说明": "",
      "是否在股东或关联单位领取报酬津贴": "否",
      "在任与否": "是"
    },
    {
      "领导人姓名": "吴卫红",
      "职位描述": "独立董事",
      "期初持股数": "0",
      "期末持股数": "0",
      "间接持股数": "",
      "从公司获得年度报酬总额": "95200",
      "补贴津贴": "",
      "变动原因说明": "",
      "是否在股东或关联单位领取报酬津贴": "否",
      "在任与否": "是"
    },
    {
      "领导人姓名": "邵劭",
      "职位描述": "独立董事",
      "期初持股数": "0",
      "期末持股数": "0",
      "间接持股数": "",
      "从公司获得年度报酬总额": "95200",
      "补贴津贴": "",
      "变动原因说明": "",
      "是否在股东或关联单位领取报酬津贴": "否",
      "在任与否": "是"
    },
    {
      "领导人姓名": "赵景开",
      "职位描述": "独立董事",
      "期初持股数": "0",
      "期末持股数": "0",
      "间接持股数": "",
      "从公司获得年度报酬总额": "95200",
      "补贴津贴": "",
      "变动原因说明": "",
      "是否在股东或关联单位领取报酬津贴": "否",
      "在任与否": "是"
    },
    {
      "领导人姓名": "寿松",
      "职位描述": "副总经理",
      "期初持股数": "302000",
      "期末持股数": "302000",
      "间接持股数": "",
      "从公司获得年度报酬总额": "789600",
      "补贴津贴": "",
      "变动原因说明": "",
      "是否在股东或关联单位领取报酬津贴": "否",
      "在任与否": "是"
    },
    {
      "领导人姓名": "吕自强",
      "职位描述": "副总经理",
      "期初持股数": "300000",
      "期末持股数": "300000",
      "间接持股数": "",
      "从公司获得年度报酬总额": "758600",
      "补贴津贴": "",
      "变动原因说明": "",
      "是否在股东或关联单位领取报酬津贴": "否",
      "在任与否": "是"
    },
    {
      "领导人姓名": "赵琳",
      "职位描述": "副总经理、总工程师",
      "期初持股数": "300000",
      "期末持股数": "300000",
      "间接持股数": "",
      "从公司获得年度报酬总额": "771800",
      "补贴津贴": "",
      "变动原因说明": "",
      "是否在股东或关联单位领取报酬津贴": "否",
      "在任与否": "是"
    },
    {
      "领导人姓名": "朱叶梅",
      "职位描述": "财务总监",
      "期初持股数": "150000",
      "期末持股数": "150000",
      "间接持股数": "",
      "从公司获得年度报酬总额": "660100",
      "补贴津贴": "",
      "变动原因说明": "",
      "是否在股东或关联单位领取报酬津贴": "否",
      "在任与否": "是"
    },
    {
      "领导人姓名": "吴黎明",
      "职位描述": "董事",
      "期初持股数": "400000",
      "期末持股数": "400000",
      "间接持股数": "",
      "从公司获得年度报酬总额": "1037700",
      "补贴津贴": "",
      "变动原因说明": "",
      "是否在股东或关联单位领取报酬津贴": "否",
      "在任与否": "否"
    }
  ]
}

=== 600618-2026-04-21-氯碱化工-氯碱化工2025年年度报告.pdf ===
{
  "Leader_Salary_data": {
    "实际所得报酬总额起始": "7649200",
    "实际所得报酬总额截止": "7649200",
    "实际所得报酬总额涉及人数": ""
  },
  "Leader_Hold_data": [
    {
      "领导人姓名": "顾春林",
      "职位描述": "董事长",
      "期初持股数": "0",
      "期末持股数": "0",
      "间接持股数": "",
      "从公司获得年度报酬总额": "",
      "补贴津贴": "",
      "变动原因说明": "",
      "是否在股东或关联单位领取报酬津贴": "是",
      "在任与否": "是"
    },
    {
      "领导人姓名": "张伟民",
      "职位描述": "董事",
      "期初持股数": "20000",
      "期末持股数": "20000",
      "间接持股数": "",
      "从公司获得年度报酬总额": "1189900",
      "补贴津贴": "",
      "变动原因说明": "",
      "是否在股东或关联单位领取报酬津贴": "否",
      "在任与否": "是"
    },
    {
      "领导人姓名": "周建峰",
      "职位描述": "职工董事",
      "期初持股数": "15000",
      "期末持股数": "15000",
      "间接持股数": "",
      "从公司获得年度报酬总额": "952900",
      "补贴津贴": "",
      "变动原因说明": "",
      "是否在股东或关联单位领取报酬津贴": "否",
      "在任与否": "是"
    },
    {
      "领导人姓名": "叶小鹤",
      "职位描述": "董事",
      "期初持股数": "0",
      "期末持股数": "0",
      "间接持股数": "",
      "从公司获得年度报酬总额": "",
      "补贴津贴": "",
      "变动原因说明": "",
      "是否在股东或关联单位领取报酬津贴": "是",
      "在任与否": "是"
    },
    {
      "领导人姓名": "曹贵平",
      "职位描述": "独立董事",
      "期初持股数": "0",
      "期末持股数": "0",
      "间接持股数": "",
      "从公司获得年度报酬总额": "120000",
      "补贴津贴": "120000",
      "变动原因说明": "",
      "是否在股东或关联单位领取报酬津贴": "否",
      "在任与否": "是"
    },
    {
      "领导人姓名": "叶建芳",
      "职位描述": "独立董事",
      "期初持股数": "0",
      "期末持股数": "0",
      "间接持股数": "",
      "从公司获得年度报酬总额": "120000",
      "补贴津贴": "120000",
      "变动原因说明": "",
      "是否在股东或关联单位领取报酬津贴": "否",
      "在任与否": "是"
    },
    {
      "领导人姓名": "唐玉光",
      "职位描述": "独立董事",
      "期初持股数": "0",
      "期末持股数": "0",
      "间接持股数": "",
      "从公司获得年度报酬总额": "120000",
      "补贴津贴": "120000",
      "变动原因说明": "",
      "是否在股东或关联单位领取报酬津贴": "否",
      "在任与否": "是"
    },
    {
      "领导人姓名": "黎凡",
      "职位描述": "总经理",
      "期初持股数": "0",
      "期末持股数": "0",
      "间接持股数": "",
      "从公司获得年度报酬总额": "1159700",
      "补贴津贴": "",
      "变动原因说明": "",
      "是否在股东或关联单位领取报酬津贴": "否",
      "在任与否": "是"
    },
    {
      "领导人姓名": "虞斌",
      "职位描述": "财务总监、董事会秘书",
      "期初持股数": "0",
      "期末持股数": "0",
      "间接持股数": "",
      "从公司获得年度报酬总额": "955000",
      "补贴津贴": "",
      "变动原因说明": "",
      "是否在股东或关联单位领取报酬津贴": "否",
      "在任与否": "是"
    },
    {
      "领导人姓名": "孙泽",
      "职位描述": "副总经理",
      "期初持股数": "0",
      "期末持股数": "0",
      "间接持股数": "",
      "从公司获得年度报酬总额": "994600",
      "补贴津贴": "",
      "变动原因说明": "",
      "是否在股东或关联单位领取报酬津贴": "否",
      "在任与否": "是"
    },
    {
      "领导人姓名": "崔巍",
      "职位描述": "总工程师",
      "期初持股数": "0",
      "期末持股数": "0",
      "间接持股数": "",
      "从公司获得年度报酬总额": "1073600",
      "补贴津贴": "",
      "变动原因说明": "",
      "是否在股东或关联单位领取报酬津贴": "否",
      "在任与否": "是"
    },
    {
      "领导人姓名": "李俊",
      "职位描述": "副总经理",
      "期初持股数": "0",
      "期末持股数": "0",
      "间接持股数": "",
      "从公司获得年度报酬总额": "963500",
      "补贴津贴": "",
      "变动原因说明": "",
      "是否在股东或关联单位领取报酬津贴": "否",
      "在任与否": "是"
    }
  ]
}

=== 600740-2026-04-21-山西焦化-山西焦化股份有限公司2025年年度报告.pdf ===
{
  "Leader_Salary_data": {
    "实际所得报酬总额起始": "3451900",
    "实际所得报酬总额截止": "3451900",
    "实际所得报酬总额涉及人数": ""
  },
  "Leader_Hold_data": [
    {
      "领导人姓名": "李峰",
      "职位描述": "董事长",
      "期初持股数": "69797",
      "期末持股数": "69797",
      "间接持股数": "",
      "从公司获得年度报酬总额": "506700",
      "补贴津贴": "",
      "变动原因说明": "",
      "是否在股东或关联单位领取报酬津贴": "否",
      "在任与否": "是"
    },
    {
      "领导人姓名": "杜建宏",
      "职位描述": "副董事长、总经理",
      "期初持股数": "0",
      "期末持股数": "0",
      "间接持股数": "",
      "从公司获得年度报酬总额": "471700",
      "补贴津贴": "",
      "变动原因说明": "",
      "是否在股东或关联单位领取报酬津贴": "否",
      "在任与否": "是"
    },
    {
      "领导人姓名": "孙春生",
      "职位描述": "副董事长",
      "期初持股数": "0",
      "期末持股数": "0",
      "间接持股数": "",
      "从公司获得年度报酬总额": "0",
      "补贴津贴": "",
      "变动原因说明": "",
      "是否在股东或关联单位领取报酬津贴": "是",
      "在任与否": "是"
    },
    {
      "领导人姓名": "王新照",
      "职位描述": "董事",
      "期初持股数": "0",
      "期末持股数": "0",
      "间接持股数": "",
      "从公司获得年度报酬总额": "495200",
      "补贴津贴": "",
      "变动原因说明": "",
      "是否在股东或关联单位领取报酬津贴": "否",
      "在任与否": "是"
    },
    {
      "领导人姓名": "王晓军",
      "职位描述": "董事、财务总监",
      "期初持股数": "0",
      "期末持股数": "0",
      "间接持股数": "",
      "从公司获得年度报酬总额": "412800",
      "补贴津贴": "",
      "变动原因说明": "",
      "是否在股东或关联单位领取报酬津贴": "否",
      "在任与否": "是"
    },
    {
      "领导人姓名": "柴高贵",
      "职位描述": "董事",
      "期初持股数": "0",
      "期末持股数": "0",
      "间接持股数": "",
      "从公司获得年度报酬总额": "456900",
      "补贴津贴": "",
      "变动原因说明": "",
      "是否在股东或关联单位领取报酬津贴": "否",
      "在任与否": "是"
    },
    {
      "领导人姓名": "岳丽华",
      "职位描述": "独立董事",
      "期初持股数": "0",
      "期末持股数": "0",
      "间接持股数": "",
      "从公司获得年度报酬总额": "60000",
      "补贴津贴": "",
      "变动原因说明": "",
      "是否在股东或关联单位领取报酬津贴": "否",
      "在任与否": "是"
    },
    {
      "领导人姓名": "余春宏",
      "职位描述": "独立董事",
      "期初持股数": "0",
      "期末持股数": "0",
      "间接持股数": "",
      "从公司获得年度报酬总额": "60000",
      "补贴津贴": "",
      "变动原因说明": "",
      "是否在股东或关联单位领取报酬津贴": "否",
      "在任与否": "是"
    },
    {
      "领导人姓名": "张翼",
      "职位描述": "独立董事",
      "期初持股数": "0",
      "期末持股数": "0",
      "间接持股数": "",
      "从公司获得年度报酬总额": "60000",
      "补贴津贴": "",
      "变动原因说明": "",
      "是否在股东或关联单位领取报酬津贴": "否",
      "在任与否": "是"
    },
    {
      "领导人姓名": "赵新荣",
      "职位描述": "副总经理",
      "期初持股数": "0",
      "期末持股数": "0",
      "间接持股数": "",
      "从公司获得年度报酬总额": "445800",
      "补贴津贴": "",
      "变动原因说明": "",
      "是否在股东或关联单位领取报酬津贴": "否",
      "在任与否": "是"
    },
    {
      "领导人姓名": "霍志军",
      "职位描述": "董事会秘书",
      "期初持股数": "0",
      "期末持股数": "0",
      "间接持股数": "",
      "从公司获得年度报酬总额": "431900",
      "补贴津贴": "",
      "变动原因说明": "",
      "是否在股东或关联单位领取报酬津贴": "否",
      "在任与否": "是"
    },
    {
      "领导人姓名": "乔军",
      "职位描述": "总法律顾问",
      "期初持股数": "0",
      "期末持股数": "0",
      "间接持股数": "",
      "从公司获得年度报酬总额": "40900",
      "补贴津贴": "",
      "变动原因说明": "",
      "是否在股东或关联单位领取报酬津贴": "否",
      "在任与否": "否"
    }
  ]
}

=== 600623-2026-04-21-华谊集团-2025年年度报告.pdf ===
{
  "Leader_Salary_data": {
    "实际所得报酬总额起始": "10350600",
    "实际所得报酬总额截止": "10350600",
    "实际所得报酬总额涉及人数": ""
  },
  "Leader_Hold_data": [
    {
      "领导人姓名": "顾立立",
      "职位描述": "董事长、董事",
      "期初持股数": "",
      "期末持股数": "",
      "间接持股数": "",
      "从公司获得年度报酬总额": "1558100",
      "补贴津贴": "",
      "变动原因说明": "",
      "是否在股东或关联单位领取报酬津贴": "否",
      "在任与否": "是"
    },
    {
      "领导人姓名": "钱志刚",
      "职位描述": "总裁、董事",
      "期初持股数": "",
      "期末持股数": "",
      "间接持股数": "",
      "从公司获得年度报酬总额": "1337200",
      "补贴津贴": "",
      "变动原因说明": "",
      "是否在股东或关联单位领取报酬津贴": "否",
      "在任与否": "是"
    },
    {
      "领导人姓名": "陈琦",
      "职位描述": "外部董事",
      "期初持股数": "",
      "期末持股数": "",
      "间接持股数": "",
      "从公司获得年度报酬总额": "",
      "补贴津贴": "",
      "变动原因说明": "",
      "是否在股东或关联单位领取报酬津贴": "否",
      "在任与否": "是"
    },
    {
      "领导人姓名": "程林",
      "职位描述": "独立董事",
      "期初持股数": "",
      "期末持股数": "",
      "间接持股数": "",
      "从公司获得年度报酬总额": "150000",
      "补贴津贴": "150000",
      "变动原因说明": "",
      "是否在股东或关联单位领取报酬津贴": "否",
      "在任与否": "是"
    },
    {
      "领导人姓名": "李垣",
      "职位描述": "独立董事",
      "期初持股数": "",
      "期末持股数": "",
      "间接持股数": "",
      "从公司获得年度报酬总额": "150000",
      "补贴津贴": "150000",
      "变动原因说明": "",
      "是否在股东或关联单位领取报酬津贴": "否",
      "在任与否": "是"
    },
    {
      "领导人姓名": "龚晓航",
      "职位描述": "独立董事",
      "期初持股数": "",
      "期末持股数": "",
      "间接持股数": "",
      "从公司获得年度报酬总额": "150000",
      "补贴津贴": "150000",
      "变动原因说明": "",
      "是否在股东或关联单位领取报酬津贴": "否",
      "在任与否": "是"
    },
    {
      "领导人姓名": "李良君",
      "职位描述": "职工董事、副总裁",
      "期初持股数": "395500",
      "期末持股数": "319713",
      "间接持股数": "",
      "从公司获得年度报酬总额": "1199300",
      "补贴津贴": "",
      "变动原因说明": "股权激励股票回购注销",
      "是否在股东或关联单位领取报酬津贴": "否",
      "在任与否": "是"
    },
    {
      "领导人姓名": "顾春林",
      "职位描述": "副总裁",
      "期初持股数": "626800",
      "期末持股数": "496880",
      "间接持股数": "",
      "从公司获得年度报酬总额": "1176100",
      "补贴津贴": "",
      "变动原因说明": "股权激励股票回购注销",
      "是否在股东或关联单位领取报酬津贴": "否",
      "在任与否": "是"
    },
    {
      "领导人姓名": "陈大胜",
      "职位描述": "副总裁",
      "期初持股数": "488800",
      "期末持股数": "391103",
      "间接持股数": "",
      "从公司获得年度报酬总额": "1184600",
      "补贴津贴": "",
      "变动原因说明": "股权激励股票回购注销",
      "是否在股东或关联单位领取报酬津贴": "否",
      "在任与否": "是"
    },
    {
      "领导人姓名": "徐力珩",
      "职位描述": "财务总监、董事会秘书",
      "期初持股数": "312406",
      "期末持股数": "258981",
      "间接持股数": "",
      "从公司获得年度报酬总额": "1148500",
      "补贴津贴": "",
      "变动原因说明": "股权激励股票回购注销",
      "是否在股东或关联单位领取报酬津贴": "否",
      "在任与否": "是"
    },
    {
      "领导人姓名": "刘文杰",
      "职位描述": "副总裁",
      "期初持股数": "207700",
      "期末持股数": "159236",
      "间接持股数": "",
      "从公司获得年度报酬总额": "1147900",
      "补贴津贴": "",
      "变动原因说明": "股权激励股票回购注销",
      "是否在股东或关联单位领取报酬津贴": "否",
      "在任与否": "是"
    },
    {
      "领导人姓名": "顾卫忠",
      "职位描述": "副总裁",
      "期初持股数": "207700",
      "期末持股数": "159236",
      "间接持股数": "",
      "从公司获得年度报酬总额": "1148900",
      "补贴津贴": "",
      "变动原因说明": "股权激励股票回购注销",
      "是否在股东或关联单位领取报酬津贴": "否",
      "在任与否": "是"
    }
  ]
}

=== 600883-2026-04-21-博闻科技-云南博闻科技实业股份有限公司2025年年度报告.pdf ===
{
  "Leader_Salary_data": {
    "实际所得报酬总额起始": "2754700",
    "实际所得报酬总额截止": "2754700",
    "实际所得报酬总额涉及人数": ""
  },
  "Leader_Hold_data": [
    {
      "领导人姓名": "刘志波",
      "职位描述": "董事长",
      "期初持股数": "0",
      "期末持股数": "0",
      "间接持股数": "",
      "从公司获得年度报酬总额": "618700",
      "补贴津贴": "72000",
      "变动原因说明": "",
      "是否在股东或关联单位领取报酬津贴": "是",
      "在任与否": "是"
    },
    {
      "领导人姓名": "施阳",
      "职位描述": "副董事长、总经理",
      "期初持股数": "0",
      "期末持股数": "0",
      "间接持股数": "",
      "从公司获得年度报酬总额": "604800",
      "补贴津贴": "72000",
      "变动原因说明": "",
      "是否在股东或关联单位领取报酬津贴": "是",
      "在任与否": "是"
    },
    {
      "领导人姓名": "杨庆宏",
      "职位描述": "董事、董事会秘书",
      "期初持股数": "0",
      "期末持股数": "0",
      "间接持股数": "",
      "从公司获得年度报酬总额": "427200",
      "补贴津贴": "72000",
      "变动原因说明": "",
      "是否在股东或关联单位领取报酬津贴": "否",
      "在任与否": "是"
    },
    {
      "领导人姓名": "王春城",
      "职位描述": "董事、副总经理",
      "期初持股数": "0",
      "期末持股数": "0",
      "间接持股数": "",
      "从公司获得年度报酬总额": "448000",
      "补贴津贴": "72000",
      "变动原因说明": "",
      "是否在股东或关联单位领取报酬津贴": "否",
      "在任与否": "是"
    },
    {
      "领导人姓名": "郑伯良",
      "职位描述": "独立董事",
      "期初持股数": "0",
      "期末持股数": "0",
      "间接持股数": "",
      "从公司获得年度报酬总额": "72000",
      "补贴津贴": "72000",
      "变动原因说明": "",
      "是否在股东或关联单位领取报酬津贴": "否",
      "在任与否": "是"
    },
    {
      "领导人姓名": "胡厚智",
      "职位描述": "独立董事",
      "期初持股数": "0",
      "期末持股数": "0",
      "间接持股数": "",
      "从公司获得年度报酬总额": "72000",
      "补贴津贴": "72000",
      "变动原因说明": "",
      "是否在股东或关联单位领取报酬津贴": "否",
      "在任与否": "是"
    },
    {
      "领导人姓名": "张晓霞",
      "职位描述": "独立董事",
      "期初持股数": "0",
      "期末持股数": "0",
      "间接持股数": "",
      "从公司获得年度报酬总额": "72000",
      "补贴津贴": "72000",
      "变动原因说明": "",
      "是否在股东或关联单位领取报酬津贴": "否",
      "在任与否": "是"
    },
    {
      "领导人姓名": "赵艳红",
      "职位描述": "财务总监",
      "期初持股数": "0",
      "期末持股数": "0",
      "间接持股数": "",
      "从公司获得年度报酬总额": "440000",
      "补贴津贴": "",
      "变动原因说明": "",
      "是否在股东或关联单位领取报酬津贴": "否",
      "在任与否": "是"
    }
  ]
}

=== 600683-2026-04-21-京投发展-京投发展股份有限公司2025年年度报告.pdf ===
{
  "Leader_Salary_data": {
    "实际所得报酬总额起始": "4891100",
    "实际所得报酬总额截止": "4891100",
    "实际所得报酬总额涉及人数": ""
  },
  "Leader_Hold_data": [
    {
      "领导人姓名": "孔令洋",
      "职位描述": "董事长",
      "期初持股数": "0",
      "期末持股数": "0",
      "间接持股数": "",
      "从公司获得年度报酬总额": "1065000",
      "补贴津贴": "",
      "变动原因说明": "",
      "是否在股东或关联单位领取报酬津贴": "否",
      "在任与否": "是"
    },
    {
      "领导人姓名": "高一轩",
      "职位描述": "副董事长、总裁",
      "期初持股数": "0",
      "期末持股数": "0",
      "间接持股数": "",
      "从公司获得年度报酬总额": "1277800",
      "补贴津贴": "",
      "变动原因说明": "",
      "是否在股东或关联单位领取报酬津贴": "否",
      "在任与否": "是"
    },
    {
      "领导人姓名": "刘建红",
      "职位描述": "董事",
      "期初持股数": "0",
      "期末持股数": "0",
      "间接持股数": "",
      "从公司获得年度报酬总额": "",
      "补贴津贴": "",
      "变动原因说明": "",
      "是否在股东或关联单位领取报酬津贴": "",
      "在任与否": "是"
    },
    {
      "领导人姓名": "洪成刚",
      "职位描述": "董事",
      "期初持股数": "0",
      "期末持股数": "0",
      "间接持股数": "",
      "从公司获得年度报酬总额": "",
      "补贴津贴": "",
      "变动原因说明": "",
      "是否在股东或关联单位领取报酬津贴": "",
      "在任与否": "是"
    },
    {
      "领导人姓名": "邱中伟",
      "职位描述": "董事",
      "期初持股数": "0",
      "期末持股数": "0",
      "间接持股数": "",
      "从公司获得年度报酬总额": "",
      "补贴津贴": "",
      "变动原因说明": "",
      "是否在股东或关联单位领取报酬津贴": "",
      "在任与否": "是"
    },
    {
      "领导人姓名": "李洋",
      "职位描述": "董事",
      "期初持股数": "0",
      "期末持股数": "0",
      "间接持股数": "",
      "从公司获得年度报酬总额": "",
      "补贴津贴": "",
      "变动原因说明": "",
      "是否在股东或关联单位领取报酬津贴": "",
      "在任与否": "是"
    },
    {
      "领导人姓名": "程小可",
      "职位描述": "独立董事",
      "期初持股数": "0",
      "期末持股数": "0",
      "间接持股数": "",
      "从公司获得年度报酬总额": "100000",
      "补贴津贴": "100000",
      "变动原因说明": "",
      "是否在股东或关联单位领取报酬津贴": "否",
      "在任与否": "是"
    },
    {
      "领导人姓名": "段宏伟",
      "职位描述": "独立董事",
      "期初持股数": "0",
      "期末持股数": "0",
      "间接持股数": "",
      "从公司获得年度报酬总额": "100000",
      "补贴津贴": "100000",
      "变动原因说明": "",
      "是否在股东或关联单位领取报酬津贴": "否",
      "在任与否": "是"
    },
    {
      "领导人姓名": "唐明",
      "职位描述": "独立董事",
      "期初持股数": "0",
      "期末持股数": "0",
      "间接持股数": "",
      "从公司获得年度报酬总额": "100000",
      "补贴津贴": "100000",
      "变动原因说明": "",
      "是否在股东或关联单位领取报酬津贴": "否",
      "在任与否": "是"
    },
    {
      "领导人姓名": "潘长青",
      "职位描述": "副总裁",
      "期初持股数": "0",
      "期末持股数": "0",
      "间接持股数": "",
      "从公司获得年度报酬总额": "1223900",
      "补贴津贴": "",
      "变动原因说明": "",
      "是否在股东或关联单位领取报酬津贴": "否",
      "在任与否": "是"
    },
    {
      "领导人姓名": "张雨来",
      "职位描述": "财务总监、董事会秘书",
      "期初持股数": "0",
      "期末持股数": "0",
      "间接持股数": "",
      "从公司获得年度报酬总额": "1024400",
      "补贴津贴": "",
      "变动原因说明": "",
      "是否在股东或关联单位领取报酬津贴": "否",
      "在任与否": "是"
    },
    {
      "领导人姓名": "吕高峰",
      "职位描述": "副总裁",
      "期初持股数": "0",
      "期末持股数": "0",
      "间接持股数": "",
      "从公司获得年度报酬总额": "",
      "补贴津贴": "",
      "变动原因说明": "",
      "是否在股东或关联单位领取报酬津贴": "是",
      "在任与否": "是"
    },
    {
      "领导人姓名": "冯杰",
      "职位描述": "副总裁",
      "期初持股数": "0",
      "期末持股数": "0",
      "间接持股数": "",
      "从公司获得年度报酬总额": "",
      "补贴津贴": "",
      "变动原因说明": "",
      "是否在股东或关联单位领取报酬津贴": "是",
      "在任与否": "是"
    }
  ]
}

=== 600782-2026-04-21-新钢股份-新钢股份2025年年度报告全文.pdf ===
{
  "Leader_Salary_data": {
    "实际所得报酬总额起始": "2458000",
    "实际所得报酬总额截止": "2458000",
    "实际所得报酬总额涉及人数": ""
  },
  "Leader_Hold_data": [
    {
      "领导人姓名": "刘建荣",
      "职位描述": "董事长、董事",
      "期初持股数": "0",
      "期末持股数": "470000",
      "间接持股数": "",
      "从公司获得年度报酬总额": "0",
      "补贴津贴": "",
      "变动原因说明": "股权激励授予",
      "是否在股东或关联单位领取报酬津贴": "是",
      "在任与否": "是"
    },
    {
      "领导人姓名": "刘坚锋",
      "职位描述": "副董事长、董事",
      "期初持股数": "0",
      "期末持股数": "470000",
      "间接持股数": "",
      "从公司获得年度报酬总额": "0",
      "补贴津贴": "",
      "变动原因说明": "股权激励授予",
      "是否在股东或关联单位领取报酬津贴": "是",
      "在任与否": "是"
    },
    {
      "领导人姓名": "廖鹏",
      "职位描述": "董事、总经理",
      "期初持股数": "0",
      "期末持股数": "470000",
      "间接持股数": "",
      "从公司获得年度报酬总额": "768500",
      "补贴津贴": "",
      "变动原因说明": "股权激励授予",
      "是否在股东或关联单位领取报酬津贴": "否",
      "在任与否": "是"
    },
    {
      "领导人姓名": "陈灵明",
      "职位描述": "董事",
      "期初持股数": "0",
      "期末持股数": "0",
      "间接持股数": "",
      "从公司获得年度报酬总额": "120000",
      "补贴津贴": "",
      "变动原因说明": "",
      "是否在股东或关联单位领取报酬津贴": "否",
      "在任与否": "是"
    },
    {
      "领导人姓名": "李宁",
      "职位描述": "董事",
      "期初持股数": "0",
      "期末持股数": "0",
      "间接持股数": "",
      "从公司获得年度报酬总额": "120000",
      "补贴津贴": "",
      "变动原因说明": "",
      "是否在股东或关联单位领取报酬津贴": "否",
      "在任与否": "是"
    },
    {
      "领导人姓名": "胡晓东",
      "职位描述": "独立董事",
      "期初持股数": "0",
      "期末持股数": "0",
      "间接持股数": "",
      "从公司获得年度报酬总额": "120000",
      "补贴津贴": "",
      "变动原因说明": "",
      "是否在股东或关联单位领取报酬津贴": "否",
      "在任与否": "是"
    },
    {
      "领导人姓名": "孟祥云",
      "职位描述": "独立董事",
      "期初持股数": "0",
      "期末持股数": "0",
      "间接持股数": "",
      "从公司获得年度报酬总额": "120000",
      "补贴津贴": "",
      "变动原因说明": "",
      "是否在股东或关联单位领取报酬津贴": "否",
      "在任与否": "是"
    },
    {
      "领导人姓名": "李军",
      "职位描述": "独立董事",
      "期初持股数": "0",
      "期末持股数": "0",
      "间接持股数": "",
      "从公司获得年度报酬总额": "0",
      "补贴津贴": "",
      "变动原因说明": "",
      "是否在股东或关联单位领取报酬津贴": "否",
      "在任与否": "是"
    },
    {
      "领导人姓名": "胡静",
      "职位描述": "副总经理、财务总监",
      "期初持股数": "0",
      "期末持股数": "400000",
      "间接持股数": "",
      "从公司获得年度报酬总额": "613400",
      "补贴津贴": "",
      "变动原因说明": "股权激励授予",
      "是否在股东或关联单位领取报酬津贴": "否",
      "在任与否": "是"
    },
    {
      "领导人姓名": "肖勇",
      "职位描述": "董事会秘书",
      "期初持股数": "0",
      "期末持股数": "260000",
      "间接持股数": "",
      "从公司获得年度报酬总额": "596100",
      "补贴津贴": "",
      "变动原因说明": "股权激励授予",
      "是否在股东或关联单位领取报酬津贴": "否",
      "在任与否": "是"
    },
    {
      "领导人姓名": "郜学",
      "职位描述": "独立董事",
      "期初持股数": "0",
      "期末持股数": "0",
      "间接持股数": "",
      "从公司获得年度报酬总额": "0",
      "补贴津贴": "",
      "变动原因说明": "",
      "是否在股东或关联单位领取报酬津贴": "否",
      "在任与否": "否"
    }
  ]
}

=== 600794-2026-04-21-保税科技-张家港保税科技（集团）股份有限公司2025年年度报告.pdf ===
{
  "Leader_Salary_data": {
    "实际所得报酬总额起始": "4834500",
    "实际所得报酬总额截止": "4834500",
    "实际所得报酬总额涉及人数": ""
  },
  "Leader_Hold_data": [
    {
      "领导人姓名": "季忠明",
      "职位描述": "董事长",
      "期初持股数": "0",
      "期末持股数": "0",
      "间接持股数": "",
      "从公司获得年度报酬总额": "846500",
      "补贴津贴": "",
      "变动原因说明": "",
      "是否在股东或关联单位领取报酬津贴": "否",
      "在任与否": "是"
    },
    {
      "领导人姓名": "张惠忠",
      "职位描述": "董事、总裁",
      "期初持股数": "260000",
      "期末持股数": "260000",
      "间接持股数": "",
      "从公司获得年度报酬总额": "787000",
      "补贴津贴": "",
      "变动原因说明": "",
      "是否在股东或关联单位领取报酬津贴": "否",
      "在任与否": "是"
    },
    {
      "领导人姓名": "周锋",
      "职位描述": "董事",
      "期初持股数": "0",
      "期末持股数": "0",
      "间接持股数": "",
      "从公司获得年度报酬总额": "",
      "补贴津贴": "",
      "变动原因说明": "",
      "是否在股东或关联单位领取报酬津贴": "是",
      "在任与否": "是"
    },
    {
      "领导人姓名": "陈保进",
      "职位描述": "董事、副总裁",
      "期初持股数": "100000",
      "期末持股数": "100000",
      "间接持股数": "",
      "从公司获得年度报酬总额": "628800",
      "补贴津贴": "",
      "变动原因说明": "",
      "是否在股东或关联单位领取报酬津贴": "否",
      "在任与否": "是"
    },
    {
      "领导人姓名": "金建海",
      "职位描述": "独立董事",
      "期初持股数": "0",
      "期末持股数": "0",
      "间接持股数": "",
      "从公司获得年度报酬总额": "80000",
      "补贴津贴": "80000",
      "变动原因说明": "",
      "是否在股东或关联单位领取报酬津贴": "否",
      "在任与否": "是"
    },
    {
      "领导人姓名": "杨晓琴",
      "职位描述": "独立董事",
      "期初持股数": "0",
      "期末持股数": "0",
      "间接持股数": "",
      "从公司获得年度报酬总额": "80000",
      "补贴津贴": "80000",
      "变动原因说明": "",
      "是否在股东或关联单位领取报酬津贴": "否",
      "在任与否": "是"
    },
    {
      "领导人姓名": "李清伟",
      "职位描述": "独立董事",
      "期初持股数": "0",
      "期末持股数": "0",
      "间接持股数": "",
      "从公司获得年度报酬总额": "80000",
      "补贴津贴": "80000",
      "变动原因说明": "",
      "是否在股东或关联单位领取报酬津贴": "否",
      "在任与否": "是"
    },
    {
      "领导人姓名": "黄萍",
      "职位描述": "职工董事",
      "期初持股数": "0",
      "期末持股数": "0",
      "间接持股数": "",
      "从公司获得年度报酬总额": "345800",
      "补贴津贴": "",
      "变动原因说明": "",
      "是否在股东或关联单位领取报酬津贴": "否",
      "在任与否": "是"
    },
    {
      "领导人姓名": "李金伟",
      "职位描述": "副总裁",
      "期初持股数": "100000",
      "期末持股数": "100000",
      "间接持股数": "",
      "从公司获得年度报酬总额": "755800",
      "补贴津贴": "",
      "变动原因说明": "",
      "是否在股东或关联单位领取报酬津贴": "否",
      "在任与否": "是"
    },
    {
      "领导人姓名": "常乐庆",
      "职位描述": "董事会秘书",
      "期初持股数": "100000",
      "期末持股数": "100000",
      "间接持股数": "",
      "从公司获得年度报酬总额": "606200",
      "补贴津贴": "",
      "变动原因说明": "",
      "是否在股东或关联单位领取报酬津贴": "否",
      "在任与否": "是"
    },
    {
      "领导人姓名": "徐惠",
      "职位描述": "财务总监",
      "期初持股数": "100000",
      "期末持股数": "100000",
      "间接持股数": "",
      "从公司获得年度报酬总额": "624400",
      "补贴津贴": "",
      "变动原因说明": "",
      "是否在股东或关联单位领取报酬津贴": "否",
      "在任与否": "是"
    }
  ]
}

=== 600513-2026-04-21-联环药业-联环药业2025年度报告.pdf ===
{
  "Leader_Salary_data": {
    "实际所得报酬总额起始": "5565200",
    "实际所得报酬总额截止": "5565200",
    "实际所得报酬总额涉及人数": ""
  },
  "Leader_Hold_data": [
    {
      "领导人姓名": "夏春来",
      "职位描述": "董事",
      "期初持股数": "0",
      "期末持股数": "0",
      "间接持股数": "",
      "从公司获得年度报酬总额": "0",
      "补贴津贴": "",
      "变动原因说明": "无",
      "是否在股东或关联单位领取报酬津贴": "是",
      "在任与否": "是"
    },
    {
      "领导人姓名": "钱振华",
      "职位描述": "董事长、董事会秘书",
      "期初持股数": "0",
      "期末持股数": "0",
      "间接持股数": "",
      "从公司获得年度报酬总额": "722300",
      "补贴津贴": "",
      "变动原因说明": "无",
      "是否在股东或关联单位领取报酬津贴": "否",
      "在任与否": "是"
    },
    {
      "领导人姓名": "牛犇",
      "职位描述": "董事、总经理",
      "期初持股数": "0",
      "期末持股数": "0",
      "间接持股数": "",
      "从公司获得年度报酬总额": "657200",
      "补贴津贴": "",
      "变动原因说明": "无",
      "是否在股东或关联单位领取报酬津贴": "否",
      "在任与否": "是"
    },
    {
      "领导人姓名": "涂斌",
      "职位描述": "副董事长",
      "期初持股数": "0",
      "期末持股数": "0",
      "间接持股数": "",
      "从公司获得年度报酬总额": "634400",
      "补贴津贴": "",
      "变动原因说明": "无",
      "是否在股东或关联单位领取报酬津贴": "否",
      "在任与否": "是"
    },
    {
      "领导人姓名": "谭志刚",
      "职位描述": "职工董事",
      "期初持股数": "3000",
      "期末持股数": "3000",
      "间接持股数": "",
      "从公司获得年度报酬总额": "572000",
      "补贴津贴": "",
      "变动原因说明": "",
      "是否在股东或关联单位领取报酬津贴": "否",
      "在任与否": "是"
    },
    {
      "领导人姓名": "牛贺新",
      "职位描述": "董事",
      "期初持股数": "0",
      "期末持股数": "0",
      "间接持股数": "",
      "从公司获得年度报酬总额": "0",
      "补贴津贴": "",
      "变动原因说明": "无",
      "是否在股东或关联单位领取报酬津贴": "否",
      "在任与否": "是"
    },
    {
      "领导人姓名": "方芳",
      "职位描述": "独立董事",
      "期初持股数": "0",
      "期末持股数": "0",
      "间接持股数": "",
      "从公司获得年度报酬总额": "80000",
      "补贴津贴": "",
      "变动原因说明": "无",
      "是否在股东或关联单位领取报酬津贴": "否",
      "在任与否": "是"
    },
    {
      "领导人姓名": "张斌",
      "职位描述": "独立董事",
      "期初持股数": "0",
      "期末持股数": "0",
      "间接持股数": "",
      "从公司获得年度报酬总额": "80000",
      "补贴津贴": "",
      "变动原因说明": "无",
      "是否在股东或关联单位领取报酬津贴": "否",
      "在任与否": "是"
    },
    {
      "领导人姓名": "吴方",
      "职位描述": "独立董事",
      "期初持股数": "0",
      "期末持股数": "0",
      "间接持股数": "",
      "从公司获得年度报酬总额": "33300",
      "补贴津贴": "",
      "变动原因说明": "无",
      "是否在股东或关联单位领取报酬津贴": "否",
      "在任与否": "是"
    },
    {
      "领导人姓名": "沈毅",
      "职位描述": "副总经理",
      "期初持股数": "0",
      "期末持股数": "0",
      "间接持股数": "",
      "从公司获得年度报酬总额": "564600",
      "补贴津贴": "",
      "变动原因说明": "无",
      "是否在股东或关联单位领取报酬津贴": "否",
      "在任与否": "是"
    },
    {
      "领导人姓名": "褚青松",
      "职位描述": "副总经理",
      "期初持股数": "0",
      "期末持股数": "0",
      "间接持股数": "",
      "从公司获得年度报酬总额": "570600",
      "补贴津贴": "",
      "变动原因说明": "无",
      "是否在股东或关联单位领取报酬津贴": "否",
      "在任与否": "是"
    },
    {
      "领导人姓名": "胡长坤",
      "职位描述": "副总经理",
      "期初持股数": "0",
      "期末持股数": "0",
      "间接持股数": "",
      "从公司获得年度报酬总额": "591600",
      "补贴津贴": "",
      "变动原因说明": "无",
      "是否在股东或关联单位领取报酬津贴": "否",
      "在任与否": "是"
    },
    {
      "领导人姓名": "薛昊",
      "职位描述": "财务总监",
      "期初持股数": "0",
      "期末持股数": "0",
      "间接持股数": "",
      "从公司获得年度报酬总额": "394800",
      "补贴津贴": "",
      "变动原因说明": "无",
      "是否在股东或关联单位领取报酬津贴": "否",
      "在任与否": "是"
    },
    {
      "领导人姓名": "周良胜",
      "职位描述": "总工程师",
      "期初持股数": "0",
      "期末持股数": "0",
      "间接持股数": "",
      "从公司获得年度报酬总额": "544100",
      "补贴津贴": "",
      "变动原因说明": "无",
      "是否在股东或关联单位领取报酬津贴": "否",
      "在任与否": "是"
    },
    {
      "领导人姓名": "刘文东",
      "职位描述": "董事",
      "期初持股数": "0",
      "期末持股数": "0",
      "间接持股数": "",
      "从公司获得年度报酬总额": "0",
      "补贴津贴": "",
      "变动原因说明": "无",
      "是否在股东或关联单位领取报酬津贴": "否",
      "在任与否": "否"
    },
    {
      "领导人姓名": "陈莹",
      "职位描述": "独立董事",
      "期初持股数": "0",
      "期末持股数": "0",
      "间接持股数": "",
      "从公司获得年度报酬总额": "53300",
      "补贴津贴": "",
      "变动原因说明": "无",
      "是否在股东或关联单位领取报酬津贴": "否",
      "在任与否": "否"
    },
    {
      "领导人姓名": "胡一桥",
      "职位描述": "独立董事",
      "期初持股数": "0",
      "期末持股数": "0",
      "间接持股数": "",
      "从公司获得年度报酬总额": "67000",
      "补贴津贴": "",
      "变动原因说明": "无",
      "是否在股东或关联单位领取报酬津贴": "否",
      "在任与否": "否"
    }
  ]
}

=== 600639-2026-04-21-浦东金桥-浦东金桥2025年年度报告.pdf ===
{
  "Leader_Salary_data": {
    "实际所得报酬总额起始": "8804500",
    "实际所得报酬总额截止": "8804500",
    "实际所得报酬总额涉及人数": ""
  },
  "Leader_Hold_data": [
    {
      "领导人姓名": "郭嵘",
      "职位描述": "董事长",
      "期初持股数": "",
      "期末持股数": "",
      "间接持股数": "",
      "从公司获得年度报酬总额": "",
      "补贴津贴": "",
      "变动原因说明": "",
      "是否在股东或关联单位领取报酬津贴": "是",
      "在任与否": "是"
    },
    {
      "领导人姓名": "王颖",
      "职位描述": "董事长、党委书记",
      "期初持股数": "",
      "期末持股数": "",
      "间接持股数": "",
      "从公司获得年度报酬总额": "1030600",
      "补贴津贴": "",
      "变动原因说明": "",
      "是否在股东或关联单位领取报酬津贴": "否",
      "在任与否": "否"
    },
    {
      "领导人姓名": "杜少雄",
      "职位描述": "副董事长、总经理、党委副书记",
      "期初持股数": "",
      "期末持股数": "",
      "间接持股数": "",
      "从公司获得年度报酬总额": "416600",
      "补贴津贴": "",
      "变动原因说明": "",
      "是否在股东或关联单位领取报酬津贴": "否",
      "在任与否": "否"
    },
    {
      "领导人姓名": "张萍",
      "职位描述": "董事",
      "期初持股数": "",
      "期末持股数": "",
      "间接持股数": "",
      "从公司获得年度报酬总额": "",
      "补贴津贴": "",
      "变动原因说明": "",
      "是否在股东或关联单位领取报酬津贴": "否",
      "在任与否": "是"
    },
    {
      "领导人姓名": "刘淼",
      "职位描述": "职工董事、副总经理",
      "期初持股数": "",
      "期末持股数": "",
      "间接持股数": "",
      "从公司获得年度报酬总额": "824600",
      "补贴津贴": "",
      "变动原因说明": "",
      "是否在股东或关联单位领取报酬津贴": "否",
      "在任与否": "否"
    },
    {
      "领导人姓名": "刘广安",
      "职位描述": "董事",
      "期初持股数": "",
      "期末持股数": "",
      "间接持股数": "",
      "从公司获得年度报酬总额": "",
      "补贴津贴": "",
      "变动原因说明": "",
      "是否在股东或关联单位领取报酬津贴": "否",
      "在任与否": "否"
    },
    {
      "领导人姓名": "王俭保",
      "职位描述": "董事",
      "期初持股数": "",
      "期末持股数": "",
      "间接持股数": "",
      "从公司获得年度报酬总额": "",
      "补贴津贴": "",
      "变动原因说明": "",
      "是否在股东或关联单位领取报酬津贴": "否",
      "在任与否": "是"
    },
    {
      "领导人姓名": "张军",
      "职位描述": "独立董事",
      "期初持股数": "",
      "期末持股数": "",
      "间接持股数": "",
      "从公司获得年度报酬总额": "180000",
      "补贴津贴": "",
      "变动原因说明": "",
      "是否在股东或关联单位领取报酬津贴": "否",
      "在任与否": "是"
    },
    {
      "领导人姓名": "陶武平",
      "职位描述": "独立董事",
      "期初持股数": "",
      "期末持股数": "",
      "间接持股数": "",
      "从公司获得年度报酬总额": "180000",
      "补贴津贴": "",
      "变动原因说明": "",
      "是否在股东或关联单位领取报酬津贴": "否",
      "在任与否": "否"
    },
    {
      "领导人姓名": "LI YIFAN",
      "职位描述": "独立董事",
      "期初持股数": "",
      "期末持股数": "",
      "间接持股数": "",
      "从公司获得年度报酬总额": "180000",
      "补贴津贴": "",
      "变动原因说明": "",
      "是否在股东或关联单位领取报酬津贴": "否",
      "在任与否": "否"
    },
    {
      "领导人姓名": "雷良海",
      "职位描述": "独立董事",
      "期初持股数": "",
      "期末持股数": "",
      "间接持股数": "",
      "从公司获得年度报酬总额": "180000",
      "补贴津贴": "",
      "变动原因说明": "",
      "是否在股东或关联单位领取报酬津贴": "否",
      "在任与否": "否"
    },
    {
      "领导人姓名": "季诺",
      "职位描述": "独立董事",
      "期初持股数": "",
      "期末持股数": "",
      "间接持股数": "",
      "从公司获得年度报酬总额": "",
      "补贴津贴": "",
      "变动原因说明": "",
      "是否在股东或关联单位领取报酬津贴": "否",
      "在任与否": "是"
    },
    {
      "领导人姓名": "邵丽丽",
      "职位描述": "独立董事",
      "期初持股数": "",
      "期末持股数": "",
      "间接持股数": "",
      "从公司获得年度报酬总额": "",
      "补贴津贴": "",
      "变动原因说明": "",
      "是否在股东或关联单位领取报酬津贴": "否",
      "在任与否": "是"
    },
    {
      "领导人姓名": "戴红",
      "职位描述": "副总经理",
      "期初持股数": "",
      "期末持股数": "",
      "间接持股数": "",
      "从公司获得年度报酬总额": "824600",
      "补贴津贴": "",
      "变动原因说明": "",
      "是否在股东或关联单位领取报酬津贴": "否",
      "在任与否": "是"
    },
    {
      "领导人姓名": "沈彤",
      "职位描述": "副总经理",
      "期初持股数": "7750",
      "期末持股数": "7750",
      "间接持股数": "",
      "从公司获得年度报酬总额": "824600",
      "补贴津贴": "",
      "变动原因说明": "",
      "是否在股东或关联单位领取报酬津贴": "否",
      "在任与否": "是"
    },
    {
      "领导人姓名": "毛巧丽",
      "职位描述": "副总经理、党委书记",
      "期初持股数": "",
      "期末持股数": "",
      "间接持股数": "",
      "从公司获得年度报酬总额": "824600",
      "补贴津贴": "",
      "变动原因说明": "",
      "是否在股东或关联单位领取报酬津贴": "否",
      "在任与否": "否"
    },
    {
      "领导人姓名": "施良",
      "职位描述": "副总经理",
      "期初持股数": "",
      "期末持股数": "",
      "间接持股数": "",
      "从公司获得年度报酬总额": "824600",
      "补贴津贴": "",
      "变动原因说明": "",
      "是否在股东或关联单位领取报酬津贴": "否",
      "在任与否": "是"
    },
    {
      "领导人姓名": "李建芳",
      "职位描述": "财务总监",
      "期初持股数": "",
      "期末持股数": "",
      "间接持股数": "",
      "从公司获得年度报酬总额": "527100",
      "补贴津贴": "",
      "变动原因说明": "",
      "是否在股东或关联单位领取报酬津贴": "否",
      "在任与否": "否"
    },
    {
      "领导人姓名": "严少云",
      "职位描述": "董事会秘书",
      "期初持股数": "",
      "期末持股数": "",
      "间接持股数": "",
      "从公司获得年度报酬总额": "621900",
      "补贴津贴": "",
      "变动原因说明": "",
      "是否在股东或关联单位领取报酬津贴": "否",
      "在任与否": "是"
    }
  ]
}

=== 600637-2026-04-21-东方明珠-东方明珠2025年年度报告.pdf ===
{
  "Leader_Salary_data": {
    "实际所得报酬总额起始": "11944500",
    "实际所得报酬总额截止": "11944500",
    "实际所得报酬总额涉及人数": ""
  },
  "Leader_Hold_data": [
    {
      "领导人姓名": "宋炯明",
      "职位描述": "董事长",
      "期初持股数": "0",
      "期末持股数": "0",
      "间接持股数": "",
      "从公司获得年度报酬总额": "0",
      "补贴津贴": "",
      "变动原因说明": "",
      "是否在股东或关联单位领取报酬津贴": "是",
      "在任与否": "是"
    },
    {
      "领导人姓名": "成蔚",
      "职位描述": "董事",
      "期初持股数": "0",
      "期末持股数": "0",
      "间接持股数": "",
      "从公司获得年度报酬总额": "0",
      "补贴津贴": "",
      "变动原因说明": "",
      "是否在股东或关联单位领取报酬津贴": "是",
      "在任与否": "是"
    },
    {
      "领导人姓名": "尹欣",
      "职位描述": "董事",
      "期初持股数": "0",
      "期末持股数": "0",
      "间接持股数": "",
      "从公司获得年度报酬总额": "0",
      "补贴津贴": "",
      "变动原因说明": "",
      "是否在股东或关联单位领取报酬津贴": "是",
      "在任与否": "是"
    },
    {
      "领导人姓名": "王健儿",
      "职位描述": "董事",
      "期初持股数": "0",
      "期末持股数": "0",
      "间接持股数": "",
      "从公司获得年度报酬总额": "0",
      "补贴津贴": "",
      "变动原因说明": "",
      "是否在股东或关联单位领取报酬津贴": "是",
      "在任与否": "是"
    },
    {
      "领导人姓名": "苏锡嘉",
      "职位描述": "独立董事",
      "期初持股数": "0",
      "期末持股数": "0",
      "间接持股数": "",
      "从公司获得年度报酬总额": "180000",
      "补贴津贴": "",
      "变动原因说明": "",
      "是否在股东或关联单位领取报酬津贴": "否",
      "在任与否": "是"
    },
    {
      "领导人姓名": "刘功润",
      "职位描述": "独立董事",
      "期初持股数": "0",
      "期末持股数": "0",
      "间接持股数": "",
      "从公司获得年度报酬总额": "5500",
      "补贴津贴": "",
      "变动原因说明": "",
      "是否在股东或关联单位领取报酬津贴": "否",
      "在任与否": "是"
    },
    {
      "领导人姓名": "许多奇",
      "职位描述": "独立董事",
      "期初持股数": "0",
      "期末持股数": "0",
      "间接持股数": "",
      "从公司获得年度报酬总额": "5500",
      "补贴津贴": "",
      "变动原因说明": "",
      "是否在股东或关联单位领取报酬津贴": "否",
      "在任与否": "是"
    },
    {
      "领导人姓名": "黄凯",
      "职位描述": "高级副总裁、董事",
      "期初持股数": "15300",
      "期末持股数": "29100",
      "间接持股数": "",
      "从公司获得年度报酬总额": "1571700",
      "补贴津贴": "",
      "变动原因说明": "二级市场增持",
      "是否在股东或关联单位领取报酬津贴": "否",
      "在任与否": "是"
    },
    {
      "领导人姓名": "史支焱",
      "职位描述": "高级副总裁",
      "期初持股数": "17477",
      "期末持股数": "31277",
      "间接持股数": "",
      "从公司获得年度报酬总额": "1489700",
      "补贴津贴": "",
      "变动原因说明": "二级市场增持",
      "是否在股东或关联单位领取报酬津贴": "否",
      "在任与否": "是"
    },
    {
      "领导人姓名": "卢宝丰",
      "职位描述": "高级副总裁、总工程师",
      "期初持股数": "18967",
      "期末持股数": "30467",
      "间接持股数": "",
      "从公司获得年度报酬总额": "1372900",
      "补贴津贴": "",
      "变动原因说明": "二级市场增持",
      "是否在股东或关联单位领取报酬津贴": "否",
      "在任与否": "是"
    },
    {
      "领导人姓名": "戴钟伟",
      "职位描述": "总编辑",
      "期初持股数": "12400",
      "期末持股数": "20800",
      "间接持股数": "",
      "从公司获得年度报酬总额": "1101100",
      "补贴津贴": "",
      "变动原因说明": "二级市场增持",
      "是否在股东或关联单位领取报酬津贴": "否",
      "在任与否": "是"
    },
    {
      "领导人姓名": "金晓明",
      "职位描述": "总会计师、董事",
      "期初持股数": "19000",
      "期末持股数": "33000",
      "间接持股数": "",
      "从公司获得年度报酬总额": "1449500",
      "补贴津贴": "",
      "变动原因说明": "二级市场增持",
      "是否在股东或关联单位领取报酬津贴": "否",
      "在任与否": "是"
    },
    {
      "领导人姓名": "曹志勇",
      "职位描述": "高级副总裁",
      "期初持股数": "34143",
      "期末持股数": "50243",
      "间接持股数": "",
      "从公司获得年度报酬总额": "1571300",
      "补贴津贴": "",
      "变动原因说明": "二级市场增持",
      "是否在股东或关联单位领取报酬津贴": "否",
      "在任与否": "是"
    },
    {
      "领导人姓名": "鱼洁",
      "职位描述": "副总裁",
      "期初持股数": "12500",
      "期末持股数": "22400",
      "间接持股数": "",
      "从公司获得年度报酬总额": "1125500",
      "补贴津贴": "",
      "变动原因说明": "二级市场增持",
      "是否在股东或关联单位领取报酬津贴": "否",
      "在任与否": "是"
    },
    {
      "领导人姓名": "嵇绯绯",
      "职位描述": "董事会秘书",
      "期初持股数": "0",
      "期末持股数": "0",
      "间接持股数": "",
      "从公司获得年度报酬总额": "865800",
      "补贴津贴": "",
      "变动原因说明": "",
      "是否在股东或关联单位领取报酬津贴": "否",
      "在任与否": "是"
    },
    {
      "领导人姓名": "王磊卿",
      "职位描述": "董事",
      "期初持股数": "0",
      "期末持股数": "0",
      "间接持股数": "",
      "从公司获得年度报酬总额": "",
      "补贴津贴": "",
      "变动原因说明": "",
      "是否在股东或关联单位领取报酬津贴": "是",
      "在任与否": "否"
    },
    {
      "领导人姓名": "钟璟",
      "职位描述": "董事",
      "期初持股数": "0",
      "期末持股数": "0",
      "间接持股数": "",
      "从公司获得年度报酬总额": "",
      "补贴津贴": "",
      "变动原因说明": "",
      "是否在股东或关联单位领取报酬津贴": "是",
      "在任与否": "否"
    },
    {
      "领导人姓名": "陈清洋",
      "职位描述": "独立董事",
      "期初持股数": "0",
      "期末持股数": "0",
      "间接持股数": "",
      "从公司获得年度报酬总额": "177400",
      "补贴津贴": "",
      "变动原因说明": "",
      "是否在股东或关联单位领取报酬津贴": "否",
      "在任与否": "否"
    },
    {
      "领导人姓名": "卫哲",
      "职位描述": "独立董事",
      "期初持股数": "0",
      "期末持股数": "0",
      "间接持股数": "",
      "从公司获得年度报酬总额": "165700",
      "补贴津贴": "",
      "变动原因说明": "",
      "是否在股东或关联单位领取报酬津贴": "否",
      "在任与否": "否"
    },
    {
      "领导人姓名": "王治平",
      "职位描述": "监事会主席",
      "期初持股数": "0",
      "期末持股数": "0",
      "间接持股数": "",
      "从公司获得年度报酬总额": "",
      "补贴津贴": "",
      "变动原因说明": "",
      "是否在股东或关联单位领取报酬津贴": "是",
      "在任与否": "否"
    },
    {
      "领导人姓名": "李桦",
      "职位描述": "监事",
      "期初持股数": "0",
      "期末持股数": "0",
      "间接持股数": "",
      "从公司获得年度报酬总额": "",
      "补贴津贴": "",
      "变动原因说明": "",
      "是否在股东或关联单位领取报酬津贴": "是",
      "在任与否": "否"
    },
    {
      "领导人姓名": "陈小仁",
      "职位描述": "职工监事",
      "期初持股数": "",
      "期末持股数": "",
      "间接持股数": "",
      "从公司获得年度报酬总额": "862900",
      "补贴津贴": "",
      "变动原因说明": "",
      "是否在股东或关联单位领取报酬津贴": "否",
      "在任与否": "否"
    }
  ]
}

=== 601100-2026-04-21-恒立液压-江苏恒立液压股份有限公司2025年年度报告.pdf ===
{
  "Leader_Salary_data": {
    "实际所得报酬总额起始": "7670400",
    "实际所得报酬总额截止": "7670400",
    "实际所得报酬总额涉及人数": ""
  },
  "Leader_Hold_data": [
    {
      "领导人姓名": "汪立平",
      "职位描述": "董事长",
      "期初持股数": "0",
      "期末持股数": "0",
      "间接持股数": "",
      "从公司获得年度报酬总额": "1424400",
      "补贴津贴": "",
      "变动原因说明": "",
      "是否在股东或关联单位领取报酬津贴": "否",
      "在任与否": "是"
    },
    {
      "领导人姓名": "邱永宁",
      "职位描述": "董事、总经理",
      "期初持股数": "0",
      "期末持股数": "0",
      "间接持股数": "",
      "从公司获得年度报酬总额": "1063200",
      "补贴津贴": "",
      "变动原因说明": "",
      "是否在股东或关联单位领取报酬津贴": "否",
      "在任与否": "是"
    },
    {
      "领导人姓名": "徐进",
      "职位描述": "董事、副总经理",
      "期初持股数": "0",
      "期末持股数": "0",
      "间接持股数": "",
      "从公司获得年度报酬总额": "913200",
      "补贴津贴": "",
      "变动原因说明": "",
      "是否在股东或关联单位领取报酬津贴": "否",
      "在任与否": "是"
    },
    {
      "领导人姓名": "王斌",
      "职位描述": "董事、副总经理",
      "期初持股数": "0",
      "期末持股数": "0",
      "间接持股数": "",
      "从公司获得年度报酬总额": "955200",
      "补贴津贴": "",
      "变动原因说明": "",
      "是否在股东或关联单位领取报酬津贴": "否",
      "在任与否": "是"
    },
    {
      "领导人姓名": "方攸同",
      "职位描述": "独立董事",
      "期初持股数": "0",
      "期末持股数": "0",
      "间接持股数": "",
      "从公司获得年度报酬总额": "214300",
      "补贴津贴": "",
      "变动原因说明": "",
      "是否在股东或关联单位领取报酬津贴": "否",
      "在任与否": "是"
    },
    {
      "领导人姓名": "王学浩",
      "职位描述": "独立董事",
      "期初持股数": "0",
      "期末持股数": "0",
      "间接持股数": "",
      "从公司获得年度报酬总额": "214300",
      "补贴津贴": "",
      "变动原因说明": "",
      "是否在股东或关联单位领取报酬津贴": "否",
      "在任与否": "是"
    },
    {
      "领导人姓名": "权龙",
      "职位描述": "独立董事",
      "期初持股数": "0",
      "期末持股数": "0",
      "间接持股数": "",
      "从公司获得年度报酬总额": "71400",
      "补贴津贴": "",
      "变动原因说明": "",
      "是否在股东或关联单位领取报酬津贴": "否",
      "在任与否": "是"
    },
    {
      "领导人姓名": "胡国享",
      "职位描述": "副总经理",
      "期初持股数": "0",
      "期末持股数": "0",
      "间接持股数": "",
      "从公司获得年度报酬总额": "1024100",
      "补贴津贴": "",
      "变动原因说明": "",
      "是否在股东或关联单位领取报酬津贴": "否",
      "在任与否": "是"
    },
    {
      "领导人姓名": "彭玫",
      "职位描述": "财务负责人",
      "期初持股数": "0",
      "期末持股数": "0",
      "间接持股数": "",
      "从公司获得年度报酬总额": "900800",
      "补贴津贴": "",
      "变动原因说明": "",
      "是否在股东或关联单位领取报酬津贴": "否",
      "在任与否": "是"
    },
    {
      "领导人姓名": "张小芳",
      "职位描述": "董事会秘书",
      "期初持股数": "0",
      "期末持股数": "0",
      "间接持股数": "",
      "从公司获得年度报酬总额": "728800",
      "补贴津贴": "",
      "变动原因说明": "",
      "是否在股东或关联单位领取报酬津贴": "否",
      "在任与否": "是"
    },
    {
      "领导人姓名": "陈柏",
      "职位描述": "独立董事",
      "期初持股数": "0",
      "期末持股数": "0",
      "间接持股数": "",
      "从公司获得年度报酬总额": "160700",
      "补贴津贴": "",
      "变动原因说明": "",
      "是否在股东或关联单位领取报酬津贴": "否",
      "在任与否": "否"
    }
  ]
}

=== 600960-2026-04-21-渤海汽车-渤海汽车2025年年度报告.pdf ===
{
  "Leader_Salary_data": {
    "实际所得报酬总额起始": "9111500",
    "实际所得报酬总额截止": "9111500",
    "实际所得报酬总额涉及人数": ""
  },
  "Leader_Hold_data": [
    {
      "领导人姓名": "宋玮",
      "职位描述": "董事、董事长",
      "期初持股数": "0",
      "期末持股数": "0",
      "间接持股数": "",
      "从公司获得年度报酬总额": "0",
      "补贴津贴": "",
      "变动原因说明": "",
      "是否在股东或关联单位领取报酬津贴": "是",
      "在任与否": "是"
    },
    {
      "领导人姓名": "蓝世红",
      "职位描述": "董事",
      "期初持股数": "0",
      "期末持股数": "0",
      "间接持股数": "",
      "从公司获得年度报酬总额": "0",
      "补贴津贴": "",
      "变动原因说明": "",
      "是否在股东或关联单位领取报酬津贴": "是",
      "在任与否": "是"
    },
    {
      "领导人姓名": "赵继成",
      "职位描述": "董事、副董事长、党委书记、总经理",
      "期初持股数": "0",
      "期末持股数": "0",
      "间接持股数": "",
      "从公司获得年度报酬总额": "1947000",
      "补贴津贴": "",
      "变动原因说明": "",
      "是否在股东或关联单位领取报酬津贴": "否",
      "在任与否": "是"
    },
    {
      "领导人姓名": "季军",
      "职位描述": "董事、副总经理",
      "期初持股数": "0",
      "期末持股数": "0",
      "间接持股数": "",
      "从公司获得年度报酬总额": "1509600",
      "补贴津贴": "",
      "变动原因说明": "",
      "是否在股东或关联单位领取报酬津贴": "否",
      "在任与否": "是"
    },
    {
      "领导人姓名": "朱昱",
      "职位描述": "常务副总经理、董事",
      "期初持股数": "0",
      "期末持股数": "0",
      "间接持股数": "",
      "从公司获得年度报酬总额": "2084600",
      "补贴津贴": "",
      "变动原因说明": "",
      "是否在股东或关联单位领取报酬津贴": "否",
      "在任与否": "是"
    },
    {
      "领导人姓名": "南阳",
      "职位描述": "职工董事",
      "期初持股数": "0",
      "期末持股数": "0",
      "间接持股数": "",
      "从公司获得年度报酬总额": "",
      "补贴津贴": "",
      "变动原因说明": "",
      "是否在股东或关联单位领取报酬津贴": "否",
      "在任与否": "是"
    },
    {
      "领导人姓名": "范小华",
      "职位描述": "独立董事",
      "期初持股数": "0",
      "期末持股数": "0",
      "间接持股数": "",
      "从公司获得年度报酬总额": "100000",
      "补贴津贴": "100000",
      "变动原因说明": "",
      "是否在股东或关联单位领取报酬津贴": "否",
      "在任与否": "是"
    },
    {
      "领导人姓名": "熊守美",
      "职位描述": "独立董事",
      "期初持股数": "0",
      "期末持股数": "0",
      "间接持股数": "",
      "从公司获得年度报酬总额": "100000",
      "补贴津贴": "100000",
      "变动原因说明": "",
      "是否在股东或关联单位领取报酬津贴": "否",
      "在任与否": "是"
    },
    {
      "领导人姓名": "韩慧博",
      "职位描述": "独立董事",
      "期初持股数": "0",
      "期末持股数": "0",
      "间接持股数": "",
      "从公司获得年度报酬总额": "100000",
      "补贴津贴": "100000",
      "变动原因说明": "",
      "是否在股东或关联单位领取报酬津贴": "否",
      "在任与否": "是"
    },
    {
      "领导人姓名": "佘长城",
      "职位描述": "副总经理、财务总监",
      "期初持股数": "0",
      "期末持股数": "0",
      "间接持股数": "",
      "从公司获得年度报酬总额": "1179000",
      "补贴津贴": "",
      "变动原因说明": "",
      "是否在股东或关联单位领取报酬津贴": "否",
      "在任与否": "是"
    },
    {
      "领导人姓名": "袁春晖",
      "职位描述": "董事会秘书",
      "期初持股数": "0",
      "期末持股数": "0",
      "间接持股数": "",
      "从公司获得年度报酬总额": "1081300",
      "补贴津贴": "",
      "变动原因说明": "",
      "是否在股东或关联单位领取报酬津贴": "否",
      "在任与否": "是"
    },
    {
      "领导人姓名": "陈更",
      "职位描述": "董事、董事长",
      "期初持股数": "0",
      "期末持股数": "0",
      "间接持股数": "",
      "从公司获得年度报酬总额": "0",
      "补贴津贴": "",
      "变动原因说明": "",
      "是否在股东或关联单位领取报酬津贴": "是",
      "在任与否": "否"
    },
    {
      "领导人姓名": "陈宏良",
      "职位描述": "董事",
      "期初持股数": "0",
      "期末持股数": "0",
      "间接持股数": "",
      "从公司获得年度报酬总额": "0",
      "补贴津贴": "",
      "变动原因说明": "",
      "是否在股东或关联单位领取报酬津贴": "是",
      "在任与否": "否"
    },
    {
      "领导人姓名": "顾鑫",
      "职位描述": "董事",
      "期初持股数": "0",
      "期末持股数": "0",
      "间接持股数": "",
      "从公司获得年度报酬总额": "0",
      "补贴津贴": "",
      "变动原因说明": "",
      "是否在股东或关联单位领取报酬津贴": "是",
      "在任与否": "否"
    },
    {
      "领导人姓名": "彭进",
      "职位描述": "董事",
      "期初持股数": "0",
      "期末持股数": "0",
      "间接持股数": "",
      "从公司获得年度报酬总额": "0",
      "补贴津贴": "",
      "变动原因说明": "",
      "是否在股东或关联单位领取报酬津贴": "是",
      "在任与否": "否"
    },
    {
      "领导人姓名": "王仁贞",
      "职位描述": "常务副总经理",
      "期初持股数": "0",
      "期末持股数": "0",
      "间接持股数": "",
      "从公司获得年度报酬总额": "475000",
      "补贴津贴": "",
      "变动原因说明": "",
      "是否在股东或关联单位领取报酬津贴": "否",
      "在任与否": "否"
    },
    {
      "领导人姓名": "张华",
      "职位描述": "副总经理",
      "期初持股数": "0",
      "期末持股数": "0",
      "间接持股数": "",
      "从公司获得年度报酬总额": "535000",
      "补贴津贴": "",
      "变动原因说明": "",
      "是否在股东或关联单位领取报酬津贴": "否",
      "在任与否": "否"
    }
  ]
}

=== 600930-2026-04-21-华电新能-华电新能源集团股份有限公司2025年年度报告.pdf ===
{
  "Leader_Salary_data": {
    "实际所得报酬总额起始": "6003300",
    "实际所得报酬总额截止": "6003300",
    "实际所得报酬总额涉及人数": ""
  },
  "Leader_Hold_data": [
    {
      "领导人姓名": "侯军虎",
      "职位描述": "党委书记、董事长、原总经理",
      "期初持股数": "",
      "期末持股数": "",
      "间接持股数": "",
      "从公司获得年度报酬总额": "947600",
      "补贴津贴": "",
      "变动原因说明": "",
      "是否在股东或关联单位领取报酬津贴": "否",
      "在任与否": "是"
    },
    {
      "领导人姓名": "舒福平",
      "职位描述": "原董事",
      "期初持股数": "",
      "期末持股数": "",
      "间接持股数": "",
      "从公司获得年度报酬总额": "",
      "补贴津贴": "",
      "变动原因说明": "",
      "是否在股东或关联单位领取报酬津贴": "是",
      "在任与否": "否"
    },
    {
      "领导人姓名": "吴韶华",
      "职位描述": "原董事",
      "期初持股数": "",
      "期末持股数": "",
      "间接持股数": "",
      "从公司获得年度报酬总额": "",
      "补贴津贴": "",
      "变动原因说明": "",
      "是否在股东或关联单位领取报酬津贴": "是",
      "在任与否": "否"
    },
    {
      "领导人姓名": "陈朝辉",
      "职位描述": "原董事",
      "期初持股数": "",
      "期末持股数": "",
      "间接持股数": "",
      "从公司获得年度报酬总额": "",
      "补贴津贴": "",
      "变动原因说明": "",
      "是否在股东或关联单位领取报酬津贴": "是",
      "在任与否": "否"
    },
    {
      "领导人姓名": "陈德贵",
      "职位描述": "董事",
      "期初持股数": "",
      "期末持股数": "",
      "间接持股数": "",
      "从公司获得年度报酬总额": "",
      "补贴津贴": "",
      "变动原因说明": "",
      "是否在股东或关联单位领取报酬津贴": "是",
      "在任与否": "是"
    },
    {
      "领导人姓名": "秦介海",
      "职位描述": "董事",
      "期初持股数": "",
      "期末持股数": "",
      "间接持股数": "",
      "从公司获得年度报酬总额": "",
      "补贴津贴": "",
      "变动原因说明": "",
      "是否在股东或关联单位领取报酬津贴": "是",
      "在任与否": "是"
    },
    {
      "领导人姓名": "林明双",
      "职位描述": "职工董事、工会主席",
      "期初持股数": "",
      "期末持股数": "",
      "间接持股数": "",
      "从公司获得年度报酬总额": "837200",
      "补贴津贴": "",
      "变动原因说明": "",
      "是否在股东或关联单位领取报酬津贴": "否",
      "在任与否": "是"
    },
    {
      "领导人姓名": "杨金观",
      "职位描述": "独立董事",
      "期初持股数": "",
      "期末持股数": "",
      "间接持股数": "",
      "从公司获得年度报酬总额": "165000",
      "补贴津贴": "",
      "变动原因说明": "",
      "是否在股东或关联单位领取报酬津贴": "否",
      "在任与否": "是"
    },
    {
      "领导人姓名": "高旭东",
      "职位描述": "独立董事",
      "期初持股数": "",
      "期末持股数": "",
      "间接持股数": "",
      "从公司获得年度报酬总额": "165000",
      "补贴津贴": "",
      "变动原因说明": "",
      "是否在股东或关联单位领取报酬津贴": "否",
      "在任与否": "是"
    },
    {
      "领导人姓名": "刘永前",
      "职位描述": "独立董事",
      "期初持股数": "",
      "期末持股数": "",
      "间接持股数": "",
      "从公司获得年度报酬总额": "165000",
      "补贴津贴": "",
      "变动原因说明": "",
      "是否在股东或关联单位领取报酬津贴": "否",
      "在任与否": "是"
    },
    {
      "领导人姓名": "吴豪",
      "职位描述": "总经理、原财务负责人",
      "期初持股数": "",
      "期末持股数": "",
      "间接持股数": "",
      "从公司获得年度报酬总额": "852300",
      "补贴津贴": "",
      "变动原因说明": "",
      "是否在股东或关联单位领取报酬津贴": "否",
      "在任与否": "是"
    },
    {
      "领导人姓名": "张戈临",
      "职位描述": "总监、原副总经理、原总法律顾问、原首席合规官",
      "期初持股数": "",
      "期末持股数": "",
      "间接持股数": "",
      "从公司获得年度报酬总额": "823100",
      "补贴津贴": "",
      "变动原因说明": "",
      "是否在股东或关联单位领取报酬津贴": "否",
      "在任与否": "是"
    },
    {
      "领导人姓名": "王峰",
      "职位描述": "副总经理",
      "期初持股数": "",
      "期末持股数": "",
      "间接持股数": "",
      "从公司获得年度报酬总额": "832400",
      "补贴津贴": "",
      "变动原因说明": "",
      "是否在股东或关联单位领取报酬津贴": "否",
      "在任与否": "是"
    },
    {
      "领导人姓名": "杨帅",
      "职位描述": "财务负责人、董事会秘书",
      "期初持股数": "",
      "期末持股数": "",
      "间接持股数": "",
      "从公司获得年度报酬总额": "70000",
      "补贴津贴": "",
      "变动原因说明": "",
      "是否在股东或关联单位领取报酬津贴": "否",
      "在任与否": "是"
    },
    {
      "领导人姓名": "黄永坚",
      "职位描述": "原董事会秘书",
      "期初持股数": "",
      "期末持股数": "",
      "间接持股数": "",
      "从公司获得年度报酬总额": "873900",
      "补贴津贴": "",
      "变动原因说明": "",
      "是否在股东或关联单位领取报酬津贴": "否",
      "在任与否": "否"
    },
    {
      "领导人姓名": "李福兵",
      "职位描述": "总法律顾问、首席合规官",
      "期初持股数": "",
      "期末持股数": "",
      "间接持股数": "",
      "从公司获得年度报酬总额": "271800",
      "补贴津贴": "",
      "变动原因说明": "",
      "是否在股东或关联单位领取报酬津贴": "否",
      "在任与否": "是"
    }
  ]
}

=== 600929-2026-04-21-雪天盐业-2025年年度报告.pdf ===
{
  "Leader_Salary_data": {
    "实际所得报酬总额起始": "",
    "实际所得报酬总额截止": "",
    "实际所得报酬总额涉及人数": ""
  },
  "Leader_Hold_data": [
    {
      "领导人姓名": "马天毅",
      "职位描述": "董事、董事长",
      "期初持股数": "0",
      "期末持股数": "0",
      "间接持股数": "",
      "从公司获得年度报酬总额": "0",
      "补贴津贴": "",
      "变动原因说明": "",
      "是否在股东或关联单位领取报酬津贴": "是",
      "在任与否": "是"
    },
    {
      "领导人姓名": "李志勇",
      "职位描述": "董事、副董事长",
      "期初持股数": "0",
      "期末持股数": "0",
      "间接持股数": "",
      "从公司获得年度报酬总额": "0",
      "补贴津贴": "",
      "变动原因说明": "",
      "是否在股东或关联单位领取报酬津贴": "是",
      "在任与否": "否"
    },
    {
      "领导人姓名": "陈伟",
      "职位描述": "董事、副董事长",
      "期初持股数": "0",
      "期末持股数": "0",
      "间接持股数": "",
      "从公司获得年度报酬总额": "0",
      "补贴津贴": "",
      "变动原因说明": "",
      "是否在股东或关联单位领取报酬津贴": "是",
      "在任与否": "是"
    },
    {
      "领导人姓名": "徐宗云",
      "职位描述": "董事",
      "期初持股数": "0",
      "期末持股数": "0",
      "间接持股数": "",
      "从公司获得年度报酬总额": "0",
      "补贴津贴": "",
      "变动原因说明": "",
      "是否在股东或关联单位领取报酬津贴": "是",
      "在任与否": "是"
    },
    {
      "领导人姓名": "刘少华",
      "职位描述": "董事、总经理",
      "期初持股数": "400000",
      "期末持股数": "300000",
      "间接持股数": "",
      "从公司获得年度报酬总额": "278300",
      "补贴津贴": "",
      "变动原因说明": "股权激励回购注销",
      "是否在股东或关联单位领取报酬津贴": "否",
      "在任与否": "是"
    },
    {
      "领导人姓名": "王哈滨",
      "职位描述": "董事",
      "期初持股数": "440000",
      "期末持股数": "340000",
      "间接持股数": "",
      "从公司获得年度报酬总额": "286800",
      "补贴津贴": "",
      "变动原因说明": "股权激励回购注销",
      "是否在股东或关联单位领取报酬津贴": "否",
      "在任与否": "是"
    },
    {
      "领导人姓名": "徐青",
      "职位描述": "董事、副总经理",
      "期初持股数": "0",
      "期末持股数": "0",
      "间接持股数": "",
      "从公司获得年度报酬总额": "285600",
      "补贴津贴": "",
      "变动原因说明": "",
      "是否在股东或关联单位领取报酬津贴": "否",
      "在任与否": "否"
    },
    {
      "领导人姓名": "李雪",
      "职位描述": "职工董事",
      "期初持股数": "70000",
      "期末持股数": "0",
      "间接持股数": "",
      "从公司获得年度报酬总额": "0",
      "补贴津贴": "",
      "变动原因说明": "股权激励回购注销",
      "是否在股东或关联单位领取报酬津贴": "否",
      "在任与否": "是"
    },
    {
      "领导人姓名": "陈敏",
      "职位描述": "独立董事",
      "期初持股数": "0",
      "期末持股数": "0",
      "间接持股数": "",
      "从公司获得年度报酬总额": "100000",
      "补贴津贴": "",
      "变动原因说明": "",
      "是否在股东或关联单位领取报酬津贴": "否",
      "在任与否": "是"
    },
    {
      "领导人姓名": "杨胜刚",
      "职位描述": "独立董事",
      "期初持股数": "0",
      "期末持股数": "0",
      "间接持股数": "",
      "从公司获得年度报酬总额": "100000",
      "补贴津贴": "",
      "变动原因说明": "",
      "是否在股东或关联单位领取报酬津贴": "否",
      "在任与否": "是"
    },
    {
      "领导人姓名": "陈诚",
      "职位描述": "独立董事",
      "期初持股数": "0",
      "期末持股数": "0",
      "间接持股数": "",
      "从公司获得年度报酬总额": "100000",
      "补贴津贴": "",
      "变动原因说明": "",
      "是否在股东或关联单位领取报酬津贴": "否",
      "在任与否": "是"
    },
    {
      "领导人姓名": "杨立树",
      "职位描述": "副总经理",
      "期初持股数": "250000",
      "期末持股数": "180000",
      "间接持股数": "",
      "从公司获得年度报酬总额": "261800",
      "补贴津贴": "",
      "变动原因说明": "股权激励回购注销",
      "是否在股东或关联单位领取报酬津贴": "否",
      "在任与否": "否"
    },
    {
      "领导人姓名": "陈蔚",
      "职位描述": "董事会秘书",
      "期初持股数": "90000",
      "期末持股数": "0",
      "间接持股数": "",
      "从公司获得年度报酬总额": "285600",
      "补贴津贴": "",
      "变动原因说明": "股权激励回购注销",
      "是否在股东或关联单位领取报酬津贴": "否",
      "在任与否": "是"
    },
    {
      "领导人姓名": "姜友军",
      "职位描述": "副总经理",
      "期初持股数": "100000",
      "期末持股数": "0",
      "间接持股数": "",
      "从公司获得年度报酬总额": "285600",
      "补贴津贴": "",
      "变动原因说明": "股权激励回购注销",
      "是否在股东或关联单位领取报酬津贴": "否",
      "在任与否": "是"
    },
    {
      "领导人姓名": "刘小伟",
      "职位描述": "副总经理",
      "期初持股数": "222100",
      "期末持股数": "152100",
      "间接持股数": "",
      "从公司获得年度报酬总额": "285600",
      "补贴津贴": "",
      "变动原因说明": "股权激励回购注销",
      "是否在股东或关联单位领取报酬津贴": "否",
      "在任与否": "是"
    },
    {
      "领导人姓名": "周群辉",
      "职位描述": "财务总监",
      "期初持股数": "100000",
      "期末持股数": "0",
      "间接持股数": "",
      "从公司获得年度报酬总额": "285600",
      "补贴津贴": "",
      "变动原因说明": "股权激励回购注销",
      "是否在股东或关联单位领取报酬津贴": "否",
      "在任与否": "是"
    }
  ]
}

=== 601512-2026-04-21-中新集团-中新集团2025年年度报告.pdf ===
{
  "Leader_Salary_data": {
    "实际所得报酬总额起始": "",
    "实际所得报酬总额截止": "",
    "实际所得报酬总额涉及人数": ""
  },
  "Leader_Hold_data": [
    {
      "领导人姓名": "傅美晶",
      "职位描述": "副董事长",
      "期初持股数": "",
      "期末持股数": "",
      "间接持股数": "",
      "从公司获得年度报酬总额": 25300,
      "补贴津贴": "",
      "变动原因说明": "",
      "是否在股东或关联单位领取报酬津贴": "是",
      "在任与否": "是"
    },
    {
      "领导人姓名": "李绍强",
      "职位描述": "董事",
      "期初持股数": "",
      "期末持股数": "",
      "间接持股数": "",
      "从公司获得年度报酬总额": "",
      "补贴津贴": "",
      "变动原因说明": "",
      "是否在股东或关联单位领取报酬津贴": "是",
      "在任与否": "是"
    },
    {
      "领导人姓名": "尹健",
      "职位描述": "董事、副总裁",
      "期初持股数": "",
      "期末持股数": "",
      "间接持股数": "",
      "从公司获得年度报酬总额": 3010000,
      "补贴津贴": "",
      "变动原因说明": "",
      "是否在股东或关联单位领取报酬津贴": "否",
      "在任与否": "是"
    },
    {
      "领导人姓名": "陆海粟",
      "职位描述": "董事、董事会秘书、财务总监",
      "期初持股数": "",
      "期末持股数": "",
      "间接持股数": "",
      "从公司获得年度报酬总额": 3010000,
      "补贴津贴": "",
      "变动原因说明": "",
      "是否在股东或关联单位领取报酬津贴": "否",
      "在任与否": "是"
    },
    {
      "领导人姓名": "周衡翔",
      "职位描述": "董事",
      "期初持股数": "",
      "期末持股数": "",
      "间接持股数": "",
      "从公司获得年度报酬总额": 50000,
      "补贴津贴": "",
      "变动原因说明": "",
      "是否在股东或关联单位领取报酬津贴": "是",
      "在任与否": "是"
    },
    {
      "领导人姓名": "杨衍超",
      "职位描述": "独立董事",
      "期初持股数": "",
      "期末持股数": "",
      "间接持股数": "",
      "从公司获得年度报酬总额": 200000,
      "补贴津贴": "",
      "变动原因说明": "",
      "是否在股东或关联单位领取报酬津贴": "否",
      "在任与否": "是"
    },
    {
      "领导人姓名": "贝政新",
      "职位描述": "独立董事",
      "期初持股数": "",
      "期末持股数": "",
      "间接持股数": "",
      "从公司获得年度报酬总额": 200000,
      "补贴津贴": "",
      "变动原因说明": "",
      "是否在股东或关联单位领取报酬津贴": "否",
      "在任与否": "是"
    },
    {
      "领导人姓名": "沈坤荣",
      "职位描述": "独立董事",
      "期初持股数": "",
      "期末持股数": "",
      "间接持股数": "",
      "从公司获得年度报酬总额": "",
      "补贴津贴": "",
      "变动原因说明": "",
      "是否在股东或关联单位领取报酬津贴": "否",
      "在任与否": "是"
    },
    {
      "领导人姓名": "詹宇",
      "职位描述": "副总裁",
      "期初持股数": "",
      "期末持股数": "",
      "间接持股数": "",
      "从公司获得年度报酬总额": 3010000,
      "补贴津贴": "",
      "变动原因说明": "",
      "是否在股东或关联单位领取报酬津贴": "否",
      "在任与否": "是"
    },
    {
      "领导人姓名": "洪健德",
      "职位描述": "副总裁",
      "期初持股数": "",
      "期末持股数": "",
      "间接持股数": "",
      "从公司获得年度报酬总额": 2920500,
      "补贴津贴": "",
      "变动原因说明": "",
      "是否在股东或关联单位领取报酬津贴": "否",
      "在任与否": "是"
    },
    {
      "领导人姓名": "田雪鸰",
      "职位描述": "副总裁",
      "期初持股数": "",
      "期末持股数": "",
      "间接持股数": "",
      "从公司获得年度报酬总额": 3010000,
      "补贴津贴": "",
      "变动原因说明": "",
      "是否在股东或关联单位领取报酬津贴": "否",
      "在任与否": "是"
    },
    {
      "领导人姓名": "米龙峰",
      "职位描述": "副总裁",
      "期初持股数": "",
      "期末持股数": "",
      "间接持股数": "",
      "从公司获得年度报酬总额": 3010000,
      "补贴津贴": "",
      "变动原因说明": "",
      "是否在股东或关联单位领取报酬津贴": "否",
      "在任与否": "是"
    },
    {
      "领导人姓名": "肖建忠",
      "职位描述": "副总裁",
      "期初持股数": "",
      "期末持股数": "",
      "间接持股数": "",
      "从公司获得年度报酬总额": 3010000,
      "补贴津贴": "",
      "变动原因说明": "",
      "是否在股东或关联单位领取报酬津贴": "否",
      "在任与否": "是"
    },
    {
      "领导人姓名": "陈文凯",
      "职位描述": "副董事长",
      "期初持股数": "",
      "期末持股数": "",
      "间接持股数": "",
      "从公司获得年度报酬总额": 13800,
      "补贴津贴": "",
      "变动原因说明": "",
      "是否在股东或关联单位领取报酬津贴": "是",
      "在任与否": "否"
    },
    {
      "领导人姓名": "刘勇",
      "职位描述": "独立董事",
      "期初持股数": "",
      "期末持股数": "",
      "间接持股数": "",
      "从公司获得年度报酬总额": 200000,
      "补贴津贴": "",
      "变动原因说明": "",
      "是否在股东或关联单位领取报酬津贴": "否",
      "在任与否": "否"
    },
    {
      "领导人姓名": "赵志松",
      "职位描述": "董事长、总裁",
      "期初持股数": "",
      "期末持股数": "",
      "间接持股数": "",
      "从公司获得年度报酬总额": 4300000,
      "补贴津贴": "",
      "变动原因说明": "",
      "是否在股东或关联单位领取报酬津贴": "否",
      "在任与否": "否"
    }
  ]
}

=== 600982-2026-04-21-宁波能源-宁波能源2025年年度报告.pdf ===
{
  "Leader_Salary_data": {
    "实际所得报酬总额起始": "",
    "实际所得报酬总额截止": "",
    "实际所得报酬总额涉及人数": ""
  },
  "Leader_Hold_data": [
    {
      "领导人姓名": "马奕飞",
      "职位描述": "董事、董事长",
      "期初持股数": "670900",
      "期末持股数": "670900",
      "间接持股数": "",
      "从公司获得年度报酬总额": "777900",
      "补贴津贴": "",
      "变动原因说明": "",
      "是否在股东或关联单位领取报酬津贴": "否",
      "在任与否": "是"
    },
    {
      "领导人姓名": "诸南虎",
      "职位描述": "董事、副董事长、总经理",
      "期初持股数": "533400",
      "期末持股数": "533400",
      "间接持股数": "",
      "从公司获得年度报酬总额": "767600",
      "补贴津贴": "",
      "变动原因说明": "",
      "是否在股东或关联单位领取报酬津贴": "否",
      "在任与否": "是"
    },
    {
      "领导人姓名": "楼松松",
      "职位描述": "董事",
      "期初持股数": "0",
      "期末持股数": "0",
      "间接持股数": "",
      "从公司获得年度报酬总额": "0",
      "补贴津贴": "",
      "变动原因说明": "",
      "是否在股东或关联单位领取报酬津贴": "是",
      "在任与否": "是"
    },
    {
      "领导人姓名": "汪沁",
      "职位描述": "董事",
      "期初持股数": "0",
      "期末持股数": "0",
      "间接持股数": "",
      "从公司获得年度报酬总额": "0",
      "补贴津贴": "",
      "变动原因说明": "",
      "是否在股东或关联单位领取报酬津贴": "是",
      "在任与否": "是"
    },
    {
      "领导人姓名": "胡韶琦",
      "职位描述": "董事",
      "期初持股数": "0",
      "期末持股数": "0",
      "间接持股数": "",
      "从公司获得年度报酬总额": "0",
      "补贴津贴": "",
      "变动原因说明": "",
      "是否在股东或关联单位领取报酬津贴": "是",
      "在任与否": "是"
    },
    {
      "领导人姓名": "张光明",
      "职位描述": "职工董事、一级经理",
      "期初持股数": "536878",
      "期末持股数": "536878",
      "间接持股数": "",
      "从公司获得年度报酬总额": "669100",
      "补贴津贴": "",
      "变动原因说明": "",
      "是否在股东或关联单位领取报酬津贴": "否",
      "在任与否": "是"
    },
    {
      "领导人姓名": "高垚",
      "职位描述": "独立董事",
      "期初持股数": "0",
      "期末持股数": "0",
      "间接持股数": "",
      "从公司获得年度报酬总额": "80000",
      "补贴津贴": "",
      "变动原因说明": "",
      "是否在股东或关联单位领取报酬津贴": "否",
      "在任与否": "是"
    },
    {
      "领导人姓名": "张志旺",
      "职位描述": "独立董事",
      "期初持股数": "0",
      "期末持股数": "0",
      "间接持股数": "",
      "从公司获得年度报酬总额": "80000",
      "补贴津贴": "",
      "变动原因说明": "",
      "是否在股东或关联单位领取报酬津贴": "否",
      "在任与否": "是"
    },
    {
      "领导人姓名": "徐彦迪",
      "职位描述": "独立董事",
      "期初持股数": "0",
      "期末持股数": "0",
      "间接持股数": "",
      "从公司获得年度报酬总额": "80000",
      "补贴津贴": "",
      "变动原因说明": "",
      "是否在股东或关联单位领取报酬津贴": "否",
      "在任与否": "是"
    },
    {
      "领导人姓名": "夏雪玲",
      "职位描述": "财务负责人、副总经理",
      "期初持股数": "533400",
      "期末持股数": "533400",
      "间接持股数": "",
      "从公司获得年度报酬总额": "661000",
      "补贴津贴": "",
      "变动原因说明": "",
      "是否在股东或关联单位领取报酬津贴": "否",
      "在任与否": "是"
    },
    {
      "领导人姓名": "沈琦",
      "职位描述": "董事会秘书、副总经理",
      "期初持股数": "522500",
      "期末持股数": "522500",
      "间接持股数": "",
      "从公司获得年度报酬总额": "610600",
      "补贴津贴": "",
      "变动原因说明": "",
      "是否在股东或关联单位领取报酬津贴": "否",
      "在任与否": "是"
    },
    {
      "领导人姓名": "袁世震",
      "职位描述": "副总经理",
      "期初持股数": "500000",
      "期末持股数": "500000",
      "间接持股数": "",
      "从公司获得年度报酬总额": "560300",
      "补贴津贴": "",
      "变动原因说明": "",
      "是否在股东或关联单位领取报酬津贴": "否",
      "在任与否": "是"
    },
    {
      "领导人姓名": "洪瑜",
      "职位描述": "总工程师",
      "期初持股数": "0",
      "期末持股数": "",
      "间接持股数": "",
      "从公司获得年度报酬总额": "448700",
      "补贴津贴": "",
      "变动原因说明": "",
      "是否在股东或关联单位领取报酬津贴": "否",
      "在任与否": "是"
    },
    {
      "领导人姓名": "张俊俊",
      "职位描述": "副总经理",
      "期初持股数": "522500",
      "期末持股数": "522500",
      "间接持股数": "",
      "从公司获得年度报酬总额": "281000",
      "补贴津贴": "",
      "变动原因说明": "",
      "是否在股东或关联单位领取报酬津贴": "是",
      "在任与否": "否"
    },
    {
      "领导人姓名": "郑毅",
      "职位描述": "二级经理",
      "期初持股数": "522500",
      "期末持股数": "392500",
      "间接持股数": "",
      "从公司获得年度报酬总额": "201600",
      "补贴津贴": "",
      "变动原因说明": "离任后合规减持",
      "是否在股东或关联单位领取报酬津贴": "否",
      "在任与否": "否"
    }
  ]
}

=== 601137-2026-04-21-博威合金-博威合金2025年年度报告.pdf ===
{
  "Leader_Salary_data": {
    "实际所得报酬总额起始": "12126700",
    "实际所得报酬总额截止": "12126700",
    "实际所得报酬总额涉及人数": ""
  },
  "Leader_Hold_data": [
    {
      "领导人姓名": "谢识才",
      "职位描述": "董事长、总裁",
      "期初持股数": "0",
      "期末持股数": "0",
      "间接持股数": "",
      "从公司获得年度报酬总额": "1008600",
      "补贴津贴": "",
      "变动原因说明": "",
      "是否在股东或关联单位领取报酬津贴": "否",
      "在任与否": "是"
    },
    {
      "领导人姓名": "张明",
      "职位描述": "董事、副总裁",
      "期初持股数": "1389400",
      "期末持股数": "1389400",
      "间接持股数": "",
      "从公司获得年度报酬总额": "2779000",
      "补贴津贴": "",
      "变动原因说明": "",
      "是否在股东或关联单位领取报酬津贴": "否",
      "在任与否": "是"
    },
    {
      "领导人姓名": "谢朝春",
      "职位描述": "董事、副总裁",
      "期初持股数": "22047192",
      "期末持股数": "22047192",
      "间接持股数": "",
      "从公司获得年度报酬总额": "1641600",
      "补贴津贴": "",
      "变动原因说明": "",
      "是否在股东或关联单位领取报酬津贴": "否",
      "在任与否": "是"
    },
    {
      "领导人姓名": "李辉",
      "职位描述": "董事",
      "期初持股数": "0",
      "期末持股数": "0",
      "间接持股数": "",
      "从公司获得年度报酬总额": "911100",
      "补贴津贴": "",
      "变动原因说明": "",
      "是否在股东或关联单位领取报酬津贴": "否",
      "在任与否": "是"
    },
    {
      "领导人姓名": "孟祥鹏",
      "职位描述": "董事",
      "期初持股数": "0",
      "期末持股数": "0",
      "间接持股数": "",
      "从公司获得年度报酬总额": "1276600",
      "补贴津贴": "",
      "变动原因说明": "",
      "是否在股东或关联单位领取报酬津贴": "否",
      "在任与否": "是"
    },
    {
      "领导人姓名": "陈科磊",
      "职位描述": "董事",
      "期初持股数": "0",
      "期末持股数": "0",
      "间接持股数": "",
      "从公司获得年度报酬总额": "389700",
      "补贴津贴": "",
      "变动原因说明": "",
      "是否在股东或关联单位领取报酬津贴": "否",
      "在任与否": "是"
    },
    {
      "领导人姓名": "崔平",
      "职位描述": "独立董事",
      "期初持股数": "0",
      "期末持股数": "0",
      "间接持股数": "",
      "从公司获得年度报酬总额": "120000",
      "补贴津贴": "120000",
      "变动原因说明": "",
      "是否在股东或关联单位领取报酬津贴": "否",
      "在任与否": "是"
    },
    {
      "领导人姓名": "陈灵国",
      "职位描述": "独立董事",
      "期初持股数": "0",
      "期末持股数": "0",
      "间接持股数": "",
      "从公司获得年度报酬总额": "120000",
      "补贴津贴": "120000",
      "变动原因说明": "",
      "是否在股东或关联单位领取报酬津贴": "否",
      "在任与否": "是"
    },
    {
      "领导人姓名": "许如春",
      "职位描述": "独立董事",
      "期初持股数": "0",
      "期末持股数": "0",
      "间接持股数": "",
      "从公司获得年度报酬总额": "120000",
      "补贴津贴": "120000",
      "变动原因说明": "",
      "是否在股东或关联单位领取报酬津贴": "否",
      "在任与否": "是"
    },
    {
      "领导人姓名": "万林辉",
      "职位描述": "副总裁",
      "期初持股数": "0",
      "期末持股数": "0",
      "间接持股数": "",
      "从公司获得年度报酬总额": "1079800",
      "补贴津贴": "",
      "变动原因说明": "",
      "是否在股东或关联单位领取报酬津贴": "否",
      "在任与否": "是"
    },
    {
      "领导人姓名": "鲁朝辉",
      "职位描述": "财务总监",
      "期初持股数": "500000",
      "期末持股数": "500000",
      "间接持股数": "",
      "从公司获得年度报酬总额": "853800",
      "补贴津贴": "",
      "变动原因说明": "",
      "是否在股东或关联单位领取报酬津贴": "否",
      "在任与否": "是"
    },
    {
      "领导人姓名": "王永生",
      "职位描述": "董事会秘书",
      "期初持股数": "500000",
      "期末持股数": "500000",
      "间接持股数": "",
      "从公司获得年度报酬总额": "594600",
      "补贴津贴": "",
      "变动原因说明": "",
      "是否在股东或关联单位领取报酬津贴": "否",
      "在任与否": "是"
    },
    {
      "领导人姓名": "孙文声",
      "职位描述": "总工程师",
      "期初持股数": "0",
      "期末持股数": "0",
      "间接持股数": "",
      "从公司获得年度报酬总额": "499400",
      "补贴津贴": "",
      "变动原因说明": "",
      "是否在股东或关联单位领取报酬津贴": "否",
      "在任与否": "是"
    },
    {
      "领导人姓名": "郑小丰",
      "职位描述": "董事、副总裁",
      "期初持股数": "700000",
      "期末持股数": "420000",
      "间接持股数": "",
      "从公司获得年度报酬总额": "732500",
      "补贴津贴": "",
      "变动原因说明": "限制性股票注销",
      "是否在股东或关联单位领取报酬津贴": "否",
      "在任与否": "否"
    }
  ]
}

=== 601789-2026-04-21-宁波建工-宁波建工2025年年度报告.pdf ===
{
  "Leader_Salary_data": {
    "实际所得报酬总额起始": "",
    "实际所得报酬总额截止": "",
    "实际所得报酬总额涉及人数": ""
  },
  "Leader_Hold_data": [
    {
      "领导人姓名": "卢照辉",
      "职位描述": "董事长",
      "期初持股数": "",
      "期末持股数": "",
      "间接持股数": "",
      "从公司获得年度报酬总额": "",
      "补贴津贴": "",
      "变动原因说明": "",
      "是否在股东或关联单位领取报酬津贴": "是",
      "在任与否": "是"
    },
    {
      "领导人姓名": "张旭东",
      "职位描述": "副董事长、总经理",
      "期初持股数": "",
      "期末持股数": "",
      "间接持股数": "",
      "从公司获得年度报酬总额": "",
      "补贴津贴": "",
      "变动原因说明": "",
      "是否在股东或关联单位领取报酬津贴": "是",
      "在任与否": "是"
    },
    {
      "领导人姓名": "吴植勇",
      "职位描述": "董事、财务总监",
      "期初持股数": "",
      "期末持股数": "",
      "间接持股数": "",
      "从公司获得年度报酬总额": "746600",
      "补贴津贴": "",
      "变动原因说明": "",
      "是否在股东或关联单位领取报酬津贴": "否",
      "在任与否": "是"
    },
    {
      "领导人姓名": "陈静",
      "职位描述": "董事",
      "期初持股数": "",
      "期末持股数": "",
      "间接持股数": "",
      "从公司获得年度报酬总额": "1371700",
      "补贴津贴": "",
      "变动原因说明": "",
      "是否在股东或关联单位领取报酬津贴": "否",
      "在任与否": "是"
    },
    {
      "领导人姓名": "陈国斌",
      "职位描述": "董事",
      "期初持股数": "",
      "期末持股数": "",
      "间接持股数": "",
      "从公司获得年度报酬总额": "",
      "补贴津贴": "",
      "变动原因说明": "",
      "是否在股东或关联单位领取报酬津贴": "是",
      "在任与否": "是"
    },
    {
      "领导人姓名": "龚韬",
      "职位描述": "董事",
      "期初持股数": "",
      "期末持股数": "",
      "间接持股数": "",
      "从公司获得年度报酬总额": "1212000",
      "补贴津贴": "",
      "变动原因说明": "",
      "是否在股东或关联单位领取报酬津贴": "否",
      "在任与否": "是"
    },
    {
      "领导人姓名": "谢伟民",
      "职位描述": "独立董事",
      "期初持股数": "",
      "期末持股数": "",
      "间接持股数": "",
      "从公司获得年度报酬总额": "100000",
      "补贴津贴": "",
      "变动原因说明": "",
      "是否在股东或关联单位领取报酬津贴": "否",
      "在任与否": "是"
    },
    {
      "领导人姓名": "许如春",
      "职位描述": "独立董事",
      "期初持股数": "",
      "期末持股数": "",
      "间接持股数": "",
      "从公司获得年度报酬总额": "",
      "补贴津贴": "",
      "变动原因说明": "",
      "是否在股东或关联单位领取报酬津贴": "否",
      "在任与否": "是"
    },
    {
      "领导人姓名": "屠雯珺",
      "职位描述": "独立董事",
      "期初持股数": "",
      "期末持股数": "",
      "间接持股数": "",
      "从公司获得年度报酬总额": "",
      "补贴津贴": "",
      "变动原因说明": "",
      "是否在股东或关联单位领取报酬津贴": "否",
      "在任与否": "是"
    },
    {
      "领导人姓名": "李长春",
      "职位描述": "董事会秘书、副总经理",
      "期初持股数": "2310000",
      "期末持股数": "2310000",
      "间接持股数": "",
      "从公司获得年度报酬总额": "1132996",
      "补贴津贴": "",
      "变动原因说明": "",
      "是否在股东或关联单位领取报酬津贴": "否",
      "在任与否": "是"
    },
    {
      "领导人姓名": "周孝棠",
      "职位描述": "董事长",
      "期初持股数": "",
      "期末持股数": "",
      "间接持股数": "",
      "从公司获得年度报酬总额": "",
      "补贴津贴": "",
      "变动原因说明": "",
      "是否在股东或关联单位领取报酬津贴": "是",
      "在任与否": "否"
    },
    {
      "领导人姓名": "徐文卫",
      "职位描述": "副董事长、总经理",
      "期初持股数": "6000000",
      "期末持股数": "6000000",
      "间接持股数": "",
      "从公司获得年度报酬总额": "1416300",
      "补贴津贴": "",
      "变动原因说明": "",
      "是否在股东或关联单位领取报酬津贴": "否",
      "在任与否": "否"
    },
    {
      "领导人姓名": "蔡先凤",
      "职位描述": "独立董事",
      "期初持股数": "",
      "期末持股数": "",
      "间接持股数": "",
      "从公司获得年度报酬总额": "100000",
      "补贴津贴": "",
      "变动原因说明": "",
      "是否在股东或关联单位领取报酬津贴": "否",
      "在任与否": "否"
    },
    {
      "领导人姓名": "黄惠琴",
      "职位描述": "独立董事",
      "期初持股数": "",
      "期末持股数": "",
      "间接持股数": "",
      "从公司获得年度报酬总额": "100000",
      "补贴津贴": "",
      "变动原因说明": "",
      "是否在股东或关联单位领取报酬津贴": "否",
      "在任与否": "否"
    }
  ]
}

=== 603035-2026-04-21-常熟汽饰-江苏常熟汽饰集团股份有限公司2025年年度报告（全文）.pdf ===
{
  "Leader_Salary_data": {
    "实际所得报酬总额起始": "12158600",
    "实际所得报酬总额截止": "12158600",
    "实际所得报酬总额涉及人数": ""
  },
  "Leader_Hold_data": [
    {
      "领导人姓名": "罗小春",
      "职位描述": "董事长、总经理",
      "期初持股数": "108793719",
      "期末持股数": "108793719",
      "间接持股数": "",
      "从公司获得年度报酬总额": "790000",
      "补贴津贴": "",
      "变动原因说明": "",
      "是否在股东或关联单位领取报酬津贴": "是",
      "在任与否": "是"
    },
    {
      "领导人姓名": "朱霖",
      "职位描述": "董事",
      "期初持股数": "0",
      "期末持股数": "0",
      "间接持股数": "",
      "从公司获得年度报酬总额": "165000",
      "补贴津贴": "",
      "变动原因说明": "",
      "是否在股东或关联单位领取报酬津贴": "否",
      "在任与否": "是"
    },
    {
      "领导人姓名": "于翔",
      "职位描述": "独立董事",
      "期初持股数": "0",
      "期末持股数": "0",
      "间接持股数": "",
      "从公司获得年度报酬总额": "165000",
      "补贴津贴": "",
      "变动原因说明": "",
      "是否在股东或关联单位领取报酬津贴": "否",
      "在任与否": "是"
    },
    {
      "领导人姓名": "王晓芳",
      "职位描述": "独立董事",
      "期初持股数": "0",
      "期末持股数": "0",
      "间接持股数": "",
      "从公司获得年度报酬总额": "165000",
      "补贴津贴": "",
      "变动原因说明": "",
      "是否在股东或关联单位领取报酬津贴": "否",
      "在任与否": "是"
    },
    {
      "领导人姓名": "顾全根",
      "职位描述": "独立董事",
      "期初持股数": "0",
      "期末持股数": "0",
      "间接持股数": "",
      "从公司获得年度报酬总额": "165000",
      "补贴津贴": "",
      "变动原因说明": "",
      "是否在股东或关联单位领取报酬津贴": "否",
      "在任与否": "是"
    },
    {
      "领导人姓名": "孙峰",
      "职位描述": "董事、副总经理",
      "期初持股数": "93500",
      "期末持股数": "93500",
      "间接持股数": "",
      "从公司获得年度报酬总额": "1190000",
      "补贴津贴": "",
      "变动原因说明": "",
      "是否在股东或关联单位领取报酬津贴": "否",
      "在任与否": "是"
    },
    {
      "领导人姓名": "钱东平",
      "职位描述": "职工代表董事",
      "期初持股数": "0",
      "期末持股数": "0",
      "间接持股数": "",
      "从公司获得年度报酬总额": "0",
      "补贴津贴": "",
      "变动原因说明": "",
      "是否在股东或关联单位领取报酬津贴": "是",
      "在任与否": "是"
    },
    {
      "领导人姓名": "王卫清",
      "职位描述": "副总经理",
      "期初持股数": "3503163",
      "期末持股数": "3503163",
      "间接持股数": "",
      "从公司获得年度报酬总额": "1305500",
      "补贴津贴": "",
      "变动原因说明": "",
      "是否在股东或关联单位领取报酬津贴": "否",
      "在任与否": "是"
    },
    {
      "领导人姓名": "秦红卫",
      "职位描述": "副总经理",
      "期初持股数": "74000",
      "期末持股数": "74000",
      "间接持股数": "",
      "从公司获得年度报酬总额": "3485200",
      "补贴津贴": "",
      "变动原因说明": "",
      "是否在股东或关联单位领取报酬津贴": "否",
      "在任与否": "是"
    },
    {
      "领导人姓名": "罗喜芳",
      "职位描述": "常务副总经理、董事会秘书",
      "期初持股数": "73800",
      "期末持股数": "73800",
      "间接持股数": "",
      "从公司获得年度报酬总额": "3168200",
      "补贴津贴": "",
      "变动原因说明": "",
      "是否在股东或关联单位领取报酬津贴": "否",
      "在任与否": "是"
    },
    {
      "领导人姓名": "罗正芳",
      "职位描述": "财务总监",
      "期初持股数": "0",
      "期末持股数": "0",
      "间接持股数": "",
      "从公司获得年度报酬总额": "1559700",
      "补贴津贴": "",
      "变动原因说明": "",
      "是否在股东或关联单位领取报酬津贴": "否",
      "在任与否": "是"
    }
  ]
}

=== 601677-2026-04-21-明泰铝业-明泰铝业2025年度报告.pdf ===
{
  "Leader_Salary_data": {
    "实际所得报酬总额起始": "5396200",
    "实际所得报酬总额截止": "5396200",
    "实际所得报酬总额涉及人数": ""
  },
  "Leader_Hold_data": [
    {
      "领导人姓名": "马廷义",
      "职位描述": "董事长",
      "期初持股数": "148283520",
      "期末持股数": "148283520",
      "间接持股数": "",
      "从公司获得年度报酬总额": "840000",
      "补贴津贴": "",
      "变动原因说明": "",
      "是否在股东或关联单位领取报酬津贴": "否",
      "在任与否": "否"
    },
    {
      "领导人姓名": "刘杰",
      "职位描述": "董事长",
      "期初持股数": "1109661",
      "期末持股数": "1109661",
      "间接持股数": "",
      "从公司获得年度报酬总额": "462800",
      "补贴津贴": "",
      "变动原因说明": "",
      "是否在股东或关联单位领取报酬津贴": "否",
      "在任与否": "是"
    },
    {
      "领导人姓名": "马星星",
      "职位描述": "副董事长",
      "期初持股数": "0",
      "期末持股数": "0",
      "间接持股数": "",
      "从公司获得年度报酬总额": "863600",
      "补贴津贴": "",
      "变动原因说明": "",
      "是否在股东或关联单位领取报酬津贴": "否",
      "在任与否": "是"
    },
    {
      "领导人姓名": "化新民",
      "职位描述": "董事",
      "期初持股数": "18138400",
      "期末持股数": "18138400",
      "间接持股数": "",
      "从公司获得年度报酬总额": "462800",
      "补贴津贴": "",
      "变动原因说明": "",
      "是否在股东或关联单位领取报酬津贴": "否",
      "在任与否": "是"
    },
    {
      "领导人姓名": "柴明科",
      "职位描述": "董事、总经理",
      "期初持股数": "390000",
      "期末持股数": "195000",
      "间接持股数": "",
      "从公司获得年度报酬总额": "465200",
      "补贴津贴": "",
      "变动原因说明": "任职前变动",
      "是否在股东或关联单位领取报酬津贴": "否",
      "在任与否": "是"
    },
    {
      "领导人姓名": "邵三勇",
      "职位描述": "董事、副总经理",
      "期初持股数": "390000",
      "期末持股数": "390000",
      "间接持股数": "",
      "从公司获得年度报酬总额": "369400",
      "补贴津贴": "",
      "变动原因说明": "",
      "是否在股东或关联单位领取报酬津贴": "否",
      "在任与否": "是"
    },
    {
      "领导人姓名": "李会晓",
      "职位描述": "职工代表董事",
      "期初持股数": "0",
      "期末持股数": "0",
      "间接持股数": "",
      "从公司获得年度报酬总额": "147800",
      "补贴津贴": "",
      "变动原因说明": "",
      "是否在股东或关联单位领取报酬津贴": "否",
      "在任与否": "是"
    },
    {
      "领导人姓名": "赵引贵",
      "职位描述": "独立董事",
      "期初持股数": "0",
      "期末持股数": "0",
      "间接持股数": "",
      "从公司获得年度报酬总额": "50000",
      "补贴津贴": "",
      "变动原因说明": "",
      "是否在股东或关联单位领取报酬津贴": "否",
      "在任与否": "是"
    },
    {
      "领导人姓名": "周晓东",
      "职位描述": "独立董事",
      "期初持股数": "0",
      "期末持股数": "0",
      "间接持股数": "",
      "从公司获得年度报酬总额": "50000",
      "补贴津贴": "",
      "变动原因说明": "",
      "是否在股东或关联单位领取报酬津贴": "否",
      "在任与否": "是"
    },
    {
      "领导人姓名": "黄建中",
      "职位描述": "独立董事",
      "期初持股数": "0",
      "期末持股数": "0",
      "间接持股数": "",
      "从公司获得年度报酬总额": "29200",
      "补贴津贴": "",
      "变动原因说明": "",
      "是否在股东或关联单位领取报酬津贴": "否",
      "在任与否": "是"
    },
    {
      "领导人姓名": "李曙衢",
      "职位描述": "独立董事",
      "期初持股数": "0",
      "期末持股数": "0",
      "间接持股数": "",
      "从公司获得年度报酬总额": "25000",
      "补贴津贴": "",
      "变动原因说明": "",
      "是否在股东或关联单位领取报酬津贴": "否",
      "在任与否": "否"
    },
    {
      "领导人姓名": "孙军训",
      "职位描述": "副总经理、财务总监",
      "期初持股数": "1073200",
      "期末持股数": "1073200",
      "间接持股数": "",
      "从公司获得年度报酬总额": "367900",
      "补贴津贴": "",
      "变动原因说明": "",
      "是否在股东或关联单位领取报酬津贴": "否",
      "在任与否": "是"
    },
    {
      "领导人姓名": "雷鹏",
      "职位描述": "副总经理、董事会秘书",
      "期初持股数": "1324500",
      "期末持股数": "1324500",
      "间接持股数": "",
      "从公司获得年度报酬总额": "369100",
      "补贴津贴": "",
      "变动原因说明": "",
      "是否在股东或关联单位领取报酬津贴": "否",
      "在任与否": "是"
    },
    {
      "领导人姓名": "王利姣",
      "职位描述": "副总经理",
      "期初持股数": "1114780",
      "期末持股数": "1114780",
      "间接持股数": "",
      "从公司获得年度报酬总额": "366200",
      "补贴津贴": "",
      "变动原因说明": "",
      "是否在股东或关联单位领取报酬津贴": "否",
      "在任与否": "是"
    },
    {
      "领导人姓名": "贺志刚",
      "职位描述": "副总经理",
      "期初持股数": "1123820",
      "期末持股数": "1123820",
      "间接持股数": "",
      "从公司获得年度报酬总额": "527200",
      "补贴津贴": "",
      "变动原因说明": "",
      "是否在股东或关联单位领取报酬津贴": "否",
      "在任与否": "是"
    }
  ]
}

=== 603042-2026-04-21-华脉科技-2025年年度报告.pdf ===
{
  "Leader_Salary_data": {
    "实际所得报酬总额起始": "3450400",
    "实际所得报酬总额截止": "3450400",
    "实际所得报酬总额涉及人数": ""
  },
  "Leader_Hold_data": [
    {
      "领导人姓名": "胥爱民",
      "职位描述": "董事长",
      "期初持股数": "36905021",
      "期末持股数": "36905021",
      "间接持股数": "",
      "从公司获得年度报酬总额": "531200",
      "补贴津贴": "",
      "变动原因说明": "",
      "是否在股东或关联单位领取报酬津贴": "否",
      "在任与否": "是"
    },
    {
      "领导人姓名": "杨勇",
      "职位描述": "董事、执行总经理",
      "期初持股数": "0",
      "期末持股数": "0",
      "间接持股数": "",
      "从公司获得年度报酬总额": "606400",
      "补贴津贴": "",
      "变动原因说明": "",
      "是否在股东或关联单位领取报酬津贴": "否",
      "在任与否": "是"
    },
    {
      "领导人姓名": "陆玉敏",
      "职位描述": "董事、财务总监",
      "期初持股数": "400",
      "期末持股数": "400",
      "间接持股数": "",
      "从公司获得年度报酬总额": "491300",
      "补贴津贴": "",
      "变动原因说明": "",
      "是否在股东或关联单位领取报酬津贴": "否",
      "在任与否": "是"
    },
    {
      "领导人姓名": "陈玲宏",
      "职位描述": "董事、副总经理",
      "期初持股数": "8300",
      "期末持股数": "8300",
      "间接持股数": "",
      "从公司获得年度报酬总额": "600300",
      "补贴津贴": "",
      "变动原因说明": "",
      "是否在股东或关联单位领取报酬津贴": "否",
      "在任与否": "是"
    },
    {
      "领导人姓名": "陈益平",
      "职位描述": "独立董事",
      "期初持股数": "0",
      "期末持股数": "0",
      "间接持股数": "",
      "从公司获得年度报酬总额": "72000",
      "补贴津贴": "",
      "变动原因说明": "",
      "是否在股东或关联单位领取报酬津贴": "否",
      "在任与否": "是"
    },
    {
      "领导人姓名": "赵兴群",
      "职位描述": "独立董事",
      "期初持股数": "0",
      "期末持股数": "0",
      "间接持股数": "",
      "从公司获得年度报酬总额": "48000",
      "补贴津贴": "",
      "变动原因说明": "",
      "是否在股东或关联单位领取报酬津贴": "否",
      "在任与否": "否"
    },
    {
      "领导人姓名": "胡宜奎",
      "职位描述": "独立董事",
      "期初持股数": "0",
      "期末持股数": "0",
      "间接持股数": "",
      "从公司获得年度报酬总额": "72000",
      "补贴津贴": "",
      "变动原因说明": "",
      "是否在股东或关联单位领取报酬津贴": "否",
      "在任与否": "是"
    },
    {
      "领导人姓名": "孙小菡",
      "职位描述": "独立董事",
      "期初持股数": "0",
      "期末持股数": "0",
      "间接持股数": "",
      "从公司获得年度报酬总额": "24000",
      "补贴津贴": "",
      "变动原因说明": "",
      "是否在股东或关联单位领取报酬津贴": "否",
      "在任与否": "是"
    },
    {
      "领导人姓名": "陈革",
      "职位描述": "董事会秘书",
      "期初持股数": "0",
      "期末持股数": "0",
      "间接持股数": "",
      "从公司获得年度报酬总额": "469400",
      "补贴津贴": "",
      "变动原因说明": "",
      "是否在股东或关联单位领取报酬津贴": "否",
      "在任与否": "是"
    },
    {
      "领导人姓名": "黄明辉",
      "职位描述": "副总经理",
      "期初持股数": "1000",
      "期末持股数": "1000",
      "间接持股数": "",
      "从公司获得年度报酬总额": "445500",
      "补贴津贴": "",
      "变动原因说明": "",
      "是否在股东或关联单位领取报酬津贴": "否",
      "在任与否": "是"
    },
    {
      "领导人姓名": "胥璐璐",
      "职位描述": "副总经理",
      "期初持股数": "0",
      "期末持股数": "0",
      "间接持股数": "",
      "从公司获得年度报酬总额": "90300",
      "补贴津贴": "",
      "变动原因说明": "",
      "是否在股东或关联单位领取报酬津贴": "否",
      "在任与否": "是"
    }
  ]
}

=== 601700-2026-04-21-风范股份-常熟风范电力设备股份有限公司2025年年度报告.pdf ===
{
  "Leader_Salary_data": {
    "实际所得报酬总额起始": "6983000",
    "实际所得报酬总额截止": "6983000",
    "实际所得报酬总额涉及人数": ""
  },
  "Leader_Hold_data": [
    {
      "领导人姓名": "王建祥",
      "职位描述": "董事长",
      "期初持股数": "",
      "期末持股数": "",
      "间接持股数": "",
      "从公司获得年度报酬总额": "0",
      "补贴津贴": "",
      "变动原因说明": "",
      "是否在股东或关联单位领取报酬津贴": "是",
      "在任与否": "是"
    },
    {
      "领导人姓名": "范立义",
      "职位描述": "副董事长、总经理",
      "期初持股数": "180731250",
      "期末持股数": "180731250",
      "间接持股数": "",
      "从公司获得年度报酬总额": "1088000",
      "补贴津贴": "",
      "变动原因说明": "",
      "是否在股东或关联单位领取报酬津贴": "否",
      "在任与否": "是"
    },
    {
      "领导人姓名": "陆巍",
      "职位描述": "副董事长",
      "期初持股数": "",
      "期末持股数": "",
      "间接持股数": "",
      "从公司获得年度报酬总额": "0",
      "补贴津贴": "",
      "变动原因说明": "",
      "是否在股东或关联单位领取报酬津贴": "是",
      "在任与否": "是"
    },
    {
      "领导人姓名": "孔立军",
      "职位描述": "董事、常务副总经理、财务总监",
      "期初持股数": "",
      "期末持股数": "",
      "间接持股数": "",
      "从公司获得年度报酬总额": "675000",
      "补贴津贴": "",
      "变动原因说明": "",
      "是否在股东或关联单位领取报酬津贴": "否",
      "在任与否": "是"
    },
    {
      "领导人姓名": "梁雪平",
      "职位描述": "董事",
      "期初持股数": "",
      "期末持股数": "",
      "间接持股数": "",
      "从公司获得年度报酬总额": "0",
      "补贴津贴": "",
      "变动原因说明": "",
      "是否在股东或关联单位领取报酬津贴": "是",
      "在任与否": "是"
    },
    {
      "领导人姓名": "黄金强",
      "职位描述": "董事",
      "期初持股数": "",
      "期末持股数": "",
      "间接持股数": "",
      "从公司获得年度报酬总额": "873000",
      "补贴津贴": "",
      "变动原因说明": "",
      "是否在股东或关联单位领取报酬津贴": "否",
      "在任与否": "是"
    },
    {
      "领导人姓名": "徐鑫",
      "职位描述": "外部董事",
      "期初持股数": "",
      "期末持股数": "",
      "间接持股数": "",
      "从公司获得年度报酬总额": "100000",
      "补贴津贴": "",
      "变动原因说明": "",
      "是否在股东或关联单位领取报酬津贴": "否",
      "在任与否": "是"
    },
    {
      "领导人姓名": "倪静",
      "职位描述": "外部董事",
      "期初持股数": "",
      "期末持股数": "",
      "间接持股数": "",
      "从公司获得年度报酬总额": "100000",
      "补贴津贴": "",
      "变动原因说明": "",
      "是否在股东或关联单位领取报酬津贴": "否",
      "在任与否": "是"
    },
    {
      "领导人姓名": "杨家茂",
      "职位描述": "独立董事",
      "期初持股数": "",
      "期末持股数": "",
      "间接持股数": "",
      "从公司获得年度报酬总额": "100000",
      "补贴津贴": "100000",
      "变动原因说明": "",
      "是否在股东或关联单位领取报酬津贴": "否",
      "在任与否": "是"
    },
    {
      "领导人姓名": "黄雄",
      "职位描述": "独立董事",
      "期初持股数": "50000",
      "期末持股数": "50000",
      "间接持股数": "",
      "从公司获得年度报酬总额": "100000",
      "补贴津贴": "100000",
      "变动原因说明": "",
      "是否在股东或关联单位领取报酬津贴": "否",
      "在任与否": "是"
    },
    {
      "领导人姓名": "刘军",
      "职位描述": "独立董事",
      "期初持股数": "",
      "期末持股数": "",
      "间接持股数": "",
      "从公司获得年度报酬总额": "100000",
      "补贴津贴": "100000",
      "变动原因说明": "",
      "是否在股东或关联单位领取报酬津贴": "否",
      "在任与否": "是"
    },
    {
      "领导人姓名": "阳晓宇",
      "职位描述": "独立董事",
      "期初持股数": "",
      "期末持股数": "",
      "间接持股数": "",
      "从公司获得年度报酬总额": "0",
      "补贴津贴": "",
      "变动原因说明": "",
      "是否在股东或关联单位领取报酬津贴": "否",
      "在任与否": "是"
    },
    {
      "领导人姓名": "苏子豪",
      "职位描述": "独立董事",
      "期初持股数": "",
      "期末持股数": "",
      "间接持股数": "",
      "从公司获得年度报酬总额": "100000",
      "补贴津贴": "100000",
      "变动原因说明": "",
      "是否在股东或关联单位领取报酬津贴": "否",
      "在任与否": "是"
    },
    {
      "领导人姓名": "杨俊",
      "职位描述": "副总经理",
      "期初持股数": "1500000",
      "期末持股数": "1500000",
      "间接持股数": "",
      "从公司获得年度报酬总额": "1121000",
      "补贴津贴": "",
      "变动原因说明": "",
      "是否在股东或关联单位领取报酬津贴": "否",
      "在任与否": "是"
    },
    {
      "领导人姓名": "孙连键",
      "职位描述": "副总经理、董事会秘书",
      "期初持股数": "",
      "期末持股数": "",
      "间接持股数": "",
      "从公司获得年度报酬总额": "945000",
      "补贴津贴": "",
      "变动原因说明": "",
      "是否在股东或关联单位领取报酬津贴": "否",
      "在任与否": "是"
    },
    {
      "领导人姓名": "顾佳羽",
      "职位描述": "副总经理",
      "期初持股数": "",
      "期末持股数": "",
      "间接持股数": "",
      "从公司获得年度报酬总额": "589000",
      "补贴津贴": "",
      "变动原因说明": "",
      "是否在股东或关联单位领取报酬津贴": "否",
      "在任与否": "是"
    },
    {
      "领导人姓名": "周航飞",
      "职位描述": "副总经理",
      "期初持股数": "61000",
      "期末持股数": "61000",
      "间接持股数": "",
      "从公司获得年度报酬总额": "570000",
      "补贴津贴": "",
      "变动原因说明": "",
      "是否在股东或关联单位领取报酬津贴": "否",
      "在任与否": "是"
    },
    {
      "领导人姓名": "樊文杰",
      "职位描述": "总经济师",
      "期初持股数": "",
      "期末持股数": "",
      "间接持股数": "",
      "从公司获得年度报酬总额": "522000",
      "补贴津贴": "",
      "变动原因说明": "",
      "是否在股东或关联单位领取报酬津贴": "否",
      "在任与否": "是"
    }
  ]
}

=== 603077-2026-04-21-和邦生物-和邦生物2025年年度报告.pdf ===
{
  "Leader_Salary_data": {
    "实际所得报酬总额起始": "6700200",
    "实际所得报酬总额截止": "6700200",
    "实际所得报酬总额涉及人数": ""
  },
  "Leader_Hold_data": [
    {
      "领导人姓名": "曾小平",
      "职位描述": "董事长、总经理",
      "期初持股数": "0",
      "期末持股数": "0",
      "间接持股数": "",
      "从公司获得年度报酬总额": "1314000",
      "补贴津贴": "",
      "变动原因说明": "",
      "是否在股东或关联单位领取报酬津贴": "否",
      "在任与否": "是"
    },
    {
      "领导人姓名": "贺正刚",
      "职位描述": "董事",
      "期初持股数": "412632000",
      "期末持股数": "412632000",
      "间接持股数": "",
      "从公司获得年度报酬总额": "1314000",
      "补贴津贴": "",
      "变动原因说明": "",
      "是否在股东或关联单位领取报酬津贴": "否",
      "在任与否": "是"
    },
    {
      "领导人姓名": "王军",
      "职位描述": "董事、财务总监",
      "期初持股数": "2942280",
      "期末持股数": "2942280",
      "间接持股数": "",
      "从公司获得年度报酬总额": "915600",
      "补贴津贴": "",
      "变动原因说明": "",
      "是否在股东或关联单位领取报酬津贴": "否",
      "在任与否": "是"
    },
    {
      "领导人姓名": "秦学玲",
      "职位描述": "董事",
      "期初持股数": "4100",
      "期末持股数": "4100",
      "间接持股数": "",
      "从公司获得年度报酬总额": "704300",
      "补贴津贴": "",
      "变动原因说明": "",
      "是否在股东或关联单位领取报酬津贴": "否",
      "在任与否": "是"
    },
    {
      "领导人姓名": "陈天",
      "职位描述": "董事",
      "期初持股数": "0",
      "期末持股数": "0",
      "间接持股数": "",
      "从公司获得年度报酬总额": "654000",
      "补贴津贴": "",
      "变动原因说明": "",
      "是否在股东或关联单位领取报酬津贴": "否",
      "在任与否": "是"
    },
    {
      "领导人姓名": "李进",
      "职位描述": "董事",
      "期初持股数": "0",
      "期末持股数": "0",
      "间接持股数": "",
      "从公司获得年度报酬总额": "340000",
      "补贴津贴": "",
      "变动原因说明": "",
      "是否在股东或关联单位领取报酬津贴": "否",
      "在任与否": "是"
    },
    {
      "领导人姓名": "袁长华",
      "职位描述": "独立董事",
      "期初持股数": "0",
      "期末持股数": "0",
      "间接持股数": "",
      "从公司获得年度报酬总额": "200000",
      "补贴津贴": "",
      "变动原因说明": "",
      "是否在股东或关联单位领取报酬津贴": "否",
      "在任与否": "是"
    },
    {
      "领导人姓名": "胡杨",
      "职位描述": "独立董事",
      "期初持股数": "0",
      "期末持股数": "0",
      "间接持股数": "",
      "从公司获得年度报酬总额": "200000",
      "补贴津贴": "",
      "变动原因说明": "",
      "是否在股东或关联单位领取报酬津贴": "否",
      "在任与否": "是"
    },
    {
      "领导人姓名": "宋英",
      "职位描述": "独立董事",
      "期初持股数": "0",
      "期末持股数": "0",
      "间接持股数": "",
      "从公司获得年度报酬总额": "200000",
      "补贴津贴": "",
      "变动原因说明": "",
      "是否在股东或关联单位领取报酬津贴": "否",
      "在任与否": "是"
    },
    {
      "领导人姓名": "蒋思颖",
      "职位描述": "董事会秘书",
      "期初持股数": "0",
      "期末持股数": "0",
      "间接持股数": "",
      "从公司获得年度报酬总额": "858300",
      "补贴津贴": "",
      "变动原因说明": "",
      "是否在股东或关联单位领取报酬津贴": "否",
      "在任与否": "是"
    }
  ]
}

=== 601816-2026-04-21-京沪高铁-601816_2025年_年度报告.pdf ===
{
  "Leader_Salary_data": {
    "实际所得报酬总额起始": "5847800",
    "实际所得报酬总额截止": "5847800",
    "实际所得报酬总额涉及人数": ""
  },
  "Leader_Hold_data": [
    {
      "领导人姓名": "刘洪润",
      "职位描述": "董事长",
      "期初持股数": "0",
      "期末持股数": "0",
      "间接持股数": "",
      "从公司获得年度报酬总额": "866700",
      "补贴津贴": "",
      "变动原因说明": "",
      "是否在股东或关联单位领取报酬津贴": "否",
      "在任与否": "是"
    },
    {
      "领导人姓名": "李敬伟",
      "职位描述": "副董事长、总经理",
      "期初持股数": "0",
      "期末持股数": "0",
      "间接持股数": "",
      "从公司获得年度报酬总额": "477900",
      "补贴津贴": "",
      "变动原因说明": "",
      "是否在股东或关联单位领取报酬津贴": "否",
      "在任与否": "是"
    },
    {
      "领导人姓名": "谭光明",
      "职位描述": "董事",
      "期初持股数": "0",
      "期末持股数": "0",
      "间接持股数": "",
      "从公司获得年度报酬总额": "0",
      "补贴津贴": "",
      "变动原因说明": "",
      "是否在股东或关联单位领取报酬津贴": "是",
      "在任与否": "是"
    },
    {
      "领导人姓名": "赵军",
      "职位描述": "董事",
      "期初持股数": "",
      "期末持股数": "",
      "间接持股数": "",
      "从公司获得年度报酬总额": "0",
      "补贴津贴": "",
      "变动原因说明": "",
      "是否在股东或关联单位领取报酬津贴": "否",
      "在任与否": "是"
    },
    {
      "领导人姓名": "李崇琦",
      "职位描述": "董事",
      "期初持股数": "0",
      "期末持股数": "0",
      "间接持股数": "",
      "从公司获得年度报酬总额": "0",
      "补贴津贴": "",
      "变动原因说明": "",
      "是否在股东或关联单位领取报酬津贴": "否",
      "在任与否": "是"
    },
    {
      "领导人姓名": "苏天鹏",
      "职位描述": "董事",
      "期初持股数": "0",
      "期末持股数": "0",
      "间接持股数": "",
      "从公司获得年度报酬总额": "0",
      "补贴津贴": "",
      "变动原因说明": "",
      "是否在股东或关联单位领取报酬津贴": "否",
      "在任与否": "是"
    },
    {
      "领导人姓名": "王永生",
      "职位描述": "独立董事",
      "期初持股数": "0",
      "期末持股数": "0",
      "间接持股数": "",
      "从公司获得年度报酬总额": "120000",
      "补贴津贴": "",
      "变动原因说明": "",
      "是否在股东或关联单位领取报酬津贴": "否",
      "在任与否": "是"
    },
    {
      "领导人姓名": "曾辉祥",
      "职位描述": "独立董事",
      "期初持股数": "0",
      "期末持股数": "0",
      "间接持股数": "",
      "从公司获得年度报酬总额": "120000",
      "补贴津贴": "",
      "变动原因说明": "",
      "是否在股东或关联单位领取报酬津贴": "否",
      "在任与否": "是"
    },
    {
      "领导人姓名": "苏波",
      "职位描述": "独立董事",
      "期初持股数": "0",
      "期末持股数": "0",
      "间接持股数": "",
      "从公司获得年度报酬总额": "120000",
      "补贴津贴": "",
      "变动原因说明": "",
      "是否在股东或关联单位领取报酬津贴": "否",
      "在任与否": "是"
    },
    {
      "领导人姓名": "刘少轩",
      "职位描述": "独立董事",
      "期初持股数": "0",
      "期末持股数": "0",
      "间接持股数": "",
      "从公司获得年度报酬总额": "120000",
      "补贴津贴": "",
      "变动原因说明": "",
      "是否在股东或关联单位领取报酬津贴": "否",
      "在任与否": "是"
    },
    {
      "领导人姓名": "严佐魁",
      "职位描述": "职工董事、工会主席、副总经理",
      "期初持股数": "0",
      "期末持股数": "0",
      "间接持股数": "",
      "从公司获得年度报酬总额": "624000",
      "补贴津贴": "",
      "变动原因说明": "",
      "是否在股东或关联单位领取报酬津贴": "是",
      "在任与否": "是"
    },
    {
      "领导人姓名": "曹惠萍",
      "职位描述": "总会计师",
      "期初持股数": "0",
      "期末持股数": "0",
      "间接持股数": "",
      "从公司获得年度报酬总额": "316100",
      "补贴津贴": "",
      "变动原因说明": "",
      "是否在股东或关联单位领取报酬津贴": "否",
      "在任与否": "是"
    },
    {
      "领导人姓名": "廉文彬",
      "职位描述": "副总经理",
      "期初持股数": "0",
      "期末持股数": "0",
      "间接持股数": "",
      "从公司获得年度报酬总额": "347400",
      "补贴津贴": "",
      "变动原因说明": "",
      "是否在股东或关联单位领取报酬津贴": "否",
      "在任与否": "是"
    },
    {
      "领导人姓名": "赵非",
      "职位描述": "董事会秘书",
      "期初持股数": "0",
      "期末持股数": "0",
      "间接持股数": "",
      "从公司获得年度报酬总额": "658800",
      "补贴津贴": "",
      "变动原因说明": "",
      "是否在股东或关联单位领取报酬津贴": "否",
      "在任与否": "是"
    },
    {
      "领导人姓名": "郑勇",
      "职位描述": "总法律顾问",
      "期初持股数": "0",
      "期末持股数": "0",
      "间接持股数": "",
      "从公司获得年度报酬总额": "636600",
      "补贴津贴": "",
      "变动原因说明": "",
      "是否在股东或关联单位领取报酬津贴": "否",
      "在任与否": "是"
    },
    {
      "领导人姓名": "汪成林",
      "职位描述": "总审计师",
      "期初持股数": "0",
      "期末持股数": "0",
      "间接持股数": "",
      "从公司获得年度报酬总额": "643600",
      "补贴津贴": "",
      "变动原因说明": "",
      "是否在股东或关联单位领取报酬津贴": "否",
      "在任与否": "是"
    },
    {
      "领导人姓名": "侯日根",
      "职位描述": "总工程师",
      "期初持股数": "0",
      "期末持股数": "0",
      "间接持股数": "",
      "从公司获得年度报酬总额": "407900",
      "补贴津贴": "",
      "变动原因说明": "",
      "是否在股东或关联单位领取报酬津贴": "否",
      "在任与否": "否"
    },
    {
      "领导人姓名": "邵长虹",
      "职位描述": "副董事长、总经理",
      "期初持股数": "0",
      "期末持股数": "0",
      "间接持股数": "",
      "从公司获得年度报酬总额": "388800",
      "补贴津贴": "",
      "变动原因说明": "",
      "是否在股东或关联单位领取报酬津贴": "是",
      "在任与否": "否"
    },
    {
      "领导人姓名": "丁建奇",
      "职位描述": "董事",
      "期初持股数": "0",
      "期末持股数": "0",
      "间接持股数": "",
      "从公司获得年度报酬总额": "0",
      "补贴津贴": "",
      "变动原因说明": "",
      "是否在股东或关联单位领取报酬津贴": "否",
      "在任与否": "否"
    }
  ]
}

=== 601928-2026-04-21-凤凰传媒-凤凰传媒2025年年度报告.pdf ===
{
  "Leader_Salary_data": {
    "实际所得报酬总额起始": "8476100",
    "实际所得报酬总额截止": "8476100",
    "实际所得报酬总额涉及人数": ""
  },
  "Leader_Hold_data": [
    {
      "领导人姓名": "章朝阳",
      "职位描述": "董事长",
      "期初持股数": "3000",
      "期末持股数": "3000",
      "间接持股数": "",
      "从公司获得年度报酬总额": "",
      "补贴津贴": "",
      "变动原因说明": "",
      "是否在股东或关联单位领取报酬津贴": "是",
      "在任与否": "是"
    },
    {
      "领导人姓名": "王译萱",
      "职位描述": "副董事长",
      "期初持股数": "",
      "期末持股数": "",
      "间接持股数": "",
      "从公司获得年度报酬总额": "",
      "补贴津贴": "",
      "变动原因说明": "",
      "是否在股东或关联单位领取报酬津贴": "是",
      "在任与否": "是"
    },
    {
      "领导人姓名": "周建军",
      "职位描述": "董事",
      "期初持股数": "",
      "期末持股数": "",
      "间接持股数": "",
      "从公司获得年度报酬总额": "",
      "补贴津贴": "",
      "变动原因说明": "",
      "是否在股东或关联单位领取报酬津贴": "是",
      "在任与否": "是"
    },
    {
      "领导人姓名": "单翔",
      "职位描述": "董事",
      "期初持股数": "100000",
      "期末持股数": "100000",
      "间接持股数": "",
      "从公司获得年度报酬总额": "",
      "补贴津贴": "",
      "变动原因说明": "",
      "是否在股东或关联单位领取报酬津贴": "是",
      "在任与否": "是"
    },
    {
      "领导人姓名": "徐海",
      "职位描述": "董事、总编辑",
      "期初持股数": "",
      "期末持股数": "",
      "间接持股数": "",
      "从公司获得年度报酬总额": "1224500",
      "补贴津贴": "",
      "变动原因说明": "",
      "是否在股东或关联单位领取报酬津贴": "否",
      "在任与否": "是"
    },
    {
      "领导人姓名": "宋吉述",
      "职位描述": "董事、总经理",
      "期初持股数": "100000",
      "期末持股数": "100000",
      "间接持股数": "",
      "从公司获得年度报酬总额": "1156400",
      "补贴津贴": "",
      "变动原因说明": "",
      "是否在股东或关联单位领取报酬津贴": "否",
      "在任与否": "是"
    },
    {
      "领导人姓名": "况铁梅",
      "职位描述": "董事",
      "期初持股数": "",
      "期末持股数": "",
      "间接持股数": "",
      "从公司获得年度报酬总额": "",
      "补贴津贴": "",
      "变动原因说明": "",
      "是否在股东或关联单位领取报酬津贴": "是",
      "在任与否": "是"
    },
    {
      "领导人姓名": "张志强",
      "职位描述": "独立董事",
      "期初持股数": "",
      "期末持股数": "",
      "间接持股数": "",
      "从公司获得年度报酬总额": "128000",
      "补贴津贴": "128000",
      "变动原因说明": "",
      "是否在股东或关联单位领取报酬津贴": "否",
      "在任与否": "是"
    },
    {
      "领导人姓名": "温素彬",
      "职位描述": "独立董事",
      "期初持股数": "",
      "期末持股数": "",
      "间接持股数": "",
      "从公司获得年度报酬总额": "128000",
      "补贴津贴": "128000",
      "变动原因说明": "",
      "是否在股东或关联单位领取报酬津贴": "否",
      "在任与否": "是"
    },
    {
      "领导人姓名": "汪进元",
      "职位描述": "独立董事",
      "期初持股数": "",
      "期末持股数": "",
      "间接持股数": "",
      "从公司获得年度报酬总额": "128000",
      "补贴津贴": "128000",
      "变动原因说明": "",
      "是否在股东或关联单位领取报酬津贴": "否",
      "在任与否": "是"
    },
    {
      "领导人姓名": "张广兴",
      "职位描述": "独立董事",
      "期初持股数": "",
      "期末持股数": "",
      "间接持股数": "",
      "从公司获得年度报酬总额": "64000",
      "补贴津贴": "64000",
      "变动原因说明": "",
      "是否在股东或关联单位领取报酬津贴": "否",
      "在任与否": "是"
    },
    {
      "领导人姓名": "孙敏",
      "职位描述": "副总经理",
      "期初持股数": "",
      "期末持股数": "",
      "间接持股数": "",
      "从公司获得年度报酬总额": "379200",
      "补贴津贴": "",
      "变动原因说明": "",
      "是否在股东或关联单位领取报酬津贴": "否",
      "在任与否": "是"
    },
    {
      "领导人姓名": "胡晓东",
      "职位描述": "副总经理",
      "期初持股数": "",
      "期末持股数": "",
      "间接持股数": "",
      "从公司获得年度报酬总额": "1040800",
      "补贴津贴": "",
      "变动原因说明": "",
      "是否在股东或关联单位领取报酬津贴": "否",
      "在任与否": "是"
    },
    {
      "领导人姓名": "袁楠",
      "职位描述": "副总经理",
      "期初持股数": "",
      "期末持股数": "",
      "间接持股数": "",
      "从公司获得年度报酬总额": "1040800",
      "补贴津贴": "",
      "变动原因说明": "",
      "是否在股东或关联单位领取报酬津贴": "否",
      "在任与否": "是"
    },
    {
      "领导人姓名": "秦俊俊",
      "职位描述": "副总经理",
      "期初持股数": "",
      "期末持股数": "",
      "间接持股数": "",
      "从公司获得年度报酬总额": "1040800",
      "补贴津贴": "",
      "变动原因说明": "",
      "是否在股东或关联单位领取报酬津贴": "否",
      "在任与否": "是"
    },
    {
      "领导人姓名": "谢志坚",
      "职位描述": "副总经理、财务总监、董事会秘书",
      "期初持股数": "",
      "期末持股数": "",
      "间接持股数": "",
      "从公司获得年度报酬总额": "1040800",
      "补贴津贴": "",
      "变动原因说明": "",
      "是否在股东或关联单位领取报酬津贴": "否",
      "在任与否": "是"
    },
    {
      "领导人姓名": "尤劲柏",
      "职位描述": "独立董事",
      "期初持股数": "",
      "期末持股数": "",
      "间接持股数": "",
      "从公司获得年度报酬总额": "64000",
      "补贴津贴": "64000",
      "变动原因说明": "",
      "是否在股东或关联单位领取报酬津贴": "否",
      "在任与否": "否"
    },
    {
      "领导人姓名": "陈敏",
      "职位描述": "财务总监",
      "期初持股数": "",
      "期末持股数": "",
      "间接持股数": "",
      "从公司获得年度报酬总额": "1040800",
      "补贴津贴": "",
      "变动原因说明": "",
      "是否在股东或关联单位领取报酬津贴": "否",
      "在任与否": "否"
    }
  ]
}

=== 603151-2026-04-21-邦基科技-山东邦基科技股份有限公司2025年年度报告全文.pdf ===
{
  "Leader_Salary_data": {
    "实际所得报酬总额起始": "4328400",
    "实际所得报酬总额截止": "4328400",
    "实际所得报酬总额涉及人数": ""
  },
  "Leader_Hold_data": [
    {
      "领导人姓名": "王由成",
      "职位描述": "董事长、总经理",
      "期初持股数": "1560000",
      "期末持股数": "1560000",
      "间接持股数": "",
      "从公司获得年度报酬总额": "905900",
      "补贴津贴": "",
      "变动原因说明": "",
      "是否在股东或关联单位领取报酬津贴": "否",
      "在任与否": "是"
    },
    {
      "领导人姓名": "陈涛",
      "职位描述": "副董事长",
      "期初持股数": "720000",
      "期末持股数": "820000",
      "间接持股数": "",
      "从公司获得年度报酬总额": "443100",
      "补贴津贴": "",
      "变动原因说明": "股权激励行权",
      "是否在股东或关联单位领取报酬津贴": "否",
      "在任与否": "否"
    },
    {
      "领导人姓名": "朱俊波",
      "职位描述": "董事",
      "期初持股数": "2060000",
      "期末持股数": "2060000",
      "间接持股数": "",
      "从公司获得年度报酬总额": "",
      "补贴津贴": "",
      "变动原因说明": "",
      "是否在股东或关联单位领取报酬津贴": "否",
      "在任与否": "是"
    },
    {
      "领导人姓名": "王由利",
      "职位描述": "副董事长",
      "期初持股数": "580000",
      "期末持股数": "580000",
      "间接持股数": "",
      "从公司获得年度报酬总额": "534200",
      "补贴津贴": "",
      "变动原因说明": "",
      "是否在股东或关联单位领取报酬津贴": "否",
      "在任与否": "是"
    },
    {
      "领导人姓名": "王文萍",
      "职位描述": "独立董事",
      "期初持股数": "",
      "期末持股数": "",
      "间接持股数": "",
      "从公司获得年度报酬总额": "80000",
      "补贴津贴": "80000",
      "变动原因说明": "",
      "是否在股东或关联单位领取报酬津贴": "否",
      "在任与否": "是"
    },
    {
      "领导人姓名": "张海燕",
      "职位描述": "独立董事",
      "期初持股数": "",
      "期末持股数": "",
      "间接持股数": "",
      "从公司获得年度报酬总额": "80000",
      "补贴津贴": "80000",
      "变动原因说明": "",
      "是否在股东或关联单位领取报酬津贴": "否",
      "在任与否": "是"
    },
    {
      "领导人姓名": "刘思当",
      "职位描述": "独立董事",
      "期初持股数": "",
      "期末持股数": "",
      "间接持股数": "",
      "从公司获得年度报酬总额": "80000",
      "补贴津贴": "80000",
      "变动原因说明": "",
      "是否在股东或关联单位领取报酬津贴": "否",
      "在任与否": "是"
    },
    {
      "领导人姓名": "王艾琴",
      "职位描述": "副总经理",
      "期初持股数": "290100",
      "期末持股数": "330100",
      "间接持股数": "",
      "从公司获得年度报酬总额": "543200",
      "补贴津贴": "",
      "变动原因说明": "股权激励行权",
      "是否在股东或关联单位领取报酬津贴": "否",
      "在任与否": "是"
    },
    {
      "领导人姓名": "田玉杰",
      "职位描述": "副总经理",
      "期初持股数": "443600",
      "期末持股数": "523600",
      "间接持股数": "",
      "从公司获得年度报酬总额": "537600",
      "补贴津贴": "",
      "变动原因说明": "股权激励行权",
      "是否在股东或关联单位领取报酬津贴": "否",
      "在任与否": "是"
    },
    {
      "领导人姓名": "罗晓",
      "职位描述": "财务总监",
      "期初持股数": "",
      "期末持股数": "",
      "间接持股数": "",
      "从公司获得年度报酬总额": "432300",
      "补贴津贴": "",
      "变动原因说明": "",
      "是否在股东或关联单位领取报酬津贴": "否",
      "在任与否": "是"
    },
    {
      "领导人姓名": "张洪超",
      "职位描述": "董事会秘书、董事",
      "期初持股数": "",
      "期末持股数": "40000",
      "间接持股数": "",
      "从公司获得年度报酬总额": "518300",
      "补贴津贴": "",
      "变动原因说明": "股权激励行权",
      "是否在股东或关联单位领取报酬津贴": "否",
      "在任与否": "是"
    },
    {
      "领导人姓名": "王辰璐",
      "职位描述": "董事",
      "期初持股数": "",
      "期末持股数": "",
      "间接持股数": "",
      "从公司获得年度报酬总额": "173800",
      "补贴津贴": "",
      "变动原因说明": "",
      "是否在股东或关联单位领取报酬津贴": "否",
      "在任与否": "是"
    }
  ]
}

=== 603194-2026-04-21-中力股份-2025年年度报告.pdf ===
{
  "Leader_Salary_data": {
    "实际所得报酬总额起始": "6362800",
    "实际所得报酬总额截止": "6362800",
    "实际所得报酬总额涉及人数": ""
  },
  "Leader_Hold_data": [
    {
      "领导人姓名": "何金辉",
      "职位描述": "董事长、总经理",
      "期初持股数": "7161245",
      "期末持股数": "7161245",
      "间接持股数": "",
      "从公司获得年度报酬总额": "1350200",
      "补贴津贴": "",
      "变动原因说明": "",
      "是否在股东或关联单位领取报酬津贴": "否",
      "在任与否": "是"
    },
    {
      "领导人姓名": "廖发培",
      "职位描述": "董事、董事会秘书、副总经理",
      "期初持股数": "",
      "期末持股数": "",
      "间接持股数": "",
      "从公司获得年度报酬总额": "1802700",
      "补贴津贴": "",
      "变动原因说明": "",
      "是否在股东或关联单位领取报酬津贴": "否",
      "在任与否": "是"
    },
    {
      "领导人姓名": "汪时锋",
      "职位描述": "董事、财务负责人",
      "期初持股数": "",
      "期末持股数": "",
      "间接持股数": "",
      "从公司获得年度报酬总额": "820800",
      "补贴津贴": "",
      "变动原因说明": "",
      "是否在股东或关联单位领取报酬津贴": "否",
      "在任与否": "是"
    },
    {
      "领导人姓名": "QUEKCHINGPONG",
      "职位描述": "董事",
      "期初持股数": "",
      "期末持股数": "",
      "间接持股数": "",
      "从公司获得年度报酬总额": "300000",
      "补贴津贴": "",
      "变动原因说明": "",
      "是否在股东或关联单位领取报酬津贴": "是",
      "在任与否": "是"
    },
    {
      "领导人姓名": "田桑",
      "职位描述": "职工代表董事",
      "期初持股数": "",
      "期末持股数": "",
      "间接持股数": "",
      "从公司获得年度报酬总额": "80000",
      "补贴津贴": "",
      "变动原因说明": "",
      "是否在股东或关联单位领取报酬津贴": "否",
      "在任与否": "是"
    },
    {
      "领导人姓名": "程文明",
      "职位描述": "独立董事",
      "期初持股数": "",
      "期末持股数": "",
      "间接持股数": "",
      "从公司获得年度报酬总额": "60000",
      "补贴津贴": "60000",
      "变动原因说明": "",
      "是否在股东或关联单位领取报酬津贴": "否",
      "在任与否": "是"
    },
    {
      "领导人姓名": "李长安",
      "职位描述": "独立董事",
      "期初持股数": "",
      "期末持股数": "",
      "间接持股数": "",
      "从公司获得年度报酬总额": "60000",
      "补贴津贴": "60000",
      "变动原因说明": "",
      "是否在股东或关联单位领取报酬津贴": "否",
      "在任与否": "是"
    },
    {
      "领导人姓名": "周荷芳",
      "职位描述": "独立董事",
      "期初持股数": "",
      "期末持股数": "",
      "间接持股数": "",
      "从公司获得年度报酬总额": "60000",
      "补贴津贴": "60000",
      "变动原因说明": "",
      "是否在股东或关联单位领取报酬津贴": "否",
      "在任与否": "是"
    },
    {
      "领导人姓名": "赵海良",
      "职位描述": "副总经理",
      "期初持股数": "",
      "期末持股数": "",
      "间接持股数": "",
      "从公司获得年度报酬总额": "953300",
      "补贴津贴": "",
      "变动原因说明": "",
      "是否在股东或关联单位领取报酬津贴": "否",
      "在任与否": "是"
    },
    {
      "领导人姓名": "张屹",
      "职位描述": "副总经理",
      "期初持股数": "",
      "期末持股数": "",
      "间接持股数": "",
      "从公司获得年度报酬总额": "875800",
      "补贴津贴": "",
      "变动原因说明": "",
      "是否在股东或关联单位领取报酬津贴": "否",
      "在任与否": "是"
    }
  ]
}

=== 603071-2026-04-21-物产环能-浙江物产环保能源股份有限公司2025年年度报告.pdf ===
{
  "Leader_Salary_data": {
    "实际所得报酬总额起始": "25495000",
    "实际所得报酬总额截止": "25495000",
    "实际所得报酬总额涉及人数": ""
  },
  "Leader_Hold_data": [
    {
      "领导人姓名": "陈明晖",
      "职位描述": "董事长",
      "期初持股数": "0",
      "期末持股数": "0",
      "间接持股数": "1593892",
      "从公司获得年度报酬总额": "3241500",
      "补贴津贴": "",
      "变动原因说明": "",
      "是否在股东或关联单位领取报酬津贴": "否",
      "在任与否": "是"
    },
    {
      "领导人姓名": "黎曦",
      "职位描述": "副董事长、总经理",
      "期初持股数": "0",
      "期末持股数": "0",
      "间接持股数": "",
      "从公司获得年度报酬总额": "3241500",
      "补贴津贴": "",
      "变动原因说明": "",
      "是否在股东或关联单位领取报酬津贴": "否",
      "在任与否": "是"
    },
    {
      "领导人姓名": "王晓光",
      "职位描述": "副董事长",
      "期初持股数": "0",
      "期末持股数": "0",
      "间接持股数": "1200000",
      "从公司获得年度报酬总额": "2852100",
      "补贴津贴": "",
      "变动原因说明": "",
      "是否在股东或关联单位领取报酬津贴": "否",
      "在任与否": "是"
    },
    {
      "领导人姓名": "叶光明",
      "职位描述": "董事",
      "期初持股数": "0",
      "期末持股数": "0",
      "间接持股数": "",
      "从公司获得年度报酬总额": "0",
      "补贴津贴": "",
      "变动原因说明": "",
      "是否在股东或关联单位领取报酬津贴": "是",
      "在任与否": "是"
    },
    {
      "领导人姓名": "蔡舒",
      "职位描述": "董事",
      "期初持股数": "0",
      "期末持股数": "0",
      "间接持股数": "",
      "从公司获得年度报酬总额": "0",
      "补贴津贴": "",
      "变动原因说明": "",
      "是否在股东或关联单位领取报酬津贴": "是",
      "在任与否": "是"
    },
    {
      "领导人姓名": "黄峥",
      "职位描述": "董事",
      "期初持股数": "0",
      "期末持股数": "0",
      "间接持股数": "",
      "从公司获得年度报酬总额": "0",
      "补贴津贴": "",
      "变动原因说明": "",
      "是否在股东或关联单位领取报酬津贴": "否",
      "在任与否": "是"
    },
    {
      "领导人姓名": "伍星昱",
      "职位描述": "职工董事",
      "期初持股数": "0",
      "期末持股数": "0",
      "间接持股数": "1000000",
      "从公司获得年度报酬总额": "1034100",
      "补贴津贴": "",
      "变动原因说明": "",
      "是否在股东或关联单位领取报酬津贴": "否",
      "在任与否": "是"
    },
    {
      "领导人姓名": "杜欢政",
      "职位描述": "独立董事",
      "期初持股数": "0",
      "期末持股数": "0",
      "间接持股数": "",
      "从公司获得年度报酬总额": "100000",
      "补贴津贴": "",
      "变动原因说明": "",
      "是否在股东或关联单位领取报酬津贴": "否",
      "在任与否": "是"
    },
    {
      "领导人姓名": "金雪军",
      "职位描述": "独立董事",
      "期初持股数": "0",
      "期末持股数": "0",
      "间接持股数": "",
      "从公司获得年度报酬总额": "100000",
      "补贴津贴": "",
      "变动原因说明": "",
      "是否在股东或关联单位领取报酬津贴": "否",
      "在任与否": "是"
    },
    {
      "领导人姓名": "周劲松",
      "职位描述": "独立董事",
      "期初持股数": "0",
      "期末持股数": "0",
      "间接持股数": "",
      "从公司获得年度报酬总额": "100000",
      "补贴津贴": "",
      "变动原因说明": "",
      "是否在股东或关联单位领取报酬津贴": "否",
      "在任与否": "是"
    },
    {
      "领导人姓名": "邓川",
      "职位描述": "独立董事",
      "期初持股数": "0",
      "期末持股数": "0",
      "间接持股数": "",
      "从公司获得年度报酬总额": "100000",
      "补贴津贴": "",
      "变动原因说明": "",
      "是否在股东或关联单位领取报酬津贴": "否",
      "在任与否": "是"
    },
    {
      "领导人姓名": "林小波",
      "职位描述": "常务副总经理、副总经理",
      "期初持股数": "0",
      "期末持股数": "0",
      "间接持股数": "1459878",
      "从公司获得年度报酬总额": "3791300",
      "补贴津贴": "",
      "变动原因说明": "",
      "是否在股东或关联单位领取报酬津贴": "否",
      "在任与否": "是"
    },
    {
      "领导人姓名": "李辉",
      "职位描述": "副总经理、总法律顾问",
      "期初持股数": "0",
      "期末持股数": "0",
      "间接持股数": "",
      "从公司获得年度报酬总额": "2145700",
      "补贴津贴": "",
      "变动原因说明": "",
      "是否在股东或关联单位领取报酬津贴": "否",
      "在任与否": "是"
    },
    {
      "领导人姓名": "朱方超",
      "职位描述": "副总经理",
      "期初持股数": "0",
      "期末持股数": "0",
      "间接持股数": "1000000",
      "从公司获得年度报酬总额": "1953900",
      "补贴津贴": "",
      "变动原因说明": "",
      "是否在股东或关联单位领取报酬津贴": "否",
      "在任与否": "是"
    },
    {
      "领导人姓名": "王竹青",
      "职位描述": "副总经理、董事会秘书",
      "期初持股数": "0",
      "期末持股数": "0",
      "间接持股数": "1000000",
      "从公司获得年度报酬总额": "2080800",
      "补贴津贴": "",
      "变动原因说明": "",
      "是否在股东或关联单位领取报酬津贴": "否",
      "在任与否": "是"
    },
    {
      "领导人姓名": "张健",
      "职位描述": "财务总监",
      "期初持股数": "0",
      "期末持股数": "0",
      "间接持股数": "656385",
      "从公司获得年度报酬总额": "1030400",
      "补贴津贴": "",
      "变动原因说明": "",
      "是否在股东或关联单位领取报酬津贴": "否",
      "在任与否": "是"
    },
    {
      "领导人姓名": "马蕴春",
      "职位描述": "董事",
      "期初持股数": "0",
      "期末持股数": "0",
      "间接持股数": "",
      "从公司获得年度报酬总额": "0",
      "补贴津贴": "",
      "变动原因说明": "",
      "是否在股东或关联单位领取报酬津贴": "否",
      "在任与否": "否"
    },
    {
      "领导人姓名": "林开杰",
      "职位描述": "副总经理",
      "期初持股数": "0",
      "期末持股数": "0",
      "间接持股数": "1000000",
      "从公司获得年度报酬总额": "3723600",
      "补贴津贴": "",
      "变动原因说明": "",
      "是否在股东或关联单位领取报酬津贴": "否",
      "在任与否": "否"
    }
  ]
}

=== 603289-2026-04-21-泰瑞机器-2025年年度报告.pdf ===
{
  "Leader_Salary_data": {
    "实际所得报酬总额起始": "4948900",
    "实际所得报酬总额截止": "4948900",
    "实际所得报酬总额涉及人数": ""
  },
  "Leader_Hold_data": [
    {
      "领导人姓名": "郑建国",
      "职位描述": "董事长、总经理",
      "期初持股数": "34579000",
      "期末持股数": "28845400",
      "间接持股数": "",
      "从公司获得年度报酬总额": "1279500",
      "补贴津贴": "",
      "变动原因说明": "",
      "是否在股东或关联单位领取报酬津贴": "否",
      "在任与否": "是"
    },
    {
      "领导人姓名": "林云青",
      "职位描述": "董事",
      "期初持股数": "",
      "期末持股数": "",
      "间接持股数": "",
      "从公司获得年度报酬总额": "",
      "补贴津贴": "",
      "变动原因说明": "",
      "是否在股东或关联单位领取报酬津贴": "否",
      "在任与否": "是"
    },
    {
      "领导人姓名": "李志杰",
      "职位描述": "董事",
      "期初持股数": "",
      "期末持股数": "",
      "间接持股数": "",
      "从公司获得年度报酬总额": "",
      "补贴津贴": "",
      "变动原因说明": "",
      "是否在股东或关联单位领取报酬津贴": "否",
      "在任与否": "是"
    },
    {
      "领导人姓名": "何英",
      "职位描述": "董事、副总经理",
      "期初持股数": "546000",
      "期末持股数": "546000",
      "间接持股数": "",
      "从公司获得年度报酬总额": "794800",
      "补贴津贴": "",
      "变动原因说明": "",
      "是否在股东或关联单位领取报酬津贴": "否",
      "在任与否": "是"
    },
    {
      "领导人姓名": "郑佳辰",
      "职位描述": "董事",
      "期初持股数": "",
      "期末持股数": "",
      "间接持股数": "",
      "从公司获得年度报酬总额": "621300",
      "补贴津贴": "",
      "变动原因说明": "",
      "是否在股东或关联单位领取报酬津贴": "否",
      "在任与否": "是"
    },
    {
      "领导人姓名": "祝新辉",
      "职位描述": "职工董事",
      "期初持股数": "",
      "期末持股数": "",
      "间接持股数": "",
      "从公司获得年度报酬总额": "387900",
      "补贴津贴": "",
      "变动原因说明": "",
      "是否在股东或关联单位领取报酬津贴": "否",
      "在任与否": "是"
    },
    {
      "领导人姓名": "傅建中",
      "职位描述": "独立董事",
      "期初持股数": "",
      "期末持股数": "",
      "间接持股数": "",
      "从公司获得年度报酬总额": "80000",
      "补贴津贴": "80000",
      "变动原因说明": "",
      "是否在股东或关联单位领取报酬津贴": "否",
      "在任与否": "是"
    },
    {
      "领导人姓名": "陈卫民",
      "职位描述": "独立董事",
      "期初持股数": "",
      "期末持股数": "",
      "间接持股数": "",
      "从公司获得年度报酬总额": "80000",
      "补贴津贴": "80000",
      "变动原因说明": "",
      "是否在股东或关联单位领取报酬津贴": "否",
      "在任与否": "是"
    },
    {
      "领导人姓名": "万立祥",
      "职位描述": "独立董事",
      "期初持股数": "",
      "期末持股数": "",
      "间接持股数": "",
      "从公司获得年度报酬总额": "80000",
      "补贴津贴": "80000",
      "变动原因说明": "",
      "是否在股东或关联单位领取报酬津贴": "否",
      "在任与否": "是"
    },
    {
      "领导人姓名": "章丽芳",
      "职位描述": "财务总监",
      "期初持股数": "92263",
      "期末持股数": "40000",
      "间接持股数": "",
      "从公司获得年度报酬总额": "634100",
      "补贴津贴": "",
      "变动原因说明": "股权激励回购注销",
      "是否在股东或关联单位领取报酬津贴": "否",
      "在任与否": "是"
    },
    {
      "领导人姓名": "丁宏娇",
      "职位描述": "董事会秘书",
      "期初持股数": "51913",
      "期末持股数": "0",
      "间接持股数": "",
      "从公司获得年度报酬总额": "631300",
      "补贴津贴": "",
      "变动原因说明": "股权激励回购注销",
      "是否在股东或关联单位领取报酬津贴": "否",
      "在任与否": "是"
    }
  ]
}

=== 603499-2026-04-21-翔港科技-2025年年度报告.pdf ===
{
  "Leader_Salary_data": {
    "实际所得报酬总额起始": "4174500",
    "实际所得报酬总额截止": "4174500",
    "实际所得报酬总额涉及人数": ""
  },
  "Leader_Hold_data": [
    {
      "领导人姓名": "董建军",
      "职位描述": "董事长、总经理",
      "期初持股数": "56652324",
      "期末持股数": "79039874",
      "间接持股数": "",
      "从公司获得年度报酬总额": "659600",
      "补贴津贴": "",
      "变动原因说明": "权益分派、二级市场减持",
      "是否在股东或关联单位领取报酬津贴": "否",
      "在任与否": "是"
    },
    {
      "领导人姓名": "董婷婷",
      "职位描述": "副董事长",
      "期初持股数": "0",
      "期末持股数": "0",
      "间接持股数": "",
      "从公司获得年度报酬总额": "300000",
      "补贴津贴": "",
      "变动原因说明": "",
      "是否在股东或关联单位领取报酬津贴": "否",
      "在任与否": "是"
    },
    {
      "领导人姓名": "宋莉娜",
      "职位描述": "职工代表董事",
      "期初持股数": "68600",
      "期末持股数": "96040",
      "间接持股数": "",
      "从公司获得年度报酬总额": "588600",
      "补贴津贴": "",
      "变动原因说明": "权益分派",
      "是否在股东或关联单位领取报酬津贴": "否",
      "在任与否": "是"
    },
    {
      "领导人姓名": "景成连",
      "职位描述": "董事",
      "期初持股数": "3000",
      "期末持股数": "4200",
      "间接持股数": "",
      "从公司获得年度报酬总额": "1109700",
      "补贴津贴": "",
      "变动原因说明": "权益分派",
      "是否在股东或关联单位领取报酬津贴": "否",
      "在任与否": "是"
    },
    {
      "领导人姓名": "彭娟",
      "职位描述": "独立董事",
      "期初持股数": "0",
      "期末持股数": "0",
      "间接持股数": "",
      "从公司获得年度报酬总额": "120000",
      "补贴津贴": "",
      "变动原因说明": "",
      "是否在股东或关联单位领取报酬津贴": "否",
      "在任与否": "是"
    },
    {
      "领导人姓名": "赵平",
      "职位描述": "独立董事",
      "期初持股数": "0",
      "期末持股数": "0",
      "间接持股数": "",
      "从公司获得年度报酬总额": "120000",
      "补贴津贴": "",
      "变动原因说明": "",
      "是否在股东或关联单位领取报酬津贴": "否",
      "在任与否": "是"
    },
    {
      "领导人姓名": "陈少军",
      "职位描述": "独立董事",
      "期初持股数": "0",
      "期末持股数": "0",
      "间接持股数": "",
      "从公司获得年度报酬总额": "120000",
      "补贴津贴": "",
      "变动原因说明": "",
      "是否在股东或关联单位领取报酬津贴": "否",
      "在任与否": "是"
    },
    {
      "领导人姓名": "曹峻",
      "职位描述": "财务总监",
      "期初持股数": "68600",
      "期末持股数": "96040",
      "间接持股数": "",
      "从公司获得年度报酬总额": "495700",
      "补贴津贴": "",
      "变动原因说明": "权益分派",
      "是否在股东或关联单位领取报酬津贴": "否",
      "在任与否": "是"
    },
    {
      "领导人姓名": "李丹青",
      "职位描述": "董事会秘书",
      "期初持股数": "0",
      "期末持股数": "0",
      "间接持股数": "",
      "从公司获得年度报酬总额": "660900",
      "补贴津贴": "",
      "变动原因说明": "",
      "是否在股东或关联单位领取报酬津贴": "否",
      "在任与否": "是"
    }
  ]
}

=== 603107-2026-04-21-上海汽配-上海汽车空调配件股份有限公司2025年年度报告.pdf ===
{
  "Leader_Salary_data": {
    "实际所得报酬总额起始": "7027000",
    "实际所得报酬总额截止": "7027000",
    "实际所得报酬总额涉及人数": ""
  },
  "Leader_Hold_data": [
    {
      "领导人姓名": "张朝晖",
      "职位描述": "董事长",
      "期初持股数": "",
      "期末持股数": "",
      "间接持股数": "",
      "从公司获得年度报酬总额": "0",
      "补贴津贴": "",
      "变动原因说明": "",
      "是否在股东或关联单位领取报酬津贴": "是",
      "在任与否": "是"
    },
    {
      "领导人姓名": "龚伟",
      "职位描述": "董事",
      "期初持股数": "",
      "期末持股数": "",
      "间接持股数": "",
      "从公司获得年度报酬总额": "0",
      "补贴津贴": "",
      "变动原因说明": "",
      "是否在股东或关联单位领取报酬津贴": "是",
      "在任与否": "是"
    },
    {
      "领导人姓名": "邵颂阳",
      "职位描述": "董事",
      "期初持股数": "",
      "期末持股数": "",
      "间接持股数": "",
      "从公司获得年度报酬总额": "0",
      "补贴津贴": "",
      "变动原因说明": "",
      "是否在股东或关联单位领取报酬津贴": "是",
      "在任与否": "是"
    },
    {
      "领导人姓名": "ANG HOCK GUAN（洪福源）",
      "职位描述": "董事",
      "期初持股数": "51486200",
      "期末持股数": "43536000",
      "间接持股数": "51486200",
      "从公司获得年度报酬总额": "0",
      "补贴津贴": "",
      "变动原因说明": "减持",
      "是否在股东或关联单位领取报酬津贴": "是",
      "在任与否": "是"
    },
    {
      "领导人姓名": "吴毓敏",
      "职位描述": "董事",
      "期初持股数": "",
      "期末持股数": "",
      "间接持股数": "",
      "从公司获得年度报酬总额": "0",
      "补贴津贴": "",
      "变动原因说明": "",
      "是否在股东或关联单位领取报酬津贴": "是",
      "在任与否": "是"
    },
    {
      "领导人姓名": "王游沼",
      "职位描述": "董事、总经理",
      "期初持股数": "3700000",
      "期末持股数": "3700000",
      "间接持股数": "3700000",
      "从公司获得年度报酬总额": "2000000",
      "补贴津贴": "",
      "变动原因说明": "",
      "是否在股东或关联单位领取报酬津贴": "否",
      "在任与否": "是"
    },
    {
      "领导人姓名": "董国平",
      "职位描述": "独立董事",
      "期初持股数": "",
      "期末持股数": "",
      "间接持股数": "",
      "从公司获得年度报酬总额": "20000",
      "补贴津贴": "60000",
      "变动原因说明": "",
      "是否在股东或关联单位领取报酬津贴": "否",
      "在任与否": "是"
    },
    {
      "领导人姓名": "王永",
      "职位描述": "独立董事",
      "期初持股数": "",
      "期末持股数": "",
      "间接持股数": "",
      "从公司获得年度报酬总额": "20000",
      "补贴津贴": "60000",
      "变动原因说明": "",
      "是否在股东或关联单位领取报酬津贴": "否",
      "在任与否": "是"
    },
    {
      "领导人姓名": "韩宏稳",
      "职位描述": "独立董事",
      "期初持股数": "",
      "期末持股数": "",
      "间接持股数": "",
      "从公司获得年度报酬总额": "20000",
      "补贴津贴": "60000",
      "变动原因说明": "",
      "是否在股东或关联单位领取报酬津贴": "否",
      "在任与否": "是"
    },
    {
      "领导人姓名": "戴明",
      "职位描述": "副总经理",
      "期初持股数": "3700000",
      "期末持股数": "3700000",
      "间接持股数": "3700000",
      "从公司获得年度报酬总额": "1742000",
      "补贴津贴": "",
      "变动原因说明": "",
      "是否在股东或关联单位领取报酬津贴": "否",
      "在任与否": "是"
    },
    {
      "领导人姓名": "徐雯",
      "职位描述": "副总经理",
      "期初持股数": "2235300",
      "期末持股数": "2126100",
      "间接持股数": "2235300",
      "从公司获得年度报酬总额": "1742000",
      "补贴津贴": "",
      "变动原因说明": "减持",
      "是否在股东或关联单位领取报酬津贴": "否",
      "在任与否": "是"
    },
    {
      "领导人姓名": "高明",
      "职位描述": "董事会秘书",
      "期初持股数": "417200",
      "期末持股数": "337500",
      "间接持股数": "417200",
      "从公司获得年度报酬总额": "674000",
      "补贴津贴": "",
      "变动原因说明": "减持",
      "是否在股东或关联单位领取报酬津贴": "否",
      "在任与否": "是"
    },
    {
      "领导人姓名": "陈昀",
      "职位描述": "财务总监",
      "期初持股数": "450000",
      "期末持股数": "358500",
      "间接持股数": "450000",
      "从公司获得年度报酬总额": "674000",
      "补贴津贴": "",
      "变动原因说明": "减持",
      "是否在股东或关联单位领取报酬津贴": "否",
      "在任与否": "是"
    },
    {
      "领导人姓名": "楼狄明",
      "职位描述": "独立董事",
      "期初持股数": "",
      "期末持股数": "",
      "间接持股数": "",
      "从公司获得年度报酬总额": "45000",
      "补贴津贴": "60000",
      "变动原因说明": "",
      "是否在股东或关联单位领取报酬津贴": "是",
      "在任与否": "否"
    },
    {
      "领导人姓名": "杨小弟",
      "职位描述": "独立董事",
      "期初持股数": "",
      "期末持股数": "",
      "间接持股数": "",
      "从公司获得年度报酬总额": "45000",
      "补贴津贴": "60000",
      "变动原因说明": "",
      "是否在股东或关联单位领取报酬津贴": "否",
      "在任与否": "否"
    },
    {
      "领导人姓名": "牛建军",
      "职位描述": "独立董事",
      "期初持股数": "",
      "期末持股数": "",
      "间接持股数": "",
      "从公司获得年度报酬总额": "45000",
      "补贴津贴": "60000",
      "变动原因说明": "",
      "是否在股东或关联单位领取报酬津贴": "否",
      "在任与否": "否"
    }
  ]
}

=== 603081-2026-04-21-大丰实业-浙江大丰实业股份有限公司2025年年度报告.pdf ===
{
  "Leader_Salary_data": {
    "实际所得报酬总额起始": "7614900",
    "实际所得报酬总额截止": "7614900",
    "实际所得报酬总额涉及人数": ""
  },
  "Leader_Hold_data": [
    {
      "领导人姓名": "丰华",
      "职位描述": "董事长、总经理",
      "期初持股数": "98012100",
      "期末持股数": "98012100",
      "间接持股数": "",
      "从公司获得年度报酬总额": "900000",
      "补贴津贴": "",
      "变动原因说明": "",
      "是否在股东或关联单位领取报酬津贴": "否",
      "在任与否": "是"
    },
    {
      "领导人姓名": "GAVIN JL FENG",
      "职位描述": "董事、副总经理",
      "期初持股数": "11770850",
      "期末持股数": "11770850",
      "间接持股数": "",
      "从公司获得年度报酬总额": "900000",
      "补贴津贴": "",
      "变动原因说明": "",
      "是否在股东或关联单位领取报酬津贴": "否",
      "在任与否": "是"
    },
    {
      "领导人姓名": "JAMIN JM FENG",
      "职位描述": "董事",
      "期初持股数": "",
      "期末持股数": "",
      "间接持股数": "",
      "从公司获得年度报酬总额": "",
      "补贴津贴": "",
      "变动原因说明": "",
      "是否在股东或关联单位领取报酬津贴": "",
      "在任与否": "是"
    },
    {
      "领导人姓名": "楼忠辉",
      "职位描述": "董事",
      "期初持股数": "",
      "期末持股数": "",
      "间接持股数": "",
      "从公司获得年度报酬总额": "",
      "补贴津贴": "",
      "变动原因说明": "",
      "是否在股东或关联单位领取报酬津贴": "",
      "在任与否": "是"
    },
    {
      "领导人姓名": "吴正平",
      "职位描述": "职工代表董事",
      "期初持股数": "",
      "期末持股数": "",
      "间接持股数": "",
      "从公司获得年度报酬总额": "",
      "补贴津贴": "",
      "变动原因说明": "",
      "是否在股东或关联单位领取报酬津贴": "",
      "在任与否": "是"
    },
    {
      "领导人姓名": "刘宇袖",
      "职位描述": "职工代表董事、副总经理",
      "期初持股数": "0",
      "期末持股数": "0",
      "间接持股数": "",
      "从公司获得年度报酬总额": "500000",
      "补贴津贴": "",
      "变动原因说明": "",
      "是否在股东或关联单位领取报酬津贴": "否",
      "在任与否": "否"
    },
    {
      "领导人姓名": "王石",
      "职位描述": "独立董事",
      "期初持股数": "0",
      "期末持股数": "0",
      "间接持股数": "",
      "从公司获得年度报酬总额": "120000",
      "补贴津贴": "120000",
      "变动原因说明": "",
      "是否在股东或关联单位领取报酬津贴": "否",
      "在任与否": "是"
    },
    {
      "领导人姓名": "顾江",
      "职位描述": "独立董事",
      "期初持股数": "0",
      "期末持股数": "0",
      "间接持股数": "",
      "从公司获得年度报酬总额": "120000",
      "补贴津贴": "120000",
      "变动原因说明": "",
      "是否在股东或关联单位领取报酬津贴": "否",
      "在任与否": "是"
    },
    {
      "领导人姓名": "周亚力",
      "职位描述": "独立董事",
      "期初持股数": "0",
      "期末持股数": "0",
      "间接持股数": "",
      "从公司获得年度报酬总额": "10000",
      "补贴津贴": "120000",
      "变动原因说明": "",
      "是否在股东或关联单位领取报酬津贴": "否",
      "在任与否": "是"
    },
    {
      "领导人姓名": "孙玲玲",
      "职位描述": "副总经理",
      "期初持股数": "135360",
      "期末持股数": "77760",
      "间接持股数": "",
      "从公司获得年度报酬总额": "450000",
      "补贴津贴": "",
      "变动原因说明": "限制性股票回购注销",
      "是否在股东或关联单位领取报酬津贴": "否",
      "在任与否": "是"
    },
    {
      "领导人姓名": "孙涛",
      "职位描述": "副总经理",
      "期初持股数": "33840",
      "期末持股数": "19440",
      "间接持股数": "",
      "从公司获得年度报酬总额": "700000",
      "补贴津贴": "",
      "变动原因说明": "限制性股票回购注销",
      "是否在股东或关联单位领取报酬津贴": "否",
      "在任与否": "是"
    },
    {
      "领导人姓名": "陈轶",
      "职位描述": "副总经理",
      "期初持股数": "124200",
      "期末持股数": "52200",
      "间接持股数": "",
      "从公司获得年度报酬总额": "690000",
      "补贴津贴": "",
      "变动原因说明": "限制性股票回购注销",
      "是否在股东或关联单位领取报酬津贴": "否",
      "在任与否": "是"
    },
    {
      "领导人姓名": "张凯锋",
      "职位描述": "副总经理",
      "期初持股数": "0",
      "期末持股数": "0",
      "间接持股数": "",
      "从公司获得年度报酬总额": "700000",
      "补贴津贴": "",
      "变动原因说明": "",
      "是否在股东或关联单位领取报酬津贴": "否",
      "在任与否": "是"
    },
    {
      "领导人姓名": "胡永年",
      "职位描述": "财务负责人",
      "期初持股数": "0",
      "期末持股数": "0",
      "间接持股数": "",
      "从公司获得年度报酬总额": "192400",
      "补贴津贴": "",
      "变动原因说明": "",
      "是否在股东或关联单位领取报酬津贴": "否",
      "在任与否": "是"
    },
    {
      "领导人姓名": "谢文杰",
      "职位描述": "董事会秘书",
      "期初持股数": "135360",
      "期末持股数": "77760",
      "间接持股数": "",
      "从公司获得年度报酬总额": "450000",
      "补贴津贴": "",
      "变动原因说明": "限制性股票回购注销",
      "是否在股东或关联单位领取报酬津贴": "否",
      "在任与否": "是"
    },
    {
      "领导人姓名": "丰岳",
      "职位描述": "副董事长",
      "期初持股数": "35011300",
      "期末持股数": "36351500",
      "间接持股数": "",
      "从公司获得年度报酬总额": "500000",
      "补贴津贴": "",
      "变动原因说明": "履行整改义务",
      "是否在股东或关联单位领取报酬津贴": "否",
      "在任与否": "否"
    },
    {
      "领导人姓名": "丰其云",
      "职位描述": "董事",
      "期初持股数": "12157950",
      "期末持股数": "12157950",
      "间接持股数": "",
      "从公司获得年度报酬总额": "0",
      "补贴津贴": "",
      "变动原因说明": "",
      "是否在股东或关联单位领取报酬津贴": "否",
      "在任与否": "否"
    },
    {
      "领导人姓名": "赵红美",
      "职位描述": "职工董事",
      "期初持股数": "90720",
      "期末持股数": "40320",
      "间接持股数": "",
      "从公司获得年度报酬总额": "512500",
      "补贴津贴": "",
      "变动原因说明": "限制性股票回购注销",
      "是否在股东或关联单位领取报酬津贴": "否",
      "在任与否": "否"
    },
    {
      "领导人姓名": "杨金生",
      "职位描述": "职工董事",
      "期初持股数": "155200",
      "期末持股数": "83200",
      "间接持股数": "",
      "从公司获得年度报酬总额": "760000",
      "补贴津贴": "",
      "变动原因说明": "回购注销限制性股票",
      "是否在股东或关联单位领取报酬津贴": "否",
      "在任与否": "否"
    },
    {
      "领导人姓名": "张进龙",
      "职位描述": "财务负责人",
      "期初持股数": "135360",
      "期末持股数": "77760",
      "间接持股数": "",
      "从公司获得年度报酬总额": "0",
      "补贴津贴": "",
      "变动原因说明": "限制性股票回购注销",
      "是否在股东或关联单位领取报酬津贴": "否",
      "在任与否": "否"
    },
    {
      "领导人姓名": "费忠新",
      "职位描述": "独立董事",
      "期初持股数": "0",
      "期末持股数": "0",
      "间接持股数": "",
      "从公司获得年度报酬总额": "110000",
      "补贴津贴": "120000",
      "变动原因说明": "",
      "是否在股东或关联单位领取报酬津贴": "否",
      "在任与否": "否"
    }
  ]
}

=== 603284-2026-04-21-林平发展-安徽林平循环发展股份有限公司2025年年度报告.pdf ===
{
  "Leader_Salary_data": {
    "实际所得报酬总额起始": "3941100",
    "实际所得报酬总额截止": "3941100",
    "实际所得报酬总额涉及人数": ""
  },
  "Leader_Hold_data": [
    {
      "领导人姓名": "李建设",
      "职位描述": "董事长、总经理",
      "期初持股数": "48000000",
      "期末持股数": "48000000",
      "间接持股数": "",
      "从公司获得年度报酬总额": "715400",
      "补贴津贴": "",
      "变动原因说明": "",
      "是否在股东或关联单位领取报酬津贴": "否",
      "在任与否": "是"
    },
    {
      "领导人姓名": "徐辉",
      "职位描述": "董事、副总经理",
      "期初持股数": "0",
      "期末持股数": "0",
      "间接持股数": "",
      "从公司获得年度报酬总额": "384500",
      "补贴津贴": "",
      "变动原因说明": "",
      "是否在股东或关联单位领取报酬津贴": "否",
      "在任与否": "是"
    },
    {
      "领导人姓名": "李培凯",
      "职位描述": "董事、财务总监",
      "期初持股数": "0",
      "期末持股数": "0",
      "间接持股数": "",
      "从公司获得年度报酬总额": "349200",
      "补贴津贴": "",
      "变动原因说明": "",
      "是否在股东或关联单位领取报酬津贴": "否",
      "在任与否": "是"
    },
    {
      "领导人姓名": "何海波",
      "职位描述": "董事",
      "期初持股数": "0",
      "期末持股数": "0",
      "间接持股数": "",
      "从公司获得年度报酬总额": "297500",
      "补贴津贴": "",
      "变动原因说明": "",
      "是否在股东或关联单位领取报酬津贴": "否",
      "在任与否": "是"
    },
    {
      "领导人姓名": "魏飞",
      "职位描述": "监事会主席、董事",
      "期初持股数": "0",
      "期末持股数": "0",
      "间接持股数": "",
      "从公司获得年度报酬总额": "173800",
      "补贴津贴": "",
      "变动原因说明": "",
      "是否在股东或关联单位领取报酬津贴": "否",
      "在任与否": "是"
    },
    {
      "领导人姓名": "孙影影",
      "职位描述": "监事、职工董事",
      "期初持股数": "0",
      "期末持股数": "0",
      "间接持股数": "",
      "从公司获得年度报酬总额": "52100",
      "补贴津贴": "",
      "变动原因说明": "",
      "是否在股东或关联单位领取报酬津贴": "否",
      "在任与否": "是"
    },
    {
      "领导人姓名": "李长云",
      "职位描述": "独立董事",
      "期初持股数": "0",
      "期末持股数": "0",
      "间接持股数": "",
      "从公司获得年度报酬总额": "60000",
      "补贴津贴": "",
      "变动原因说明": "",
      "是否在股东或关联单位领取报酬津贴": "否",
      "在任与否": "是"
    },
    {
      "领导人姓名": "许家武",
      "职位描述": "独立董事",
      "期初持股数": "0",
      "期末持股数": "0",
      "间接持股数": "",
      "从公司获得年度报酬总额": "35900",
      "补贴津贴": "",
      "变动原因说明": "",
      "是否在股东或关联单位领取报酬津贴": "否",
      "在任与否": "是"
    },
    {
      "领导人姓名": "陈务平",
      "职位描述": "独立董事",
      "期初持股数": "0",
      "期末持股数": "0",
      "间接持股数": "",
      "从公司获得年度报酬总额": "60000",
      "补贴津贴": "",
      "变动原因说明": "",
      "是否在股东或关联单位领取报酬津贴": "否",
      "在任与否": "是"
    },
    {
      "领导人姓名": "张传忠",
      "职位描述": "独立董事",
      "期初持股数": "0",
      "期末持股数": "0",
      "间接持股数": "",
      "从公司获得年度报酬总额": "24200",
      "补贴津贴": "",
      "变动原因说明": "",
      "是否在股东或关联单位领取报酬津贴": "否",
      "在任与否": "否"
    },
    {
      "领导人姓名": "吴正峰",
      "职位描述": "副总经理",
      "期初持股数": "0",
      "期末持股数": "0",
      "间接持股数": "",
      "从公司获得年度报酬总额": "322900",
      "补贴津贴": "",
      "变动原因说明": "",
      "是否在股东或关联单位领取报酬津贴": "否",
      "在任与否": "是"
    },
    {
      "领导人姓名": "石双喜",
      "职位描述": "副总经理",
      "期初持股数": "0",
      "期末持股数": "0",
      "间接持股数": "",
      "从公司获得年度报酬总额": "466700",
      "补贴津贴": "",
      "变动原因说明": "",
      "是否在股东或关联单位领取报酬津贴": "否",
      "在任与否": "是"
    },
    {
      "领导人姓名": "姚广伍",
      "职位描述": "副总经理",
      "期初持股数": "0",
      "期末持股数": "0",
      "间接持股数": "",
      "从公司获得年度报酬总额": "446800",
      "补贴津贴": "",
      "变动原因说明": "",
      "是否在股东或关联单位领取报酬津贴": "否",
      "在任与否": "是"
    },
    {
      "领导人姓名": "闫维飞",
      "职位描述": "副总经理",
      "期初持股数": "0",
      "期末持股数": "0",
      "间接持股数": "",
      "从公司获得年度报酬总额": "354800",
      "补贴津贴": "",
      "变动原因说明": "",
      "是否在股东或关联单位领取报酬津贴": "否",
      "在任与否": "是"
    },
    {
      "领导人姓名": "王善彬",
      "职位描述": "董事会秘书",
      "期初持股数": "0",
      "期末持股数": "0",
      "间接持股数": "",
      "从公司获得年度报酬总额": "197300",
      "补贴津贴": "",
      "变动原因说明": "",
      "是否在股东或关联单位领取报酬津贴": "否",
      "在任与否": "是"
    }
  ]
}

=== 603556-2026-04-21-海兴电力-杭州海兴电力科技股份有限公司2025年年度报告.pdf ===
{
  "Leader_Salary_data": {
    "实际所得报酬总额起始": "11187800",
    "实际所得报酬总额截止": "11187800",
    "实际所得报酬总额涉及人数": ""
  },
  "Leader_Hold_data": [
    {
      "领导人姓名": "周良璋",
      "职位描述": "董事长",
      "期初持股数": "11064216",
      "期末持股数": "11064216",
      "间接持股数": "",
      "从公司获得年度报酬总额": "1626000",
      "补贴津贴": "",
      "变动原因说明": "",
      "是否在股东或关联单位领取报酬津贴": "否",
      "在任与否": "是"
    },
    {
      "领导人姓名": "李小青",
      "职位描述": "副董事长、财务负责人",
      "期初持股数": "42964103",
      "期末持股数": "42964103",
      "间接持股数": "",
      "从公司获得年度报酬总额": "1141800",
      "补贴津贴": "",
      "变动原因说明": "",
      "是否在股东或关联单位领取报酬津贴": "否",
      "在任与否": "是"
    },
    {
      "领导人姓名": "张仕权",
      "职位描述": "董事、总经理",
      "期初持股数": "0",
      "期末持股数": "0",
      "间接持股数": "",
      "从公司获得年度报酬总额": "2622500",
      "补贴津贴": "",
      "变动原因说明": "",
      "是否在股东或关联单位领取报酬津贴": "否",
      "在任与否": "是"
    },
    {
      "领导人姓名": "周君鹤",
      "职位描述": "董事",
      "期初持股数": "0",
      "期末持股数": "24313209",
      "间接持股数": "",
      "从公司获得年度报酬总额": "268600",
      "补贴津贴": "",
      "变动原因说明": "协议转让获取",
      "是否在股东或关联单位领取报酬津贴": "是",
      "在任与否": "是"
    },
    {
      "领导人姓名": "程锐",
      "职位描述": "董事、副总经理",
      "期初持股数": "0",
      "期末持股数": "0",
      "间接持股数": "",
      "从公司获得年度报酬总额": "3259600",
      "补贴津贴": "",
      "变动原因说明": "",
      "是否在股东或关联单位领取报酬津贴": "否",
      "在任与否": "是"
    },
    {
      "领导人姓名": "王素霞",
      "职位描述": "董事",
      "期初持股数": "0",
      "期末持股数": "0",
      "间接持股数": "",
      "从公司获得年度报酬总额": "918300",
      "补贴津贴": "",
      "变动原因说明": "",
      "是否在股东或关联单位领取报酬津贴": "否",
      "在任与否": "是"
    },
    {
      "领导人姓名": "魏美钟",
      "职位描述": "独立董事",
      "期初持股数": "0",
      "期末持股数": "0",
      "间接持股数": "",
      "从公司获得年度报酬总额": "11200",
      "补贴津贴": "",
      "变动原因说明": "",
      "是否在股东或关联单位领取报酬津贴": "是",
      "在任与否": "否"
    },
    {
      "领导人姓名": "张文亮",
      "职位描述": "独立董事",
      "期初持股数": "0",
      "期末持股数": "0",
      "间接持股数": "",
      "从公司获得年度报酬总额": "150000",
      "补贴津贴": "",
      "变动原因说明": "",
      "是否在股东或关联单位领取报酬津贴": "否",
      "在任与否": "是"
    },
    {
      "领导人姓名": "彭琳明",
      "职位描述": "独立董事",
      "期初持股数": "0",
      "期末持股数": "0",
      "间接持股数": "",
      "从公司获得年度报酬总额": "150000",
      "补贴津贴": "",
      "变动原因说明": "",
      "是否在股东或关联单位领取报酬津贴": "否",
      "在任与否": "是"
    },
    {
      "领导人姓名": "胡国柳",
      "职位描述": "独立董事",
      "期初持股数": "0",
      "期末持股数": "0",
      "间接持股数": "",
      "从公司获得年度报酬总额": "141300",
      "补贴津贴": "",
      "变动原因说明": "",
      "是否在股东或关联单位领取报酬津贴": "否",
      "在任与否": "是"
    },
    {
      "领导人姓名": "金依",
      "职位描述": "董事会秘书",
      "期初持股数": "9300",
      "期末持股数": "9300",
      "间接持股数": "",
      "从公司获得年度报酬总额": "898500",
      "补贴津贴": "",
      "变动原因说明": "",
      "是否在股东或关联单位领取报酬津贴": "否",
      "在任与否": "是"
    }
  ]
}

=== 603879-2026-04-21-永悦科技-永悦科技2025年年度报告.pdf ===
{
  "Leader_Salary_data": {
    "实际所得报酬总额起始": "3431400",
    "实际所得报酬总额截止": "3431400",
    "实际所得报酬总额涉及人数": ""
  },
  "Leader_Hold_data": [
    {
      "领导人姓名": "徐伟达",
      "职位描述": "副董事长、总经理、董事",
      "期初持股数": "145236",
      "期末持股数": "145236",
      "间接持股数": "",
      "从公司获得年度报酬总额": "516100",
      "补贴津贴": "",
      "变动原因说明": "",
      "是否在股东或关联单位领取报酬津贴": "否",
      "在任与否": "是"
    },
    {
      "领导人姓名": "董浩",
      "职位描述": "董事",
      "期初持股数": "317200",
      "期末持股数": "317200",
      "间接持股数": "",
      "从公司获得年度报酬总额": "600000",
      "补贴津贴": "",
      "变动原因说明": "",
      "是否在股东或关联单位领取报酬津贴": "否",
      "在任与否": "是"
    },
    {
      "领导人姓名": "徐成凤",
      "职位描述": "董事",
      "期初持股数": "355900",
      "期末持股数": "355900",
      "间接持股数": "",
      "从公司获得年度报酬总额": "651100",
      "补贴津贴": "",
      "变动原因说明": "",
      "是否在股东或关联单位领取报酬津贴": "否",
      "在任与否": "是"
    },
    {
      "领导人姓名": "董雪峰",
      "职位描述": "董事",
      "期初持股数": "700",
      "期末持股数": "700",
      "间接持股数": "",
      "从公司获得年度报酬总额": "0",
      "补贴津贴": "",
      "变动原因说明": "",
      "是否在股东或关联单位领取报酬津贴": "否",
      "在任与否": "是"
    },
    {
      "领导人姓名": "谢树志",
      "职位描述": "独立董事",
      "期初持股数": "0",
      "期末持股数": "0",
      "间接持股数": "",
      "从公司获得年度报酬总额": "100000",
      "补贴津贴": "100000",
      "变动原因说明": "",
      "是否在股东或关联单位领取报酬津贴": "否",
      "在任与否": "是"
    },
    {
      "领导人姓名": "余思彬",
      "职位描述": "独立董事",
      "期初持股数": "0",
      "期末持股数": "0",
      "间接持股数": "",
      "从公司获得年度报酬总额": "100000",
      "补贴津贴": "100000",
      "变动原因说明": "",
      "是否在股东或关联单位领取报酬津贴": "否",
      "在任与否": "是"
    },
    {
      "领导人姓名": "朱水宝",
      "职位描述": "副总经理、财务总监、董事会秘书（离任）",
      "期初持股数": "216832",
      "期末持股数": "216832",
      "间接持股数": "",
      "从公司获得年度报酬总额": "707100",
      "补贴津贴": "",
      "变动原因说明": "",
      "是否在股东或关联单位领取报酬津贴": "否",
      "在任与否": "是"
    },
    {
      "领导人姓名": "姚俊宾",
      "职位描述": "董事会秘书",
      "期初持股数": "0",
      "期末持股数": "0",
      "间接持股数": "",
      "从公司获得年度报酬总额": "600500",
      "补贴津贴": "",
      "变动原因说明": "",
      "是否在股东或关联单位领取报酬津贴": "否",
      "在任与否": "是"
    },
    {
      "领导人姓名": "陈志恒",
      "职位描述": "副总经理、销售部总监",
      "期初持股数": "0",
      "期末持股数": "0",
      "间接持股数": "",
      "从公司获得年度报酬总额": "356600",
      "补贴津贴": "",
      "变动原因说明": "",
      "是否在股东或关联单位领取报酬津贴": "否",
      "在任与否": "是"
    }
  ]
}

=== 603281-2026-04-21-江瀚新材-2025年年度报告.pdf ===
{
  "Leader_Salary_data": {
    "实际所得报酬总额起始": "42082600",
    "实际所得报酬总额截止": "42082600",
    "实际所得报酬总额涉及人数": ""
  },
  "Leader_Hold_data": [
    {
      "领导人姓名": "甘书官",
      "职位描述": "董事长",
      "期初持股数": "37786403",
      "期末持股数": "37786403",
      "间接持股数": "",
      "从公司获得年度报酬总额": "7063300",
      "补贴津贴": "",
      "变动原因说明": "",
      "是否在股东或关联单位领取报酬津贴": "否",
      "在任与否": "是"
    },
    {
      "领导人姓名": "甘俊",
      "职位描述": "副董事长、总经理",
      "期初持股数": "20308400",
      "期末持股数": "20308400",
      "间接持股数": "",
      "从公司获得年度报酬总额": "6983800",
      "补贴津贴": "",
      "变动原因说明": "",
      "是否在股东或关联单位领取报酬津贴": "否",
      "在任与否": "是"
    },
    {
      "领导人姓名": "简永强",
      "职位描述": "职工代表董事、分管安全环保的常务副总经理",
      "期初持股数": "5991731",
      "期末持股数": "5991731",
      "间接持股数": "",
      "从公司获得年度报酬总额": "6287000",
      "补贴津贴": "",
      "变动原因说明": "",
      "是否在股东或关联单位领取报酬津贴": "否",
      "在任与否": "是"
    },
    {
      "领导人姓名": "贺有华",
      "职位描述": "董事",
      "期初持股数": "34300476",
      "期末持股数": "34300476",
      "间接持股数": "",
      "从公司获得年度报酬总额": "1397800",
      "补贴津贴": "",
      "变动原因说明": "",
      "是否在股东或关联单位领取报酬津贴": "否",
      "在任与否": "是"
    },
    {
      "领导人姓名": "尹超",
      "职位描述": "董事",
      "期初持股数": "23800000",
      "期末持股数": "23800000",
      "间接持股数": "",
      "从公司获得年度报酬总额": "1397800",
      "补贴津贴": "",
      "变动原因说明": "",
      "是否在股东或关联单位领取报酬津贴": "是",
      "在任与否": "是"
    },
    {
      "领导人姓名": "陈太平",
      "职位描述": "董事",
      "期初持股数": "18244673",
      "期末持股数": "18244673",
      "间接持股数": "",
      "从公司获得年度报酬总额": "1397800",
      "补贴津贴": "",
      "变动原因说明": "",
      "是否在股东或关联单位领取报酬津贴": "是",
      "在任与否": "是"
    },
    {
      "领导人姓名": "杨晓勇",
      "职位描述": "独立董事",
      "期初持股数": "",
      "期末持股数": "",
      "间接持股数": "",
      "从公司获得年度报酬总额": "150000",
      "补贴津贴": "",
      "变动原因说明": "",
      "是否在股东或关联单位领取报酬津贴": "否",
      "在任与否": "是"
    },
    {
      "领导人姓名": "罗传泉",
      "职位描述": "独立董事",
      "期初持股数": "",
      "期末持股数": "",
      "间接持股数": "",
      "从公司获得年度报酬总额": "150000",
      "补贴津贴": "",
      "变动原因说明": "",
      "是否在股东或关联单位领取报酬津贴": "否",
      "在任与否": "是"
    },
    {
      "领导人姓名": "吴松成",
      "职位描述": "独立董事",
      "期初持股数": "",
      "期末持股数": "",
      "间接持股数": "",
      "从公司获得年度报酬总额": "150000",
      "补贴津贴": "",
      "变动原因说明": "",
      "是否在股东或关联单位领取报酬津贴": "否",
      "在任与否": "是"
    },
    {
      "领导人姓名": "侯贤凤",
      "职位描述": "财务总监",
      "期初持股数": "4731657",
      "期末持股数": "4731657",
      "间接持股数": "",
      "从公司获得年度报酬总额": "3997500",
      "补贴津贴": "",
      "变动原因说明": "",
      "是否在股东或关联单位领取报酬津贴": "否",
      "在任与否": "是"
    },
    {
      "领导人姓名": "阮少阳",
      "职位描述": "技术总监",
      "期初持股数": "3360000",
      "期末持股数": "3360000",
      "间接持股数": "",
      "从公司获得年度报酬总额": "4570700",
      "补贴津贴": "",
      "变动原因说明": "",
      "是否在股东或关联单位领取报酬津贴": "否",
      "在任与否": "是"
    },
    {
      "领导人姓名": "李云强",
      "职位描述": "分管生产的副总经理",
      "期初持股数": "4425831",
      "期末持股数": "4425831",
      "间接持股数": "",
      "从公司获得年度报酬总额": "4015800",
      "补贴津贴": "",
      "变动原因说明": "",
      "是否在股东或关联单位领取报酬津贴": "否",
      "在任与否": "是"
    },
    {
      "领导人姓名": "汤艳",
      "职位描述": "分管质检和行政事务的副总经理",
      "期初持股数": "3726520",
      "期末持股数": "3726520",
      "间接持股数": "",
      "从公司获得年度报酬总额": "4001500",
      "补贴津贴": "",
      "变动原因说明": "",
      "是否在股东或关联单位领取报酬津贴": "否",
      "在任与否": "是"
    },
    {
      "领导人姓名": "罗恒",
      "职位描述": "董事会秘书",
      "期初持股数": "",
      "期末持股数": "",
      "间接持股数": "",
      "从公司获得年度报酬总额": "519600",
      "补贴津贴": "",
      "变动原因说明": "",
      "是否在股东或关联单位领取报酬津贴": "否",
      "在任与否": "是"
    },
    {
      "领导人姓名": "贺旭峰",
      "职位描述": "监事会主席",
      "期初持股数": "10305400",
      "期末持股数": "6560775",
      "间接持股数": "",
      "从公司获得年度报酬总额": "355500",
      "补贴津贴": "",
      "变动原因说明": "个人资金需求及家庭内部转让",
      "是否在股东或关联单位领取报酬津贴": "否",
      "在任与否": "否"
    },
    {
      "领导人姓名": "谢永峰",
      "职位描述": "监事",
      "期初持股数": "16660000",
      "期末持股数": "16660000",
      "间接持股数": "",
      "从公司获得年度报酬总额": "266600",
      "补贴津贴": "",
      "变动原因说明": "",
      "是否在股东或关联单位领取报酬津贴": "否",
      "在任与否": "否"
    },
    {
      "领导人姓名": "胡茜",
      "职位描述": "职工代表监事",
      "期初持股数": "",
      "期末持股数": "",
      "间接持股数": "",
      "从公司获得年度报酬总额": "1072500",
      "补贴津贴": "",
      "变动原因说明": "",
      "是否在股东或关联单位领取报酬津贴": "否",
      "在任与否": "否"
    }
  ]
}

=== 603392-2026-04-21-万泰生物-万泰生物2025年年度报告.pdf ===
{
  "Leader_Salary_data": {
    "实际所得报酬总额起始": "11599500",
    "实际所得报酬总额截止": "11599500",
    "实际所得报酬总额涉及人数": ""
  },
  "Leader_Hold_data": [
    {
      "领导人姓名": "邱子欣",
      "职位描述": "董事长",
      "期初持股数": "44846760",
      "期末持股数": "44846760",
      "间接持股数": "",
      "从公司获得年度报酬总额": "1420000",
      "补贴津贴": "",
      "变动原因说明": "",
      "是否在股东或关联单位领取报酬津贴": "否",
      "在任与否": "是"
    },
    {
      "领导人姓名": "JIANG ZHIMING",
      "职位描述": "总经理、董事",
      "期初持股数": "0",
      "期末持股数": "0",
      "间接持股数": "",
      "从公司获得年度报酬总额": "3241600",
      "补贴津贴": "",
      "变动原因说明": "",
      "是否在股东或关联单位领取报酬津贴": "否",
      "在任与否": "是"
    },
    {
      "领导人姓名": "李亚梅",
      "职位描述": "董事",
      "期初持股数": "0",
      "期末持股数": "0",
      "间接持股数": "",
      "从公司获得年度报酬总额": "",
      "补贴津贴": "",
      "变动原因说明": "",
      "是否在股东或关联单位领取报酬津贴": "是",
      "在任与否": "是"
    },
    {
      "领导人姓名": "王豫川",
      "职位描述": "董事",
      "期初持股数": "0",
      "期末持股数": "0",
      "间接持股数": "",
      "从公司获得年度报酬总额": "",
      "补贴津贴": "",
      "变动原因说明": "",
      "是否在股东或关联单位领取报酬津贴": "是",
      "在任与否": "是"
    },
    {
      "领导人姓名": "崔萱林",
      "职位描述": "独立董事",
      "期初持股数": "0",
      "期末持股数": "0",
      "间接持股数": "",
      "从公司获得年度报酬总额": "240000",
      "补贴津贴": "",
      "变动原因说明": "",
      "是否在股东或关联单位领取报酬津贴": "否",
      "在任与否": "是"
    },
    {
      "领导人姓名": "邢会强",
      "职位描述": "独立董事",
      "期初持股数": "0",
      "期末持股数": "0",
      "间接持股数": "",
      "从公司获得年度报酬总额": "240000",
      "补贴津贴": "",
      "变动原因说明": "",
      "是否在股东或关联单位领取报酬津贴": "否",
      "在任与否": "是"
    },
    {
      "领导人姓名": "王玉涛",
      "职位描述": "独立董事",
      "期初持股数": "0",
      "期末持股数": "0",
      "间接持股数": "",
      "从公司获得年度报酬总额": "156400",
      "补贴津贴": "",
      "变动原因说明": "",
      "是否在股东或关联单位领取报酬津贴": "否",
      "在任与否": "是"
    },
    {
      "领导人姓名": "吕赟",
      "职位描述": "董事、财务总监",
      "期初持股数": "0",
      "期末持股数": "0",
      "间接持股数": "",
      "从公司获得年度报酬总额": "1182200",
      "补贴津贴": "",
      "变动原因说明": "",
      "是否在股东或关联单位领取报酬津贴": "否",
      "在任与否": "是"
    },
    {
      "领导人姓名": "陈淏",
      "职位描述": "职工监事、职工董事",
      "期初持股数": "0",
      "期末持股数": "0",
      "间接持股数": "",
      "从公司获得年度报酬总额": "266900",
      "补贴津贴": "",
      "变动原因说明": "",
      "是否在股东或关联单位领取报酬津贴": "否",
      "在任与否": "是"
    },
    {
      "领导人姓名": "叶祥忠",
      "职位描述": "副总经理",
      "期初持股数": "462079",
      "期末持股数": "362779",
      "间接持股数": "",
      "从公司获得年度报酬总额": "1337400",
      "补贴津贴": "",
      "变动原因说明": "减持",
      "是否在股东或关联单位领取报酬津贴": "否",
      "在任与否": "是"
    },
    {
      "领导人姓名": "赵灵芝",
      "职位描述": "副总经理",
      "期初持股数": "1695308",
      "期末持股数": "1295308",
      "间接持股数": "",
      "从公司获得年度报酬总额": "1193100",
      "补贴津贴": "",
      "变动原因说明": "减持",
      "是否在股东或关联单位领取报酬津贴": "否",
      "在任与否": "是"
    },
    {
      "领导人姓名": "潘晖榕",
      "职位描述": "副总经理",
      "期初持股数": "",
      "期末持股数": "0",
      "间接持股数": "",
      "从公司获得年度报酬总额": "1016200",
      "补贴津贴": "",
      "变动原因说明": "",
      "是否在股东或关联单位领取报酬津贴": "否",
      "在任与否": "是"
    },
    {
      "领导人姓名": "余涛",
      "职位描述": "董事会秘书",
      "期初持股数": "369130",
      "期末持股数": "369130",
      "间接持股数": "",
      "从公司获得年度报酬总额": "938900",
      "补贴津贴": "",
      "变动原因说明": "",
      "是否在股东或关联单位领取报酬津贴": "否",
      "在任与否": "否"
    },
    {
      "领导人姓名": "赵治纲",
      "职位描述": "独立董事",
      "期初持股数": "0",
      "期末持股数": "0",
      "间接持股数": "",
      "从公司获得年度报酬总额": "104500",
      "补贴津贴": "",
      "变动原因说明": "",
      "是否在股东或关联单位领取报酬津贴": "否",
      "在任与否": "否"
    },
    {
      "领导人姓名": "邢庆超",
      "职位描述": "监事会主席",
      "期初持股数": "0",
      "期末持股数": "0",
      "间接持股数": "",
      "从公司获得年度报酬总额": "",
      "补贴津贴": "",
      "变动原因说明": "",
      "是否在股东或关联单位领取报酬津贴": "是",
      "在任与否": "否"
    },
    {
      "领导人姓名": "陈存仁",
      "职位描述": "监事",
      "期初持股数": "0",
      "期末持股数": "0",
      "间接持股数": "",
      "从公司获得年度报酬总额": "262300",
      "补贴津贴": "",
      "变动原因说明": "",
      "是否在股东或关联单位领取报酬津贴": "否",
      "在任与否": "否"
    }
  ]
}

=== 603788-2026-04-21-宁波高发-宁波高发2025年年度报告.pdf ===
{
  "Leader_Salary_data": {
    "实际所得报酬总额起始": "3692600",
    "实际所得报酬总额截止": "3692600",
    "实际所得报酬总额涉及人数": ""
  },
  "Leader_Hold_data": [
    {
      "领导人姓名": "钱高法",
      "职位描述": "董事、董事长",
      "期初持股数": "10956400",
      "期末持股数": "10956400",
      "间接持股数": "",
      "从公司获得年度报酬总额": "570100",
      "补贴津贴": "",
      "变动原因说明": "",
      "是否在股东或关联单位领取报酬津贴": "否",
      "在任与否": "是"
    },
    {
      "领导人姓名": "钱国年",
      "职位描述": "董事、总经理",
      "期初持股数": "9739100",
      "期末持股数": "9739100",
      "间接持股数": "",
      "从公司获得年度报酬总额": "579600",
      "补贴津贴": "",
      "变动原因说明": "",
      "是否在股东或关联单位领取报酬津贴": "否",
      "在任与否": "是"
    },
    {
      "领导人姓名": "钱国耀",
      "职位描述": "董事、副董事长、总工程师",
      "期初持股数": "9739100",
      "期末持股数": "9739100",
      "间接持股数": "",
      "从公司获得年度报酬总额": "579600",
      "补贴津贴": "",
      "变动原因说明": "",
      "是否在股东或关联单位领取报酬津贴": "否",
      "在任与否": "是"
    },
    {
      "领导人姓名": "朱志荣",
      "职位描述": "董事、财务总监",
      "期初持股数": "315000",
      "期末持股数": "315000",
      "间接持股数": "",
      "从公司获得年度报酬总额": "532000",
      "补贴津贴": "",
      "变动原因说明": "",
      "是否在股东或关联单位领取报酬津贴": "否",
      "在任与否": "是"
    },
    {
      "领导人姓名": "蒋伟",
      "职位描述": "董事",
      "期初持股数": "0",
      "期末持股数": "0",
      "间接持股数": "",
      "从公司获得年度报酬总额": "0",
      "补贴津贴": "",
      "变动原因说明": "",
      "是否在股东或关联单位领取报酬津贴": "是",
      "在任与否": "是"
    },
    {
      "领导人姓名": "屠益民",
      "职位描述": "职工代表董事",
      "期初持股数": "57260",
      "期末持股数": "57260",
      "间接持股数": "",
      "从公司获得年度报酬总额": "428700",
      "补贴津贴": "",
      "变动原因说明": "",
      "是否在股东或关联单位领取报酬津贴": "否",
      "在任与否": "是"
    },
    {
      "领导人姓名": "李成艾",
      "职位描述": "独立董事",
      "期初持股数": "0",
      "期末持股数": "0",
      "间接持股数": "",
      "从公司获得年度报酬总额": "60000",
      "补贴津贴": "",
      "变动原因说明": "",
      "是否在股东或关联单位领取报酬津贴": "否",
      "在任与否": "是"
    },
    {
      "领导人姓名": "周凯",
      "职位描述": "独立董事",
      "期初持股数": "0",
      "期末持股数": "0",
      "间接持股数": "",
      "从公司获得年度报酬总额": "60000",
      "补贴津贴": "",
      "变动原因说明": "",
      "是否在股东或关联单位领取报酬津贴": "否",
      "在任与否": "是"
    },
    {
      "领导人姓名": "吴伟明",
      "职位描述": "独立董事",
      "期初持股数": "0",
      "期末持股数": "0",
      "间接持股数": "",
      "从公司获得年度报酬总额": "60000",
      "补贴津贴": "",
      "变动原因说明": "",
      "是否在股东或关联单位领取报酬津贴": "否",
      "在任与否": "是"
    },
    {
      "领导人姓名": "周宏",
      "职位描述": "副总经理",
      "期初持股数": "105000",
      "期末持股数": "105000",
      "间接持股数": "",
      "从公司获得年度报酬总额": "426700",
      "补贴津贴": "",
      "变动原因说明": "",
      "是否在股东或关联单位领取报酬津贴": "否",
      "在任与否": "是"
    },
    {
      "领导人姓名": "彭丽娜",
      "职位描述": "董事会秘书",
      "期初持股数": "0",
      "期末持股数": "0",
      "间接持股数": "",
      "从公司获得年度报酬总额": "395800",
      "补贴津贴": "",
      "变动原因说明": "",
      "是否在股东或关联单位领取报酬津贴": "否",
      "在任与否": "是"
    },
    {
      "领导人姓名": "王晓静",
      "职位描述": "监事会主席",
      "期初持股数": "0",
      "期末持股数": "0",
      "间接持股数": "",
      "从公司获得年度报酬总额": "329400",
      "补贴津贴": "",
      "变动原因说明": "",
      "是否在股东或关联单位领取报酬津贴": "否",
      "在任与否": "否"
    },
    {
      "领导人姓名": "应浩森",
      "职位描述": "监事",
      "期初持股数": "0",
      "期末持股数": "0",
      "间接持股数": "",
      "从公司获得年度报酬总额": "437300",
      "补贴津贴": "",
      "变动原因说明": "",
      "是否在股东或关联单位领取报酬津贴": "否",
      "在任与否": "否"
    },
    {
      "领导人姓名": "陆立成",
      "职位描述": "职工代表监事",
      "期初持股数": "0",
      "期末持股数": "0",
      "间接持股数": "",
      "从公司获得年度报酬总额": "142400",
      "补贴津贴": "",
      "变动原因说明": "",
      "是否在股东或关联单位领取报酬津贴": "否",
      "在任与否": "否"
    }
  ]
}

=== 603680-2026-04-21-今创集团-2025年年度报告.pdf ===
{
  "Leader_Salary_data": {
    "实际所得报酬总额起始": "8204000",
    "实际所得报酬总额截止": "8204000",
    "实际所得报酬总额涉及人数": ""
  },
  "Leader_Hold_data": [
    {
      "领导人姓名": "俞金坤",
      "职位描述": "董事长",
      "期初持股数": "233352887",
      "期末持股数": "233352887",
      "间接持股数": "",
      "从公司获得年度报酬总额": "1500000",
      "补贴津贴": "",
      "变动原因说明": "",
      "是否在股东或关联单位领取报酬津贴": "否",
      "在任与否": "是"
    },
    {
      "领导人姓名": "戈建鸣",
      "职位描述": "董事、总经理",
      "期初持股数": "224201792",
      "期末持股数": "224201792",
      "间接持股数": "",
      "从公司获得年度报酬总额": "1500000",
      "补贴津贴": "",
      "变动原因说明": "",
      "是否在股东或关联单位领取报酬津贴": "否",
      "在任与否": "是"
    },
    {
      "领导人姓名": "胡丽敏",
      "职位描述": "董事、副总经理、财务总监",
      "期初持股数": "0",
      "期末持股数": "0",
      "间接持股数": "",
      "从公司获得年度报酬总额": "1000000",
      "补贴津贴": "",
      "变动原因说明": "",
      "是否在股东或关联单位领取报酬津贴": "否",
      "在任与否": "是"
    },
    {
      "领导人姓名": "金琰",
      "职位描述": "董事、副总经理",
      "期初持股数": "341300",
      "期末持股数": "341300",
      "间接持股数": "",
      "从公司获得年度报酬总额": "1200000",
      "补贴津贴": "",
      "变动原因说明": "",
      "是否在股东或关联单位领取报酬津贴": "否",
      "在任与否": "是"
    },
    {
      "领导人姓名": "李军",
      "职位描述": "董事、副总经理",
      "期初持股数": "313600",
      "期末持股数": "313600",
      "间接持股数": "",
      "从公司获得年度报酬总额": "1160000",
      "补贴津贴": "",
      "变动原因说明": "",
      "是否在股东或关联单位领取报酬津贴": "否",
      "在任与否": "是"
    },
    {
      "领导人姓名": "王亦金",
      "职位描述": "副总经理、职工代表董事",
      "期初持股数": "313200",
      "期末持股数": "313200",
      "间接持股数": "",
      "从公司获得年度报酬总额": "600000",
      "补贴津贴": "",
      "变动原因说明": "",
      "是否在股东或关联单位领取报酬津贴": "否",
      "在任与否": "是"
    },
    {
      "领导人姓名": "李忠贤",
      "职位描述": "独立董事",
      "期初持股数": "0",
      "期末持股数": "0",
      "间接持股数": "",
      "从公司获得年度报酬总额": "70000",
      "补贴津贴": "",
      "变动原因说明": "",
      "是否在股东或关联单位领取报酬津贴": "否",
      "在任与否": "是"
    },
    {
      "领导人姓名": "朱沪生",
      "职位描述": "独立董事",
      "期初持股数": "0",
      "期末持股数": "0",
      "间接持股数": "",
      "从公司获得年度报酬总额": "80000",
      "补贴津贴": "",
      "变动原因说明": "",
      "是否在股东或关联单位领取报酬津贴": "否",
      "在任与否": "是"
    },
    {
      "领导人姓名": "史庆兰",
      "职位描述": "独立董事",
      "期初持股数": "0",
      "期末持股数": "0",
      "间接持股数": "",
      "从公司获得年度报酬总额": "70000",
      "补贴津贴": "",
      "变动原因说明": "",
      "是否在股东或关联单位领取报酬津贴": "否",
      "在任与否": "是"
    },
    {
      "领导人姓名": "高锋",
      "职位描述": "副总经理、董事会秘书",
      "期初持股数": "0",
      "期末持股数": "0",
      "间接持股数": "",
      "从公司获得年度报酬总额": "589000",
      "补贴津贴": "",
      "变动原因说明": "",
      "是否在股东或关联单位领取报酬津贴": "否",
      "在任与否": "是"
    },
    {
      "领导人姓名": "曹章保",
      "职位描述": "副总经理",
      "期初持股数": "342000",
      "期末持股数": "342000",
      "间接持股数": "",
      "从公司获得年度报酬总额": "1200000",
      "补贴津贴": "",
      "变动原因说明": "",
      "是否在股东或关联单位领取报酬津贴": "否",
      "在任与否": "是"
    },
    {
      "领导人姓名": "王洪斌",
      "职位描述": "副总经理",
      "期初持股数": "170700",
      "期末持股数": "170700",
      "间接持股数": "",
      "从公司获得年度报酬总额": "660000",
      "补贴津贴": "",
      "变动原因说明": "",
      "是否在股东或关联单位领取报酬津贴": "否",
      "在任与否": "是"
    },
    {
      "领导人姓名": "邹春中",
      "职位描述": "副总经理",
      "期初持股数": "227500",
      "期末持股数": "170700",
      "间接持股数": "",
      "从公司获得年度报酬总额": "34000",
      "补贴津贴": "",
      "变动原因说明": "离任后减持",
      "是否在股东或关联单位领取报酬津贴": "否",
      "在任与否": "否"
    },
    {
      "领导人姓名": "戈耀红",
      "职位描述": "董事、总经理",
      "期初持股数": "1824000",
      "期末持股数": "1824000",
      "间接持股数": "",
      "从公司获得年度报酬总额": "625000",
      "补贴津贴": "",
      "变动原因说明": "",
      "是否在股东或关联单位领取报酬津贴": "否",
      "在任与否": "否"
    }
  ]
}

=== 603887-2026-04-21-城地香江-上海城地香江数据科技股份有限公司2025年年度报告.pdf ===
{
  "Leader_Salary_data": {
    "实际所得报酬总额起始": "15928200",
    "实际所得报酬总额截止": "15928200",
    "实际所得报酬总额涉及人数": ""
  },
  "Leader_Hold_data": [
    {
      "领导人姓名": "张杨",
      "职位描述": "董事长、总裁",
      "期初持股数": "400000",
      "期末持股数": "200000",
      "间接持股数": "",
      "从公司获得年度报酬总额": "3944700",
      "补贴津贴": "",
      "变动原因说明": "因第一期股权激励业绩未达标，公司对相关限售股进行了回购注销",
      "是否在股东或关联单位领取报酬津贴": "否",
      "在任与否": "是"
    },
    {
      "领导人姓名": "王志远",
      "职位描述": "董事、联席总裁",
      "期初持股数": "500000",
      "期末持股数": "250000",
      "间接持股数": "",
      "从公司获得年度报酬总额": "4802700",
      "补贴津贴": "",
      "变动原因说明": "因第一期股权激励业绩未达标，公司对相关限售股进行了回购注销",
      "是否在股东或关联单位领取报酬津贴": "否",
      "在任与否": "是"
    },
    {
      "领导人姓名": "鲍鸣",
      "职位描述": "董事、董事会秘书",
      "期初持股数": "0",
      "期末持股数": "0",
      "间接持股数": "",
      "从公司获得年度报酬总额": "680000",
      "补贴津贴": "",
      "变动原因说明": "",
      "是否在股东或关联单位领取报酬津贴": "否",
      "在任与否": "是"
    },
    {
      "领导人姓名": "吴凤林",
      "职位描述": "董事、副总裁",
      "期初持股数": "500000",
      "期末持股数": "250000",
      "间接持股数": "",
      "从公司获得年度报酬总额": "2077900",
      "补贴津贴": "",
      "变动原因说明": "因第一期股权激励业绩未达标，公司对相关限售股进行了回购注销",
      "是否在股东或关联单位领取报酬津贴": "否",
      "在任与否": "是"
    },
    {
      "领导人姓名": "韩维芳",
      "职位描述": "独立董事",
      "期初持股数": "0",
      "期末持股数": "0",
      "间接持股数": "",
      "从公司获得年度报酬总额": "70000",
      "补贴津贴": "",
      "变动原因说明": "",
      "是否在股东或关联单位领取报酬津贴": "否",
      "在任与否": "是"
    },
    {
      "领导人姓名": "周坚",
      "职位描述": "独立董事",
      "期初持股数": "0",
      "期末持股数": "0",
      "间接持股数": "",
      "从公司获得年度报酬总额": "70000",
      "补贴津贴": "",
      "变动原因说明": "",
      "是否在股东或关联单位领取报酬津贴": "否",
      "在任与否": "是"
    },
    {
      "领导人姓名": "杨永华",
      "职位描述": "独立董事",
      "期初持股数": "0",
      "期末持股数": "0",
      "间接持股数": "",
      "从公司获得年度报酬总额": "0",
      "补贴津贴": "",
      "变动原因说明": "",
      "是否在股东或关联单位领取报酬津贴": "",
      "在任与否": "是"
    },
    {
      "领导人姓名": "肖长春",
      "职位描述": "独立董事",
      "期初持股数": "0",
      "期末持股数": "0",
      "间接持股数": "",
      "从公司获得年度报酬总额": "49400",
      "补贴津贴": "",
      "变动原因说明": "",
      "是否在股东或关联单位领取报酬津贴": "否",
      "在任与否": "否"
    },
    {
      "领导人姓名": "杨子江",
      "职位描述": "财务总监",
      "期初持股数": "0",
      "期末持股数": "0",
      "间接持股数": "",
      "从公司获得年度报酬总额": "986400",
      "补贴津贴": "",
      "变动原因说明": "",
      "是否在股东或关联单位领取报酬津贴": "否",
      "在任与否": "是"
    },
    {
      "领导人姓名": "许奇",
      "职位描述": "副总裁",
      "期初持股数": "524960",
      "期末持股数": "274960",
      "间接持股数": "",
      "从公司获得年度报酬总额": "541600",
      "补贴津贴": "",
      "变动原因说明": "因第一期股权激励业绩未达标，公司对相关限售股进行了回购注销",
      "是否在股东或关联单位领取报酬津贴": "否",
      "在任与否": "是"
    },
    {
      "领导人姓名": "陈俊",
      "职位描述": "副总裁",
      "期初持股数": "500000",
      "期末持股数": "250000",
      "间接持股数": "",
      "从公司获得年度报酬总额": "2685000",
      "补贴津贴": "",
      "变动原因说明": "因第一期股权激励业绩未达标，公司对相关限售股进行了回购注销",
      "是否在股东或关联单位领取报酬津贴": "否",
      "在任与否": "是"
    },
    {
      "领导人姓名": "蒋雁翔",
      "职位描述": "独立董事",
      "期初持股数": "0",
      "期末持股数": "0",
      "间接持股数": "",
      "从公司获得年度报酬总额": "20600",
      "补贴津贴": "",
      "变动原因说明": "",
      "是否在股东或关联单位领取报酬津贴": "否",
      "在任与否": "否"
    }
  ]
}

=== 605068-2026-04-21-明新旭腾-明新旭腾2025年年度报告.pdf ===
{
  "Leader_Salary_data": {
    "实际所得报酬总额起始": "4776300",
    "实际所得报酬总额截止": "4776300",
    "实际所得报酬总额涉及人数": ""
  },
  "Leader_Hold_data": [
    {
      "领导人姓名": "庄君新",
      "职位描述": "董事长、总经理",
      "期初持股数": "43304000",
      "期末持股数": "43304000",
      "间接持股数": "",
      "从公司获得年度报酬总额": "983000",
      "补贴津贴": "",
      "变动原因说明": "",
      "是否在股东或关联单位领取报酬津贴": "否",
      "在任与否": "是"
    },
    {
      "领导人姓名": "余海洁",
      "职位描述": "董事、副总经理",
      "期初持股数": "10000",
      "期末持股数": "10000",
      "间接持股数": "",
      "从公司获得年度报酬总额": "585400",
      "补贴津贴": "",
      "变动原因说明": "",
      "是否在股东或关联单位领取报酬津贴": "否",
      "在任与否": "是"
    },
    {
      "领导人姓名": "刘贤军",
      "职位描述": "董事、副总经理",
      "期初持股数": "1000",
      "期末持股数": "1000",
      "间接持股数": "",
      "从公司获得年度报酬总额": "509900",
      "补贴津贴": "",
      "变动原因说明": "",
      "是否在股东或关联单位领取报酬津贴": "否",
      "在任与否": "否"
    },
    {
      "领导人姓名": "宁继鑫",
      "职位描述": "董事",
      "期初持股数": "",
      "期末持股数": "",
      "间接持股数": "",
      "从公司获得年度报酬总额": "662200",
      "补贴津贴": "",
      "变动原因说明": "",
      "是否在股东或关联单位领取报酬津贴": "否",
      "在任与否": "是"
    },
    {
      "领导人姓名": "田景岩",
      "职位描述": "独立董事",
      "期初持股数": "",
      "期末持股数": "",
      "间接持股数": "",
      "从公司获得年度报酬总额": "84000",
      "补贴津贴": "",
      "变动原因说明": "",
      "是否在股东或关联单位领取报酬津贴": "否",
      "在任与否": "是"
    },
    {
      "领导人姓名": "张惠忠",
      "职位描述": "独立董事",
      "期初持股数": "",
      "期末持股数": "",
      "间接持股数": "",
      "从公司获得年度报酬总额": "84000",
      "补贴津贴": "",
      "变动原因说明": "",
      "是否在股东或关联单位领取报酬津贴": "否",
      "在任与否": "是"
    },
    {
      "领导人姓名": "费锦红",
      "职位描述": "独立董事",
      "期初持股数": "",
      "期末持股数": "",
      "间接持股数": "",
      "从公司获得年度报酬总额": "84000",
      "补贴津贴": "",
      "变动原因说明": "",
      "是否在股东或关联单位领取报酬津贴": "否",
      "在任与否": "是"
    },
    {
      "领导人姓名": "卜凤燕",
      "职位描述": "董事",
      "期初持股数": "1100",
      "期末持股数": "1100",
      "间接持股数": "",
      "从公司获得年度报酬总额": "251100",
      "补贴津贴": "",
      "变动原因说明": "",
      "是否在股东或关联单位领取报酬津贴": "否",
      "在任与否": "是"
    },
    {
      "领导人姓名": "罗政",
      "职位描述": "董事会秘书、副总经理",
      "期初持股数": "",
      "期末持股数": "",
      "间接持股数": "",
      "从公司获得年度报酬总额": "145600",
      "补贴津贴": "",
      "变动原因说明": "",
      "是否在股东或关联单位领取报酬津贴": "否",
      "在任与否": "是"
    },
    {
      "领导人姓名": "李萍",
      "职位描述": "财务总监",
      "期初持股数": "1000",
      "期末持股数": "1000",
      "间接持股数": "",
      "从公司获得年度报酬总额": "420200",
      "补贴津贴": "",
      "变动原因说明": "",
      "是否在股东或关联单位领取报酬津贴": "否",
      "在任与否": "是"
    },
    {
      "领导人姓名": "赵成进",
      "职位描述": "副总经理",
      "期初持股数": "1000",
      "期末持股数": "1000",
      "间接持股数": "",
      "从公司获得年度报酬总额": "606600",
      "补贴津贴": "",
      "变动原因说明": "",
      "是否在股东或关联单位领取报酬津贴": "否",
      "在任与否": "是"
    },
    {
      "领导人姓名": "袁春怡",
      "职位描述": "董事会秘书",
      "期初持股数": "1000",
      "期末持股数": "1000",
      "间接持股数": "",
      "从公司获得年度报酬总额": "360300",
      "补贴津贴": "",
      "变动原因说明": "",
      "是否在股东或关联单位领取报酬津贴": "否",
      "在任与否": "否"
    }
  ]
}

=== 603987-2026-04-21-康德莱-上海康德莱企业发展集团股份有限公司2025年年度报告.pdf ===
{
  "Leader_Salary_data": {
    "实际所得报酬总额起始": "8030201",
    "实际所得报酬总额截止": "8030201",
    "实际所得报酬总额涉及人数": ""
  },
  "Leader_Hold_data": [
    {
      "领导人姓名": "张宪淼",
      "职位描述": "董事长",
      "期初持股数": "36302327",
      "期末持股数": "31716023",
      "间接持股数": "",
      "从公司获得年度报酬总额": "0.01",
      "补贴津贴": "",
      "变动原因说明": "注1",
      "是否在股东或关联单位领取报酬津贴": "是",
      "在任与否": "否"
    },
    {
      "领导人姓名": "陈红琴",
      "职位描述": "董事长、副董事长",
      "期初持股数": "175160",
      "期末持股数": "165665",
      "间接持股数": "",
      "从公司获得年度报酬总额": "1140000",
      "补贴津贴": "",
      "变动原因说明": "注1",
      "是否在股东或关联单位领取报酬津贴": "否",
      "在任与否": "是"
    },
    {
      "领导人姓名": "项剑勇",
      "职位描述": "董事、副总经理、副董事长",
      "期初持股数": "2679776",
      "期末持股数": "2366490",
      "间接持股数": "",
      "从公司获得年度报酬总额": "1260000",
      "补贴津贴": "",
      "变动原因说明": "注1",
      "是否在股东或关联单位领取报酬津贴": "否",
      "在任与否": "是"
    },
    {
      "领导人姓名": "张维鑫",
      "职位描述": "董事、总经理",
      "期初持股数": "4026194",
      "期末持股数": "3549123",
      "间接持股数": "",
      "从公司获得年度报酬总额": "1530000",
      "补贴津贴": "",
      "变动原因说明": "注1",
      "是否在股东或关联单位领取报酬津贴": "否",
      "在任与否": "是"
    },
    {
      "领导人姓名": "章增华",
      "职位描述": "董事、副总经理",
      "期初持股数": "2755988",
      "期末持股数": "2439391",
      "间接持股数": "",
      "从公司获得年度报酬总额": "980000",
      "补贴津贴": "",
      "变动原因说明": "注1",
      "是否在股东或关联单位领取报酬津贴": "否",
      "在任与否": "否"
    },
    {
      "领导人姓名": "张勇",
      "职位描述": "董事、副总经理",
      "期初持股数": "1352599",
      "期末持股数": "1206984",
      "间接持股数": "",
      "从公司获得年度报酬总额": "1243200",
      "补贴津贴": "",
      "变动原因说明": "注1",
      "是否在股东或关联单位领取报酬津贴": "否",
      "在任与否": "是"
    },
    {
      "领导人姓名": "魏先军",
      "职位描述": "董事",
      "期初持股数": "0",
      "期末持股数": "0",
      "间接持股数": "",
      "从公司获得年度报酬总额": "0",
      "补贴津贴": "",
      "变动原因说明": "",
      "是否在股东或关联单位领取报酬津贴": "是",
      "在任与否": "是"
    },
    {
      "领导人姓名": "欧兰婷",
      "职位描述": "职工代表董事",
      "期初持股数": "0",
      "期末持股数": "0",
      "间接持股数": "",
      "从公司获得年度报酬总额": "178700",
      "补贴津贴": "",
      "变动原因说明": "",
      "是否在股东或关联单位领取报酬津贴": "否",
      "在任与否": "是"
    },
    {
      "领导人姓名": "邵军",
      "职位描述": "独立董事",
      "期初持股数": "0",
      "期末持股数": "0",
      "间接持股数": "",
      "从公司获得年度报酬总额": "100000",
      "补贴津贴": "",
      "变动原因说明": "",
      "是否在股东或关联单位领取报酬津贴": "否",
      "在任与否": "否"
    },
    {
      "领导人姓名": "郭超",
      "职位描述": "独立董事",
      "期初持股数": "0",
      "期末持股数": "0",
      "间接持股数": "",
      "从公司获得年度报酬总额": "100000",
      "补贴津贴": "",
      "变动原因说明": "",
      "是否在股东或关联单位领取报酬津贴": "否",
      "在任与否": "是"
    },
    {
      "领导人姓名": "杨峰",
      "职位描述": "独立董事",
      "期初持股数": "0",
      "期末持股数": "0",
      "间接持股数": "",
      "从公司获得年度报酬总额": "100000",
      "补贴津贴": "",
      "变动原因说明": "",
      "是否在股东或关联单位领取报酬津贴": "否",
      "在任与否": "是"
    },
    {
      "领导人姓名": "何亚南",
      "职位描述": "独立董事",
      "期初持股数": "0",
      "期末持股数": "0",
      "间接持股数": "",
      "从公司获得年度报酬总额": "0",
      "补贴津贴": "",
      "变动原因说明": "",
      "是否在股东或关联单位领取报酬津贴": "否",
      "在任与否": "是"
    },
    {
      "领导人姓名": "沈晓如",
      "职位描述": "财务总监",
      "期初持股数": "100000",
      "期末持股数": "100000",
      "间接持股数": "",
      "从公司获得年度报酬总额": "718300",
      "补贴津贴": "",
      "变动原因说明": "",
      "是否在股东或关联单位领取报酬津贴": "否",
      "在任与否": "是"
    },
    {
      "领导人姓名": "顾佳俊",
      "职位描述": "董事会秘书",
      "期初持股数": "100000",
      "期末持股数": "100000",
      "间接持股数": "",
      "从公司获得年度报酬总额": "680000",
      "补贴津贴": "",
      "变动原因说明": "",
      "是否在股东或关联单位领取报酬津贴": "否",
      "在任与否": "是"
    }
  ]
}

=== 605179-2026-04-21-一鸣食品-2025年年度报告.pdf ===
{
  "Leader_Salary_data": {
    "实际所得报酬总额起始": "5200200",
    "实际所得报酬总额截止": "5200200",
    "实际所得报酬总额涉及人数": ""
  },
  "Leader_Hold_data": [
    {
      "领导人姓名": "朱立科",
      "职位描述": "董事长、总经理",
      "期初持股数": "31756000",
      "期末持股数": "31756000",
      "间接持股数": "",
      "从公司获得年度报酬总额": "1068300",
      "补贴津贴": "",
      "变动原因说明": "",
      "是否在股东或关联单位领取报酬津贴": "否",
      "在任与否": "是"
    },
    {
      "领导人姓名": "朱立群",
      "职位描述": "董事",
      "期初持股数": "31756000",
      "期末持股数": "31756000",
      "间接持股数": "",
      "从公司获得年度报酬总额": "633000",
      "补贴津贴": "",
      "变动原因说明": "",
      "是否在股东或关联单位领取报酬津贴": "否",
      "在任与否": "是"
    },
    {
      "领导人姓名": "李红艳",
      "职位描述": "董事",
      "期初持股数": "15878000",
      "期末持股数": "15878000",
      "间接持股数": "",
      "从公司获得年度报酬总额": "620600",
      "补贴津贴": "",
      "变动原因说明": "",
      "是否在股东或关联单位领取报酬津贴": "否",
      "在任与否": "是"
    },
    {
      "领导人姓名": "吕占富",
      "职位描述": "董事、副总经理",
      "期初持股数": "0",
      "期末持股数": "0",
      "间接持股数": "",
      "从公司获得年度报酬总额": "586500",
      "补贴津贴": "",
      "变动原因说明": "",
      "是否在股东或关联单位领取报酬津贴": "否",
      "在任与否": "是"
    },
    {
      "领导人姓名": "朱枫",
      "职位描述": "董事",
      "期初持股数": "0",
      "期末持股数": "0",
      "间接持股数": "",
      "从公司获得年度报酬总额": "279600",
      "补贴津贴": "",
      "变动原因说明": "",
      "是否在股东或关联单位领取报酬津贴": "否",
      "在任与否": "是"
    },
    {
      "领导人姓名": "蒋明统",
      "职位描述": "职工董事",
      "期初持股数": "0",
      "期末持股数": "0",
      "间接持股数": "",
      "从公司获得年度报酬总额": "381400",
      "补贴津贴": "",
      "变动原因说明": "",
      "是否在股东或关联单位领取报酬津贴": "否",
      "在任与否": "是"
    },
    {
      "领导人姓名": "蓝发钦",
      "职位描述": "独立董事",
      "期初持股数": "0",
      "期末持股数": "0",
      "间接持股数": "",
      "从公司获得年度报酬总额": "120000",
      "补贴津贴": "",
      "变动原因说明": "",
      "是否在股东或关联单位领取报酬津贴": "否",
      "在任与否": "是"
    },
    {
      "领导人姓名": "吕巍",
      "职位描述": "独立董事",
      "期初持股数": "0",
      "期末持股数": "0",
      "间接持股数": "",
      "从公司获得年度报酬总额": "120000",
      "补贴津贴": "",
      "变动原因说明": "",
      "是否在股东或关联单位领取报酬津贴": "否",
      "在任与否": "是"
    },
    {
      "领导人姓名": "邵帅",
      "职位描述": "独立董事",
      "期初持股数": "0",
      "期末持股数": "0",
      "间接持股数": "",
      "从公司获得年度报酬总额": "120000",
      "补贴津贴": "",
      "变动原因说明": "",
      "是否在股东或关联单位领取报酬津贴": "否",
      "在任与否": "是"
    },
    {
      "领导人姓名": "邓秀军",
      "职位描述": "财务负责人",
      "期初持股数": "0",
      "期末持股数": "0",
      "间接持股数": "",
      "从公司获得年度报酬总额": "705400",
      "补贴津贴": "",
      "变动原因说明": "",
      "是否在股东或关联单位领取报酬津贴": "否",
      "在任与否": "是"
    },
    {
      "领导人姓名": "林益雷",
      "职位描述": "董事会秘书",
      "期初持股数": "0",
      "期末持股数": "0",
      "间接持股数": "",
      "从公司获得年度报酬总额": "565400",
      "补贴津贴": "",
      "变动原因说明": "",
      "是否在股东或关联单位领取报酬津贴": "否",
      "在任与否": "是"
    }
  ]
}

=== 603319-2026-04-21-美湖股份-2025年年度报告.pdf ===
{
  "Leader_Salary_data": {
    "实际所得报酬总额起始": "7969700",
    "实际所得报酬总额截止": "7969700",
    "实际所得报酬总额涉及人数": ""
  },
  "Leader_Hold_data": [
    {
      "领导人姓名": "许仲秋",
      "职位描述": "董事长",
      "期初持股数": "40803236",
      "期末持股数": "57124530",
      "间接持股数": "",
      "从公司获得年度报酬总额": "583600",
      "补贴津贴": "",
      "变动原因说明": "转增",
      "是否在股东或关联单位领取报酬津贴": "否",
      "在任与否": "是"
    },
    {
      "领导人姓名": "许文慧",
      "职位描述": "董事、副董事长",
      "期初持股数": "16132536",
      "期末持股数": "22585550",
      "间接持股数": "",
      "从公司获得年度报酬总额": "401300",
      "补贴津贴": "",
      "变动原因说明": "转增",
      "是否在股东或关联单位领取报酬津贴": "否",
      "在任与否": "是"
    },
    {
      "领导人姓名": "夏国喜",
      "职位描述": "监事、董事",
      "期初持股数": "",
      "期末持股数": "",
      "间接持股数": "",
      "从公司获得年度报酬总额": "425500",
      "补贴津贴": "",
      "变动原因说明": "",
      "是否在股东或关联单位领取报酬津贴": "否",
      "在任与否": "是"
    },
    {
      "领导人姓名": "佘笑梅",
      "职位描述": "董事、副总经理",
      "期初持股数": "39000",
      "期末持股数": "27300",
      "间接持股数": "",
      "从公司获得年度报酬总额": "594800",
      "补贴津贴": "",
      "变动原因说明": "限制性股票回购及转增",
      "是否在股东或关联单位领取报酬津贴": "否",
      "在任与否": "是"
    },
    {
      "领导人姓名": "秦谯",
      "职位描述": "董事、副董事长",
      "期初持股数": "0",
      "期末持股数": "",
      "间接持股数": "",
      "从公司获得年度报酬总额": "1802000",
      "补贴津贴": "",
      "变动原因说明": "",
      "是否在股东或关联单位领取报酬津贴": "否",
      "在任与否": "是"
    },
    {
      "领导人姓名": "周兵",
      "职位描述": "独立董事",
      "期初持股数": "",
      "期末持股数": "",
      "间接持股数": "",
      "从公司获得年度报酬总额": "60000",
      "补贴津贴": "",
      "变动原因说明": "",
      "是否在股东或关联单位领取报酬津贴": "否",
      "在任与否": "是"
    },
    {
      "领导人姓名": "PANJANWEI",
      "职位描述": "独立董事",
      "期初持股数": "",
      "期末持股数": "",
      "间接持股数": "",
      "从公司获得年度报酬总额": "60000",
      "补贴津贴": "",
      "变动原因说明": "",
      "是否在股东或关联单位领取报酬津贴": "否",
      "在任与否": "是"
    },
    {
      "领导人姓名": "邱阳",
      "职位描述": "独立董事",
      "期初持股数": "",
      "期末持股数": "",
      "间接持股数": "",
      "从公司获得年度报酬总额": "60000",
      "补贴津贴": "",
      "变动原因说明": "",
      "是否在股东或关联单位领取报酬津贴": "否",
      "在任与否": "是"
    },
    {
      "领导人姓名": "陈欢",
      "职位描述": "职工董事",
      "期初持股数": "",
      "期末持股数": "",
      "间接持股数": "",
      "从公司获得年度报酬总额": "200800",
      "补贴津贴": "",
      "变动原因说明": "",
      "是否在股东或关联单位领取报酬津贴": "否",
      "在任与否": "是"
    },
    {
      "领导人姓名": "陈国荣",
      "职位描述": "副总经理、财务负责人",
      "期初持股数": "70826",
      "期末持股数": "49578",
      "间接持股数": "",
      "从公司获得年度报酬总额": "470600",
      "补贴津贴": "",
      "变动原因说明": "限制性股票回购及转增",
      "是否在股东或关联单位领取报酬津贴": "否",
      "在任与否": "是"
    },
    {
      "领导人姓名": "谭小平",
      "职位描述": "副总经理",
      "期初持股数": "109699",
      "期末持股数": "153579",
      "间接持股数": "",
      "从公司获得年度报酬总额": "386600",
      "补贴津贴": "",
      "变动原因说明": "转增",
      "是否在股东或关联单位领取报酬津贴": "否",
      "在任与否": "是"
    },
    {
      "领导人姓名": "黄金辉",
      "职位描述": "副总经理",
      "期初持股数": "31200",
      "期末持股数": "21840",
      "间接持股数": "",
      "从公司获得年度报酬总额": "445600",
      "补贴津贴": "",
      "变动原因说明": "限制性股票回购及转增",
      "是否在股东或关联单位领取报酬津贴": "否",
      "在任与否": "是"
    },
    {
      "领导人姓名": "王斌",
      "职位描述": "副总经理",
      "期初持股数": "31200",
      "期末持股数": "21840",
      "间接持股数": "",
      "从公司获得年度报酬总额": "556500",
      "补贴津贴": "",
      "变动原因说明": "限制性股票回购及转增",
      "是否在股东或关联单位领取报酬津贴": "否",
      "在任与否": "是"
    },
    {
      "领导人姓名": "蔡皓",
      "职位描述": "副总经理",
      "期初持股数": "23400",
      "期末持股数": "16380",
      "间接持股数": "",
      "从公司获得年度报酬总额": "784000",
      "补贴津贴": "",
      "变动原因说明": "限制性股票回购及转增",
      "是否在股东或关联单位领取报酬津贴": "否",
      "在任与否": "是"
    },
    {
      "领导人姓名": "祁峰",
      "职位描述": "董事会秘书",
      "期初持股数": "0",
      "期末持股数": "",
      "间接持股数": "",
      "从公司获得年度报酬总额": "177600",
      "补贴津贴": "",
      "变动原因说明": "",
      "是否在股东或关联单位领取报酬津贴": "否",
      "在任与否": "否"
    },
    {
      "领导人姓名": "魏彪",
      "职位描述": "副总经理",
      "期初持股数": "0",
      "期末持股数": "",
      "间接持股数": "",
      "从公司获得年度报酬总额": "183600",
      "补贴津贴": "",
      "变动原因说明": "",
      "是否在股东或关联单位领取报酬津贴": "否",
      "在任与否": "是"
    },
    {
      "领导人姓名": "董仁泽",
      "职位描述": "副总经理",
      "期初持股数": "0",
      "期末持股数": "",
      "间接持股数": "",
      "从公司获得年度报酬总额": "106800",
      "补贴津贴": "",
      "变动原因说明": "",
      "是否在股东或关联单位领取报酬津贴": "否",
      "在任与否": "否"
    },
    {
      "领导人姓名": "蒋沙",
      "职位描述": "董事会秘书",
      "期初持股数": "0",
      "期末持股数": "",
      "间接持股数": "",
      "从公司获得年度报酬总额": "178200",
      "补贴津贴": "",
      "变动原因说明": "",
      "是否在股东或关联单位领取报酬津贴": "否",
      "在任与否": "否"
    },
    {
      "领导人姓名": "颜丽娟",
      "职位描述": "董事、副总经理",
      "期初持股数": "104042",
      "期末持股数": "101979",
      "间接持股数": "",
      "从公司获得年度报酬总额": "241100",
      "补贴津贴": "",
      "变动原因说明": "限制性股票回购及转增",
      "是否在股东或关联单位领取报酬津贴": "否",
      "在任与否": "否"
    },
    {
      "领导人姓名": "许腾",
      "职位描述": "董事、总经理",
      "期初持股数": "421213",
      "期末持股数": "589698",
      "间接持股数": "",
      "从公司获得年度报酬总额": "251100",
      "补贴津贴": "",
      "变动原因说明": "转增",
      "是否在股东或关联单位领取报酬津贴": "否",
      "在任与否": "否"
    }
  ]
}

=== 605188-2026-04-21-国光连锁-江西国光商业连锁股份有限公司2025年年度报告.pdf ===
{
  "Leader_Salary_data": {
    "实际所得报酬总额起始": "2704000",
    "实际所得报酬总额截止": "2704000",
    "实际所得报酬总额涉及人数": ""
  },
  "Leader_Hold_data": [
    {
      "领导人姓名": "胡金根",
      "职位描述": "董事长",
      "期初持股数": "86000000",
      "期末持股数": "73494000",
      "间接持股数": "",
      "从公司获得年度报酬总额": "480000",
      "补贴津贴": "",
      "变动原因说明": "个人自身资金需求",
      "是否在股东或关联单位领取报酬津贴": "否",
      "在任与否": "是"
    },
    {
      "领导人姓名": "胡志超",
      "职位描述": "董事、总经理",
      "期初持股数": "21611695",
      "期末持股数": "21611695",
      "间接持股数": "",
      "从公司获得年度报酬总额": "468000",
      "补贴津贴": "",
      "变动原因说明": "",
      "是否在股东或关联单位领取报酬津贴": "否",
      "在任与否": "是"
    },
    {
      "领导人姓名": "蒋淑兰",
      "职位描述": "董事",
      "期初持股数": "43155763",
      "期末持股数": "43155763",
      "间接持股数": "",
      "从公司获得年度报酬总额": "130000",
      "补贴津贴": "",
      "变动原因说明": "",
      "是否在股东或关联单位领取报酬津贴": "是",
      "在任与否": "是"
    },
    {
      "领导人姓名": "胡春香",
      "职位描述": "董事、副总经理",
      "期初持股数": "10772034",
      "期末持股数": "8266034",
      "间接持股数": "",
      "从公司获得年度报酬总额": "420000",
      "补贴津贴": "",
      "变动原因说明": "个人自身资金需求",
      "是否在股东或关联单位领取报酬津贴": "否",
      "在任与否": "是"
    },
    {
      "领导人姓名": "李院生",
      "职位描述": "董事、财务总监",
      "期初持股数": "0",
      "期末持股数": "0",
      "间接持股数": "",
      "从公司获得年度报酬总额": "312000",
      "补贴津贴": "",
      "变动原因说明": "",
      "是否在股东或关联单位领取报酬津贴": "否",
      "在任与否": "是"
    },
    {
      "领导人姓名": "史琳",
      "职位描述": "职工代表董事",
      "期初持股数": "0",
      "期末持股数": "0",
      "间接持股数": "",
      "从公司获得年度报酬总额": "390800",
      "补贴津贴": "",
      "变动原因说明": "",
      "是否在股东或关联单位领取报酬津贴": "否",
      "在任与否": "是"
    },
    {
      "领导人姓名": "李宁",
      "职位描述": "独立董事",
      "期初持股数": "0",
      "期末持股数": "0",
      "间接持股数": "",
      "从公司获得年度报酬总额": "60000",
      "补贴津贴": "60000",
      "变动原因说明": "",
      "是否在股东或关联单位领取报酬津贴": "否",
      "在任与否": "是"
    },
    {
      "领导人姓名": "黎毅",
      "职位描述": "独立董事",
      "期初持股数": "0",
      "期末持股数": "0",
      "间接持股数": "",
      "从公司获得年度报酬总额": "60000",
      "补贴津贴": "60000",
      "变动原因说明": "",
      "是否在股东或关联单位领取报酬津贴": "否",
      "在任与否": "是"
    },
    {
      "领导人姓名": "王金根",
      "职位描述": "独立董事",
      "期初持股数": "0",
      "期末持股数": "0",
      "间接持股数": "",
      "从公司获得年度报酬总额": "60000",
      "补贴津贴": "60000",
      "变动原因说明": "",
      "是否在股东或关联单位领取报酬津贴": "否",
      "在任与否": "是"
    },
    {
      "领导人姓名": "陈云玲",
      "职位描述": "监事会主席",
      "期初持股数": "0",
      "期末持股数": "0",
      "间接持股数": "",
      "从公司获得年度报酬总额": "34000",
      "补贴津贴": "",
      "变动原因说明": "",
      "是否在股东或关联单位领取报酬津贴": "否",
      "在任与否": "否"
    },
    {
      "领导人姓名": "熊玉婷",
      "职位描述": "监事",
      "期初持股数": "0",
      "期末持股数": "0",
      "间接持股数": "",
      "从公司获得年度报酬总额": "55000",
      "补贴津贴": "",
      "变动原因说明": "",
      "是否在股东或关联单位领取报酬津贴": "否",
      "在任与否": "否"
    },
    {
      "领导人姓名": "宋明玉",
      "职位描述": "职工代表监事",
      "期初持股数": "0",
      "期末持股数": "0",
      "间接持股数": "",
      "从公司获得年度报酬总额": "27800",
      "补贴津贴": "",
      "变动原因说明": "",
      "是否在股东或关联单位领取报酬津贴": "否",
      "在任与否": "否"
    },
    {
      "领导人姓名": "廖芳",
      "职位描述": "董事会秘书",
      "期初持股数": "0",
      "期末持股数": "0",
      "间接持股数": "",
      "从公司获得年度报酬总额": "206400",
      "补贴津贴": "",
      "变动原因说明": "",
      "是否在股东或关联单位领取报酬津贴": "否",
      "在任与否": "是"
    }
  ]
}

=== 605056-2026-04-21-咸亨国际-2025年年度报告.pdf ===
{
  "Leader_Salary_data": {
    "实际所得报酬总额起始": "15450900",
    "实际所得报酬总额截止": "15450900",
    "实际所得报酬总额涉及人数": ""
  },
  "Leader_Hold_data": [
    {
      "领导人姓名": "王来兴",
      "职位描述": "董事长",
      "期初持股数": "17622378",
      "期末持股数": "17622378",
      "间接持股数": "",
      "从公司获得年度报酬总额": "1056000",
      "补贴津贴": "",
      "变动原因说明": "",
      "是否在股东或关联单位领取报酬津贴": "否",
      "在任与否": "是"
    },
    {
      "领导人姓名": "夏剑剑",
      "职位描述": "董事、总经理",
      "期初持股数": "400000",
      "期末持股数": "400000",
      "间接持股数": "",
      "从公司获得年度报酬总额": "1900000",
      "补贴津贴": "",
      "变动原因说明": "",
      "是否在股东或关联单位领取报酬津贴": "否",
      "在任与否": "是"
    },
    {
      "领导人姓名": "俞航杰",
      "职位描述": "董事、副总经理",
      "期初持股数": "0",
      "期末持股数": "0",
      "间接持股数": "",
      "从公司获得年度报酬总额": "1133500",
      "补贴津贴": "",
      "变动原因说明": "",
      "是否在股东或关联单位领取报酬津贴": "否",
      "在任与否": "是"
    },
    {
      "领导人姓名": "林化夷",
      "职位描述": "董事、副总经理",
      "期初持股数": "150000",
      "期末持股数": "150000",
      "间接持股数": "",
      "从公司获得年度报酬总额": "1600000",
      "补贴津贴": "",
      "变动原因说明": "",
      "是否在股东或关联单位领取报酬津贴": "否",
      "在任与否": "是"
    },
    {
      "领导人姓名": "宋平",
      "职位描述": "董事",
      "期初持股数": "0",
      "期末持股数": "0",
      "间接持股数": "",
      "从公司获得年度报酬总额": "0",
      "补贴津贴": "",
      "变动原因说明": "",
      "是否在股东或关联单位领取报酬津贴": "是",
      "在任与否": "是"
    },
    {
      "领导人姓名": "潘亚岚",
      "职位描述": "独立董事",
      "期初持股数": "0",
      "期末持股数": "0",
      "间接持股数": "",
      "从公司获得年度报酬总额": "120000",
      "补贴津贴": "",
      "变动原因说明": "",
      "是否在股东或关联单位领取报酬津贴": "否",
      "在任与否": "是"
    },
    {
      "领导人姓名": "张建华",
      "职位描述": "独立董事",
      "期初持股数": "0",
      "期末持股数": "0",
      "间接持股数": "",
      "从公司获得年度报酬总额": "120000",
      "补贴津贴": "",
      "变动原因说明": "",
      "是否在股东或关联单位领取报酬津贴": "否",
      "在任与否": "是"
    },
    {
      "领导人姓名": "王新",
      "职位描述": "独立董事",
      "期初持股数": "0",
      "期末持股数": "0",
      "间接持股数": "",
      "从公司获得年度报酬总额": "120000",
      "补贴津贴": "",
      "变动原因说明": "",
      "是否在股东或关联单位领取报酬津贴": "否",
      "在任与否": "是"
    },
    {
      "领导人姓名": "李明亮",
      "职位描述": "职工董事",
      "期初持股数": "0",
      "期末持股数": "0",
      "间接持股数": "",
      "从公司获得年度报酬总额": "1515600",
      "补贴津贴": "",
      "变动原因说明": "",
      "是否在股东或关联单位领取报酬津贴": "否",
      "在任与否": "是"
    },
    {
      "领导人姓名": "阮萍",
      "职位描述": "副总经理",
      "期初持股数": "0",
      "期末持股数": "0",
      "间接持股数": "",
      "从公司获得年度报酬总额": "1600000",
      "补贴津贴": "",
      "变动原因说明": "",
      "是否在股东或关联单位领取报酬津贴": "否",
      "在任与否": "是"
    },
    {
      "领导人姓名": "冯正浩",
      "职位描述": "副总经理",
      "期初持股数": "150000",
      "期末持股数": "150000",
      "间接持股数": "",
      "从公司获得年度报酬总额": "1600000",
      "补贴津贴": "",
      "变动原因说明": "",
      "是否在股东或关联单位领取报酬津贴": "否",
      "在任与否": "是"
    },
    {
      "领导人姓名": "张长瑞",
      "职位描述": "副总经理",
      "期初持股数": "220000",
      "期末持股数": "220000",
      "间接持股数": "",
      "从公司获得年度报酬总额": "2123900",
      "补贴津贴": "",
      "变动原因说明": "",
      "是否在股东或关联单位领取报酬津贴": "否",
      "在任与否": "是"
    },
    {
      "领导人姓名": "方莉",
      "职位描述": "副总经理",
      "期初持股数": "164000",
      "期末持股数": "166000",
      "间接持股数": "",
      "从公司获得年度报酬总额": "807800",
      "补贴津贴": "",
      "变动原因说明": "",
      "是否在股东或关联单位领取报酬津贴": "否",
      "在任与否": "是"
    },
    {
      "领导人姓名": "叶兴波",
      "职位描述": "董事会秘书",
      "期初持股数": "300000",
      "期末持股数": "300000",
      "间接持股数": "",
      "从公司获得年度报酬总额": "1055600",
      "补贴津贴": "",
      "变动原因说明": "",
      "是否在股东或关联单位领取报酬津贴": "否",
      "在任与否": "是"
    },
    {
      "领导人姓名": "丁一彬",
      "职位描述": "财务总监",
      "期初持股数": "0",
      "期末持股数": "100000",
      "间接持股数": "",
      "从公司获得年度报酬总额": "698500",
      "补贴津贴": "",
      "变动原因说明": "",
      "是否在股东或关联单位领取报酬津贴": "否",
      "在任与否": "是"
    }
  ]
}

=== 688088-2026-04-21-虹软科技-2025年年度报告.pdf ===
{
  "Leader_Salary_data": {
    "实际所得报酬总额起始": "18212300",
    "实际所得报酬总额截止": "18212300",
    "实际所得报酬总额涉及人数": ""
  },
  "Leader_Hold_data": [
    {
      "领导人姓名": "Hui Deng（邓晖）",
      "职位描述": "董事长、总经理（总裁）、核心技术人员",
      "期初持股数": "0",
      "期末持股数": "0",
      "间接持股数": "",
      "从公司获得年度报酬总额": "2696200",
      "补贴津贴": "",
      "变动原因说明": "",
      "是否在股东或关联单位领取报酬津贴": "否",
      "在任与否": "是"
    },
    {
      "领导人姓名": "Xiangxin Bi",
      "职位描述": "董事、副总经理（高级副总裁）",
      "期初持股数": "0",
      "期末持股数": "0",
      "间接持股数": "",
      "从公司获得年度报酬总额": "3025000",
      "补贴津贴": "",
      "变动原因说明": "",
      "是否在股东或关联单位领取报酬津贴": "否",
      "在任与否": "是"
    },
    {
      "领导人姓名": "王进",
      "职位描述": "董事、职工代表董事、副总经理（高级副总裁）、核心技术人员",
      "期初持股数": "0",
      "期末持股数": "0",
      "间接持股数": "",
      "从公司获得年度报酬总额": "2852200",
      "补贴津贴": "",
      "变动原因说明": "",
      "是否在股东或关联单位领取报酬津贴": "否",
      "在任与否": "是"
    },
    {
      "领导人姓名": "徐坚",
      "职位描述": "董事、副总经理（高级副总裁）、核心技术人员",
      "期初持股数": "0",
      "期末持股数": "0",
      "间接持股数": "",
      "从公司获得年度报酬总额": "2810900",
      "补贴津贴": "",
      "变动原因说明": "",
      "是否在股东或关联单位领取报酬津贴": "否",
      "在任与否": "是"
    },
    {
      "领导人姓名": "李钢",
      "职位描述": "董事",
      "期初持股数": "0",
      "期末持股数": "0",
      "间接持股数": "",
      "从公司获得年度报酬总额": "0",
      "补贴津贴": "",
      "变动原因说明": "",
      "是否在股东或关联单位领取报酬津贴": "是",
      "在任与否": "是"
    },
    {
      "领导人姓名": "孔晓明",
      "职位描述": "董事",
      "期初持股数": "0",
      "期末持股数": "0",
      "间接持股数": "",
      "从公司获得年度报酬总额": "0",
      "补贴津贴": "",
      "变动原因说明": "",
      "是否在股东或关联单位领取报酬津贴": "否",
      "在任与否": "是"
    },
    {
      "领导人姓名": "王展",
      "职位描述": "独立董事",
      "期初持股数": "0",
      "期末持股数": "0",
      "间接持股数": "",
      "从公司获得年度报酬总额": "110000",
      "补贴津贴": "",
      "变动原因说明": "",
      "是否在股东或关联单位领取报酬津贴": "否",
      "在任与否": "是"
    },
    {
      "领导人姓名": "葛云松",
      "职位描述": "独立董事",
      "期初持股数": "0",
      "期末持股数": "0",
      "间接持股数": "",
      "从公司获得年度报酬总额": "110000",
      "补贴津贴": "",
      "变动原因说明": "",
      "是否在股东或关联单位领取报酬津贴": "否",
      "在任与否": "是"
    },
    {
      "领导人姓名": "朱凯",
      "职位描述": "独立董事",
      "期初持股数": "0",
      "期末持股数": "0",
      "间接持股数": "",
      "从公司获得年度报酬总额": "110000",
      "补贴津贴": "",
      "变动原因说明": "",
      "是否在股东或关联单位领取报酬津贴": "否",
      "在任与否": "是"
    },
    {
      "领导人姓名": "蒿惠美",
      "职位描述": "董事会秘书",
      "期初持股数": "0",
      "期末持股数": "0",
      "间接持股数": "",
      "从公司获得年度报酬总额": "2218700",
      "补贴津贴": "",
      "变动原因说明": "",
      "是否在股东或关联单位领取报酬津贴": "否",
      "在任与否": "是"
    },
    {
      "领导人姓名": "韦凯",
      "职位描述": "财务总监",
      "期初持股数": "0",
      "期末持股数": "0",
      "间接持股数": "",
      "从公司获得年度报酬总额": "920000",
      "补贴津贴": "",
      "变动原因说明": "",
      "是否在股东或关联单位领取报酬津贴": "否",
      "在任与否": "是"
    }
  ]
}

=== 603466-2026-04-21-风语筑-上海风语筑文化科技股份有限公司2025年年度报告.pdf ===
{
  "Leader_Salary_data": {
    "实际所得报酬总额起始": "18320800",
    "实际所得报酬总额截止": "18320800",
    "实际所得报酬总额涉及人数": ""
  },
  "Leader_Hold_data": [
    {
      "领导人姓名": "李晖",
      "职位描述": "董事长",
      "期初持股数": "138180700",
      "期末持股数": "126285000",
      "间接持股数": "",
      "从公司获得年度报酬总额": "1517200",
      "补贴津贴": "",
      "变动原因说明": "大宗交易减持",
      "是否在股东或关联单位领取报酬津贴": "否",
      "在任与否": "是"
    },
    {
      "领导人姓名": "辛浩鹰",
      "职位描述": "董事",
      "期初持股数": "123175831",
      "期末持股数": "105672011",
      "间接持股数": "",
      "从公司获得年度报酬总额": "175500",
      "补贴津贴": "",
      "变动原因说明": "大宗交易和集中竞价减持",
      "是否在股东或关联单位领取报酬津贴": "否",
      "在任与否": "是"
    },
    {
      "领导人姓名": "陈礼文",
      "职位描述": "董事、总经理",
      "期初持股数": "69555",
      "期末持股数": "69555",
      "间接持股数": "",
      "从公司获得年度报酬总额": "1361400",
      "补贴津贴": "",
      "变动原因说明": "",
      "是否在股东或关联单位领取报酬津贴": "否",
      "在任与否": "是"
    },
    {
      "领导人姓名": "李祥君",
      "职位描述": "职工代表董事、常务副总经理",
      "期初持股数": "",
      "期末持股数": "",
      "间接持股数": "",
      "从公司获得年度报酬总额": "1506200",
      "补贴津贴": "",
      "变动原因说明": "",
      "是否在股东或关联单位领取报酬津贴": "否",
      "在任与否": "是"
    },
    {
      "领导人姓名": "刘晓都",
      "职位描述": "独立董事",
      "期初持股数": "",
      "期末持股数": "",
      "间接持股数": "",
      "从公司获得年度报酬总额": "80000",
      "补贴津贴": "",
      "变动原因说明": "",
      "是否在股东或关联单位领取报酬津贴": "否",
      "在任与否": "是"
    },
    {
      "领导人姓名": "周若婷",
      "职位描述": "独立董事",
      "期初持股数": "",
      "期末持股数": "",
      "间接持股数": "",
      "从公司获得年度报酬总额": "80000",
      "补贴津贴": "",
      "变动原因说明": "",
      "是否在股东或关联单位领取报酬津贴": "否",
      "在任与否": "是"
    },
    {
      "领导人姓名": "刘一锋",
      "职位描述": "独立董事",
      "期初持股数": "",
      "期末持股数": "",
      "间接持股数": "",
      "从公司获得年度报酬总额": "80000",
      "补贴津贴": "",
      "变动原因说明": "",
      "是否在股东或关联单位领取报酬津贴": "否",
      "在任与否": "是"
    },
    {
      "领导人姓名": "王正国",
      "职位描述": "常务副总经理",
      "期初持股数": "61770",
      "期末持股数": "61770",
      "间接持股数": "",
      "从公司获得年度报酬总额": "745000",
      "补贴津贴": "",
      "变动原因说明": "-",
      "是否在股东或关联单位领取报酬津贴": "否",
      "在任与否": "是"
    },
    {
      "领导人姓名": "哈长虹",
      "职位描述": "常务副总经理",
      "期初持股数": "165310",
      "期末持股数": "165310",
      "间接持股数": "",
      "从公司获得年度报酬总额": "875400",
      "补贴津贴": "",
      "变动原因说明": "-",
      "是否在股东或关联单位领取报酬津贴": "否",
      "在任与否": "是"
    },
    {
      "领导人姓名": "刘骏",
      "职位描述": "常务副总经理",
      "期初持股数": "46770",
      "期末持股数": "46770",
      "间接持股数": "",
      "从公司获得年度报酬总额": "1011400",
      "补贴津贴": "",
      "变动原因说明": "-",
      "是否在股东或关联单位领取报酬津贴": "否",
      "在任与否": "是"
    },
    {
      "领导人姓名": "李成",
      "职位描述": "副总经理、董事会秘书",
      "期初持股数": "24708",
      "期末持股数": "24708",
      "间接持股数": "",
      "从公司获得年度报酬总额": "675400",
      "补贴津贴": "",
      "变动原因说明": "-",
      "是否在股东或关联单位领取报酬津贴": "否",
      "在任与否": "是"
    },
    {
      "领导人姓名": "肖圣选",
      "职位描述": "财务总监",
      "期初持股数": "",
      "期末持股数": "",
      "间接持股数": "",
      "从公司获得年度报酬总额": "603900",
      "补贴津贴": "",
      "变动原因说明": "",
      "是否在股东或关联单位领取报酬津贴": "否",
      "在任与否": "是"
    },
    {
      "领导人姓名": "宋华国",
      "职位描述": "副总经理",
      "期初持股数": "",
      "期末持股数": "",
      "间接持股数": "",
      "从公司获得年度报酬总额": "626000",
      "补贴津贴": "",
      "变动原因说明": "",
      "是否在股东或关联单位领取报酬津贴": "否",
      "在任与否": "是"
    },
    {
      "领导人姓名": "边杨",
      "职位描述": "副总经理",
      "期初持股数": "",
      "期末持股数": "",
      "间接持股数": "",
      "从公司获得年度报酬总额": "1410900",
      "补贴津贴": "",
      "变动原因说明": "",
      "是否在股东或关联单位领取报酬津贴": "否",
      "在任与否": "是"
    },
    {
      "领导人姓名": "杨科",
      "职位描述": "副总经理",
      "期初持股数": "",
      "期末持股数": "",
      "间接持股数": "",
      "从公司获得年度报酬总额": "1197900",
      "补贴津贴": "",
      "变动原因说明": "",
      "是否在股东或关联单位领取报酬津贴": "否",
      "在任与否": "是"
    },
    {
      "领导人姓名": "高春健",
      "职位描述": "副总经理",
      "期初持股数": "",
      "期末持股数": "",
      "间接持股数": "",
      "从公司获得年度报酬总额": "682800",
      "补贴津贴": "",
      "变动原因说明": "",
      "是否在股东或关联单位领取报酬津贴": "否",
      "在任与否": "是"
    },
    {
      "领导人姓名": "王郁",
      "职位描述": "副总经理",
      "期初持股数": "",
      "期末持股数": "",
      "间接持股数": "",
      "从公司获得年度报酬总额": "785800",
      "补贴津贴": "",
      "变动原因说明": "",
      "是否在股东或关联单位领取报酬津贴": "否",
      "在任与否": "是"
    },
    {
      "领导人姓名": "张树玉",
      "职位描述": "副总经理",
      "期初持股数": "113245",
      "期末持股数": "113245",
      "间接持股数": "",
      "从公司获得年度报酬总额": "700400",
      "补贴津贴": "",
      "变动原因说明": "-",
      "是否在股东或关联单位领取报酬津贴": "否",
      "在任与否": "是"
    },
    {
      "领导人姓名": "宋晓东",
      "职位描述": "副总经理",
      "期初持股数": "3294",
      "期末持股数": "3294",
      "间接持股数": "",
      "从公司获得年度报酬总额": "779600",
      "补贴津贴": "",
      "变动原因说明": "-",
      "是否在股东或关联单位领取报酬津贴": "否",
      "在任与否": "是"
    },
    {
      "领导人姓名": "刘明熠",
      "职位描述": "副总经理",
      "期初持股数": "",
      "期末持股数": "",
      "间接持股数": "",
      "从公司获得年度报酬总额": "1009400",
      "补贴津贴": "",
      "变动原因说明": "",
      "是否在股东或关联单位领取报酬津贴": "否",
      "在任与否": "是"
    },
    {
      "领导人姓名": "张文跃",
      "职位描述": "副总经理",
      "期初持股数": "",
      "期末持股数": "",
      "间接持股数": "",
      "从公司获得年度报酬总额": "772700",
      "补贴津贴": "",
      "变动原因说明": "",
      "是否在股东或关联单位领取报酬津贴": "否",
      "在任与否": "是"
    },
    {
      "领导人姓名": "陈丽",
      "职位描述": "副总经理",
      "期初持股数": "",
      "期末持股数": "",
      "间接持股数": "",
      "从公司获得年度报酬总额": "911900",
      "补贴津贴": "",
      "变动原因说明": "",
      "是否在股东或关联单位领取报酬津贴": "否",
      "在任与否": "是"
    },
    {
      "领导人姓名": "陈月华",
      "职位描述": "副总经理",
      "期初持股数": "",
      "期末持股数": "",
      "间接持股数": "",
      "从公司获得年度报酬总额": "732000",
      "补贴津贴": "",
      "变动原因说明": "",
      "是否在股东或关联单位领取报酬津贴": "否",
      "在任与否": "是"
    }
  ]
}

=== 688103-2026-04-21-国力电子-2025年年度报告.pdf ===
{
  "Leader_Salary_data": {
    "实际所得报酬总额起始": "5671200",
    "实际所得报酬总额截止": "5671200",
    "实际所得报酬总额涉及人数": ""
  },
  "Leader_Hold_data": [
    {
      "领导人姓名": "尹剑平",
      "职位描述": "董事长、核心技术人员",
      "期初持股数": "26485120",
      "期末持股数": "26485120",
      "间接持股数": "",
      "从公司获得年度报酬总额": "632000",
      "补贴津贴": "",
      "变动原因说明": "",
      "是否在股东或关联单位领取报酬津贴": "否",
      "在任与否": "是"
    },
    {
      "领导人姓名": "黄浩",
      "职位描述": "董事、总经理、核心技术人员",
      "期初持股数": "1264750",
      "期末持股数": "1264750",
      "间接持股数": "",
      "从公司获得年度报酬总额": "630000",
      "补贴津贴": "",
      "变动原因说明": "",
      "是否在股东或关联单位领取报酬津贴": "否",
      "在任与否": "是"
    },
    {
      "领导人姓名": "覃奀垚",
      "职位描述": "总工程师、核心技术人员、董事、职工董事",
      "期初持股数": "190340",
      "期末持股数": "190340",
      "间接持股数": "",
      "从公司获得年度报酬总额": "814000",
      "补贴津贴": "",
      "变动原因说明": "",
      "是否在股东或关联单位领取报酬津贴": "否",
      "在任与否": "是"
    },
    {
      "领导人姓名": "张雪梅",
      "职位描述": "董事会秘书、董事",
      "期初持股数": "16280",
      "期末持股数": "16280",
      "间接持股数": "",
      "从公司获得年度报酬总额": "770200",
      "补贴津贴": "",
      "变动原因说明": "",
      "是否在股东或关联单位领取报酬津贴": "否",
      "在任与否": "是"
    },
    {
      "领导人姓名": "卜璐",
      "职位描述": "独立董事",
      "期初持股数": "",
      "期末持股数": "",
      "间接持股数": "",
      "从公司获得年度报酬总额": "100000",
      "补贴津贴": "",
      "变动原因说明": "",
      "是否在股东或关联单位领取报酬津贴": "否",
      "在任与否": "是"
    },
    {
      "领导人姓名": "陆利康",
      "职位描述": "独立董事",
      "期初持股数": "",
      "期末持股数": "",
      "间接持股数": "",
      "从公司获得年度报酬总额": "100000",
      "补贴津贴": "",
      "变动原因说明": "",
      "是否在股东或关联单位领取报酬津贴": "否",
      "在任与否": "是"
    },
    {
      "领导人姓名": "王琦龙",
      "职位描述": "独立董事",
      "期初持股数": "",
      "期末持股数": "",
      "间接持股数": "",
      "从公司获得年度报酬总额": "100000",
      "补贴津贴": "",
      "变动原因说明": "",
      "是否在股东或关联单位领取报酬津贴": "否",
      "在任与否": "是"
    },
    {
      "领导人姓名": "李平",
      "职位描述": "财务负责人",
      "期初持股数": "",
      "期末持股数": "",
      "间接持股数": "",
      "从公司获得年度报酬总额": "293300",
      "补贴津贴": "",
      "变动原因说明": "",
      "是否在股东或关联单位领取报酬津贴": "否",
      "在任与否": "是"
    },
    {
      "领导人姓名": "胡滨",
      "职位描述": "核心技术人员",
      "期初持股数": "",
      "期末持股数": "",
      "间接持股数": "",
      "从公司获得年度报酬总额": "484400",
      "补贴津贴": "",
      "变动原因说明": "",
      "是否在股东或关联单位领取报酬津贴": "否",
      "在任与否": "是"
    },
    {
      "领导人姓名": "贾冰冰",
      "职位描述": "核心技术人员",
      "期初持股数": "3160",
      "期末持股数": "0",
      "间接持股数": "",
      "从公司获得年度报酬总额": "516000",
      "补贴津贴": "",
      "变动原因说明": "二级市场卖出3,160股",
      "是否在股东或关联单位领取报酬津贴": "否",
      "在任与否": "是"
    },
    {
      "领导人姓名": "李永明",
      "职位描述": "核心技术人员",
      "期初持股数": "",
      "期末持股数": "",
      "间接持股数": "",
      "从公司获得年度报酬总额": "715900",
      "补贴津贴": "",
      "变动原因说明": "",
      "是否在股东或关联单位领取报酬津贴": "否",
      "在任与否": "是"
    },
    {
      "领导人姓名": "王少哲",
      "职位描述": "核心技术人员",
      "期初持股数": "2020",
      "期末持股数": "2020",
      "间接持股数": "",
      "从公司获得年度报酬总额": "515400",
      "补贴津贴": "",
      "变动原因说明": "",
      "是否在股东或关联单位领取报酬津贴": "否",
      "在任与否": "是"
    }
  ]
}

=== 605258-2026-04-21-协和电子-2025年年度报告.pdf ===
{
  "Leader_Salary_data": {
    "实际所得报酬总额起始": "5735300",
    "实际所得报酬总额截止": "5735300",
    "实际所得报酬总额涉及人数": ""
  },
  "Leader_Hold_data": [
    {
      "领导人姓名": "张文婷",
      "职位描述": "董事长、副总经理",
      "期初持股数": "0",
      "期末持股数": "0",
      "间接持股数": "",
      "从公司获得年度报酬总额": "643600",
      "补贴津贴": "",
      "变动原因说明": "",
      "是否在股东或关联单位领取报酬津贴": "否",
      "在任与否": "是"
    },
    {
      "领导人姓名": "张敏金",
      "职位描述": "董事、总经理、副总经理",
      "期初持股数": "11160000",
      "期末持股数": "11160000",
      "间接持股数": "",
      "从公司获得年度报酬总额": "667200",
      "补贴津贴": "",
      "变动原因说明": "",
      "是否在股东或关联单位领取报酬津贴": "否",
      "在任与否": "是"
    },
    {
      "领导人姓名": "张南星",
      "职位描述": "董事、总经理",
      "期初持股数": "9850000",
      "期末持股数": "9850000",
      "间接持股数": "",
      "从公司获得年度报酬总额": "621200",
      "补贴津贴": "",
      "变动原因说明": "",
      "是否在股东或关联单位领取报酬津贴": "否",
      "在任与否": "是"
    },
    {
      "领导人姓名": "曹良良",
      "职位描述": "董事、副总经理",
      "期初持股数": "4020000",
      "期末持股数": "4020000",
      "间接持股数": "",
      "从公司获得年度报酬总额": "727200",
      "补贴津贴": "",
      "变动原因说明": "",
      "是否在股东或关联单位领取报酬津贴": "否",
      "在任与否": "是"
    },
    {
      "领导人姓名": "张玺",
      "职位描述": "董事、副总经理",
      "期初持股数": "0",
      "期末持股数": "0",
      "间接持股数": "",
      "从公司获得年度报酬总额": "561200",
      "补贴津贴": "",
      "变动原因说明": "",
      "是否在股东或关联单位领取报酬津贴": "否",
      "在任与否": "是"
    },
    {
      "领导人姓名": "张琳",
      "职位描述": "职工董事",
      "期初持股数": "0",
      "期末持股数": "0",
      "间接持股数": "",
      "从公司获得年度报酬总额": "32500",
      "补贴津贴": "",
      "变动原因说明": "",
      "是否在股东或关联单位领取报酬津贴": "否",
      "在任与否": "是"
    },
    {
      "领导人姓名": "蔡志军",
      "职位描述": "独立董事",
      "期初持股数": "0",
      "期末持股数": "0",
      "间接持股数": "",
      "从公司获得年度报酬总额": "52500",
      "补贴津贴": "",
      "变动原因说明": "",
      "是否在股东或关联单位领取报酬津贴": "否",
      "在任与否": "是"
    },
    {
      "领导人姓名": "陆锦冲",
      "职位描述": "独立董事",
      "期初持股数": "0",
      "期末持股数": "0",
      "间接持股数": "",
      "从公司获得年度报酬总额": "52500",
      "补贴津贴": "",
      "变动原因说明": "",
      "是否在股东或关联单位领取报酬津贴": "否",
      "在任与否": "是"
    },
    {
      "领导人姓名": "朱奇伟",
      "职位描述": "独立董事",
      "期初持股数": "0",
      "期末持股数": "0",
      "间接持股数": "",
      "从公司获得年度报酬总额": "52500",
      "补贴津贴": "",
      "变动原因说明": "",
      "是否在股东或关联单位领取报酬津贴": "否",
      "在任与否": "是"
    },
    {
      "领导人姓名": "王桥彬",
      "职位描述": "董事、副总经理",
      "期初持股数": "4770000",
      "期末持股数": "4770000",
      "间接持股数": "",
      "从公司获得年度报酬总额": "756000",
      "补贴津贴": "",
      "变动原因说明": "",
      "是否在股东或关联单位领取报酬津贴": "否",
      "在任与否": "是"
    },
    {
      "领导人姓名": "张敏坎",
      "职位描述": "副总经理",
      "期初持股数": "0",
      "期末持股数": "0",
      "间接持股数": "",
      "从公司获得年度报酬总额": "355200",
      "补贴津贴": "",
      "变动原因说明": "",
      "是否在股东或关联单位领取报酬津贴": "否",
      "在任与否": "是"
    },
    {
      "领导人姓名": "孙荣发",
      "职位描述": "董事会秘书",
      "期初持股数": "0",
      "期末持股数": "0",
      "间接持股数": "",
      "从公司获得年度报酬总额": "531600",
      "补贴津贴": "",
      "变动原因说明": "",
      "是否在股东或关联单位领取报酬津贴": "否",
      "在任与否": "是"
    },
    {
      "领导人姓名": "张薇",
      "职位描述": "财务总监",
      "期初持股数": "0",
      "期末持股数": "0",
      "间接持股数": "",
      "从公司获得年度报酬总额": "385800",
      "补贴津贴": "",
      "变动原因说明": "",
      "是否在股东或关联单位领取报酬津贴": "否",
      "在任与否": "是"
    },
    {
      "领导人姓名": "张南国",
      "职位描述": "董事长",
      "期初持股数": "15750000",
      "期末持股数": "15750000",
      "间接持股数": "",
      "从公司获得年度报酬总额": "127900",
      "补贴津贴": "",
      "变动原因说明": "",
      "是否在股东或关联单位领取报酬津贴": "否",
      "在任与否": "否"
    },
    {
      "领导人姓名": "夏国平",
      "职位描述": "独立董事",
      "期初持股数": "0",
      "期末持股数": "0",
      "间接持股数": "",
      "从公司获得年度报酬总额": "17500",
      "补贴津贴": "",
      "变动原因说明": "",
      "是否在股东或关联单位领取报酬津贴": "否",
      "在任与否": "否"
    },
    {
      "领导人姓名": "陈文化",
      "职位描述": "独立董事",
      "期初持股数": "0",
      "期末持股数": "0",
      "间接持股数": "",
      "从公司获得年度报酬总额": "17500",
      "补贴津贴": "",
      "变动原因说明": "",
      "是否在股东或关联单位领取报酬津贴": "否",
      "在任与否": "否"
    },
    {
      "领导人姓名": "杨维生",
      "职位描述": "独立董事",
      "期初持股数": "0",
      "期末持股数": "0",
      "间接持股数": "",
      "从公司获得年度报酬总额": "17500",
      "补贴津贴": "",
      "变动原因说明": "",
      "是否在股东或关联单位领取报酬津贴": "否",
      "在任与否": "否"
    },
    {
      "领导人姓名": "张建荣",
      "职位描述": "副总经理",
      "期初持股数": "9850000",
      "期末持股数": "9850000",
      "间接持股数": "",
      "从公司获得年度报酬总额": "115900",
      "补贴津贴": "",
      "变动原因说明": "",
      "是否在股东或关联单位领取报酬津贴": "否",
      "在任与否": "否"
    }
  ]
}

=== 688101-2026-04-21-三达膜-2025年年度报告.pdf ===
{
  "Leader_Salary_data": {
    "实际所得报酬总额起始": "5423372.51",
    "实际所得报酬总额截止": "5423372.51",
    "实际所得报酬总额涉及人数": ""
  },
  "Leader_Hold_data": [
    {
      "领导人姓名": "CHEN NI",
      "职位描述": "董事长、副总经理",
      "期初持股数": "7110356",
      "期末持股数": "7110356",
      "间接持股数": "",
      "从公司获得年度报酬总额": "600184.06",
      "补贴津贴": "",
      "变动原因说明": "",
      "是否在股东或关联单位领取报酬津贴": "否",
      "在任与否": "是"
    },
    {
      "领导人姓名": "谢方",
      "职位描述": "副董事长",
      "期初持股数": "0",
      "期末持股数": "0",
      "间接持股数": "",
      "从公司获得年度报酬总额": "0.00",
      "补贴津贴": "",
      "变动原因说明": "",
      "是否在股东或关联单位领取报酬津贴": "否",
      "在任与否": "否"
    },
    {
      "领导人姓名": "方富林",
      "职位描述": "副董事长、董事、总经理",
      "期初持股数": "1125450",
      "期末持股数": "880000",
      "间接持股数": "",
      "从公司获得年度报酬总额": "1081643.74",
      "补贴津贴": "",
      "变动原因说明": "个人资金需求，集合竞价减持",
      "是否在股东或关联单位领取报酬津贴": "否",
      "在任与否": "是"
    },
    {
      "领导人姓名": "LAN YIHONG",
      "职位描述": "董事",
      "期初持股数": "0",
      "期末持股数": "0",
      "间接持股数": "",
      "从公司获得年度报酬总额": "790069.63",
      "补贴津贴": "",
      "变动原因说明": "",
      "是否在股东或关联单位领取报酬津贴": "否",
      "在任与否": "是"
    },
    {
      "领导人姓名": "屈中标",
      "职位描述": "独立董事",
      "期初持股数": "0",
      "期末持股数": "0",
      "间接持股数": "",
      "从公司获得年度报酬总额": "60000.00",
      "补贴津贴": "60000.00",
      "变动原因说明": "",
      "是否在股东或关联单位领取报酬津贴": "否",
      "在任与否": "是"
    },
    {
      "领导人姓名": "曹敏杰",
      "职位描述": "独立董事",
      "期初持股数": "0",
      "期末持股数": "0",
      "间接持股数": "",
      "从公司获得年度报酬总额": "0.00",
      "补贴津贴": "60000.00",
      "变动原因说明": "",
      "是否在股东或关联单位领取报酬津贴": "否",
      "在任与否": "是"
    },
    {
      "领导人姓名": "蓝潮永",
      "职位描述": "独立董事",
      "期初持股数": "0",
      "期末持股数": "0",
      "间接持股数": "",
      "从公司获得年度报酬总额": "60000.00",
      "补贴津贴": "60000.00",
      "变动原因说明": "",
      "是否在股东或关联单位领取报酬津贴": "否",
      "在任与否": "是"
    },
    {
      "领导人姓名": "孙丰智",
      "职位描述": "职工董事",
      "期初持股数": "0",
      "期末持股数": "0",
      "间接持股数": "",
      "从公司获得年度报酬总额": "17459.59",
      "补贴津贴": "",
      "变动原因说明": "",
      "是否在股东或关联单位领取报酬津贴": "否",
      "在任与否": "是"
    },
    {
      "领导人姓名": "唐佳菁",
      "职位描述": "财务总监、董事会秘书",
      "期初持股数": "535050",
      "期末持股数": "479709",
      "间接持股数": "",
      "从公司获得年度报酬总额": "1058887.93",
      "补贴津贴": "",
      "变动原因说明": "个人资金需求，集合竞价减持",
      "是否在股东或关联单位领取报酬津贴": "否",
      "在任与否": "是"
    },
    {
      "领导人姓名": "张靖霄",
      "职位描述": "副总经理、董事会秘书",
      "期初持股数": "0",
      "期末持股数": "0",
      "间接持股数": "",
      "从公司获得年度报酬总额": "471221.84",
      "补贴津贴": "",
      "变动原因说明": "",
      "是否在股东或关联单位领取报酬津贴": "否",
      "在任与否": "否"
    },
    {
      "领导人姓名": "洪昱斌",
      "职位描述": "核心技术人员、总工程师",
      "期初持股数": "90000",
      "期末持股数": "0",
      "间接持股数": "",
      "从公司获得年度报酬总额": "919022.72",
      "补贴津贴": "",
      "变动原因说明": "个人资金需求，集合竞价减持",
      "是否在股东或关联单位领取报酬津贴": "否",
      "在任与否": "是"
    },
    {
      "领导人姓名": "姚萌",
      "职位描述": "核心技术人员、技术开发部总监",
      "期初持股数": "0",
      "期末持股数": "0",
      "间接持股数": "",
      "从公司获得年度报酬总额": "364883.00",
      "补贴津贴": "",
      "变动原因说明": "",
      "是否在股东或关联单位领取报酬津贴": "否",
      "在任与否": "是"
    }
  ]
}

=== 688155-2026-04-21-先惠技术-上海先惠自动化技术股份有限公司2025年年度报告.pdf ===
{
  "Leader_Salary_data": {
    "实际所得报酬总额起始": "15030000",
    "实际所得报酬总额截止": "15030000",
    "实际所得报酬总额涉及人数": ""
  },
  "Leader_Hold_data": [
    {
      "领导人姓名": "潘延庆",
      "职位描述": "董事长、首席技术官",
      "期初持股数": "13561883",
      "期末持股数": "13561883",
      "间接持股数": "",
      "从公司获得年度报酬总额": "2480100",
      "补贴津贴": "",
      "变动原因说明": "",
      "是否在股东或关联单位领取报酬津贴": "否",
      "在任与否": "是"
    },
    {
      "领导人姓名": "王颖琳",
      "职位描述": "董事、总经理",
      "期初持股数": "27123764",
      "期末持股数": "27123764",
      "间接持股数": "",
      "从公司获得年度报酬总额": "2332600",
      "补贴津贴": "",
      "变动原因说明": "",
      "是否在股东或关联单位领取报酬津贴": "否",
      "在任与否": "是"
    },
    {
      "领导人姓名": "陈益坚",
      "职位描述": "董事、常务副总经理、财务负责人",
      "期初持股数": "28000",
      "期末持股数": "28000",
      "间接持股数": "",
      "从公司获得年度报酬总额": "3870500",
      "补贴津贴": "",
      "变动原因说明": "",
      "是否在股东或关联单位领取报酬津贴": "否",
      "在任与否": "否"
    },
    {
      "领导人姓名": "邵辉",
      "职位描述": "董事",
      "期初持股数": "0",
      "期末持股数": "0",
      "间接持股数": "",
      "从公司获得年度报酬总额": "",
      "补贴津贴": "",
      "变动原因说明": "",
      "是否在股东或关联单位领取报酬津贴": "否",
      "在任与否": "是"
    },
    {
      "领导人姓名": "薛文革",
      "职位描述": "独立董事",
      "期初持股数": "0",
      "期末持股数": "0",
      "间接持股数": "",
      "从公司获得年度报酬总额": "92800",
      "补贴津贴": "92800",
      "变动原因说明": "",
      "是否在股东或关联单位领取报酬津贴": "否",
      "在任与否": "是"
    },
    {
      "领导人姓名": "戴勇斌",
      "职位描述": "独立董事",
      "期初持股数": "0",
      "期末持股数": "0",
      "间接持股数": "",
      "从公司获得年度报酬总额": "92800",
      "补贴津贴": "92800",
      "变动原因说明": "",
      "是否在股东或关联单位领取报酬津贴": "否",
      "在任与否": "是"
    },
    {
      "领导人姓名": "周昌生",
      "职位描述": "独立董事",
      "期初持股数": "0",
      "期末持股数": "0",
      "间接持股数": "",
      "从公司获得年度报酬总额": "92800",
      "补贴津贴": "92800",
      "变动原因说明": "",
      "是否在股东或关联单位领取报酬津贴": "否",
      "在任与否": "是"
    },
    {
      "领导人姓名": "陈为林",
      "职位描述": "监事会主席、制造工程部总监",
      "期初持股数": "0",
      "期末持股数": "0",
      "间接持股数": "",
      "从公司获得年度报酬总额": "226500",
      "补贴津贴": "",
      "变动原因说明": "",
      "是否在股东或关联单位领取报酬津贴": "否",
      "在任与否": "否"
    },
    {
      "领导人姓名": "郑彬锋",
      "职位描述": "监事、电气研发部经理",
      "期初持股数": "0",
      "期末持股数": "0",
      "间接持股数": "",
      "从公司获得年度报酬总额": "579200",
      "补贴津贴": "",
      "变动原因说明": "",
      "是否在股东或关联单位领取报酬津贴": "否",
      "在任与否": "否"
    },
    {
      "领导人姓名": "徐强",
      "职位描述": "职工代表监事、职工代表董事",
      "期初持股数": "0",
      "期末持股数": "0",
      "间接持股数": "",
      "从公司获得年度报酬总额": "483200",
      "补贴津贴": "",
      "变动原因说明": "",
      "是否在股东或关联单位领取报酬津贴": "否",
      "在任与否": "否"
    },
    {
      "领导人姓名": "张明涛",
      "职位描述": "副总经理",
      "期初持股数": "0",
      "期末持股数": "0",
      "间接持股数": "",
      "从公司获得年度报酬总额": "112000",
      "补贴津贴": "",
      "变动原因说明": "",
      "是否在股东或关联单位领取报酬津贴": "否",
      "在任与否": "否"
    },
    {
      "领导人姓名": "厉佳菲",
      "职位描述": "董事会秘书",
      "期初持股数": "0",
      "期末持股数": "0",
      "间接持股数": "",
      "从公司获得年度报酬总额": "498200",
      "补贴津贴": "",
      "变动原因说明": "",
      "是否在股东或关联单位领取报酬津贴": "否",
      "在任与否": "是"
    },
    {
      "领导人姓名": "丁立勇",
      "职位描述": "机械研发部副经理",
      "期初持股数": "0",
      "期末持股数": "0",
      "间接持股数": "",
      "从公司获得年度报酬总额": "504700",
      "补贴津贴": "",
      "变动原因说明": "",
      "是否在股东或关联单位领取报酬津贴": "否",
      "在任与否": "是"
    },
    {
      "领导人姓名": "肖亮",
      "职位描述": "长沙先惠总经理",
      "期初持股数": "0",
      "期末持股数": "21500",
      "间接持股数": "",
      "从公司获得年度报酬总额": "900400",
      "补贴津贴": "",
      "变动原因说明": "股票期权行权、二级市场购买",
      "是否在股东或关联单位领取报酬津贴": "否",
      "在任与否": "是"
    },
    {
      "领导人姓名": "张雷",
      "职位描述": "机械研发部经理",
      "期初持股数": "0",
      "期末持股数": "6048",
      "间接持股数": "",
      "从公司获得年度报酬总额": "601800",
      "补贴津贴": "",
      "变动原因说明": "股票期权行权",
      "是否在股东或关联单位领取报酬津贴": "否",
      "在任与否": "是"
    }
  ]
}

=== 688146-2026-04-21-中船特气-中船特气2025年年度报告.pdf ===
{
  "Leader_Salary_data": {
    "实际所得报酬总额起始": "22563400",
    "实际所得报酬总额截止": "22563400",
    "实际所得报酬总额涉及人数": ""
  },
  "Leader_Hold_data": [
    {
      "领导人姓名": "宫志刚",
      "职位描述": "董事长",
      "期初持股数": "",
      "期末持股数": "",
      "间接持股数": "",
      "从公司获得年度报酬总额": "0",
      "补贴津贴": "",
      "变动原因说明": "",
      "是否在股东或关联单位领取报酬津贴": "是",
      "在任与否": "是"
    },
    {
      "领导人姓名": "张冉",
      "职位描述": "董事",
      "期初持股数": "",
      "期末持股数": "",
      "间接持股数": "",
      "从公司获得年度报酬总额": "0",
      "补贴津贴": "",
      "变动原因说明": "",
      "是否在股东或关联单位领取报酬津贴": "是",
      "在任与否": "是"
    },
    {
      "领导人姓名": "王少波",
      "职位描述": "董事",
      "期初持股数": "",
      "期末持股数": "",
      "间接持股数": "",
      "从公司获得年度报酬总额": "257783",
      "补贴津贴": "",
      "变动原因说明": "",
      "是否在股东或关联单位领取报酬津贴": "否",
      "在任与否": "否"
    },
    {
      "领导人姓名": "李绍波",
      "职位描述": "董事、核心技术人员",
      "期初持股数": "",
      "期末持股数": "",
      "间接持股数": "",
      "从公司获得年度报酬总额": "1347234",
      "补贴津贴": "",
      "变动原因说明": "",
      "是否在股东或关联单位领取报酬津贴": "否",
      "在任与否": "是"
    },
    {
      "领导人姓名": "董强",
      "职位描述": "董事",
      "期初持股数": "",
      "期末持股数": "",
      "间接持股数": "",
      "从公司获得年度报酬总额": "0",
      "补贴津贴": "",
      "变动原因说明": "",
      "是否在股东或关联单位领取报酬津贴": "是",
      "在任与否": "是"
    },
    {
      "领导人姓名": "孟祥军",
      "职位描述": "董事、总经理、核心技术人员",
      "期初持股数": "",
      "期末持股数": "",
      "间接持股数": "",
      "从公司获得年度报酬总额": "1400000",
      "补贴津贴": "",
      "变动原因说明": "",
      "是否在股东或关联单位领取报酬津贴": "否",
      "在任与否": "是"
    },
    {
      "领导人姓名": "程新生",
      "职位描述": "独立董事",
      "期初持股数": "",
      "期末持股数": "",
      "间接持股数": "",
      "从公司获得年度报酬总额": "96000",
      "补贴津贴": "96000",
      "变动原因说明": "",
      "是否在股东或关联单位领取报酬津贴": "否",
      "在任与否": "是"
    },
    {
      "领导人姓名": "李恩",
      "职位描述": "独立董事",
      "期初持股数": "",
      "期末持股数": "",
      "间接持股数": "",
      "从公司获得年度报酬总额": "96000",
      "补贴津贴": "96000",
      "变动原因说明": "",
      "是否在股东或关联单位领取报酬津贴": "否",
      "在任与否": "是"
    },
    {
      "领导人姓名": "张香文",
      "职位描述": "独立董事",
      "期初持股数": "",
      "期末持股数": "",
      "间接持股数": "",
      "从公司获得年度报酬总额": "96000",
      "补贴津贴": "96000",
      "变动原因说明": "",
      "是否在股东或关联单位领取报酬津贴": "否",
      "在任与否": "是"
    },
    {
      "领导人姓名": "董云海",
      "职位描述": "职工董事",
      "期初持股数": "",
      "期末持股数": "",
      "间接持股数": "",
      "从公司获得年度报酬总额": "535482",
      "补贴津贴": "",
      "变动原因说明": "",
      "是否在股东或关联单位领取报酬津贴": "否",
      "在任与否": "是"
    },
    {
      "领导人姓名": "李本东",
      "职位描述": "副总经理、核心技术人员",
      "期初持股数": "",
      "期末持股数": "",
      "间接持股数": "",
      "从公司获得年度报酬总额": "1320499",
      "补贴津贴": "",
      "变动原因说明": "",
      "是否在股东或关联单位领取报酬津贴": "否",
      "在任与否": "是"
    },
    {
      "领导人姓名": "李翔宇",
      "职位描述": "副总经理、核心技术人员",
      "期初持股数": "",
      "期末持股数": "",
      "间接持股数": "",
      "从公司获得年度报酬总额": "1281354",
      "补贴津贴": "",
      "变动原因说明": "",
      "是否在股东或关联单位领取报酬津贴": "否",
      "在任与否": "是"
    },
    {
      "领导人姓名": "丁成",
      "职位描述": "副总经理",
      "期初持股数": "",
      "期末持股数": "",
      "间接持股数": "",
      "从公司获得年度报酬总额": "1331151",
      "补贴津贴": "",
      "变动原因说明": "",
      "是否在股东或关联单位领取报酬津贴": "否",
      "在任与否": "是"
    },
    {
      "领导人姓名": "许晖",
      "职位描述": "副总经理、董事会秘书",
      "期初持股数": "",
      "期末持股数": "",
      "间接持股数": "",
      "从公司获得年度报酬总额": "1359194",
      "补贴津贴": "",
      "变动原因说明": "",
      "是否在股东或关联单位领取报酬津贴": "否",
      "在任与否": "是"
    },
    {
      "领导人姓名": "王占卫",
      "职位描述": "副总经理、核心技术人员",
      "期初持股数": "",
      "期末持股数": "",
      "间接持股数": "",
      "从公司获得年度报酬总额": "1325459",
      "补贴津贴": "",
      "变动原因说明": "",
      "是否在股东或关联单位领取报酬津贴": "否",
      "在任与否": "是"
    },
    {
      "领导人姓名": "李军",
      "职位描述": "财务总监",
      "期初持股数": "",
      "期末持股数": "",
      "间接持股数": "",
      "从公司获得年度报酬总额": "1330095",
      "补贴津贴": "",
      "变动原因说明": "",
      "是否在股东或关联单位领取报酬津贴": "否",
      "在任与否": "是"
    },
    {
      "领导人姓名": "张长金",
      "职位描述": "副总经理、核心技术人员",
      "期初持股数": "",
      "期末持股数": "",
      "间接持股数": "",
      "从公司获得年度报酬总额": "1367285",
      "补贴津贴": "",
      "变动原因说明": "",
      "是否在股东或关联单位领取报酬津贴": "否",
      "在任与否": "是"
    },
    {
      "领导人姓名": "杨献奎",
      "职位描述": "首席技术官、邯郸分公司负责人、核心技术人员",
      "期初持股数": "",
      "期末持股数": "",
      "间接持股数": "",
      "从公司获得年度报酬总额": "1378088",
      "补贴津贴": "",
      "变动原因说明": "",
      "是否在股东或关联单位领取报酬津贴": "否",
      "在任与否": "是"
    }
  ]
}

=== 688258-2026-04-21-卓易信息-江苏卓易信息科技股份有限公司2025年年度报告.pdf ===
{
  "Leader_Salary_data": {
    "实际所得报酬总额起始": "4344737.68",
    "实际所得报酬总额截止": "4344737.68",
    "实际所得报酬总额涉及人数": ""
  },
  "Leader_Hold_data": [
    {
      "领导人姓名": "谢乾",
      "职位描述": "董事长、总经理",
      "期初持股数": "47667923",
      "期末持股数": "44096627",
      "间接持股数": "",
      "从公司获得年度报酬总额": "342400",
      "补贴津贴": "",
      "变动原因说明": "减持",
      "是否在股东或关联单位领取报酬津贴": "否",
      "在任与否": "是"
    },
    {
      "领导人姓名": "王烨",
      "职位描述": "董事",
      "期初持股数": "0",
      "期末持股数": "0",
      "间接持股数": "",
      "从公司获得年度报酬总额": "111600",
      "补贴津贴": "",
      "变动原因说明": "",
      "是否在股东或关联单位领取报酬津贴": "否",
      "在任与否": "是"
    },
    {
      "领导人姓名": "王娟",
      "职位描述": "董事、副总经理、董事会秘书",
      "期初持股数": "28497",
      "期末持股数": "56993",
      "间接持股数": "",
      "从公司获得年度报酬总额": "311800",
      "补贴津贴": "",
      "变动原因说明": "股权激励归属",
      "是否在股东或关联单位领取报酬津贴": "否",
      "在任与否": "是"
    },
    {
      "领导人姓名": "汪涛",
      "职位描述": "董事、核心技术人员",
      "期初持股数": "0",
      "期末持股数": "0",
      "间接持股数": "",
      "从公司获得年度报酬总额": "409700",
      "补贴津贴": "",
      "变动原因说明": "-",
      "是否在股东或关联单位领取报酬津贴": "否",
      "在任与否": "是"
    },
    {
      "领导人姓名": "詹奇",
      "职位描述": "董事、副总经理、核心技术人员",
      "期初持股数": "0",
      "期末持股数": "0",
      "间接持股数": "",
      "从公司获得年度报酬总额": "943900",
      "补贴津贴": "",
      "变动原因说明": "-",
      "是否在股东或关联单位领取报酬津贴": "否",
      "在任与否": "是"
    },
    {
      "领导人姓名": "钱媛媛",
      "职位描述": "董事",
      "期初持股数": "0",
      "期末持股数": "200",
      "间接持股数": "",
      "从公司获得年度报酬总额": "169700",
      "补贴津贴": "",
      "变动原因说明": "二级市场买卖",
      "是否在股东或关联单位领取报酬津贴": "否",
      "在任与否": "是"
    },
    {
      "领导人姓名": "万梁浩",
      "职位描述": "独立董事",
      "期初持股数": "0",
      "期末持股数": "0",
      "间接持股数": "",
      "从公司获得年度报酬总额": "60000",
      "补贴津贴": "",
      "变动原因说明": "-",
      "是否在股东或关联单位领取报酬津贴": "否",
      "在任与否": "是"
    },
    {
      "领导人姓名": "冯万利",
      "职位描述": "独立董事",
      "期初持股数": "0",
      "期末持股数": "0",
      "间接持股数": "",
      "从公司获得年度报酬总额": "15900",
      "补贴津贴": "",
      "变动原因说明": "-",
      "是否在股东或关联单位领取报酬津贴": "否",
      "在任与否": "是"
    },
    {
      "领导人姓名": "王茜",
      "职位描述": "独立董事",
      "期初持股数": "0",
      "期末持股数": "0",
      "间接持股数": "",
      "从公司获得年度报酬总额": "15900",
      "补贴津贴": "",
      "变动原因说明": "-",
      "是否在股东或关联单位领取报酬津贴": "否",
      "在任与否": "是"
    },
    {
      "领导人姓名": "黄吉丽",
      "职位描述": "财务总监",
      "期初持股数": "8303",
      "期末持股数": "16606",
      "间接持股数": "",
      "从公司获得年度报酬总额": "327000",
      "补贴津贴": "",
      "变动原因说明": "股权激励归属",
      "是否在股东或关联单位领取报酬津贴": "否",
      "在任与否": "是"
    },
    {
      "领导人姓名": "吴平",
      "职位描述": "核心技术人员",
      "期初持股数": "59000",
      "期末持股数": "85000",
      "间接持股数": "",
      "从公司获得年度报酬总额": "900400",
      "补贴津贴": "",
      "变动原因说明": "股权激励归属、二级市场买卖",
      "是否在股东或关联单位领取报酬津贴": "否",
      "在任与否": "是"
    },
    {
      "领导人姓名": "万俊杰",
      "职位描述": "核心技术人员",
      "期初持股数": "2625",
      "期末持股数": "4250",
      "间接持股数": "",
      "从公司获得年度报酬总额": "378300",
      "补贴津贴": "",
      "变动原因说明": "股权激励归属、二级市场买卖",
      "是否在股东或关联单位领取报酬津贴": "否",
      "在任与否": "是"
    },
    {
      "领导人姓名": "王吉",
      "职位描述": "董事、副总经理",
      "期初持股数": "98497",
      "期末持股数": "196993",
      "间接持股数": "",
      "从公司获得年度报酬总额": "0",
      "补贴津贴": "",
      "变动原因说明": "股权激励归属",
      "是否在股东或关联单位领取报酬津贴": "否",
      "在任与否": "否"
    },
    {
      "领导人姓名": "张彬",
      "职位描述": "董事",
      "期初持股数": "10500",
      "期末持股数": "21000",
      "间接持股数": "",
      "从公司获得年度报酬总额": "268900",
      "补贴津贴": "",
      "变动原因说明": "股权激励归属",
      "是否在股东或关联单位领取报酬津贴": "否",
      "在任与否": "否"
    },
    {
      "领导人姓名": "徐建忠",
      "职位描述": "独立董事",
      "期初持股数": "0",
      "期末持股数": "0",
      "间接持股数": "",
      "从公司获得年度报酬总额": "44100",
      "补贴津贴": "",
      "变动原因说明": "-",
      "是否在股东或关联单位领取报酬津贴": "否",
      "在任与否": "否"
    },
    {
      "领导人姓名": "丁卫红",
      "职位描述": "独立董事",
      "期初持股数": "0",
      "期末持股数": "0",
      "间接持股数": "",
      "从公司获得年度报酬总额": "44100",
      "补贴津贴": "",
      "变动原因说明": "-",
      "是否在股东或关联单位领取报酬津贴": "否",
      "在任与否": "否"
    }
  ]
}

=== 688329-2026-04-21-艾隆科技-艾隆科技2025年年度报告.pdf ===
{
  "Leader_Salary_data": {
    "实际所得报酬总额起始": "5666900",
    "实际所得报酬总额截止": "5666900",
    "实际所得报酬总额涉及人数": ""
  },
  "Leader_Hold_data": [
    {
      "领导人姓名": "徐立",
      "职位描述": "董事长、总经理",
      "期初持股数": "8458000",
      "期末持股数": "8180912",
      "间接持股数": "",
      "从公司获得年度报酬总额": "630000",
      "补贴津贴": "",
      "变动原因说明": "因自身资金需求通过二级市场减持",
      "是否在股东或关联单位领取报酬津贴": "否",
      "在任与否": "是"
    },
    {
      "领导人姓名": "张银花",
      "职位描述": "董事、核心技术人员",
      "期初持股数": "23055000",
      "期末持股数": "22055000",
      "间接持股数": "",
      "从公司获得年度报酬总额": "1115000",
      "补贴津贴": "",
      "变动原因说明": "因自身资金需求通过二级市场减持",
      "是否在股东或关联单位领取报酬津贴": "否",
      "在任与否": "是"
    },
    {
      "领导人姓名": "邱瑞",
      "职位描述": "董事",
      "期初持股数": "0",
      "期末持股数": "0",
      "间接持股数": "",
      "从公司获得年度报酬总额": "651200",
      "补贴津贴": "",
      "变动原因说明": "",
      "是否在股东或关联单位领取报酬津贴": "否",
      "在任与否": "是"
    },
    {
      "领导人姓名": "朱锴",
      "职位描述": "董事、副总经理",
      "期初持股数": "0",
      "期末持股数": "0",
      "间接持股数": "",
      "从公司获得年度报酬总额": "662100",
      "补贴津贴": "",
      "变动原因说明": "",
      "是否在股东或关联单位领取报酬津贴": "否",
      "在任与否": "是"
    },
    {
      "领导人姓名": "李万凤",
      "职位描述": "董事、财务总监",
      "期初持股数": "65000",
      "期末持股数": "65000",
      "间接持股数": "",
      "从公司获得年度报酬总额": "420000",
      "补贴津贴": "",
      "变动原因说明": "",
      "是否在股东或关联单位领取报酬津贴": "否",
      "在任与否": "是"
    },
    {
      "领导人姓名": "江其玟",
      "职位描述": "独立董事",
      "期初持股数": "0",
      "期末持股数": "0",
      "间接持股数": "",
      "从公司获得年度报酬总额": "80000",
      "补贴津贴": "80000",
      "变动原因说明": "",
      "是否在股东或关联单位领取报酬津贴": "否",
      "在任与否": "是"
    },
    {
      "领导人姓名": "朱磊磊",
      "职位描述": "独立董事",
      "期初持股数": "0",
      "期末持股数": "0",
      "间接持股数": "",
      "从公司获得年度报酬总额": "80000",
      "补贴津贴": "80000",
      "变动原因说明": "",
      "是否在股东或关联单位领取报酬津贴": "否",
      "在任与否": "是"
    },
    {
      "领导人姓名": "吴继承",
      "职位描述": "独立董事",
      "期初持股数": "0",
      "期末持股数": "0",
      "间接持股数": "",
      "从公司获得年度报酬总额": "80000",
      "补贴津贴": "80000",
      "变动原因说明": "",
      "是否在股东或关联单位领取报酬津贴": "否",
      "在任与否": "是"
    },
    {
      "领导人姓名": "李照",
      "职位描述": "副总经理、核心技术人员",
      "期初持股数": "105000",
      "期末持股数": "105000",
      "间接持股数": "",
      "从公司获得年度报酬总额": "750400",
      "补贴津贴": "",
      "变动原因说明": "",
      "是否在股东或关联单位领取报酬津贴": "否",
      "在任与否": "是"
    },
    {
      "领导人姓名": "杨晨",
      "职位描述": "董事会秘书",
      "期初持股数": "0",
      "期末持股数": "0",
      "间接持股数": "",
      "从公司获得年度报酬总额": "347100",
      "补贴津贴": "",
      "变动原因说明": "",
      "是否在股东或关联单位领取报酬津贴": "否",
      "在任与否": "是"
    },
    {
      "领导人姓名": "焦小斌",
      "职位描述": "核心技术人员",
      "期初持股数": "0",
      "期末持股数": "0",
      "间接持股数": "",
      "从公司获得年度报酬总额": "474200",
      "补贴津贴": "",
      "变动原因说明": "",
      "是否在股东或关联单位领取报酬津贴": "否",
      "在任与否": "是"
    },
    {
      "领导人姓名": "储呈明",
      "职位描述": "核心技术人员",
      "期初持股数": "0",
      "期末持股数": "0",
      "间接持股数": "",
      "从公司获得年度报酬总额": "376900",
      "补贴津贴": "",
      "变动原因说明": "",
      "是否在股东或关联单位领取报酬津贴": "否",
      "在任与否": "是"
    }
  ]
}

=== 688182-2026-04-21-灿勤科技-江苏灿勤科技股份有限公司2025年年度报告.pdf ===
{
  "Leader_Salary_data": {
    "实际所得报酬总额起始": "8174500",
    "实际所得报酬总额截止": "8174500",
    "实际所得报酬总额涉及人数": ""
  },
  "Leader_Hold_data": [
    {
      "领导人姓名": "朱田中",
      "职位描述": "董事、董事长、核心技术人员",
      "期初持股数": "11400009",
      "期末持股数": "11400009",
      "间接持股数": "",
      "从公司获得年度报酬总额": "1162400",
      "补贴津贴": "",
      "变动原因说明": "",
      "是否在股东或关联单位领取报酬津贴": "否",
      "在任与否": "是"
    },
    {
      "领导人姓名": "朱琦",
      "职位描述": "董事、总经理、核心技术人员",
      "期初持股数": "8550000",
      "期末持股数": "8550000",
      "间接持股数": "",
      "从公司获得年度报酬总额": "898400",
      "补贴津贴": "",
      "变动原因说明": "",
      "是否在股东或关联单位领取报酬津贴": "否",
      "在任与否": "是"
    },
    {
      "领导人姓名": "朱汇",
      "职位描述": "董事、副总经理、核心技术人员",
      "期初持股数": "8550000",
      "期末持股数": "8550000",
      "间接持股数": "",
      "从公司获得年度报酬总额": "760000",
      "补贴津贴": "",
      "变动原因说明": "",
      "是否在股东或关联单位领取报酬津贴": "否",
      "在任与否": "是"
    },
    {
      "领导人姓名": "陈晨",
      "职位描述": "董事、董事会秘书",
      "期初持股数": "0",
      "期末持股数": "0",
      "间接持股数": "",
      "从公司获得年度报酬总额": "492200",
      "补贴津贴": "",
      "变动原因说明": "",
      "是否在股东或关联单位领取报酬津贴": "否",
      "在任与否": "是"
    },
    {
      "领导人姓名": "孙卫权",
      "职位描述": "独立董事",
      "期初持股数": "0",
      "期末持股数": "0",
      "间接持股数": "",
      "从公司获得年度报酬总额": "20000",
      "补贴津贴": "",
      "变动原因说明": "",
      "是否在股东或关联单位领取报酬津贴": "否",
      "在任与否": "否"
    },
    {
      "领导人姓名": "刘少斌",
      "职位描述": "独立董事",
      "期初持股数": "0",
      "期末持股数": "0",
      "间接持股数": "",
      "从公司获得年度报酬总额": "20000",
      "补贴津贴": "",
      "变动原因说明": "",
      "是否在股东或关联单位领取报酬津贴": "否",
      "在任与否": "否"
    },
    {
      "领导人姓名": "崔巍",
      "职位描述": "独立董事",
      "期初持股数": "0",
      "期末持股数": "0",
      "间接持股数": "",
      "从公司获得年度报酬总额": "20000",
      "补贴津贴": "",
      "变动原因说明": "",
      "是否在股东或关联单位领取报酬津贴": "否",
      "在任与否": "否"
    },
    {
      "领导人姓名": "张晓岚",
      "职位描述": "独立董事",
      "期初持股数": "0",
      "期末持股数": "0",
      "间接持股数": "",
      "从公司获得年度报酬总额": "40000",
      "补贴津贴": "",
      "变动原因说明": "",
      "是否在股东或关联单位领取报酬津贴": "否",
      "在任与否": "是"
    },
    {
      "领导人姓名": "孔令兵",
      "职位描述": "独立董事",
      "期初持股数": "0",
      "期末持股数": "0",
      "间接持股数": "",
      "从公司获得年度报酬总额": "40000",
      "补贴津贴": "",
      "变动原因说明": "",
      "是否在股东或关联单位领取报酬津贴": "否",
      "在任与否": "是"
    },
    {
      "领导人姓名": "陈建忠",
      "职位描述": "独立董事",
      "期初持股数": "0",
      "期末持股数": "0",
      "间接持股数": "",
      "从公司获得年度报酬总额": "40000",
      "补贴津贴": "",
      "变动原因说明": "",
      "是否在股东或关联单位领取报酬津贴": "否",
      "在任与否": "是"
    },
    {
      "领导人姓名": "崔春伟",
      "职位描述": "核心技术人员",
      "期初持股数": "0",
      "期末持股数": "0",
      "间接持股数": "",
      "从公司获得年度报酬总额": "209600",
      "补贴津贴": "",
      "变动原因说明": "",
      "是否在股东或关联单位领取报酬津贴": "否",
      "在任与否": "是"
    },
    {
      "领导人姓名": "卢鹏",
      "职位描述": "核心技术人员",
      "期初持股数": "0",
      "期末持股数": "0",
      "间接持股数": "",
      "从公司获得年度报酬总额": "250600",
      "补贴津贴": "",
      "变动原因说明": "",
      "是否在股东或关联单位领取报酬津贴": "否",
      "在任与否": "是"
    },
    {
      "领导人姓名": "任浩平",
      "职位描述": "财务负责人",
      "期初持股数": "0",
      "期末持股数": "0",
      "间接持股数": "",
      "从公司获得年度报酬总额": "352900",
      "补贴津贴": "",
      "变动原因说明": "",
      "是否在股东或关联单位领取报酬津贴": "否",
      "在任与否": "是"
    },
    {
      "领导人姓名": "倪玉荣",
      "职位描述": "核心技术人员",
      "期初持股数": "0",
      "期末持股数": "0",
      "间接持股数": "",
      "从公司获得年度报酬总额": "332300",
      "补贴津贴": "",
      "变动原因说明": "",
      "是否在股东或关联单位领取报酬津贴": "否",
      "在任与否": "是"
    },
    {
      "领导人姓名": "樊亚勤",
      "职位描述": "核心技术人员",
      "期初持股数": "0",
      "期末持股数": "0",
      "间接持股数": "",
      "从公司获得年度报酬总额": "60000",
      "补贴津贴": "",
      "变动原因说明": "",
      "是否在股东或关联单位领取报酬津贴": "否",
      "在任与否": "否"
    },
    {
      "领导人姓名": "陈杰",
      "职位描述": "核心技术人员",
      "期初持股数": "0",
      "期末持股数": "0",
      "间接持股数": "",
      "从公司获得年度报酬总额": "194400",
      "补贴津贴": "",
      "变动原因说明": "",
      "是否在股东或关联单位领取报酬津贴": "否",
      "在任与否": "是"
    },
    {
      "领导人姓名": "何胜",
      "职位描述": "核心技术人员",
      "期初持股数": "0",
      "期末持股数": "0",
      "间接持股数": "",
      "从公司获得年度报酬总额": "196100",
      "补贴津贴": "",
      "变动原因说明": "",
      "是否在股东或关联单位领取报酬津贴": "否",
      "在任与否": "是"
    },
    {
      "领导人姓名": "周鑫童",
      "职位描述": "核心技术人员",
      "期初持股数": "0",
      "期末持股数": "0",
      "间接持股数": "",
      "从公司获得年度报酬总额": "265800",
      "补贴津贴": "",
      "变动原因说明": "",
      "是否在股东或关联单位领取报酬津贴": "否",
      "在任与否": "是"
    }
  ]
}

=== 688357-2026-04-21-建龙微纳-2025年年度报告.pdf ===
{
  "Leader_Salary_data": {
    "实际所得报酬总额起始": "9520300",
    "实际所得报酬总额截止": "9520300",
    "实际所得报酬总额涉及人数": ""
  },
  "Leader_Hold_data": [
    {
      "领导人姓名": "李建波",
      "职位描述": "董事长",
      "期初持股数": "24108000",
      "期末持股数": "24108000",
      "间接持股数": "",
      "从公司获得年度报酬总额": "1670800",
      "补贴津贴": "",
      "变动原因说明": "",
      "是否在股东或关联单位领取报酬津贴": "否",
      "在任与否": "是"
    },
    {
      "领导人姓名": "李怡成",
      "职位描述": "副董事长、总裁",
      "期初持股数": "",
      "期末持股数": "",
      "间接持股数": "",
      "从公司获得年度报酬总额": "877200",
      "补贴津贴": "",
      "变动原因说明": "",
      "是否在股东或关联单位领取报酬津贴": "否",
      "在任与否": "是"
    },
    {
      "领导人姓名": "郭朝阳",
      "职位描述": "董事、副总裁",
      "期初持股数": "",
      "期末持股数": "",
      "间接持股数": "",
      "从公司获得年度报酬总额": "573000",
      "补贴津贴": "",
      "变动原因说明": "",
      "是否在股东或关联单位领取报酬津贴": "否",
      "在任与否": "是"
    },
    {
      "领导人姓名": "李怡丹",
      "职位描述": "董事、副总裁",
      "期初持股数": "",
      "期末持股数": "",
      "间接持股数": "",
      "从公司获得年度报酬总额": "912000",
      "补贴津贴": "",
      "变动原因说明": "",
      "是否在股东或关联单位领取报酬津贴": "否",
      "在任与否": "是"
    },
    {
      "领导人姓名": "黄平",
      "职位描述": "独立董事",
      "期初持股数": "",
      "期末持股数": "",
      "间接持股数": "",
      "从公司获得年度报酬总额": "100000",
      "补贴津贴": "100000",
      "变动原因说明": "",
      "是否在股东或关联单位领取报酬津贴": "否",
      "在任与否": "是"
    },
    {
      "领导人姓名": "闫文付",
      "职位描述": "独立董事",
      "期初持股数": "2374",
      "期末持股数": "1784",
      "间接持股数": "",
      "从公司获得年度报酬总额": "100000",
      "补贴津贴": "100000",
      "变动原因说明": "二级市场买卖",
      "是否在股东或关联单位领取报酬津贴": "否",
      "在任与否": "是"
    },
    {
      "领导人姓名": "杨新涛",
      "职位描述": "独立董事",
      "期初持股数": "",
      "期末持股数": "",
      "间接持股数": "",
      "从公司获得年度报酬总额": "100000",
      "补贴津贴": "100000",
      "变动原因说明": "",
      "是否在股东或关联单位领取报酬津贴": "否",
      "在任与否": "是"
    },
    {
      "领导人姓名": "白璞",
      "职位描述": "职工董事、核心技术人员、副总裁（离任）",
      "期初持股数": "36011",
      "期末持股数": "36011",
      "间接持股数": "",
      "从公司获得年度报酬总额": "458400",
      "补贴津贴": "",
      "变动原因说明": "",
      "是否在股东或关联单位领取报酬津贴": "否",
      "在任与否": "是"
    },
    {
      "领导人姓名": "张景涛",
      "职位描述": "财务总监",
      "期初持股数": "33600",
      "期末持股数": "33600",
      "间接持股数": "",
      "从公司获得年度报酬总额": "466100",
      "补贴津贴": "",
      "变动原因说明": "",
      "是否在股东或关联单位领取报酬津贴": "否",
      "在任与否": "是"
    },
    {
      "领导人姓名": "高倜",
      "职位描述": "董事会秘书",
      "期初持股数": "",
      "期末持股数": "",
      "间接持股数": "",
      "从公司获得年度报酬总额": "333800",
      "补贴津贴": "",
      "变动原因说明": "",
      "是否在股东或关联单位领取报酬津贴": "否",
      "在任与否": "是"
    },
    {
      "领导人姓名": "魏渝伟",
      "职位描述": "核心技术人员",
      "期初持股数": "",
      "期末持股数": "",
      "间接持股数": "",
      "从公司获得年度报酬总额": "586900",
      "补贴津贴": "",
      "变动原因说明": "",
      "是否在股东或关联单位领取报酬津贴": "否",
      "在任与否": "是"
    },
    {
      "领导人姓名": "许世业",
      "职位描述": "核心技术人员",
      "期初持股数": "23543",
      "期末持股数": "20043",
      "间接持股数": "",
      "从公司获得年度报酬总额": "370000",
      "补贴津贴": "",
      "变动原因说明": "二级市场买卖",
      "是否在股东或关联单位领取报酬津贴": "否",
      "在任与否": "是"
    },
    {
      "领导人姓名": "王玉峰",
      "职位描述": "核心技术人员",
      "期初持股数": "37415",
      "期末持股数": "37415",
      "间接持股数": "",
      "从公司获得年度报酬总额": "319200",
      "补贴津贴": "",
      "变动原因说明": "",
      "是否在股东或关联单位领取报酬津贴": "否",
      "在任与否": "是"
    },
    {
      "领导人姓名": "郭艳霞",
      "职位描述": "核心技术人员",
      "期初持股数": "14411",
      "期末持股数": "14411",
      "间接持股数": "",
      "从公司获得年度报酬总额": "254100",
      "补贴津贴": "",
      "变动原因说明": "",
      "是否在股东或关联单位领取报酬津贴": "否",
      "在任与否": "是"
    },
    {
      "领导人姓名": "张岩",
      "职位描述": "核心技术人员",
      "期初持股数": "19019",
      "期末持股数": "14000",
      "间接持股数": "",
      "从公司获得年度报酬总额": "205100",
      "补贴津贴": "",
      "变动原因说明": "二级市场买卖",
      "是否在股东或关联单位领取报酬津贴": "否",
      "在任与否": "是"
    }
  ]
}

=== 688303-2026-04-21-大全能源-新疆大全新能源股份有限公司2025年年度报告.pdf ===
{
  "Leader_Salary_data": {
    "实际所得报酬总额起始": "17893900",
    "实际所得报酬总额截止": "17893900",
    "实际所得报酬总额涉及人数": ""
  },
  "Leader_Hold_data": [
    {
      "领导人姓名": "徐广福",
      "职位描述": "董事长",
      "期初持股数": "19500000",
      "期末持股数": "19500000",
      "间接持股数": "",
      "从公司获得年度报酬总额": "800000",
      "补贴津贴": "",
      "变动原因说明": "",
      "是否在股东或关联单位领取报酬津贴": "是",
      "在任与否": "是"
    },
    {
      "领导人姓名": "徐翔",
      "职位描述": "董事、副董事长",
      "期初持股数": "19500000",
      "期末持股数": "19500000",
      "间接持股数": "",
      "从公司获得年度报酬总额": "600000",
      "补贴津贴": "",
      "变动原因说明": "",
      "是否在股东或关联单位领取报酬津贴": "是",
      "在任与否": "是"
    },
    {
      "领导人姓名": "葛飞",
      "职位描述": "董事",
      "期初持股数": "",
      "期末持股数": "",
      "间接持股数": "",
      "从公司获得年度报酬总额": "600000",
      "补贴津贴": "",
      "变动原因说明": "",
      "是否在股东或关联单位领取报酬津贴": "是",
      "在任与否": "是"
    },
    {
      "领导人姓名": "施大峰",
      "职位描述": "董事",
      "期初持股数": "16250000",
      "期末持股数": "16250000",
      "间接持股数": "",
      "从公司获得年度报酬总额": "600000",
      "补贴津贴": "",
      "变动原因说明": "",
      "是否在股东或关联单位领取报酬津贴": "是",
      "在任与否": "是"
    },
    {
      "领导人姓名": "LIANS HENG CAO",
      "职位描述": "独立董事",
      "期初持股数": "",
      "期末持股数": "",
      "间接持股数": "",
      "从公司获得年度报酬总额": "200000",
      "补贴津贴": "",
      "变动原因说明": "",
      "是否在股东或关联单位领取报酬津贴": "否",
      "在任与否": "是"
    },
    {
      "领导人姓名": "姚毅",
      "职位描述": "独立董事",
      "期初持股数": "",
      "期末持股数": "",
      "间接持股数": "",
      "从公司获得年度报酬总额": "200000",
      "补贴津贴": "",
      "变动原因说明": "",
      "是否在股东或关联单位领取报酬津贴": "否",
      "在任与否": "是"
    },
    {
      "领导人姓名": "袁渊",
      "职位描述": "独立董事",
      "期初持股数": "",
      "期末持股数": "",
      "间接持股数": "",
      "从公司获得年度报酬总额": "200000",
      "补贴津贴": "",
      "变动原因说明": "",
      "是否在股东或关联单位领取报酬津贴": "否",
      "在任与否": "是"
    },
    {
      "领导人姓名": "朱文刚",
      "职位描述": "总经理、董事",
      "期初持股数": "",
      "期末持股数": "",
      "间接持股数": "",
      "从公司获得年度报酬总额": "3404400",
      "补贴津贴": "",
      "变动原因说明": "",
      "是否在股东或关联单位领取报酬津贴": "否",
      "在任与否": "是"
    },
    {
      "领导人姓名": "孙逸铖",
      "职位描述": "董事会秘书、董事",
      "期初持股数": "",
      "期末持股数": "",
      "间接持股数": "",
      "从公司获得年度报酬总额": "1480500",
      "补贴津贴": "",
      "变动原因说明": "",
      "是否在股东或关联单位领取报酬津贴": "否",
      "在任与否": "是"
    },
    {
      "领导人姓名": "施伟",
      "职位描述": "副总经理兼财务总监",
      "期初持股数": "",
      "期末持股数": "",
      "间接持股数": "",
      "从公司获得年度报酬总额": "1404700",
      "补贴津贴": "",
      "变动原因说明": "",
      "是否在股东或关联单位领取报酬津贴": "否",
      "在任与否": "是"
    },
    {
      "领导人姓名": "罗佳林",
      "职位描述": "核心技术人员",
      "期初持股数": "24000",
      "期末持股数": "24000",
      "间接持股数": "",
      "从公司获得年度报酬总额": "3235900",
      "补贴津贴": "",
      "变动原因说明": "",
      "是否在股东或关联单位领取报酬津贴": "否",
      "在任与否": "是"
    },
    {
      "领导人姓名": "田先瑞",
      "职位描述": "核心技术人员",
      "期初持股数": "",
      "期末持股数": "",
      "间接持股数": "",
      "从公司获得年度报酬总额": "572300",
      "补贴津贴": "",
      "变动原因说明": "",
      "是否在股东或关联单位领取报酬津贴": "否",
      "在任与否": "是"
    },
    {
      "领导人姓名": "潘和平",
      "职位描述": "核心技术人员",
      "期初持股数": "",
      "期末持股数": "",
      "间接持股数": "",
      "从公司获得年度报酬总额": "1228300",
      "补贴津贴": "",
      "变动原因说明": "",
      "是否在股东或关联单位领取报酬津贴": "否",
      "在任与否": "是"
    },
    {
      "领导人姓名": "莫可璋",
      "职位描述": "核心技术人员",
      "期初持股数": "",
      "期末持股数": "",
      "间接持股数": "",
      "从公司获得年度报酬总额": "1606500",
      "补贴津贴": "",
      "变动原因说明": "",
      "是否在股东或关联单位领取报酬津贴": "否",
      "在任与否": "是"
    },
    {
      "领导人姓名": "翟占利",
      "职位描述": "核心技术人员",
      "期初持股数": "",
      "期末持股数": "",
      "间接持股数": "",
      "从公司获得年度报酬总额": "1301800",
      "补贴津贴": "",
      "变动原因说明": "",
      "是否在股东或关联单位领取报酬津贴": "否",
      "在任与否": "是"
    },
    {
      "领导人姓名": "王西玉",
      "职位描述": "核心技术人员",
      "期初持股数": "",
      "期末持股数": "",
      "间接持股数": "",
      "从公司获得年度报酬总额": "302200",
      "补贴津贴": "",
      "变动原因说明": "",
      "是否在股东或关联单位领取报酬津贴": "否",
      "在任与否": "否"
    },
    {
      "领导人姓名": "马晓亮",
      "职位描述": "核心技术人员",
      "期初持股数": "5000",
      "期末持股数": "5000",
      "间接持股数": "",
      "从公司获得年度报酬总额": "157300",
      "补贴津贴": "",
      "变动原因说明": "",
      "是否在股东或关联单位领取报酬津贴": "否",
      "在任与否": "否"
    }
  ]
}

=== 688362-2026-04-21-甬矽电子-2025年年度报告.pdf ===
{
  "Leader_Salary_data": {
    "实际所得报酬总额起始": "10891300",
    "实际所得报酬总额截止": "10891300",
    "实际所得报酬总额涉及人数": ""
  },
  "Leader_Hold_data": [
    {
      "领导人姓名": "王顺波",
      "职位描述": "董事、董事长、总经理",
      "期初持股数": "16000000",
      "期末持股数": "16030000",
      "间接持股数": "",
      "从公司获得年度报酬总额": "2187300",
      "补贴津贴": "",
      "变动原因说明": "30,000股权激励归属",
      "是否在股东或关联单位领取报酬津贴": "否",
      "在任与否": "是"
    },
    {
      "领导人姓名": "徐林华",
      "职位描述": "董事、副总经理",
      "期初持股数": "1194974",
      "期末持股数": "1224974",
      "间接持股数": "",
      "从公司获得年度报酬总额": "1983300",
      "补贴津贴": "",
      "变动原因说明": "30,000股权激励归属",
      "是否在股东或关联单位领取报酬津贴": "否",
      "在任与否": "是"
    },
    {
      "领导人姓名": "徐玉鹏",
      "职位描述": "董事、职工代表董事、副总经理、核心技术人员",
      "期初持股数": "0",
      "期末持股数": "26100",
      "间接持股数": "",
      "从公司获得年度报酬总额": "1596800",
      "补贴津贴": "",
      "变动原因说明": "26,100股权激励归属",
      "是否在股东或关联单位领取报酬津贴": "否",
      "在任与否": "是"
    },
    {
      "领导人姓名": "高文铭",
      "职位描述": "董事",
      "期初持股数": "0",
      "期末持股数": "0",
      "间接持股数": "",
      "从公司获得年度报酬总额": "0",
      "补贴津贴": "",
      "变动原因说明": "不适用",
      "是否在股东或关联单位领取报酬津贴": "是",
      "在任与否": "是"
    },
    {
      "领导人姓名": "蔡在法",
      "职位描述": "独立董事",
      "期初持股数": "0",
      "期末持股数": "0",
      "间接持股数": "",
      "从公司获得年度报酬总额": "99700",
      "补贴津贴": "",
      "变动原因说明": "不适用",
      "是否在股东或关联单位领取报酬津贴": "否",
      "在任与否": "是"
    },
    {
      "领导人姓名": "张冰",
      "职位描述": "独立董事",
      "期初持股数": "0",
      "期末持股数": "0",
      "间接持股数": "",
      "从公司获得年度报酬总额": "99700",
      "补贴津贴": "",
      "变动原因说明": "不适用",
      "是否在股东或关联单位领取报酬津贴": "否",
      "在任与否": "是"
    },
    {
      "领导人姓名": "王喆垚",
      "职位描述": "独立董事",
      "期初持股数": "0",
      "期末持股数": "0",
      "间接持股数": "",
      "从公司获得年度报酬总额": "43900",
      "补贴津贴": "",
      "变动原因说明": "不适用",
      "是否在股东或关联单位领取报酬津贴": "否",
      "在任与否": "否"
    },
    {
      "领导人姓名": "李学生",
      "职位描述": "独立董事",
      "期初持股数": "0",
      "期末持股数": "0",
      "间接持股数": "",
      "从公司获得年度报酬总额": "55900",
      "补贴津贴": "",
      "变动原因说明": "不适用",
      "是否在股东或关联单位领取报酬津贴": "否",
      "在任与否": "是"
    },
    {
      "领导人姓名": "金良凯",
      "职位描述": "财务总监、副总经理",
      "期初持股数": "0",
      "期末持股数": "19800",
      "间接持股数": "",
      "从公司获得年度报酬总额": "1391300",
      "补贴津贴": "",
      "变动原因说明": "股权激励归属",
      "是否在股东或关联单位领取报酬津贴": "否",
      "在任与否": "是"
    },
    {
      "领导人姓名": "李大林",
      "职位描述": "董事会秘书、副总经理",
      "期初持股数": "355490",
      "期末持股数": "587390",
      "间接持股数": "",
      "从公司获得年度报酬总额": "1453000",
      "补贴津贴": "",
      "变动原因说明": "股权激励归属",
      "是否在股东或关联单位领取报酬津贴": "否",
      "在任与否": "是"
    },
    {
      "领导人姓名": "钟磊",
      "职位描述": "核心技术人员",
      "期初持股数": "0",
      "期末持股数": "11700",
      "间接持股数": "",
      "从公司获得年度报酬总额": "631900",
      "补贴津贴": "",
      "变动原因说明": "股权激励归属、二级市场买卖",
      "是否在股东或关联单位领取报酬津贴": "否",
      "在任与否": "是"
    },
    {
      "领导人姓名": "李利",
      "职位描述": "核心技术人员",
      "期初持股数": "0",
      "期末持股数": "9600",
      "间接持股数": "",
      "从公司获得年度报酬总额": "485200",
      "补贴津贴": "",
      "变动原因说明": "股权激励归属",
      "是否在股东或关联单位领取报酬津贴": "否",
      "在任与否": "是"
    },
    {
      "领导人姓名": "许祖伟",
      "职位描述": "核心技术人员",
      "期初持股数": "0",
      "期末持股数": "0",
      "间接持股数": "",
      "从公司获得年度报酬总额": "394000",
      "补贴津贴": "",
      "变动原因说明": "不适用",
      "是否在股东或关联单位领取报酬津贴": "否",
      "在任与否": "是"
    },
    {
      "领导人姓名": "何正鸿",
      "职位描述": "核心技术人员",
      "期初持股数": "0",
      "期末持股数": "0",
      "间接持股数": "",
      "从公司获得年度报酬总额": "469300",
      "补贴津贴": "",
      "变动原因说明": "股权激励归属、二级市场买卖",
      "是否在股东或关联单位领取报酬津贴": "否",
      "在任与否": "是"
    }
  ]
}

=== 688238-2026-04-21-和元生物-2025年年度报告.pdf ===
{
  "Leader_Salary_data": {
    "实际所得报酬总额起始": "10866200",
    "实际所得报酬总额截止": "10866200",
    "实际所得报酬总额涉及人数": ""
  },
  "Leader_Hold_data": [
    {
      "领导人姓名": "潘讴东",
      "职位描述": "董事长、总经理（离任）、总经理",
      "期初持股数": "122805540",
      "期末持股数": "122805540",
      "间接持股数": "",
      "从公司获得年度报酬总额": "1064400",
      "补贴津贴": "",
      "变动原因说明": "",
      "是否在股东或关联单位领取报酬津贴": "否",
      "在任与否": "是"
    },
    {
      "领导人姓名": "潘俊屹",
      "职位描述": "董事、再生医学事业部总经理、副总经理（离任）、总经理",
      "期初持股数": "118300",
      "期末持股数": "118300",
      "间接持股数": "",
      "从公司获得年度报酬总额": "676100",
      "补贴津贴": "",
      "变动原因说明": "",
      "是否在股东或关联单位领取报酬津贴": "否",
      "在任与否": "是"
    },
    {
      "领导人姓名": "殷珊",
      "职位描述": "董事、副总经理",
      "期初持股数": "8740680",
      "期末持股数": "8740680",
      "间接持股数": "",
      "从公司获得年度报酬总额": "673200",
      "补贴津贴": "",
      "变动原因说明": "",
      "是否在股东或关联单位领取报酬津贴": "否",
      "在任与否": "是"
    },
    {
      "领导人姓名": "宋思杰",
      "职位描述": "职工代表董事",
      "期初持股数": "0",
      "期末持股数": "0",
      "间接持股数": "",
      "从公司获得年度报酬总额": "188000",
      "补贴津贴": "",
      "变动原因说明": "",
      "是否在股东或关联单位领取报酬津贴": "否",
      "在任与否": "是"
    },
    {
      "领导人姓名": "杨兴林",
      "职位描述": "董事、研发总监、核心技术人员",
      "期初持股数": "8571680",
      "期末持股数": "8571680",
      "间接持股数": "",
      "从公司获得年度报酬总额": "540800",
      "补贴津贴": "",
      "变动原因说明": "",
      "是否在股东或关联单位领取报酬津贴": "否",
      "在任与否": "是"
    },
    {
      "领导人姓名": "高国垒",
      "职位描述": "独立董事",
      "期初持股数": "0",
      "期末持股数": "0",
      "间接持股数": "",
      "从公司获得年度报酬总额": "50000",
      "补贴津贴": "",
      "变动原因说明": "",
      "是否在股东或关联单位领取报酬津贴": "否",
      "在任与否": "是"
    },
    {
      "领导人姓名": "郝玫",
      "职位描述": "独立董事",
      "期初持股数": "0",
      "期末持股数": "0",
      "间接持股数": "",
      "从公司获得年度报酬总额": "50000",
      "补贴津贴": "",
      "变动原因说明": "",
      "是否在股东或关联单位领取报酬津贴": "否",
      "在任与否": "是"
    },
    {
      "领导人姓名": "侯绪超",
      "职位描述": "独立董事",
      "期初持股数": "0",
      "期末持股数": "0",
      "间接持股数": "",
      "从公司获得年度报酬总额": "50000",
      "补贴津贴": "",
      "变动原因说明": "",
      "是否在股东或关联单位领取报酬津贴": "否",
      "在任与否": "是"
    },
    {
      "领导人姓名": "计小青",
      "职位描述": "独立董事",
      "期初持股数": "0",
      "期末持股数": "0",
      "间接持股数": "",
      "从公司获得年度报酬总额": "16000",
      "补贴津贴": "",
      "变动原因说明": "",
      "是否在股东或关联单位领取报酬津贴": "否",
      "在任与否": "是"
    },
    {
      "领导人姓名": "徐鲁媛",
      "职位描述": "副总经理、董事会秘书、财务负责人（离任)",
      "期初持股数": "650000",
      "期末持股数": "650000",
      "间接持股数": "",
      "从公司获得年度报酬总额": "979800",
      "补贴津贴": "",
      "变动原因说明": "",
      "是否在股东或关联单位领取报酬津贴": "否",
      "在任与否": "是"
    },
    {
      "领导人姓名": "夏清梅",
      "职位描述": "副总经理",
      "期初持股数": "7760480",
      "期末持股数": "7760480",
      "间接持股数": "",
      "从公司获得年度报酬总额": "734000",
      "补贴津贴": "",
      "变动原因说明": "",
      "是否在股东或关联单位领取报酬津贴": "否",
      "在任与否": "是"
    },
    {
      "领导人姓名": "吴钦斌",
      "职位描述": "副总经理",
      "期初持股数": "0",
      "期末持股数": "0",
      "间接持股数": "",
      "从公司获得年度报酬总额": "1670000",
      "补贴津贴": "",
      "变动原因说明": "",
      "是否在股东或关联单位领取报酬津贴": "否",
      "在任与否": "是"
    },
    {
      "领导人姓名": "王耀",
      "职位描述": "副总经理",
      "期初持股数": "183000",
      "期末持股数": "183000",
      "间接持股数": "",
      "从公司获得年度报酬总额": "759000",
      "补贴津贴": "",
      "变动原因说明": "",
      "是否在股东或关联单位领取报酬津贴": "否",
      "在任与否": "是"
    },
    {
      "领导人姓名": "栾振国",
      "职位描述": "财务负责人、副总经理",
      "期初持股数": "0",
      "期末持股数": "0",
      "间接持股数": "",
      "从公司获得年度报酬总额": "610500",
      "补贴津贴": "",
      "变动原因说明": "",
      "是否在股东或关联单位领取报酬津贴": "否",
      "在任与否": "是"
    },
    {
      "领导人姓名": "杨佳丽",
      "职位描述": "研发副总监、核心技术人员",
      "期初持股数": "123200",
      "期末持股数": "123200",
      "间接持股数": "",
      "从公司获得年度报酬总额": "428200",
      "补贴津贴": "",
      "变动原因说明": "",
      "是否在股东或关联单位领取报酬津贴": "否",
      "在任与否": "是"
    },
    {
      "领导人姓名": "程海子",
      "职位描述": "技术研发总监、核心技术人员",
      "期初持股数": "0",
      "期末持股数": "0",
      "间接持股数": "",
      "从公司获得年度报酬总额": "553700",
      "补贴津贴": "",
      "变动原因说明": "",
      "是否在股东或关联单位领取报酬津贴": "否",
      "在任与否": "是"
    },
    {
      "领导人姓名": "刘素丽",
      "职位描述": "CDMO项目负责人、核心技术人员",
      "期初持股数": "0",
      "期末持股数": "0",
      "间接持股数": "",
      "从公司获得年度报酬总额": "747400",
      "补贴津贴": "",
      "变动原因说明": "",
      "是否在股东或关联单位领取报酬津贴": "否",
      "在任与否": "是"
    },
    {
      "领导人姓名": "王富杰",
      "职位描述": "副总经理（离任）、董事（离任)",
      "期初持股数": "9254440",
      "期末持股数": "9254440",
      "间接持股数": "",
      "从公司获得年度报酬总额": "541000",
      "补贴津贴": "",
      "变动原因说明": "",
      "是否在股东或关联单位领取报酬津贴": "否",
      "在任与否": "否"
    },
    {
      "领导人姓名": "由庆睿",
      "职位描述": "董事（离任）、副总经理（离任）、核心技术人员（离任)",
      "期初持股数": "182000",
      "期末持股数": "182000",
      "间接持股数": "",
      "从公司获得年度报酬总额": "0",
      "补贴津贴": "",
      "变动原因说明": "",
      "是否在股东或关联单位领取报酬津贴": "否",
      "在任与否": "否"
    },
    {
      "领导人姓名": "袁可嘉",
      "职位描述": "董事（离任)",
      "期初持股数": "0",
      "期末持股数": "0",
      "间接持股数": "",
      "从公司获得年度报酬总额": "0",
      "补贴津贴": "",
      "变动原因说明": "",
      "是否在股东或关联单位领取报酬津贴": "否",
      "在任与否": "否"
    },
    {
      "领导人姓名": "GANG WANG（王刚）",
      "职位描述": "独立董事（离任)",
      "期初持股数": "0",
      "期末持股数": "0",
      "间接持股数": "",
      "从公司获得年度报酬总额": "50000",
      "补贴津贴": "",
      "变动原因说明": "",
      "是否在股东或关联单位领取报酬津贴": "否",
      "在任与否": "否"
    },
    {
      "领导人姓名": "甘丽凝",
      "职位描述": "独立董事（离任)",
      "期初持股数": "0",
      "期末持股数": "0",
      "间接持股数": "",
      "从公司获得年度报酬总额": "50000",
      "补贴津贴": "",
      "变动原因说明": "",
      "是否在股东或关联单位领取报酬津贴": "否",
      "在任与否": "否"
    },
    {
      "领导人姓名": "宋正奇",
      "职位描述": "独立董事（离任)",
      "期初持股数": "0",
      "期末持股数": "0",
      "间接持股数": "",
      "从公司获得年度报酬总额": "50000",
      "补贴津贴": "",
      "变动原因说明": "",
      "是否在股东或关联单位领取报酬津贴": "否",
      "在任与否": "否"
    },
    {
      "领导人姓名": "吴丹枫",
      "职位描述": "独立董事（离任)",
      "期初持股数": "0",
      "期末持股数": "0",
      "间接持股数": "",
      "从公司获得年度报酬总额": "34000",
      "补贴津贴": "",
      "变动原因说明": "",
      "是否在股东或关联单位领取报酬津贴": "否",
      "在任与否": "否"
    },
    {
      "领导人姓名": "韦厚良",
      "职位描述": "工艺开发副总监、核心技术人员（离任)",
      "期初持股数": "260000",
      "期末持股数": "260000",
      "间接持股数": "",
      "从公司获得年度报酬总额": "159100",
      "补贴津贴": "",
      "变动原因说明": "",
      "是否在股东或关联单位领取报酬津贴": "否",
      "在任与否": "否"
    }
  ]
}

=== 688369-2026-04-21-致远互联-北京致远互联软件股份有限公司2025年年度报告.pdf ===
{
  "Leader_Salary_data": {
    "实际所得报酬总额起始": "10323500",
    "实际所得报酬总额截止": "10323500",
    "实际所得报酬总额涉及人数": ""
  },
  "Leader_Hold_data": [
    {
      "领导人姓名": "徐石",
      "职位描述": "董事长、总经理、核心技术人员",
      "期初持股数": "24264650",
      "期末持股数": "24264650",
      "间接持股数": "",
      "从公司获得年度报酬总额": "798000",
      "补贴津贴": "",
      "变动原因说明": "",
      "是否在股东或关联单位领取报酬津贴": "否",
      "在任与否": "是"
    },
    {
      "领导人姓名": "向奇汉",
      "职位描述": "董事、副总经理",
      "期初持股数": "82695",
      "期末持股数": "82695",
      "间接持股数": "",
      "从公司获得年度报酬总额": "740000",
      "补贴津贴": "",
      "变动原因说明": "",
      "是否在股东或关联单位领取报酬津贴": "否",
      "在任与否": "否"
    },
    {
      "领导人姓名": "朱岩",
      "职位描述": "董事",
      "期初持股数": "0",
      "期末持股数": "0",
      "间接持股数": "",
      "从公司获得年度报酬总额": "0",
      "补贴津贴": "",
      "变动原因说明": "",
      "是否在股东或关联单位领取报酬津贴": "否",
      "在任与否": "是"
    },
    {
      "领导人姓名": "彭璐",
      "职位描述": "职工代表董事、核心技术人员",
      "期初持股数": "0",
      "期末持股数": "0",
      "间接持股数": "",
      "从公司获得年度报酬总额": "1193800",
      "补贴津贴": "",
      "变动原因说明": "",
      "是否在股东或关联单位领取报酬津贴": "否",
      "在任与否": "是"
    },
    {
      "领导人姓名": "王志成",
      "职位描述": "独立董事",
      "期初持股数": "0",
      "期末持股数": "0",
      "间接持股数": "",
      "从公司获得年度报酬总额": "120000",
      "补贴津贴": "120000",
      "变动原因说明": "",
      "是否在股东或关联单位领取报酬津贴": "否",
      "在任与否": "是"
    },
    {
      "领导人姓名": "徐景峰",
      "职位描述": "独立董事",
      "期初持股数": "0",
      "期末持股数": "0",
      "间接持股数": "",
      "从公司获得年度报酬总额": "120000",
      "补贴津贴": "120000",
      "变动原因说明": "",
      "是否在股东或关联单位领取报酬津贴": "否",
      "在任与否": "是"
    },
    {
      "领导人姓名": "黎直前",
      "职位描述": "独立董事",
      "期初持股数": "0",
      "期末持股数": "0",
      "间接持股数": "",
      "从公司获得年度报酬总额": "71700",
      "补贴津贴": "120000",
      "变动原因说明": "",
      "是否在股东或关联单位领取报酬津贴": "否",
      "在任与否": "是"
    },
    {
      "领导人姓名": "陆光宇",
      "职位描述": "副总经理",
      "期初持股数": "0",
      "期末持股数": "0",
      "间接持股数": "",
      "从公司获得年度报酬总额": "71800",
      "补贴津贴": "",
      "变动原因说明": "",
      "是否在股东或关联单位领取报酬津贴": "否",
      "在任与否": "是"
    },
    {
      "领导人姓名": "刘亦然",
      "职位描述": "副总经理",
      "期初持股数": "60342",
      "期末持股数": "48507",
      "间接持股数": "",
      "从公司获得年度报酬总额": "68800",
      "补贴津贴": "",
      "变动原因说明": "二级市场减持",
      "是否在股东或关联单位领取报酬津贴": "否",
      "在任与否": "是"
    },
    {
      "领导人姓名": "孟长安",
      "职位描述": "财务负责人",
      "期初持股数": "0",
      "期末持股数": "0",
      "间接持股数": "",
      "从公司获得年度报酬总额": "1200000",
      "补贴津贴": "",
      "变动原因说明": "",
      "是否在股东或关联单位领取报酬津贴": "否",
      "在任与否": "是"
    },
    {
      "领导人姓名": "段芳",
      "职位描述": "董事会秘书",
      "期初持股数": "0",
      "期末持股数": "0",
      "间接持股数": "",
      "从公司获得年度报酬总额": "630400",
      "补贴津贴": "",
      "变动原因说明": "",
      "是否在股东或关联单位领取报酬津贴": "否",
      "在任与否": "是"
    },
    {
      "领导人姓名": "谭敏锋",
      "职位描述": "核心技术人员、副总经理",
      "期初持股数": "60000",
      "期末持股数": "60000",
      "间接持股数": "",
      "从公司获得年度报酬总额": "645600",
      "补贴津贴": "",
      "变动原因说明": "",
      "是否在股东或关联单位领取报酬津贴": "否",
      "在任与否": "否"
    },
    {
      "领导人姓名": "李平",
      "职位描述": "核心技术人员",
      "期初持股数": "0",
      "期末持股数": "0",
      "间接持股数": "",
      "从公司获得年度报酬总额": "455000",
      "补贴津贴": "",
      "变动原因说明": "",
      "是否在股东或关联单位领取报酬津贴": "否",
      "在任与否": "是"
    },
    {
      "领导人姓名": "杨玉斌",
      "职位描述": "核心技术人员",
      "期初持股数": "0",
      "期末持股数": "0",
      "间接持股数": "",
      "从公司获得年度报酬总额": "608000",
      "补贴津贴": "",
      "变动原因说明": "",
      "是否在股东或关联单位领取报酬津贴": "否",
      "在任与否": "是"
    },
    {
      "领导人姓名": "张伟",
      "职位描述": "核心技术人员",
      "期初持股数": "1425",
      "期末持股数": "1425",
      "间接持股数": "",
      "从公司获得年度报酬总额": "553200",
      "补贴津贴": "",
      "变动原因说明": "",
      "是否在股东或关联单位领取报酬津贴": "否",
      "在任与否": "是"
    },
    {
      "领导人姓名": "尹好鹏",
      "职位描述": "独立董事",
      "期初持股数": "0",
      "期末持股数": "0",
      "间接持股数": "",
      "从公司获得年度报酬总额": "48300",
      "补贴津贴": "",
      "变动原因说明": "",
      "是否在股东或关联单位领取报酬津贴": "否",
      "在任与否": "否"
    },
    {
      "领导人姓名": "严洁联",
      "职位描述": "董事、副总经理",
      "期初持股数": "0",
      "期末持股数": "0",
      "间接持股数": "",
      "从公司获得年度报酬总额": "550000",
      "补贴津贴": "",
      "变动原因说明": "",
      "是否在股东或关联单位领取报酬津贴": "否",
      "在任与否": "否"
    },
    {
      "领导人姓名": "马文",
      "职位描述": "副总经理",
      "期初持股数": "55000",
      "期末持股数": "55000",
      "间接持股数": "",
      "从公司获得年度报酬总额": "870200",
      "补贴津贴": "",
      "变动原因说明": "",
      "是否在股东或关联单位领取报酬津贴": "否",
      "在任与否": "否"
    },
    {
      "领导人姓名": "杨祉雄",
      "职位描述": "核心技术人员",
      "期初持股数": "466707",
      "期末持股数": "0",
      "间接持股数": "",
      "从公司获得年度报酬总额": "97500",
      "补贴津贴": "",
      "变动原因说明": "二级市场减持",
      "是否在股东或关联单位领取报酬津贴": "否",
      "在任与否": "否"
    },
    {
      "领导人姓名": "茆定远",
      "职位描述": "核心技术人员",
      "期初持股数": "0",
      "期末持股数": "0",
      "间接持股数": "",
      "从公司获得年度报酬总额": "0",
      "补贴津贴": "",
      "变动原因说明": "",
      "是否在股东或关联单位领取报酬津贴": "否",
      "在任与否": "否"
    }
  ]
}

=== 688448-2026-04-21-磁谷科技-南京磁谷科技股份有限公司2025年年度报告.pdf ===
{
  "Leader_Salary_data": {
    "实际所得报酬总额起始": "9078500",
    "实际所得报酬总额截止": "9078500",
    "实际所得报酬总额涉及人数": ""
  },
  "Leader_Hold_data": [
    {
      "领导人姓名": "吴立华",
      "职位描述": "董事长",
      "期初持股数": "12510000",
      "期末持股数": "12510000",
      "间接持股数": "",
      "从公司获得年度报酬总额": "743100",
      "补贴津贴": "",
      "变动原因说明": "",
      "是否在股东或关联单位领取报酬津贴": "否",
      "在任与否": "是"
    },
    {
      "领导人姓名": "董继勇",
      "职位描述": "董事、总经理",
      "期初持股数": "2430000",
      "期末持股数": "2430000",
      "间接持股数": "",
      "从公司获得年度报酬总额": "874500",
      "补贴津贴": "",
      "变动原因说明": "",
      "是否在股东或关联单位领取报酬津贴": "否",
      "在任与否": "是"
    },
    {
      "领导人姓名": "吴宁晨",
      "职位描述": "副董事长、副总经理",
      "期初持股数": "11219500",
      "期末持股数": "11219500",
      "间接持股数": "",
      "从公司获得年度报酬总额": "599100",
      "补贴津贴": "",
      "变动原因说明": "",
      "是否在股东或关联单位领取报酬津贴": "否",
      "在任与否": "是"
    },
    {
      "领导人姓名": "徐龙祥",
      "职位描述": "董事、核心技术人员",
      "期初持股数": "5520000",
      "期末持股数": "4140305",
      "间接持股数": "",
      "从公司获得年度报酬总额": "109200",
      "补贴津贴": "",
      "变动原因说明": "实施减持计划",
      "是否在股东或关联单位领取报酬津贴": "否",
      "在任与否": "是"
    },
    {
      "领导人姓名": "肖兰花",
      "职位描述": "董事、董事会秘书、财务总监",
      "期初持股数": "22500",
      "期末持股数": "22500",
      "间接持股数": "",
      "从公司获得年度报酬总额": "570200",
      "补贴津贴": "",
      "变动原因说明": "",
      "是否在股东或关联单位领取报酬津贴": "否",
      "在任与否": "是"
    },
    {
      "领导人姓名": "王树立",
      "职位描述": "董事",
      "期初持股数": "0",
      "期末持股数": "0",
      "间接持股数": "",
      "从公司获得年度报酬总额": "0",
      "补贴津贴": "",
      "变动原因说明": "",
      "是否在股东或关联单位领取报酬津贴": "否",
      "在任与否": "否"
    },
    {
      "领导人姓名": "赵雷",
      "职位描述": "独立董事",
      "期初持股数": "0",
      "期末持股数": "0",
      "间接持股数": "",
      "从公司获得年度报酬总额": "96000",
      "补贴津贴": "96000",
      "变动原因说明": "",
      "是否在股东或关联单位领取报酬津贴": "否",
      "在任与否": "是"
    },
    {
      "领导人姓名": "黄惠春",
      "职位描述": "独立董事",
      "期初持股数": "0",
      "期末持股数": "0",
      "间接持股数": "",
      "从公司获得年度报酬总额": "96000",
      "补贴津贴": "96000",
      "变动原因说明": "",
      "是否在股东或关联单位领取报酬津贴": "否",
      "在任与否": "是"
    },
    {
      "领导人姓名": "夏维剑",
      "职位描述": "独立董事",
      "期初持股数": "0",
      "期末持股数": "0",
      "间接持股数": "",
      "从公司获得年度报酬总额": "96000",
      "补贴津贴": "96000",
      "变动原因说明": "",
      "是否在股东或关联单位领取报酬津贴": "否",
      "在任与否": "是"
    },
    {
      "领导人姓名": "王莉",
      "职位描述": "职工代表董事",
      "期初持股数": "0",
      "期末持股数": "0",
      "间接持股数": "",
      "从公司获得年度报酬总额": "378200",
      "补贴津贴": "",
      "变动原因说明": "",
      "是否在股东或关联单位领取报酬津贴": "否",
      "在任与否": "是"
    },
    {
      "领导人姓名": "杜志军",
      "职位描述": "副总经理、核心技术人员",
      "期初持股数": "19500",
      "期末持股数": "19500",
      "间接持股数": "",
      "从公司获得年度报酬总额": "587400",
      "补贴津贴": "",
      "变动原因说明": "",
      "是否在股东或关联单位领取报酬津贴": "否",
      "在任与否": "是"
    },
    {
      "领导人姓名": "林英哲",
      "职位描述": "副总经理、核心技术人员",
      "期初持股数": "25500",
      "期末持股数": "25500",
      "间接持股数": "",
      "从公司获得年度报酬总额": "922900",
      "补贴津贴": "",
      "变动原因说明": "",
      "是否在股东或关联单位领取报酬津贴": "否",
      "在任与否": "是"
    },
    {
      "领导人姓名": "傅安强",
      "职位描述": "副总经理",
      "期初持股数": "19500",
      "期末持股数": "19500",
      "间接持股数": "",
      "从公司获得年度报酬总额": "565500",
      "补贴津贴": "",
      "变动原因说明": "",
      "是否在股东或关联单位领取报酬津贴": "否",
      "在任与否": "是"
    },
    {
      "领导人姓名": "芮彬",
      "职位描述": "副总经理、核心技术人员",
      "期初持股数": "16500",
      "期末持股数": "16500",
      "间接持股数": "",
      "从公司获得年度报酬总额": "517200",
      "补贴津贴": "",
      "变动原因说明": "",
      "是否在股东或关联单位领取报酬津贴": "否",
      "在任与否": "是"
    },
    {
      "领导人姓名": "孟凡菲",
      "职位描述": "核心技术人员",
      "期初持股数": "9000",
      "期末持股数": "9000",
      "间接持股数": "",
      "从公司获得年度报酬总额": "600200",
      "补贴津贴": "",
      "变动原因说明": "",
      "是否在股东或关联单位领取报酬津贴": "否",
      "在任与否": "是"
    },
    {
      "领导人姓名": "曹俊",
      "职位描述": "核心技术人员",
      "期初持股数": "0",
      "期末持股数": "0",
      "间接持股数": "",
      "从公司获得年度报酬总额": "86600",
      "补贴津贴": "",
      "变动原因说明": "",
      "是否在股东或关联单位领取报酬津贴": "否",
      "在任与否": "是"
    }
  ]
}

=== 688469-2026-04-21-芯联集成-芯联集成电路制造股份有限公司2025年年度报告.pdf ===
{
  "Leader_Salary_data": {
    "实际所得报酬总额起始": "72933400",
    "实际所得报酬总额截止": "72933400",
    "实际所得报酬总额涉及人数": ""
  },
  "Leader_Hold_data": [
    {
      "领导人姓名": "赵奇",
      "职位描述": "董事长、董事、总经理、核心技术人员",
      "期初持股数": "0",
      "期末持股数": "0",
      "间接持股数": "",
      "从公司获得年度报酬总额": "8568000",
      "补贴津贴": "",
      "变动原因说明": "",
      "是否在股东或关联单位领取报酬津贴": "否",
      "在任与否": "是"
    },
    {
      "领导人姓名": "王劲松",
      "职位描述": "董事",
      "期初持股数": "0",
      "期末持股数": "0",
      "间接持股数": "",
      "从公司获得年度报酬总额": "0",
      "补贴津贴": "",
      "变动原因说明": "",
      "是否在股东或关联单位领取报酬津贴": "是",
      "在任与否": "是"
    },
    {
      "领导人姓名": "叶海木",
      "职位描述": "董事",
      "期初持股数": "0",
      "期末持股数": "0",
      "间接持股数": "",
      "从公司获得年度报酬总额": "0",
      "补贴津贴": "",
      "变动原因说明": "",
      "是否在股东或关联单位领取报酬津贴": "否",
      "在任与否": "是"
    },
    {
      "领导人姓名": "林东华",
      "职位描述": "董事",
      "期初持股数": "0",
      "期末持股数": "0",
      "间接持股数": "",
      "从公司获得年度报酬总额": "0",
      "补贴津贴": "",
      "变动原因说明": "",
      "是否在股东或关联单位领取报酬津贴": "是",
      "在任与否": "是"
    },
    {
      "领导人姓名": "刘煊杰",
      "职位描述": "董事、执行副总经理、核心技术人员",
      "期初持股数": "0",
      "期末持股数": "0",
      "间接持股数": "",
      "从公司获得年度报酬总额": "8577000",
      "补贴津贴": "",
      "变动原因说明": "",
      "是否在股东或关联单位领取报酬津贴": "否",
      "在任与否": "是"
    },
    {
      "领导人姓名": "陈琳",
      "职位描述": "独立董事",
      "期初持股数": "0",
      "期末持股数": "0",
      "间接持股数": "",
      "从公司获得年度报酬总额": "120000",
      "补贴津贴": "120000",
      "变动原因说明": "",
      "是否在股东或关联单位领取报酬津贴": "否",
      "在任与否": "是"
    },
    {
      "领导人姓名": "李生校",
      "职位描述": "独立董事",
      "期初持股数": "0",
      "期末持股数": "0",
      "间接持股数": "",
      "从公司获得年度报酬总额": "120000",
      "补贴津贴": "120000",
      "变动原因说明": "",
      "是否在股东或关联单位领取报酬津贴": "否",
      "在任与否": "是"
    },
    {
      "领导人姓名": "李旺荣",
      "职位描述": "独立董事",
      "期初持股数": "0",
      "期末持股数": "0",
      "间接持股数": "",
      "从公司获得年度报酬总额": "120000",
      "补贴津贴": "120000",
      "变动原因说明": "",
      "是否在股东或关联单位领取报酬津贴": "否",
      "在任与否": "是"
    },
    {
      "领导人姓名": "王保平",
      "职位描述": "独立董事",
      "期初持股数": "0",
      "期末持股数": "0",
      "间接持股数": "",
      "从公司获得年度报酬总额": "120000",
      "补贴津贴": "120000",
      "变动原因说明": "",
      "是否在股东或关联单位领取报酬津贴": "否",
      "在任与否": "是"
    },
    {
      "领导人姓名": "陈俊安",
      "职位描述": "职工代表董事",
      "期初持股数": "0",
      "期末持股数": "0",
      "间接持股数": "",
      "从公司获得年度报酬总额": "4000",
      "补贴津贴": "",
      "变动原因说明": "",
      "是否在股东或关联单位领取报酬津贴": "否",
      "在任与否": "是"
    },
    {
      "领导人姓名": "彭梦琴",
      "职位描述": "职工代表董事",
      "期初持股数": "0",
      "期末持股数": "0",
      "间接持股数": "",
      "从公司获得年度报酬总额": "5300",
      "补贴津贴": "",
      "变动原因说明": "",
      "是否在股东或关联单位领取报酬津贴": "否",
      "在任与否": "是"
    },
    {
      "领导人姓名": "王韦",
      "职位描述": "财务负责人",
      "期初持股数": "0",
      "期末持股数": "0",
      "间接持股数": "",
      "从公司获得年度报酬总额": "7599500",
      "补贴津贴": "",
      "变动原因说明": "",
      "是否在股东或关联单位领取报酬津贴": "否",
      "在任与否": "是"
    },
    {
      "领导人姓名": "肖方",
      "职位描述": "执行副总经理、核心技术人员",
      "期初持股数": "0",
      "期末持股数": "0",
      "间接持股数": "",
      "从公司获得年度报酬总额": "7539500",
      "补贴津贴": "",
      "变动原因说明": "",
      "是否在股东或关联单位领取报酬津贴": "否",
      "在任与否": "是"
    },
    {
      "领导人姓名": "张霞",
      "职位描述": "副总经理",
      "期初持股数": "0",
      "期末持股数": "0",
      "间接持股数": "",
      "从公司获得年度报酬总额": "6513500",
      "补贴津贴": "",
      "变动原因说明": "",
      "是否在股东或关联单位领取报酬津贴": "否",
      "在任与否": "是"
    },
    {
      "领导人姓名": "严飞",
      "职位描述": "副总经理",
      "期初持股数": "0",
      "期末持股数": "0",
      "间接持股数": "",
      "从公司获得年度报酬总额": "6448500",
      "补贴津贴": "",
      "变动原因说明": "",
      "是否在股东或关联单位领取报酬津贴": "否",
      "在任与否": "是"
    },
    {
      "领导人姓名": "张毅",
      "职位描述": "董事会秘书",
      "期初持股数": "0",
      "期末持股数": "0",
      "间接持股数": "",
      "从公司获得年度报酬总额": "795400",
      "补贴津贴": "",
      "变动原因说明": "",
      "是否在股东或关联单位领取报酬津贴": "否",
      "在任与否": "是"
    },
    {
      "领导人姓名": "单伟中",
      "职位描述": "核心技术人员、执行总监",
      "期初持股数": "0",
      "期末持股数": "240000",
      "间接持股数": "",
      "从公司获得年度报酬总额": "1718200",
      "补贴津贴": "",
      "变动原因说明": "二类限制性股票归属",
      "是否在股东或关联单位领取报酬津贴": "否",
      "在任与否": "是"
    }
  ]
}

=== 920056-2026-04-20-能之光-2025年年度报告.pdf ===
{
  "Leader_Salary_data": {
    "实际所得报酬总额起始": "",
    "实际所得报酬总额截止": "",
    "实际所得报酬总额涉及人数": ""
  },
  "Leader_Hold_data": [
    {
      "领导人姓名": "张发饶",
      "职位描述": "董事长、总经理",
      "期初持股数": "8956930",
      "期末持股数": "8956930",
      "间接持股数": "",
      "从公司获得年度报酬总额": "673600",
      "补贴津贴": "",
      "变动原因说明": "",
      "是否在股东或关联单位领取报酬津贴": "否",
      "在任与否": "是"
    },
    {
      "领导人姓名": "施振中",
      "职位描述": "董事、副总经理",
      "期初持股数": "0",
      "期末持股数": "0",
      "间接持股数": "",
      "从公司获得年度报酬总额": "523600",
      "补贴津贴": "",
      "变动原因说明": "",
      "是否在股东或关联单位领取报酬津贴": "否",
      "在任与否": "是"
    },
    {
      "领导人姓名": "蓝传峰",
      "职位描述": "董事、副总经理、董事会秘书",
      "期初持股数": "0",
      "期末持股数": "0",
      "间接持股数": "",
      "从公司获得年度报酬总额": "553600",
      "补贴津贴": "",
      "变动原因说明": "",
      "是否在股东或关联单位领取报酬津贴": "否",
      "在任与否": "是"
    },
    {
      "领导人姓名": "曾庆东",
      "职位描述": "董事",
      "期初持股数": "0",
      "期末持股数": "0",
      "间接持股数": "",
      "从公司获得年度报酬总额": "0",
      "补贴津贴": "",
      "变动原因说明": "",
      "是否在股东或关联单位领取报酬津贴": "否",
      "在任与否": "是"
    },
    {
      "领导人姓名": "陈连勇",
      "职位描述": "独立董事",
      "期初持股数": "0",
      "期末持股数": "0",
      "间接持股数": "",
      "从公司获得年度报酬总额": "90000",
      "补贴津贴": "90000",
      "变动原因说明": "",
      "是否在股东或关联单位领取报酬津贴": "否",
      "在任与否": "是"
    },
    {
      "领导人姓名": "陈军",
      "职位描述": "独立董事",
      "期初持股数": "0",
      "期末持股数": "0",
      "间接持股数": "",
      "从公司获得年度报酬总额": "90000",
      "补贴津贴": "90000",
      "变动原因说明": "",
      "是否在股东或关联单位领取报酬津贴": "否",
      "在任与否": "是"
    },
    {
      "领导人姓名": "周海滨",
      "职位描述": "独立董事",
      "期初持股数": "0",
      "期末持股数": "0",
      "间接持股数": "",
      "从公司获得年度报酬总额": "90000",
      "补贴津贴": "90000",
      "变动原因说明": "",
      "是否在股东或关联单位领取报酬津贴": "否",
      "在任与否": "是"
    },
    {
      "领导人姓名": "孙维华",
      "职位描述": "副总经理",
      "期初持股数": "0",
      "期末持股数": "0",
      "间接持股数": "",
      "从公司获得年度报酬总额": "406000",
      "补贴津贴": "",
      "变动原因说明": "",
      "是否在股东或关联单位领取报酬津贴": "否",
      "在任与否": "是"
    },
    {
      "领导人姓名": "王月先",
      "职位描述": "财务总监",
      "期初持股数": "0",
      "期末持股数": "0",
      "间接持股数": "",
      "从公司获得年度报酬总额": "423600",
      "补贴津贴": "",
      "变动原因说明": "",
      "是否在股东或关联单位领取报酬津贴": "否",
      "在任与否": "是"
    }
  ]
}

=== 688388-2026-04-21-嘉元科技-广东嘉元科技股份有限公司2025年年度报告.pdf ===
{
  "Leader_Salary_data": {
    "实际所得报酬总额起始": "9850400",
    "实际所得报酬总额截止": "9850400",
    "实际所得报酬总额涉及人数": ""
  },
  "Leader_Hold_data": [
    {
      "领导人姓名": "廖平元",
      "职位描述": "董事长",
      "期初持股数": "0",
      "期末持股数": "0",
      "间接持股数": "",
      "从公司获得年度报酬总额": "790500",
      "补贴津贴": "",
      "变动原因说明": "",
      "是否在股东或关联单位领取报酬津贴": "否",
      "在任与否": "是"
    },
    {
      "领导人姓名": "赖仕昌",
      "职位描述": "董事",
      "期初持股数": "12304803",
      "期末持股数": "11243433",
      "间接持股数": "",
      "从公司获得年度报酬总额": "334000",
      "补贴津贴": "",
      "变动原因说明": "减持",
      "是否在股东或关联单位领取报酬津贴": "否",
      "在任与否": "否"
    },
    {
      "领导人姓名": "杨剑文",
      "职位描述": "董事、总裁（总经理）",
      "期初持股数": "0",
      "期末持股数": "26520",
      "间接持股数": "",
      "从公司获得年度报酬总额": "743600",
      "补贴津贴": "",
      "变动原因说明": "公司2024年限制性股票激励计划归属",
      "是否在股东或关联单位领取报酬津贴": "否",
      "在任与否": "是"
    },
    {
      "领导人姓名": "刘少华",
      "职位描述": "董事、联席总裁、核心技术人员",
      "期初持股数": "0",
      "期末持股数": "26440",
      "间接持股数": "",
      "从公司获得年度报酬总额": "748900",
      "补贴津贴": "",
      "变动原因说明": "公司2024年限制性股票激励计划归属",
      "是否在股东或关联单位领取报酬津贴": "否",
      "在任与否": "否"
    },
    {
      "领导人姓名": "李建国",
      "职位描述": "董事、常务副总裁",
      "期初持股数": "0",
      "期末持股数": "20720",
      "间接持股数": "",
      "从公司获得年度报酬总额": "464000",
      "补贴津贴": "",
      "变动原因说明": "公司2024年限制性股票激励计划归属",
      "是否在股东或关联单位领取报酬津贴": "否",
      "在任与否": "是"
    },
    {
      "领导人姓名": "叶敬敏",
      "职位描述": "董事、副总裁",
      "期初持股数": "0",
      "期末持股数": "22320",
      "间接持股数": "",
      "从公司获得年度报酬总额": "459100",
      "补贴津贴": "",
      "变动原因说明": "公司2024年限制性股票激励计划归属",
      "是否在股东或关联单位领取报酬津贴": "否",
      "在任与否": "否"
    },
    {
      "领导人姓名": "潘文俊",
      "职位描述": "监事会主席、董事",
      "期初持股数": "0",
      "期末持股数": "0",
      "间接持股数": "",
      "从公司获得年度报酬总额": "407600",
      "补贴津贴": "",
      "变动原因说明": "",
      "是否在股东或关联单位领取报酬津贴": "否",
      "在任与否": "否"
    },
    {
      "领导人姓名": "叶成林",
      "职位描述": "副总裁、董事",
      "期初持股数": "0",
      "期末持股数": "21600",
      "间接持股数": "",
      "从公司获得年度报酬总额": "453300",
      "补贴津贴": "",
      "变动原因说明": "公司2024年限制性股票激励计划归属",
      "是否在股东或关联单位领取报酬津贴": "否",
      "在任与否": "否"
    },
    {
      "领导人姓名": "廖朝理",
      "职位描述": "独立董事",
      "期初持股数": "0",
      "期末持股数": "0",
      "间接持股数": "",
      "从公司获得年度报酬总额": "18100",
      "补贴津贴": "",
      "变动原因说明": "",
      "是否在股东或关联单位领取报酬津贴": "否",
      "在任与否": "否"
    },
    {
      "领导人姓名": "夏芸",
      "职位描述": "独立董事",
      "期初持股数": "0",
      "期末持股数": "0",
      "间接持股数": "",
      "从公司获得年度报酬总额": "82300",
      "补贴津贴": "",
      "变动原因说明": "",
      "是否在股东或关联单位领取报酬津贴": "否",
      "在任与否": "是"
    },
    {
      "领导人姓名": "张展源",
      "职位描述": "独立董事",
      "期初持股数": "0",
      "期末持股数": "0",
      "间接持股数": "",
      "从公司获得年度报酬总额": "100000",
      "补贴津贴": "",
      "变动原因说明": "",
      "是否在股东或关联单位领取报酬津贴": "否",
      "在任与否": "是"
    },
    {
      "领导人姓名": "吴忠振",
      "职位描述": "独立董事",
      "期初持股数": "0",
      "期末持股数": "0",
      "间接持股数": "",
      "从公司获得年度报酬总额": "100000",
      "补贴津贴": "",
      "变动原因说明": "",
      "是否在股东或关联单位领取报酬津贴": "否",
      "在任与否": "否"
    },
    {
      "领导人姓名": "董全峰",
      "职位描述": "独立董事",
      "期初持股数": "0",
      "期末持股数": "0",
      "间接持股数": "",
      "从公司获得年度报酬总额": "0",
      "补贴津贴": "",
      "变动原因说明": "",
      "是否在股东或关联单位领取报酬津贴": "否",
      "在任与否": "是"
    },
    {
      "领导人姓名": "李永根",
      "职位描述": "职工代表监事、职工代表董事",
      "期初持股数": "0",
      "期末持股数": "0",
      "间接持股数": "",
      "从公司获得年度报酬总额": "393400",
      "补贴津贴": "",
      "变动原因说明": "",
      "是否在股东或关联单位领取报酬津贴": "否",
      "在任与否": "否"
    },
    {
      "领导人姓名": "李战华",
      "职位描述": "监事",
      "期初持股数": "2052120",
      "期末持股数": "2052120",
      "间接持股数": "",
      "从公司获得年度报酬总额": "167500",
      "补贴津贴": "",
      "变动原因说明": "",
      "是否在股东或关联单位领取报酬津贴": "否",
      "在任与否": "否"
    },
    {
      "领导人姓名": "李恒宏",
      "职位描述": "董事会秘书、副总裁",
      "期初持股数": "0",
      "期末持股数": "19600",
      "间接持股数": "",
      "从公司获得年度报酬总额": "452600",
      "补贴津贴": "",
      "变动原因说明": "公司2024年限制性股票激励计划归属",
      "是否在股东或关联单位领取报酬津贴": "否",
      "在任与否": "是"
    },
    {
      "领导人姓名": "王俊锋",
      "职位描述": "总工程师、核心技术人员",
      "期初持股数": "0",
      "期末持股数": "22560",
      "间接持股数": "",
      "从公司获得年度报酬总额": "554800",
      "补贴津贴": "",
      "变动原因说明": "公司2024年限制性股票激励计划归属",
      "是否在股东或关联单位领取报酬津贴": "否",
      "在任与否": "是"
    },
    {
      "领导人姓名": "叶铭",
      "职位描述": "副总裁",
      "期初持股数": "0",
      "期末持股数": "22360",
      "间接持股数": "",
      "从公司获得年度报酬总额": "400200",
      "补贴津贴": "",
      "变动原因说明": "公司2024年限制性股票激励计划归属",
      "是否在股东或关联单位领取报酬津贴": "否",
      "在任与否": "是"
    },
    {
      "领导人姓名": "肖建斌",
      "职位描述": "副总裁",
      "期初持股数": "0",
      "期末持股数": "20640",
      "间接持股数": "",
      "从公司获得年度报酬总额": "892700",
      "补贴津贴": "",
      "变动原因说明": "公司2024年限制性股票激励计划归属",
      "是否在股东或关联单位领取报酬津贴": "否",
      "在任与否": "是"
    },
    {
      "领导人姓名": "李建伟",
      "职位描述": "副总裁",
      "期初持股数": "29182",
      "期末持股数": "46302",
      "间接持股数": "",
      "从公司获得年度报酬总额": "435900",
      "补贴津贴": "",
      "变动原因说明": "公司2024年限制性股票激励计划归属",
      "是否在股东或关联单位领取报酬津贴": "否",
      "在任与否": "是"
    },
    {
      "领导人姓名": "陈权新",
      "职位描述": "副总裁",
      "期初持股数": "0",
      "期末持股数": "0",
      "间接持股数": "",
      "从公司获得年度报酬总额": "388600",
      "补贴津贴": "",
      "变动原因说明": "",
      "是否在股东或关联单位领取报酬津贴": "",
      "在任与否": "是"
    },
    {
      "领导人姓名": "廖国颂",
      "职位描述": "财务负责人、副总裁",
      "期初持股数": "0",
      "期末持股数": "19840",
      "间接持股数": "",
      "从公司获得年度报酬总额": "482500",
      "补贴津贴": "",
      "变动原因说明": "公司2024年限制性股票激励计划归属",
      "是否在股东或关联单位领取报酬津贴": "否",
      "在任与否": "否"
    },
    {
      "领导人姓名": "郑幸友",
      "职位描述": "财务负责人",
      "期初持股数": "0",
      "期末持股数": "0",
      "间接持股数": "",
      "从公司获得年度报酬总额": "228700",
      "补贴津贴": "",
      "变动原因说明": "",
      "是否在股东或关联单位领取报酬津贴": "否",
      "在任与否": "是"
    },
    {
      "领导人姓名": "王崇华",
      "职位描述": "核心技术人员",
      "期初持股数": "0",
      "期末持股数": "2120",
      "间接持股数": "",
      "从公司获得年度报酬总额": "268100",
      "补贴津贴": "",
      "变动原因说明": "公司2024年限制性股票激励计划归属",
      "是否在股东或关联单位领取报酬津贴": "否",
      "在任与否": "是"
    },
    {
      "领导人姓名": "温丙台",
      "职位描述": "核心技术人员",
      "期初持股数": "0",
      "期末持股数": "0",
      "间接持股数": "",
      "从公司获得年度报酬总额": "163700",
      "补贴津贴": "",
      "变动原因说明": "公司2024年限制性股票激励计划归属",
      "是否在股东或关联单位领取报酬津贴": "否",
      "在任与否": "是"
    },
    {
      "领导人姓名": "王洪杰",
      "职位描述": "核心技术人员",
      "期初持股数": "0",
      "期末持股数": "0",
      "间接持股数": "",
      "从公司获得年度报酬总额": "123900",
      "补贴津贴": "",
      "变动原因说明": "公司2024年限制性股票激励计划归属",
      "是否在股东或关联单位领取报酬津贴": "否",
      "在任与否": "是"
    }
  ]
}

=== 688305-2026-04-21-科德数控-科德数控股份有限公司2025年年度报告.pdf ===
{
  "Leader_Salary_data": {
    "实际所得报酬总额起始": "10156200",
    "实际所得报酬总额截止": "10156200",
    "实际所得报酬总额涉及人数": ""
  },
  "Leader_Hold_data": [
    {
      "领导人姓名": "于本宏",
      "职位描述": "董事长",
      "期初持股数": "9560000",
      "期末持股数": "12428000",
      "间接持股数": "",
      "从公司获得年度报酬总额": "915400",
      "补贴津贴": "",
      "变动原因说明": "资本公积金转增股本",
      "是否在股东或关联单位领取报酬津贴": "否",
      "在任与否": "是"
    },
    {
      "领导人姓名": "陈虎",
      "职位描述": "董事、总经理、核心技术人员",
      "期初持股数": "100000",
      "期末持股数": "130000",
      "间接持股数": "",
      "从公司获得年度报酬总额": "860600",
      "补贴津贴": "",
      "变动原因说明": "资本公积金转增股本",
      "是否在股东或关联单位领取报酬津贴": "否",
      "在任与否": "是"
    },
    {
      "领导人姓名": "阮叁芽",
      "职位描述": "董事",
      "期初持股数": "0",
      "期末持股数": "0",
      "间接持股数": "",
      "从公司获得年度报酬总额": "0",
      "补贴津贴": "",
      "变动原因说明": "/",
      "是否在股东或关联单位领取报酬津贴": "是",
      "在任与否": "是"
    },
    {
      "领导人姓名": "宋梦璐",
      "职位描述": "董事",
      "期初持股数": "5270000",
      "期末持股数": "6851000",
      "间接持股数": "",
      "从公司获得年度报酬总额": "0",
      "补贴津贴": "",
      "变动原因说明": "资本公积金转增股本",
      "是否在股东或关联单位领取报酬津贴": "是",
      "在任与否": "是"
    },
    {
      "领导人姓名": "朱莉华",
      "职位描述": "董事、董事会秘书",
      "期初持股数": "22000",
      "期末持股数": "28600",
      "间接持股数": "",
      "从公司获得年度报酬总额": "313900",
      "补贴津贴": "",
      "变动原因说明": "资本公积金转增股本",
      "是否在股东或关联单位领取报酬津贴": "否",
      "在任与否": "是"
    },
    {
      "领导人姓名": "王庆朋",
      "职位描述": "职工代表董事、核心技术人员",
      "期初持股数": "0",
      "期末持股数": "0",
      "间接持股数": "",
      "从公司获得年度报酬总额": "396100",
      "补贴津贴": "",
      "变动原因说明": "/",
      "是否在股东或关联单位领取报酬津贴": "否",
      "在任与否": "是"
    },
    {
      "领导人姓名": "李日昱",
      "职位描述": "独立董事",
      "期初持股数": "0",
      "期末持股数": "0",
      "间接持股数": "",
      "从公司获得年度报酬总额": "8300",
      "补贴津贴": "",
      "变动原因说明": "/",
      "是否在股东或关联单位领取报酬津贴": "否",
      "在任与否": "是"
    },
    {
      "领导人姓名": "张令荣",
      "职位描述": "独立董事",
      "期初持股数": "0",
      "期末持股数": "0",
      "间接持股数": "",
      "从公司获得年度报酬总额": "0",
      "补贴津贴": "",
      "变动原因说明": "/",
      "是否在股东或关联单位领取报酬津贴": "否",
      "在任与否": "是"
    },
    {
      "领导人姓名": "赵明",
      "职位描述": "独立董事",
      "期初持股数": "0",
      "期末持股数": "0",
      "间接持股数": "",
      "从公司获得年度报酬总额": "100000",
      "补贴津贴": "",
      "变动原因说明": "/",
      "是否在股东或关联单位领取报酬津贴": "否",
      "在任与否": "是"
    },
    {
      "领导人姓名": "李经明",
      "职位描述": "副总经理",
      "期初持股数": "7000",
      "期末持股数": "9100",
      "间接持股数": "",
      "从公司获得年度报酬总额": "182300",
      "补贴津贴": "",
      "变动原因说明": "资本公积金转增股本",
      "是否在股东或关联单位领取报酬津贴": "否",
      "在任与否": "是"
    },
    {
      "领导人姓名": "汤洪涛",
      "职位描述": "副总经理",
      "期初持股数": "22000",
      "期末持股数": "28600",
      "间接持股数": "",
      "从公司获得年度报酬总额": "558000",
      "补贴津贴": "",
      "变动原因说明": "资本公积金转增股本",
      "是否在股东或关联单位领取报酬津贴": "否",
      "在任与否": "是"
    },
    {
      "领导人姓名": "李文庆",
      "职位描述": "副总经理、核心技术人员",
      "期初持股数": "22000",
      "期末持股数": "28600",
      "间接持股数": "",
      "从公司获得年度报酬总额": "553400",
      "补贴津贴": "",
      "变动原因说明": "资本公积金转增股本",
      "是否在股东或关联单位领取报酬津贴": "否",
      "在任与否": "是"
    },
    {
      "领导人姓名": "殷云忠",
      "职位描述": "财务总监",
      "期初持股数": "22000",
      "期末持股数": "28600",
      "间接持股数": "",
      "从公司获得年度报酬总额": "356000",
      "补贴津贴": "",
      "变动原因说明": "资本公积金转增股本",
      "是否在股东或关联单位领取报酬津贴": "否",
      "在任与否": "是"
    },
    {
      "领导人姓名": "王大伟",
      "职位描述": "核心技术人员",
      "期初持股数": "0",
      "期末持股数": "0",
      "间接持股数": "",
      "从公司获得年度报酬总额": "342500",
      "补贴津贴": "",
      "变动原因说明": "/",
      "是否在股东或关联单位领取报酬津贴": "否",
      "在任与否": "是"
    },
    {
      "领导人姓名": "侯延星",
      "职位描述": "核心技术人员",
      "期初持股数": "15000",
      "期末持股数": "19500",
      "间接持股数": "",
      "从公司获得年度报酬总额": "446400",
      "补贴津贴": "",
      "变动原因说明": "资本公积金转增股本",
      "是否在股东或关联单位领取报酬津贴": "否",
      "在任与否": "是"
    },
    {
      "领导人姓名": "蔡春刚",
      "职位描述": "核心技术人员",
      "期初持股数": "10000",
      "期末持股数": "13000",
      "间接持股数": "",
      "从公司获得年度报酬总额": "449700",
      "补贴津贴": "",
      "变动原因说明": "资本公积金转增股本",
      "是否在股东或关联单位领取报酬津贴": "否",
      "在任与否": "是"
    },
    {
      "领导人姓名": "杜长林",
      "职位描述": "核心技术人员",
      "期初持股数": "3500",
      "期末持股数": "4550",
      "间接持股数": "",
      "从公司获得年度报酬总额": "318900",
      "补贴津贴": "",
      "变动原因说明": "资本公积金转增股本",
      "是否在股东或关联单位领取报酬津贴": "否",
      "在任与否": "是"
    },
    {
      "领导人姓名": "王雪",
      "职位描述": "核心技术人员",
      "期初持股数": "2800",
      "期末持股数": "3640",
      "间接持股数": "",
      "从公司获得年度报酬总额": "352900",
      "补贴津贴": "",
      "变动原因说明": "资本公积金转增股本",
      "是否在股东或关联单位领取报酬津贴": "否",
      "在任与否": "是"
    },
    {
      "领导人姓名": "杨喜荣",
      "职位描述": "董事",
      "期初持股数": "0",
      "期末持股数": "0",
      "间接持股数": "",
      "从公司获得年度报酬总额": "0",
      "补贴津贴": "",
      "变动原因说明": "/",
      "是否在股东或关联单位领取报酬津贴": "是",
      "在任与否": "否"
    },
    {
      "领导人姓名": "赵万华",
      "职位描述": "独立董事",
      "期初持股数": "0",
      "期末持股数": "0",
      "间接持股数": "",
      "从公司获得年度报酬总额": "91700",
      "补贴津贴": "",
      "变动原因说明": "/",
      "是否在股东或关联单位领取报酬津贴": "否",
      "在任与否": "否"
    },
    {
      "领导人姓名": "孙继辉",
      "职位描述": "独立董事",
      "期初持股数": "0",
      "期末持股数": "0",
      "间接持股数": "",
      "从公司获得年度报酬总额": "91700",
      "补贴津贴": "",
      "变动原因说明": "/",
      "是否在股东或关联单位领取报酬津贴": "否",
      "在任与否": "否"
    },
    {
      "领导人姓名": "冯虎田",
      "职位描述": "独立董事",
      "期初持股数": "0",
      "期末持股数": "0",
      "间接持股数": "",
      "从公司获得年度报酬总额": "8300",
      "补贴津贴": "",
      "变动原因说明": "/",
      "是否在股东或关联单位领取报酬津贴": "否",
      "在任与否": "否"
    }
  ]
}

=== 688528-2026-04-21-秦川物联-2025年年度报告.pdf ===
{
  "Leader_Salary_data": {
    "实际所得报酬总额起始": "6063700",
    "实际所得报酬总额截止": "6063700",
    "实际所得报酬总额涉及人数": ""
  },
  "Leader_Hold_data": [
    {
      "领导人姓名": "邵泽华",
      "职位描述": "董事长、总经理、核心技术人员",
      "期初持股数": "101165281",
      "期末持股数": "101165281",
      "间接持股数": "",
      "从公司获得年度报酬总额": "724400",
      "补贴津贴": "",
      "变动原因说明": "",
      "是否在股东或关联单位领取报酬津贴": "否",
      "在任与否": "是"
    },
    {
      "领导人姓名": "李勇",
      "职位描述": "董事、副总经理、核心技术人员",
      "期初持股数": "175000",
      "期末持股数": "175000",
      "间接持股数": "",
      "从公司获得年度报酬总额": "557300",
      "补贴津贴": "",
      "变动原因说明": "",
      "是否在股东或关联单位领取报酬津贴": "否",
      "在任与否": "是"
    },
    {
      "领导人姓名": "邵汉舒",
      "职位描述": "董事、副总经理、核心技术人员",
      "期初持股数": "0",
      "期末持股数": "0",
      "间接持股数": "",
      "从公司获得年度报酬总额": "",
      "补贴津贴": "",
      "变动原因说明": "",
      "是否在股东或关联单位领取报酬津贴": "否",
      "在任与否": "是"
    },
    {
      "领导人姓名": "张晶",
      "职位描述": "董事",
      "期初持股数": "195000",
      "期末持股数": "195000",
      "间接持股数": "",
      "从公司获得年度报酬总额": "197400",
      "补贴津贴": "",
      "变动原因说明": "",
      "是否在股东或关联单位领取报酬津贴": "",
      "在任与否": "是"
    },
    {
      "领导人姓名": "任世驰",
      "职位描述": "独立董事",
      "期初持股数": "0",
      "期末持股数": "0",
      "间接持股数": "",
      "从公司获得年度报酬总额": "120000",
      "补贴津贴": "",
      "变动原因说明": "",
      "是否在股东或关联单位领取报酬津贴": "否",
      "在任与否": "是"
    },
    {
      "领导人姓名": "廖伟智",
      "职位描述": "独立董事",
      "期初持股数": "0",
      "期末持股数": "0",
      "间接持股数": "",
      "从公司获得年度报酬总额": "120000",
      "补贴津贴": "",
      "变动原因说明": "",
      "是否在股东或关联单位领取报酬津贴": "否",
      "在任与否": "是"
    },
    {
      "领导人姓名": "徐继敏",
      "职位描述": "独立董事",
      "期初持股数": "0",
      "期末持股数": "0",
      "间接持股数": "",
      "从公司获得年度报酬总额": "",
      "补贴津贴": "",
      "变动原因说明": "",
      "是否在股东或关联单位领取报酬津贴": "否",
      "在任与否": "是"
    },
    {
      "领导人姓名": "王军",
      "职位描述": "职工董事",
      "期初持股数": "95000",
      "期末持股数": "95000",
      "间接持股数": "",
      "从公司获得年度报酬总额": "290800",
      "补贴津贴": "",
      "变动原因说明": "",
      "是否在股东或关联单位领取报酬津贴": "否",
      "在任与否": "是"
    },
    {
      "领导人姓名": "李婷",
      "职位描述": "董事会秘书、财务总监、副总经理",
      "期初持股数": "0",
      "期末持股数": "0",
      "间接持股数": "",
      "从公司获得年度报酬总额": "422700",
      "补贴津贴": "",
      "变动原因说明": "",
      "是否在股东或关联单位领取报酬津贴": "否",
      "在任与否": "是"
    },
    {
      "领导人姓名": "魏小军",
      "职位描述": "副总经理",
      "期初持股数": "0",
      "期末持股数": "0",
      "间接持股数": "",
      "从公司获得年度报酬总额": "437200",
      "补贴津贴": "",
      "变动原因说明": "",
      "是否在股东或关联单位领取报酬津贴": "否",
      "在任与否": "是"
    },
    {
      "领导人姓名": "李雯",
      "职位描述": "副总经理",
      "期初持股数": "0",
      "期末持股数": "0",
      "间接持股数": "",
      "从公司获得年度报酬总额": "276000",
      "补贴津贴": "",
      "变动原因说明": "",
      "是否在股东或关联单位领取报酬津贴": "否",
      "在任与否": "否"
    },
    {
      "领导人姓名": "刘彬",
      "职位描述": "副总经理、核心技术人员",
      "期初持股数": "100000",
      "期末持股数": "100000",
      "间接持股数": "",
      "从公司获得年度报酬总额": "369500",
      "补贴津贴": "",
      "变动原因说明": "",
      "是否在股东或关联单位领取报酬津贴": "否",
      "在任与否": "是"
    },
    {
      "领导人姓名": "吴岳飞",
      "职位描述": "核心技术人员",
      "期初持股数": "240000",
      "期末持股数": "240000",
      "间接持股数": "",
      "从公司获得年度报酬总额": "189900",
      "补贴津贴": "",
      "变动原因说明": "",
      "是否在股东或关联单位领取报酬津贴": "否",
      "在任与否": "是"
    },
    {
      "领导人姓名": "权亚强",
      "职位描述": "核心技术人员",
      "期初持股数": "240000",
      "期末持股数": "240000",
      "间接持股数": "",
      "从公司获得年度报酬总额": "272100",
      "补贴津贴": "",
      "变动原因说明": "",
      "是否在股东或关联单位领取报酬津贴": "否",
      "在任与否": "是"
    },
    {
      "领导人姓名": "周莙焱",
      "职位描述": "核心技术人员",
      "期初持股数": "0",
      "期末持股数": "0",
      "间接持股数": "",
      "从公司获得年度报酬总额": "435000",
      "补贴津贴": "",
      "变动原因说明": "",
      "是否在股东或关联单位领取报酬津贴": "否",
      "在任与否": "是"
    }
  ]
}

=== 920089-2026-04-20-禾昌聚合-2025年年度报告.pdf ===
{
  "Leader_Salary_data": {
    "实际所得报酬总额起始": "",
    "实际所得报酬总额截止": "",
    "实际所得报酬总额涉及人数": ""
  },
  "Leader_Hold_data": [
    {
      "领导人姓名": "赵茜菁",
      "职位描述": "董事长",
      "期初持股数": "0",
      "期末持股数": "0",
      "间接持股数": "",
      "从公司获得年度报酬总额": "498200",
      "补贴津贴": "",
      "变动原因说明": "",
      "是否在股东或关联单位领取报酬津贴": "否",
      "在任与否": "是"
    },
    {
      "领导人姓名": "赵东明",
      "职位描述": "董事",
      "期初持股数": "59000667",
      "期末持股数": "59000667",
      "间接持股数": "",
      "从公司获得年度报酬总额": "0",
      "补贴津贴": "",
      "变动原因说明": "",
      "是否在股东或关联单位领取报酬津贴": "是",
      "在任与否": "是"
    },
    {
      "领导人姓名": "蒋学元",
      "职位描述": "董事",
      "期初持股数": "14907223",
      "期末持股数": "14907223",
      "间接持股数": "",
      "从公司获得年度报酬总额": "299100",
      "补贴津贴": "",
      "变动原因说明": "",
      "是否在股东或关联单位领取报酬津贴": "否",
      "在任与否": "是"
    },
    {
      "领导人姓名": "石耀琦",
      "职位描述": "董事、副总经理",
      "期初持股数": "560000",
      "期末持股数": "560000",
      "间接持股数": "",
      "从公司获得年度报酬总额": "458200",
      "补贴津贴": "",
      "变动原因说明": "",
      "是否在股东或关联单位领取报酬津贴": "否",
      "在任与否": "是"
    },
    {
      "领导人姓名": "占世向",
      "职位描述": "独立董事",
      "期初持股数": "0",
      "期末持股数": "0",
      "间接持股数": "",
      "从公司获得年度报酬总额": "57100",
      "补贴津贴": "48000",
      "变动原因说明": "",
      "是否在股东或关联单位领取报酬津贴": "否",
      "在任与否": "是"
    },
    {
      "领导人姓名": "郁文娟",
      "职位描述": "独立董事",
      "期初持股数": "0",
      "期末持股数": "0",
      "间接持股数": "",
      "从公司获得年度报酬总额": "57100",
      "补贴津贴": "48000",
      "变动原因说明": "",
      "是否在股东或关联单位领取报酬津贴": "否",
      "在任与否": "是"
    },
    {
      "领导人姓名": "袁文雄",
      "职位描述": "独立董事",
      "期初持股数": "0",
      "期末持股数": "0",
      "间接持股数": "",
      "从公司获得年度报酬总额": "57100",
      "补贴津贴": "48000",
      "变动原因说明": "",
      "是否在股东或关联单位领取报酬津贴": "否",
      "在任与否": "是"
    },
    {
      "领导人姓名": "陈丽娟",
      "职位描述": "职工代表董事",
      "期初持股数": "0",
      "期末持股数": "0",
      "间接持股数": "",
      "从公司获得年度报酬总额": "71200",
      "补贴津贴": "",
      "变动原因说明": "",
      "是否在股东或关联单位领取报酬津贴": "否",
      "在任与否": "是"
    },
    {
      "领导人姓名": "周加进",
      "职位描述": "总经理",
      "期初持股数": "840000",
      "期末持股数": "840000",
      "间接持股数": "",
      "从公司获得年度报酬总额": "738200",
      "补贴津贴": "",
      "变动原因说明": "",
      "是否在股东或关联单位领取报酬津贴": "否",
      "在任与否": "是"
    },
    {
      "领导人姓名": "沈磊",
      "职位描述": "财务负责人",
      "期初持股数": "0",
      "期末持股数": "0",
      "间接持股数": "",
      "从公司获得年度报酬总额": "347200",
      "补贴津贴": "",
      "变动原因说明": "",
      "是否在股东或关联单位领取报酬津贴": "否",
      "在任与否": "是"
    },
    {
      "领导人姓名": "虞阡",
      "职位描述": "董事会秘书、副总经理",
      "期初持股数": "560350",
      "期末持股数": "560350",
      "间接持股数": "",
      "从公司获得年度报酬总额": "362200",
      "补贴津贴": "",
      "变动原因说明": "",
      "是否在股东或关联单位领取报酬津贴": "否",
      "在任与否": "是"
    },
    {
      "领导人姓名": "魏佳伟",
      "职位描述": "副总经理",
      "期初持股数": "0",
      "期末持股数": "0",
      "间接持股数": "",
      "从公司获得年度报酬总额": "768200",
      "补贴津贴": "",
      "变动原因说明": "",
      "是否在股东或关联单位领取报酬津贴": "否",
      "在任与否": "是"
    }
  ]
}

=== 920121-2026-04-20-江天科技-2025年年度报告.pdf ===
{
  "Leader_Salary_data": {
    "实际所得报酬总额起始": "",
    "实际所得报酬总额截止": "",
    "实际所得报酬总额涉及人数": ""
  },
  "Leader_Hold_data": [
    {
      "领导人姓名": "滕琪",
      "职位描述": "董事长",
      "期初持股数": "39984321",
      "期末持股数": "39984321",
      "间接持股数": "",
      "从公司获得年度报酬总额": "466100",
      "补贴津贴": "",
      "变动原因说明": "",
      "是否在股东或关联单位领取报酬津贴": "否",
      "在任与否": "是"
    },
    {
      "领导人姓名": "黄延国",
      "职位描述": "董事、总经理",
      "期初持股数": "4667657",
      "期末持股数": "4667657",
      "间接持股数": "",
      "从公司获得年度报酬总额": "516100",
      "补贴津贴": "",
      "变动原因说明": "",
      "是否在股东或关联单位领取报酬津贴": "否",
      "在任与否": "是"
    },
    {
      "领导人姓名": "金丽英",
      "职位描述": "董事、董事会秘书",
      "期初持股数": "0",
      "期末持股数": "0",
      "间接持股数": "",
      "从公司获得年度报酬总额": "306100",
      "补贴津贴": "",
      "变动原因说明": "",
      "是否在股东或关联单位领取报酬津贴": "否",
      "在任与否": "是"
    },
    {
      "领导人姓名": "田全慧",
      "职位描述": "独立董事",
      "期初持股数": "0",
      "期末持股数": "0",
      "间接持股数": "",
      "从公司获得年度报酬总额": "60000",
      "补贴津贴": "60000",
      "变动原因说明": "",
      "是否在股东或关联单位领取报酬津贴": "否",
      "在任与否": "是"
    },
    {
      "领导人姓名": "王鹏飞",
      "职位描述": "独立董事",
      "期初持股数": "0",
      "期末持股数": "0",
      "间接持股数": "",
      "从公司获得年度报酬总额": "60000",
      "补贴津贴": "60000",
      "变动原因说明": "",
      "是否在股东或关联单位领取报酬津贴": "否",
      "在任与否": "是"
    },
    {
      "领导人姓名": "高鹏",
      "职位描述": "财务总监",
      "期初持股数": "0",
      "期末持股数": "0",
      "间接持股数": "",
      "从公司获得年度报酬总额": "608000",
      "补贴津贴": "",
      "变动原因说明": "",
      "是否在股东或关联单位领取报酬津贴": "否",
      "在任与否": "是"
    }
  ]
}

=== 688739-2026-04-21-成大生物-辽宁成大生物股份有限公司2025年年度报告.pdf ===
{
  "Leader_Salary_data": {
    "实际所得报酬总额起始": "16216000",
    "实际所得报酬总额截止": "16216000",
    "实际所得报酬总额涉及人数": ""
  },
  "Leader_Hold_data": [
    {
      "领导人姓名": "李宁",
      "职位描述": "董事长",
      "期初持股数": "29200",
      "期末持股数": "29200",
      "间接持股数": "",
      "从公司获得年度报酬总额": "",
      "补贴津贴": "",
      "变动原因说明": "",
      "是否在股东或关联单位领取报酬津贴": "是",
      "在任与否": "是"
    },
    {
      "领导人姓名": "毛昱",
      "职位描述": "董事、总经理",
      "期初持股数": "18000",
      "期末持股数": "18000",
      "间接持股数": "",
      "从公司获得年度报酬总额": "2202900",
      "补贴津贴": "",
      "变动原因说明": "",
      "是否在股东或关联单位领取报酬津贴": "否",
      "在任与否": "是"
    },
    {
      "领导人姓名": "杨俊伟",
      "职位描述": "董事、职工董事、副总经理、核心技术人员",
      "期初持股数": "10000",
      "期末持股数": "10000",
      "间接持股数": "",
      "从公司获得年度报酬总额": "1664300",
      "补贴津贴": "",
      "变动原因说明": "",
      "是否在股东或关联单位领取报酬津贴": "否",
      "在任与否": "是"
    },
    {
      "领导人姓名": "徐飚",
      "职位描述": "联席董事长",
      "期初持股数": "",
      "期末持股数": "",
      "间接持股数": "",
      "从公司获得年度报酬总额": "",
      "补贴津贴": "",
      "变动原因说明": "",
      "是否在股东或关联单位领取报酬津贴": "是",
      "在任与否": "是"
    },
    {
      "领导人姓名": "张善伟",
      "职位描述": "董事",
      "期初持股数": "",
      "期末持股数": "",
      "间接持股数": "",
      "从公司获得年度报酬总额": "",
      "补贴津贴": "",
      "变动原因说明": "",
      "是否在股东或关联单位领取报酬津贴": "是",
      "在任与否": "是"
    },
    {
      "领导人姓名": "周岳",
      "职位描述": "董事",
      "期初持股数": "",
      "期末持股数": "",
      "间接持股数": "",
      "从公司获得年度报酬总额": "",
      "补贴津贴": "",
      "变动原因说明": "",
      "是否在股东或关联单位领取报酬津贴": "是",
      "在任与否": "是"
    },
    {
      "领导人姓名": "陈克兢",
      "职位描述": "独立董事",
      "期初持股数": "",
      "期末持股数": "",
      "间接持股数": "",
      "从公司获得年度报酬总额": "96000",
      "补贴津贴": "96000",
      "变动原因说明": "",
      "是否在股东或关联单位领取报酬津贴": "否",
      "在任与否": "是"
    },
    {
      "领导人姓名": "张克坚",
      "职位描述": "独立董事",
      "期初持股数": "",
      "期末持股数": "",
      "间接持股数": "",
      "从公司获得年度报酬总额": "96000",
      "补贴津贴": "96000",
      "变动原因说明": "",
      "是否在股东或关联单位领取报酬津贴": "否",
      "在任与否": "是"
    },
    {
      "领导人姓名": "刘晓辉",
      "职位描述": "独立董事",
      "期初持股数": "20000",
      "期末持股数": "20000",
      "间接持股数": "",
      "从公司获得年度报酬总额": "96000",
      "补贴津贴": "96000",
      "变动原因说明": "",
      "是否在股东或关联单位领取报酬津贴": "否",
      "在任与否": "是"
    },
    {
      "领导人姓名": "李业基",
      "职位描述": "董事会秘书",
      "期初持股数": "",
      "期末持股数": "",
      "间接持股数": "",
      "从公司获得年度报酬总额": "507100",
      "补贴津贴": "",
      "变动原因说明": "",
      "是否在股东或关联单位领取报酬津贴": "否",
      "在任与否": "是"
    },
    {
      "领导人姓名": "崔建伟",
      "职位描述": "董事、副总经理、财务总监、董事会秘书",
      "期初持股数": "5000",
      "期末持股数": "5000",
      "间接持股数": "",
      "从公司获得年度报酬总额": "1246500",
      "补贴津贴": "",
      "变动原因说明": "",
      "是否在股东或关联单位领取报酬津贴": "否",
      "在任与否": "是"
    },
    {
      "领导人姓名": "董丙建",
      "职位描述": "董事",
      "期初持股数": "",
      "期末持股数": "",
      "间接持股数": "",
      "从公司获得年度报酬总额": "",
      "补贴津贴": "",
      "变动原因说明": "",
      "是否在股东或关联单位领取报酬津贴": "是",
      "在任与否": "否"
    },
    {
      "领导人姓名": "WEIQIANG SUN（孙韦强）",
      "职位描述": "副总经理、首席科学家、核心技术人员",
      "期初持股数": "",
      "期末持股数": "",
      "间接持股数": "",
      "从公司获得年度报酬总额": "1082900",
      "补贴津贴": "",
      "变动原因说明": "",
      "是否在股东或关联单位领取报酬津贴": "否",
      "在任与否": "是"
    },
    {
      "领导人姓名": "陈新",
      "职位描述": "副总经理",
      "期初持股数": "524400",
      "期末持股数": "524400",
      "间接持股数": "",
      "从公司获得年度报酬总额": "1382900",
      "补贴津贴": "",
      "变动原因说明": "",
      "是否在股东或关联单位领取报酬津贴": "否",
      "在任与否": "是"
    },
    {
      "领导人姓名": "袁德明",
      "职位描述": "副总经理",
      "期初持股数": "360000",
      "期末持股数": "360000",
      "间接持股数": "",
      "从公司获得年度报酬总额": "1280900",
      "补贴津贴": "",
      "变动原因说明": "",
      "是否在股东或关联单位领取报酬津贴": "否",
      "在任与否": "是"
    },
    {
      "领导人姓名": "王焕宇",
      "职位描述": "副总经理",
      "期初持股数": "10000",
      "期末持股数": "10000",
      "间接持股数": "",
      "从公司获得年度报酬总额": "2024900",
      "补贴津贴": "",
      "变动原因说明": "",
      "是否在股东或关联单位领取报酬津贴": "否",
      "在任与否": "是"
    },
    {
      "领导人姓名": "李旭",
      "职位描述": "核心技术人员",
      "期初持股数": "378400",
      "期末持股数": "378400",
      "间接持股数": "",
      "从公司获得年度报酬总额": "961300",
      "补贴津贴": "",
      "变动原因说明": "",
      "是否在股东或关联单位领取报酬津贴": "否",
      "在任与否": "是"
    },
    {
      "领导人姓名": "陈银",
      "职位描述": "核心技术人员",
      "期初持股数": "",
      "期末持股数": "",
      "间接持股数": "",
      "从公司获得年度报酬总额": "589900",
      "补贴津贴": "",
      "变动原因说明": "",
      "是否在股东或关联单位领取报酬津贴": "否",
      "在任与否": "是"
    },
    {
      "领导人姓名": "姚崧源",
      "职位描述": "核心技术人员",
      "期初持股数": "",
      "期末持股数": "",
      "间接持股数": "",
      "从公司获得年度报酬总额": "238000",
      "补贴津贴": "",
      "变动原因说明": "",
      "是否在股东或关联单位领取报酬津贴": "否",
      "在任与否": "是"
    }
  ]
}

=== 688800-2026-04-21-瑞可达-2025年年度报告.pdf ===
{
  "Leader_Salary_data": {
    "实际所得报酬总额起始": "8050900",
    "实际所得报酬总额截止": "8050900",
    "实际所得报酬总额涉及人数": ""
  },
  "Leader_Hold_data": [
    {
      "领导人姓名": "吴世均",
      "职位描述": "董事长",
      "期初持股数": "45150000",
      "期末持股数": "58695000",
      "间接持股数": "",
      "从公司获得年度报酬总额": "1077200",
      "补贴津贴": "",
      "变动原因说明": "资本公积转增股本",
      "是否在股东或关联单位领取报酬津贴": "否",
      "在任与否": "是"
    },
    {
      "领导人姓名": "黄博",
      "职位描述": "董事、副总经理",
      "期初持股数": "9996000",
      "期末持股数": "12994800",
      "间接持股数": "",
      "从公司获得年度报酬总额": "1045200",
      "补贴津贴": "",
      "变动原因说明": "资本公积转增股本",
      "是否在股东或关联单位领取报酬津贴": "否",
      "在任与否": "是"
    },
    {
      "领导人姓名": "马剑",
      "职位描述": "董事、副总经理、董事会秘书、财务总监",
      "期初持股数": "2772000",
      "期末持股数": "3603600",
      "间接持股数": "",
      "从公司获得年度报酬总额": "971200",
      "补贴津贴": "",
      "变动原因说明": "资本公积转增股本",
      "是否在股东或关联单位领取报酬津贴": "否",
      "在任与否": "是"
    },
    {
      "领导人姓名": "许良军",
      "职位描述": "董事",
      "期初持股数": "0",
      "期末持股数": "0",
      "间接持股数": "",
      "从公司获得年度报酬总额": "72000",
      "补贴津贴": "",
      "变动原因说明": "",
      "是否在股东或关联单位领取报酬津贴": "否",
      "在任与否": "是"
    },
    {
      "领导人姓名": "俞雪华",
      "职位描述": "独立董事",
      "期初持股数": "0",
      "期末持股数": "0",
      "间接持股数": "",
      "从公司获得年度报酬总额": "72000",
      "补贴津贴": "",
      "变动原因说明": "",
      "是否在股东或关联单位领取报酬津贴": "否",
      "在任与否": "是"
    },
    {
      "领导人姓名": "周勇",
      "职位描述": "独立董事",
      "期初持股数": "0",
      "期末持股数": "0",
      "间接持股数": "",
      "从公司获得年度报酬总额": "72000",
      "补贴津贴": "",
      "变动原因说明": "",
      "是否在股东或关联单位领取报酬津贴": "否",
      "在任与否": "是"
    },
    {
      "领导人姓名": "林中",
      "职位描述": "独立董事",
      "期初持股数": "0",
      "期末持股数": "0",
      "间接持股数": "",
      "从公司获得年度报酬总额": "72000",
      "补贴津贴": "",
      "变动原因说明": "",
      "是否在股东或关联单位领取报酬津贴": "否",
      "在任与否": "是"
    },
    {
      "领导人姓名": "张剑",
      "职位描述": "职工代表董事",
      "期初持股数": "0",
      "期末持股数": "0",
      "间接持股数": "",
      "从公司获得年度报酬总额": "739200",
      "补贴津贴": "",
      "变动原因说明": "",
      "是否在股东或关联单位领取报酬津贴": "否",
      "在任与否": "是"
    },
    {
      "领导人姓名": "张杰",
      "职位描述": "总经理",
      "期初持股数": "0",
      "期末持股数": "0",
      "间接持股数": "",
      "从公司获得年度报酬总额": "1231200",
      "补贴津贴": "",
      "变动原因说明": "",
      "是否在股东或关联单位领取报酬津贴": "否",
      "在任与否": "是"
    },
    {
      "领导人姓名": "杨国华",
      "职位描述": "核心技术人员",
      "期初持股数": "0",
      "期末持股数": "0",
      "间接持股数": "",
      "从公司获得年度报酬总额": "336000",
      "补贴津贴": "",
      "变动原因说明": "",
      "是否在股东或关联单位领取报酬津贴": "否",
      "在任与否": "是"
    },
    {
      "领导人姓名": "夏建华",
      "职位描述": "核心技术人员",
      "期初持股数": "0",
      "期末持股数": "0",
      "间接持股数": "",
      "从公司获得年度报酬总额": "780300",
      "补贴津贴": "",
      "变动原因说明": "",
      "是否在股东或关联单位领取报酬津贴": "否",
      "在任与否": "是"
    },
    {
      "领导人姓名": "李晓印",
      "职位描述": "核心技术人员",
      "期初持股数": "0",
      "期末持股数": "0",
      "间接持股数": "",
      "从公司获得年度报酬总额": "380700",
      "补贴津贴": "",
      "变动原因说明": "",
      "是否在股东或关联单位领取报酬津贴": "否",
      "在任与否": "是"
    },
    {
      "领导人姓名": "张贺磊",
      "职位描述": "核心技术人员",
      "期初持股数": "0",
      "期末持股数": "0",
      "间接持股数": "",
      "从公司获得年度报酬总额": "385100",
      "补贴津贴": "",
      "变动原因说明": "",
      "是否在股东或关联单位领取报酬津贴": "否",
      "在任与否": "是"
    },
    {
      "领导人姓名": "夏毅",
      "职位描述": "核心技术人员",
      "期初持股数": "0",
      "期末持股数": "0",
      "间接持股数": "",
      "从公司获得年度报酬总额": "474300",
      "补贴津贴": "",
      "变动原因说明": "",
      "是否在股东或关联单位领取报酬津贴": "否",
      "在任与否": "是"
    },
    {
      "领导人姓名": "李志萍",
      "职位描述": "核心技术人员",
      "期初持股数": "0",
      "期末持股数": "0",
      "间接持股数": "",
      "从公司获得年度报酬总额": "342500",
      "补贴津贴": "",
      "变动原因说明": "",
      "是否在股东或关联单位领取报酬津贴": "否",
      "在任与否": "是"
    }
  ]
}

=== 688783-2026-04-21-西安奕材-2025年年度报告.pdf ===
{
  "Leader_Salary_data": {
    "实际所得报酬总额起始": "9046300",
    "实际所得报酬总额截止": "9046300",
    "实际所得报酬总额涉及人数": ""
  },
  "Leader_Hold_data": [
    {
      "领导人姓名": "杨新元",
      "职位描述": "非独立董事、董事长",
      "期初持股数": "0",
      "期末持股数": "0",
      "间接持股数": "",
      "从公司获得年度报酬总额": "1905000",
      "补贴津贴": "",
      "变动原因说明": "",
      "是否在股东或关联单位领取报酬津贴": "否",
      "在任与否": "是"
    },
    {
      "领导人姓名": "王东升",
      "职位描述": "非独立董事",
      "期初持股数": "0",
      "期末持股数": "0",
      "间接持股数": "",
      "从公司获得年度报酬总额": "",
      "补贴津贴": "",
      "变动原因说明": "",
      "是否在股东或关联单位领取报酬津贴": "是",
      "在任与否": "是"
    },
    {
      "领导人姓名": "方向明",
      "职位描述": "非独立董事",
      "期初持股数": "0",
      "期末持股数": "0",
      "间接持股数": "",
      "从公司获得年度报酬总额": "",
      "补贴津贴": "",
      "变动原因说明": "",
      "是否在股东或关联单位领取报酬津贴": "是",
      "在任与否": "是"
    },
    {
      "领导人姓名": "王辉",
      "职位描述": "非独立董事",
      "期初持股数": "0",
      "期末持股数": "0",
      "间接持股数": "",
      "从公司获得年度报酬总额": "",
      "补贴津贴": "",
      "变动原因说明": "",
      "是否在股东或关联单位领取报酬津贴": "是",
      "在任与否": "是"
    },
    {
      "领导人姓名": "杨卓",
      "职位描述": "非独立董事",
      "期初持股数": "0",
      "期末持股数": "0",
      "间接持股数": "",
      "从公司获得年度报酬总额": "0",
      "补贴津贴": "",
      "变动原因说明": "",
      "是否在股东或关联单位领取报酬津贴": "否",
      "在任与否": "是"
    },
    {
      "领导人姓名": "郭辉",
      "职位描述": "非独立董事",
      "期初持股数": "0",
      "期末持股数": "0",
      "间接持股数": "",
      "从公司获得年度报酬总额": "",
      "补贴津贴": "",
      "变动原因说明": "",
      "是否在股东或关联单位领取报酬津贴": "是",
      "在任与否": "否"
    },
    {
      "领导人姓名": "宋胜宏",
      "职位描述": "职工董事",
      "期初持股数": "0",
      "期末持股数": "0",
      "间接持股数": "",
      "从公司获得年度报酬总额": "22900",
      "补贴津贴": "",
      "变动原因说明": "",
      "是否在股东或关联单位领取报酬津贴": "否",
      "在任与否": "是"
    },
    {
      "领导人姓名": "郑丽丽",
      "职位描述": "独立董事",
      "期初持股数": "0",
      "期末持股数": "0",
      "间接持股数": "",
      "从公司获得年度报酬总额": "120000",
      "补贴津贴": "120000",
      "变动原因说明": "",
      "是否在股东或关联单位领取报酬津贴": "否",
      "在任与否": "是"
    },
    {
      "领导人姓名": "商文江",
      "职位描述": "独立董事",
      "期初持股数": "0",
      "期末持股数": "0",
      "间接持股数": "",
      "从公司获得年度报酬总额": "120000",
      "补贴津贴": "120000",
      "变动原因说明": "",
      "是否在股东或关联单位领取报酬津贴": "否",
      "在任与否": "是"
    },
    {
      "领导人姓名": "陈磊",
      "职位描述": "独立董事",
      "期初持股数": "0",
      "期末持股数": "0",
      "间接持股数": "",
      "从公司获得年度报酬总额": "120000",
      "补贴津贴": "120000",
      "变动原因说明": "",
      "是否在股东或关联单位领取报酬津贴": "否",
      "在任与否": "是"
    },
    {
      "领导人姓名": "刘还平",
      "职位描述": "总裁、核心技术人员",
      "期初持股数": "0",
      "期末持股数": "0",
      "间接持股数": "",
      "从公司获得年度报酬总额": "1866100",
      "补贴津贴": "",
      "变动原因说明": "",
      "是否在股东或关联单位领取报酬津贴": "否",
      "在任与否": "是"
    },
    {
      "领导人姓名": "王琛",
      "职位描述": "首席财务官",
      "期初持股数": "0",
      "期末持股数": "0",
      "间接持股数": "",
      "从公司获得年度报酬总额": "688900",
      "补贴津贴": "",
      "变动原因说明": "",
      "是否在股东或关联单位领取报酬津贴": "否",
      "在任与否": "是"
    },
    {
      "领导人姓名": "兰洵",
      "职位描述": "首席技术官、核心技术人员",
      "期初持股数": "0",
      "期末持股数": "0",
      "间接持股数": "",
      "从公司获得年度报酬总额": "727500",
      "补贴津贴": "",
      "变动原因说明": "",
      "是否在股东或关联单位领取报酬津贴": "否",
      "在任与否": "是"
    },
    {
      "领导人姓名": "杨春雷",
      "职位描述": "董事会秘书",
      "期初持股数": "0",
      "期末持股数": "0",
      "间接持股数": "",
      "从公司获得年度报酬总额": "713300",
      "补贴津贴": "",
      "变动原因说明": "",
      "是否在股东或关联单位领取报酬津贴": "否",
      "在任与否": "是"
    },
    {
      "领导人姓名": "郭宏雁",
      "职位描述": "核心技术人员",
      "期初持股数": "0",
      "期末持股数": "0",
      "间接持股数": "",
      "从公司获得年度报酬总额": "676400",
      "补贴津贴": "",
      "变动原因说明": "",
      "是否在股东或关联单位领取报酬津贴": "否",
      "在任与否": "是"
    },
    {
      "领导人姓名": "YEOM ILLKWON",
      "职位描述": "核心技术人员",
      "期初持股数": "0",
      "期末持股数": "0",
      "间接持股数": "",
      "从公司获得年度报酬总额": "912900",
      "补贴津贴": "",
      "变动原因说明": "",
      "是否在股东或关联单位领取报酬津贴": "否",
      "在任与否": "是"
    },
    {
      "领导人姓名": "KIM JINKUN",
      "职位描述": "核心技术人员",
      "期初持股数": "0",
      "期末持股数": "0",
      "间接持股数": "",
      "从公司获得年度报酬总额": "1173300",
      "补贴津贴": "",
      "变动原因说明": "",
      "是否在股东或关联单位领取报酬津贴": "否",
      "在任与否": "是"
    }
  ]
}

=== 688799-2026-04-21-华纳药厂-2025年年度报告.pdf ===
{
  "Leader_Salary_data": {
    "实际所得报酬总额起始": "12631700",
    "实际所得报酬总额截止": "12631700",
    "实际所得报酬总额涉及人数": ""
  },
  "Leader_Hold_data": [
    {
      "领导人姓名": "黄本东",
      "职位描述": "董事长、总经理",
      "期初持股数": "0",
      "期末持股数": "0",
      "间接持股数": "",
      "从公司获得年度报酬总额": "1203100",
      "补贴津贴": "",
      "变动原因说明": "",
      "是否在股东或关联单位领取报酬津贴": "否",
      "在任与否": "是"
    },
    {
      "领导人姓名": "徐燕",
      "职位描述": "副董事长、核心技术人员",
      "期初持股数": "13200000",
      "期末持股数": "18480000",
      "间接持股数": "",
      "从公司获得年度报酬总额": "803100",
      "补贴津贴": "",
      "变动原因说明": "资本公积金转增股本",
      "是否在股东或关联单位领取报酬津贴": "否",
      "在任与否": "是"
    },
    {
      "领导人姓名": "高翔",
      "职位描述": "董事、副总经理",
      "期初持股数": "0",
      "期末持股数": "0",
      "间接持股数": "",
      "从公司获得年度报酬总额": "1018800",
      "补贴津贴": "",
      "变动原因说明": "",
      "是否在股东或关联单位领取报酬津贴": "否",
      "在任与否": "是"
    },
    {
      "领导人姓名": "谢君",
      "职位描述": "董事",
      "期初持股数": "0",
      "期末持股数": "0",
      "间接持股数": "",
      "从公司获得年度报酬总额": "100000",
      "补贴津贴": "",
      "变动原因说明": "",
      "是否在股东或关联单位领取报酬津贴": "是",
      "在任与否": "是"
    },
    {
      "领导人姓名": "马飞",
      "职位描述": "董事",
      "期初持股数": "0",
      "期末持股数": "0",
      "间接持股数": "",
      "从公司获得年度报酬总额": "1000",
      "补贴津贴": "",
      "变动原因说明": "",
      "是否在股东或关联单位领取报酬津贴": "是",
      "在任与否": "是"
    },
    {
      "领导人姓名": "皮士卿",
      "职位描述": "职工代表董事、核心技术人员",
      "期初持股数": "0",
      "期末持股数": "0",
      "间接持股数": "",
      "从公司获得年度报酬总额": "519100",
      "补贴津贴": "",
      "变动原因说明": "",
      "是否在股东或关联单位领取报酬津贴": "否",
      "在任与否": "是"
    },
    {
      "领导人姓名": "吴淳",
      "职位描述": "独立董事",
      "期初持股数": "0",
      "期末持股数": "0",
      "间接持股数": "",
      "从公司获得年度报酬总额": "100000",
      "补贴津贴": "",
      "变动原因说明": "",
      "是否在股东或关联单位领取报酬津贴": "是",
      "在任与否": "是"
    },
    {
      "领导人姓名": "康彩练",
      "职位描述": "独立董事",
      "期初持股数": "0",
      "期末持股数": "0",
      "间接持股数": "",
      "从公司获得年度报酬总额": "100000",
      "补贴津贴": "",
      "变动原因说明": "",
      "是否在股东或关联单位领取报酬津贴": "是",
      "在任与否": "是"
    },
    {
      "领导人姓名": "张鹏",
      "职位描述": "独立董事",
      "期初持股数": "0",
      "期末持股数": "0",
      "间接持股数": "",
      "从公司获得年度报酬总额": "100000",
      "补贴津贴": "",
      "变动原因说明": "",
      "是否在股东或关联单位领取报酬津贴": "是",
      "在任与否": "是"
    },
    {
      "领导人姓名": "窦琳",
      "职位描述": "副总经理",
      "期初持股数": "0",
      "期末持股数": "0",
      "间接持股数": "",
      "从公司获得年度报酬总额": "618600",
      "补贴津贴": "",
      "变动原因说明": "",
      "是否在股东或关联单位领取报酬津贴": "否",
      "在任与否": "是"
    },
    {
      "领导人姓名": "肖建",
      "职位描述": "副总经理",
      "期初持股数": "0",
      "期末持股数": "0",
      "间接持股数": "",
      "从公司获得年度报酬总额": "1264500",
      "补贴津贴": "",
      "变动原因说明": "",
      "是否在股东或关联单位领取报酬津贴": "否",
      "在任与否": "是"
    },
    {
      "领导人姓名": "周志刚",
      "职位描述": "副总经理",
      "期初持股数": "0",
      "期末持股数": "0",
      "间接持股数": "",
      "从公司获得年度报酬总额": "1245700",
      "补贴津贴": "",
      "变动原因说明": "",
      "是否在股东或关联单位领取报酬津贴": "否",
      "在任与否": "是"
    },
    {
      "领导人姓名": "乔桥",
      "职位描述": "董事会秘书",
      "期初持股数": "0",
      "期末持股数": "0",
      "间接持股数": "",
      "从公司获得年度报酬总额": "618500",
      "补贴津贴": "",
      "变动原因说明": "",
      "是否在股东或关联单位领取报酬津贴": "否",
      "在任与否": "是"
    },
    {
      "领导人姓名": "吴桂英",
      "职位描述": "财务负责人",
      "期初持股数": "0",
      "期末持股数": "0",
      "间接持股数": "",
      "从公司获得年度报酬总额": "618700",
      "补贴津贴": "",
      "变动原因说明": "",
      "是否在股东或关联单位领取报酬津贴": "否",
      "在任与否": "是"
    },
    {
      "领导人姓名": "谭跃",
      "职位描述": "核心技术人员",
      "期初持股数": "0",
      "期末持股数": "0",
      "间接持股数": "",
      "从公司获得年度报酬总额": "318600",
      "补贴津贴": "",
      "变动原因说明": "",
      "是否在股东或关联单位领取报酬津贴": "否",
      "在任与否": "是"
    },
    {
      "领导人姓名": "庞永清",
      "职位描述": "核心技术人员",
      "期初持股数": "0",
      "期末持股数": "0",
      "间接持股数": "",
      "从公司获得年度报酬总额": "258600",
      "补贴津贴": "",
      "变动原因说明": "",
      "是否在股东或关联单位领取报酬津贴": "否",
      "在任与否": "是"
    },
    {
      "领导人姓名": "陈晓光",
      "职位描述": "核心技术人员",
      "期初持股数": "0",
      "期末持股数": "0",
      "间接持股数": "",
      "从公司获得年度报酬总额": "287700",
      "补贴津贴": "",
      "变动原因说明": "",
      "是否在股东或关联单位领取报酬津贴": "否",
      "在任与否": "是"
    },
    {
      "领导人姓名": "谢菊丽",
      "职位描述": "核心技术人员",
      "期初持股数": "0",
      "期末持股数": "0",
      "间接持股数": "",
      "从公司获得年度报酬总额": "402400",
      "补贴津贴": "",
      "变动原因说明": "",
      "是否在股东或关联单位领取报酬津贴": "否",
      "在任与否": "是"
    },
    {
      "领导人姓名": "尹建新",
      "职位描述": "核心技术人员",
      "期初持股数": "0",
      "期末持股数": "0",
      "间接持股数": "",
      "从公司获得年度报酬总额": "245000",
      "补贴津贴": "",
      "变动原因说明": "",
      "是否在股东或关联单位领取报酬津贴": "是",
      "在任与否": "是"
    }
  ]
}

=== 920082-2026-04-20-方正阀门-2025年年度报告.pdf ===
{
  "Leader_Salary_data": {
    "实际所得报酬总额起始": "",
    "实际所得报酬总额截止": "",
    "实际所得报酬总额涉及人数": ""
  },
  "Leader_Hold_data": [
    {
      "领导人姓名": "方高远",
      "职位描述": "董事长",
      "期初持股数": "47843337",
      "期末持股数": "47843337",
      "间接持股数": "",
      "从公司获得年度报酬总额": "414000",
      "补贴津贴": "",
      "变动原因说明": "",
      "是否在股东或关联单位领取报酬津贴": "否",
      "在任与否": "是"
    },
    {
      "领导人姓名": "方品田",
      "职位描述": "副董事长",
      "期初持股数": "47843337",
      "期末持股数": "47843337",
      "间接持股数": "",
      "从公司获得年度报酬总额": "476000",
      "补贴津贴": "",
      "变动原因说明": "",
      "是否在股东或关联单位领取报酬津贴": "否",
      "在任与否": "是"
    },
    {
      "领导人姓名": "王奕彤",
      "职位描述": "董事、总经理",
      "期初持股数": "6463632",
      "期末持股数": "6463632",
      "间接持股数": "",
      "从公司获得年度报酬总额": "536800",
      "补贴津贴": "",
      "变动原因说明": "",
      "是否在股东或关联单位领取报酬津贴": "否",
      "在任与否": "是"
    },
    {
      "领导人姓名": "陈永兴",
      "职位描述": "董事、副总经理、董秘",
      "期初持股数": "1235605",
      "期末持股数": "1235605",
      "间接持股数": "",
      "从公司获得年度报酬总额": "526000",
      "补贴津贴": "",
      "变动原因说明": "",
      "是否在股东或关联单位领取报酬津贴": "否",
      "在任与否": "是"
    },
    {
      "领导人姓名": "李川华",
      "职位描述": "董事、副总经理",
      "期初持股数": "400000",
      "期末持股数": "400000",
      "间接持股数": "",
      "从公司获得年度报酬总额": "464000",
      "补贴津贴": "",
      "变动原因说明": "",
      "是否在股东或关联单位领取报酬津贴": "否",
      "在任与否": "是"
    },
    {
      "领导人姓名": "夏旭烽",
      "职位描述": "职工代表董事",
      "期初持股数": "0",
      "期末持股数": "0",
      "间接持股数": "",
      "从公司获得年度报酬总额": "380800",
      "补贴津贴": "",
      "变动原因说明": "",
      "是否在股东或关联单位领取报酬津贴": "否",
      "在任与否": "是"
    },
    {
      "领导人姓名": "傅朝宗",
      "职位描述": "独立董事",
      "期初持股数": "0",
      "期末持股数": "0",
      "间接持股数": "",
      "从公司获得年度报酬总额": "0",
      "补贴津贴": "",
      "变动原因说明": "",
      "是否在股东或关联单位领取报酬津贴": "否",
      "在任与否": "是"
    },
    {
      "领导人姓名": "程仲鸣",
      "职位描述": "独立董事",
      "期初持股数": "0",
      "期末持股数": "0",
      "间接持股数": "",
      "从公司获得年度报酬总额": "7000",
      "补贴津贴": "",
      "变动原因说明": "",
      "是否在股东或关联单位领取报酬津贴": "否",
      "在任与否": "是"
    },
    {
      "领导人姓名": "黄雪巨",
      "职位描述": "独立董事",
      "期初持股数": "0",
      "期末持股数": "0",
      "间接持股数": "",
      "从公司获得年度报酬总额": "7000",
      "补贴津贴": "",
      "变动原因说明": "",
      "是否在股东或关联单位领取报酬津贴": "否",
      "在任与否": "是"
    },
    {
      "领导人姓名": "焦伦龄",
      "职位描述": "副总经理",
      "期初持股数": "0",
      "期末持股数": "0",
      "间接持股数": "",
      "从公司获得年度报酬总额": "380800",
      "补贴津贴": "",
      "变动原因说明": "",
      "是否在股东或关联单位领取报酬津贴": "否",
      "在任与否": "是"
    },
    {
      "领导人姓名": "梁光永",
      "职位描述": "财务负责人",
      "期初持股数": "0",
      "期末持股数": "0",
      "间接持股数": "",
      "从公司获得年度报酬总额": "434000",
      "补贴津贴": "",
      "变动原因说明": "",
      "是否在股东或关联单位领取报酬津贴": "否",
      "在任与否": "是"
    },
    {
      "领导人姓名": "林方",
      "职位描述": "董事",
      "期初持股数": "0",
      "期末持股数": "0",
      "间接持股数": "",
      "从公司获得年度报酬总额": "115500",
      "补贴津贴": "",
      "变动原因说明": "",
      "是否在股东或关联单位领取报酬津贴": "否",
      "在任与否": "否"
    },
    {
      "领导人姓名": "陈鉴平",
      "职位描述": "独立董事",
      "期初持股数": "0",
      "期末持股数": "0",
      "间接持股数": "",
      "从公司获得年度报酬总额": "55000",
      "补贴津贴": "",
      "变动原因说明": "",
      "是否在股东或关联单位领取报酬津贴": "否",
      "在任与否": "否"
    },
    {
      "领导人姓名": "张昕",
      "职位描述": "独立董事",
      "期初持股数": "0",
      "期末持股数": "0",
      "间接持股数": "",
      "从公司获得年度报酬总额": "55000",
      "补贴津贴": "",
      "变动原因说明": "",
      "是否在股东或关联单位领取报酬津贴": "否",
      "在任与否": "否"
    },
    {
      "领导人姓名": "戚程博",
      "职位描述": "独立董事",
      "期初持股数": "0",
      "期末持股数": "0",
      "间接持股数": "",
      "从公司获得年度报酬总额": "55000",
      "补贴津贴": "",
      "变动原因说明": "",
      "是否在股东或关联单位领取报酬津贴": "否",
      "在任与否": "否"
    }
  ]
}

=== 920414-2026-04-20-欧普泰-2025年年度报告.pdf ===
{
  "Leader_Salary_data": {
    "实际所得报酬总额起始": "",
    "实际所得报酬总额截止": "",
    "实际所得报酬总额涉及人数": ""
  },
  "Leader_Hold_data": [
    {
      "领导人姓名": "王振",
      "职位描述": "董事长、总经理",
      "期初持股数": "27403231",
      "期末持股数": "27487038",
      "间接持股数": "",
      "从公司获得年度报酬总额": "648500",
      "补贴津贴": "",
      "变动原因说明": "",
      "是否在股东或关联单位领取报酬津贴": "是",
      "在任与否": "是"
    },
    {
      "领导人姓名": "顾晓红",
      "职位描述": "董事、董事会秘书、副总经理",
      "期初持股数": "1708908",
      "期末持股数": "1363908",
      "间接持股数": "",
      "从公司获得年度报酬总额": "419700",
      "补贴津贴": "",
      "变动原因说明": "",
      "是否在股东或关联单位领取报酬津贴": "是",
      "在任与否": "是"
    },
    {
      "领导人姓名": "汤雨香",
      "职位描述": "董事",
      "期初持股数": "2630102",
      "期末持股数": "2000177",
      "间接持股数": "",
      "从公司获得年度报酬总额": "522600",
      "补贴津贴": "",
      "变动原因说明": "",
      "是否在股东或关联单位领取报酬津贴": "是",
      "在任与否": "是"
    },
    {
      "领导人姓名": "沈文忠",
      "职位描述": "董事",
      "期初持股数": "887537",
      "期末持股数": "665653",
      "间接持股数": "",
      "从公司获得年度报酬总额": "0",
      "补贴津贴": "",
      "变动原因说明": "",
      "是否在股东或关联单位领取报酬津贴": "否",
      "在任与否": "是"
    },
    {
      "领导人姓名": "詹科",
      "职位描述": "董事、AI事业部总经理",
      "期初持股数": "0",
      "期末持股数": "26400",
      "间接持股数": "",
      "从公司获得年度报酬总额": "558500",
      "补贴津贴": "",
      "变动原因说明": "",
      "是否在股东或关联单位领取报酬津贴": "是",
      "在任与否": "是"
    },
    {
      "领导人姓名": "戴剑兰",
      "职位描述": "董事、财务总监",
      "期初持股数": "0",
      "期末持股数": "17600",
      "间接持股数": "",
      "从公司获得年度报酬总额": "364300",
      "补贴津贴": "",
      "变动原因说明": "",
      "是否在股东或关联单位领取报酬津贴": "否",
      "在任与否": "是"
    },
    {
      "领导人姓名": "戴建君",
      "职位描述": "独立董事",
      "期初持股数": "",
      "期末持股数": "",
      "间接持股数": "",
      "从公司获得年度报酬总额": "50000",
      "补贴津贴": "",
      "变动原因说明": "",
      "是否在股东或关联单位领取报酬津贴": "否",
      "在任与否": "是"
    },
    {
      "领导人姓名": "彭慈华",
      "职位描述": "独立董事",
      "期初持股数": "",
      "期末持股数": "",
      "间接持股数": "",
      "从公司获得年度报酬总额": "50000",
      "补贴津贴": "",
      "变动原因说明": "",
      "是否在股东或关联单位领取报酬津贴": "否",
      "在任与否": "是"
    },
    {
      "领导人姓名": "陈思根",
      "职位描述": "独立董事",
      "期初持股数": "",
      "期末持股数": "",
      "间接持股数": "",
      "从公司获得年度报酬总额": "50000",
      "补贴津贴": "",
      "变动原因说明": "",
      "是否在股东或关联单位领取报酬津贴": "否",
      "在任与否": "是"
    }
  ]
}

=== 920718-2026-04-20-合肥高科-2025年年度报告.pdf ===
{
  "Leader_Salary_data": {
    "实际所得报酬总额起始": "",
    "实际所得报酬总额截止": "",
    "实际所得报酬总额涉及人数": ""
  },
  "Leader_Hold_data": [
    {
      "领导人姓名": "胡翔",
      "职位描述": "董事长、总经理",
      "期初持股数": "40370207",
      "期末持股数": "40370207",
      "间接持股数": "",
      "从公司获得年度报酬总额": "560700",
      "补贴津贴": "",
      "变动原因说明": "",
      "是否在股东或关联单位领取报酬津贴": "否",
      "在任与否": "是"
    },
    {
      "领导人姓名": "陈茵",
      "职位描述": "董事、副总经理",
      "期初持股数": "15907300",
      "期末持股数": "15907300",
      "间接持股数": "",
      "从公司获得年度报酬总额": "441200",
      "补贴津贴": "",
      "变动原因说明": "",
      "是否在股东或关联单位领取报酬津贴": "否",
      "在任与否": "是"
    },
    {
      "领导人姓名": "赵法川",
      "职位描述": "董事",
      "期初持股数": "",
      "期末持股数": "",
      "间接持股数": "",
      "从公司获得年度报酬总额": "588800",
      "补贴津贴": "",
      "变动原因说明": "",
      "是否在股东或关联单位领取报酬津贴": "否",
      "在任与否": "否"
    },
    {
      "领导人姓名": "田玉柱",
      "职位描述": "董事",
      "期初持股数": "",
      "期末持股数": "",
      "间接持股数": "",
      "从公司获得年度报酬总额": "486700",
      "补贴津贴": "",
      "变动原因说明": "",
      "是否在股东或关联单位领取报酬津贴": "否",
      "在任与否": "是"
    },
    {
      "领导人姓名": "王跃峰",
      "职位描述": "董事",
      "期初持股数": "2598000",
      "期末持股数": "2598000",
      "间接持股数": "",
      "从公司获得年度报酬总额": "0",
      "补贴津贴": "",
      "变动原因说明": "",
      "是否在股东或关联单位领取报酬津贴": "否",
      "在任与否": "是"
    },
    {
      "领导人姓名": "王玉瑛",
      "职位描述": "独立董事",
      "期初持股数": "",
      "期末持股数": "",
      "间接持股数": "",
      "从公司获得年度报酬总额": "50000",
      "补贴津贴": "50000",
      "变动原因说明": "",
      "是否在股东或关联单位领取报酬津贴": "否",
      "在任与否": "是"
    },
    {
      "领导人姓名": "王玉",
      "职位描述": "独立董事",
      "期初持股数": "",
      "期末持股数": "",
      "间接持股数": "",
      "从公司获得年度报酬总额": "50000",
      "补贴津贴": "50000",
      "变动原因说明": "",
      "是否在股东或关联单位领取报酬津贴": "否",
      "在任与否": "是"
    },
    {
      "领导人姓名": "丁昊苏",
      "职位描述": "副总经理",
      "期初持股数": "",
      "期末持股数": "",
      "间接持股数": "",
      "从公司获得年度报酬总额": "381100",
      "补贴津贴": "",
      "变动原因说明": "",
      "是否在股东或关联单位领取报酬津贴": "否",
      "在任与否": "是"
    },
    {
      "领导人姓名": "童立飞",
      "职位描述": "副总经理",
      "期初持股数": "",
      "期末持股数": "",
      "间接持股数": "",
      "从公司获得年度报酬总额": "374700",
      "补贴津贴": "",
      "变动原因说明": "",
      "是否在股东或关联单位领取报酬津贴": "否",
      "在任与否": "是"
    },
    {
      "领导人姓名": "汪晓志",
      "职位描述": "财务负责人、董事会秘书",
      "期初持股数": "",
      "期末持股数": "",
      "间接持股数": "",
      "从公司获得年度报酬总额": "435800",
      "补贴津贴": "",
      "变动原因说明": "",
      "是否在股东或关联单位领取报酬津贴": "否",
      "在任与否": "是"
    }
  ]
}

=== 688529-2026-04-21-豪森智能-豪森智能2025年年度报告.pdf ===
{
  "Leader_Salary_data": {
    "实际所得报酬总额起始": "13744700",
    "实际所得报酬总额截止": "13744700",
    "实际所得报酬总额涉及人数": ""
  },
  "Leader_Hold_data": [
    {
      "领导人姓名": "董德熙",
      "职位描述": "董事长、总经理",
      "期初持股数": "3765366",
      "期末持股数": "3765366",
      "间接持股数": "",
      "从公司获得年度报酬总额": "764000",
      "补贴津贴": "",
      "变动原因说明": "",
      "是否在股东或关联单位领取报酬津贴": "否",
      "在任与否": "是"
    },
    {
      "领导人姓名": "赵方灏",
      "职位描述": "董事、副总经理、财务负责人",
      "期初持股数": "3764354",
      "期末持股数": "3764354",
      "间接持股数": "",
      "从公司获得年度报酬总额": "583200",
      "补贴津贴": "",
      "变动原因说明": "",
      "是否在股东或关联单位领取报酬津贴": "否",
      "在任与否": "是"
    },
    {
      "领导人姓名": "张继周",
      "职位描述": "董事、副总经理",
      "期初持股数": "3764354",
      "期末持股数": "3764354",
      "间接持股数": "",
      "从公司获得年度报酬总额": "583200",
      "补贴津贴": "",
      "变动原因说明": "",
      "是否在股东或关联单位领取报酬津贴": "否",
      "在任与否": "是"
    },
    {
      "领导人姓名": "董博",
      "职位描述": "董事、副总经理",
      "期初持股数": "0",
      "期末持股数": "0",
      "间接持股数": "",
      "从公司获得年度报酬总额": "648500",
      "补贴津贴": "",
      "变动原因说明": "",
      "是否在股东或关联单位领取报酬津贴": "否",
      "在任与否": "是"
    },
    {
      "领导人姓名": "杨宁",
      "职位描述": "董事、副总经理",
      "期初持股数": "8182",
      "期末持股数": "16364",
      "间接持股数": "",
      "从公司获得年度报酬总额": "592400",
      "补贴津贴": "",
      "变动原因说明": "股权激励归属",
      "是否在股东或关联单位领取报酬津贴": "否",
      "在任与否": "是"
    },
    {
      "领导人姓名": "聂莹",
      "职位描述": "董事、监事会主席",
      "期初持股数": "0",
      "期末持股数": "0",
      "间接持股数": "",
      "从公司获得年度报酬总额": "416300",
      "补贴津贴": "",
      "变动原因说明": "",
      "是否在股东或关联单位领取报酬津贴": "否",
      "在任与否": "是"
    },
    {
      "领导人姓名": "张令荣",
      "职位描述": "独立董事",
      "期初持股数": "0",
      "期末持股数": "0",
      "间接持股数": "",
      "从公司获得年度报酬总额": "80000",
      "补贴津贴": "",
      "变动原因说明": "",
      "是否在股东或关联单位领取报酬津贴": "否",
      "在任与否": "是"
    },
    {
      "领导人姓名": "王岩",
      "职位描述": "独立董事",
      "期初持股数": "0",
      "期末持股数": "0",
      "间接持股数": "",
      "从公司获得年度报酬总额": "13300",
      "补贴津贴": "",
      "变动原因说明": "",
      "是否在股东或关联单位领取报酬津贴": "否",
      "在任与否": "是"
    },
    {
      "领导人姓名": "陈文铭",
      "职位描述": "独立董事",
      "期初持股数": "0",
      "期末持股数": "0",
      "间接持股数": "",
      "从公司获得年度报酬总额": "13300",
      "补贴津贴": "",
      "变动原因说明": "",
      "是否在股东或关联单位领取报酬津贴": "否",
      "在任与否": "是"
    },
    {
      "领导人姓名": "许洋",
      "职位描述": "董事会秘书、副总经理",
      "期初持股数": "0",
      "期末持股数": "0",
      "间接持股数": "",
      "从公司获得年度报酬总额": "648300",
      "补贴津贴": "",
      "变动原因说明": "",
      "是否在股东或关联单位领取报酬津贴": "否",
      "在任与否": "是"
    },
    {
      "领导人姓名": "于婷",
      "职位描述": "副总经理、财务负责人",
      "期初持股数": "0",
      "期末持股数": "0",
      "间接持股数": "",
      "从公司获得年度报酬总额": "75400",
      "补贴津贴": "",
      "变动原因说明": "",
      "是否在股东或关联单位领取报酬津贴": "否",
      "在任与否": "是"
    },
    {
      "领导人姓名": "王一帜",
      "职位描述": "副总经理",
      "期初持股数": "0",
      "期末持股数": "2000",
      "间接持股数": "",
      "从公司获得年度报酬总额": "321100",
      "补贴津贴": "",
      "变动原因说明": "系被聘任为公司高级管理人员前二级市场买入",
      "是否在股东或关联单位领取报酬津贴": "否",
      "在任与否": "是"
    },
    {
      "领导人姓名": "高晓红",
      "职位描述": "董事",
      "期初持股数": "0",
      "期末持股数": "0",
      "间接持股数": "",
      "从公司获得年度报酬总额": "262700",
      "补贴津贴": "",
      "变动原因说明": "",
      "是否在股东或关联单位领取报酬津贴": "否",
      "在任与否": "否"
    },
    {
      "领导人姓名": "芮鹏",
      "职位描述": "董事",
      "期初持股数": "0",
      "期末持股数": "0",
      "间接持股数": "",
      "从公司获得年度报酬总额": "",
      "补贴津贴": "",
      "变动原因说明": "",
      "是否在股东或关联单位领取报酬津贴": "否",
      "在任与否": "否"
    },
    {
      "领导人姓名": "李日昱",
      "职位描述": "独立董事",
      "期初持股数": "0",
      "期末持股数": "0",
      "间接持股数": "",
      "从公司获得年度报酬总额": "66700",
      "补贴津贴": "",
      "变动原因说明": "",
      "是否在股东或关联单位领取报酬津贴": "否",
      "在任与否": "否"
    },
    {
      "领导人姓名": "刘金科",
      "职位描述": "独立董事",
      "期初持股数": "0",
      "期末持股数": "0",
      "间接持股数": "",
      "从公司获得年度报酬总额": "66700",
      "补贴津贴": "",
      "变动原因说明": "",
      "是否在股东或关联单位领取报酬津贴": "否",
      "在任与否": "否"
    },
    {
      "领导人姓名": "郭岩",
      "职位描述": "监事",
      "期初持股数": "0",
      "期末持股数": "0",
      "间接持股数": "",
      "从公司获得年度报酬总额": "116600",
      "补贴津贴": "",
      "变动原因说明": "",
      "是否在股东或关联单位领取报酬津贴": "否",
      "在任与否": "否"
    },
    {
      "领导人姓名": "曲雅文",
      "职位描述": "职工代表监事",
      "期初持股数": "0",
      "期末持股数": "0",
      "间接持股数": "",
      "从公司获得年度报酬总额": "116800",
      "补贴津贴": "",
      "变动原因说明": "",
      "是否在股东或关联单位领取报酬津贴": "否",
      "在任与否": "否"
    },
    {
      "领导人姓名": "胡绍凯",
      "职位描述": "副总经理",
      "期初持股数": "8182",
      "期末持股数": "16364",
      "间接持股数": "",
      "从公司获得年度报酬总额": "502500",
      "补贴津贴": "",
      "变动原因说明": "股权激励归属",
      "是否在股东或关联单位领取报酬津贴": "否",
      "在任与否": "否"
    },
    {
      "领导人姓名": "王璇",
      "职位描述": "核心技术人员",
      "期初持股数": "4909",
      "期末持股数": "0",
      "间接持股数": "",
      "从公司获得年度报酬总额": "504000",
      "补贴津贴": "",
      "变动原因说明": "股权激励归属；二级市场卖出",
      "是否在股东或关联单位领取报酬津贴": "否",
      "在任与否": "是"
    },
    {
      "领导人姓名": "于洪增",
      "职位描述": "核心技术人员",
      "期初持股数": "4137",
      "期末持股数": "774",
      "间接持股数": "",
      "从公司获得年度报酬总额": "501700",
      "补贴津贴": "",
      "变动原因说明": "股权激励归属；二级市场卖出",
      "是否在股东或关联单位领取报酬津贴": "否",
      "在任与否": "是"
    },
    {
      "领导人姓名": "刘云飞",
      "职位描述": "核心技术人员",
      "期初持股数": "6471",
      "期末持股数": "3722",
      "间接持股数": "",
      "从公司获得年度报酬总额": "478000",
      "补贴津贴": "",
      "变动原因说明": "股权激励归属；二级市场买卖",
      "是否在股东或关联单位领取报酬津贴": "否",
      "在任与否": "是"
    },
    {
      "领导人姓名": "齐羽健",
      "职位描述": "核心技术人员",
      "期初持股数": "0",
      "期末持股数": "0",
      "间接持股数": "",
      "从公司获得年度报酬总额": "378300",
      "补贴津贴": "",
      "变动原因说明": "",
      "是否在股东或关联单位领取报酬津贴": "否",
      "在任与否": "是"
    },
    {
      "领导人姓名": "王宇",
      "职位描述": "核心技术人员",
      "期初持股数": "6137",
      "期末持股数": "5000",
      "间接持股数": "",
      "从公司获得年度报酬总额": "374100",
      "补贴津贴": "",
      "变动原因说明": "股权激励归属；二级市场卖出",
      "是否在股东或关联单位领取报酬津贴": "否",
      "在任与否": "是"
    },
    {
      "领导人姓名": "任俊波",
      "职位描述": "核心技术人员",
      "期初持股数": "6137",
      "期末持股数": "3137",
      "间接持股数": "",
      "从公司获得年度报酬总额": "571600",
      "补贴津贴": "",
      "变动原因说明": "股权激励归属；二级市场卖出",
      "是否在股东或关联单位领取报酬津贴": "否",
      "在任与否": "是"
    },
    {
      "领导人姓名": "冷阳",
      "职位描述": "核心技术人员",
      "期初持股数": "0",
      "期末持股数": "0",
      "间接持股数": "",
      "从公司获得年度报酬总额": "676300",
      "补贴津贴": "",
      "变动原因说明": "",
      "是否在股东或关联单位领取报酬津贴": "否",
      "在任与否": "是"
    }
  ]
}

=== 920175-2026-04-20-东方碳素-2025年年度报告.pdf ===
{
  "Leader_Salary_data": {
    "实际所得报酬总额起始": "",
    "实际所得报酬总额截止": "",
    "实际所得报酬总额涉及人数": ""
  },
  "Leader_Hold_data": [
    {
      "领导人姓名": "杨遂运",
      "职位描述": "董事长",
      "期初持股数": "52893162",
      "期末持股数": "52893162",
      "间接持股数": "",
      "从公司获得年度报酬总额": "352500",
      "补贴津贴": "",
      "变动原因说明": "",
      "是否在股东或关联单位领取报酬津贴": "否",
      "在任与否": "是"
    },
    {
      "领导人姓名": "杨晓鹏",
      "职位描述": "董事、总经理",
      "期初持股数": "0",
      "期末持股数": "0",
      "间接持股数": "",
      "从公司获得年度报酬总额": "221000",
      "补贴津贴": "",
      "变动原因说明": "",
      "是否在股东或关联单位领取报酬津贴": "否",
      "在任与否": "是"
    },
    {
      "领导人姓名": "张梦楠",
      "职位描述": "董事、副总经理",
      "期初持股数": "0",
      "期末持股数": "0",
      "间接持股数": "",
      "从公司获得年度报酬总额": "181200",
      "补贴津贴": "",
      "变动原因说明": "",
      "是否在股东或关联单位领取报酬津贴": "否",
      "在任与否": "是"
    },
    {
      "领导人姓名": "陈坡",
      "职位描述": "职工董事",
      "期初持股数": "0",
      "期末持股数": "0",
      "间接持股数": "",
      "从公司获得年度报酬总额": "109000",
      "补贴津贴": "",
      "变动原因说明": "",
      "是否在股东或关联单位领取报酬津贴": "否",
      "在任与否": "是"
    },
    {
      "领导人姓名": "刘永锋",
      "职位描述": "独立董事",
      "期初持股数": "0",
      "期末持股数": "0",
      "间接持股数": "",
      "从公司获得年度报酬总额": "71400",
      "补贴津贴": "",
      "变动原因说明": "",
      "是否在股东或关联单位领取报酬津贴": "否",
      "在任与否": "是"
    },
    {
      "领导人姓名": "任保增",
      "职位描述": "独立董事",
      "期初持股数": "0",
      "期末持股数": "0",
      "间接持股数": "",
      "从公司获得年度报酬总额": "71400",
      "补贴津贴": "",
      "变动原因说明": "",
      "是否在股东或关联单位领取报酬津贴": "否",
      "在任与否": "是"
    },
    {
      "领导人姓名": "许尽峰",
      "职位描述": "独立董事",
      "期初持股数": "0",
      "期末持股数": "0",
      "间接持股数": "",
      "从公司获得年度报酬总额": "71400",
      "补贴津贴": "",
      "变动原因说明": "",
      "是否在股东或关联单位领取报酬津贴": "否",
      "在任与否": "是"
    },
    {
      "领导人姓名": "秦长青",
      "职位描述": "副总经理",
      "期初持股数": "50357",
      "期末持股数": "50357",
      "间接持股数": "",
      "从公司获得年度报酬总额": "246200",
      "补贴津贴": "",
      "变动原因说明": "",
      "是否在股东或关联单位领取报酬津贴": "否",
      "在任与否": "是"
    },
    {
      "领导人姓名": "马二克",
      "职位描述": "副总经理",
      "期初持股数": "0",
      "期末持股数": "0",
      "间接持股数": "",
      "从公司获得年度报酬总额": "180600",
      "补贴津贴": "",
      "变动原因说明": "",
      "是否在股东或关联单位领取报酬津贴": "否",
      "在任与否": "是"
    },
    {
      "领导人姓名": "姜春田",
      "职位描述": "财务总监",
      "期初持股数": "22000",
      "期末持股数": "22000",
      "间接持股数": "",
      "从公司获得年度报酬总额": "160300",
      "补贴津贴": "",
      "变动原因说明": "",
      "是否在股东或关联单位领取报酬津贴": "否",
      "在任与否": "是"
    },
    {
      "领导人姓名": "裴广义",
      "职位描述": "董事会秘书",
      "期初持股数": "0",
      "期末持股数": "0",
      "间接持股数": "",
      "从公司获得年度报酬总额": "158300",
      "补贴津贴": "",
      "变动原因说明": "",
      "是否在股东或关联单位领取报酬津贴": "否",
      "在任与否": "是"
    }
  ]
}

=== 920454-2026-04-20-同心传动-2025年年度报告.pdf ===
{
  "Leader_Salary_data": {
    "实际所得报酬总额起始": "",
    "实际所得报酬总额截止": "",
    "实际所得报酬总额涉及人数": ""
  },
  "Leader_Hold_data": [
    {
      "领导人姓名": "陈红凯",
      "职位描述": "董事长、总经理",
      "期初持股数": "55794500",
      "期末持股数": "42794500",
      "间接持股数": "",
      "从公司获得年度报酬总额": "261300",
      "补贴津贴": "",
      "变动原因说明": "-13000000",
      "是否在股东或关联单位领取报酬津贴": "否",
      "在任与否": "是"
    },
    {
      "领导人姓名": "蔡彦丽",
      "职位描述": "董事、副总经理",
      "期初持股数": "",
      "期末持股数": "",
      "间接持股数": "",
      "从公司获得年度报酬总额": "197300",
      "补贴津贴": "",
      "变动原因说明": "",
      "是否在股东或关联单位领取报酬津贴": "否",
      "在任与否": "是"
    },
    {
      "领导人姓名": "胡小耿",
      "职位描述": "董事",
      "期初持股数": "100000",
      "期末持股数": "100000",
      "间接持股数": "",
      "从公司获得年度报酬总额": "190600",
      "补贴津贴": "",
      "变动原因说明": "0",
      "是否在股东或关联单位领取报酬津贴": "否",
      "在任与否": "是"
    },
    {
      "领导人姓名": "王玉玲",
      "职位描述": "董事",
      "期初持股数": "",
      "期末持股数": "",
      "间接持股数": "",
      "从公司获得年度报酬总额": "101400",
      "补贴津贴": "",
      "变动原因说明": "",
      "是否在股东或关联单位领取报酬津贴": "否",
      "在任与否": "是"
    },
    {
      "领导人姓名": "汤伟",
      "职位描述": "独立董事",
      "期初持股数": "",
      "期末持股数": "",
      "间接持股数": "",
      "从公司获得年度报酬总额": "50000",
      "补贴津贴": "",
      "变动原因说明": "",
      "是否在股东或关联单位领取报酬津贴": "否",
      "在任与否": "是"
    },
    {
      "领导人姓名": "蔡挺",
      "职位描述": "独立董事",
      "期初持股数": "",
      "期末持股数": "",
      "间接持股数": "",
      "从公司获得年度报酬总额": "50000",
      "补贴津贴": "",
      "变动原因说明": "",
      "是否在股东或关联单位领取报酬津贴": "否",
      "在任与否": "是"
    },
    {
      "领导人姓名": "王继伟",
      "职位描述": "独立董事",
      "期初持股数": "",
      "期末持股数": "",
      "间接持股数": "",
      "从公司获得年度报酬总额": "50000",
      "补贴津贴": "",
      "变动原因说明": "",
      "是否在股东或关联单位领取报酬津贴": "否",
      "在任与否": "是"
    },
    {
      "领导人姓名": "陈卓",
      "职位描述": "副总经理",
      "期初持股数": "",
      "期末持股数": "",
      "间接持股数": "",
      "从公司获得年度报酬总额": "133700",
      "补贴津贴": "",
      "变动原因说明": "",
      "是否在股东或关联单位领取报酬津贴": "否",
      "在任与否": "是"
    },
    {
      "领导人姓名": "郑衍飞",
      "职位描述": "董事会秘书",
      "期初持股数": "",
      "期末持股数": "",
      "间接持股数": "",
      "从公司获得年度报酬总额": "89100",
      "补贴津贴": "",
      "变动原因说明": "",
      "是否在股东或关联单位领取报酬津贴": "否",
      "在任与否": "是"
    },
    {
      "领导人姓名": "石新杰",
      "职位描述": "财务负责人",
      "期初持股数": "",
      "期末持股数": "",
      "间接持股数": "",
      "从公司获得年度报酬总额": "",
      "补贴津贴": "",
      "变动原因说明": "",
      "是否在股东或关联单位领取报酬津贴": "否",
      "在任与否": "是"
    },
    {
      "领导人姓名": "赵晓静",
      "职位描述": "财务负责人",
      "期初持股数": "",
      "期末持股数": "",
      "间接持股数": "",
      "从公司获得年度报酬总额": "132300",
      "补贴津贴": "",
      "变动原因说明": "",
      "是否在股东或关联单位领取报酬津贴": "否",
      "在任与否": "否"
    }
  ]
}

=== 920128-2026-04-20-胜业电气-2025年年度报告.pdf ===
{
  "Leader_Salary_data": {
    "实际所得报酬总额起始": "",
    "实际所得报酬总额截止": "",
    "实际所得报酬总额涉及人数": ""
  },
  "Leader_Hold_data": [
    {
      "领导人姓名": "魏国锋",
      "职位描述": "董事长、总经理",
      "期初持股数": "100000",
      "期末持股数": "100000",
      "间接持股数": "",
      "从公司获得年度报酬总额": "360000",
      "补贴津贴": "",
      "变动原因说明": "",
      "是否在股东或关联单位领取报酬津贴": "否",
      "在任与否": "是"
    },
    {
      "领导人姓名": "何日成",
      "职位描述": "董事",
      "期初持股数": "100000",
      "期末持股数": "100000",
      "间接持股数": "",
      "从公司获得年度报酬总额": "360000",
      "补贴津贴": "",
      "变动原因说明": "",
      "是否在股东或关联单位领取报酬津贴": "否",
      "在任与否": "是"
    },
    {
      "领导人姓名": "董春安",
      "职位描述": "职工代表董事",
      "期初持股数": "50000",
      "期末持股数": "50000",
      "间接持股数": "",
      "从公司获得年度报酬总额": "681300",
      "补贴津贴": "",
      "变动原因说明": "",
      "是否在股东或关联单位领取报酬津贴": "否",
      "在任与否": "是"
    },
    {
      "领导人姓名": "林健明",
      "职位描述": "独立董事",
      "期初持股数": "0",
      "期末持股数": "0",
      "间接持股数": "",
      "从公司获得年度报酬总额": "72000",
      "补贴津贴": "",
      "变动原因说明": "",
      "是否在股东或关联单位领取报酬津贴": "否",
      "在任与否": "是"
    },
    {
      "领导人姓名": "袁若宾",
      "职位描述": "独立董事",
      "期初持股数": "0",
      "期末持股数": "0",
      "间接持股数": "",
      "从公司获得年度报酬总额": "72000",
      "补贴津贴": "",
      "变动原因说明": "",
      "是否在股东或关联单位领取报酬津贴": "否",
      "在任与否": "是"
    },
    {
      "领导人姓名": "罗薇",
      "职位描述": "独立董事",
      "期初持股数": "0",
      "期末持股数": "0",
      "间接持股数": "",
      "从公司获得年度报酬总额": "0",
      "补贴津贴": "",
      "变动原因说明": "",
      "是否在股东或关联单位领取报酬津贴": "否",
      "在任与否": "是"
    },
    {
      "领导人姓名": "杜宝玉",
      "职位描述": "董事、副总经理",
      "期初持股数": "100000",
      "期末持股数": "100000",
      "间接持股数": "",
      "从公司获得年度报酬总额": "624900",
      "补贴津贴": "",
      "变动原因说明": "",
      "是否在股东或关联单位领取报酬津贴": "否",
      "在任与否": "是"
    },
    {
      "领导人姓名": "刘宇峰",
      "职位描述": "董事、副总经理",
      "期初持股数": "200000",
      "期末持股数": "200000",
      "间接持股数": "",
      "从公司获得年度报酬总额": "721900",
      "补贴津贴": "",
      "变动原因说明": "",
      "是否在股东或关联单位领取报酬津贴": "否",
      "在任与否": "是"
    },
    {
      "领导人姓名": "CHEN JUN",
      "职位描述": "副总经理",
      "期初持股数": "300000",
      "期末持股数": "300000",
      "间接持股数": "",
      "从公司获得年度报酬总额": "579100",
      "补贴津贴": "",
      "变动原因说明": "",
      "是否在股东或关联单位领取报酬津贴": "否",
      "在任与否": "是"
    },
    {
      "领导人姓名": "陈榕",
      "职位描述": "副总经理",
      "期初持股数": "100000",
      "期末持股数": "100000",
      "间接持股数": "",
      "从公司获得年度报酬总额": "601000",
      "补贴津贴": "",
      "变动原因说明": "",
      "是否在股东或关联单位领取报酬津贴": "否",
      "在任与否": "是"
    },
    {
      "领导人姓名": "胡本涛",
      "职位描述": "副总经理",
      "期初持股数": "0",
      "期末持股数": "0",
      "间接持股数": "",
      "从公司获得年度报酬总额": "520800",
      "补贴津贴": "",
      "变动原因说明": "",
      "是否在股东或关联单位领取报酬津贴": "否",
      "在任与否": "是"
    },
    {
      "领导人姓名": "王晓晟",
      "职位描述": "财务总监",
      "期初持股数": "100000",
      "期末持股数": "100000",
      "间接持股数": "",
      "从公司获得年度报酬总额": "773600",
      "补贴津贴": "",
      "变动原因说明": "",
      "是否在股东或关联单位领取报酬津贴": "否",
      "在任与否": "是"
    },
    {
      "领导人姓名": "莫东霖",
      "职位描述": "董事会秘书",
      "期初持股数": "100000",
      "期末持股数": "100000",
      "间接持股数": "",
      "从公司获得年度报酬总额": "408200",
      "补贴津贴": "",
      "变动原因说明": "",
      "是否在股东或关联单位领取报酬津贴": "否",
      "在任与否": "是"
    }
  ]
}

=== 688777-2026-04-21-中控技术-中控技术股份有限公司2025年年度报告.pdf ===
{
  "Leader_Salary_data": {
    "实际所得报酬总额起始": "19611700",
    "实际所得报酬总额截止": "19611700",
    "实际所得报酬总额涉及人数": ""
  },
  "Leader_Hold_data": [
    {
      "领导人姓名": "CUI SHAN",
      "职位描述": "董事长、总裁",
      "期初持股数": "141375",
      "期末持股数": "141375",
      "间接持股数": "",
      "从公司获得年度报酬总额": "2542700",
      "补贴津贴": "",
      "变动原因说明": "",
      "是否在股东或关联单位领取报酬津贴": "否",
      "在任与否": "是"
    },
    {
      "领导人姓名": "张克华",
      "职位描述": "董事",
      "期初持股数": "0",
      "期末持股数": "0",
      "间接持股数": "",
      "从公司获得年度报酬总额": "200000",
      "补贴津贴": "",
      "变动原因说明": "",
      "是否在股东或关联单位领取报酬津贴": "否",
      "在任与否": "是"
    },
    {
      "领导人姓名": "王建新",
      "职位描述": "董事",
      "期初持股数": "0",
      "期末持股数": "0",
      "间接持股数": "",
      "从公司获得年度报酬总额": "200000",
      "补贴津贴": "",
      "变动原因说明": "",
      "是否在股东或关联单位领取报酬津贴": "否",
      "在任与否": "是"
    },
    {
      "领导人姓名": "薛安克",
      "职位描述": "董事",
      "期初持股数": "0",
      "期末持股数": "0",
      "间接持股数": "",
      "从公司获得年度报酬总额": "200000",
      "补贴津贴": "",
      "变动原因说明": "",
      "是否在股东或关联单位领取报酬津贴": "否",
      "在任与否": "是"
    },
    {
      "领导人姓名": "沈海强",
      "职位描述": "独立董事",
      "期初持股数": "0",
      "期末持股数": "0",
      "间接持股数": "",
      "从公司获得年度报酬总额": "200000",
      "补贴津贴": "",
      "变动原因说明": "",
      "是否在股东或关联单位领取报酬津贴": "否",
      "在任与否": "是"
    },
    {
      "领导人姓名": "许超",
      "职位描述": "独立董事",
      "期初持股数": "0",
      "期末持股数": "0",
      "间接持股数": "",
      "从公司获得年度报酬总额": "200000",
      "补贴津贴": "",
      "变动原因说明": "",
      "是否在股东或关联单位领取报酬津贴": "否",
      "在任与否": "是"
    },
    {
      "领导人姓名": "陈文强",
      "职位描述": "独立董事",
      "期初持股数": "0",
      "期末持股数": "0",
      "间接持股数": "",
      "从公司获得年度报酬总额": "200000",
      "补贴津贴": "",
      "变动原因说明": "",
      "是否在股东或关联单位领取报酬津贴": "否",
      "在任与否": "是"
    },
    {
      "领导人姓名": "俞惠兰",
      "职位描述": "职工代表董事",
      "期初持股数": "0",
      "期末持股数": "0",
      "间接持股数": "",
      "从公司获得年度报酬总额": "11000",
      "补贴津贴": "",
      "变动原因说明": "",
      "是否在股东或关联单位领取报酬津贴": "否",
      "在任与否": "是"
    },
    {
      "领导人姓名": "俞海斌",
      "职位描述": "高级副总裁",
      "期初持股数": "4088275",
      "期末持股数": "4088275",
      "间接持股数": "",
      "从公司获得年度报酬总额": "1674000",
      "补贴津贴": "",
      "变动原因说明": "",
      "是否在股东或关联单位领取报酬津贴": "否",
      "在任与否": "是"
    },
    {
      "领导人姓名": "郭飚",
      "职位描述": "高级副总裁",
      "期初持股数": "1100823",
      "期末持股数": "1100823",
      "间接持股数": "",
      "从公司获得年度报酬总额": "1563500",
      "补贴津贴": "",
      "变动原因说明": "",
      "是否在股东或关联单位领取报酬津贴": "否",
      "在任与否": "是"
    },
    {
      "领导人姓名": "吴玉成",
      "职位描述": "副总裁",
      "期初持股数": "145000",
      "期末持股数": "145000",
      "间接持股数": "",
      "从公司获得年度报酬总额": "1343800",
      "补贴津贴": "",
      "变动原因说明": "",
      "是否在股东或关联单位领取报酬津贴": "否",
      "在任与否": "是"
    },
    {
      "领导人姓名": "陆卫军",
      "职位描述": "副总裁、核心技术人员",
      "期初持股数": "323496",
      "期末持股数": "323496",
      "间接持股数": "",
      "从公司获得年度报酬总额": "1216900",
      "补贴津贴": "",
      "变动原因说明": "",
      "是否在股东或关联单位领取报酬津贴": "否",
      "在任与否": "是"
    },
    {
      "领导人姓名": "张磊",
      "职位描述": "副总裁",
      "期初持股数": "141375",
      "期末持股数": "141375",
      "间接持股数": "",
      "从公司获得年度报酬总额": "1443200",
      "补贴津贴": "",
      "变动原因说明": "",
      "是否在股东或关联单位领取报酬津贴": "否",
      "在任与否": "是"
    },
    {
      "领导人姓名": "吴才宝",
      "职位描述": "副总裁",
      "期初持股数": "98963",
      "期末持股数": "98963",
      "间接持股数": "",
      "从公司获得年度报酬总额": "1221500",
      "补贴津贴": "",
      "变动原因说明": "",
      "是否在股东或关联单位领取报酬津贴": "否",
      "在任与否": "是"
    },
    {
      "领导人姓名": "莫威",
      "职位描述": "副总裁",
      "期初持股数": "290000",
      "期末持股数": "290000",
      "间接持股数": "",
      "从公司获得年度报酬总额": "1114900",
      "补贴津贴": "",
      "变动原因说明": "",
      "是否在股东或关联单位领取报酬津贴": "否",
      "在任与否": "是"
    },
    {
      "领导人姓名": "陈江义",
      "职位描述": "副总裁",
      "期初持股数": "101500",
      "期末持股数": "101500",
      "间接持股数": "",
      "从公司获得年度报酬总额": "988400",
      "补贴津贴": "",
      "变动原因说明": "",
      "是否在股东或关联单位领取报酬津贴": "否",
      "在任与否": "是"
    },
    {
      "领导人姓名": "叶敬岳",
      "职位描述": "副总裁",
      "期初持股数": "0",
      "期末持股数": "0",
      "间接持股数": "",
      "从公司获得年度报酬总额": "1899400",
      "补贴津贴": "",
      "变动原因说明": "",
      "是否在股东或关联单位领取报酬津贴": "否",
      "在任与否": "是"
    },
    {
      "领导人姓名": "陆伟民",
      "职位描述": "副总裁",
      "期初持股数": "4700",
      "期末持股数": "9050",
      "间接持股数": "",
      "从公司获得年度报酬总额": "51300",
      "补贴津贴": "",
      "变动原因说明": "股权激励",
      "是否在股东或关联单位领取报酬津贴": "否",
      "在任与否": "是"
    },
    {
      "领导人姓名": "余晶鑫",
      "职位描述": "副总裁",
      "期初持股数": "0",
      "期末持股数": "0",
      "间接持股数": "",
      "从公司获得年度报酬总额": "54500",
      "补贴津贴": "",
      "变动原因说明": "",
      "是否在股东或关联单位领取报酬津贴": "否",
      "在任与否": "是"
    },
    {
      "领导人姓名": "孙华丰",
      "职位描述": "财务负责人",
      "期初持股数": "0",
      "期末持股数": "0",
      "间接持股数": "",
      "从公司获得年度报酬总额": "3800",
      "补贴津贴": "",
      "变动原因说明": "",
      "是否在股东或关联单位领取报酬津贴": "否",
      "在任与否": "是"
    },
    {
      "领导人姓名": "杨振华",
      "职位描述": "董事会秘书",
      "期初持股数": "0",
      "期末持股数": "0",
      "间接持股数": "",
      "从公司获得年度报酬总额": "",
      "补贴津贴": "",
      "变动原因说明": "",
      "是否在股东或关联单位领取报酬津贴": "否",
      "在任与否": "是"
    },
    {
      "领导人姓名": "林蔚清",
      "职位描述": "副总裁",
      "期初持股数": "1421",
      "期末持股数": "1066",
      "间接持股数": "",
      "从公司获得年度报酬总额": "118900",
      "补贴津贴": "",
      "变动原因说明": "离任后减持",
      "是否在股东或关联单位领取报酬津贴": "否",
      "在任与否": "否"
    },
    {
      "领导人姓名": "房永生",
      "职位描述": "高级副总裁、财务负责人、董事会秘书",
      "期初持股数": "416875",
      "期末持股数": "416875",
      "间接持股数": "",
      "从公司获得年度报酬总额": "1109600",
      "补贴津贴": "",
      "变动原因说明": "",
      "是否在股东或关联单位领取报酬津贴": "否",
      "在任与否": "否"
    },
    {
      "领导人姓名": "姚杰",
      "职位描述": "核心技术人员",
      "期初持股数": "72500",
      "期末持股数": "72500",
      "间接持股数": "",
      "从公司获得年度报酬总额": "675400",
      "补贴津贴": "",
      "变动原因说明": "",
      "是否在股东或关联单位领取报酬津贴": "否",
      "在任与否": "是"
    },
    {
      "领导人姓名": "王宽心",
      "职位描述": "核心技术人员",
      "期初持股数": "0",
      "期末持股数": "0",
      "间接持股数": "",
      "从公司获得年度报酬总额": "68900",
      "补贴津贴": "",
      "变动原因说明": "",
      "是否在股东或关联单位领取报酬津贴": "否",
      "在任与否": "是"
    },
    {
      "领导人姓名": "李达",
      "职位描述": "核心技术人员",
      "期初持股数": "3451",
      "期末持股数": "5481",
      "间接持股数": "",
      "从公司获得年度报酬总额": "689900",
      "补贴津贴": "",
      "变动原因说明": "股权激励",
      "是否在股东或关联单位领取报酬津贴": "否",
      "在任与否": "是"
    }
  ]
}

=== 920786-2026-04-20-骑士乳业-2025年年度报告.pdf ===
{
  "Leader_Salary_data": {
    "实际所得报酬总额起始": "",
    "实际所得报酬总额截止": "",
    "实际所得报酬总额涉及人数": ""
  },
  "Leader_Hold_data": [
    {
      "领导人姓名": "党涌涛",
      "职位描述": "董事长、总经理",
      "期初持股数": "54405060",
      "期末持股数": "54405060",
      "间接持股数": "",
      "从公司获得年度报酬总额": "308300",
      "补贴津贴": "",
      "变动原因说明": "",
      "是否在股东或关联单位领取报酬津贴": "否",
      "在任与否": "是"
    },
    {
      "领导人姓名": "乔世荣",
      "职位描述": "董事",
      "期初持股数": "11000000",
      "期末持股数": "11000000",
      "间接持股数": "",
      "从公司获得年度报酬总额": "235400",
      "补贴津贴": "",
      "变动原因说明": "",
      "是否在股东或关联单位领取报酬津贴": "否",
      "在任与否": "是"
    },
    {
      "领导人姓名": "高智利",
      "职位描述": "董事、副总经理",
      "期初持股数": "4107000",
      "期末持股数": "4107000",
      "间接持股数": "",
      "从公司获得年度报酬总额": "290300",
      "补贴津贴": "",
      "变动原因说明": "",
      "是否在股东或关联单位领取报酬津贴": "否",
      "在任与否": "是"
    },
    {
      "领导人姓名": "王喜临",
      "职位描述": "董事、财务总监",
      "期初持股数": "3050000",
      "期末持股数": "3050000",
      "间接持股数": "",
      "从公司获得年度报酬总额": "186300",
      "补贴津贴": "",
      "变动原因说明": "",
      "是否在股东或关联单位领取报酬津贴": "否",
      "在任与否": "是"
    },
    {
      "领导人姓名": "陈勇",
      "职位描述": "董事、董事会秘书",
      "期初持股数": "5580000",
      "期末持股数": "5580000",
      "间接持股数": "",
      "从公司获得年度报酬总额": "190100",
      "补贴津贴": "",
      "变动原因说明": "",
      "是否在股东或关联单位领取报酬津贴": "否",
      "在任与否": "否"
    },
    {
      "领导人姓名": "王雪锋",
      "职位描述": "董事",
      "期初持股数": "0",
      "期末持股数": "0",
      "间接持股数": "",
      "从公司获得年度报酬总额": "189000",
      "补贴津贴": "",
      "变动原因说明": "",
      "是否在股东或关联单位领取报酬津贴": "否",
      "在任与否": "是"
    },
    {
      "领导人姓名": "张振华",
      "职位描述": "独立董事",
      "期初持股数": "0",
      "期末持股数": "0",
      "间接持股数": "",
      "从公司获得年度报酬总额": "60000",
      "补贴津贴": "",
      "变动原因说明": "",
      "是否在股东或关联单位领取报酬津贴": "否",
      "在任与否": "是"
    },
    {
      "领导人姓名": "李华峰",
      "职位描述": "独立董事",
      "期初持股数": "0",
      "期末持股数": "0",
      "间接持股数": "",
      "从公司获得年度报酬总额": "60000",
      "补贴津贴": "",
      "变动原因说明": "",
      "是否在股东或关联单位领取报酬津贴": "否",
      "在任与否": "是"
    },
    {
      "领导人姓名": "薛虎",
      "职位描述": "副总经理",
      "期初持股数": "8000000",
      "期末持股数": "8000000",
      "间接持股数": "",
      "从公司获得年度报酬总额": "242000",
      "补贴津贴": "",
      "变动原因说明": "",
      "是否在股东或关联单位领取报酬津贴": "否",
      "在任与否": "是"
    },
    {
      "领导人姓名": "付明月",
      "职位描述": "独立董事",
      "期初持股数": "0",
      "期末持股数": "0",
      "间接持股数": "",
      "从公司获得年度报酬总额": "60000",
      "补贴津贴": "",
      "变动原因说明": "",
      "是否在股东或关联单位领取报酬津贴": "否",
      "在任与否": "是"
    },
    {
      "领导人姓名": "菅海军",
      "职位描述": "监事会主席、职工监事",
      "期初持股数": "3000000",
      "期末持股数": "3000000",
      "间接持股数": "",
      "从公司获得年度报酬总额": "189000",
      "补贴津贴": "",
      "变动原因说明": "",
      "是否在股东或关联单位领取报酬津贴": "否",
      "在任与否": "否"
    },
    {
      "领导人姓名": "陈亮",
      "职位描述": "监事",
      "期初持股数": "0",
      "期末持股数": "0",
      "间接持股数": "",
      "从公司获得年度报酬总额": "73100",
      "补贴津贴": "",
      "变动原因说明": "",
      "是否在股东或关联单位领取报酬津贴": "否",
      "在任与否": "否"
    },
    {
      "领导人姓名": "邵学智",
      "职位描述": "监事",
      "期初持股数": "0",
      "期末持股数": "0",
      "间接持股数": "",
      "从公司获得年度报酬总额": "114000",
      "补贴津贴": "",
      "变动原因说明": "",
      "是否在股东或关联单位领取报酬津贴": "否",
      "在任与否": "否"
    }
  ]
}

=== 920166-2026-04-20-海圣医疗-2025年年度报告.pdf ===
{
  "Leader_Salary_data": {
    "实际所得报酬总额起始": "",
    "实际所得报酬总额截止": "",
    "实际所得报酬总额涉及人数": ""
  },
  "Leader_Hold_data": [
    {
      "领导人姓名": "黄海生",
      "职位描述": "董事长、总经理",
      "期初持股数": "30150000",
      "期末持股数": "30150000",
      "间接持股数": "",
      "从公司获得年度报酬总额": "510000",
      "补贴津贴": "",
      "变动原因说明": "",
      "是否在股东或关联单位领取报酬津贴": "否",
      "在任与否": "是"
    },
    {
      "领导人姓名": "金善妃",
      "职位描述": "董事",
      "期初持股数": "",
      "期末持股数": "",
      "间接持股数": "",
      "从公司获得年度报酬总额": "0",
      "补贴津贴": "",
      "变动原因说明": "",
      "是否在股东或关联单位领取报酬津贴": "否",
      "在任与否": "是"
    },
    {
      "领导人姓名": "黄玮",
      "职位描述": "董事、副总经理",
      "期初持股数": "",
      "期末持股数": "",
      "间接持股数": "",
      "从公司获得年度报酬总额": "350000",
      "补贴津贴": "",
      "变动原因说明": "",
      "是否在股东或关联单位领取报酬津贴": "否",
      "在任与否": "是"
    },
    {
      "领导人姓名": "杨彤",
      "职位描述": "董事、副总经理",
      "期初持股数": "2000000",
      "期末持股数": "2000000",
      "间接持股数": "",
      "从公司获得年度报酬总额": "1670000",
      "补贴津贴": "",
      "变动原因说明": "",
      "是否在股东或关联单位领取报酬津贴": "否",
      "在任与否": "是"
    },
    {
      "领导人姓名": "黄燕",
      "职位描述": "董事",
      "期初持股数": "7500000",
      "期末持股数": "7500000",
      "间接持股数": "",
      "从公司获得年度报酬总额": "0",
      "补贴津贴": "",
      "变动原因说明": "",
      "是否在股东或关联单位领取报酬津贴": "否",
      "在任与否": "是"
    },
    {
      "领导人姓名": "程幸福",
      "职位描述": "独立董事",
      "期初持股数": "",
      "期末持股数": "",
      "间接持股数": "",
      "从公司获得年度报酬总额": "60000",
      "补贴津贴": "60000",
      "变动原因说明": "",
      "是否在股东或关联单位领取报酬津贴": "否",
      "在任与否": "是"
    },
    {
      "领导人姓名": "凌忠良",
      "职位描述": "独立董事",
      "期初持股数": "",
      "期末持股数": "",
      "间接持股数": "",
      "从公司获得年度报酬总额": "60000",
      "补贴津贴": "60000",
      "变动原因说明": "",
      "是否在股东或关联单位领取报酬津贴": "否",
      "在任与否": "是"
    },
    {
      "领导人姓名": "骆铭民",
      "职位描述": "独立董事",
      "期初持股数": "",
      "期末持股数": "",
      "间接持股数": "",
      "从公司获得年度报酬总额": "60000",
      "补贴津贴": "60000",
      "变动原因说明": "",
      "是否在股东或关联单位领取报酬津贴": "否",
      "在任与否": "是"
    },
    {
      "领导人姓名": "吴小萍",
      "职位描述": "监事会主席",
      "期初持股数": "",
      "期末持股数": "",
      "间接持股数": "",
      "从公司获得年度报酬总额": "280000",
      "补贴津贴": "",
      "变动原因说明": "",
      "是否在股东或关联单位领取报酬津贴": "否",
      "在任与否": "否"
    },
    {
      "领导人姓名": "裘雅红",
      "职位描述": "监事、职工董事",
      "期初持股数": "",
      "期末持股数": "",
      "间接持股数": "",
      "从公司获得年度报酬总额": "350000",
      "补贴津贴": "",
      "变动原因说明": "",
      "是否在股东或关联单位领取报酬津贴": "否",
      "在任与否": "是"
    },
    {
      "领导人姓名": "曾海民",
      "职位描述": "职工监事",
      "期初持股数": "",
      "期末持股数": "",
      "间接持股数": "",
      "从公司获得年度报酬总额": "300000",
      "补贴津贴": "",
      "变动原因说明": "",
      "是否在股东或关联单位领取报酬津贴": "否",
      "在任与否": "否"
    },
    {
      "领导人姓名": "王利明",
      "职位描述": "副总经理、董事",
      "期初持股数": "1250000",
      "期末持股数": "1250000",
      "间接持股数": "",
      "从公司获得年度报酬总额": "680000",
      "补贴津贴": "",
      "变动原因说明": "",
      "是否在股东或关联单位领取报酬津贴": "否",
      "在任与否": "是"
    },
    {
      "领导人姓名": "胡俊斌",
      "职位描述": "副总经理",
      "期初持股数": "",
      "期末持股数": "",
      "间接持股数": "",
      "从公司获得年度报酬总额": "520000",
      "补贴津贴": "",
      "变动原因说明": "",
      "是否在股东或关联单位领取报酬津贴": "否",
      "在任与否": "是"
    },
    {
      "领导人姓名": "薛伟杰",
      "职位描述": "副总经理",
      "期初持股数": "",
      "期末持股数": "",
      "间接持股数": "",
      "从公司获得年度报酬总额": "520000",
      "补贴津贴": "",
      "变动原因说明": "",
      "是否在股东或关联单位领取报酬津贴": "否",
      "在任与否": "是"
    },
    {
      "领导人姓名": "李建成",
      "职位描述": "财务总监",
      "期初持股数": "",
      "期末持股数": "",
      "间接持股数": "",
      "从公司获得年度报酬总额": "380000",
      "补贴津贴": "",
      "变动原因说明": "",
      "是否在股东或关联单位领取报酬津贴": "否",
      "在任与否": "是"
    },
    {
      "领导人姓名": "应铭",
      "职位描述": "董事、董事会秘书",
      "期初持股数": "",
      "期末持股数": "",
      "间接持股数": "",
      "从公司获得年度报酬总额": "430000",
      "补贴津贴": "",
      "变动原因说明": "",
      "是否在股东或关联单位领取报酬津贴": "否",
      "在任与否": "是"
    }
  ]
}

=== 920304-2026-04-20-迪尔化工-2025年年度报告.pdf ===
{
  "Leader_Salary_data": {
    "实际所得报酬总额起始": "",
    "实际所得报酬总额截止": "",
    "实际所得报酬总额涉及人数": ""
  },
  "Leader_Hold_data": [
    {
      "领导人姓名": "孙立辉",
      "职位描述": "董事长",
      "期初持股数": "13095940",
      "期末持股数": "13095940",
      "间接持股数": "",
      "从公司获得年度报酬总额": "932500",
      "补贴津贴": "",
      "变动原因说明": "",
      "是否在股东或关联单位领取报酬津贴": "否",
      "在任与否": "是"
    },
    {
      "领导人姓名": "刘西玉",
      "职位描述": "董事",
      "期初持股数": "7679610",
      "期末持股数": "7679610",
      "间接持股数": "",
      "从公司获得年度报酬总额": "50000",
      "补贴津贴": "",
      "变动原因说明": "",
      "是否在股东或关联单位领取报酬津贴": "是",
      "在任与否": "是"
    },
    {
      "领导人姓名": "刘勇",
      "职位描述": "董事",
      "期初持股数": "",
      "期末持股数": "",
      "间接持股数": "",
      "从公司获得年度报酬总额": "50000",
      "补贴津贴": "",
      "变动原因说明": "",
      "是否在股东或关联单位领取报酬津贴": "是",
      "在任与否": "是"
    },
    {
      "领导人姓名": "侯立伟",
      "职位描述": "原董事",
      "期初持股数": "",
      "期末持股数": "",
      "间接持股数": "",
      "从公司获得年度报酬总额": "38900",
      "补贴津贴": "",
      "变动原因说明": "",
      "是否在股东或关联单位领取报酬津贴": "是",
      "在任与否": "否"
    },
    {
      "领导人姓名": "刘令印",
      "职位描述": "董事",
      "期初持股数": "",
      "期末持股数": "",
      "间接持股数": "",
      "从公司获得年度报酬总额": "11100",
      "补贴津贴": "",
      "变动原因说明": "",
      "是否在股东或关联单位领取报酬津贴": "是",
      "在任与否": "是"
    },
    {
      "领导人姓名": "锡秀屏",
      "职位描述": "独立董事",
      "期初持股数": "",
      "期末持股数": "",
      "间接持股数": "",
      "从公司获得年度报酬总额": "100000",
      "补贴津贴": "100000",
      "变动原因说明": "",
      "是否在股东或关联单位领取报酬津贴": "否",
      "在任与否": "是"
    },
    {
      "领导人姓名": "刘学生",
      "职位描述": "独立董事",
      "期初持股数": "",
      "期末持股数": "",
      "间接持股数": "",
      "从公司获得年度报酬总额": "100000",
      "补贴津贴": "100000",
      "变动原因说明": "",
      "是否在股东或关联单位领取报酬津贴": "否",
      "在任与否": "是"
    },
    {
      "领导人姓名": "傅忠君",
      "职位描述": "独立董事",
      "期初持股数": "",
      "期末持股数": "",
      "间接持股数": "",
      "从公司获得年度报酬总额": "100000",
      "补贴津贴": "100000",
      "变动原因说明": "",
      "是否在股东或关联单位领取报酬津贴": "否",
      "在任与否": "是"
    },
    {
      "领导人姓名": "张峰",
      "职位描述": "职工董事",
      "期初持股数": "200000",
      "期末持股数": "200000",
      "间接持股数": "",
      "从公司获得年度报酬总额": "261000",
      "补贴津贴": "",
      "变动原因说明": "",
      "是否在股东或关联单位领取报酬津贴": "否",
      "在任与否": "是"
    },
    {
      "领导人姓名": "高斌",
      "职位描述": "董事、总经理",
      "期初持股数": "4076600",
      "期末持股数": "4076600",
      "间接持股数": "",
      "从公司获得年度报酬总额": "1020900",
      "补贴津贴": "",
      "变动原因说明": "",
      "是否在股东或关联单位领取报酬津贴": "否",
      "在任与否": "是"
    },
    {
      "领导人姓名": "卢英华",
      "职位描述": "副总经理、财务负责人、董事会秘书",
      "期初持股数": "2766500",
      "期末持股数": "2766500",
      "间接持股数": "",
      "从公司获得年度报酬总额": "942300",
      "补贴津贴": "",
      "变动原因说明": "",
      "是否在股东或关联单位领取报酬津贴": "否",
      "在任与否": "是"
    },
    {
      "领导人姓名": "李志",
      "职位描述": "副总经理",
      "期初持股数": "4096739",
      "期末持股数": "4096739",
      "间接持股数": "",
      "从公司获得年度报酬总额": "442000",
      "补贴津贴": "",
      "变动原因说明": "",
      "是否在股东或关联单位领取报酬津贴": "否",
      "在任与否": "是"
    },
    {
      "领导人姓名": "刘国洪",
      "职位描述": "副总经理",
      "期初持股数": "1950000",
      "期末持股数": "1950000",
      "间接持股数": "",
      "从公司获得年度报酬总额": "759300",
      "补贴津贴": "",
      "变动原因说明": "",
      "是否在股东或关联单位领取报酬津贴": "否",
      "在任与否": "是"
    },
    {
      "领导人姓名": "许振江",
      "职位描述": "副总经理",
      "期初持股数": "579900",
      "期末持股数": "579900",
      "间接持股数": "",
      "从公司获得年度报酬总额": "648100",
      "补贴津贴": "",
      "变动原因说明": "",
      "是否在股东或关联单位领取报酬津贴": "否",
      "在任与否": "是"
    },
    {
      "领导人姓名": "曹学银",
      "职位描述": "原监事会主席",
      "期初持股数": "",
      "期末持股数": "",
      "间接持股数": "",
      "从公司获得年度报酬总额": "23300",
      "补贴津贴": "",
      "变动原因说明": "",
      "是否在股东或关联单位领取报酬津贴": "是",
      "在任与否": "否"
    },
    {
      "领导人姓名": "李西东",
      "职位描述": "原监事",
      "期初持股数": "",
      "期末持股数": "",
      "间接持股数": "",
      "从公司获得年度报酬总额": "23300",
      "补贴津贴": "",
      "变动原因说明": "",
      "是否在股东或关联单位领取报酬津贴": "是",
      "在任与否": "否"
    }
  ]
}

=== 920839-2026-04-20-万通液压-2025年年度报告.pdf ===
{
  "Leader_Salary_data": {
    "实际所得报酬总额起始": "",
    "实际所得报酬总额截止": "",
    "实际所得报酬总额涉及人数": ""
  },
  "Leader_Hold_data": [
    {
      "领导人姓名": "王万法",
      "职位描述": "董事长",
      "期初持股数": "40388000",
      "期末持股数": "40388000",
      "间接持股数": "",
      "从公司获得年度报酬总额": "193100",
      "补贴津贴": "",
      "变动原因说明": "",
      "是否在股东或关联单位领取报酬津贴": "否",
      "在任与否": "是"
    },
    {
      "领导人姓名": "王刚",
      "职位描述": "董事、总经理",
      "期初持股数": "17850000",
      "期末持股数": "17600039",
      "间接持股数": "",
      "从公司获得年度报酬总额": "400400",
      "补贴津贴": "",
      "变动原因说明": "-249961",
      "是否在股东或关联单位领取报酬津贴": "否",
      "在任与否": "是"
    },
    {
      "领导人姓名": "王梦君",
      "职位描述": "董事、副总经理、董事会秘书",
      "期初持股数": "10723500",
      "期末持股数": "10473500",
      "间接持股数": "",
      "从公司获得年度报酬总额": "432200",
      "补贴津贴": "",
      "变动原因说明": "-250000",
      "是否在股东或关联单位领取报酬津贴": "否",
      "在任与否": "是"
    },
    {
      "领导人姓名": "冯绪良",
      "职位描述": "职工代表董事",
      "期初持股数": "225000",
      "期末持股数": "168750",
      "间接持股数": "",
      "从公司获得年度报酬总额": "154800",
      "补贴津贴": "",
      "变动原因说明": "-56250",
      "是否在股东或关联单位领取报酬津贴": "否",
      "在任与否": "是"
    },
    {
      "领导人姓名": "王榕",
      "职位描述": "独立董事",
      "期初持股数": "",
      "期末持股数": "",
      "间接持股数": "",
      "从公司获得年度报酬总额": "8200",
      "补贴津贴": "8200",
      "变动原因说明": "",
      "是否在股东或关联单位领取报酬津贴": "否",
      "在任与否": "是"
    },
    {
      "领导人姓名": "李美文",
      "职位描述": "独立董事",
      "期初持股数": "",
      "期末持股数": "",
      "间接持股数": "",
      "从公司获得年度报酬总额": "60000",
      "补贴津贴": "60000",
      "变动原因说明": "",
      "是否在股东或关联单位领取报酬津贴": "否",
      "在任与否": "是"
    },
    {
      "领导人姓名": "王月虎",
      "职位描述": "独立董事",
      "期初持股数": "",
      "期末持股数": "",
      "间接持股数": "",
      "从公司获得年度报酬总额": "60000",
      "补贴津贴": "60000",
      "变动原因说明": "",
      "是否在股东或关联单位领取报酬津贴": "否",
      "在任与否": "是"
    },
    {
      "领导人姓名": "顾亮",
      "职位描述": "独立董事",
      "期初持股数": "",
      "期末持股数": "",
      "间接持股数": "",
      "从公司获得年度报酬总额": "51800",
      "补贴津贴": "51800",
      "变动原因说明": "",
      "是否在股东或关联单位领取报酬津贴": "否",
      "在任与否": "否"
    },
    {
      "领导人姓名": "景传明",
      "职位描述": "副总经理",
      "期初持股数": "450000",
      "期末持股数": "350073",
      "间接持股数": "",
      "从公司获得年度报酬总额": "193400",
      "补贴津贴": "",
      "变动原因说明": "-99927",
      "是否在股东或关联单位领取报酬津贴": "否",
      "在任与否": "是"
    },
    {
      "领导人姓名": "于善利",
      "职位描述": "总经理助理",
      "期初持股数": "300000",
      "期末持股数": "225000",
      "间接持股数": "",
      "从公司获得年度报酬总额": "155600",
      "补贴津贴": "",
      "变动原因说明": "-75000",
      "是否在股东或关联单位领取报酬津贴": "否",
      "在任与否": "是"
    },
    {
      "领导人姓名": "崔飞龙",
      "职位描述": "总经理助理",
      "期初持股数": "300000",
      "期末持股数": "225000",
      "间接持股数": "",
      "从公司获得年度报酬总额": "157900",
      "补贴津贴": "",
      "变动原因说明": "-75000",
      "是否在股东或关联单位领取报酬津贴": "否",
      "在任与否": "是"
    },
    {
      "领导人姓名": "厉建慧",
      "职位描述": "财务负责人",
      "期初持股数": "125000",
      "期末持股数": "95000",
      "间接持股数": "",
      "从公司获得年度报酬总额": "200400",
      "补贴津贴": "",
      "变动原因说明": "-30000",
      "是否在股东或关联单位领取报酬津贴": "否",
      "在任与否": "是"
    }
  ]
}

=== 920751-2026-04-20-惠同新材-2025年年度报告.pdf ===
{
  "Leader_Salary_data": {
    "实际所得报酬总额起始": "",
    "实际所得报酬总额截止": "",
    "实际所得报酬总额涉及人数": ""
  },
  "Leader_Hold_data": [
    {
      "领导人姓名": "王雷",
      "职位描述": "董事长",
      "期初持股数": "",
      "期末持股数": "",
      "间接持股数": "",
      "从公司获得年度报酬总额": "120000",
      "补贴津贴": "",
      "变动原因说明": "",
      "是否在股东或关联单位领取报酬津贴": "是",
      "在任与否": "是"
    },
    {
      "领导人姓名": "李程垒",
      "职位描述": "董事",
      "期初持股数": "",
      "期末持股数": "",
      "间接持股数": "",
      "从公司获得年度报酬总额": "0",
      "补贴津贴": "",
      "变动原因说明": "",
      "是否在股东或关联单位领取报酬津贴": "是",
      "在任与否": "是"
    },
    {
      "领导人姓名": "王文豪",
      "职位描述": "董事",
      "期初持股数": "",
      "期末持股数": "",
      "间接持股数": "",
      "从公司获得年度报酬总额": "0",
      "补贴津贴": "",
      "变动原因说明": "",
      "是否在股东或关联单位领取报酬津贴": "是",
      "在任与否": "是"
    },
    {
      "领导人姓名": "张冶",
      "职位描述": "董事",
      "期初持股数": "",
      "期末持股数": "",
      "间接持股数": "",
      "从公司获得年度报酬总额": "0",
      "补贴津贴": "",
      "变动原因说明": "",
      "是否在股东或关联单位领取报酬津贴": "是",
      "在任与否": "是"
    },
    {
      "领导人姓名": "李楚南",
      "职位描述": "董事",
      "期初持股数": "",
      "期末持股数": "",
      "间接持股数": "",
      "从公司获得年度报酬总额": "0",
      "补贴津贴": "",
      "变动原因说明": "",
      "是否在股东或关联单位领取报酬津贴": "否",
      "在任与否": "是"
    },
    {
      "领导人姓名": "吴晓春",
      "职位描述": "董事、总经理",
      "期初持股数": "1603000",
      "期末持股数": "1603000",
      "间接持股数": "",
      "从公司获得年度报酬总额": "1531000",
      "补贴津贴": "",
      "变动原因说明": "",
      "是否在股东或关联单位领取报酬津贴": "否",
      "在任与否": "是"
    },
    {
      "领导人姓名": "戴亮",
      "职位描述": "职工监事、职工代表董事",
      "期初持股数": "1000",
      "期末持股数": "1000",
      "间接持股数": "",
      "从公司获得年度报酬总额": "284300",
      "补贴津贴": "",
      "变动原因说明": "",
      "是否在股东或关联单位领取报酬津贴": "否",
      "在任与否": "是"
    },
    {
      "领导人姓名": "张雷",
      "职位描述": "独立董事",
      "期初持股数": "",
      "期末持股数": "",
      "间接持股数": "",
      "从公司获得年度报酬总额": "73100",
      "补贴津贴": "73100",
      "变动原因说明": "",
      "是否在股东或关联单位领取报酬津贴": "否",
      "在任与否": "是"
    },
    {
      "领导人姓名": "贺勇",
      "职位描述": "独立董事",
      "期初持股数": "",
      "期末持股数": "",
      "间接持股数": "",
      "从公司获得年度报酬总额": "73100",
      "补贴津贴": "73100",
      "变动原因说明": "",
      "是否在股东或关联单位领取报酬津贴": "否",
      "在任与否": "是"
    },
    {
      "领导人姓名": "李落星",
      "职位描述": "独立董事",
      "期初持股数": "",
      "期末持股数": "",
      "间接持股数": "",
      "从公司获得年度报酬总额": "73100",
      "补贴津贴": "73100",
      "变动原因说明": "",
      "是否在股东或关联单位领取报酬津贴": "否",
      "在任与否": "是"
    },
    {
      "领导人姓名": "袁铁锤",
      "职位描述": "独立董事",
      "期初持股数": "",
      "期末持股数": "",
      "间接持股数": "",
      "从公司获得年度报酬总额": "73100",
      "补贴津贴": "73100",
      "变动原因说明": "",
      "是否在股东或关联单位领取报酬津贴": "否",
      "在任与否": "是"
    },
    {
      "领导人姓名": "陈波",
      "职位描述": "董事",
      "期初持股数": "",
      "期末持股数": "",
      "间接持股数": "",
      "从公司获得年度报酬总额": "0",
      "补贴津贴": "",
      "变动原因说明": "",
      "是否在股东或关联单位领取报酬津贴": "是",
      "在任与否": "否"
    },
    {
      "领导人姓名": "姚瑛",
      "职位描述": "监事、监事会主席",
      "期初持股数": "",
      "期末持股数": "",
      "间接持股数": "",
      "从公司获得年度报酬总额": "0",
      "补贴津贴": "",
      "变动原因说明": "",
      "是否在股东或关联单位领取报酬津贴": "是",
      "在任与否": "否"
    },
    {
      "领导人姓名": "龙梅",
      "职位描述": "监事",
      "期初持股数": "",
      "期末持股数": "",
      "间接持股数": "",
      "从公司获得年度报酬总额": "0",
      "补贴津贴": "",
      "变动原因说明": "",
      "是否在股东或关联单位领取报酬津贴": "是",
      "在任与否": "否"
    },
    {
      "领导人姓名": "姚创明",
      "职位描述": "监事",
      "期初持股数": "",
      "期末持股数": "",
      "间接持股数": "",
      "从公司获得年度报酬总额": "161500",
      "补贴津贴": "",
      "变动原因说明": "",
      "是否在股东或关联单位领取报酬津贴": "否",
      "在任与否": "否"
    },
    {
      "领导人姓名": "颜松彬",
      "职位描述": "职工监事",
      "期初持股数": "",
      "期末持股数": "",
      "间接持股数": "",
      "从公司获得年度报酬总额": "167900",
      "补贴津贴": "",
      "变动原因说明": "",
      "是否在股东或关联单位领取报酬津贴": "否",
      "在任与否": "否"
    },
    {
      "领导人姓名": "钟黎",
      "职位描述": "董事会秘书",
      "期初持股数": "1580000",
      "期末持股数": "1580000",
      "间接持股数": "",
      "从公司获得年度报酬总额": "339100",
      "补贴津贴": "",
      "变动原因说明": "",
      "是否在股东或关联单位领取报酬津贴": "否",
      "在任与否": "是"
    },
    {
      "领导人姓名": "黄俊杰",
      "职位描述": "副总经理",
      "期初持股数": "667500",
      "期末持股数": "667500",
      "间接持股数": "",
      "从公司获得年度报酬总额": "573100",
      "补贴津贴": "",
      "变动原因说明": "",
      "是否在股东或关联单位领取报酬津贴": "否",
      "在任与否": "是"
    },
    {
      "领导人姓名": "魏少锋",
      "职位描述": "副总经理",
      "期初持股数": "350000",
      "期末持股数": "350000",
      "间接持股数": "",
      "从公司获得年度报酬总额": "766200",
      "补贴津贴": "",
      "变动原因说明": "",
      "是否在股东或关联单位领取报酬津贴": "否",
      "在任与否": "是"
    },
    {
      "领导人姓名": "张景鹏",
      "职位描述": "副总经理",
      "期初持股数": "460000",
      "期末持股数": "460000",
      "间接持股数": "",
      "从公司获得年度报酬总额": "760700",
      "补贴津贴": "",
      "变动原因说明": "",
      "是否在股东或关联单位领取报酬津贴": "否",
      "在任与否": "是"
    },
    {
      "领导人姓名": "李延伟",
      "职位描述": "副总经理",
      "期初持股数": "",
      "期末持股数": "",
      "间接持股数": "",
      "从公司获得年度报酬总额": "499500",
      "补贴津贴": "",
      "变动原因说明": "",
      "是否在股东或关联单位领取报酬津贴": "否",
      "在任与否": "是"
    },
    {
      "领导人姓名": "尹聪莉",
      "职位描述": "财务负责人",
      "期初持股数": "",
      "期末持股数": "",
      "间接持股数": "",
      "从公司获得年度报酬总额": "505000",
      "补贴津贴": "",
      "变动原因说明": "",
      "是否在股东或关联单位领取报酬津贴": "否",
      "在任与否": "是"
    }
  ]
}
