2026-04-16 15:41:28,896 - __main__ - INFO - 程序开始执行 - 目录: C:\Users\chenkk\Desktop\新建文件夹 (2), 文件数量: 81
2026-04-16 15:41:30,231 - httpx - INFO - HTTP Request: POST https://dashscope.aliyuncs.com/compatible-mode/v1/files "HTTP/1.1 200 OK"
2026-04-16 15:41:30,235 - ai_service_enhanced - INFO - 文件上传成功: C:\Users\chenkk\Desktop\新建文件夹 (2)\000533-2026-04-16-顺钠股份-2025年年度报告.pdf (文件ID: file-fe-4d658009ffeb4f0ba16ea15e)
2026-04-16 15:41:30,235 - __main___file_only - INFO - 上传文件: 000533-2026-04-16-顺钠股份-2025年年度报告.pdf (大小: 0.39 MB, ID: file-fe-4d658009ffeb4f0ba16ea15e)
2026-04-16 15:41:30,254 - __main__ - INFO - 开始处理文件: 000533-2026-04-16-顺钠股份-2025年年度报告.pdf
2026-04-16 15:41:30,270 - httpx - INFO - HTTP Request: POST https://dashscope.aliyuncs.com/compatible-mode/v1/files "HTTP/1.1 200 OK"
2026-04-16 15:41:30,271 - ai_service_enhanced - INFO - 文件上传成功: C:\Users\chenkk\Desktop\新建文件夹 (2)\002001-2026-04-16-新和成-2025年年度报告.pdf (文件ID: file-fe-927dc0fad64f449cb9e132a4)
2026-04-16 15:41:30,271 - __main___file_only - INFO - 上传文件: 002001-2026-04-16-新和成-2025年年度报告.pdf (大小: 0.42 MB, ID: file-fe-927dc0fad64f449cb9e132a4)
2026-04-16 15:41:30,518 - __main__ - INFO - 开始处理文件: 002001-2026-04-16-新和成-2025年年度报告.pdf
2026-04-16 15:41:31,217 - httpx - INFO - HTTP Request: POST https://dashscope.aliyuncs.com/compatible-mode/v1/files "HTTP/1.1 200 OK"
2026-04-16 15:41:31,217 - ai_service_enhanced - INFO - 文件上传成功: C:\Users\chenkk\Desktop\新建文件夹 (2)\002180-2026-04-15-纳思达-2025年年度报告.pdf (文件ID: file-fe-a4a83e4653c24951aac10ba6)
2026-04-16 15:41:31,218 - __main___file_only - INFO - 上传文件: 002180-2026-04-15-纳思达-2025年年度报告.pdf (大小: 0.26 MB, ID: file-fe-a4a83e4653c24951aac10ba6)
2026-04-16 15:41:31,311 - __main__ - INFO - 开始处理文件: 002180-2026-04-15-纳思达-2025年年度报告.pdf
2026-04-16 15:41:31,673 - httpx - INFO - HTTP Request: POST https://dashscope.aliyuncs.com/compatible-mode/v1/files "HTTP/1.1 200 OK"
2026-04-16 15:41:31,674 - ai_service_enhanced - INFO - 文件上传成功: C:\Users\chenkk\Desktop\新建文件夹 (2)\002344-2026-04-16-海宁皮城-2025年年度报告.pdf (文件ID: file-fe-d1e34eafdc6141b887a43c01)
2026-04-16 15:41:31,674 - __main___file_only - INFO - 上传文件: 002344-2026-04-16-海宁皮城-2025年年度报告.pdf (大小: 0.34 MB, ID: file-fe-d1e34eafdc6141b887a43c01)
2026-04-16 15:41:31,839 - __main__ - INFO - 开始处理文件: 002344-2026-04-16-海宁皮城-2025年年度报告.pdf
2026-04-16 15:41:32,295 - httpx - INFO - HTTP Request: POST https://dashscope.aliyuncs.com/compatible-mode/v1/files "HTTP/1.1 200 OK"
2026-04-16 15:41:32,296 - ai_service_enhanced - INFO - 文件上传成功: C:\Users\chenkk\Desktop\新建文件夹 (2)\002407-2026-04-16-多氟多-2025年年度报告.pdf (文件ID: file-fe-197f43357fed471ca75465b7)
2026-04-16 15:41:32,296 - __main___file_only - INFO - 上传文件: 002407-2026-04-16-多氟多-2025年年度报告.pdf (大小: 0.42 MB, ID: file-fe-197f43357fed471ca75465b7)
2026-04-16 15:41:32,368 - __main__ - INFO - 开始处理文件: 002407-2026-04-16-多氟多-2025年年度报告.pdf
2026-04-16 15:41:32,826 - httpx - INFO - HTTP Request: POST https://dashscope.aliyuncs.com/compatible-mode/v1/files "HTTP/1.1 200 OK"
2026-04-16 15:41:32,826 - ai_service_enhanced - INFO - 文件上传成功: C:\Users\chenkk\Desktop\新建文件夹 (2)\002628-2026-04-16-成都路桥-2025年年度报告.pdf (文件ID: file-fe-cef9218be78949b3a77dc586)
2026-04-16 15:41:32,826 - __main___file_only - INFO - 上传文件: 002628-2026-04-16-成都路桥-2025年年度报告.pdf (大小: 0.35 MB, ID: file-fe-cef9218be78949b3a77dc586)
2026-04-16 15:41:32,896 - __main__ - INFO - 开始处理文件: 002628-2026-04-16-成都路桥-2025年年度报告.pdf
2026-04-16 15:41:34,127 - httpx - INFO - HTTP Request: POST https://dashscope.aliyuncs.com/compatible-mode/v1/files "HTTP/1.1 200 OK"
2026-04-16 15:41:34,127 - ai_service_enhanced - INFO - 文件上传成功: C:\Users\chenkk\Desktop\新建文件夹 (2)\002629-2026-04-16-仁智股份-2025年年度报告.pdf (文件ID: file-fe-1cb6721dff0547abbb9f3dd2)
2026-04-16 15:41:34,127 - __main___file_only - INFO - 上传文件: 002629-2026-04-16-仁智股份-2025年年度报告.pdf (大小: 0.27 MB, ID: file-fe-1cb6721dff0547abbb9f3dd2)
2026-04-16 15:41:34,214 - __main__ - INFO - 开始处理文件: 002629-2026-04-16-仁智股份-2025年年度报告.pdf
2026-04-16 15:41:34,330 - httpx - INFO - HTTP Request: POST https://dashscope.aliyuncs.com/compatible-mode/v1/files "HTTP/1.1 200 OK"
2026-04-16 15:41:34,331 - ai_service_enhanced - INFO - 文件上传成功: C:\Users\chenkk\Desktop\新建文件夹 (2)\002762-2026-04-16-ST金比-2025年年度报告.pdf (文件ID: file-fe-c5c1069f434b43e5aae31e3d)
2026-04-16 15:41:34,331 - __main___file_only - INFO - 上传文件: 002762-2026-04-16-ST金比-2025年年度报告.pdf (大小: 0.74 MB, ID: file-fe-c5c1069f434b43e5aae31e3d)
2026-04-16 15:41:34,476 - __main__ - INFO - 开始处理文件: 002762-2026-04-16-ST金比-2025年年度报告.pdf
2026-04-16 15:41:35,445 - httpx - INFO - HTTP Request: POST https://dashscope.aliyuncs.com/compatible-mode/v1/files "HTTP/1.1 200 OK"
2026-04-16 15:41:35,445 - ai_service_enhanced - INFO - 文件上传成功: C:\Users\chenkk\Desktop\新建文件夹 (2)\002823-2026-04-16-凯中精密-2025年年度报告.pdf (文件ID: file-fe-04e7d35b863d4b2bbb04f9fb)
2026-04-16 15:41:35,445 - __main___file_only - INFO - 上传文件: 002823-2026-04-16-凯中精密-2025年年度报告.pdf (大小: 0.34 MB, ID: file-fe-04e7d35b863d4b2bbb04f9fb)
2026-04-16 15:41:35,537 - __main__ - INFO - 开始处理文件: 002823-2026-04-16-凯中精密-2025年年度报告.pdf
2026-04-16 15:41:36,014 - httpx - INFO - HTTP Request: POST https://dashscope.aliyuncs.com/compatible-mode/v1/files "HTTP/1.1 200 OK"
2026-04-16 15:41:36,015 - ai_service_enhanced - INFO - 文件上传成功: C:\Users\chenkk\Desktop\新建文件夹 (2)\002896-2026-04-16-中大力德-2025年年度报告.pdf (文件ID: file-fe-5c93097cfc9f411199d1c67d)
2026-04-16 15:41:36,015 - __main___file_only - INFO - 上传文件: 002896-2026-04-16-中大力德-2025年年度报告.pdf (大小: 0.33 MB, ID: file-fe-5c93097cfc9f411199d1c67d)
2026-04-16 15:41:36,066 - __main__ - INFO - 开始处理文件: 002896-2026-04-16-中大力德-2025年年度报告.pdf
2026-04-16 15:41:37,750 - httpx - INFO - HTTP Request: POST https://dashscope.aliyuncs.com/compatible-mode/v1/files "HTTP/1.1 200 OK"
2026-04-16 15:41:37,751 - ai_service_enhanced - INFO - 文件上传成功: C:\Users\chenkk\Desktop\新建文件夹 (2)\002949-2026-04-16-华阳国际-2025年年度报告.pdf (文件ID: file-fe-84cc7d94f0304d2595e5e120)
2026-04-16 15:41:37,751 - __main___file_only - INFO - 上传文件: 002949-2026-04-16-华阳国际-2025年年度报告.pdf (大小: 0.35 MB, ID: file-fe-84cc7d94f0304d2595e5e120)
2026-04-16 15:41:37,925 - __main__ - INFO - 开始处理文件: 002949-2026-04-16-华阳国际-2025年年度报告.pdf
2026-04-16 15:41:38,187 - httpx - INFO - HTTP Request: POST https://dashscope.aliyuncs.com/compatible-mode/v1/files "HTTP/1.1 200 OK"
2026-04-16 15:41:38,188 - ai_service_enhanced - INFO - 文件上传成功: C:\Users\chenkk\Desktop\新建文件夹 (2)\002971-2026-04-16-和远气体-2025年年度报告.pdf (文件ID: file-fe-bdb437581dfb4d67a32e2ae0)
2026-04-16 15:41:38,188 - __main___file_only - INFO - 上传文件: 002971-2026-04-16-和远气体-2025年年度报告.pdf (大小: 0.35 MB, ID: file-fe-bdb437581dfb4d67a32e2ae0)
2026-04-16 15:41:38,451 - __main__ - INFO - 开始处理文件: 002971-2026-04-16-和远气体-2025年年度报告.pdf
2026-04-16 15:41:39,920 - httpx - INFO - HTTP Request: POST https://dashscope.aliyuncs.com/compatible-mode/v1/files "HTTP/1.1 200 OK"
2026-04-16 15:41:39,921 - ai_service_enhanced - INFO - 文件上传成功: C:\Users\chenkk\Desktop\新建文件夹 (2)\300058-2026-04-16-蓝色光标-2025年年度报告.pdf (文件ID: file-fe-1fa1f5abf0b446c080b895b5)
2026-04-16 15:41:39,921 - __main___file_only - INFO - 上传文件: 300058-2026-04-16-蓝色光标-2025年年度报告.pdf (大小: 0.68 MB, ID: file-fe-1fa1f5abf0b446c080b895b5)
2026-04-16 15:41:40,033 - __main__ - INFO - 开始处理文件: 300058-2026-04-16-蓝色光标-2025年年度报告.pdf
2026-04-16 15:41:40,174 - httpx - INFO - HTTP Request: POST https://dashscope.aliyuncs.com/compatible-mode/v1/files "HTTP/1.1 200 OK"
2026-04-16 15:41:40,175 - ai_service_enhanced - INFO - 文件上传成功: C:\Users\chenkk\Desktop\新建文件夹 (2)\003027-2026-04-16-同兴科技-2025年年度报告.pdf (文件ID: file-fe-3c334bb2fb294b37a63db8c4)
2026-04-16 15:41:40,175 - __main___file_only - INFO - 上传文件: 003027-2026-04-16-同兴科技-2025年年度报告.pdf (大小: 0.37 MB, ID: file-fe-3c334bb2fb294b37a63db8c4)
2026-04-16 15:41:40,296 - __main__ - INFO - 开始处理文件: 003027-2026-04-16-同兴科技-2025年年度报告.pdf
2026-04-16 15:41:42,082 - httpx - INFO - HTTP Request: POST https://dashscope.aliyuncs.com/compatible-mode/v1/files "HTTP/1.1 200 OK"
2026-04-16 15:41:42,083 - ai_service_enhanced - INFO - 文件上传成功: C:\Users\chenkk\Desktop\新建文件夹 (2)\300075-2026-04-16-数字政通-2025年年度报告.pdf (文件ID: file-fe-dc1071ac270940d1baa0d1cd)
2026-04-16 15:41:42,083 - __main___file_only - INFO - 上传文件: 300075-2026-04-16-数字政通-2025年年度报告.pdf (大小: 0.31 MB, ID: file-fe-dc1071ac270940d1baa0d1cd)
2026-04-16 15:41:42,143 - __main__ - INFO - 开始处理文件: 300075-2026-04-16-数字政通-2025年年度报告.pdf
2026-04-16 15:41:42,301 - httpx - INFO - HTTP Request: POST https://dashscope.aliyuncs.com/compatible-mode/v1/files "HTTP/1.1 200 OK"
2026-04-16 15:41:42,302 - ai_service_enhanced - INFO - 文件上传成功: C:\Users\chenkk\Desktop\新建文件夹 (2)\300174-2026-04-16-元力股份-2025年年度报告.pdf (文件ID: file-fe-a1fd1a192072476692212549)
2026-04-16 15:41:42,303 - __main___file_only - INFO - 上传文件: 300174-2026-04-16-元力股份-2025年年度报告.pdf (大小: 0.27 MB, ID: file-fe-a1fd1a192072476692212549)
2026-04-16 15:41:42,408 - __main__ - INFO - 开始处理文件: 300174-2026-04-16-元力股份-2025年年度报告.pdf
2026-04-16 15:41:44,220 - httpx - INFO - HTTP Request: POST https://dashscope.aliyuncs.com/compatible-mode/v1/files "HTTP/1.1 200 OK"
2026-04-16 15:41:44,221 - ai_service_enhanced - INFO - 文件上传成功: C:\Users\chenkk\Desktop\新建文件夹 (2)\300296-2026-04-16-利亚德-2025年年度报告.pdf (文件ID: file-fe-098515a281bd420e8009c3d9)
2026-04-16 15:41:44,221 - __main___file_only - INFO - 上传文件: 300296-2026-04-16-利亚德-2025年年度报告.pdf (大小: 0.39 MB, ID: file-fe-098515a281bd420e8009c3d9)
2026-04-16 15:41:44,227 - httpx - INFO - HTTP Request: POST https://dashscope.aliyuncs.com/compatible-mode/v1/files "HTTP/1.1 200 OK"
2026-04-16 15:41:44,227 - ai_service_enhanced - INFO - 文件上传成功: C:\Users\chenkk\Desktop\新建文件夹 (2)\300281-2026-04-16-金明精机-2025年年度报告.pdf (文件ID: file-fe-39fd60c10c0c488da938fc34)
2026-04-16 15:41:44,227 - __main___file_only - INFO - 上传文件: 300281-2026-04-16-金明精机-2025年年度报告.pdf (大小: 0.38 MB, ID: file-fe-39fd60c10c0c488da938fc34)
2026-04-16 15:41:46,412 - httpx - INFO - HTTP Request: POST https://dashscope.aliyuncs.com/compatible-mode/v1/files "HTTP/1.1 200 OK"
2026-04-16 15:41:46,413 - ai_service_enhanced - INFO - 文件上传成功: C:\Users\chenkk\Desktop\新建文件夹 (2)\300305-2026-04-16-裕兴股份-2025年年度报告.pdf (文件ID: file-fe-e5c8801582d14f03b6632558)
2026-04-16 15:41:46,413 - __main___file_only - INFO - 上传文件: 300305-2026-04-16-裕兴股份-2025年年度报告.pdf (大小: 0.32 MB, ID: file-fe-e5c8801582d14f03b6632558)
2026-04-16 15:41:46,466 - httpx - INFO - HTTP Request: POST https://dashscope.aliyuncs.com/compatible-mode/v1/files "HTTP/1.1 200 OK"
2026-04-16 15:41:46,466 - ai_service_enhanced - INFO - 文件上传成功: C:\Users\chenkk\Desktop\新建文件夹 (2)\300440-2026-04-16-运达科技-2025年年度报告.pdf (文件ID: file-fe-f1acc85f62234846b987b09b)
2026-04-16 15:41:46,466 - __main___file_only - INFO - 上传文件: 300440-2026-04-16-运达科技-2025年年度报告.pdf (大小: 0.70 MB, ID: file-fe-f1acc85f62234846b987b09b)
2026-04-16 15:41:48,514 - httpx - INFO - HTTP Request: POST https://dashscope.aliyuncs.com/compatible-mode/v1/files "HTTP/1.1 200 OK"
2026-04-16 15:41:48,514 - ai_service_enhanced - INFO - 文件上传成功: C:\Users\chenkk\Desktop\新建文件夹 (2)\300618-2026-04-16-寒锐钴业-2025年年度报告.pdf (文件ID: file-fe-3201192b1a1b4d0ea4801584)
2026-04-16 15:41:48,515 - __main___file_only - INFO - 上传文件: 300618-2026-04-16-寒锐钴业-2025年年度报告.pdf (大小: 0.39 MB, ID: file-fe-3201192b1a1b4d0ea4801584)
2026-04-16 15:41:48,523 - httpx - INFO - HTTP Request: POST https://dashscope.aliyuncs.com/compatible-mode/v1/files "HTTP/1.1 200 OK"
2026-04-16 15:41:48,524 - ai_service_enhanced - INFO - 文件上传成功: C:\Users\chenkk\Desktop\新建文件夹 (2)\300623-2026-04-16-捷捷微电-2025年年度报告.pdf (文件ID: file-fe-439a44ab11b4487c9f2be0a0)
2026-04-16 15:41:48,524 - __main___file_only - INFO - 上传文件: 300623-2026-04-16-捷捷微电-2025年年度报告.pdf (大小: 0.35 MB, ID: file-fe-439a44ab11b4487c9f2be0a0)
2026-04-16 15:41:50,646 - httpx - INFO - HTTP Request: POST https://dashscope.aliyuncs.com/compatible-mode/v1/files "HTTP/1.1 200 OK"
2026-04-16 15:41:50,647 - ai_service_enhanced - INFO - 文件上传成功: C:\Users\chenkk\Desktop\新建文件夹 (2)\300666-2026-04-16-江丰电子-2025年年度报告.pdf (文件ID: file-fe-fe0a5cc647ac406ea4d1a27b)
2026-04-16 15:41:50,647 - __main___file_only - INFO - 上传文件: 300666-2026-04-16-江丰电子-2025年年度报告.pdf (大小: 0.44 MB, ID: file-fe-fe0a5cc647ac406ea4d1a27b)
2026-04-16 15:41:50,680 - httpx - INFO - HTTP Request: POST https://dashscope.aliyuncs.com/compatible-mode/v1/files "HTTP/1.1 200 OK"
2026-04-16 15:41:50,680 - ai_service_enhanced - INFO - 文件上传成功: C:\Users\chenkk\Desktop\新建文件夹 (2)\300685-2026-04-16-艾德生物-2025年年度报告.pdf (文件ID: file-fe-f9df4b085de24ba6a68fcb96)
2026-04-16 15:41:50,680 - __main___file_only - INFO - 上传文件: 300685-2026-04-16-艾德生物-2025年年度报告.pdf (大小: 0.52 MB, ID: file-fe-f9df4b085de24ba6a68fcb96)
2026-04-16 15:41:52,699 - httpx - INFO - HTTP Request: POST https://dashscope.aliyuncs.com/compatible-mode/v1/files "HTTP/1.1 200 OK"
2026-04-16 15:41:52,700 - ai_service_enhanced - INFO - 文件上传成功: C:\Users\chenkk\Desktop\新建文件夹 (2)\300717-2026-04-16-华信新材-2025年年度报告.pdf (文件ID: file-fe-91c32120104449e0a6b6c519)
2026-04-16 15:41:52,700 - __main___file_only - INFO - 上传文件: 300717-2026-04-16-华信新材-2025年年度报告.pdf (大小: 0.27 MB, ID: file-fe-91c32120104449e0a6b6c519)
2026-04-16 15:41:52,829 - httpx - INFO - HTTP Request: POST https://dashscope.aliyuncs.com/compatible-mode/v1/files "HTTP/1.1 200 OK"
2026-04-16 15:41:52,829 - ai_service_enhanced - INFO - 文件上传成功: C:\Users\chenkk\Desktop\新建文件夹 (2)\300732-2026-04-16-设研院-2025年年度报告.pdf (文件ID: file-fe-ab93fb178073461485d0e8df)
2026-04-16 15:41:52,829 - __main___file_only - INFO - 上传文件: 300732-2026-04-16-设研院-2025年年度报告.pdf (大小: 0.78 MB, ID: file-fe-ab93fb178073461485d0e8df)
2026-04-16 15:41:54,831 - httpx - INFO - HTTP Request: POST https://dashscope.aliyuncs.com/compatible-mode/v1/files "HTTP/1.1 200 OK"
2026-04-16 15:41:54,831 - ai_service_enhanced - INFO - 文件上传成功: C:\Users\chenkk\Desktop\新建文件夹 (2)\300918-2026-04-16-南山智尚-2025年年度报告.pdf (文件ID: file-fe-4dc36eca556049868885f37c)
2026-04-16 15:41:54,832 - __main___file_only - INFO - 上传文件: 300918-2026-04-16-南山智尚-2025年年度报告.pdf (大小: 1.25 MB, ID: file-fe-4dc36eca556049868885f37c)
2026-04-16 15:41:54,847 - httpx - INFO - HTTP Request: POST https://dashscope.aliyuncs.com/compatible-mode/v1/files "HTTP/1.1 200 OK"
2026-04-16 15:41:54,848 - ai_service_enhanced - INFO - 文件上传成功: C:\Users\chenkk\Desktop\新建文件夹 (2)\300886-2026-04-16-华业香料-2025年年度报告.pdf (文件ID: file-fe-a1b33f93b2a84c84a280f37b)
2026-04-16 15:41:54,848 - __main___file_only - INFO - 上传文件: 300886-2026-04-16-华业香料-2025年年度报告.pdf (大小: 0.33 MB, ID: file-fe-a1b33f93b2a84c84a280f37b)
2026-04-16 15:41:56,858 - httpx - INFO - HTTP Request: POST https://dashscope.aliyuncs.com/compatible-mode/v1/files "HTTP/1.1 200 OK"
2026-04-16 15:41:56,859 - ai_service_enhanced - INFO - 文件上传成功: C:\Users\chenkk\Desktop\新建文件夹 (2)\301128-2026-04-16-强瑞技术-2025年年度报告.pdf (文件ID: file-fe-9897cdd852b84626872e4c32)
2026-04-16 15:41:56,859 - __main___file_only - INFO - 上传文件: 301128-2026-04-16-强瑞技术-2025年年度报告.pdf (大小: 0.39 MB, ID: file-fe-9897cdd852b84626872e4c32)
2026-04-16 15:41:56,978 - httpx - INFO - HTTP Request: POST https://dashscope.aliyuncs.com/compatible-mode/v1/files "HTTP/1.1 200 OK"
2026-04-16 15:41:56,979 - ai_service_enhanced - INFO - 文件上传成功: C:\Users\chenkk\Desktop\新建文件夹 (2)\300967-2026-04-16-晓鸣股份-2025年年度报告.pdf (文件ID: file-fe-5b494e1b8e194f0aacb3a282)
2026-04-16 15:41:56,979 - __main___file_only - INFO - 上传文件: 300967-2026-04-16-晓鸣股份-2025年年度报告.pdf (大小: 0.35 MB, ID: file-fe-5b494e1b8e194f0aacb3a282)
2026-04-16 15:41:58,555 - httpx - INFO - HTTP Request: POST https://dashscope.aliyuncs.com/compatible-mode/v1/chat/completions "HTTP/1.1 200 OK"
2026-04-16 15:41:58,980 - __main___file_only - INFO - 找到持股数据: 000533 2026-04-16 (9条)
2026-04-16 15:41:59,037 - __main___file_only - INFO - 找到报酬数据: 000533 2026-04-16
2026-04-16 15:41:59,037 - __main__ - INFO - 处理成功: 000533-2026-04-16-顺钠股份-2025年年度报告.pdf
2026-04-16 15:41:59,037 - __main___file_only - INFO - 文件处理成功: 000533-2026-04-16-顺钠股份-2025年年度报告.pdf (耗时: 28.78秒)
2026-04-16 15:41:59,065 - httpx - INFO - HTTP Request: POST https://dashscope.aliyuncs.com/compatible-mode/v1/files "HTTP/1.1 200 OK"
2026-04-16 15:41:59,065 - ai_service_enhanced - INFO - 文件上传成功: C:\Users\chenkk\Desktop\新建文件夹 (2)\301281-2026-04-16-科源制药-2025年年度报告.pdf (文件ID: file-fe-916d27f6e36046ecbc93dc0d)
2026-04-16 15:41:59,066 - __main___file_only - INFO - 上传文件: 301281-2026-04-16-科源制药-2025年年度报告.pdf (大小: 0.40 MB, ID: file-fe-916d27f6e36046ecbc93dc0d)
2026-04-16 15:41:59,103 - httpx - INFO - HTTP Request: POST https://dashscope.aliyuncs.com/compatible-mode/v1/files "HTTP/1.1 200 OK"
2026-04-16 15:41:59,104 - ai_service_enhanced - INFO - 文件上传成功: C:\Users\chenkk\Desktop\新建文件夹 (2)\301283-2026-04-16-聚胶股份-2025年年度报告.pdf (文件ID: file-fe-4b07e4a04af943ea9faba8b9)
2026-04-16 15:41:59,104 - __main___file_only - INFO - 上传文件: 301283-2026-04-16-聚胶股份-2025年年度报告.pdf (大小: 0.49 MB, ID: file-fe-4b07e4a04af943ea9faba8b9)
2026-04-16 15:41:59,729 - httpx - INFO - HTTP Request: DELETE https://dashscope.aliyuncs.com/compatible-mode/v1/files/file-fe-4d658009ffeb4f0ba16ea15e "HTTP/1.1 200 OK"
2026-04-16 15:41:59,730 - __main__ - INFO - 开始处理文件: 300296-2026-04-16-利亚德-2025年年度报告.pdf
2026-04-16 15:41:59,894 - httpx - INFO - HTTP Request: POST https://dashscope.aliyuncs.com/compatible-mode/v1/chat/completions "HTTP/1.1 200 OK"
2026-04-16 15:41:59,983 - httpx - INFO - HTTP Request: POST https://dashscope.aliyuncs.com/compatible-mode/v1/chat/completions "HTTP/1.1 200 OK"
2026-04-16 15:42:00,228 - __main___file_only - INFO - 找到持股数据: 002949 2026-04-16 (11条)
2026-04-16 15:42:00,289 - __main___file_only - INFO - 找到报酬数据: 002949 2026-04-16
2026-04-16 15:42:00,290 - __main__ - INFO - 处理成功: 002949-2026-04-16-华阳国际-2025年年度报告.pdf
2026-04-16 15:42:00,290 - __main___file_only - INFO - 文件处理成功: 002949-2026-04-16-华阳国际-2025年年度报告.pdf (耗时: 22.37秒)
2026-04-16 15:42:00,363 - httpx - INFO - HTTP Request: POST https://dashscope.aliyuncs.com/compatible-mode/v1/chat/completions "HTTP/1.1 200 OK"
2026-04-16 15:42:00,588 - __main___file_only - INFO - 找到持股数据: 002628 2026-04-16 (13条)
2026-04-16 15:42:00,640 - __main___file_only - INFO - 找到报酬数据: 002628 2026-04-16
2026-04-16 15:42:00,641 - __main__ - INFO - 处理成功: 002628-2026-04-16-成都路桥-2025年年度报告.pdf
2026-04-16 15:42:00,642 - __main___file_only - INFO - 文件处理成功: 002628-2026-04-16-成都路桥-2025年年度报告.pdf (耗时: 27.75秒)
2026-04-16 15:42:00,656 - __main___file_only - INFO - 找到持股数据: 002629 2026-04-16 (8条)
2026-04-16 15:42:00,703 - __main___file_only - INFO - 未找到报酬数据: 002629 2026-04-16
2026-04-16 15:42:00,703 - __main__ - INFO - 处理成功: 002629-2026-04-16-仁智股份-2025年年度报告.pdf
2026-04-16 15:42:00,703 - __main___file_only - INFO - 文件处理成功: 002629-2026-04-16-仁智股份-2025年年度报告.pdf (耗时: 26.49秒)
2026-04-16 15:42:00,915 - httpx - INFO - HTTP Request: DELETE https://dashscope.aliyuncs.com/compatible-mode/v1/files/file-fe-84cc7d94f0304d2595e5e120 "HTTP/1.1 200 OK"
2026-04-16 15:42:00,915 - __main__ - INFO - 开始处理文件: 300281-2026-04-16-金明精机-2025年年度报告.pdf
2026-04-16 15:42:01,130 - httpx - INFO - HTTP Request: POST https://dashscope.aliyuncs.com/compatible-mode/v1/files "HTTP/1.1 200 OK"
2026-04-16 15:42:01,131 - ai_service_enhanced - INFO - 文件上传成功: C:\Users\chenkk\Desktop\新建文件夹 (2)\301286-2026-04-16-侨源股份-2025年年度报告.pdf (文件ID: file-fe-bdc03651de154377b502680b)
2026-04-16 15:42:01,131 - __main___file_only - INFO - 上传文件: 301286-2026-04-16-侨源股份-2025年年度报告.pdf (大小: 0.31 MB, ID: file-fe-bdc03651de154377b502680b)
2026-04-16 15:42:01,211 - httpx - INFO - HTTP Request: POST https://dashscope.aliyuncs.com/compatible-mode/v1/files "HTTP/1.1 200 OK"
2026-04-16 15:42:01,212 - ai_service_enhanced - INFO - 文件上传成功: C:\Users\chenkk\Desktop\新建文件夹 (2)\301366-2026-04-16-一博科技-2025年年度报告.pdf (文件ID: file-fe-60669f7e1e714ad5822e809b)
2026-04-16 15:42:01,212 - __main___file_only - INFO - 上传文件: 301366-2026-04-16-一博科技-2025年年度报告.pdf (大小: 0.37 MB, ID: file-fe-60669f7e1e714ad5822e809b)
2026-04-16 15:42:01,323 - httpx - INFO - HTTP Request: DELETE https://dashscope.aliyuncs.com/compatible-mode/v1/files/file-fe-cef9218be78949b3a77dc586 "HTTP/1.1 200 OK"
2026-04-16 15:42:01,323 - __main__ - INFO - 开始处理文件: 300440-2026-04-16-运达科技-2025年年度报告.pdf
2026-04-16 15:42:01,344 - httpx - INFO - HTTP Request: DELETE https://dashscope.aliyuncs.com/compatible-mode/v1/files/file-fe-1cb6721dff0547abbb9f3dd2 "HTTP/1.1 200 OK"
2026-04-16 15:42:01,344 - __main__ - INFO - 开始处理文件: 300305-2026-04-16-裕兴股份-2025年年度报告.pdf
2026-04-16 15:42:01,795 - httpx - INFO - HTTP Request: POST https://dashscope.aliyuncs.com/compatible-mode/v1/chat/completions "HTTP/1.1 200 OK"
2026-04-16 15:42:01,870 - httpx - INFO - HTTP Request: POST https://dashscope.aliyuncs.com/compatible-mode/v1/chat/completions "HTTP/1.1 200 OK"
2026-04-16 15:42:01,949 - __main___file_only - INFO - 找到持股数据: 002896 2026-04-16 (15条)
2026-04-16 15:42:02,000 - __main___file_only - INFO - 未找到报酬数据: 002896 2026-04-16
2026-04-16 15:42:02,000 - __main__ - INFO - 处理成功: 002896-2026-04-16-中大力德-2025年年度报告.pdf
2026-04-16 15:42:02,000 - __main___file_only - INFO - 文件处理成功: 002896-2026-04-16-中大力德-2025年年度报告.pdf (耗时: 25.93秒)
2026-04-16 15:42:02,013 - __main___file_only - INFO - 找到持股数据: 002344 2026-04-16 (22条)
2026-04-16 15:42:02,058 - __main___file_only - INFO - 未找到报酬数据: 002344 2026-04-16
2026-04-16 15:42:02,059 - __main__ - INFO - 处理成功: 002344-2026-04-16-海宁皮城-2025年年度报告.pdf
2026-04-16 15:42:02,059 - __main___file_only - INFO - 文件处理成功: 002344-2026-04-16-海宁皮城-2025年年度报告.pdf (耗时: 30.22秒)
2026-04-16 15:42:02,635 - httpx - INFO - HTTP Request: DELETE https://dashscope.aliyuncs.com/compatible-mode/v1/files/file-fe-5c93097cfc9f411199d1c67d "HTTP/1.1 200 OK"
2026-04-16 15:42:02,636 - __main__ - INFO - 开始处理文件: 300618-2026-04-16-寒锐钴业-2025年年度报告.pdf
2026-04-16 15:42:02,739 - httpx - INFO - HTTP Request: POST https://dashscope.aliyuncs.com/compatible-mode/v1/chat/completions "HTTP/1.1 200 OK"
2026-04-16 15:42:02,891 - httpx - INFO - HTTP Request: DELETE https://dashscope.aliyuncs.com/compatible-mode/v1/files/file-fe-d1e34eafdc6141b887a43c01 "HTTP/1.1 200 OK"
2026-04-16 15:42:02,892 - __main__ - INFO - 开始处理文件: 300623-2026-04-16-捷捷微电-2025年年度报告.pdf
2026-04-16 15:42:02,923 - __main___file_only - INFO - 找到持股数据: 002823 2026-04-16 (14条)
2026-04-16 15:42:02,976 - __main___file_only - INFO - 未找到报酬数据: 002823 2026-04-16
2026-04-16 15:42:02,976 - __main__ - INFO - 处理成功: 002823-2026-04-16-凯中精密-2025年年度报告.pdf
2026-04-16 15:42:02,976 - __main___file_only - INFO - 文件处理成功: 002823-2026-04-16-凯中精密-2025年年度报告.pdf (耗时: 27.44秒)
2026-04-16 15:42:03,139 - httpx - INFO - HTTP Request: POST https://dashscope.aliyuncs.com/compatible-mode/v1/chat/completions "HTTP/1.1 200 OK"
2026-04-16 15:42:03,273 - __main___file_only - INFO - 找到持股数据: 002001 2026-04-16 (12条)
2026-04-16 15:42:03,288 - httpx - INFO - HTTP Request: POST https://dashscope.aliyuncs.com/compatible-mode/v1/files "HTTP/1.1 200 OK"
2026-04-16 15:42:03,288 - ai_service_enhanced - INFO - 文件上传成功: C:\Users\chenkk\Desktop\新建文件夹 (2)\600089-2026-04-16-特变电工-特变电工股份有限公司2025年年度报告.pdf (文件ID: file-fe-ae78920dc5864f51b596f98d)
2026-04-16 15:42:03,288 - __main___file_only - INFO - 上传文件: 600089-2026-04-16-特变电工-特变电工股份有限公司2025年年度报告.pdf (大小: 0.30 MB, ID: file-fe-ae78920dc5864f51b596f98d)
2026-04-16 15:42:03,322 - __main___file_only - INFO - 未找到报酬数据: 002001 2026-04-16
2026-04-16 15:42:03,322 - __main__ - INFO - 处理成功: 002001-2026-04-16-新和成-2025年年度报告.pdf
2026-04-16 15:42:03,322 - __main___file_only - INFO - 文件处理成功: 002001-2026-04-16-新和成-2025年年度报告.pdf (耗时: 32.80秒)
2026-04-16 15:42:03,426 - httpx - INFO - HTTP Request: POST https://dashscope.aliyuncs.com/compatible-mode/v1/files "HTTP/1.1 200 OK"
2026-04-16 15:42:03,427 - ai_service_enhanced - INFO - 文件上传成功: C:\Users\chenkk\Desktop\新建文件夹 (2)\301373-2026-04-16-凌玮科技-2025年年度报告.pdf (文件ID: file-fe-22e6f351964545e786f8f4e7)
2026-04-16 15:42:03,427 - __main___file_only - INFO - 上传文件: 301373-2026-04-16-凌玮科技-2025年年度报告.pdf (大小: 0.31 MB, ID: file-fe-22e6f351964545e786f8f4e7)
2026-04-16 15:42:03,566 - httpx - INFO - HTTP Request: DELETE https://dashscope.aliyuncs.com/compatible-mode/v1/files/file-fe-04e7d35b863d4b2bbb04f9fb "HTTP/1.1 200 OK"
2026-04-16 15:42:03,567 - __main__ - INFO - 开始处理文件: 300685-2026-04-16-艾德生物-2025年年度报告.pdf
2026-04-16 15:42:03,900 - httpx - INFO - HTTP Request: DELETE https://dashscope.aliyuncs.com/compatible-mode/v1/files/file-fe-927dc0fad64f449cb9e132a4 "HTTP/1.1 200 OK"
2026-04-16 15:42:03,901 - __main__ - INFO - 开始处理文件: 300666-2026-04-16-江丰电子-2025年年度报告.pdf
2026-04-16 15:42:05,373 - httpx - INFO - HTTP Request: POST https://dashscope.aliyuncs.com/compatible-mode/v1/files "HTTP/1.1 200 OK"
2026-04-16 15:42:05,374 - ai_service_enhanced - INFO - 文件上传成功: C:\Users\chenkk\Desktop\新建文件夹 (2)\600283-2026-04-16-钱江水利-钱江水利2025年年度报告.pdf (文件ID: file-fe-b3e99c9717a4420dbe5ba3e8)
2026-04-16 15:42:05,374 - __main___file_only - INFO - 上传文件: 600283-2026-04-16-钱江水利-钱江水利2025年年度报告.pdf (大小: 0.28 MB, ID: file-fe-b3e99c9717a4420dbe5ba3e8)
2026-04-16 15:42:05,460 - httpx - INFO - HTTP Request: POST https://dashscope.aliyuncs.com/compatible-mode/v1/files "HTTP/1.1 200 OK"
2026-04-16 15:42:05,460 - ai_service_enhanced - INFO - 文件上传成功: C:\Users\chenkk\Desktop\新建文件夹 (2)\600371-2026-04-16-万向德农-万向德农股份有限公司2025年年度报告.pdf (文件ID: file-fe-5589a7359a33426c824a7676)
2026-04-16 15:42:05,461 - __main___file_only - INFO - 上传文件: 600371-2026-04-16-万向德农-万向德农股份有限公司2025年年度报告.pdf (大小: 0.57 MB, ID: file-fe-5589a7359a33426c824a7676)
2026-04-16 15:42:07,325 - httpx - INFO - HTTP Request: POST https://dashscope.aliyuncs.com/compatible-mode/v1/chat/completions "HTTP/1.1 200 OK"
2026-04-16 15:42:07,496 - __main___file_only - INFO - 找到持股数据: 003027 2026-04-16 (17条)
2026-04-16 15:42:07,517 - httpx - INFO - HTTP Request: POST https://dashscope.aliyuncs.com/compatible-mode/v1/files "HTTP/1.1 200 OK"
2026-04-16 15:42:07,518 - ai_service_enhanced - INFO - 文件上传成功: C:\Users\chenkk\Desktop\新建文件夹 (2)\600461-2026-04-16-洪城环境-江西洪城环境股份有限公司2025年年度报告.pdf (文件ID: file-fe-a93a7bbc5a284fd59c8ba3e5)
2026-04-16 15:42:07,518 - __main___file_only - INFO - 上传文件: 600461-2026-04-16-洪城环境-江西洪城环境股份有限公司2025年年度报告.pdf (大小: 0.25 MB, ID: file-fe-a93a7bbc5a284fd59c8ba3e5)
2026-04-16 15:42:07,537 - httpx - INFO - HTTP Request: POST https://dashscope.aliyuncs.com/compatible-mode/v1/files "HTTP/1.1 200 OK"
2026-04-16 15:42:07,538 - ai_service_enhanced - INFO - 文件上传成功: C:\Users\chenkk\Desktop\新建文件夹 (2)\600386-2026-04-16-北巴传媒-北京巴士传媒股份有限公司2025年年度报告.pdf (文件ID: file-fe-8a9aa2663b634a6c91baf5c2)
2026-04-16 15:42:07,538 - __main___file_only - INFO - 上传文件: 600386-2026-04-16-北巴传媒-北京巴士传媒股份有限公司2025年年度报告.pdf (大小: 0.27 MB, ID: file-fe-8a9aa2663b634a6c91baf5c2)
2026-04-16 15:42:07,545 - __main___file_only - INFO - 未找到报酬数据: 003027 2026-04-16
2026-04-16 15:42:07,545 - __main__ - INFO - 处理成功: 003027-2026-04-16-同兴科技-2025年年度报告.pdf
2026-04-16 15:42:07,545 - __main___file_only - INFO - 文件处理成功: 003027-2026-04-16-同兴科技-2025年年度报告.pdf (耗时: 27.25秒)
2026-04-16 15:42:08,225 - httpx - INFO - HTTP Request: DELETE https://dashscope.aliyuncs.com/compatible-mode/v1/files/file-fe-3c334bb2fb294b37a63db8c4 "HTTP/1.1 200 OK"
2026-04-16 15:42:08,226 - __main__ - INFO - 开始处理文件: 300717-2026-04-16-华信新材-2025年年度报告.pdf
2026-04-16 15:42:08,262 - httpx - INFO - HTTP Request: POST https://dashscope.aliyuncs.com/compatible-mode/v1/chat/completions "HTTP/1.1 200 OK"
2026-04-16 15:42:08,294 - httpx - INFO - HTTP Request: POST https://dashscope.aliyuncs.com/compatible-mode/v1/chat/completions "HTTP/1.1 200 OK"
2026-04-16 15:42:08,447 - __main___file_only - INFO - 找到持股数据: 002762 2026-04-16 (13条)
2026-04-16 15:42:08,496 - __main___file_only - INFO - 找到持股数据: 300058 2026-04-16 (11条)
2026-04-16 15:42:08,529 - __main___file_only - INFO - 未找到报酬数据: 002762 2026-04-16
2026-04-16 15:42:08,530 - __main__ - INFO - 处理成功: 002762-2026-04-16-ST金比-2025年年度报告.pdf
2026-04-16 15:42:08,530 - __main___file_only - INFO - 文件处理成功: 002762-2026-04-16-ST金比-2025年年度报告.pdf (耗时: 34.05秒)
2026-04-16 15:42:08,545 - __main___file_only - INFO - 未找到报酬数据: 300058 2026-04-16
2026-04-16 15:42:08,545 - __main__ - INFO - 处理成功: 300058-2026-04-16-蓝色光标-2025年年度报告.pdf
2026-04-16 15:42:08,545 - __main___file_only - INFO - 文件处理成功: 300058-2026-04-16-蓝色光标-2025年年度报告.pdf (耗时: 28.51秒)
2026-04-16 15:42:09,167 - httpx - INFO - HTTP Request: DELETE https://dashscope.aliyuncs.com/compatible-mode/v1/files/file-fe-1fa1f5abf0b446c080b895b5 "HTTP/1.1 200 OK"
2026-04-16 15:42:09,168 - __main__ - INFO - 开始处理文件: 300732-2026-04-16-设研院-2025年年度报告.pdf
2026-04-16 15:42:09,281 - httpx - INFO - HTTP Request: DELETE https://dashscope.aliyuncs.com/compatible-mode/v1/files/file-fe-c5c1069f434b43e5aae31e3d "HTTP/1.1 200 OK"
2026-04-16 15:42:09,282 - __main__ - INFO - 开始处理文件: 300918-2026-04-16-南山智尚-2025年年度报告.pdf
2026-04-16 15:42:09,621 - httpx - INFO - HTTP Request: POST https://dashscope.aliyuncs.com/compatible-mode/v1/files "HTTP/1.1 200 OK"
2026-04-16 15:42:09,622 - ai_service_enhanced - INFO - 文件上传成功: C:\Users\chenkk\Desktop\新建文件夹 (2)\600666-2026-04-16-奥瑞德-奥瑞德2025年年度报告.pdf (文件ID: file-fe-80cc8f0056e64c9694fd2c82)
2026-04-16 15:42:09,622 - __main___file_only - INFO - 上传文件: 600666-2026-04-16-奥瑞德-奥瑞德2025年年度报告.pdf (大小: 0.27 MB, ID: file-fe-80cc8f0056e64c9694fd2c82)
2026-04-16 15:42:09,725 - httpx - INFO - HTTP Request: POST https://dashscope.aliyuncs.com/compatible-mode/v1/files "HTTP/1.1 200 OK"
2026-04-16 15:42:09,726 - ai_service_enhanced - INFO - 文件上传成功: C:\Users\chenkk\Desktop\新建文件夹 (2)\600707-2026-04-16-彩虹股份-彩虹股份2025年年度报告.pdf (文件ID: file-fe-238ffa044ff0488ead6b2f86)
2026-04-16 15:42:09,726 - __main___file_only - INFO - 上传文件: 600707-2026-04-16-彩虹股份-彩虹股份2025年年度报告.pdf (大小: 0.35 MB, ID: file-fe-238ffa044ff0488ead6b2f86)
2026-04-16 15:42:10,081 - httpx - INFO - HTTP Request: POST https://dashscope.aliyuncs.com/compatible-mode/v1/chat/completions "HTTP/1.1 200 OK"
2026-04-16 15:42:10,238 - __main___file_only - INFO - 找到持股数据: 002180 2026-04-15 (15条)
2026-04-16 15:42:10,296 - __main___file_only - INFO - 找到报酬数据: 002180 2026-04-15
2026-04-16 15:42:10,297 - __main__ - INFO - 处理成功: 002180-2026-04-15-纳思达-2025年年度报告.pdf
2026-04-16 15:42:10,297 - __main___file_only - INFO - 文件处理成功: 002180-2026-04-15-纳思达-2025年年度报告.pdf (耗时: 38.99秒)
2026-04-16 15:42:11,022 - httpx - INFO - HTTP Request: DELETE https://dashscope.aliyuncs.com/compatible-mode/v1/files/file-fe-a4a83e4653c24951aac10ba6 "HTTP/1.1 200 OK"
2026-04-16 15:42:11,022 - __main__ - INFO - 开始处理文件: 300886-2026-04-16-华业香料-2025年年度报告.pdf
2026-04-16 15:42:11,772 - httpx - INFO - HTTP Request: POST https://dashscope.aliyuncs.com/compatible-mode/v1/files "HTTP/1.1 200 OK"
2026-04-16 15:42:11,772 - ai_service_enhanced - INFO - 文件上传成功: C:\Users\chenkk\Desktop\新建文件夹 (2)\600757-2026-04-16-长江传媒-长江传媒2025年年度报告.pdf (文件ID: file-fe-cb46081f12f247be9afc6dc9)
2026-04-16 15:42:11,772 - __main___file_only - INFO - 上传文件: 600757-2026-04-16-长江传媒-长江传媒2025年年度报告.pdf (大小: 0.28 MB, ID: file-fe-cb46081f12f247be9afc6dc9)
2026-04-16 15:42:11,809 - httpx - INFO - HTTP Request: POST https://dashscope.aliyuncs.com/compatible-mode/v1/files "HTTP/1.1 200 OK"
2026-04-16 15:42:11,809 - ai_service_enhanced - INFO - 文件上传成功: C:\Users\chenkk\Desktop\新建文件夹 (2)\600854-2026-04-16-春兰股份-600854_春兰股份_2025年_年度报告.pdf (文件ID: file-fe-9ee120caa21d450a8d0b8ce5)
2026-04-16 15:42:11,810 - __main___file_only - INFO - 上传文件: 600854-2026-04-16-春兰股份-600854_春兰股份_2025年_年度报告.pdf (大小: 0.25 MB, ID: file-fe-9ee120caa21d450a8d0b8ce5)
2026-04-16 15:42:13,580 - httpx - INFO - HTTP Request: POST https://dashscope.aliyuncs.com/compatible-mode/v1/chat/completions "HTTP/1.1 200 OK"
2026-04-16 15:42:13,765 - __main___file_only - INFO - 找到持股数据: 300075 2026-04-16 (9条)
2026-04-16 15:42:13,865 - __main___file_only - INFO - 未找到报酬数据: 300075 2026-04-16
2026-04-16 15:42:13,865 - __main__ - INFO - 处理成功: 300075-2026-04-16-数字政通-2025年年度报告.pdf
2026-04-16 15:42:13,865 - __main___file_only - INFO - 文件处理成功: 300075-2026-04-16-数字政通-2025年年度报告.pdf (耗时: 31.72秒)
2026-04-16 15:42:13,912 - httpx - INFO - HTTP Request: POST https://dashscope.aliyuncs.com/compatible-mode/v1/files "HTTP/1.1 200 OK"
2026-04-16 15:42:13,913 - ai_service_enhanced - INFO - 文件上传成功: C:\Users\chenkk\Desktop\新建文件夹 (2)\601339-2026-04-16-百隆东方-百隆东方2025年度报告.pdf (文件ID: file-fe-ede1eaeecc6b459a96c415c9)
2026-04-16 15:42:13,913 - __main___file_only - INFO - 上传文件: 601339-2026-04-16-百隆东方-百隆东方2025年度报告.pdf (大小: 0.27 MB, ID: file-fe-ede1eaeecc6b459a96c415c9)
2026-04-16 15:42:13,950 - httpx - INFO - HTTP Request: POST https://dashscope.aliyuncs.com/compatible-mode/v1/files "HTTP/1.1 200 OK"
2026-04-16 15:42:13,950 - ai_service_enhanced - INFO - 文件上传成功: C:\Users\chenkk\Desktop\新建文件夹 (2)\600935-2026-04-16-华塑股份-安徽华塑股份有限公司2025年年度报告.pdf (文件ID: file-fe-bbb75e0f51074896bc33c547)
2026-04-16 15:42:13,950 - __main___file_only - INFO - 上传文件: 600935-2026-04-16-华塑股份-安徽华塑股份有限公司2025年年度报告.pdf (大小: 0.29 MB, ID: file-fe-bbb75e0f51074896bc33c547)
2026-04-16 15:42:14,354 - httpx - INFO - HTTP Request: POST https://dashscope.aliyuncs.com/compatible-mode/v1/chat/completions "HTTP/1.1 200 OK"
2026-04-16 15:42:14,501 - httpx - INFO - HTTP Request: DELETE https://dashscope.aliyuncs.com/compatible-mode/v1/files/file-fe-dc1071ac270940d1baa0d1cd "HTTP/1.1 200 OK"
2026-04-16 15:42:14,502 - __main__ - INFO - 开始处理文件: 301128-2026-04-16-强瑞技术-2025年年度报告.pdf
2026-04-16 15:42:14,540 - __main___file_only - INFO - 找到持股数据: 300174 2026-04-16 (11条)
2026-04-16 15:42:14,666 - __main___file_only - INFO - 未找到报酬数据: 300174 2026-04-16
2026-04-16 15:42:14,666 - __main__ - INFO - 处理成功: 300174-2026-04-16-元力股份-2025年年度报告.pdf
2026-04-16 15:42:14,666 - __main___file_only - INFO - 文件处理成功: 300174-2026-04-16-元力股份-2025年年度报告.pdf (耗时: 32.26秒)
2026-04-16 15:42:15,323 - httpx - INFO - HTTP Request: DELETE https://dashscope.aliyuncs.com/compatible-mode/v1/files/file-fe-a1fd1a192072476692212549 "HTTP/1.1 200 OK"
2026-04-16 15:42:15,323 - __main__ - INFO - 开始处理文件: 300967-2026-04-16-晓鸣股份-2025年年度报告.pdf
2026-04-16 15:42:16,057 - httpx - INFO - HTTP Request: POST https://dashscope.aliyuncs.com/compatible-mode/v1/files "HTTP/1.1 200 OK"
2026-04-16 15:42:16,058 - ai_service_enhanced - INFO - 文件上传成功: C:\Users\chenkk\Desktop\新建文件夹 (2)\601877-2026-04-16-正泰电器-正泰电器2025年年度报告.pdf (文件ID: file-fe-ba7d663a518e435cae8ea7e8)
2026-04-16 15:42:16,058 - __main___file_only - INFO - 上传文件: 601877-2026-04-16-正泰电器-正泰电器2025年年度报告.pdf (大小: 0.33 MB, ID: file-fe-ba7d663a518e435cae8ea7e8)
2026-04-16 15:42:16,253 - httpx - INFO - HTTP Request: POST https://dashscope.aliyuncs.com/compatible-mode/v1/files "HTTP/1.1 200 OK"
2026-04-16 15:42:16,253 - ai_service_enhanced - INFO - 文件上传成功: C:\Users\chenkk\Desktop\新建文件夹 (2)\603075-2026-04-16-热威股份-2025年年度报告.pdf (文件ID: file-fe-f64c3f54413147e79cb60d35)
2026-04-16 15:42:16,254 - __main___file_only - INFO - 上传文件: 603075-2026-04-16-热威股份-2025年年度报告.pdf (大小: 0.27 MB, ID: file-fe-f64c3f54413147e79cb60d35)
2026-04-16 15:42:17,063 - httpx - INFO - HTTP Request: POST https://dashscope.aliyuncs.com/compatible-mode/v1/chat/completions "HTTP/1.1 200 OK"
2026-04-16 15:42:17,263 - __main___file_only - INFO - 找到持股数据: 002971 2026-04-16 (16条)
2026-04-16 15:42:17,324 - __main___file_only - INFO - 找到报酬数据: 002971 2026-04-16
2026-04-16 15:42:17,325 - __main__ - INFO - 处理成功: 002971-2026-04-16-和远气体-2025年年度报告.pdf
2026-04-16 15:42:17,325 - __main___file_only - INFO - 文件处理成功: 002971-2026-04-16-和远气体-2025年年度报告.pdf (耗时: 38.87秒)
2026-04-16 15:42:17,940 - httpx - INFO - HTTP Request: DELETE https://dashscope.aliyuncs.com/compatible-mode/v1/files/file-fe-bdb437581dfb4d67a32e2ae0 "HTTP/1.1 200 OK"
2026-04-16 15:42:17,940 - __main__ - INFO - 开始处理文件: 301281-2026-04-16-科源制药-2025年年度报告.pdf
2026-04-16 15:42:18,286 - httpx - INFO - HTTP Request: POST https://dashscope.aliyuncs.com/compatible-mode/v1/files "HTTP/1.1 200 OK"
2026-04-16 15:42:18,287 - ai_service_enhanced - INFO - 文件上传成功: C:\Users\chenkk\Desktop\新建文件夹 (2)\603129-2026-04-16-春风动力-春风动力2025年年度报告.pdf (文件ID: file-fe-a8bb751162f34942968c8175)
2026-04-16 15:42:18,288 - __main___file_only - INFO - 上传文件: 603129-2026-04-16-春风动力-春风动力2025年年度报告.pdf (大小: 0.31 MB, ID: file-fe-a8bb751162f34942968c8175)
2026-04-16 15:42:18,345 - httpx - INFO - HTTP Request: POST https://dashscope.aliyuncs.com/compatible-mode/v1/files "HTTP/1.1 200 OK"
2026-04-16 15:42:18,346 - ai_service_enhanced - INFO - 文件上传成功: C:\Users\chenkk\Desktop\新建文件夹 (2)\603102-2026-04-16-百合股份-威海百合生物技术股份有限公司2025年年度报告.pdf (文件ID: file-fe-4d04bf3a5731470698d5974b)
2026-04-16 15:42:18,346 - __main___file_only - INFO - 上传文件: 603102-2026-04-16-百合股份-威海百合生物技术股份有限公司2025年年度报告.pdf (大小: 0.31 MB, ID: file-fe-4d04bf3a5731470698d5974b)
2026-04-16 15:42:19,206 - httpx - INFO - HTTP Request: POST https://dashscope.aliyuncs.com/compatible-mode/v1/chat/completions "HTTP/1.1 200 OK"
2026-04-16 15:42:19,420 - __main___file_only - INFO - 找到持股数据: 300281 2026-04-16 (11条)
2026-04-16 15:42:19,490 - __main___file_only - INFO - 未找到报酬数据: 300281 2026-04-16
2026-04-16 15:42:19,491 - __main__ - INFO - 处理成功: 300281-2026-04-16-金明精机-2025年年度报告.pdf
2026-04-16 15:42:19,491 - __main___file_only - INFO - 文件处理成功: 300281-2026-04-16-金明精机-2025年年度报告.pdf (耗时: 18.58秒)
2026-04-16 15:42:20,079 - httpx - INFO - HTTP Request: DELETE https://dashscope.aliyuncs.com/compatible-mode/v1/files/file-fe-39fd60c10c0c488da938fc34 "HTTP/1.1 200 OK"
2026-04-16 15:42:20,079 - __main__ - INFO - 开始处理文件: 301283-2026-04-16-聚胶股份-2025年年度报告.pdf
2026-04-16 15:42:20,364 - httpx - INFO - HTTP Request: POST https://dashscope.aliyuncs.com/compatible-mode/v1/files "HTTP/1.1 200 OK"
2026-04-16 15:42:20,364 - ai_service_enhanced - INFO - 文件上传成功: C:\Users\chenkk\Desktop\新建文件夹 (2)\603355-2026-04-16-莱克电气-莱克电气2025年年度报告.pdf (文件ID: file-fe-7afddea97681492693dfcd22)
2026-04-16 15:42:20,365 - __main___file_only - INFO - 上传文件: 603355-2026-04-16-莱克电气-莱克电气2025年年度报告.pdf (大小: 0.29 MB, ID: file-fe-7afddea97681492693dfcd22)
2026-04-16 15:42:20,385 - httpx - INFO - HTTP Request: POST https://dashscope.aliyuncs.com/compatible-mode/v1/files "HTTP/1.1 200 OK"
2026-04-16 15:42:20,386 - ai_service_enhanced - INFO - 文件上传成功: C:\Users\chenkk\Desktop\新建文件夹 (2)\603213-2026-04-16-镇洋发展-浙江镇洋发展股份有限公司2025年年度报告.pdf (文件ID: file-fe-f26dfcc62b654d9cbd76218c)
2026-04-16 15:42:20,386 - __main___file_only - INFO - 上传文件: 603213-2026-04-16-镇洋发展-浙江镇洋发展股份有限公司2025年年度报告.pdf (大小: 0.29 MB, ID: file-fe-f26dfcc62b654d9cbd76218c)
2026-04-16 15:42:21,862 - httpx - INFO - HTTP Request: POST https://dashscope.aliyuncs.com/compatible-mode/v1/chat/completions "HTTP/1.1 200 OK"
2026-04-16 15:42:22,001 - __main___file_only - INFO - 找到持股数据: 300296 2026-04-16 (9条)
2026-04-16 15:42:22,034 - httpx - INFO - HTTP Request: POST https://dashscope.aliyuncs.com/compatible-mode/v1/chat/completions "HTTP/1.1 200 OK"
2026-04-16 15:42:22,076 - __main___file_only - INFO - 未找到报酬数据: 300296 2026-04-16
2026-04-16 15:42:22,077 - __main__ - INFO - 处理成功: 300296-2026-04-16-利亚德-2025年年度报告.pdf
2026-04-16 15:42:22,077 - __main___file_only - INFO - 文件处理成功: 300296-2026-04-16-利亚德-2025年年度报告.pdf (耗时: 22.35秒)
2026-04-16 15:42:22,258 - __main___file_only - INFO - 找到持股数据: 002407 2026-04-16 (20条)
2026-04-16 15:42:22,351 - __main___file_only - INFO - 未找到报酬数据: 002407 2026-04-16
2026-04-16 15:42:22,352 - __main__ - INFO - 处理成功: 002407-2026-04-16-多氟多-2025年年度报告.pdf
2026-04-16 15:42:22,353 - __main___file_only - INFO - 文件处理成功: 002407-2026-04-16-多氟多-2025年年度报告.pdf (耗时: 49.99秒)
2026-04-16 15:42:22,424 - httpx - INFO - HTTP Request: POST https://dashscope.aliyuncs.com/compatible-mode/v1/files "HTTP/1.1 200 OK"
2026-04-16 15:42:22,425 - ai_service_enhanced - INFO - 文件上传成功: C:\Users\chenkk\Desktop\新建文件夹 (2)\603536-2026-04-16-惠发食品-惠发食品2025年年度报告.pdf (文件ID: file-fe-f1b6636acf3049de884214bb)
2026-04-16 15:42:22,425 - __main___file_only - INFO - 上传文件: 603536-2026-04-16-惠发食品-惠发食品2025年年度报告.pdf (大小: 0.28 MB, ID: file-fe-f1b6636acf3049de884214bb)
2026-04-16 15:42:22,463 - httpx - INFO - HTTP Request: POST https://dashscope.aliyuncs.com/compatible-mode/v1/files "HTTP/1.1 200 OK"
2026-04-16 15:42:22,464 - ai_service_enhanced - INFO - 文件上传成功: C:\Users\chenkk\Desktop\新建文件夹 (2)\603383-2026-04-16-顶点软件-顶点软件2025年年度报告.pdf (文件ID: file-fe-86b388b289ca4df799abcb5c)
2026-04-16 15:42:22,464 - __main___file_only - INFO - 上传文件: 603383-2026-04-16-顶点软件-顶点软件2025年年度报告.pdf (大小: 0.25 MB, ID: file-fe-86b388b289ca4df799abcb5c)
2026-04-16 15:42:22,752 - httpx - INFO - HTTP Request: DELETE https://dashscope.aliyuncs.com/compatible-mode/v1/files/file-fe-098515a281bd420e8009c3d9 "HTTP/1.1 200 OK"
2026-04-16 15:42:22,753 - __main__ - INFO - 开始处理文件: 301286-2026-04-16-侨源股份-2025年年度报告.pdf
2026-04-16 15:42:22,944 - httpx - INFO - HTTP Request: DELETE https://dashscope.aliyuncs.com/compatible-mode/v1/files/file-fe-197f43357fed471ca75465b7 "HTTP/1.1 200 OK"
2026-04-16 15:42:22,945 - __main__ - INFO - 开始处理文件: 301366-2026-04-16-一博科技-2025年年度报告.pdf
2026-04-16 15:42:24,608 - httpx - INFO - HTTP Request: POST https://dashscope.aliyuncs.com/compatible-mode/v1/files "HTTP/1.1 200 OK"
2026-04-16 15:42:24,609 - ai_service_enhanced - INFO - 文件上传成功: C:\Users\chenkk\Desktop\新建文件夹 (2)\603938-2026-04-16-三孚股份-2025年年度报告.pdf (文件ID: file-fe-77cc4ee732414b798da59ab3)
2026-04-16 15:42:24,609 - __main___file_only - INFO - 上传文件: 603938-2026-04-16-三孚股份-2025年年度报告.pdf (大小: 0.26 MB, ID: file-fe-77cc4ee732414b798da59ab3)
2026-04-16 15:42:24,623 - httpx - INFO - HTTP Request: POST https://dashscope.aliyuncs.com/compatible-mode/v1/files "HTTP/1.1 200 OK"
2026-04-16 15:42:24,624 - ai_service_enhanced - INFO - 文件上传成功: C:\Users\chenkk\Desktop\新建文件夹 (2)\603916-2026-04-16-苏博特-2025年年度报告.pdf (文件ID: file-fe-8c0892390fe840309fa034a8)
2026-04-16 15:42:24,624 - __main___file_only - INFO - 上传文件: 603916-2026-04-16-苏博特-2025年年度报告.pdf (大小: 0.27 MB, ID: file-fe-8c0892390fe840309fa034a8)
2026-04-16 15:42:25,498 - httpx - INFO - HTTP Request: POST https://dashscope.aliyuncs.com/compatible-mode/v1/chat/completions "HTTP/1.1 200 OK"
2026-04-16 15:42:25,705 - __main___file_only - INFO - 找到持股数据: 300618 2026-04-16 (9条)
2026-04-16 15:42:25,791 - __main___file_only - INFO - 找到报酬数据: 300618 2026-04-16
2026-04-16 15:42:25,791 - __main__ - INFO - 处理成功: 300618-2026-04-16-寒锐钴业-2025年年度报告.pdf
2026-04-16 15:42:25,791 - __main___file_only - INFO - 文件处理成功: 300618-2026-04-16-寒锐钴业-2025年年度报告.pdf (耗时: 23.16秒)
2026-04-16 15:42:26,436 - httpx - INFO - HTTP Request: DELETE https://dashscope.aliyuncs.com/compatible-mode/v1/files/file-fe-3201192b1a1b4d0ea4801584 "HTTP/1.1 200 OK"
2026-04-16 15:42:26,436 - __main__ - INFO - 开始处理文件: 600089-2026-04-16-特变电工-特变电工股份有限公司2025年年度报告.pdf
2026-04-16 15:42:26,524 - httpx - INFO - HTTP Request: POST https://dashscope.aliyuncs.com/compatible-mode/v1/chat/completions "HTTP/1.1 200 OK"
2026-04-16 15:42:26,720 - __main___file_only - INFO - 找到持股数据: 300623 2026-04-16 (14条)
2026-04-16 15:42:26,789 - httpx - INFO - HTTP Request: POST https://dashscope.aliyuncs.com/compatible-mode/v1/files "HTTP/1.1 200 OK"
2026-04-16 15:42:26,790 - httpx - INFO - HTTP Request: POST https://dashscope.aliyuncs.com/compatible-mode/v1/files "HTTP/1.1 200 OK"
2026-04-16 15:42:26,791 - ai_service_enhanced - INFO - 文件上传成功: C:\Users\chenkk\Desktop\新建文件夹 (2)\605058-2026-04-16-澳弘电子-澳弘电子2025年年度报告.pdf (文件ID: file-fe-320f0b05c74d441cabe81721)
2026-04-16 15:42:26,791 - ai_service_enhanced - INFO - 文件上传成功: C:\Users\chenkk\Desktop\新建文件夹 (2)\603977-2026-04-16-国泰集团-江西国泰集团股份有限公司2025年年度报告.pdf (文件ID: file-fe-1e7c5cbc0dfe467d8d6443d1)
2026-04-16 15:42:26,791 - __main___file_only - INFO - 上传文件: 603977-2026-04-16-国泰集团-江西国泰集团股份有限公司2025年年度报告.pdf (大小: 0.28 MB, ID: file-fe-1e7c5cbc0dfe467d8d6443d1)
2026-04-16 15:42:26,791 - __main___file_only - INFO - 上传文件: 605058-2026-04-16-澳弘电子-澳弘电子2025年年度报告.pdf (大小: 0.28 MB, ID: file-fe-320f0b05c74d441cabe81721)
2026-04-16 15:42:26,858 - __main___file_only - INFO - 找到报酬数据: 300623 2026-04-16
2026-04-16 15:42:26,858 - __main__ - INFO - 处理成功: 300623-2026-04-16-捷捷微电-2025年年度报告.pdf
2026-04-16 15:42:26,858 - __main___file_only - INFO - 文件处理成功: 300623-2026-04-16-捷捷微电-2025年年度报告.pdf (耗时: 23.97秒)
2026-04-16 15:42:26,927 - httpx - INFO - HTTP Request: POST https://dashscope.aliyuncs.com/compatible-mode/v1/chat/completions "HTTP/1.1 200 OK"
2026-04-16 15:42:27,146 - __main___file_only - INFO - 找到持股数据: 300305 2026-04-16 (11条)
2026-04-16 15:42:27,269 - __main___file_only - INFO - 未找到报酬数据: 300305 2026-04-16
2026-04-16 15:42:27,270 - __main__ - INFO - 处理成功: 300305-2026-04-16-裕兴股份-2025年年度报告.pdf
2026-04-16 15:42:27,270 - __main___file_only - INFO - 文件处理成功: 300305-2026-04-16-裕兴股份-2025年年度报告.pdf (耗时: 25.93秒)
2026-04-16 15:42:27,613 - httpx - INFO - HTTP Request: DELETE https://dashscope.aliyuncs.com/compatible-mode/v1/files/file-fe-439a44ab11b4487c9f2be0a0 "HTTP/1.1 200 OK"
2026-04-16 15:42:27,614 - __main__ - INFO - 开始处理文件: 301373-2026-04-16-凌玮科技-2025年年度报告.pdf
2026-04-16 15:42:27,956 - httpx - INFO - HTTP Request: DELETE https://dashscope.aliyuncs.com/compatible-mode/v1/files/file-fe-e5c8801582d14f03b6632558 "HTTP/1.1 200 OK"
2026-04-16 15:42:27,957 - __main__ - INFO - 开始处理文件: 600283-2026-04-16-钱江水利-钱江水利2025年年度报告.pdf
2026-04-16 15:42:28,024 - httpx - INFO - HTTP Request: POST https://dashscope.aliyuncs.com/compatible-mode/v1/chat/completions "HTTP/1.1 200 OK"
2026-04-16 15:42:28,254 - __main___file_only - INFO - 找到持股数据: 300918 2026-04-16 (11条)
2026-04-16 15:42:28,316 - __main___file_only - INFO - 未找到报酬数据: 300918 2026-04-16
2026-04-16 15:42:28,317 - __main__ - INFO - 处理成功: 300918-2026-04-16-南山智尚-2025年年度报告.pdf
2026-04-16 15:42:28,317 - __main___file_only - INFO - 文件处理成功: 300918-2026-04-16-南山智尚-2025年年度报告.pdf (耗时: 19.04秒)
2026-04-16 15:42:28,872 - httpx - INFO - HTTP Request: POST https://dashscope.aliyuncs.com/compatible-mode/v1/files "HTTP/1.1 200 OK"
2026-04-16 15:42:28,873 - ai_service_enhanced - INFO - 文件上传成功: C:\Users\chenkk\Desktop\新建文件夹 (2)\605166-2026-04-16-聚合顺-聚合顺新材料股份有限公司2025年年度报告.pdf (文件ID: file-fe-9c0bf7bf7e904223bbcda321)
2026-04-16 15:42:28,873 - __main___file_only - INFO - 上传文件: 605166-2026-04-16-聚合顺-聚合顺新材料股份有限公司2025年年度报告.pdf (大小: 0.30 MB, ID: file-fe-9c0bf7bf7e904223bbcda321)
2026-04-16 15:42:28,897 - httpx - INFO - HTTP Request: POST https://dashscope.aliyuncs.com/compatible-mode/v1/files "HTTP/1.1 200 OK"
2026-04-16 15:42:28,897 - ai_service_enhanced - INFO - 文件上传成功: C:\Users\chenkk\Desktop\新建文件夹 (2)\605580-2026-04-16-恒盛能源-恒盛能源股份有限公司2025年年度报告全文.pdf (文件ID: file-fe-8fe6e6fdc4de4ded9b7707b0)
2026-04-16 15:42:28,898 - __main___file_only - INFO - 上传文件: 605580-2026-04-16-恒盛能源-恒盛能源股份有限公司2025年年度报告全文.pdf (大小: 0.27 MB, ID: file-fe-8fe6e6fdc4de4ded9b7707b0)
2026-04-16 15:42:28,974 - httpx - INFO - HTTP Request: DELETE https://dashscope.aliyuncs.com/compatible-mode/v1/files/file-fe-4dc36eca556049868885f37c "HTTP/1.1 200 OK"
2026-04-16 15:42:28,974 - __main__ - INFO - 开始处理文件: 600371-2026-04-16-万向德农-万向德农股份有限公司2025年年度报告.pdf
2026-04-16 15:42:31,022 - httpx - INFO - HTTP Request: POST https://dashscope.aliyuncs.com/compatible-mode/v1/files "HTTP/1.1 200 OK"
2026-04-16 15:42:31,023 - ai_service_enhanced - INFO - 文件上传成功: C:\Users\chenkk\Desktop\新建文件夹 (2)\688206-2026-04-16-概伦电子-2025年年度报告.pdf (文件ID: file-fe-745282fd25a246a2aa8c4883)
2026-04-16 15:42:31,023 - __main___file_only - INFO - 上传文件: 688206-2026-04-16-概伦电子-2025年年度报告.pdf (大小: 0.31 MB, ID: file-fe-745282fd25a246a2aa8c4883)
2026-04-16 15:42:31,075 - httpx - INFO - HTTP Request: POST https://dashscope.aliyuncs.com/compatible-mode/v1/files "HTTP/1.1 200 OK"
2026-04-16 15:42:31,075 - ai_service_enhanced - INFO - 文件上传成功: C:\Users\chenkk\Desktop\新建文件夹 (2)\688019-2026-04-16-安集科技-2025年年度报告.pdf (文件ID: file-fe-579d963bbfe54deb98d85726)
2026-04-16 15:42:31,076 - __main___file_only - INFO - 上传文件: 688019-2026-04-16-安集科技-2025年年度报告.pdf (大小: 0.29 MB, ID: file-fe-579d963bbfe54deb98d85726)
2026-04-16 15:42:31,850 - httpx - INFO - HTTP Request: POST https://dashscope.aliyuncs.com/compatible-mode/v1/chat/completions "HTTP/1.1 200 OK"
2026-04-16 15:42:31,991 - __main___file_only - INFO - 找到持股数据: 300685 2026-04-16 (12条)
2026-04-16 15:42:32,051 - __main___file_only - INFO - 未找到报酬数据: 300685 2026-04-16
2026-04-16 15:42:32,051 - __main__ - INFO - 处理成功: 300685-2026-04-16-艾德生物-2025年年度报告.pdf
2026-04-16 15:42:32,051 - __main___file_only - INFO - 文件处理成功: 300685-2026-04-16-艾德生物-2025年年度报告.pdf (耗时: 28.48秒)
2026-04-16 15:42:32,826 - httpx - INFO - HTTP Request: DELETE https://dashscope.aliyuncs.com/compatible-mode/v1/files/file-fe-f9df4b085de24ba6a68fcb96 "HTTP/1.1 200 OK"
2026-04-16 15:42:32,826 - __main__ - INFO - 开始处理文件: 600461-2026-04-16-洪城环境-江西洪城环境股份有限公司2025年年度报告.pdf
2026-04-16 15:42:33,179 - httpx - INFO - HTTP Request: POST https://dashscope.aliyuncs.com/compatible-mode/v1/files "HTTP/1.1 200 OK"
2026-04-16 15:42:33,180 - ai_service_enhanced - INFO - 文件上传成功: C:\Users\chenkk\Desktop\新建文件夹 (2)\688273-2026-04-16-麦澜德-2025年年度报告.pdf (文件ID: file-fe-0f69828e07a94647af011a08)
2026-04-16 15:42:33,180 - __main___file_only - INFO - 上传文件: 688273-2026-04-16-麦澜德-2025年年度报告.pdf (大小: 0.31 MB, ID: file-fe-0f69828e07a94647af011a08)
2026-04-16 15:42:33,188 - httpx - INFO - HTTP Request: POST https://dashscope.aliyuncs.com/compatible-mode/v1/files "HTTP/1.1 200 OK"
2026-04-16 15:42:33,188 - ai_service_enhanced - INFO - 文件上传成功: C:\Users\chenkk\Desktop\新建文件夹 (2)\688499-2026-04-16-利元亨-广东利元亨智能装备股份有限公司2025年年度报告.pdf (文件ID: file-fe-e33492f0a22f47ae946b329b)
2026-04-16 15:42:33,189 - __main___file_only - INFO - 上传文件: 688499-2026-04-16-利元亨-广东利元亨智能装备股份有限公司2025年年度报告.pdf (大小: 0.33 MB, ID: file-fe-e33492f0a22f47ae946b329b)
2026-04-16 15:42:35,251 - httpx - INFO - HTTP Request: POST https://dashscope.aliyuncs.com/compatible-mode/v1/files "HTTP/1.1 200 OK"
2026-04-16 15:42:35,252 - ai_service_enhanced - INFO - 文件上传成功: C:\Users\chenkk\Desktop\新建文件夹 (2)\688681-2026-04-16-科汇股份-2025年年度报告.pdf (文件ID: file-fe-848fb132569142c78e297458)
2026-04-16 15:42:35,252 - __main___file_only - INFO - 上传文件: 688681-2026-04-16-科汇股份-2025年年度报告.pdf (大小: 0.58 MB, ID: file-fe-848fb132569142c78e297458)
2026-04-16 15:42:35,328 - httpx - INFO - HTTP Request: POST https://dashscope.aliyuncs.com/compatible-mode/v1/files "HTTP/1.1 200 OK"
2026-04-16 15:42:35,329 - ai_service_enhanced - INFO - 文件上传成功: C:\Users\chenkk\Desktop\新建文件夹 (2)\688612-2026-04-16-威迈斯-2025年年度报告.pdf (文件ID: file-fe-90990a300ff44eb89f967953)
2026-04-16 15:42:35,329 - __main___file_only - INFO - 上传文件: 688612-2026-04-16-威迈斯-2025年年度报告.pdf (大小: 0.30 MB, ID: file-fe-90990a300ff44eb89f967953)
2026-04-16 15:42:37,387 - httpx - INFO - HTTP Request: POST https://dashscope.aliyuncs.com/compatible-mode/v1/files "HTTP/1.1 200 OK"
2026-04-16 15:42:37,388 - ai_service_enhanced - INFO - 文件上传成功: C:\Users\chenkk\Desktop\新建文件夹 (2)\688690-2026-04-16-纳微科技-苏州纳微科技股份有限公司2025年年度报告.pdf (文件ID: file-fe-411b9703ae5649da97492b8f)
2026-04-16 15:42:37,388 - __main___file_only - INFO - 上传文件: 688690-2026-04-16-纳微科技-苏州纳微科技股份有限公司2025年年度报告.pdf (大小: 0.33 MB, ID: file-fe-411b9703ae5649da97492b8f)
2026-04-16 15:42:37,395 - httpx - INFO - HTTP Request: POST https://dashscope.aliyuncs.com/compatible-mode/v1/files "HTTP/1.1 200 OK"
2026-04-16 15:42:37,396 - ai_service_enhanced - INFO - 文件上传成功: C:\Users\chenkk\Desktop\新建文件夹 (2)\688698-2026-04-16-伟创电气-2025年年度报告.pdf (文件ID: file-fe-f54becc5cdc8441ebe4e1557)
2026-04-16 15:42:37,396 - __main___file_only - INFO - 上传文件: 688698-2026-04-16-伟创电气-2025年年度报告.pdf (大小: 0.32 MB, ID: file-fe-f54becc5cdc8441ebe4e1557)
2026-04-16 15:42:37,463 - httpx - INFO - HTTP Request: POST https://dashscope.aliyuncs.com/compatible-mode/v1/chat/completions "HTTP/1.1 200 OK"
2026-04-16 15:42:37,610 - __main___file_only - INFO - 找到持股数据: 300666 2026-04-16 (15条)
2026-04-16 15:42:37,657 - __main___file_only - INFO - 找到报酬数据: 300666 2026-04-16
2026-04-16 15:42:37,657 - __main__ - INFO - 处理成功: 300666-2026-04-16-江丰电子-2025年年度报告.pdf
2026-04-16 15:42:37,657 - __main___file_only - INFO - 文件处理成功: 300666-2026-04-16-江丰电子-2025年年度报告.pdf (耗时: 33.76秒)
2026-04-16 15:42:38,319 - httpx - INFO - HTTP Request: DELETE https://dashscope.aliyuncs.com/compatible-mode/v1/files/file-fe-fe0a5cc647ac406ea4d1a27b "HTTP/1.1 200 OK"
2026-04-16 15:42:38,320 - __main__ - INFO - 开始处理文件: 600386-2026-04-16-北巴传媒-北京巴士传媒股份有限公司2025年年度报告.pdf
2026-04-16 15:42:38,425 - httpx - INFO - HTTP Request: POST https://dashscope.aliyuncs.com/compatible-mode/v1/chat/completions "HTTP/1.1 200 OK"
2026-04-16 15:42:38,582 - __main___file_only - INFO - 找到持股数据: 300440 2026-04-16 (16条)
2026-04-16 15:42:38,630 - __main___file_only - INFO - 未找到报酬数据: 300440 2026-04-16
2026-04-16 15:42:38,630 - __main__ - INFO - 处理成功: 300440-2026-04-16-运达科技-2025年年度报告.pdf
2026-04-16 15:42:38,630 - __main___file_only - INFO - 文件处理成功: 300440-2026-04-16-运达科技-2025年年度报告.pdf (耗时: 37.31秒)
2026-04-16 15:42:39,385 - httpx - INFO - HTTP Request: DELETE https://dashscope.aliyuncs.com/compatible-mode/v1/files/file-fe-f1acc85f62234846b987b09b "HTTP/1.1 200 OK"
2026-04-16 15:42:39,385 - __main__ - INFO - 开始处理文件: 600666-2026-04-16-奥瑞德-奥瑞德2025年年度报告.pdf
2026-04-16 15:42:39,488 - httpx - INFO - HTTP Request: POST https://dashscope.aliyuncs.com/compatible-mode/v1/files "HTTP/1.1 200 OK"
2026-04-16 15:42:39,488 - ai_service_enhanced - INFO - 文件上传成功: C:\Users\chenkk\Desktop\新建文件夹 (2)\920007-2026-04-15-酉立智能-2025年年度报告.pdf (文件ID: file-fe-67e23022385c412ba833be7d)
2026-04-16 15:42:39,489 - __main___file_only - INFO - 上传文件: 920007-2026-04-15-酉立智能-2025年年度报告.pdf (大小: 0.45 MB, ID: file-fe-67e23022385c412ba833be7d)
2026-04-16 15:42:39,602 - httpx - INFO - HTTP Request: POST https://dashscope.aliyuncs.com/compatible-mode/v1/files "HTTP/1.1 200 OK"
2026-04-16 15:42:39,603 - ai_service_enhanced - INFO - 文件上传成功: C:\Users\chenkk\Desktop\新建文件夹 (2)\920020-2026-04-15-泰凯英-2025年年度报告.pdf (文件ID: file-fe-a94427a362a244edafb95bba)
2026-04-16 15:42:39,603 - __main___file_only - INFO - 上传文件: 920020-2026-04-15-泰凯英-2025年年度报告.pdf (大小: 0.43 MB, ID: file-fe-a94427a362a244edafb95bba)
2026-04-16 15:42:39,684 - httpx - INFO - HTTP Request: POST https://dashscope.aliyuncs.com/compatible-mode/v1/chat/completions "HTTP/1.1 200 OK"
2026-04-16 15:42:39,887 - __main___file_only - INFO - 找到持股数据: 301286 2026-04-16 (9条)
2026-04-16 15:42:39,969 - __main___file_only - INFO - 找到报酬数据: 301286 2026-04-16
2026-04-16 15:42:39,970 - __main__ - INFO - 处理成功: 301286-2026-04-16-侨源股份-2025年年度报告.pdf
2026-04-16 15:42:39,970 - __main___file_only - INFO - 文件处理成功: 301286-2026-04-16-侨源股份-2025年年度报告.pdf (耗时: 17.22秒)
2026-04-16 15:42:40,584 - httpx - INFO - HTTP Request: POST https://dashscope.aliyuncs.com/compatible-mode/v1/chat/completions "HTTP/1.1 200 OK"
2026-04-16 15:42:40,766 - httpx - INFO - HTTP Request: DELETE https://dashscope.aliyuncs.com/compatible-mode/v1/files/file-fe-bdc03651de154377b502680b "HTTP/1.1 200 OK"
2026-04-16 15:42:40,767 - __main__ - INFO - 开始处理文件: 600707-2026-04-16-彩虹股份-彩虹股份2025年年度报告.pdf
2026-04-16 15:42:40,813 - __main___file_only - INFO - 找到持股数据: 300717 2026-04-16 (16条)
2026-04-16 15:42:40,860 - __main___file_only - INFO - 找到报酬数据: 300717 2026-04-16
2026-04-16 15:42:40,861 - __main__ - INFO - 处理成功: 300717-2026-04-16-华信新材-2025年年度报告.pdf
2026-04-16 15:42:40,861 - __main___file_only - INFO - 文件处理成功: 300717-2026-04-16-华信新材-2025年年度报告.pdf (耗时: 32.64秒)
2026-04-16 15:42:41,550 - httpx - INFO - HTTP Request: DELETE https://dashscope.aliyuncs.com/compatible-mode/v1/files/file-fe-91c32120104449e0a6b6c519 "HTTP/1.1 200 OK"
2026-04-16 15:42:41,550 - __main__ - INFO - 开始处理文件: 600854-2026-04-16-春兰股份-600854_春兰股份_2025年_年度报告.pdf
2026-04-16 15:42:41,663 - httpx - INFO - HTTP Request: POST https://dashscope.aliyuncs.com/compatible-mode/v1/files "HTTP/1.1 200 OK"
2026-04-16 15:42:41,664 - ai_service_enhanced - INFO - 文件上传成功: C:\Users\chenkk\Desktop\新建文件夹 (2)\920149-2026-04-15-旭杰科技-2025年年度报告.pdf (文件ID: file-fe-45e597fc6f7e47358e69aaa3)
2026-04-16 15:42:41,664 - __main___file_only - INFO - 上传文件: 920149-2026-04-15-旭杰科技-2025年年度报告.pdf (大小: 0.87 MB, ID: file-fe-45e597fc6f7e47358e69aaa3)
2026-04-16 15:42:41,706 - httpx - INFO - HTTP Request: POST https://dashscope.aliyuncs.com/compatible-mode/v1/files "HTTP/1.1 200 OK"
2026-04-16 15:42:41,707 - ai_service_enhanced - INFO - 文件上传成功: C:\Users\chenkk\Desktop\新建文件夹 (2)\920199-2026-04-15-倍益康-2025年年度报告.pdf (文件ID: file-fe-ad66fecb1e084a20b1009604)
2026-04-16 15:42:41,707 - __main___file_only - INFO - 上传文件: 920199-2026-04-15-倍益康-2025年年度报告.pdf (大小: 0.55 MB, ID: file-fe-ad66fecb1e084a20b1009604)
2026-04-16 15:42:43,700 - httpx - INFO - HTTP Request: POST https://dashscope.aliyuncs.com/compatible-mode/v1/files "HTTP/1.1 200 OK"
2026-04-16 15:42:43,701 - ai_service_enhanced - INFO - 文件上传成功: C:\Users\chenkk\Desktop\新建文件夹 (2)\920230-2026-04-15-欧康医药-2025年年度报告.pdf (文件ID: file-fe-7adc68bbdacb41c0bcf7e75a)
2026-04-16 15:42:43,701 - __main___file_only - INFO - 上传文件: 920230-2026-04-15-欧康医药-2025年年度报告.pdf (大小: 0.51 MB, ID: file-fe-7adc68bbdacb41c0bcf7e75a)
2026-04-16 15:42:43,717 - httpx - INFO - HTTP Request: POST https://dashscope.aliyuncs.com/compatible-mode/v1/files "HTTP/1.1 200 OK"
2026-04-16 15:42:43,718 - ai_service_enhanced - INFO - 文件上传成功: C:\Users\chenkk\Desktop\新建文件夹 (2)\920223-2026-04-15-荣亿精密-2025年年度报告.pdf (文件ID: file-fe-332a634a4eab4808a238c449)
2026-04-16 15:42:43,718 - __main___file_only - INFO - 上传文件: 920223-2026-04-15-荣亿精密-2025年年度报告.pdf (大小: 0.52 MB, ID: file-fe-332a634a4eab4808a238c449)
2026-04-16 15:42:45,812 - httpx - INFO - HTTP Request: POST https://dashscope.aliyuncs.com/compatible-mode/v1/files "HTTP/1.1 200 OK"
2026-04-16 15:42:45,812 - ai_service_enhanced - INFO - 文件上传成功: C:\Users\chenkk\Desktop\新建文件夹 (2)\920357-2026-04-15-雅葆轩-2025年年度报告.pdf (文件ID: file-fe-86f73dbd19e14d0d920cd9dd)
2026-04-16 15:42:45,812 - __main___file_only - INFO - 上传文件: 920357-2026-04-15-雅葆轩-2025年年度报告.pdf (大小: 0.39 MB, ID: file-fe-86f73dbd19e14d0d920cd9dd)
2026-04-16 15:42:45,899 - httpx - INFO - HTTP Request: POST https://dashscope.aliyuncs.com/compatible-mode/v1/files "HTTP/1.1 200 OK"
2026-04-16 15:42:45,900 - ai_service_enhanced - INFO - 文件上传成功: C:\Users\chenkk\Desktop\新建文件夹 (2)\920249-2026-04-15-利尔达-2025年年度报告.pdf (文件ID: file-fe-7b71c0bdc8e844b9bd603f0c)
2026-04-16 15:42:45,900 - __main___file_only - INFO - 上传文件: 920249-2026-04-15-利尔达-2025年年度报告.pdf (大小: 0.69 MB, ID: file-fe-7b71c0bdc8e844b9bd603f0c)
2026-04-16 15:42:46,325 - httpx - INFO - HTTP Request: POST https://dashscope.aliyuncs.com/compatible-mode/v1/chat/completions "HTTP/1.1 200 OK"
2026-04-16 15:42:46,477 - __main___file_only - INFO - 找到持股数据: 301373 2026-04-16 (11条)
2026-04-16 15:42:46,501 - httpx - INFO - HTTP Request: POST https://dashscope.aliyuncs.com/compatible-mode/v1/chat/completions "HTTP/1.1 200 OK"
2026-04-16 15:42:46,538 - __main___file_only - INFO - 找到报酬数据: 301373 2026-04-16
2026-04-16 15:42:46,538 - __main__ - INFO - 处理成功: 301373-2026-04-16-凌玮科技-2025年年度报告.pdf
2026-04-16 15:42:46,538 - __main___file_only - INFO - 文件处理成功: 301373-2026-04-16-凌玮科技-2025年年度报告.pdf (耗时: 18.92秒)
2026-04-16 15:42:46,678 - __main___file_only - INFO - 找到持股数据: 300967 2026-04-16 (21条)
2026-04-16 15:42:46,746 - __main___file_only - INFO - 未找到报酬数据: 300967 2026-04-16
2026-04-16 15:42:46,747 - __main__ - INFO - 处理成功: 300967-2026-04-16-晓鸣股份-2025年年度报告.pdf
2026-04-16 15:42:46,747 - __main___file_only - INFO - 文件处理成功: 300967-2026-04-16-晓鸣股份-2025年年度报告.pdf (耗时: 31.42秒)
2026-04-16 15:42:46,754 - httpx - INFO - HTTP Request: POST https://dashscope.aliyuncs.com/compatible-mode/v1/chat/completions "HTTP/1.1 200 OK"
2026-04-16 15:42:46,965 - __main___file_only - INFO - 找到持股数据: 600371 2026-04-16 (11条)
2026-04-16 15:42:47,020 - __main___file_only - INFO - 找到报酬数据: 600371 2026-04-16
2026-04-16 15:42:47,020 - __main__ - INFO - 处理成功: 600371-2026-04-16-万向德农-万向德农股份有限公司2025年年度报告.pdf
2026-04-16 15:42:47,020 - __main___file_only - INFO - 文件处理成功: 600371-2026-04-16-万向德农-万向德农股份有限公司2025年年度报告.pdf (耗时: 18.05秒)
2026-04-16 15:42:47,136 - httpx - INFO - HTTP Request: DELETE https://dashscope.aliyuncs.com/compatible-mode/v1/files/file-fe-22e6f351964545e786f8f4e7 "HTTP/1.1 200 OK"
2026-04-16 15:42:47,136 - __main__ - INFO - 开始处理文件: 600757-2026-04-16-长江传媒-长江传媒2025年年度报告.pdf
2026-04-16 15:42:47,396 - httpx - INFO - HTTP Request: DELETE https://dashscope.aliyuncs.com/compatible-mode/v1/files/file-fe-5b494e1b8e194f0aacb3a282 "HTTP/1.1 200 OK"
2026-04-16 15:42:47,396 - __main__ - INFO - 开始处理文件: 601339-2026-04-16-百隆东方-百隆东方2025年度报告.pdf
2026-04-16 15:42:47,636 - httpx - INFO - HTTP Request: DELETE https://dashscope.aliyuncs.com/compatible-mode/v1/files/file-fe-5589a7359a33426c824a7676 "HTTP/1.1 200 OK"
2026-04-16 15:42:47,636 - __main__ - INFO - 开始处理文件: 600935-2026-04-16-华塑股份-安徽华塑股份有限公司2025年年度报告.pdf
2026-04-16 15:42:47,897 - httpx - INFO - HTTP Request: POST https://dashscope.aliyuncs.com/compatible-mode/v1/files "HTTP/1.1 200 OK"
2026-04-16 15:42:47,898 - ai_service_enhanced - INFO - 文件上传成功: C:\Users\chenkk\Desktop\新建文件夹 (2)\920526-2026-04-15-凯华材料-2025年年度报告.pdf (文件ID: file-fe-1f83660c5ee9415db57b015b)
2026-04-16 15:42:47,898 - __main___file_only - INFO - 上传文件: 920526-2026-04-15-凯华材料-2025年年度报告.pdf (大小: 0.82 MB, ID: file-fe-1f83660c5ee9415db57b015b)
2026-04-16 15:42:48,098 - httpx - INFO - HTTP Request: POST https://dashscope.aliyuncs.com/compatible-mode/v1/files "HTTP/1.1 200 OK"
2026-04-16 15:42:48,099 - ai_service_enhanced - INFO - 文件上传成功: C:\Users\chenkk\Desktop\新建文件夹 (2)\920367-2026-04-15-新赣江-2025年年度报告.pdf (文件ID: file-fe-ccdddc2565814737a4f9e58e)
2026-04-16 15:42:48,099 - __main___file_only - INFO - 上传文件: 920367-2026-04-15-新赣江-2025年年度报告.pdf (大小: 0.90 MB, ID: file-fe-ccdddc2565814737a4f9e58e)
2026-04-16 15:42:50,149 - httpx - INFO - HTTP Request: POST https://dashscope.aliyuncs.com/compatible-mode/v1/files "HTTP/1.1 200 OK"
2026-04-16 15:42:50,150 - ai_service_enhanced - INFO - 文件上传成功: C:\Users\chenkk\Desktop\新建文件夹 (2)\920693-2026-04-15-阿为特-2025年年度报告.pdf (文件ID: file-fe-c4c71c8d3fc647dbbd13f2d5)
2026-04-16 15:42:50,150 - __main___file_only - INFO - 上传文件: 920693-2026-04-15-阿为特-2025年年度报告.pdf (大小: 0.71 MB, ID: file-fe-c4c71c8d3fc647dbbd13f2d5)
2026-04-16 15:42:50,228 - httpx - INFO - HTTP Request: POST https://dashscope.aliyuncs.com/compatible-mode/v1/files "HTTP/1.1 200 OK"
2026-04-16 15:42:50,228 - ai_service_enhanced - INFO - 文件上传成功: C:\Users\chenkk\Desktop\新建文件夹 (2)\920689-2026-04-15-克莱特-2025年年度报告.pdf (文件ID: file-fe-cd3341289a334b0cb291d658)
2026-04-16 15:42:50,228 - __main___file_only - INFO - 上传文件: 920689-2026-04-15-克莱特-2025年年度报告.pdf (大小: 0.34 MB, ID: file-fe-cd3341289a334b0cb291d658)
2026-04-16 15:42:50,423 - httpx - INFO - HTTP Request: POST https://dashscope.aliyuncs.com/compatible-mode/v1/chat/completions "HTTP/1.1 200 OK"
2026-04-16 15:42:50,512 - httpx - INFO - HTTP Request: POST https://dashscope.aliyuncs.com/compatible-mode/v1/chat/completions "HTTP/1.1 200 OK"
2026-04-16 15:42:50,594 - __main___file_only - INFO - 找到持股数据: 300886 2026-04-16 (16条)
2026-04-16 15:42:50,643 - __main___file_only - INFO - 未找到报酬数据: 300886 2026-04-16
2026-04-16 15:42:50,643 - __main__ - INFO - 处理成功: 300886-2026-04-16-华业香料-2025年年度报告.pdf
2026-04-16 15:42:50,644 - __main___file_only - INFO - 文件处理成功: 300886-2026-04-16-华业香料-2025年年度报告.pdf (耗时: 39.62秒)
2026-04-16 15:42:50,662 - __main___file_only - INFO - 找到持股数据: 301128 2026-04-16 (15条)
2026-04-16 15:42:50,708 - __main___file_only - INFO - 未找到报酬数据: 301128 2026-04-16
2026-04-16 15:42:50,708 - httpx - INFO - HTTP Request: POST https://dashscope.aliyuncs.com/compatible-mode/v1/chat/completions "HTTP/1.1 200 OK"
2026-04-16 15:42:50,709 - __main__ - INFO - 处理成功: 301128-2026-04-16-强瑞技术-2025年年度报告.pdf
2026-04-16 15:42:50,709 - __main___file_only - INFO - 文件处理成功: 301128-2026-04-16-强瑞技术-2025年年度报告.pdf (耗时: 36.21秒)
2026-04-16 15:42:50,850 - __main___file_only - INFO - 找到持股数据: 301283 2026-04-16 (12条)
2026-04-16 15:42:50,898 - __main___file_only - INFO - 未找到报酬数据: 301283 2026-04-16
2026-04-16 15:42:50,899 - __main__ - INFO - 处理成功: 301283-2026-04-16-聚胶股份-2025年年度报告.pdf
2026-04-16 15:42:50,899 - __main___file_only - INFO - 文件处理成功: 301283-2026-04-16-聚胶股份-2025年年度报告.pdf (耗时: 30.82秒)
2026-04-16 15:42:51,286 - httpx - INFO - HTTP Request: DELETE https://dashscope.aliyuncs.com/compatible-mode/v1/files/file-fe-a1b33f93b2a84c84a280f37b "HTTP/1.1 200 OK"
2026-04-16 15:42:51,287 - __main__ - INFO - 开始处理文件: 601877-2026-04-16-正泰电器-正泰电器2025年年度报告.pdf
2026-04-16 15:42:51,415 - httpx - INFO - HTTP Request: DELETE https://dashscope.aliyuncs.com/compatible-mode/v1/files/file-fe-9897cdd852b84626872e4c32 "HTTP/1.1 200 OK"
2026-04-16 15:42:51,415 - __main__ - INFO - 开始处理文件: 603075-2026-04-16-热威股份-2025年年度报告.pdf
2026-04-16 15:42:51,525 - httpx - INFO - HTTP Request: DELETE https://dashscope.aliyuncs.com/compatible-mode/v1/files/file-fe-4b07e4a04af943ea9faba8b9 "HTTP/1.1 200 OK"
2026-04-16 15:42:51,526 - __main__ - INFO - 开始处理文件: 603129-2026-04-16-春风动力-春风动力2025年年度报告.pdf
2026-04-16 15:42:52,005 - httpx - INFO - HTTP Request: POST https://dashscope.aliyuncs.com/compatible-mode/v1/chat/completions "HTTP/1.1 200 OK"
2026-04-16 15:42:52,136 - __main___file_only - INFO - 找到持股数据: 600283 2026-04-16 (17条)
2026-04-16 15:42:52,183 - __main___file_only - INFO - 找到报酬数据: 600283 2026-04-16
2026-04-16 15:42:52,184 - __main__ - INFO - 处理成功: 600283-2026-04-16-钱江水利-钱江水利2025年年度报告.pdf
2026-04-16 15:42:52,184 - __main___file_only - INFO - 文件处理成功: 600283-2026-04-16-钱江水利-钱江水利2025年年度报告.pdf (耗时: 24.23秒)
2026-04-16 15:42:52,314 - httpx - INFO - HTTP Request: POST https://dashscope.aliyuncs.com/compatible-mode/v1/files "HTTP/1.1 200 OK"
2026-04-16 15:42:52,315 - ai_service_enhanced - INFO - 文件上传成功: C:\Users\chenkk\Desktop\新建文件夹 (2)\920768-2026-04-15-拾比佰-2025年年度报告.pdf (文件ID: file-fe-e617556a9873457fbb202a09)
2026-04-16 15:42:52,315 - __main___file_only - INFO - 上传文件: 920768-2026-04-15-拾比佰-2025年年度报告.pdf (大小: 0.55 MB, ID: file-fe-e617556a9873457fbb202a09)
2026-04-16 15:42:52,843 - httpx - INFO - HTTP Request: DELETE https://dashscope.aliyuncs.com/compatible-mode/v1/files/file-fe-b3e99c9717a4420dbe5ba3e8 "HTTP/1.1 200 OK"
2026-04-16 15:42:52,844 - __main__ - INFO - 开始处理文件: 603102-2026-04-16-百合股份-威海百合生物技术股份有限公司2025年年度报告.pdf
2026-04-16 15:42:53,925 - httpx - INFO - HTTP Request: POST https://dashscope.aliyuncs.com/compatible-mode/v1/chat/completions "HTTP/1.1 200 OK"
2026-04-16 15:42:54,116 - __main___file_only - INFO - 找到持股数据: 301281 2026-04-16 (18条)
2026-04-16 15:42:54,169 - __main___file_only - INFO - 未找到报酬数据: 301281 2026-04-16
2026-04-16 15:42:54,169 - __main__ - INFO - 处理成功: 301281-2026-04-16-科源制药-2025年年度报告.pdf
2026-04-16 15:42:54,169 - __main___file_only - INFO - 文件处理成功: 301281-2026-04-16-科源制药-2025年年度报告.pdf (耗时: 36.23秒)
2026-04-16 15:42:54,843 - httpx - INFO - HTTP Request: DELETE https://dashscope.aliyuncs.com/compatible-mode/v1/files/file-fe-916d27f6e36046ecbc93dc0d "HTTP/1.1 200 OK"
2026-04-16 15:42:54,843 - __main__ - INFO - 开始处理文件: 603355-2026-04-16-莱克电气-莱克电气2025年年度报告.pdf
2026-04-16 15:42:55,984 - httpx - INFO - HTTP Request: POST https://dashscope.aliyuncs.com/compatible-mode/v1/chat/completions "HTTP/1.1 200 OK"
2026-04-16 15:42:56,118 - __main___file_only - INFO - 找到持股数据: 600666 2026-04-16 (9条)
2026-04-16 15:42:56,161 - __main___file_only - INFO - 找到报酬数据: 600666 2026-04-16
2026-04-16 15:42:56,161 - __main__ - INFO - 处理成功: 600666-2026-04-16-奥瑞德-奥瑞德2025年年度报告.pdf
2026-04-16 15:42:56,161 - __main___file_only - INFO - 文件处理成功: 600666-2026-04-16-奥瑞德-奥瑞德2025年年度报告.pdf (耗时: 16.78秒)
2026-04-16 15:42:56,804 - httpx - INFO - HTTP Request: DELETE https://dashscope.aliyuncs.com/compatible-mode/v1/files/file-fe-80cc8f0056e64c9694fd2c82 "HTTP/1.1 200 OK"
2026-04-16 15:42:56,804 - __main__ - INFO - 开始处理文件: 603213-2026-04-16-镇洋发展-浙江镇洋发展股份有限公司2025年年度报告.pdf
2026-04-16 15:42:57,373 - httpx - INFO - HTTP Request: POST https://dashscope.aliyuncs.com/compatible-mode/v1/chat/completions "HTTP/1.1 200 OK"
2026-04-16 15:42:57,502 - __main___file_only - INFO - 找到持股数据: 600089 2026-04-16 (18条)
2026-04-16 15:42:57,567 - __main___file_only - INFO - 找到报酬数据: 600089 2026-04-16
2026-04-16 15:42:57,568 - __main__ - INFO - 处理成功: 600089-2026-04-16-特变电工-特变电工股份有限公司2025年年度报告.pdf
2026-04-16 15:42:57,568 - __main___file_only - INFO - 文件处理成功: 600089-2026-04-16-特变电工-特变电工股份有限公司2025年年度报告.pdf (耗时: 31.13秒)
2026-04-16 15:42:58,177 - httpx - INFO - HTTP Request: DELETE https://dashscope.aliyuncs.com/compatible-mode/v1/files/file-fe-ae78920dc5864f51b596f98d "HTTP/1.1 200 OK"
2026-04-16 15:42:58,177 - __main__ - INFO - 开始处理文件: 603536-2026-04-16-惠发食品-惠发食品2025年年度报告.pdf
2026-04-16 15:42:58,557 - httpx - INFO - HTTP Request: POST https://dashscope.aliyuncs.com/compatible-mode/v1/chat/completions "HTTP/1.1 200 OK"
2026-04-16 15:42:58,799 - __main___file_only - INFO - 找到持股数据: 300732 2026-04-16 (24条)
2026-04-16 15:42:58,844 - __main___file_only - INFO - 找到报酬数据: 300732 2026-04-16
2026-04-16 15:42:58,845 - __main__ - INFO - 处理成功: 300732-2026-04-16-设研院-2025年年度报告.pdf
2026-04-16 15:42:58,845 - __main___file_only - INFO - 文件处理成功: 300732-2026-04-16-设研院-2025年年度报告.pdf (耗时: 49.68秒)
2026-04-16 15:42:59,597 - httpx - INFO - HTTP Request: DELETE https://dashscope.aliyuncs.com/compatible-mode/v1/files/file-fe-ab93fb178073461485d0e8df "HTTP/1.1 200 OK"
2026-04-16 15:42:59,598 - __main__ - INFO - 开始处理文件: 603383-2026-04-16-顶点软件-顶点软件2025年年度报告.pdf
2026-04-16 15:42:59,784 - httpx - INFO - HTTP Request: POST https://dashscope.aliyuncs.com/compatible-mode/v1/chat/completions "HTTP/1.1 200 OK"
2026-04-16 15:42:59,916 - __main___file_only - INFO - 找到持股数据: 600854 2026-04-16 (11条)
2026-04-16 15:42:59,961 - __main___file_only - INFO - 找到报酬数据: 600854 2026-04-16
2026-04-16 15:42:59,962 - __main__ - INFO - 处理成功: 600854-2026-04-16-春兰股份-600854_春兰股份_2025年_年度报告.pdf
2026-04-16 15:42:59,962 - __main___file_only - INFO - 文件处理成功: 600854-2026-04-16-春兰股份-600854_春兰股份_2025年_年度报告.pdf (耗时: 18.41秒)
2026-04-16 15:43:00,606 - httpx - INFO - HTTP Request: DELETE https://dashscope.aliyuncs.com/compatible-mode/v1/files/file-fe-9ee120caa21d450a8d0b8ce5 "HTTP/1.1 200 OK"
2026-04-16 15:43:00,607 - __main__ - INFO - 开始处理文件: 603938-2026-04-16-三孚股份-2025年年度报告.pdf
2026-04-16 15:43:01,210 - httpx - INFO - HTTP Request: POST https://dashscope.aliyuncs.com/compatible-mode/v1/chat/completions "HTTP/1.1 200 OK"
2026-04-16 15:43:01,357 - __main___file_only - INFO - 找到持股数据: 301366 2026-04-16 (15条)
2026-04-16 15:43:01,409 - __main___file_only - INFO - 找到报酬数据: 301366 2026-04-16
2026-04-16 15:43:01,410 - __main__ - INFO - 处理成功: 301366-2026-04-16-一博科技-2025年年度报告.pdf
2026-04-16 15:43:01,410 - __main___file_only - INFO - 文件处理成功: 301366-2026-04-16-一博科技-2025年年度报告.pdf (耗时: 38.46秒)
2026-04-16 15:43:02,071 - httpx - INFO - HTTP Request: DELETE https://dashscope.aliyuncs.com/compatible-mode/v1/files/file-fe-60669f7e1e714ad5822e809b "HTTP/1.1 200 OK"
2026-04-16 15:43:02,071 - __main__ - INFO - 开始处理文件: 603916-2026-04-16-苏博特-2025年年度报告.pdf
2026-04-16 15:43:02,747 - httpx - INFO - HTTP Request: POST https://dashscope.aliyuncs.com/compatible-mode/v1/chat/completions "HTTP/1.1 200 OK"
2026-04-16 15:43:02,956 - __main___file_only - INFO - 找到持股数据: 600707 2026-04-16 (15条)
2026-04-16 15:43:03,004 - __main___file_only - INFO - 未找到报酬数据: 600707 2026-04-16
2026-04-16 15:43:03,005 - __main__ - INFO - 处理成功: 600707-2026-04-16-彩虹股份-彩虹股份2025年年度报告.pdf
2026-04-16 15:43:03,005 - __main___file_only - INFO - 文件处理成功: 600707-2026-04-16-彩虹股份-彩虹股份2025年年度报告.pdf (耗时: 22.24秒)
2026-04-16 15:43:03,609 - httpx - INFO - HTTP Request: DELETE https://dashscope.aliyuncs.com/compatible-mode/v1/files/file-fe-238ffa044ff0488ead6b2f86 "HTTP/1.1 200 OK"
2026-04-16 15:43:03,610 - __main__ - INFO - 开始处理文件: 603977-2026-04-16-国泰集团-江西国泰集团股份有限公司2025年年度报告.pdf
2026-04-16 15:43:08,390 - httpx - INFO - HTTP Request: POST https://dashscope.aliyuncs.com/compatible-mode/v1/chat/completions "HTTP/1.1 200 OK"
2026-04-16 15:43:08,532 - __main___file_only - INFO - 找到持股数据: 600386 2026-04-16 (21条)
2026-04-16 15:43:08,583 - __main___file_only - INFO - 未找到报酬数据: 600386 2026-04-16
2026-04-16 15:43:08,583 - __main__ - INFO - 处理成功: 600386-2026-04-16-北巴传媒-北京巴士传媒股份有限公司2025年年度报告.pdf
2026-04-16 15:43:08,583 - __main___file_only - INFO - 文件处理成功: 600386-2026-04-16-北巴传媒-北京巴士传媒股份有限公司2025年年度报告.pdf (耗时: 30.26秒)
2026-04-16 15:43:09,014 - httpx - INFO - HTTP Request: POST https://dashscope.aliyuncs.com/compatible-mode/v1/chat/completions "HTTP/1.1 200 OK"
2026-04-16 15:43:09,207 - __main___file_only - INFO - 找到持股数据: 600757 2026-04-16 (15条)
2026-04-16 15:43:09,238 - httpx - INFO - HTTP Request: DELETE https://dashscope.aliyuncs.com/compatible-mode/v1/files/file-fe-8a9aa2663b634a6c91baf5c2 "HTTP/1.1 200 OK"
2026-04-16 15:43:09,238 - __main__ - INFO - 开始处理文件: 605058-2026-04-16-澳弘电子-澳弘电子2025年年度报告.pdf
2026-04-16 15:43:09,257 - __main___file_only - INFO - 找到报酬数据: 600757 2026-04-16
2026-04-16 15:43:09,257 - __main__ - INFO - 处理成功: 600757-2026-04-16-长江传媒-长江传媒2025年年度报告.pdf
2026-04-16 15:43:09,257 - __main___file_only - INFO - 文件处理成功: 600757-2026-04-16-长江传媒-长江传媒2025年年度报告.pdf (耗时: 22.12秒)
2026-04-16 15:43:09,859 - httpx - INFO - HTTP Request: DELETE https://dashscope.aliyuncs.com/compatible-mode/v1/files/file-fe-cb46081f12f247be9afc6dc9 "HTTP/1.1 200 OK"
2026-04-16 15:43:09,859 - __main__ - INFO - 开始处理文件: 605166-2026-04-16-聚合顺-聚合顺新材料股份有限公司2025年年度报告.pdf
2026-04-16 15:43:11,429 - httpx - INFO - HTTP Request: POST https://dashscope.aliyuncs.com/compatible-mode/v1/chat/completions "HTTP/1.1 200 OK"
2026-04-16 15:43:11,621 - __main___file_only - INFO - 找到持股数据: 603075 2026-04-16 (12条)
2026-04-16 15:43:11,671 - __main___file_only - INFO - 找到报酬数据: 603075 2026-04-16
2026-04-16 15:43:11,672 - __main__ - INFO - 处理成功: 603075-2026-04-16-热威股份-2025年年度报告.pdf
2026-04-16 15:43:11,672 - __main___file_only - INFO - 文件处理成功: 603075-2026-04-16-热威股份-2025年年度报告.pdf (耗时: 20.26秒)
2026-04-16 15:43:12,386 - httpx - INFO - HTTP Request: DELETE https://dashscope.aliyuncs.com/compatible-mode/v1/files/file-fe-f64c3f54413147e79cb60d35 "HTTP/1.1 200 OK"
2026-04-16 15:43:12,386 - __main__ - INFO - 开始处理文件: 605580-2026-04-16-恒盛能源-恒盛能源股份有限公司2025年年度报告全文.pdf
2026-04-16 15:43:12,878 - httpx - INFO - HTTP Request: POST https://dashscope.aliyuncs.com/compatible-mode/v1/chat/completions "HTTP/1.1 200 OK"
2026-04-16 15:43:13,069 - __main___file_only - INFO - 找到持股数据: 603102 2026-04-16 (11条)
2026-04-16 15:43:13,116 - __main___file_only - INFO - 找到报酬数据: 603102 2026-04-16
2026-04-16 15:43:13,116 - __main__ - INFO - 处理成功: 603102-2026-04-16-百合股份-威海百合生物技术股份有限公司2025年年度报告.pdf
2026-04-16 15:43:13,116 - __main___file_only - INFO - 文件处理成功: 603102-2026-04-16-百合股份-威海百合生物技术股份有限公司2025年年度报告.pdf (耗时: 20.27秒)
2026-04-16 15:43:13,804 - httpx - INFO - HTTP Request: DELETE https://dashscope.aliyuncs.com/compatible-mode/v1/files/file-fe-4d04bf3a5731470698d5974b "HTTP/1.1 200 OK"
2026-04-16 15:43:13,805 - __main__ - INFO - 开始处理文件: 688206-2026-04-16-概伦电子-2025年年度报告.pdf
2026-04-16 15:43:16,587 - httpx - INFO - HTTP Request: POST https://dashscope.aliyuncs.com/compatible-mode/v1/chat/completions "HTTP/1.1 200 OK"
2026-04-16 15:43:16,776 - __main___file_only - INFO - 找到持股数据: 603129 2026-04-16 (15条)
2026-04-16 15:43:16,821 - __main___file_only - INFO - 找到报酬数据: 603129 2026-04-16
2026-04-16 15:43:16,822 - __main__ - INFO - 处理成功: 603129-2026-04-16-春风动力-春风动力2025年年度报告.pdf
2026-04-16 15:43:16,822 - __main___file_only - INFO - 文件处理成功: 603129-2026-04-16-春风动力-春风动力2025年年度报告.pdf (耗时: 25.30秒)
2026-04-16 15:43:17,480 - httpx - INFO - HTTP Request: DELETE https://dashscope.aliyuncs.com/compatible-mode/v1/files/file-fe-a8bb751162f34942968c8175 "HTTP/1.1 200 OK"
2026-04-16 15:43:17,481 - __main__ - INFO - 开始处理文件: 688019-2026-04-16-安集科技-2025年年度报告.pdf
2026-04-16 15:43:17,793 - httpx - INFO - HTTP Request: POST https://dashscope.aliyuncs.com/compatible-mode/v1/chat/completions "HTTP/1.1 200 OK"
2026-04-16 15:43:17,982 - __main___file_only - INFO - 找到持股数据: 600461 2026-04-16 (19条)
2026-04-16 15:43:17,984 - httpx - INFO - HTTP Request: POST https://dashscope.aliyuncs.com/compatible-mode/v1/chat/completions "HTTP/1.1 200 OK"
2026-04-16 15:43:18,028 - __main___file_only - INFO - 找到报酬数据: 600461 2026-04-16
2026-04-16 15:43:18,029 - __main__ - INFO - 处理成功: 600461-2026-04-16-洪城环境-江西洪城环境股份有限公司2025年年度报告.pdf
2026-04-16 15:43:18,029 - __main___file_only - INFO - 文件处理成功: 600461-2026-04-16-洪城环境-江西洪城环境股份有限公司2025年年度报告.pdf (耗时: 45.20秒)
2026-04-16 15:43:18,165 - __main___file_only - INFO - 找到持股数据: 603355 2026-04-16 (13条)
2026-04-16 15:43:18,225 - __main___file_only - INFO - 找到报酬数据: 603355 2026-04-16
2026-04-16 15:43:18,226 - __main__ - INFO - 处理成功: 603355-2026-04-16-莱克电气-莱克电气2025年年度报告.pdf
2026-04-16 15:43:18,226 - __main___file_only - INFO - 文件处理成功: 603355-2026-04-16-莱克电气-莱克电气2025年年度报告.pdf (耗时: 23.38秒)
2026-04-16 15:43:18,232 - httpx - INFO - HTTP Request: POST https://dashscope.aliyuncs.com/compatible-mode/v1/chat/completions "HTTP/1.1 200 OK"
2026-04-16 15:43:18,378 - __main___file_only - INFO - 找到持股数据: 603383 2026-04-16 (10条)
2026-04-16 15:43:18,429 - __main___file_only - INFO - 找到报酬数据: 603383 2026-04-16
2026-04-16 15:43:18,429 - __main__ - INFO - 处理成功: 603383-2026-04-16-顶点软件-顶点软件2025年年度报告.pdf
2026-04-16 15:43:18,429 - __main___file_only - INFO - 文件处理成功: 603383-2026-04-16-顶点软件-顶点软件2025年年度报告.pdf (耗时: 18.83秒)
2026-04-16 15:43:18,640 - httpx - INFO - HTTP Request: DELETE https://dashscope.aliyuncs.com/compatible-mode/v1/files/file-fe-a93a7bbc5a284fd59c8ba3e5 "HTTP/1.1 200 OK"
2026-04-16 15:43:18,640 - __main__ - INFO - 开始处理文件: 688273-2026-04-16-麦澜德-2025年年度报告.pdf
2026-04-16 15:43:18,878 - httpx - INFO - HTTP Request: DELETE https://dashscope.aliyuncs.com/compatible-mode/v1/files/file-fe-7afddea97681492693dfcd22 "HTTP/1.1 200 OK"
2026-04-16 15:43:18,879 - __main__ - INFO - 开始处理文件: 688499-2026-04-16-利元亨-广东利元亨智能装备股份有限公司2025年年度报告.pdf
2026-04-16 15:43:18,995 - httpx - INFO - HTTP Request: DELETE https://dashscope.aliyuncs.com/compatible-mode/v1/files/file-fe-86b388b289ca4df799abcb5c "HTTP/1.1 200 OK"
2026-04-16 15:43:18,996 - __main__ - INFO - 开始处理文件: 688681-2026-04-16-科汇股份-2025年年度报告.pdf
2026-04-16 15:43:19,133 - httpx - INFO - HTTP Request: POST https://dashscope.aliyuncs.com/compatible-mode/v1/chat/completions "HTTP/1.1 200 OK"
2026-04-16 15:43:19,271 - __main___file_only - INFO - 找到持股数据: 603938 2026-04-16 (10条)
2026-04-16 15:43:19,317 - __main___file_only - INFO - 找到报酬数据: 603938 2026-04-16
2026-04-16 15:43:19,318 - __main__ - INFO - 处理成功: 603938-2026-04-16-三孚股份-2025年年度报告.pdf
2026-04-16 15:43:19,318 - __main___file_only - INFO - 文件处理成功: 603938-2026-04-16-三孚股份-2025年年度报告.pdf (耗时: 18.71秒)
2026-04-16 15:43:19,783 - httpx - INFO - HTTP Request: POST https://dashscope.aliyuncs.com/compatible-mode/v1/chat/completions "HTTP/1.1 200 OK"
2026-04-16 15:43:19,921 - __main___file_only - INFO - 找到持股数据: 603536 2026-04-16 (12条)
2026-04-16 15:43:19,970 - __main___file_only - INFO - 找到报酬数据: 603536 2026-04-16
2026-04-16 15:43:19,970 - __main__ - INFO - 处理成功: 603536-2026-04-16-惠发食品-惠发食品2025年年度报告.pdf
2026-04-16 15:43:19,970 - __main___file_only - INFO - 文件处理成功: 603536-2026-04-16-惠发食品-惠发食品2025年年度报告.pdf (耗时: 21.79秒)
2026-04-16 15:43:19,982 - httpx - INFO - HTTP Request: DELETE https://dashscope.aliyuncs.com/compatible-mode/v1/files/file-fe-77cc4ee732414b798da59ab3 "HTTP/1.1 200 OK"
2026-04-16 15:43:19,984 - __main__ - INFO - 开始处理文件: 688612-2026-04-16-威迈斯-2025年年度报告.pdf
2026-04-16 15:43:20,339 - httpx - INFO - HTTP Request: POST https://dashscope.aliyuncs.com/compatible-mode/v1/chat/completions "HTTP/1.1 200 OK"
2026-04-16 15:43:20,495 - __main___file_only - INFO - 找到持股数据: 603916 2026-04-16 (9条)
2026-04-16 15:43:20,578 - __main___file_only - INFO - 找到报酬数据: 603916 2026-04-16
2026-04-16 15:43:20,578 - __main__ - INFO - 处理成功: 603916-2026-04-16-苏博特-2025年年度报告.pdf
2026-04-16 15:43:20,578 - __main___file_only - INFO - 文件处理成功: 603916-2026-04-16-苏博特-2025年年度报告.pdf (耗时: 18.51秒)
2026-04-16 15:43:20,752 - httpx - INFO - HTTP Request: DELETE https://dashscope.aliyuncs.com/compatible-mode/v1/files/file-fe-f1b6636acf3049de884214bb "HTTP/1.1 200 OK"
2026-04-16 15:43:20,752 - __main__ - INFO - 开始处理文件: 688690-2026-04-16-纳微科技-苏州纳微科技股份有限公司2025年年度报告.pdf
2026-04-16 15:43:21,342 - httpx - INFO - HTTP Request: DELETE https://dashscope.aliyuncs.com/compatible-mode/v1/files/file-fe-8c0892390fe840309fa034a8 "HTTP/1.1 200 OK"
2026-04-16 15:43:21,342 - __main__ - INFO - 开始处理文件: 688698-2026-04-16-伟创电气-2025年年度报告.pdf
2026-04-16 15:43:24,484 - httpx - INFO - HTTP Request: POST https://dashscope.aliyuncs.com/compatible-mode/v1/chat/completions "HTTP/1.1 200 OK"
2026-04-16 15:43:24,620 - __main___file_only - INFO - 找到持股数据: 601339 2026-04-16 (16条)
2026-04-16 15:43:24,671 - __main___file_only - INFO - 找到报酬数据: 601339 2026-04-16
2026-04-16 15:43:24,671 - __main__ - INFO - 处理成功: 601339-2026-04-16-百隆东方-百隆东方2025年度报告.pdf
2026-04-16 15:43:24,671 - __main___file_only - INFO - 文件处理成功: 601339-2026-04-16-百隆东方-百隆东方2025年度报告.pdf (耗时: 37.28秒)
2026-04-16 15:43:25,049 - httpx - INFO - HTTP Request: POST https://dashscope.aliyuncs.com/compatible-mode/v1/chat/completions "HTTP/1.1 200 OK"
2026-04-16 15:43:25,177 - __main___file_only - INFO - 找到持股数据: 605166 2026-04-16 (8条)
2026-04-16 15:43:25,229 - __main___file_only - INFO - 找到报酬数据: 605166 2026-04-16
2026-04-16 15:43:25,229 - __main__ - INFO - 处理成功: 605166-2026-04-16-聚合顺-聚合顺新材料股份有限公司2025年年度报告.pdf
2026-04-16 15:43:25,229 - __main___file_only - INFO - 文件处理成功: 605166-2026-04-16-聚合顺-聚合顺新材料股份有限公司2025年年度报告.pdf (耗时: 15.37秒)
2026-04-16 15:43:25,330 - httpx - INFO - HTTP Request: DELETE https://dashscope.aliyuncs.com/compatible-mode/v1/files/file-fe-ede1eaeecc6b459a96c415c9 "HTTP/1.1 200 OK"
2026-04-16 15:43:25,330 - __main__ - INFO - 开始处理文件: 920007-2026-04-15-酉立智能-2025年年度报告.pdf
2026-04-16 15:43:25,600 - httpx - INFO - HTTP Request: POST https://dashscope.aliyuncs.com/compatible-mode/v1/chat/completions "HTTP/1.1 200 OK"
2026-04-16 15:43:25,783 - __main___file_only - INFO - 找到持股数据: 603977 2026-04-16 (13条)
2026-04-16 15:43:25,845 - __main___file_only - INFO - 找到报酬数据: 603977 2026-04-16
2026-04-16 15:43:25,846 - __main__ - INFO - 处理成功: 603977-2026-04-16-国泰集团-江西国泰集团股份有限公司2025年年度报告.pdf
2026-04-16 15:43:25,846 - __main___file_only - INFO - 文件处理成功: 603977-2026-04-16-国泰集团-江西国泰集团股份有限公司2025年年度报告.pdf (耗时: 22.24秒)
2026-04-16 15:43:25,904 - httpx - INFO - HTTP Request: DELETE https://dashscope.aliyuncs.com/compatible-mode/v1/files/file-fe-9c0bf7bf7e904223bbcda321 "HTTP/1.1 200 OK"
2026-04-16 15:43:25,904 - __main__ - INFO - 开始处理文件: 920020-2026-04-15-泰凯英-2025年年度报告.pdf
2026-04-16 15:43:26,497 - httpx - INFO - HTTP Request: POST https://dashscope.aliyuncs.com/compatible-mode/v1/chat/completions "HTTP/1.1 200 OK"
2026-04-16 15:43:26,506 - httpx - INFO - HTTP Request: DELETE https://dashscope.aliyuncs.com/compatible-mode/v1/files/file-fe-1e7c5cbc0dfe467d8d6443d1 "HTTP/1.1 200 OK"
2026-04-16 15:43:26,507 - __main__ - INFO - 开始处理文件: 920149-2026-04-15-旭杰科技-2025年年度报告.pdf
2026-04-16 15:43:26,735 - __main___file_only - INFO - 找到持股数据: 605058 2026-04-16 (11条)
2026-04-16 15:43:26,878 - __main___file_only - INFO - 找到报酬数据: 605058 2026-04-16
2026-04-16 15:43:26,878 - __main__ - INFO - 处理成功: 605058-2026-04-16-澳弘电子-澳弘电子2025年年度报告.pdf
2026-04-16 15:43:26,878 - __main___file_only - INFO - 文件处理成功: 605058-2026-04-16-澳弘电子-澳弘电子2025年年度报告.pdf (耗时: 17.64秒)
2026-04-16 15:43:27,670 - httpx - INFO - HTTP Request: DELETE https://dashscope.aliyuncs.com/compatible-mode/v1/files/file-fe-320f0b05c74d441cabe81721 "HTTP/1.1 200 OK"
2026-04-16 15:43:27,671 - __main__ - INFO - 开始处理文件: 920199-2026-04-15-倍益康-2025年年度报告.pdf
2026-04-16 15:43:29,391 - httpx - INFO - HTTP Request: POST https://dashscope.aliyuncs.com/compatible-mode/v1/chat/completions "HTTP/1.1 200 OK"
2026-04-16 15:43:29,626 - __main___file_only - INFO - 找到持股数据: 603213 2026-04-16 (14条)
2026-04-16 15:43:29,683 - __main___file_only - INFO - 找到报酬数据: 603213 2026-04-16
2026-04-16 15:43:29,683 - __main__ - INFO - 处理成功: 603213-2026-04-16-镇洋发展-浙江镇洋发展股份有限公司2025年年度报告.pdf
2026-04-16 15:43:29,683 - __main___file_only - INFO - 文件处理成功: 603213-2026-04-16-镇洋发展-浙江镇洋发展股份有限公司2025年年度报告.pdf (耗时: 32.88秒)
2026-04-16 15:43:29,846 - httpx - INFO - HTTP Request: POST https://dashscope.aliyuncs.com/compatible-mode/v1/chat/completions "HTTP/1.1 200 OK"
2026-04-16 15:43:30,001 - __main___file_only - INFO - 找到持股数据: 601877 2026-04-16 (16条)
2026-04-16 15:43:30,049 - __main___file_only - INFO - 找到报酬数据: 601877 2026-04-16
2026-04-16 15:43:30,050 - __main__ - INFO - 处理成功: 601877-2026-04-16-正泰电器-正泰电器2025年年度报告.pdf
2026-04-16 15:43:30,050 - __main___file_only - INFO - 文件处理成功: 601877-2026-04-16-正泰电器-正泰电器2025年年度报告.pdf (耗时: 38.76秒)
2026-04-16 15:43:30,361 - httpx - INFO - HTTP Request: DELETE https://dashscope.aliyuncs.com/compatible-mode/v1/files/file-fe-f26dfcc62b654d9cbd76218c "HTTP/1.1 200 OK"
2026-04-16 15:43:30,361 - __main__ - INFO - 开始处理文件: 920230-2026-04-15-欧康医药-2025年年度报告.pdf
2026-04-16 15:43:30,812 - httpx - INFO - HTTP Request: DELETE https://dashscope.aliyuncs.com/compatible-mode/v1/files/file-fe-ba7d663a518e435cae8ea7e8 "HTTP/1.1 200 OK"
2026-04-16 15:43:30,812 - __main__ - INFO - 开始处理文件: 920223-2026-04-15-荣亿精密-2025年年度报告.pdf
2026-04-16 15:43:32,319 - httpx - INFO - HTTP Request: POST https://dashscope.aliyuncs.com/compatible-mode/v1/chat/completions "HTTP/1.1 200 OK"
2026-04-16 15:43:32,478 - __main___file_only - INFO - 找到持股数据: 600935 2026-04-16 (20条)
2026-04-16 15:43:32,528 - __main___file_only - INFO - 未找到报酬数据: 600935 2026-04-16
2026-04-16 15:43:32,529 - __main__ - INFO - 处理成功: 600935-2026-04-16-华塑股份-安徽华塑股份有限公司2025年年度报告.pdf
2026-04-16 15:43:32,529 - __main___file_only - INFO - 文件处理成功: 600935-2026-04-16-华塑股份-安徽华塑股份有限公司2025年年度报告.pdf (耗时: 44.89秒)
2026-04-16 15:43:33,237 - httpx - INFO - HTTP Request: DELETE https://dashscope.aliyuncs.com/compatible-mode/v1/files/file-fe-bbb75e0f51074896bc33c547 "HTTP/1.1 200 OK"
2026-04-16 15:43:33,237 - __main__ - INFO - 开始处理文件: 920357-2026-04-15-雅葆轩-2025年年度报告.pdf
2026-04-16 15:43:35,521 - httpx - INFO - HTTP Request: POST https://dashscope.aliyuncs.com/compatible-mode/v1/chat/completions "HTTP/1.1 200 OK"
2026-04-16 15:43:35,654 - __main___file_only - INFO - 找到持股数据: 605580 2026-04-16 (14条)
2026-04-16 15:43:35,699 - __main___file_only - INFO - 找到报酬数据: 605580 2026-04-16
2026-04-16 15:43:35,700 - __main__ - INFO - 处理成功: 605580-2026-04-16-恒盛能源-恒盛能源股份有限公司2025年年度报告全文.pdf
2026-04-16 15:43:35,700 - __main___file_only - INFO - 文件处理成功: 605580-2026-04-16-恒盛能源-恒盛能源股份有限公司2025年年度报告全文.pdf (耗时: 23.31秒)
2026-04-16 15:43:36,379 - httpx - INFO - HTTP Request: DELETE https://dashscope.aliyuncs.com/compatible-mode/v1/files/file-fe-8fe6e6fdc4de4ded9b7707b0 "HTTP/1.1 200 OK"
2026-04-16 15:43:36,379 - __main__ - INFO - 开始处理文件: 920249-2026-04-15-利尔达-2025年年度报告.pdf
2026-04-16 15:43:39,443 - httpx - INFO - HTTP Request: POST https://dashscope.aliyuncs.com/compatible-mode/v1/chat/completions "HTTP/1.1 200 OK"
2026-04-16 15:43:39,603 - __main___file_only - INFO - 找到持股数据: 688273 2026-04-16 (12条)
2026-04-16 15:43:39,656 - __main___file_only - INFO - 未找到报酬数据: 688273 2026-04-16
2026-04-16 15:43:39,656 - __main__ - INFO - 处理成功: 688273-2026-04-16-麦澜德-2025年年度报告.pdf
2026-04-16 15:43:39,656 - __main___file_only - INFO - 文件处理成功: 688273-2026-04-16-麦澜德-2025年年度报告.pdf (耗时: 21.02秒)
2026-04-16 15:43:40,293 - httpx - INFO - HTTP Request: DELETE https://dashscope.aliyuncs.com/compatible-mode/v1/files/file-fe-0f69828e07a94647af011a08 "HTTP/1.1 200 OK"
2026-04-16 15:43:40,293 - __main__ - INFO - 开始处理文件: 920526-2026-04-15-凯华材料-2025年年度报告.pdf
2026-04-16 15:43:41,584 - httpx - INFO - HTTP Request: POST https://dashscope.aliyuncs.com/compatible-mode/v1/chat/completions "HTTP/1.1 200 OK"
2026-04-16 15:43:41,747 - __main___file_only - INFO - 找到持股数据: 688698 2026-04-16 (12条)
2026-04-16 15:43:41,817 - __main___file_only - INFO - 未找到报酬数据: 688698 2026-04-16
2026-04-16 15:43:41,817 - __main__ - INFO - 处理成功: 688698-2026-04-16-伟创电气-2025年年度报告.pdf
2026-04-16 15:43:41,818 - __main___file_only - INFO - 文件处理成功: 688698-2026-04-16-伟创电气-2025年年度报告.pdf (耗时: 20.48秒)
2026-04-16 15:43:42,450 - httpx - INFO - HTTP Request: DELETE https://dashscope.aliyuncs.com/compatible-mode/v1/files/file-fe-f54becc5cdc8441ebe4e1557 "HTTP/1.1 200 OK"
2026-04-16 15:43:42,451 - __main__ - INFO - 开始处理文件: 920367-2026-04-15-新赣江-2025年年度报告.pdf
2026-04-16 15:43:43,520 - httpx - INFO - HTTP Request: POST https://dashscope.aliyuncs.com/compatible-mode/v1/chat/completions "HTTP/1.1 200 OK"
2026-04-16 15:43:43,686 - __main___file_only - INFO - 找到持股数据: 920007 2026-04-15 (7条)
2026-04-16 15:43:43,736 - __main___file_only - INFO - 找到报酬数据: 920007 2026-04-15
2026-04-16 15:43:43,736 - __main__ - INFO - 处理成功: 920007-2026-04-15-酉立智能-2025年年度报告.pdf
2026-04-16 15:43:43,736 - __main___file_only - INFO - 文件处理成功: 920007-2026-04-15-酉立智能-2025年年度报告.pdf (耗时: 18.41秒)
2026-04-16 15:43:44,272 - httpx - INFO - HTTP Request: POST https://dashscope.aliyuncs.com/compatible-mode/v1/chat/completions "HTTP/1.1 200 OK"
2026-04-16 15:43:44,396 - __main___file_only - INFO - 找到持股数据: 920199 2026-04-15 (9条)
2026-04-16 15:43:44,426 - httpx - INFO - HTTP Request: DELETE https://dashscope.aliyuncs.com/compatible-mode/v1/files/file-fe-67e23022385c412ba833be7d "HTTP/1.1 200 OK"
2026-04-16 15:43:44,426 - __main__ - INFO - 开始处理文件: 920689-2026-04-15-克莱特-2025年年度报告.pdf
2026-04-16 15:43:44,472 - __main___file_only - INFO - 未找到报酬数据: 920199 2026-04-15
2026-04-16 15:43:44,473 - __main__ - INFO - 处理成功: 920199-2026-04-15-倍益康-2025年年度报告.pdf
2026-04-16 15:43:44,473 - __main___file_only - INFO - 文件处理成功: 920199-2026-04-15-倍益康-2025年年度报告.pdf (耗时: 16.80秒)
2026-04-16 15:43:45,281 - httpx - INFO - HTTP Request: DELETE https://dashscope.aliyuncs.com/compatible-mode/v1/files/file-fe-ad66fecb1e084a20b1009604 "HTTP/1.1 200 OK"
2026-04-16 15:43:45,282 - __main__ - INFO - 开始处理文件: 920693-2026-04-15-阿为特-2025年年度报告.pdf
2026-04-16 15:43:45,928 - httpx - INFO - HTTP Request: POST https://dashscope.aliyuncs.com/compatible-mode/v1/chat/completions "HTTP/1.1 200 OK"
2026-04-16 15:43:46,072 - __main___file_only - INFO - 找到持股数据: 920357 2026-04-15 (7条)
2026-04-16 15:43:46,119 - __main___file_only - INFO - 找到报酬数据: 920357 2026-04-15
2026-04-16 15:43:46,119 - __main__ - INFO - 处理成功: 920357-2026-04-15-雅葆轩-2025年年度报告.pdf
2026-04-16 15:43:46,119 - __main___file_only - INFO - 文件处理成功: 920357-2026-04-15-雅葆轩-2025年年度报告.pdf (耗时: 12.88秒)
2026-04-16 15:43:46,703 - httpx - INFO - HTTP Request: DELETE https://dashscope.aliyuncs.com/compatible-mode/v1/files/file-fe-86f73dbd19e14d0d920cd9dd "HTTP/1.1 200 OK"
2026-04-16 15:43:46,706 - __main__ - INFO - 开始处理文件: 920768-2026-04-15-拾比佰-2025年年度报告.pdf
2026-04-16 15:43:47,975 - httpx - INFO - HTTP Request: POST https://dashscope.aliyuncs.com/compatible-mode/v1/chat/completions "HTTP/1.1 200 OK"
2026-04-16 15:43:48,119 - __main___file_only - INFO - 找到持股数据: 920149 2026-04-15 (8条)
2026-04-16 15:43:48,165 - __main___file_only - INFO - 未找到报酬数据: 920149 2026-04-15
2026-04-16 15:43:48,166 - __main__ - INFO - 处理成功: 920149-2026-04-15-旭杰科技-2025年年度报告.pdf
2026-04-16 15:43:48,166 - __main___file_only - INFO - 文件处理成功: 920149-2026-04-15-旭杰科技-2025年年度报告.pdf (耗时: 21.66秒)
2026-04-16 15:43:48,928 - httpx - INFO - HTTP Request: DELETE https://dashscope.aliyuncs.com/compatible-mode/v1/files/file-fe-45e597fc6f7e47358e69aaa3 "HTTP/1.1 200 OK"
2026-04-16 15:43:50,455 - httpx - INFO - HTTP Request: POST https://dashscope.aliyuncs.com/compatible-mode/v1/chat/completions "HTTP/1.1 200 OK"
2026-04-16 15:43:50,641 - __main___file_only - INFO - 找到持股数据: 920223 2026-04-15 (13条)
2026-04-16 15:43:50,701 - __main___file_only - INFO - 未找到报酬数据: 920223 2026-04-15
2026-04-16 15:43:50,701 - __main__ - INFO - 处理成功: 920223-2026-04-15-荣亿精密-2025年年度报告.pdf
2026-04-16 15:43:50,702 - __main___file_only - INFO - 文件处理成功: 920223-2026-04-15-荣亿精密-2025年年度报告.pdf (耗时: 19.89秒)
2026-04-16 15:43:51,393 - httpx - INFO - HTTP Request: DELETE https://dashscope.aliyuncs.com/compatible-mode/v1/files/file-fe-332a634a4eab4808a238c449 "HTTP/1.1 200 OK"
2026-04-16 15:43:52,230 - httpx - INFO - HTTP Request: POST https://dashscope.aliyuncs.com/compatible-mode/v1/chat/completions "HTTP/1.1 200 OK"
2026-04-16 15:43:52,460 - __main___file_only - INFO - 找到持股数据: 688206 2026-04-16 (16条)
2026-04-16 15:43:52,521 - __main___file_only - INFO - 未找到报酬数据: 688206 2026-04-16
2026-04-16 15:43:52,521 - __main__ - INFO - 处理成功: 688206-2026-04-16-概伦电子-2025年年度报告.pdf
2026-04-16 15:43:52,521 - __main___file_only - INFO - 文件处理成功: 688206-2026-04-16-概伦电子-2025年年度报告.pdf (耗时: 38.72秒)
2026-04-16 15:43:53,191 - httpx - INFO - HTTP Request: POST https://dashscope.aliyuncs.com/compatible-mode/v1/chat/completions "HTTP/1.1 200 OK"
2026-04-16 15:43:53,261 - httpx - INFO - HTTP Request: DELETE https://dashscope.aliyuncs.com/compatible-mode/v1/files/file-fe-745282fd25a246a2aa8c4883 "HTTP/1.1 200 OK"
2026-04-16 15:43:53,361 - __main___file_only - INFO - 找到持股数据: 688019 2026-04-16 (14条)
2026-04-16 15:43:53,417 - __main___file_only - INFO - 未找到报酬数据: 688019 2026-04-16
2026-04-16 15:43:53,418 - __main__ - INFO - 处理成功: 688019-2026-04-16-安集科技-2025年年度报告.pdf
2026-04-16 15:43:53,418 - __main___file_only - INFO - 文件处理成功: 688019-2026-04-16-安集科技-2025年年度报告.pdf (耗时: 35.94秒)
2026-04-16 15:43:54,057 - httpx - INFO - HTTP Request: DELETE https://dashscope.aliyuncs.com/compatible-mode/v1/files/file-fe-579d963bbfe54deb98d85726 "HTTP/1.1 200 OK"
2026-04-16 15:43:54,161 - httpx - INFO - HTTP Request: POST https://dashscope.aliyuncs.com/compatible-mode/v1/chat/completions "HTTP/1.1 200 OK"
2026-04-16 15:43:54,300 - __main___file_only - INFO - 找到持股数据: 920526 2026-04-15 (8条)
2026-04-16 15:43:54,345 - __main___file_only - INFO - 未找到报酬数据: 920526 2026-04-15
2026-04-16 15:43:54,346 - __main__ - INFO - 处理成功: 920526-2026-04-15-凯华材料-2025年年度报告.pdf
2026-04-16 15:43:54,346 - __main___file_only - INFO - 文件处理成功: 920526-2026-04-15-凯华材料-2025年年度报告.pdf (耗时: 14.05秒)
2026-04-16 15:43:55,165 - httpx - INFO - HTTP Request: DELETE https://dashscope.aliyuncs.com/compatible-mode/v1/files/file-fe-1f83660c5ee9415db57b015b "HTTP/1.1 200 OK"
2026-04-16 15:43:55,168 - httpx - INFO - HTTP Request: POST https://dashscope.aliyuncs.com/compatible-mode/v1/chat/completions "HTTP/1.1 200 OK"
2026-04-16 15:43:55,192 - httpx - INFO - HTTP Request: POST https://dashscope.aliyuncs.com/compatible-mode/v1/chat/completions "HTTP/1.1 200 OK"
2026-04-16 15:43:55,326 - __main___file_only - INFO - 找到持股数据: 688499 2026-04-16 (14条)
2026-04-16 15:43:55,339 - __main___file_only - INFO - 找到持股数据: 920020 2026-04-15 (12条)
2026-04-16 15:43:55,371 - __main___file_only - INFO - 未找到报酬数据: 688499 2026-04-16
2026-04-16 15:43:55,372 - __main__ - INFO - 处理成功: 688499-2026-04-16-利元亨-广东利元亨智能装备股份有限公司2025年年度报告.pdf
2026-04-16 15:43:55,372 - __main___file_only - INFO - 文件处理成功: 688499-2026-04-16-利元亨-广东利元亨智能装备股份有限公司2025年年度报告.pdf (耗时: 36.49秒)
2026-04-16 15:43:55,384 - __main___file_only - INFO - 未找到报酬数据: 920020 2026-04-15
2026-04-16 15:43:55,385 - __main__ - INFO - 处理成功: 920020-2026-04-15-泰凯英-2025年年度报告.pdf
2026-04-16 15:43:55,385 - __main___file_only - INFO - 文件处理成功: 920020-2026-04-15-泰凯英-2025年年度报告.pdf (耗时: 29.48秒)
2026-04-16 15:43:55,940 - httpx - INFO - HTTP Request: DELETE https://dashscope.aliyuncs.com/compatible-mode/v1/files/file-fe-e33492f0a22f47ae946b329b "HTTP/1.1 200 OK"
2026-04-16 15:43:56,150 - httpx - INFO - HTTP Request: POST https://dashscope.aliyuncs.com/compatible-mode/v1/chat/completions "HTTP/1.1 200 OK"
2026-04-16 15:43:56,206 - httpx - INFO - HTTP Request: DELETE https://dashscope.aliyuncs.com/compatible-mode/v1/files/file-fe-a94427a362a244edafb95bba "HTTP/1.1 200 OK"
2026-04-16 15:43:56,317 - __main___file_only - INFO - 找到持股数据: 920230 2026-04-15 (10条)
2026-04-16 15:43:56,369 - __main___file_only - INFO - 未找到报酬数据: 920230 2026-04-15
2026-04-16 15:43:56,370 - __main__ - INFO - 处理成功: 920230-2026-04-15-欧康医药-2025年年度报告.pdf
2026-04-16 15:43:56,370 - __main___file_only - INFO - 文件处理成功: 920230-2026-04-15-欧康医药-2025年年度报告.pdf (耗时: 26.01秒)
2026-04-16 15:43:57,025 - httpx - INFO - HTTP Request: DELETE https://dashscope.aliyuncs.com/compatible-mode/v1/files/file-fe-7adc68bbdacb41c0bcf7e75a "HTTP/1.1 200 OK"
2026-04-16 15:43:59,432 - httpx - INFO - HTTP Request: POST https://dashscope.aliyuncs.com/compatible-mode/v1/chat/completions "HTTP/1.1 200 OK"
2026-04-16 15:43:59,613 - __main___file_only - INFO - 找到持股数据: 920693 2026-04-15 (7条)
2026-04-16 15:43:59,658 - __main___file_only - INFO - 未找到报酬数据: 920693 2026-04-15
2026-04-16 15:43:59,658 - __main__ - INFO - 处理成功: 920693-2026-04-15-阿为特-2025年年度报告.pdf
2026-04-16 15:43:59,658 - __main___file_only - INFO - 文件处理成功: 920693-2026-04-15-阿为特-2025年年度报告.pdf (耗时: 14.38秒)
2026-04-16 15:44:00,317 - httpx - INFO - HTTP Request: DELETE https://dashscope.aliyuncs.com/compatible-mode/v1/files/file-fe-c4c71c8d3fc647dbbd13f2d5 "HTTP/1.1 200 OK"
2026-04-16 15:44:03,401 - httpx - INFO - HTTP Request: POST https://dashscope.aliyuncs.com/compatible-mode/v1/chat/completions "HTTP/1.1 200 OK"
2026-04-16 15:44:03,549 - __main___file_only - INFO - 找到持股数据: 688690 2026-04-16 (18条)
2026-04-16 15:44:03,593 - __main___file_only - INFO - 找到报酬数据: 688690 2026-04-16
2026-04-16 15:44:03,594 - __main__ - INFO - 处理成功: 688690-2026-04-16-纳微科技-苏州纳微科技股份有限公司2025年年度报告.pdf
2026-04-16 15:44:03,594 - __main___file_only - INFO - 文件处理成功: 688690-2026-04-16-纳微科技-苏州纳微科技股份有限公司2025年年度报告.pdf (耗时: 42.84秒)
2026-04-16 15:44:03,969 - httpx - INFO - HTTP Request: POST https://dashscope.aliyuncs.com/compatible-mode/v1/chat/completions "HTTP/1.1 200 OK"
2026-04-16 15:44:04,136 - __main___file_only - INFO - 找到持股数据: 920367 2026-04-15 (9条)
2026-04-16 15:44:04,172 - httpx - INFO - HTTP Request: DELETE https://dashscope.aliyuncs.com/compatible-mode/v1/files/file-fe-411b9703ae5649da97492b8f "HTTP/1.1 200 OK"
2026-04-16 15:44:04,185 - __main___file_only - INFO - 未找到报酬数据: 920367 2026-04-15
2026-04-16 15:44:04,185 - __main__ - INFO - 处理成功: 920367-2026-04-15-新赣江-2025年年度报告.pdf
2026-04-16 15:44:04,185 - __main___file_only - INFO - 文件处理成功: 920367-2026-04-15-新赣江-2025年年度报告.pdf (耗时: 21.73秒)
2026-04-16 15:44:04,538 - httpx - INFO - HTTP Request: POST https://dashscope.aliyuncs.com/compatible-mode/v1/chat/completions "HTTP/1.1 200 OK"
2026-04-16 15:44:04,730 - __main___file_only - INFO - 找到持股数据: 688612 2026-04-16 (20条)
2026-04-16 15:44:04,779 - __main___file_only - INFO - 未找到报酬数据: 688612 2026-04-16
2026-04-16 15:44:04,779 - __main__ - INFO - 处理成功: 688612-2026-04-16-威迈斯-2025年年度报告.pdf
2026-04-16 15:44:04,780 - __main___file_only - INFO - 文件处理成功: 688612-2026-04-16-威迈斯-2025年年度报告.pdf (耗时: 44.80秒)
2026-04-16 15:44:04,846 - httpx - INFO - HTTP Request: DELETE https://dashscope.aliyuncs.com/compatible-mode/v1/files/file-fe-ccdddc2565814737a4f9e58e "HTTP/1.1 200 OK"
2026-04-16 15:44:05,397 - httpx - INFO - HTTP Request: DELETE https://dashscope.aliyuncs.com/compatible-mode/v1/files/file-fe-90990a300ff44eb89f967953 "HTTP/1.1 200 OK"
2026-04-16 15:44:07,353 - httpx - INFO - HTTP Request: POST https://dashscope.aliyuncs.com/compatible-mode/v1/chat/completions "HTTP/1.1 200 OK"
2026-04-16 15:44:07,382 - httpx - INFO - HTTP Request: POST https://dashscope.aliyuncs.com/compatible-mode/v1/chat/completions "HTTP/1.1 200 OK"
2026-04-16 15:44:07,484 - __main___file_only - INFO - 找到持股数据: 920768 2026-04-15 (12条)
2026-04-16 15:44:07,531 - __main___file_only - INFO - 找到报酬数据: 920768 2026-04-15
2026-04-16 15:44:07,532 - __main__ - INFO - 处理成功: 920768-2026-04-15-拾比佰-2025年年度报告.pdf
2026-04-16 15:44:07,532 - __main___file_only - INFO - 文件处理成功: 920768-2026-04-15-拾比佰-2025年年度报告.pdf (耗时: 20.83秒)
2026-04-16 15:44:07,558 - __main___file_only - INFO - 找到持股数据: 920249 2026-04-15 (14条)
2026-04-16 15:44:07,605 - __main___file_only - INFO - 未找到报酬数据: 920249 2026-04-15
2026-04-16 15:44:07,605 - __main__ - INFO - 处理成功: 920249-2026-04-15-利尔达-2025年年度报告.pdf
2026-04-16 15:44:07,606 - __main___file_only - INFO - 文件处理成功: 920249-2026-04-15-利尔达-2025年年度报告.pdf (耗时: 31.23秒)
2026-04-16 15:44:08,209 - httpx - INFO - HTTP Request: DELETE https://dashscope.aliyuncs.com/compatible-mode/v1/files/file-fe-e617556a9873457fbb202a09 "HTTP/1.1 200 OK"
2026-04-16 15:44:08,266 - httpx - INFO - HTTP Request: DELETE https://dashscope.aliyuncs.com/compatible-mode/v1/files/file-fe-7b71c0bdc8e844b9bd603f0c "HTTP/1.1 200 OK"
2026-04-16 15:44:10,734 - httpx - INFO - HTTP Request: POST https://dashscope.aliyuncs.com/compatible-mode/v1/chat/completions "HTTP/1.1 200 OK"
2026-04-16 15:44:10,929 - __main___file_only - INFO - 找到持股数据: 920689 2026-04-15 (12条)
2026-04-16 15:44:10,978 - __main___file_only - INFO - 未找到报酬数据: 920689 2026-04-15
2026-04-16 15:44:10,979 - __main__ - INFO - 处理成功: 920689-2026-04-15-克莱特-2025年年度报告.pdf
2026-04-16 15:44:10,979 - __main___file_only - INFO - 文件处理成功: 920689-2026-04-15-克莱特-2025年年度报告.pdf (耗时: 26.55秒)
2026-04-16 15:44:11,637 - httpx - INFO - HTTP Request: DELETE https://dashscope.aliyuncs.com/compatible-mode/v1/files/file-fe-cd3341289a334b0cb291d658 "HTTP/1.1 200 OK"
2026-04-16 15:44:16,896 - httpx - INFO - HTTP Request: POST https://dashscope.aliyuncs.com/compatible-mode/v1/chat/completions "HTTP/1.1 200 OK"
2026-04-16 15:44:17,033 - __main___file_only - INFO - 找到持股数据: 688681 2026-04-16 (24条)
2026-04-16 15:44:17,080 - __main___file_only - INFO - 找到报酬数据: 688681 2026-04-16
2026-04-16 15:44:17,081 - __main__ - INFO - 处理成功: 688681-2026-04-16-科汇股份-2025年年度报告.pdf
2026-04-16 15:44:17,081 - __main___file_only - INFO - 文件处理成功: 688681-2026-04-16-科汇股份-2025年年度报告.pdf (耗时: 58.09秒)
2026-04-16 15:44:17,749 - httpx - INFO - HTTP Request: DELETE https://dashscope.aliyuncs.com/compatible-mode/v1/files/file-fe-848fb132569142c78e297458 "HTTP/1.1 200 OK"
2026-04-16 15:44:17,800 - __main__ - INFO - 开始关闭线程池...
2026-04-16 15:44:17,814 - __main__ - INFO - 所有线程池已关闭
2026-04-16 15:44:18,092 - __main__ - INFO - 程序执行完成 - 总耗时: 0:02:49.195442
