2026-04-16 15:27:02,671 - __main__ - INFO - 程序开始执行 - 目录: C:\Users\chenkk\Desktop\新建文件夹 (2), 文件数量: 81
2026-04-16 15:27:03,672 - httpx - INFO - HTTP Request: POST https://dashscope.aliyuncs.com/compatible-mode/v1/files "HTTP/1.1 200 OK"
2026-04-16 15:27:03,673 - ai_service_enhanced - INFO - 文件上传成功: C:\Users\chenkk\Desktop\新建文件夹 (2)\000533-2026-04-16-顺钠股份-2025年年度报告.pdf (文件ID: file-fe-1ac89708160c42fbabe8ded5)
2026-04-16 15:27:03,674 - __main___file_only - INFO - 上传文件: 000533-2026-04-16-顺钠股份-2025年年度报告.pdf (大小: 0.39 MB, ID: file-fe-1ac89708160c42fbabe8ded5)
2026-04-16 15:27:03,718 - __main__ - INFO - 开始处理文件: 000533-2026-04-16-顺钠股份-2025年年度报告.pdf
2026-04-16 15:27:03,863 - httpx - INFO - HTTP Request: POST https://dashscope.aliyuncs.com/compatible-mode/v1/files "HTTP/1.1 200 OK"
2026-04-16 15:27:03,866 - ai_service_enhanced - INFO - 文件上传成功: C:\Users\chenkk\Desktop\新建文件夹 (2)\002001-2026-04-16-新和成-2025年年度报告.pdf (文件ID: file-fe-01619f77b7ff475a810d0382)
2026-04-16 15:27:03,867 - __main___file_only - INFO - 上传文件: 002001-2026-04-16-新和成-2025年年度报告.pdf (大小: 0.42 MB, ID: file-fe-01619f77b7ff475a810d0382)
2026-04-16 15:27:03,982 - __main__ - INFO - 开始处理文件: 002001-2026-04-16-新和成-2025年年度报告.pdf
2026-04-16 15:27:05,013 - httpx - INFO - HTTP Request: POST https://dashscope.aliyuncs.com/compatible-mode/v1/files "HTTP/1.1 200 OK"
2026-04-16 15:27:05,014 - ai_service_enhanced - INFO - 文件上传成功: C:\Users\chenkk\Desktop\新建文件夹 (2)\002180-2026-04-15-纳思达-2025年年度报告.pdf (文件ID: file-fe-f258a835d833437a820369b3)
2026-04-16 15:27:05,014 - __main___file_only - INFO - 上传文件: 002180-2026-04-15-纳思达-2025年年度报告.pdf (大小: 0.26 MB, ID: file-fe-f258a835d833437a820369b3)
2026-04-16 15:27:05,035 - __main__ - INFO - 开始处理文件: 002180-2026-04-15-纳思达-2025年年度报告.pdf
2026-04-16 15:27:05,159 - httpx - INFO - HTTP Request: POST https://dashscope.aliyuncs.com/compatible-mode/v1/files "HTTP/1.1 200 OK"
2026-04-16 15:27:05,160 - ai_service_enhanced - INFO - 文件上传成功: C:\Users\chenkk\Desktop\新建文件夹 (2)\002344-2026-04-16-海宁皮城-2025年年度报告.pdf (文件ID: file-fe-621e2b49753841e48ada0d04)
2026-04-16 15:27:05,160 - __main___file_only - INFO - 上传文件: 002344-2026-04-16-海宁皮城-2025年年度报告.pdf (大小: 0.34 MB, ID: file-fe-621e2b49753841e48ada0d04)
2026-04-16 15:27:05,298 - __main__ - INFO - 开始处理文件: 002344-2026-04-16-海宁皮城-2025年年度报告.pdf
2026-04-16 15:27:06,324 - httpx - INFO - HTTP Request: POST https://dashscope.aliyuncs.com/compatible-mode/v1/files "HTTP/1.1 200 OK"
2026-04-16 15:27:06,325 - ai_service_enhanced - INFO - 文件上传成功: C:\Users\chenkk\Desktop\新建文件夹 (2)\002407-2026-04-16-多氟多-2025年年度报告.pdf (文件ID: file-fe-a905a4bf691a48ee9e1c0943)
2026-04-16 15:27:06,326 - __main___file_only - INFO - 上传文件: 002407-2026-04-16-多氟多-2025年年度报告.pdf (大小: 0.42 MB, ID: file-fe-a905a4bf691a48ee9e1c0943)
2026-04-16 15:27:06,351 - __main__ - INFO - 开始处理文件: 002407-2026-04-16-多氟多-2025年年度报告.pdf
2026-04-16 15:27:06,769 - httpx - INFO - HTTP Request: POST https://dashscope.aliyuncs.com/compatible-mode/v1/files "HTTP/1.1 200 OK"
2026-04-16 15:27:06,770 - ai_service_enhanced - INFO - 文件上传成功: C:\Users\chenkk\Desktop\新建文件夹 (2)\002628-2026-04-16-成都路桥-2025年年度报告.pdf (文件ID: file-fe-d83b7d2366a148ffb98c3d1d)
2026-04-16 15:27:06,770 - __main___file_only - INFO - 上传文件: 002628-2026-04-16-成都路桥-2025年年度报告.pdf (大小: 0.35 MB, ID: file-fe-d83b7d2366a148ffb98c3d1d)
2026-04-16 15:27:06,882 - __main__ - INFO - 开始处理文件: 002628-2026-04-16-成都路桥-2025年年度报告.pdf
2026-04-16 15:27:07,595 - httpx - INFO - HTTP Request: POST https://dashscope.aliyuncs.com/compatible-mode/v1/files "HTTP/1.1 200 OK"
2026-04-16 15:27:07,596 - ai_service_enhanced - INFO - 文件上传成功: C:\Users\chenkk\Desktop\新建文件夹 (2)\002629-2026-04-16-仁智股份-2025年年度报告.pdf (文件ID: file-fe-97a9562310d948e2b9a453fb)
2026-04-16 15:27:07,596 - __main___file_only - INFO - 上传文件: 002629-2026-04-16-仁智股份-2025年年度报告.pdf (大小: 0.27 MB, ID: file-fe-97a9562310d948e2b9a453fb)
2026-04-16 15:27:07,672 - __main__ - INFO - 开始处理文件: 002629-2026-04-16-仁智股份-2025年年度报告.pdf
2026-04-16 15:27:08,154 - httpx - INFO - HTTP Request: POST https://dashscope.aliyuncs.com/compatible-mode/v1/files "HTTP/1.1 200 OK"
2026-04-16 15:27:08,154 - ai_service_enhanced - INFO - 文件上传成功: C:\Users\chenkk\Desktop\新建文件夹 (2)\002762-2026-04-16-ST金比-2025年年度报告.pdf (文件ID: file-fe-a1f7a5f608ac4d8480333d47)
2026-04-16 15:27:08,155 - __main___file_only - INFO - 上传文件: 002762-2026-04-16-ST金比-2025年年度报告.pdf (大小: 0.74 MB, ID: file-fe-a1f7a5f608ac4d8480333d47)
2026-04-16 15:27:08,200 - __main__ - INFO - 开始处理文件: 002762-2026-04-16-ST金比-2025年年度报告.pdf
2026-04-16 15:27:09,386 - httpx - INFO - HTTP Request: POST https://dashscope.aliyuncs.com/compatible-mode/v1/files "HTTP/1.1 200 OK"
2026-04-16 15:27:09,387 - ai_service_enhanced - INFO - 文件上传成功: C:\Users\chenkk\Desktop\新建文件夹 (2)\002823-2026-04-16-凯中精密-2025年年度报告.pdf (文件ID: file-fe-ad555391a051407da09459df)
2026-04-16 15:27:09,387 - __main___file_only - INFO - 上传文件: 002823-2026-04-16-凯中精密-2025年年度报告.pdf (大小: 0.34 MB, ID: file-fe-ad555391a051407da09459df)
2026-04-16 15:27:09,520 - __main__ - INFO - 开始处理文件: 002823-2026-04-16-凯中精密-2025年年度报告.pdf
2026-04-16 15:27:09,996 - httpx - INFO - HTTP Request: POST https://dashscope.aliyuncs.com/compatible-mode/v1/files "HTTP/1.1 200 OK"
2026-04-16 15:27:09,996 - ai_service_enhanced - INFO - 文件上传成功: C:\Users\chenkk\Desktop\新建文件夹 (2)\002896-2026-04-16-中大力德-2025年年度报告.pdf (文件ID: file-fe-66f41614587b467bb5835c90)
2026-04-16 15:27:09,996 - __main___file_only - INFO - 上传文件: 002896-2026-04-16-中大力德-2025年年度报告.pdf (大小: 0.33 MB, ID: file-fe-66f41614587b467bb5835c90)
2026-04-16 15:27:10,048 - __main__ - INFO - 开始处理文件: 002896-2026-04-16-中大力德-2025年年度报告.pdf
2026-04-16 15:27:11,693 - httpx - INFO - HTTP Request: POST https://dashscope.aliyuncs.com/compatible-mode/v1/files "HTTP/1.1 200 OK"
2026-04-16 15:27:11,693 - ai_service_enhanced - INFO - 文件上传成功: C:\Users\chenkk\Desktop\新建文件夹 (2)\002949-2026-04-16-华阳国际-2025年年度报告.pdf (文件ID: file-fe-a6524f43567b4bf9b314231a)
2026-04-16 15:27:11,694 - __main___file_only - INFO - 上传文件: 002949-2026-04-16-华阳国际-2025年年度报告.pdf (大小: 0.35 MB, ID: file-fe-a6524f43567b4bf9b314231a)
2026-04-16 15:27:11,902 - __main__ - INFO - 开始处理文件: 002949-2026-04-16-华阳国际-2025年年度报告.pdf
2026-04-16 15:27:11,975 - httpx - INFO - HTTP Request: POST https://dashscope.aliyuncs.com/compatible-mode/v1/files "HTTP/1.1 200 OK"
2026-04-16 15:27:11,976 - ai_service_enhanced - INFO - 文件上传成功: C:\Users\chenkk\Desktop\新建文件夹 (2)\002971-2026-04-16-和远气体-2025年年度报告.pdf (文件ID: file-fe-21b6850cd9a640d789fb4148)
2026-04-16 15:27:11,976 - __main___file_only - INFO - 上传文件: 002971-2026-04-16-和远气体-2025年年度报告.pdf (大小: 0.35 MB, ID: file-fe-21b6850cd9a640d789fb4148)
2026-04-16 15:27:12,168 - __main__ - INFO - 开始处理文件: 002971-2026-04-16-和远气体-2025年年度报告.pdf
2026-04-16 15:27:13,886 - httpx - INFO - HTTP Request: POST https://dashscope.aliyuncs.com/compatible-mode/v1/files "HTTP/1.1 200 OK"
2026-04-16 15:27:13,894 - ai_service_enhanced - INFO - 文件上传成功: C:\Users\chenkk\Desktop\新建文件夹 (2)\003027-2026-04-16-同兴科技-2025年年度报告.pdf (文件ID: file-fe-1638d076a99c4f03b907c8b0)
2026-04-16 15:27:13,895 - __main___file_only - INFO - 上传文件: 003027-2026-04-16-同兴科技-2025年年度报告.pdf (大小: 0.37 MB, ID: file-fe-1638d076a99c4f03b907c8b0)
2026-04-16 15:27:14,021 - __main__ - INFO - 开始处理文件: 003027-2026-04-16-同兴科技-2025年年度报告.pdf
2026-04-16 15:27:14,213 - httpx - INFO - HTTP Request: POST https://dashscope.aliyuncs.com/compatible-mode/v1/files "HTTP/1.1 200 OK"
2026-04-16 15:27:14,215 - ai_service_enhanced - INFO - 文件上传成功: C:\Users\chenkk\Desktop\新建文件夹 (2)\300058-2026-04-16-蓝色光标-2025年年度报告.pdf (文件ID: file-fe-c13ec2207c6a44df842f41ee)
2026-04-16 15:27:14,215 - __main___file_only - INFO - 上传文件: 300058-2026-04-16-蓝色光标-2025年年度报告.pdf (大小: 0.68 MB, ID: file-fe-c13ec2207c6a44df842f41ee)
2026-04-16 15:27:14,284 - __main__ - INFO - 开始处理文件: 300058-2026-04-16-蓝色光标-2025年年度报告.pdf
2026-04-16 15:27:15,916 - httpx - INFO - HTTP Request: POST https://dashscope.aliyuncs.com/compatible-mode/v1/files "HTTP/1.1 200 OK"
2026-04-16 15:27:15,917 - ai_service_enhanced - INFO - 文件上传成功: C:\Users\chenkk\Desktop\新建文件夹 (2)\300174-2026-04-16-元力股份-2025年年度报告.pdf (文件ID: file-fe-f6f0c8948a0945dbb19e3d39)
2026-04-16 15:27:15,917 - __main___file_only - INFO - 上传文件: 300174-2026-04-16-元力股份-2025年年度报告.pdf (大小: 0.27 MB, ID: file-fe-f6f0c8948a0945dbb19e3d39)
2026-04-16 15:27:16,131 - __main__ - INFO - 开始处理文件: 300174-2026-04-16-元力股份-2025年年度报告.pdf
2026-04-16 15:27:16,330 - httpx - INFO - HTTP Request: POST https://dashscope.aliyuncs.com/compatible-mode/v1/files "HTTP/1.1 200 OK"
2026-04-16 15:27:16,331 - ai_service_enhanced - INFO - 文件上传成功: C:\Users\chenkk\Desktop\新建文件夹 (2)\300075-2026-04-16-数字政通-2025年年度报告.pdf (文件ID: file-fe-33f4b048342b48729644993b)
2026-04-16 15:27:16,331 - __main___file_only - INFO - 上传文件: 300075-2026-04-16-数字政通-2025年年度报告.pdf (大小: 0.31 MB, ID: file-fe-33f4b048342b48729644993b)
2026-04-16 15:27:16,393 - __main__ - INFO - 开始处理文件: 300075-2026-04-16-数字政通-2025年年度报告.pdf
2026-04-16 15:27:18,438 - httpx - INFO - HTTP Request: POST https://dashscope.aliyuncs.com/compatible-mode/v1/files "HTTP/1.1 200 OK"
2026-04-16 15:27:18,438 - ai_service_enhanced - INFO - 文件上传成功: C:\Users\chenkk\Desktop\新建文件夹 (2)\300296-2026-04-16-利亚德-2025年年度报告.pdf (文件ID: file-fe-41060d6c137c4e74ae27db42)
2026-04-16 15:27:18,438 - __main___file_only - INFO - 上传文件: 300296-2026-04-16-利亚德-2025年年度报告.pdf (大小: 0.39 MB, ID: file-fe-41060d6c137c4e74ae27db42)
2026-04-16 15:27:18,490 - httpx - INFO - HTTP Request: POST https://dashscope.aliyuncs.com/compatible-mode/v1/files "HTTP/1.1 200 OK"
2026-04-16 15:27:18,491 - ai_service_enhanced - INFO - 文件上传成功: C:\Users\chenkk\Desktop\新建文件夹 (2)\300281-2026-04-16-金明精机-2025年年度报告.pdf (文件ID: file-fe-c906c3fe9d214a2fb6447ff8)
2026-04-16 15:27:18,491 - __main___file_only - INFO - 上传文件: 300281-2026-04-16-金明精机-2025年年度报告.pdf (大小: 0.38 MB, ID: file-fe-c906c3fe9d214a2fb6447ff8)
2026-04-16 15:27:20,229 - httpx - INFO - HTTP Request: POST https://dashscope.aliyuncs.com/compatible-mode/v1/files "HTTP/1.1 200 OK"
2026-04-16 15:27:20,230 - ai_service_enhanced - INFO - 文件上传成功: C:\Users\chenkk\Desktop\新建文件夹 (2)\300305-2026-04-16-裕兴股份-2025年年度报告.pdf (文件ID: file-fe-be85c805e6544cf5a6bb3028)
2026-04-16 15:27:20,230 - __main___file_only - INFO - 上传文件: 300305-2026-04-16-裕兴股份-2025年年度报告.pdf (大小: 0.32 MB, ID: file-fe-be85c805e6544cf5a6bb3028)
2026-04-16 15:27:20,316 - httpx - INFO - HTTP Request: POST https://dashscope.aliyuncs.com/compatible-mode/v1/files "HTTP/1.1 200 OK"
2026-04-16 15:27:20,317 - ai_service_enhanced - INFO - 文件上传成功: C:\Users\chenkk\Desktop\新建文件夹 (2)\300440-2026-04-16-运达科技-2025年年度报告.pdf (文件ID: file-fe-b67b87cf400e44f993f365f0)
2026-04-16 15:27:20,317 - __main___file_only - INFO - 上传文件: 300440-2026-04-16-运达科技-2025年年度报告.pdf (大小: 0.70 MB, ID: file-fe-b67b87cf400e44f993f365f0)
2026-04-16 15:27:22,422 - httpx - INFO - HTTP Request: POST https://dashscope.aliyuncs.com/compatible-mode/v1/files "HTTP/1.1 200 OK"
2026-04-16 15:27:22,423 - ai_service_enhanced - INFO - 文件上传成功: C:\Users\chenkk\Desktop\新建文件夹 (2)\300623-2026-04-16-捷捷微电-2025年年度报告.pdf (文件ID: file-fe-ae36138e155c40dfa4780e5a)
2026-04-16 15:27:22,423 - __main___file_only - INFO - 上传文件: 300623-2026-04-16-捷捷微电-2025年年度报告.pdf (大小: 0.35 MB, ID: file-fe-ae36138e155c40dfa4780e5a)
2026-04-16 15:27:22,454 - httpx - INFO - HTTP Request: POST https://dashscope.aliyuncs.com/compatible-mode/v1/files "HTTP/1.1 200 OK"
2026-04-16 15:27:22,455 - ai_service_enhanced - INFO - 文件上传成功: C:\Users\chenkk\Desktop\新建文件夹 (2)\300618-2026-04-16-寒锐钴业-2025年年度报告.pdf (文件ID: file-fe-4c020996194f462cb8587ee1)
2026-04-16 15:27:22,455 - __main___file_only - INFO - 上传文件: 300618-2026-04-16-寒锐钴业-2025年年度报告.pdf (大小: 0.39 MB, ID: file-fe-4c020996194f462cb8587ee1)
2026-04-16 15:27:24,518 - httpx - INFO - HTTP Request: POST https://dashscope.aliyuncs.com/compatible-mode/v1/files "HTTP/1.1 200 OK"
2026-04-16 15:27:24,519 - ai_service_enhanced - INFO - 文件上传成功: C:\Users\chenkk\Desktop\新建文件夹 (2)\300666-2026-04-16-江丰电子-2025年年度报告.pdf (文件ID: file-fe-a59c7d484a9847089d780ea9)
2026-04-16 15:27:24,519 - __main___file_only - INFO - 上传文件: 300666-2026-04-16-江丰电子-2025年年度报告.pdf (大小: 0.44 MB, ID: file-fe-a59c7d484a9847089d780ea9)
2026-04-16 15:27:24,650 - httpx - INFO - HTTP Request: POST https://dashscope.aliyuncs.com/compatible-mode/v1/files "HTTP/1.1 200 OK"
2026-04-16 15:27:24,650 - ai_service_enhanced - INFO - 文件上传成功: C:\Users\chenkk\Desktop\新建文件夹 (2)\300685-2026-04-16-艾德生物-2025年年度报告.pdf (文件ID: file-fe-93d7ad4b797b4bcf8700d8ad)
2026-04-16 15:27:24,651 - __main___file_only - INFO - 上传文件: 300685-2026-04-16-艾德生物-2025年年度报告.pdf (大小: 0.52 MB, ID: file-fe-93d7ad4b797b4bcf8700d8ad)
2026-04-16 15:27:26,582 - httpx - INFO - HTTP Request: POST https://dashscope.aliyuncs.com/compatible-mode/v1/files "HTTP/1.1 200 OK"
2026-04-16 15:27:26,582 - ai_service_enhanced - INFO - 文件上传成功: C:\Users\chenkk\Desktop\新建文件夹 (2)\300717-2026-04-16-华信新材-2025年年度报告.pdf (文件ID: file-fe-fe84a3b3488949d4996a84d1)
2026-04-16 15:27:26,582 - __main___file_only - INFO - 上传文件: 300717-2026-04-16-华信新材-2025年年度报告.pdf (大小: 0.27 MB, ID: file-fe-fe84a3b3488949d4996a84d1)
2026-04-16 15:27:26,709 - httpx - INFO - HTTP Request: POST https://dashscope.aliyuncs.com/compatible-mode/v1/files "HTTP/1.1 200 OK"
2026-04-16 15:27:26,709 - ai_service_enhanced - INFO - 文件上传成功: C:\Users\chenkk\Desktop\新建文件夹 (2)\300732-2026-04-16-设研院-2025年年度报告.pdf (文件ID: file-fe-c7013316cb6a45e79be17aa6)
2026-04-16 15:27:26,709 - __main___file_only - INFO - 上传文件: 300732-2026-04-16-设研院-2025年年度报告.pdf (大小: 0.78 MB, ID: file-fe-c7013316cb6a45e79be17aa6)
2026-04-16 15:27:28,732 - httpx - INFO - HTTP Request: POST https://dashscope.aliyuncs.com/compatible-mode/v1/files "HTTP/1.1 200 OK"
2026-04-16 15:27:28,732 - ai_service_enhanced - INFO - 文件上传成功: C:\Users\chenkk\Desktop\新建文件夹 (2)\300886-2026-04-16-华业香料-2025年年度报告.pdf (文件ID: file-fe-ffe4818c643c432d9d560022)
2026-04-16 15:27:28,733 - __main___file_only - INFO - 上传文件: 300886-2026-04-16-华业香料-2025年年度报告.pdf (大小: 0.33 MB, ID: file-fe-ffe4818c643c432d9d560022)
2026-04-16 15:27:28,884 - httpx - INFO - HTTP Request: POST https://dashscope.aliyuncs.com/compatible-mode/v1/files "HTTP/1.1 200 OK"
2026-04-16 15:27:28,885 - ai_service_enhanced - INFO - 文件上传成功: C:\Users\chenkk\Desktop\新建文件夹 (2)\300918-2026-04-16-南山智尚-2025年年度报告.pdf (文件ID: file-fe-29bd8216ba2d4f0da06bfb54)
2026-04-16 15:27:28,885 - __main___file_only - INFO - 上传文件: 300918-2026-04-16-南山智尚-2025年年度报告.pdf (大小: 1.25 MB, ID: file-fe-29bd8216ba2d4f0da06bfb54)
2026-04-16 15:27:29,019 - httpx - INFO - HTTP Request: POST https://dashscope.aliyuncs.com/compatible-mode/v1/chat/completions "HTTP/1.1 200 OK"
2026-04-16 15:27:29,360 - __main___file_only - INFO - 找到持股数据: 000533 2026-04-16 (9条)
2026-04-16 15:27:29,419 - __main___file_only - INFO - 找到报酬数据: 000533 2026-04-16
2026-04-16 15:27:29,419 - __main__ - INFO - 处理成功: 000533-2026-04-16-顺钠股份-2025年年度报告.pdf
2026-04-16 15:27:29,420 - __main___file_only - INFO - 文件处理成功: 000533-2026-04-16-顺钠股份-2025年年度报告.pdf (耗时: 25.70秒)
2026-04-16 15:27:30,086 - httpx - INFO - HTTP Request: DELETE https://dashscope.aliyuncs.com/compatible-mode/v1/files/file-fe-1ac89708160c42fbabe8ded5 "HTTP/1.1 200 OK"
2026-04-16 15:27:30,088 - __main__ - INFO - 开始处理文件: 300296-2026-04-16-利亚德-2025年年度报告.pdf
2026-04-16 15:27:30,923 - httpx - INFO - HTTP Request: POST https://dashscope.aliyuncs.com/compatible-mode/v1/files "HTTP/1.1 200 OK"
2026-04-16 15:27:30,924 - ai_service_enhanced - INFO - 文件上传成功: C:\Users\chenkk\Desktop\新建文件夹 (2)\300967-2026-04-16-晓鸣股份-2025年年度报告.pdf (文件ID: file-fe-5dec01e5641f4437b3c07e91)
2026-04-16 15:27:30,924 - __main___file_only - INFO - 上传文件: 300967-2026-04-16-晓鸣股份-2025年年度报告.pdf (大小: 0.35 MB, ID: file-fe-5dec01e5641f4437b3c07e91)
2026-04-16 15:27:30,929 - httpx - INFO - HTTP Request: POST https://dashscope.aliyuncs.com/compatible-mode/v1/files "HTTP/1.1 200 OK"
2026-04-16 15:27:30,930 - ai_service_enhanced - INFO - 文件上传成功: C:\Users\chenkk\Desktop\新建文件夹 (2)\301128-2026-04-16-强瑞技术-2025年年度报告.pdf (文件ID: file-fe-5a4de39429d24fb1982fb536)
2026-04-16 15:27:30,930 - __main___file_only - INFO - 上传文件: 301128-2026-04-16-强瑞技术-2025年年度报告.pdf (大小: 0.39 MB, ID: file-fe-5a4de39429d24fb1982fb536)
2026-04-16 15:27:33,024 - httpx - INFO - HTTP Request: POST https://dashscope.aliyuncs.com/compatible-mode/v1/files "HTTP/1.1 200 OK"
2026-04-16 15:27:33,025 - ai_service_enhanced - INFO - 文件上传成功: C:\Users\chenkk\Desktop\新建文件夹 (2)\301283-2026-04-16-聚胶股份-2025年年度报告.pdf (文件ID: file-fe-fa9b949db21348f0b6ff20ec)
2026-04-16 15:27:33,025 - __main___file_only - INFO - 上传文件: 301283-2026-04-16-聚胶股份-2025年年度报告.pdf (大小: 0.49 MB, ID: file-fe-fa9b949db21348f0b6ff20ec)
2026-04-16 15:27:33,145 - httpx - INFO - HTTP Request: POST https://dashscope.aliyuncs.com/compatible-mode/v1/files "HTTP/1.1 200 OK"
2026-04-16 15:27:33,146 - ai_service_enhanced - INFO - 文件上传成功: C:\Users\chenkk\Desktop\新建文件夹 (2)\301281-2026-04-16-科源制药-2025年年度报告.pdf (文件ID: file-fe-ac5da35e09914db88f26bd99)
2026-04-16 15:27:33,146 - __main___file_only - INFO - 上传文件: 301281-2026-04-16-科源制药-2025年年度报告.pdf (大小: 0.40 MB, ID: file-fe-ac5da35e09914db88f26bd99)
2026-04-16 15:27:34,018 - httpx - INFO - HTTP Request: POST https://dashscope.aliyuncs.com/compatible-mode/v1/chat/completions "HTTP/1.1 200 OK"
2026-04-16 15:27:34,140 - __main___file_only - INFO - 找到持股数据: 002629 2026-04-16 (8条)
2026-04-16 15:27:34,189 - __main___file_only - INFO - 未找到报酬数据: 002629 2026-04-16
2026-04-16 15:27:34,189 - __main__ - INFO - 处理成功: 002629-2026-04-16-仁智股份-2025年年度报告.pdf
2026-04-16 15:27:34,189 - __main___file_only - INFO - 文件处理成功: 002629-2026-04-16-仁智股份-2025年年度报告.pdf (耗时: 26.52秒)
2026-04-16 15:27:34,812 - httpx - INFO - HTTP Request: DELETE https://dashscope.aliyuncs.com/compatible-mode/v1/files/file-fe-97a9562310d948e2b9a453fb "HTTP/1.1 200 OK"
2026-04-16 15:27:34,813 - __main__ - INFO - 开始处理文件: 300281-2026-04-16-金明精机-2025年年度报告.pdf
2026-04-16 15:27:35,043 - httpx - INFO - HTTP Request: POST https://dashscope.aliyuncs.com/compatible-mode/v1/files "HTTP/1.1 200 OK"
2026-04-16 15:27:35,043 - ai_service_enhanced - INFO - 文件上传成功: C:\Users\chenkk\Desktop\新建文件夹 (2)\301366-2026-04-16-一博科技-2025年年度报告.pdf (文件ID: file-fe-b3afdd8a3a224a0ea0f20724)
2026-04-16 15:27:35,043 - __main___file_only - INFO - 上传文件: 301366-2026-04-16-一博科技-2025年年度报告.pdf (大小: 0.37 MB, ID: file-fe-b3afdd8a3a224a0ea0f20724)
2026-04-16 15:27:35,067 - httpx - INFO - HTTP Request: POST https://dashscope.aliyuncs.com/compatible-mode/v1/files "HTTP/1.1 200 OK"
2026-04-16 15:27:35,068 - ai_service_enhanced - INFO - 文件上传成功: C:\Users\chenkk\Desktop\新建文件夹 (2)\301286-2026-04-16-侨源股份-2025年年度报告.pdf (文件ID: file-fe-7c9a7f3a44a842ce93eb93ec)
2026-04-16 15:27:35,068 - __main___file_only - INFO - 上传文件: 301286-2026-04-16-侨源股份-2025年年度报告.pdf (大小: 0.31 MB, ID: file-fe-7c9a7f3a44a842ce93eb93ec)
2026-04-16 15:27:35,379 - httpx - INFO - HTTP Request: POST https://dashscope.aliyuncs.com/compatible-mode/v1/chat/completions "HTTP/1.1 200 OK"
2026-04-16 15:27:35,504 - __main___file_only - INFO - 找到持股数据: 002180 2026-04-15 (15条)
2026-04-16 15:27:35,550 - __main___file_only - INFO - 找到报酬数据: 002180 2026-04-15
2026-04-16 15:27:35,550 - __main__ - INFO - 处理成功: 002180-2026-04-15-纳思达-2025年年度报告.pdf
2026-04-16 15:27:35,550 - __main___file_only - INFO - 文件处理成功: 002180-2026-04-15-纳思达-2025年年度报告.pdf (耗时: 30.52秒)
2026-04-16 15:27:36,289 - httpx - INFO - HTTP Request: DELETE https://dashscope.aliyuncs.com/compatible-mode/v1/files/file-fe-f258a835d833437a820369b3 "HTTP/1.1 200 OK"
2026-04-16 15:27:36,289 - __main__ - INFO - 开始处理文件: 300305-2026-04-16-裕兴股份-2025年年度报告.pdf
2026-04-16 15:27:37,209 - httpx - INFO - HTTP Request: POST https://dashscope.aliyuncs.com/compatible-mode/v1/files "HTTP/1.1 200 OK"
2026-04-16 15:27:37,210 - ai_service_enhanced - INFO - 文件上传成功: C:\Users\chenkk\Desktop\新建文件夹 (2)\600089-2026-04-16-特变电工-特变电工股份有限公司2025年年度报告.pdf (文件ID: file-fe-bcf802eedd6e45948c3eee21)
2026-04-16 15:27:37,210 - __main___file_only - INFO - 上传文件: 600089-2026-04-16-特变电工-特变电工股份有限公司2025年年度报告.pdf (大小: 0.30 MB, ID: file-fe-bcf802eedd6e45948c3eee21)
2026-04-16 15:27:37,223 - httpx - INFO - HTTP Request: POST https://dashscope.aliyuncs.com/compatible-mode/v1/files "HTTP/1.1 200 OK"
2026-04-16 15:27:37,224 - ai_service_enhanced - INFO - 文件上传成功: C:\Users\chenkk\Desktop\新建文件夹 (2)\301373-2026-04-16-凌玮科技-2025年年度报告.pdf (文件ID: file-fe-dcba1559e5924cffa671cf64)
2026-04-16 15:27:37,224 - __main___file_only - INFO - 上传文件: 301373-2026-04-16-凌玮科技-2025年年度报告.pdf (大小: 0.31 MB, ID: file-fe-dcba1559e5924cffa671cf64)
2026-04-16 15:27:37,607 - httpx - INFO - HTTP Request: POST https://dashscope.aliyuncs.com/compatible-mode/v1/chat/completions "HTTP/1.1 200 OK"
2026-04-16 15:27:37,811 - __main___file_only - INFO - 找到持股数据: 002344 2026-04-16 (22条)
2026-04-16 15:27:37,863 - __main___file_only - INFO - 未找到报酬数据: 002344 2026-04-16
2026-04-16 15:27:37,863 - __main__ - INFO - 处理成功: 002344-2026-04-16-海宁皮城-2025年年度报告.pdf
2026-04-16 15:27:37,863 - __main___file_only - INFO - 文件处理成功: 002344-2026-04-16-海宁皮城-2025年年度报告.pdf (耗时: 32.57秒)
2026-04-16 15:27:38,227 - httpx - INFO - HTTP Request: POST https://dashscope.aliyuncs.com/compatible-mode/v1/chat/completions "HTTP/1.1 200 OK"
2026-04-16 15:27:38,385 - __main___file_only - INFO - 找到持股数据: 002001 2026-04-16 (12条)
2026-04-16 15:27:38,435 - __main___file_only - INFO - 未找到报酬数据: 002001 2026-04-16
2026-04-16 15:27:38,435 - __main__ - INFO - 处理成功: 002001-2026-04-16-新和成-2025年年度报告.pdf
2026-04-16 15:27:38,435 - __main___file_only - INFO - 文件处理成功: 002001-2026-04-16-新和成-2025年年度报告.pdf (耗时: 34.45秒)
2026-04-16 15:27:38,519 - httpx - INFO - HTTP Request: POST https://dashscope.aliyuncs.com/compatible-mode/v1/chat/completions "HTTP/1.1 200 OK"
2026-04-16 15:27:38,539 - httpx - INFO - HTTP Request: DELETE https://dashscope.aliyuncs.com/compatible-mode/v1/files/file-fe-621e2b49753841e48ada0d04 "HTTP/1.1 200 OK"
2026-04-16 15:27:38,539 - __main__ - INFO - 开始处理文件: 300440-2026-04-16-运达科技-2025年年度报告.pdf
2026-04-16 15:27:38,667 - __main___file_only - INFO - 找到持股数据: 002823 2026-04-16 (14条)
2026-04-16 15:27:38,720 - __main___file_only - INFO - 未找到报酬数据: 002823 2026-04-16
2026-04-16 15:27:38,720 - __main__ - INFO - 处理成功: 002823-2026-04-16-凯中精密-2025年年度报告.pdf
2026-04-16 15:27:38,721 - __main___file_only - INFO - 文件处理成功: 002823-2026-04-16-凯中精密-2025年年度报告.pdf (耗时: 29.20秒)
2026-04-16 15:27:39,113 - httpx - INFO - HTTP Request: DELETE https://dashscope.aliyuncs.com/compatible-mode/v1/files/file-fe-01619f77b7ff475a810d0382 "HTTP/1.1 200 OK"
2026-04-16 15:27:39,114 - __main__ - INFO - 开始处理文件: 300623-2026-04-16-捷捷微电-2025年年度报告.pdf
2026-04-16 15:27:39,352 - httpx - INFO - HTTP Request: POST https://dashscope.aliyuncs.com/compatible-mode/v1/files "HTTP/1.1 200 OK"
2026-04-16 15:27:39,352 - ai_service_enhanced - INFO - 文件上传成功: C:\Users\chenkk\Desktop\新建文件夹 (2)\600283-2026-04-16-钱江水利-钱江水利2025年年度报告.pdf (文件ID: file-fe-dada2c4f0ddc4a488d90f91f)
2026-04-16 15:27:39,352 - __main___file_only - INFO - 上传文件: 600283-2026-04-16-钱江水利-钱江水利2025年年度报告.pdf (大小: 0.28 MB, ID: file-fe-dada2c4f0ddc4a488d90f91f)
2026-04-16 15:27:39,384 - httpx - INFO - HTTP Request: POST https://dashscope.aliyuncs.com/compatible-mode/v1/files "HTTP/1.1 200 OK"
2026-04-16 15:27:39,385 - ai_service_enhanced - INFO - 文件上传成功: C:\Users\chenkk\Desktop\新建文件夹 (2)\600371-2026-04-16-万向德农-万向德农股份有限公司2025年年度报告.pdf (文件ID: file-fe-0c5761d4ac5a4e689ae7d69a)
2026-04-16 15:27:39,385 - __main___file_only - INFO - 上传文件: 600371-2026-04-16-万向德农-万向德农股份有限公司2025年年度报告.pdf (大小: 0.57 MB, ID: file-fe-0c5761d4ac5a4e689ae7d69a)
2026-04-16 15:27:39,459 - httpx - INFO - HTTP Request: DELETE https://dashscope.aliyuncs.com/compatible-mode/v1/files/file-fe-ad555391a051407da09459df "HTTP/1.1 200 OK"
2026-04-16 15:27:39,460 - __main__ - INFO - 开始处理文件: 300618-2026-04-16-寒锐钴业-2025年年度报告.pdf
2026-04-16 15:27:40,156 - httpx - INFO - HTTP Request: POST https://dashscope.aliyuncs.com/compatible-mode/v1/chat/completions "HTTP/1.1 200 OK"
2026-04-16 15:27:40,307 - __main___file_only - INFO - 找到持股数据: 300058 2026-04-16 (11条)
2026-04-16 15:27:40,353 - __main___file_only - INFO - 未找到报酬数据: 300058 2026-04-16
2026-04-16 15:27:40,353 - __main__ - INFO - 处理成功: 300058-2026-04-16-蓝色光标-2025年年度报告.pdf
2026-04-16 15:27:40,353 - __main___file_only - INFO - 文件处理成功: 300058-2026-04-16-蓝色光标-2025年年度报告.pdf (耗时: 26.07秒)
2026-04-16 15:27:41,086 - httpx - INFO - HTTP Request: DELETE https://dashscope.aliyuncs.com/compatible-mode/v1/files/file-fe-c13ec2207c6a44df842f41ee "HTTP/1.1 200 OK"
2026-04-16 15:27:41,086 - __main__ - INFO - 开始处理文件: 300666-2026-04-16-江丰电子-2025年年度报告.pdf
2026-04-16 15:27:41,406 - httpx - INFO - HTTP Request: POST https://dashscope.aliyuncs.com/compatible-mode/v1/files "HTTP/1.1 200 OK"
2026-04-16 15:27:41,407 - ai_service_enhanced - INFO - 文件上传成功: C:\Users\chenkk\Desktop\新建文件夹 (2)\600461-2026-04-16-洪城环境-江西洪城环境股份有限公司2025年年度报告.pdf (文件ID: file-fe-8143bf98f1154fe78ff73dc3)
2026-04-16 15:27:41,407 - __main___file_only - INFO - 上传文件: 600461-2026-04-16-洪城环境-江西洪城环境股份有限公司2025年年度报告.pdf (大小: 0.25 MB, ID: file-fe-8143bf98f1154fe78ff73dc3)
2026-04-16 15:27:41,500 - httpx - INFO - HTTP Request: POST https://dashscope.aliyuncs.com/compatible-mode/v1/files "HTTP/1.1 200 OK"
2026-04-16 15:27:41,500 - ai_service_enhanced - INFO - 文件上传成功: C:\Users\chenkk\Desktop\新建文件夹 (2)\600386-2026-04-16-北巴传媒-北京巴士传媒股份有限公司2025年年度报告.pdf (文件ID: file-fe-18acdec774f942d9835e2757)
2026-04-16 15:27:41,501 - __main___file_only - INFO - 上传文件: 600386-2026-04-16-北巴传媒-北京巴士传媒股份有限公司2025年年度报告.pdf (大小: 0.27 MB, ID: file-fe-18acdec774f942d9835e2757)
2026-04-16 15:27:43,290 - httpx - INFO - HTTP Request: POST https://dashscope.aliyuncs.com/compatible-mode/v1/chat/completions "HTTP/1.1 200 OK"
2026-04-16 15:27:43,443 - httpx - INFO - HTTP Request: POST https://dashscope.aliyuncs.com/compatible-mode/v1/chat/completions "HTTP/1.1 200 OK"
2026-04-16 15:27:43,547 - httpx - INFO - HTTP Request: POST https://dashscope.aliyuncs.com/compatible-mode/v1/files "HTTP/1.1 200 OK"
2026-04-16 15:27:43,547 - ai_service_enhanced - INFO - 文件上传成功: C:\Users\chenkk\Desktop\新建文件夹 (2)\600666-2026-04-16-奥瑞德-奥瑞德2025年年度报告.pdf (文件ID: file-fe-a03dc075e49b45e0a33093b4)
2026-04-16 15:27:43,547 - __main___file_only - INFO - 上传文件: 600666-2026-04-16-奥瑞德-奥瑞德2025年年度报告.pdf (大小: 0.27 MB, ID: file-fe-a03dc075e49b45e0a33093b4)
2026-04-16 15:27:43,552 - __main___file_only - INFO - 找到持股数据: 002949 2026-04-16 (11条)
2026-04-16 15:27:43,622 - __main___file_only - INFO - 找到报酬数据: 002949 2026-04-16
2026-04-16 15:27:43,623 - __main__ - INFO - 处理成功: 002949-2026-04-16-华阳国际-2025年年度报告.pdf
2026-04-16 15:27:43,623 - __main___file_only - INFO - 文件处理成功: 002949-2026-04-16-华阳国际-2025年年度报告.pdf (耗时: 31.72秒)
2026-04-16 15:27:43,664 - httpx - INFO - HTTP Request: POST https://dashscope.aliyuncs.com/compatible-mode/v1/files "HTTP/1.1 200 OK"
2026-04-16 15:27:43,665 - ai_service_enhanced - INFO - 文件上传成功: C:\Users\chenkk\Desktop\新建文件夹 (2)\600707-2026-04-16-彩虹股份-彩虹股份2025年年度报告.pdf (文件ID: file-fe-cf2ec78b1b3c494fa0095bfa)
2026-04-16 15:27:43,665 - __main___file_only - INFO - 上传文件: 600707-2026-04-16-彩虹股份-彩虹股份2025年年度报告.pdf (大小: 0.35 MB, ID: file-fe-cf2ec78b1b3c494fa0095bfa)
2026-04-16 15:27:43,687 - __main___file_only - INFO - 找到持股数据: 300075 2026-04-16 (9条)
2026-04-16 15:27:43,738 - __main___file_only - INFO - 未找到报酬数据: 300075 2026-04-16
2026-04-16 15:27:43,738 - __main__ - INFO - 处理成功: 300075-2026-04-16-数字政通-2025年年度报告.pdf
2026-04-16 15:27:43,738 - __main___file_only - INFO - 文件处理成功: 300075-2026-04-16-数字政通-2025年年度报告.pdf (耗时: 27.35秒)
2026-04-16 15:27:44,252 - httpx - INFO - HTTP Request: DELETE https://dashscope.aliyuncs.com/compatible-mode/v1/files/file-fe-a6524f43567b4bf9b314231a "HTTP/1.1 200 OK"
2026-04-16 15:27:44,252 - __main__ - INFO - 开始处理文件: 300685-2026-04-16-艾德生物-2025年年度报告.pdf
2026-04-16 15:27:44,380 - httpx - INFO - HTTP Request: DELETE https://dashscope.aliyuncs.com/compatible-mode/v1/files/file-fe-33f4b048342b48729644993b "HTTP/1.1 200 OK"
2026-04-16 15:27:44,380 - __main__ - INFO - 开始处理文件: 300717-2026-04-16-华信新材-2025年年度报告.pdf
2026-04-16 15:27:44,448 - httpx - INFO - HTTP Request: POST https://dashscope.aliyuncs.com/compatible-mode/v1/chat/completions "HTTP/1.1 200 OK"
2026-04-16 15:27:44,693 - __main___file_only - INFO - 找到持股数据: 002896 2026-04-16 (15条)
2026-04-16 15:27:44,747 - __main___file_only - INFO - 未找到报酬数据: 002896 2026-04-16
2026-04-16 15:27:44,748 - __main__ - INFO - 处理成功: 002896-2026-04-16-中大力德-2025年年度报告.pdf
2026-04-16 15:27:44,748 - __main___file_only - INFO - 文件处理成功: 002896-2026-04-16-中大力德-2025年年度报告.pdf (耗时: 34.70秒)
2026-04-16 15:27:45,312 - httpx - INFO - HTTP Request: DELETE https://dashscope.aliyuncs.com/compatible-mode/v1/files/file-fe-66f41614587b467bb5835c90 "HTTP/1.1 200 OK"
2026-04-16 15:27:45,313 - __main__ - INFO - 开始处理文件: 300732-2026-04-16-设研院-2025年年度报告.pdf
2026-04-16 15:27:45,746 - httpx - INFO - HTTP Request: POST https://dashscope.aliyuncs.com/compatible-mode/v1/files "HTTP/1.1 200 OK"
2026-04-16 15:27:45,746 - ai_service_enhanced - INFO - 文件上传成功: C:\Users\chenkk\Desktop\新建文件夹 (2)\600757-2026-04-16-长江传媒-长江传媒2025年年度报告.pdf (文件ID: file-fe-96bba1192cb1473e98403543)
2026-04-16 15:27:45,747 - __main___file_only - INFO - 上传文件: 600757-2026-04-16-长江传媒-长江传媒2025年年度报告.pdf (大小: 0.28 MB, ID: file-fe-96bba1192cb1473e98403543)
2026-04-16 15:27:45,855 - httpx - INFO - HTTP Request: POST https://dashscope.aliyuncs.com/compatible-mode/v1/files "HTTP/1.1 200 OK"
2026-04-16 15:27:45,856 - ai_service_enhanced - INFO - 文件上传成功: C:\Users\chenkk\Desktop\新建文件夹 (2)\600854-2026-04-16-春兰股份-600854_春兰股份_2025年_年度报告.pdf (文件ID: file-fe-9c8f42bc0cdf479990a1dd0a)
2026-04-16 15:27:45,856 - __main___file_only - INFO - 上传文件: 600854-2026-04-16-春兰股份-600854_春兰股份_2025年_年度报告.pdf (大小: 0.25 MB, ID: file-fe-9c8f42bc0cdf479990a1dd0a)
2026-04-16 15:27:46,367 - httpx - INFO - HTTP Request: POST https://dashscope.aliyuncs.com/compatible-mode/v1/chat/completions "HTTP/1.1 200 OK"
2026-04-16 15:27:46,492 - __main___file_only - INFO - 找到持股数据: 002628 2026-04-16 (13条)
2026-04-16 15:27:46,541 - __main___file_only - INFO - 找到报酬数据: 002628 2026-04-16
2026-04-16 15:27:46,542 - __main__ - INFO - 处理成功: 002628-2026-04-16-成都路桥-2025年年度报告.pdf
2026-04-16 15:27:46,542 - __main___file_only - INFO - 文件处理成功: 002628-2026-04-16-成都路桥-2025年年度报告.pdf (耗时: 39.66秒)
2026-04-16 15:27:46,576 - httpx - INFO - HTTP Request: POST https://dashscope.aliyuncs.com/compatible-mode/v1/chat/completions "HTTP/1.1 200 OK"
2026-04-16 15:27:46,803 - __main___file_only - INFO - 找到持股数据: 300296 2026-04-16 (9条)
2026-04-16 15:27:46,853 - __main___file_only - INFO - 未找到报酬数据: 300296 2026-04-16
2026-04-16 15:27:46,853 - __main__ - INFO - 处理成功: 300296-2026-04-16-利亚德-2025年年度报告.pdf
2026-04-16 15:27:46,853 - __main___file_only - INFO - 文件处理成功: 300296-2026-04-16-利亚德-2025年年度报告.pdf (耗时: 16.77秒)
2026-04-16 15:27:47,172 - httpx - INFO - HTTP Request: DELETE https://dashscope.aliyuncs.com/compatible-mode/v1/files/file-fe-d83b7d2366a148ffb98c3d1d "HTTP/1.1 200 OK"
2026-04-16 15:27:47,172 - __main__ - INFO - 开始处理文件: 300886-2026-04-16-华业香料-2025年年度报告.pdf
2026-04-16 15:27:47,435 - httpx - INFO - HTTP Request: DELETE https://dashscope.aliyuncs.com/compatible-mode/v1/files/file-fe-41060d6c137c4e74ae27db42 "HTTP/1.1 200 OK"
2026-04-16 15:27:47,436 - __main__ - INFO - 开始处理文件: 300918-2026-04-16-南山智尚-2025年年度报告.pdf
2026-04-16 15:27:47,886 - httpx - INFO - HTTP Request: POST https://dashscope.aliyuncs.com/compatible-mode/v1/files "HTTP/1.1 200 OK"
2026-04-16 15:27:47,887 - ai_service_enhanced - INFO - 文件上传成功: C:\Users\chenkk\Desktop\新建文件夹 (2)\601339-2026-04-16-百隆东方-百隆东方2025年度报告.pdf (文件ID: file-fe-4095cccb451e44959e7a6133)
2026-04-16 15:27:47,888 - __main___file_only - INFO - 上传文件: 601339-2026-04-16-百隆东方-百隆东方2025年度报告.pdf (大小: 0.27 MB, ID: file-fe-4095cccb451e44959e7a6133)
2026-04-16 15:27:47,918 - httpx - INFO - HTTP Request: POST https://dashscope.aliyuncs.com/compatible-mode/v1/files "HTTP/1.1 200 OK"
2026-04-16 15:27:47,919 - ai_service_enhanced - INFO - 文件上传成功: C:\Users\chenkk\Desktop\新建文件夹 (2)\600935-2026-04-16-华塑股份-安徽华塑股份有限公司2025年年度报告.pdf (文件ID: file-fe-08e56d48c2b94370973830e0)
2026-04-16 15:27:47,919 - __main___file_only - INFO - 上传文件: 600935-2026-04-16-华塑股份-安徽华塑股份有限公司2025年年度报告.pdf (大小: 0.29 MB, ID: file-fe-08e56d48c2b94370973830e0)
2026-04-16 15:27:49,746 - httpx - INFO - HTTP Request: POST https://dashscope.aliyuncs.com/compatible-mode/v1/chat/completions "HTTP/1.1 200 OK"
2026-04-16 15:27:49,904 - __main___file_only - INFO - 找到持股数据: 300174 2026-04-16 (11条)
2026-04-16 15:27:49,951 - __main___file_only - INFO - 未找到报酬数据: 300174 2026-04-16
2026-04-16 15:27:49,951 - __main__ - INFO - 处理成功: 300174-2026-04-16-元力股份-2025年年度报告.pdf
2026-04-16 15:27:49,951 - __main___file_only - INFO - 文件处理成功: 300174-2026-04-16-元力股份-2025年年度报告.pdf (耗时: 33.82秒)
2026-04-16 15:27:50,017 - httpx - INFO - HTTP Request: POST https://dashscope.aliyuncs.com/compatible-mode/v1/files "HTTP/1.1 200 OK"
2026-04-16 15:27:50,018 - ai_service_enhanced - INFO - 文件上传成功: C:\Users\chenkk\Desktop\新建文件夹 (2)\603075-2026-04-16-热威股份-2025年年度报告.pdf (文件ID: file-fe-bf8da2a8cdda44ceb5f52a04)
2026-04-16 15:27:50,018 - __main___file_only - INFO - 上传文件: 603075-2026-04-16-热威股份-2025年年度报告.pdf (大小: 0.27 MB, ID: file-fe-bf8da2a8cdda44ceb5f52a04)
2026-04-16 15:27:50,087 - httpx - INFO - HTTP Request: POST https://dashscope.aliyuncs.com/compatible-mode/v1/files "HTTP/1.1 200 OK"
2026-04-16 15:27:50,088 - ai_service_enhanced - INFO - 文件上传成功: C:\Users\chenkk\Desktop\新建文件夹 (2)\601877-2026-04-16-正泰电器-正泰电器2025年年度报告.pdf (文件ID: file-fe-59c592d1e10d45d188e129ac)
2026-04-16 15:27:50,088 - __main___file_only - INFO - 上传文件: 601877-2026-04-16-正泰电器-正泰电器2025年年度报告.pdf (大小: 0.33 MB, ID: file-fe-59c592d1e10d45d188e129ac)
2026-04-16 15:27:50,617 - httpx - INFO - HTTP Request: DELETE https://dashscope.aliyuncs.com/compatible-mode/v1/files/file-fe-f6f0c8948a0945dbb19e3d39 "HTTP/1.1 200 OK"
2026-04-16 15:27:50,617 - __main__ - INFO - 开始处理文件: 300967-2026-04-16-晓鸣股份-2025年年度报告.pdf
2026-04-16 15:27:52,178 - httpx - INFO - HTTP Request: POST https://dashscope.aliyuncs.com/compatible-mode/v1/files "HTTP/1.1 200 OK"
2026-04-16 15:27:52,179 - ai_service_enhanced - INFO - 文件上传成功: C:\Users\chenkk\Desktop\新建文件夹 (2)\603102-2026-04-16-百合股份-威海百合生物技术股份有限公司2025年年度报告.pdf (文件ID: file-fe-d6c5a953876349b38f2ddeaf)
2026-04-16 15:27:52,179 - __main___file_only - INFO - 上传文件: 603102-2026-04-16-百合股份-威海百合生物技术股份有限公司2025年年度报告.pdf (大小: 0.31 MB, ID: file-fe-d6c5a953876349b38f2ddeaf)
2026-04-16 15:27:52,187 - httpx - INFO - HTTP Request: POST https://dashscope.aliyuncs.com/compatible-mode/v1/files "HTTP/1.1 200 OK"
2026-04-16 15:27:52,188 - ai_service_enhanced - INFO - 文件上传成功: C:\Users\chenkk\Desktop\新建文件夹 (2)\603129-2026-04-16-春风动力-春风动力2025年年度报告.pdf (文件ID: file-fe-19aa97340eb5413c94a2db66)
2026-04-16 15:27:52,188 - __main___file_only - INFO - 上传文件: 603129-2026-04-16-春风动力-春风动力2025年年度报告.pdf (大小: 0.31 MB, ID: file-fe-19aa97340eb5413c94a2db66)
2026-04-16 15:27:52,729 - httpx - INFO - HTTP Request: POST https://dashscope.aliyuncs.com/compatible-mode/v1/chat/completions "HTTP/1.1 400 Bad Request"
2026-04-16 15:27:52,730 - ai_service_enhanced - ERROR - AI服务调用失败: Error code: 400 - {'error': {'message': 'File parsing in progress, please try again later.', 'type': 'invalid_request_error', 'param': None, 'code': 'invalid_parameter_error'}, 'id': 'chatcmpl-4383cf24-1766-9f80-ad85-35adb340e8f3', 'request_id': '4383cf24-1766-9f80-ad85-35adb340e8f3'}
2026-04-16 15:27:53,765 - httpx - INFO - HTTP Request: POST https://dashscope.aliyuncs.com/compatible-mode/v1/chat/completions "HTTP/1.1 200 OK"
2026-04-16 15:27:53,887 - httpx - INFO - HTTP Request: POST https://dashscope.aliyuncs.com/compatible-mode/v1/chat/completions "HTTP/1.1 200 OK"
2026-04-16 15:27:53,888 - __main___file_only - INFO - 找到持股数据: 300281 2026-04-16 (11条)
2026-04-16 15:27:53,959 - __main___file_only - INFO - 未找到报酬数据: 300281 2026-04-16
2026-04-16 15:27:53,960 - __main__ - INFO - 处理成功: 300281-2026-04-16-金明精机-2025年年度报告.pdf
2026-04-16 15:27:53,960 - __main___file_only - INFO - 文件处理成功: 300281-2026-04-16-金明精机-2025年年度报告.pdf (耗时: 19.15秒)
2026-04-16 15:27:54,054 - __main___file_only - INFO - 找到持股数据: 003027 2026-04-16 (17条)
2026-04-16 15:27:54,107 - __main___file_only - INFO - 未找到报酬数据: 003027 2026-04-16
2026-04-16 15:27:54,108 - __main__ - INFO - 处理成功: 003027-2026-04-16-同兴科技-2025年年度报告.pdf
2026-04-16 15:27:54,108 - __main___file_only - INFO - 文件处理成功: 003027-2026-04-16-同兴科技-2025年年度报告.pdf (耗时: 40.09秒)
2026-04-16 15:27:54,353 - httpx - INFO - HTTP Request: POST https://dashscope.aliyuncs.com/compatible-mode/v1/files "HTTP/1.1 200 OK"
2026-04-16 15:27:54,354 - ai_service_enhanced - INFO - 文件上传成功: C:\Users\chenkk\Desktop\新建文件夹 (2)\603355-2026-04-16-莱克电气-莱克电气2025年年度报告.pdf (文件ID: file-fe-339118ce54b642d69100d661)
2026-04-16 15:27:54,354 - __main___file_only - INFO - 上传文件: 603355-2026-04-16-莱克电气-莱克电气2025年年度报告.pdf (大小: 0.29 MB, ID: file-fe-339118ce54b642d69100d661)
2026-04-16 15:27:54,401 - httpx - INFO - HTTP Request: POST https://dashscope.aliyuncs.com/compatible-mode/v1/files "HTTP/1.1 200 OK"
2026-04-16 15:27:54,401 - ai_service_enhanced - INFO - 文件上传成功: C:\Users\chenkk\Desktop\新建文件夹 (2)\603213-2026-04-16-镇洋发展-浙江镇洋发展股份有限公司2025年年度报告.pdf (文件ID: file-fe-2013908ff60c4993856e4498)
2026-04-16 15:27:54,401 - __main___file_only - INFO - 上传文件: 603213-2026-04-16-镇洋发展-浙江镇洋发展股份有限公司2025年年度报告.pdf (大小: 0.29 MB, ID: file-fe-2013908ff60c4993856e4498)
2026-04-16 15:27:54,598 - httpx - INFO - HTTP Request: DELETE https://dashscope.aliyuncs.com/compatible-mode/v1/files/file-fe-c906c3fe9d214a2fb6447ff8 "HTTP/1.1 200 OK"
2026-04-16 15:27:54,598 - __main__ - INFO - 开始处理文件: 301128-2026-04-16-强瑞技术-2025年年度报告.pdf
2026-04-16 15:27:54,740 - httpx - INFO - HTTP Request: DELETE https://dashscope.aliyuncs.com/compatible-mode/v1/files/file-fe-1638d076a99c4f03b907c8b0 "HTTP/1.1 200 OK"
2026-04-16 15:27:54,741 - __main__ - INFO - 开始处理文件: 301283-2026-04-16-聚胶股份-2025年年度报告.pdf
2026-04-16 15:27:54,906 - httpx - INFO - HTTP Request: POST https://dashscope.aliyuncs.com/compatible-mode/v1/chat/completions "HTTP/1.1 400 Bad Request"
2026-04-16 15:27:54,907 - ai_service_enhanced - ERROR - AI服务调用失败: Error code: 400 - {'error': {'message': 'File parsing in progress, please try again later.', 'type': 'invalid_request_error', 'param': None, 'code': 'invalid_parameter_error'}, 'id': 'chatcmpl-90466e65-c355-9c65-88ee-20cafcd0432e', 'request_id': '90466e65-c355-9c65-88ee-20cafcd0432e'}
2026-04-16 15:27:56,440 - httpx - INFO - HTTP Request: POST https://dashscope.aliyuncs.com/compatible-mode/v1/files "HTTP/1.1 200 OK"
2026-04-16 15:27:56,441 - ai_service_enhanced - INFO - 文件上传成功: C:\Users\chenkk\Desktop\新建文件夹 (2)\603383-2026-04-16-顶点软件-顶点软件2025年年度报告.pdf (文件ID: file-fe-fcc3dafd2898485cb7cec2af)
2026-04-16 15:27:56,441 - httpx - INFO - HTTP Request: POST https://dashscope.aliyuncs.com/compatible-mode/v1/files "HTTP/1.1 200 OK"
2026-04-16 15:27:56,441 - __main___file_only - INFO - 上传文件: 603383-2026-04-16-顶点软件-顶点软件2025年年度报告.pdf (大小: 0.25 MB, ID: file-fe-fcc3dafd2898485cb7cec2af)
2026-04-16 15:27:56,442 - ai_service_enhanced - INFO - 文件上传成功: C:\Users\chenkk\Desktop\新建文件夹 (2)\603536-2026-04-16-惠发食品-惠发食品2025年年度报告.pdf (文件ID: file-fe-1b4e250cbf544d1bb807f984)
2026-04-16 15:27:56,442 - __main___file_only - INFO - 上传文件: 603536-2026-04-16-惠发食品-惠发食品2025年年度报告.pdf (大小: 0.28 MB, ID: file-fe-1b4e250cbf544d1bb807f984)
2026-04-16 15:27:58,546 - httpx - INFO - HTTP Request: POST https://dashscope.aliyuncs.com/compatible-mode/v1/files "HTTP/1.1 200 OK"
2026-04-16 15:27:58,547 - ai_service_enhanced - INFO - 文件上传成功: C:\Users\chenkk\Desktop\新建文件夹 (2)\603938-2026-04-16-三孚股份-2025年年度报告.pdf (文件ID: file-fe-a20fdd2f4bd145f58b706823)
2026-04-16 15:27:58,547 - __main___file_only - INFO - 上传文件: 603938-2026-04-16-三孚股份-2025年年度报告.pdf (大小: 0.26 MB, ID: file-fe-a20fdd2f4bd145f58b706823)
2026-04-16 15:27:58,727 - httpx - INFO - HTTP Request: POST https://dashscope.aliyuncs.com/compatible-mode/v1/files "HTTP/1.1 200 OK"
2026-04-16 15:27:58,728 - ai_service_enhanced - INFO - 文件上传成功: C:\Users\chenkk\Desktop\新建文件夹 (2)\603916-2026-04-16-苏博特-2025年年度报告.pdf (文件ID: file-fe-b1e5d88092974a45a8750032)
2026-04-16 15:27:58,728 - __main___file_only - INFO - 上传文件: 603916-2026-04-16-苏博特-2025年年度报告.pdf (大小: 0.27 MB, ID: file-fe-b1e5d88092974a45a8750032)
2026-04-16 15:27:59,610 - httpx - INFO - HTTP Request: POST https://dashscope.aliyuncs.com/compatible-mode/v1/chat/completions "HTTP/1.1 400 Bad Request"
2026-04-16 15:27:59,610 - ai_service_enhanced - ERROR - AI服务调用失败: Error code: 400 - {'error': {'message': 'File parsing in progress, please try again later.', 'type': 'invalid_request_error', 'param': None, 'code': 'invalid_parameter_error'}, 'id': 'chatcmpl-c3c55a4e-6b82-9ddb-99c3-cac9b21b9d84', 'request_id': 'c3c55a4e-6b82-9ddb-99c3-cac9b21b9d84'}
2026-04-16 15:28:00,663 - httpx - INFO - HTTP Request: POST https://dashscope.aliyuncs.com/compatible-mode/v1/files "HTTP/1.1 200 OK"
2026-04-16 15:28:00,664 - ai_service_enhanced - INFO - 文件上传成功: C:\Users\chenkk\Desktop\新建文件夹 (2)\605058-2026-04-16-澳弘电子-澳弘电子2025年年度报告.pdf (文件ID: file-fe-f268fd4ba7af4c5eb4c69264)
2026-04-16 15:28:00,664 - __main___file_only - INFO - 上传文件: 605058-2026-04-16-澳弘电子-澳弘电子2025年年度报告.pdf (大小: 0.28 MB, ID: file-fe-f268fd4ba7af4c5eb4c69264)
2026-04-16 15:28:00,741 - httpx - INFO - HTTP Request: POST https://dashscope.aliyuncs.com/compatible-mode/v1/files "HTTP/1.1 200 OK"
2026-04-16 15:28:00,741 - ai_service_enhanced - INFO - 文件上传成功: C:\Users\chenkk\Desktop\新建文件夹 (2)\603977-2026-04-16-国泰集团-江西国泰集团股份有限公司2025年年度报告.pdf (文件ID: file-fe-f4672e7c01b94aacb4c8f953)
2026-04-16 15:28:00,742 - __main___file_only - INFO - 上传文件: 603977-2026-04-16-国泰集团-江西国泰集团股份有限公司2025年年度报告.pdf (大小: 0.28 MB, ID: file-fe-f4672e7c01b94aacb4c8f953)
2026-04-16 15:28:02,803 - httpx - INFO - HTTP Request: POST https://dashscope.aliyuncs.com/compatible-mode/v1/files "HTTP/1.1 200 OK"
2026-04-16 15:28:02,804 - ai_service_enhanced - INFO - 文件上传成功: C:\Users\chenkk\Desktop\新建文件夹 (2)\605166-2026-04-16-聚合顺-聚合顺新材料股份有限公司2025年年度报告.pdf (文件ID: file-fe-5a3eb59a1d044403a797a6e5)
2026-04-16 15:28:02,804 - __main___file_only - INFO - 上传文件: 605166-2026-04-16-聚合顺-聚合顺新材料股份有限公司2025年年度报告.pdf (大小: 0.30 MB, ID: file-fe-5a3eb59a1d044403a797a6e5)
2026-04-16 15:28:02,840 - httpx - INFO - HTTP Request: POST https://dashscope.aliyuncs.com/compatible-mode/v1/files "HTTP/1.1 200 OK"
2026-04-16 15:28:02,841 - ai_service_enhanced - INFO - 文件上传成功: C:\Users\chenkk\Desktop\新建文件夹 (2)\605580-2026-04-16-恒盛能源-恒盛能源股份有限公司2025年年度报告全文.pdf (文件ID: file-fe-71b71d36456846b7b9480c0d)
2026-04-16 15:28:02,841 - __main___file_only - INFO - 上传文件: 605580-2026-04-16-恒盛能源-恒盛能源股份有限公司2025年年度报告全文.pdf (大小: 0.27 MB, ID: file-fe-71b71d36456846b7b9480c0d)
2026-04-16 15:28:03,277 - httpx - INFO - HTTP Request: POST https://dashscope.aliyuncs.com/compatible-mode/v1/chat/completions "HTTP/1.1 200 OK"
2026-04-16 15:28:03,422 - __main___file_only - INFO - 找到持股数据: 300305 2026-04-16 (11条)
2026-04-16 15:28:03,476 - __main___file_only - INFO - 未找到报酬数据: 300305 2026-04-16
2026-04-16 15:28:03,477 - __main__ - INFO - 处理成功: 300305-2026-04-16-裕兴股份-2025年年度报告.pdf
2026-04-16 15:28:03,477 - __main___file_only - INFO - 文件处理成功: 300305-2026-04-16-裕兴股份-2025年年度报告.pdf (耗时: 27.19秒)
2026-04-16 15:28:04,125 - httpx - INFO - HTTP Request: DELETE https://dashscope.aliyuncs.com/compatible-mode/v1/files/file-fe-be85c805e6544cf5a6bb3028 "HTTP/1.1 200 OK"
2026-04-16 15:28:04,126 - __main__ - INFO - 开始处理文件: 301281-2026-04-16-科源制药-2025年年度报告.pdf
2026-04-16 15:28:04,909 - httpx - INFO - HTTP Request: POST https://dashscope.aliyuncs.com/compatible-mode/v1/files "HTTP/1.1 200 OK"
2026-04-16 15:28:04,910 - ai_service_enhanced - INFO - 文件上传成功: C:\Users\chenkk\Desktop\新建文件夹 (2)\688206-2026-04-16-概伦电子-2025年年度报告.pdf (文件ID: file-fe-fb4a985de03a49fe9b16846f)
2026-04-16 15:28:04,910 - __main___file_only - INFO - 上传文件: 688206-2026-04-16-概伦电子-2025年年度报告.pdf (大小: 0.31 MB, ID: file-fe-fb4a985de03a49fe9b16846f)
2026-04-16 15:28:05,002 - httpx - INFO - HTTP Request: POST https://dashscope.aliyuncs.com/compatible-mode/v1/files "HTTP/1.1 200 OK"
2026-04-16 15:28:05,003 - ai_service_enhanced - INFO - 文件上传成功: C:\Users\chenkk\Desktop\新建文件夹 (2)\688019-2026-04-16-安集科技-2025年年度报告.pdf (文件ID: file-fe-b78e246f62fd4aacaa8ad637)
2026-04-16 15:28:05,003 - __main___file_only - INFO - 上传文件: 688019-2026-04-16-安集科技-2025年年度报告.pdf (大小: 0.29 MB, ID: file-fe-b78e246f62fd4aacaa8ad637)
2026-04-16 15:28:05,262 - httpx - INFO - HTTP Request: POST https://dashscope.aliyuncs.com/compatible-mode/v1/chat/completions "HTTP/1.1 200 OK"
2026-04-16 15:28:05,375 - httpx - INFO - HTTP Request: POST https://dashscope.aliyuncs.com/compatible-mode/v1/chat/completions "HTTP/1.1 200 OK"
2026-04-16 15:28:05,407 - __main___file_only - INFO - 找到持股数据: 300618 2026-04-16 (9条)
2026-04-16 15:28:05,457 - __main___file_only - INFO - 找到报酬数据: 300618 2026-04-16
2026-04-16 15:28:05,457 - __main__ - INFO - 处理成功: 300618-2026-04-16-寒锐钴业-2025年年度报告.pdf
2026-04-16 15:28:05,457 - __main___file_only - INFO - 文件处理成功: 300618-2026-04-16-寒锐钴业-2025年年度报告.pdf (耗时: 26.00秒)
2026-04-16 15:28:05,519 - __main___file_only - INFO - 找到持股数据: 300623 2026-04-16 (14条)
2026-04-16 15:28:05,566 - __main___file_only - INFO - 找到报酬数据: 300623 2026-04-16
2026-04-16 15:28:05,566 - __main__ - INFO - 处理成功: 300623-2026-04-16-捷捷微电-2025年年度报告.pdf
2026-04-16 15:28:05,567 - __main___file_only - INFO - 文件处理成功: 300623-2026-04-16-捷捷微电-2025年年度报告.pdf (耗时: 26.45秒)
2026-04-16 15:28:06,139 - httpx - INFO - HTTP Request: DELETE https://dashscope.aliyuncs.com/compatible-mode/v1/files/file-fe-4c020996194f462cb8587ee1 "HTTP/1.1 200 OK"
2026-04-16 15:28:06,140 - __main__ - INFO - 开始处理文件: 301366-2026-04-16-一博科技-2025年年度报告.pdf
2026-04-16 15:28:06,239 - httpx - INFO - HTTP Request: DELETE https://dashscope.aliyuncs.com/compatible-mode/v1/files/file-fe-ae36138e155c40dfa4780e5a "HTTP/1.1 200 OK"
2026-04-16 15:28:06,239 - __main__ - INFO - 开始处理文件: 301286-2026-04-16-侨源股份-2025年年度报告.pdf
2026-04-16 15:28:07,059 - httpx - INFO - HTTP Request: POST https://dashscope.aliyuncs.com/compatible-mode/v1/files "HTTP/1.1 200 OK"
2026-04-16 15:28:07,059 - ai_service_enhanced - INFO - 文件上传成功: C:\Users\chenkk\Desktop\新建文件夹 (2)\688273-2026-04-16-麦澜德-2025年年度报告.pdf (文件ID: file-fe-f38faaa7adc04e7c8c8a1bec)
2026-04-16 15:28:07,059 - __main___file_only - INFO - 上传文件: 688273-2026-04-16-麦澜德-2025年年度报告.pdf (大小: 0.31 MB, ID: file-fe-f38faaa7adc04e7c8c8a1bec)
2026-04-16 15:28:07,076 - httpx - INFO - HTTP Request: POST https://dashscope.aliyuncs.com/compatible-mode/v1/files "HTTP/1.1 200 OK"
2026-04-16 15:28:07,077 - ai_service_enhanced - INFO - 文件上传成功: C:\Users\chenkk\Desktop\新建文件夹 (2)\688499-2026-04-16-利元亨-广东利元亨智能装备股份有限公司2025年年度报告.pdf (文件ID: file-fe-7d00d09b09b84182862c14c8)
2026-04-16 15:28:07,077 - __main___file_only - INFO - 上传文件: 688499-2026-04-16-利元亨-广东利元亨智能装备股份有限公司2025年年度报告.pdf (大小: 0.33 MB, ID: file-fe-7d00d09b09b84182862c14c8)
2026-04-16 15:28:07,617 - httpx - INFO - HTTP Request: POST https://dashscope.aliyuncs.com/compatible-mode/v1/chat/completions "HTTP/1.1 200 OK"
2026-04-16 15:28:07,779 - __main___file_only - INFO - 找到持股数据: 300666 2026-04-16 (15条)
2026-04-16 15:28:07,839 - __main___file_only - INFO - 找到报酬数据: 300666 2026-04-16
2026-04-16 15:28:07,839 - __main__ - INFO - 处理成功: 300666-2026-04-16-江丰电子-2025年年度报告.pdf
2026-04-16 15:28:07,839 - __main___file_only - INFO - 文件处理成功: 300666-2026-04-16-江丰电子-2025年年度报告.pdf (耗时: 26.75秒)
2026-04-16 15:28:08,509 - httpx - INFO - HTTP Request: DELETE https://dashscope.aliyuncs.com/compatible-mode/v1/files/file-fe-a59c7d484a9847089d780ea9 "HTTP/1.1 200 OK"
2026-04-16 15:28:08,509 - __main__ - INFO - 开始处理文件: 600089-2026-04-16-特变电工-特变电工股份有限公司2025年年度报告.pdf
2026-04-16 15:28:09,257 - httpx - INFO - HTTP Request: POST https://dashscope.aliyuncs.com/compatible-mode/v1/files "HTTP/1.1 200 OK"
2026-04-16 15:28:09,258 - ai_service_enhanced - INFO - 文件上传成功: C:\Users\chenkk\Desktop\新建文件夹 (2)\688681-2026-04-16-科汇股份-2025年年度报告.pdf (文件ID: file-fe-c0d1bd309ab64a85b7c5c673)
2026-04-16 15:28:09,258 - __main___file_only - INFO - 上传文件: 688681-2026-04-16-科汇股份-2025年年度报告.pdf (大小: 0.58 MB, ID: file-fe-c0d1bd309ab64a85b7c5c673)
2026-04-16 15:28:09,270 - httpx - INFO - HTTP Request: POST https://dashscope.aliyuncs.com/compatible-mode/v1/files "HTTP/1.1 200 OK"
2026-04-16 15:28:09,270 - ai_service_enhanced - INFO - 文件上传成功: C:\Users\chenkk\Desktop\新建文件夹 (2)\688612-2026-04-16-威迈斯-2025年年度报告.pdf (文件ID: file-fe-1a8d46562f024fdfb201173c)
2026-04-16 15:28:09,270 - __main___file_only - INFO - 上传文件: 688612-2026-04-16-威迈斯-2025年年度报告.pdf (大小: 0.30 MB, ID: file-fe-1a8d46562f024fdfb201173c)
2026-04-16 15:28:11,356 - httpx - INFO - HTTP Request: POST https://dashscope.aliyuncs.com/compatible-mode/v1/files "HTTP/1.1 200 OK"
2026-04-16 15:28:11,356 - ai_service_enhanced - INFO - 文件上传成功: C:\Users\chenkk\Desktop\新建文件夹 (2)\688698-2026-04-16-伟创电气-2025年年度报告.pdf (文件ID: file-fe-1052c5791fb74b91906f5ed4)
2026-04-16 15:28:11,357 - __main___file_only - INFO - 上传文件: 688698-2026-04-16-伟创电气-2025年年度报告.pdf (大小: 0.32 MB, ID: file-fe-1052c5791fb74b91906f5ed4)
2026-04-16 15:28:11,369 - httpx - INFO - HTTP Request: POST https://dashscope.aliyuncs.com/compatible-mode/v1/files "HTTP/1.1 200 OK"
2026-04-16 15:28:11,370 - ai_service_enhanced - INFO - 文件上传成功: C:\Users\chenkk\Desktop\新建文件夹 (2)\688690-2026-04-16-纳微科技-苏州纳微科技股份有限公司2025年年度报告.pdf (文件ID: file-fe-3233cb07c770495592d70fc8)
2026-04-16 15:28:11,370 - __main___file_only - INFO - 上传文件: 688690-2026-04-16-纳微科技-苏州纳微科技股份有限公司2025年年度报告.pdf (大小: 0.33 MB, ID: file-fe-3233cb07c770495592d70fc8)
2026-04-16 15:28:11,494 - httpx - INFO - HTTP Request: POST https://dashscope.aliyuncs.com/compatible-mode/v1/chat/completions "HTTP/1.1 200 OK"
2026-04-16 15:28:11,642 - __main___file_only - INFO - 找到持股数据: 300918 2026-04-16 (11条)
2026-04-16 15:28:11,689 - __main___file_only - INFO - 未找到报酬数据: 300918 2026-04-16
2026-04-16 15:28:11,690 - __main__ - INFO - 处理成功: 300918-2026-04-16-南山智尚-2025年年度报告.pdf
2026-04-16 15:28:11,690 - __main___file_only - INFO - 文件处理成功: 300918-2026-04-16-南山智尚-2025年年度报告.pdf (耗时: 24.25秒)
2026-04-16 15:28:12,442 - httpx - INFO - HTTP Request: DELETE https://dashscope.aliyuncs.com/compatible-mode/v1/files/file-fe-29bd8216ba2d4f0da06bfb54 "HTTP/1.1 200 OK"
2026-04-16 15:28:12,442 - __main__ - INFO - 开始处理文件: 301373-2026-04-16-凌玮科技-2025年年度报告.pdf
2026-04-16 15:28:13,324 - httpx - INFO - HTTP Request: POST https://dashscope.aliyuncs.com/compatible-mode/v1/chat/completions "HTTP/1.1 200 OK"
2026-04-16 15:28:13,469 - __main___file_only - INFO - 找到持股数据: 300685 2026-04-16 (12条)
2026-04-16 15:28:13,519 - __main___file_only - INFO - 未找到报酬数据: 300685 2026-04-16
2026-04-16 15:28:13,519 - __main__ - INFO - 处理成功: 300685-2026-04-16-艾德生物-2025年年度报告.pdf
2026-04-16 15:28:13,519 - __main___file_only - INFO - 文件处理成功: 300685-2026-04-16-艾德生物-2025年年度报告.pdf (耗时: 29.27秒)
2026-04-16 15:28:13,527 - httpx - INFO - HTTP Request: POST https://dashscope.aliyuncs.com/compatible-mode/v1/files "HTTP/1.1 200 OK"
2026-04-16 15:28:13,527 - ai_service_enhanced - INFO - 文件上传成功: C:\Users\chenkk\Desktop\新建文件夹 (2)\920020-2026-04-15-泰凯英-2025年年度报告.pdf (文件ID: file-fe-506f481226b145a5bedbfec8)
2026-04-16 15:28:13,528 - __main___file_only - INFO - 上传文件: 920020-2026-04-15-泰凯英-2025年年度报告.pdf (大小: 0.43 MB, ID: file-fe-506f481226b145a5bedbfec8)
2026-04-16 15:28:13,613 - httpx - INFO - HTTP Request: POST https://dashscope.aliyuncs.com/compatible-mode/v1/files "HTTP/1.1 200 OK"
2026-04-16 15:28:13,613 - ai_service_enhanced - INFO - 文件上传成功: C:\Users\chenkk\Desktop\新建文件夹 (2)\920007-2026-04-15-酉立智能-2025年年度报告.pdf (文件ID: file-fe-6827f2dd71604a1182f85a04)
2026-04-16 15:28:13,613 - __main___file_only - INFO - 上传文件: 920007-2026-04-15-酉立智能-2025年年度报告.pdf (大小: 0.45 MB, ID: file-fe-6827f2dd71604a1182f85a04)
2026-04-16 15:28:14,173 - httpx - INFO - HTTP Request: DELETE https://dashscope.aliyuncs.com/compatible-mode/v1/files/file-fe-93d7ad4b797b4bcf8700d8ad "HTTP/1.1 200 OK"
2026-04-16 15:28:14,173 - __main__ - INFO - 开始处理文件: 600283-2026-04-16-钱江水利-钱江水利2025年年度报告.pdf
2026-04-16 15:28:15,016 - httpx - INFO - HTTP Request: POST https://dashscope.aliyuncs.com/compatible-mode/v1/chat/completions "HTTP/1.1 200 OK"
2026-04-16 15:28:15,191 - __main___file_only - INFO - 找到持股数据: 300886 2026-04-16 (16条)
2026-04-16 15:28:15,242 - __main___file_only - INFO - 未找到报酬数据: 300886 2026-04-16
2026-04-16 15:28:15,243 - __main__ - INFO - 处理成功: 300886-2026-04-16-华业香料-2025年年度报告.pdf
2026-04-16 15:28:15,243 - __main___file_only - INFO - 文件处理成功: 300886-2026-04-16-华业香料-2025年年度报告.pdf (耗时: 28.07秒)
2026-04-16 15:28:15,695 - httpx - INFO - HTTP Request: POST https://dashscope.aliyuncs.com/compatible-mode/v1/files "HTTP/1.1 200 OK"
2026-04-16 15:28:15,696 - ai_service_enhanced - INFO - 文件上传成功: C:\Users\chenkk\Desktop\新建文件夹 (2)\920199-2026-04-15-倍益康-2025年年度报告.pdf (文件ID: file-fe-165573583a364a5f860ca5ac)
2026-04-16 15:28:15,697 - __main___file_only - INFO - 上传文件: 920199-2026-04-15-倍益康-2025年年度报告.pdf (大小: 0.55 MB, ID: file-fe-165573583a364a5f860ca5ac)
2026-04-16 15:28:15,843 - httpx - INFO - HTTP Request: POST https://dashscope.aliyuncs.com/compatible-mode/v1/files "HTTP/1.1 200 OK"
2026-04-16 15:28:15,843 - ai_service_enhanced - INFO - 文件上传成功: C:\Users\chenkk\Desktop\新建文件夹 (2)\920149-2026-04-15-旭杰科技-2025年年度报告.pdf (文件ID: file-fe-aa450b8fd84d44e7a3e844b3)
2026-04-16 15:28:15,844 - __main___file_only - INFO - 上传文件: 920149-2026-04-15-旭杰科技-2025年年度报告.pdf (大小: 0.87 MB, ID: file-fe-aa450b8fd84d44e7a3e844b3)
2026-04-16 15:28:15,881 - httpx - INFO - HTTP Request: DELETE https://dashscope.aliyuncs.com/compatible-mode/v1/files/file-fe-ffe4818c643c432d9d560022 "HTTP/1.1 200 OK"
2026-04-16 15:28:15,882 - __main__ - INFO - 开始处理文件: 600371-2026-04-16-万向德农-万向德农股份有限公司2025年年度报告.pdf
2026-04-16 15:28:17,733 - httpx - INFO - HTTP Request: POST https://dashscope.aliyuncs.com/compatible-mode/v1/files "HTTP/1.1 200 OK"
2026-04-16 15:28:17,734 - ai_service_enhanced - INFO - 文件上传成功: C:\Users\chenkk\Desktop\新建文件夹 (2)\920230-2026-04-15-欧康医药-2025年年度报告.pdf (文件ID: file-fe-9fface9ef02b4255be58f07d)
2026-04-16 15:28:17,734 - __main___file_only - INFO - 上传文件: 920230-2026-04-15-欧康医药-2025年年度报告.pdf (大小: 0.51 MB, ID: file-fe-9fface9ef02b4255be58f07d)
2026-04-16 15:28:17,868 - httpx - INFO - HTTP Request: POST https://dashscope.aliyuncs.com/compatible-mode/v1/files "HTTP/1.1 200 OK"
2026-04-16 15:28:17,868 - ai_service_enhanced - INFO - 文件上传成功: C:\Users\chenkk\Desktop\新建文件夹 (2)\920223-2026-04-15-荣亿精密-2025年年度报告.pdf (文件ID: file-fe-25f0b24c23c74640b76bb32e)
2026-04-16 15:28:17,869 - __main___file_only - INFO - 上传文件: 920223-2026-04-15-荣亿精密-2025年年度报告.pdf (大小: 0.52 MB, ID: file-fe-25f0b24c23c74640b76bb32e)
2026-04-16 15:28:17,917 - httpx - INFO - HTTP Request: POST https://dashscope.aliyuncs.com/compatible-mode/v1/chat/completions "HTTP/1.1 200 OK"
2026-04-16 15:28:18,064 - __main___file_only - INFO - 找到持股数据: 301283 2026-04-16 (12条)
2026-04-16 15:28:18,111 - __main___file_only - INFO - 未找到报酬数据: 301283 2026-04-16
2026-04-16 15:28:18,112 - __main__ - INFO - 处理成功: 301283-2026-04-16-聚胶股份-2025年年度报告.pdf
2026-04-16 15:28:18,112 - __main___file_only - INFO - 文件处理成功: 301283-2026-04-16-聚胶股份-2025年年度报告.pdf (耗时: 23.37秒)
2026-04-16 15:28:18,314 - httpx - INFO - HTTP Request: POST https://dashscope.aliyuncs.com/compatible-mode/v1/chat/completions "HTTP/1.1 200 OK"
2026-04-16 15:28:18,459 - __main___file_only - INFO - 找到持股数据: 300440 2026-04-16 (16条)
2026-04-16 15:28:18,546 - __main___file_only - INFO - 未找到报酬数据: 300440 2026-04-16
2026-04-16 15:28:18,546 - __main__ - INFO - 处理成功: 300440-2026-04-16-运达科技-2025年年度报告.pdf
2026-04-16 15:28:18,546 - __main___file_only - INFO - 文件处理成功: 300440-2026-04-16-运达科技-2025年年度报告.pdf (耗时: 40.01秒)
2026-04-16 15:28:18,698 - httpx - INFO - HTTP Request: DELETE https://dashscope.aliyuncs.com/compatible-mode/v1/files/file-fe-fa9b949db21348f0b6ff20ec "HTTP/1.1 200 OK"
2026-04-16 15:28:18,699 - __main__ - INFO - 开始处理文件: 600461-2026-04-16-洪城环境-江西洪城环境股份有限公司2025年年度报告.pdf
2026-04-16 15:28:19,229 - httpx - INFO - HTTP Request: DELETE https://dashscope.aliyuncs.com/compatible-mode/v1/files/file-fe-b67b87cf400e44f993f365f0 "HTTP/1.1 200 OK"
2026-04-16 15:28:19,230 - __main__ - INFO - 开始处理文件: 600386-2026-04-16-北巴传媒-北京巴士传媒股份有限公司2025年年度报告.pdf
2026-04-16 15:28:19,364 - httpx - INFO - HTTP Request: POST https://dashscope.aliyuncs.com/compatible-mode/v1/chat/completions "HTTP/1.1 200 OK"
2026-04-16 15:28:19,512 - __main___file_only - INFO - 找到持股数据: 300717 2026-04-16 (16条)
2026-04-16 15:28:19,572 - __main___file_only - INFO - 找到报酬数据: 300717 2026-04-16
2026-04-16 15:28:19,573 - __main__ - INFO - 处理成功: 300717-2026-04-16-华信新材-2025年年度报告.pdf
2026-04-16 15:28:19,573 - __main___file_only - INFO - 文件处理成功: 300717-2026-04-16-华信新材-2025年年度报告.pdf (耗时: 35.19秒)
2026-04-16 15:28:20,178 - httpx - INFO - HTTP Request: DELETE https://dashscope.aliyuncs.com/compatible-mode/v1/files/file-fe-fe84a3b3488949d4996a84d1 "HTTP/1.1 200 OK"
2026-04-16 15:28:20,179 - __main__ - INFO - 开始处理文件: 600666-2026-04-16-奥瑞德-奥瑞德2025年年度报告.pdf
2026-04-16 15:28:20,352 - httpx - INFO - HTTP Request: POST https://dashscope.aliyuncs.com/compatible-mode/v1/files "HTTP/1.1 200 OK"
2026-04-16 15:28:20,352 - ai_service_enhanced - INFO - 文件上传成功: C:\Users\chenkk\Desktop\新建文件夹 (2)\920357-2026-04-15-雅葆轩-2025年年度报告.pdf (文件ID: file-fe-2dcf61a4abb74b75a2063035)
2026-04-16 15:28:20,353 - __main___file_only - INFO - 上传文件: 920357-2026-04-15-雅葆轩-2025年年度报告.pdf (大小: 0.39 MB, ID: file-fe-2dcf61a4abb74b75a2063035)
2026-04-16 15:28:20,655 - httpx - INFO - HTTP Request: POST https://dashscope.aliyuncs.com/compatible-mode/v1/files "HTTP/1.1 200 OK"
2026-04-16 15:28:20,655 - ai_service_enhanced - INFO - 文件上传成功: C:\Users\chenkk\Desktop\新建文件夹 (2)\920249-2026-04-15-利尔达-2025年年度报告.pdf (文件ID: file-fe-a8820754765645bf81291d6b)
2026-04-16 15:28:20,655 - __main___file_only - INFO - 上传文件: 920249-2026-04-15-利尔达-2025年年度报告.pdf (大小: 0.69 MB, ID: file-fe-a8820754765645bf81291d6b)
2026-04-16 15:28:22,057 - httpx - INFO - HTTP Request: POST https://dashscope.aliyuncs.com/compatible-mode/v1/files "HTTP/1.1 200 OK"
2026-04-16 15:28:22,058 - ai_service_enhanced - INFO - 文件上传成功: C:\Users\chenkk\Desktop\新建文件夹 (2)\920526-2026-04-15-凯华材料-2025年年度报告.pdf (文件ID: file-fe-7d747e8806c34c2c9a04b084)
2026-04-16 15:28:22,058 - __main___file_only - INFO - 上传文件: 920526-2026-04-15-凯华材料-2025年年度报告.pdf (大小: 0.82 MB, ID: file-fe-7d747e8806c34c2c9a04b084)
2026-04-16 15:28:22,153 - httpx - INFO - HTTP Request: POST https://dashscope.aliyuncs.com/compatible-mode/v1/files "HTTP/1.1 200 OK"
2026-04-16 15:28:22,154 - ai_service_enhanced - INFO - 文件上传成功: C:\Users\chenkk\Desktop\新建文件夹 (2)\920367-2026-04-15-新赣江-2025年年度报告.pdf (文件ID: file-fe-ba2957a5bdbb4f26b33e002a)
2026-04-16 15:28:22,154 - __main___file_only - INFO - 上传文件: 920367-2026-04-15-新赣江-2025年年度报告.pdf (大小: 0.90 MB, ID: file-fe-ba2957a5bdbb4f26b33e002a)
2026-04-16 15:28:24,110 - httpx - INFO - HTTP Request: POST https://dashscope.aliyuncs.com/compatible-mode/v1/files "HTTP/1.1 200 OK"
2026-04-16 15:28:24,111 - ai_service_enhanced - INFO - 文件上传成功: C:\Users\chenkk\Desktop\新建文件夹 (2)\920689-2026-04-15-克莱特-2025年年度报告.pdf (文件ID: file-fe-783ecd1e060a43b0ac211ba7)
2026-04-16 15:28:24,111 - __main___file_only - INFO - 上传文件: 920689-2026-04-15-克莱特-2025年年度报告.pdf (大小: 0.34 MB, ID: file-fe-783ecd1e060a43b0ac211ba7)
2026-04-16 15:28:24,205 - httpx - INFO - HTTP Request: POST https://dashscope.aliyuncs.com/compatible-mode/v1/files "HTTP/1.1 200 OK"
2026-04-16 15:28:24,206 - ai_service_enhanced - INFO - 文件上传成功: C:\Users\chenkk\Desktop\新建文件夹 (2)\920693-2026-04-15-阿为特-2025年年度报告.pdf (文件ID: file-fe-4d7dfaae61224b67813d5e94)
2026-04-16 15:28:24,206 - __main___file_only - INFO - 上传文件: 920693-2026-04-15-阿为特-2025年年度报告.pdf (大小: 0.71 MB, ID: file-fe-4d7dfaae61224b67813d5e94)
2026-04-16 15:28:24,403 - httpx - INFO - HTTP Request: POST https://dashscope.aliyuncs.com/compatible-mode/v1/chat/completions "HTTP/1.1 200 OK"
2026-04-16 15:28:24,605 - __main___file_only - INFO - 找到持股数据: 300967 2026-04-16 (21条)
2026-04-16 15:28:24,652 - __main___file_only - INFO - 未找到报酬数据: 300967 2026-04-16
2026-04-16 15:28:24,652 - __main__ - INFO - 处理成功: 300967-2026-04-16-晓鸣股份-2025年年度报告.pdf
2026-04-16 15:28:24,652 - __main___file_only - INFO - 文件处理成功: 300967-2026-04-16-晓鸣股份-2025年年度报告.pdf (耗时: 34.03秒)
2026-04-16 15:28:25,255 - httpx - INFO - HTTP Request: DELETE https://dashscope.aliyuncs.com/compatible-mode/v1/files/file-fe-5dec01e5641f4437b3c07e91 "HTTP/1.1 200 OK"
2026-04-16 15:28:25,255 - __main__ - INFO - 开始处理文件: 600707-2026-04-16-彩虹股份-彩虹股份2025年年度报告.pdf
2026-04-16 15:28:26,302 - httpx - INFO - HTTP Request: POST https://dashscope.aliyuncs.com/compatible-mode/v1/files "HTTP/1.1 200 OK"
2026-04-16 15:28:26,303 - ai_service_enhanced - INFO - 文件上传成功: C:\Users\chenkk\Desktop\新建文件夹 (2)\920768-2026-04-15-拾比佰-2025年年度报告.pdf (文件ID: file-fe-359c2cf52dfe4fb6ae116929)
2026-04-16 15:28:26,303 - __main___file_only - INFO - 上传文件: 920768-2026-04-15-拾比佰-2025年年度报告.pdf (大小: 0.55 MB, ID: file-fe-359c2cf52dfe4fb6ae116929)
2026-04-16 15:28:29,202 - httpx - INFO - HTTP Request: POST https://dashscope.aliyuncs.com/compatible-mode/v1/chat/completions "HTTP/1.1 200 OK"
2026-04-16 15:28:29,348 - __main___file_only - INFO - 找到持股数据: 301286 2026-04-16 (9条)
2026-04-16 15:28:29,404 - __main___file_only - INFO - 找到报酬数据: 301286 2026-04-16
2026-04-16 15:28:29,405 - __main__ - INFO - 处理成功: 301286-2026-04-16-侨源股份-2025年年度报告.pdf
2026-04-16 15:28:29,405 - __main___file_only - INFO - 文件处理成功: 301286-2026-04-16-侨源股份-2025年年度报告.pdf (耗时: 23.17秒)
2026-04-16 15:28:30,032 - httpx - INFO - HTTP Request: DELETE https://dashscope.aliyuncs.com/compatible-mode/v1/files/file-fe-7c9a7f3a44a842ce93eb93ec "HTTP/1.1 200 OK"
2026-04-16 15:28:30,033 - __main__ - INFO - 开始处理文件: 600854-2026-04-16-春兰股份-600854_春兰股份_2025年_年度报告.pdf
2026-04-16 15:28:31,582 - httpx - INFO - HTTP Request: POST https://dashscope.aliyuncs.com/compatible-mode/v1/chat/completions "HTTP/1.1 200 OK"
2026-04-16 15:28:31,725 - __main___file_only - INFO - 找到持股数据: 301128 2026-04-16 (15条)
2026-04-16 15:28:31,772 - __main___file_only - INFO - 未找到报酬数据: 301128 2026-04-16
2026-04-16 15:28:31,773 - __main__ - INFO - 处理成功: 301128-2026-04-16-强瑞技术-2025年年度报告.pdf
2026-04-16 15:28:31,773 - __main___file_only - INFO - 文件处理成功: 301128-2026-04-16-强瑞技术-2025年年度报告.pdf (耗时: 37.17秒)
2026-04-16 15:28:32,391 - httpx - INFO - HTTP Request: DELETE https://dashscope.aliyuncs.com/compatible-mode/v1/files/file-fe-5a4de39429d24fb1982fb536 "HTTP/1.1 200 OK"
2026-04-16 15:28:32,392 - __main__ - INFO - 开始处理文件: 600757-2026-04-16-长江传媒-长江传媒2025年年度报告.pdf
2026-04-16 15:28:33,965 - httpx - INFO - HTTP Request: POST https://dashscope.aliyuncs.com/compatible-mode/v1/chat/completions "HTTP/1.1 200 OK"
2026-04-16 15:28:34,172 - __main___file_only - INFO - 找到持股数据: 301366 2026-04-16 (15条)
2026-04-16 15:28:34,218 - __main___file_only - INFO - 找到报酬数据: 301366 2026-04-16
2026-04-16 15:28:34,218 - __main__ - INFO - 处理成功: 301366-2026-04-16-一博科技-2025年年度报告.pdf
2026-04-16 15:28:34,218 - __main___file_only - INFO - 文件处理成功: 301366-2026-04-16-一博科技-2025年年度报告.pdf (耗时: 28.08秒)
2026-04-16 15:28:34,889 - httpx - INFO - HTTP Request: DELETE https://dashscope.aliyuncs.com/compatible-mode/v1/files/file-fe-b3afdd8a3a224a0ea0f20724 "HTTP/1.1 200 OK"
2026-04-16 15:28:34,890 - __main__ - INFO - 开始处理文件: 601339-2026-04-16-百隆东方-百隆东方2025年度报告.pdf
2026-04-16 15:28:35,225 - httpx - INFO - HTTP Request: POST https://dashscope.aliyuncs.com/compatible-mode/v1/chat/completions "HTTP/1.1 200 OK"
2026-04-16 15:28:35,360 - __main___file_only - INFO - 找到持股数据: 300732 2026-04-16 (24条)
2026-04-16 15:28:35,412 - __main___file_only - INFO - 找到报酬数据: 300732 2026-04-16
2026-04-16 15:28:35,413 - __main__ - INFO - 处理成功: 300732-2026-04-16-设研院-2025年年度报告.pdf
2026-04-16 15:28:35,413 - __main___file_only - INFO - 文件处理成功: 300732-2026-04-16-设研院-2025年年度报告.pdf (耗时: 50.10秒)
2026-04-16 15:28:36,031 - httpx - INFO - HTTP Request: DELETE https://dashscope.aliyuncs.com/compatible-mode/v1/files/file-fe-c7013316cb6a45e79be17aa6 "HTTP/1.1 200 OK"
2026-04-16 15:28:36,032 - __main__ - INFO - 开始处理文件: 600935-2026-04-16-华塑股份-安徽华塑股份有限公司2025年年度报告.pdf
2026-04-16 15:28:36,420 - httpx - INFO - HTTP Request: POST https://dashscope.aliyuncs.com/compatible-mode/v1/chat/completions "HTTP/1.1 200 OK"
2026-04-16 15:28:36,573 - __main___file_only - INFO - 找到持股数据: 600666 2026-04-16 (9条)
2026-04-16 15:28:36,617 - __main___file_only - INFO - 找到报酬数据: 600666 2026-04-16
2026-04-16 15:28:36,618 - __main__ - INFO - 处理成功: 600666-2026-04-16-奥瑞德-奥瑞德2025年年度报告.pdf
2026-04-16 15:28:36,618 - __main___file_only - INFO - 文件处理成功: 600666-2026-04-16-奥瑞德-奥瑞德2025年年度报告.pdf (耗时: 16.44秒)
2026-04-16 15:28:37,369 - httpx - INFO - HTTP Request: DELETE https://dashscope.aliyuncs.com/compatible-mode/v1/files/file-fe-a03dc075e49b45e0a33093b4 "HTTP/1.1 200 OK"
2026-04-16 15:28:37,370 - __main__ - INFO - 开始处理文件: 603075-2026-04-16-热威股份-2025年年度报告.pdf
2026-04-16 15:28:38,139 - httpx - INFO - HTTP Request: POST https://dashscope.aliyuncs.com/compatible-mode/v1/chat/completions "HTTP/1.1 200 OK"
2026-04-16 15:28:38,285 - __main___file_only - INFO - 找到持股数据: 301373 2026-04-16 (11条)
2026-04-16 15:28:38,334 - __main___file_only - INFO - 找到报酬数据: 301373 2026-04-16
2026-04-16 15:28:38,335 - __main__ - INFO - 处理成功: 301373-2026-04-16-凌玮科技-2025年年度报告.pdf
2026-04-16 15:28:38,335 - __main___file_only - INFO - 文件处理成功: 301373-2026-04-16-凌玮科技-2025年年度报告.pdf (耗时: 25.89秒)
2026-04-16 15:28:39,047 - httpx - INFO - HTTP Request: DELETE https://dashscope.aliyuncs.com/compatible-mode/v1/files/file-fe-dcba1559e5924cffa671cf64 "HTTP/1.1 200 OK"
2026-04-16 15:28:39,048 - __main__ - INFO - 开始处理文件: 601877-2026-04-16-正泰电器-正泰电器2025年年度报告.pdf
2026-04-16 15:28:41,559 - httpx - INFO - HTTP Request: POST https://dashscope.aliyuncs.com/compatible-mode/v1/chat/completions "HTTP/1.1 200 OK"
2026-04-16 15:28:41,708 - __main___file_only - INFO - 找到持股数据: 600371 2026-04-16 (11条)
2026-04-16 15:28:41,762 - __main___file_only - INFO - 找到报酬数据: 600371 2026-04-16
2026-04-16 15:28:41,763 - __main__ - INFO - 处理成功: 600371-2026-04-16-万向德农-万向德农股份有限公司2025年年度报告.pdf
2026-04-16 15:28:41,763 - __main___file_only - INFO - 文件处理成功: 600371-2026-04-16-万向德农-万向德农股份有限公司2025年年度报告.pdf (耗时: 25.88秒)
2026-04-16 15:28:41,919 - httpx - INFO - HTTP Request: POST https://dashscope.aliyuncs.com/compatible-mode/v1/chat/completions "HTTP/1.1 200 OK"
2026-04-16 15:28:42,058 - __main___file_only - INFO - 找到持股数据: 301281 2026-04-16 (18条)
2026-04-16 15:28:42,104 - __main___file_only - INFO - 未找到报酬数据: 301281 2026-04-16
2026-04-16 15:28:42,104 - __main__ - INFO - 处理成功: 301281-2026-04-16-科源制药-2025年年度报告.pdf
2026-04-16 15:28:42,104 - __main___file_only - INFO - 文件处理成功: 301281-2026-04-16-科源制药-2025年年度报告.pdf (耗时: 37.98秒)
2026-04-16 15:28:42,512 - httpx - INFO - HTTP Request: DELETE https://dashscope.aliyuncs.com/compatible-mode/v1/files/file-fe-0c5761d4ac5a4e689ae7d69a "HTTP/1.1 200 OK"
2026-04-16 15:28:42,513 - __main__ - INFO - 开始处理文件: 603129-2026-04-16-春风动力-春风动力2025年年度报告.pdf
2026-04-16 15:28:42,698 - httpx - INFO - HTTP Request: DELETE https://dashscope.aliyuncs.com/compatible-mode/v1/files/file-fe-ac5da35e09914db88f26bd99 "HTTP/1.1 200 OK"
2026-04-16 15:28:42,700 - __main__ - INFO - 开始处理文件: 603102-2026-04-16-百合股份-威海百合生物技术股份有限公司2025年年度报告.pdf
2026-04-16 15:28:45,940 - httpx - INFO - HTTP Request: POST https://dashscope.aliyuncs.com/compatible-mode/v1/chat/completions "HTTP/1.1 400 Bad Request"
2026-04-16 15:28:45,941 - ai_service_enhanced - ERROR - AI服务调用失败: Error code: 400 - {'error': {'message': 'File parsing in progress, please try again later.', 'type': 'invalid_request_error', 'param': None, 'code': 'invalid_parameter_error'}, 'id': 'chatcmpl-863cb874-5424-9054-954b-b206697343fb', 'request_id': '863cb874-5424-9054-954b-b206697343fb'}
2026-04-16 15:28:46,323 - httpx - INFO - HTTP Request: POST https://dashscope.aliyuncs.com/compatible-mode/v1/chat/completions "HTTP/1.1 200 OK"
2026-04-16 15:28:46,456 - __main___file_only - INFO - 找到持股数据: 600854 2026-04-16 (11条)
2026-04-16 15:28:46,537 - __main___file_only - INFO - 找到报酬数据: 600854 2026-04-16
2026-04-16 15:28:46,537 - __main__ - INFO - 处理成功: 600854-2026-04-16-春兰股份-600854_春兰股份_2025年_年度报告.pdf
2026-04-16 15:28:46,537 - __main___file_only - INFO - 文件处理成功: 600854-2026-04-16-春兰股份-600854_春兰股份_2025年_年度报告.pdf (耗时: 16.50秒)
2026-04-16 15:28:47,157 - httpx - INFO - HTTP Request: DELETE https://dashscope.aliyuncs.com/compatible-mode/v1/files/file-fe-9c8f42bc0cdf479990a1dd0a "HTTP/1.1 200 OK"
2026-04-16 15:28:47,157 - __main__ - INFO - 开始处理文件: 603355-2026-04-16-莱克电气-莱克电气2025年年度报告.pdf
2026-04-16 15:28:48,247 - httpx - INFO - HTTP Request: POST https://dashscope.aliyuncs.com/compatible-mode/v1/chat/completions "HTTP/1.1 200 OK"
2026-04-16 15:28:48,389 - __main___file_only - INFO - 找到持股数据: 600707 2026-04-16 (15条)
2026-04-16 15:28:48,475 - __main___file_only - INFO - 未找到报酬数据: 600707 2026-04-16
2026-04-16 15:28:48,476 - __main__ - INFO - 处理成功: 600707-2026-04-16-彩虹股份-彩虹股份2025年年度报告.pdf
2026-04-16 15:28:48,476 - __main___file_only - INFO - 文件处理成功: 600707-2026-04-16-彩虹股份-彩虹股份2025年年度报告.pdf (耗时: 23.22秒)
2026-04-16 15:28:49,028 - httpx - INFO - HTTP Request: POST https://dashscope.aliyuncs.com/compatible-mode/v1/chat/completions "HTTP/1.1 200 OK"
2026-04-16 15:28:49,184 - __main___file_only - INFO - 找到持股数据: 600089 2026-04-16 (18条)
2026-04-16 15:28:49,215 - httpx - INFO - HTTP Request: DELETE https://dashscope.aliyuncs.com/compatible-mode/v1/files/file-fe-cf2ec78b1b3c494fa0095bfa "HTTP/1.1 200 OK"
2026-04-16 15:28:49,216 - __main__ - INFO - 开始处理文件: 603213-2026-04-16-镇洋发展-浙江镇洋发展股份有限公司2025年年度报告.pdf
2026-04-16 15:28:49,245 - __main___file_only - INFO - 找到报酬数据: 600089 2026-04-16
2026-04-16 15:28:49,246 - __main__ - INFO - 处理成功: 600089-2026-04-16-特变电工-特变电工股份有限公司2025年年度报告.pdf
2026-04-16 15:28:49,246 - __main___file_only - INFO - 文件处理成功: 600089-2026-04-16-特变电工-特变电工股份有限公司2025年年度报告.pdf (耗时: 40.74秒)
2026-04-16 15:28:49,861 - httpx - INFO - HTTP Request: DELETE https://dashscope.aliyuncs.com/compatible-mode/v1/files/file-fe-bcf802eedd6e45948c3eee21 "HTTP/1.1 200 OK"
2026-04-16 15:28:49,861 - __main__ - INFO - 开始处理文件: 603383-2026-04-16-顶点软件-顶点软件2025年年度报告.pdf
2026-04-16 15:28:50,413 - httpx - INFO - HTTP Request: POST https://dashscope.aliyuncs.com/compatible-mode/v1/chat/completions "HTTP/1.1 200 OK"
2026-04-16 15:28:50,565 - __main___file_only - INFO - 找到持股数据: 600283 2026-04-16 (17条)
2026-04-16 15:28:50,610 - __main___file_only - INFO - 找到报酬数据: 600283 2026-04-16
2026-04-16 15:28:50,610 - __main__ - INFO - 处理成功: 600283-2026-04-16-钱江水利-钱江水利2025年年度报告.pdf
2026-04-16 15:28:50,610 - __main___file_only - INFO - 文件处理成功: 600283-2026-04-16-钱江水利-钱江水利2025年年度报告.pdf (耗时: 36.44秒)
2026-04-16 15:28:51,360 - httpx - INFO - HTTP Request: DELETE https://dashscope.aliyuncs.com/compatible-mode/v1/files/file-fe-dada2c4f0ddc4a488d90f91f "HTTP/1.1 200 OK"
2026-04-16 15:28:51,360 - __main__ - INFO - 开始处理文件: 603536-2026-04-16-惠发食品-惠发食品2025年年度报告.pdf
2026-04-16 15:28:53,877 - httpx - INFO - HTTP Request: POST https://dashscope.aliyuncs.com/compatible-mode/v1/chat/completions "HTTP/1.1 200 OK"
2026-04-16 15:28:54,019 - __main___file_only - INFO - 找到持股数据: 600757 2026-04-16 (15条)
2026-04-16 15:28:54,065 - __main___file_only - INFO - 找到报酬数据: 600757 2026-04-16
2026-04-16 15:28:54,065 - __main__ - INFO - 处理成功: 600757-2026-04-16-长江传媒-长江传媒2025年年度报告.pdf
2026-04-16 15:28:54,066 - __main___file_only - INFO - 文件处理成功: 600757-2026-04-16-长江传媒-长江传媒2025年年度报告.pdf (耗时: 21.67秒)
2026-04-16 15:28:54,690 - httpx - INFO - HTTP Request: DELETE https://dashscope.aliyuncs.com/compatible-mode/v1/files/file-fe-96bba1192cb1473e98403543 "HTTP/1.1 200 OK"
2026-04-16 15:28:54,691 - __main__ - INFO - 开始处理文件: 603938-2026-04-16-三孚股份-2025年年度报告.pdf
2026-04-16 15:28:56,178 - httpx - INFO - HTTP Request: POST https://dashscope.aliyuncs.com/compatible-mode/v1/chat/completions "HTTP/1.1 200 OK"
2026-04-16 15:28:56,375 - __main___file_only - INFO - 找到持股数据: 002407 2026-04-16 (20条)
2026-04-16 15:28:56,448 - __main___file_only - INFO - 未找到报酬数据: 002407 2026-04-16
2026-04-16 15:28:56,448 - __main__ - INFO - 处理成功: 002407-2026-04-16-多氟多-2025年年度报告.pdf
2026-04-16 15:28:56,449 - __main___file_only - INFO - 文件处理成功: 002407-2026-04-16-多氟多-2025年年度报告.pdf (耗时: 110.10秒)
2026-04-16 15:28:57,080 - httpx - INFO - HTTP Request: DELETE https://dashscope.aliyuncs.com/compatible-mode/v1/files/file-fe-a905a4bf691a48ee9e1c0943 "HTTP/1.1 200 OK"
2026-04-16 15:28:57,081 - __main__ - INFO - 开始处理文件: 603916-2026-04-16-苏博特-2025年年度报告.pdf
2026-04-16 15:28:58,034 - httpx - INFO - HTTP Request: POST https://dashscope.aliyuncs.com/compatible-mode/v1/chat/completions "HTTP/1.1 200 OK"
2026-04-16 15:28:58,272 - __main___file_only - INFO - 找到持股数据: 603075 2026-04-16 (12条)
2026-04-16 15:28:58,335 - __main___file_only - INFO - 找到报酬数据: 603075 2026-04-16
2026-04-16 15:28:58,335 - __main__ - INFO - 处理成功: 603075-2026-04-16-热威股份-2025年年度报告.pdf
2026-04-16 15:28:58,335 - __main___file_only - INFO - 文件处理成功: 603075-2026-04-16-热威股份-2025年年度报告.pdf (耗时: 20.97秒)
2026-04-16 15:28:58,986 - httpx - INFO - HTTP Request: DELETE https://dashscope.aliyuncs.com/compatible-mode/v1/files/file-fe-bf8da2a8cdda44ceb5f52a04 "HTTP/1.1 200 OK"
2026-04-16 15:28:58,986 - __main__ - INFO - 开始处理文件: 605058-2026-04-16-澳弘电子-澳弘电子2025年年度报告.pdf
2026-04-16 15:29:00,384 - httpx - INFO - HTTP Request: POST https://dashscope.aliyuncs.com/compatible-mode/v1/chat/completions "HTTP/1.1 200 OK"
2026-04-16 15:29:00,594 - __main___file_only - INFO - 找到持股数据: 601339 2026-04-16 (16条)
2026-04-16 15:29:00,640 - __main___file_only - INFO - 找到报酬数据: 601339 2026-04-16
2026-04-16 15:29:00,641 - __main__ - INFO - 处理成功: 601339-2026-04-16-百隆东方-百隆东方2025年度报告.pdf
2026-04-16 15:29:00,641 - __main___file_only - INFO - 文件处理成功: 601339-2026-04-16-百隆东方-百隆东方2025年度报告.pdf (耗时: 25.75秒)
2026-04-16 15:29:01,274 - httpx - INFO - HTTP Request: POST https://dashscope.aliyuncs.com/compatible-mode/v1/chat/completions "HTTP/1.1 200 OK"
2026-04-16 15:29:01,413 - httpx - INFO - HTTP Request: DELETE https://dashscope.aliyuncs.com/compatible-mode/v1/files/file-fe-4095cccb451e44959e7a6133 "HTTP/1.1 200 OK"
2026-04-16 15:29:01,414 - __main__ - INFO - 开始处理文件: 603977-2026-04-16-国泰集团-江西国泰集团股份有限公司2025年年度报告.pdf
2026-04-16 15:29:01,416 - __main___file_only - INFO - 找到持股数据: 600386 2026-04-16 (21条)
2026-04-16 15:29:01,487 - __main___file_only - INFO - 未找到报酬数据: 600386 2026-04-16
2026-04-16 15:29:01,487 - __main__ - INFO - 处理成功: 600386-2026-04-16-北巴传媒-北京巴士传媒股份有限公司2025年年度报告.pdf
2026-04-16 15:29:01,488 - __main___file_only - INFO - 文件处理成功: 600386-2026-04-16-北巴传媒-北京巴士传媒股份有限公司2025年年度报告.pdf (耗时: 42.26秒)
2026-04-16 15:29:02,097 - httpx - INFO - HTTP Request: DELETE https://dashscope.aliyuncs.com/compatible-mode/v1/files/file-fe-18acdec774f942d9835e2757 "HTTP/1.1 200 OK"
2026-04-16 15:29:02,098 - __main__ - INFO - 开始处理文件: 605166-2026-04-16-聚合顺-聚合顺新材料股份有限公司2025年年度报告.pdf
2026-04-16 15:29:02,125 - httpx - INFO - HTTP Request: POST https://dashscope.aliyuncs.com/compatible-mode/v1/chat/completions "HTTP/1.1 200 OK"
2026-04-16 15:29:02,294 - __main___file_only - INFO - 找到持股数据: 600461 2026-04-16 (19条)
2026-04-16 15:29:02,341 - __main___file_only - INFO - 找到报酬数据: 600461 2026-04-16
2026-04-16 15:29:02,342 - __main__ - INFO - 处理成功: 600461-2026-04-16-洪城环境-江西洪城环境股份有限公司2025年年度报告.pdf
2026-04-16 15:29:02,342 - __main___file_only - INFO - 文件处理成功: 600461-2026-04-16-洪城环境-江西洪城环境股份有限公司2025年年度报告.pdf (耗时: 43.64秒)
2026-04-16 15:29:02,906 - httpx - INFO - HTTP Request: DELETE https://dashscope.aliyuncs.com/compatible-mode/v1/files/file-fe-8143bf98f1154fe78ff73dc3 "HTTP/1.1 200 OK"
2026-04-16 15:29:02,906 - __main__ - INFO - 开始处理文件: 605580-2026-04-16-恒盛能源-恒盛能源股份有限公司2025年年度报告全文.pdf
2026-04-16 15:29:03,179 - httpx - INFO - HTTP Request: POST https://dashscope.aliyuncs.com/compatible-mode/v1/chat/completions "HTTP/1.1 200 OK"
2026-04-16 15:29:03,382 - __main___file_only - INFO - 找到持股数据: 603102 2026-04-16 (11条)
2026-04-16 15:29:03,434 - __main___file_only - INFO - 找到报酬数据: 603102 2026-04-16
2026-04-16 15:29:03,435 - __main__ - INFO - 处理成功: 603102-2026-04-16-百合股份-威海百合生物技术股份有限公司2025年年度报告.pdf
2026-04-16 15:29:03,435 - __main___file_only - INFO - 文件处理成功: 603102-2026-04-16-百合股份-威海百合生物技术股份有限公司2025年年度报告.pdf (耗时: 20.73秒)
2026-04-16 15:29:04,051 - httpx - INFO - HTTP Request: DELETE https://dashscope.aliyuncs.com/compatible-mode/v1/files/file-fe-d6c5a953876349b38f2ddeaf "HTTP/1.1 200 OK"
2026-04-16 15:29:04,051 - __main__ - INFO - 开始处理文件: 688206-2026-04-16-概伦电子-2025年年度报告.pdf
2026-04-16 15:29:04,785 - httpx - INFO - HTTP Request: POST https://dashscope.aliyuncs.com/compatible-mode/v1/chat/completions "HTTP/1.1 200 OK"
2026-04-16 15:29:04,925 - __main___file_only - INFO - 找到持股数据: 002971 2026-04-16 (16条)
2026-04-16 15:29:04,999 - __main___file_only - INFO - 找到报酬数据: 002971 2026-04-16
2026-04-16 15:29:04,999 - __main__ - INFO - 处理成功: 002971-2026-04-16-和远气体-2025年年度报告.pdf
2026-04-16 15:29:04,999 - __main___file_only - INFO - 文件处理成功: 002971-2026-04-16-和远气体-2025年年度报告.pdf (耗时: 112.83秒)
2026-04-16 15:29:05,625 - httpx - INFO - HTTP Request: DELETE https://dashscope.aliyuncs.com/compatible-mode/v1/files/file-fe-21b6850cd9a640d789fb4148 "HTTP/1.1 200 OK"
2026-04-16 15:29:05,625 - __main__ - INFO - 开始处理文件: 688019-2026-04-16-安集科技-2025年年度报告.pdf
2026-04-16 15:29:06,204 - httpx - INFO - HTTP Request: POST https://dashscope.aliyuncs.com/compatible-mode/v1/chat/completions "HTTP/1.1 200 OK"
2026-04-16 15:29:06,444 - __main___file_only - INFO - 找到持股数据: 603129 2026-04-16 (15条)
2026-04-16 15:29:06,495 - __main___file_only - INFO - 找到报酬数据: 603129 2026-04-16
2026-04-16 15:29:06,495 - __main__ - INFO - 处理成功: 603129-2026-04-16-春风动力-春风动力2025年年度报告.pdf
2026-04-16 15:29:06,495 - __main___file_only - INFO - 文件处理成功: 603129-2026-04-16-春风动力-春风动力2025年年度报告.pdf (耗时: 23.98秒)
2026-04-16 15:29:07,147 - httpx - INFO - HTTP Request: DELETE https://dashscope.aliyuncs.com/compatible-mode/v1/files/file-fe-19aa97340eb5413c94a2db66 "HTTP/1.1 200 OK"
2026-04-16 15:29:07,147 - __main__ - INFO - 开始处理文件: 688273-2026-04-16-麦澜德-2025年年度报告.pdf
2026-04-16 15:29:07,864 - httpx - INFO - HTTP Request: POST https://dashscope.aliyuncs.com/compatible-mode/v1/chat/completions "HTTP/1.1 200 OK"
2026-04-16 15:29:08,071 - __main___file_only - INFO - 找到持股数据: 603355 2026-04-16 (13条)
2026-04-16 15:29:08,171 - __main___file_only - INFO - 找到报酬数据: 603355 2026-04-16
2026-04-16 15:29:08,171 - __main__ - INFO - 处理成功: 603355-2026-04-16-莱克电气-莱克电气2025年年度报告.pdf
2026-04-16 15:29:08,171 - __main___file_only - INFO - 文件处理成功: 603355-2026-04-16-莱克电气-莱克电气2025年年度报告.pdf (耗时: 21.01秒)
2026-04-16 15:29:08,631 - httpx - INFO - HTTP Request: POST https://dashscope.aliyuncs.com/compatible-mode/v1/chat/completions "HTTP/1.1 200 OK"
2026-04-16 15:29:08,761 - httpx - INFO - HTTP Request: DELETE https://dashscope.aliyuncs.com/compatible-mode/v1/files/file-fe-339118ce54b642d69100d661 "HTTP/1.1 200 OK"
2026-04-16 15:29:08,761 - __main__ - INFO - 开始处理文件: 688499-2026-04-16-利元亨-广东利元亨智能装备股份有限公司2025年年度报告.pdf
2026-04-16 15:29:08,780 - __main___file_only - INFO - 找到持股数据: 603383 2026-04-16 (10条)
2026-04-16 15:29:08,829 - __main___file_only - INFO - 找到报酬数据: 603383 2026-04-16
2026-04-16 15:29:08,829 - __main__ - INFO - 处理成功: 603383-2026-04-16-顶点软件-顶点软件2025年年度报告.pdf
2026-04-16 15:29:08,829 - __main___file_only - INFO - 文件处理成功: 603383-2026-04-16-顶点软件-顶点软件2025年年度报告.pdf (耗时: 18.97秒)
2026-04-16 15:29:09,488 - httpx - INFO - HTTP Request: DELETE https://dashscope.aliyuncs.com/compatible-mode/v1/files/file-fe-fcc3dafd2898485cb7cec2af "HTTP/1.1 200 OK"
2026-04-16 15:29:09,488 - __main__ - INFO - 开始处理文件: 688681-2026-04-16-科汇股份-2025年年度报告.pdf
2026-04-16 15:29:12,221 - httpx - INFO - HTTP Request: POST https://dashscope.aliyuncs.com/compatible-mode/v1/chat/completions "HTTP/1.1 200 OK"
2026-04-16 15:29:12,389 - __main___file_only - INFO - 找到持股数据: 603938 2026-04-16 (10条)
2026-04-16 15:29:12,443 - __main___file_only - INFO - 找到报酬数据: 603938 2026-04-16
2026-04-16 15:29:12,444 - __main__ - INFO - 处理成功: 603938-2026-04-16-三孚股份-2025年年度报告.pdf
2026-04-16 15:29:12,444 - __main___file_only - INFO - 文件处理成功: 603938-2026-04-16-三孚股份-2025年年度报告.pdf (耗时: 17.75秒)
2026-04-16 15:29:13,078 - httpx - INFO - HTTP Request: DELETE https://dashscope.aliyuncs.com/compatible-mode/v1/files/file-fe-a20fdd2f4bd145f58b706823 "HTTP/1.1 200 OK"
2026-04-16 15:29:13,078 - __main__ - INFO - 开始处理文件: 688612-2026-04-16-威迈斯-2025年年度报告.pdf
2026-04-16 15:29:13,865 - httpx - INFO - HTTP Request: POST https://dashscope.aliyuncs.com/compatible-mode/v1/chat/completions "HTTP/1.1 200 OK"
2026-04-16 15:29:13,985 - __main___file_only - INFO - 找到持股数据: 603536 2026-04-16 (12条)
2026-04-16 15:29:14,037 - __main___file_only - INFO - 找到报酬数据: 603536 2026-04-16
2026-04-16 15:29:14,037 - __main__ - INFO - 处理成功: 603536-2026-04-16-惠发食品-惠发食品2025年年度报告.pdf
2026-04-16 15:29:14,037 - __main___file_only - INFO - 文件处理成功: 603536-2026-04-16-惠发食品-惠发食品2025年年度报告.pdf (耗时: 22.68秒)
2026-04-16 15:29:14,716 - httpx - INFO - HTTP Request: DELETE https://dashscope.aliyuncs.com/compatible-mode/v1/files/file-fe-1b4e250cbf544d1bb807f984 "HTTP/1.1 200 OK"
2026-04-16 15:29:14,717 - __main__ - INFO - 开始处理文件: 688698-2026-04-16-伟创电气-2025年年度报告.pdf
2026-04-16 15:29:16,101 - httpx - INFO - HTTP Request: POST https://dashscope.aliyuncs.com/compatible-mode/v1/chat/completions "HTTP/1.1 200 OK"
2026-04-16 15:29:16,290 - __main___file_only - INFO - 找到持股数据: 600935 2026-04-16 (20条)
2026-04-16 15:29:16,300 - httpx - INFO - HTTP Request: POST https://dashscope.aliyuncs.com/compatible-mode/v1/chat/completions "HTTP/1.1 200 OK"
2026-04-16 15:29:16,393 - __main___file_only - INFO - 未找到报酬数据: 600935 2026-04-16
2026-04-16 15:29:16,393 - __main__ - INFO - 处理成功: 600935-2026-04-16-华塑股份-安徽华塑股份有限公司2025年年度报告.pdf
2026-04-16 15:29:16,393 - __main___file_only - INFO - 文件处理成功: 600935-2026-04-16-华塑股份-安徽华塑股份有限公司2025年年度报告.pdf (耗时: 40.36秒)
2026-04-16 15:29:16,448 - __main___file_only - INFO - 找到持股数据: 601877 2026-04-16 (16条)
2026-04-16 15:29:16,497 - __main___file_only - INFO - 找到报酬数据: 601877 2026-04-16
2026-04-16 15:29:16,497 - __main__ - INFO - 处理成功: 601877-2026-04-16-正泰电器-正泰电器2025年年度报告.pdf
2026-04-16 15:29:16,498 - __main___file_only - INFO - 文件处理成功: 601877-2026-04-16-正泰电器-正泰电器2025年年度报告.pdf (耗时: 37.45秒)
2026-04-16 15:29:16,769 - httpx - INFO - HTTP Request: POST https://dashscope.aliyuncs.com/compatible-mode/v1/chat/completions "HTTP/1.1 200 OK"
2026-04-16 15:29:16,957 - __main___file_only - INFO - 找到持股数据: 605058 2026-04-16 (11条)
2026-04-16 15:29:17,009 - httpx - INFO - HTTP Request: DELETE https://dashscope.aliyuncs.com/compatible-mode/v1/files/file-fe-08e56d48c2b94370973830e0 "HTTP/1.1 200 OK"
2026-04-16 15:29:17,010 - __main__ - INFO - 开始处理文件: 688690-2026-04-16-纳微科技-苏州纳微科技股份有限公司2025年年度报告.pdf
2026-04-16 15:29:17,013 - __main___file_only - INFO - 找到报酬数据: 605058 2026-04-16
2026-04-16 15:29:17,013 - __main__ - INFO - 处理成功: 605058-2026-04-16-澳弘电子-澳弘电子2025年年度报告.pdf
2026-04-16 15:29:17,013 - __main___file_only - INFO - 文件处理成功: 605058-2026-04-16-澳弘电子-澳弘电子2025年年度报告.pdf (耗时: 18.03秒)
2026-04-16 15:29:17,355 - httpx - INFO - HTTP Request: DELETE https://dashscope.aliyuncs.com/compatible-mode/v1/files/file-fe-59c592d1e10d45d188e129ac "HTTP/1.1 200 OK"
2026-04-16 15:29:17,355 - __main__ - INFO - 开始处理文件: 920020-2026-04-15-泰凯英-2025年年度报告.pdf
2026-04-16 15:29:17,644 - httpx - INFO - HTTP Request: DELETE https://dashscope.aliyuncs.com/compatible-mode/v1/files/file-fe-f268fd4ba7af4c5eb4c69264 "HTTP/1.1 200 OK"
2026-04-16 15:29:17,644 - __main__ - INFO - 开始处理文件: 920007-2026-04-15-酉立智能-2025年年度报告.pdf
2026-04-16 15:29:17,750 - httpx - INFO - HTTP Request: POST https://dashscope.aliyuncs.com/compatible-mode/v1/chat/completions "HTTP/1.1 200 OK"
2026-04-16 15:29:17,882 - __main___file_only - INFO - 找到持股数据: 605166 2026-04-16 (8条)
2026-04-16 15:29:17,931 - __main___file_only - INFO - 找到报酬数据: 605166 2026-04-16
2026-04-16 15:29:17,932 - __main__ - INFO - 处理成功: 605166-2026-04-16-聚合顺-聚合顺新材料股份有限公司2025年年度报告.pdf
2026-04-16 15:29:17,932 - __main___file_only - INFO - 文件处理成功: 605166-2026-04-16-聚合顺-聚合顺新材料股份有限公司2025年年度报告.pdf (耗时: 15.83秒)
2026-04-16 15:29:18,613 - httpx - INFO - HTTP Request: POST https://dashscope.aliyuncs.com/compatible-mode/v1/chat/completions "HTTP/1.1 200 OK"
2026-04-16 15:29:18,660 - httpx - INFO - HTTP Request: DELETE https://dashscope.aliyuncs.com/compatible-mode/v1/files/file-fe-5a3eb59a1d044403a797a6e5 "HTTP/1.1 200 OK"
2026-04-16 15:29:18,660 - __main__ - INFO - 开始处理文件: 920199-2026-04-15-倍益康-2025年年度报告.pdf
2026-04-16 15:29:18,769 - __main___file_only - INFO - 找到持股数据: 603213 2026-04-16 (14条)
2026-04-16 15:29:18,819 - __main___file_only - INFO - 找到报酬数据: 603213 2026-04-16
2026-04-16 15:29:18,820 - __main__ - INFO - 处理成功: 603213-2026-04-16-镇洋发展-浙江镇洋发展股份有限公司2025年年度报告.pdf
2026-04-16 15:29:18,820 - __main___file_only - INFO - 文件处理成功: 603213-2026-04-16-镇洋发展-浙江镇洋发展股份有限公司2025年年度报告.pdf (耗时: 29.60秒)
2026-04-16 15:29:19,550 - httpx - INFO - HTTP Request: DELETE https://dashscope.aliyuncs.com/compatible-mode/v1/files/file-fe-2013908ff60c4993856e4498 "HTTP/1.1 200 OK"
2026-04-16 15:29:19,550 - __main__ - INFO - 开始处理文件: 920149-2026-04-15-旭杰科技-2025年年度报告.pdf
2026-04-16 15:29:21,308 - httpx - INFO - HTTP Request: POST https://dashscope.aliyuncs.com/compatible-mode/v1/chat/completions "HTTP/1.1 200 OK"
2026-04-16 15:29:21,442 - __main___file_only - INFO - 找到持股数据: 603916 2026-04-16 (9条)
2026-04-16 15:29:21,495 - __main___file_only - INFO - 找到报酬数据: 603916 2026-04-16
2026-04-16 15:29:21,495 - __main__ - INFO - 处理成功: 603916-2026-04-16-苏博特-2025年年度报告.pdf
2026-04-16 15:29:21,496 - __main___file_only - INFO - 文件处理成功: 603916-2026-04-16-苏博特-2025年年度报告.pdf (耗时: 24.41秒)
2026-04-16 15:29:21,643 - httpx - INFO - HTTP Request: POST https://dashscope.aliyuncs.com/compatible-mode/v1/chat/completions "HTTP/1.1 200 OK"
2026-04-16 15:29:21,780 - __main___file_only - INFO - 找到持股数据: 603977 2026-04-16 (13条)
2026-04-16 15:29:21,829 - __main___file_only - INFO - 找到报酬数据: 603977 2026-04-16
2026-04-16 15:29:21,829 - __main__ - INFO - 处理成功: 603977-2026-04-16-国泰集团-江西国泰集团股份有限公司2025年年度报告.pdf
2026-04-16 15:29:21,829 - __main___file_only - INFO - 文件处理成功: 603977-2026-04-16-国泰集团-江西国泰集团股份有限公司2025年年度报告.pdf (耗时: 20.42秒)
2026-04-16 15:29:22,263 - httpx - INFO - HTTP Request: DELETE https://dashscope.aliyuncs.com/compatible-mode/v1/files/file-fe-b1e5d88092974a45a8750032 "HTTP/1.1 200 OK"
2026-04-16 15:29:22,264 - __main__ - INFO - 开始处理文件: 920230-2026-04-15-欧康医药-2025年年度报告.pdf
2026-04-16 15:29:22,412 - httpx - INFO - HTTP Request: DELETE https://dashscope.aliyuncs.com/compatible-mode/v1/files/file-fe-f4672e7c01b94aacb4c8f953 "HTTP/1.1 200 OK"
2026-04-16 15:29:22,412 - __main__ - INFO - 开始处理文件: 920223-2026-04-15-荣亿精密-2025年年度报告.pdf
2026-04-16 15:29:28,018 - httpx - INFO - HTTP Request: POST https://dashscope.aliyuncs.com/compatible-mode/v1/chat/completions "HTTP/1.1 200 OK"
2026-04-16 15:29:28,193 - __main___file_only - INFO - 找到持股数据: 002762 2026-04-16 (13条)
2026-04-16 15:29:28,247 - __main___file_only - INFO - 未找到报酬数据: 002762 2026-04-16
2026-04-16 15:29:28,248 - __main__ - INFO - 处理成功: 002762-2026-04-16-ST金比-2025年年度报告.pdf
2026-04-16 15:29:28,248 - __main___file_only - INFO - 文件处理成功: 002762-2026-04-16-ST金比-2025年年度报告.pdf (耗时: 140.05秒)
2026-04-16 15:29:28,886 - httpx - INFO - HTTP Request: DELETE https://dashscope.aliyuncs.com/compatible-mode/v1/files/file-fe-a1f7a5f608ac4d8480333d47 "HTTP/1.1 200 OK"
2026-04-16 15:29:28,887 - __main__ - INFO - 开始处理文件: 920357-2026-04-15-雅葆轩-2025年年度报告.pdf
2026-04-16 15:29:32,522 - httpx - INFO - HTTP Request: POST https://dashscope.aliyuncs.com/compatible-mode/v1/chat/completions "HTTP/1.1 200 OK"
2026-04-16 15:29:32,720 - __main___file_only - INFO - 找到持股数据: 920007 2026-04-15 (7条)
2026-04-16 15:29:32,779 - __main___file_only - INFO - 找到报酬数据: 920007 2026-04-15
2026-04-16 15:29:32,779 - __main__ - INFO - 处理成功: 920007-2026-04-15-酉立智能-2025年年度报告.pdf
2026-04-16 15:29:32,779 - __main___file_only - INFO - 文件处理成功: 920007-2026-04-15-酉立智能-2025年年度报告.pdf (耗时: 15.13秒)
2026-04-16 15:29:33,492 - httpx - INFO - HTTP Request: DELETE https://dashscope.aliyuncs.com/compatible-mode/v1/files/file-fe-6827f2dd71604a1182f85a04 "HTTP/1.1 200 OK"
2026-04-16 15:29:33,493 - __main__ - INFO - 开始处理文件: 920249-2026-04-15-利尔达-2025年年度报告.pdf
2026-04-16 15:29:33,701 - httpx - INFO - HTTP Request: POST https://dashscope.aliyuncs.com/compatible-mode/v1/chat/completions "HTTP/1.1 200 OK"
2026-04-16 15:29:33,921 - __main___file_only - INFO - 找到持股数据: 605580 2026-04-16 (14条)
2026-04-16 15:29:33,970 - __main___file_only - INFO - 找到报酬数据: 605580 2026-04-16
2026-04-16 15:29:33,970 - __main__ - INFO - 处理成功: 605580-2026-04-16-恒盛能源-恒盛能源股份有限公司2025年年度报告全文.pdf
2026-04-16 15:29:33,970 - __main___file_only - INFO - 文件处理成功: 605580-2026-04-16-恒盛能源-恒盛能源股份有限公司2025年年度报告全文.pdf (耗时: 31.06秒)
2026-04-16 15:29:34,631 - httpx - INFO - HTTP Request: DELETE https://dashscope.aliyuncs.com/compatible-mode/v1/files/file-fe-71b71d36456846b7b9480c0d "HTTP/1.1 200 OK"
2026-04-16 15:29:34,632 - __main__ - INFO - 开始处理文件: 920526-2026-04-15-凯华材料-2025年年度报告.pdf
2026-04-16 15:29:34,922 - httpx - INFO - HTTP Request: POST https://dashscope.aliyuncs.com/compatible-mode/v1/chat/completions "HTTP/1.1 200 OK"
2026-04-16 15:29:34,935 - httpx - INFO - HTTP Request: POST https://dashscope.aliyuncs.com/compatible-mode/v1/chat/completions "HTTP/1.1 200 OK"
2026-04-16 15:29:35,112 - __main___file_only - INFO - 找到持股数据: 688273 2026-04-16 (12条)
2026-04-16 15:29:35,140 - __main___file_only - INFO - 找到持股数据: 688698 2026-04-16 (12条)
2026-04-16 15:29:35,161 - __main___file_only - INFO - 未找到报酬数据: 688273 2026-04-16
2026-04-16 15:29:35,162 - __main__ - INFO - 处理成功: 688273-2026-04-16-麦澜德-2025年年度报告.pdf
2026-04-16 15:29:35,162 - __main___file_only - INFO - 文件处理成功: 688273-2026-04-16-麦澜德-2025年年度报告.pdf (耗时: 28.01秒)
2026-04-16 15:29:35,191 - __main___file_only - INFO - 未找到报酬数据: 688698 2026-04-16
2026-04-16 15:29:35,192 - __main__ - INFO - 处理成功: 688698-2026-04-16-伟创电气-2025年年度报告.pdf
2026-04-16 15:29:35,192 - __main___file_only - INFO - 文件处理成功: 688698-2026-04-16-伟创电气-2025年年度报告.pdf (耗时: 20.48秒)
2026-04-16 15:29:35,797 - httpx - INFO - HTTP Request: DELETE https://dashscope.aliyuncs.com/compatible-mode/v1/files/file-fe-1052c5791fb74b91906f5ed4 "HTTP/1.1 200 OK"
2026-04-16 15:29:35,798 - __main__ - INFO - 开始处理文件: 920367-2026-04-15-新赣江-2025年年度报告.pdf
2026-04-16 15:29:35,822 - httpx - INFO - HTTP Request: DELETE https://dashscope.aliyuncs.com/compatible-mode/v1/files/file-fe-f38faaa7adc04e7c8c8a1bec "HTTP/1.1 200 OK"
2026-04-16 15:29:35,823 - __main__ - INFO - 开始处理文件: 920689-2026-04-15-克莱特-2025年年度报告.pdf
2026-04-16 15:29:37,599 - httpx - INFO - HTTP Request: POST https://dashscope.aliyuncs.com/compatible-mode/v1/chat/completions "HTTP/1.1 200 OK"
2026-04-16 15:29:37,730 - __main___file_only - INFO - 找到持股数据: 920149 2026-04-15 (8条)
2026-04-16 15:29:37,777 - __main___file_only - INFO - 未找到报酬数据: 920149 2026-04-15
2026-04-16 15:29:37,777 - __main__ - INFO - 处理成功: 920149-2026-04-15-旭杰科技-2025年年度报告.pdf
2026-04-16 15:29:37,777 - __main___file_only - INFO - 文件处理成功: 920149-2026-04-15-旭杰科技-2025年年度报告.pdf (耗时: 18.23秒)
2026-04-16 15:29:38,463 - httpx - INFO - HTTP Request: DELETE https://dashscope.aliyuncs.com/compatible-mode/v1/files/file-fe-aa450b8fd84d44e7a3e844b3 "HTTP/1.1 200 OK"
2026-04-16 15:29:38,463 - __main__ - INFO - 开始处理文件: 920693-2026-04-15-阿为特-2025年年度报告.pdf
2026-04-16 15:29:40,067 - httpx - INFO - HTTP Request: POST https://dashscope.aliyuncs.com/compatible-mode/v1/chat/completions "HTTP/1.1 200 OK"
2026-04-16 15:29:40,148 - httpx - INFO - HTTP Request: POST https://dashscope.aliyuncs.com/compatible-mode/v1/chat/completions "HTTP/1.1 200 OK"
2026-04-16 15:29:40,253 - __main___file_only - INFO - 找到持股数据: 920199 2026-04-15 (9条)
2026-04-16 15:29:40,300 - __main___file_only - INFO - 未找到报酬数据: 920199 2026-04-15
2026-04-16 15:29:40,301 - __main__ - INFO - 处理成功: 920199-2026-04-15-倍益康-2025年年度报告.pdf
2026-04-16 15:29:40,301 - __main___file_only - INFO - 文件处理成功: 920199-2026-04-15-倍益康-2025年年度报告.pdf (耗时: 21.64秒)
2026-04-16 15:29:40,314 - __main___file_only - INFO - 找到持股数据: 688019 2026-04-16 (14条)
2026-04-16 15:29:40,363 - __main___file_only - INFO - 未找到报酬数据: 688019 2026-04-16
2026-04-16 15:29:40,363 - __main__ - INFO - 处理成功: 688019-2026-04-16-安集科技-2025年年度报告.pdf
2026-04-16 15:29:40,363 - __main___file_only - INFO - 文件处理成功: 688019-2026-04-16-安集科技-2025年年度报告.pdf (耗时: 34.74秒)
2026-04-16 15:29:40,376 - httpx - INFO - HTTP Request: POST https://dashscope.aliyuncs.com/compatible-mode/v1/chat/completions "HTTP/1.1 200 OK"
2026-04-16 15:29:40,509 - __main___file_only - INFO - 找到持股数据: 688206 2026-04-16 (16条)
2026-04-16 15:29:40,557 - __main___file_only - INFO - 未找到报酬数据: 688206 2026-04-16
2026-04-16 15:29:40,558 - __main__ - INFO - 处理成功: 688206-2026-04-16-概伦电子-2025年年度报告.pdf
2026-04-16 15:29:40,558 - __main___file_only - INFO - 文件处理成功: 688206-2026-04-16-概伦电子-2025年年度报告.pdf (耗时: 36.51秒)
2026-04-16 15:29:40,617 - httpx - INFO - HTTP Request: POST https://dashscope.aliyuncs.com/compatible-mode/v1/chat/completions "HTTP/1.1 200 OK"
2026-04-16 15:29:40,771 - __main___file_only - INFO - 找到持股数据: 920357 2026-04-15 (7条)
2026-04-16 15:29:40,823 - __main___file_only - INFO - 找到报酬数据: 920357 2026-04-15
2026-04-16 15:29:40,823 - __main__ - INFO - 处理成功: 920357-2026-04-15-雅葆轩-2025年年度报告.pdf
2026-04-16 15:29:40,823 - __main___file_only - INFO - 文件处理成功: 920357-2026-04-15-雅葆轩-2025年年度报告.pdf (耗时: 11.94秒)
2026-04-16 15:29:40,982 - httpx - INFO - HTTP Request: DELETE https://dashscope.aliyuncs.com/compatible-mode/v1/files/file-fe-165573583a364a5f860ca5ac "HTTP/1.1 200 OK"
2026-04-16 15:29:40,983 - __main__ - INFO - 开始处理文件: 920768-2026-04-15-拾比佰-2025年年度报告.pdf
2026-04-16 15:29:41,036 - httpx - INFO - HTTP Request: DELETE https://dashscope.aliyuncs.com/compatible-mode/v1/files/file-fe-b78e246f62fd4aacaa8ad637 "HTTP/1.1 200 OK"
2026-04-16 15:29:41,140 - httpx - INFO - HTTP Request: DELETE https://dashscope.aliyuncs.com/compatible-mode/v1/files/file-fe-fb4a985de03a49fe9b16846f "HTTP/1.1 200 OK"
2026-04-16 15:29:41,455 - httpx - INFO - HTTP Request: DELETE https://dashscope.aliyuncs.com/compatible-mode/v1/files/file-fe-2dcf61a4abb74b75a2063035 "HTTP/1.1 200 OK"
2026-04-16 15:29:42,014 - httpx - INFO - HTTP Request: POST https://dashscope.aliyuncs.com/compatible-mode/v1/chat/completions "HTTP/1.1 200 OK"
2026-04-16 15:29:42,154 - __main___file_only - INFO - 找到持股数据: 688499 2026-04-16 (14条)
2026-04-16 15:29:42,222 - __main___file_only - INFO - 未找到报酬数据: 688499 2026-04-16
2026-04-16 15:29:42,223 - __main__ - INFO - 处理成功: 688499-2026-04-16-利元亨-广东利元亨智能装备股份有限公司2025年年度报告.pdf
2026-04-16 15:29:42,223 - __main___file_only - INFO - 文件处理成功: 688499-2026-04-16-利元亨-广东利元亨智能装备股份有限公司2025年年度报告.pdf (耗时: 33.46秒)
2026-04-16 15:29:42,836 - httpx - INFO - HTTP Request: DELETE https://dashscope.aliyuncs.com/compatible-mode/v1/files/file-fe-7d00d09b09b84182862c14c8 "HTTP/1.1 200 OK"
2026-04-16 15:29:46,406 - httpx - INFO - HTTP Request: POST https://dashscope.aliyuncs.com/compatible-mode/v1/chat/completions "HTTP/1.1 200 OK"
2026-04-16 15:29:46,542 - __main___file_only - INFO - 找到持股数据: 920020 2026-04-15 (12条)
2026-04-16 15:29:46,594 - __main___file_only - INFO - 未找到报酬数据: 920020 2026-04-15
2026-04-16 15:29:46,594 - __main__ - INFO - 处理成功: 920020-2026-04-15-泰凯英-2025年年度报告.pdf
2026-04-16 15:29:46,594 - __main___file_only - INFO - 文件处理成功: 920020-2026-04-15-泰凯英-2025年年度报告.pdf (耗时: 29.24秒)
2026-04-16 15:29:47,325 - httpx - INFO - HTTP Request: DELETE https://dashscope.aliyuncs.com/compatible-mode/v1/files/file-fe-506f481226b145a5bedbfec8 "HTTP/1.1 200 OK"
2026-04-16 15:29:49,324 - httpx - INFO - HTTP Request: POST https://dashscope.aliyuncs.com/compatible-mode/v1/chat/completions "HTTP/1.1 200 OK"
2026-04-16 15:29:49,385 - httpx - INFO - HTTP Request: POST https://dashscope.aliyuncs.com/compatible-mode/v1/chat/completions "HTTP/1.1 200 OK"
2026-04-16 15:29:49,476 - httpx - INFO - HTTP Request: POST https://dashscope.aliyuncs.com/compatible-mode/v1/chat/completions "HTTP/1.1 200 OK"
2026-04-16 15:29:49,492 - __main___file_only - INFO - 找到持股数据: 920230 2026-04-15 (10条)
2026-04-16 15:29:49,632 - __main___file_only - INFO - 未找到报酬数据: 920230 2026-04-15
2026-04-16 15:29:49,633 - __main__ - INFO - 处理成功: 920230-2026-04-15-欧康医药-2025年年度报告.pdf
2026-04-16 15:29:49,633 - __main___file_only - INFO - 文件处理成功: 920230-2026-04-15-欧康医药-2025年年度报告.pdf (耗时: 27.37秒)
2026-04-16 15:29:49,648 - __main___file_only - INFO - 找到持股数据: 920526 2026-04-15 (8条)
2026-04-16 15:29:49,708 - __main___file_only - INFO - 找到持股数据: 920223 2026-04-15 (13条)
2026-04-16 15:29:49,734 - __main___file_only - INFO - 未找到报酬数据: 920526 2026-04-15
2026-04-16 15:29:49,734 - __main__ - INFO - 处理成功: 920526-2026-04-15-凯华材料-2025年年度报告.pdf
2026-04-16 15:29:49,734 - __main___file_only - INFO - 文件处理成功: 920526-2026-04-15-凯华材料-2025年年度报告.pdf (耗时: 15.10秒)
2026-04-16 15:29:49,763 - __main___file_only - INFO - 未找到报酬数据: 920223 2026-04-15
2026-04-16 15:29:49,764 - __main__ - INFO - 处理成功: 920223-2026-04-15-荣亿精密-2025年年度报告.pdf
2026-04-16 15:29:49,764 - __main___file_only - INFO - 文件处理成功: 920223-2026-04-15-荣亿精密-2025年年度报告.pdf (耗时: 27.35秒)
2026-04-16 15:29:50,375 - httpx - INFO - HTTP Request: DELETE https://dashscope.aliyuncs.com/compatible-mode/v1/files/file-fe-9fface9ef02b4255be58f07d "HTTP/1.1 200 OK"
2026-04-16 15:29:50,408 - httpx - INFO - HTTP Request: DELETE https://dashscope.aliyuncs.com/compatible-mode/v1/files/file-fe-7d747e8806c34c2c9a04b084 "HTTP/1.1 200 OK"
2026-04-16 15:29:50,486 - httpx - INFO - HTTP Request: DELETE https://dashscope.aliyuncs.com/compatible-mode/v1/files/file-fe-25f0b24c23c74640b76bb32e "HTTP/1.1 200 OK"
2026-04-16 15:29:51,627 - httpx - INFO - HTTP Request: POST https://dashscope.aliyuncs.com/compatible-mode/v1/chat/completions "HTTP/1.1 200 OK"
2026-04-16 15:29:51,765 - __main___file_only - INFO - 找到持股数据: 920693 2026-04-15 (7条)
2026-04-16 15:29:51,812 - __main___file_only - INFO - 未找到报酬数据: 920693 2026-04-15
2026-04-16 15:29:51,812 - __main__ - INFO - 处理成功: 920693-2026-04-15-阿为特-2025年年度报告.pdf
2026-04-16 15:29:51,812 - __main___file_only - INFO - 文件处理成功: 920693-2026-04-15-阿为特-2025年年度报告.pdf (耗时: 13.35秒)
2026-04-16 15:29:52,477 - httpx - INFO - HTTP Request: DELETE https://dashscope.aliyuncs.com/compatible-mode/v1/files/file-fe-4d7dfaae61224b67813d5e94 "HTTP/1.1 200 OK"
2026-04-16 15:29:55,883 - httpx - INFO - HTTP Request: POST https://dashscope.aliyuncs.com/compatible-mode/v1/chat/completions "HTTP/1.1 200 OK"
2026-04-16 15:29:56,064 - __main___file_only - INFO - 找到持股数据: 688612 2026-04-16 (20条)
2026-04-16 15:29:56,112 - __main___file_only - INFO - 未找到报酬数据: 688612 2026-04-16
2026-04-16 15:29:56,113 - __main__ - INFO - 处理成功: 688612-2026-04-16-威迈斯-2025年年度报告.pdf
2026-04-16 15:29:56,113 - __main___file_only - INFO - 文件处理成功: 688612-2026-04-16-威迈斯-2025年年度报告.pdf (耗时: 43.03秒)
2026-04-16 15:29:56,878 - httpx - INFO - HTTP Request: DELETE https://dashscope.aliyuncs.com/compatible-mode/v1/files/file-fe-1a8d46562f024fdfb201173c "HTTP/1.1 200 OK"
2026-04-16 15:29:57,771 - httpx - INFO - HTTP Request: POST https://dashscope.aliyuncs.com/compatible-mode/v1/chat/completions "HTTP/1.1 200 OK"
2026-04-16 15:29:57,908 - __main___file_only - INFO - 找到持股数据: 920367 2026-04-15 (9条)
2026-04-16 15:29:57,960 - __main___file_only - INFO - 未找到报酬数据: 920367 2026-04-15
2026-04-16 15:29:57,961 - __main__ - INFO - 处理成功: 920367-2026-04-15-新赣江-2025年年度报告.pdf
2026-04-16 15:29:57,961 - __main___file_only - INFO - 文件处理成功: 920367-2026-04-15-新赣江-2025年年度报告.pdf (耗时: 22.16秒)
2026-04-16 15:29:58,717 - httpx - INFO - HTTP Request: DELETE https://dashscope.aliyuncs.com/compatible-mode/v1/files/file-fe-ba2957a5bdbb4f26b33e002a "HTTP/1.1 200 OK"
2026-04-16 15:29:59,600 - httpx - INFO - HTTP Request: POST https://dashscope.aliyuncs.com/compatible-mode/v1/chat/completions "HTTP/1.1 200 OK"
2026-04-16 15:29:59,762 - __main___file_only - INFO - 找到持股数据: 688690 2026-04-16 (18条)
2026-04-16 15:29:59,811 - __main___file_only - INFO - 找到报酬数据: 688690 2026-04-16
2026-04-16 15:29:59,811 - __main__ - INFO - 处理成功: 688690-2026-04-16-纳微科技-苏州纳微科技股份有限公司2025年年度报告.pdf
2026-04-16 15:29:59,812 - __main___file_only - INFO - 文件处理成功: 688690-2026-04-16-纳微科技-苏州纳微科技股份有限公司2025年年度报告.pdf (耗时: 42.80秒)
2026-04-16 15:30:00,535 - httpx - INFO - HTTP Request: DELETE https://dashscope.aliyuncs.com/compatible-mode/v1/files/file-fe-3233cb07c770495592d70fc8 "HTTP/1.1 200 OK"
2026-04-16 15:30:02,870 - httpx - INFO - HTTP Request: POST https://dashscope.aliyuncs.com/compatible-mode/v1/chat/completions "HTTP/1.1 200 OK"
2026-04-16 15:30:03,015 - __main___file_only - INFO - 找到持股数据: 920249 2026-04-15 (14条)
2026-04-16 15:30:03,062 - __main___file_only - INFO - 未找到报酬数据: 920249 2026-04-15
2026-04-16 15:30:03,063 - __main__ - INFO - 处理成功: 920249-2026-04-15-利尔达-2025年年度报告.pdf
2026-04-16 15:30:03,063 - __main___file_only - INFO - 文件处理成功: 920249-2026-04-15-利尔达-2025年年度报告.pdf (耗时: 29.57秒)
2026-04-16 15:30:03,380 - httpx - INFO - HTTP Request: POST https://dashscope.aliyuncs.com/compatible-mode/v1/chat/completions "HTTP/1.1 200 OK"
2026-04-16 15:30:03,515 - __main___file_only - INFO - 找到持股数据: 920689 2026-04-15 (12条)
2026-04-16 15:30:03,563 - __main___file_only - INFO - 未找到报酬数据: 920689 2026-04-15
2026-04-16 15:30:03,564 - __main__ - INFO - 处理成功: 920689-2026-04-15-克莱特-2025年年度报告.pdf
2026-04-16 15:30:03,564 - __main___file_only - INFO - 文件处理成功: 920689-2026-04-15-克莱特-2025年年度报告.pdf (耗时: 27.74秒)
2026-04-16 15:30:03,684 - httpx - INFO - HTTP Request: DELETE https://dashscope.aliyuncs.com/compatible-mode/v1/files/file-fe-a8820754765645bf81291d6b "HTTP/1.1 200 OK"
2026-04-16 15:30:04,221 - httpx - INFO - HTTP Request: DELETE https://dashscope.aliyuncs.com/compatible-mode/v1/files/file-fe-783ecd1e060a43b0ac211ba7 "HTTP/1.1 200 OK"
2026-04-16 15:30:04,597 - httpx - INFO - HTTP Request: POST https://dashscope.aliyuncs.com/compatible-mode/v1/chat/completions "HTTP/1.1 200 OK"
2026-04-16 15:30:04,746 - __main___file_only - INFO - 找到持股数据: 688681 2026-04-16 (24条)
2026-04-16 15:30:04,795 - __main___file_only - INFO - 找到报酬数据: 688681 2026-04-16
2026-04-16 15:30:04,796 - __main__ - INFO - 处理成功: 688681-2026-04-16-科汇股份-2025年年度报告.pdf
2026-04-16 15:30:04,796 - __main___file_only - INFO - 文件处理成功: 688681-2026-04-16-科汇股份-2025年年度报告.pdf (耗时: 55.31秒)
2026-04-16 15:30:05,486 - httpx - INFO - HTTP Request: DELETE https://dashscope.aliyuncs.com/compatible-mode/v1/files/file-fe-c0d1bd309ab64a85b7c5c673 "HTTP/1.1 200 OK"
2026-04-16 15:30:06,598 - httpx - INFO - HTTP Request: POST https://dashscope.aliyuncs.com/compatible-mode/v1/chat/completions "HTTP/1.1 200 OK"
2026-04-16 15:30:06,748 - __main___file_only - INFO - 找到持股数据: 920768 2026-04-15 (12条)
2026-04-16 15:30:06,795 - __main___file_only - INFO - 找到报酬数据: 920768 2026-04-15
2026-04-16 15:30:06,795 - __main__ - INFO - 处理成功: 920768-2026-04-15-拾比佰-2025年年度报告.pdf
2026-04-16 15:30:06,795 - __main___file_only - INFO - 文件处理成功: 920768-2026-04-15-拾比佰-2025年年度报告.pdf (耗时: 25.81秒)
2026-04-16 15:30:07,573 - httpx - INFO - HTTP Request: DELETE https://dashscope.aliyuncs.com/compatible-mode/v1/files/file-fe-359c2cf52dfe4fb6ae116929 "HTTP/1.1 200 OK"
2026-04-16 15:30:07,636 - __main__ - INFO - 开始关闭线程池...
2026-04-16 15:30:07,659 - __main__ - INFO - 所有线程池已关闭
2026-04-16 15:30:07,931 - __main__ - INFO - 程序执行完成 - 总耗时: 0:03:05.259596
