2026-04-20 13:02:46,260 - __main__ - INFO - 程序启动，会话ID: 130246
2026-04-20 13:02:48,572 - __main__ - INFO - 用户选择: 完整流程
2026-04-20 13:03:16,477 - __main__ - INFO - 用户选择的日期范围: 2026-04-17 ~ 2026-04-19
2026-04-20 13:03:16,986 - downloader - INFO - 查询到 71 条公告记录
2026-04-20 13:03:16,987 - __main__ - INFO - 查询到 71 条公告
2026-04-20 13:03:16,987 - downloader - INFO - 创建下载文件夹: E:\Project\主要指标一季报\files\20260417-20260419_130246
2026-04-20 13:03:16,988 - __main__ - INFO - 下载文件夹: E:\Project\主要指标一季报\files\20260417-20260419_130246
2026-04-20 13:03:16,988 - downloader - INFO - 开始批量下载 71 个公告，使用 10 个并发线程
2026-04-20 13:03:18,004 - downloader - INFO - 下载成功: 300855-2026-04-18-图南股份2026年一季度报告.PDF
2026-04-20 13:03:18,008 - downloader - INFO - 下载成功: 300303-2026-04-18-聚飞光电2026年一季度报告.PDF
2026-04-20 13:03:18,036 - downloader - INFO - 下载成功: 688606-2026-04-20-奥泰生物2026年第一季度报告.PDF
2026-04-20 13:03:18,037 - downloader - INFO - 下载成功: 688646-2026-04-18-ST逸飞逸飞激光2026年第一季度报告.PDF
2026-04-20 13:03:18,055 - downloader - INFO - 下载成功: 603400-2026-04-20-华之杰华之杰2026年第一季度报告.PDF
2026-04-20 13:03:18,091 - downloader - INFO - 下载成功: 603223-2026-04-18-恒通股份恒通物流股份有限公司2026年第一季度报告.PDF
2026-04-20 13:03:18,111 - downloader - INFO - 下载成功: 002268-2026-04-18-电科网安2026年一季度报告.PDF
2026-04-20 13:03:18,148 - downloader - INFO - 下载成功: 688352-2026-04-20-颀中科技合肥颀中科技股份有限公司2026年第一季度报告.PDF
2026-04-20 13:03:18,168 - downloader - INFO - 下载成功: 688368-2026-04-18-晶丰明源上海晶丰明源半导体股份有限公司2026年第一季度报告.PDF
2026-04-20 13:03:18,212 - downloader - INFO - 下载成功: 003006-2026-04-18-百亚股份2026年一季度报告.PDF
2026-04-20 13:03:18,213 - downloader - INFO - 下载成功: 000404-2026-04-18-长虹华意2026年一季度报告.PDF
2026-04-20 13:03:18,288 - downloader - INFO - 下载成功: 300188-2026-04-18-国投智能2026年一季度报告.PDF
2026-04-20 13:03:18,308 - downloader - INFO - 下载成功: 300222-2026-04-18-科大智能2026年一季度报告.PDF
2026-04-20 13:03:18,318 - downloader - INFO - 下载成功: 002415-2026-04-18-海康威视2026年一季度报告.PDF
2026-04-20 13:03:18,319 - downloader - INFO - 下载成功: 002664-2026-04-18-信质集团2026年一季度报告.PDF
2026-04-20 13:03:18,404 - downloader - INFO - 下载成功: 688048-2026-04-18-长光华芯2026年第一季度报告.PDF
2026-04-20 13:03:18,417 - downloader - INFO - 下载成功: 688197-2026-04-18-首药控股首药控股（北京）股份有限公司2026年第一季度报告.PDF
2026-04-20 13:03:18,429 - downloader - INFO - 下载成功: 002968-2026-04-18-新大正2026年一季度报告.PDF
2026-04-20 13:03:18,446 - downloader - INFO - 下载成功: 000959-2026-04-18-首钢股份2026年一季度报告.PDF
2026-04-20 13:03:18,484 - downloader - INFO - 下载成功: 603708-2026-04-18-家家悦家家悦集团股份有限公司2026年第一季度报告.PDF
2026-04-20 13:03:18,527 - downloader - INFO - 下载成功: 605007-2026-04-18-五洲特纸五洲特种纸业集团股份有限公司2026年第一季度报告.PDF
2026-04-20 13:03:18,542 - downloader - INFO - 下载成功: 688297-2026-04-18-中无人机中无人机2026年第一季度报告.PDF
2026-04-20 13:03:18,559 - downloader - INFO - 下载成功: 300136-2026-04-18-信维通信2026年一季度报告.PDF
2026-04-20 13:03:18,580 - downloader - INFO - 下载成功: 603115-2026-04-18-海星股份2026年第一季度报告.PDF
2026-04-20 13:03:18,590 - downloader - INFO - 下载成功: 688522-2026-04-18-纳睿雷达广东纳睿雷达科技股份有限公司2026年第一季度报告.PDF
2026-04-20 13:03:18,685 - downloader - INFO - 下载成功: 600872-2026-04-18-中炬高新中炬高新2026年第一季度报告.PDF
2026-04-20 13:03:18,732 - downloader - INFO - 下载成功: 002016-2026-04-18-世荣兆业2026年一季度报告.PDF
2026-04-20 13:03:18,732 - downloader - INFO - 下载成功: 600746-2026-04-18-江苏索普江苏索普2026年第一季度报告.PDF
2026-04-20 13:03:18,732 - downloader - INFO - 下载成功: 000408-2026-04-18-藏格矿业2026年一季度报告.PDF
2026-04-20 13:03:18,733 - downloader - INFO - 下载成功: 920208-2026-04-17-青矩技术2026年一季度报告.PDF
2026-04-20 13:03:18,792 - downloader - INFO - 下载成功: 300012-2026-04-20-华测检测2026年一季度报告.PDF
2026-04-20 13:03:18,822 - downloader - INFO - 下载成功: 002458-2026-04-20-益生股份2026年一季度报告.PDF
2026-04-20 13:03:18,826 - downloader - INFO - 下载成功: 603025-2026-04-20-大豪科技北京大豪科技股份有限公司2026年第一季度报告.PDF
2026-04-20 13:03:18,860 - downloader - INFO - 下载成功: 603727-2026-04-18-博迈科博迈科海洋工程股份有限公司2026年第一季度报告.PDF
2026-04-20 13:03:18,910 - downloader - INFO - 下载成功: 688596-2026-04-18-正帆科技2026年第一季度报告.PDF
2026-04-20 13:03:18,961 - downloader - INFO - 下载成功: 600674-2026-04-18-川投能源四川川投能源股份有限公司2026年第一季度报告.PDF
2026-04-20 13:03:19,008 - downloader - INFO - 下载成功: 600976-2026-04-18-健民集团健民集团2026年第一季度报告.PDF
2026-04-20 13:03:19,009 - downloader - INFO - 下载成功: 688313-2026-04-18-仕佳光子2026年一季度报告.PDF
2026-04-20 13:03:19,098 - downloader - INFO - 下载成功: 920299-2026-04-17-灿能电力2026年一季度报告.PDF
2026-04-20 13:03:19,099 - downloader - INFO - 下载成功: 002262-2026-04-18-恩华药业2026年一季度报告.PDF
2026-04-20 13:03:19,102 - downloader - INFO - 下载成功: 002917-2026-04-18-金奥博2026年一季度报告.PDF
2026-04-20 13:03:19,158 - downloader - INFO - 下载成功: 688508-2026-04-18-芯朋微2026年第一季度报告.PDF
2026-04-20 13:03:19,162 - downloader - INFO - 下载成功: 688093-2026-04-18-世华科技2026年第一季度报告.PDF
2026-04-20 13:03:19,215 - downloader - INFO - 下载成功: 603595-2026-04-18-ST东尼浙江东尼电子股份有限公司2026年第一季度报告.PDF
2026-04-20 13:03:19,293 - downloader - INFO - 下载成功: 920726-2026-04-17-朱老六2026年一季度报告.PDF
2026-04-20 13:03:19,352 - downloader - INFO - 下载成功: 301223-2026-04-20-中荣股份2026年一季度报告.PDF
2026-04-20 13:03:19,365 - downloader - INFO - 下载成功: 002200-2026-04-18-ST交投2026年一季度报告.PDF
2026-04-20 13:03:19,404 - downloader - INFO - 下载成功: 002119-2026-04-18-康强电子2026年一季度报告.PDF
2026-04-20 13:03:19,406 - downloader - INFO - 下载成功: 300401-2026-04-18-花园生物2026年一季度报告.PDF
2026-04-20 13:03:19,448 - downloader - INFO - 下载成功: 002236-2026-04-18-大华股份2026年一季度报告.PDF
2026-04-20 13:03:19,488 - downloader - INFO - 下载成功: 300184-2026-04-20-力源信息2026年一季度报告.PDF
2026-04-20 13:03:19,596 - downloader - INFO - 下载成功: 002749-2026-04-18-国光股份2026年一季度报告.PDF
2026-04-20 13:03:19,598 - downloader - INFO - 下载成功: 600763-2026-04-18-通策医疗通策医疗股份有限公司2026年第一季度报告.PDF
2026-04-20 13:03:19,627 - downloader - INFO - 下载成功: 603136-2026-04-20-天目湖江苏天目湖旅游股份有限公司2026年第一季度报告.PDF
2026-04-20 13:03:19,628 - downloader - INFO - 下载成功: 300373-2026-04-18-扬杰科技2026年一季度报告.PDF
2026-04-20 13:03:19,628 - downloader - INFO - 下载成功: 600936-2026-04-18-北投科技北投科技2026年第一季度报告.PDF
2026-04-20 13:03:19,678 - downloader - INFO - 下载成功: 688181-2026-04-18-八亿时空八亿时空2026年第一季度报告.PDF
2026-04-20 13:03:19,746 - downloader - INFO - 下载成功: 603183-2026-04-18-建研院2026年一季度报告.PDF
2026-04-20 13:03:19,769 - downloader - INFO - 下载成功: 688290-2026-04-20-景业智能景业智能2026年第一季度报告.PDF
2026-04-20 13:03:19,769 - downloader - INFO - 下载成功: 600250-2026-04-18-南京商旅南京商旅2026年第一季度报告.PDF
2026-04-20 13:03:19,815 - downloader - INFO - 下载成功: 002248-2026-04-18-华东数控2026年一季度报告.PDF
2026-04-20 13:03:19,828 - downloader - INFO - 下载成功: 603758-2026-04-18-秦安股份秦安股份2026年第一季度报告.PDF
2026-04-20 13:03:19,898 - downloader - INFO - 下载成功: 002413-2026-04-18-雷科防务2026年一季度报告.PDF
2026-04-20 13:03:19,957 - downloader - INFO - 下载成功: 300653-2026-04-18-正海生物2026年一季度报告.PDF
2026-04-20 13:03:19,957 - downloader - INFO - 下载成功: 605066-2026-04-18-天正电气2026年第一季度报告.PDF
2026-04-20 13:03:20,128 - downloader - INFO - 下载成功: 002817-2026-04-18-黄山胶囊2026年一季度报告.PDF
2026-04-20 13:03:20,266 - downloader - INFO - 下载成功: 603650-2026-04-18-彤程新材彤程新材料集团股份有限公司2026年第一季度报告.PDF
2026-04-20 13:03:20,299 - downloader - INFO - 下载成功: 301479-2026-04-20-弘景光电2026年一季度报告.PDF
2026-04-20 13:03:20,459 - downloader - INFO - 下载成功: 920061-2026-04-17-西磁科技2026年一季度报告.PDF
2026-04-20 13:03:20,541 - downloader - INFO - 下载成功: 920016-2026-04-17-中草香料2026年一季度报告.PDF
2026-04-20 13:03:20,690 - downloader - INFO - 下载成功: 920339-2026-04-17-恒太照明2026年一季度报告.PDF
2026-04-20 13:03:20,704 - __main__ - INFO - 下载完成! 成功: 71, 失败: 0
2026-04-20 13:03:20,704 - __main__ - INFO - 找到 71 个PDF文件
2026-04-20 13:03:20,705 - pdf_processor - INFO - 开始批量处理 71 个PDF文件，使用 8 个并发线程
2026-04-20 13:03:20,825 - pdf_processor - INFO - 开始关键词和结束关键词在同一页，直接裁剪该页面
2026-04-20 13:03:20,890 - pdf_processor - INFO - 已处理并保存到: E:\Project\主要指标一季报\files\20260417-20260419_130246\000959-2026-04-18-首钢股份2026年一季度报告.PDF.temp
2026-04-20 13:03:20,891 - pdf_processor - INFO - 已处理并保存到: E:\Project\主要指标一季报\files\20260417-20260419_130246\000408-2026-04-18-藏格矿业2026年一季度报告.PDF.temp
2026-04-20 13:03:20,892 - pdf_processor - INFO - 已处理并保存到: E:\Project\主要指标一季报\files\20260417-20260419_130246\000404-2026-04-18-长虹华意2026年一季度报告.PDF.temp
2026-04-20 13:03:20,922 - pdf_processor - INFO - 已处理并保存到: E:\Project\主要指标一季报\files\20260417-20260419_130246\002119-2026-04-18-康强电子2026年一季度报告.PDF.temp
2026-04-20 13:03:20,928 - pdf_processor - INFO - 处理成功: 000408-2026-04-18-藏格矿业2026年一季度报告.PDF
2026-04-20 13:03:20,930 - pdf_processor - INFO - 已裁剪页面并保存到: E:\Project\主要指标一季报\files\20260417-20260419_130246\002200-2026-04-18-ST交投2026年一季度报告.PDF.temp
2026-04-20 13:03:20,930 - pdf_processor - INFO - 处理成功: 000959-2026-04-18-首钢股份2026年一季度报告.PDF
2026-04-20 13:03:20,930 - pdf_processor - INFO - 已处理并保存到: E:\Project\主要指标一季报\files\20260417-20260419_130246\002016-2026-04-18-世荣兆业2026年一季度报告.PDF.temp
2026-04-20 13:03:20,949 - pdf_processor - INFO - 处理成功: 000404-2026-04-18-长虹华意2026年一季度报告.PDF
2026-04-20 13:03:20,951 - pdf_processor - INFO - 处理成功: 002119-2026-04-18-康强电子2026年一季度报告.PDF
2026-04-20 13:03:20,980 - pdf_processor - INFO - 已处理并保存到: E:\Project\主要指标一季报\files\20260417-20260419_130246\002248-2026-04-18-华东数控2026年一季度报告.PDF.temp
2026-04-20 13:03:20,996 - pdf_processor - INFO - 已处理并保存到: E:\Project\主要指标一季报\files\20260417-20260419_130246\002236-2026-04-18-大华股份2026年一季度报告.PDF.temp
2026-04-20 13:03:20,997 - pdf_processor - INFO - 处理成功: 002200-2026-04-18-ST交投2026年一季度报告.PDF
2026-04-20 13:03:21,022 - pdf_processor - INFO - 开始关键词和结束关键词在同一页，直接裁剪该页面
2026-04-20 13:03:21,043 - pdf_processor - INFO - 处理成功: 002016-2026-04-18-世荣兆业2026年一季度报告.PDF
2026-04-20 13:03:21,122 - pdf_processor - INFO - 处理成功: 002248-2026-04-18-华东数控2026年一季度报告.PDF
2026-04-20 13:03:21,122 - pdf_processor - INFO - 已处理并保存到: E:\Project\主要指标一季报\files\20260417-20260419_130246\002262-2026-04-18-恩华药业2026年一季度报告.PDF.temp
2026-04-20 13:03:21,134 - pdf_processor - INFO - 处理成功: 002236-2026-04-18-大华股份2026年一季度报告.PDF
2026-04-20 13:03:21,183 - pdf_processor - INFO - 处理成功: 002262-2026-04-18-恩华药业2026年一季度报告.PDF
2026-04-20 13:03:21,235 - pdf_processor - INFO - 已处理并保存到: E:\Project\主要指标一季报\files\20260417-20260419_130246\002458-2026-04-20-益生股份2026年一季度报告.PDF.temp
2026-04-20 13:03:21,238 - pdf_processor - INFO - 已处理并保存到: E:\Project\主要指标一季报\files\20260417-20260419_130246\002664-2026-04-18-信质集团2026年一季度报告.PDF.temp
2026-04-20 13:03:21,275 - pdf_processor - INFO - 处理成功: 002458-2026-04-20-益生股份2026年一季度报告.PDF
2026-04-20 13:03:21,277 - pdf_processor - INFO - 开始关键词和结束关键词在同一页，直接裁剪该页面
2026-04-20 13:03:21,292 - pdf_processor - INFO - 已处理并保存到: E:\Project\主要指标一季报\files\20260417-20260419_130246\002749-2026-04-18-国光股份2026年一季度报告.PDF.temp
2026-04-20 13:03:21,307 - pdf_processor - INFO - 处理成功: 002664-2026-04-18-信质集团2026年一季度报告.PDF
2026-04-20 13:03:21,307 - pdf_processor - INFO - 已处理并保存到: E:\Project\主要指标一季报\files\20260417-20260419_130246\002415-2026-04-18-海康威视2026年一季度报告.PDF.temp
2026-04-20 13:03:21,310 - pdf_processor - INFO - 已裁剪页面并保存到: E:\Project\主要指标一季报\files\20260417-20260419_130246\002268-2026-04-18-电科网安2026年一季度报告.PDF.temp
2026-04-20 13:03:21,348 - pdf_processor - INFO - 处理成功: 002749-2026-04-18-国光股份2026年一季度报告.PDF
2026-04-20 13:03:21,393 - pdf_processor - INFO - 已处理并保存到: E:\Project\主要指标一季报\files\20260417-20260419_130246\002413-2026-04-18-雷科防务2026年一季度报告.PDF.temp
2026-04-20 13:03:21,393 - pdf_processor - INFO - 已处理并保存到: E:\Project\主要指标一季报\files\20260417-20260419_130246\002817-2026-04-18-黄山胶囊2026年一季度报告.PDF.temp
2026-04-20 13:03:21,394 - pdf_processor - INFO - 处理成功: 002415-2026-04-18-海康威视2026年一季度报告.PDF
2026-04-20 13:03:21,411 - pdf_processor - INFO - 处理成功: 002268-2026-04-18-电科网安2026年一季度报告.PDF
2026-04-20 13:03:21,412 - pdf_processor - INFO - 处理成功: 002413-2026-04-18-雷科防务2026年一季度报告.PDF
2026-04-20 13:03:21,412 - pdf_processor - INFO - 已裁剪页面并保存到: E:\Project\主要指标一季报\files\20260417-20260419_130246\002917-2026-04-18-金奥博2026年一季度报告.PDF.temp
2026-04-20 13:03:21,453 - pdf_processor - INFO - 处理成功: 002817-2026-04-18-黄山胶囊2026年一季度报告.PDF
2026-04-20 13:03:21,456 - pdf_processor - INFO - 已处理并保存到: E:\Project\主要指标一季报\files\20260417-20260419_130246\002968-2026-04-18-新大正2026年一季度报告.PDF.temp
2026-04-20 13:03:21,543 - pdf_processor - INFO - 开始关键词和结束关键词在同一页，直接裁剪该页面
2026-04-20 13:03:21,543 - pdf_processor - INFO - 处理成功: 002917-2026-04-18-金奥博2026年一季度报告.PDF
2026-04-20 13:03:21,543 - pdf_processor - INFO - 已处理并保存到: E:\Project\主要指标一季报\files\20260417-20260419_130246\003006-2026-04-18-百亚股份2026年一季度报告.PDF.temp
2026-04-20 13:03:21,555 - pdf_processor - INFO - 处理成功: 003006-2026-04-18-百亚股份2026年一季度报告.PDF
2026-04-20 13:03:21,612 - pdf_processor - INFO - 处理成功: 002968-2026-04-18-新大正2026年一季度报告.PDF
2026-04-20 13:03:21,590 - pdf_processor - INFO - 已处理并保存到: E:\Project\主要指标一季报\files\20260417-20260419_130246\300012-2026-04-20-华测检测2026年一季度报告.PDF.temp
2026-04-20 13:03:21,669 - pdf_processor - INFO - 开始关键词和结束关键词在同一页，直接裁剪该页面
2026-04-20 13:03:21,687 - pdf_processor - INFO - 已处理并保存到: E:\Project\主要指标一季报\files\20260417-20260419_130246\300136-2026-04-18-信维通信2026年一季度报告.PDF.temp
2026-04-20 13:03:21,695 - pdf_processor - INFO - 已处理并保存到: E:\Project\主要指标一季报\files\20260417-20260419_130246\300184-2026-04-20-力源信息2026年一季度报告.PDF.temp
2026-04-20 13:03:21,696 - pdf_processor - INFO - 处理成功: 300012-2026-04-20-华测检测2026年一季度报告.PDF
2026-04-20 13:03:21,707 - pdf_processor - INFO - 已裁剪页面并保存到: E:\Project\主要指标一季报\files\20260417-20260419_130246\300188-2026-04-18-国投智能2026年一季度报告.PDF.temp
2026-04-20 13:03:21,733 - pdf_processor - INFO - 处理成功: 300136-2026-04-18-信维通信2026年一季度报告.PDF
2026-04-20 13:03:21,735 - pdf_processor - INFO - 已裁剪页面并保存到: E:\Project\主要指标一季报\files\20260417-20260419_130246\300401-2026-04-18-花园生物2026年一季度报告.PDF.temp
2026-04-20 13:03:21,748 - pdf_processor - INFO - 已处理并保存到: E:\Project\主要指标一季报\files\20260417-20260419_130246\300222-2026-04-18-科大智能2026年一季度报告.PDF.temp
2026-04-20 13:03:21,756 - pdf_processor - INFO - 处理成功: 300184-2026-04-20-力源信息2026年一季度报告.PDF
2026-04-20 13:03:21,800 - pdf_processor - INFO - 处理成功: 300188-2026-04-18-国投智能2026年一季度报告.PDF
2026-04-20 13:03:21,822 - pdf_processor - INFO - 处理成功: 300401-2026-04-18-花园生物2026年一季度报告.PDF
2026-04-20 13:03:21,824 - pdf_processor - INFO - 已处理并保存到: E:\Project\主要指标一季报\files\20260417-20260419_130246\300303-2026-04-18-聚飞光电2026年一季度报告.PDF.temp
2026-04-20 13:03:21,825 - pdf_processor - INFO - 处理成功: 300222-2026-04-18-科大智能2026年一季度报告.PDF
2026-04-20 13:03:21,842 - pdf_processor - INFO - 已处理并保存到: E:\Project\主要指标一季报\files\20260417-20260419_130246\300373-2026-04-18-扬杰科技2026年一季度报告.PDF.temp
2026-04-20 13:03:21,959 - pdf_processor - INFO - 处理成功: 300303-2026-04-18-聚飞光电2026年一季度报告.PDF
2026-04-20 13:03:21,973 - pdf_processor - INFO - 已处理并保存到: E:\Project\主要指标一季报\files\20260417-20260419_130246\300653-2026-04-18-正海生物2026年一季度报告.PDF.temp
2026-04-20 13:03:22,005 - pdf_processor - INFO - 已处理并保存到: E:\Project\主要指标一季报\files\20260417-20260419_130246\300855-2026-04-18-图南股份2026年一季度报告.PDF.temp
2026-04-20 13:03:22,005 - pdf_processor - INFO - 处理成功: 300373-2026-04-18-扬杰科技2026年一季度报告.PDF
2026-04-20 13:03:22,007 - pdf_processor - INFO - 处理成功: 300653-2026-04-18-正海生物2026年一季度报告.PDF
2026-04-20 13:03:22,011 - pdf_processor - INFO - 处理成功: 300855-2026-04-18-图南股份2026年一季度报告.PDF
2026-04-20 13:03:22,067 - pdf_processor - INFO - 已处理并保存到: E:\Project\主要指标一季报\files\20260417-20260419_130246\600746-2026-04-18-江苏索普江苏索普2026年第一季度报告.PDF.temp
2026-04-20 13:03:22,052 - pdf_processor - INFO - 已处理并保存到: E:\Project\主要指标一季报\files\20260417-20260419_130246\600250-2026-04-18-南京商旅南京商旅2026年第一季度报告.PDF.temp
2026-04-20 13:03:22,073 - pdf_processor - INFO - 已处理并保存到: E:\Project\主要指标一季报\files\20260417-20260419_130246\600674-2026-04-18-川投能源四川川投能源股份有限公司2026年第一季度报告.PDF.temp
2026-04-20 13:03:22,073 - pdf_processor - INFO - 已处理并保存到: E:\Project\主要指标一季报\files\20260417-20260419_130246\301479-2026-04-20-弘景光电2026年一季度报告.PDF.temp
2026-04-20 13:03:22,073 - pdf_processor - INFO - 已处理并保存到: E:\Project\主要指标一季报\files\20260417-20260419_130246\301223-2026-04-20-中荣股份2026年一季度报告.PDF.temp
2026-04-20 13:03:22,082 - pdf_processor - INFO - 处理成功: 600746-2026-04-18-江苏索普江苏索普2026年第一季度报告.PDF
2026-04-20 13:03:22,095 - pdf_processor - INFO - 处理成功: 301223-2026-04-20-中荣股份2026年一季度报告.PDF
2026-04-20 13:03:22,095 - pdf_processor - INFO - 处理成功: 600674-2026-04-18-川投能源四川川投能源股份有限公司2026年第一季度报告.PDF
2026-04-20 13:03:22,095 - pdf_processor - INFO - 处理成功: 600250-2026-04-18-南京商旅南京商旅2026年第一季度报告.PDF
2026-04-20 13:03:22,099 - pdf_processor - INFO - 处理成功: 301479-2026-04-20-弘景光电2026年一季度报告.PDF
2026-04-20 13:03:22,101 - pdf_processor - INFO - 已处理并保存到: E:\Project\主要指标一季报\files\20260417-20260419_130246\600872-2026-04-18-中炬高新中炬高新2026年第一季度报告.PDF.temp
2026-04-20 13:03:22,129 - pdf_processor - INFO - 已处理并保存到: E:\Project\主要指标一季报\files\20260417-20260419_130246\600763-2026-04-18-通策医疗通策医疗股份有限公司2026年第一季度报告.PDF.temp
2026-04-20 13:03:22,160 - pdf_processor - INFO - 已处理并保存到: E:\Project\主要指标一季报\files\20260417-20260419_130246\600936-2026-04-18-北投科技北投科技2026年第一季度报告.PDF.temp
2026-04-20 13:03:22,166 - pdf_processor - INFO - 只找到开始关键词，输出包含开始关键词页的后两页内容
2026-04-20 13:03:22,202 - pdf_processor - INFO - 处理成功: 600872-2026-04-18-中炬高新中炬高新2026年第一季度报告.PDF
2026-04-20 13:03:22,203 - pdf_processor - INFO - 已处理并保存到: E:\Project\主要指标一季报\files\20260417-20260419_130246\600976-2026-04-18-健民集团健民集团2026年第一季度报告.PDF.temp
2026-04-20 13:03:22,211 - pdf_processor - INFO - 已处理并保存到: E:\Project\主要指标一季报\files\20260417-20260419_130246\603025-2026-04-20-大豪科技北京大豪科技股份有限公司2026年第一季度报告.PDF.temp
2026-04-20 13:03:22,213 - pdf_processor - INFO - 处理成功: 600763-2026-04-18-通策医疗通策医疗股份有限公司2026年第一季度报告.PDF
2026-04-20 13:03:22,230 - pdf_processor - INFO - 已处理并保存到: E:\Project\主要指标一季报\files\20260417-20260419_130246\603136-2026-04-20-天目湖江苏天目湖旅游股份有限公司2026年第一季度报告.PDF.temp
2026-04-20 13:03:22,230 - pdf_processor - INFO - 处理成功: 600936-2026-04-18-北投科技北投科技2026年第一季度报告.PDF
2026-04-20 13:03:22,236 - pdf_processor - INFO - 已处理并保存到: E:\Project\主要指标一季报\files\20260417-20260419_130246\603183-2026-04-18-建研院2026年一季度报告.PDF.temp
2026-04-20 13:03:22,241 - pdf_processor - INFO - 已处理并保存到: E:\Project\主要指标一季报\files\20260417-20260419_130246\603223-2026-04-18-恒通股份恒通物流股份有限公司2026年第一季度报告.PDF.temp
2026-04-20 13:03:22,242 - pdf_processor - INFO - 处理成功: 600976-2026-04-18-健民集团健民集团2026年第一季度报告.PDF
2026-04-20 13:03:22,254 - pdf_processor - INFO - 处理成功: 603025-2026-04-20-大豪科技北京大豪科技股份有限公司2026年第一季度报告.PDF
2026-04-20 13:03:22,258 - pdf_processor - INFO - 已处理并保存到: E:\Project\主要指标一季报\files\20260417-20260419_130246\603115-2026-04-18-海星股份2026年第一季度报告.PDF.temp
2026-04-20 13:03:22,269 - pdf_processor - INFO - 处理成功: 603136-2026-04-20-天目湖江苏天目湖旅游股份有限公司2026年第一季度报告.PDF
2026-04-20 13:03:22,285 - pdf_processor - INFO - 处理成功: 603183-2026-04-18-建研院2026年一季度报告.PDF
2026-04-20 13:03:22,318 - pdf_processor - INFO - 处理成功: 603115-2026-04-18-海星股份2026年第一季度报告.PDF
2026-04-20 13:03:22,319 - pdf_processor - INFO - 处理成功: 603223-2026-04-18-恒通股份恒通物流股份有限公司2026年第一季度报告.PDF
2026-04-20 13:03:22,319 - pdf_processor - INFO - 已处理并保存到: E:\Project\主要指标一季报\files\20260417-20260419_130246\603650-2026-04-18-彤程新材彤程新材料集团股份有限公司2026年第一季度报告.PDF.temp
2026-04-20 13:03:22,319 - pdf_processor - INFO - 已处理并保存到: E:\Project\主要指标一季报\files\20260417-20260419_130246\603400-2026-04-20-华之杰华之杰2026年第一季度报告.PDF.temp
2026-04-20 13:03:22,323 - pdf_processor - INFO - 已处理并保存到: E:\Project\主要指标一季报\files\20260417-20260419_130246\603595-2026-04-18-ST东尼浙江东尼电子股份有限公司2026年第一季度报告.PDF.temp
2026-04-20 13:03:22,370 - pdf_processor - INFO - 已处理并保存到: E:\Project\主要指标一季报\files\20260417-20260419_130246\603708-2026-04-18-家家悦家家悦集团股份有限公司2026年第一季度报告.PDF.temp
2026-04-20 13:03:22,390 - pdf_processor - INFO - 处理成功: 603650-2026-04-18-彤程新材彤程新材料集团股份有限公司2026年第一季度报告.PDF
2026-04-20 13:03:22,399 - pdf_processor - INFO - 处理成功: 603400-2026-04-20-华之杰华之杰2026年第一季度报告.PDF
2026-04-20 13:03:22,399 - pdf_processor - INFO - 已处理并保存到: E:\Project\主要指标一季报\files\20260417-20260419_130246\603758-2026-04-18-秦安股份秦安股份2026年第一季度报告.PDF.temp
2026-04-20 13:03:22,400 - pdf_processor - INFO - 已处理并保存到: E:\Project\主要指标一季报\files\20260417-20260419_130246\603727-2026-04-18-博迈科博迈科海洋工程股份有限公司2026年第一季度报告.PDF.temp
2026-04-20 13:03:22,400 - pdf_processor - INFO - 处理成功: 603595-2026-04-18-ST东尼浙江东尼电子股份有限公司2026年第一季度报告.PDF
2026-04-20 13:03:22,401 - pdf_processor - INFO - 处理成功: 603708-2026-04-18-家家悦家家悦集团股份有限公司2026年第一季度报告.PDF
2026-04-20 13:03:22,401 - pdf_processor - INFO - 已处理并保存到: E:\Project\主要指标一季报\files\20260417-20260419_130246\605066-2026-04-18-天正电气2026年第一季度报告.PDF.temp
2026-04-20 13:03:22,418 - pdf_processor - INFO - 已处理并保存到: E:\Project\主要指标一季报\files\20260417-20260419_130246\605007-2026-04-18-五洲特纸五洲特种纸业集团股份有限公司2026年第一季度报告.PDF.temp
2026-04-20 13:03:22,435 - pdf_processor - INFO - 处理成功: 603727-2026-04-18-博迈科博迈科海洋工程股份有限公司2026年第一季度报告.PDF
2026-04-20 13:03:22,476 - pdf_processor - INFO - 已处理并保存到: E:\Project\主要指标一季报\files\20260417-20260419_130246\688048-2026-04-18-长光华芯2026年第一季度报告.PDF.temp
2026-04-20 13:03:22,442 - pdf_processor - INFO - 处理成功: 603758-2026-04-18-秦安股份秦安股份2026年第一季度报告.PDF
2026-04-20 13:03:22,476 - pdf_processor - INFO - 处理成功: 605066-2026-04-18-天正电气2026年第一季度报告.PDF
2026-04-20 13:03:22,476 - pdf_processor - INFO - 处理成功: 605007-2026-04-18-五洲特纸五洲特种纸业集团股份有限公司2026年第一季度报告.PDF
2026-04-20 13:03:22,497 - pdf_processor - INFO - 已处理并保存到: E:\Project\主要指标一季报\files\20260417-20260419_130246\688093-2026-04-18-世华科技2026年第一季度报告.PDF.temp
2026-04-20 13:03:22,502 - pdf_processor - INFO - 处理成功: 688048-2026-04-18-长光华芯2026年第一季度报告.PDF
2026-04-20 13:03:22,535 - pdf_processor - INFO - 已处理并保存到: E:\Project\主要指标一季报\files\20260417-20260419_130246\688181-2026-04-18-八亿时空八亿时空2026年第一季度报告.PDF.temp
2026-04-20 13:03:22,543 - pdf_processor - INFO - 已处理并保存到: E:\Project\主要指标一季报\files\20260417-20260419_130246\688290-2026-04-20-景业智能景业智能2026年第一季度报告.PDF.temp
2026-04-20 13:03:22,551 - pdf_processor - INFO - 已处理并保存到: E:\Project\主要指标一季报\files\20260417-20260419_130246\688197-2026-04-18-首药控股首药控股（北京）股份有限公司2026年第一季度报告.PDF.temp
2026-04-20 13:03:22,551 - pdf_processor - INFO - 已处理并保存到: E:\Project\主要指标一季报\files\20260417-20260419_130246\688297-2026-04-18-中无人机中无人机2026年第一季度报告.PDF.temp
2026-04-20 13:03:22,586 - pdf_processor - INFO - 处理成功: 688093-2026-04-18-世华科技2026年第一季度报告.PDF
2026-04-20 13:03:22,588 - pdf_processor - INFO - 处理成功: 688290-2026-04-20-景业智能景业智能2026年第一季度报告.PDF
2026-04-20 13:03:22,588 - pdf_processor - INFO - 处理成功: 688197-2026-04-18-首药控股首药控股（北京）股份有限公司2026年第一季度报告.PDF
2026-04-20 13:03:22,594 - pdf_processor - INFO - 已处理并保存到: E:\Project\主要指标一季报\files\20260417-20260419_130246\688313-2026-04-18-仕佳光子2026年一季度报告.PDF.temp
2026-04-20 13:03:22,594 - pdf_processor - INFO - 已处理并保存到: E:\Project\主要指标一季报\files\20260417-20260419_130246\688352-2026-04-20-颀中科技合肥颀中科技股份有限公司2026年第一季度报告.PDF.temp
2026-04-20 13:03:22,594 - pdf_processor - INFO - 处理成功: 688181-2026-04-18-八亿时空八亿时空2026年第一季度报告.PDF
2026-04-20 13:03:22,612 - pdf_processor - INFO - 处理成功: 688297-2026-04-18-中无人机中无人机2026年第一季度报告.PDF
2026-04-20 13:03:22,631 - pdf_processor - INFO - 处理成功: 688313-2026-04-18-仕佳光子2026年一季度报告.PDF
2026-04-20 13:03:22,652 - pdf_processor - INFO - 已处理并保存到: E:\Project\主要指标一季报\files\20260417-20260419_130246\688368-2026-04-18-晶丰明源上海晶丰明源半导体股份有限公司2026年第一季度报告.PDF.temp
2026-04-20 13:03:22,657 - pdf_processor - INFO - 已处理并保存到: E:\Project\主要指标一季报\files\20260417-20260419_130246\688508-2026-04-18-芯朋微2026年第一季度报告.PDF.temp
2026-04-20 13:03:22,674 - pdf_processor - INFO - 处理成功: 688352-2026-04-20-颀中科技合肥颀中科技股份有限公司2026年第一季度报告.PDF
2026-04-20 13:03:22,675 - pdf_processor - INFO - 已处理并保存到: E:\Project\主要指标一季报\files\20260417-20260419_130246\688596-2026-04-18-正帆科技2026年第一季度报告.PDF.temp
2026-04-20 13:03:22,722 - pdf_processor - INFO - 处理成功: 688368-2026-04-18-晶丰明源上海晶丰明源半导体股份有限公司2026年第一季度报告.PDF
2026-04-20 13:03:22,722 - pdf_processor - INFO - 已处理并保存到: E:\Project\主要指标一季报\files\20260417-20260419_130246\688606-2026-04-20-奥泰生物2026年第一季度报告.PDF.temp
2026-04-20 13:03:22,722 - pdf_processor - INFO - 已处理并保存到: E:\Project\主要指标一季报\files\20260417-20260419_130246\688522-2026-04-18-纳睿雷达广东纳睿雷达科技股份有限公司2026年第一季度报告.PDF.temp
2026-04-20 13:03:22,740 - pdf_processor - INFO - 处理成功: 688508-2026-04-18-芯朋微2026年第一季度报告.PDF
2026-04-20 13:03:22,768 - pdf_processor - INFO - 处理成功: 688596-2026-04-18-正帆科技2026年第一季度报告.PDF
2026-04-20 13:03:22,800 - pdf_processor - INFO - 处理成功: 688606-2026-04-20-奥泰生物2026年第一季度报告.PDF
2026-04-20 13:03:22,847 - pdf_processor - INFO - 已处理并保存到: E:\Project\主要指标一季报\files\20260417-20260419_130246\688646-2026-04-18-ST逸飞逸飞激光2026年第一季度报告.PDF.temp
2026-04-20 13:03:22,848 - pdf_processor - INFO - 处理成功: 688522-2026-04-18-纳睿雷达广东纳睿雷达科技股份有限公司2026年第一季度报告.PDF
2026-04-20 13:03:22,892 - pdf_processor - INFO - 已处理并保存到: E:\Project\主要指标一季报\files\20260417-20260419_130246\920208-2026-04-17-青矩技术2026年一季度报告.PDF.temp
2026-04-20 13:03:22,895 - pdf_processor - INFO - 已处理并保存到: E:\Project\主要指标一季报\files\20260417-20260419_130246\920016-2026-04-17-中草香料2026年一季度报告.PDF.temp
2026-04-20 13:03:22,957 - pdf_processor - INFO - 处理成功: 688646-2026-04-18-ST逸飞逸飞激光2026年第一季度报告.PDF
2026-04-20 13:03:22,979 - pdf_processor - INFO - 已处理并保存到: E:\Project\主要指标一季报\files\20260417-20260419_130246\920061-2026-04-17-西磁科技2026年一季度报告.PDF.temp
2026-04-20 13:03:23,015 - pdf_processor - INFO - 已处理并保存到: E:\Project\主要指标一季报\files\20260417-20260419_130246\920339-2026-04-17-恒太照明2026年一季度报告.PDF.temp
2026-04-20 13:03:23,015 - pdf_processor - INFO - 已处理并保存到: E:\Project\主要指标一季报\files\20260417-20260419_130246\920299-2026-04-17-灿能电力2026年一季度报告.PDF.temp
2026-04-20 13:03:23,015 - pdf_processor - INFO - 处理成功: 920208-2026-04-17-青矩技术2026年一季度报告.PDF
2026-04-20 13:03:23,016 - pdf_processor - INFO - 处理成功: 920016-2026-04-17-中草香料2026年一季度报告.PDF
2026-04-20 13:03:23,019 - pdf_processor - INFO - 处理成功: 920061-2026-04-17-西磁科技2026年一季度报告.PDF
2026-04-20 13:03:23,020 - pdf_processor - INFO - 处理成功: 920299-2026-04-17-灿能电力2026年一季度报告.PDF
2026-04-20 13:03:23,021 - pdf_processor - INFO - 处理成功: 920339-2026-04-17-恒太照明2026年一季度报告.PDF
2026-04-20 13:03:23,021 - pdf_processor - INFO - 已处理并保存到: E:\Project\主要指标一季报\files\20260417-20260419_130246\920726-2026-04-17-朱老六2026年一季度报告.PDF.temp
2026-04-20 13:03:23,022 - pdf_processor - INFO - 处理成功: 920726-2026-04-17-朱老六2026年一季度报告.PDF
2026-04-20 13:03:23,024 - __main__ - INFO - PDF处理完成! 成功: 71, 失败: 0
2026-04-20 13:03:23,025 - __main__ - INFO - 找到 71 个处理后的PDF文件
2026-04-20 13:03:23,026 - __main__ - INFO - 开始AI比对处理...
2026-04-20 13:03:24,260 - httpx - INFO - HTTP Request: POST https://dashscope.aliyuncs.com/compatible-mode/v1/files "HTTP/1.1 200 OK"
2026-04-20 13:03:24,261 - ai_service_enhanced - INFO - 文件上传成功: E:\Project\主要指标一季报\files\20260417-20260419_130246\000404-2026-04-18-长虹华意2026年一季度报告.PDF (文件ID: file-fe-dfa627be7fea420089d9b075)
2026-04-20 13:03:24,261 - comparison_processor_file_only - INFO - 上传文件: 000404-2026-04-18-长虹华意2026年一季度报告.PDF (大小: 0.12 MB, ID: file-fe-dfa627be7fea420089d9b075)
2026-04-20 13:03:24,386 - comparison_processor - INFO - 开始处理文件: 000404-2026-04-18-长虹华意2026年一季度报告.PDF (文件ID: file-fe-dfa627be7fea420089d9b075)
2026-04-20 13:03:24,484 - httpx - INFO - HTTP Request: POST https://dashscope.aliyuncs.com/compatible-mode/v1/files "HTTP/1.1 200 OK"
2026-04-20 13:03:24,484 - ai_service_enhanced - INFO - 文件上传成功: E:\Project\主要指标一季报\files\20260417-20260419_130246\000408-2026-04-18-藏格矿业2026年一季度报告.PDF (文件ID: file-fe-6df1834d96354e29a55122ac)
2026-04-20 13:03:24,484 - comparison_processor_file_only - INFO - 上传文件: 000408-2026-04-18-藏格矿业2026年一季度报告.PDF (大小: 0.16 MB, ID: file-fe-6df1834d96354e29a55122ac)
2026-04-20 13:03:24,654 - comparison_processor - INFO - 开始处理文件: 000408-2026-04-18-藏格矿业2026年一季度报告.PDF (文件ID: file-fe-6df1834d96354e29a55122ac)
2026-04-20 13:03:25,893 - httpx - INFO - HTTP Request: POST https://dashscope.aliyuncs.com/compatible-mode/v1/files "HTTP/1.1 200 OK"
2026-04-20 13:03:25,893 - ai_service_enhanced - INFO - 文件上传成功: E:\Project\主要指标一季报\files\20260417-20260419_130246\002016-2026-04-18-世荣兆业2026年一季度报告.PDF (文件ID: file-fe-357f9a8a33bf49668f58498f)
2026-04-20 13:03:25,894 - comparison_processor_file_only - INFO - 上传文件: 002016-2026-04-18-世荣兆业2026年一季度报告.PDF (大小: 0.11 MB, ID: file-fe-357f9a8a33bf49668f58498f)
2026-04-20 13:03:25,936 - httpx - INFO - HTTP Request: POST https://dashscope.aliyuncs.com/compatible-mode/v1/files "HTTP/1.1 200 OK"
2026-04-20 13:03:25,936 - ai_service_enhanced - INFO - 文件上传成功: E:\Project\主要指标一季报\files\20260417-20260419_130246\000959-2026-04-18-首钢股份2026年一季度报告.PDF (文件ID: file-fe-cccb116849094a42837ef6c1)
2026-04-20 13:03:25,937 - comparison_processor_file_only - INFO - 上传文件: 000959-2026-04-18-首钢股份2026年一季度报告.PDF (大小: 0.12 MB, ID: file-fe-cccb116849094a42837ef6c1)
2026-04-20 13:03:25,938 - comparison_processor - INFO - 开始处理文件: 002016-2026-04-18-世荣兆业2026年一季度报告.PDF (文件ID: file-fe-357f9a8a33bf49668f58498f)
2026-04-20 13:03:25,938 - comparison_processor - INFO - 开始处理文件: 000959-2026-04-18-首钢股份2026年一季度报告.PDF (文件ID: file-fe-cccb116849094a42837ef6c1)
2026-04-20 13:03:27,705 - httpx - INFO - HTTP Request: POST https://dashscope.aliyuncs.com/compatible-mode/v1/files "HTTP/1.1 200 OK"
2026-04-20 13:03:27,706 - ai_service_enhanced - INFO - 文件上传成功: E:\Project\主要指标一季报\files\20260417-20260419_130246\002119-2026-04-18-康强电子2026年一季度报告.PDF (文件ID: file-fe-3b7f0e6a112046679b7939c2)
2026-04-20 13:03:27,706 - comparison_processor_file_only - INFO - 上传文件: 002119-2026-04-18-康强电子2026年一季度报告.PDF (大小: 0.13 MB, ID: file-fe-3b7f0e6a112046679b7939c2)
2026-04-20 13:03:27,792 - comparison_processor - INFO - 开始处理文件: 002119-2026-04-18-康强电子2026年一季度报告.PDF (文件ID: file-fe-3b7f0e6a112046679b7939c2)
2026-04-20 13:03:27,924 - httpx - INFO - HTTP Request: POST https://dashscope.aliyuncs.com/compatible-mode/v1/files "HTTP/1.1 200 OK"
2026-04-20 13:03:27,925 - ai_service_enhanced - INFO - 文件上传成功: E:\Project\主要指标一季报\files\20260417-20260419_130246\002200-2026-04-18-ST交投2026年一季度报告.PDF (文件ID: file-fe-f1917cbffb9f411eb7b9a51e)
2026-04-20 13:03:27,925 - comparison_processor_file_only - INFO - 上传文件: 002200-2026-04-18-ST交投2026年一季度报告.PDF (大小: 0.12 MB, ID: file-fe-f1917cbffb9f411eb7b9a51e)
2026-04-20 13:03:28,056 - comparison_processor - INFO - 开始处理文件: 002200-2026-04-18-ST交投2026年一季度报告.PDF (文件ID: file-fe-f1917cbffb9f411eb7b9a51e)
2026-04-20 13:03:30,312 - httpx - INFO - HTTP Request: POST https://dashscope.aliyuncs.com/compatible-mode/v1/files "HTTP/1.1 200 OK"
2026-04-20 13:03:30,312 - ai_service_enhanced - INFO - 文件上传成功: E:\Project\主要指标一季报\files\20260417-20260419_130246\002248-2026-04-18-华东数控2026年一季度报告.PDF (文件ID: file-fe-6f10d8a7bb1346c5892885dc)
2026-04-20 13:03:30,313 - comparison_processor_file_only - INFO - 上传文件: 002248-2026-04-18-华东数控2026年一季度报告.PDF (大小: 0.19 MB, ID: file-fe-6f10d8a7bb1346c5892885dc)
2026-04-20 13:03:30,325 - httpx - INFO - HTTP Request: POST https://dashscope.aliyuncs.com/compatible-mode/v1/files "HTTP/1.1 200 OK"
2026-04-20 13:03:30,325 - ai_service_enhanced - INFO - 文件上传成功: E:\Project\主要指标一季报\files\20260417-20260419_130246\002236-2026-04-18-大华股份2026年一季度报告.PDF (文件ID: file-fe-b0a57dce147c432d9011422b)
2026-04-20 13:03:30,325 - comparison_processor_file_only - INFO - 上传文件: 002236-2026-04-18-大华股份2026年一季度报告.PDF (大小: 0.24 MB, ID: file-fe-b0a57dce147c432d9011422b)
2026-04-20 13:03:30,328 - comparison_processor - INFO - 开始处理文件: 002248-2026-04-18-华东数控2026年一季度报告.PDF (文件ID: file-fe-6f10d8a7bb1346c5892885dc)
2026-04-20 13:03:30,329 - comparison_processor - INFO - 开始处理文件: 002236-2026-04-18-大华股份2026年一季度报告.PDF (文件ID: file-fe-b0a57dce147c432d9011422b)
2026-04-20 13:03:33,669 - httpx - INFO - HTTP Request: POST https://dashscope.aliyuncs.com/compatible-mode/v1/files "HTTP/1.1 200 OK"
2026-04-20 13:03:33,669 - ai_service_enhanced - INFO - 文件上传成功: E:\Project\主要指标一季报\files\20260417-20260419_130246\002268-2026-04-18-电科网安2026年一季度报告.PDF (文件ID: file-fe-36da09660fb0416cae8de71e)
2026-04-20 13:03:33,670 - comparison_processor_file_only - INFO - 上传文件: 002268-2026-04-18-电科网安2026年一季度报告.PDF (大小: 0.34 MB, ID: file-fe-36da09660fb0416cae8de71e)
2026-04-20 13:03:33,753 - comparison_processor - INFO - 开始处理文件: 002268-2026-04-18-电科网安2026年一季度报告.PDF (文件ID: file-fe-36da09660fb0416cae8de71e)
2026-04-20 13:03:33,933 - httpx - INFO - HTTP Request: POST https://dashscope.aliyuncs.com/compatible-mode/v1/files "HTTP/1.1 200 OK"
2026-04-20 13:03:33,933 - ai_service_enhanced - INFO - 文件上传成功: E:\Project\主要指标一季报\files\20260417-20260419_130246\002262-2026-04-18-恩华药业2026年一季度报告.PDF (文件ID: file-fe-ff0d83097aca4b25b565e133)
2026-04-20 13:03:33,933 - comparison_processor_file_only - INFO - 上传文件: 002262-2026-04-18-恩华药业2026年一季度报告.PDF (大小: 0.23 MB, ID: file-fe-ff0d83097aca4b25b565e133)
2026-04-20 13:03:34,014 - comparison_processor - INFO - 开始处理文件: 002262-2026-04-18-恩华药业2026年一季度报告.PDF (文件ID: file-fe-ff0d83097aca4b25b565e133)
2026-04-20 13:03:37,693 - httpx - INFO - HTTP Request: POST https://dashscope.aliyuncs.com/compatible-mode/v1/files "HTTP/1.1 200 OK"
2026-04-20 13:03:37,693 - ai_service_enhanced - INFO - 文件上传成功: E:\Project\主要指标一季报\files\20260417-20260419_130246\002413-2026-04-18-雷科防务2026年一季度报告.PDF (文件ID: file-fe-a78727329204483aa4ae90cd)
2026-04-20 13:03:37,693 - comparison_processor_file_only - INFO - 上传文件: 002413-2026-04-18-雷科防务2026年一季度报告.PDF (大小: 0.16 MB, ID: file-fe-a78727329204483aa4ae90cd)
2026-04-20 13:03:37,705 - comparison_processor - INFO - 开始处理文件: 002413-2026-04-18-雷科防务2026年一季度报告.PDF (文件ID: file-fe-a78727329204483aa4ae90cd)
2026-04-20 13:03:38,940 - httpx - INFO - HTTP Request: POST https://dashscope.aliyuncs.com/compatible-mode/v1/files "HTTP/1.1 200 OK"
2026-04-20 13:03:38,941 - ai_service_enhanced - INFO - 文件上传成功: E:\Project\主要指标一季报\files\20260417-20260419_130246\002458-2026-04-20-益生股份2026年一季度报告.PDF (文件ID: file-fe-5f00c3ef6ef147f7a3e54706)
2026-04-20 13:03:38,941 - comparison_processor_file_only - INFO - 上传文件: 002458-2026-04-20-益生股份2026年一季度报告.PDF (大小: 0.20 MB, ID: file-fe-5f00c3ef6ef147f7a3e54706)
2026-04-20 13:03:39,023 - comparison_processor - INFO - 开始处理文件: 002458-2026-04-20-益生股份2026年一季度报告.PDF (文件ID: file-fe-5f00c3ef6ef147f7a3e54706)
2026-04-20 13:03:39,346 - httpx - INFO - HTTP Request: POST https://dashscope.aliyuncs.com/compatible-mode/v1/chat/completions "HTTP/1.1 200 OK"
2026-04-20 13:03:39,432 - comparison_processor_file_only - INFO - 找到数据: 000408 2026-04-18 (2条)
2026-04-20 13:03:39,432 - comparison_processor - INFO - 处理成功: 000408-2026-04-18-藏格矿业2026年一季度报告.PDF
2026-04-20 13:03:39,432 - comparison_processor_file_only - INFO - 文件处理成功: 000408-2026-04-18-藏格矿业2026年一季度报告.PDF (耗时: 14.78秒)
2026-04-20 13:03:39,492 - httpx - INFO - HTTP Request: POST https://dashscope.aliyuncs.com/compatible-mode/v1/chat/completions "HTTP/1.1 200 OK"
2026-04-20 13:03:39,555 - comparison_processor_file_only - INFO - 找到数据: 000404 2026-04-18 (2条)
2026-04-20 13:03:39,555 - comparison_processor - INFO - 处理成功: 000404-2026-04-18-长虹华意2026年一季度报告.PDF
2026-04-20 13:03:39,555 - comparison_processor_file_only - INFO - 文件处理成功: 000404-2026-04-18-长虹华意2026年一季度报告.PDF (耗时: 15.17秒)
2026-04-20 13:03:40,077 - httpx - INFO - HTTP Request: DELETE https://dashscope.aliyuncs.com/compatible-mode/v1/files/file-fe-6df1834d96354e29a55122ac "HTTP/1.1 200 OK"
2026-04-20 13:03:40,309 - httpx - INFO - HTTP Request: DELETE https://dashscope.aliyuncs.com/compatible-mode/v1/files/file-fe-dfa627be7fea420089d9b075 "HTTP/1.1 200 OK"
2026-04-20 13:03:40,672 - httpx - INFO - HTTP Request: POST https://dashscope.aliyuncs.com/compatible-mode/v1/chat/completions "HTTP/1.1 200 OK"
2026-04-20 13:03:40,763 - comparison_processor_file_only - INFO - 找到数据: 000959 2026-04-18 (2条)
2026-04-20 13:03:40,763 - comparison_processor - INFO - 处理成功: 000959-2026-04-18-首钢股份2026年一季度报告.PDF
2026-04-20 13:03:40,763 - comparison_processor_file_only - INFO - 文件处理成功: 000959-2026-04-18-首钢股份2026年一季度报告.PDF (耗时: 14.82秒)
2026-04-20 13:03:40,978 - httpx - INFO - HTTP Request: POST https://dashscope.aliyuncs.com/compatible-mode/v1/files "HTTP/1.1 200 OK"
2026-04-20 13:03:40,979 - ai_service_enhanced - INFO - 文件上传成功: E:\Project\主要指标一季报\files\20260417-20260419_130246\002664-2026-04-18-信质集团2026年一季度报告.PDF (文件ID: file-fe-dbedc188915c4b949344fdf2)
2026-04-20 13:03:40,979 - comparison_processor_file_only - INFO - 上传文件: 002664-2026-04-18-信质集团2026年一季度报告.PDF (大小: 0.12 MB, ID: file-fe-dbedc188915c4b949344fdf2)
2026-04-20 13:03:41,134 - comparison_processor - INFO - 开始处理文件: 002664-2026-04-18-信质集团2026年一季度报告.PDF (文件ID: file-fe-dbedc188915c4b949344fdf2)
2026-04-20 13:03:41,158 - httpx - INFO - HTTP Request: POST https://dashscope.aliyuncs.com/compatible-mode/v1/files "HTTP/1.1 200 OK"
2026-04-20 13:03:41,159 - ai_service_enhanced - INFO - 文件上传成功: E:\Project\主要指标一季报\files\20260417-20260419_130246\002415-2026-04-18-海康威视2026年一季度报告.PDF (文件ID: file-fe-522c2eaf5be44243b96d1023)
2026-04-20 13:03:41,159 - comparison_processor_file_only - INFO - 上传文件: 002415-2026-04-18-海康威视2026年一季度报告.PDF (大小: 0.51 MB, ID: file-fe-522c2eaf5be44243b96d1023)
2026-04-20 13:03:41,398 - comparison_processor - INFO - 开始处理文件: 002415-2026-04-18-海康威视2026年一季度报告.PDF (文件ID: file-fe-522c2eaf5be44243b96d1023)
2026-04-20 13:03:41,485 - httpx - INFO - HTTP Request: DELETE https://dashscope.aliyuncs.com/compatible-mode/v1/files/file-fe-cccb116849094a42837ef6c1 "HTTP/1.1 200 OK"
2026-04-20 13:03:41,659 - httpx - INFO - HTTP Request: POST https://dashscope.aliyuncs.com/compatible-mode/v1/chat/completions "HTTP/1.1 200 OK"
2026-04-20 13:03:41,722 - comparison_processor_file_only - INFO - 找到数据: 002248 2026-04-18 (2条)
2026-04-20 13:03:41,722 - comparison_processor - INFO - 处理成功: 002248-2026-04-18-华东数控2026年一季度报告.PDF
2026-04-20 13:03:41,722 - comparison_processor_file_only - INFO - 文件处理成功: 002248-2026-04-18-华东数控2026年一季度报告.PDF (耗时: 11.39秒)
2026-04-20 13:03:42,485 - httpx - INFO - HTTP Request: DELETE https://dashscope.aliyuncs.com/compatible-mode/v1/files/file-fe-6f10d8a7bb1346c5892885dc "HTTP/1.1 200 OK"
2026-04-20 13:03:42,804 - httpx - INFO - HTTP Request: POST https://dashscope.aliyuncs.com/compatible-mode/v1/chat/completions "HTTP/1.1 200 OK"
2026-04-20 13:03:42,870 - comparison_processor_file_only - INFO - 找到数据: 002016 2026-04-18 (2条)
2026-04-20 13:03:42,870 - comparison_processor - INFO - 处理成功: 002016-2026-04-18-世荣兆业2026年一季度报告.PDF
2026-04-20 13:03:42,870 - comparison_processor_file_only - INFO - 文件处理成功: 002016-2026-04-18-世荣兆业2026年一季度报告.PDF (耗时: 16.93秒)
2026-04-20 13:03:42,939 - httpx - INFO - HTTP Request: POST https://dashscope.aliyuncs.com/compatible-mode/v1/chat/completions "HTTP/1.1 200 OK"
2026-04-20 13:03:43,000 - comparison_processor_file_only - INFO - 找到数据: 002119 2026-04-18 (2条)
2026-04-20 13:03:43,001 - comparison_processor - INFO - 处理成功: 002119-2026-04-18-康强电子2026年一季度报告.PDF
2026-04-20 13:03:43,001 - comparison_processor_file_only - INFO - 文件处理成功: 002119-2026-04-18-康强电子2026年一季度报告.PDF (耗时: 15.21秒)
2026-04-20 13:03:43,031 - httpx - INFO - HTTP Request: POST https://dashscope.aliyuncs.com/compatible-mode/v1/chat/completions "HTTP/1.1 200 OK"
2026-04-20 13:03:43,098 - comparison_processor_file_only - INFO - 找到数据: 002200 2026-04-18 (2条)
2026-04-20 13:03:43,098 - comparison_processor - INFO - 处理成功: 002200-2026-04-18-ST交投2026年一季度报告.PDF
2026-04-20 13:03:43,098 - comparison_processor_file_only - INFO - 文件处理成功: 002200-2026-04-18-ST交投2026年一季度报告.PDF (耗时: 15.04秒)
2026-04-20 13:03:43,329 - httpx - INFO - HTTP Request: POST https://dashscope.aliyuncs.com/compatible-mode/v1/files "HTTP/1.1 200 OK"
2026-04-20 13:03:43,330 - ai_service_enhanced - INFO - 文件上传成功: E:\Project\主要指标一季报\files\20260417-20260419_130246\002749-2026-04-18-国光股份2026年一季度报告.PDF (文件ID: file-fe-fe3deb6f3e4943b2942b7861)
2026-04-20 13:03:43,330 - comparison_processor_file_only - INFO - 上传文件: 002749-2026-04-18-国光股份2026年一季度报告.PDF (大小: 0.11 MB, ID: file-fe-fe3deb6f3e4943b2942b7861)
2026-04-20 13:03:43,493 - httpx - INFO - HTTP Request: DELETE https://dashscope.aliyuncs.com/compatible-mode/v1/files/file-fe-357f9a8a33bf49668f58498f "HTTP/1.1 200 OK"
2026-04-20 13:03:43,504 - comparison_processor - INFO - 开始处理文件: 002749-2026-04-18-国光股份2026年一季度报告.PDF (文件ID: file-fe-fe3deb6f3e4943b2942b7861)
2026-04-20 13:03:43,751 - httpx - INFO - HTTP Request: DELETE https://dashscope.aliyuncs.com/compatible-mode/v1/files/file-fe-3b7f0e6a112046679b7939c2 "HTTP/1.1 200 OK"
2026-04-20 13:03:43,760 - httpx - INFO - HTTP Request: DELETE https://dashscope.aliyuncs.com/compatible-mode/v1/files/file-fe-f1917cbffb9f411eb7b9a51e "HTTP/1.1 200 OK"
2026-04-20 13:03:44,099 - httpx - INFO - HTTP Request: POST https://dashscope.aliyuncs.com/compatible-mode/v1/files "HTTP/1.1 200 OK"
2026-04-20 13:03:44,099 - ai_service_enhanced - INFO - 文件上传成功: E:\Project\主要指标一季报\files\20260417-20260419_130246\002817-2026-04-18-黄山胶囊2026年一季度报告.PDF (文件ID: file-fe-87f50946f8a24c48befdecc6)
2026-04-20 13:03:44,100 - comparison_processor_file_only - INFO - 上传文件: 002817-2026-04-18-黄山胶囊2026年一季度报告.PDF (大小: 0.12 MB, ID: file-fe-87f50946f8a24c48befdecc6)
2026-04-20 13:03:44,291 - comparison_processor - INFO - 开始处理文件: 002817-2026-04-18-黄山胶囊2026年一季度报告.PDF (文件ID: file-fe-87f50946f8a24c48befdecc6)
2026-04-20 13:03:45,144 - httpx - INFO - HTTP Request: POST https://dashscope.aliyuncs.com/compatible-mode/v1/files "HTTP/1.1 200 OK"
2026-04-20 13:03:45,145 - ai_service_enhanced - INFO - 文件上传成功: E:\Project\主要指标一季报\files\20260417-20260419_130246\002917-2026-04-18-金奥博2026年一季度报告.PDF (文件ID: file-fe-34b3589c71f1483a8c9336ae)
2026-04-20 13:03:45,145 - comparison_processor_file_only - INFO - 上传文件: 002917-2026-04-18-金奥博2026年一季度报告.PDF (大小: 0.19 MB, ID: file-fe-34b3589c71f1483a8c9336ae)
2026-04-20 13:03:45,345 - comparison_processor - INFO - 开始处理文件: 002917-2026-04-18-金奥博2026年一季度报告.PDF (文件ID: file-fe-34b3589c71f1483a8c9336ae)
2026-04-20 13:03:45,423 - httpx - INFO - HTTP Request: POST https://dashscope.aliyuncs.com/compatible-mode/v1/chat/completions "HTTP/1.1 200 OK"
2026-04-20 13:03:45,493 - comparison_processor_file_only - INFO - 找到数据: 002236 2026-04-18 (2条)
2026-04-20 13:03:45,493 - comparison_processor - INFO - 处理成功: 002236-2026-04-18-大华股份2026年一季度报告.PDF
2026-04-20 13:03:45,493 - comparison_processor_file_only - INFO - 文件处理成功: 002236-2026-04-18-大华股份2026年一季度报告.PDF (耗时: 15.16秒)
2026-04-20 13:03:46,142 - httpx - INFO - HTTP Request: DELETE https://dashscope.aliyuncs.com/compatible-mode/v1/files/file-fe-b0a57dce147c432d9011422b "HTTP/1.1 200 OK"
2026-04-20 13:03:47,833 - httpx - INFO - HTTP Request: POST https://dashscope.aliyuncs.com/compatible-mode/v1/files "HTTP/1.1 200 OK"
2026-04-20 13:03:47,834 - ai_service_enhanced - INFO - 文件上传成功: E:\Project\主要指标一季报\files\20260417-20260419_130246\002968-2026-04-18-新大正2026年一季度报告.PDF (文件ID: file-fe-0b8fa313848944b4a650cbe0)
2026-04-20 13:03:47,834 - comparison_processor_file_only - INFO - 上传文件: 002968-2026-04-18-新大正2026年一季度报告.PDF (大小: 0.20 MB, ID: file-fe-0b8fa313848944b4a650cbe0)
2026-04-20 13:03:47,979 - comparison_processor - INFO - 开始处理文件: 002968-2026-04-18-新大正2026年一季度报告.PDF (文件ID: file-fe-0b8fa313848944b4a650cbe0)
2026-04-20 13:03:48,196 - httpx - INFO - HTTP Request: POST https://dashscope.aliyuncs.com/compatible-mode/v1/files "HTTP/1.1 200 OK"
2026-04-20 13:03:48,196 - ai_service_enhanced - INFO - 文件上传成功: E:\Project\主要指标一季报\files\20260417-20260419_130246\003006-2026-04-18-百亚股份2026年一季度报告.PDF (文件ID: file-fe-03511789fb4f46fe943c6e29)
2026-04-20 13:03:48,196 - comparison_processor_file_only - INFO - 上传文件: 003006-2026-04-18-百亚股份2026年一季度报告.PDF (大小: 0.38 MB, ID: file-fe-03511789fb4f46fe943c6e29)
2026-04-20 13:03:48,243 - comparison_processor - INFO - 开始处理文件: 003006-2026-04-18-百亚股份2026年一季度报告.PDF (文件ID: file-fe-03511789fb4f46fe943c6e29)
2026-04-20 13:03:48,739 - httpx - INFO - HTTP Request: POST https://dashscope.aliyuncs.com/compatible-mode/v1/chat/completions "HTTP/1.1 200 OK"
2026-04-20 13:03:48,816 - comparison_processor_file_only - INFO - 找到数据: 002262 2026-04-18 (2条)
2026-04-20 13:03:48,816 - comparison_processor - INFO - 处理成功: 002262-2026-04-18-恩华药业2026年一季度报告.PDF
2026-04-20 13:03:48,816 - comparison_processor_file_only - INFO - 文件处理成功: 002262-2026-04-18-恩华药业2026年一季度报告.PDF (耗时: 14.80秒)
2026-04-20 13:03:49,134 - httpx - INFO - HTTP Request: POST https://dashscope.aliyuncs.com/compatible-mode/v1/chat/completions "HTTP/1.1 200 OK"
2026-04-20 13:03:49,200 - comparison_processor_file_only - INFO - 找到数据: 002268 2026-04-18 (2条)
2026-04-20 13:03:49,200 - comparison_processor - INFO - 处理成功: 002268-2026-04-18-电科网安2026年一季度报告.PDF
2026-04-20 13:03:49,200 - comparison_processor_file_only - INFO - 文件处理成功: 002268-2026-04-18-电科网安2026年一季度报告.PDF (耗时: 15.45秒)
2026-04-20 13:03:49,245 - httpx - INFO - HTTP Request: POST https://dashscope.aliyuncs.com/compatible-mode/v1/files "HTTP/1.1 200 OK"
2026-04-20 13:03:49,246 - ai_service_enhanced - INFO - 文件上传成功: E:\Project\主要指标一季报\files\20260417-20260419_130246\300136-2026-04-18-信维通信2026年一季度报告.PDF (文件ID: file-fe-9d84377e342f474ca2a53626)
2026-04-20 13:03:49,246 - comparison_processor_file_only - INFO - 上传文件: 300136-2026-04-18-信维通信2026年一季度报告.PDF (大小: 0.18 MB, ID: file-fe-9d84377e342f474ca2a53626)
2026-04-20 13:03:49,303 - comparison_processor - INFO - 开始处理文件: 300136-2026-04-18-信维通信2026年一季度报告.PDF (文件ID: file-fe-9d84377e342f474ca2a53626)
2026-04-20 13:03:49,458 - httpx - INFO - HTTP Request: POST https://dashscope.aliyuncs.com/compatible-mode/v1/files "HTTP/1.1 200 OK"
2026-04-20 13:03:49,458 - ai_service_enhanced - INFO - 文件上传成功: E:\Project\主要指标一季报\files\20260417-20260419_130246\300012-2026-04-20-华测检测2026年一季度报告.PDF (文件ID: file-fe-42ffd57b56694938859ccedf)
2026-04-20 13:03:49,458 - comparison_processor_file_only - INFO - 上传文件: 300012-2026-04-20-华测检测2026年一季度报告.PDF (大小: 0.12 MB, ID: file-fe-42ffd57b56694938859ccedf)
2026-04-20 13:03:49,571 - comparison_processor - INFO - 开始处理文件: 300012-2026-04-20-华测检测2026年一季度报告.PDF (文件ID: file-fe-42ffd57b56694938859ccedf)
2026-04-20 13:03:49,582 - httpx - INFO - HTTP Request: DELETE https://dashscope.aliyuncs.com/compatible-mode/v1/files/file-fe-ff0d83097aca4b25b565e133 "HTTP/1.1 200 OK"
2026-04-20 13:03:49,999 - httpx - INFO - HTTP Request: DELETE https://dashscope.aliyuncs.com/compatible-mode/v1/files/file-fe-36da09660fb0416cae8de71e "HTTP/1.1 200 OK"
2026-04-20 13:03:52,450 - httpx - INFO - HTTP Request: POST https://dashscope.aliyuncs.com/compatible-mode/v1/files "HTTP/1.1 200 OK"
2026-04-20 13:03:52,451 - ai_service_enhanced - INFO - 文件上传成功: E:\Project\主要指标一季报\files\20260417-20260419_130246\300188-2026-04-18-国投智能2026年一季度报告.PDF (文件ID: file-fe-b7e017a0772e4719801d25f3)
2026-04-20 13:03:52,451 - comparison_processor_file_only - INFO - 上传文件: 300188-2026-04-18-国投智能2026年一季度报告.PDF (大小: 0.13 MB, ID: file-fe-b7e017a0772e4719801d25f3)
2026-04-20 13:03:52,475 - comparison_processor - INFO - 开始处理文件: 300188-2026-04-18-国投智能2026年一季度报告.PDF (文件ID: file-fe-b7e017a0772e4719801d25f3)
2026-04-20 13:03:53,435 - httpx - INFO - HTTP Request: POST https://dashscope.aliyuncs.com/compatible-mode/v1/chat/completions "HTTP/1.1 200 OK"
2026-04-20 13:03:53,463 - httpx - INFO - HTTP Request: POST https://dashscope.aliyuncs.com/compatible-mode/v1/files "HTTP/1.1 200 OK"
2026-04-20 13:03:53,463 - ai_service_enhanced - INFO - 文件上传成功: E:\Project\主要指标一季报\files\20260417-20260419_130246\300184-2026-04-20-力源信息2026年一季度报告.PDF (文件ID: file-fe-9ee3ca71a392488d81029bfe)
2026-04-20 13:03:53,463 - comparison_processor_file_only - INFO - 上传文件: 300184-2026-04-20-力源信息2026年一季度报告.PDF (大小: 0.22 MB, ID: file-fe-9ee3ca71a392488d81029bfe)
2026-04-20 13:03:53,532 - comparison_processor - INFO - 开始处理文件: 300184-2026-04-20-力源信息2026年一季度报告.PDF (文件ID: file-fe-9ee3ca71a392488d81029bfe)
2026-04-20 13:03:53,555 - comparison_processor_file_only - INFO - 找到数据: 002458 2026-04-20 (2条)
2026-04-20 13:03:53,555 - comparison_processor - INFO - 处理成功: 002458-2026-04-20-益生股份2026年一季度报告.PDF
2026-04-20 13:03:53,555 - comparison_processor_file_only - INFO - 文件处理成功: 002458-2026-04-20-益生股份2026年一季度报告.PDF (耗时: 14.53秒)
2026-04-20 13:03:53,915 - httpx - INFO - HTTP Request: POST https://dashscope.aliyuncs.com/compatible-mode/v1/chat/completions "HTTP/1.1 200 OK"
2026-04-20 13:03:54,003 - comparison_processor_file_only - INFO - 找到数据: 002413 2026-04-18 (2条)
2026-04-20 13:03:54,003 - comparison_processor - INFO - 处理成功: 002413-2026-04-18-雷科防务2026年一季度报告.PDF
2026-04-20 13:03:54,003 - comparison_processor_file_only - INFO - 文件处理成功: 002413-2026-04-18-雷科防务2026年一季度报告.PDF (耗时: 16.30秒)
2026-04-20 13:03:54,188 - httpx - INFO - HTTP Request: DELETE https://dashscope.aliyuncs.com/compatible-mode/v1/files/file-fe-5f00c3ef6ef147f7a3e54706 "HTTP/1.1 200 OK"
2026-04-20 13:03:54,589 - httpx - INFO - HTTP Request: POST https://dashscope.aliyuncs.com/compatible-mode/v1/files "HTTP/1.1 200 OK"
2026-04-20 13:03:54,590 - ai_service_enhanced - INFO - 文件上传成功: E:\Project\主要指标一季报\files\20260417-20260419_130246\300222-2026-04-18-科大智能2026年一季度报告.PDF (文件ID: file-fe-604c8f7345ac4b1dbc2dd193)
2026-04-20 13:03:54,590 - comparison_processor_file_only - INFO - 上传文件: 300222-2026-04-18-科大智能2026年一季度报告.PDF (大小: 0.19 MB, ID: file-fe-604c8f7345ac4b1dbc2dd193)
2026-04-20 13:03:54,764 - httpx - INFO - HTTP Request: DELETE https://dashscope.aliyuncs.com/compatible-mode/v1/files/file-fe-a78727329204483aa4ae90cd "HTTP/1.1 200 OK"
2026-04-20 13:03:54,855 - comparison_processor - INFO - 开始处理文件: 300222-2026-04-18-科大智能2026年一季度报告.PDF (文件ID: file-fe-604c8f7345ac4b1dbc2dd193)
2026-04-20 13:03:56,628 - httpx - INFO - HTTP Request: POST https://dashscope.aliyuncs.com/compatible-mode/v1/files "HTTP/1.1 200 OK"
2026-04-20 13:03:56,629 - ai_service_enhanced - INFO - 文件上传成功: E:\Project\主要指标一季报\files\20260417-20260419_130246\300303-2026-04-18-聚飞光电2026年一季度报告.PDF (文件ID: file-fe-e01468772b7c4e7cbf6abdff)
2026-04-20 13:03:56,629 - comparison_processor_file_only - INFO - 上传文件: 300303-2026-04-18-聚飞光电2026年一季度报告.PDF (大小: 0.23 MB, ID: file-fe-e01468772b7c4e7cbf6abdff)
2026-04-20 13:03:56,659 - httpx - INFO - HTTP Request: POST https://dashscope.aliyuncs.com/compatible-mode/v1/chat/completions "HTTP/1.1 200 OK"
2026-04-20 13:03:56,696 - comparison_processor - INFO - 开始处理文件: 300303-2026-04-18-聚飞光电2026年一季度报告.PDF (文件ID: file-fe-e01468772b7c4e7cbf6abdff)
2026-04-20 13:03:56,723 - comparison_processor_file_only - INFO - 找到数据: 002664 2026-04-18 (2条)
2026-04-20 13:03:56,724 - comparison_processor - INFO - 处理成功: 002664-2026-04-18-信质集团2026年一季度报告.PDF
2026-04-20 13:03:56,724 - comparison_processor_file_only - INFO - 文件处理成功: 002664-2026-04-18-信质集团2026年一季度报告.PDF (耗时: 15.59秒)
2026-04-20 13:03:57,395 - httpx - INFO - HTTP Request: DELETE https://dashscope.aliyuncs.com/compatible-mode/v1/files/file-fe-dbedc188915c4b949344fdf2 "HTTP/1.1 200 OK"
2026-04-20 13:03:57,765 - httpx - INFO - HTTP Request: POST https://dashscope.aliyuncs.com/compatible-mode/v1/chat/completions "HTTP/1.1 200 OK"
2026-04-20 13:03:57,833 - comparison_processor_file_only - INFO - 找到数据: 002749 2026-04-18 (2条)
2026-04-20 13:03:57,833 - comparison_processor - INFO - 处理成功: 002749-2026-04-18-国光股份2026年一季度报告.PDF
2026-04-20 13:03:57,833 - comparison_processor_file_only - INFO - 文件处理成功: 002749-2026-04-18-国光股份2026年一季度报告.PDF (耗时: 14.33秒)
2026-04-20 13:03:57,909 - httpx - INFO - HTTP Request: POST https://dashscope.aliyuncs.com/compatible-mode/v1/files "HTTP/1.1 200 OK"
2026-04-20 13:03:57,910 - ai_service_enhanced - INFO - 文件上传成功: E:\Project\主要指标一季报\files\20260417-20260419_130246\300401-2026-04-18-花园生物2026年一季度报告.PDF (文件ID: file-fe-1ca61d5ac48d48a3a84dc8ed)
2026-04-20 13:03:57,910 - comparison_processor_file_only - INFO - 上传文件: 300401-2026-04-18-花园生物2026年一季度报告.PDF (大小: 0.12 MB, ID: file-fe-1ca61d5ac48d48a3a84dc8ed)
2026-04-20 13:03:57,931 - httpx - INFO - HTTP Request: POST https://dashscope.aliyuncs.com/compatible-mode/v1/chat/completions "HTTP/1.1 200 OK"
2026-04-20 13:03:57,995 - comparison_processor_file_only - INFO - 找到数据: 002415 2026-04-18 (2条)
2026-04-20 13:03:57,995 - comparison_processor - INFO - 处理成功: 002415-2026-04-18-海康威视2026年一季度报告.PDF
2026-04-20 13:03:57,995 - comparison_processor_file_only - INFO - 文件处理成功: 002415-2026-04-18-海康威视2026年一季度报告.PDF (耗时: 16.60秒)
2026-04-20 13:03:58,018 - httpx - INFO - HTTP Request: POST https://dashscope.aliyuncs.com/compatible-mode/v1/files "HTTP/1.1 200 OK"
2026-04-20 13:03:58,019 - ai_service_enhanced - INFO - 文件上传成功: E:\Project\主要指标一季报\files\20260417-20260419_130246\300373-2026-04-18-扬杰科技2026年一季度报告.PDF (文件ID: file-fe-de37479d946744c193137f51)
2026-04-20 13:03:58,019 - comparison_processor - INFO - 开始处理文件: 300401-2026-04-18-花园生物2026年一季度报告.PDF (文件ID: file-fe-1ca61d5ac48d48a3a84dc8ed)
2026-04-20 13:03:58,020 - comparison_processor_file_only - INFO - 上传文件: 300373-2026-04-18-扬杰科技2026年一季度报告.PDF (大小: 0.20 MB, ID: file-fe-de37479d946744c193137f51)
2026-04-20 13:03:58,285 - comparison_processor - INFO - 开始处理文件: 300373-2026-04-18-扬杰科技2026年一季度报告.PDF (文件ID: file-fe-de37479d946744c193137f51)
2026-04-20 13:03:58,466 - httpx - INFO - HTTP Request: DELETE https://dashscope.aliyuncs.com/compatible-mode/v1/files/file-fe-fe3deb6f3e4943b2942b7861 "HTTP/1.1 200 OK"
2026-04-20 13:03:58,786 - httpx - INFO - HTTP Request: DELETE https://dashscope.aliyuncs.com/compatible-mode/v1/files/file-fe-522c2eaf5be44243b96d1023 "HTTP/1.1 200 OK"
2026-04-20 13:03:59,903 - httpx - INFO - HTTP Request: POST https://dashscope.aliyuncs.com/compatible-mode/v1/chat/completions "HTTP/1.1 200 OK"
2026-04-20 13:04:00,001 - comparison_processor_file_only - INFO - 找到数据: 002817 2026-04-18 (2条)
2026-04-20 13:04:00,001 - comparison_processor - INFO - 处理成功: 002817-2026-04-18-黄山胶囊2026年一季度报告.PDF
2026-04-20 13:04:00,001 - comparison_processor_file_only - INFO - 文件处理成功: 002817-2026-04-18-黄山胶囊2026年一季度报告.PDF (耗时: 15.71秒)
2026-04-20 13:04:00,144 - httpx - INFO - HTTP Request: POST https://dashscope.aliyuncs.com/compatible-mode/v1/files "HTTP/1.1 200 OK"
2026-04-20 13:04:00,144 - ai_service_enhanced - INFO - 文件上传成功: E:\Project\主要指标一季报\files\20260417-20260419_130246\300855-2026-04-18-图南股份2026年一季度报告.PDF (文件ID: file-fe-4f367f7cee6e4ebfa1880ef6)
2026-04-20 13:04:00,144 - comparison_processor_file_only - INFO - 上传文件: 300855-2026-04-18-图南股份2026年一季度报告.PDF (大小: 0.22 MB, ID: file-fe-4f367f7cee6e4ebfa1880ef6)
2026-04-20 13:04:00,393 - comparison_processor - INFO - 开始处理文件: 300855-2026-04-18-图南股份2026年一季度报告.PDF (文件ID: file-fe-4f367f7cee6e4ebfa1880ef6)
2026-04-20 13:04:00,686 - httpx - INFO - HTTP Request: DELETE https://dashscope.aliyuncs.com/compatible-mode/v1/files/file-fe-87f50946f8a24c48befdecc6 "HTTP/1.1 200 OK"
2026-04-20 13:04:00,699 - httpx - INFO - HTTP Request: POST https://dashscope.aliyuncs.com/compatible-mode/v1/files "HTTP/1.1 200 OK"
2026-04-20 13:04:00,699 - ai_service_enhanced - INFO - 文件上传成功: E:\Project\主要指标一季报\files\20260417-20260419_130246\300653-2026-04-18-正海生物2026年一季度报告.PDF (文件ID: file-fe-77b61ce010504de88e47fc1a)
2026-04-20 13:04:00,700 - comparison_processor_file_only - INFO - 上传文件: 300653-2026-04-18-正海生物2026年一季度报告.PDF (大小: 0.21 MB, ID: file-fe-77b61ce010504de88e47fc1a)
2026-04-20 13:04:00,924 - comparison_processor - INFO - 开始处理文件: 300653-2026-04-18-正海生物2026年一季度报告.PDF (文件ID: file-fe-77b61ce010504de88e47fc1a)
2026-04-20 13:04:01,506 - httpx - INFO - HTTP Request: POST https://dashscope.aliyuncs.com/compatible-mode/v1/chat/completions "HTTP/1.1 200 OK"
2026-04-20 13:04:01,579 - comparison_processor_file_only - INFO - 找到数据: 002917 2026-04-18 (2条)
2026-04-20 13:04:01,579 - comparison_processor - INFO - 处理成功: 002917-2026-04-18-金奥博2026年一季度报告.PDF
2026-04-20 13:04:01,579 - comparison_processor_file_only - INFO - 文件处理成功: 002917-2026-04-18-金奥博2026年一季度报告.PDF (耗时: 16.23秒)
2026-04-20 13:04:02,295 - httpx - INFO - HTTP Request: DELETE https://dashscope.aliyuncs.com/compatible-mode/v1/files/file-fe-34b3589c71f1483a8c9336ae "HTTP/1.1 200 OK"
2026-04-20 13:04:02,322 - httpx - INFO - HTTP Request: POST https://dashscope.aliyuncs.com/compatible-mode/v1/files "HTTP/1.1 200 OK"
2026-04-20 13:04:02,322 - ai_service_enhanced - INFO - 文件上传成功: E:\Project\主要指标一季报\files\20260417-20260419_130246\301223-2026-04-20-中荣股份2026年一季度报告.PDF (文件ID: file-fe-c5dbab8606754fd28651155e)
2026-04-20 13:04:02,322 - comparison_processor_file_only - INFO - 上传文件: 301223-2026-04-20-中荣股份2026年一季度报告.PDF (大小: 0.21 MB, ID: file-fe-c5dbab8606754fd28651155e)
2026-04-20 13:04:02,452 - httpx - INFO - HTTP Request: POST https://dashscope.aliyuncs.com/compatible-mode/v1/files "HTTP/1.1 200 OK"
2026-04-20 13:04:02,453 - ai_service_enhanced - INFO - 文件上传成功: E:\Project\主要指标一季报\files\20260417-20260419_130246\301479-2026-04-20-弘景光电2026年一季度报告.PDF (文件ID: file-fe-13199e4e864246b9997cd035)
2026-04-20 13:04:02,453 - comparison_processor_file_only - INFO - 上传文件: 301479-2026-04-20-弘景光电2026年一季度报告.PDF (大小: 0.31 MB, ID: file-fe-13199e4e864246b9997cd035)
2026-04-20 13:04:02,453 - comparison_processor - INFO - 开始处理文件: 301223-2026-04-20-中荣股份2026年一季度报告.PDF (文件ID: file-fe-c5dbab8606754fd28651155e)
2026-04-20 13:04:02,454 - comparison_processor - INFO - 开始处理文件: 301479-2026-04-20-弘景光电2026年一季度报告.PDF (文件ID: file-fe-13199e4e864246b9997cd035)
2026-04-20 13:04:02,888 - httpx - INFO - HTTP Request: POST https://dashscope.aliyuncs.com/compatible-mode/v1/chat/completions "HTTP/1.1 200 OK"
2026-04-20 13:04:02,970 - comparison_processor_file_only - INFO - 找到数据: 003006 2026-04-18 (2条)
2026-04-20 13:04:02,970 - comparison_processor - INFO - 处理成功: 003006-2026-04-18-百亚股份2026年一季度报告.PDF
2026-04-20 13:04:02,970 - comparison_processor_file_only - INFO - 文件处理成功: 003006-2026-04-18-百亚股份2026年一季度报告.PDF (耗时: 14.73秒)
2026-04-20 13:04:03,197 - httpx - INFO - HTTP Request: POST https://dashscope.aliyuncs.com/compatible-mode/v1/chat/completions "HTTP/1.1 200 OK"
2026-04-20 13:04:03,260 - comparison_processor_file_only - INFO - 找到数据: 002968 2026-04-18 (2条)
2026-04-20 13:04:03,261 - comparison_processor - INFO - 处理成功: 002968-2026-04-18-新大正2026年一季度报告.PDF
2026-04-20 13:04:03,261 - comparison_processor_file_only - INFO - 文件处理成功: 002968-2026-04-18-新大正2026年一季度报告.PDF (耗时: 15.28秒)
2026-04-20 13:04:03,583 - httpx - INFO - HTTP Request: DELETE https://dashscope.aliyuncs.com/compatible-mode/v1/files/file-fe-03511789fb4f46fe943c6e29 "HTTP/1.1 200 OK"
2026-04-20 13:04:03,972 - httpx - INFO - HTTP Request: DELETE https://dashscope.aliyuncs.com/compatible-mode/v1/files/file-fe-0b8fa313848944b4a650cbe0 "HTTP/1.1 200 OK"
2026-04-20 13:04:04,279 - httpx - INFO - HTTP Request: POST https://dashscope.aliyuncs.com/compatible-mode/v1/chat/completions "HTTP/1.1 200 OK"
2026-04-20 13:04:04,346 - comparison_processor_file_only - INFO - 找到数据: 300012 2026-04-20 (2条)
2026-04-20 13:04:04,346 - comparison_processor - INFO - 处理成功: 300012-2026-04-20-华测检测2026年一季度报告.PDF
2026-04-20 13:04:04,346 - comparison_processor_file_only - INFO - 文件处理成功: 300012-2026-04-20-华测检测2026年一季度报告.PDF (耗时: 14.78秒)
2026-04-20 13:04:04,401 - httpx - INFO - HTTP Request: POST https://dashscope.aliyuncs.com/compatible-mode/v1/files "HTTP/1.1 200 OK"
2026-04-20 13:04:04,401 - ai_service_enhanced - INFO - 文件上传成功: E:\Project\主要指标一季报\files\20260417-20260419_130246\600250-2026-04-18-南京商旅南京商旅2026年第一季度报告.PDF (文件ID: file-fe-f7ddfe5c315040e496012714)
2026-04-20 13:04:04,402 - comparison_processor_file_only - INFO - 上传文件: 600250-2026-04-18-南京商旅南京商旅2026年第一季度报告.PDF (大小: 0.12 MB, ID: file-fe-f7ddfe5c315040e496012714)
2026-04-20 13:04:04,431 - httpx - INFO - HTTP Request: POST https://dashscope.aliyuncs.com/compatible-mode/v1/files "HTTP/1.1 200 OK"
2026-04-20 13:04:04,432 - ai_service_enhanced - INFO - 文件上传成功: E:\Project\主要指标一季报\files\20260417-20260419_130246\600674-2026-04-18-川投能源四川川投能源股份有限公司2026年第一季度报告.PDF (文件ID: file-fe-9b02cc1d13e64efc917f8c22)
2026-04-20 13:04:04,432 - comparison_processor_file_only - INFO - 上传文件: 600674-2026-04-18-川投能源四川川投能源股份有限公司2026年第一季度报告.PDF (大小: 0.11 MB, ID: file-fe-9b02cc1d13e64efc917f8c22)
2026-04-20 13:04:04,451 - comparison_processor - INFO - 开始处理文件: 600250-2026-04-18-南京商旅南京商旅2026年第一季度报告.PDF (文件ID: file-fe-f7ddfe5c315040e496012714)
2026-04-20 13:04:04,453 - comparison_processor - INFO - 开始处理文件: 600674-2026-04-18-川投能源四川川投能源股份有限公司2026年第一季度报告.PDF (文件ID: file-fe-9b02cc1d13e64efc917f8c22)
2026-04-20 13:04:04,976 - httpx - INFO - HTTP Request: DELETE https://dashscope.aliyuncs.com/compatible-mode/v1/files/file-fe-42ffd57b56694938859ccedf "HTTP/1.1 200 OK"
2026-04-20 13:04:05,328 - httpx - INFO - HTTP Request: POST https://dashscope.aliyuncs.com/compatible-mode/v1/chat/completions "HTTP/1.1 200 OK"
2026-04-20 13:04:05,386 - comparison_processor_file_only - INFO - 找到数据: 300136 2026-04-18 (2条)
2026-04-20 13:04:05,386 - comparison_processor - INFO - 处理成功: 300136-2026-04-18-信维通信2026年一季度报告.PDF
2026-04-20 13:04:05,386 - comparison_processor_file_only - INFO - 文件处理成功: 300136-2026-04-18-信维通信2026年一季度报告.PDF (耗时: 16.08秒)
2026-04-20 13:04:06,044 - httpx - INFO - HTTP Request: DELETE https://dashscope.aliyuncs.com/compatible-mode/v1/files/file-fe-9d84377e342f474ca2a53626 "HTTP/1.1 200 OK"
2026-04-20 13:04:06,083 - httpx - INFO - HTTP Request: POST https://dashscope.aliyuncs.com/compatible-mode/v1/files "HTTP/1.1 200 OK"
2026-04-20 13:04:06,084 - ai_service_enhanced - INFO - 文件上传成功: E:\Project\主要指标一季报\files\20260417-20260419_130246\600746-2026-04-18-江苏索普江苏索普2026年第一季度报告.PDF (文件ID: file-fe-ee7f32ad519a41ceb2170ae6)
2026-04-20 13:04:06,084 - comparison_processor_file_only - INFO - 上传文件: 600746-2026-04-18-江苏索普江苏索普2026年第一季度报告.PDF (大小: 0.11 MB, ID: file-fe-ee7f32ad519a41ceb2170ae6)
2026-04-20 13:04:06,291 - comparison_processor - INFO - 开始处理文件: 600746-2026-04-18-江苏索普江苏索普2026年第一季度报告.PDF (文件ID: file-fe-ee7f32ad519a41ceb2170ae6)
2026-04-20 13:04:06,309 - httpx - INFO - HTTP Request: POST https://dashscope.aliyuncs.com/compatible-mode/v1/files "HTTP/1.1 200 OK"
2026-04-20 13:04:06,310 - ai_service_enhanced - INFO - 文件上传成功: E:\Project\主要指标一季报\files\20260417-20260419_130246\600763-2026-04-18-通策医疗通策医疗股份有限公司2026年第一季度报告.PDF (文件ID: file-fe-0a9e921daf14473b92327324)
2026-04-20 13:04:06,310 - comparison_processor_file_only - INFO - 上传文件: 600763-2026-04-18-通策医疗通策医疗股份有限公司2026年第一季度报告.PDF (大小: 0.13 MB, ID: file-fe-0a9e921daf14473b92327324)
2026-04-20 13:04:06,555 - comparison_processor - INFO - 开始处理文件: 600763-2026-04-18-通策医疗通策医疗股份有限公司2026年第一季度报告.PDF (文件ID: file-fe-0a9e921daf14473b92327324)
2026-04-20 13:04:07,402 - httpx - INFO - HTTP Request: POST https://dashscope.aliyuncs.com/compatible-mode/v1/chat/completions "HTTP/1.1 200 OK"
2026-04-20 13:04:07,472 - comparison_processor_file_only - INFO - 找到数据: 300188 2026-04-18 (2条)
2026-04-20 13:04:07,472 - comparison_processor - INFO - 处理成功: 300188-2026-04-18-国投智能2026年一季度报告.PDF
2026-04-20 13:04:07,472 - comparison_processor_file_only - INFO - 文件处理成功: 300188-2026-04-18-国投智能2026年一季度报告.PDF (耗时: 15.00秒)
2026-04-20 13:04:08,165 - httpx - INFO - HTTP Request: DELETE https://dashscope.aliyuncs.com/compatible-mode/v1/files/file-fe-b7e017a0772e4719801d25f3 "HTTP/1.1 200 OK"
2026-04-20 13:04:08,319 - httpx - INFO - HTTP Request: POST https://dashscope.aliyuncs.com/compatible-mode/v1/files "HTTP/1.1 200 OK"
2026-04-20 13:04:08,320 - ai_service_enhanced - INFO - 文件上传成功: E:\Project\主要指标一季报\files\20260417-20260419_130246\600936-2026-04-18-北投科技北投科技2026年第一季度报告.PDF (文件ID: file-fe-2a498a1298e8428297dcde03)
2026-04-20 13:04:08,320 - comparison_processor_file_only - INFO - 上传文件: 600936-2026-04-18-北投科技北投科技2026年第一季度报告.PDF (大小: 0.12 MB, ID: file-fe-2a498a1298e8428297dcde03)
2026-04-20 13:04:08,402 - comparison_processor - INFO - 开始处理文件: 600936-2026-04-18-北投科技北投科技2026年第一季度报告.PDF (文件ID: file-fe-2a498a1298e8428297dcde03)
2026-04-20 13:04:08,549 - httpx - INFO - HTTP Request: POST https://dashscope.aliyuncs.com/compatible-mode/v1/files "HTTP/1.1 200 OK"
2026-04-20 13:04:08,549 - ai_service_enhanced - INFO - 文件上传成功: E:\Project\主要指标一季报\files\20260417-20260419_130246\600872-2026-04-18-中炬高新中炬高新2026年第一季度报告.PDF (文件ID: file-fe-8db93636270e404088103422)
2026-04-20 13:04:08,550 - comparison_processor_file_only - INFO - 上传文件: 600872-2026-04-18-中炬高新中炬高新2026年第一季度报告.PDF (大小: 0.13 MB, ID: file-fe-8db93636270e404088103422)
2026-04-20 13:04:08,665 - comparison_processor - INFO - 开始处理文件: 600872-2026-04-18-中炬高新中炬高新2026年第一季度报告.PDF (文件ID: file-fe-8db93636270e404088103422)
2026-04-20 13:04:08,972 - httpx - INFO - HTTP Request: POST https://dashscope.aliyuncs.com/compatible-mode/v1/chat/completions "HTTP/1.1 200 OK"
2026-04-20 13:04:09,040 - comparison_processor_file_only - INFO - 找到数据: 300222 2026-04-18 (2条)
2026-04-20 13:04:09,040 - comparison_processor - INFO - 处理成功: 300222-2026-04-18-科大智能2026年一季度报告.PDF
2026-04-20 13:04:09,040 - comparison_processor_file_only - INFO - 文件处理成功: 300222-2026-04-18-科大智能2026年一季度报告.PDF (耗时: 14.19秒)
2026-04-20 13:04:09,802 - httpx - INFO - HTTP Request: POST https://dashscope.aliyuncs.com/compatible-mode/v1/chat/completions "HTTP/1.1 200 OK"
2026-04-20 13:04:09,848 - httpx - INFO - HTTP Request: DELETE https://dashscope.aliyuncs.com/compatible-mode/v1/files/file-fe-604c8f7345ac4b1dbc2dd193 "HTTP/1.1 200 OK"
2026-04-20 13:04:09,874 - comparison_processor_file_only - INFO - 找到数据: 300184 2026-04-20 (2条)
2026-04-20 13:04:09,875 - comparison_processor - INFO - 处理成功: 300184-2026-04-20-力源信息2026年一季度报告.PDF
2026-04-20 13:04:09,875 - comparison_processor_file_only - INFO - 文件处理成功: 300184-2026-04-20-力源信息2026年一季度报告.PDF (耗时: 16.34秒)
2026-04-20 13:04:10,320 - httpx - INFO - HTTP Request: POST https://dashscope.aliyuncs.com/compatible-mode/v1/files "HTTP/1.1 200 OK"
2026-04-20 13:04:10,320 - ai_service_enhanced - INFO - 文件上传成功: E:\Project\主要指标一季报\files\20260417-20260419_130246\600976-2026-04-18-健民集团健民集团2026年第一季度报告.PDF (文件ID: file-fe-b75ece092e394547878b444c)
2026-04-20 13:04:10,321 - comparison_processor_file_only - INFO - 上传文件: 600976-2026-04-18-健民集团健民集团2026年第一季度报告.PDF (大小: 0.11 MB, ID: file-fe-b75ece092e394547878b444c)
2026-04-20 13:04:10,482 - httpx - INFO - HTTP Request: POST https://dashscope.aliyuncs.com/compatible-mode/v1/files "HTTP/1.1 200 OK"
2026-04-20 13:04:10,483 - ai_service_enhanced - INFO - 文件上传成功: E:\Project\主要指标一季报\files\20260417-20260419_130246\603025-2026-04-20-大豪科技北京大豪科技股份有限公司2026年第一季度报告.PDF (文件ID: file-fe-ddf39d99154b420fb2291007)
2026-04-20 13:04:10,484 - comparison_processor_file_only - INFO - 上传文件: 603025-2026-04-20-大豪科技北京大豪科技股份有限公司2026年第一季度报告.PDF (大小: 0.11 MB, ID: file-fe-ddf39d99154b420fb2291007)
2026-04-20 13:04:10,484 - comparison_processor - INFO - 开始处理文件: 600976-2026-04-18-健民集团健民集团2026年第一季度报告.PDF (文件ID: file-fe-b75ece092e394547878b444c)
2026-04-20 13:04:10,486 - comparison_processor - INFO - 开始处理文件: 603025-2026-04-20-大豪科技北京大豪科技股份有限公司2026年第一季度报告.PDF (文件ID: file-fe-ddf39d99154b420fb2291007)
2026-04-20 13:04:10,505 - httpx - INFO - HTTP Request: POST https://dashscope.aliyuncs.com/compatible-mode/v1/chat/completions "HTTP/1.1 200 OK"
2026-04-20 13:04:10,568 - httpx - INFO - HTTP Request: DELETE https://dashscope.aliyuncs.com/compatible-mode/v1/files/file-fe-9ee3ca71a392488d81029bfe "HTTP/1.1 200 OK"
2026-04-20 13:04:10,576 - comparison_processor_file_only - INFO - 找到数据: 300303 2026-04-18 (2条)
2026-04-20 13:04:10,576 - comparison_processor - INFO - 处理成功: 300303-2026-04-18-聚飞光电2026年一季度报告.PDF
2026-04-20 13:04:10,576 - comparison_processor_file_only - INFO - 文件处理成功: 300303-2026-04-18-聚飞光电2026年一季度报告.PDF (耗时: 13.88秒)
2026-04-20 13:04:11,198 - httpx - INFO - HTTP Request: DELETE https://dashscope.aliyuncs.com/compatible-mode/v1/files/file-fe-e01468772b7c4e7cbf6abdff "HTTP/1.1 200 OK"
2026-04-20 13:04:12,464 - httpx - INFO - HTTP Request: POST https://dashscope.aliyuncs.com/compatible-mode/v1/chat/completions "HTTP/1.1 200 OK"
2026-04-20 13:04:12,549 - comparison_processor_file_only - INFO - 找到数据: 300401 2026-04-18 (2条)
2026-04-20 13:04:12,549 - comparison_processor - INFO - 处理成功: 300401-2026-04-18-花园生物2026年一季度报告.PDF
2026-04-20 13:04:12,550 - comparison_processor_file_only - INFO - 文件处理成功: 300401-2026-04-18-花园生物2026年一季度报告.PDF (耗时: 14.53秒)
2026-04-20 13:04:12,730 - httpx - INFO - HTTP Request: POST https://dashscope.aliyuncs.com/compatible-mode/v1/files "HTTP/1.1 200 OK"
2026-04-20 13:04:12,731 - ai_service_enhanced - INFO - 文件上传成功: E:\Project\主要指标一季报\files\20260417-20260419_130246\603136-2026-04-20-天目湖江苏天目湖旅游股份有限公司2026年第一季度报告.PDF (文件ID: file-fe-b6c58cf940d6423dba8de708)
2026-04-20 13:04:12,731 - comparison_processor_file_only - INFO - 上传文件: 603136-2026-04-20-天目湖江苏天目湖旅游股份有限公司2026年第一季度报告.PDF (大小: 0.11 MB, ID: file-fe-b6c58cf940d6423dba8de708)
2026-04-20 13:04:12,826 - httpx - INFO - HTTP Request: POST https://dashscope.aliyuncs.com/compatible-mode/v1/files "HTTP/1.1 200 OK"
2026-04-20 13:04:12,827 - ai_service_enhanced - INFO - 文件上传成功: E:\Project\主要指标一季报\files\20260417-20260419_130246\603115-2026-04-18-海星股份2026年第一季度报告.PDF (文件ID: file-fe-d959b90a06f44a7e82d2bc5d)
2026-04-20 13:04:12,827 - comparison_processor_file_only - INFO - 上传文件: 603115-2026-04-18-海星股份2026年第一季度报告.PDF (大小: 0.15 MB, ID: file-fe-d959b90a06f44a7e82d2bc5d)
2026-04-20 13:04:12,827 - comparison_processor - INFO - 开始处理文件: 603136-2026-04-20-天目湖江苏天目湖旅游股份有限公司2026年第一季度报告.PDF (文件ID: file-fe-b6c58cf940d6423dba8de708)
2026-04-20 13:04:12,829 - comparison_processor - INFO - 开始处理文件: 603115-2026-04-18-海星股份2026年第一季度报告.PDF (文件ID: file-fe-d959b90a06f44a7e82d2bc5d)
2026-04-20 13:04:13,238 - httpx - INFO - HTTP Request: DELETE https://dashscope.aliyuncs.com/compatible-mode/v1/files/file-fe-1ca61d5ac48d48a3a84dc8ed "HTTP/1.1 200 OK"
2026-04-20 13:04:13,642 - httpx - INFO - HTTP Request: POST https://dashscope.aliyuncs.com/compatible-mode/v1/chat/completions "HTTP/1.1 200 OK"
2026-04-20 13:04:13,720 - comparison_processor_file_only - INFO - 找到数据: 300373 2026-04-18 (2条)
2026-04-20 13:04:13,720 - comparison_processor - INFO - 处理成功: 300373-2026-04-18-扬杰科技2026年一季度报告.PDF
2026-04-20 13:04:13,720 - comparison_processor_file_only - INFO - 文件处理成功: 300373-2026-04-18-扬杰科技2026年一季度报告.PDF (耗时: 15.44秒)
2026-04-20 13:04:14,339 - httpx - INFO - HTTP Request: DELETE https://dashscope.aliyuncs.com/compatible-mode/v1/files/file-fe-de37479d946744c193137f51 "HTTP/1.1 200 OK"
2026-04-20 13:04:14,760 - httpx - INFO - HTTP Request: POST https://dashscope.aliyuncs.com/compatible-mode/v1/files "HTTP/1.1 200 OK"
2026-04-20 13:04:14,761 - ai_service_enhanced - INFO - 文件上传成功: E:\Project\主要指标一季报\files\20260417-20260419_130246\603223-2026-04-18-恒通股份恒通物流股份有限公司2026年第一季度报告.PDF (文件ID: file-fe-0b2154d0ed494f6fba1bdf03)
2026-04-20 13:04:14,761 - comparison_processor_file_only - INFO - 上传文件: 603223-2026-04-18-恒通股份恒通物流股份有限公司2026年第一季度报告.PDF (大小: 0.12 MB, ID: file-fe-0b2154d0ed494f6fba1bdf03)
2026-04-20 13:04:14,938 - comparison_processor - INFO - 开始处理文件: 603223-2026-04-18-恒通股份恒通物流股份有限公司2026年第一季度报告.PDF (文件ID: file-fe-0b2154d0ed494f6fba1bdf03)
2026-04-20 13:04:15,024 - httpx - INFO - HTTP Request: POST https://dashscope.aliyuncs.com/compatible-mode/v1/chat/completions "HTTP/1.1 200 OK"
2026-04-20 13:04:15,089 - comparison_processor_file_only - INFO - 找到数据: 300653 2026-04-18 (2条)
2026-04-20 13:04:15,089 - comparison_processor - INFO - 处理成功: 300653-2026-04-18-正海生物2026年一季度报告.PDF
2026-04-20 13:04:15,089 - comparison_processor_file_only - INFO - 文件处理成功: 300653-2026-04-18-正海生物2026年一季度报告.PDF (耗时: 14.17秒)
2026-04-20 13:04:15,285 - httpx - INFO - HTTP Request: POST https://dashscope.aliyuncs.com/compatible-mode/v1/files "HTTP/1.1 200 OK"
2026-04-20 13:04:15,286 - ai_service_enhanced - INFO - 文件上传成功: E:\Project\主要指标一季报\files\20260417-20260419_130246\603183-2026-04-18-建研院2026年一季度报告.PDF (文件ID: file-fe-5e8851ea649d432aac3319e2)
2026-04-20 13:04:15,286 - comparison_processor_file_only - INFO - 上传文件: 603183-2026-04-18-建研院2026年一季度报告.PDF (大小: 0.13 MB, ID: file-fe-5e8851ea649d432aac3319e2)
2026-04-20 13:04:15,309 - httpx - INFO - HTTP Request: POST https://dashscope.aliyuncs.com/compatible-mode/v1/chat/completions "HTTP/1.1 200 OK"
2026-04-20 13:04:15,382 - comparison_processor_file_only - INFO - 找到数据: 300855 2026-04-18 (2条)
2026-04-20 13:04:15,382 - comparison_processor - INFO - 处理成功: 300855-2026-04-18-图南股份2026年一季度报告.PDF
2026-04-20 13:04:15,382 - comparison_processor_file_only - INFO - 文件处理成功: 300855-2026-04-18-图南股份2026年一季度报告.PDF (耗时: 14.99秒)
2026-04-20 13:04:15,462 - comparison_processor - INFO - 开始处理文件: 603183-2026-04-18-建研院2026年一季度报告.PDF (文件ID: file-fe-5e8851ea649d432aac3319e2)
2026-04-20 13:04:15,834 - httpx - INFO - HTTP Request: DELETE https://dashscope.aliyuncs.com/compatible-mode/v1/files/file-fe-77b61ce010504de88e47fc1a "HTTP/1.1 200 OK"
2026-04-20 13:04:16,050 - httpx - INFO - HTTP Request: DELETE https://dashscope.aliyuncs.com/compatible-mode/v1/files/file-fe-4f367f7cee6e4ebfa1880ef6 "HTTP/1.1 200 OK"
2026-04-20 13:04:16,065 - httpx - INFO - HTTP Request: POST https://dashscope.aliyuncs.com/compatible-mode/v1/chat/completions "HTTP/1.1 200 OK"
2026-04-20 13:04:16,144 - comparison_processor_file_only - INFO - 找到数据: 600250 2026-04-18 (2条)
2026-04-20 13:04:16,144 - comparison_processor - INFO - 处理成功: 600250-2026-04-18-南京商旅南京商旅2026年第一季度报告.PDF
2026-04-20 13:04:16,144 - comparison_processor_file_only - INFO - 文件处理成功: 600250-2026-04-18-南京商旅南京商旅2026年第一季度报告.PDF (耗时: 11.69秒)
2026-04-20 13:04:16,779 - httpx - INFO - HTTP Request: DELETE https://dashscope.aliyuncs.com/compatible-mode/v1/files/file-fe-f7ddfe5c315040e496012714 "HTTP/1.1 200 OK"
2026-04-20 13:04:16,942 - httpx - INFO - HTTP Request: POST https://dashscope.aliyuncs.com/compatible-mode/v1/chat/completions "HTTP/1.1 200 OK"
2026-04-20 13:04:17,025 - comparison_processor_file_only - INFO - 找到数据: 301223 2026-04-20 (2条)
2026-04-20 13:04:17,025 - comparison_processor - INFO - 处理成功: 301223-2026-04-20-中荣股份2026年一季度报告.PDF
2026-04-20 13:04:17,025 - comparison_processor_file_only - INFO - 文件处理成功: 301223-2026-04-20-中荣股份2026年一季度报告.PDF (耗时: 14.57秒)
2026-04-20 13:04:17,056 - httpx - INFO - HTTP Request: POST https://dashscope.aliyuncs.com/compatible-mode/v1/files "HTTP/1.1 200 OK"
2026-04-20 13:04:17,057 - ai_service_enhanced - INFO - 文件上传成功: E:\Project\主要指标一季报\files\20260417-20260419_130246\603595-2026-04-18-ST东尼浙江东尼电子股份有限公司2026年第一季度报告.PDF (文件ID: file-fe-2d0a18903335423ca7401ee5)
2026-04-20 13:04:17,057 - comparison_processor_file_only - INFO - 上传文件: 603595-2026-04-18-ST东尼浙江东尼电子股份有限公司2026年第一季度报告.PDF (大小: 0.15 MB, ID: file-fe-2d0a18903335423ca7401ee5)
2026-04-20 13:04:17,106 - httpx - INFO - HTTP Request: POST https://dashscope.aliyuncs.com/compatible-mode/v1/chat/completions "HTTP/1.1 200 OK"
2026-04-20 13:04:17,168 - comparison_processor_file_only - INFO - 找到数据: 600674 2026-04-18 (2条)
2026-04-20 13:04:17,168 - comparison_processor - INFO - 处理成功: 600674-2026-04-18-川投能源四川川投能源股份有限公司2026年第一季度报告.PDF
2026-04-20 13:04:17,168 - comparison_processor_file_only - INFO - 文件处理成功: 600674-2026-04-18-川投能源四川川投能源股份有限公司2026年第一季度报告.PDF (耗时: 12.72秒)
2026-04-20 13:04:17,315 - comparison_processor - INFO - 开始处理文件: 603595-2026-04-18-ST东尼浙江东尼电子股份有限公司2026年第一季度报告.PDF (文件ID: file-fe-2d0a18903335423ca7401ee5)
2026-04-20 13:04:17,584 - httpx - INFO - HTTP Request: POST https://dashscope.aliyuncs.com/compatible-mode/v1/files "HTTP/1.1 200 OK"
2026-04-20 13:04:17,584 - ai_service_enhanced - INFO - 文件上传成功: E:\Project\主要指标一季报\files\20260417-20260419_130246\603400-2026-04-20-华之杰华之杰2026年第一季度报告.PDF (文件ID: file-fe-4d6c0840792b4634ad733dc0)
2026-04-20 13:04:17,584 - comparison_processor_file_only - INFO - 上传文件: 603400-2026-04-20-华之杰华之杰2026年第一季度报告.PDF (大小: 0.14 MB, ID: file-fe-4d6c0840792b4634ad733dc0)
2026-04-20 13:04:17,639 - httpx - INFO - HTTP Request: POST https://dashscope.aliyuncs.com/compatible-mode/v1/chat/completions "HTTP/1.1 200 OK"
2026-04-20 13:04:17,666 - httpx - INFO - HTTP Request: DELETE https://dashscope.aliyuncs.com/compatible-mode/v1/files/file-fe-c5dbab8606754fd28651155e "HTTP/1.1 200 OK"
2026-04-20 13:04:17,700 - comparison_processor_file_only - INFO - 找到数据: 301479 2026-04-20 (2条)
2026-04-20 13:04:17,701 - comparison_processor - INFO - 处理成功: 301479-2026-04-20-弘景光电2026年一季度报告.PDF
2026-04-20 13:04:17,701 - comparison_processor_file_only - INFO - 文件处理成功: 301479-2026-04-20-弘景光电2026年一季度报告.PDF (耗时: 15.25秒)
2026-04-20 13:04:17,839 - comparison_processor - INFO - 开始处理文件: 603400-2026-04-20-华之杰华之杰2026年第一季度报告.PDF (文件ID: file-fe-4d6c0840792b4634ad733dc0)
2026-04-20 13:04:17,851 - httpx - INFO - HTTP Request: DELETE https://dashscope.aliyuncs.com/compatible-mode/v1/files/file-fe-9b02cc1d13e64efc917f8c22 "HTTP/1.1 200 OK"
2026-04-20 13:04:18,361 - httpx - INFO - HTTP Request: DELETE https://dashscope.aliyuncs.com/compatible-mode/v1/files/file-fe-13199e4e864246b9997cd035 "HTTP/1.1 200 OK"
2026-04-20 13:04:18,657 - httpx - INFO - HTTP Request: POST https://dashscope.aliyuncs.com/compatible-mode/v1/chat/completions "HTTP/1.1 200 OK"
2026-04-20 13:04:18,716 - httpx - INFO - HTTP Request: POST https://dashscope.aliyuncs.com/compatible-mode/v1/chat/completions "HTTP/1.1 200 OK"
2026-04-20 13:04:18,720 - comparison_processor_file_only - INFO - 找到数据: 600763 2026-04-18 (2条)
2026-04-20 13:04:18,720 - comparison_processor - INFO - 处理成功: 600763-2026-04-18-通策医疗通策医疗股份有限公司2026年第一季度报告.PDF
2026-04-20 13:04:18,720 - comparison_processor_file_only - INFO - 文件处理成功: 600763-2026-04-18-通策医疗通策医疗股份有限公司2026年第一季度报告.PDF (耗时: 12.17秒)
2026-04-20 13:04:18,780 - comparison_processor_file_only - INFO - 找到数据: 600746 2026-04-18 (2条)
2026-04-20 13:04:18,781 - comparison_processor - INFO - 处理成功: 600746-2026-04-18-江苏索普江苏索普2026年第一季度报告.PDF
2026-04-20 13:04:18,781 - comparison_processor_file_only - INFO - 文件处理成功: 600746-2026-04-18-江苏索普江苏索普2026年第一季度报告.PDF (耗时: 12.49秒)
2026-04-20 13:04:19,078 - httpx - INFO - HTTP Request: POST https://dashscope.aliyuncs.com/compatible-mode/v1/files "HTTP/1.1 200 OK"
2026-04-20 13:04:19,079 - ai_service_enhanced - INFO - 文件上传成功: E:\Project\主要指标一季报\files\20260417-20260419_130246\603650-2026-04-18-彤程新材彤程新材料集团股份有限公司2026年第一季度报告.PDF (文件ID: file-fe-94f8b621ec164cc7be3f4056)
2026-04-20 13:04:19,079 - comparison_processor_file_only - INFO - 上传文件: 603650-2026-04-18-彤程新材彤程新材料集团股份有限公司2026年第一季度报告.PDF (大小: 0.12 MB, ID: file-fe-94f8b621ec164cc7be3f4056)
2026-04-20 13:04:19,151 - comparison_processor - INFO - 开始处理文件: 603650-2026-04-18-彤程新材彤程新材料集团股份有限公司2026年第一季度报告.PDF (文件ID: file-fe-94f8b621ec164cc7be3f4056)
2026-04-20 13:04:19,183 - httpx - INFO - HTTP Request: POST https://dashscope.aliyuncs.com/compatible-mode/v1/files "HTTP/1.1 200 OK"
2026-04-20 13:04:19,183 - ai_service_enhanced - INFO - 文件上传成功: E:\Project\主要指标一季报\files\20260417-20260419_130246\603708-2026-04-18-家家悦家家悦集团股份有限公司2026年第一季度报告.PDF (文件ID: file-fe-cdb1f2451a8249bcbc29712c)
2026-04-20 13:04:19,183 - comparison_processor_file_only - INFO - 上传文件: 603708-2026-04-18-家家悦家家悦集团股份有限公司2026年第一季度报告.PDF (大小: 0.14 MB, ID: file-fe-cdb1f2451a8249bcbc29712c)
2026-04-20 13:04:19,385 - httpx - INFO - HTTP Request: DELETE https://dashscope.aliyuncs.com/compatible-mode/v1/files/file-fe-0a9e921daf14473b92327324 "HTTP/1.1 200 OK"
2026-04-20 13:04:19,416 - comparison_processor - INFO - 开始处理文件: 603708-2026-04-18-家家悦家家悦集团股份有限公司2026年第一季度报告.PDF (文件ID: file-fe-cdb1f2451a8249bcbc29712c)
2026-04-20 13:04:19,613 - httpx - INFO - HTTP Request: DELETE https://dashscope.aliyuncs.com/compatible-mode/v1/files/file-fe-ee7f32ad519a41ceb2170ae6 "HTTP/1.1 200 OK"
2026-04-20 13:04:21,401 - httpx - INFO - HTTP Request: POST https://dashscope.aliyuncs.com/compatible-mode/v1/chat/completions "HTTP/1.1 200 OK"
2026-04-20 13:04:21,413 - httpx - INFO - HTTP Request: POST https://dashscope.aliyuncs.com/compatible-mode/v1/chat/completions "HTTP/1.1 200 OK"
2026-04-20 13:04:21,539 - comparison_processor_file_only - INFO - 找到数据: 600872 2026-04-18 (2条)
2026-04-20 13:04:21,539 - comparison_processor - INFO - 处理成功: 600872-2026-04-18-中炬高新中炬高新2026年第一季度报告.PDF
2026-04-20 13:04:21,539 - comparison_processor_file_only - INFO - 文件处理成功: 600872-2026-04-18-中炬高新中炬高新2026年第一季度报告.PDF (耗时: 12.87秒)
2026-04-20 13:04:21,556 - comparison_processor_file_only - INFO - 找到数据: 600936 2026-04-18 (2条)
2026-04-20 13:04:21,557 - comparison_processor - INFO - 处理成功: 600936-2026-04-18-北投科技北投科技2026年第一季度报告.PDF
2026-04-20 13:04:21,557 - comparison_processor_file_only - INFO - 文件处理成功: 600936-2026-04-18-北投科技北投科技2026年第一季度报告.PDF (耗时: 13.16秒)
2026-04-20 13:04:21,633 - httpx - INFO - HTTP Request: POST https://dashscope.aliyuncs.com/compatible-mode/v1/files "HTTP/1.1 200 OK"
2026-04-20 13:04:21,633 - ai_service_enhanced - INFO - 文件上传成功: E:\Project\主要指标一季报\files\20260417-20260419_130246\603727-2026-04-18-博迈科博迈科海洋工程股份有限公司2026年第一季度报告.PDF (文件ID: file-fe-a3f27ef9355044a4a1e39107)
2026-04-20 13:04:21,634 - comparison_processor_file_only - INFO - 上传文件: 603727-2026-04-18-博迈科博迈科海洋工程股份有限公司2026年第一季度报告.PDF (大小: 0.19 MB, ID: file-fe-a3f27ef9355044a4a1e39107)
2026-04-20 13:04:21,790 - comparison_processor - INFO - 开始处理文件: 603727-2026-04-18-博迈科博迈科海洋工程股份有限公司2026年第一季度报告.PDF (文件ID: file-fe-a3f27ef9355044a4a1e39107)
2026-04-20 13:04:22,167 - httpx - INFO - HTTP Request: DELETE https://dashscope.aliyuncs.com/compatible-mode/v1/files/file-fe-2a498a1298e8428297dcde03 "HTTP/1.1 200 OK"
2026-04-20 13:04:22,177 - httpx - INFO - HTTP Request: DELETE https://dashscope.aliyuncs.com/compatible-mode/v1/files/file-fe-8db93636270e404088103422 "HTTP/1.1 200 OK"
2026-04-20 13:04:22,383 - httpx - INFO - HTTP Request: POST https://dashscope.aliyuncs.com/compatible-mode/v1/files "HTTP/1.1 200 OK"
2026-04-20 13:04:22,384 - ai_service_enhanced - INFO - 文件上传成功: E:\Project\主要指标一季报\files\20260417-20260419_130246\603758-2026-04-18-秦安股份秦安股份2026年第一季度报告.PDF (文件ID: file-fe-a72648b52d6b42c48b87c3d4)
2026-04-20 13:04:22,384 - comparison_processor_file_only - INFO - 上传文件: 603758-2026-04-18-秦安股份秦安股份2026年第一季度报告.PDF (大小: 0.12 MB, ID: file-fe-a72648b52d6b42c48b87c3d4)
2026-04-20 13:04:22,593 - comparison_processor - INFO - 开始处理文件: 603758-2026-04-18-秦安股份秦安股份2026年第一季度报告.PDF (文件ID: file-fe-a72648b52d6b42c48b87c3d4)
2026-04-20 13:04:22,706 - httpx - INFO - HTTP Request: POST https://dashscope.aliyuncs.com/compatible-mode/v1/chat/completions "HTTP/1.1 200 OK"
2026-04-20 13:04:22,774 - comparison_processor_file_only - INFO - 找到数据: 600976 2026-04-18 (2条)
2026-04-20 13:04:22,775 - comparison_processor - INFO - 处理成功: 600976-2026-04-18-健民集团健民集团2026年第一季度报告.PDF
2026-04-20 13:04:22,775 - comparison_processor_file_only - INFO - 文件处理成功: 600976-2026-04-18-健民集团健民集团2026年第一季度报告.PDF (耗时: 12.29秒)
2026-04-20 13:04:23,317 - httpx - INFO - HTTP Request: POST https://dashscope.aliyuncs.com/compatible-mode/v1/chat/completions "HTTP/1.1 200 OK"
2026-04-20 13:04:23,420 - comparison_processor_file_only - INFO - 找到数据: 603025 2026-04-20 (2条)
2026-04-20 13:04:23,420 - comparison_processor - INFO - 处理成功: 603025-2026-04-20-大豪科技北京大豪科技股份有限公司2026年第一季度报告.PDF
2026-04-20 13:04:23,420 - comparison_processor_file_only - INFO - 文件处理成功: 603025-2026-04-20-大豪科技北京大豪科技股份有限公司2026年第一季度报告.PDF (耗时: 12.93秒)
2026-04-20 13:04:23,523 - httpx - INFO - HTTP Request: DELETE https://dashscope.aliyuncs.com/compatible-mode/v1/files/file-fe-b75ece092e394547878b444c "HTTP/1.1 200 OK"
2026-04-20 13:04:23,937 - httpx - INFO - HTTP Request: POST https://dashscope.aliyuncs.com/compatible-mode/v1/files "HTTP/1.1 200 OK"
2026-04-20 13:04:23,937 - ai_service_enhanced - INFO - 文件上传成功: E:\Project\主要指标一季报\files\20260417-20260419_130246\605007-2026-04-18-五洲特纸五洲特种纸业集团股份有限公司2026年第一季度报告.PDF (文件ID: file-fe-e04033309f6d4eb690987903)
2026-04-20 13:04:23,938 - comparison_processor_file_only - INFO - 上传文件: 605007-2026-04-18-五洲特纸五洲特种纸业集团股份有限公司2026年第一季度报告.PDF (大小: 0.15 MB, ID: file-fe-e04033309f6d4eb690987903)
2026-04-20 13:04:24,174 - comparison_processor - INFO - 开始处理文件: 605007-2026-04-18-五洲特纸五洲特种纸业集团股份有限公司2026年第一季度报告.PDF (文件ID: file-fe-e04033309f6d4eb690987903)
2026-04-20 13:04:24,309 - httpx - INFO - HTTP Request: DELETE https://dashscope.aliyuncs.com/compatible-mode/v1/files/file-fe-ddf39d99154b420fb2291007 "HTTP/1.1 200 OK"
2026-04-20 13:04:24,789 - httpx - INFO - HTTP Request: POST https://dashscope.aliyuncs.com/compatible-mode/v1/chat/completions "HTTP/1.1 200 OK"
2026-04-20 13:04:24,852 - comparison_processor_file_only - INFO - 找到数据: 603136 2026-04-20 (2条)
2026-04-20 13:04:24,852 - comparison_processor - INFO - 处理成功: 603136-2026-04-20-天目湖江苏天目湖旅游股份有限公司2026年第一季度报告.PDF
2026-04-20 13:04:24,852 - comparison_processor_file_only - INFO - 文件处理成功: 603136-2026-04-20-天目湖江苏天目湖旅游股份有限公司2026年第一季度报告.PDF (耗时: 12.02秒)
2026-04-20 13:04:25,442 - httpx - INFO - HTTP Request: POST https://dashscope.aliyuncs.com/compatible-mode/v1/chat/completions "HTTP/1.1 200 OK"
2026-04-20 13:04:25,463 - httpx - INFO - HTTP Request: POST https://dashscope.aliyuncs.com/compatible-mode/v1/files "HTTP/1.1 200 OK"
2026-04-20 13:04:25,464 - ai_service_enhanced - INFO - 文件上传成功: E:\Project\主要指标一季报\files\20260417-20260419_130246\605066-2026-04-18-天正电气2026年第一季度报告.PDF (文件ID: file-fe-bd45acc4abb6457eacc6cb2a)
2026-04-20 13:04:25,464 - comparison_processor_file_only - INFO - 上传文件: 605066-2026-04-18-天正电气2026年第一季度报告.PDF (大小: 0.11 MB, ID: file-fe-bd45acc4abb6457eacc6cb2a)
2026-04-20 13:04:25,478 - httpx - INFO - HTTP Request: POST https://dashscope.aliyuncs.com/compatible-mode/v1/files "HTTP/1.1 200 OK"
2026-04-20 13:04:25,479 - ai_service_enhanced - INFO - 文件上传成功: E:\Project\主要指标一季报\files\20260417-20260419_130246\688048-2026-04-18-长光华芯2026年第一季度报告.PDF (文件ID: file-fe-f2bfd2a8920d448599dba7fb)
2026-04-20 13:04:25,479 - comparison_processor_file_only - INFO - 上传文件: 688048-2026-04-18-长光华芯2026年第一季度报告.PDF (大小: 0.12 MB, ID: file-fe-f2bfd2a8920d448599dba7fb)
2026-04-20 13:04:25,479 - comparison_processor - INFO - 开始处理文件: 605066-2026-04-18-天正电气2026年第一季度报告.PDF (文件ID: file-fe-bd45acc4abb6457eacc6cb2a)
2026-04-20 13:04:25,480 - comparison_processor - INFO - 开始处理文件: 688048-2026-04-18-长光华芯2026年第一季度报告.PDF (文件ID: file-fe-f2bfd2a8920d448599dba7fb)
2026-04-20 13:04:25,496 - httpx - INFO - HTTP Request: DELETE https://dashscope.aliyuncs.com/compatible-mode/v1/files/file-fe-b6c58cf940d6423dba8de708 "HTTP/1.1 200 OK"
2026-04-20 13:04:25,502 - comparison_processor_file_only - INFO - 找到数据: 603115 2026-04-18 (2条)
2026-04-20 13:04:25,502 - comparison_processor - INFO - 处理成功: 603115-2026-04-18-海星股份2026年第一季度报告.PDF
2026-04-20 13:04:25,502 - comparison_processor_file_only - INFO - 文件处理成功: 603115-2026-04-18-海星股份2026年第一季度报告.PDF (耗时: 12.67秒)
2026-04-20 13:04:26,188 - httpx - INFO - HTTP Request: DELETE https://dashscope.aliyuncs.com/compatible-mode/v1/files/file-fe-d959b90a06f44a7e82d2bc5d "HTTP/1.1 200 OK"
2026-04-20 13:04:26,815 - httpx - INFO - HTTP Request: POST https://dashscope.aliyuncs.com/compatible-mode/v1/chat/completions "HTTP/1.1 200 OK"
2026-04-20 13:04:26,877 - comparison_processor_file_only - INFO - 找到数据: 603183 2026-04-18 (2条)
2026-04-20 13:04:26,877 - comparison_processor - INFO - 处理成功: 603183-2026-04-18-建研院2026年一季度报告.PDF
2026-04-20 13:04:26,877 - comparison_processor_file_only - INFO - 文件处理成功: 603183-2026-04-18-建研院2026年一季度报告.PDF (耗时: 11.41秒)
2026-04-20 13:04:27,308 - httpx - INFO - HTTP Request: POST https://dashscope.aliyuncs.com/compatible-mode/v1/chat/completions "HTTP/1.1 200 OK"
2026-04-20 13:04:27,371 - comparison_processor_file_only - INFO - 找到数据: 603223 2026-04-18 (2条)
2026-04-20 13:04:27,371 - comparison_processor - INFO - 处理成功: 603223-2026-04-18-恒通股份恒通物流股份有限公司2026年第一季度报告.PDF
2026-04-20 13:04:27,371 - comparison_processor_file_only - INFO - 文件处理成功: 603223-2026-04-18-恒通股份恒通物流股份有限公司2026年第一季度报告.PDF (耗时: 12.43秒)
2026-04-20 13:04:27,551 - httpx - INFO - HTTP Request: DELETE https://dashscope.aliyuncs.com/compatible-mode/v1/files/file-fe-5e8851ea649d432aac3319e2 "HTTP/1.1 200 OK"
2026-04-20 13:04:27,641 - httpx - INFO - HTTP Request: POST https://dashscope.aliyuncs.com/compatible-mode/v1/files "HTTP/1.1 200 OK"
2026-04-20 13:04:27,642 - ai_service_enhanced - INFO - 文件上传成功: E:\Project\主要指标一季报\files\20260417-20260419_130246\688181-2026-04-18-八亿时空八亿时空2026年第一季度报告.PDF (文件ID: file-fe-a414b2f2b4f6415392348f35)
2026-04-20 13:04:27,642 - comparison_processor_file_only - INFO - 上传文件: 688181-2026-04-18-八亿时空八亿时空2026年第一季度报告.PDF (大小: 0.14 MB, ID: file-fe-a414b2f2b4f6415392348f35)
2026-04-20 13:04:27,666 - httpx - INFO - HTTP Request: POST https://dashscope.aliyuncs.com/compatible-mode/v1/files "HTTP/1.1 200 OK"
2026-04-20 13:04:27,666 - ai_service_enhanced - INFO - 文件上传成功: E:\Project\主要指标一季报\files\20260417-20260419_130246\688093-2026-04-18-世华科技2026年第一季度报告.PDF (文件ID: file-fe-5a71fc6819444bac934fdada)
2026-04-20 13:04:27,667 - comparison_processor_file_only - INFO - 上传文件: 688093-2026-04-18-世华科技2026年第一季度报告.PDF (大小: 0.14 MB, ID: file-fe-5a71fc6819444bac934fdada)
2026-04-20 13:04:27,735 - comparison_processor - INFO - 开始处理文件: 688181-2026-04-18-八亿时空八亿时空2026年第一季度报告.PDF (文件ID: file-fe-a414b2f2b4f6415392348f35)
2026-04-20 13:04:27,736 - comparison_processor - INFO - 开始处理文件: 688093-2026-04-18-世华科技2026年第一季度报告.PDF (文件ID: file-fe-5a71fc6819444bac934fdada)
2026-04-20 13:04:28,053 - httpx - INFO - HTTP Request: DELETE https://dashscope.aliyuncs.com/compatible-mode/v1/files/file-fe-0b2154d0ed494f6fba1bdf03 "HTTP/1.1 200 OK"
2026-04-20 13:04:29,370 - httpx - INFO - HTTP Request: POST https://dashscope.aliyuncs.com/compatible-mode/v1/chat/completions "HTTP/1.1 200 OK"
2026-04-20 13:04:29,431 - comparison_processor_file_only - INFO - 找到数据: 603400 2026-04-20 (2条)
2026-04-20 13:04:29,431 - comparison_processor - INFO - 处理成功: 603400-2026-04-20-华之杰华之杰2026年第一季度报告.PDF
2026-04-20 13:04:29,431 - comparison_processor_file_only - INFO - 文件处理成功: 603400-2026-04-20-华之杰华之杰2026年第一季度报告.PDF (耗时: 11.59秒)
2026-04-20 13:04:29,650 - httpx - INFO - HTTP Request: POST https://dashscope.aliyuncs.com/compatible-mode/v1/chat/completions "HTTP/1.1 200 OK"
2026-04-20 13:04:29,719 - comparison_processor_file_only - INFO - 找到数据: 603595 2026-04-18 (2条)
2026-04-20 13:04:29,719 - comparison_processor - INFO - 处理成功: 603595-2026-04-18-ST东尼浙江东尼电子股份有限公司2026年第一季度报告.PDF
2026-04-20 13:04:29,719 - comparison_processor_file_only - INFO - 文件处理成功: 603595-2026-04-18-ST东尼浙江东尼电子股份有限公司2026年第一季度报告.PDF (耗时: 12.40秒)
2026-04-20 13:04:29,734 - httpx - INFO - HTTP Request: POST https://dashscope.aliyuncs.com/compatible-mode/v1/files "HTTP/1.1 200 OK"
2026-04-20 13:04:29,735 - ai_service_enhanced - INFO - 文件上传成功: E:\Project\主要指标一季报\files\20260417-20260419_130246\688290-2026-04-20-景业智能景业智能2026年第一季度报告.PDF (文件ID: file-fe-c9b9285050cf420a8ba73f41)
2026-04-20 13:04:29,735 - comparison_processor_file_only - INFO - 上传文件: 688290-2026-04-20-景业智能景业智能2026年第一季度报告.PDF (大小: 0.14 MB, ID: file-fe-c9b9285050cf420a8ba73f41)
2026-04-20 13:04:29,841 - comparison_processor - INFO - 开始处理文件: 688290-2026-04-20-景业智能景业智能2026年第一季度报告.PDF (文件ID: file-fe-c9b9285050cf420a8ba73f41)
2026-04-20 13:04:30,118 - httpx - INFO - HTTP Request: DELETE https://dashscope.aliyuncs.com/compatible-mode/v1/files/file-fe-4d6c0840792b4634ad733dc0 "HTTP/1.1 200 OK"
2026-04-20 13:04:30,198 - httpx - INFO - HTTP Request: POST https://dashscope.aliyuncs.com/compatible-mode/v1/files "HTTP/1.1 200 OK"
2026-04-20 13:04:30,198 - ai_service_enhanced - INFO - 文件上传成功: E:\Project\主要指标一季报\files\20260417-20260419_130246\688197-2026-04-18-首药控股首药控股（北京）股份有限公司2026年第一季度报告.PDF (文件ID: file-fe-822d42c0b80d4c8e8b65358d)
2026-04-20 13:04:30,199 - comparison_processor_file_only - INFO - 上传文件: 688197-2026-04-18-首药控股首药控股（北京）股份有限公司2026年第一季度报告.PDF (大小: 0.15 MB, ID: file-fe-822d42c0b80d4c8e8b65358d)
2026-04-20 13:04:30,336 - httpx - INFO - HTTP Request: DELETE https://dashscope.aliyuncs.com/compatible-mode/v1/files/file-fe-2d0a18903335423ca7401ee5 "HTTP/1.1 200 OK"
2026-04-20 13:04:30,371 - comparison_processor - INFO - 开始处理文件: 688197-2026-04-18-首药控股首药控股（北京）股份有限公司2026年第一季度报告.PDF (文件ID: file-fe-822d42c0b80d4c8e8b65358d)
2026-04-20 13:04:31,859 - httpx - INFO - HTTP Request: POST https://dashscope.aliyuncs.com/compatible-mode/v1/files "HTTP/1.1 200 OK"
2026-04-20 13:04:31,860 - ai_service_enhanced - INFO - 文件上传成功: E:\Project\主要指标一季报\files\20260417-20260419_130246\688297-2026-04-18-中无人机中无人机2026年第一季度报告.PDF (文件ID: file-fe-aaa22eae67544c5ea27ec160)
2026-04-20 13:04:31,860 - comparison_processor_file_only - INFO - 上传文件: 688297-2026-04-18-中无人机中无人机2026年第一季度报告.PDF (大小: 0.11 MB, ID: file-fe-aaa22eae67544c5ea27ec160)
2026-04-20 13:04:31,950 - comparison_processor - INFO - 开始处理文件: 688297-2026-04-18-中无人机中无人机2026年第一季度报告.PDF (文件ID: file-fe-aaa22eae67544c5ea27ec160)
2026-04-20 13:04:32,109 - httpx - INFO - HTTP Request: POST https://dashscope.aliyuncs.com/compatible-mode/v1/chat/completions "HTTP/1.1 200 OK"
2026-04-20 13:04:32,169 - comparison_processor_file_only - INFO - 找到数据: 603650 2026-04-18 (2条)
2026-04-20 13:04:32,170 - comparison_processor - INFO - 处理成功: 603650-2026-04-18-彤程新材彤程新材料集团股份有限公司2026年第一季度报告.PDF
2026-04-20 13:04:32,170 - comparison_processor_file_only - INFO - 文件处理成功: 603650-2026-04-18-彤程新材彤程新材料集团股份有限公司2026年第一季度报告.PDF (耗时: 13.02秒)
2026-04-20 13:04:32,335 - httpx - INFO - HTTP Request: POST https://dashscope.aliyuncs.com/compatible-mode/v1/files "HTTP/1.1 200 OK"
2026-04-20 13:04:32,335 - ai_service_enhanced - INFO - 文件上传成功: E:\Project\主要指标一季报\files\20260417-20260419_130246\688313-2026-04-18-仕佳光子2026年一季度报告.PDF (文件ID: file-fe-3715829e705d482bbc6d6e87)
2026-04-20 13:04:32,336 - comparison_processor_file_only - INFO - 上传文件: 688313-2026-04-18-仕佳光子2026年一季度报告.PDF (大小: 0.19 MB, ID: file-fe-3715829e705d482bbc6d6e87)
2026-04-20 13:04:32,363 - httpx - INFO - HTTP Request: POST https://dashscope.aliyuncs.com/compatible-mode/v1/chat/completions "HTTP/1.1 200 OK"
2026-04-20 13:04:32,428 - comparison_processor_file_only - INFO - 找到数据: 603708 2026-04-18 (2条)
2026-04-20 13:04:32,428 - comparison_processor - INFO - 处理成功: 603708-2026-04-18-家家悦家家悦集团股份有限公司2026年第一季度报告.PDF
2026-04-20 13:04:32,428 - comparison_processor_file_only - INFO - 文件处理成功: 603708-2026-04-18-家家悦家家悦集团股份有限公司2026年第一季度报告.PDF (耗时: 13.01秒)
2026-04-20 13:04:32,476 - comparison_processor - INFO - 开始处理文件: 688313-2026-04-18-仕佳光子2026年一季度报告.PDF (文件ID: file-fe-3715829e705d482bbc6d6e87)
2026-04-20 13:04:32,826 - httpx - INFO - HTTP Request: DELETE https://dashscope.aliyuncs.com/compatible-mode/v1/files/file-fe-94f8b621ec164cc7be3f4056 "HTTP/1.1 200 OK"
2026-04-20 13:04:33,205 - httpx - INFO - HTTP Request: DELETE https://dashscope.aliyuncs.com/compatible-mode/v1/files/file-fe-cdb1f2451a8249bcbc29712c "HTTP/1.1 200 OK"
2026-04-20 13:04:33,618 - httpx - INFO - HTTP Request: POST https://dashscope.aliyuncs.com/compatible-mode/v1/chat/completions "HTTP/1.1 200 OK"
2026-04-20 13:04:33,677 - comparison_processor_file_only - INFO - 找到数据: 603758 2026-04-18 (2条)
2026-04-20 13:04:33,677 - comparison_processor - INFO - 处理成功: 603758-2026-04-18-秦安股份秦安股份2026年第一季度报告.PDF
2026-04-20 13:04:33,677 - comparison_processor_file_only - INFO - 文件处理成功: 603758-2026-04-18-秦安股份秦安股份2026年第一季度报告.PDF (耗时: 11.08秒)
2026-04-20 13:04:33,712 - httpx - INFO - HTTP Request: POST https://dashscope.aliyuncs.com/compatible-mode/v1/chat/completions "HTTP/1.1 200 OK"
2026-04-20 13:04:33,773 - comparison_processor_file_only - INFO - 找到数据: 603727 2026-04-18 (2条)
2026-04-20 13:04:33,773 - comparison_processor - INFO - 处理成功: 603727-2026-04-18-博迈科博迈科海洋工程股份有限公司2026年第一季度报告.PDF
2026-04-20 13:04:33,773 - comparison_processor_file_only - INFO - 文件处理成功: 603727-2026-04-18-博迈科博迈科海洋工程股份有限公司2026年第一季度报告.PDF (耗时: 11.98秒)
2026-04-20 13:04:34,084 - httpx - INFO - HTTP Request: POST https://dashscope.aliyuncs.com/compatible-mode/v1/files "HTTP/1.1 200 OK"
2026-04-20 13:04:34,085 - ai_service_enhanced - INFO - 文件上传成功: E:\Project\主要指标一季报\files\20260417-20260419_130246\688352-2026-04-20-颀中科技合肥颀中科技股份有限公司2026年第一季度报告.PDF (文件ID: file-fe-fb25e8c82fa94a9eb401c893)
2026-04-20 13:04:34,085 - comparison_processor_file_only - INFO - 上传文件: 688352-2026-04-20-颀中科技合肥颀中科技股份有限公司2026年第一季度报告.PDF (大小: 0.12 MB, ID: file-fe-fb25e8c82fa94a9eb401c893)
2026-04-20 13:04:34,151 - httpx - INFO - HTTP Request: POST https://dashscope.aliyuncs.com/compatible-mode/v1/files "HTTP/1.1 200 OK"
2026-04-20 13:04:34,151 - ai_service_enhanced - INFO - 文件上传成功: E:\Project\主要指标一季报\files\20260417-20260419_130246\688368-2026-04-18-晶丰明源上海晶丰明源半导体股份有限公司2026年第一季度报告.PDF (文件ID: file-fe-72e2d9f5a61e4760aad7b5a2)
2026-04-20 13:04:34,151 - comparison_processor_file_only - INFO - 上传文件: 688368-2026-04-18-晶丰明源上海晶丰明源半导体股份有限公司2026年第一季度报告.PDF (大小: 0.16 MB, ID: file-fe-72e2d9f5a61e4760aad7b5a2)
2026-04-20 13:04:34,218 - comparison_processor - INFO - 开始处理文件: 688352-2026-04-20-颀中科技合肥颀中科技股份有限公司2026年第一季度报告.PDF (文件ID: file-fe-fb25e8c82fa94a9eb401c893)
2026-04-20 13:04:34,220 - comparison_processor - INFO - 开始处理文件: 688368-2026-04-18-晶丰明源上海晶丰明源半导体股份有限公司2026年第一季度报告.PDF (文件ID: file-fe-72e2d9f5a61e4760aad7b5a2)
2026-04-20 13:04:34,602 - httpx - INFO - HTTP Request: DELETE https://dashscope.aliyuncs.com/compatible-mode/v1/files/file-fe-a3f27ef9355044a4a1e39107 "HTTP/1.1 200 OK"
2026-04-20 13:04:34,652 - httpx - INFO - HTTP Request: DELETE https://dashscope.aliyuncs.com/compatible-mode/v1/files/file-fe-a72648b52d6b42c48b87c3d4 "HTTP/1.1 200 OK"
2026-04-20 13:04:36,134 - httpx - INFO - HTTP Request: POST https://dashscope.aliyuncs.com/compatible-mode/v1/files "HTTP/1.1 200 OK"
2026-04-20 13:04:36,134 - ai_service_enhanced - INFO - 文件上传成功: E:\Project\主要指标一季报\files\20260417-20260419_130246\688508-2026-04-18-芯朋微2026年第一季度报告.PDF (文件ID: file-fe-a1fd616a466c4990b5ed3091)
2026-04-20 13:04:36,134 - comparison_processor_file_only - INFO - 上传文件: 688508-2026-04-18-芯朋微2026年第一季度报告.PDF (大小: 0.15 MB, ID: file-fe-a1fd616a466c4990b5ed3091)
2026-04-20 13:04:36,319 - comparison_processor - INFO - 开始处理文件: 688508-2026-04-18-芯朋微2026年第一季度报告.PDF (文件ID: file-fe-a1fd616a466c4990b5ed3091)
2026-04-20 13:04:36,335 - httpx - INFO - HTTP Request: POST https://dashscope.aliyuncs.com/compatible-mode/v1/files "HTTP/1.1 200 OK"
2026-04-20 13:04:36,336 - ai_service_enhanced - INFO - 文件上传成功: E:\Project\主要指标一季报\files\20260417-20260419_130246\688522-2026-04-18-纳睿雷达广东纳睿雷达科技股份有限公司2026年第一季度报告.PDF (文件ID: file-fe-e0c36b35fbaa492686652358)
2026-04-20 13:04:36,336 - comparison_processor_file_only - INFO - 上传文件: 688522-2026-04-18-纳睿雷达广东纳睿雷达科技股份有限公司2026年第一季度报告.PDF (大小: 0.16 MB, ID: file-fe-e0c36b35fbaa492686652358)
2026-04-20 13:04:36,582 - comparison_processor - INFO - 开始处理文件: 688522-2026-04-18-纳睿雷达广东纳睿雷达科技股份有限公司2026年第一季度报告.PDF (文件ID: file-fe-e0c36b35fbaa492686652358)
2026-04-20 13:04:36,610 - httpx - INFO - HTTP Request: POST https://dashscope.aliyuncs.com/compatible-mode/v1/chat/completions "HTTP/1.1 200 OK"
2026-04-20 13:04:36,689 - comparison_processor_file_only - INFO - 找到数据: 605007 2026-04-18 (2条)
2026-04-20 13:04:36,689 - comparison_processor - INFO - 处理成功: 605007-2026-04-18-五洲特纸五洲特种纸业集团股份有限公司2026年第一季度报告.PDF
2026-04-20 13:04:36,689 - comparison_processor_file_only - INFO - 文件处理成功: 605007-2026-04-18-五洲特纸五洲特种纸业集团股份有限公司2026年第一季度报告.PDF (耗时: 12.52秒)
2026-04-20 13:04:37,015 - httpx - INFO - HTTP Request: POST https://dashscope.aliyuncs.com/compatible-mode/v1/chat/completions "HTTP/1.1 200 OK"
2026-04-20 13:04:37,090 - comparison_processor_file_only - INFO - 找到数据: 688048 2026-04-18 (2条)
2026-04-20 13:04:37,090 - comparison_processor - INFO - 处理成功: 688048-2026-04-18-长光华芯2026年第一季度报告.PDF
2026-04-20 13:04:37,090 - comparison_processor_file_only - INFO - 文件处理成功: 688048-2026-04-18-长光华芯2026年第一季度报告.PDF (耗时: 11.61秒)
2026-04-20 13:04:37,319 - httpx - INFO - HTTP Request: DELETE https://dashscope.aliyuncs.com/compatible-mode/v1/files/file-fe-e04033309f6d4eb690987903 "HTTP/1.1 200 OK"
2026-04-20 13:04:37,752 - httpx - INFO - HTTP Request: DELETE https://dashscope.aliyuncs.com/compatible-mode/v1/files/file-fe-f2bfd2a8920d448599dba7fb "HTTP/1.1 200 OK"
2026-04-20 13:04:38,205 - httpx - INFO - HTTP Request: POST https://dashscope.aliyuncs.com/compatible-mode/v1/chat/completions "HTTP/1.1 200 OK"
2026-04-20 13:04:38,271 - comparison_processor_file_only - INFO - 找到数据: 605066 2026-04-18 (2条)
2026-04-20 13:04:38,271 - comparison_processor - INFO - 处理成功: 605066-2026-04-18-天正电气2026年第一季度报告.PDF
2026-04-20 13:04:38,271 - comparison_processor_file_only - INFO - 文件处理成功: 605066-2026-04-18-天正电气2026年第一季度报告.PDF (耗时: 12.79秒)
2026-04-20 13:04:38,317 - httpx - INFO - HTTP Request: POST https://dashscope.aliyuncs.com/compatible-mode/v1/files "HTTP/1.1 200 OK"
2026-04-20 13:04:38,318 - ai_service_enhanced - INFO - 文件上传成功: E:\Project\主要指标一季报\files\20260417-20260419_130246\688596-2026-04-18-正帆科技2026年第一季度报告.PDF (文件ID: file-fe-7981dc05e4344ad9aaf8ab2a)
2026-04-20 13:04:38,318 - comparison_processor_file_only - INFO - 上传文件: 688596-2026-04-18-正帆科技2026年第一季度报告.PDF (大小: 0.12 MB, ID: file-fe-7981dc05e4344ad9aaf8ab2a)
2026-04-20 13:04:38,441 - comparison_processor - INFO - 开始处理文件: 688596-2026-04-18-正帆科技2026年第一季度报告.PDF (文件ID: file-fe-7981dc05e4344ad9aaf8ab2a)
2026-04-20 13:04:38,493 - httpx - INFO - HTTP Request: POST https://dashscope.aliyuncs.com/compatible-mode/v1/files "HTTP/1.1 200 OK"
2026-04-20 13:04:38,493 - ai_service_enhanced - INFO - 文件上传成功: E:\Project\主要指标一季报\files\20260417-20260419_130246\688606-2026-04-20-奥泰生物2026年第一季度报告.PDF (文件ID: file-fe-c32a8eff7d00424b8d8eb9b3)
2026-04-20 13:04:38,493 - comparison_processor_file_only - INFO - 上传文件: 688606-2026-04-20-奥泰生物2026年第一季度报告.PDF (大小: 0.12 MB, ID: file-fe-c32a8eff7d00424b8d8eb9b3)
2026-04-20 13:04:38,706 - comparison_processor - INFO - 开始处理文件: 688606-2026-04-20-奥泰生物2026年第一季度报告.PDF (文件ID: file-fe-c32a8eff7d00424b8d8eb9b3)
2026-04-20 13:04:38,942 - httpx - INFO - HTTP Request: DELETE https://dashscope.aliyuncs.com/compatible-mode/v1/files/file-fe-bd45acc4abb6457eacc6cb2a "HTTP/1.1 200 OK"
2026-04-20 13:04:39,466 - httpx - INFO - HTTP Request: POST https://dashscope.aliyuncs.com/compatible-mode/v1/chat/completions "HTTP/1.1 200 OK"
2026-04-20 13:04:39,542 - comparison_processor_file_only - INFO - 找到数据: 688181 2026-04-18 (2条)
2026-04-20 13:04:39,542 - comparison_processor - INFO - 处理成功: 688181-2026-04-18-八亿时空八亿时空2026年第一季度报告.PDF
2026-04-20 13:04:39,542 - comparison_processor_file_only - INFO - 文件处理成功: 688181-2026-04-18-八亿时空八亿时空2026年第一季度报告.PDF (耗时: 11.81秒)
2026-04-20 13:04:39,946 - httpx - INFO - HTTP Request: POST https://dashscope.aliyuncs.com/compatible-mode/v1/chat/completions "HTTP/1.1 200 OK"
2026-04-20 13:04:40,019 - comparison_processor_file_only - INFO - 找到数据: 688093 2026-04-18 (2条)
2026-04-20 13:04:40,020 - comparison_processor - INFO - 处理成功: 688093-2026-04-18-世华科技2026年第一季度报告.PDF
2026-04-20 13:04:40,020 - comparison_processor_file_only - INFO - 文件处理成功: 688093-2026-04-18-世华科技2026年第一季度报告.PDF (耗时: 12.28秒)
2026-04-20 13:04:40,153 - httpx - INFO - HTTP Request: POST https://dashscope.aliyuncs.com/compatible-mode/v1/files "HTTP/1.1 200 OK"
2026-04-20 13:04:40,154 - ai_service_enhanced - INFO - 文件上传成功: E:\Project\主要指标一季报\files\20260417-20260419_130246\688646-2026-04-18-ST逸飞逸飞激光2026年第一季度报告.PDF (文件ID: file-fe-353e4b8ad5a447969811ca7a)
2026-04-20 13:04:40,154 - comparison_processor_file_only - INFO - 上传文件: 688646-2026-04-18-ST逸飞逸飞激光2026年第一季度报告.PDF (大小: 0.14 MB, ID: file-fe-353e4b8ad5a447969811ca7a)
2026-04-20 13:04:40,268 - httpx - INFO - HTTP Request: DELETE https://dashscope.aliyuncs.com/compatible-mode/v1/files/file-fe-a414b2f2b4f6415392348f35 "HTTP/1.1 200 OK"
2026-04-20 13:04:40,289 - comparison_processor - INFO - 开始处理文件: 688646-2026-04-18-ST逸飞逸飞激光2026年第一季度报告.PDF (文件ID: file-fe-353e4b8ad5a447969811ca7a)
2026-04-20 13:04:40,432 - httpx - INFO - HTTP Request: POST https://dashscope.aliyuncs.com/compatible-mode/v1/files "HTTP/1.1 200 OK"
2026-04-20 13:04:40,433 - ai_service_enhanced - INFO - 文件上传成功: E:\Project\主要指标一季报\files\20260417-20260419_130246\920016-2026-04-17-中草香料2026年一季度报告.PDF (文件ID: file-fe-4ecaaee689f2445b9c53b4f3)
2026-04-20 13:04:40,433 - comparison_processor_file_only - INFO - 上传文件: 920016-2026-04-17-中草香料2026年一季度报告.PDF (大小: 0.18 MB, ID: file-fe-4ecaaee689f2445b9c53b4f3)
2026-04-20 13:04:40,550 - comparison_processor - INFO - 开始处理文件: 920016-2026-04-17-中草香料2026年一季度报告.PDF (文件ID: file-fe-4ecaaee689f2445b9c53b4f3)
2026-04-20 13:04:40,637 - httpx - INFO - HTTP Request: DELETE https://dashscope.aliyuncs.com/compatible-mode/v1/files/file-fe-5a71fc6819444bac934fdada "HTTP/1.1 200 OK"
2026-04-20 13:04:41,895 - httpx - INFO - HTTP Request: POST https://dashscope.aliyuncs.com/compatible-mode/v1/chat/completions "HTTP/1.1 200 OK"
2026-04-20 13:04:41,956 - comparison_processor_file_only - INFO - 找到数据: 688197 2026-04-18 (2条)
2026-04-20 13:04:41,956 - comparison_processor - INFO - 处理成功: 688197-2026-04-18-首药控股首药控股（北京）股份有限公司2026年第一季度报告.PDF
2026-04-20 13:04:41,956 - comparison_processor_file_only - INFO - 文件处理成功: 688197-2026-04-18-首药控股首药控股（北京）股份有限公司2026年第一季度报告.PDF (耗时: 11.58秒)
2026-04-20 13:04:42,529 - httpx - INFO - HTTP Request: POST https://dashscope.aliyuncs.com/compatible-mode/v1/files "HTTP/1.1 200 OK"
2026-04-20 13:04:42,530 - ai_service_enhanced - INFO - 文件上传成功: E:\Project\主要指标一季报\files\20260417-20260419_130246\920208-2026-04-17-青矩技术2026年一季度报告.PDF (文件ID: file-fe-40151fe2b78444a8b6d047c9)
2026-04-20 13:04:42,530 - comparison_processor_file_only - INFO - 上传文件: 920208-2026-04-17-青矩技术2026年一季度报告.PDF (大小: 0.17 MB, ID: file-fe-40151fe2b78444a8b6d047c9)
2026-04-20 13:04:42,658 - comparison_processor - INFO - 开始处理文件: 920208-2026-04-17-青矩技术2026年一季度报告.PDF (文件ID: file-fe-40151fe2b78444a8b6d047c9)
2026-04-20 13:04:42,689 - httpx - INFO - HTTP Request: POST https://dashscope.aliyuncs.com/compatible-mode/v1/chat/completions "HTTP/1.1 200 OK"
2026-04-20 13:04:42,742 - httpx - INFO - HTTP Request: POST https://dashscope.aliyuncs.com/compatible-mode/v1/files "HTTP/1.1 200 OK"
2026-04-20 13:04:42,743 - ai_service_enhanced - INFO - 文件上传成功: E:\Project\主要指标一季报\files\20260417-20260419_130246\920061-2026-04-17-西磁科技2026年一季度报告.PDF (文件ID: file-fe-484a03f8a20a426ea596b92b)
2026-04-20 13:04:42,743 - comparison_processor_file_only - INFO - 上传文件: 920061-2026-04-17-西磁科技2026年一季度报告.PDF (大小: 0.28 MB, ID: file-fe-484a03f8a20a426ea596b92b)
2026-04-20 13:04:42,750 - comparison_processor_file_only - INFO - 找到数据: 688290 2026-04-20 (2条)
2026-04-20 13:04:42,750 - comparison_processor - INFO - 处理成功: 688290-2026-04-20-景业智能景业智能2026年第一季度报告.PDF
2026-04-20 13:04:42,750 - comparison_processor_file_only - INFO - 文件处理成功: 688290-2026-04-20-景业智能景业智能2026年第一季度报告.PDF (耗时: 12.91秒)
2026-04-20 13:04:42,924 - comparison_processor - INFO - 开始处理文件: 920061-2026-04-17-西磁科技2026年一季度报告.PDF (文件ID: file-fe-484a03f8a20a426ea596b92b)
2026-04-20 13:04:43,051 - httpx - INFO - HTTP Request: DELETE https://dashscope.aliyuncs.com/compatible-mode/v1/files/file-fe-822d42c0b80d4c8e8b65358d "HTTP/1.1 200 OK"
2026-04-20 13:04:43,477 - httpx - INFO - HTTP Request: DELETE https://dashscope.aliyuncs.com/compatible-mode/v1/files/file-fe-c9b9285050cf420a8ba73f41 "HTTP/1.1 200 OK"
2026-04-20 13:04:44,356 - httpx - INFO - HTTP Request: POST https://dashscope.aliyuncs.com/compatible-mode/v1/chat/completions "HTTP/1.1 200 OK"
2026-04-20 13:04:44,432 - comparison_processor_file_only - INFO - 找到数据: 688297 2026-04-18 (2条)
2026-04-20 13:04:44,432 - comparison_processor - INFO - 处理成功: 688297-2026-04-18-中无人机中无人机2026年第一季度报告.PDF
2026-04-20 13:04:44,432 - comparison_processor_file_only - INFO - 文件处理成功: 688297-2026-04-18-中无人机中无人机2026年第一季度报告.PDF (耗时: 12.48秒)
2026-04-20 13:04:44,719 - httpx - INFO - HTTP Request: POST https://dashscope.aliyuncs.com/compatible-mode/v1/files "HTTP/1.1 200 OK"
2026-04-20 13:04:44,720 - ai_service_enhanced - INFO - 文件上传成功: E:\Project\主要指标一季报\files\20260417-20260419_130246\920299-2026-04-17-灿能电力2026年一季度报告.PDF (文件ID: file-fe-5b7bba9225d14dc3abcbf0bb)
2026-04-20 13:04:44,720 - comparison_processor_file_only - INFO - 上传文件: 920299-2026-04-17-灿能电力2026年一季度报告.PDF (大小: 0.21 MB, ID: file-fe-5b7bba9225d14dc3abcbf0bb)
2026-04-20 13:04:44,770 - comparison_processor - INFO - 开始处理文件: 920299-2026-04-17-灿能电力2026年一季度报告.PDF (文件ID: file-fe-5b7bba9225d14dc3abcbf0bb)
2026-04-20 13:04:44,942 - httpx - INFO - HTTP Request: POST https://dashscope.aliyuncs.com/compatible-mode/v1/chat/completions "HTTP/1.1 200 OK"
2026-04-20 13:04:44,953 - httpx - INFO - HTTP Request: POST https://dashscope.aliyuncs.com/compatible-mode/v1/files "HTTP/1.1 200 OK"
2026-04-20 13:04:44,954 - ai_service_enhanced - INFO - 文件上传成功: E:\Project\主要指标一季报\files\20260417-20260419_130246\920339-2026-04-17-恒太照明2026年一季度报告.PDF (文件ID: file-fe-171e929731fc4dcd94d58983)
2026-04-20 13:04:44,954 - comparison_processor_file_only - INFO - 上传文件: 920339-2026-04-17-恒太照明2026年一季度报告.PDF (大小: 0.17 MB, ID: file-fe-171e929731fc4dcd94d58983)
2026-04-20 13:04:45,036 - comparison_processor - INFO - 开始处理文件: 920339-2026-04-17-恒太照明2026年一季度报告.PDF (文件ID: file-fe-171e929731fc4dcd94d58983)
2026-04-20 13:04:45,044 - httpx - INFO - HTTP Request: POST https://dashscope.aliyuncs.com/compatible-mode/v1/chat/completions "HTTP/1.1 200 OK"
2026-04-20 13:04:45,056 - httpx - INFO - HTTP Request: DELETE https://dashscope.aliyuncs.com/compatible-mode/v1/files/file-fe-aaa22eae67544c5ea27ec160 "HTTP/1.1 200 OK"
2026-04-20 13:04:45,076 - comparison_processor_file_only - INFO - 找到数据: 688368 2026-04-18 (2条)
2026-04-20 13:04:45,077 - comparison_processor - INFO - 处理成功: 688368-2026-04-18-晶丰明源上海晶丰明源半导体股份有限公司2026年第一季度报告.PDF
2026-04-20 13:04:45,077 - comparison_processor_file_only - INFO - 文件处理成功: 688368-2026-04-18-晶丰明源上海晶丰明源半导体股份有限公司2026年第一季度报告.PDF (耗时: 10.86秒)
2026-04-20 13:04:45,111 - comparison_processor_file_only - INFO - 找到数据: 688313 2026-04-18 (2条)
2026-04-20 13:04:45,111 - comparison_processor - INFO - 处理成功: 688313-2026-04-18-仕佳光子2026年一季度报告.PDF
2026-04-20 13:04:45,111 - comparison_processor_file_only - INFO - 文件处理成功: 688313-2026-04-18-仕佳光子2026年一季度报告.PDF (耗时: 12.64秒)
2026-04-20 13:04:45,862 - httpx - INFO - HTTP Request: DELETE https://dashscope.aliyuncs.com/compatible-mode/v1/files/file-fe-72e2d9f5a61e4760aad7b5a2 "HTTP/1.1 200 OK"
2026-04-20 13:04:45,869 - httpx - INFO - HTTP Request: DELETE https://dashscope.aliyuncs.com/compatible-mode/v1/files/file-fe-3715829e705d482bbc6d6e87 "HTTP/1.1 200 OK"
2026-04-20 13:04:46,675 - httpx - INFO - HTTP Request: POST https://dashscope.aliyuncs.com/compatible-mode/v1/chat/completions "HTTP/1.1 200 OK"
2026-04-20 13:04:46,735 - comparison_processor_file_only - INFO - 找到数据: 688352 2026-04-20 (2条)
2026-04-20 13:04:46,735 - comparison_processor - INFO - 处理成功: 688352-2026-04-20-颀中科技合肥颀中科技股份有限公司2026年第一季度报告.PDF
2026-04-20 13:04:46,735 - comparison_processor_file_only - INFO - 文件处理成功: 688352-2026-04-20-颀中科技合肥颀中科技股份有限公司2026年第一季度报告.PDF (耗时: 12.52秒)
2026-04-20 13:04:46,876 - httpx - INFO - HTTP Request: POST https://dashscope.aliyuncs.com/compatible-mode/v1/files "HTTP/1.1 200 OK"
2026-04-20 13:04:46,876 - ai_service_enhanced - INFO - 文件上传成功: E:\Project\主要指标一季报\files\20260417-20260419_130246\920726-2026-04-17-朱老六2026年一季度报告.PDF (文件ID: file-fe-22aa2bd5c53a4d2a98351d0a)
2026-04-20 13:04:46,876 - comparison_processor_file_only - INFO - 上传文件: 920726-2026-04-17-朱老六2026年一季度报告.PDF (大小: 0.25 MB, ID: file-fe-22aa2bd5c53a4d2a98351d0a)
2026-04-20 13:04:47,037 - comparison_processor - INFO - 开始处理文件: 920726-2026-04-17-朱老六2026年一季度报告.PDF (文件ID: file-fe-22aa2bd5c53a4d2a98351d0a)
2026-04-20 13:04:47,355 - httpx - INFO - HTTP Request: DELETE https://dashscope.aliyuncs.com/compatible-mode/v1/files/file-fe-fb25e8c82fa94a9eb401c893 "HTTP/1.1 200 OK"
2026-04-20 13:04:48,196 - httpx - INFO - HTTP Request: POST https://dashscope.aliyuncs.com/compatible-mode/v1/chat/completions "HTTP/1.1 200 OK"
2026-04-20 13:04:48,256 - comparison_processor_file_only - INFO - 找到数据: 688508 2026-04-18 (2条)
2026-04-20 13:04:48,256 - comparison_processor - INFO - 处理成功: 688508-2026-04-18-芯朋微2026年第一季度报告.PDF
2026-04-20 13:04:48,256 - comparison_processor_file_only - INFO - 文件处理成功: 688508-2026-04-18-芯朋微2026年第一季度报告.PDF (耗时: 11.94秒)
2026-04-20 13:04:48,414 - httpx - INFO - HTTP Request: POST https://dashscope.aliyuncs.com/compatible-mode/v1/chat/completions "HTTP/1.1 200 OK"
2026-04-20 13:04:48,471 - comparison_processor_file_only - INFO - 找到数据: 688522 2026-04-18 (2条)
2026-04-20 13:04:48,471 - comparison_processor - INFO - 处理成功: 688522-2026-04-18-纳睿雷达广东纳睿雷达科技股份有限公司2026年第一季度报告.PDF
2026-04-20 13:04:48,471 - comparison_processor_file_only - INFO - 文件处理成功: 688522-2026-04-18-纳睿雷达广东纳睿雷达科技股份有限公司2026年第一季度报告.PDF (耗时: 11.89秒)
2026-04-20 13:04:48,919 - httpx - INFO - HTTP Request: DELETE https://dashscope.aliyuncs.com/compatible-mode/v1/files/file-fe-a1fd616a466c4990b5ed3091 "HTTP/1.1 200 OK"
2026-04-20 13:04:49,143 - httpx - INFO - HTTP Request: DELETE https://dashscope.aliyuncs.com/compatible-mode/v1/files/file-fe-e0c36b35fbaa492686652358 "HTTP/1.1 200 OK"
2026-04-20 13:04:50,582 - httpx - INFO - HTTP Request: POST https://dashscope.aliyuncs.com/compatible-mode/v1/chat/completions "HTTP/1.1 200 OK"
2026-04-20 13:04:50,742 - comparison_processor_file_only - INFO - 找到数据: 688596 2026-04-18 (2条)
2026-04-20 13:04:50,743 - comparison_processor - INFO - 处理成功: 688596-2026-04-18-正帆科技2026年第一季度报告.PDF
2026-04-20 13:04:50,743 - comparison_processor_file_only - INFO - 文件处理成功: 688596-2026-04-18-正帆科技2026年第一季度报告.PDF (耗时: 12.30秒)
2026-04-20 13:04:50,775 - httpx - INFO - HTTP Request: POST https://dashscope.aliyuncs.com/compatible-mode/v1/chat/completions "HTTP/1.1 200 OK"
2026-04-20 13:04:50,838 - comparison_processor_file_only - INFO - 找到数据: 688606 2026-04-20 (2条)
2026-04-20 13:04:50,839 - comparison_processor - INFO - 处理成功: 688606-2026-04-20-奥泰生物2026年第一季度报告.PDF
2026-04-20 13:04:50,839 - comparison_processor_file_only - INFO - 文件处理成功: 688606-2026-04-20-奥泰生物2026年第一季度报告.PDF (耗时: 12.13秒)
2026-04-20 13:04:51,446 - httpx - INFO - HTTP Request: DELETE https://dashscope.aliyuncs.com/compatible-mode/v1/files/file-fe-7981dc05e4344ad9aaf8ab2a "HTTP/1.1 200 OK"
2026-04-20 13:04:51,507 - httpx - INFO - HTTP Request: DELETE https://dashscope.aliyuncs.com/compatible-mode/v1/files/file-fe-c32a8eff7d00424b8d8eb9b3 "HTTP/1.1 200 OK"
2026-04-20 13:04:52,943 - httpx - INFO - HTTP Request: POST https://dashscope.aliyuncs.com/compatible-mode/v1/chat/completions "HTTP/1.1 200 OK"
2026-04-20 13:04:53,002 - comparison_processor_file_only - INFO - 找到数据: 688646 2026-04-18 (2条)
2026-04-20 13:04:53,002 - comparison_processor - INFO - 处理成功: 688646-2026-04-18-ST逸飞逸飞激光2026年第一季度报告.PDF
2026-04-20 13:04:53,002 - comparison_processor_file_only - INFO - 文件处理成功: 688646-2026-04-18-ST逸飞逸飞激光2026年第一季度报告.PDF (耗时: 12.71秒)
2026-04-20 13:04:53,749 - httpx - INFO - HTTP Request: DELETE https://dashscope.aliyuncs.com/compatible-mode/v1/files/file-fe-353e4b8ad5a447969811ca7a "HTTP/1.1 200 OK"
2026-04-20 13:04:56,600 - httpx - INFO - HTTP Request: POST https://dashscope.aliyuncs.com/compatible-mode/v1/chat/completions "HTTP/1.1 200 OK"
2026-04-20 13:04:56,662 - comparison_processor_file_only - INFO - 找到数据: 920208 2026-04-17 (2条)
2026-04-20 13:04:56,662 - comparison_processor - INFO - 处理成功: 920208-2026-04-17-青矩技术2026年一季度报告.PDF
2026-04-20 13:04:56,663 - comparison_processor_file_only - INFO - 文件处理成功: 920208-2026-04-17-青矩技术2026年一季度报告.PDF (耗时: 14.00秒)
2026-04-20 13:04:56,820 - httpx - INFO - HTTP Request: POST https://dashscope.aliyuncs.com/compatible-mode/v1/chat/completions "HTTP/1.1 200 OK"
2026-04-20 13:04:56,883 - comparison_processor_file_only - INFO - 找到数据: 920016 2026-04-17 (2条)
2026-04-20 13:04:56,884 - comparison_processor - INFO - 处理成功: 920016-2026-04-17-中草香料2026年一季度报告.PDF
2026-04-20 13:04:56,884 - comparison_processor_file_only - INFO - 文件处理成功: 920016-2026-04-17-中草香料2026年一季度报告.PDF (耗时: 16.33秒)
2026-04-20 13:04:57,298 - httpx - INFO - HTTP Request: DELETE https://dashscope.aliyuncs.com/compatible-mode/v1/files/file-fe-40151fe2b78444a8b6d047c9 "HTTP/1.1 200 OK"
2026-04-20 13:04:57,524 - httpx - INFO - HTTP Request: DELETE https://dashscope.aliyuncs.com/compatible-mode/v1/files/file-fe-4ecaaee689f2445b9c53b4f3 "HTTP/1.1 200 OK"
2026-04-20 13:04:58,373 - httpx - INFO - HTTP Request: POST https://dashscope.aliyuncs.com/compatible-mode/v1/chat/completions "HTTP/1.1 200 OK"
2026-04-20 13:04:58,438 - comparison_processor_file_only - INFO - 找到数据: 920061 2026-04-17 (2条)
2026-04-20 13:04:58,438 - comparison_processor - INFO - 处理成功: 920061-2026-04-17-西磁科技2026年一季度报告.PDF
2026-04-20 13:04:58,438 - comparison_processor_file_only - INFO - 文件处理成功: 920061-2026-04-17-西磁科技2026年一季度报告.PDF (耗时: 15.51秒)
2026-04-20 13:04:59,235 - httpx - INFO - HTTP Request: DELETE https://dashscope.aliyuncs.com/compatible-mode/v1/files/file-fe-484a03f8a20a426ea596b92b "HTTP/1.1 200 OK"
2026-04-20 13:04:59,735 - httpx - INFO - HTTP Request: POST https://dashscope.aliyuncs.com/compatible-mode/v1/chat/completions "HTTP/1.1 200 OK"
2026-04-20 13:04:59,799 - comparison_processor_file_only - INFO - 找到数据: 920299 2026-04-17 (2条)
2026-04-20 13:04:59,799 - comparison_processor - INFO - 处理成功: 920299-2026-04-17-灿能电力2026年一季度报告.PDF
2026-04-20 13:04:59,799 - comparison_processor_file_only - INFO - 文件处理成功: 920299-2026-04-17-灿能电力2026年一季度报告.PDF (耗时: 15.03秒)
2026-04-20 13:05:00,440 - httpx - INFO - HTTP Request: POST https://dashscope.aliyuncs.com/compatible-mode/v1/chat/completions "HTTP/1.1 200 OK"
2026-04-20 13:05:00,502 - comparison_processor_file_only - INFO - 找到数据: 920339 2026-04-17 (2条)
2026-04-20 13:05:00,503 - comparison_processor - INFO - 处理成功: 920339-2026-04-17-恒太照明2026年一季度报告.PDF
2026-04-20 13:05:00,503 - comparison_processor_file_only - INFO - 文件处理成功: 920339-2026-04-17-恒太照明2026年一季度报告.PDF (耗时: 15.47秒)
2026-04-20 13:05:00,561 - httpx - INFO - HTTP Request: DELETE https://dashscope.aliyuncs.com/compatible-mode/v1/files/file-fe-5b7bba9225d14dc3abcbf0bb "HTTP/1.1 200 OK"
2026-04-20 13:05:01,241 - httpx - INFO - HTTP Request: DELETE https://dashscope.aliyuncs.com/compatible-mode/v1/files/file-fe-171e929731fc4dcd94d58983 "HTTP/1.1 200 OK"
2026-04-20 13:05:01,481 - httpx - INFO - HTTP Request: POST https://dashscope.aliyuncs.com/compatible-mode/v1/chat/completions "HTTP/1.1 200 OK"
2026-04-20 13:05:01,541 - comparison_processor_file_only - INFO - 找到数据: 920726 2026-04-17 (2条)
2026-04-20 13:05:01,541 - comparison_processor - INFO - 处理成功: 920726-2026-04-17-朱老六2026年一季度报告.PDF
2026-04-20 13:05:01,542 - comparison_processor_file_only - INFO - 文件处理成功: 920726-2026-04-17-朱老六2026年一季度报告.PDF (耗时: 14.50秒)
2026-04-20 13:05:02,319 - httpx - INFO - HTTP Request: DELETE https://dashscope.aliyuncs.com/compatible-mode/v1/files/file-fe-22aa2bd5c53a4d2a98351d0a "HTTP/1.1 200 OK"
2026-04-20 13:05:02,370 - comparison_processor - INFO - 开始关闭线程池...
2026-04-20 13:05:02,371 - comparison_processor - INFO - 等待 0 个上传任务完成...
2026-04-20 13:05:02,371 - comparison_processor - INFO - 等待 0 个处理任务完成...
2026-04-20 13:05:02,387 - comparison_processor - INFO - 所有线程池已关闭
2026-04-20 13:05:02,388 - __main__ - INFO - 比对处理完成! 共处理 71/71 个文件，耗时: 0:01:39.360937
2026-04-20 13:05:02,591 - __main__ - INFO - 报告已生成: E:\Project\主要指标一季报\reports\主要指标一季报比对报告_130246.xlsx
